station_ID;date;relative_depth;NGF_depth;X_coordonate;Y_coordonate;city
BSS002DPFQ;2016-04-03;1.8;32.29;4.97662354957194;44.0200595244107;MONTEUX
BSS002DPFQ;2016-04-04;1.78;32.31;4.97662354957194;44.0200595244107;MONTEUX
BSS002DPFQ;2016-04-05;1.77;32.32;4.97662354957194;44.0200595244107;MONTEUX
BSS002DPFQ;2016-04-06;1.79;32.3;4.97662354957194;44.0200595244107;MONTEUX
BSS002DPFQ;2016-04-07;1.8;32.29;4.97662354957194;44.0200595244107;MONTEUX
BSS002DPFQ;2016-04-08;1.81;32.28;4.97662354957194;44.0200595244107;MONTEUX
BSS002DPFQ;2016-04-09;1.81;32.28;4.97662354957194;44.0200595244107;MONTEUX
BSS002DPFQ;2016-04-10;1.84;32.25;4.97662354957194;44.0200595244107;MONTEUX
BSS002DPFQ;2016-04-11;1.86;32.23;4.97662354957194;44.0200595244107;MONTEUX
BSS002DPFQ;2016-04-12;1.86;32.23;4.97662354957194;44.0200595244107;MONTEUX
BSS002DPFQ;2016-04-13;1.87;32.22;4.97662354957194;44.0200595244107;MONTEUX
BSS002DPFQ;2016-04-14;1.89;32.2;4.97662354957194;44.0200595244107;MONTEUX
BSS002DPFQ;2016-04-15;1.89;32.2;4.97662354957194;44.0200595244107;MONTEUX
BSS002DPFQ;2016-04-16;1.89;32.2;4.97662354957194;44.0200595244107;MONTEUX
BSS002DPFQ;2016-04-17;1.9;32.19;4.97662354957194;44.0200595244107;MONTEUX
BSS002DPFQ;2016-04-18;1.95;32.14;4.97662354957194;44.0200595244107;MONTEUX
BSS002DPFQ;2016-04-19;1.93;32.16;4.97662354957194;44.0200595244107;MONTEUX
BSS002DPFQ;2016-04-20;1.99;32.1;4.97662354957194;44.0200595244107;MONTEUX
BSS002DPFQ;2016-04-21;2.01;32.08;4.97662354957194;44.0200595244107;MONTEUX
BSS002DPFQ;2016-04-22;2.05;32.04;4.97662354957194;44.0200595244107;MONTEUX
BSS002DPFQ;2016-04-23;2.08;32.01;4.97662354957194;44.0200595244107;MONTEUX
BSS002DPFQ;2016-04-24;2.06;32.03;4.97662354957194;44.0200595244107;MONTEUX
BSS002DPFQ;2016-04-25;2.07;32.02;4.97662354957194;44.0200595244107;MONTEUX
BSS002DPFQ;2016-04-26;2.11;31.98;4.97662354957194;44.0200595244107;MONTEUX
BSS002DPFQ;2016-04-27;2.21;31.88;4.97662354957194;44.0200595244107;MONTEUX
BSS002DPFQ;2016-04-28;2.24;31.85;4.97662354957194;44.0200595244107;MONTEUX
BSS002DPFQ;2016-04-29;2.28;31.81;4.97662354957194;44.0200595244107;MONTEUX
BSS002DPFQ;2016-04-30;2.3;31.79;4.97662354957194;44.0200595244107;MONTEUX
BSS002DPFQ;2016-05-01;2.32;31.77;4.97662354957194;44.0200595244107;MONTEUX
BSS002DPFQ;2016-05-02;2.36;31.73;4.97662354957194;44.0200595244107;MONTEUX
BSS002DPFQ;2016-05-03;2.4;31.69;4.97662354957194;44.0200595244107;MONTEUX
BSS002DPFQ;2016-05-04;2.41;31.68;4.97662354957194;44.0200595244107;MONTEUX
BSS002DPFQ;2016-05-05;2.42;31.67;4.97662354957194;44.0200595244107;MONTEUX
BSS002DPFQ;2016-05-06;2.4;31.69;4.97662354957194;44.0200595244107;MONTEUX
BSS002DPFQ;2016-05-07;2.39;31.7;4.97662354957194;44.0200595244107;MONTEUX
BSS002DPFQ;2016-05-08;2.37;31.72;4.97662354957194;44.0200595244107;MONTEUX
BSS002DPFQ;2016-05-09;2.38;31.71;4.97662354957194;44.0200595244107;MONTEUX
BSS002DPFQ;2016-05-10;2.36;31.73;4.97662354957194;44.0200595244107;MONTEUX
BSS002DPFQ;2016-05-11;2.34;31.75;4.97662354957194;44.0200595244107;MONTEUX
BSS002DPFQ;2016-05-12;2.35;31.74;4.97662354957194;44.0200595244107;MONTEUX
BSS002DPFQ;2016-05-13;2.36;31.73;4.97662354957194;44.0200595244107;MONTEUX
BSS002DPFQ;2016-05-14;2.37;31.72;4.97662354957194;44.0200595244107;MONTEUX
BSS002DPFQ;2016-05-15;2.39;31.7;4.97662354957194;44.0200595244107;MONTEUX
BSS002DPFQ;2016-05-16;2.38;31.71;4.97662354957194;44.0200595244107;MONTEUX
BSS002DPFQ;2016-05-17;2.38;31.71;4.97662354957194;44.0200595244107;MONTEUX
BSS002DPFQ;2016-05-18;2.39;31.7;4.97662354957194;44.0200595244107;MONTEUX
BSS002DPFQ;2016-05-19;2.41;31.68;4.97662354957194;44.0200595244107;MONTEUX
BSS002DPFQ;2016-05-20;2.44;31.65;4.97662354957194;44.0200595244107;MONTEUX
BSS002DPFQ;2016-05-21;2.45;31.64;4.97662354957194;44.0200595244107;MONTEUX
BSS002DPFQ;2016-05-22;2.48;31.61;4.97662354957194;44.0200595244107;MONTEUX
BSS002DPFQ;2016-05-23;2.5;31.59;4.97662354957194;44.0200595244107;MONTEUX
BSS002DPFQ;2016-05-24;2.54;31.55;4.97662354957194;44.0200595244107;MONTEUX
BSS002DPFQ;2016-05-25;2.57;31.52;4.97662354957194;44.0200595244107;MONTEUX
BSS002DPFQ;2016-05-26;2.6;31.49;4.97662354957194;44.0200595244107;MONTEUX
BSS002DPFQ;2016-05-27;2.65;31.44;4.97662354957194;44.0200595244107;MONTEUX
BSS002DPFQ;2016-05-28;2.65;31.44;4.97662354957194;44.0200595244107;MONTEUX
BSS002DPFQ;2016-05-29;2.64;31.45;4.97662354957194;44.0200595244107;MONTEUX
BSS002DPFQ;2016-05-30;2.66;31.43;4.97662354957194;44.0200595244107;MONTEUX
BSS002DPFQ;2016-05-31;2.68;31.41;4.97662354957194;44.0200595244107;MONTEUX
BSS002DPFQ;2016-06-01;2.68;31.41;4.97662354957194;44.0200595244107;MONTEUX
BSS002DPFQ;2016-06-02;2.72;31.37;4.97662354957194;44.0200595244107;MONTEUX
BSS002DPFQ;2016-06-03;2.75;31.34;4.97662354957194;44.0200595244107;MONTEUX
BSS002DPFQ;2016-06-04;2.75;31.34;4.97662354957194;44.0200595244107;MONTEUX
BSS002DPFQ;2016-06-05;2.75;31.34;4.97662354957194;44.0200595244107;MONTEUX
BSS002DPFQ;2016-06-06;2.78;31.31;4.97662354957194;44.0200595244107;MONTEUX
BSS002DPFQ;2016-06-07;2.8;31.29;4.97662354957194;44.0200595244107;MONTEUX
BSS002DPFQ;2016-06-08;2.78;31.31;4.97662354957194;44.0200595244107;MONTEUX
BSS002DPFQ;2016-06-09;2.78;31.31;4.97662354957194;44.0200595244107;MONTEUX
BSS002DPFQ;2016-06-10;2.79;31.3;4.97662354957194;44.0200595244107;MONTEUX
BSS002DPFQ;2016-06-11;2.82;31.27;4.97662354957194;44.0200595244107;MONTEUX
BSS002DPFQ;2016-06-12;2.84;31.25;4.97662354957194;44.0200595244107;MONTEUX
BSS002DPFQ;2016-06-13;2.86;31.23;4.97662354957194;44.0200595244107;MONTEUX
BSS002DPFQ;2016-06-14;2.91;31.18;4.97662354957194;44.0200595244107;MONTEUX
BSS002DPFQ;2016-06-15;2.94;31.15;4.97662354957194;44.0200595244107;MONTEUX
BSS002DPFQ;2016-06-16;2.94;31.15;4.97662354957194;44.0200595244107;MONTEUX
BSS002DPFQ;2016-06-17;2.97;31.12;4.97662354957194;44.0200595244107;MONTEUX
BSS002DPFQ;2016-06-18;3.02;31.07;4.97662354957194;44.0200595244107;MONTEUX
BSS002DPFQ;2016-06-19;3.03;31.06;4.97662354957194;44.0200595244107;MONTEUX
BSS002DPFQ;2016-06-20;3.05;31.04;4.97662354957194;44.0200595244107;MONTEUX
BSS002DPFQ;2016-06-21;3.05;31.04;4.97662354957194;44.0200595244107;MONTEUX
BSS002DPFQ;2016-06-22;3.09;31.0;4.97662354957194;44.0200595244107;MONTEUX
BSS002DPFQ;2016-06-23;3.12;30.97;4.97662354957194;44.0200595244107;MONTEUX
BSS002DPFQ;2016-06-24;3.11;30.98;4.97662354957194;44.0200595244107;MONTEUX
BSS002DPFQ;2016-06-25;3.12;30.97;4.97662354957194;44.0200595244107;MONTEUX
BSS002DPFQ;2016-06-26;3.21;30.88;4.97662354957194;44.0200595244107;MONTEUX
BSS002DPFQ;2016-06-27;3.24;30.85;4.97662354957194;44.0200595244107;MONTEUX
BSS002DPFQ;2016-06-28;3.28;30.81;4.97662354957194;44.0200595244107;MONTEUX
BSS002DPFQ;2016-06-29;3.37;30.72;4.97662354957194;44.0200595244107;MONTEUX
BSS002DPFQ;2016-06-30;3.4;30.69;4.97662354957194;44.0200595244107;MONTEUX
BSS002DPFQ;2016-07-01;3.41;30.68;4.97662354957194;44.0200595244107;MONTEUX
BSS002DPFQ;2016-07-02;3.52;30.57;4.97662354957194;44.0200595244107;MONTEUX
BSS002DPFQ;2016-07-03;3.58;30.51;4.97662354957194;44.0200595244107;MONTEUX
BSS002DPFQ;2016-07-04;3.63;30.46;4.97662354957194;44.0200595244107;MONTEUX
BSS002DPFQ;2016-07-05;3.68;30.41;4.97662354957194;44.0200595244107;MONTEUX
BSS002DPFQ;2016-07-06;3.67;30.42;4.97662354957194;44.0200595244107;MONTEUX
BSS002DPFQ;2016-07-07;3.71;30.38;4.97662354957194;44.0200595244107;MONTEUX
BSS002DPFQ;2016-07-08;3.75;30.34;4.97662354957194;44.0200595244107;MONTEUX
BSS002DPFQ;2016-07-09;3.73;30.36;4.97662354957194;44.0200595244107;MONTEUX
BSS002DPFQ;2016-07-10;3.79;30.3;4.97662354957194;44.0200595244107;MONTEUX
BSS002DPFQ;2016-07-11;3.9;30.19;4.97662354957194;44.0200595244107;MONTEUX
BSS002DPFQ;2016-07-12;3.86;30.23;4.97662354957194;44.0200595244107;MONTEUX
BSS002DPFQ;2016-07-13;3.87;30.22;4.97662354957194;44.0200595244107;MONTEUX
BSS002DPFQ;2016-07-14;3.89;30.2;4.97662354957194;44.0200595244107;MONTEUX
BSS002DPFQ;2016-07-15;3.88;30.21;4.97662354957194;44.0200595244107;MONTEUX
BSS002DPFQ;2016-07-16;3.92;30.17;4.97662354957194;44.0200595244107;MONTEUX
BSS002DPFQ;2016-07-17;4.03;30.06;4.97662354957194;44.0200595244107;MONTEUX
BSS002DPFQ;2016-07-18;4.04;30.05;4.97662354957194;44.0200595244107;MONTEUX
BSS002DPFQ;2016-07-19;4.05;30.04;4.97662354957194;44.0200595244107;MONTEUX
BSS002DPFQ;2016-07-20;4.14;29.95;4.97662354957194;44.0200595244107;MONTEUX
BSS002DPFQ;2016-07-21;4.3;29.79;4.97662354957194;44.0200595244107;MONTEUX
BSS002DPFQ;2016-07-22;4.25;29.84;4.97662354957194;44.0200595244107;MONTEUX
BSS002DPFQ;2016-07-23;4.26;29.83;4.97662354957194;44.0200595244107;MONTEUX
BSS002DPFQ;2016-07-24;4.27;29.82;4.97662354957194;44.0200595244107;MONTEUX
BSS002DPFQ;2016-07-25;4.28;29.81;4.97662354957194;44.0200595244107;MONTEUX
BSS002DPFQ;2016-07-26;4.32;29.77;4.97662354957194;44.0200595244107;MONTEUX
BSS002DPFQ;2016-07-27;4.37;29.72;4.97662354957194;44.0200595244107;MONTEUX
BSS002DPFQ;2016-07-28;4.36;29.73;4.97662354957194;44.0200595244107;MONTEUX
BSS002DPFQ;2016-07-29;4.46;29.63;4.97662354957194;44.0200595244107;MONTEUX
BSS002DPFQ;2016-07-30;4.45;29.64;4.97662354957194;44.0200595244107;MONTEUX
BSS002DPFQ;2016-07-31;4.41;29.68;4.97662354957194;44.0200595244107;MONTEUX
BSS002DPFQ;2016-08-01;4.4;29.69;4.97662354957194;44.0200595244107;MONTEUX
BSS002DPFQ;2016-08-02;4.43;29.66;4.97662354957194;44.0200595244107;MONTEUX
BSS002DPFQ;2016-08-03;4.47;29.62;4.97662354957194;44.0200595244107;MONTEUX
BSS002DPFQ;2016-08-04;4.41;29.68;4.97662354957194;44.0200595244107;MONTEUX
BSS002DPFQ;2016-08-05;4.34;29.75;4.97662354957194;44.0200595244107;MONTEUX
BSS002DPFQ;2016-08-06;4.3;29.79;4.97662354957194;44.0200595244107;MONTEUX
BSS002DPFQ;2016-08-07;4.3;29.79;4.97662354957194;44.0200595244107;MONTEUX
BSS002DPFQ;2016-08-08;4.31;29.78;4.97662354957194;44.0200595244107;MONTEUX
BSS002DPFQ;2016-08-09;4.26;29.83;4.97662354957194;44.0200595244107;MONTEUX
BSS002DPFQ;2016-08-10;4.26;29.83;4.97662354957194;44.0200595244107;MONTEUX
BSS002DPFQ;2016-08-11;4.25;29.84;4.97662354957194;44.0200595244107;MONTEUX
BSS002DPFQ;2016-08-12;4.25;29.84;4.97662354957194;44.0200595244107;MONTEUX
BSS002DPFQ;2016-08-13;4.2;29.89;4.97662354957194;44.0200595244107;MONTEUX
BSS002DPFQ;2016-08-14;4.21;29.88;4.97662354957194;44.0200595244107;MONTEUX
BSS002DPFQ;2016-08-15;4.16;29.93;4.97662354957194;44.0200595244107;MONTEUX
BSS002DPFQ;2016-08-16;4.22;29.87;4.97662354957194;44.0200595244107;MONTEUX
BSS002DPFQ;2016-08-17;4.2;29.89;4.97662354957194;44.0200595244107;MONTEUX
BSS002DPFQ;2016-08-18;4.26;29.83;4.97662354957194;44.0200595244107;MONTEUX
BSS002DPFQ;2016-08-19;4.36;29.73;4.97662354957194;44.0200595244107;MONTEUX
BSS002DPFQ;2016-08-20;4.24;29.85;4.97662354957194;44.0200595244107;MONTEUX
BSS002DPFQ;2016-08-21;4.22;29.87;4.97662354957194;44.0200595244107;MONTEUX
BSS002DPFQ;2016-08-22;4.21;29.88;4.97662354957194;44.0200595244107;MONTEUX
BSS002DPFQ;2016-08-23;4.27;29.82;4.97662354957194;44.0200595244107;MONTEUX
BSS002DPFQ;2016-08-24;4.33;29.76;4.97662354957194;44.0200595244107;MONTEUX
BSS002DPFQ;2016-08-25;4.28;29.81;4.97662354957194;44.0200595244107;MONTEUX
BSS002DPFQ;2016-08-26;4.33;29.76;4.97662354957194;44.0200595244107;MONTEUX
BSS002DPFQ;2016-08-27;4.3;29.79;4.97662354957194;44.0200595244107;MONTEUX
BSS002DPFQ;2016-08-28;4.3;29.79;4.97662354957194;44.0200595244107;MONTEUX
BSS002DPFQ;2016-08-29;4.3;29.79;4.97662354957194;44.0200595244107;MONTEUX
BSS002DPFQ;2016-08-30;4.37;29.72;4.97662354957194;44.0200595244107;MONTEUX
BSS002DPFQ;2016-08-31;4.37;29.72;4.97662354957194;44.0200595244107;MONTEUX
BSS002DPFQ;2016-09-01;4.41;29.68;4.97662354957194;44.0200595244107;MONTEUX
BSS002DPFQ;2016-09-02;4.48;29.61;4.97662354957194;44.0200595244107;MONTEUX
BSS002DPFQ;2016-09-03;4.53;29.56;4.97662354957194;44.0200595244107;MONTEUX
BSS002DPFQ;2016-09-04;4.49;29.6;4.97662354957194;44.0200595244107;MONTEUX
BSS002DPFQ;2016-09-05;4.48;29.61;4.97662354957194;44.0200595244107;MONTEUX
BSS002DPFQ;2016-09-06;4.45;29.64;4.97662354957194;44.0200595244107;MONTEUX
BSS002DPFQ;2016-09-07;4.5;29.59;4.97662354957194;44.0200595244107;MONTEUX
BSS002DPFQ;2016-09-08;4.5;29.59;4.97662354957194;44.0200595244107;MONTEUX
BSS002DPFQ;2016-09-09;4.53;29.56;4.97662354957194;44.0200595244107;MONTEUX
BSS002DPFQ;2016-09-10;4.56;29.53;4.97662354957194;44.0200595244107;MONTEUX
BSS002DPFQ;2016-09-11;4.6;29.49;4.97662354957194;44.0200595244107;MONTEUX
BSS002DPFQ;2016-09-12;4.62;29.47;4.97662354957194;44.0200595244107;MONTEUX
BSS002DPFQ;2016-09-13;4.6;29.49;4.97662354957194;44.0200595244107;MONTEUX
BSS002DPFQ;2016-09-14;4.54;29.55;4.97662354957194;44.0200595244107;MONTEUX
BSS002DPFQ;2016-09-15;4.52;29.57;4.97662354957194;44.0200595244107;MONTEUX
BSS002DPFQ;2016-09-16;4.5;29.59;4.97662354957194;44.0200595244107;MONTEUX
BSS002DPFQ;2016-09-17;4.48;29.61;4.97662354957194;44.0200595244107;MONTEUX
BSS002DPFQ;2016-09-18;4.46;29.63;4.97662354957194;44.0200595244107;MONTEUX
BSS002DPFQ;2016-09-19;4.43;29.66;4.97662354957194;44.0200595244107;MONTEUX
BSS002DPFQ;2016-09-20;4.42;29.67;4.97662354957194;44.0200595244107;MONTEUX
BSS002DPFQ;2016-09-21;4.42;29.67;4.97662354957194;44.0200595244107;MONTEUX
BSS002DPFQ;2016-09-22;4.41;29.68;4.97662354957194;44.0200595244107;MONTEUX
BSS002DPFQ;2016-09-23;4.45;29.64;4.97662354957194;44.0200595244107;MONTEUX
BSS002DPFQ;2016-09-24;4.42;29.67;4.97662354957194;44.0200595244107;MONTEUX
BSS002DPFQ;2016-09-25;4.41;29.68;4.97662354957194;44.0200595244107;MONTEUX
BSS002DPFQ;2016-09-26;4.4;29.69;4.97662354957194;44.0200595244107;MONTEUX
BSS002DPFQ;2016-09-27;4.44;29.65;4.97662354957194;44.0200595244107;MONTEUX
BSS002DPFQ;2016-09-28;4.44;29.65;4.97662354957194;44.0200595244107;MONTEUX
BSS002DPFQ;2016-09-29;4.47;29.62;4.97662354957194;44.0200595244107;MONTEUX
BSS002DPFQ;2016-09-30;4.43;29.66;4.97662354957194;44.0200595244107;MONTEUX
BSS002DPFQ;2016-10-01;4.37;29.72;4.97662354957194;44.0200595244107;MONTEUX
BSS002DPFQ;2016-10-02;4.35;29.74;4.97662354957194;44.0200595244107;MONTEUX
BSS002DPFQ;2016-10-03;4.33;29.76;4.97662354957194;44.0200595244107;MONTEUX
BSS002DPFQ;2016-10-04;4.32;29.77;4.97662354957194;44.0200595244107;MONTEUX
BSS002DPFQ;2016-10-05;4.21;29.88;4.97662354957194;44.0200595244107;MONTEUX
BSS002DPFQ;2016-10-06;4.16;29.93;4.97662354957194;44.0200595244107;MONTEUX
BSS002DPFQ;2016-10-07;4.14;29.95;4.97662354957194;44.0200595244107;MONTEUX
BSS002DPFQ;2016-10-08;4.12;29.97;4.97662354957194;44.0200595244107;MONTEUX
BSS002DPFQ;2016-10-09;4.1;29.99;4.97662354957194;44.0200595244107;MONTEUX
BSS002DPFQ;2016-10-10;4.04;30.05;4.97662354957194;44.0200595244107;MONTEUX
BSS002DPFQ;2016-10-11;3.99;30.1;4.97662354957194;44.0200595244107;MONTEUX
BSS002DPFQ;2016-10-12;3.96;30.13;4.97662354957194;44.0200595244107;MONTEUX
BSS002DPFQ;2016-10-13;3.93;30.16;4.97662354957194;44.0200595244107;MONTEUX
BSS002DPFQ;2016-10-14;3.92;30.17;4.97662354957194;44.0200595244107;MONTEUX
BSS002DPFQ;2016-10-15;3.92;30.17;4.97662354957194;44.0200595244107;MONTEUX
BSS002DPFQ;2016-10-16;3.93;30.16;4.97662354957194;44.0200595244107;MONTEUX
BSS002DPFQ;2016-10-17;3.87;30.22;4.97662354957194;44.0200595244107;MONTEUX
BSS002DPFQ;2016-10-18;3.86;30.23;4.97662354957194;44.0200595244107;MONTEUX
BSS002DPFQ;2016-10-19;3.82;30.27;4.97662354957194;44.0200595244107;MONTEUX
BSS002DPFQ;2016-10-20;3.79;30.3;4.97662354957194;44.0200595244107;MONTEUX
BSS002DPFQ;2016-10-21;3.78;30.31;4.97662354957194;44.0200595244107;MONTEUX
BSS002DPFQ;2016-10-22;3.77;30.32;4.97662354957194;44.0200595244107;MONTEUX
BSS002DPFQ;2016-10-23;3.74;30.35;4.97662354957194;44.0200595244107;MONTEUX
BSS002DPFQ;2016-10-24;3.73;30.36;4.97662354957194;44.0200595244107;MONTEUX
BSS002DPFQ;2016-10-25;3.72;30.37;4.97662354957194;44.0200595244107;MONTEUX
BSS002DPFQ;2016-10-26;3.7;30.39;4.97662354957194;44.0200595244107;MONTEUX
BSS002DPFQ;2016-10-27;3.7;30.39;4.97662354957194;44.0200595244107;MONTEUX
BSS002DPFQ;2016-10-28;3.67;30.42;4.97662354957194;44.0200595244107;MONTEUX
BSS002DPFQ;2016-10-29;3.64;30.45;4.97662354957194;44.0200595244107;MONTEUX
BSS002DPFQ;2016-10-30;3.6;30.49;4.97662354957194;44.0200595244107;MONTEUX
BSS002DPFQ;2016-10-31;3.57;30.52;4.97662354957194;44.0200595244107;MONTEUX
BSS002DPFQ;2016-11-01;3.54;30.55;4.97662354957194;44.0200595244107;MONTEUX
BSS002DPFQ;2016-11-02;3.48;30.61;4.97662354957194;44.0200595244107;MONTEUX
BSS002DPFQ;2016-11-03;3.47;30.62;4.97662354957194;44.0200595244107;MONTEUX
BSS002DPFQ;2016-11-04;3.43;30.66;4.97662354957194;44.0200595244107;MONTEUX
BSS002DPFQ;2016-11-05;3.31;30.78;4.97662354957194;44.0200595244107;MONTEUX
BSS002DPFQ;2016-11-06;3.28;30.81;4.97662354957194;44.0200595244107;MONTEUX
BSS002DPFQ;2016-11-07;3.26;30.83;4.97662354957194;44.0200595244107;MONTEUX
BSS002DPFQ;2016-11-08;3.24;30.85;4.97662354957194;44.0200595244107;MONTEUX
BSS002DPFQ;2016-11-09;3.22;30.87;4.97662354957194;44.0200595244107;MONTEUX
BSS002DPFQ;2016-11-10;3.21;30.88;4.97662354957194;44.0200595244107;MONTEUX
BSS002DPFQ;2016-11-11;3.2;30.89;4.97662354957194;44.0200595244107;MONTEUX
BSS002DPFQ;2016-11-12;3.18;30.91;4.97662354957194;44.0200595244107;MONTEUX
BSS002DPFQ;2016-11-13;3.15;30.94;4.97662354957194;44.0200595244107;MONTEUX
BSS002DPFQ;2016-11-14;3.12;30.97;4.97662354957194;44.0200595244107;MONTEUX
BSS002DPFQ;2016-11-15;2.96;31.13;4.97662354957194;44.0200595244107;MONTEUX
BSS002DPFQ;2016-11-16;2.85;31.24;4.97662354957194;44.0200595244107;MONTEUX
BSS002DPFQ;2016-11-17;2.77;31.32;4.97662354957194;44.0200595244107;MONTEUX
BSS002DPFQ;2016-11-18;2.7;31.39;4.97662354957194;44.0200595244107;MONTEUX
BSS002DPFQ;2016-11-19;2.66;31.43;4.97662354957194;44.0200595244107;MONTEUX
BSS002DPFQ;2016-11-20;2.6;31.49;4.97662354957194;44.0200595244107;MONTEUX
BSS002DPFQ;2016-11-21;2.54;31.55;4.97662354957194;44.0200595244107;MONTEUX
BSS002DPFQ;2016-11-22;2.49;31.6;4.97662354957194;44.0200595244107;MONTEUX
BSS002DPFQ;2016-11-23;2.44;31.65;4.97662354957194;44.0200595244107;MONTEUX
BSS002DPFQ;2016-11-24;2.37;31.72;4.97662354957194;44.0200595244107;MONTEUX
BSS002DPFQ;2016-11-25;2.34;31.75;4.97662354957194;44.0200595244107;MONTEUX
BSS002DPFQ;2016-11-26;2.32;31.77;4.97662354957194;44.0200595244107;MONTEUX
BSS002DPFQ;2016-11-27;2.27;31.82;4.97662354957194;44.0200595244107;MONTEUX
BSS002DPFQ;2016-11-28;2.24;31.85;4.97662354957194;44.0200595244107;MONTEUX
BSS002DPFQ;2016-11-29;2.24;31.85;4.97662354957194;44.0200595244107;MONTEUX
BSS002DPFQ;2016-11-30;2.23;31.86;4.97662354957194;44.0200595244107;MONTEUX
BSS002DPFQ;2016-12-01;2.18;31.91;4.97662354957194;44.0200595244107;MONTEUX
BSS002DPFQ;2016-12-02;2.11;31.98;4.97662354957194;44.0200595244107;MONTEUX
BSS002DPFQ;2016-12-03;2.11;31.98;4.97662354957194;44.0200595244107;MONTEUX
BSS002DPFQ;2016-12-04;2.3;31.79;4.97662354957194;44.0200595244107;MONTEUX
BSS002DPFQ;2016-12-05;2.2;31.89;4.97662354957194;44.0200595244107;MONTEUX
BSS002DPFQ;2016-12-06;2.14;31.95;4.97662354957194;44.0200595244107;MONTEUX
BSS002DPFQ;2016-12-07;2.12;31.97;4.97662354957194;44.0200595244107;MONTEUX
BSS002DPFQ;2016-12-08;2.09;32.0;4.97662354957194;44.0200595244107;MONTEUX
BSS002DPFQ;2016-12-09;2.05;32.04;4.97662354957194;44.0200595244107;MONTEUX
BSS002DPFQ;2016-12-10;2.02;32.07;4.97662354957194;44.0200595244107;MONTEUX
BSS002DPFQ;2016-12-11;1.98;32.11;4.97662354957194;44.0200595244107;MONTEUX
BSS002DPFQ;2016-12-12;1.96;32.13;4.97662354957194;44.0200595244107;MONTEUX
BSS002DPFQ;2016-12-13;1.96;32.13;4.97662354957194;44.0200595244107;MONTEUX
BSS002DPFQ;2016-12-14;1.95;32.14;4.97662354957194;44.0200595244107;MONTEUX
BSS002DPFQ;2016-12-15;1.96;32.13;4.97662354957194;44.0200595244107;MONTEUX
BSS002DPFQ;2016-12-16;1.96;32.13;4.97662354957194;44.0200595244107;MONTEUX
BSS002DPFQ;2016-12-17;1.98;32.11;4.97662354957194;44.0200595244107;MONTEUX
BSS002DPFQ;2016-12-18;1.93;32.16;4.97662354957194;44.0200595244107;MONTEUX
BSS002DPFQ;2016-12-19;1.87;32.22;4.97662354957194;44.0200595244107;MONTEUX
BSS002DPFQ;2016-12-20;1.86;32.23;4.97662354957194;44.0200595244107;MONTEUX
BSS002DPFQ;2016-12-21;1.86;32.23;4.97662354957194;44.0200595244107;MONTEUX
BSS002DPFQ;2016-12-22;1.88;32.21;4.97662354957194;44.0200595244107;MONTEUX
BSS002DPFQ;2016-12-23;1.86;32.23;4.97662354957194;44.0200595244107;MONTEUX
BSS002DPFQ;2016-12-24;1.84;32.25;4.97662354957194;44.0200595244107;MONTEUX
BSS002DPFQ;2016-12-25;1.81;32.28;4.97662354957194;44.0200595244107;MONTEUX
BSS002DPFQ;2016-12-26;1.79;32.3;4.97662354957194;44.0200595244107;MONTEUX
BSS002DPFQ;2016-12-27;1.78;32.31;4.97662354957194;44.0200595244107;MONTEUX
BSS002DPFQ;2016-12-28;1.74;32.35;4.97662354957194;44.0200595244107;MONTEUX
BSS002DPFQ;2016-12-29;1.71;32.38;4.97662354957194;44.0200595244107;MONTEUX
BSS002DPFQ;2016-12-30;1.69;32.4;4.97662354957194;44.0200595244107;MONTEUX
BSS002DPFQ;2016-12-31;1.66;32.43;4.97662354957194;44.0200595244107;MONTEUX
BSS002DPFQ;2017-01-01;1.63;32.46;4.97662354957194;44.0200595244107;MONTEUX
BSS002DPFQ;2017-01-02;1.62;32.47;4.97662354957194;44.0200595244107;MONTEUX
BSS002DPFQ;2017-01-03;1.62;32.47;4.97662354957194;44.0200595244107;MONTEUX
BSS002DPFQ;2017-01-04;1.61;32.48;4.97662354957194;44.0200595244107;MONTEUX
BSS002DPFQ;2017-01-05;1.61;32.48;4.97662354957194;44.0200595244107;MONTEUX
BSS002DPFQ;2017-01-06;1.65;32.44;4.97662354957194;44.0200595244107;MONTEUX
BSS002DPFQ;2017-01-07;1.66;32.43;4.97662354957194;44.0200595244107;MONTEUX
BSS002DPFQ;2017-01-08;1.64;32.45;4.97662354957194;44.0200595244107;MONTEUX
BSS002DPFQ;2017-01-09;1.64;32.45;4.97662354957194;44.0200595244107;MONTEUX
BSS002DPFQ;2017-01-10;1.63;32.46;4.97662354957194;44.0200595244107;MONTEUX
BSS002DPFQ;2017-01-11;1.65;32.44;4.97662354957194;44.0200595244107;MONTEUX
BSS002DPFQ;2017-01-12;1.66;32.43;4.97662354957194;44.0200595244107;MONTEUX
BSS002DPFQ;2017-01-13;1.65;32.44;4.97662354957194;44.0200595244107;MONTEUX
BSS002DPFQ;2017-01-14;1.68;32.41;4.97662354957194;44.0200595244107;MONTEUX
BSS002DPFQ;2017-01-15;1.68;32.41;4.97662354957194;44.0200595244107;MONTEUX
BSS002DPFQ;2017-01-16;1.67;32.42;4.97662354957194;44.0200595244107;MONTEUX
BSS002DPFQ;2017-01-17;1.67;32.42;4.97662354957194;44.0200595244107;MONTEUX
BSS002DPFQ;2017-01-18;1.69;32.4;4.97662354957194;44.0200595244107;MONTEUX
BSS002DPFQ;2017-01-19;1.7;32.39;4.97662354957194;44.0200595244107;MONTEUX
BSS002DPFQ;2017-01-20;1.72;32.37;4.97662354957194;44.0200595244107;MONTEUX
BSS002DPFQ;2017-01-21;1.71;32.38;4.97662354957194;44.0200595244107;MONTEUX
BSS002DPFQ;2017-01-22;1.71;32.38;4.97662354957194;44.0200595244107;MONTEUX
BSS002DPFQ;2017-01-23;1.7;32.39;4.97662354957194;44.0200595244107;MONTEUX
BSS002DPFQ;2017-01-24;1.71;32.38;4.97662354957194;44.0200595244107;MONTEUX
BSS002DPFQ;2017-01-25;1.72;32.37;4.97662354957194;44.0200595244107;MONTEUX
BSS002DPFQ;2017-01-26;1.71;32.38;4.97662354957194;44.0200595244107;MONTEUX
BSS002DPFQ;2017-01-27;1.72;32.37;4.97662354957194;44.0200595244107;MONTEUX
BSS002DPFQ;2017-01-28;1.73;32.36;4.97662354957194;44.0200595244107;MONTEUX
BSS002DPFQ;2017-01-29;1.76;32.33;4.97662354957194;44.0200595244107;MONTEUX
BSS002DPFQ;2017-01-30;1.75;32.34;4.97662354957194;44.0200595244107;MONTEUX
BSS002DPFQ;2017-01-31;1.74;32.35;4.97662354957194;44.0200595244107;MONTEUX
BSS002DPFQ;2017-02-01;1.74;32.35;4.97662354957194;44.0200595244107;MONTEUX
BSS002DPFQ;2017-02-02;1.71;32.38;4.97662354957194;44.0200595244107;MONTEUX
BSS002DPFQ;2017-02-03;1.7;32.39;4.97662354957194;44.0200595244107;MONTEUX
BSS002DPFQ;2017-02-04;1.68;32.41;4.97662354957194;44.0200595244107;MONTEUX
BSS002DPFQ;2017-02-05;1.66;32.43;4.97662354957194;44.0200595244107;MONTEUX
BSS002DPFQ;2017-02-06;1.66;32.43;4.97662354957194;44.0200595244107;MONTEUX
BSS002DPFQ;2017-02-07;1.68;32.41;4.97662354957194;44.0200595244107;MONTEUX
BSS002DPFQ;2017-02-08;1.68;32.41;4.97662354957194;44.0200595244107;MONTEUX
BSS002DPFQ;2017-02-09;1.69;32.4;4.97662354957194;44.0200595244107;MONTEUX
BSS002DPFQ;2017-02-10;1.68;32.41;4.97662354957194;44.0200595244107;MONTEUX
BSS002DPFQ;2017-02-11;1.69;32.4;4.97662354957194;44.0200595244107;MONTEUX
BSS002DPFQ;2017-02-12;1.68;32.41;4.97662354957194;44.0200595244107;MONTEUX
BSS002DPFQ;2017-02-13;1.67;32.42;4.97662354957194;44.0200595244107;MONTEUX
BSS002DPFQ;2017-02-14;1.67;32.42;4.97662354957194;44.0200595244107;MONTEUX
BSS002DPFQ;2017-02-15;1.69;32.4;4.97662354957194;44.0200595244107;MONTEUX
BSS002DPFQ;2017-02-16;1.68;32.41;4.97662354957194;44.0200595244107;MONTEUX
BSS002DPFQ;2017-02-17;1.66;32.43;4.97662354957194;44.0200595244107;MONTEUX
BSS002DPFQ;2017-02-18;1.65;32.44;4.97662354957194;44.0200595244107;MONTEUX
BSS002DPFQ;2017-02-19;1.65;32.44;4.97662354957194;44.0200595244107;MONTEUX
BSS002DPFQ;2017-02-20;1.63;32.46;4.97662354957194;44.0200595244107;MONTEUX
BSS002DPFQ;2017-02-21;1.62;32.47;4.97662354957194;44.0200595244107;MONTEUX
BSS002DPFQ;2017-02-22;1.62;32.47;4.97662354957194;44.0200595244107;MONTEUX
BSS002DPFQ;2017-02-23;1.62;32.47;4.97662354957194;44.0200595244107;MONTEUX
BSS002DPFQ;2017-02-24;1.65;32.44;4.97662354957194;44.0200595244107;MONTEUX
BSS002DPFQ;2017-02-25;1.66;32.43;4.97662354957194;44.0200595244107;MONTEUX
BSS002DPFQ;2017-02-26;1.68;32.41;4.97662354957194;44.0200595244107;MONTEUX
BSS002DPFQ;2017-02-27;1.67;32.42;4.97662354957194;44.0200595244107;MONTEUX
BSS002DPFQ;2017-02-28;1.65;32.44;4.97662354957194;44.0200595244107;MONTEUX
BSS002DPFQ;2017-03-01;1.7;32.39;4.97662354957194;44.0200595244107;MONTEUX
BSS002DPFQ;2017-03-02;1.71;32.38;4.97662354957194;44.0200595244107;MONTEUX
BSS002DPFQ;2017-03-03;1.71;32.38;4.97662354957194;44.0200595244107;MONTEUX
BSS002DPFQ;2017-03-04;1.67;32.42;4.97662354957194;44.0200595244107;MONTEUX
BSS002DPFQ;2017-03-05;1.73;32.36;4.97662354957194;44.0200595244107;MONTEUX
BSS002DPFQ;2017-03-06;1.73;32.36;4.97662354957194;44.0200595244107;MONTEUX
BSS002DPFQ;2017-03-07;1.75;32.34;4.97662354957194;44.0200595244107;MONTEUX
BSS002DPFQ;2017-03-08;1.76;32.33;4.97662354957194;44.0200595244107;MONTEUX
BSS002DPFQ;2017-03-09;1.78;32.31;4.97662354957194;44.0200595244107;MONTEUX
BSS002DPFQ;2017-03-10;1.8;32.29;4.97662354957194;44.0200595244107;MONTEUX
BSS002DPFQ;2017-03-11;1.79;32.3;4.97662354957194;44.0200595244107;MONTEUX
BSS002DPFQ;2017-03-12;1.76;32.33;4.97662354957194;44.0200595244107;MONTEUX
BSS002DPFQ;2017-03-13;1.77;32.32;4.97662354957194;44.0200595244107;MONTEUX
BSS002DPFQ;2017-03-14;1.8;32.29;4.97662354957194;44.0200595244107;MONTEUX
BSS002DPFQ;2017-03-15;1.79;32.3;4.97662354957194;44.0200595244107;MONTEUX
BSS002DPFQ;2017-03-16;1.78;32.31;4.97662354957194;44.0200595244107;MONTEUX
BSS002DPFQ;2017-03-17;1.8;32.29;4.97662354957194;44.0200595244107;MONTEUX
BSS002DPFQ;2017-03-18;1.84;32.25;4.97662354957194;44.0200595244107;MONTEUX
BSS002DPFQ;2017-03-19;1.85;32.24;4.97662354957194;44.0200595244107;MONTEUX
BSS002DPFQ;2017-03-20;1.86;32.23;4.97662354957194;44.0200595244107;MONTEUX
BSS002DPFQ;2017-03-21;1.87;32.22;4.97662354957194;44.0200595244107;MONTEUX
BSS002DPFQ;2017-03-22;1.88;32.21;4.97662354957194;44.0200595244107;MONTEUX
BSS002DPFQ;2017-03-23;1.89;32.2;4.97662354957194;44.0200595244107;MONTEUX
BSS002DPFQ;2017-03-24;1.9;32.19;4.97662354957194;44.0200595244107;MONTEUX
BSS002DPFQ;2017-03-25;1.88;32.21;4.97662354957194;44.0200595244107;MONTEUX
BSS002DPFQ;2017-03-26;1.88;32.21;4.97662354957194;44.0200595244107;MONTEUX
BSS002DPFQ;2017-03-27;1.88;32.21;4.97662354957194;44.0200595244107;MONTEUX
BSS002DPFQ;2017-03-28;1.88;32.21;4.97662354957194;44.0200595244107;MONTEUX
BSS002DPFQ;2017-03-29;1.88;32.21;4.97662354957194;44.0200595244107;MONTEUX
BSS002DPFQ;2017-03-30;1.89;32.2;4.97662354957194;44.0200595244107;MONTEUX
BSS002DPFQ;2017-03-31;1.88;32.21;4.97662354957194;44.0200595244107;MONTEUX
BSS002DPFQ;2017-04-01;1.85;32.24;4.97662354957194;44.0200595244107;MONTEUX
BSS002DPFQ;2017-04-02;1.83;32.26;4.97662354957194;44.0200595244107;MONTEUX
BSS002DPFQ;2017-04-03;1.84;32.25;4.97662354957194;44.0200595244107;MONTEUX
BSS002DPFQ;2017-04-04;1.83;32.26;4.97662354957194;44.0200595244107;MONTEUX
BSS002DPFQ;2017-04-05;1.83;32.26;4.97662354957194;44.0200595244107;MONTEUX
BSS002DPFQ;2017-04-06;1.84;32.25;4.97662354957194;44.0200595244107;MONTEUX
BSS002DPFQ;2017-04-07;1.84;32.25;4.97662354957194;44.0200595244107;MONTEUX
BSS002DPFQ;2017-04-08;1.95;32.14;4.97662354957194;44.0200595244107;MONTEUX
BSS002DPFQ;2017-04-09;2.02;32.07;4.97662354957194;44.0200595244107;MONTEUX
BSS002DPFQ;2017-04-10;2.04;32.05;4.97662354957194;44.0200595244107;MONTEUX
BSS002DPFQ;2017-04-11;2.02;32.07;4.97662354957194;44.0200595244107;MONTEUX
BSS002DPFQ;2017-04-12;2.01;32.08;4.97662354957194;44.0200595244107;MONTEUX
BSS002DPFQ;2017-04-13;2.06;32.03;4.97662354957194;44.0200595244107;MONTEUX
BSS002DPFQ;2017-04-14;2.07;32.02;4.97662354957194;44.0200595244107;MONTEUX
BSS002DPFQ;2017-04-15;2.09;32.0;4.97662354957194;44.0200595244107;MONTEUX
BSS002DPFQ;2017-04-16;2.08;32.01;4.97662354957194;44.0200595244107;MONTEUX
BSS002DPFQ;2017-04-17;2.08;32.01;4.97662354957194;44.0200595244107;MONTEUX
BSS002DPFQ;2017-04-18;2.01;32.08;4.97662354957194;44.0200595244107;MONTEUX
BSS002DPFQ;2017-04-19;2.0;32.09;4.97662354957194;44.0200595244107;MONTEUX
BSS002DPFQ;2017-04-20;2.1;31.99;4.97662354957194;44.0200595244107;MONTEUX
BSS002DPFQ;2017-04-21;2.12;31.97;4.97662354957194;44.0200595244107;MONTEUX
BSS002DPFQ;2017-04-22;2.15;31.94;4.97662354957194;44.0200595244107;MONTEUX
BSS002DPFQ;2017-04-23;2.14;31.95;4.97662354957194;44.0200595244107;MONTEUX
BSS002DPFQ;2017-04-24;2.16;31.93;4.97662354957194;44.0200595244107;MONTEUX
BSS002DPFQ;2017-04-25;2.18;31.91;4.97662354957194;44.0200595244107;MONTEUX
BSS002DPFQ;2017-04-26;2.18;31.91;4.97662354957194;44.0200595244107;MONTEUX
BSS002DPFQ;2017-04-27;2.18;31.91;4.97662354957194;44.0200595244107;MONTEUX
BSS002DPFQ;2017-04-28;2.2;31.89;4.97662354957194;44.0200595244107;MONTEUX
BSS002DPFQ;2017-04-29;2.24;31.85;4.97662354957194;44.0200595244107;MONTEUX
BSS002DPFQ;2017-04-30;2.24;31.85;4.97662354957194;44.0200595244107;MONTEUX
BSS002DPFQ;2017-05-01;2.26;31.83;4.97662354957194;44.0200595244107;MONTEUX
BSS002DPFQ;2017-05-02;2.25;31.84;4.97662354957194;44.0200595244107;MONTEUX
BSS002DPFQ;2017-05-03;2.24;31.85;4.97662354957194;44.0200595244107;MONTEUX
BSS002DPFQ;2017-05-04;2.24;31.85;4.97662354957194;44.0200595244107;MONTEUX
BSS002DPFQ;2017-05-05;2.23;31.86;4.97662354957194;44.0200595244107;MONTEUX
BSS002DPFQ;2017-05-06;2.23;31.86;4.97662354957194;44.0200595244107;MONTEUX
BSS002DPFQ;2017-05-07;2.23;31.86;4.97662354957194;44.0200595244107;MONTEUX
BSS002DPFQ;2017-05-08;2.22;31.87;4.97662354957194;44.0200595244107;MONTEUX
BSS002DPFQ;2017-05-09;2.19;31.9;4.97662354957194;44.0200595244107;MONTEUX
BSS002DPFQ;2017-05-10;2.19;31.9;4.97662354957194;44.0200595244107;MONTEUX
BSS002DPFQ;2017-05-11;2.17;31.92;4.97662354957194;44.0200595244107;MONTEUX
BSS002DPFQ;2017-05-12;2.17;31.92;4.97662354957194;44.0200595244107;MONTEUX
BSS002DPFQ;2017-05-13;2.22;31.87;4.97662354957194;44.0200595244107;MONTEUX
BSS002DPFQ;2017-05-14;2.23;31.86;4.97662354957194;44.0200595244107;MONTEUX
BSS002DPFQ;2017-05-15;2.28;31.81;4.97662354957194;44.0200595244107;MONTEUX
BSS002DPFQ;2017-05-16;2.27;31.82;4.97662354957194;44.0200595244107;MONTEUX
BSS002DPFQ;2017-05-17;2.27;31.82;4.97662354957194;44.0200595244107;MONTEUX
BSS002DPFQ;2017-05-18;2.26;31.83;4.97662354957194;44.0200595244107;MONTEUX
BSS002DPFQ;2017-05-19;2.25;31.84;4.97662354957194;44.0200595244107;MONTEUX
BSS002DPFQ;2017-05-20;2.28;31.81;4.97662354957194;44.0200595244107;MONTEUX
BSS002DPFQ;2017-05-21;2.28;31.81;4.97662354957194;44.0200595244107;MONTEUX
BSS002DPFQ;2017-05-22;2.31;31.78;4.97662354957194;44.0200595244107;MONTEUX
BSS002DPFQ;2017-05-23;2.31;31.78;4.97662354957194;44.0200595244107;MONTEUX
BSS002DPFQ;2017-05-24;2.31;31.78;4.97662354957194;44.0200595244107;MONTEUX
BSS002DPFQ;2017-05-25;2.37;31.72;4.97662354957194;44.0200595244107;MONTEUX
BSS002DPFQ;2017-05-26;2.38;31.71;4.97662354957194;44.0200595244107;MONTEUX
BSS002DPFQ;2017-05-27;2.41;31.68;4.97662354957194;44.0200595244107;MONTEUX
BSS002DPFQ;2017-05-28;2.51;31.58;4.97662354957194;44.0200595244107;MONTEUX
BSS002DPFQ;2017-05-29;2.47;31.62;4.97662354957194;44.0200595244107;MONTEUX
BSS002DPFQ;2017-05-30;2.47;31.62;4.97662354957194;44.0200595244107;MONTEUX
BSS002DPFQ;2017-05-31;2.46;31.63;4.97662354957194;44.0200595244107;MONTEUX
BSS002DPFQ;2017-06-01;2.5;31.59;4.97662354957194;44.0200595244107;MONTEUX
BSS002DPFQ;2017-06-02;2.51;31.58;4.97662354957194;44.0200595244107;MONTEUX
BSS002DPFQ;2017-06-03;2.55;31.54;4.97662354957194;44.0200595244107;MONTEUX
BSS002DPFQ;2017-06-04;2.55;31.54;4.97662354957194;44.0200595244107;MONTEUX
BSS002DPFQ;2017-06-05;2.6;31.49;4.97662354957194;44.0200595244107;MONTEUX
BSS002DPFQ;2017-06-06;2.82;31.27;4.97662354957194;44.0200595244107;MONTEUX
BSS002DPFQ;2017-06-07;3.21;30.88;4.97662354957194;44.0200595244107;MONTEUX
BSS002DPFQ;2017-06-08;2.99;31.1;4.97662354957194;44.0200595244107;MONTEUX
BSS002DPFQ;2017-06-09;2.95;31.14;4.97662354957194;44.0200595244107;MONTEUX
BSS002DPFQ;2017-06-10;2.91;31.18;4.97662354957194;44.0200595244107;MONTEUX
BSS002DPFQ;2017-06-11;2.9;31.19;4.97662354957194;44.0200595244107;MONTEUX
BSS002DPFQ;2017-06-12;2.95;31.14;4.97662354957194;44.0200595244107;MONTEUX
BSS002DPFQ;2017-06-13;2.96;31.13;4.97662354957194;44.0200595244107;MONTEUX
BSS002DPFQ;2017-06-14;2.97;31.12;4.97662354957194;44.0200595244107;MONTEUX
BSS002DPFQ;2017-06-15;3.11;30.98;4.97662354957194;44.0200595244107;MONTEUX
BSS002DPFQ;2017-06-16;3.1;30.99;4.97662354957194;44.0200595244107;MONTEUX
BSS002DPFQ;2017-06-17;3.26;30.83;4.97662354957194;44.0200595244107;MONTEUX
BSS002DPFQ;2017-06-18;3.28;30.81;4.97662354957194;44.0200595244107;MONTEUX
BSS002DPFQ;2017-06-19;3.34;30.75;4.97662354957194;44.0200595244107;MONTEUX
BSS002DPFQ;2017-06-20;3.37;30.72;4.97662354957194;44.0200595244107;MONTEUX
BSS002DPFQ;2017-06-21;3.36;30.73;4.97662354957194;44.0200595244107;MONTEUX
BSS002DPFQ;2017-06-22;3.48;30.61;4.97662354957194;44.0200595244107;MONTEUX
BSS002DPFQ;2017-06-23;3.73;30.36;4.97662354957194;44.0200595244107;MONTEUX
BSS002DPFQ;2017-06-24;3.69;30.4;4.97662354957194;44.0200595244107;MONTEUX
BSS002DPFQ;2017-06-25;3.68;30.41;4.97662354957194;44.0200595244107;MONTEUX
BSS002DPFQ;2017-06-26;3.69;30.4;4.97662354957194;44.0200595244107;MONTEUX
BSS002DPFQ;2017-06-27;3.72;30.37;4.97662354957194;44.0200595244107;MONTEUX
BSS002DPFQ;2017-06-28;3.7;30.39;4.97662354957194;44.0200595244107;MONTEUX
BSS002DPFQ;2017-06-29;3.69;30.4;4.97662354957194;44.0200595244107;MONTEUX
BSS002DPFQ;2017-06-30;3.76;30.33;4.97662354957194;44.0200595244107;MONTEUX
BSS002DPFQ;2017-07-01;3.79;30.3;4.97662354957194;44.0200595244107;MONTEUX
BSS002DPFQ;2017-07-02;3.64;30.45;4.97662354957194;44.0200595244107;MONTEUX
BSS002DPFQ;2017-07-03;3.58;30.51;4.97662354957194;44.0200595244107;MONTEUX
BSS002DPFQ;2017-07-04;3.62;30.47;4.97662354957194;44.0200595244107;MONTEUX
BSS002DPFQ;2017-07-05;3.66;30.43;4.97662354957194;44.0200595244107;MONTEUX
BSS002DPFQ;2017-07-06;3.67;30.42;4.97662354957194;44.0200595244107;MONTEUX
BSS002DPFQ;2017-07-07;3.77;30.32;4.97662354957194;44.0200595244107;MONTEUX
BSS002DPFQ;2017-07-08;3.67;30.42;4.97662354957194;44.0200595244107;MONTEUX
BSS002DPFQ;2017-07-09;3.57;30.52;4.97662354957194;44.0200595244107;MONTEUX
BSS002DPFQ;2017-07-10;3.54;30.55;4.97662354957194;44.0200595244107;MONTEUX
BSS002DPFQ;2017-07-11;3.59;30.5;4.97662354957194;44.0200595244107;MONTEUX
BSS002DPFQ;2017-07-12;3.71;30.38;4.97662354957194;44.0200595244107;MONTEUX
BSS002DPFQ;2017-07-13;3.81;30.28;4.97662354957194;44.0200595244107;MONTEUX
BSS002DPFQ;2017-07-14;3.84;30.25;4.97662354957194;44.0200595244107;MONTEUX
BSS002DPFQ;2017-07-15;3.9;30.19;4.97662354957194;44.0200595244107;MONTEUX
BSS002DPFQ;2017-07-16;3.93;30.16;4.97662354957194;44.0200595244107;MONTEUX
BSS002DPFQ;2017-07-17;4.02;30.07;4.97662354957194;44.0200595244107;MONTEUX
BSS002DPFQ;2017-07-18;4.05;30.04;4.97662354957194;44.0200595244107;MONTEUX
BSS002DPFQ;2017-07-19;4.13;29.96;4.97662354957194;44.0200595244107;MONTEUX
BSS002DPFQ;2017-07-20;4.12;29.97;4.97662354957194;44.0200595244107;MONTEUX
BSS002DPFQ;2017-07-21;4.24;29.85;4.97662354957194;44.0200595244107;MONTEUX
BSS002DPFQ;2017-07-22;4.18;29.91;4.97662354957194;44.0200595244107;MONTEUX
BSS002DPFQ;2017-07-23;4.18;29.91;4.97662354957194;44.0200595244107;MONTEUX
BSS002DPFQ;2017-07-24;4.18;29.91;4.97662354957194;44.0200595244107;MONTEUX
BSS002DPFQ;2017-07-25;4.27;29.82;4.97662354957194;44.0200595244107;MONTEUX
BSS002DPFQ;2017-07-26;4.33;29.76;4.97662354957194;44.0200595244107;MONTEUX
BSS002DPFQ;2017-07-27;4.35;29.74;4.97662354957194;44.0200595244107;MONTEUX
BSS002DPFQ;2017-07-28;4.38;29.71;4.97662354957194;44.0200595244107;MONTEUX
BSS002DPFQ;2017-07-29;4.37;29.72;4.97662354957194;44.0200595244107;MONTEUX
BSS002DPFQ;2017-07-30;4.36;29.73;4.97662354957194;44.0200595244107;MONTEUX
BSS002DPFQ;2017-07-31;5.0;29.09;4.97662354957194;44.0200595244107;MONTEUX
BSS002DPFQ;2017-08-01;5.25;28.84;4.97662354957194;44.0200595244107;MONTEUX
BSS002DPFQ;2017-08-02;5.43;28.66;4.97662354957194;44.0200595244107;MONTEUX
BSS002DPFQ;2017-08-03;5.57;28.52;4.97662354957194;44.0200595244107;MONTEUX
BSS002DPFQ;2017-08-04;5.65;28.44;4.97662354957194;44.0200595244107;MONTEUX
BSS002DPFQ;2017-08-05;5.73;28.36;4.97662354957194;44.0200595244107;MONTEUX
BSS002DPFQ;2017-08-06;5.72;28.37;4.97662354957194;44.0200595244107;MONTEUX
BSS002DPFQ;2017-08-07;5.78;28.31;4.97662354957194;44.0200595244107;MONTEUX
BSS002DPFQ;2017-08-08;5.3;28.79;4.97662354957194;44.0200595244107;MONTEUX
BSS002DPFQ;2017-08-09;5.0;29.09;4.97662354957194;44.0200595244107;MONTEUX
BSS002DPFQ;2017-08-10;4.84;29.25;4.97662354957194;44.0200595244107;MONTEUX
BSS002DPFQ;2017-08-11;4.72;29.37;4.97662354957194;44.0200595244107;MONTEUX
BSS002DPFQ;2017-08-12;4.61;29.48;4.97662354957194;44.0200595244107;MONTEUX
BSS002DPFQ;2017-08-13;4.54;29.55;4.97662354957194;44.0200595244107;MONTEUX
BSS002DPFQ;2017-08-14;4.48;29.61;4.97662354957194;44.0200595244107;MONTEUX
BSS002DPFQ;2017-08-15;4.42;29.67;4.97662354957194;44.0200595244107;MONTEUX
BSS002DPFQ;2017-08-16;4.4;29.69;4.97662354957194;44.0200595244107;MONTEUX
BSS002DPFQ;2017-08-17;4.34;29.75;4.97662354957194;44.0200595244107;MONTEUX
BSS002DPFQ;2017-08-18;4.3;29.79;4.97662354957194;44.0200595244107;MONTEUX
BSS002DPFQ;2017-08-19;4.28;29.81;4.97662354957194;44.0200595244107;MONTEUX
BSS002DPFQ;2017-08-20;4.25;29.84;4.97662354957194;44.0200595244107;MONTEUX
BSS002DPFQ;2017-08-21;4.24;29.85;4.97662354957194;44.0200595244107;MONTEUX
BSS002DPFQ;2017-08-22;4.23;29.86;4.97662354957194;44.0200595244107;MONTEUX
BSS002DPFQ;2017-08-23;4.23;29.86;4.97662354957194;44.0200595244107;MONTEUX
BSS002DPFQ;2017-08-24;4.23;29.86;4.97662354957194;44.0200595244107;MONTEUX
BSS002DPFQ;2017-08-25;4.25;29.84;4.97662354957194;44.0200595244107;MONTEUX
BSS002DPFQ;2017-08-26;4.26;29.83;4.97662354957194;44.0200595244107;MONTEUX
BSS002DPFQ;2017-08-27;4.3;29.79;4.97662354957194;44.0200595244107;MONTEUX
BSS002DPFQ;2017-08-28;4.34;29.75;4.97662354957194;44.0200595244107;MONTEUX
BSS002DPFQ;2017-08-29;4.4;29.69;4.97662354957194;44.0200595244107;MONTEUX
BSS002DPFQ;2017-08-30;4.43;29.66;4.97662354957194;44.0200595244107;MONTEUX
BSS002DPFQ;2017-08-31;4.42;29.67;4.97662354957194;44.0200595244107;MONTEUX
BSS002DPFQ;2017-09-01;4.41;29.68;4.97662354957194;44.0200595244107;MONTEUX
BSS002DPFQ;2017-09-02;4.41;29.68;4.97662354957194;44.0200595244107;MONTEUX
BSS002DPFQ;2017-09-03;4.39;29.7;4.97662354957194;44.0200595244107;MONTEUX
BSS002DPFQ;2017-09-04;4.38;29.71;4.97662354957194;44.0200595244107;MONTEUX
BSS002DPFQ;2017-09-05;4.46;29.63;4.97662354957194;44.0200595244107;MONTEUX
BSS002DPFQ;2017-09-06;4.44;29.65;4.97662354957194;44.0200595244107;MONTEUX
BSS002DPFQ;2017-09-07;4.43;29.66;4.97662354957194;44.0200595244107;MONTEUX
BSS002DPFQ;2017-09-08;4.42;29.67;4.97662354957194;44.0200595244107;MONTEUX
BSS002DPFQ;2017-09-09;4.38;29.71;4.97662354957194;44.0200595244107;MONTEUX
BSS002DPFQ;2017-09-10;4.38;29.71;4.97662354957194;44.0200595244107;MONTEUX
BSS002DPFQ;2017-09-11;4.38;29.71;4.97662354957194;44.0200595244107;MONTEUX
BSS002DPFQ;2017-09-12;4.37;29.72;4.97662354957194;44.0200595244107;MONTEUX
BSS002DPFQ;2017-09-13;4.38;29.71;4.97662354957194;44.0200595244107;MONTEUX
BSS002DPFQ;2017-09-14;4.42;29.67;4.97662354957194;44.0200595244107;MONTEUX
BSS002DPFQ;2017-09-15;4.43;29.66;4.97662354957194;44.0200595244107;MONTEUX
BSS002DPFQ;2017-09-16;4.43;29.66;4.97662354957194;44.0200595244107;MONTEUX
BSS002DPFQ;2017-09-17;4.51;29.58;4.97662354957194;44.0200595244107;MONTEUX
BSS002DPFQ;2017-09-18;4.65;29.44;4.97662354957194;44.0200595244107;MONTEUX
BSS002DPFQ;2017-09-19;4.6;29.49;4.97662354957194;44.0200595244107;MONTEUX
BSS002DPFQ;2017-09-20;4.51;29.58;4.97662354957194;44.0200595244107;MONTEUX
BSS002DPFQ;2017-09-21;4.42;29.67;4.97662354957194;44.0200595244107;MONTEUX
BSS002DPFQ;2017-09-22;4.38;29.71;4.97662354957194;44.0200595244107;MONTEUX
BSS002DPFQ;2017-09-23;4.38;29.71;4.97662354957194;44.0200595244107;MONTEUX
BSS002DPFQ;2017-09-24;4.39;29.7;4.97662354957194;44.0200595244107;MONTEUX
BSS002DPFQ;2017-09-25;4.41;29.68;4.97662354957194;44.0200595244107;MONTEUX
BSS002DPFQ;2017-09-26;4.39;29.7;4.97662354957194;44.0200595244107;MONTEUX
BSS002DPFQ;2017-09-27;4.38;29.71;4.97662354957194;44.0200595244107;MONTEUX
BSS002DPFQ;2017-09-28;4.39;29.7;4.97662354957194;44.0200595244107;MONTEUX
BSS002DPFQ;2017-09-29;4.35;29.74;4.97662354957194;44.0200595244107;MONTEUX
BSS002DPFQ;2017-09-30;4.33;29.76;4.97662354957194;44.0200595244107;MONTEUX
BSS002DPFQ;2017-10-01;4.32;29.77;4.97662354957194;44.0200595244107;MONTEUX
BSS002DPFQ;2017-10-02;4.31;29.78;4.97662354957194;44.0200595244107;MONTEUX
BSS002DPFQ;2017-10-03;4.29;29.8;4.97662354957194;44.0200595244107;MONTEUX
BSS002DPFQ;2017-10-04;4.3;29.79;4.97662354957194;44.0200595244107;MONTEUX
BSS002DPFQ;2017-10-05;4.25;29.84;4.97662354957194;44.0200595244107;MONTEUX
BSS002DPFQ;2017-10-06;4.24;29.85;4.97662354957194;44.0200595244107;MONTEUX
BSS002DPFQ;2017-10-07;4.23;29.86;4.97662354957194;44.0200595244107;MONTEUX
BSS002DPFQ;2017-10-08;4.28;29.81;4.97662354957194;44.0200595244107;MONTEUX
BSS002DPFQ;2017-10-09;4.3;29.79;4.97662354957194;44.0200595244107;MONTEUX
BSS002DPFQ;2017-10-10;4.31;29.78;4.97662354957194;44.0200595244107;MONTEUX
BSS002DPFQ;2017-10-11;4.3;29.79;4.97662354957194;44.0200595244107;MONTEUX
BSS002DPFQ;2017-10-12;4.3;29.79;4.97662354957194;44.0200595244107;MONTEUX
BSS002DPFQ;2017-10-13;4.29;29.8;4.97662354957194;44.0200595244107;MONTEUX
BSS002DPFQ;2017-10-14;4.35;29.74;4.97662354957194;44.0200595244107;MONTEUX
BSS002DPFQ;2017-10-15;4.34;29.75;4.97662354957194;44.0200595244107;MONTEUX
BSS002DPFQ;2017-10-16;4.26;29.83;4.97662354957194;44.0200595244107;MONTEUX
BSS002DPFQ;2017-10-17;4.14;29.95;4.97662354957194;44.0200595244107;MONTEUX
BSS002DPFQ;2017-10-18;4.05;30.04;4.97662354957194;44.0200595244107;MONTEUX
BSS002DPFQ;2017-10-19;3.99;30.1;4.97662354957194;44.0200595244107;MONTEUX
BSS002DPFQ;2017-10-20;3.98;30.11;4.97662354957194;44.0200595244107;MONTEUX
BSS002DPFQ;2017-10-21;3.97;30.12;4.97662354957194;44.0200595244107;MONTEUX
BSS002DPFQ;2017-10-22;3.95;30.14;4.97662354957194;44.0200595244107;MONTEUX
BSS002DPFQ;2017-10-23;3.92;30.17;4.97662354957194;44.0200595244107;MONTEUX
BSS002DPFQ;2017-10-24;3.92;30.17;4.97662354957194;44.0200595244107;MONTEUX
BSS002DPFQ;2017-10-25;3.9;30.19;4.97662354957194;44.0200595244107;MONTEUX
BSS002DPFQ;2017-10-26;3.86;30.23;4.97662354957194;44.0200595244107;MONTEUX
BSS002DPFQ;2017-10-27;3.86;30.23;4.97662354957194;44.0200595244107;MONTEUX
BSS002DPFQ;2017-10-28;3.82;30.27;4.97662354957194;44.0200595244107;MONTEUX
BSS002DPFQ;2017-10-29;3.78;30.31;4.97662354957194;44.0200595244107;MONTEUX
BSS002DPFQ;2017-10-30;3.77;30.32;4.97662354957194;44.0200595244107;MONTEUX
BSS002DPFQ;2017-10-31;3.77;30.32;4.97662354957194;44.0200595244107;MONTEUX
BSS002DPFQ;2017-11-01;3.75;30.34;4.97662354957194;44.0200595244107;MONTEUX
BSS002DPFQ;2017-11-02;3.72;30.37;4.97662354957194;44.0200595244107;MONTEUX
BSS002DPFQ;2017-11-03;3.68;30.41;4.97662354957194;44.0200595244107;MONTEUX
BSS002DPFQ;2017-11-04;3.65;30.44;4.97662354957194;44.0200595244107;MONTEUX
BSS002DPFQ;2017-11-05;3.6;30.49;4.97662354957194;44.0200595244107;MONTEUX
BSS002DPFQ;2017-11-06;3.57;30.52;4.97662354957194;44.0200595244107;MONTEUX
BSS002DPFQ;2017-11-07;3.55;30.54;4.97662354957194;44.0200595244107;MONTEUX
BSS002DPFQ;2017-11-08;3.56;30.53;4.97662354957194;44.0200595244107;MONTEUX
BSS002DPFQ;2017-11-09;3.55;30.54;4.97662354957194;44.0200595244107;MONTEUX
BSS002DPFQ;2017-11-10;3.55;30.54;4.97662354957194;44.0200595244107;MONTEUX
BSS002DPFQ;2017-11-11;3.53;30.56;4.97662354957194;44.0200595244107;MONTEUX
BSS002DPFQ;2017-11-12;3.48;30.61;4.97662354957194;44.0200595244107;MONTEUX
BSS002DPFQ;2017-11-13;3.48;30.61;4.97662354957194;44.0200595244107;MONTEUX
BSS002DPFQ;2017-11-14;3.48;30.61;4.97662354957194;44.0200595244107;MONTEUX
BSS002DPFQ;2017-11-15;3.47;30.62;4.97662354957194;44.0200595244107;MONTEUX
BSS002DPFQ;2017-11-16;3.47;30.62;4.97662354957194;44.0200595244107;MONTEUX
BSS002DPFQ;2017-11-17;3.32;30.77;4.97662354957194;44.0200595244107;MONTEUX
BSS002DPFQ;2017-11-18;3.24;30.85;4.97662354957194;44.0200595244107;MONTEUX
BSS002DPFQ;2017-11-19;3.17;30.92;4.97662354957194;44.0200595244107;MONTEUX
BSS002DPFQ;2017-11-20;3.11;30.98;4.97662354957194;44.0200595244107;MONTEUX
BSS002DPFQ;2017-11-21;3.06;31.03;4.97662354957194;44.0200595244107;MONTEUX
BSS002DPFQ;2017-11-22;3.01;31.08;4.97662354957194;44.0200595244107;MONTEUX
BSS002DPFQ;2017-11-23;3.0;31.09;4.97662354957194;44.0200595244107;MONTEUX
BSS002DPFQ;2017-11-24;2.96;31.13;4.97662354957194;44.0200595244107;MONTEUX
BSS002DPFQ;2017-11-25;2.93;31.16;4.97662354957194;44.0200595244107;MONTEUX
BSS002DPFQ;2017-11-26;2.93;31.16;4.97662354957194;44.0200595244107;MONTEUX
BSS002DPFQ;2017-11-27;2.89;31.2;4.97662354957194;44.0200595244107;MONTEUX
BSS002DPFQ;2017-11-28;2.84;31.25;4.97662354957194;44.0200595244107;MONTEUX
BSS002DPFQ;2017-11-29;2.8;31.29;4.97662354957194;44.0200595244107;MONTEUX
BSS002DPFQ;2017-11-30;2.78;31.31;4.97662354957194;44.0200595244107;MONTEUX
BSS002DPFQ;2017-12-01;2.76;31.33;4.97662354957194;44.0200595244107;MONTEUX
BSS002DPFQ;2017-12-02;2.74;31.35;4.97662354957194;44.0200595244107;MONTEUX
BSS002DPFQ;2017-12-03;2.75;31.34;4.97662354957194;44.0200595244107;MONTEUX
BSS002DPFQ;2017-12-04;2.76;31.33;4.97662354957194;44.0200595244107;MONTEUX
BSS002DPFQ;2017-12-05;2.74;31.35;4.97662354957194;44.0200595244107;MONTEUX
BSS002DPFQ;2017-12-06;2.71;31.38;4.97662354957194;44.0200595244107;MONTEUX
BSS002DPFQ;2017-12-07;2.68;31.41;4.97662354957194;44.0200595244107;MONTEUX
BSS002DPFQ;2017-12-08;2.63;31.46;4.97662354957194;44.0200595244107;MONTEUX
BSS002DPFQ;2017-12-09;2.6;31.49;4.97662354957194;44.0200595244107;MONTEUX
BSS002DPFQ;2017-12-10;2.49;31.6;4.97662354957194;44.0200595244107;MONTEUX
BSS002DPFQ;2017-12-11;2.44;31.65;4.97662354957194;44.0200595244107;MONTEUX
BSS002DPFQ;2017-12-12;2.48;31.61;4.97662354957194;44.0200595244107;MONTEUX
BSS002DPFQ;2017-12-13;2.49;31.6;4.97662354957194;44.0200595244107;MONTEUX
BSS002DPFQ;2017-12-14;2.45;31.64;4.97662354957194;44.0200595244107;MONTEUX
BSS002DPFQ;2017-12-15;2.42;31.67;4.97662354957194;44.0200595244107;MONTEUX
BSS002DPFQ;2017-12-16;2.44;31.65;4.97662354957194;44.0200595244107;MONTEUX
BSS002DPFQ;2017-12-17;2.46;31.63;4.97662354957194;44.0200595244107;MONTEUX
BSS002DPFQ;2017-12-18;2.42;31.67;4.97662354957194;44.0200595244107;MONTEUX
BSS002DPFQ;2017-12-19;2.44;31.65;4.97662354957194;44.0200595244107;MONTEUX
BSS002DPFQ;2017-12-20;2.42;31.67;4.97662354957194;44.0200595244107;MONTEUX
BSS002DPFQ;2017-12-21;2.42;31.67;4.97662354957194;44.0200595244107;MONTEUX
BSS002DPFQ;2017-12-22;2.4;31.69;4.97662354957194;44.0200595244107;MONTEUX
BSS002DPFQ;2017-12-23;2.39;31.7;4.97662354957194;44.0200595244107;MONTEUX
BSS002DPFQ;2017-12-24;2.37;31.72;4.97662354957194;44.0200595244107;MONTEUX
BSS002DPFQ;2017-12-25;2.29;31.8;4.97662354957194;44.0200595244107;MONTEUX
BSS002DPFQ;2017-12-26;2.22;31.87;4.97662354957194;44.0200595244107;MONTEUX
BSS002DPFQ;2017-12-27;2.14;31.95;4.97662354957194;44.0200595244107;MONTEUX
BSS002DPFQ;2017-12-28;2.14;31.95;4.97662354957194;44.0200595244107;MONTEUX
BSS002DPFQ;2017-12-29;2.13;31.96;4.97662354957194;44.0200595244107;MONTEUX
BSS002DPFQ;2017-12-30;2.1;31.99;4.97662354957194;44.0200595244107;MONTEUX
BSS002DPFQ;2017-12-31;2.04;32.05;4.97662354957194;44.0200595244107;MONTEUX
BSS002DPFQ;2018-01-01;2.01;32.08;4.97662354957194;44.0200595244107;MONTEUX
BSS002DPFQ;2018-01-02;2.0;32.09;4.97662354957194;44.0200595244107;MONTEUX
BSS002DPFQ;2018-01-03;1.96;32.13;4.97662354957194;44.0200595244107;MONTEUX
BSS002DPFQ;2018-01-04;1.94;32.15;4.97662354957194;44.0200595244107;MONTEUX
BSS002DPFQ;2018-01-05;1.92;32.17;4.97662354957194;44.0200595244107;MONTEUX
BSS002DPFQ;2018-01-06;1.91;32.18;4.97662354957194;44.0200595244107;MONTEUX
BSS002DPFQ;2018-01-07;1.92;32.17;4.97662354957194;44.0200595244107;MONTEUX
BSS002DPFQ;2018-01-08;1.9;32.19;4.97662354957194;44.0200595244107;MONTEUX
BSS002DPFQ;2018-01-09;1.9;32.19;4.97662354957194;44.0200595244107;MONTEUX
BSS002DPFQ;2018-01-10;1.89;32.2;4.97662354957194;44.0200595244107;MONTEUX
BSS002DPFQ;2018-01-11;1.89;32.2;4.97662354957194;44.0200595244107;MONTEUX
BSS002DPFQ;2018-01-12;1.9;32.19;4.97662354957194;44.0200595244107;MONTEUX
BSS002DPFQ;2018-01-13;1.91;32.18;4.97662354957194;44.0200595244107;MONTEUX
BSS002DPFQ;2018-01-14;1.9;32.19;4.97662354957194;44.0200595244107;MONTEUX
BSS002DPFQ;2018-01-15;1.9;32.19;4.97662354957194;44.0200595244107;MONTEUX
BSS002DPFQ;2018-01-16;1.88;32.21;4.97662354957194;44.0200595244107;MONTEUX
BSS002DPFQ;2018-01-17;1.88;32.21;4.97662354957194;44.0200595244107;MONTEUX
BSS002DPFQ;2018-01-18;1.9;32.19;4.97662354957194;44.0200595244107;MONTEUX
BSS002DPFQ;2018-01-19;1.9;32.19;4.97662354957194;44.0200595244107;MONTEUX
BSS002DPFQ;2018-01-20;1.9;32.19;4.97662354957194;44.0200595244107;MONTEUX
BSS002DPFQ;2018-01-21;1.91;32.18;4.97662354957194;44.0200595244107;MONTEUX
BSS002DPFQ;2018-01-22;1.92;32.17;4.97662354957194;44.0200595244107;MONTEUX
BSS002DPFQ;2018-01-23;1.94;32.15;4.97662354957194;44.0200595244107;MONTEUX
BSS002DPFQ;2018-01-24;1.96;32.13;4.97662354957194;44.0200595244107;MONTEUX
BSS002DPFQ;2018-01-25;1.94;32.15;4.97662354957194;44.0200595244107;MONTEUX
BSS002DPFQ;2018-01-26;1.91;32.18;4.97662354957194;44.0200595244107;MONTEUX
BSS002DPFQ;2018-01-27;1.9;32.19;4.97662354957194;44.0200595244107;MONTEUX
BSS002DPFQ;2018-01-28;1.92;32.17;4.97662354957194;44.0200595244107;MONTEUX
BSS002DPFQ;2018-01-29;1.9;32.19;4.97662354957194;44.0200595244107;MONTEUX
BSS002DPFQ;2018-01-30;1.88;32.21;4.97662354957194;44.0200595244107;MONTEUX
BSS002DPFQ;2018-01-31;1.84;32.25;4.97662354957194;44.0200595244107;MONTEUX
BSS002DPFQ;2018-02-01;1.8;32.29;4.97662354957194;44.0200595244107;MONTEUX
BSS002DPFQ;2018-02-02;1.8;32.29;4.97662354957194;44.0200595244107;MONTEUX
BSS002DPFQ;2018-02-03;1.8;32.29;4.97662354957194;44.0200595244107;MONTEUX
BSS002DPFQ;2018-02-04;1.81;32.28;4.97662354957194;44.0200595244107;MONTEUX
BSS002DPFQ;2018-02-05;1.8;32.29;4.97662354957194;44.0200595244107;MONTEUX
BSS002DPFQ;2018-02-06;1.77;32.32;4.97662354957194;44.0200595244107;MONTEUX
BSS002DPFQ;2018-02-07;1.77;32.32;4.97662354957194;44.0200595244107;MONTEUX
BSS002DPFQ;2018-02-08;1.78;32.31;4.97662354957194;44.0200595244107;MONTEUX
BSS002DPFQ;2018-02-09;1.78;32.31;4.97662354957194;44.0200595244107;MONTEUX
BSS002DPFQ;2018-02-10;1.78;32.31;4.97662354957194;44.0200595244107;MONTEUX
BSS002DPFQ;2018-02-11;1.75;32.34;4.97662354957194;44.0200595244107;MONTEUX
BSS002DPFQ;2018-02-12;1.75;32.34;4.97662354957194;44.0200595244107;MONTEUX
BSS002DPFQ;2018-02-13;1.73;32.36;4.97662354957194;44.0200595244107;MONTEUX
BSS002DPFQ;2018-02-14;1.74;32.35;4.97662354957194;44.0200595244107;MONTEUX
BSS002DPFQ;2018-02-15;1.76;32.33;4.97662354957194;44.0200595244107;MONTEUX
BSS002DPFQ;2018-02-16;1.75;32.34;4.97662354957194;44.0200595244107;MONTEUX
BSS002DPFQ;2018-02-17;1.75;32.34;4.97662354957194;44.0200595244107;MONTEUX
BSS002DPFQ;2018-02-18;1.75;32.34;4.97662354957194;44.0200595244107;MONTEUX
BSS002DPFQ;2018-02-19;1.73;32.36;4.97662354957194;44.0200595244107;MONTEUX
BSS002DPFQ;2018-02-20;1.71;32.38;4.97662354957194;44.0200595244107;MONTEUX
BSS002DPFQ;2018-02-21;1.72;32.37;4.97662354957194;44.0200595244107;MONTEUX
BSS002DPFQ;2018-02-22;1.72;32.37;4.97662354957194;44.0200595244107;MONTEUX
BSS002DPFQ;2018-02-23;1.73;32.36;4.97662354957194;44.0200595244107;MONTEUX
BSS002DPFQ;2018-02-24;1.75;32.34;4.97662354957194;44.0200595244107;MONTEUX
BSS002DPFQ;2018-02-25;1.74;32.35;4.97662354957194;44.0200595244107;MONTEUX
BSS002DPFQ;2018-02-26;1.75;32.34;4.97662354957194;44.0200595244107;MONTEUX
BSS002DPFQ;2018-02-27;1.76;32.33;4.97662354957194;44.0200595244107;MONTEUX
BSS002DPFQ;2018-02-28;1.76;32.33;4.97662354957194;44.0200595244107;MONTEUX
BSS002DPFQ;2018-03-01;1.73;32.36;4.97662354957194;44.0200595244107;MONTEUX
BSS002DPFQ;2018-03-02;1.72;32.37;4.97662354957194;44.0200595244107;MONTEUX
BSS002DPFQ;2018-03-03;1.73;32.36;4.97662354957194;44.0200595244107;MONTEUX
BSS002DPFQ;2018-03-04;1.75;32.34;4.97662354957194;44.0200595244107;MONTEUX
BSS002DPFQ;2018-03-05;1.72;32.37;4.97662354957194;44.0200595244107;MONTEUX
BSS002DPFQ;2018-03-06;1.71;32.38;4.97662354957194;44.0200595244107;MONTEUX
BSS002DPFQ;2018-03-07;1.74;32.35;4.97662354957194;44.0200595244107;MONTEUX
BSS002DPFQ;2018-03-08;1.77;32.32;4.97662354957194;44.0200595244107;MONTEUX
BSS002DPFQ;2018-03-09;1.77;32.32;4.97662354957194;44.0200595244107;MONTEUX
BSS002DPFQ;2018-03-10;1.75;32.34;4.97662354957194;44.0200595244107;MONTEUX
BSS002DPFQ;2018-03-11;1.72;32.37;4.97662354957194;44.0200595244107;MONTEUX
BSS002DPFQ;2018-03-12;1.72;32.37;4.97662354957194;44.0200595244107;MONTEUX
BSS002DPFQ;2018-03-13;1.73;32.36;4.97662354957194;44.0200595244107;MONTEUX
BSS002DPFQ;2018-03-14;1.72;32.37;4.97662354957194;44.0200595244107;MONTEUX
BSS002DPFQ;2018-03-15;1.67;32.42;4.97662354957194;44.0200595244107;MONTEUX
BSS002DPFQ;2018-03-16;1.71;32.38;4.97662354957194;44.0200595244107;MONTEUX
BSS002DPFQ;2018-03-17;1.66;32.43;4.97662354957194;44.0200595244107;MONTEUX
BSS002DPFQ;2018-03-18;1.65;32.44;4.97662354957194;44.0200595244107;MONTEUX
BSS002DPFQ;2018-03-19;1.71;32.38;4.97662354957194;44.0200595244107;MONTEUX
BSS002DPFQ;2018-03-20;1.69;32.4;4.97662354957194;44.0200595244107;MONTEUX
BSS002DPFQ;2018-03-21;1.69;32.4;4.97662354957194;44.0200595244107;MONTEUX
BSS002DPFQ;2018-03-22;1.67;32.42;4.97662354957194;44.0200595244107;MONTEUX
BSS002DPFQ;2018-03-23;1.64;32.45;4.97662354957194;44.0200595244107;MONTEUX
BSS002DPFQ;2018-03-24;1.63;32.46;4.97662354957194;44.0200595244107;MONTEUX
BSS002DPFQ;2018-03-25;1.64;32.45;4.97662354957194;44.0200595244107;MONTEUX
BSS002DPFQ;2018-03-26;1.66;32.43;4.97662354957194;44.0200595244107;MONTEUX
BSS002DPFQ;2018-03-27;1.71;32.38;4.97662354957194;44.0200595244107;MONTEUX
BSS002DPFQ;2018-03-28;1.75;32.34;4.97662354957194;44.0200595244107;MONTEUX
BSS002DPFQ;2018-03-29;1.77;32.32;4.97662354957194;44.0200595244107;MONTEUX
BSS002DPFQ;2018-03-30;1.79;32.3;4.97662354957194;44.0200595244107;MONTEUX
BSS002DPFQ;2018-03-31;1.78;32.31;4.97662354957194;44.0200595244107;MONTEUX
BSS002DPFQ;2018-04-01;1.82;32.27;4.97662354957194;44.0200595244107;MONTEUX
BSS002DPFQ;2018-04-02;1.83;32.26;4.97662354957194;44.0200595244107;MONTEUX
BSS002DPFQ;2018-04-03;1.82;32.27;4.97662354957194;44.0200595244107;MONTEUX
BSS002DPFQ;2018-04-04;1.82;32.27;4.97662354957194;44.0200595244107;MONTEUX
BSS002DPFQ;2018-04-05;1.83;32.26;4.97662354957194;44.0200595244107;MONTEUX
BSS002DPFQ;2018-04-06;1.84;32.25;4.97662354957194;44.0200595244107;MONTEUX
BSS002DPFQ;2018-04-07;1.83;32.26;4.97662354957194;44.0200595244107;MONTEUX
BSS002DPFQ;2018-04-08;1.82;32.27;4.97662354957194;44.0200595244107;MONTEUX
BSS002DPFQ;2018-04-09;1.81;32.28;4.97662354957194;44.0200595244107;MONTEUX
BSS002DPFQ;2018-04-10;1.8;32.29;4.97662354957194;44.0200595244107;MONTEUX
BSS002DPFQ;2018-04-11;1.77;32.32;4.97662354957194;44.0200595244107;MONTEUX
BSS002DPFQ;2018-04-12;1.75;32.34;4.97662354957194;44.0200595244107;MONTEUX
BSS002DPFQ;2018-04-13;1.78;32.31;4.97662354957194;44.0200595244107;MONTEUX
BSS002DPFQ;2018-04-14;1.82;32.27;4.97662354957194;44.0200595244107;MONTEUX
BSS002DPFQ;2018-04-15;1.8;32.29;4.97662354957194;44.0200595244107;MONTEUX
BSS002DPFQ;2018-04-16;1.79;32.3;4.97662354957194;44.0200595244107;MONTEUX
BSS002DPFQ;2018-04-17;1.8;32.29;4.97662354957194;44.0200595244107;MONTEUX
BSS002DPFQ;2018-04-18;1.83;32.26;4.97662354957194;44.0200595244107;MONTEUX
BSS002DPFQ;2018-04-19;1.85;32.24;4.97662354957194;44.0200595244107;MONTEUX
BSS002DPFQ;2018-04-20;1.9;32.19;4.97662354957194;44.0200595244107;MONTEUX
BSS002DPFQ;2018-04-21;1.9;32.19;4.97662354957194;44.0200595244107;MONTEUX
BSS002DPFQ;2018-04-22;1.93;32.16;4.97662354957194;44.0200595244107;MONTEUX
BSS002DPFQ;2018-04-23;1.99;32.1;4.97662354957194;44.0200595244107;MONTEUX
BSS002DPFQ;2018-04-24;2.02;32.07;4.97662354957194;44.0200595244107;MONTEUX
BSS002DPFQ;2018-04-25;2.05;32.04;4.97662354957194;44.0200595244107;MONTEUX
BSS002DPFQ;2018-04-26;2.09;32.0;4.97662354957194;44.0200595244107;MONTEUX
BSS002DPFQ;2018-04-27;2.23;31.86;4.97662354957194;44.0200595244107;MONTEUX
BSS002DPFQ;2018-04-28;2.28;31.81;4.97662354957194;44.0200595244107;MONTEUX
BSS002DPFQ;2018-04-29;2.28;31.81;4.97662354957194;44.0200595244107;MONTEUX
BSS002DPFQ;2018-04-30;2.28;31.81;4.97662354957194;44.0200595244107;MONTEUX
BSS002DPFQ;2018-05-01;2.29;31.8;4.97662354957194;44.0200595244107;MONTEUX
BSS002DPFQ;2018-05-02;2.28;31.81;4.97662354957194;44.0200595244107;MONTEUX
BSS002DPFQ;2018-05-03;2.27;31.82;4.97662354957194;44.0200595244107;MONTEUX
BSS002DPFQ;2018-05-04;2.28;31.81;4.97662354957194;44.0200595244107;MONTEUX
BSS002DPFQ;2018-05-05;2.54;31.55;4.97662354957194;44.0200595244107;MONTEUX
BSS002DPFQ;2018-05-06;2.55;31.54;4.97662354957194;44.0200595244107;MONTEUX
BSS002DPFQ;2018-05-07;2.55;31.54;4.97662354957194;44.0200595244107;MONTEUX
BSS002DPFQ;2018-05-08;2.46;31.63;4.97662354957194;44.0200595244107;MONTEUX
BSS002DPFQ;2018-05-09;2.44;31.65;4.97662354957194;44.0200595244107;MONTEUX
BSS002DPFQ;2018-05-10;2.45;31.64;4.97662354957194;44.0200595244107;MONTEUX
BSS002DPFQ;2018-05-11;2.53;31.56;4.97662354957194;44.0200595244107;MONTEUX
BSS002DPFQ;2018-05-12;2.59;31.5;4.97662354957194;44.0200595244107;MONTEUX
BSS002DPFQ;2018-05-13;2.57;31.52;4.97662354957194;44.0200595244107;MONTEUX
BSS002DPFQ;2018-05-14;2.56;31.53;4.97662354957194;44.0200595244107;MONTEUX
BSS002DPFQ;2018-05-15;2.56;31.53;4.97662354957194;44.0200595244107;MONTEUX
BSS002DPFQ;2018-05-16;2.57;31.52;4.97662354957194;44.0200595244107;MONTEUX
BSS002DPFQ;2018-05-17;2.62;31.47;4.97662354957194;44.0200595244107;MONTEUX
BSS002DPFQ;2018-05-18;2.69;31.4;4.97662354957194;44.0200595244107;MONTEUX
BSS002DPFQ;2018-05-19;2.87;31.22;4.97662354957194;44.0200595244107;MONTEUX
BSS002DPFQ;2018-05-20;2.93;31.16;4.97662354957194;44.0200595244107;MONTEUX
BSS002DPFQ;2018-05-21;2.96;31.13;4.97662354957194;44.0200595244107;MONTEUX
BSS002DPFQ;2018-05-22;2.96;31.13;4.97662354957194;44.0200595244107;MONTEUX
BSS002DPFQ;2018-05-23;3.01;31.08;4.97662354957194;44.0200595244107;MONTEUX
BSS002DPFQ;2018-05-24;3.06;31.03;4.97662354957194;44.0200595244107;MONTEUX
BSS002DPFQ;2018-05-25;3.07;31.02;4.97662354957194;44.0200595244107;MONTEUX
BSS002DPFQ;2018-05-26;3.14;30.95;4.97662354957194;44.0200595244107;MONTEUX
BSS002DPFQ;2018-05-27;3.12;30.97;4.97662354957194;44.0200595244107;MONTEUX
BSS002DPFQ;2018-05-28;3.1;30.99;4.97662354957194;44.0200595244107;MONTEUX
BSS002DPFQ;2018-05-29;3.09;31.0;4.97662354957194;44.0200595244107;MONTEUX
BSS002DPFQ;2018-05-30;3.09;31.0;4.97662354957194;44.0200595244107;MONTEUX
BSS002DPFQ;2018-05-31;3.19;30.9;4.97662354957194;44.0200595244107;MONTEUX
BSS002DPFQ;2018-06-01;3.2;30.89;4.97662354957194;44.0200595244107;MONTEUX
BSS002DPFQ;2018-06-02;3.2;30.89;4.97662354957194;44.0200595244107;MONTEUX
BSS002DPFQ;2018-06-03;3.32;30.77;4.97662354957194;44.0200595244107;MONTEUX
BSS002DPFQ;2018-06-04;3.25;30.84;4.97662354957194;44.0200595244107;MONTEUX
BSS002DPFQ;2018-06-05;3.21;30.88;4.97662354957194;44.0200595244107;MONTEUX
BSS002DPFQ;2018-06-06;3.21;30.88;4.97662354957194;44.0200595244107;MONTEUX
BSS002DPFQ;2018-06-07;3.21;30.88;4.97662354957194;44.0200595244107;MONTEUX
BSS002DPFQ;2018-06-08;3.09;31.0;4.97662354957194;44.0200595244107;MONTEUX
BSS002DPFQ;2018-06-09;2.85;31.24;4.97662354957194;44.0200595244107;MONTEUX
BSS002DPFQ;2018-06-10;2.73;31.36;4.97662354957194;44.0200595244107;MONTEUX
BSS002DPFQ;2018-06-11;2.66;31.43;4.97662354957194;44.0200595244107;MONTEUX
BSS002DPFQ;2018-06-12;2.55;31.54;4.97662354957194;44.0200595244107;MONTEUX
BSS002DPFQ;2018-06-13;2.51;31.58;4.97662354957194;44.0200595244107;MONTEUX
BSS002DPFQ;2018-06-14;2.49;31.6;4.97662354957194;44.0200595244107;MONTEUX
BSS002DPFQ;2018-06-15;2.46;31.63;4.97662354957194;44.0200595244107;MONTEUX
BSS002DPFQ;2018-06-16;2.44;31.65;4.97662354957194;44.0200595244107;MONTEUX
BSS002DPFQ;2018-06-17;2.43;31.66;4.97662354957194;44.0200595244107;MONTEUX
BSS002DPFQ;2018-06-18;2.43;31.66;4.97662354957194;44.0200595244107;MONTEUX
BSS002DPFQ;2018-06-19;2.42;31.67;4.97662354957194;44.0200595244107;MONTEUX
BSS002DPFQ;2018-06-20;2.48;31.61;4.97662354957194;44.0200595244107;MONTEUX
BSS002DPFQ;2018-06-21;2.48;31.61;4.97662354957194;44.0200595244107;MONTEUX
BSS002DPFQ;2018-06-22;2.65;31.44;4.97662354957194;44.0200595244107;MONTEUX
BSS002DPFQ;2018-06-23;2.78;31.31;4.97662354957194;44.0200595244107;MONTEUX
BSS002DPFQ;2018-06-24;2.76;31.33;4.97662354957194;44.0200595244107;MONTEUX
BSS002DPFQ;2018-06-25;2.79;31.3;4.97662354957194;44.0200595244107;MONTEUX
BSS002DPFQ;2018-06-26;2.85;31.24;4.97662354957194;44.0200595244107;MONTEUX
BSS002DPFQ;2018-06-27;2.83;31.26;4.97662354957194;44.0200595244107;MONTEUX
BSS002DPFQ;2018-06-28;2.82;31.27;4.97662354957194;44.0200595244107;MONTEUX
BSS002DPFQ;2018-06-29;3.11;30.98;4.97662354957194;44.0200595244107;MONTEUX
BSS002DPFQ;2018-06-30;3.1;30.99;4.97662354957194;44.0200595244107;MONTEUX
BSS002DPFQ;2018-07-01;3.08;31.01;4.97662354957194;44.0200595244107;MONTEUX
BSS002DPFQ;2018-07-02;3.1;30.99;4.97662354957194;44.0200595244107;MONTEUX
BSS002DPFQ;2018-07-03;3.09;31.0;4.97662354957194;44.0200595244107;MONTEUX
BSS002DPFQ;2018-07-04;3.31;30.78;4.97662354957194;44.0200595244107;MONTEUX
BSS002DPFQ;2018-07-05;3.37;30.72;4.97662354957194;44.0200595244107;MONTEUX
BSS002DPFQ;2018-07-06;3.46;30.63;4.97662354957194;44.0200595244107;MONTEUX
BSS002DPFQ;2018-07-07;3.83;30.26;4.97662354957194;44.0200595244107;MONTEUX
BSS002DPFQ;2018-07-08;3.93;30.16;4.97662354957194;44.0200595244107;MONTEUX
BSS002DPFQ;2018-07-09;3.91;30.18;4.97662354957194;44.0200595244107;MONTEUX
BSS002DPFQ;2018-07-10;3.8;30.29;4.97662354957194;44.0200595244107;MONTEUX
BSS002DPFQ;2018-07-11;3.78;30.31;4.97662354957194;44.0200595244107;MONTEUX
BSS002DPFQ;2018-07-12;3.79;30.3;4.97662354957194;44.0200595244107;MONTEUX
BSS002DPFQ;2018-07-13;3.85;30.24;4.97662354957194;44.0200595244107;MONTEUX
BSS002DPFQ;2018-07-14;3.88;30.21;4.97662354957194;44.0200595244107;MONTEUX
BSS002DPFQ;2018-07-15;3.87;30.22;4.97662354957194;44.0200595244107;MONTEUX
BSS002DPFQ;2018-07-16;3.86;30.23;4.97662354957194;44.0200595244107;MONTEUX
BSS002DPFQ;2018-07-17;3.86;30.23;4.97662354957194;44.0200595244107;MONTEUX
BSS002DPFQ;2018-07-18;3.94;30.15;4.97662354957194;44.0200595244107;MONTEUX
BSS002DPFQ;2018-07-19;3.93;30.16;4.97662354957194;44.0200595244107;MONTEUX
BSS002DPFQ;2018-07-20;3.99;30.1;4.97662354957194;44.0200595244107;MONTEUX
BSS002DPFQ;2018-07-21;3.93;30.16;4.97662354957194;44.0200595244107;MONTEUX
BSS002DPFQ;2018-07-22;3.92;30.17;4.97662354957194;44.0200595244107;MONTEUX
BSS002DPFQ;2018-07-23;3.95;30.14;4.97662354957194;44.0200595244107;MONTEUX
BSS002DPFQ;2018-07-24;4.02;30.07;4.97662354957194;44.0200595244107;MONTEUX
BSS002DPFQ;2018-07-25;4.07;30.02;4.97662354957194;44.0200595244107;MONTEUX
BSS002DPFQ;2018-07-26;4.07;30.02;4.97662354957194;44.0200595244107;MONTEUX
BSS002DPFQ;2018-07-27;4.06;30.03;4.97662354957194;44.0200595244107;MONTEUX
BSS002DPFQ;2018-07-28;4.08;30.01;4.97662354957194;44.0200595244107;MONTEUX
BSS002DPFQ;2018-07-29;4.03;30.06;4.97662354957194;44.0200595244107;MONTEUX
BSS002DPFQ;2018-07-30;4.03;30.06;4.97662354957194;44.0200595244107;MONTEUX
BSS002DPFQ;2018-07-31;4.15;29.94;4.97662354957194;44.0200595244107;MONTEUX
BSS002DPFQ;2018-08-01;4.09;30.0;4.97662354957194;44.0200595244107;MONTEUX
BSS002DPFQ;2018-08-02;4.1;29.99;4.97662354957194;44.0200595244107;MONTEUX
BSS002DPFQ;2018-08-03;4.18;29.91;4.97662354957194;44.0200595244107;MONTEUX
BSS002DPFQ;2018-08-04;4.28;29.81;4.97662354957194;44.0200595244107;MONTEUX
BSS002DPFQ;2018-08-05;4.49;29.6;4.97662354957194;44.0200595244107;MONTEUX
BSS002DPFQ;2018-08-06;4.49;29.6;4.97662354957194;44.0200595244107;MONTEUX
BSS002DPFQ;2018-08-07;4.47;29.62;4.97662354957194;44.0200595244107;MONTEUX
BSS002DPFQ;2018-08-08;4.31;29.78;4.97662354957194;44.0200595244107;MONTEUX
BSS002DPFQ;2018-08-09;4.17;29.92;4.97662354957194;44.0200595244107;MONTEUX
BSS002DPFQ;2018-08-10;4.11;29.98;4.97662354957194;44.0200595244107;MONTEUX
BSS002DPFQ;2018-08-11;4.08;30.01;4.97662354957194;44.0200595244107;MONTEUX
BSS002DPFQ;2018-08-12;4.09;30.0;4.97662354957194;44.0200595244107;MONTEUX
BSS002DPFQ;2018-08-13;4.09;30.0;4.97662354957194;44.0200595244107;MONTEUX
BSS002DPFQ;2018-08-14;3.98;30.11;4.97662354957194;44.0200595244107;MONTEUX
BSS002DPFQ;2018-08-15;3.87;30.22;4.97662354957194;44.0200595244107;MONTEUX
BSS002DPFQ;2018-08-16;3.8;30.29;4.97662354957194;44.0200595244107;MONTEUX
BSS002DPFQ;2018-08-17;3.73;30.36;4.97662354957194;44.0200595244107;MONTEUX
BSS002DPFQ;2018-08-18;3.69;30.4;4.97662354957194;44.0200595244107;MONTEUX
BSS002DPFQ;2018-08-19;3.69;30.4;4.97662354957194;44.0200595244107;MONTEUX
BSS002DPFQ;2018-08-20;3.66;30.43;4.97662354957194;44.0200595244107;MONTEUX
BSS002DPFQ;2018-08-21;3.58;30.51;4.97662354957194;44.0200595244107;MONTEUX
BSS002DPFQ;2018-08-22;3.52;30.57;4.97662354957194;44.0200595244107;MONTEUX
BSS002DPFQ;2018-08-23;3.57;30.52;4.97662354957194;44.0200595244107;MONTEUX
BSS002DPFQ;2018-08-24;3.59;30.5;4.97662354957194;44.0200595244107;MONTEUX
BSS002DPFQ;2018-08-25;3.57;30.52;4.97662354957194;44.0200595244107;MONTEUX
BSS002DPFQ;2018-08-26;3.54;30.55;4.97662354957194;44.0200595244107;MONTEUX
BSS002DPFQ;2018-08-27;3.54;30.55;4.97662354957194;44.0200595244107;MONTEUX
BSS002DPFQ;2018-08-28;3.54;30.55;4.97662354957194;44.0200595244107;MONTEUX
BSS002DPFQ;2018-08-29;3.55;30.54;4.97662354957194;44.0200595244107;MONTEUX
BSS002DPFQ;2018-08-30;3.68;30.41;4.97662354957194;44.0200595244107;MONTEUX
BSS002DPFQ;2018-08-31;3.74;30.35;4.97662354957194;44.0200595244107;MONTEUX
BSS002DPFQ;2018-09-01;3.74;30.35;4.97662354957194;44.0200595244107;MONTEUX
BSS002DPFQ;2018-09-02;3.76;30.33;4.97662354957194;44.0200595244107;MONTEUX
BSS002DPFQ;2018-09-03;3.84;30.25;4.97662354957194;44.0200595244107;MONTEUX
BSS002DPFQ;2018-09-04;3.78;30.31;4.97662354957194;44.0200595244107;MONTEUX
BSS002DPFQ;2018-09-05;3.75;30.34;4.97662354957194;44.0200595244107;MONTEUX
BSS002DPFQ;2018-09-06;3.74;30.35;4.97662354957194;44.0200595244107;MONTEUX
BSS002DPFQ;2018-09-07;3.8;30.29;4.97662354957194;44.0200595244107;MONTEUX
BSS002DPFQ;2018-09-08;3.85;30.24;4.97662354957194;44.0200595244107;MONTEUX
BSS002DPFQ;2018-09-09;3.89;30.2;4.97662354957194;44.0200595244107;MONTEUX
BSS002DPFQ;2018-09-10;4.03;30.06;4.97662354957194;44.0200595244107;MONTEUX
BSS002DPFQ;2018-09-11;4.12;29.97;4.97662354957194;44.0200595244107;MONTEUX
BSS002DPFQ;2018-09-12;4.25;29.84;4.97662354957194;44.0200595244107;MONTEUX
BSS002DPFQ;2018-09-13;4.33;29.76;4.97662354957194;44.0200595244107;MONTEUX
BSS002DPFQ;2018-09-14;4.34;29.75;4.97662354957194;44.0200595244107;MONTEUX
BSS002DPFQ;2018-09-15;4.4;29.69;4.97662354957194;44.0200595244107;MONTEUX
BSS002DPFQ;2018-09-16;4.45;29.64;4.97662354957194;44.0200595244107;MONTEUX
BSS002DPFQ;2018-09-17;4.5;29.59;4.97662354957194;44.0200595244107;MONTEUX
BSS002DPFQ;2018-09-18;4.51;29.58;4.97662354957194;44.0200595244107;MONTEUX
BSS002DPFQ;2018-09-19;4.45;29.64;4.97662354957194;44.0200595244107;MONTEUX
BSS002DPFQ;2018-09-20;4.37;29.72;4.97662354957194;44.0200595244107;MONTEUX
BSS002DPFQ;2018-09-21;4.37;29.72;4.97662354957194;44.0200595244107;MONTEUX
BSS002DPFQ;2018-09-22;4.37;29.72;4.97662354957194;44.0200595244107;MONTEUX
BSS002DPFQ;2018-09-23;4.38;29.71;4.97662354957194;44.0200595244107;MONTEUX
BSS002DPFQ;2018-09-24;4.38;29.71;4.97662354957194;44.0200595244107;MONTEUX
BSS002DPFQ;2018-09-25;4.41;29.68;4.97662354957194;44.0200595244107;MONTEUX
BSS002DPFQ;2018-09-26;4.24;29.85;4.97662354957194;44.0200595244107;MONTEUX
BSS002DPFQ;2018-09-27;4.11;29.98;4.97662354957194;44.0200595244107;MONTEUX
BSS002DPFQ;2018-09-28;4.0;30.09;4.97662354957194;44.0200595244107;MONTEUX
BSS002DPFQ;2018-09-29;3.97;30.12;4.97662354957194;44.0200595244107;MONTEUX
BSS002DPFQ;2018-09-30;3.92;30.17;4.97662354957194;44.0200595244107;MONTEUX
BSS002DPFQ;2018-10-01;3.88;30.21;4.97662354957194;44.0200595244107;MONTEUX
BSS002DPFQ;2018-10-02;3.85;30.24;4.97662354957194;44.0200595244107;MONTEUX
BSS002DPFQ;2018-10-03;3.85;30.24;4.97662354957194;44.0200595244107;MONTEUX
BSS002DPFQ;2018-10-04;3.84;30.25;4.97662354957194;44.0200595244107;MONTEUX
BSS002DPFQ;2018-10-05;3.82;30.27;4.97662354957194;44.0200595244107;MONTEUX
BSS002DPFQ;2018-10-06;3.8;30.29;4.97662354957194;44.0200595244107;MONTEUX
BSS002DPFQ;2018-10-07;3.76;30.33;4.97662354957194;44.0200595244107;MONTEUX
BSS002DPFQ;2018-10-08;3.73;30.36;4.97662354957194;44.0200595244107;MONTEUX
BSS002DPFQ;2018-10-09;3.71;30.38;4.97662354957194;44.0200595244107;MONTEUX
BSS002DPFQ;2018-10-10;3.65;30.44;4.97662354957194;44.0200595244107;MONTEUX
BSS002DPFQ;2018-10-11;3.65;30.44;4.97662354957194;44.0200595244107;MONTEUX
BSS002DPFQ;2018-10-12;3.67;30.42;4.97662354957194;44.0200595244107;MONTEUX
BSS002DPFQ;2018-10-13;3.64;30.45;4.97662354957194;44.0200595244107;MONTEUX
BSS002DPFQ;2018-10-14;3.61;30.48;4.97662354957194;44.0200595244107;MONTEUX
BSS002DPFQ;2018-10-15;3.57;30.52;4.97662354957194;44.0200595244107;MONTEUX
BSS002DPFQ;2018-10-16;3.55;30.54;4.97662354957194;44.0200595244107;MONTEUX
BSS002DPFQ;2018-10-17;3.52;30.57;4.97662354957194;44.0200595244107;MONTEUX
BSS002DPFQ;2018-10-18;3.5;30.59;4.97662354957194;44.0200595244107;MONTEUX
BSS002DPFQ;2018-10-19;3.49;30.6;4.97662354957194;44.0200595244107;MONTEUX
BSS002DPFQ;2018-10-20;3.47;30.62;4.97662354957194;44.0200595244107;MONTEUX
BSS002DPFQ;2018-10-21;3.43;30.66;4.97662354957194;44.0200595244107;MONTEUX
BSS002DPFQ;2018-10-22;3.44;30.65;4.97662354957194;44.0200595244107;MONTEUX
BSS002DPFQ;2018-10-23;3.41;30.68;4.97662354957194;44.0200595244107;MONTEUX
BSS002DPFQ;2018-10-24;3.38;30.71;4.97662354957194;44.0200595244107;MONTEUX
BSS002DPFQ;2018-10-25;3.38;30.71;4.97662354957194;44.0200595244107;MONTEUX
BSS002DPFQ;2018-10-26;3.35;30.74;4.97662354957194;44.0200595244107;MONTEUX
BSS002DPFQ;2018-10-27;3.32;30.77;4.97662354957194;44.0200595244107;MONTEUX
BSS002DPFQ;2018-10-28;3.31;30.78;4.97662354957194;44.0200595244107;MONTEUX
BSS002DPFQ;2018-10-29;3.16;30.93;4.97662354957194;44.0200595244107;MONTEUX
BSS002DPFQ;2018-10-30;3.06;31.03;4.97662354957194;44.0200595244107;MONTEUX
BSS002DPFQ;2018-10-31;3.01;31.08;4.97662354957194;44.0200595244107;MONTEUX
BSS002DPFQ;2018-11-01;3.02;31.07;4.97662354957194;44.0200595244107;MONTEUX
BSS002DPFQ;2018-11-02;3.03;31.06;4.97662354957194;44.0200595244107;MONTEUX
BSS002DPFQ;2018-11-03;2.99;31.1;4.97662354957194;44.0200595244107;MONTEUX
BSS002DPFQ;2018-11-04;2.93;31.16;4.97662354957194;44.0200595244107;MONTEUX
BSS002DPFQ;2018-11-05;2.88;31.21;4.97662354957194;44.0200595244107;MONTEUX
BSS002DPFQ;2018-11-06;2.81;31.28;4.97662354957194;44.0200595244107;MONTEUX
BSS002DPFQ;2018-11-07;2.79;31.3;4.97662354957194;44.0200595244107;MONTEUX
BSS002DPFQ;2018-11-08;2.76;31.33;4.97662354957194;44.0200595244107;MONTEUX
BSS002DPFQ;2018-11-09;2.72;31.37;4.97662354957194;44.0200595244107;MONTEUX
BSS002DPFQ;2018-11-10;2.71;31.38;4.97662354957194;44.0200595244107;MONTEUX
BSS002DPFQ;2018-11-11;2.69;31.4;4.97662354957194;44.0200595244107;MONTEUX
BSS002DPFQ;2018-11-12;2.68;31.41;4.97662354957194;44.0200595244107;MONTEUX
BSS002DPFQ;2018-11-13;2.67;31.42;4.97662354957194;44.0200595244107;MONTEUX
BSS002DPFQ;2018-11-14;2.53;31.56;4.97662354957194;44.0200595244107;MONTEUX
BSS002DPFQ;2018-11-15;2.48;31.61;4.97662354957194;44.0200595244107;MONTEUX
BSS002DPFQ;2018-11-16;2.44;31.65;4.97662354957194;44.0200595244107;MONTEUX
BSS002DPFQ;2018-11-17;2.34;31.75;4.97662354957194;44.0200595244107;MONTEUX
BSS002DPFQ;2018-11-18;2.28;31.81;4.97662354957194;44.0200595244107;MONTEUX
BSS002DPFQ;2018-11-19;2.2;31.89;4.97662354957194;44.0200595244107;MONTEUX
BSS002DPFQ;2018-11-20;2.15;31.94;4.97662354957194;44.0200595244107;MONTEUX
BSS002DPFQ;2018-11-21;2.11;31.98;4.97662354957194;44.0200595244107;MONTEUX
BSS002DPFQ;2018-11-22;2.1;31.99;4.97662354957194;44.0200595244107;MONTEUX
BSS002DPFQ;2018-11-23;2.04;32.05;4.97662354957194;44.0200595244107;MONTEUX
BSS002DPFQ;2018-11-24;2.01;32.08;4.97662354957194;44.0200595244107;MONTEUX
BSS002DPFQ;2018-11-25;1.93;32.16;4.97662354957194;44.0200595244107;MONTEUX
BSS002DPFQ;2018-11-26;1.89;32.2;4.97662354957194;44.0200595244107;MONTEUX
BSS002DPFQ;2018-11-27;1.9;32.19;4.97662354957194;44.0200595244107;MONTEUX
BSS002DPFQ;2018-11-28;1.89;32.2;4.97662354957194;44.0200595244107;MONTEUX
BSS002DPFQ;2018-11-29;1.87;32.22;4.97662354957194;44.0200595244107;MONTEUX
BSS002DPFQ;2018-11-30;1.82;32.27;4.97662354957194;44.0200595244107;MONTEUX
BSS002DPFQ;2018-12-01;1.85;32.24;4.97662354957194;44.0200595244107;MONTEUX
BSS002DPFQ;2018-12-02;1.83;32.26;4.97662354957194;44.0200595244107;MONTEUX
BSS002DPFQ;2018-12-03;1.81;32.28;4.97662354957194;44.0200595244107;MONTEUX
BSS002DPFQ;2018-12-04;1.81;32.28;4.97662354957194;44.0200595244107;MONTEUX
BSS002DPFQ;2018-12-05;1.81;32.28;4.97662354957194;44.0200595244107;MONTEUX
BSS002DPFQ;2018-12-06;1.8;32.29;4.97662354957194;44.0200595244107;MONTEUX
BSS002DPFQ;2018-12-07;1.78;32.31;4.97662354957194;44.0200595244107;MONTEUX
BSS002DPFQ;2018-12-08;1.79;32.3;4.97662354957194;44.0200595244107;MONTEUX
BSS002DPFQ;2018-12-09;1.77;32.32;4.97662354957194;44.0200595244107;MONTEUX
BSS002DPFQ;2018-12-10;1.79;32.3;4.97662354957194;44.0200595244107;MONTEUX
BSS002DPFQ;2018-12-11;1.76;32.33;4.97662354957194;44.0200595244107;MONTEUX
BSS002DPFQ;2018-12-12;1.76;32.33;4.97662354957194;44.0200595244107;MONTEUX
BSS002DPFQ;2018-12-13;1.73;32.36;4.97662354957194;44.0200595244107;MONTEUX
BSS002DPFQ;2018-12-14;1.76;32.33;4.97662354957194;44.0200595244107;MONTEUX
BSS002DPFQ;2018-12-15;1.79;32.3;4.97662354957194;44.0200595244107;MONTEUX
BSS002DPFQ;2018-12-16;1.76;32.33;4.97662354957194;44.0200595244107;MONTEUX
BSS002DPFQ;2018-12-17;1.78;32.31;4.97662354957194;44.0200595244107;MONTEUX
BSS002DPFQ;2018-12-18;1.8;32.29;4.97662354957194;44.0200595244107;MONTEUX
BSS002DPFQ;2018-12-19;1.76;32.33;4.97662354957194;44.0200595244107;MONTEUX
BSS002DPFQ;2018-12-20;1.78;32.31;4.97662354957194;44.0200595244107;MONTEUX
BSS002DPFQ;2018-12-21;1.79;32.3;4.97662354957194;44.0200595244107;MONTEUX
BSS002DPFQ;2018-12-22;1.78;32.31;4.97662354957194;44.0200595244107;MONTEUX
BSS002DPFQ;2018-12-23;1.77;32.32;4.97662354957194;44.0200595244107;MONTEUX
BSS002DPFQ;2018-12-24;1.74;32.35;4.97662354957194;44.0200595244107;MONTEUX
BSS002DPFQ;2018-12-25;1.74;32.35;4.97662354957194;44.0200595244107;MONTEUX
BSS002DPFQ;2018-12-26;1.7;32.39;4.97662354957194;44.0200595244107;MONTEUX
BSS002DPFQ;2018-12-27;1.67;32.42;4.97662354957194;44.0200595244107;MONTEUX
BSS002DPFQ;2018-12-28;1.64;32.45;4.97662354957194;44.0200595244107;MONTEUX
BSS002DPFQ;2018-12-29;1.63;32.46;4.97662354957194;44.0200595244107;MONTEUX
BSS002DPFQ;2018-12-30;1.6;32.49;4.97662354957194;44.0200595244107;MONTEUX
BSS002DPFQ;2018-12-31;1.58;32.51;4.97662354957194;44.0200595244107;MONTEUX
BSS002DPFQ;2019-01-01;1.56;32.53;4.97662354957194;44.0200595244107;MONTEUX
BSS002DPFQ;2019-01-02;1.54;32.55;4.97662354957194;44.0200595244107;MONTEUX
BSS002DPFQ;2019-01-03;1.55;32.54;4.97662354957194;44.0200595244107;MONTEUX
BSS002DPFQ;2019-01-04;1.54;32.55;4.97662354957194;44.0200595244107;MONTEUX
BSS002DPFQ;2019-01-05;1.52;32.57;4.97662354957194;44.0200595244107;MONTEUX
BSS002DPFQ;2019-01-06;1.53;32.56;4.97662354957194;44.0200595244107;MONTEUX
BSS002DPFQ;2019-01-07;1.51;32.58;4.97662354957194;44.0200595244107;MONTEUX
BSS002DPFQ;2019-01-08;1.49;32.6;4.97662354957194;44.0200595244107;MONTEUX
BSS002DPFQ;2019-01-09;1.48;32.61;4.97662354957194;44.0200595244107;MONTEUX
BSS002DPFQ;2019-01-10;1.5;32.59;4.97662354957194;44.0200595244107;MONTEUX
BSS002DPFQ;2019-01-11;1.53;32.56;4.97662354957194;44.0200595244107;MONTEUX
BSS002DPFQ;2019-01-12;1.58;32.51;4.97662354957194;44.0200595244107;MONTEUX
BSS002DPFQ;2019-01-13;1.58;32.51;4.97662354957194;44.0200595244107;MONTEUX
BSS002DPFQ;2019-01-14;1.58;32.51;4.97662354957194;44.0200595244107;MONTEUX
BSS002DPFQ;2019-01-15;1.6;32.49;4.97662354957194;44.0200595244107;MONTEUX
BSS002DPFQ;2019-01-16;1.6;32.49;4.97662354957194;44.0200595244107;MONTEUX
BSS002DPFQ;2019-01-17;1.61;32.48;4.97662354957194;44.0200595244107;MONTEUX
BSS002DPFQ;2019-01-18;1.61;32.48;4.97662354957194;44.0200595244107;MONTEUX
BSS002DPFQ;2019-01-19;1.61;32.48;4.97662354957194;44.0200595244107;MONTEUX
BSS002DPFQ;2019-01-20;1.61;32.48;4.97662354957194;44.0200595244107;MONTEUX
BSS002DPFQ;2019-01-21;1.63;32.46;4.97662354957194;44.0200595244107;MONTEUX
BSS002DPFQ;2019-01-22;1.61;32.48;4.97662354957194;44.0200595244107;MONTEUX
BSS002DPFQ;2019-01-23;1.58;32.51;4.97662354957194;44.0200595244107;MONTEUX
BSS002DPFQ;2019-01-24;1.61;32.48;4.97662354957194;44.0200595244107;MONTEUX
BSS002DPFQ;2019-01-25;1.65;32.44;4.97662354957194;44.0200595244107;MONTEUX
BSS002DPFQ;2019-01-26;1.67;32.42;4.97662354957194;44.0200595244107;MONTEUX
BSS002DPFQ;2019-01-27;1.67;32.42;4.97662354957194;44.0200595244107;MONTEUX
BSS002DPFQ;2019-01-28;1.66;32.43;4.97662354957194;44.0200595244107;MONTEUX
BSS002DPFQ;2019-01-29;1.67;32.42;4.97662354957194;44.0200595244107;MONTEUX
BSS002DPFQ;2019-01-30;1.67;32.42;4.97662354957194;44.0200595244107;MONTEUX
BSS002DPFQ;2019-01-31;1.66;32.43;4.97662354957194;44.0200595244107;MONTEUX
BSS002DPFQ;2019-02-01;1.59;32.5;4.97662354957194;44.0200595244107;MONTEUX
BSS002DPFQ;2019-02-02;1.61;32.48;4.97662354957194;44.0200595244107;MONTEUX
BSS002DPFQ;2019-02-03;1.66;32.43;4.97662354957194;44.0200595244107;MONTEUX
BSS002DPFQ;2019-02-04;1.7;32.39;4.97662354957194;44.0200595244107;MONTEUX
BSS002DPFQ;2019-02-05;1.69;32.4;4.97662354957194;44.0200595244107;MONTEUX
BSS002DPFQ;2019-02-06;1.7;32.39;4.97662354957194;44.0200595244107;MONTEUX
BSS002DPFQ;2019-02-07;;;4.97662354957194;44.0200595244107;
BSS002DPFQ;2019-02-08;1.7;32.39;4.97662354957194;44.0200595244107;MONTEUX
BSS002DPFQ;2019-02-09;1.7;32.39;4.97662354957194;44.0200595244107;MONTEUX
BSS002DPFQ;2019-02-10;1.68;32.41;4.97662354957194;44.0200595244107;MONTEUX
BSS002DPFQ;2019-02-11;1.69;32.4;4.97662354957194;44.0200595244107;MONTEUX
BSS002DPFQ;2019-02-12;1.72;32.37;4.97662354957194;44.0200595244107;MONTEUX
BSS002DPFQ;2019-02-13;1.72;32.37;4.97662354957194;44.0200595244107;MONTEUX
BSS002DPFQ;2019-02-14;1.73;32.36;4.97662354957194;44.0200595244107;MONTEUX
BSS002DPFQ;2019-02-15;1.72;32.37;4.97662354957194;44.0200595244107;MONTEUX
BSS002DPFQ;2019-02-16;1.72;32.37;4.97662354957194;44.0200595244107;MONTEUX
BSS002DPFQ;2019-02-17;1.7;32.39;4.97662354957194;44.0200595244107;MONTEUX
BSS002DPFQ;2019-02-18;1.69;32.4;4.97662354957194;44.0200595244107;MONTEUX
BSS002DPFQ;2019-02-19;1.68;32.41;4.97662354957194;44.0200595244107;MONTEUX
BSS002DPFQ;2019-02-20;1.69;32.4;4.97662354957194;44.0200595244107;MONTEUX
BSS002DPFQ;2019-02-21;1.7;32.39;4.97662354957194;44.0200595244107;MONTEUX
BSS002DPFQ;2019-02-22;1.7;32.39;4.97662354957194;44.0200595244107;MONTEUX
BSS002DPFQ;2019-02-23;1.71;32.38;4.97662354957194;44.0200595244107;MONTEUX
BSS002DPFQ;2019-02-24;1.73;32.36;4.97662354957194;44.0200595244107;MONTEUX
BSS002DPFQ;2019-02-25;1.72;32.37;4.97662354957194;44.0200595244107;MONTEUX
BSS002DPFQ;2019-02-26;1.7;32.39;4.97662354957194;44.0200595244107;MONTEUX
BSS002DPFQ;2019-02-27;1.69;32.4;4.97662354957194;44.0200595244107;MONTEUX
BSS002DPFQ;2019-02-28;1.7;32.39;4.97662354957194;44.0200595244107;MONTEUX
BSS002DPFQ;2019-03-01;1.7;32.39;4.97662354957194;44.0200595244107;MONTEUX
BSS002DPFQ;2019-03-02;1.72;32.37;4.97662354957194;44.0200595244107;MONTEUX
BSS002DPFQ;2019-03-03;1.74;32.35;4.97662354957194;44.0200595244107;MONTEUX
BSS002DPFQ;2019-03-04;1.72;32.37;4.97662354957194;44.0200595244107;MONTEUX
BSS002DPFQ;2019-03-05;1.73;32.36;4.97662354957194;44.0200595244107;MONTEUX
BSS002DPFQ;2019-03-06;1.71;32.38;4.97662354957194;44.0200595244107;MONTEUX
BSS002DPFQ;2019-03-07;1.7;32.39;4.97662354957194;44.0200595244107;MONTEUX
BSS002DPFQ;2019-03-08;1.74;32.35;4.97662354957194;44.0200595244107;MONTEUX
BSS002DPFQ;2019-03-09;1.77;32.32;4.97662354957194;44.0200595244107;MONTEUX
BSS002DPFQ;2019-03-10;1.77;32.32;4.97662354957194;44.0200595244107;MONTEUX
BSS002DPFQ;2019-03-11;1.77;32.32;4.97662354957194;44.0200595244107;MONTEUX
BSS002DPFQ;2019-03-12;1.76;32.33;4.97662354957194;44.0200595244107;MONTEUX
BSS002DPFQ;2019-03-13;1.75;32.34;4.97662354957194;44.0200595244107;MONTEUX
BSS002DPFQ;2019-03-14;1.76;32.33;4.97662354957194;44.0200595244107;MONTEUX
BSS002DPFQ;2019-03-15;1.76;32.33;4.97662354957194;44.0200595244107;MONTEUX
BSS002DPFQ;2019-03-16;1.76;32.33;4.97662354957194;44.0200595244107;MONTEUX
BSS002DPFQ;2019-03-17;1.75;32.34;4.97662354957194;44.0200595244107;MONTEUX
BSS002DPFQ;2019-03-18;1.76;32.33;4.97662354957194;44.0200595244107;MONTEUX
BSS002DPFQ;2019-03-19;1.77;32.32;4.97662354957194;44.0200595244107;MONTEUX
BSS002DPFQ;2019-03-20;1.79;32.3;4.97662354957194;44.0200595244107;MONTEUX
BSS002DPFQ;2019-03-21;1.82;32.27;4.97662354957194;44.0200595244107;MONTEUX
BSS002DPFQ;2019-03-22;1.83;32.26;4.97662354957194;44.0200595244107;MONTEUX
BSS002DPFQ;2019-03-23;1.85;32.24;4.97662354957194;44.0200595244107;MONTEUX
BSS002DPFQ;2019-03-24;1.86;32.23;4.97662354957194;44.0200595244107;MONTEUX
BSS002DPFQ;2019-03-25;1.86;32.23;4.97662354957194;44.0200595244107;MONTEUX
BSS002DPFQ;2019-03-26;1.87;32.22;4.97662354957194;44.0200595244107;MONTEUX
BSS002DPFQ;2019-03-27;1.93;32.16;4.97662354957194;44.0200595244107;MONTEUX
BSS002DPFQ;2019-03-28;1.95;32.14;4.97662354957194;44.0200595244107;MONTEUX
BSS002DPFQ;2019-03-29;1.95;32.14;4.97662354957194;44.0200595244107;MONTEUX
BSS002DPFQ;2019-03-30;1.95;32.14;4.97662354957194;44.0200595244107;MONTEUX
BSS002DPFQ;2019-03-31;1.94;32.15;4.97662354957194;44.0200595244107;MONTEUX
BSS002DPFQ;2019-04-01;1.95;32.14;4.97662354957194;44.0200595244107;MONTEUX
BSS002DPFQ;2019-04-02;1.95;32.14;4.97662354957194;44.0200595244107;MONTEUX
BSS002DPFQ;2019-04-03;1.92;32.17;4.97662354957194;44.0200595244107;MONTEUX
BSS002DPFQ;2019-04-04;1.91;32.18;4.97662354957194;44.0200595244107;MONTEUX
BSS002DPFQ;2019-04-05;1.94;32.15;4.97662354957194;44.0200595244107;MONTEUX
BSS002DPFQ;2019-04-06;1.94;32.15;4.97662354957194;44.0200595244107;MONTEUX
BSS002DPFQ;2019-04-07;1.96;32.13;4.97662354957194;44.0200595244107;MONTEUX
BSS002DPFQ;2019-04-08;1.97;32.12;4.97662354957194;44.0200595244107;MONTEUX
BSS002DPFQ;2019-04-09;1.96;32.13;4.97662354957194;44.0200595244107;MONTEUX
BSS002DPFQ;2019-04-10;1.96;32.13;4.97662354957194;44.0200595244107;MONTEUX
BSS002DPFQ;2019-04-11;1.95;32.14;4.97662354957194;44.0200595244107;MONTEUX
BSS002DPFQ;2019-04-12;1.96;32.13;4.97662354957194;44.0200595244107;MONTEUX
BSS002DPFQ;2019-04-13;1.96;32.13;4.97662354957194;44.0200595244107;MONTEUX
BSS002DPFQ;2019-04-14;1.96;32.13;4.97662354957194;44.0200595244107;MONTEUX
BSS002DPFQ;2019-04-15;1.96;32.13;4.97662354957194;44.0200595244107;MONTEUX
BSS002DPFQ;2019-04-16;1.96;32.13;4.97662354957194;44.0200595244107;MONTEUX
BSS002DPFQ;2019-04-17;1.96;32.13;4.97662354957194;44.0200595244107;MONTEUX
BSS002DPFQ;2019-04-18;1.96;32.13;4.97662354957194;44.0200595244107;MONTEUX
BSS002DPFQ;2019-04-19;1.98;32.11;4.97662354957194;44.0200595244107;MONTEUX
BSS002DPFQ;2019-04-20;1.97;32.12;4.97662354957194;44.0200595244107;MONTEUX
BSS002DPFQ;2019-04-21;1.94;32.15;4.97662354957194;44.0200595244107;MONTEUX
BSS002DPFQ;2019-04-22;1.9;32.19;4.97662354957194;44.0200595244107;MONTEUX
BSS002DPFQ;2019-04-23;1.88;32.21;4.97662354957194;44.0200595244107;MONTEUX
BSS002DPFQ;2019-04-24;1.9;32.19;4.97662354957194;44.0200595244107;MONTEUX
BSS002DPFQ;2019-04-25;1.92;32.17;4.97662354957194;44.0200595244107;MONTEUX
BSS002DPFQ;2019-04-26;1.91;32.18;4.97662354957194;44.0200595244107;MONTEUX
BSS002DPFQ;2019-04-27;1.94;32.15;4.97662354957194;44.0200595244107;MONTEUX
BSS002DPFQ;2019-04-28;1.94;32.15;4.97662354957194;44.0200595244107;MONTEUX
BSS002DPFQ;2019-04-29;1.92;32.17;4.97662354957194;44.0200595244107;MONTEUX
BSS002DPFQ;2019-04-30;1.92;32.17;4.97662354957194;44.0200595244107;MONTEUX
BSS002DPFQ;2019-05-01;1.92;32.17;4.97662354957194;44.0200595244107;MONTEUX
BSS002DPFQ;2019-05-02;1.91;32.18;4.97662354957194;44.0200595244107;MONTEUX
BSS002DPFQ;2019-05-03;1.9;32.19;4.97662354957194;44.0200595244107;MONTEUX
BSS002DPFQ;2019-05-04;1.89;32.2;4.97662354957194;44.0200595244107;MONTEUX
BSS002DPFQ;2019-05-05;1.9;32.19;4.97662354957194;44.0200595244107;MONTEUX
BSS002DPFQ;2019-05-06;1.93;32.16;4.97662354957194;44.0200595244107;MONTEUX
BSS002DPFQ;2019-05-07;1.95;32.14;4.97662354957194;44.0200595244107;MONTEUX
BSS002DPFQ;2019-05-08;1.93;32.16;4.97662354957194;44.0200595244107;MONTEUX
BSS002DPFQ;2019-05-09;1.92;32.17;4.97662354957194;44.0200595244107;MONTEUX
BSS002DPFQ;2019-05-10;1.93;32.16;4.97662354957194;44.0200595244107;MONTEUX
BSS002DPFQ;2019-05-11;1.94;32.15;4.97662354957194;44.0200595244107;MONTEUX
BSS002DPFQ;2019-05-12;1.95;32.14;4.97662354957194;44.0200595244107;MONTEUX
BSS002DPFQ;2019-05-13;1.97;32.12;4.97662354957194;44.0200595244107;MONTEUX
BSS002DPFQ;2019-05-14;1.94;32.15;4.97662354957194;44.0200595244107;MONTEUX
BSS002DPFQ;2019-05-15;1.94;32.15;4.97662354957194;44.0200595244107;MONTEUX
BSS002DPFQ;2019-05-16;1.94;32.15;4.97662354957194;44.0200595244107;MONTEUX
BSS002DPFQ;2019-05-17;1.94;32.15;4.97662354957194;44.0200595244107;MONTEUX
BSS002DPFQ;2019-05-18;1.94;32.15;4.97662354957194;44.0200595244107;MONTEUX
BSS002DPFQ;2019-05-19;1.96;32.13;4.97662354957194;44.0200595244107;MONTEUX
BSS002DPFQ;2019-05-20;1.96;32.13;4.97662354957194;44.0200595244107;MONTEUX
BSS002DPFQ;2019-05-21;1.98;32.11;4.97662354957194;44.0200595244107;MONTEUX
BSS002DPFQ;2019-05-22;1.99;32.1;4.97662354957194;44.0200595244107;MONTEUX
BSS002DPFQ;2019-05-23;2.02;32.07;4.97662354957194;44.0200595244107;MONTEUX
BSS002DPFQ;2019-05-24;2.03;32.06;4.97662354957194;44.0200595244107;MONTEUX
BSS002DPFQ;2019-05-25;2.05;32.04;4.97662354957194;44.0200595244107;MONTEUX
BSS002DPFQ;2019-05-26;2.06;32.03;4.97662354957194;44.0200595244107;MONTEUX
BSS002DPFQ;2019-05-27;2.06;32.03;4.97662354957194;44.0200595244107;MONTEUX
BSS002DPFQ;2019-05-28;2.07;32.02;4.97662354957194;44.0200595244107;MONTEUX
BSS002DPFQ;2019-05-29;2.1;31.99;4.97662354957194;44.0200595244107;MONTEUX
BSS002DPFQ;2019-05-30;2.14;31.95;4.97662354957194;44.0200595244107;MONTEUX
BSS002DPFQ;2019-05-31;2.17;31.92;4.97662354957194;44.0200595244107;MONTEUX
BSS002DPFQ;2019-06-01;2.19;31.9;4.97662354957194;44.0200595244107;MONTEUX
BSS002DPFQ;2019-06-02;2.19;31.9;4.97662354957194;44.0200595244107;MONTEUX
BSS002DPFQ;2019-06-03;2.2;31.89;4.97662354957194;44.0200595244107;MONTEUX
BSS002DPFQ;2019-06-04;2.21;31.88;4.97662354957194;44.0200595244107;MONTEUX
BSS002DPFQ;2019-06-05;2.34;31.75;4.97662354957194;44.0200595244107;MONTEUX
BSS002DPFQ;2019-06-06;2.58;31.51;4.97662354957194;44.0200595244107;MONTEUX
BSS002DPFQ;2019-06-07;2.94;31.15;4.97662354957194;44.0200595244107;MONTEUX
BSS002DPFQ;2019-06-08;3.14;30.95;4.97662354957194;44.0200595244107;MONTEUX
BSS002DPFQ;2019-06-09;3.27;30.82;4.97662354957194;44.0200595244107;MONTEUX
BSS002DPFQ;2019-06-10;3.39;30.7;4.97662354957194;44.0200595244107;MONTEUX
BSS002DPFQ;2019-06-11;3.41;30.68;4.97662354957194;44.0200595244107;MONTEUX
BSS002DPFQ;2019-06-12;3.41;30.68;4.97662354957194;44.0200595244107;MONTEUX
BSS002DPFQ;2019-06-13;3.43;30.66;4.97662354957194;44.0200595244107;MONTEUX
BSS002DPFQ;2019-06-14;3.46;30.63;4.97662354957194;44.0200595244107;MONTEUX
BSS002DPFQ;2019-06-15;3.49;30.6;4.97662354957194;44.0200595244107;MONTEUX
BSS002DPFQ;2019-06-16;3.52;30.57;4.97662354957194;44.0200595244107;MONTEUX
BSS002DPFQ;2019-06-17;3.56;30.53;4.97662354957194;44.0200595244107;MONTEUX
BSS002DPFQ;2019-06-18;3.66;30.43;4.97662354957194;44.0200595244107;MONTEUX
BSS002DPFQ;2019-06-19;3.69;30.4;4.97662354957194;44.0200595244107;MONTEUX
BSS002DPFQ;2019-06-20;3.72;30.37;4.97662354957194;44.0200595244107;MONTEUX
BSS002DPFQ;2019-06-21;3.74;30.35;4.97662354957194;44.0200595244107;MONTEUX
BSS002DPFQ;2019-06-22;3.8;30.29;4.97662354957194;44.0200595244107;MONTEUX
BSS002DPFQ;2019-06-23;3.82;30.27;4.97662354957194;44.0200595244107;MONTEUX
BSS002DPFQ;2019-06-24;3.87;30.22;4.97662354957194;44.0200595244107;MONTEUX
BSS002DPFQ;2019-06-25;3.92;30.17;4.97662354957194;44.0200595244107;MONTEUX
BSS002DPFQ;2019-06-26;3.97;30.12;4.97662354957194;44.0200595244107;MONTEUX
BSS002DPFQ;2019-06-27;4.07;30.02;4.97662354957194;44.0200595244107;MONTEUX
BSS002DPFQ;2019-06-28;4.07;30.02;4.97662354957194;44.0200595244107;MONTEUX
BSS002DPFQ;2019-06-29;4.11;29.98;4.97662354957194;44.0200595244107;MONTEUX
BSS002DPFQ;2019-06-30;4.14;29.95;4.97662354957194;44.0200595244107;MONTEUX
BSS002DPFQ;2019-07-01;4.17;29.92;4.97662354957194;44.0200595244107;MONTEUX
BSS002DPFQ;2019-07-02;4.2;29.89;4.97662354957194;44.0200595244107;MONTEUX
BSS002DPFQ;2019-07-03;4.26;29.83;4.97662354957194;44.0200595244107;MONTEUX
BSS002DPFQ;2019-07-04;4.33;29.76;4.97662354957194;44.0200595244107;MONTEUX
BSS002DPFQ;2019-07-05;4.35;29.74;4.97662354957194;44.0200595244107;MONTEUX
BSS002DPFQ;2019-07-06;4.37;29.72;4.97662354957194;44.0200595244107;MONTEUX
BSS002DPFQ;2019-07-07;4.3;29.79;4.97662354957194;44.0200595244107;MONTEUX
BSS002DPFQ;2019-07-08;4.31;29.78;4.97662354957194;44.0200595244107;MONTEUX
BSS002DPFQ;2019-07-09;4.38;29.71;4.97662354957194;44.0200595244107;MONTEUX
BSS002DPFQ;2019-07-10;4.3;29.79;4.97662354957194;44.0200595244107;MONTEUX
BSS002DPFQ;2019-07-11;4.3;29.79;4.97662354957194;44.0200595244107;MONTEUX
BSS002DPFQ;2019-07-12;4.21;29.88;4.97662354957194;44.0200595244107;MONTEUX
BSS002DPFQ;2019-07-13;3.92;30.17;4.97662354957194;44.0200595244107;MONTEUX
BSS002DPFQ;2019-07-14;3.78;30.31;4.97662354957194;44.0200595244107;MONTEUX
BSS002DPFQ;2019-07-15;3.71;30.38;4.97662354957194;44.0200595244107;MONTEUX
BSS002DPFQ;2019-07-16;3.85;30.24;4.97662354957194;44.0200595244107;MONTEUX
BSS002DPFQ;2019-07-17;4.04;30.05;4.97662354957194;44.0200595244107;MONTEUX
BSS002DPFQ;2019-07-18;4.08;30.01;4.97662354957194;44.0200595244107;MONTEUX
BSS002DPFQ;2019-07-19;4.14;29.95;4.97662354957194;44.0200595244107;MONTEUX
BSS002DPFQ;2019-07-20;4.18;29.91;4.97662354957194;44.0200595244107;MONTEUX
BSS002DPFQ;2019-07-21;4.19;29.9;4.97662354957194;44.0200595244107;MONTEUX
BSS002DPFQ;2019-07-22;4.21;29.88;4.97662354957194;44.0200595244107;MONTEUX
BSS002DPFQ;2019-07-23;4.34;29.75;4.97662354957194;44.0200595244107;MONTEUX
BSS002DPFQ;2019-07-24;4.62;29.47;4.97662354957194;44.0200595244107;MONTEUX
BSS002DPFQ;2019-07-25;4.53;29.56;4.97662354957194;44.0200595244107;MONTEUX
BSS002DPFQ;2019-07-26;4.45;29.64;4.97662354957194;44.0200595244107;MONTEUX
BSS002DPFQ;2019-07-27;4.39;29.7;4.97662354957194;44.0200595244107;MONTEUX
BSS002DPFQ;2019-07-28;4.4;29.69;4.97662354957194;44.0200595244107;MONTEUX
BSS002DPFQ;2019-07-29;4.41;29.68;4.97662354957194;44.0200595244107;MONTEUX
BSS002DPFQ;2019-07-30;4.41;29.68;4.97662354957194;44.0200595244107;MONTEUX
BSS002DPFQ;2019-07-31;4.41;29.68;4.97662354957194;44.0200595244107;MONTEUX
BSS002DPFQ;2019-08-01;4.4;29.69;4.97662354957194;44.0200595244107;MONTEUX
BSS002DPFQ;2019-08-02;3.91;30.18;4.97662354957194;44.0200595244107;MONTEUX
BSS002DPFQ;2019-08-03;3.89;30.2;4.97662354957194;44.0200595244107;MONTEUX
BSS002DPFQ;2019-08-04;3.89;30.2;4.97662354957194;44.0200595244107;MONTEUX
BSS002DPFQ;2019-08-05;3.88;30.21;4.97662354957194;44.0200595244107;MONTEUX
BSS002DPFQ;2019-08-06;3.85;30.24;4.97662354957194;44.0200595244107;MONTEUX
BSS002DPFQ;2019-08-07;3.81;30.28;4.97662354957194;44.0200595244107;MONTEUX
BSS002DPFQ;2019-08-08;3.8;30.29;4.97662354957194;44.0200595244107;MONTEUX
BSS002DPFQ;2019-08-09;3.79;30.3;4.97662354957194;44.0200595244107;MONTEUX
BSS002DPFQ;2019-08-10;3.77;30.32;4.97662354957194;44.0200595244107;MONTEUX
BSS002DPFQ;2019-08-11;3.73;30.36;4.97662354957194;44.0200595244107;MONTEUX
BSS002DPFQ;2019-08-12;3.72;30.37;4.97662354957194;44.0200595244107;MONTEUX
BSS002DPFQ;2019-08-13;3.68;30.41;4.97662354957194;44.0200595244107;MONTEUX
BSS002DPFQ;2019-08-14;3.65;30.44;4.97662354957194;44.0200595244107;MONTEUX
BSS002DPFQ;2019-08-15;3.65;30.44;4.97662354957194;44.0200595244107;MONTEUX
BSS002DPFQ;2019-08-16;3.63;30.46;4.97662354957194;44.0200595244107;MONTEUX
BSS002DPFQ;2019-08-17;3.6;30.49;4.97662354957194;44.0200595244107;MONTEUX
BSS002DPFQ;2019-08-18;3.58;30.51;4.97662354957194;44.0200595244107;MONTEUX
BSS002DPFQ;2019-08-19;3.57;30.52;4.97662354957194;44.0200595244107;MONTEUX
BSS002DPFQ;2019-08-20;3.51;30.58;4.97662354957194;44.0200595244107;MONTEUX
BSS002DPFQ;2019-08-21;3.48;30.61;4.97662354957194;44.0200595244107;MONTEUX
BSS002DPFQ;2019-08-22;3.36;30.73;4.97662354957194;44.0200595244107;MONTEUX
BSS002DPFQ;2019-08-23;3.25;30.84;4.97662354957194;44.0200595244107;MONTEUX
BSS002DPFQ;2019-08-24;3.3;30.79;4.97662354957194;44.0200595244107;MONTEUX
BSS002DPFQ;2019-08-25;3.37;30.72;4.97662354957194;44.0200595244107;MONTEUX
BSS002DPFQ;2019-08-26;3.4;30.69;4.97662354957194;44.0200595244107;MONTEUX
BSS002DPFQ;2019-08-27;3.42;30.67;4.97662354957194;44.0200595244107;MONTEUX
BSS002DPFQ;2019-08-28;3.44;30.65;4.97662354957194;44.0200595244107;MONTEUX
BSS002DPFQ;2019-08-29;3.46;30.63;4.97662354957194;44.0200595244107;MONTEUX
BSS002DPFQ;2019-08-30;3.54;30.55;4.97662354957194;44.0200595244107;MONTEUX
BSS002DPFQ;2019-08-31;3.66;30.43;4.97662354957194;44.0200595244107;MONTEUX
BSS002DPFQ;2019-09-01;3.71;30.38;4.97662354957194;44.0200595244107;MONTEUX
BSS002DPFQ;2019-09-02;3.72;30.37;4.97662354957194;44.0200595244107;MONTEUX
BSS002DPFQ;2019-09-03;3.73;30.36;4.97662354957194;44.0200595244107;MONTEUX
BSS002DPFQ;2019-09-04;3.71;30.38;4.97662354957194;44.0200595244107;MONTEUX
BSS002DPFQ;2019-09-05;3.72;30.37;4.97662354957194;44.0200595244107;MONTEUX
BSS002DPFQ;2019-09-06;3.73;30.36;4.97662354957194;44.0200595244107;MONTEUX
BSS002DPFQ;2019-09-07;3.74;30.35;4.97662354957194;44.0200595244107;MONTEUX
BSS002DPFQ;2019-09-08;3.75;30.34;4.97662354957194;44.0200595244107;MONTEUX
BSS002DPFQ;2019-09-09;3.77;30.32;4.97662354957194;44.0200595244107;MONTEUX
BSS002DPFQ;2019-09-10;3.77;30.32;4.97662354957194;44.0200595244107;MONTEUX
BSS002DPFQ;2019-09-11;3.77;30.32;4.97662354957194;44.0200595244107;MONTEUX
BSS002DPFQ;2019-09-12;3.8;30.29;4.97662354957194;44.0200595244107;MONTEUX
BSS002DPFQ;2019-09-13;3.83;30.26;4.97662354957194;44.0200595244107;MONTEUX
BSS002DPFQ;2019-09-14;3.83;30.26;4.97662354957194;44.0200595244107;MONTEUX
BSS002DPFQ;2019-09-15;3.85;30.24;4.97662354957194;44.0200595244107;MONTEUX
BSS002DPFQ;2019-09-16;3.85;30.24;4.97662354957194;44.0200595244107;MONTEUX
BSS002DPFQ;2019-09-17;3.88;30.21;4.97662354957194;44.0200595244107;MONTEUX
BSS002DPFQ;2019-09-18;3.89;30.2;4.97662354957194;44.0200595244107;MONTEUX
BSS002DPFQ;2019-09-19;3.91;30.18;4.97662354957194;44.0200595244107;MONTEUX
BSS002DPFQ;2019-09-20;3.93;30.16;4.97662354957194;44.0200595244107;MONTEUX
BSS002DPFQ;2019-09-21;3.9;30.19;4.97662354957194;44.0200595244107;MONTEUX
BSS002DPFQ;2019-09-22;3.87;30.22;4.97662354957194;44.0200595244107;MONTEUX
BSS002DPFQ;2019-09-23;3.86;30.23;4.97662354957194;44.0200595244107;MONTEUX
BSS002DPFQ;2019-09-24;3.86;30.23;4.97662354957194;44.0200595244107;MONTEUX
BSS002DPFQ;2019-09-25;3.8;30.29;4.97662354957194;44.0200595244107;MONTEUX
BSS002DPFQ;2019-09-26;3.78;30.31;4.97662354957194;44.0200595244107;MONTEUX
BSS002DPFQ;2019-09-27;3.79;30.3;4.97662354957194;44.0200595244107;MONTEUX
BSS002DPFQ;2019-09-28;3.76;30.33;4.97662354957194;44.0200595244107;MONTEUX
BSS002DPFQ;2019-09-29;3.74;30.35;4.97662354957194;44.0200595244107;MONTEUX
BSS002DPFQ;2019-09-30;3.7;30.39;4.97662354957194;44.0200595244107;MONTEUX
BSS002DPFQ;2019-10-01;3.67;30.42;4.97662354957194;44.0200595244107;MONTEUX
BSS002DPFQ;2019-10-02;3.66;30.43;4.97662354957194;44.0200595244107;MONTEUX
BSS002DPFQ;2019-10-03;3.65;30.44;4.97662354957194;44.0200595244107;MONTEUX
BSS002DPFQ;2019-10-04;3.65;30.44;4.97662354957194;44.0200595244107;MONTEUX
BSS002DPFQ;2019-10-05;3.65;30.44;4.97662354957194;44.0200595244107;MONTEUX
BSS002DPFQ;2019-10-06;3.63;30.46;4.97662354957194;44.0200595244107;MONTEUX
BSS002DPFQ;2019-10-07;3.63;30.46;4.97662354957194;44.0200595244107;MONTEUX
BSS002DPFQ;2019-10-08;3.64;30.45;4.97662354957194;44.0200595244107;MONTEUX
BSS002DPFQ;2019-10-09;3.67;30.42;4.97662354957194;44.0200595244107;MONTEUX
BSS002DPFQ;2019-10-10;3.68;30.41;4.97662354957194;44.0200595244107;MONTEUX
BSS002DPFQ;2019-10-11;3.64;30.45;4.97662354957194;44.0200595244107;MONTEUX
BSS002DPFQ;2019-10-12;3.59;30.5;4.97662354957194;44.0200595244107;MONTEUX
BSS002DPFQ;2019-10-13;3.56;30.53;4.97662354957194;44.0200595244107;MONTEUX
BSS002DPFQ;2019-10-14;3.49;30.6;4.97662354957194;44.0200595244107;MONTEUX
BSS002DPFQ;2019-10-15;3.45;30.64;4.97662354957194;44.0200595244107;MONTEUX
BSS002DPFQ;2019-10-16;3.42;30.67;4.97662354957194;44.0200595244107;MONTEUX
BSS002DPFQ;2019-10-17;3.4;30.69;4.97662354957194;44.0200595244107;MONTEUX
BSS002DPFQ;2019-10-18;3.35;30.74;4.97662354957194;44.0200595244107;MONTEUX
BSS002DPFQ;2019-10-19;3.31;30.78;4.97662354957194;44.0200595244107;MONTEUX
BSS002DPFQ;2019-10-20;3.3;30.79;4.97662354957194;44.0200595244107;MONTEUX
BSS002DPFQ;2019-10-21;3.27;30.82;4.97662354957194;44.0200595244107;MONTEUX
BSS002DPFQ;2019-10-22;3.2;30.89;4.97662354957194;44.0200595244107;MONTEUX
BSS002DPFQ;2019-10-23;3.13;30.96;4.97662354957194;44.0200595244107;MONTEUX
BSS002DPFQ;2019-10-24;3.13;30.96;4.97662354957194;44.0200595244107;MONTEUX
BSS002DPFQ;2019-10-25;3.13;30.96;4.97662354957194;44.0200595244107;MONTEUX
BSS002DPFQ;2019-10-26;3.1;30.99;4.97662354957194;44.0200595244107;MONTEUX
BSS002DPFQ;2019-10-27;3.07;31.02;4.97662354957194;44.0200595244107;MONTEUX
BSS002DPFQ;2019-10-28;3.02;31.07;4.97662354957194;44.0200595244107;MONTEUX
BSS002DPFQ;2019-10-29;2.97;31.12;4.97662354957194;44.0200595244107;MONTEUX
BSS002DPFQ;2019-10-30;2.95;31.14;4.97662354957194;44.0200595244107;MONTEUX
BSS002DPFQ;2019-10-31;2.91;31.18;4.97662354957194;44.0200595244107;MONTEUX
BSS002DPFQ;2019-11-01;2.86;31.23;4.97662354957194;44.0200595244107;MONTEUX
BSS002DPFQ;2019-11-02;2.77;31.32;4.97662354957194;44.0200595244107;MONTEUX
BSS002DPFQ;2019-11-03;2.74;31.35;4.97662354957194;44.0200595244107;MONTEUX
BSS002DPFQ;2019-11-04;2.7;31.39;4.97662354957194;44.0200595244107;MONTEUX
BSS002DPFQ;2019-11-05;2.67;31.42;4.97662354957194;44.0200595244107;MONTEUX
BSS002DPFQ;2019-11-06;2.6;31.49;4.97662354957194;44.0200595244107;MONTEUX
BSS002DPFQ;2019-11-07;2.52;31.57;4.97662354957194;44.0200595244107;MONTEUX
BSS002DPFQ;2019-11-08;2.48;31.61;4.97662354957194;44.0200595244107;MONTEUX
BSS002DPFQ;2019-11-09;2.46;31.63;4.97662354957194;44.0200595244107;MONTEUX
BSS002DPFQ;2019-11-10;2.43;31.66;4.97662354957194;44.0200595244107;MONTEUX
BSS002DPFQ;2019-11-11;2.38;31.71;4.97662354957194;44.0200595244107;MONTEUX
BSS002DPFQ;2019-11-12;2.33;31.76;4.97662354957194;44.0200595244107;MONTEUX
BSS002DPFQ;2019-11-13;2.29;31.8;4.97662354957194;44.0200595244107;MONTEUX
BSS002DPFQ;2019-11-14;2.2;31.89;4.97662354957194;44.0200595244107;MONTEUX
BSS002DPFQ;2019-11-15;2.17;31.92;4.97662354957194;44.0200595244107;MONTEUX
BSS002DPFQ;2019-11-16;2.09;32.0;4.97662354957194;44.0200595244107;MONTEUX
BSS002DPFQ;2019-11-17;1.98;32.11;4.97662354957194;44.0200595244107;MONTEUX
BSS002DPFQ;2019-11-18;1.91;32.18;4.97662354957194;44.0200595244107;MONTEUX
BSS002DPFQ;2019-11-19;1.86;32.23;4.97662354957194;44.0200595244107;MONTEUX
BSS002DPFQ;2019-11-20;1.8;32.29;4.97662354957194;44.0200595244107;MONTEUX
BSS002DPFQ;2019-11-21;1.76;32.33;4.97662354957194;44.0200595244107;MONTEUX
BSS002DPFQ;2019-11-22;1.71;32.38;4.97662354957194;44.0200595244107;MONTEUX
BSS002DPFQ;2019-11-23;1.62;32.47;4.97662354957194;44.0200595244107;MONTEUX
BSS002DPFQ;2019-11-24;1.62;32.47;4.97662354957194;44.0200595244107;MONTEUX
BSS002DPFQ;2019-11-25;1.6;32.49;4.97662354957194;44.0200595244107;MONTEUX
BSS002DPFQ;2019-11-26;1.55;32.54;4.97662354957194;44.0200595244107;MONTEUX
BSS002DPFQ;2019-11-27;1.51;32.58;4.97662354957194;44.0200595244107;MONTEUX
BSS002DPFQ;2019-11-28;1.51;32.58;4.97662354957194;44.0200595244107;MONTEUX
BSS002DPFQ;2019-11-29;1.51;32.58;4.97662354957194;44.0200595244107;MONTEUX
BSS002DPFQ;2019-11-30;1.49;32.6;4.97662354957194;44.0200595244107;MONTEUX
BSS002DPFQ;2019-12-01;1.41;32.68;4.97662354957194;44.0200595244107;MONTEUX
BSS002DPFQ;2019-12-02;1.41;32.68;4.97662354957194;44.0200595244107;MONTEUX
BSS002DPFQ;2019-12-03;1.41;32.68;4.97662354957194;44.0200595244107;MONTEUX
BSS002DPFQ;2019-12-04;1.37;32.72;4.97662354957194;44.0200595244107;MONTEUX
BSS002DPFQ;2019-12-05;1.39;32.7;4.97662354957194;44.0200595244107;MONTEUX
BSS002DPFQ;2019-12-06;1.38;32.71;4.97662354957194;44.0200595244107;MONTEUX
BSS002DPFQ;2019-12-07;1.37;32.72;4.97662354957194;44.0200595244107;MONTEUX
BSS002DPFQ;2019-12-08;1.36;32.73;4.97662354957194;44.0200595244107;MONTEUX
BSS002DPFQ;2019-12-09;1.34;32.75;4.97662354957194;44.0200595244107;MONTEUX
BSS002DPFQ;2019-12-10;1.36;32.73;4.97662354957194;44.0200595244107;MONTEUX
BSS002DPFQ;2019-12-11;1.33;32.76;4.97662354957194;44.0200595244107;MONTEUX
BSS002DPFQ;2019-12-12;1.3;32.79;4.97662354957194;44.0200595244107;MONTEUX
BSS002DPFQ;2019-12-13;1.25;32.84;4.97662354957194;44.0200595244107;MONTEUX
BSS002DPFQ;2019-12-14;1.3;32.79;4.97662354957194;44.0200595244107;MONTEUX
BSS002DPFQ;2019-12-15;1.31;32.78;4.97662354957194;44.0200595244107;MONTEUX
BSS002DPFQ;2019-12-16;1.29;32.8;4.97662354957194;44.0200595244107;MONTEUX
BSS002DPFQ;2019-12-17;1.28;32.81;4.97662354957194;44.0200595244107;MONTEUX
BSS002DPFQ;2019-12-18;1.3;32.79;4.97662354957194;44.0200595244107;MONTEUX
BSS002DPFQ;2019-12-19;1.28;32.81;4.97662354957194;44.0200595244107;MONTEUX
BSS002DPFQ;2019-12-20;1.19;32.9;4.97662354957194;44.0200595244107;MONTEUX
BSS002DPFQ;2019-12-21;1.18;32.91;4.97662354957194;44.0200595244107;MONTEUX
BSS002DPFQ;2019-12-22;1.17;32.92;4.97662354957194;44.0200595244107;MONTEUX
BSS002DPFQ;2019-12-23;1.21;32.88;4.97662354957194;44.0200595244107;MONTEUX
BSS002DPFQ;2019-12-24;1.21;32.88;4.97662354957194;44.0200595244107;MONTEUX
BSS002DPFQ;2019-12-25;1.18;32.91;4.97662354957194;44.0200595244107;MONTEUX
BSS002DPFQ;2019-12-26;1.17;32.92;4.97662354957194;44.0200595244107;MONTEUX
BSS002DPFQ;2019-12-27;1.15;32.94;4.97662354957194;44.0200595244107;MONTEUX
BSS002DPFQ;2019-12-28;1.14;32.95;4.97662354957194;44.0200595244107;MONTEUX
BSS002DPFQ;2019-12-29;1.13;32.96;4.97662354957194;44.0200595244107;MONTEUX
BSS002DPFQ;2019-12-30;1.12;32.97;4.97662354957194;44.0200595244107;MONTEUX
BSS002DPFQ;2019-12-31;1.1;32.99;4.97662354957194;44.0200595244107;MONTEUX
BSS002DPFQ;2020-01-01;1.09;33.0;4.97662354957194;44.0200595244107;MONTEUX
BSS002DPFQ;2020-01-02;1.08;33.01;4.97662354957194;44.0200595244107;MONTEUX
BSS002DPFQ;2020-01-03;1.06;33.03;4.97662354957194;44.0200595244107;MONTEUX
BSS002DPFQ;2020-01-04;1.04;33.05;4.97662354957194;44.0200595244107;MONTEUX
BSS002DPFQ;2020-01-05;1.04;33.05;4.97662354957194;44.0200595244107;MONTEUX
BSS002DPFQ;2020-01-06;1.04;33.05;4.97662354957194;44.0200595244107;MONTEUX
BSS002DPFQ;2020-01-07;1.03;33.06;4.97662354957194;44.0200595244107;MONTEUX
BSS002DPFQ;2020-01-08;1.06;33.03;4.97662354957194;44.0200595244107;MONTEUX
BSS002DPFQ;2020-01-09;1.06;33.03;4.97662354957194;44.0200595244107;MONTEUX
BSS002DPFQ;2020-01-10;1.06;33.03;4.97662354957194;44.0200595244107;MONTEUX
BSS002DPFQ;2020-01-11;1.09;33.0;4.97662354957194;44.0200595244107;MONTEUX
BSS002DPFQ;2020-01-12;1.11;32.98;4.97662354957194;44.0200595244107;MONTEUX
BSS002DPFQ;2020-01-13;1.1;32.99;4.97662354957194;44.0200595244107;MONTEUX
BSS002DPFQ;2020-01-14;1.11;32.98;4.97662354957194;44.0200595244107;MONTEUX
BSS002DPFQ;2020-01-15;1.13;32.96;4.97662354957194;44.0200595244107;MONTEUX
BSS002DPFQ;2020-01-16;1.15;32.94;4.97662354957194;44.0200595244107;MONTEUX
BSS002DPFQ;2020-01-17;1.13;32.96;4.97662354957194;44.0200595244107;MONTEUX
BSS002DPFQ;2020-01-18;1.14;32.95;4.97662354957194;44.0200595244107;MONTEUX
BSS002DPFQ;2020-01-19;1.15;32.94;4.97662354957194;44.0200595244107;MONTEUX
BSS002DPFQ;2020-01-20;1.18;32.91;4.97662354957194;44.0200595244107;MONTEUX
BSS002DPFQ;2020-01-21;1.19;32.9;4.97662354957194;44.0200595244107;MONTEUX
BSS002DPFQ;2020-01-22;1.17;32.92;4.97662354957194;44.0200595244107;MONTEUX
BSS002DPFQ;2020-01-23;1.17;32.92;4.97662354957194;44.0200595244107;MONTEUX
BSS002DPFQ;2020-01-24;1.16;32.93;4.97662354957194;44.0200595244107;MONTEUX
BSS002DPFQ;2020-01-25;1.16;32.93;4.97662354957194;44.0200595244107;MONTEUX
BSS002DPFQ;2020-01-26;1.17;32.92;4.97662354957194;44.0200595244107;MONTEUX
BSS002DPFQ;2020-01-27;1.16;32.93;4.97662354957194;44.0200595244107;MONTEUX
BSS002DPFQ;2020-01-28;1.16;32.93;4.97662354957194;44.0200595244107;MONTEUX
BSS002DPFQ;2020-01-29;1.18;32.91;4.97662354957194;44.0200595244107;MONTEUX
BSS002DPFQ;2020-01-30;1.18;32.91;4.97662354957194;44.0200595244107;MONTEUX
BSS002DPFQ;2020-01-31;1.18;32.91;4.97662354957194;44.0200595244107;MONTEUX
BSS002DPFQ;2020-02-01;1.2;32.89;4.97662354957194;44.0200595244107;MONTEUX
BSS002DPFQ;2020-02-02;1.21;32.88;4.97662354957194;44.0200595244107;MONTEUX
BSS002DPFQ;2020-02-03;1.21;32.88;4.97662354957194;44.0200595244107;MONTEUX
BSS002DPFQ;2020-02-04;1.2;32.89;4.97662354957194;44.0200595244107;MONTEUX
BSS002DPFQ;2020-02-05;1.22;32.87;4.97662354957194;44.0200595244107;MONTEUX
BSS002DPFQ;2020-02-06;1.22;32.87;4.97662354957194;44.0200595244107;MONTEUX
BSS002DPFQ;2020-02-07;1.23;32.86;4.97662354957194;44.0200595244107;MONTEUX
BSS002DPFQ;2020-02-08;1.24;32.85;4.97662354957194;44.0200595244107;MONTEUX
BSS002DPFQ;2020-02-09;1.25;32.84;4.97662354957194;44.0200595244107;MONTEUX
BSS002DPFQ;2020-02-10;1.25;32.84;4.97662354957194;44.0200595244107;MONTEUX
BSS002DPFQ;2020-02-11;1.24;32.85;4.97662354957194;44.0200595244107;MONTEUX
BSS002DPFQ;2020-02-12;1.25;32.84;4.97662354957194;44.0200595244107;MONTEUX
BSS002DPFQ;2020-02-13;1.23;32.86;4.97662354957194;44.0200595244107;MONTEUX
BSS002DPFQ;2020-02-14;1.26;32.83;4.97662354957194;44.0200595244107;MONTEUX
BSS002DPFQ;2020-02-15;1.27;32.82;4.97662354957194;44.0200595244107;MONTEUX
BSS002DPFQ;2020-02-16;1.28;32.81;4.97662354957194;44.0200595244107;MONTEUX
BSS002DPFQ;2020-02-17;1.27;32.82;4.97662354957194;44.0200595244107;MONTEUX
BSS002DPFQ;2020-02-18;1.28;32.81;4.97662354957194;44.0200595244107;MONTEUX
BSS002DPFQ;2020-02-19;1.27;32.82;4.97662354957194;44.0200595244107;MONTEUX
BSS002DPFQ;2020-02-20;1.27;32.82;4.97662354957194;44.0200595244107;MONTEUX
BSS002DPFQ;2020-02-21;1.28;32.81;4.97662354957194;44.0200595244107;MONTEUX
BSS002DPFQ;2020-02-22;1.29;32.8;4.97662354957194;44.0200595244107;MONTEUX
BSS002DPFQ;2020-02-23;1.28;32.81;4.97662354957194;44.0200595244107;MONTEUX
BSS002DPFQ;2020-02-24;1.25;32.84;4.97662354957194;44.0200595244107;MONTEUX
BSS002DPFQ;2020-02-25;1.23;32.86;4.97662354957194;44.0200595244107;MONTEUX
BSS002DPFQ;2020-02-26;1.23;32.86;4.97662354957194;44.0200595244107;MONTEUX
BSS002DPFQ;2020-02-27;1.25;32.84;4.97662354957194;44.0200595244107;MONTEUX
BSS002DPFQ;2020-02-28;1.27;32.82;4.97662354957194;44.0200595244107;MONTEUX
BSS002DPFQ;2020-02-29;1.26;32.83;4.97662354957194;44.0200595244107;MONTEUX
BSS002DPFQ;2020-03-01;1.26;32.83;4.97662354957194;44.0200595244107;MONTEUX
BSS002DPFQ;2020-03-02;1.2;32.89;4.97662354957194;44.0200595244107;MONTEUX
BSS002DPFQ;2020-03-03;1.26;32.83;4.97662354957194;44.0200595244107;MONTEUX
BSS002DPFQ;2020-03-04;1.29;32.8;4.97662354957194;44.0200595244107;MONTEUX
BSS002DPFQ;2020-03-05;1.26;32.83;4.97662354957194;44.0200595244107;MONTEUX
BSS002DPFQ;2020-03-06;1.28;32.81;4.97662354957194;44.0200595244107;MONTEUX
BSS002DPFQ;2020-03-07;1.32;32.77;4.97662354957194;44.0200595244107;MONTEUX
BSS002DPFQ;2020-03-08;1.34;32.75;4.97662354957194;44.0200595244107;MONTEUX
BSS002DPFQ;2020-03-09;1.34;32.75;4.97662354957194;44.0200595244107;MONTEUX
BSS002DPFQ;2020-03-10;1.35;32.74;4.97662354957194;44.0200595244107;MONTEUX
BSS002DPFQ;2020-03-11;1.35;32.74;4.97662354957194;44.0200595244107;MONTEUX
BSS002DPFQ;2020-03-12;1.36;32.73;4.97662354957194;44.0200595244107;MONTEUX
BSS002DPFQ;2020-03-13;1.36;32.73;4.97662354957194;44.0200595244107;MONTEUX
BSS002DPFQ;2020-03-14;1.37;32.72;4.97662354957194;44.0200595244107;MONTEUX
BSS002DPFQ;2020-03-15;1.38;32.71;4.97662354957194;44.0200595244107;MONTEUX
BSS002DPFQ;2020-03-16;1.38;32.71;4.97662354957194;44.0200595244107;MONTEUX
BSS002DPFQ;2020-03-17;1.42;32.67;4.97662354957194;44.0200595244107;MONTEUX
BSS002DPFQ;2020-03-18;1.42;32.67;4.97662354957194;44.0200595244107;MONTEUX
BSS002DPFQ;2020-03-19;1.4;32.69;4.97662354957194;44.0200595244107;MONTEUX
BSS002DPFQ;2020-03-20;1.4;32.69;4.97662354957194;44.0200595244107;MONTEUX
BSS002DPFQ;2020-03-21;1.37;32.72;4.97662354957194;44.0200595244107;MONTEUX
BSS002DPFQ;2020-03-22;1.38;32.71;4.97662354957194;44.0200595244107;MONTEUX
BSS002DPFQ;2020-03-23;1.39;32.7;4.97662354957194;44.0200595244107;MONTEUX
BSS002DPFQ;2020-03-24;1.39;32.7;4.97662354957194;44.0200595244107;MONTEUX
BSS002DPFQ;2020-03-25;1.36;32.73;4.97662354957194;44.0200595244107;MONTEUX
BSS002DPFQ;2020-03-26;1.35;32.74;4.97662354957194;44.0200595244107;MONTEUX
BSS002DPFQ;2020-03-27;1.36;32.73;4.97662354957194;44.0200595244107;MONTEUX
BSS002DPFQ;2020-03-28;1.37;32.72;4.97662354957194;44.0200595244107;MONTEUX
BSS002DPFQ;2020-03-29;1.37;32.72;4.97662354957194;44.0200595244107;MONTEUX
BSS002DPFQ;2020-03-30;1.38;32.71;4.97662354957194;44.0200595244107;MONTEUX
BSS002DPFQ;2020-03-31;1.4;32.69;4.97662354957194;44.0200595244107;MONTEUX
BSS002DPFQ;2020-04-01;1.41;32.68;4.97662354957194;44.0200595244107;MONTEUX
BSS002DPFQ;2020-04-02;1.4;32.69;4.97662354957194;44.0200595244107;MONTEUX
BSS002DPFQ;2020-04-03;1.4;32.69;4.97662354957194;44.0200595244107;MONTEUX
BSS002DPFQ;2020-04-04;1.42;32.67;4.97662354957194;44.0200595244107;MONTEUX
BSS002DPFQ;2020-04-05;1.44;32.65;4.97662354957194;44.0200595244107;MONTEUX
BSS002DPFQ;2020-04-06;1.46;32.63;4.97662354957194;44.0200595244107;MONTEUX
BSS002DPFQ;2020-04-07;1.48;32.61;4.97662354957194;44.0200595244107;MONTEUX
BSS002DPFQ;2020-04-08;1.49;32.6;4.97662354957194;44.0200595244107;MONTEUX
BSS002DPFQ;2020-04-09;1.5;32.59;4.97662354957194;44.0200595244107;MONTEUX
BSS002DPFQ;2020-04-10;1.52;32.57;4.97662354957194;44.0200595244107;MONTEUX
BSS002DPFQ;2020-04-11;1.52;32.57;4.97662354957194;44.0200595244107;MONTEUX
BSS002DPFQ;2020-04-12;1.54;32.55;4.97662354957194;44.0200595244107;MONTEUX
BSS002DPFQ;2020-04-13;1.53;32.56;4.97662354957194;44.0200595244107;MONTEUX
BSS002DPFQ;2020-04-14;1.53;32.56;4.97662354957194;44.0200595244107;MONTEUX
BSS002DPFQ;2020-04-15;1.75;32.34;4.97662354957194;44.0200595244107;MONTEUX
BSS002DPFQ;2020-04-16;2.11;31.98;4.97662354957194;44.0200595244107;MONTEUX
BSS002DPFQ;2020-04-17;2.24;31.85;4.97662354957194;44.0200595244107;MONTEUX
BSS002DPFQ;2020-04-18;2.34;31.75;4.97662354957194;44.0200595244107;MONTEUX
BSS002DPFQ;2020-04-19;2.44;31.65;4.97662354957194;44.0200595244107;MONTEUX
BSS002DPFQ;2020-04-20;2.48;31.61;4.97662354957194;44.0200595244107;MONTEUX
BSS002DPFQ;2020-04-21;2.51;31.58;4.97662354957194;44.0200595244107;MONTEUX
BSS002DPFQ;2020-04-22;2.57;31.52;4.97662354957194;44.0200595244107;MONTEUX
BSS002DPFQ;2020-04-23;2.56;31.53;4.97662354957194;44.0200595244107;MONTEUX
BSS002DPFQ;2020-04-24;2.57;31.52;4.97662354957194;44.0200595244107;MONTEUX
BSS002DPFQ;2020-04-25;2.58;31.51;4.97662354957194;44.0200595244107;MONTEUX
BSS002DPFQ;2020-04-26;2.6;31.49;4.97662354957194;44.0200595244107;MONTEUX
BSS002DPFQ;2020-04-27;2.61;31.48;4.97662354957194;44.0200595244107;MONTEUX
BSS002DPFQ;2020-04-28;2.6;31.49;4.97662354957194;44.0200595244107;MONTEUX
BSS002DPFQ;2020-04-29;2.6;31.49;4.97662354957194;44.0200595244107;MONTEUX
BSS002DPFQ;2020-04-30;2.61;31.48;4.97662354957194;44.0200595244107;MONTEUX
BSS002DPFQ;2020-05-01;2.63;31.46;4.97662354957194;44.0200595244107;MONTEUX
BSS002DPFQ;2020-05-02;2.64;31.45;4.97662354957194;44.0200595244107;MONTEUX
BSS002DPFQ;2020-05-03;2.65;31.44;4.97662354957194;44.0200595244107;MONTEUX
BSS002DPFQ;2020-05-04;2.64;31.45;4.97662354957194;44.0200595244107;MONTEUX
BSS002DPFQ;2020-05-05;2.65;31.44;4.97662354957194;44.0200595244107;MONTEUX
BSS002DPFQ;2020-05-06;2.66;31.43;4.97662354957194;44.0200595244107;MONTEUX
BSS002DPFQ;2020-05-07;2.75;31.34;4.97662354957194;44.0200595244107;MONTEUX
BSS002DPFQ;2020-05-08;2.82;31.27;4.97662354957194;44.0200595244107;MONTEUX
BSS002DPFQ;2020-05-09;2.89;31.2;4.97662354957194;44.0200595244107;MONTEUX
BSS002DPFQ;2020-05-10;2.85;31.24;4.97662354957194;44.0200595244107;MONTEUX
BSS002DPFQ;2020-05-11;2.8;31.29;4.97662354957194;44.0200595244107;MONTEUX
BSS002DPFQ;2020-05-12;2.77;31.32;4.97662354957194;44.0200595244107;MONTEUX
BSS002DPFQ;2020-05-13;2.73;31.36;4.97662354957194;44.0200595244107;MONTEUX
BSS002DPFQ;2020-05-14;2.7;31.39;4.97662354957194;44.0200595244107;MONTEUX
BSS002DPFQ;2020-05-15;2.7;31.39;4.97662354957194;44.0200595244107;MONTEUX
BSS002DPFQ;2020-05-16;2.73;31.36;4.97662354957194;44.0200595244107;MONTEUX
BSS002DPFQ;2020-05-17;2.72;31.37;4.97662354957194;44.0200595244107;MONTEUX
BSS002DPFQ;2020-05-18;2.7;31.39;4.97662354957194;44.0200595244107;MONTEUX
BSS002DPFQ;2020-05-19;2.68;31.41;4.97662354957194;44.0200595244107;MONTEUX
BSS002DPFQ;2020-05-20;2.69;31.4;4.97662354957194;44.0200595244107;MONTEUX
BSS002DPFQ;2020-05-21;2.74;31.35;4.97662354957194;44.0200595244107;MONTEUX
BSS002DPFQ;2020-05-22;2.78;31.31;4.97662354957194;44.0200595244107;MONTEUX
BSS002DPFQ;2020-05-23;2.74;31.35;4.97662354957194;44.0200595244107;MONTEUX
BSS002DPFQ;2020-05-24;2.74;31.35;4.97662354957194;44.0200595244107;MONTEUX
BSS002DPFQ;2020-05-25;2.73;31.36;4.97662354957194;44.0200595244107;MONTEUX
BSS002DPFQ;2020-05-26;2.69;31.4;4.97662354957194;44.0200595244107;MONTEUX
BSS002DPFQ;2020-05-27;2.66;31.43;4.97662354957194;44.0200595244107;MONTEUX
BSS002DPFQ;2020-05-28;2.66;31.43;4.97662354957194;44.0200595244107;MONTEUX
BSS002DPFQ;2020-05-29;2.67;31.42;4.97662354957194;44.0200595244107;MONTEUX
BSS002DPFQ;2020-05-30;2.67;31.42;4.97662354957194;44.0200595244107;MONTEUX
BSS002DPFQ;2020-05-31;2.68;31.41;4.97662354957194;44.0200595244107;MONTEUX
BSS002DPFQ;2020-06-01;2.69;31.4;4.97662354957194;44.0200595244107;MONTEUX
BSS002DPFQ;2020-06-02;2.66;31.43;4.97662354957194;44.0200595244107;MONTEUX
BSS002DPFQ;2020-06-03;2.64;31.45;4.97662354957194;44.0200595244107;MONTEUX
BSS002DPFQ;2020-06-04;2.59;31.5;4.97662354957194;44.0200595244107;MONTEUX
BSS002DPFQ;2020-06-05;2.6;31.49;4.97662354957194;44.0200595244107;MONTEUX
BSS002DPFQ;2020-06-06;2.61;31.48;4.97662354957194;44.0200595244107;MONTEUX
BSS002DPFQ;2020-06-07;2.61;31.48;4.97662354957194;44.0200595244107;MONTEUX
BSS002DPFQ;2020-06-08;2.61;31.48;4.97662354957194;44.0200595244107;MONTEUX
BSS002DPFQ;2020-06-09;2.62;31.47;4.97662354957194;44.0200595244107;MONTEUX
BSS002DPFQ;2020-06-10;2.62;31.47;4.97662354957194;44.0200595244107;MONTEUX
BSS002DPFQ;2020-06-11;2.61;31.48;4.97662354957194;44.0200595244107;MONTEUX
BSS002DPFQ;2020-06-12;2.61;31.48;4.97662354957194;44.0200595244107;MONTEUX
BSS002DPFQ;2020-06-13;2.61;31.48;4.97662354957194;44.0200595244107;MONTEUX
BSS002DPFQ;2020-06-14;2.62;31.47;4.97662354957194;44.0200595244107;MONTEUX
BSS002DPFQ;2020-06-15;2.64;31.45;4.97662354957194;44.0200595244107;MONTEUX
BSS002DPFQ;2020-06-16;2.64;31.45;4.97662354957194;44.0200595244107;MONTEUX
BSS002DPFQ;2020-06-17;2.64;31.45;4.97662354957194;44.0200595244107;MONTEUX
BSS002DPFQ;2020-06-18;2.66;31.43;4.97662354957194;44.0200595244107;MONTEUX
BSS002DPFQ;2020-06-19;2.73;31.36;4.97662354957194;44.0200595244107;MONTEUX
BSS002DPFQ;2020-06-20;2.78;31.31;4.97662354957194;44.0200595244107;MONTEUX
BSS002DPFQ;2020-06-21;2.79;31.3;4.97662354957194;44.0200595244107;MONTEUX
BSS002DPFQ;2020-06-22;2.8;31.29;4.97662354957194;44.0200595244107;MONTEUX
BSS002DPFQ;2020-06-23;2.83;31.26;4.97662354957194;44.0200595244107;MONTEUX
BSS002DPFQ;2020-06-24;2.88;31.21;4.97662354957194;44.0200595244107;MONTEUX
BSS002DPFQ;2020-06-25;2.88;31.21;4.97662354957194;44.0200595244107;MONTEUX
BSS002DPFQ;2020-06-26;2.91;31.18;4.97662354957194;44.0200595244107;MONTEUX
BSS002DPFQ;2020-06-27;2.92;31.17;4.97662354957194;44.0200595244107;MONTEUX
BSS002DPFQ;2020-06-28;2.94;31.15;4.97662354957194;44.0200595244107;MONTEUX
BSS002DPFQ;2020-06-29;2.98;31.11;4.97662354957194;44.0200595244107;MONTEUX
BSS002DPFQ;2020-06-30;2.98;31.11;4.97662354957194;44.0200595244107;MONTEUX
BSS002DPFQ;2020-07-01;3.03;31.06;4.97662354957194;44.0200595244107;MONTEUX
BSS002DPFQ;2020-07-02;3.07;31.02;4.97662354957194;44.0200595244107;MONTEUX
BSS002DPFQ;2020-07-03;3.14;30.95;4.97662354957194;44.0200595244107;MONTEUX
BSS002DPFQ;2020-07-04;3.14;30.95;4.97662354957194;44.0200595244107;MONTEUX
BSS002DPFQ;2020-07-05;3.17;30.92;4.97662354957194;44.0200595244107;MONTEUX
BSS002DPFQ;2020-07-06;3.18;30.91;4.97662354957194;44.0200595244107;MONTEUX
BSS002DPFQ;2020-07-07;3.19;30.9;4.97662354957194;44.0200595244107;MONTEUX
BSS002DPFQ;2020-07-08;3.22;30.87;4.97662354957194;44.0200595244107;MONTEUX
BSS002DPFQ;2020-07-09;3.26;30.83;4.97662354957194;44.0200595244107;MONTEUX
BSS002DPFQ;2020-07-10;3.29;30.8;4.97662354957194;44.0200595244107;MONTEUX
BSS002DPFQ;2020-07-11;3.31;30.78;4.97662354957194;44.0200595244107;MONTEUX
BSS002DPFQ;2020-07-12;3.33;30.76;4.97662354957194;44.0200595244107;MONTEUX
BSS002DPFQ;2020-07-13;3.36;30.73;4.97662354957194;44.0200595244107;MONTEUX
BSS002DPFQ;2020-07-14;3.36;30.73;4.97662354957194;44.0200595244107;MONTEUX
BSS002DPFQ;2020-07-15;3.36;30.73;4.97662354957194;44.0200595244107;MONTEUX
BSS002DPFQ;2020-07-16;3.34;30.75;4.97662354957194;44.0200595244107;MONTEUX
BSS002DPFQ;2020-07-17;3.35;30.74;4.97662354957194;44.0200595244107;MONTEUX
BSS002DPFQ;2020-07-18;3.41;30.68;4.97662354957194;44.0200595244107;MONTEUX
BSS002DPFQ;2020-07-19;3.42;30.67;4.97662354957194;44.0200595244107;MONTEUX
BSS002DPFQ;2020-07-20;3.44;30.65;4.97662354957194;44.0200595244107;MONTEUX
BSS002DPFQ;2020-07-21;3.44;30.65;4.97662354957194;44.0200595244107;MONTEUX
BSS002DPFQ;2020-07-22;3.53;30.56;4.97662354957194;44.0200595244107;MONTEUX
BSS002DPFQ;2020-07-23;3.52;30.57;4.97662354957194;44.0200595244107;MONTEUX
BSS002DPFQ;2020-07-24;3.53;30.56;4.97662354957194;44.0200595244107;MONTEUX
BSS002DPFQ;2020-07-25;3.53;30.56;4.97662354957194;44.0200595244107;MONTEUX
BSS002DPFQ;2020-07-26;3.54;30.55;4.97662354957194;44.0200595244107;MONTEUX
BSS002DPFQ;2020-07-27;3.57;30.52;4.97662354957194;44.0200595244107;MONTEUX
BSS002DPFQ;2020-07-28;3.54;30.55;4.97662354957194;44.0200595244107;MONTEUX
BSS002DPFQ;2020-07-29;3.53;30.56;4.97662354957194;44.0200595244107;MONTEUX
BSS002DPFQ;2020-07-30;3.55;30.54;4.97662354957194;44.0200595244107;MONTEUX
BSS002DPFQ;2020-07-31;3.54;30.55;4.97662354957194;44.0200595244107;MONTEUX
BSS002DPFQ;2020-08-01;3.49;30.6;4.97662354957194;44.0200595244107;MONTEUX
BSS002DPFQ;2020-08-02;3.47;30.62;4.97662354957194;44.0200595244107;MONTEUX
BSS002DPFQ;2020-08-03;3.46;30.63;4.97662354957194;44.0200595244107;MONTEUX
BSS002DPFQ;2020-08-04;3.45;30.64;4.97662354957194;44.0200595244107;MONTEUX
BSS002DPFQ;2020-08-05;3.45;30.64;4.97662354957194;44.0200595244107;MONTEUX
BSS002DPFQ;2020-08-06;3.46;30.63;4.97662354957194;44.0200595244107;MONTEUX
BSS002DPFQ;2020-08-07;3.45;30.64;4.97662354957194;44.0200595244107;MONTEUX
BSS002DPFQ;2020-08-08;3.43;30.66;4.97662354957194;44.0200595244107;MONTEUX
BSS002DPFQ;2020-08-09;3.41;30.68;4.97662354957194;44.0200595244107;MONTEUX
BSS002DPFQ;2020-08-10;3.47;30.62;4.97662354957194;44.0200595244107;MONTEUX
BSS002DPFQ;2020-08-11;3.49;30.6;4.97662354957194;44.0200595244107;MONTEUX
BSS002DPFQ;2020-08-12;3.51;30.58;4.97662354957194;44.0200595244107;MONTEUX
BSS002DPFQ;2020-08-13;3.53;30.56;4.97662354957194;44.0200595244107;MONTEUX
BSS002DPFQ;2020-08-14;3.54;30.55;4.97662354957194;44.0200595244107;MONTEUX
BSS002DPFQ;2020-08-15;3.55;30.54;4.97662354957194;44.0200595244107;MONTEUX
BSS002DPFQ;2020-08-16;3.55;30.54;4.97662354957194;44.0200595244107;MONTEUX
BSS002DPFQ;2020-08-17;3.55;30.54;4.97662354957194;44.0200595244107;MONTEUX
BSS002DPFQ;2020-08-18;3.56;30.53;4.97662354957194;44.0200595244107;MONTEUX
BSS002DPFQ;2020-08-19;3.59;30.5;4.97662354957194;44.0200595244107;MONTEUX
BSS002DPFQ;2020-08-20;3.6;30.49;4.97662354957194;44.0200595244107;MONTEUX
BSS002DPFQ;2020-08-21;3.7;30.39;4.97662354957194;44.0200595244107;MONTEUX
BSS002DPFQ;2020-08-22;3.66;30.43;4.97662354957194;44.0200595244107;MONTEUX
BSS002DPFQ;2020-08-23;3.64;30.45;4.97662354957194;44.0200595244107;MONTEUX
BSS002DPFQ;2020-08-24;3.61;30.48;4.97662354957194;44.0200595244107;MONTEUX
BSS002DPFQ;2020-08-25;3.67;30.42;4.97662354957194;44.0200595244107;MONTEUX
BSS002DPFQ;2020-08-26;3.66;30.43;4.97662354957194;44.0200595244107;MONTEUX
BSS002DPFQ;2020-08-27;3.67;30.42;4.97662354957194;44.0200595244107;MONTEUX
BSS002DPFQ;2020-08-28;3.64;30.45;4.97662354957194;44.0200595244107;MONTEUX
BSS002DPFQ;2020-08-29;3.63;30.46;4.97662354957194;44.0200595244107;MONTEUX
BSS002DPFQ;2020-08-30;3.67;30.42;4.97662354957194;44.0200595244107;MONTEUX
BSS002DPFQ;2020-08-31;3.66;30.43;4.97662354957194;44.0200595244107;MONTEUX
BSS002DPFQ;2020-09-01;3.66;30.43;4.97662354957194;44.0200595244107;MONTEUX
BSS002DPFQ;2020-09-02;3.65;30.44;4.97662354957194;44.0200595244107;MONTEUX
BSS002DPFQ;2020-09-03;3.65;30.44;4.97662354957194;44.0200595244107;MONTEUX
BSS002DPFQ;2020-09-04;3.65;30.44;4.97662354957194;44.0200595244107;MONTEUX
BSS002DPFQ;2020-09-05;3.64;30.45;4.97662354957194;44.0200595244107;MONTEUX
BSS002DPFQ;2020-09-06;3.64;30.45;4.97662354957194;44.0200595244107;MONTEUX
BSS002DPFQ;2020-09-07;3.65;30.44;4.97662354957194;44.0200595244107;MONTEUX
BSS002DPFQ;2020-09-08;3.69;30.4;4.97662354957194;44.0200595244107;MONTEUX
BSS002DPFQ;2020-09-09;3.66;30.43;4.97662354957194;44.0200595244107;MONTEUX
BSS002DPFQ;2020-09-10;3.64;30.45;4.97662354957194;44.0200595244107;MONTEUX
BSS002DPFQ;2020-09-11;3.64;30.45;4.97662354957194;44.0200595244107;MONTEUX
BSS002DPFQ;2020-09-12;3.65;30.44;4.97662354957194;44.0200595244107;MONTEUX
BSS002DPFQ;2020-09-13;3.68;30.41;4.97662354957194;44.0200595244107;MONTEUX
BSS002DPFQ;2020-09-14;3.67;30.42;4.97662354957194;44.0200595244107;MONTEUX
BSS002DPFQ;2020-09-15;3.67;30.42;4.97662354957194;44.0200595244107;MONTEUX
BSS002DPFQ;2020-09-16;3.69;30.4;4.97662354957194;44.0200595244107;MONTEUX
BSS002DPFQ;2020-09-17;;;4.97662354957194;44.0200595244107;
BSS002DPFQ;2020-09-18;3.69;30.4;4.97662354957194;44.0200595244107;MONTEUX
BSS002DPFQ;2020-09-19;3.68;30.41;4.97662354957194;44.0200595244107;MONTEUX
BSS002DPFQ;2020-09-20;3.67;30.42;4.97662354957194;44.0200595244107;MONTEUX
BSS002DPFQ;2020-09-21;3.66;30.43;4.97662354957194;44.0200595244107;MONTEUX
BSS002DPFQ;2020-09-22;3.61;30.48;4.97662354957194;44.0200595244107;MONTEUX
BSS002DPFQ;2020-09-23;3.59;30.5;4.97662354957194;44.0200595244107;MONTEUX
BSS002DPFQ;2020-09-24;3.57;30.52;4.97662354957194;44.0200595244107;MONTEUX
BSS002DPFQ;2020-09-25;3.56;30.53;4.97662354957194;44.0200595244107;MONTEUX
BSS002DPFQ;2020-09-26;3.55;30.54;4.97662354957194;44.0200595244107;MONTEUX
BSS002DPFQ;2020-09-27;3.54;30.55;4.97662354957194;44.0200595244107;MONTEUX
BSS002DPFQ;2020-09-28;3.55;30.54;4.97662354957194;44.0200595244107;MONTEUX
BSS002DPFQ;2020-09-29;3.54;30.55;4.97662354957194;44.0200595244107;MONTEUX
BSS002DPFQ;2020-09-30;3.53;30.56;4.97662354957194;44.0200595244107;MONTEUX
BSS002DPFQ;2020-10-01;3.49;30.6;4.97662354957194;44.0200595244107;MONTEUX
BSS002DPFQ;2020-10-02;3.44;30.65;4.97662354957194;44.0200595244107;MONTEUX
BSS002DPFQ;2020-10-03;3.46;30.63;4.97662354957194;44.0200595244107;MONTEUX
BSS002DPFQ;2020-10-04;3.47;30.62;4.97662354957194;44.0200595244107;MONTEUX
BSS002DPFQ;2020-10-05;3.49;30.6;4.97662354957194;44.0200595244107;MONTEUX
BSS002DPFQ;2020-10-06;3.49;30.6;4.97662354957194;44.0200595244107;MONTEUX
BSS002DPFQ;2020-10-07;3.43;30.66;4.97662354957194;44.0200595244107;MONTEUX
BSS002DPFQ;2020-10-08;3.4;30.69;4.97662354957194;44.0200595244107;MONTEUX
BSS002DPFQ;2020-10-09;3.37;30.72;4.97662354957194;44.0200595244107;MONTEUX
BSS002DPFQ;2020-10-10;3.34;30.75;4.97662354957194;44.0200595244107;MONTEUX
BSS002DPFQ;2020-10-11;3.32;30.77;4.97662354957194;44.0200595244107;MONTEUX
BSS002DPFQ;2020-10-12;3.3;30.79;4.97662354957194;44.0200595244107;MONTEUX
BSS002DPFQ;2020-10-13;3.27;30.82;4.97662354957194;44.0200595244107;MONTEUX
BSS002DPFQ;2020-10-14;3.23;30.86;4.97662354957194;44.0200595244107;MONTEUX
BSS002DPFQ;2020-10-15;3.21;30.88;4.97662354957194;44.0200595244107;MONTEUX
BSS002DPFQ;2020-10-16;3.1;30.99;4.97662354957194;44.0200595244107;MONTEUX
BSS002DPFQ;2020-10-17;3.04;31.05;4.97662354957194;44.0200595244107;MONTEUX
BSS002DPFQ;2020-10-18;2.99;31.1;4.97662354957194;44.0200595244107;MONTEUX
BSS002DPFQ;2020-10-19;2.94;31.15;4.97662354957194;44.0200595244107;MONTEUX
BSS002DPFQ;2020-10-20;2.88;31.21;4.97662354957194;44.0200595244107;MONTEUX
BSS002DPFQ;2020-10-21;2.84;31.25;4.97662354957194;44.0200595244107;MONTEUX
BSS002DPFQ;2020-10-22;2.8;31.29;4.97662354957194;44.0200595244107;MONTEUX
BSS002DPFQ;2020-10-23;2.75;31.34;4.97662354957194;44.0200595244107;MONTEUX
BSS002DPFQ;2020-10-24;2.72;31.37;4.97662354957194;44.0200595244107;MONTEUX
BSS002DPFQ;2020-10-25;2.64;31.45;4.97662354957194;44.0200595244107;MONTEUX
BSS002DPFQ;2020-10-26;2.61;31.48;4.97662354957194;44.0200595244107;MONTEUX
BSS002DPFQ;2020-10-27;2.58;31.51;4.97662354957194;44.0200595244107;MONTEUX
BSS002DPFQ;2020-10-28;2.56;31.53;4.97662354957194;44.0200595244107;MONTEUX
BSS002DPFQ;2020-10-29;2.53;31.56;4.97662354957194;44.0200595244107;MONTEUX
BSS002DPFQ;2020-10-30;2.5;31.59;4.97662354957194;44.0200595244107;MONTEUX
BSS002DPFQ;2020-10-31;2.47;31.62;4.97662354957194;44.0200595244107;MONTEUX
BSS002DPFQ;2020-11-01;2.44;31.65;4.97662354957194;44.0200595244107;MONTEUX
BSS002DPFQ;2020-11-02;2.41;31.68;4.97662354957194;44.0200595244107;MONTEUX
BSS002DPFQ;2020-11-03;2.38;31.71;4.97662354957194;44.0200595244107;MONTEUX
BSS002DPFQ;2020-11-04;2.37;31.72;4.97662354957194;44.0200595244107;MONTEUX
BSS002DPFQ;2020-11-05;2.36;31.73;4.97662354957194;44.0200595244107;MONTEUX
BSS002DPFQ;2020-11-06;2.34;31.75;4.97662354957194;44.0200595244107;MONTEUX
BSS002DPFQ;2020-11-07;2.32;31.77;4.97662354957194;44.0200595244107;MONTEUX
BSS002DPFQ;2020-11-08;2.29;31.8;4.97662354957194;44.0200595244107;MONTEUX
BSS002DPFQ;2020-11-09;2.27;31.82;4.97662354957194;44.0200595244107;MONTEUX
BSS002DPFQ;2020-11-10;2.26;31.83;4.97662354957194;44.0200595244107;MONTEUX
BSS002DPFQ;2020-11-11;2.24;31.85;4.97662354957194;44.0200595244107;MONTEUX
BSS002DPFQ;2020-11-12;2.22;31.87;4.97662354957194;44.0200595244107;MONTEUX
BSS002DPFQ;2020-11-13;2.21;31.88;4.97662354957194;44.0200595244107;MONTEUX
BSS002DPFQ;2020-11-14;2.2;31.89;4.97662354957194;44.0200595244107;MONTEUX
BSS002DPFQ;2020-11-15;2.19;31.9;4.97662354957194;44.0200595244107;MONTEUX
BSS002DPFQ;2020-11-16;2.18;31.91;4.97662354957194;44.0200595244107;MONTEUX
BSS002DPFQ;2020-11-17;2.18;31.91;4.97662354957194;44.0200595244107;MONTEUX
BSS002DPFQ;2020-11-18;2.18;31.91;4.97662354957194;44.0200595244107;MONTEUX
BSS002DPFQ;2020-11-19;2.17;31.92;4.97662354957194;44.0200595244107;MONTEUX
BSS002DPFQ;2020-11-20;2.16;31.93;4.97662354957194;44.0200595244107;MONTEUX
BSS002DPFQ;2020-11-21;2.17;31.92;4.97662354957194;44.0200595244107;MONTEUX
BSS002DPFQ;2020-11-22;2.15;31.94;4.97662354957194;44.0200595244107;MONTEUX
BSS002DPFQ;2020-11-23;2.13;31.96;4.97662354957194;44.0200595244107;MONTEUX
BSS002DPFQ;2020-11-24;2.1;31.99;4.97662354957194;44.0200595244107;MONTEUX
BSS002DPFQ;2020-11-25;2.08;32.01;4.97662354957194;44.0200595244107;MONTEUX
BSS002DPFQ;2020-11-26;2.08;32.01;4.97662354957194;44.0200595244107;MONTEUX
BSS002DPFQ;2020-11-27;2.06;32.03;4.97662354957194;44.0200595244107;MONTEUX
BSS002DPFQ;2020-11-28;2.04;32.05;4.97662354957194;44.0200595244107;MONTEUX
BSS002DPFQ;2020-11-29;2.04;32.05;4.97662354957194;44.0200595244107;MONTEUX
BSS002DPFQ;2020-11-30;2.04;32.05;4.97662354957194;44.0200595244107;MONTEUX
BSS002DPFQ;2020-12-01;2.01;32.08;4.97662354957194;44.0200595244107;MONTEUX
BSS002DPFQ;2020-12-02;1.99;32.1;4.97662354957194;44.0200595244107;MONTEUX
BSS002DPFQ;2020-12-03;1.97;32.12;4.97662354957194;44.0200595244107;MONTEUX
BSS002DPFQ;2020-12-04;1.93;32.16;4.97662354957194;44.0200595244107;MONTEUX
BSS002DPFQ;2020-12-05;1.95;32.14;4.97662354957194;44.0200595244107;MONTEUX
BSS002DPFQ;2020-12-06;1.96;32.13;4.97662354957194;44.0200595244107;MONTEUX
BSS002DPFQ;2020-12-07;1.96;32.13;4.97662354957194;44.0200595244107;MONTEUX
BSS002DPFQ;2020-12-08;1.94;32.15;4.97662354957194;44.0200595244107;MONTEUX
BSS002DPFQ;2020-12-09;1.97;32.12;4.97662354957194;44.0200595244107;MONTEUX
BSS002DPFQ;2020-12-10;1.96;32.13;4.97662354957194;44.0200595244107;MONTEUX
BSS002DPFQ;2020-12-11;1.95;32.14;4.97662354957194;44.0200595244107;MONTEUX
BSS002DPFQ;2020-12-12;1.94;32.15;4.97662354957194;44.0200595244107;MONTEUX
BSS002DPFQ;2020-12-13;1.97;32.12;4.97662354957194;44.0200595244107;MONTEUX
BSS002DPFQ;2020-12-14;1.97;32.12;4.97662354957194;44.0200595244107;MONTEUX
BSS002DPFQ;2020-12-15;1.97;32.12;4.97662354957194;44.0200595244107;MONTEUX
BSS002DPFQ;2020-12-16;1.97;32.12;4.97662354957194;44.0200595244107;MONTEUX
BSS002DPFQ;2020-12-17;1.98;32.11;4.97662354957194;44.0200595244107;MONTEUX
BSS002DPFQ;2020-12-18;1.97;32.12;4.97662354957194;44.0200595244107;MONTEUX
BSS002DPFQ;2020-12-19;1.96;32.13;4.97662354957194;44.0200595244107;MONTEUX
BSS002DPFQ;2020-12-20;1.95;32.14;4.97662354957194;44.0200595244107;MONTEUX
BSS002DPFQ;2020-12-21;1.94;32.15;4.97662354957194;44.0200595244107;MONTEUX
BSS002DPFQ;2020-12-22;1.92;32.17;4.97662354957194;44.0200595244107;MONTEUX
BSS002DPFQ;2020-12-23;1.89;32.2;4.97662354957194;44.0200595244107;MONTEUX
BSS002DPFQ;2020-12-24;1.86;32.23;4.97662354957194;44.0200595244107;MONTEUX
BSS002DPFQ;2020-12-25;1.82;32.27;4.97662354957194;44.0200595244107;MONTEUX
BSS002DPFQ;2020-12-26;1.82;32.27;4.97662354957194;44.0200595244107;MONTEUX
BSS002DPFQ;2020-12-27;1.73;32.36;4.97662354957194;44.0200595244107;MONTEUX
BSS002DPFQ;2020-12-28;1.68;32.41;4.97662354957194;44.0200595244107;MONTEUX
BSS002DPFQ;2020-12-29;1.7;32.39;4.97662354957194;44.0200595244107;MONTEUX
BSS002DPFQ;2020-12-30;1.71;32.38;4.97662354957194;44.0200595244107;MONTEUX
BSS002DPFQ;2020-12-31;1.71;32.38;4.97662354957194;44.0200595244107;MONTEUX
BSS002DPFQ;2021-01-01;1.68;32.41;4.97662354957194;44.0200595244107;MONTEUX
BSS002DPFQ;2021-01-02;1.66;32.43;4.97662354957194;44.0200595244107;MONTEUX
BSS002DPFQ;2021-01-03;1.67;32.42;4.97662354957194;44.0200595244107;MONTEUX
BSS002DPFQ;2021-01-04;1.66;32.43;4.97662354957194;44.0200595244107;MONTEUX
BSS002DPFQ;2021-01-05;1.65;32.44;4.97662354957194;44.0200595244107;MONTEUX
BSS002DPFQ;2021-01-06;1.66;32.43;4.97662354957194;44.0200595244107;MONTEUX
BSS002DPFQ;2021-01-07;1.66;32.43;4.97662354957194;44.0200595244107;MONTEUX
BSS002DPFQ;2021-01-08;1.67;32.42;4.97662354957194;44.0200595244107;MONTEUX
BSS002DPFQ;2021-01-09;1.67;32.42;4.97662354957194;44.0200595244107;MONTEUX
BSS002DPFQ;2021-01-10;1.67;32.42;4.97662354957194;44.0200595244107;MONTEUX
BSS002DPFQ;2021-01-11;1.68;32.41;4.97662354957194;44.0200595244107;MONTEUX
BSS002DPFQ;2021-01-12;1.69;32.4;4.97662354957194;44.0200595244107;MONTEUX
BSS002DPFQ;2021-01-13;1.71;32.38;4.97662354957194;44.0200595244107;MONTEUX
BSS002DPFQ;2021-01-14;1.71;32.38;4.97662354957194;44.0200595244107;MONTEUX
BSS002DPFQ;2021-01-15;1.71;32.38;4.97662354957194;44.0200595244107;MONTEUX
BSS002DPFQ;2021-01-16;1.73;32.36;4.97662354957194;44.0200595244107;MONTEUX
BSS002DPFQ;2021-01-17;1.73;32.36;4.97662354957194;44.0200595244107;MONTEUX
BSS002DPFQ;2021-01-18;1.74;32.35;4.97662354957194;44.0200595244107;MONTEUX
BSS002DPFQ;2021-01-19;1.74;32.35;4.97662354957194;44.0200595244107;MONTEUX
BSS002DPFQ;2021-01-20;1.72;32.37;4.97662354957194;44.0200595244107;MONTEUX
BSS002DPFQ;2021-01-21;1.7;32.39;4.97662354957194;44.0200595244107;MONTEUX
BSS002DPFQ;2021-01-22;1.67;32.42;4.97662354957194;44.0200595244107;MONTEUX
BSS002DPFQ;2021-01-23;1.7;32.39;4.97662354957194;44.0200595244107;MONTEUX
BSS002DPFQ;2021-01-24;1.69;32.4;4.97662354957194;44.0200595244107;MONTEUX
BSS002DPFQ;2021-01-25;1.71;32.38;4.97662354957194;44.0200595244107;MONTEUX
BSS002DPFQ;2021-01-26;1.75;32.34;4.97662354957194;44.0200595244107;MONTEUX
BSS002DPFQ;2021-01-27;1.75;32.34;4.97662354957194;44.0200595244107;MONTEUX
BSS002DPFQ;2021-01-28;1.75;32.34;4.97662354957194;44.0200595244107;MONTEUX
BSS002DPFQ;2021-01-29;1.75;32.34;4.97662354957194;44.0200595244107;MONTEUX
BSS002DPFQ;2021-01-30;1.71;32.38;4.97662354957194;44.0200595244107;MONTEUX
BSS002DPFQ;2021-01-31;1.71;32.38;4.97662354957194;44.0200595244107;MONTEUX
BSS002DPFQ;2021-02-01;1.76;32.33;4.97662354957194;44.0200595244107;MONTEUX
BSS002DPFQ;2021-02-02;1.75;32.34;4.97662354957194;44.0200595244107;MONTEUX
BSS002DPFQ;2021-02-03;1.74;32.35;4.97662354957194;44.0200595244107;MONTEUX
BSS002DPFQ;2021-02-04;1.75;32.34;4.97662354957194;44.0200595244107;MONTEUX
BSS002DPFQ;2021-02-05;1.74;32.35;4.97662354957194;44.0200595244107;MONTEUX
BSS002DPFQ;2021-02-06;1.71;32.38;4.97662354957194;44.0200595244107;MONTEUX
BSS002DPFQ;2021-02-07;1.69;32.4;4.97662354957194;44.0200595244107;MONTEUX
BSS002DPFQ;2021-02-08;1.67;32.42;4.97662354957194;44.0200595244107;MONTEUX
BSS002DPFQ;2021-02-09;1.67;32.42;4.97662354957194;44.0200595244107;MONTEUX
BSS002DPFQ;2021-02-10;1.66;32.43;4.97662354957194;44.0200595244107;MONTEUX
BSS002DPFQ;2021-02-11;1.7;32.39;4.97662354957194;44.0200595244107;MONTEUX
BSS002DPFQ;2021-02-12;1.7;32.39;4.97662354957194;44.0200595244107;MONTEUX
BSS002DPFQ;2021-02-13;1.7;32.39;4.97662354957194;44.0200595244107;MONTEUX
BSS002DPFQ;2021-02-14;1.75;32.34;4.97662354957194;44.0200595244107;MONTEUX
BSS002DPFQ;2021-02-15;1.74;32.35;4.97662354957194;44.0200595244107;MONTEUX
BSS002DPFQ;2021-02-16;1.7;32.39;4.97662354957194;44.0200595244107;MONTEUX
BSS002DPFQ;2021-02-17;1.68;32.41;4.97662354957194;44.0200595244107;MONTEUX
BSS002DPFQ;2021-02-18;1.68;32.41;4.97662354957194;44.0200595244107;MONTEUX
BSS002DPFQ;2021-02-19;1.69;32.4;4.97662354957194;44.0200595244107;MONTEUX
BSS002DPFQ;2021-02-20;1.68;32.41;4.97662354957194;44.0200595244107;MONTEUX
BSS002DPFQ;2021-02-21;1.68;32.41;4.97662354957194;44.0200595244107;MONTEUX
BSS002DPFQ;2021-02-22;1.67;32.42;4.97662354957194;44.0200595244107;MONTEUX
BSS002DPFQ;2021-02-23;1.7;32.39;4.97662354957194;44.0200595244107;MONTEUX
BSS002DPFQ;2021-02-24;1.7;32.39;4.97662354957194;44.0200595244107;MONTEUX
BSS002DPFQ;2021-02-25;1.69;32.4;4.97662354957194;44.0200595244107;MONTEUX
BSS002DPFQ;2021-02-26;1.68;32.41;4.97662354957194;44.0200595244107;MONTEUX
BSS002DPFQ;2021-02-27;1.67;32.42;4.97662354957194;44.0200595244107;MONTEUX
BSS002DPFQ;2021-02-28;1.68;32.41;4.97662354957194;44.0200595244107;MONTEUX
BSS002DPFQ;2021-03-01;1.69;32.4;4.97662354957194;44.0200595244107;MONTEUX
BSS002DPFQ;2021-03-02;1.69;32.4;4.97662354957194;44.0200595244107;MONTEUX
BSS002DPFQ;2021-03-03;1.69;32.4;4.97662354957194;44.0200595244107;MONTEUX
BSS002DPFQ;2021-03-04;1.67;32.42;4.97662354957194;44.0200595244107;MONTEUX
BSS002DPFQ;2021-03-05;1.66;32.43;4.97662354957194;44.0200595244107;MONTEUX
BSS002DPFQ;2021-03-06;1.69;32.4;4.97662354957194;44.0200595244107;MONTEUX
BSS002DPFQ;2021-03-07;1.68;32.41;4.97662354957194;44.0200595244107;MONTEUX
BSS002DPFQ;2021-03-08;1.66;32.43;4.97662354957194;44.0200595244107;MONTEUX
BSS002DPFQ;2021-03-09;1.66;32.43;4.97662354957194;44.0200595244107;MONTEUX
BSS002DPFQ;2021-03-10;1.68;32.41;4.97662354957194;44.0200595244107;MONTEUX
BSS002DPFQ;2021-03-11;1.7;32.39;4.97662354957194;44.0200595244107;MONTEUX
BSS002DPFQ;2021-03-12;1.7;32.39;4.97662354957194;44.0200595244107;MONTEUX
BSS002DPFQ;2021-03-13;1.72;32.37;4.97662354957194;44.0200595244107;MONTEUX
BSS002DPFQ;2021-03-14;1.72;32.37;4.97662354957194;44.0200595244107;MONTEUX
BSS002DPFQ;2021-03-15;1.72;32.37;4.97662354957194;44.0200595244107;MONTEUX
BSS002DPFQ;2021-03-16;1.74;32.35;4.97662354957194;44.0200595244107;MONTEUX
BSS002DPFQ;2021-03-17;1.73;32.36;4.97662354957194;44.0200595244107;MONTEUX
BSS002DPFQ;2021-03-18;1.73;32.36;4.97662354957194;44.0200595244107;MONTEUX
BSS002DPFQ;2021-03-19;1.72;32.37;4.97662354957194;44.0200595244107;MONTEUX
BSS002DPFQ;2021-03-20;1.74;32.35;4.97662354957194;44.0200595244107;MONTEUX
BSS002DPFQ;2021-03-21;1.74;32.35;4.97662354957194;44.0200595244107;MONTEUX
BSS002DPFQ;2021-03-22;1.74;32.35;4.97662354957194;44.0200595244107;MONTEUX
BSS002DPFQ;2021-03-23;1.76;32.33;4.97662354957194;44.0200595244107;MONTEUX
BSS002DPFQ;2021-03-24;1.78;32.31;4.97662354957194;44.0200595244107;MONTEUX
BSS002DPFQ;2021-03-25;1.79;32.3;4.97662354957194;44.0200595244107;MONTEUX
BSS002DPFQ;2021-03-26;1.83;32.26;4.97662354957194;44.0200595244107;MONTEUX
BSS002DPFQ;2021-03-27;1.86;32.23;4.97662354957194;44.0200595244107;MONTEUX
BSS002DPFQ;2021-03-28;1.88;32.21;4.97662354957194;44.0200595244107;MONTEUX
BSS002DPFQ;2021-03-29;1.89;32.2;4.97662354957194;44.0200595244107;MONTEUX
BSS002DPFQ;2021-03-30;1.92;32.17;4.97662354957194;44.0200595244107;MONTEUX
BSS002DPFQ;2021-03-31;1.91;32.18;4.97662354957194;44.0200595244107;MONTEUX
BSS002DPFQ;2021-04-01;1.9;32.19;4.97662354957194;44.0200595244107;MONTEUX
BSS002DPFQ;2021-04-02;1.89;32.2;4.97662354957194;44.0200595244107;MONTEUX
BSS002DPFQ;2021-04-03;1.89;32.2;4.97662354957194;44.0200595244107;MONTEUX
BSS002DPFQ;2021-04-04;1.92;32.17;4.97662354957194;44.0200595244107;MONTEUX
BSS002DPFQ;2021-04-05;1.92;32.17;4.97662354957194;44.0200595244107;MONTEUX
BSS002DPFQ;2021-04-06;1.92;32.17;4.97662354957194;44.0200595244107;MONTEUX
BSS002DPFQ;2021-04-07;1.94;32.15;4.97662354957194;44.0200595244107;MONTEUX
BSS002DPFQ;2021-04-08;1.98;32.11;4.97662354957194;44.0200595244107;MONTEUX
BSS002DPFQ;2021-04-09;2.0;32.09;4.97662354957194;44.0200595244107;MONTEUX
BSS002DPFQ;2021-04-10;2.0;32.09;4.97662354957194;44.0200595244107;MONTEUX
BSS002DPFQ;2021-04-11;2.0;32.09;4.97662354957194;44.0200595244107;MONTEUX
BSS002DPFQ;2021-04-12;2.01;32.08;4.97662354957194;44.0200595244107;MONTEUX
BSS002DPFQ;2021-04-13;2.02;32.07;4.97662354957194;44.0200595244107;MONTEUX
BSS002DPFQ;2021-04-14;2.03;32.06;4.97662354957194;44.0200595244107;MONTEUX
BSS002DPFQ;2021-04-15;2.04;32.05;4.97662354957194;44.0200595244107;MONTEUX
BSS002DPFQ;2021-04-16;2.19;31.9;4.97662354957194;44.0200595244107;MONTEUX
BSS002DPFQ;2021-04-17;2.87;31.22;4.97662354957194;44.0200595244107;MONTEUX
BSS002DPFQ;2021-04-18;3.23;30.86;4.97662354957194;44.0200595244107;MONTEUX
BSS002DPFQ;2021-04-19;3.51;30.58;4.97662354957194;44.0200595244107;MONTEUX
BSS002DPFQ;2021-04-20;3.68;30.41;4.97662354957194;44.0200595244107;MONTEUX
BSS002DPFQ;2021-04-21;3.8;30.29;4.97662354957194;44.0200595244107;MONTEUX
BSS002DPFQ;2021-04-22;3.98;30.11;4.97662354957194;44.0200595244107;MONTEUX
BSS002DPFQ;2021-04-23;3.91;30.18;4.97662354957194;44.0200595244107;MONTEUX
BSS002DPFQ;2021-04-24;3.64;30.45;4.97662354957194;44.0200595244107;MONTEUX
BSS002DPFQ;2021-04-25;3.31;30.78;4.97662354957194;44.0200595244107;MONTEUX
BSS002DPFQ;2021-04-26;3.13;30.96;4.97662354957194;44.0200595244107;MONTEUX
BSS002DPFQ;2021-04-27;3.02;31.07;4.97662354957194;44.0200595244107;MONTEUX
BSS002DPFQ;2021-04-28;2.96;31.13;4.97662354957194;44.0200595244107;MONTEUX
BSS002DPFQ;2021-04-29;2.89;31.2;4.97662354957194;44.0200595244107;MONTEUX
BSS002DPFQ;2021-04-30;2.87;31.22;4.97662354957194;44.0200595244107;MONTEUX
BSS002DPFQ;2021-05-01;2.8;31.29;4.97662354957194;44.0200595244107;MONTEUX
BSS002DPFQ;2021-05-02;2.81;31.28;4.97662354957194;44.0200595244107;MONTEUX
BSS002DPFQ;2021-05-03;2.8;31.29;4.97662354957194;44.0200595244107;MONTEUX
BSS002DPFQ;2021-05-04;2.74;31.35;4.97662354957194;44.0200595244107;MONTEUX
BSS002DPFQ;2021-05-05;2.72;31.37;4.97662354957194;44.0200595244107;MONTEUX
BSS002DPFQ;2021-05-06;2.7;31.39;4.97662354957194;44.0200595244107;MONTEUX
BSS002DPFQ;2021-05-07;2.73;31.36;4.97662354957194;44.0200595244107;MONTEUX
BSS002DPFQ;2021-05-08;2.71;31.38;4.97662354957194;44.0200595244107;MONTEUX
BSS002DPFQ;2021-05-09;2.66;31.43;4.97662354957194;44.0200595244107;MONTEUX
BSS002DPFQ;2021-05-10;2.64;31.45;4.97662354957194;44.0200595244107;MONTEUX
BSS002DPFQ;2021-05-11;2.58;31.51;4.97662354957194;44.0200595244107;MONTEUX
BSS002DPFQ;2021-05-12;2.54;31.55;4.97662354957194;44.0200595244107;MONTEUX
BSS002DPFQ;2021-05-13;2.56;31.53;4.97662354957194;44.0200595244107;MONTEUX
BSS002DPFQ;2021-05-14;2.56;31.53;4.97662354957194;44.0200595244107;MONTEUX
BSS002DPFQ;2021-05-15;2.53;31.56;4.97662354957194;44.0200595244107;MONTEUX
BSS002DPFQ;2021-05-16;2.47;31.62;4.97662354957194;44.0200595244107;MONTEUX
BSS002DPFQ;2021-05-17;2.46;31.63;4.97662354957194;44.0200595244107;MONTEUX
BSS002DPFQ;2021-05-18;2.45;31.64;4.97662354957194;44.0200595244107;MONTEUX
BSS002DPFQ;2021-05-19;2.46;31.63;4.97662354957194;44.0200595244107;MONTEUX
BSS002DPFQ;2021-05-20;2.45;31.64;4.97662354957194;44.0200595244107;MONTEUX
BSS002DPFQ;2021-05-21;2.42;31.67;4.97662354957194;44.0200595244107;MONTEUX
BSS002DPFQ;2021-05-22;2.41;31.68;4.97662354957194;44.0200595244107;MONTEUX
BSS002DPFQ;2021-05-23;2.41;31.68;4.97662354957194;44.0200595244107;MONTEUX
BSS002DPFQ;2021-05-24;2.4;31.69;4.97662354957194;44.0200595244107;MONTEUX
BSS002DPFQ;2021-05-25;2.39;31.7;4.97662354957194;44.0200595244107;MONTEUX
BSS002DPFQ;2021-05-26;2.37;31.72;4.97662354957194;44.0200595244107;MONTEUX
BSS002DPFQ;2021-05-27;2.41;31.68;4.97662354957194;44.0200595244107;MONTEUX
BSS002DPFQ;2021-05-28;2.49;31.6;4.97662354957194;44.0200595244107;MONTEUX
BSS002DPFQ;2021-05-29;2.58;31.51;4.97662354957194;44.0200595244107;MONTEUX
BSS002DPFQ;2021-05-30;2.62;31.47;4.97662354957194;44.0200595244107;MONTEUX
BSS002DPFQ;2021-05-31;2.68;31.41;4.97662354957194;44.0200595244107;MONTEUX
BSS002DPFQ;2021-06-01;2.71;31.38;4.97662354957194;44.0200595244107;MONTEUX
BSS002DPFQ;2021-06-02;2.76;31.33;4.97662354957194;44.0200595244107;MONTEUX
BSS002DPFQ;2021-06-03;2.82;31.27;4.97662354957194;44.0200595244107;MONTEUX
BSS002DPFQ;2021-06-04;2.85;31.24;4.97662354957194;44.0200595244107;MONTEUX
BSS002DPFQ;2021-06-05;2.9;31.19;4.97662354957194;44.0200595244107;MONTEUX
BSS002DPFQ;2021-06-06;2.9;31.19;4.97662354957194;44.0200595244107;MONTEUX
BSS002DPFQ;2021-06-07;2.93;31.16;4.97662354957194;44.0200595244107;MONTEUX
BSS002DPFQ;2021-06-08;3.36;30.73;4.97662354957194;44.0200595244107;MONTEUX
BSS002DPFQ;2021-06-09;3.71;30.38;4.97662354957194;44.0200595244107;MONTEUX
BSS002DPFQ;2021-06-10;3.9;30.19;4.97662354957194;44.0200595244107;MONTEUX
BSS002DPFQ;2021-06-11;3.79;30.3;4.97662354957194;44.0200595244107;MONTEUX
BSS002DPFQ;2021-06-12;3.6;30.49;4.97662354957194;44.0200595244107;MONTEUX
BSS002DPFQ;2021-06-13;3.51;30.58;4.97662354957194;44.0200595244107;MONTEUX
BSS002DPFQ;2021-06-14;3.49;30.6;4.97662354957194;44.0200595244107;MONTEUX
BSS002DPFQ;2021-06-15;3.47;30.62;4.97662354957194;44.0200595244107;MONTEUX
BSS002DPFQ;2021-06-16;3.47;30.62;4.97662354957194;44.0200595244107;MONTEUX
BSS002DPFQ;2021-06-17;3.5;30.59;4.97662354957194;44.0200595244107;MONTEUX
BSS002DPFQ;2021-06-18;3.56;30.53;4.97662354957194;44.0200595244107;MONTEUX
BSS002DPFQ;2021-06-19;3.6;30.49;4.97662354957194;44.0200595244107;MONTEUX
BSS002DPFQ;2021-06-20;3.58;30.51;4.97662354957194;44.0200595244107;MONTEUX
BSS002DPFQ;2021-06-21;3.6;30.49;4.97662354957194;44.0200595244107;MONTEUX
BSS002DPFQ;2021-06-22;3.64;30.45;4.97662354957194;44.0200595244107;MONTEUX
BSS002DPFQ;2021-06-23;3.68;30.41;4.97662354957194;44.0200595244107;MONTEUX
BSS002DPFQ;2021-06-24;3.7;30.39;4.97662354957194;44.0200595244107;MONTEUX
BSS002DPFQ;2021-06-25;3.69;30.4;4.97662354957194;44.0200595244107;MONTEUX
BSS002DPFQ;2021-06-26;3.7;30.39;4.97662354957194;44.0200595244107;MONTEUX
BSS002DPFQ;2021-06-27;3.74;30.35;4.97662354957194;44.0200595244107;MONTEUX
BSS002DPFQ;2021-06-28;3.78;30.31;4.97662354957194;44.0200595244107;MONTEUX
BSS002DPFQ;2021-06-29;3.75;30.34;4.97662354957194;44.0200595244107;MONTEUX
BSS002DPFQ;2021-06-30;3.76;30.33;4.97662354957194;44.0200595244107;MONTEUX
BSS002DPFQ;2021-07-01;3.78;30.31;4.97662354957194;44.0200595244107;MONTEUX
BSS002DPFQ;2021-07-02;3.76;30.33;4.97662354957194;44.0200595244107;MONTEUX
BSS002DPFQ;2021-07-03;3.8;30.29;4.97662354957194;44.0200595244107;MONTEUX
BSS002DPFQ;2021-07-04;3.76;30.33;4.97662354957194;44.0200595244107;MONTEUX
BSS002DPFQ;2021-07-05;3.7;30.39;4.97662354957194;44.0200595244107;MONTEUX
BSS002DPFQ;2021-07-06;3.74;30.35;4.97662354957194;44.0200595244107;MONTEUX
BSS002DPFQ;2021-07-07;3.71;30.38;4.97662354957194;44.0200595244107;MONTEUX
BSS002DPFQ;2021-07-08;3.71;30.38;4.97662354957194;44.0200595244107;MONTEUX
BSS002DPFQ;2021-07-09;3.73;30.36;4.97662354957194;44.0200595244107;MONTEUX
BSS002DPFQ;2021-07-10;3.71;30.38;4.97662354957194;44.0200595244107;MONTEUX
BSS002DPFQ;2021-07-11;3.73;30.36;4.97662354957194;44.0200595244107;MONTEUX
BSS002DPFQ;2021-07-12;3.71;30.38;4.97662354957194;44.0200595244107;MONTEUX
BSS002DPFQ;2021-07-13;3.74;30.35;4.97662354957194;44.0200595244107;MONTEUX
BSS002DPFQ;2021-07-14;3.75;30.34;4.97662354957194;44.0200595244107;MONTEUX
BSS002DPFQ;2021-07-15;3.77;30.32;4.97662354957194;44.0200595244107;MONTEUX
BSS002DPFQ;2021-07-16;3.8;30.29;4.97662354957194;44.0200595244107;MONTEUX
BSS002DPFQ;2021-07-17;3.78;30.31;4.97662354957194;44.0200595244107;MONTEUX
BSS002DPFQ;2021-07-18;3.81;30.28;4.97662354957194;44.0200595244107;MONTEUX
BSS002DPFQ;2021-07-19;3.8;30.29;4.97662354957194;44.0200595244107;MONTEUX
BSS002DPFQ;2021-07-20;3.85;30.24;4.97662354957194;44.0200595244107;MONTEUX
BSS002DPFQ;2021-07-21;3.85;30.24;4.97662354957194;44.0200595244107;MONTEUX
BSS002DPFQ;2021-07-22;3.87;30.22;4.97662354957194;44.0200595244107;MONTEUX
BSS002DPFQ;2021-07-23;3.87;30.22;4.97662354957194;44.0200595244107;MONTEUX
BSS002DPFQ;2021-07-24;3.91;30.18;4.97662354957194;44.0200595244107;MONTEUX
BSS002DPFQ;2021-07-25;3.89;30.2;4.97662354957194;44.0200595244107;MONTEUX
BSS002DPFQ;2021-07-26;3.92;30.17;4.97662354957194;44.0200595244107;MONTEUX
BSS002DPFQ;2021-07-27;3.93;30.16;4.97662354957194;44.0200595244107;MONTEUX
BSS002DPFQ;2021-07-28;3.96;30.13;4.97662354957194;44.0200595244107;MONTEUX
BSS002DPFQ;2021-07-29;3.95;30.14;4.97662354957194;44.0200595244107;MONTEUX
BSS002DPFQ;2021-07-30;4.01;30.08;4.97662354957194;44.0200595244107;MONTEUX
BSS002DPFQ;2021-07-31;3.98;30.11;4.97662354957194;44.0200595244107;MONTEUX
BSS002DPFQ;2021-08-01;4.01;30.08;4.97662354957194;44.0200595244107;MONTEUX
BSS002DPFQ;2021-08-02;4.0;30.09;4.97662354957194;44.0200595244107;MONTEUX
BSS002DPFQ;2021-08-03;4.0;30.09;4.97662354957194;44.0200595244107;MONTEUX
BSS002DPFQ;2021-08-04;3.98;30.11;4.97662354957194;44.0200595244107;MONTEUX
BSS002DPFQ;2021-08-05;3.94;30.15;4.97662354957194;44.0200595244107;MONTEUX
BSS002DPFQ;2021-08-06;3.96;30.13;4.97662354957194;44.0200595244107;MONTEUX
BSS002DPFQ;2021-08-07;3.91;30.18;4.97662354957194;44.0200595244107;MONTEUX
BSS002DPFQ;2021-08-08;3.9;30.19;4.97662354957194;44.0200595244107;MONTEUX
BSS002DPFQ;2021-08-09;3.89;30.2;4.97662354957194;44.0200595244107;MONTEUX
BSS002DPFQ;2021-08-10;3.85;30.24;4.97662354957194;44.0200595244107;MONTEUX
BSS002DPFQ;2021-08-11;3.86;30.23;4.97662354957194;44.0200595244107;MONTEUX
BSS002DPFQ;2021-08-12;3.84;30.25;4.97662354957194;44.0200595244107;MONTEUX
BSS002DPFQ;2021-08-13;3.9;30.19;4.97662354957194;44.0200595244107;MONTEUX
BSS002DPFQ;2021-08-14;3.85;30.24;4.97662354957194;44.0200595244107;MONTEUX
BSS002DPFQ;2021-08-15;3.81;30.28;4.97662354957194;44.0200595244107;MONTEUX
BSS002DPFQ;2021-08-16;3.81;30.28;4.97662354957194;44.0200595244107;MONTEUX
BSS002DPFQ;2021-08-17;3.82;30.27;4.97662354957194;44.0200595244107;MONTEUX
BSS002DPFQ;2021-08-18;3.83;30.26;4.97662354957194;44.0200595244107;MONTEUX
BSS002DPFQ;2021-08-19;3.86;30.23;4.97662354957194;44.0200595244107;MONTEUX
BSS002DPFQ;2021-08-20;3.9;30.19;4.97662354957194;44.0200595244107;MONTEUX
BSS002DPFQ;2021-08-21;3.93;30.16;4.97662354957194;44.0200595244107;MONTEUX
BSS002DPFQ;2021-08-22;3.97;30.12;4.97662354957194;44.0200595244107;MONTEUX
BSS002DPFQ;2021-08-23;3.98;30.11;4.97662354957194;44.0200595244107;MONTEUX
BSS002DPFQ;2021-08-24;4.01;30.08;4.97662354957194;44.0200595244107;MONTEUX
BSS002DPFQ;2021-08-25;3.98;30.11;4.97662354957194;44.0200595244107;MONTEUX
BSS002DPFQ;2021-08-26;3.92;30.17;4.97662354957194;44.0200595244107;MONTEUX
BSS002DPFQ;2021-08-27;3.95;30.14;4.97662354957194;44.0200595244107;MONTEUX
BSS002DPFQ;2021-08-28;4.05;30.04;4.97662354957194;44.0200595244107;MONTEUX
BSS002DPFQ;2021-08-29;4.03;30.06;4.97662354957194;44.0200595244107;MONTEUX
BSS002DPFQ;2021-08-30;4.05;30.04;4.97662354957194;44.0200595244107;MONTEUX
BSS002DPFQ;2021-08-31;4.06;30.03;4.97662354957194;44.0200595244107;MONTEUX
BSS002DPFQ;2021-09-01;4.08;30.01;4.97662354957194;44.0200595244107;MONTEUX
BSS002DPFQ;2021-09-02;4.04;30.05;4.97662354957194;44.0200595244107;MONTEUX
BSS002DPFQ;2021-09-03;3.99;30.1;4.97662354957194;44.0200595244107;MONTEUX
BSS002DPFQ;2021-09-04;3.98;30.11;4.97662354957194;44.0200595244107;MONTEUX
BSS002DPFQ;2021-09-05;3.99;30.1;4.97662354957194;44.0200595244107;MONTEUX
BSS002DPFQ;2021-09-06;4.04;30.05;4.97662354957194;44.0200595244107;MONTEUX
BSS002DPFQ;2021-09-07;4.06;30.03;4.97662354957194;44.0200595244107;MONTEUX
BSS002DPFQ;2021-09-08;4.06;30.03;4.97662354957194;44.0200595244107;MONTEUX
BSS002DPFQ;2021-09-09;4.03;30.06;4.97662354957194;44.0200595244107;MONTEUX
BSS002DPFQ;2021-09-10;4.07;30.02;4.97662354957194;44.0200595244107;MONTEUX
BSS002DPFQ;2021-09-11;4.04;30.05;4.97662354957194;44.0200595244107;MONTEUX
BSS002DPFQ;2021-09-12;4.03;30.06;4.97662354957194;44.0200595244107;MONTEUX
BSS002DPFQ;2021-09-13;4.04;30.05;4.97662354957194;44.0200595244107;MONTEUX
BSS002DPFQ;2021-09-14;4.04;30.05;4.97662354957194;44.0200595244107;MONTEUX
BSS002DPFQ;2021-09-15;4.03;30.06;4.97662354957194;44.0200595244107;MONTEUX
BSS002DPFQ;2021-09-16;3.99;30.1;4.97662354957194;44.0200595244107;MONTEUX
BSS002DPFQ;2021-09-17;3.98;30.11;4.97662354957194;44.0200595244107;MONTEUX
BSS002DPFQ;2021-09-18;4.01;30.08;4.97662354957194;44.0200595244107;MONTEUX
BSS002DPFQ;2021-09-19;4.0;30.09;4.97662354957194;44.0200595244107;MONTEUX
BSS002DPFQ;2021-09-20;3.96;30.13;4.97662354957194;44.0200595244107;MONTEUX
BSS002DPFQ;2021-09-21;3.98;30.11;4.97662354957194;44.0200595244107;MONTEUX
BSS002DPFQ;2021-09-22;3.94;30.15;4.97662354957194;44.0200595244107;MONTEUX
BSS002DPFQ;2021-09-23;3.94;30.15;4.97662354957194;44.0200595244107;MONTEUX
BSS002DPFQ;2021-09-24;3.92;30.17;4.97662354957194;44.0200595244107;MONTEUX
BSS002DPFQ;2021-09-25;3.89;30.2;4.97662354957194;44.0200595244107;MONTEUX
BSS002DPFQ;2021-09-26;3.85;30.24;4.97662354957194;44.0200595244107;MONTEUX
BSS002DPFQ;2021-09-27;3.82;30.27;4.97662354957194;44.0200595244107;MONTEUX
BSS002DPFQ;2021-09-28;3.75;30.34;4.97662354957194;44.0200595244107;MONTEUX
BSS002DPFQ;2021-09-29;3.71;30.38;4.97662354957194;44.0200595244107;MONTEUX
BSS002DPFQ;2021-09-30;3.71;30.38;4.97662354957194;44.0200595244107;MONTEUX
BSS002DPFQ;2021-10-01;3.66;30.43;4.97662354957194;44.0200595244107;MONTEUX
BSS002DPFQ;2021-10-02;3.62;30.47;4.97662354957194;44.0200595244107;MONTEUX
BSS002DPFQ;2021-10-03;3.59;30.5;4.97662354957194;44.0200595244107;MONTEUX
BSS002DPFQ;2021-10-04;3.51;30.58;4.97662354957194;44.0200595244107;MONTEUX
BSS002DPFQ;2021-10-05;3.49;30.6;4.97662354957194;44.0200595244107;MONTEUX
BSS002DPFQ;2021-10-06;3.5;30.59;4.97662354957194;44.0200595244107;MONTEUX
BSS002DPFQ;2021-10-07;3.49;30.6;4.97662354957194;44.0200595244107;MONTEUX
BSS002DPFQ;2021-10-08;3.49;30.6;4.97662354957194;44.0200595244107;MONTEUX
BSS002DPFQ;2021-10-09;3.53;30.56;4.97662354957194;44.0200595244107;MONTEUX
BSS002DPFQ;2021-10-10;3.45;30.64;4.97662354957194;44.0200595244107;MONTEUX
BSS002DPFQ;2021-10-11;3.41;30.68;4.97662354957194;44.0200595244107;MONTEUX
BSS002DPFQ;2021-10-12;3.35;30.74;4.97662354957194;44.0200595244107;MONTEUX
BSS002DPFQ;2021-10-13;3.33;30.76;4.97662354957194;44.0200595244107;MONTEUX
BSS002DPFQ;2021-10-14;3.33;30.76;4.97662354957194;44.0200595244107;MONTEUX
BSS002DPFQ;2021-10-15;3.27;30.82;4.97662354957194;44.0200595244107;MONTEUX
BSS002DPFQ;2021-10-16;3.27;30.82;4.97662354957194;44.0200595244107;MONTEUX
BSS002DPFQ;2021-10-17;3.24;30.85;4.97662354957194;44.0200595244107;MONTEUX
BSS002DPFQ;2021-10-18;3.2;30.89;4.97662354957194;44.0200595244107;MONTEUX
BSS002DPFQ;2021-10-19;3.08;31.01;4.97662354957194;44.0200595244107;MONTEUX
BSS002DPFQ;2021-10-20;2.96;31.13;4.97662354957194;44.0200595244107;MONTEUX
BSS002DPFQ;2021-10-21;2.88;31.21;4.97662354957194;44.0200595244107;MONTEUX
BSS002DPFQ;2021-10-22;2.83;31.26;4.97662354957194;44.0200595244107;MONTEUX
BSS002DPFQ;2021-10-23;2.81;31.28;4.97662354957194;44.0200595244107;MONTEUX
BSS002DPFQ;2021-10-24;2.77;31.32;4.97662354957194;44.0200595244107;MONTEUX
BSS002DPFQ;2021-10-25;2.72;31.37;4.97662354957194;44.0200595244107;MONTEUX
BSS002DPFQ;2021-10-26;2.68;31.41;4.97662354957194;44.0200595244107;MONTEUX
BSS002DPFQ;2021-10-27;2.65;31.44;4.97662354957194;44.0200595244107;MONTEUX
BSS002DPFQ;2021-10-28;2.61;31.48;4.97662354957194;44.0200595244107;MONTEUX
BSS002DPFQ;2021-10-29;2.57;31.52;4.97662354957194;44.0200595244107;MONTEUX
BSS002DPFQ;2021-10-30;2.55;31.54;4.97662354957194;44.0200595244107;MONTEUX
BSS002DPFQ;2021-10-31;2.51;31.58;4.97662354957194;44.0200595244107;MONTEUX
BSS002DPFQ;2021-11-01;2.45;31.64;4.97662354957194;44.0200595244107;MONTEUX
BSS002DPFQ;2021-11-02;2.42;31.67;4.97662354957194;44.0200595244107;MONTEUX
BSS002DPFQ;2021-11-03;2.39;31.7;4.97662354957194;44.0200595244107;MONTEUX
BSS002DPFQ;2021-11-04;2.4;31.69;4.97662354957194;44.0200595244107;MONTEUX
BSS002DPFQ;2021-11-05;2.4;31.69;4.97662354957194;44.0200595244107;MONTEUX
BSS002DPFQ;2021-11-06;2.41;31.68;4.97662354957194;44.0200595244107;MONTEUX
BSS002DPFQ;2021-11-07;2.36;31.73;4.97662354957194;44.0200595244107;MONTEUX
BSS002DPFQ;2021-11-08;2.34;31.75;4.97662354957194;44.0200595244107;MONTEUX
BSS002DPFQ;2021-11-09;2.34;31.75;4.97662354957194;44.0200595244107;MONTEUX
BSS002DPFQ;2021-11-10;2.31;31.78;4.97662354957194;44.0200595244107;MONTEUX
BSS002DPFQ;2021-11-11;2.29;31.8;4.97662354957194;44.0200595244107;MONTEUX
BSS002DPFQ;2021-11-12;2.26;31.83;4.97662354957194;44.0200595244107;MONTEUX
BSS002DPFQ;2021-11-13;2.24;31.85;4.97662354957194;44.0200595244107;MONTEUX
BSS002DPFQ;2021-11-14;2.21;31.88;4.97662354957194;44.0200595244107;MONTEUX
BSS002DPFQ;2021-11-15;2.2;31.89;4.97662354957194;44.0200595244107;MONTEUX
BSS002DPFQ;2021-11-16;2.16;31.93;4.97662354957194;44.0200595244107;MONTEUX
BSS002DPFQ;2021-11-17;2.16;31.93;4.97662354957194;44.0200595244107;MONTEUX
BSS002DPFQ;2021-11-18;2.17;31.92;4.97662354957194;44.0200595244107;MONTEUX
BSS002DPFQ;2021-11-19;2.19;31.9;4.97662354957194;44.0200595244107;MONTEUX
BSS002DPFQ;2021-11-20;2.15;31.94;4.97662354957194;44.0200595244107;MONTEUX
BSS002DPFQ;2021-11-21;2.1;31.99;4.97662354957194;44.0200595244107;MONTEUX
BSS002DPFQ;2021-11-22;2.09;32.0;4.97662354957194;44.0200595244107;MONTEUX
BSS002DPFQ;2021-11-23;2.09;32.0;4.97662354957194;44.0200595244107;MONTEUX
BSS002DPFQ;2021-11-24;2.07;32.02;4.97662354957194;44.0200595244107;MONTEUX
BSS002DPFQ;2021-11-25;2.03;32.06;4.97662354957194;44.0200595244107;MONTEUX
BSS002DPFQ;2021-11-26;2.01;32.08;4.97662354957194;44.0200595244107;MONTEUX
BSS002DPFQ;2021-11-27;1.99;32.1;4.97662354957194;44.0200595244107;MONTEUX
BSS002DPFQ;2021-11-28;2.0;32.09;4.97662354957194;44.0200595244107;MONTEUX
BSS002DPFQ;2021-11-29;2.01;32.08;4.97662354957194;44.0200595244107;MONTEUX
BSS002DPFQ;2021-11-30;2.03;32.06;4.97662354957194;44.0200595244107;MONTEUX
BSS002DPFQ;2021-12-01;1.99;32.1;4.97662354957194;44.0200595244107;MONTEUX
BSS002DPFQ;2021-12-02;1.97;32.12;4.97662354957194;44.0200595244107;MONTEUX
BSS002DPFQ;2021-12-03;2.0;32.09;4.97662354957194;44.0200595244107;MONTEUX
BSS002DPFQ;2021-12-04;1.99;32.1;4.97662354957194;44.0200595244107;MONTEUX
BSS002DPFQ;2021-12-05;1.98;32.11;4.97662354957194;44.0200595244107;MONTEUX
BSS002DPFQ;2021-12-06;2.0;32.09;4.97662354957194;44.0200595244107;MONTEUX
BSS002DPFQ;2021-12-07;1.98;32.11;4.97662354957194;44.0200595244107;MONTEUX
BSS002DPFQ;2021-12-08;1.93;32.16;4.97662354957194;44.0200595244107;MONTEUX
BSS002DPFQ;2021-12-09;1.95;32.14;4.97662354957194;44.0200595244107;MONTEUX
BSS002DPFQ;2021-12-10;1.92;32.17;4.97662354957194;44.0200595244107;MONTEUX
BSS002DPFQ;2021-12-11;1.94;32.15;4.97662354957194;44.0200595244107;MONTEUX
BSS002DPFQ;2021-12-12;1.96;32.13;4.97662354957194;44.0200595244107;MONTEUX
BSS002DPFQ;2021-12-13;1.95;32.14;4.97662354957194;44.0200595244107;MONTEUX
BSS002DPFQ;2021-12-14;1.94;32.15;4.97662354957194;44.0200595244107;MONTEUX
BSS002DPFQ;2021-12-15;1.93;32.16;4.97662354957194;44.0200595244107;MONTEUX
BSS002DPFQ;2021-12-16;1.93;32.16;4.97662354957194;44.0200595244107;MONTEUX
BSS002DPFQ;2021-12-17;1.93;32.16;4.97662354957194;44.0200595244107;MONTEUX
BSS002DPFQ;2021-12-18;1.93;32.16;4.97662354957194;44.0200595244107;MONTEUX
BSS002DPFQ;2021-12-19;1.9;32.19;4.97662354957194;44.0200595244107;MONTEUX
BSS002DPFQ;2021-12-20;1.86;32.23;4.97662354957194;44.0200595244107;MONTEUX
BSS002DPFQ;2021-12-21;1.88;32.21;4.97662354957194;44.0200595244107;MONTEUX
BSS002DPFQ;2021-12-22;1.84;32.25;4.97662354957194;44.0200595244107;MONTEUX
BSS002DPFQ;2021-12-23;1.8;32.29;4.97662354957194;44.0200595244107;MONTEUX
BSS002DPFQ;2021-12-24;1.76;32.33;4.97662354957194;44.0200595244107;MONTEUX
BSS002DPFQ;2021-12-25;1.71;32.38;4.97662354957194;44.0200595244107;MONTEUX
BSS002DPFQ;2021-12-26;1.7;32.39;4.97662354957194;44.0200595244107;MONTEUX
BSS002DPFQ;2021-12-27;1.67;32.42;4.97662354957194;44.0200595244107;MONTEUX
BSS002DPFQ;2021-12-28;1.66;32.43;4.97662354957194;44.0200595244107;MONTEUX
BSS002DPFQ;2021-12-29;1.66;32.43;4.97662354957194;44.0200595244107;MONTEUX
BSS002DPFQ;2021-12-30;1.64;32.45;4.97662354957194;44.0200595244107;MONTEUX
BSS002DPFQ;2021-12-31;1.64;32.45;4.97662354957194;44.0200595244107;MONTEUX
BSS002DPFQ;2022-01-01;1.63;32.46;4.97662354957194;44.0200595244107;MONTEUX
BSS002DPFQ;2022-01-02;1.6;32.49;4.97662354957194;44.0200595244107;MONTEUX
BSS002DPFQ;2022-01-03;1.56;32.53;4.97662354957194;44.0200595244107;MONTEUX
BSS002DPFQ;2022-01-04;1.52;32.57;4.97662354957194;44.0200595244107;MONTEUX
BSS002DPFQ;2022-01-05;1.53;32.56;4.97662354957194;44.0200595244107;MONTEUX
BSS002DPFQ;2022-01-06;1.54;32.55;4.97662354957194;44.0200595244107;MONTEUX
BSS002DPFQ;2022-01-07;1.57;32.52;4.97662354957194;44.0200595244107;MONTEUX
BSS002DPFQ;2022-01-08;1.55;32.54;4.97662354957194;44.0200595244107;MONTEUX
BSS002DPFQ;2022-01-09;1.53;32.56;4.97662354957194;44.0200595244107;MONTEUX
BSS002DPFQ;2022-01-10;1.54;32.55;4.97662354957194;44.0200595244107;MONTEUX
BSS002DPFQ;2022-01-11;1.57;32.52;4.97662354957194;44.0200595244107;MONTEUX
BSS002DPFQ;2022-01-12;1.59;32.5;4.97662354957194;44.0200595244107;MONTEUX
BSS002DPFQ;2022-01-13;1.61;32.48;4.97662354957194;44.0200595244107;MONTEUX
BSS002DPFQ;2022-01-14;1.6;32.49;4.97662354957194;44.0200595244107;MONTEUX
BSS002DPFQ;2022-01-15;1.59;32.5;4.97662354957194;44.0200595244107;MONTEUX
BSS002DPFQ;2022-01-16;1.59;32.5;4.97662354957194;44.0200595244107;MONTEUX
BSS002DPFQ;2022-01-17;1.6;32.49;4.97662354957194;44.0200595244107;MONTEUX
BSS002DPFQ;2022-01-18;1.61;32.48;4.97662354957194;44.0200595244107;MONTEUX
BSS002DPFQ;2022-01-19;1.61;32.48;4.97662354957194;44.0200595244107;MONTEUX
BSS002DPFQ;2022-01-20;1.6;32.49;4.97662354957194;44.0200595244107;MONTEUX
BSS002DPFQ;2022-01-21;1.61;32.48;4.97662354957194;44.0200595244107;MONTEUX
BSS002DPFQ;2022-01-22;1.64;32.45;4.97662354957194;44.0200595244107;MONTEUX
BSS002DPFQ;2022-01-23;1.64;32.45;4.97662354957194;44.0200595244107;MONTEUX
BSS002DPFQ;2022-01-24;1.65;32.44;4.97662354957194;44.0200595244107;MONTEUX
BSS002DPFQ;2022-01-25;1.65;32.44;4.97662354957194;44.0200595244107;MONTEUX
BSS002DPFQ;2022-01-26;1.65;32.44;4.97662354957194;44.0200595244107;MONTEUX
BSS002DPFQ;2022-01-27;1.67;32.42;4.97662354957194;44.0200595244107;MONTEUX
BSS002DPFQ;2022-01-28;1.67;32.42;4.97662354957194;44.0200595244107;MONTEUX
BSS002DPFQ;2022-01-29;1.7;32.39;4.97662354957194;44.0200595244107;MONTEUX
BSS002DPFQ;2022-01-30;1.67;32.42;4.97662354957194;44.0200595244107;MONTEUX
BSS002DPFQ;2022-01-31;1.65;32.44;4.97662354957194;44.0200595244107;MONTEUX
BSS002DPFQ;2022-02-01;1.66;32.43;4.97662354957194;44.0200595244107;MONTEUX
BSS002DPFQ;2022-02-02;1.66;32.43;4.97662354957194;44.0200595244107;MONTEUX
BSS002DPFQ;2022-02-03;1.67;32.42;4.97662354957194;44.0200595244107;MONTEUX
BSS002DPFQ;2022-02-04;1.67;32.42;4.97662354957194;44.0200595244107;MONTEUX
BSS002DPFQ;2022-02-05;1.68;32.41;4.97662354957194;44.0200595244107;MONTEUX
BSS002DPFQ;2022-02-06;1.7;32.39;4.97662354957194;44.0200595244107;MONTEUX
BSS002DPFQ;2022-02-07;1.68;32.41;4.97662354957194;44.0200595244107;MONTEUX
BSS002DPFQ;2022-02-08;1.71;32.38;4.97662354957194;44.0200595244107;MONTEUX
BSS002DPFQ;2022-02-09;1.72;32.37;4.97662354957194;44.0200595244107;MONTEUX
BSS002DPFQ;2022-02-10;1.7;32.39;4.97662354957194;44.0200595244107;MONTEUX
BSS002DPFQ;2022-02-11;1.7;32.39;4.97662354957194;44.0200595244107;MONTEUX
BSS002DPFQ;2022-02-12;1.7;32.39;4.97662354957194;44.0200595244107;MONTEUX
BSS002DPFQ;2022-02-13;1.7;32.39;4.97662354957194;44.0200595244107;MONTEUX
BSS002DPFQ;2022-02-14;1.65;32.44;4.97662354957194;44.0200595244107;MONTEUX
BSS002DPFQ;2022-02-15;1.66;32.43;4.97662354957194;44.0200595244107;MONTEUX
BSS002DPFQ;2022-02-16;1.67;32.42;4.97662354957194;44.0200595244107;MONTEUX
BSS002DPFQ;2022-02-17;1.67;32.42;4.97662354957194;44.0200595244107;MONTEUX
BSS002DPFQ;2022-02-18;1.66;32.43;4.97662354957194;44.0200595244107;MONTEUX
BSS002DPFQ;2022-02-19;1.67;32.42;4.97662354957194;44.0200595244107;MONTEUX
BSS002DPFQ;2022-02-20;1.69;32.4;4.97662354957194;44.0200595244107;MONTEUX
BSS002DPFQ;2022-02-21;1.68;32.41;4.97662354957194;44.0200595244107;MONTEUX
BSS002DPFQ;2022-02-22;1.69;32.4;4.97662354957194;44.0200595244107;MONTEUX
BSS002DPFQ;2022-02-23;1.69;32.4;4.97662354957194;44.0200595244107;MONTEUX
BSS002DPFQ;2022-02-24;1.7;32.39;4.97662354957194;44.0200595244107;MONTEUX
BSS002DPFQ;2022-02-25;1.7;32.39;4.97662354957194;44.0200595244107;MONTEUX
BSS002DPFQ;2022-02-26;1.72;32.37;4.97662354957194;44.0200595244107;MONTEUX
BSS002DPFQ;2022-02-27;1.73;32.36;4.97662354957194;44.0200595244107;MONTEUX
BSS002DPFQ;2022-02-28;1.73;32.36;4.97662354957194;44.0200595244107;MONTEUX
BSS002DPFQ;2022-03-01;1.73;32.36;4.97662354957194;44.0200595244107;MONTEUX
BSS002DPFQ;2022-03-02;1.72;32.37;4.97662354957194;44.0200595244107;MONTEUX
BSS002DPFQ;2022-03-03;1.71;32.38;4.97662354957194;44.0200595244107;MONTEUX
BSS002DPFQ;2022-03-04;1.71;32.38;4.97662354957194;44.0200595244107;MONTEUX
BSS002DPFQ;2022-03-05;1.72;32.37;4.97662354957194;44.0200595244107;MONTEUX
BSS002DPFQ;2022-03-06;1.74;32.35;4.97662354957194;44.0200595244107;MONTEUX
BSS002DPFQ;2022-03-07;1.74;32.35;4.97662354957194;44.0200595244107;MONTEUX
BSS002DPFQ;2022-03-08;1.75;32.34;4.97662354957194;44.0200595244107;MONTEUX
BSS002DPFQ;2022-03-09;1.76;32.33;4.97662354957194;44.0200595244107;MONTEUX
BSS002DPFQ;2022-03-10;1.77;32.32;4.97662354957194;44.0200595244107;MONTEUX
BSS002DPFQ;2022-03-11;1.76;32.33;4.97662354957194;44.0200595244107;MONTEUX
BSS002DPFQ;2022-03-12;1.76;32.33;4.97662354957194;44.0200595244107;MONTEUX
BSS002DPFQ;2022-03-13;1.76;32.33;4.97662354957194;44.0200595244107;MONTEUX
BSS002DPFQ;2022-03-14;1.8;32.29;4.97662354957194;44.0200595244107;MONTEUX
BSS002DPFQ;2022-03-15;1.79;32.3;4.97662354957194;44.0200595244107;MONTEUX
BSS002DPFQ;2022-03-16;1.77;32.32;4.97662354957194;44.0200595244107;MONTEUX
BSS002DPFQ;2022-03-17;1.78;32.31;4.97662354957194;44.0200595244107;MONTEUX
BSS002DPFQ;2022-03-18;1.77;32.32;4.97662354957194;44.0200595244107;MONTEUX
BSS002DPFQ;2022-03-19;1.79;32.3;4.97662354957194;44.0200595244107;MONTEUX
BSS002DPFQ;2022-03-20;1.79;32.3;4.97662354957194;44.0200595244107;MONTEUX
BSS002DPFQ;2022-03-21;1.81;32.28;4.97662354957194;44.0200595244107;MONTEUX
BSS002DPFQ;2022-03-22;1.81;32.28;4.97662354957194;44.0200595244107;MONTEUX
BSS002DPFQ;2022-03-23;1.8;32.29;4.97662354957194;44.0200595244107;MONTEUX
BSS002DPFQ;2022-03-24;1.81;32.28;4.97662354957194;44.0200595244107;MONTEUX
BSS002DPFQ;2022-03-25;1.81;32.28;4.97662354957194;44.0200595244107;MONTEUX
BSS002DPFQ;2022-03-26;1.82;32.27;4.97662354957194;44.0200595244107;MONTEUX
BSS002DPFQ;2022-03-27;1.83;32.26;4.97662354957194;44.0200595244107;MONTEUX
BSS002DPFQ;2022-03-28;1.84;32.25;4.97662354957194;44.0200595244107;MONTEUX
BSS002DPFQ;2022-03-29;1.81;32.28;4.97662354957194;44.0200595244107;MONTEUX
BSS002DPFQ;2022-03-30;1.78;32.31;4.97662354957194;44.0200595244107;MONTEUX
BSS002DPFQ;2022-03-31;1.77;32.32;4.97662354957194;44.0200595244107;MONTEUX
BSS002DPFQ;2022-04-01;1.79;32.3;4.97662354957194;44.0200595244107;MONTEUX
BSS002DPFQ;2022-04-02;1.82;32.27;4.97662354957194;44.0200595244107;MONTEUX
BSS002DPFQ;2022-04-03;1.86;32.23;4.97662354957194;44.0200595244107;MONTEUX
BSS002DPFQ;2022-04-04;1.88;32.21;4.97662354957194;44.0200595244107;MONTEUX
BSS002DPFQ;2022-04-05;1.87;32.22;4.97662354957194;44.0200595244107;MONTEUX
BSS002DPFQ;2022-04-06;1.87;32.22;4.97662354957194;44.0200595244107;MONTEUX
BSS002DPFQ;2022-04-07;1.88;32.21;4.97662354957194;44.0200595244107;MONTEUX
BSS002DPFQ;2022-04-08;1.89;32.2;4.97662354957194;44.0200595244107;MONTEUX
BSS002DPFQ;2022-04-09;1.9;32.19;4.97662354957194;44.0200595244107;MONTEUX
BSS002DPFQ;2022-04-10;1.94;32.15;4.97662354957194;44.0200595244107;MONTEUX
BSS002DPFQ;2022-04-11;1.93;32.16;4.97662354957194;44.0200595244107;MONTEUX
BSS002DPFQ;2022-04-12;1.93;32.16;4.97662354957194;44.0200595244107;MONTEUX
BSS002DPFQ;2022-04-13;1.94;32.15;4.97662354957194;44.0200595244107;MONTEUX
BSS002DPFQ;2022-04-14;1.95;32.14;4.97662354957194;44.0200595244107;MONTEUX
BSS002DPFQ;2022-04-15;1.97;32.12;4.97662354957194;44.0200595244107;MONTEUX
BSS002DPFQ;2022-04-16;1.97;32.12;4.97662354957194;44.0200595244107;MONTEUX
BSS002DPFQ;2022-04-17;1.98;32.11;4.97662354957194;44.0200595244107;MONTEUX
BSS002DPFQ;2022-04-18;1.98;32.11;4.97662354957194;44.0200595244107;MONTEUX
BSS002DPFQ;2022-04-19;1.96;32.13;4.97662354957194;44.0200595244107;MONTEUX
BSS002DPFQ;2022-04-20;1.96;32.13;4.97662354957194;44.0200595244107;MONTEUX
BSS002DPFQ;2022-04-21;1.94;32.15;4.97662354957194;44.0200595244107;MONTEUX
BSS002DPFQ;2022-04-22;1.93;32.16;4.97662354957194;44.0200595244107;MONTEUX
BSS002DPFQ;2022-04-23;1.93;32.16;4.97662354957194;44.0200595244107;MONTEUX
BSS002DPFQ;2022-04-24;1.94;32.15;4.97662354957194;44.0200595244107;MONTEUX
BSS002DPFQ;2022-04-25;1.96;32.13;4.97662354957194;44.0200595244107;MONTEUX
BSS002DPFQ;2022-04-26;1.99;32.1;4.97662354957194;44.0200595244107;MONTEUX
BSS002DPFQ;2022-04-27;2.04;32.05;4.97662354957194;44.0200595244107;MONTEUX
BSS002DPFQ;2022-04-28;2.24;31.85;4.97662354957194;44.0200595244107;MONTEUX
BSS002DPFQ;2022-04-29;2.38;31.71;4.97662354957194;44.0200595244107;MONTEUX
BSS002DPFQ;2022-04-30;2.32;31.77;4.97662354957194;44.0200595244107;MONTEUX
BSS002DPFQ;2022-05-01;2.25;31.84;4.97662354957194;44.0200595244107;MONTEUX
BSS002DPFQ;2022-05-02;2.22;31.87;4.97662354957194;44.0200595244107;MONTEUX
BSS002DPFQ;2022-05-03;2.32;31.77;4.97662354957194;44.0200595244107;MONTEUX
BSS002DPFQ;2022-05-04;2.36;31.73;4.97662354957194;44.0200595244107;MONTEUX
BSS002DPFQ;2022-05-05;2.3;31.79;4.97662354957194;44.0200595244107;MONTEUX
BSS002DPFQ;2022-05-06;2.25;31.84;4.97662354957194;44.0200595244107;MONTEUX
BSS002DPFQ;2022-05-07;2.23;31.86;4.97662354957194;44.0200595244107;MONTEUX
BSS002DPFQ;2022-05-08;2.21;31.88;4.97662354957194;44.0200595244107;MONTEUX
BSS002DPFQ;2022-05-09;2.18;31.91;4.97662354957194;44.0200595244107;MONTEUX
BSS002DPFQ;2022-05-10;2.22;31.87;4.97662354957194;44.0200595244107;MONTEUX
BSS002DPFQ;2022-05-11;2.4;31.69;4.97662354957194;44.0200595244107;MONTEUX
BSS002DPFQ;2022-05-12;2.32;31.77;4.97662354957194;44.0200595244107;MONTEUX
BSS002DPFQ;2022-05-13;2.28;31.81;4.97662354957194;44.0200595244107;MONTEUX
BSS002DPFQ;2022-05-14;2.35;31.74;4.97662354957194;44.0200595244107;MONTEUX
BSS002DPFQ;2022-05-15;2.34;31.75;4.97662354957194;44.0200595244107;MONTEUX
BSS002DPFQ;2022-05-16;2.32;31.77;4.97662354957194;44.0200595244107;MONTEUX
BSS002DPFQ;2022-05-17;2.31;31.78;4.97662354957194;44.0200595244107;MONTEUX
BSS002DPFQ;2022-05-18;2.3;31.79;4.97662354957194;44.0200595244107;MONTEUX
BSS002DPFQ;2022-05-19;2.3;31.79;4.97662354957194;44.0200595244107;MONTEUX
BSS002DPFQ;2022-05-20;2.33;31.76;4.97662354957194;44.0200595244107;MONTEUX
BSS002DPFQ;2022-05-21;2.35;31.74;4.97662354957194;44.0200595244107;MONTEUX
BSS002DPFQ;2022-05-22;2.32;31.77;4.97662354957194;44.0200595244107;MONTEUX
BSS002DPFQ;2022-05-23;2.3;31.79;4.97662354957194;44.0200595244107;MONTEUX
BSS002DPFQ;2022-05-24;2.33;31.76;4.97662354957194;44.0200595244107;MONTEUX
BSS002DPFQ;2022-05-25;2.34;31.75;4.97662354957194;44.0200595244107;MONTEUX
BSS002DPFQ;2022-05-26;2.38;31.71;4.97662354957194;44.0200595244107;MONTEUX
BSS002DPFQ;2022-05-27;2.38;31.71;4.97662354957194;44.0200595244107;MONTEUX
BSS002DPFQ;2022-05-28;2.43;31.66;4.97662354957194;44.0200595244107;MONTEUX
BSS002DPFQ;2022-05-29;2.41;31.68;4.97662354957194;44.0200595244107;MONTEUX
BSS002DPFQ;2022-05-30;2.42;31.67;4.97662354957194;44.0200595244107;MONTEUX
BSS002DPFQ;2022-05-31;2.46;31.63;4.97662354957194;44.0200595244107;MONTEUX
BSS002DPFQ;2022-06-01;2.5;31.59;4.97662354957194;44.0200595244107;MONTEUX
BSS002DPFQ;2022-06-02;2.54;31.55;4.97662354957194;44.0200595244107;MONTEUX
BSS002DPFQ;2022-06-03;2.62;31.47;4.97662354957194;44.0200595244107;MONTEUX
BSS002DPFQ;2022-06-04;2.66;31.43;4.97662354957194;44.0200595244107;MONTEUX
BSS002DPFQ;2022-06-05;2.64;31.45;4.97662354957194;44.0200595244107;MONTEUX
BSS002DPFQ;2022-06-06;2.62;31.47;4.97662354957194;44.0200595244107;MONTEUX
BSS002DPFQ;2022-06-07;2.63;31.46;4.97662354957194;44.0200595244107;MONTEUX
BSS002DPFQ;2022-06-08;2.71;31.38;4.97662354957194;44.0200595244107;MONTEUX
BSS002DPFQ;2022-06-09;2.7;31.39;4.97662354957194;44.0200595244107;MONTEUX
BSS002DPFQ;2022-06-10;2.75;31.34;4.97662354957194;44.0200595244107;MONTEUX
BSS002DPFQ;2022-06-11;2.75;31.34;4.97662354957194;44.0200595244107;MONTEUX
BSS002DPFQ;2022-06-12;2.73;31.36;4.97662354957194;44.0200595244107;MONTEUX
BSS002DPFQ;2022-06-13;2.73;31.36;4.97662354957194;44.0200595244107;MONTEUX
BSS002DPFQ;2022-06-14;2.93;31.16;4.97662354957194;44.0200595244107;MONTEUX
BSS002DPFQ;2022-06-15;2.89;31.2;4.97662354957194;44.0200595244107;MONTEUX
BSS002DPFQ;2022-06-16;2.9;31.19;4.97662354957194;44.0200595244107;MONTEUX
BSS002DPFQ;2022-06-17;2.89;31.2;4.97662354957194;44.0200595244107;MONTEUX
BSS002DPFQ;2022-06-18;2.9;31.19;4.97662354957194;44.0200595244107;MONTEUX
BSS002DPFQ;2022-06-19;2.94;31.15;4.97662354957194;44.0200595244107;MONTEUX
BSS002DPFQ;2022-06-20;2.93;31.16;4.97662354957194;44.0200595244107;MONTEUX
BSS002DPFQ;2022-06-21;3.11;30.98;4.97662354957194;44.0200595244107;MONTEUX
BSS002DPFQ;2022-06-22;3.4;30.69;4.97662354957194;44.0200595244107;MONTEUX
BSS002DPFQ;2022-06-23;3.43;30.66;4.97662354957194;44.0200595244107;MONTEUX
BSS002DPFQ;2022-06-24;3.41;30.68;4.97662354957194;44.0200595244107;MONTEUX
BSS002DPFQ;2022-06-25;3.41;30.68;4.97662354957194;44.0200595244107;MONTEUX
BSS002DPFQ;2022-06-26;3.41;30.68;4.97662354957194;44.0200595244107;MONTEUX
BSS002DPFQ;2022-06-27;3.42;30.67;4.97662354957194;44.0200595244107;MONTEUX
BSS002DPFQ;2022-06-28;3.45;30.64;4.97662354957194;44.0200595244107;MONTEUX
BSS002DPFQ;2022-06-29;3.54;30.55;4.97662354957194;44.0200595244107;MONTEUX
BSS002DPFQ;2022-06-30;3.59;30.5;4.97662354957194;44.0200595244107;MONTEUX
BSS002DPFQ;2022-07-01;3.62;30.47;4.97662354957194;44.0200595244107;MONTEUX
BSS002DPFQ;2022-07-02;3.59;30.5;4.97662354957194;44.0200595244107;MONTEUX
BSS002DPFQ;2022-07-03;3.6;30.49;4.97662354957194;44.0200595244107;MONTEUX
BSS002DPFQ;2022-07-04;3.65;30.44;4.97662354957194;44.0200595244107;MONTEUX
BSS002DPFQ;2022-07-05;3.77;30.32;4.97662354957194;44.0200595244107;MONTEUX
BSS002DPFQ;2022-07-06;3.73;30.36;4.97662354957194;44.0200595244107;MONTEUX
BSS002DPFQ;2022-07-07;3.71;30.38;4.97662354957194;44.0200595244107;MONTEUX
BSS002DPFQ;2022-07-08;3.78;30.31;4.97662354957194;44.0200595244107;MONTEUX
BSS002DPFQ;2022-07-09;3.86;30.23;4.97662354957194;44.0200595244107;MONTEUX
BSS002DPFQ;2022-07-10;3.8;30.29;4.97662354957194;44.0200595244107;MONTEUX
BSS002DPFQ;2022-07-11;3.85;30.24;4.97662354957194;44.0200595244107;MONTEUX
BSS002DPFQ;2022-07-12;3.93;30.16;4.97662354957194;44.0200595244107;MONTEUX
BSS002DPFQ;2022-07-13;3.93;30.16;4.97662354957194;44.0200595244107;MONTEUX
BSS002DPFQ;2022-07-14;3.98;30.11;4.97662354957194;44.0200595244107;MONTEUX
BSS002DPFQ;2022-07-15;4.0;30.09;4.97662354957194;44.0200595244107;MONTEUX
BSS002DPFQ;2022-07-16;4.06;30.03;4.97662354957194;44.0200595244107;MONTEUX
BSS002DPFQ;2022-07-17;4.1;29.99;4.97662354957194;44.0200595244107;MONTEUX
BSS002DPFQ;2022-07-18;4.04;30.05;4.97662354957194;44.0200595244107;MONTEUX
BSS002DPFQ;2022-07-19;4.08;30.01;4.97662354957194;44.0200595244107;MONTEUX
BSS002DPFQ;2022-07-20;4.16;29.93;4.97662354957194;44.0200595244107;MONTEUX
BSS002DPFQ;2022-07-21;4.13;29.96;4.97662354957194;44.0200595244107;MONTEUX
BSS002DPFQ;2022-07-22;4.19;29.9;4.97662354957194;44.0200595244107;MONTEUX
BSS002DPFQ;2022-07-23;4.3;29.79;4.97662354957194;44.0200595244107;MONTEUX
BSS002DPFQ;2022-07-24;4.25;29.84;4.97662354957194;44.0200595244107;MONTEUX
BSS002DPFQ;2022-07-25;4.29;29.8;4.97662354957194;44.0200595244107;MONTEUX
BSS002DPFQ;2022-07-26;4.33;29.76;4.97662354957194;44.0200595244107;MONTEUX
BSS002DPFQ;2022-07-27;4.28;29.81;4.97662354957194;44.0200595244107;MONTEUX
BSS002DPFQ;2022-07-28;4.32;29.77;4.97662354957194;44.0200595244107;MONTEUX
BSS002DPFQ;2022-07-29;4.34;29.75;4.97662354957194;44.0200595244107;MONTEUX
BSS002DPFQ;2022-07-30;4.44;29.65;4.97662354957194;44.0200595244107;MONTEUX
BSS002DPFQ;2022-07-31;4.36;29.73;4.97662354957194;44.0200595244107;MONTEUX
BSS002DPFQ;2022-08-01;4.42;29.67;4.97662354957194;44.0200595244107;MONTEUX
BSS002DPFQ;2022-08-02;4.54;29.55;4.97662354957194;44.0200595244107;MONTEUX
BSS002DPFQ;2022-08-03;4.42;29.67;4.97662354957194;44.0200595244107;MONTEUX
BSS002DPFQ;2022-08-04;4.47;29.62;4.97662354957194;44.0200595244107;MONTEUX
BSS002DPFQ;2022-08-05;4.53;29.56;4.97662354957194;44.0200595244107;MONTEUX
BSS002DPFQ;2022-08-06;4.42;29.67;4.97662354957194;44.0200595244107;MONTEUX
BSS002DPFQ;2022-08-07;4.34;29.75;4.97662354957194;44.0200595244107;MONTEUX
BSS002DPFQ;2022-08-08;4.42;29.67;4.97662354957194;44.0200595244107;MONTEUX
BSS002DPFQ;2022-08-09;4.41;29.68;4.97662354957194;44.0200595244107;MONTEUX
BSS002DPFQ;2022-08-10;4.35;29.74;4.97662354957194;44.0200595244107;MONTEUX
BSS002DPFQ;2022-08-11;4.3;29.79;4.97662354957194;44.0200595244107;MONTEUX
BSS002DPFQ;2022-08-12;4.24;29.85;4.97662354957194;44.0200595244107;MONTEUX
BSS002DPFQ;2022-08-13;4.29;29.8;4.97662354957194;44.0200595244107;MONTEUX
BSS002DPFQ;2022-08-14;4.24;29.85;4.97662354957194;44.0200595244107;MONTEUX
BSS002DPFQ;2022-08-15;4.14;29.95;4.97662354957194;44.0200595244107;MONTEUX
BSS002DPFQ;2022-08-16;4.1;29.99;4.97662354957194;44.0200595244107;MONTEUX
BSS002DPFQ;2022-08-17;4.03;30.06;4.97662354957194;44.0200595244107;MONTEUX
BSS002DPFQ;2022-08-18;3.96;30.13;4.97662354957194;44.0200595244107;MONTEUX
BSS002DPFQ;2022-08-19;3.93;30.16;4.97662354957194;44.0200595244107;MONTEUX
BSS002DPFQ;2022-08-20;3.94;30.15;4.97662354957194;44.0200595244107;MONTEUX
BSS002DPFQ;2022-08-21;3.86;30.23;4.97662354957194;44.0200595244107;MONTEUX
BSS002DPFQ;2022-08-22;3.88;30.21;4.97662354957194;44.0200595244107;MONTEUX
BSS002DPFQ;2022-08-23;3.91;30.18;4.97662354957194;44.0200595244107;MONTEUX
BSS002DPFQ;2022-08-24;3.89;30.2;4.97662354957194;44.0200595244107;MONTEUX
BSS002DPFQ;2022-08-25;3.84;30.25;4.97662354957194;44.0200595244107;MONTEUX
BSS002DPFQ;2022-08-26;3.8;30.29;4.97662354957194;44.0200595244107;MONTEUX
BSS002DPFQ;2022-08-27;3.79;30.3;4.97662354957194;44.0200595244107;MONTEUX
BSS002DPFQ;2022-08-28;3.81;30.28;4.97662354957194;44.0200595244107;MONTEUX
BSS002DPFQ;2022-08-29;3.86;30.23;4.97662354957194;44.0200595244107;MONTEUX
BSS002DPFQ;2022-08-30;3.85;30.24;4.97662354957194;44.0200595244107;MONTEUX
BSS002DPFQ;2022-08-31;3.79;30.3;4.97662354957194;44.0200595244107;MONTEUX
BSS002DPFQ;2022-09-01;3.77;30.32;4.97662354957194;44.0200595244107;MONTEUX
BSS002DPFQ;2022-09-02;3.78;30.31;4.97662354957194;44.0200595244107;MONTEUX
BSS002DPFQ;2022-09-03;3.8;30.29;4.97662354957194;44.0200595244107;MONTEUX
BSS002DPFQ;2022-09-04;3.78;30.31;4.97662354957194;44.0200595244107;MONTEUX
BSS002DPFQ;2022-09-05;3.79;30.3;4.97662354957194;44.0200595244107;MONTEUX
BSS002DPFQ;2022-09-06;3.77;30.32;4.97662354957194;44.0200595244107;MONTEUX
BSS002DPFQ;2022-09-07;3.78;30.31;4.97662354957194;44.0200595244107;MONTEUX
BSS002DPFQ;2022-09-08;3.76;30.33;4.97662354957194;44.0200595244107;MONTEUX
BSS002DPFQ;2022-09-09;3.79;30.3;4.97662354957194;44.0200595244107;MONTEUX
BSS002DPFQ;2022-09-10;3.76;30.33;4.97662354957194;44.0200595244107;MONTEUX
BSS002DPFQ;2022-09-11;3.73;30.36;4.97662354957194;44.0200595244107;MONTEUX
BSS002DPFQ;2022-09-12;3.73;30.36;4.97662354957194;44.0200595244107;MONTEUX
BSS002DPFQ;2022-09-13;3.71;30.38;4.97662354957194;44.0200595244107;MONTEUX
BSS002DPFQ;2022-09-14;3.68;30.41;4.97662354957194;44.0200595244107;MONTEUX
BSS002DPFQ;2022-09-15;3.66;30.43;4.97662354957194;44.0200595244107;MONTEUX
BSS002DPFQ;2022-09-16;3.66;30.43;4.97662354957194;44.0200595244107;MONTEUX
BSS002DPFQ;2022-09-17;3.67;30.42;4.97662354957194;44.0200595244107;MONTEUX
BSS002DPFQ;2022-09-18;3.71;30.38;4.97662354957194;44.0200595244107;MONTEUX
BSS002DPFQ;2022-09-19;3.66;30.43;4.97662354957194;44.0200595244107;MONTEUX
BSS002DPFQ;2022-09-20;3.66;30.43;4.97662354957194;44.0200595244107;MONTEUX
BSS002DPFQ;2022-09-21;3.66;30.43;4.97662354957194;44.0200595244107;MONTEUX
BSS002DPFQ;2022-09-22;3.62;30.47;4.97662354957194;44.0200595244107;MONTEUX
BSS002DPFQ;2022-09-23;3.6;30.49;4.97662354957194;44.0200595244107;MONTEUX
BSS002DPFQ;2022-09-24;3.53;30.56;4.97662354957194;44.0200595244107;MONTEUX
BSS002DPFQ;2022-09-25;3.52;30.57;4.97662354957194;44.0200595244107;MONTEUX
BSS002DPFQ;2022-09-26;3.48;30.61;4.97662354957194;44.0200595244107;MONTEUX
BSS002DPFQ;2022-09-27;3.48;30.61;4.97662354957194;44.0200595244107;MONTEUX
BSS002DPFQ;2022-09-28;3.42;30.67;4.97662354957194;44.0200595244107;MONTEUX
BSS002DPFQ;2022-09-29;3.43;30.66;4.97662354957194;44.0200595244107;MONTEUX
BSS002DPFQ;2022-09-30;3.44;30.65;4.97662354957194;44.0200595244107;MONTEUX
BSS002DPFQ;2022-10-01;3.46;30.63;4.97662354957194;44.0200595244107;MONTEUX
BSS002DPFQ;2022-10-02;3.44;30.65;4.97662354957194;44.0200595244107;MONTEUX
BSS002DPFQ;2022-10-03;3.44;30.65;4.97662354957194;44.0200595244107;MONTEUX
BSS002DPFQ;2022-10-04;3.44;30.65;4.97662354957194;44.0200595244107;MONTEUX
BSS002DPFQ;2022-10-05;3.44;30.65;4.97662354957194;44.0200595244107;MONTEUX
BSS002DPFQ;2022-10-06;3.43;30.66;4.97662354957194;44.0200595244107;MONTEUX
BSS002DPFQ;2022-10-07;3.39;30.7;4.97662354957194;44.0200595244107;MONTEUX
BSS002DPFQ;2022-10-08;3.37;30.72;4.97662354957194;44.0200595244107;MONTEUX
BSS002DPFQ;2022-10-09;3.36;30.73;4.97662354957194;44.0200595244107;MONTEUX
BSS002DPFQ;2022-10-10;3.34;30.75;4.97662354957194;44.0200595244107;MONTEUX
BSS002DPFQ;2022-10-11;3.35;30.74;4.97662354957194;44.0200595244107;MONTEUX
BSS002DPFQ;2022-10-12;3.35;30.74;4.97662354957194;44.0200595244107;MONTEUX
BSS002DPFQ;2022-10-13;3.3;30.79;4.97662354957194;44.0200595244107;MONTEUX
BSS002DPFQ;2022-10-14;3.3;30.79;4.97662354957194;44.0200595244107;MONTEUX
BSS002DPFQ;2022-10-15;3.28;30.81;4.97662354957194;44.0200595244107;MONTEUX
BSS002DPFQ;2022-10-16;3.27;30.82;4.97662354957194;44.0200595244107;MONTEUX
BSS002DPFQ;2022-10-17;3.26;30.83;4.97662354957194;44.0200595244107;MONTEUX
BSS002DPFQ;2022-10-18;3.26;30.83;4.97662354957194;44.0200595244107;MONTEUX
BSS002DPFQ;2022-10-19;3.21;30.88;4.97662354957194;44.0200595244107;MONTEUX
BSS002DPFQ;2022-10-20;3.19;30.9;4.97662354957194;44.0200595244107;MONTEUX
BSS002DPFQ;2022-10-21;3.19;30.9;4.97662354957194;44.0200595244107;MONTEUX
BSS002DPFQ;2022-10-22;3.18;30.91;4.97662354957194;44.0200595244107;MONTEUX
BSS002DPFQ;2022-10-23;3.15;30.94;4.97662354957194;44.0200595244107;MONTEUX
BSS002DPFQ;2022-10-24;3.18;30.91;4.97662354957194;44.0200595244107;MONTEUX
BSS002DPFQ;2022-10-25;3.16;30.93;4.97662354957194;44.0200595244107;MONTEUX
BSS002DPFQ;2022-10-26;3.16;30.93;4.97662354957194;44.0200595244107;MONTEUX
BSS002DPFQ;2022-10-27;3.16;30.93;4.97662354957194;44.0200595244107;MONTEUX
BSS002DPFQ;2022-10-28;3.18;30.91;4.97662354957194;44.0200595244107;MONTEUX
BSS002DPFQ;2022-10-29;3.14;30.95;4.97662354957194;44.0200595244107;MONTEUX
BSS002DPFQ;2022-10-30;3.13;30.96;4.97662354957194;44.0200595244107;MONTEUX
BSS002DPFQ;2022-10-31;3.13;30.96;4.97662354957194;44.0200595244107;MONTEUX
BSS002DPFQ;2022-11-01;3.08;31.01;4.97662354957194;44.0200595244107;MONTEUX
BSS002DPFQ;2022-11-02;3.05;31.04;4.97662354957194;44.0200595244107;MONTEUX
BSS002DPFQ;2022-11-03;3.0;31.09;4.97662354957194;44.0200595244107;MONTEUX
BSS002DPFQ;2022-11-04;2.99;31.1;4.97662354957194;44.0200595244107;MONTEUX
BSS002DPFQ;2022-11-05;2.99;31.1;4.97662354957194;44.0200595244107;MONTEUX
BSS002DPFQ;2022-11-06;2.98;31.11;4.97662354957194;44.0200595244107;MONTEUX
BSS002DPFQ;2022-11-07;2.97;31.12;4.97662354957194;44.0200595244107;MONTEUX
BSS002DPFQ;2022-11-08;2.94;31.15;4.97662354957194;44.0200595244107;MONTEUX
BSS002DPFQ;2022-11-09;2.93;31.16;4.97662354957194;44.0200595244107;MONTEUX
BSS002DPFQ;2022-11-10;2.91;31.18;4.97662354957194;44.0200595244107;MONTEUX
BSS002DPFQ;2022-11-11;2.91;31.18;4.97662354957194;44.0200595244107;MONTEUX
BSS002DPFQ;2022-11-12;2.87;31.22;4.97662354957194;44.0200595244107;MONTEUX
BSS002DPFQ;2022-11-13;2.85;31.24;4.97662354957194;44.0200595244107;MONTEUX
BSS002DPFQ;2022-11-14;2.81;31.28;4.97662354957194;44.0200595244107;MONTEUX
BSS002DPFQ;2022-11-15;2.75;31.34;4.97662354957194;44.0200595244107;MONTEUX
BSS002DPFQ;2022-11-16;2.72;31.37;4.97662354957194;44.0200595244107;MONTEUX
BSS002DPFQ;2022-11-17;2.71;31.38;4.97662354957194;44.0200595244107;MONTEUX
BSS002DPFQ;2022-11-18;2.68;31.41;4.97662354957194;44.0200595244107;MONTEUX
BSS002DPFQ;2022-11-19;2.6;31.49;4.97662354957194;44.0200595244107;MONTEUX
BSS002DPFQ;2022-11-20;2.55;31.54;4.97662354957194;44.0200595244107;MONTEUX
BSS002DPFQ;2022-11-21;2.46;31.63;4.97662354957194;44.0200595244107;MONTEUX
BSS002DPFQ;2022-11-22;2.43;31.66;4.97662354957194;44.0200595244107;MONTEUX
BSS002DPFQ;2022-11-23;2.39;31.7;4.97662354957194;44.0200595244107;MONTEUX
BSS002DPFQ;2022-11-24;2.39;31.7;4.97662354957194;44.0200595244107;MONTEUX
BSS002DPFQ;2022-11-25;2.37;31.72;4.97662354957194;44.0200595244107;MONTEUX
BSS002DPFQ;2022-11-26;2.37;31.72;4.97662354957194;44.0200595244107;MONTEUX
BSS002DPFQ;2022-11-27;2.33;31.76;4.97662354957194;44.0200595244107;MONTEUX
BSS002DPFQ;2022-11-28;2.27;31.82;4.97662354957194;44.0200595244107;MONTEUX
BSS002DPFQ;2022-11-29;2.23;31.86;4.97662354957194;44.0200595244107;MONTEUX
BSS002DPFQ;2022-11-30;2.22;31.87;4.97662354957194;44.0200595244107;MONTEUX
BSS002DPFQ;2022-12-01;2.2;31.89;4.97662354957194;44.0200595244107;MONTEUX
BSS002DPFQ;2022-12-02;2.18;31.91;4.97662354957194;44.0200595244107;MONTEUX
BSS002DPFQ;2022-12-03;2.15;31.94;4.97662354957194;44.0200595244107;MONTEUX
BSS002DPFQ;2022-12-04;2.1;31.99;4.97662354957194;44.0200595244107;MONTEUX
BSS002DPFQ;2022-12-05;2.1;31.99;4.97662354957194;44.0200595244107;MONTEUX
BSS002DPFQ;2022-12-06;2.08;32.01;4.97662354957194;44.0200595244107;MONTEUX
BSS002DPFQ;2022-12-07;2.06;32.03;4.97662354957194;44.0200595244107;MONTEUX
BSS002DPFQ;2022-12-08;2.04;32.05;4.97662354957194;44.0200595244107;MONTEUX
BSS002DPFQ;2022-12-09;1.98;32.11;4.97662354957194;44.0200595244107;MONTEUX
BSS002DPFQ;2022-12-10;1.98;32.11;4.97662354957194;44.0200595244107;MONTEUX
BSS002DPFQ;2022-12-11;1.97;32.12;4.97662354957194;44.0200595244107;MONTEUX
BSS002DPFQ;2022-12-12;1.98;32.11;4.97662354957194;44.0200595244107;MONTEUX
BSS002DPFQ;2022-12-13;1.94;32.15;4.97662354957194;44.0200595244107;MONTEUX
BSS002DPFQ;2022-12-14;1.92;32.17;4.97662354957194;44.0200595244107;MONTEUX
BSS002DPFQ;2022-12-15;1.85;32.24;4.97662354957194;44.0200595244107;MONTEUX
BSS002DPFQ;2022-12-16;1.87;32.22;4.97662354957194;44.0200595244107;MONTEUX
BSS002DPFQ;2022-12-17;1.9;32.19;4.97662354957194;44.0200595244107;MONTEUX
BSS002DPFQ;2022-12-18;1.91;32.18;4.97662354957194;44.0200595244107;MONTEUX
BSS002DPFQ;2022-12-19;1.89;32.2;4.97662354957194;44.0200595244107;MONTEUX
BSS002DPFQ;2022-12-20;1.85;32.24;4.97662354957194;44.0200595244107;MONTEUX
BSS002DPFQ;2022-12-21;1.83;32.26;4.97662354957194;44.0200595244107;MONTEUX
BSS002DPFQ;2022-12-22;1.81;32.28;4.97662354957194;44.0200595244107;MONTEUX
BSS002DPFQ;2022-12-23;1.78;32.31;4.97662354957194;44.0200595244107;MONTEUX
BSS002DPFQ;2022-12-24;1.76;32.33;4.97662354957194;44.0200595244107;MONTEUX
BSS002DPFQ;2022-12-25;1.73;32.36;4.97662354957194;44.0200595244107;MONTEUX
BSS002DPFQ;2022-12-26;1.73;32.36;4.97662354957194;44.0200595244107;MONTEUX
BSS002DPFQ;2022-12-27;1.7;32.39;4.97662354957194;44.0200595244107;MONTEUX
BSS002DPFQ;2022-12-28;1.66;32.43;4.97662354957194;44.0200595244107;MONTEUX
BSS002DPFQ;2022-12-29;1.63;32.46;4.97662354957194;44.0200595244107;MONTEUX
BSS002DPFQ;2022-12-30;1.61;32.48;4.97662354957194;44.0200595244107;MONTEUX
BSS002DPFQ;2022-12-31;1.61;32.48;4.97662354957194;44.0200595244107;MONTEUX
BSS002DPFQ;2023-01-01;1.6;32.49;4.97662354957194;44.0200595244107;MONTEUX
BSS002DPFQ;2023-01-02;1.58;32.51;4.97662354957194;44.0200595244107;MONTEUX
BSS002DPFQ;2023-01-03;1.58;32.51;4.97662354957194;44.0200595244107;MONTEUX
BSS002DPFQ;2023-01-04;1.57;32.52;4.97662354957194;44.0200595244107;MONTEUX
BSS002DPFQ;2023-01-05;1.55;32.54;4.97662354957194;44.0200595244107;MONTEUX
BSS002DPFQ;2023-01-06;1.55;32.54;4.97662354957194;44.0200595244107;MONTEUX
BSS002DPFQ;2023-01-07;1.54;32.55;4.97662354957194;44.0200595244107;MONTEUX
BSS002DPFQ;2023-01-08;1.51;32.58;4.97662354957194;44.0200595244107;MONTEUX
BSS002DPFQ;2023-01-09;1.53;32.56;4.97662354957194;44.0200595244107;MONTEUX
BSS002DPFQ;2023-01-10;1.58;32.51;4.97662354957194;44.0200595244107;MONTEUX
BSS002DPFQ;2023-01-11;1.57;32.52;4.97662354957194;44.0200595244107;MONTEUX
BSS002DPFQ;2023-01-12;1.59;32.5;4.97662354957194;44.0200595244107;MONTEUX
BSS002DPFQ;2023-01-13;1.58;32.51;4.97662354957194;44.0200595244107;MONTEUX
BSS002DPFQ;2023-01-14;1.59;32.5;4.97662354957194;44.0200595244107;MONTEUX
BSS002DPFQ;2023-01-15;1.56;32.53;4.97662354957194;44.0200595244107;MONTEUX
BSS002DPFQ;2023-01-16;1.51;32.58;4.97662354957194;44.0200595244107;MONTEUX
BSS002DPFQ;2023-01-17;1.48;32.61;4.97662354957194;44.0200595244107;MONTEUX
BSS002DPFQ;2023-01-18;1.51;32.58;4.97662354957194;44.0200595244107;MONTEUX
BSS002DPFQ;2023-01-19;1.56;32.53;4.97662354957194;44.0200595244107;MONTEUX
BSS002DPFQ;2023-01-20;1.57;32.52;4.97662354957194;44.0200595244107;MONTEUX
BSS002DPFQ;2023-01-21;1.58;32.51;4.97662354957194;44.0200595244107;MONTEUX
BSS002DPFQ;2023-01-22;1.6;32.49;4.97662354957194;44.0200595244107;MONTEUX
BSS002DPFQ;2023-01-23;1.6;32.49;4.97662354957194;44.0200595244107;MONTEUX
BSS002DPFQ;2023-01-24;1.63;32.46;4.97662354957194;44.0200595244107;MONTEUX
BSS002DPFQ;2023-01-25;1.62;32.47;4.97662354957194;44.0200595244107;MONTEUX
BSS002DPFQ;2023-01-26;1.6;32.49;4.97662354957194;44.0200595244107;MONTEUX
BSS002DPFQ;2023-01-27;1.6;32.49;4.97662354957194;44.0200595244107;MONTEUX
BSS002DPFQ;2023-01-28;1.62;32.47;4.97662354957194;44.0200595244107;MONTEUX
BSS002DPFQ;2023-01-29;1.64;32.45;4.97662354957194;44.0200595244107;MONTEUX
BSS002DPFQ;2023-01-30;1.64;32.45;4.97662354957194;44.0200595244107;MONTEUX
BSS002DPFQ;2023-01-31;1.64;32.45;4.97662354957194;44.0200595244107;MONTEUX
BSS002DPFQ;2023-02-01;1.65;32.44;4.97662354957194;44.0200595244107;MONTEUX
BSS002DPFQ;2023-02-02;1.66;32.43;4.97662354957194;44.0200595244107;MONTEUX
BSS002DPFQ;2023-02-03;1.66;32.43;4.97662354957194;44.0200595244107;MONTEUX
BSS002DPFQ;2023-02-04;1.66;32.43;4.97662354957194;44.0200595244107;MONTEUX
BSS002DPFQ;2023-02-05;1.67;32.42;4.97662354957194;44.0200595244107;MONTEUX
BSS002DPFQ;2023-02-06;1.67;32.42;4.97662354957194;44.0200595244107;MONTEUX
BSS002DPFQ;2023-02-07;1.68;32.41;4.97662354957194;44.0200595244107;MONTEUX
BSS002DPFQ;2023-02-08;1.68;32.41;4.97662354957194;44.0200595244107;MONTEUX
BSS002DPFQ;2023-02-09;1.68;32.41;4.97662354957194;44.0200595244107;MONTEUX
BSS002DPFQ;2023-02-10;1.69;32.4;4.97662354957194;44.0200595244107;MONTEUX
BSS002DPFQ;2023-02-11;1.69;32.4;4.97662354957194;44.0200595244107;MONTEUX
BSS002DPFQ;2023-02-12;1.69;32.4;4.97662354957194;44.0200595244107;MONTEUX
BSS002DPFQ;2023-02-13;1.7;32.39;4.97662354957194;44.0200595244107;MONTEUX
BSS002DPFQ;2023-02-14;1.68;32.41;4.97662354957194;44.0200595244107;MONTEUX
BSS002DPFQ;2023-02-15;1.67;32.42;4.97662354957194;44.0200595244107;MONTEUX
BSS002DPFQ;2023-02-16;1.66;32.43;4.97662354957194;44.0200595244107;MONTEUX
BSS002DPFQ;2023-02-17;1.65;32.44;4.97662354957194;44.0200595244107;MONTEUX
BSS002DPFQ;2023-02-18;1.64;32.45;4.97662354957194;44.0200595244107;MONTEUX
BSS002DPFQ;2023-02-19;1.64;32.45;4.97662354957194;44.0200595244107;MONTEUX
BSS002DPFQ;2023-02-20;1.63;32.46;4.97662354957194;44.0200595244107;MONTEUX
BSS002DPFQ;2023-02-21;1.61;32.48;4.97662354957194;44.0200595244107;MONTEUX
BSS002DPFQ;2023-02-22;1.61;32.48;4.97662354957194;44.0200595244107;MONTEUX
BSS002DPFQ;2023-02-23;1.61;32.48;4.97662354957194;44.0200595244107;MONTEUX
BSS002DPFQ;2023-02-24;1.59;32.5;4.97662354957194;44.0200595244107;MONTEUX
BSS002DPFQ;2023-02-25;1.57;32.52;4.97662354957194;44.0200595244107;MONTEUX
BSS002DPFQ;2023-02-26;1.56;32.53;4.97662354957194;44.0200595244107;MONTEUX
BSS002DPFQ;2023-02-27;1.6;32.49;4.97662354957194;44.0200595244107;MONTEUX
BSS002DPFQ;2023-02-28;1.62;32.47;4.97662354957194;44.0200595244107;MONTEUX
BSS002DPFQ;2023-03-01;1.63;32.46;4.97662354957194;44.0200595244107;MONTEUX
BSS002DPFQ;2023-03-02;1.64;32.45;4.97662354957194;44.0200595244107;MONTEUX
BSS002DPFQ;2023-03-03;1.65;32.44;4.97662354957194;44.0200595244107;MONTEUX
BSS002DPFQ;2023-03-04;1.66;32.43;4.97662354957194;44.0200595244107;MONTEUX
BSS002DPFQ;2023-03-05;1.66;32.43;4.97662354957194;44.0200595244107;MONTEUX
BSS002DPFQ;2023-03-06;1.65;32.44;4.97662354957194;44.0200595244107;MONTEUX
BSS002DPFQ;2023-03-07;1.65;32.44;4.97662354957194;44.0200595244107;MONTEUX
BSS002DPFQ;2023-03-08;1.65;32.44;4.97662354957194;44.0200595244107;MONTEUX
BSS002DPFQ;2023-03-09;1.65;32.44;4.97662354957194;44.0200595244107;MONTEUX
BSS002DPFQ;2023-03-10;1.65;32.44;4.97662354957194;44.0200595244107;MONTEUX
BSS002DPFQ;2023-03-11;1.66;32.43;4.97662354957194;44.0200595244107;MONTEUX
BSS002DPFQ;2023-03-12;1.69;32.4;4.97662354957194;44.0200595244107;MONTEUX
BSS002DPFQ;2023-03-13;1.68;32.41;4.97662354957194;44.0200595244107;MONTEUX
BSS002DPFQ;2023-03-14;1.66;32.43;4.97662354957194;44.0200595244107;MONTEUX
BSS002DPFQ;2023-03-15;1.67;32.42;4.97662354957194;44.0200595244107;MONTEUX
BSS002DPFQ;2023-03-16;1.67;32.42;4.97662354957194;44.0200595244107;MONTEUX
BSS002DPFQ;2023-03-17;1.67;32.42;4.97662354957194;44.0200595244107;MONTEUX
BSS002DPFQ;2023-03-18;1.66;32.43;4.97662354957194;44.0200595244107;MONTEUX
BSS002DPFQ;2023-03-19;1.66;32.43;4.97662354957194;44.0200595244107;MONTEUX
BSS002DPFQ;2023-03-20;1.66;32.43;4.97662354957194;44.0200595244107;MONTEUX
BSS002DPFQ;2023-03-21;1.66;32.43;4.97662354957194;44.0200595244107;MONTEUX
BSS002DPFQ;2023-03-22;1.66;32.43;4.97662354957194;44.0200595244107;MONTEUX
BSS002DPFQ;2023-03-23;1.67;32.42;4.97662354957194;44.0200595244107;MONTEUX
BSS002DPFQ;2023-03-24;1.66;32.43;4.97662354957194;44.0200595244107;MONTEUX
BSS002DPFQ;2023-03-25;1.69;32.4;4.97662354957194;44.0200595244107;MONTEUX
BSS002DPFQ;2023-03-26;1.67;32.42;4.97662354957194;44.0200595244107;MONTEUX
BSS002DPFQ;2023-03-27;1.67;32.42;4.97662354957194;44.0200595244107;MONTEUX
BSS002DPFQ;2023-03-28;1.71;32.38;4.97662354957194;44.0200595244107;MONTEUX
BSS002DPFQ;2023-03-29;1.72;32.37;4.97662354957194;44.0200595244107;MONTEUX
BSS002DPFQ;2023-03-30;1.72;32.37;4.97662354957194;44.0200595244107;MONTEUX
BSS002DPFQ;2023-03-31;1.73;32.36;4.97662354957194;44.0200595244107;MONTEUX
BSS002DPFQ;2023-04-01;1.73;32.36;4.97662354957194;44.0200595244107;MONTEUX
BSS002DPFQ;2023-04-02;1.76;32.33;4.97662354957194;44.0200595244107;MONTEUX
BSS002DPFQ;2023-04-03;1.75;32.34;4.97662354957194;44.0200595244107;MONTEUX
BSS002DPFQ;2023-04-04;1.77;32.32;4.97662354957194;44.0200595244107;MONTEUX
BSS002DPFQ;2023-04-05;1.77;32.32;4.97662354957194;44.0200595244107;MONTEUX
BSS002DPFQ;2023-04-06;1.78;32.31;4.97662354957194;44.0200595244107;MONTEUX
BSS002DPFQ;2023-04-07;1.79;32.3;4.97662354957194;44.0200595244107;MONTEUX
BSS002DPFQ;2023-04-08;1.8;32.29;4.97662354957194;44.0200595244107;MONTEUX
BSS002DPFQ;2023-04-09;1.81;32.28;4.97662354957194;44.0200595244107;MONTEUX
BSS002DPFQ;2023-04-10;1.83;32.26;4.97662354957194;44.0200595244107;MONTEUX
BSS002DPFQ;2023-04-11;1.83;32.26;4.97662354957194;44.0200595244107;MONTEUX
BSS002DPFQ;2023-04-12;1.8;32.29;4.97662354957194;44.0200595244107;MONTEUX
BSS002DPFQ;2023-04-13;1.8;32.29;4.97662354957194;44.0200595244107;MONTEUX
BSS002DPFQ;2023-04-14;1.82;32.27;4.97662354957194;44.0200595244107;MONTEUX
BSS002DPFQ;2023-04-15;1.84;32.25;4.97662354957194;44.0200595244107;MONTEUX
BSS002DPFQ;2023-04-16;1.88;32.21;4.97662354957194;44.0200595244107;MONTEUX
BSS002DPFQ;2023-04-17;1.88;32.21;4.97662354957194;44.0200595244107;MONTEUX
BSS002DPFQ;2023-04-18;1.88;32.21;4.97662354957194;44.0200595244107;MONTEUX
BSS002DPFQ;2023-04-19;1.92;32.17;4.97662354957194;44.0200595244107;MONTEUX
BSS002DPFQ;2023-04-20;1.96;32.13;4.97662354957194;44.0200595244107;MONTEUX
BSS002DPFQ;2023-04-21;1.96;32.13;4.97662354957194;44.0200595244107;MONTEUX
BSS002DPFQ;2023-04-22;1.98;32.11;4.97662354957194;44.0200595244107;MONTEUX
BSS002DPFQ;2023-04-23;1.98;32.11;4.97662354957194;44.0200595244107;MONTEUX
BSS002DPFQ;2023-04-24;1.97;32.12;4.97662354957194;44.0200595244107;MONTEUX
BSS002DPFQ;2023-04-25;1.97;32.12;4.97662354957194;44.0200595244107;MONTEUX
BSS002DPFQ;2023-04-26;1.98;32.11;4.97662354957194;44.0200595244107;MONTEUX
BSS002DPFQ;2023-04-27;1.98;32.11;4.97662354957194;44.0200595244107;MONTEUX
BSS002DPFQ;2023-04-28;2.02;32.07;4.97662354957194;44.0200595244107;MONTEUX
BSS002DPFQ;2023-04-29;2.01;32.08;4.97662354957194;44.0200595244107;MONTEUX
BSS002DPFQ;2023-04-30;2.03;32.06;4.97662354957194;44.0200595244107;MONTEUX
BSS002DPFQ;2023-05-01;2.04;32.05;4.97662354957194;44.0200595244107;MONTEUX
BSS002DPFQ;2023-05-02;2.05;32.04;4.97662354957194;44.0200595244107;MONTEUX
BSS002DPFQ;2023-05-03;2.07;32.02;4.97662354957194;44.0200595244107;MONTEUX
BSS002DPFQ;2023-05-04;2.07;32.02;4.97662354957194;44.0200595244107;MONTEUX
BSS002DPFQ;2023-05-05;2.07;32.02;4.97662354957194;44.0200595244107;MONTEUX
BSS002DPFQ;2023-05-06;2.07;32.02;4.97662354957194;44.0200595244107;MONTEUX
BSS002DPFQ;2023-05-07;2.09;32.0;4.97662354957194;44.0200595244107;MONTEUX
BSS002DPFQ;2023-05-08;2.09;32.0;4.97662354957194;44.0200595244107;MONTEUX
BSS002DPFQ;2023-05-09;2.09;32.0;4.97662354957194;44.0200595244107;MONTEUX
BSS002DPFQ;2023-05-10;2.08;32.01;4.97662354957194;44.0200595244107;MONTEUX
BSS002DPFQ;2023-05-11;2.09;32.0;4.97662354957194;44.0200595244107;MONTEUX
BSS002DPFQ;2023-05-12;2.09;32.0;4.97662354957194;44.0200595244107;MONTEUX
BSS002DPFQ;2023-05-13;2.11;31.98;4.97662354957194;44.0200595244107;MONTEUX
BSS002DPFQ;2023-05-14;2.1;31.99;4.97662354957194;44.0200595244107;MONTEUX
BSS002DPFQ;2023-05-15;2.1;31.99;4.97662354957194;44.0200595244107;MONTEUX
BSS002DPFQ;2023-05-16;2.12;31.97;4.97662354957194;44.0200595244107;MONTEUX
BSS002DPFQ;2023-05-17;2.14;31.95;4.97662354957194;44.0200595244107;MONTEUX
BSS002DPFQ;2023-05-18;2.15;31.94;4.97662354957194;44.0200595244107;MONTEUX
BSS002DPFQ;2023-05-19;2.12;31.97;4.97662354957194;44.0200595244107;MONTEUX
BSS002DPFQ;2023-05-20;2.12;31.97;4.97662354957194;44.0200595244107;MONTEUX
BSS002DPFQ;2023-05-21;2.11;31.98;4.97662354957194;44.0200595244107;MONTEUX
BSS002DPFQ;2023-05-22;2.11;31.98;4.97662354957194;44.0200595244107;MONTEUX
BSS002DPFQ;2023-05-23;2.11;31.98;4.97662354957194;44.0200595244107;MONTEUX
BSS002DPFQ;2023-05-24;2.12;31.97;4.97662354957194;44.0200595244107;MONTEUX
BSS002DPFQ;2023-05-25;2.13;31.96;4.97662354957194;44.0200595244107;MONTEUX
BSS002DPFQ;2023-05-26;2.13;31.96;4.97662354957194;44.0200595244107;MONTEUX
BSS002DPFQ;2023-05-27;2.12;31.97;4.97662354957194;44.0200595244107;MONTEUX
BSS002DPFQ;2023-05-28;2.13;31.96;4.97662354957194;44.0200595244107;MONTEUX
BSS002DPFQ;2023-05-29;2.13;31.96;4.97662354957194;44.0200595244107;MONTEUX
BSS002DPFQ;2023-05-30;2.12;31.97;4.97662354957194;44.0200595244107;MONTEUX
BSS002DPFQ;2023-05-31;2.13;31.96;4.97662354957194;44.0200595244107;MONTEUX
BSS002DPFQ;2023-06-01;2.1;31.99;4.97662354957194;44.0200595244107;MONTEUX
BSS002DPFQ;2023-06-02;2.11;31.98;4.97662354957194;44.0200595244107;MONTEUX
BSS002DPFQ;2023-06-03;2.12;31.97;4.97662354957194;44.0200595244107;MONTEUX
BSS002DPFQ;2023-06-04;2.13;31.96;4.97662354957194;44.0200595244107;MONTEUX
BSS002DPFQ;2023-06-05;2.11;31.98;4.97662354957194;44.0200595244107;MONTEUX
BSS002DPFQ;2023-06-06;2.13;31.96;4.97662354957194;44.0200595244107;MONTEUX
BSS002DPFQ;2023-06-07;2.13;31.96;4.97662354957194;44.0200595244107;MONTEUX
BSS002DPFQ;2023-06-08;2.14;31.95;4.97662354957194;44.0200595244107;MONTEUX
BSS002DPFQ;2023-06-09;2.14;31.95;4.97662354957194;44.0200595244107;MONTEUX
BSS002DPFQ;2023-06-10;2.12;31.97;4.97662354957194;44.0200595244107;MONTEUX
BSS002DPFQ;2023-06-11;2.12;31.97;4.97662354957194;44.0200595244107;MONTEUX
BSS002DPFQ;2023-06-12;2.11;31.98;4.97662354957194;44.0200595244107;MONTEUX
BSS002DPFQ;2023-06-13;2.08;32.01;4.97662354957194;44.0200595244107;MONTEUX
BSS002DPFQ;2023-06-14;2.07;32.02;4.97662354957194;44.0200595244107;MONTEUX
BSS002DPFQ;2023-06-15;2.1;31.99;4.97662354957194;44.0200595244107;MONTEUX
BSS002DPFQ;2023-06-16;2.11;31.98;4.97662354957194;44.0200595244107;MONTEUX
BSS002DPFQ;2023-06-17;2.08;32.01;4.97662354957194;44.0200595244107;MONTEUX
BSS002DPFQ;2023-06-18;2.09;32.0;4.97662354957194;44.0200595244107;MONTEUX
BSS002DPFQ;2023-06-19;2.08;32.01;4.97662354957194;44.0200595244107;MONTEUX
BSS002DPFQ;2023-06-20;2.09;32.0;4.97662354957194;44.0200595244107;MONTEUX
BSS002DPFQ;2023-06-21;2.1;31.99;4.97662354957194;44.0200595244107;MONTEUX
BSS002DPFQ;2023-06-22;2.14;31.95;4.97662354957194;44.0200595244107;MONTEUX
BSS002DPFQ;2023-06-23;2.13;31.96;4.97662354957194;44.0200595244107;MONTEUX
BSS002DPFQ;2023-06-24;2.12;31.97;4.97662354957194;44.0200595244107;MONTEUX
BSS002DPFQ;2023-06-25;2.13;31.96;4.97662354957194;44.0200595244107;MONTEUX
BSS002DPFQ;2023-06-26;2.15;31.94;4.97662354957194;44.0200595244107;MONTEUX
BSS002DPFQ;2023-06-27;2.12;31.97;4.97662354957194;44.0200595244107;MONTEUX
BSS002DPFQ;2023-06-28;2.14;31.95;4.97662354957194;44.0200595244107;MONTEUX
BSS002DPFQ;2023-06-29;2.16;31.93;4.97662354957194;44.0200595244107;MONTEUX
BSS002DPFQ;2023-06-30;2.14;31.95;4.97662354957194;44.0200595244107;MONTEUX
BSS002DPFQ;2023-07-01;2.14;31.95;4.97662354957194;44.0200595244107;MONTEUX
BSS002DPFQ;2023-07-02;2.17;31.92;4.97662354957194;44.0200595244107;MONTEUX
BSS002DPFQ;2023-07-03;2.17;31.92;4.97662354957194;44.0200595244107;MONTEUX
BSS002DPFQ;2023-07-04;2.19;31.9;4.97662354957194;44.0200595244107;MONTEUX
BSS002DPFQ;2023-07-05;2.22;31.87;4.97662354957194;44.0200595244107;MONTEUX
BSS002DPFQ;2023-07-06;2.25;31.84;4.97662354957194;44.0200595244107;MONTEUX
BSS002DPFQ;2023-07-07;2.26;31.83;4.97662354957194;44.0200595244107;MONTEUX
BSS002DPFQ;2023-07-08;2.24;31.85;4.97662354957194;44.0200595244107;MONTEUX
BSS002DPFQ;2023-07-09;2.28;31.81;4.97662354957194;44.0200595244107;MONTEUX
BSS002DPFQ;2023-07-10;2.28;31.81;4.97662354957194;44.0200595244107;MONTEUX
BSS002DPFQ;2023-07-11;2.3;31.79;4.97662354957194;44.0200595244107;MONTEUX
BSS002DPFQ;2023-07-12;2.27;31.82;4.97662354957194;44.0200595244107;MONTEUX
BSS002DPFQ;2023-07-13;2.29;31.8;4.97662354957194;44.0200595244107;MONTEUX
BSS002DPFQ;2023-07-14;2.32;31.77;4.97662354957194;44.0200595244107;MONTEUX
BSS002DPFQ;2023-07-15;2.33;31.76;4.97662354957194;44.0200595244107;MONTEUX
BSS002DPFQ;2023-07-16;2.34;31.75;4.97662354957194;44.0200595244107;MONTEUX
BSS002DPFQ;2023-07-17;2.36;31.73;4.97662354957194;44.0200595244107;MONTEUX
BSS002DPFQ;2023-07-18;2.38;31.71;4.97662354957194;44.0200595244107;MONTEUX
BSS002DPFQ;2023-07-19;2.38;31.71;4.97662354957194;44.0200595244107;MONTEUX
BSS002DPFQ;2023-07-20;2.39;31.7;4.97662354957194;44.0200595244107;MONTEUX
BSS002DPFQ;2023-07-21;2.42;31.67;4.97662354957194;44.0200595244107;MONTEUX
BSS002DPFQ;2023-07-22;2.46;31.63;4.97662354957194;44.0200595244107;MONTEUX
BSS002DPFQ;2023-07-23;2.5;31.59;4.97662354957194;44.0200595244107;MONTEUX
BSS002DPFQ;2023-07-24;2.53;31.56;4.97662354957194;44.0200595244107;MONTEUX
BSS002DPFQ;2023-07-25;2.54;31.55;4.97662354957194;44.0200595244107;MONTEUX
BSS002DPFQ;2023-07-26;2.56;31.53;4.97662354957194;44.0200595244107;MONTEUX
BSS002DPFQ;2023-07-27;2.61;31.48;4.97662354957194;44.0200595244107;MONTEUX
BSS002DPFQ;2023-07-28;2.59;31.5;4.97662354957194;44.0200595244107;MONTEUX
BSS002DPFQ;2023-07-29;2.59;31.5;4.97662354957194;44.0200595244107;MONTEUX
BSS002DPFQ;2023-07-30;2.61;31.48;4.97662354957194;44.0200595244107;MONTEUX
BSS002DPFQ;2023-07-31;2.64;31.45;4.97662354957194;44.0200595244107;MONTEUX
BSS002DPFQ;2023-08-01;2.64;31.45;4.97662354957194;44.0200595244107;MONTEUX
BSS002DPFQ;2023-08-02;2.66;31.43;4.97662354957194;44.0200595244107;MONTEUX
BSS002DPFQ;2023-08-03;2.66;31.43;4.97662354957194;44.0200595244107;MONTEUX
BSS002DPFQ;2023-08-04;2.67;31.42;4.97662354957194;44.0200595244107;MONTEUX
BSS002DPFQ;2023-08-05;2.67;31.42;4.97662354957194;44.0200595244107;MONTEUX
BSS002DPFQ;2023-08-06;2.7;31.39;4.97662354957194;44.0200595244107;MONTEUX
BSS002DPFQ;2023-08-07;2.7;31.39;4.97662354957194;44.0200595244107;MONTEUX
BSS002DPFQ;2023-08-08;2.68;31.41;4.97662354957194;44.0200595244107;MONTEUX
BSS002DPFQ;2023-08-09;2.67;31.42;4.97662354957194;44.0200595244107;MONTEUX
BSS002DPFQ;2023-08-10;2.69;31.4;4.97662354957194;44.0200595244107;MONTEUX
BSS002DPFQ;2023-08-11;2.7;31.39;4.97662354957194;44.0200595244107;MONTEUX
BSS002DPFQ;2023-08-12;2.68;31.41;4.97662354957194;44.0200595244107;MONTEUX
BSS002DPFQ;2023-08-13;2.69;31.4;4.97662354957194;44.0200595244107;MONTEUX
BSS002DPFQ;2023-08-14;2.69;31.4;4.97662354957194;44.0200595244107;MONTEUX
BSS002DPFQ;2023-08-15;2.68;31.41;4.97662354957194;44.0200595244107;MONTEUX
BSS002DPFQ;2023-08-16;2.69;31.4;4.97662354957194;44.0200595244107;MONTEUX
BSS002DPFQ;2023-08-17;2.7;31.39;4.97662354957194;44.0200595244107;MONTEUX
BSS002DPFQ;2023-08-18;2.71;31.38;4.97662354957194;44.0200595244107;MONTEUX
BSS002DPFQ;2023-08-19;2.76;31.33;4.97662354957194;44.0200595244107;MONTEUX
BSS002DPFQ;2023-08-20;2.7;31.39;4.97662354957194;44.0200595244107;MONTEUX
BSS002DPFQ;2023-08-21;2.67;31.42;4.97662354957194;44.0200595244107;MONTEUX
BSS002DPFQ;2023-08-22;2.67;31.42;4.97662354957194;44.0200595244107;MONTEUX
BSS002DPFQ;2023-08-23;2.7;31.39;4.97662354957194;44.0200595244107;MONTEUX
BSS002DPFQ;2023-08-24;2.74;31.35;4.97662354957194;44.0200595244107;MONTEUX
BSS002DPFQ;2023-08-25;2.75;31.34;4.97662354957194;44.0200595244107;MONTEUX
BSS002DPFQ;2023-08-26;2.8;31.29;4.97662354957194;44.0200595244107;MONTEUX
BSS002DPFQ;2023-08-27;2.8;31.29;4.97662354957194;44.0200595244107;MONTEUX
BSS002DPFQ;2023-08-28;2.81;31.28;4.97662354957194;44.0200595244107;MONTEUX
BSS002DPFQ;2023-08-29;2.86;31.23;4.97662354957194;44.0200595244107;MONTEUX
BSS002DPFQ;2023-08-30;2.88;31.21;4.97662354957194;44.0200595244107;MONTEUX
BSS002DPFQ;2023-08-31;2.91;31.18;4.97662354957194;44.0200595244107;MONTEUX
BSS002DPFQ;2023-09-01;2.92;31.17;4.97662354957194;44.0200595244107;MONTEUX
BSS002DPFQ;2023-09-02;2.96;31.13;4.97662354957194;44.0200595244107;MONTEUX
BSS002DPFQ;2023-09-03;2.96;31.13;4.97662354957194;44.0200595244107;MONTEUX
BSS002DPFQ;2023-09-04;2.97;31.12;4.97662354957194;44.0200595244107;MONTEUX
BSS002DPFQ;2023-09-05;2.97;31.12;4.97662354957194;44.0200595244107;MONTEUX
BSS002DPFQ;2023-09-06;2.98;31.11;4.97662354957194;44.0200595244107;MONTEUX
BSS002DPFQ;2023-09-07;3.0;31.09;4.97662354957194;44.0200595244107;MONTEUX
BSS002DPFQ;2023-09-08;3.01;31.08;4.97662354957194;44.0200595244107;MONTEUX
BSS002DPFQ;2023-09-09;3.03;31.06;4.97662354957194;44.0200595244107;MONTEUX
BSS002DPFQ;2023-09-10;3.04;31.05;4.97662354957194;44.0200595244107;MONTEUX
BSS002DPFQ;2023-09-11;3.03;31.06;4.97662354957194;44.0200595244107;MONTEUX
BSS002DPFQ;2023-09-12;3.04;31.05;4.97662354957194;44.0200595244107;MONTEUX
BSS002DPFQ;2023-09-13;3.04;31.05;4.97662354957194;44.0200595244107;MONTEUX
BSS002DPFQ;2023-09-14;3.06;31.03;4.97662354957194;44.0200595244107;MONTEUX
BSS002DPFQ;2023-09-15;3.05;31.04;4.97662354957194;44.0200595244107;MONTEUX
BSS002DPFQ;2023-09-16;3.05;31.04;4.97662354957194;44.0200595244107;MONTEUX
BSS002DPFQ;2023-09-17;3.04;31.05;4.97662354957194;44.0200595244107;MONTEUX
BSS002DPFQ;2023-09-18;3.03;31.06;4.97662354957194;44.0200595244107;MONTEUX
BSS002DPFQ;2023-09-19;3.04;31.05;4.97662354957194;44.0200595244107;MONTEUX
BSS002DPFQ;2023-09-20;3.01;31.08;4.97662354957194;44.0200595244107;MONTEUX
BSS002DPFQ;2023-09-21;2.96;31.13;4.97662354957194;44.0200595244107;MONTEUX
BSS002DPFQ;2023-09-22;2.98;31.11;4.97662354957194;44.0200595244107;MONTEUX
BSS002DPFQ;2023-09-23;3.01;31.08;4.97662354957194;44.0200595244107;MONTEUX
BSS002DPFQ;2023-09-24;3.02;31.07;4.97662354957194;44.0200595244107;MONTEUX
BSS002DPFQ;2023-09-25;3.01;31.08;4.97662354957194;44.0200595244107;MONTEUX
BSS002DPFQ;2023-09-26;2.99;31.1;4.97662354957194;44.0200595244107;MONTEUX
BSS002DPFQ;2023-09-27;2.97;31.12;4.97662354957194;44.0200595244107;MONTEUX
BSS002DPFQ;2023-09-28;2.96;31.13;4.97662354957194;44.0200595244107;MONTEUX
BSS002DPFQ;2023-09-29;3.0;31.09;4.97662354957194;44.0200595244107;MONTEUX
BSS002DPFQ;2023-09-30;2.98;31.11;4.97662354957194;44.0200595244107;MONTEUX
BSS002DPFQ;2023-10-01;2.99;31.1;4.97662354957194;44.0200595244107;MONTEUX
BSS002DPFQ;2023-10-02;2.99;31.1;4.97662354957194;44.0200595244107;MONTEUX
BSS002DPFQ;2023-10-03;2.98;31.11;4.97662354957194;44.0200595244107;MONTEUX
BSS002DPFQ;2023-10-04;2.98;31.11;4.97662354957194;44.0200595244107;MONTEUX
BSS002DPFQ;2023-10-05;2.96;31.13;4.97662354957194;44.0200595244107;MONTEUX
BSS002DPFQ;2023-10-06;2.96;31.13;4.97662354957194;44.0200595244107;MONTEUX
BSS002DPFQ;2023-10-07;2.95;31.14;4.97662354957194;44.0200595244107;MONTEUX
BSS002DPFQ;2023-10-08;2.95;31.14;4.97662354957194;44.0200595244107;MONTEUX
BSS002DPFQ;2023-10-09;2.95;31.14;4.97662354957194;44.0200595244107;MONTEUX
BSS002DPFQ;2023-10-10;2.97;31.12;4.97662354957194;44.0200595244107;MONTEUX
BSS002DPFQ;2023-10-11;2.96;31.13;4.97662354957194;44.0200595244107;MONTEUX
BSS002DPFQ;2023-10-12;2.96;31.13;4.97662354957194;44.0200595244107;MONTEUX
BSS002DPFQ;2023-10-13;2.94;31.15;4.97662354957194;44.0200595244107;MONTEUX
BSS002DPFQ;2023-10-14;2.93;31.16;4.97662354957194;44.0200595244107;MONTEUX
BSS002DPFQ;2023-10-15;2.91;31.18;4.97662354957194;44.0200595244107;MONTEUX
BSS002DPFQ;2023-10-16;2.89;31.2;4.97662354957194;44.0200595244107;MONTEUX
BSS002DPFQ;2023-10-17;2.87;31.22;4.97662354957194;44.0200595244107;MONTEUX
BSS002DPFQ;2023-10-18;2.83;31.26;4.97662354957194;44.0200595244107;MONTEUX
BSS002DPFQ;2023-10-19;2.78;31.31;4.97662354957194;44.0200595244107;MONTEUX
BSS002DPFQ;2023-10-20;2.75;31.34;4.97662354957194;44.0200595244107;MONTEUX
BSS002DPFQ;2023-10-21;2.79;31.3;4.97662354957194;44.0200595244107;MONTEUX
BSS002DPFQ;2023-10-22;2.79;31.3;4.97662354957194;44.0200595244107;MONTEUX
BSS002DPFQ;2023-10-23;2.77;31.32;4.97662354957194;44.0200595244107;MONTEUX
BSS002DPFQ;2023-10-24;2.7;31.39;4.97662354957194;44.0200595244107;MONTEUX
BSS002DPFQ;2023-10-25;2.7;31.39;4.97662354957194;44.0200595244107;MONTEUX
BSS002DPFQ;2023-10-26;2.62;31.47;4.97662354957194;44.0200595244107;MONTEUX
BSS002DPFQ;2023-10-27;2.62;31.47;4.97662354957194;44.0200595244107;MONTEUX
BSS002DPFQ;2023-10-28;2.61;31.48;4.97662354957194;44.0200595244107;MONTEUX
BSS002DPFQ;2023-10-29;2.59;31.5;4.97662354957194;44.0200595244107;MONTEUX
BSS002DPFQ;2023-10-30;2.52;31.57;4.97662354957194;44.0200595244107;MONTEUX
BSS002DPFQ;2023-10-31;2.52;31.57;4.97662354957194;44.0200595244107;MONTEUX
BSS002DPFQ;2023-11-01;2.48;31.61;4.97662354957194;44.0200595244107;MONTEUX
BSS002DPFQ;2023-11-02;2.4;31.69;4.97662354957194;44.0200595244107;MONTEUX
BSS002DPFQ;2023-11-03;2.38;31.71;4.97662354957194;44.0200595244107;MONTEUX
BSS002DPFQ;2023-11-04;2.33;31.76;4.97662354957194;44.0200595244107;MONTEUX
BSS002DPFQ;2023-11-05;2.33;31.76;4.97662354957194;44.0200595244107;MONTEUX
BSS002DPFQ;2023-11-06;2.34;31.75;4.97662354957194;44.0200595244107;MONTEUX
BSS002DPFQ;2023-11-07;2.34;31.75;4.97662354957194;44.0200595244107;MONTEUX
BSS002DPFQ;2023-11-08;2.31;31.78;4.97662354957194;44.0200595244107;MONTEUX
BSS002DPFQ;2023-11-09;2.26;31.83;4.97662354957194;44.0200595244107;MONTEUX
BSS002DPFQ;2023-11-10;2.24;31.85;4.97662354957194;44.0200595244107;MONTEUX
BSS002DPFQ;2023-11-11;2.22;31.87;4.97662354957194;44.0200595244107;MONTEUX
BSS002DPFQ;2023-11-12;2.21;31.88;4.97662354957194;44.0200595244107;MONTEUX
BSS002DPFQ;2023-11-13;2.21;31.88;4.97662354957194;44.0200595244107;MONTEUX
BSS002DPFQ;2023-11-14;2.18;31.91;4.97662354957194;44.0200595244107;MONTEUX
BSS002DPFQ;2023-11-15;2.19;31.9;4.97662354957194;44.0200595244107;MONTEUX
BSS002DPFQ;2023-11-16;2.16;31.93;4.97662354957194;44.0200595244107;MONTEUX
BSS002DPFQ;2023-11-17;2.16;31.93;4.97662354957194;44.0200595244107;MONTEUX
BSS002DPFQ;2023-11-18;2.17;31.92;4.97662354957194;44.0200595244107;MONTEUX
BSS002DPFQ;2023-11-19;2.14;31.95;4.97662354957194;44.0200595244107;MONTEUX
BSS002DPFQ;2023-11-20;2.11;31.98;4.97662354957194;44.0200595244107;MONTEUX
BSS002DPFQ;2023-11-21;2.09;32.0;4.97662354957194;44.0200595244107;MONTEUX
BSS002DPFQ;2023-11-22;2.1;31.99;4.97662354957194;44.0200595244107;MONTEUX
BSS002DPFQ;2023-11-23;2.11;31.98;4.97662354957194;44.0200595244107;MONTEUX
BSS002DPFQ;2023-11-24;2.07;32.02;4.97662354957194;44.0200595244107;MONTEUX
BSS002DPFQ;2023-11-25;2.07;32.02;4.97662354957194;44.0200595244107;MONTEUX
BSS002DPFQ;2023-11-26;2.06;32.03;4.97662354957194;44.0200595244107;MONTEUX
BSS002DPFQ;2023-11-27;2.04;32.05;4.97662354957194;44.0200595244107;MONTEUX
BSS002DPFQ;2023-11-28;2.02;32.07;4.97662354957194;44.0200595244107;MONTEUX
BSS002DPFQ;2023-11-29;2.03;32.06;4.97662354957194;44.0200595244107;MONTEUX
BSS002DPFQ;2023-11-30;2.0;32.09;4.97662354957194;44.0200595244107;MONTEUX
BSS002DPFQ;2023-12-01;1.98;32.11;4.97662354957194;44.0200595244107;MONTEUX
BSS002DPFQ;2023-12-02;1.99;32.1;4.97662354957194;44.0200595244107;MONTEUX
BSS002DPFQ;2023-12-03;2.04;32.05;4.97662354957194;44.0200595244107;MONTEUX
BSS002DPFQ;2023-12-04;2.01;32.08;4.97662354957194;44.0200595244107;MONTEUX
BSS002DPFQ;2023-12-05;2.01;32.08;4.97662354957194;44.0200595244107;MONTEUX
BSS002DPFQ;2023-12-06;2.01;32.08;4.97662354957194;44.0200595244107;MONTEUX
BSS002DPFQ;2023-12-07;2.01;32.08;4.97662354957194;44.0200595244107;MONTEUX
BSS002DPFQ;2023-12-08;1.98;32.11;4.97662354957194;44.0200595244107;MONTEUX
BSS002DPFQ;2023-12-09;1.99;32.1;4.97662354957194;44.0200595244107;MONTEUX
BSS002DPFQ;2023-12-10;2.0;32.09;4.97662354957194;44.0200595244107;MONTEUX
BSS002DPFQ;2023-12-11;1.99;32.1;4.97662354957194;44.0200595244107;MONTEUX
BSS002DPFQ;2023-12-12;1.97;32.12;4.97662354957194;44.0200595244107;MONTEUX
BSS002DPFQ;2023-12-13;1.95;32.14;4.97662354957194;44.0200595244107;MONTEUX
BSS002DPFQ;2023-12-14;1.97;32.12;4.97662354957194;44.0200595244107;MONTEUX
BSS002DPFQ;2023-12-15;2.01;32.08;4.97662354957194;44.0200595244107;MONTEUX
BSS002DPFQ;2023-12-16;2.03;32.06;4.97662354957194;44.0200595244107;MONTEUX
BSS002DPFQ;2023-12-17;2.01;32.08;4.97662354957194;44.0200595244107;MONTEUX
BSS002DPFQ;2023-12-18;1.99;32.1;4.97662354957194;44.0200595244107;MONTEUX
BSS002DPFQ;2023-12-19;1.95;32.14;4.97662354957194;44.0200595244107;MONTEUX
BSS002DPFQ;2023-12-20;1.92;32.17;4.97662354957194;44.0200595244107;MONTEUX
BSS002DPFQ;2023-12-21;1.91;32.18;4.97662354957194;44.0200595244107;MONTEUX
BSS002DPFQ;2023-12-22;1.91;32.18;4.97662354957194;44.0200595244107;MONTEUX
BSS002DPFQ;2023-12-23;1.92;32.17;4.97662354957194;44.0200595244107;MONTEUX
BSS002DPFQ;2023-12-24;1.9;32.19;4.97662354957194;44.0200595244107;MONTEUX
BSS002DPFQ;2023-12-25;1.88;32.21;4.97662354957194;44.0200595244107;MONTEUX
BSS002DPFQ;2023-12-26;1.86;32.23;4.97662354957194;44.0200595244107;MONTEUX
BSS002DPFQ;2023-12-27;1.84;32.25;4.97662354957194;44.0200595244107;MONTEUX
BSS002DPFQ;2023-12-28;1.83;32.26;4.97662354957194;44.0200595244107;MONTEUX
BSS002DPFQ;2023-12-29;1.8;32.29;4.97662354957194;44.0200595244107;MONTEUX
BSS002DPFQ;2023-12-30;1.77;32.32;4.97662354957194;44.0200595244107;MONTEUX
BSS002DPFQ;2023-12-31;1.74;32.35;4.97662354957194;44.0200595244107;MONTEUX
BSS002DPFQ;2024-01-01;1.74;32.35;4.97662354957194;44.0200595244107;MONTEUX
BSS002DPFQ;2024-01-02;1.72;32.37;4.97662354957194;44.0200595244107;MONTEUX
BSS002DPFQ;2024-01-03;1.71;32.38;4.97662354957194;44.0200595244107;MONTEUX
BSS002DPFQ;2024-01-04;1.69;32.4;4.97662354957194;44.0200595244107;MONTEUX
BSS002DPFQ;2024-01-05;1.65;32.44;4.97662354957194;44.0200595244107;MONTEUX
BSS002DPFQ;2024-01-06;1.65;32.44;4.97662354957194;44.0200595244107;MONTEUX
BSS002DPFQ;2024-01-07;1.65;32.44;4.97662354957194;44.0200595244107;MONTEUX
BSS002DPFQ;2024-01-08;1.66;32.43;4.97662354957194;44.0200595244107;MONTEUX
BSS002DPFQ;2024-01-09;1.7;32.39;4.97662354957194;44.0200595244107;MONTEUX
BSS002DPFQ;2024-01-10;1.69;32.4;4.97662354957194;44.0200595244107;MONTEUX
BSS002DPFQ;2024-01-11;1.69;32.4;4.97662354957194;44.0200595244107;MONTEUX
BSS002DPFQ;2024-01-12;1.71;32.38;4.97662354957194;44.0200595244107;MONTEUX
BSS002DPFQ;2024-01-13;1.71;32.38;4.97662354957194;44.0200595244107;MONTEUX
BSS002DPFQ;2024-01-14;1.68;32.41;4.97662354957194;44.0200595244107;MONTEUX
BSS002DPFQ;2024-01-15;1.68;32.41;4.97662354957194;44.0200595244107;MONTEUX
BSS002DPFQ;2024-01-16;1.69;32.4;4.97662354957194;44.0200595244107;MONTEUX
BSS002DPFQ;2024-01-17;1.66;32.43;4.97662354957194;44.0200595244107;MONTEUX
BSS002DPFQ;2024-01-18;1.67;32.42;4.97662354957194;44.0200595244107;MONTEUX
BSS002DPFQ;2024-01-19;1.71;32.38;4.97662354957194;44.0200595244107;MONTEUX
BSS002DPFQ;2024-01-20;1.74;32.35;4.97662354957194;44.0200595244107;MONTEUX
BSS002DPFQ;2024-01-21;1.78;32.31;4.97662354957194;44.0200595244107;MONTEUX
BSS002DPFQ;2024-01-22;1.77;32.32;4.97662354957194;44.0200595244107;MONTEUX
BSS002DPFQ;2024-01-23;1.77;32.32;4.97662354957194;44.0200595244107;MONTEUX
BSS002DPFQ;2024-01-24;1.77;32.32;4.97662354957194;44.0200595244107;MONTEUX
BSS002DPFQ;2024-01-25;1.76;32.33;4.97662354957194;44.0200595244107;MONTEUX
BSS002DPFQ;2024-01-26;1.76;32.33;4.97662354957194;44.0200595244107;MONTEUX
BSS002DPFQ;2024-01-27;1.77;32.32;4.97662354957194;44.0200595244107;MONTEUX
BSS002DPFQ;2024-01-28;1.77;32.32;4.97662354957194;44.0200595244107;MONTEUX
BSS002DPFQ;2024-01-29;1.77;32.32;4.97662354957194;44.0200595244107;MONTEUX
BSS002DPFQ;2024-01-30;1.78;32.31;4.97662354957194;44.0200595244107;MONTEUX
BSS002DPFQ;2024-01-31;1.77;32.32;4.97662354957194;44.0200595244107;MONTEUX
BSS002DPFQ;2024-02-01;1.75;32.34;4.97662354957194;44.0200595244107;MONTEUX
BSS002DPFQ;2024-02-02;1.75;32.34;4.97662354957194;44.0200595244107;MONTEUX
BSS002DPFQ;2024-02-03;1.75;32.34;4.97662354957194;44.0200595244107;MONTEUX
BSS002DPFQ;2024-02-04;1.76;32.33;4.97662354957194;44.0200595244107;MONTEUX
BSS002DPFQ;2024-02-05;1.74;32.35;4.97662354957194;44.0200595244107;MONTEUX
BSS002DPFQ;2024-02-06;1.74;32.35;4.97662354957194;44.0200595244107;MONTEUX
BSS002DPFQ;2024-02-07;1.72;32.37;4.97662354957194;44.0200595244107;MONTEUX
BSS002DPFQ;2024-02-08;1.69;32.4;4.97662354957194;44.0200595244107;MONTEUX
BSS002DPFQ;2024-02-09;1.66;32.43;4.97662354957194;44.0200595244107;MONTEUX
BSS002DPFQ;2024-02-10;1.63;32.46;4.97662354957194;44.0200595244107;MONTEUX
BSS002DPFQ;2024-02-11;1.66;32.43;4.97662354957194;44.0200595244107;MONTEUX
BSS002DPFQ;2024-02-12;1.7;32.39;4.97662354957194;44.0200595244107;MONTEUX
BSS002DPFQ;2024-02-13;1.72;32.37;4.97662354957194;44.0200595244107;MONTEUX
BSS002DPFQ;2024-02-14;1.74;32.35;4.97662354957194;44.0200595244107;MONTEUX
BSS002DPFQ;2024-02-15;1.73;32.36;4.97662354957194;44.0200595244107;MONTEUX
BSS002DPFQ;2024-02-16;1.74;32.35;4.97662354957194;44.0200595244107;MONTEUX
BSS002DPFQ;2024-02-17;1.74;32.35;4.97662354957194;44.0200595244107;MONTEUX
BSS002DPFQ;2024-02-18;1.76;32.33;4.97662354957194;44.0200595244107;MONTEUX
BSS002DPFQ;2024-02-19;1.74;32.35;4.97662354957194;44.0200595244107;MONTEUX
BSS002DPFQ;2024-02-20;1.74;32.35;4.97662354957194;44.0200595244107;MONTEUX
BSS002DPFQ;2024-02-21;1.76;32.33;4.97662354957194;44.0200595244107;MONTEUX
BSS002DPFQ;2024-02-22;2.05;32.04;4.97662354957194;44.0200595244107;MONTEUX
BSS002DPFQ;2024-02-23;1.9;32.19;4.97662354957194;44.0200595244107;MONTEUX
BSS002DPFQ;2024-02-24;1.87;32.22;4.97662354957194;44.0200595244107;MONTEUX
BSS002DPFQ;2024-02-25;1.85;32.24;4.97662354957194;44.0200595244107;MONTEUX
BSS002DPFQ;2024-02-26;1.8;32.29;4.97662354957194;44.0200595244107;MONTEUX
BSS002DPFQ;2024-02-27;1.81;32.28;4.97662354957194;44.0200595244107;MONTEUX
BSS002DPFQ;2024-02-28;1.84;32.25;4.97662354957194;44.0200595244107;MONTEUX
BSS002DPFQ;2024-02-29;1.82;32.27;4.97662354957194;44.0200595244107;MONTEUX
BSS002DPFQ;2024-03-01;1.81;32.28;4.97662354957194;44.0200595244107;MONTEUX
BSS002DPFQ;2024-03-02;1.76;32.33;4.97662354957194;44.0200595244107;MONTEUX
BSS002DPFQ;2024-03-03;1.71;32.38;4.97662354957194;44.0200595244107;MONTEUX
BSS002DPFQ;2024-03-04;1.72;32.37;4.97662354957194;44.0200595244107;MONTEUX
BSS002DPFQ;2024-03-05;1.73;32.36;4.97662354957194;44.0200595244107;MONTEUX
BSS002DPFQ;2024-03-06;1.72;32.37;4.97662354957194;44.0200595244107;MONTEUX
BSS002DPFQ;2024-03-07;1.72;32.37;4.97662354957194;44.0200595244107;MONTEUX
BSS002DPFQ;2024-03-08;1.72;32.37;4.97662354957194;44.0200595244107;MONTEUX
BSS002DPFQ;2024-03-09;1.75;32.34;4.97662354957194;44.0200595244107;MONTEUX
BSS002DPFQ;2024-03-10;1.7;32.39;4.97662354957194;44.0200595244107;MONTEUX
BSS002DPFQ;2024-03-11;1.73;32.36;4.97662354957194;44.0200595244107;MONTEUX
BSS002DPFQ;2024-03-12;1.75;32.34;4.97662354957194;44.0200595244107;MONTEUX
BSS002DPFQ;2024-03-13;1.75;32.34;4.97662354957194;44.0200595244107;MONTEUX
BSS002DPFQ;2024-03-14;1.77;32.32;4.97662354957194;44.0200595244107;MONTEUX
BSS002DPFQ;2024-03-15;1.79;32.3;4.97662354957194;44.0200595244107;MONTEUX
BSS002DPFQ;2024-03-16;1.83;32.26;4.97662354957194;44.0200595244107;MONTEUX
BSS002DPFQ;2024-03-17;1.87;32.22;4.97662354957194;44.0200595244107;MONTEUX
BSS002DPFQ;2024-03-18;1.88;32.21;4.97662354957194;44.0200595244107;MONTEUX
BSS002DPFQ;2024-03-19;1.88;32.21;4.97662354957194;44.0200595244107;MONTEUX
BSS002DPFQ;2024-03-20;1.9;32.19;4.97662354957194;44.0200595244107;MONTEUX
BSS002DPFQ;2024-03-21;1.91;32.18;4.97662354957194;44.0200595244107;MONTEUX
BSS002DPFQ;2024-03-22;1.97;32.12;4.97662354957194;44.0200595244107;MONTEUX
BSS002DPFQ;2024-03-23;1.95;32.14;4.97662354957194;44.0200595244107;MONTEUX
BSS002DPFQ;2024-03-24;1.92;32.17;4.97662354957194;44.0200595244107;MONTEUX
BSS002DPFQ;2024-03-25;1.9;32.19;4.97662354957194;44.0200595244107;MONTEUX
BSS002DPFQ;2024-03-26;1.87;32.22;4.97662354957194;44.0200595244107;MONTEUX
BSS002DPFQ;2024-03-27;1.86;32.23;4.97662354957194;44.0200595244107;MONTEUX
BSS002DPFQ;2024-03-28;1.89;32.2;4.97662354957194;44.0200595244107;MONTEUX
BSS002DPFQ;2024-03-29;1.89;32.2;4.97662354957194;44.0200595244107;MONTEUX
BSS002DPFQ;2024-03-30;1.91;32.18;4.97662354957194;44.0200595244107;MONTEUX
BSS002DPFQ;2024-03-31;1.88;32.21;4.97662354957194;44.0200595244107;MONTEUX
BSS002DPFQ;2024-04-01;1.89;32.2;4.97662354957194;44.0200595244107;MONTEUX
BSS002DPFQ;2024-04-02;1.93;32.16;4.97662354957194;44.0200595244107;MONTEUX
BSS002DPFQ;2024-04-03;1.91;32.18;4.97662354957194;44.0200595244107;MONTEUX
BSS002DPFQ;2024-04-04;1.93;32.16;4.97662354957194;44.0200595244107;MONTEUX
BSS002DPFQ;2024-04-05;1.93;32.16;4.97662354957194;44.0200595244107;MONTEUX
BSS002DPFQ;2024-04-06;1.92;32.17;4.97662354957194;44.0200595244107;MONTEUX
BSS002DPFQ;2024-04-07;1.93;32.16;4.97662354957194;44.0200595244107;MONTEUX
BSS002DPFQ;2024-04-08;1.88;32.21;4.97662354957194;44.0200595244107;MONTEUX
BSS002DPFQ;2024-04-09;1.92;32.17;4.97662354957194;44.0200595244107;MONTEUX
BSS002DPFQ;2024-04-10;1.95;32.14;4.97662354957194;44.0200595244107;MONTEUX
BSS002DPFQ;2024-04-11;1.96;32.13;4.97662354957194;44.0200595244107;MONTEUX
BSS002DPFQ;2024-04-12;1.99;32.1;4.97662354957194;44.0200595244107;MONTEUX
BSS002DPFQ;2024-04-13;1.95;32.14;4.97662354957194;44.0200595244107;MONTEUX
BSS002DPFQ;2024-04-14;1.95;32.14;4.97662354957194;44.0200595244107;MONTEUX
BSS002DPFQ;2024-04-15;1.91;32.18;4.97662354957194;44.0200595244107;MONTEUX
BSS002DPFQ;2024-04-16;1.93;32.16;4.97662354957194;44.0200595244107;MONTEUX
BSS002DPFQ;2024-04-17;1.96;32.35;4.97662354957194;44.0200595244107;MONTEUX
BSS002DPFQ;2024-04-18;2.06;32.25;4.97662354957194;44.0200595244107;MONTEUX
BSS002DPFQ;2024-04-19;2.11;32.2;4.97662354957194;44.0200595244107;MONTEUX
BSS002DPFQ;2024-04-20;2.11;32.2;4.97662354957194;44.0200595244107;MONTEUX
BSS002DPFQ;2024-04-21;2.11;32.2;4.97662354957194;44.0200595244107;MONTEUX
BSS002DPFQ;2024-04-22;2.25;32.06;4.97662354957194;44.0200595244107;MONTEUX
BSS002DPFQ;2024-04-23;2.25;32.06;4.97662354957194;44.0200595244107;MONTEUX
BSS002DPFQ;2024-04-24;2.33;31.98;4.97662354957194;44.0200595244107;MONTEUX
BSS002DPFQ;2024-04-25;2.43;31.88;4.97662354957194;44.0200595244107;MONTEUX
BSS002DPFQ;2024-04-26;2.35;31.96;4.97662354957194;44.0200595244107;MONTEUX
BSS002DPFQ;2024-04-27;2.27;32.04;4.97662354957194;44.0200595244107;MONTEUX
BSS002DPFQ;2024-04-28;2.25;32.06;4.97662354957194;44.0200595244107;MONTEUX
BSS002DPFQ;2024-04-29;2.26;32.05;4.97662354957194;44.0200595244107;MONTEUX
BSS002DPFQ;2024-04-30;2.25;32.06;4.97662354957194;44.0200595244107;MONTEUX
BSS002DPFQ;2024-05-01;2.21;32.1;4.97662354957194;44.0200595244107;MONTEUX
BSS002DPFQ;2024-05-02;2.21;32.1;4.97662354957194;44.0200595244107;MONTEUX
BSS002DPFQ;2024-05-03;2.28;32.03;4.97662354957194;44.0200595244107;MONTEUX
BSS002DPFQ;2024-05-04;2.23;32.08;4.97662354957194;44.0200595244107;MONTEUX
BSS002DPFQ;2024-05-05;2.21;32.1;4.97662354957194;44.0200595244107;MONTEUX
BSS002DPFQ;2024-05-06;2.23;32.08;4.97662354957194;44.0200595244107;MONTEUX
BSS002DPFQ;2024-05-07;2.16;32.15;4.97662354957194;44.0200595244107;MONTEUX
BSS002DPFQ;2024-05-08;2.2;32.11;4.97662354957194;44.0200595244107;MONTEUX
BSS002DPFQ;2024-05-09;2.23;32.08;4.97662354957194;44.0200595244107;MONTEUX
BSS002DPFQ;2024-05-10;2.34;31.97;4.97662354957194;44.0200595244107;MONTEUX
BSS002DPFQ;2024-05-11;2.25;32.06;4.97662354957194;44.0200595244107;MONTEUX
BSS002DPFQ;2024-05-12;2.23;32.08;4.97662354957194;44.0200595244107;MONTEUX
BSS002DPFQ;2024-05-13;2.32;31.99;4.97662354957194;44.0200595244107;MONTEUX
BSS002DPFQ;2024-05-14;2.21;32.1;4.97662354957194;44.0200595244107;MONTEUX
BSS002DPFQ;2024-05-15;2.18;32.13;4.97662354957194;44.0200595244107;MONTEUX
BSS002DPFQ;2024-05-16;2.18;32.13;4.97662354957194;44.0200595244107;MONTEUX
BSS002DPFQ;2024-05-17;2.22;32.09;4.97662354957194;44.0200595244107;MONTEUX
BSS002DPFQ;2024-05-18;2.24;32.07;4.97662354957194;44.0200595244107;MONTEUX
BSS002DPFQ;2024-05-19;2.24;32.07;4.97662354957194;44.0200595244107;MONTEUX
BSS002DPFQ;2024-05-20;2.34;31.97;4.97662354957194;44.0200595244107;MONTEUX
BSS002DPFQ;2024-05-21;2.36;31.95;4.97662354957194;44.0200595244107;MONTEUX
BSS002DPFQ;2024-05-22;2.35;31.96;4.97662354957194;44.0200595244107;MONTEUX
BSS002DPFQ;2024-05-23;2.38;31.93;4.97662354957194;44.0200595244107;MONTEUX
BSS002DPFQ;2024-05-24;2.53;31.78;4.97662354957194;44.0200595244107;MONTEUX
BSS002DPFQ;2024-05-25;2.57;31.74;4.97662354957194;44.0200595244107;MONTEUX
BSS002DPFQ;2024-05-26;2.5;31.81;4.97662354957194;44.0200595244107;MONTEUX
BSS002DPFQ;2024-05-27;2.43;31.88;4.97662354957194;44.0200595244107;MONTEUX
BSS002DPFQ;2024-05-28;2.33;31.98;4.97662354957194;44.0200595244107;MONTEUX
BSS002DPFQ;2024-05-29;2.33;31.98;4.97662354957194;44.0200595244107;MONTEUX
BSS002DPFQ;2024-05-30;2.3;32.01;4.97662354957194;44.0200595244107;MONTEUX
BSS002DPFQ;2024-05-31;2.34;31.97;4.97662354957194;44.0200595244107;MONTEUX
BSS002DPFQ;2024-06-01;2.3;32.01;4.97662354957194;44.0200595244107;MONTEUX
BSS002DPFQ;2024-06-02;2.3;32.01;4.97662354957194;44.0200595244107;MONTEUX
BSS002DPFQ;2024-06-03;2.31;32.0;4.97662354957194;44.0200595244107;MONTEUX
BSS002DPFQ;2024-06-04;2.33;31.98;4.97662354957194;44.0200595244107;MONTEUX
BSS002DPFQ;2024-06-05;2.46;31.85;4.97662354957194;44.0200595244107;MONTEUX
BSS002DPFQ;2024-06-06;2.42;31.89;4.97662354957194;44.0200595244107;MONTEUX
BSS002DPFQ;2024-06-07;2.46;31.85;4.97662354957194;44.0200595244107;MONTEUX
BSS002DPFQ;2024-06-08;2.38;31.93;4.97662354957194;44.0200595244107;MONTEUX
BSS002DPFQ;2024-06-09;2.26;32.05;4.97662354957194;44.0200595244107;MONTEUX
BSS002DPFQ;2024-06-10;2.23;32.08;4.97662354957194;44.0200595244107;MONTEUX
BSS002DPFQ;2024-06-11;2.28;32.03;4.97662354957194;44.0200595244107;MONTEUX
BSS002DPFQ;2024-06-12;2.23;32.08;4.97662354957194;44.0200595244107;MONTEUX
BSS002DPFQ;2024-06-13;2.2;32.11;4.97662354957194;44.0200595244107;MONTEUX
BSS002DPFQ;2024-06-14;2.18;32.13;4.97662354957194;44.0200595244107;MONTEUX
BSS002DPFQ;2024-06-15;2.18;32.13;4.97662354957194;44.0200595244107;MONTEUX
BSS002DPFQ;2024-06-16;2.19;32.12;4.97662354957194;44.0200595244107;MONTEUX
BSS002DPFQ;2024-06-17;2.21;32.1;4.97662354957194;44.0200595244107;MONTEUX
BSS002DPFQ;2024-06-18;2.35;31.96;4.97662354957194;44.0200595244107;MONTEUX
BSS002DPFQ;2024-06-19;2.39;31.92;4.97662354957194;44.0200595244107;MONTEUX
BSS002DPFQ;2024-06-20;2.39;31.92;4.97662354957194;44.0200595244107;MONTEUX
BSS002DPFQ;2024-06-21;2.41;31.9;4.97662354957194;44.0200595244107;MONTEUX
BSS002DPFQ;2024-06-22;2.41;31.9;4.97662354957194;44.0200595244107;MONTEUX
BSS002DPFQ;2024-06-23;2.4;31.91;4.97662354957194;44.0200595244107;MONTEUX
BSS002DPFQ;2024-06-24;2.46;31.85;4.97662354957194;44.0200595244107;MONTEUX
BSS002DPFQ;2024-06-25;2.52;31.79;4.97662354957194;44.0200595244107;MONTEUX
BSS002DPFQ;2024-06-26;2.55;31.76;4.97662354957194;44.0200595244107;MONTEUX
BSS002DPFQ;2024-06-27;2.58;31.73;4.97662354957194;44.0200595244107;MONTEUX
BSS002DPFQ;2024-06-28;2.67;31.64;4.97662354957194;44.0200595244107;MONTEUX
BSS002DPFQ;2024-06-29;2.67;31.64;4.97662354957194;44.0200595244107;MONTEUX
BSS002DPFQ;2024-06-30;2.77;31.54;4.97662354957194;44.0200595244107;MONTEUX
BSS002DPFQ;2024-07-01;2.83;31.48;4.97662354957194;44.0200595244107;MONTEUX
BSS002DPFQ;2024-07-02;2.71;31.6;4.97662354957194;44.0200595244107;MONTEUX
BSS002DPFQ;2024-07-03;2.61;31.7;4.97662354957194;44.0200595244107;MONTEUX
BSS002DPFQ;2024-07-04;2.55;31.76;4.97662354957194;44.0200595244107;MONTEUX
BSS002DPFQ;2024-07-05;2.58;31.73;4.97662354957194;44.0200595244107;MONTEUX
BSS002DPFQ;2024-07-06;2.55;31.76;4.97662354957194;44.0200595244107;MONTEUX
BSS002DPFQ;2024-07-07;2.52;31.79;4.97662354957194;44.0200595244107;MONTEUX
BSS002DPFQ;2024-07-08;2.53;31.78;4.97662354957194;44.0200595244107;MONTEUX
BSS002DPFQ;2024-07-09;2.55;31.76;4.97662354957194;44.0200595244107;MONTEUX
BSS002DPFQ;2024-07-10;2.96;31.35;4.97662354957194;44.0200595244107;MONTEUX
BSS002DPFQ;2024-07-11;3.16;31.15;4.97662354957194;44.0200595244107;MONTEUX
BSS002DPFQ;2024-07-12;3.32;30.99;4.97662354957194;44.0200595244107;MONTEUX
BSS002DPFQ;2024-07-13;3.32;30.99;4.97662354957194;44.0200595244107;MONTEUX
BSS002DPFQ;2024-07-14;3.05;31.26;4.97662354957194;44.0200595244107;MONTEUX
BSS002DPFQ;2024-07-15;2.98;31.33;4.97662354957194;44.0200595244107;MONTEUX
BSS002DPFQ;2024-07-16;2.89;31.42;4.97662354957194;44.0200595244107;MONTEUX
BSS002DPFQ;2024-07-17;2.87;31.44;4.97662354957194;44.0200595244107;MONTEUX
BSS002DPFQ;2024-07-18;3.1;31.21;4.97662354957194;44.0200595244107;MONTEUX
BSS002DPFQ;2024-07-19;3.01;31.3;4.97662354957194;44.0200595244107;MONTEUX
BSS002DPFQ;2024-07-20;2.93;31.38;4.97662354957194;44.0200595244107;MONTEUX
BSS002DPFQ;2024-07-21;2.91;31.4;4.97662354957194;44.0200595244107;MONTEUX
BSS002DPFQ;2024-07-22;2.91;31.4;4.97662354957194;44.0200595244107;MONTEUX
BSS002DPFQ;2024-07-23;2.91;31.4;4.97662354957194;44.0200595244107;MONTEUX
BSS002DPFQ;2024-07-24;2.91;31.4;4.97662354957194;44.0200595244107;MONTEUX
BSS002DPFQ;2024-07-25;2.95;31.36;4.97662354957194;44.0200595244107;MONTEUX
BSS002DPFQ;2024-07-26;2.95;31.36;4.97662354957194;44.0200595244107;MONTEUX
BSS002DPFQ;2024-07-27;3.06;31.25;4.97662354957194;44.0200595244107;MONTEUX
BSS002DPFQ;2024-07-28;3.04;31.27;4.97662354957194;44.0200595244107;MONTEUX
BSS002DPFQ;2024-07-29;3.02;31.29;4.97662354957194;44.0200595244107;MONTEUX
BSS002DPFQ;2024-07-30;3.05;31.26;4.97662354957194;44.0200595244107;MONTEUX
BSS002DPFQ;2024-07-31;3.22;31.09;4.97662354957194;44.0200595244107;MONTEUX
BSS002DPFQ;2024-08-01;3.6;30.71;4.97662354957194;44.0200595244107;MONTEUX
BSS002DPFQ;2024-08-02;3.39;30.92;4.97662354957194;44.0200595244107;MONTEUX
BSS002DPFQ;2024-08-03;3.29;31.02;4.97662354957194;44.0200595244107;MONTEUX
BSS002DPFQ;2024-08-04;3.26;31.05;4.97662354957194;44.0200595244107;MONTEUX
BSS002DPFQ;2024-08-05;3.19;31.12;4.97662354957194;44.0200595244107;MONTEUX
BSS002DPFQ;2024-08-06;3.17;31.14;4.97662354957194;44.0200595244107;MONTEUX
BSS002DPFQ;2024-08-07;3.28;31.03;4.97662354957194;44.0200595244107;MONTEUX
BSS002DPFQ;2024-08-08;3.26;31.05;4.97662354957194;44.0200595244107;MONTEUX
BSS002DPFQ;2024-08-09;3.27;31.04;4.97662354957194;44.0200595244107;MONTEUX
BSS002DPFQ;2024-08-10;3.27;31.04;4.97662354957194;44.0200595244107;MONTEUX
BSS002DPFQ;2024-08-11;3.27;31.04;4.97662354957194;44.0200595244107;MONTEUX
BSS002DPFQ;2024-08-12;3.49;30.82;4.97662354957194;44.0200595244107;MONTEUX
BSS002DPFQ;2024-08-13;3.44;30.87;4.97662354957194;44.0200595244107;MONTEUX
BSS002DPFQ;2024-08-14;3.42;30.89;4.97662354957194;44.0200595244107;MONTEUX
BSS002DPFQ;2024-08-15;3.4;30.91;4.97662354957194;44.0200595244107;MONTEUX
BSS002DPFQ;2024-08-16;3.38;30.93;4.97662354957194;44.0200595244107;MONTEUX
BSS002DPFQ;2024-08-17;3.28;31.03;4.97662354957194;44.0200595244107;MONTEUX
BSS002DPFQ;2024-08-18;3.19;31.12;4.97662354957194;44.0200595244107;MONTEUX
BSS002DPFQ;2024-08-19;3.15;31.16;4.97662354957194;44.0200595244107;MONTEUX
BSS002DPFQ;2024-08-20;3.17;31.14;4.97662354957194;44.0200595244107;MONTEUX
BSS002DPFQ;2024-08-21;3.2;31.11;4.97662354957194;44.0200595244107;MONTEUX
BSS002DPFQ;2024-08-22;3.22;31.09;4.97662354957194;44.0200595244107;MONTEUX
BSS002DPFQ;2024-08-23;3.19;31.12;4.97662354957194;44.0200595244107;MONTEUX
BSS002DPFQ;2024-08-24;3.12;31.19;4.97662354957194;44.0200595244107;MONTEUX
BSS002DPFQ;2024-08-25;3.08;31.23;4.97662354957194;44.0200595244107;MONTEUX
BSS002DPFQ;2024-08-26;3.01;31.3;4.97662354957194;44.0200595244107;MONTEUX
BSS002DPFQ;2024-08-27;3.01;31.3;4.97662354957194;44.0200595244107;MONTEUX
BSS002DPFQ;2024-08-28;3.01;31.3;4.97662354957194;44.0200595244107;MONTEUX
BSS002DPFQ;2024-08-29;3.02;31.29;4.97662354957194;44.0200595244107;MONTEUX
BSS002DPFQ;2024-08-30;3.02;31.29;4.97662354957194;44.0200595244107;MONTEUX
BSS002DPFQ;2024-08-31;3.01;31.3;4.97662354957194;44.0200595244107;MONTEUX
BSS002DPFQ;2024-09-01;2.99;31.32;4.97662354957194;44.0200595244107;MONTEUX
BSS002DPFQ;2024-09-02;2.97;31.34;4.97662354957194;44.0200595244107;MONTEUX
BSS002DPFQ;2024-09-03;3.28;31.03;4.97662354957194;44.0200595244107;MONTEUX
BSS002DPFQ;2024-09-04;3.08;31.23;4.97662354957194;44.0200595244107;MONTEUX
BSS002DPFQ;2024-09-05;3.02;31.29;4.97662354957194;44.0200595244107;MONTEUX
BSS002DPFQ;2024-09-06;2.98;31.33;4.97662354957194;44.0200595244107;MONTEUX
BSS002DPFQ;2024-09-07;2.97;31.34;4.97662354957194;44.0200595244107;MONTEUX
BSS002DPFQ;2024-09-08;2.93;31.38;4.97662354957194;44.0200595244107;MONTEUX
BSS002DPFQ;2024-09-09;2.89;31.42;4.97662354957194;44.0200595244107;MONTEUX
BSS002DPFQ;2024-09-10;2.88;31.43;4.97662354957194;44.0200595244107;MONTEUX
BSS002DPFQ;2024-09-11;2.86;31.45;4.97662354957194;44.0200595244107;MONTEUX
BSS002DPFQ;2024-09-12;2.84;31.47;4.97662354957194;44.0200595244107;MONTEUX
BSS002DPFQ;2024-09-13;2.85;31.46;4.97662354957194;44.0200595244107;MONTEUX
BSS002DPFQ;2024-09-14;2.85;31.46;4.97662354957194;44.0200595244107;MONTEUX
BSS002DPFQ;2024-09-15;2.82;31.49;4.97662354957194;44.0200595244107;MONTEUX
BSS002DPFQ;2024-09-16;2.78;31.53;4.97662354957194;44.0200595244107;MONTEUX
BSS002DPFQ;2024-09-17;2.78;31.53;4.97662354957194;44.0200595244107;MONTEUX
BSS002DPFQ;2024-09-18;2.78;31.53;4.97662354957194;44.0200595244107;MONTEUX
BSS002DPFQ;2024-09-19;2.77;31.54;4.97662354957194;44.0200595244107;MONTEUX
BSS002DPFQ;2024-09-20;2.77;31.54;4.97662354957194;44.0200595244107;MONTEUX
BSS002DPFQ;2024-09-21;2.77;31.54;4.97662354957194;44.0200595244107;MONTEUX
BSS002DPFQ;2024-09-22;2.73;31.58;4.97662354957194;44.0200595244107;MONTEUX
BSS002DPFQ;2024-09-23;2.67;31.64;4.97662354957194;44.0200595244107;MONTEUX
BSS002DPFQ;2024-09-24;2.67;31.64;4.97662354957194;44.0200595244107;MONTEUX
BSS002DPFQ;2024-09-25;2.66;31.65;4.97662354957194;44.0200595244107;MONTEUX
BSS002DPFQ;2024-09-26;2.64;31.67;4.97662354957194;44.0200595244107;MONTEUX
BSS002DPFQ;2024-09-27;2.65;31.66;4.97662354957194;44.0200595244107;MONTEUX
BSS002DPFQ;2024-09-28;2.68;31.63;4.97662354957194;44.0200595244107;MONTEUX
BSS002DPFQ;2024-09-29;2.72;31.59;4.97662354957194;44.0200595244107;MONTEUX
BSS002DPFQ;2024-09-30;2.72;31.59;4.97662354957194;44.0200595244107;MONTEUX
BSS002DPFQ;2024-10-01;2.64;31.67;4.97662354957194;44.0200595244107;MONTEUX
BSS002DPFQ;2024-10-02;2.57;31.74;4.97662354957194;44.0200595244107;MONTEUX
BSS002DPFQ;2024-10-03;2.54;31.77;4.97662354957194;44.0200595244107;MONTEUX
BSS002DPFQ;2024-10-04;2.55;31.76;4.97662354957194;44.0200595244107;MONTEUX
BSS002DPFQ;2024-10-05;2.56;31.75;4.97662354957194;44.0200595244107;MONTEUX
BSS002DPFQ;2024-10-06;2.56;31.75;4.97662354957194;44.0200595244107;MONTEUX
BSS002DPFQ;2024-10-07;2.52;31.79;4.97662354957194;44.0200595244107;MONTEUX
BSS002DPFQ;2024-10-08;2.49;31.82;4.97662354957194;44.0200595244107;MONTEUX
BSS002DPFQ;2024-10-09;2.46;31.85;4.97662354957194;44.0200595244107;MONTEUX
BSS002DPFQ;2024-10-10;2.45;31.86;4.97662354957194;44.0200595244107;MONTEUX
BSS002DPFQ;2024-10-11;2.48;31.83;4.97662354957194;44.0200595244107;MONTEUX
BSS002DPFQ;2024-10-12;2.49;31.82;4.97662354957194;44.0200595244107;MONTEUX
BSS002DPFQ;2024-10-13;2.49;31.82;4.97662354957194;44.0200595244107;MONTEUX
BSS002DPFQ;2024-10-14;2.48;31.83;4.97662354957194;44.0200595244107;MONTEUX
BSS002DPFQ;2024-10-15;2.46;31.85;4.97662354957194;44.0200595244107;MONTEUX
BSS002DPFQ;2024-10-16;2.43;31.88;4.97662354957194;44.0200595244107;MONTEUX
BSS002DPFQ;2024-10-17;2.41;31.9;4.97662354957194;44.0200595244107;MONTEUX
BSS002DPFQ;2024-10-18;2.41;31.9;4.97662354957194;44.0200595244107;MONTEUX
BSS002DPFQ;2024-10-19;2.4;31.91;4.97662354957194;44.0200595244107;MONTEUX
BSS002DPFQ;2024-10-20;2.41;31.9;4.97662354957194;44.0200595244107;MONTEUX
BSS002DPFQ;2024-10-21;2.39;31.92;4.97662354957194;44.0200595244107;MONTEUX
BSS002DPFQ;2024-10-22;2.39;31.92;4.97662354957194;44.0200595244107;MONTEUX
BSS002DPFQ;2024-10-23;2.38;31.93;4.97662354957194;44.0200595244107;MONTEUX
BSS002DPFQ;2024-10-24;2.35;31.96;4.97662354957194;44.0200595244107;MONTEUX
BSS002DPFQ;2024-10-25;2.33;31.98;4.97662354957194;44.0200595244107;MONTEUX
BSS002DPFQ;2024-10-26;2.29;32.02;4.97662354957194;44.0200595244107;MONTEUX
BSS002DPFQ;2024-10-27;2.28;32.03;4.97662354957194;44.0200595244107;MONTEUX
BSS002DPFQ;2024-10-28;2.28;32.03;4.97662354957194;44.0200595244107;MONTEUX
BSS002DPFQ;2024-10-29;2.27;32.04;4.97662354957194;44.0200595244107;MONTEUX
BSS002DPFQ;2024-10-30;2.25;32.06;4.97662354957194;44.0200595244107;MONTEUX
BSS002DPFQ;2024-10-31;2.25;32.06;4.97662354957194;44.0200595244107;MONTEUX
BSS002DPFQ;2024-11-01;2.26;32.05;4.97662354957194;44.0200595244107;MONTEUX
BSS002DPFQ;2024-11-02;2.24;32.07;4.97662354957194;44.0200595244107;MONTEUX
BSS002DPFQ;2024-11-03;2.24;32.07;4.97662354957194;44.0200595244107;MONTEUX
BSS002DPFQ;2024-11-04;2.21;32.1;4.97662354957194;44.0200595244107;MONTEUX
BSS002DPFQ;2024-11-05;2.21;32.1;4.97662354957194;44.0200595244107;MONTEUX
BSS002DPFQ;2024-11-06;2.2;32.11;4.97662354957194;44.0200595244107;MONTEUX
BSS002DPFQ;2024-11-07;2.18;32.13;4.97662354957194;44.0200595244107;MONTEUX
BSS002DPFQ;2024-11-08;2.14;32.17;4.97662354957194;44.0200595244107;MONTEUX
BSS002DPFQ;2024-11-09;2.13;32.18;4.97662354957194;44.0200595244107;MONTEUX
BSS002DPFQ;2024-11-10;2.11;32.2;4.97662354957194;44.0200595244107;MONTEUX
BSS002DPFQ;2024-11-11;2.1;32.21;4.97662354957194;44.0200595244107;MONTEUX
BSS002DPFQ;2024-11-12;2.08;32.23;4.97662354957194;44.0200595244107;MONTEUX
BSS002DPFQ;2024-11-13;2.08;32.23;4.97662354957194;44.0200595244107;MONTEUX
BSS002DPFQ;2024-11-14;2.06;32.25;4.97662354957194;44.0200595244107;MONTEUX
BSS002DPFQ;2024-11-15;2.06;32.25;4.97662354957194;44.0200595244107;MONTEUX
BSS002DPFQ;2024-11-16;2.05;32.26;4.97662354957194;44.0200595244107;MONTEUX
BSS002DPFQ;2024-11-17;2.04;32.27;4.97662354957194;44.0200595244107;MONTEUX
BSS002DPFQ;2024-11-18;2.03;32.28;4.97662354957194;44.0200595244107;MONTEUX
BSS002DPFQ;2024-11-19;2.02;32.29;4.97662354957194;44.0200595244107;MONTEUX
BSS002DPFQ;2024-11-20;2.0;32.31;4.97662354957194;44.0200595244107;MONTEUX
BSS002DPFQ;2024-11-21;1.98;32.33;4.97662354957194;44.0200595244107;MONTEUX
BSS002DPFQ;2024-11-22;1.99;32.32;4.97662354957194;44.0200595244107;MONTEUX
BSS002DPFQ;2024-11-23;2.07;32.24;4.97662354957194;44.0200595244107;MONTEUX
BSS002DPFQ;2024-11-24;2.08;32.23;4.97662354957194;44.0200595244107;MONTEUX
BSS002DPFQ;2024-11-25;2.05;32.26;4.97662354957194;44.0200595244107;MONTEUX
BSS002DPFQ;2024-11-26;2.05;32.26;4.97662354957194;44.0200595244107;MONTEUX
BSS002DPFQ;2024-11-27;2.05;32.26;4.97662354957194;44.0200595244107;MONTEUX
BSS002DPFQ;2024-11-28;2.09;32.22;4.97662354957194;44.0200595244107;MONTEUX
BSS002DPFQ;2024-11-29;2.11;32.2;4.97662354957194;44.0200595244107;MONTEUX
BSS002DPFQ;2024-11-30;2.13;32.18;4.97662354957194;44.0200595244107;MONTEUX
BSS002DPFQ;2024-12-01;2.11;32.2;4.97662354957194;44.0200595244107;MONTEUX
BSS002DPFQ;2024-12-02;2.09;32.22;4.97662354957194;44.0200595244107;MONTEUX
BSS002DPFQ;2024-12-03;2.08;32.23;4.97662354957194;44.0200595244107;MONTEUX
BSS002DPFQ;2024-12-04;2.08;32.23;4.97662354957194;44.0200595244107;MONTEUX
BSS002DPFQ;2024-12-05;2.09;32.22;4.97662354957194;44.0200595244107;MONTEUX
BSS002DPFQ;2024-12-06;2.08;32.23;4.97662354957194;44.0200595244107;MONTEUX
BSS002DPFQ;2024-12-07;2.05;32.26;4.97662354957194;44.0200595244107;MONTEUX
BSS002DPFQ;2024-12-08;2.03;32.28;4.97662354957194;44.0200595244107;MONTEUX
BSS002DPFQ;2024-12-09;2.04;32.27;4.97662354957194;44.0200595244107;MONTEUX
BSS002DPFQ;2024-12-10;2.05;32.26;4.97662354957194;44.0200595244107;MONTEUX
BSS002DPFQ;2024-12-11;2.06;32.25;4.97662354957194;44.0200595244107;MONTEUX
BSS002DPFQ;2024-12-12;2.07;32.24;4.97662354957194;44.0200595244107;MONTEUX
BSS002DPFQ;2024-12-13;2.06;32.25;4.97662354957194;44.0200595244107;MONTEUX
BSS002DPFQ;2024-12-14;2.06;32.25;4.97662354957194;44.0200595244107;MONTEUX
BSS002DPFQ;2024-12-15;2.07;32.24;4.97662354957194;44.0200595244107;MONTEUX
BSS002DPFQ;2024-12-16;2.09;32.22;4.97662354957194;44.0200595244107;MONTEUX
BSS002DPFQ;2024-12-17;2.06;32.25;4.97662354957194;44.0200595244107;MONTEUX
BSS002DPFQ;2024-12-18;2.04;32.27;4.97662354957194;44.0200595244107;MONTEUX
BSS002DPFQ;2024-12-19;2.01;32.3;4.97662354957194;44.0200595244107;MONTEUX
BSS002DPFQ;2024-12-20;2.03;32.28;4.97662354957194;44.0200595244107;MONTEUX
BSS002DPFQ;2024-12-21;2.03;32.28;4.97662354957194;44.0200595244107;MONTEUX
BSS002DPFQ;2024-12-22;1.99;32.32;4.97662354957194;44.0200595244107;MONTEUX
BSS002DPFQ;2024-12-23;2.0;32.31;4.97662354957194;44.0200595244107;MONTEUX
BSS002DPFQ;2024-12-24;2.05;32.26;4.97662354957194;44.0200595244107;MONTEUX
BSS002DPFQ;2024-12-25;2.01;32.3;4.97662354957194;44.0200595244107;MONTEUX
BSS002DPFQ;2024-12-26;1.98;32.33;4.97662354957194;44.0200595244107;MONTEUX
BSS002DPFQ;2024-12-27;1.96;32.35;4.97662354957194;44.0200595244107;MONTEUX
BSS002DPFQ;2024-12-28;1.92;32.39;4.97662354957194;44.0200595244107;MONTEUX
BSS002DPFQ;2024-12-29;1.91;32.4;4.97662354957194;44.0200595244107;MONTEUX
BSS002DPFQ;2024-12-30;1.89;32.42;4.97662354957194;44.0200595244107;MONTEUX
BSS002DPFQ;2024-12-31;1.88;32.43;4.97662354957194;44.0200595244107;MONTEUX
BSS002DRNR;2016-04-03;5.52;21.81;4.86690336917851;43.9893165905683;LE PONTET
BSS002DRNR;2016-04-04;5.52;21.81;4.86690336917851;43.9893165905683;LE PONTET
BSS002DRNR;2016-04-05;5.52;21.81;4.86690336917851;43.9893165905683;LE PONTET
BSS002DRNR;2016-04-06;5.53;21.8;4.86690336917851;43.9893165905683;LE PONTET
BSS002DRNR;2016-04-07;5.53;21.8;4.86690336917851;43.9893165905683;LE PONTET
BSS002DRNR;2016-04-08;5.54;21.79;4.86690336917851;43.9893165905683;LE PONTET
BSS002DRNR;2016-04-09;5.55;21.78;4.86690336917851;43.9893165905683;LE PONTET
BSS002DRNR;2016-04-10;5.56;21.77;4.86690336917851;43.9893165905683;LE PONTET
BSS002DRNR;2016-04-11;5.55;21.78;4.86690336917851;43.9893165905683;LE PONTET
BSS002DRNR;2016-04-12;5.54;21.79;4.86690336917851;43.9893165905683;LE PONTET
BSS002DRNR;2016-04-13;5.54;21.79;4.86690336917851;43.9893165905683;LE PONTET
BSS002DRNR;2016-04-14;5.54;21.79;4.86690336917851;43.9893165905683;LE PONTET
BSS002DRNR;2016-04-15;5.55;21.78;4.86690336917851;43.9893165905683;LE PONTET
BSS002DRNR;2016-04-16;5.56;21.77;4.86690336917851;43.9893165905683;LE PONTET
BSS002DRNR;2016-04-17;5.56;21.77;4.86690336917851;43.9893165905683;LE PONTET
BSS002DRNR;2016-04-18;5.56;21.77;4.86690336917851;43.9893165905683;LE PONTET
BSS002DRNR;2016-04-19;5.56;21.77;4.86690336917851;43.9893165905683;LE PONTET
BSS002DRNR;2016-04-20;5.55;21.78;4.86690336917851;43.9893165905683;LE PONTET
BSS002DRNR;2016-04-21;5.55;21.78;4.86690336917851;43.9893165905683;LE PONTET
BSS002DRNR;2016-04-22;5.55;21.78;4.86690336917851;43.9893165905683;LE PONTET
BSS002DRNR;2016-04-23;5.55;21.78;4.86690336917851;43.9893165905683;LE PONTET
BSS002DRNR;2016-04-24;5.55;21.78;4.86690336917851;43.9893165905683;LE PONTET
BSS002DRNR;2016-04-25;5.55;21.78;4.86690336917851;43.9893165905683;LE PONTET
BSS002DRNR;2016-04-26;5.52;21.81;4.86690336917851;43.9893165905683;LE PONTET
BSS002DRNR;2016-04-27;5.49;21.84;4.86690336917851;43.9893165905683;LE PONTET
BSS002DRNR;2016-04-28;5.48;21.85;4.86690336917851;43.9893165905683;LE PONTET
BSS002DRNR;2016-04-29;5.47;21.86;4.86690336917851;43.9893165905683;LE PONTET
BSS002DRNR;2016-04-30;5.47;21.86;4.86690336917851;43.9893165905683;LE PONTET
BSS002DRNR;2016-05-01;5.45;21.88;4.86690336917851;43.9893165905683;LE PONTET
BSS002DRNR;2016-05-02;5.44;21.89;4.86690336917851;43.9893165905683;LE PONTET
BSS002DRNR;2016-05-03;5.43;21.9;4.86690336917851;43.9893165905683;LE PONTET
BSS002DRNR;2016-05-04;5.42;21.91;4.86690336917851;43.9893165905683;LE PONTET
BSS002DRNR;2016-05-05;5.41;21.92;4.86690336917851;43.9893165905683;LE PONTET
BSS002DRNR;2016-05-06;5.41;21.92;4.86690336917851;43.9893165905683;LE PONTET
BSS002DRNR;2016-05-07;5.41;21.92;4.86690336917851;43.9893165905683;LE PONTET
BSS002DRNR;2016-05-08;5.41;21.92;4.86690336917851;43.9893165905683;LE PONTET
BSS002DRNR;2016-05-09;5.4;21.93;4.86690336917851;43.9893165905683;LE PONTET
BSS002DRNR;2016-05-10;5.39;21.94;4.86690336917851;43.9893165905683;LE PONTET
BSS002DRNR;2016-05-11;5.38;21.95;4.86690336917851;43.9893165905683;LE PONTET
BSS002DRNR;2016-05-12;5.38;21.95;4.86690336917851;43.9893165905683;LE PONTET
BSS002DRNR;2016-05-13;5.38;21.95;4.86690336917851;43.9893165905683;LE PONTET
BSS002DRNR;2016-05-14;5.37;21.96;4.86690336917851;43.9893165905683;LE PONTET
BSS002DRNR;2016-05-15;5.35;21.98;4.86690336917851;43.9893165905683;LE PONTET
BSS002DRNR;2016-05-16;5.34;21.99;4.86690336917851;43.9893165905683;LE PONTET
BSS002DRNR;2016-05-17;5.33;22.0;4.86690336917851;43.9893165905683;LE PONTET
BSS002DRNR;2016-05-18;5.28;22.05;4.86690336917851;43.9893165905683;LE PONTET
BSS002DRNR;2016-05-19;5.28;22.05;4.86690336917851;43.9893165905683;LE PONTET
BSS002DRNR;2016-05-20;5.31;22.02;4.86690336917851;43.9893165905683;LE PONTET
BSS002DRNR;2016-05-21;5.32;22.01;4.86690336917851;43.9893165905683;LE PONTET
BSS002DRNR;2016-05-22;5.32;22.01;4.86690336917851;43.9893165905683;LE PONTET
BSS002DRNR;2016-05-23;5.31;22.02;4.86690336917851;43.9893165905683;LE PONTET
BSS002DRNR;2016-05-24;5.3;22.03;4.86690336917851;43.9893165905683;LE PONTET
BSS002DRNR;2016-05-25;5.3;22.03;4.86690336917851;43.9893165905683;LE PONTET
BSS002DRNR;2016-05-26;5.3;22.03;4.86690336917851;43.9893165905683;LE PONTET
BSS002DRNR;2016-05-27;5.3;22.03;4.86690336917851;43.9893165905683;LE PONTET
BSS002DRNR;2016-05-28;5.3;22.03;4.86690336917851;43.9893165905683;LE PONTET
BSS002DRNR;2016-05-29;5.26;22.07;4.86690336917851;43.9893165905683;LE PONTET
BSS002DRNR;2016-05-30;5.25;22.08;4.86690336917851;43.9893165905683;LE PONTET
BSS002DRNR;2016-05-31;5.24;22.09;4.86690336917851;43.9893165905683;LE PONTET
BSS002DRNR;2016-06-01;5.24;22.09;4.86690336917851;43.9893165905683;LE PONTET
BSS002DRNR;2016-06-02;5.24;22.09;4.86690336917851;43.9893165905683;LE PONTET
BSS002DRNR;2016-06-03;5.24;22.09;4.86690336917851;43.9893165905683;LE PONTET
BSS002DRNR;2016-06-04;5.24;22.09;4.86690336917851;43.9893165905683;LE PONTET
BSS002DRNR;2016-06-05;5.24;22.09;4.86690336917851;43.9893165905683;LE PONTET
BSS002DRNR;2016-06-06;5.24;22.09;4.86690336917851;43.9893165905683;LE PONTET
BSS002DRNR;2016-06-07;5.23;22.1;4.86690336917851;43.9893165905683;LE PONTET
BSS002DRNR;2016-06-08;5.23;22.1;4.86690336917851;43.9893165905683;LE PONTET
BSS002DRNR;2016-06-09;5.23;22.1;4.86690336917851;43.9893165905683;LE PONTET
BSS002DRNR;2016-06-10;5.21;22.12;4.86690336917851;43.9893165905683;LE PONTET
BSS002DRNR;2016-06-11;5.21;22.12;4.86690336917851;43.9893165905683;LE PONTET
BSS002DRNR;2016-06-12;5.22;22.11;4.86690336917851;43.9893165905683;LE PONTET
BSS002DRNR;2016-06-13;5.22;22.11;4.86690336917851;43.9893165905683;LE PONTET
BSS002DRNR;2016-06-14;5.21;22.12;4.86690336917851;43.9893165905683;LE PONTET
BSS002DRNR;2016-06-15;5.22;22.11;4.86690336917851;43.9893165905683;LE PONTET
BSS002DRNR;2016-06-16;5.22;22.11;4.86690336917851;43.9893165905683;LE PONTET
BSS002DRNR;2016-06-17;5.22;22.11;4.86690336917851;43.9893165905683;LE PONTET
BSS002DRNR;2016-06-18;5.22;22.11;4.86690336917851;43.9893165905683;LE PONTET
BSS002DRNR;2016-06-19;5.21;22.12;4.86690336917851;43.9893165905683;LE PONTET
BSS002DRNR;2016-06-20;5.21;22.12;4.86690336917851;43.9893165905683;LE PONTET
BSS002DRNR;2016-06-21;5.22;22.11;4.86690336917851;43.9893165905683;LE PONTET
BSS002DRNR;2016-06-22;5.22;22.11;4.86690336917851;43.9893165905683;LE PONTET
BSS002DRNR;2016-06-23;5.21;22.12;4.86690336917851;43.9893165905683;LE PONTET
BSS002DRNR;2016-06-24;5.2;22.13;4.86690336917851;43.9893165905683;LE PONTET
BSS002DRNR;2016-06-25;5.2;22.13;4.86690336917851;43.9893165905683;LE PONTET
BSS002DRNR;2016-06-26;5.21;22.12;4.86690336917851;43.9893165905683;LE PONTET
BSS002DRNR;2016-06-27;5.21;22.12;4.86690336917851;43.9893165905683;LE PONTET
BSS002DRNR;2016-06-28;5.19;22.14;4.86690336917851;43.9893165905683;LE PONTET
BSS002DRNR;2016-06-29;5.18;22.15;4.86690336917851;43.9893165905683;LE PONTET
BSS002DRNR;2016-06-30;5.2;22.13;4.86690336917851;43.9893165905683;LE PONTET
BSS002DRNR;2016-07-01;5.22;22.11;4.86690336917851;43.9893165905683;LE PONTET
BSS002DRNR;2016-07-02;5.23;22.1;4.86690336917851;43.9893165905683;LE PONTET
BSS002DRNR;2016-07-03;5.21;22.12;4.86690336917851;43.9893165905683;LE PONTET
BSS002DRNR;2016-07-04;5.21;22.12;4.86690336917851;43.9893165905683;LE PONTET
BSS002DRNR;2016-07-05;5.21;22.12;4.86690336917851;43.9893165905683;LE PONTET
BSS002DRNR;2016-07-06;5.22;22.11;4.86690336917851;43.9893165905683;LE PONTET
BSS002DRNR;2016-07-07;5.24;22.09;4.86690336917851;43.9893165905683;LE PONTET
BSS002DRNR;2016-07-08;5.25;22.08;4.86690336917851;43.9893165905683;LE PONTET
BSS002DRNR;2016-07-09;5.26;22.07;4.86690336917851;43.9893165905683;LE PONTET
BSS002DRNR;2016-07-10;5.26;22.07;4.86690336917851;43.9893165905683;LE PONTET
BSS002DRNR;2016-07-11;5.26;22.07;4.86690336917851;43.9893165905683;LE PONTET
BSS002DRNR;2016-07-12;5.27;22.06;4.86690336917851;43.9893165905683;LE PONTET
BSS002DRNR;2016-07-13;5.27;22.06;4.86690336917851;43.9893165905683;LE PONTET
BSS002DRNR;2016-07-14;5.27;22.06;4.86690336917851;43.9893165905683;LE PONTET
BSS002DRNR;2016-07-15;5.23;22.1;4.86690336917851;43.9893165905683;LE PONTET
BSS002DRNR;2016-07-16;5.22;22.11;4.86690336917851;43.9893165905683;LE PONTET
BSS002DRNR;2016-07-17;5.24;22.09;4.86690336917851;43.9893165905683;LE PONTET
BSS002DRNR;2016-07-18;5.25;22.08;4.86690336917851;43.9893165905683;LE PONTET
BSS002DRNR;2016-07-19;5.25;22.08;4.86690336917851;43.9893165905683;LE PONTET
BSS002DRNR;2016-07-20;5.25;22.08;4.86690336917851;43.9893165905683;LE PONTET
BSS002DRNR;2016-07-21;5.26;22.07;4.86690336917851;43.9893165905683;LE PONTET
BSS002DRNR;2016-07-22;5.25;22.08;4.86690336917851;43.9893165905683;LE PONTET
BSS002DRNR;2016-07-23;5.25;22.08;4.86690336917851;43.9893165905683;LE PONTET
BSS002DRNR;2016-07-24;5.24;22.09;4.86690336917851;43.9893165905683;LE PONTET
BSS002DRNR;2016-07-25;5.26;22.07;4.86690336917851;43.9893165905683;LE PONTET
BSS002DRNR;2016-07-26;5.27;22.06;4.86690336917851;43.9893165905683;LE PONTET
BSS002DRNR;2016-07-27;5.27;22.06;4.86690336917851;43.9893165905683;LE PONTET
BSS002DRNR;2016-07-28;5.28;22.05;4.86690336917851;43.9893165905683;LE PONTET
BSS002DRNR;2016-07-29;5.26;22.07;4.86690336917851;43.9893165905683;LE PONTET
BSS002DRNR;2016-07-30;5.23;22.1;4.86690336917851;43.9893165905683;LE PONTET
BSS002DRNR;2016-07-31;5.23;22.1;4.86690336917851;43.9893165905683;LE PONTET
BSS002DRNR;2016-08-01;5.24;22.09;4.86690336917851;43.9893165905683;LE PONTET
BSS002DRNR;2016-08-02;5.25;22.08;4.86690336917851;43.9893165905683;LE PONTET
BSS002DRNR;2016-08-03;5.25;22.08;4.86690336917851;43.9893165905683;LE PONTET
BSS002DRNR;2016-08-04;5.26;22.07;4.86690336917851;43.9893165905683;LE PONTET
BSS002DRNR;2016-08-05;5.25;22.08;4.86690336917851;43.9893165905683;LE PONTET
BSS002DRNR;2016-08-06;5.25;22.08;4.86690336917851;43.9893165905683;LE PONTET
BSS002DRNR;2016-08-07;5.26;22.07;4.86690336917851;43.9893165905683;LE PONTET
BSS002DRNR;2016-08-08;5.26;22.07;4.86690336917851;43.9893165905683;LE PONTET
BSS002DRNR;2016-08-09;5.25;22.08;4.86690336917851;43.9893165905683;LE PONTET
BSS002DRNR;2016-08-10;5.25;22.08;4.86690336917851;43.9893165905683;LE PONTET
BSS002DRNR;2016-08-11;5.27;22.06;4.86690336917851;43.9893165905683;LE PONTET
BSS002DRNR;2016-08-12;5.27;22.06;4.86690336917851;43.9893165905683;LE PONTET
BSS002DRNR;2016-08-13;5.28;22.05;4.86690336917851;43.9893165905683;LE PONTET
BSS002DRNR;2016-08-14;5.29;22.04;4.86690336917851;43.9893165905683;LE PONTET
BSS002DRNR;2016-08-15;5.24;22.09;4.86690336917851;43.9893165905683;LE PONTET
BSS002DRNR;2016-08-16;5.23;22.1;4.86690336917851;43.9893165905683;LE PONTET
BSS002DRNR;2016-08-17;5.23;22.1;4.86690336917851;43.9893165905683;LE PONTET
BSS002DRNR;2016-08-18;5.24;22.09;4.86690336917851;43.9893165905683;LE PONTET
BSS002DRNR;2016-08-19;5.23;22.1;4.86690336917851;43.9893165905683;LE PONTET
BSS002DRNR;2016-08-20;5.21;22.12;4.86690336917851;43.9893165905683;LE PONTET
BSS002DRNR;2016-08-21;5.21;22.12;4.86690336917851;43.9893165905683;LE PONTET
BSS002DRNR;2016-08-22;5.21;22.12;4.86690336917851;43.9893165905683;LE PONTET
BSS002DRNR;2016-08-23;5.17;22.16;4.86690336917851;43.9893165905683;LE PONTET
BSS002DRNR;2016-08-24;5.14;22.19;4.86690336917851;43.9893165905683;LE PONTET
BSS002DRNR;2016-08-25;5.18;22.15;4.86690336917851;43.9893165905683;LE PONTET
BSS002DRNR;2016-08-26;5.19;22.14;4.86690336917851;43.9893165905683;LE PONTET
BSS002DRNR;2016-08-27;5.2;22.13;4.86690336917851;43.9893165905683;LE PONTET
BSS002DRNR;2016-08-28;5.21;22.12;4.86690336917851;43.9893165905683;LE PONTET
BSS002DRNR;2016-08-29;5.2;22.13;4.86690336917851;43.9893165905683;LE PONTET
BSS002DRNR;2016-08-30;5.21;22.12;4.86690336917851;43.9893165905683;LE PONTET
BSS002DRNR;2016-08-31;5.21;22.12;4.86690336917851;43.9893165905683;LE PONTET
BSS002DRNR;2016-09-01;5.22;22.11;4.86690336917851;43.9893165905683;LE PONTET
BSS002DRNR;2016-09-02;5.21;22.12;4.86690336917851;43.9893165905683;LE PONTET
BSS002DRNR;2016-09-03;5.21;22.12;4.86690336917851;43.9893165905683;LE PONTET
BSS002DRNR;2016-09-04;5.22;22.11;4.86690336917851;43.9893165905683;LE PONTET
BSS002DRNR;2016-09-05;5.23;22.1;4.86690336917851;43.9893165905683;LE PONTET
BSS002DRNR;2016-09-06;5.23;22.1;4.86690336917851;43.9893165905683;LE PONTET
BSS002DRNR;2016-09-07;5.23;22.1;4.86690336917851;43.9893165905683;LE PONTET
BSS002DRNR;2016-09-08;5.25;22.08;4.86690336917851;43.9893165905683;LE PONTET
BSS002DRNR;2016-09-09;5.24;22.09;4.86690336917851;43.9893165905683;LE PONTET
BSS002DRNR;2016-09-10;5.24;22.09;4.86690336917851;43.9893165905683;LE PONTET
BSS002DRNR;2016-09-11;5.23;22.1;4.86690336917851;43.9893165905683;LE PONTET
BSS002DRNR;2016-09-12;5.22;22.11;4.86690336917851;43.9893165905683;LE PONTET
BSS002DRNR;2016-09-13;5.22;22.11;4.86690336917851;43.9893165905683;LE PONTET
BSS002DRNR;2016-09-14;5.21;22.12;4.86690336917851;43.9893165905683;LE PONTET
BSS002DRNR;2016-09-15;5.2;22.13;4.86690336917851;43.9893165905683;LE PONTET
BSS002DRNR;2016-09-16;5.22;22.11;4.86690336917851;43.9893165905683;LE PONTET
BSS002DRNR;2016-09-17;5.24;22.09;4.86690336917851;43.9893165905683;LE PONTET
BSS002DRNR;2016-09-18;5.26;22.07;4.86690336917851;43.9893165905683;LE PONTET
BSS002DRNR;2016-09-19;5.27;22.06;4.86690336917851;43.9893165905683;LE PONTET
BSS002DRNR;2016-09-20;5.28;22.05;4.86690336917851;43.9893165905683;LE PONTET
BSS002DRNR;2016-09-21;5.28;22.05;4.86690336917851;43.9893165905683;LE PONTET
BSS002DRNR;2016-09-22;5.28;22.05;4.86690336917851;43.9893165905683;LE PONTET
BSS002DRNR;2016-09-23;5.29;22.04;4.86690336917851;43.9893165905683;LE PONTET
BSS002DRNR;2016-09-24;5.29;22.04;4.86690336917851;43.9893165905683;LE PONTET
BSS002DRNR;2016-09-25;5.3;22.03;4.86690336917851;43.9893165905683;LE PONTET
BSS002DRNR;2016-09-26;5.28;22.05;4.86690336917851;43.9893165905683;LE PONTET
BSS002DRNR;2016-09-27;5.28;22.05;4.86690336917851;43.9893165905683;LE PONTET
BSS002DRNR;2016-09-28;5.28;22.05;4.86690336917851;43.9893165905683;LE PONTET
BSS002DRNR;2016-09-29;5.28;22.05;4.86690336917851;43.9893165905683;LE PONTET
BSS002DRNR;2016-09-30;5.28;22.05;4.86690336917851;43.9893165905683;LE PONTET
BSS002DRNR;2016-10-01;5.27;22.06;4.86690336917851;43.9893165905683;LE PONTET
BSS002DRNR;2016-10-02;5.27;22.06;4.86690336917851;43.9893165905683;LE PONTET
BSS002DRNR;2016-10-03;5.29;22.04;4.86690336917851;43.9893165905683;LE PONTET
BSS002DRNR;2016-10-04;5.32;22.01;4.86690336917851;43.9893165905683;LE PONTET
BSS002DRNR;2016-10-05;5.34;21.99;4.86690336917851;43.9893165905683;LE PONTET
BSS002DRNR;2016-10-06;5.34;21.99;4.86690336917851;43.9893165905683;LE PONTET
BSS002DRNR;2016-10-07;5.33;22.0;4.86690336917851;43.9893165905683;LE PONTET
BSS002DRNR;2016-10-08;5.33;22.0;4.86690336917851;43.9893165905683;LE PONTET
BSS002DRNR;2016-10-09;5.33;22.0;4.86690336917851;43.9893165905683;LE PONTET
BSS002DRNR;2016-10-10;5.34;21.99;4.86690336917851;43.9893165905683;LE PONTET
BSS002DRNR;2016-10-11;5.35;21.98;4.86690336917851;43.9893165905683;LE PONTET
BSS002DRNR;2016-10-12;5.36;21.97;4.86690336917851;43.9893165905683;LE PONTET
BSS002DRNR;2016-10-13;5.36;21.97;4.86690336917851;43.9893165905683;LE PONTET
BSS002DRNR;2016-10-14;5.32;22.01;4.86690336917851;43.9893165905683;LE PONTET
BSS002DRNR;2016-10-15;5.31;22.02;4.86690336917851;43.9893165905683;LE PONTET
BSS002DRNR;2016-10-16;5.32;22.01;4.86690336917851;43.9893165905683;LE PONTET
BSS002DRNR;2016-10-17;5.22;22.11;4.86690336917851;43.9893165905683;LE PONTET
BSS002DRNR;2016-10-18;5.2;22.13;4.86690336917851;43.9893165905683;LE PONTET
BSS002DRNR;2016-10-19;5.21;22.12;4.86690336917851;43.9893165905683;LE PONTET
BSS002DRNR;2016-10-20;5.23;22.1;4.86690336917851;43.9893165905683;LE PONTET
BSS002DRNR;2016-10-21;5.24;22.09;4.86690336917851;43.9893165905683;LE PONTET
BSS002DRNR;2016-10-22;5.25;22.08;4.86690336917851;43.9893165905683;LE PONTET
BSS002DRNR;2016-10-23;5.26;22.07;4.86690336917851;43.9893165905683;LE PONTET
BSS002DRNR;2016-10-24;5.27;22.06;4.86690336917851;43.9893165905683;LE PONTET
BSS002DRNR;2016-10-25;5.28;22.05;4.86690336917851;43.9893165905683;LE PONTET
BSS002DRNR;2016-10-26;5.29;22.04;4.86690336917851;43.9893165905683;LE PONTET
BSS002DRNR;2016-10-27;5.3;22.03;4.86690336917851;43.9893165905683;LE PONTET
BSS002DRNR;2016-10-28;5.32;22.01;4.86690336917851;43.9893165905683;LE PONTET
BSS002DRNR;2016-10-29;5.33;22.0;4.86690336917851;43.9893165905683;LE PONTET
BSS002DRNR;2016-10-30;5.34;21.99;4.86690336917851;43.9893165905683;LE PONTET
BSS002DRNR;2016-10-31;5.35;21.98;4.86690336917851;43.9893165905683;LE PONTET
BSS002DRNR;2016-11-01;5.35;21.98;4.86690336917851;43.9893165905683;LE PONTET
BSS002DRNR;2016-11-02;5.35;21.98;4.86690336917851;43.9893165905683;LE PONTET
BSS002DRNR;2016-11-03;5.35;21.98;4.86690336917851;43.9893165905683;LE PONTET
BSS002DRNR;2016-11-04;5.36;21.97;4.86690336917851;43.9893165905683;LE PONTET
BSS002DRNR;2016-11-05;5.21;22.12;4.86690336917851;43.9893165905683;LE PONTET
BSS002DRNR;2016-11-06;5.19;22.14;4.86690336917851;43.9893165905683;LE PONTET
BSS002DRNR;2016-11-07;5.19;22.14;4.86690336917851;43.9893165905683;LE PONTET
BSS002DRNR;2016-11-08;5.2;22.13;4.86690336917851;43.9893165905683;LE PONTET
BSS002DRNR;2016-11-09;5.22;22.11;4.86690336917851;43.9893165905683;LE PONTET
BSS002DRNR;2016-11-10;5.23;22.1;4.86690336917851;43.9893165905683;LE PONTET
BSS002DRNR;2016-11-11;5.25;22.08;4.86690336917851;43.9893165905683;LE PONTET
BSS002DRNR;2016-11-12;5.27;22.06;4.86690336917851;43.9893165905683;LE PONTET
BSS002DRNR;2016-11-13;5.28;22.05;4.86690336917851;43.9893165905683;LE PONTET
BSS002DRNR;2016-11-14;5.3;22.03;4.86690336917851;43.9893165905683;LE PONTET
BSS002DRNR;2016-11-15;5.32;22.01;4.86690336917851;43.9893165905683;LE PONTET
BSS002DRNR;2016-11-16;5.33;22.0;4.86690336917851;43.9893165905683;LE PONTET
BSS002DRNR;2016-11-17;5.34;21.99;4.86690336917851;43.9893165905683;LE PONTET
BSS002DRNR;2016-11-18;5.35;21.98;4.86690336917851;43.9893165905683;LE PONTET
BSS002DRNR;2016-11-19;5.35;21.98;4.86690336917851;43.9893165905683;LE PONTET
BSS002DRNR;2016-11-20;5.36;21.97;4.86690336917851;43.9893165905683;LE PONTET
BSS002DRNR;2016-11-21;5.35;21.98;4.86690336917851;43.9893165905683;LE PONTET
BSS002DRNR;2016-11-22;5.25;22.08;4.86690336917851;43.9893165905683;LE PONTET
BSS002DRNR;2016-11-23;5.22;22.11;4.86690336917851;43.9893165905683;LE PONTET
BSS002DRNR;2016-11-24;5.14;22.19;4.86690336917851;43.9893165905683;LE PONTET
BSS002DRNR;2016-11-25;4.98;22.35;4.86690336917851;43.9893165905683;LE PONTET
BSS002DRNR;2016-11-26;4.97;22.36;4.86690336917851;43.9893165905683;LE PONTET
BSS002DRNR;2016-11-27;4.97;22.36;4.86690336917851;43.9893165905683;LE PONTET
BSS002DRNR;2016-11-28;4.99;22.34;4.86690336917851;43.9893165905683;LE PONTET
BSS002DRNR;2016-11-29;5.01;22.32;4.86690336917851;43.9893165905683;LE PONTET
BSS002DRNR;2016-11-30;5.02;22.31;4.86690336917851;43.9893165905683;LE PONTET
BSS002DRNR;2016-12-01;5.04;22.29;4.86690336917851;43.9893165905683;LE PONTET
BSS002DRNR;2016-12-02;5.06;22.27;4.86690336917851;43.9893165905683;LE PONTET
BSS002DRNR;2016-12-03;5.08;22.25;4.86690336917851;43.9893165905683;LE PONTET
BSS002DRNR;2016-12-04;5.09;22.24;4.86690336917851;43.9893165905683;LE PONTET
BSS002DRNR;2016-12-05;5.11;22.22;4.86690336917851;43.9893165905683;LE PONTET
BSS002DRNR;2016-12-06;5.12;22.21;4.86690336917851;43.9893165905683;LE PONTET
BSS002DRNR;2016-12-07;5.14;22.19;4.86690336917851;43.9893165905683;LE PONTET
BSS002DRNR;2016-12-08;5.15;22.18;4.86690336917851;43.9893165905683;LE PONTET
BSS002DRNR;2016-12-09;5.16;22.17;4.86690336917851;43.9893165905683;LE PONTET
BSS002DRNR;2016-12-10;5.17;22.16;4.86690336917851;43.9893165905683;LE PONTET
BSS002DRNR;2016-12-11;5.18;22.15;4.86690336917851;43.9893165905683;LE PONTET
BSS002DRNR;2016-12-12;5.19;22.14;4.86690336917851;43.9893165905683;LE PONTET
BSS002DRNR;2016-12-13;5.2;22.13;4.86690336917851;43.9893165905683;LE PONTET
BSS002DRNR;2016-12-14;5.21;22.12;4.86690336917851;43.9893165905683;LE PONTET
BSS002DRNR;2016-12-15;5.22;22.11;4.86690336917851;43.9893165905683;LE PONTET
BSS002DRNR;2016-12-16;5.23;22.1;4.86690336917851;43.9893165905683;LE PONTET
BSS002DRNR;2016-12-17;5.24;22.09;4.86690336917851;43.9893165905683;LE PONTET
BSS002DRNR;2016-12-18;5.25;22.08;4.86690336917851;43.9893165905683;LE PONTET
BSS002DRNR;2016-12-19;5.26;22.07;4.86690336917851;43.9893165905683;LE PONTET
BSS002DRNR;2016-12-20;5.25;22.08;4.86690336917851;43.9893165905683;LE PONTET
BSS002DRNR;2016-12-21;5.26;22.07;4.86690336917851;43.9893165905683;LE PONTET
BSS002DRNR;2016-12-22;5.27;22.06;4.86690336917851;43.9893165905683;LE PONTET
BSS002DRNR;2016-12-23;5.28;22.05;4.86690336917851;43.9893165905683;LE PONTET
BSS002DRNR;2016-12-24;5.28;22.05;4.86690336917851;43.9893165905683;LE PONTET
BSS002DRNR;2016-12-25;5.29;22.04;4.86690336917851;43.9893165905683;LE PONTET
BSS002DRNR;2016-12-26;5.3;22.03;4.86690336917851;43.9893165905683;LE PONTET
BSS002DRNR;2016-12-27;5.3;22.03;4.86690336917851;43.9893165905683;LE PONTET
BSS002DRNR;2016-12-28;5.31;22.02;4.86690336917851;43.9893165905683;LE PONTET
BSS002DRNR;2016-12-29;5.31;22.02;4.86690336917851;43.9893165905683;LE PONTET
BSS002DRNR;2016-12-30;5.32;22.01;4.86690336917851;43.9893165905683;LE PONTET
BSS002DRNR;2016-12-31;5.32;22.01;4.86690336917851;43.9893165905683;LE PONTET
BSS002DRNR;2017-01-01;5.32;22.01;4.86690336917851;43.9893165905683;LE PONTET
BSS002DRNR;2017-01-02;5.32;22.01;4.86690336917851;43.9893165905683;LE PONTET
BSS002DRNR;2017-01-03;5.33;22.0;4.86690336917851;43.9893165905683;LE PONTET
BSS002DRNR;2017-01-04;5.33;22.0;4.86690336917851;43.9893165905683;LE PONTET
BSS002DRNR;2017-01-05;5.33;22.0;4.86690336917851;43.9893165905683;LE PONTET
BSS002DRNR;2017-01-06;5.34;21.99;4.86690336917851;43.9893165905683;LE PONTET
BSS002DRNR;2017-01-07;5.35;21.98;4.86690336917851;43.9893165905683;LE PONTET
BSS002DRNR;2017-01-08;5.35;21.98;4.86690336917851;43.9893165905683;LE PONTET
BSS002DRNR;2017-01-09;5.36;21.97;4.86690336917851;43.9893165905683;LE PONTET
BSS002DRNR;2017-01-10;5.36;21.97;4.86690336917851;43.9893165905683;LE PONTET
BSS002DRNR;2017-01-11;5.37;21.96;4.86690336917851;43.9893165905683;LE PONTET
BSS002DRNR;2017-01-12;5.38;21.95;4.86690336917851;43.9893165905683;LE PONTET
BSS002DRNR;2017-01-13;5.38;21.95;4.86690336917851;43.9893165905683;LE PONTET
BSS002DRNR;2017-01-14;5.38;21.95;4.86690336917851;43.9893165905683;LE PONTET
BSS002DRNR;2017-01-15;5.38;21.95;4.86690336917851;43.9893165905683;LE PONTET
BSS002DRNR;2017-01-16;5.38;21.95;4.86690336917851;43.9893165905683;LE PONTET
BSS002DRNR;2017-01-17;5.38;21.95;4.86690336917851;43.9893165905683;LE PONTET
BSS002DRNR;2017-01-18;5.38;21.95;4.86690336917851;43.9893165905683;LE PONTET
BSS002DRNR;2017-01-19;5.39;21.94;4.86690336917851;43.9893165905683;LE PONTET
BSS002DRNR;2017-01-20;5.39;21.94;4.86690336917851;43.9893165905683;LE PONTET
BSS002DRNR;2017-01-21;5.39;21.94;4.86690336917851;43.9893165905683;LE PONTET
BSS002DRNR;2017-01-22;5.38;21.95;4.86690336917851;43.9893165905683;LE PONTET
BSS002DRNR;2017-01-23;5.38;21.95;4.86690336917851;43.9893165905683;LE PONTET
BSS002DRNR;2017-01-24;5.38;21.95;4.86690336917851;43.9893165905683;LE PONTET
BSS002DRNR;2017-01-25;5.38;21.95;4.86690336917851;43.9893165905683;LE PONTET
BSS002DRNR;2017-01-26;5.33;22.0;4.86690336917851;43.9893165905683;LE PONTET
BSS002DRNR;2017-01-27;5.31;22.02;4.86690336917851;43.9893165905683;LE PONTET
BSS002DRNR;2017-01-28;5.3;22.03;4.86690336917851;43.9893165905683;LE PONTET
BSS002DRNR;2017-01-29;5.3;22.03;4.86690336917851;43.9893165905683;LE PONTET
BSS002DRNR;2017-01-30;5.3;22.03;4.86690336917851;43.9893165905683;LE PONTET
BSS002DRNR;2017-01-31;5.3;22.03;4.86690336917851;43.9893165905683;LE PONTET
BSS002DRNR;2017-02-01;5.3;22.03;4.86690336917851;43.9893165905683;LE PONTET
BSS002DRNR;2017-02-02;5.31;22.02;4.86690336917851;43.9893165905683;LE PONTET
BSS002DRNR;2017-02-03;5.29;22.04;4.86690336917851;43.9893165905683;LE PONTET
BSS002DRNR;2017-02-04;5.29;22.04;4.86690336917851;43.9893165905683;LE PONTET
BSS002DRNR;2017-02-05;5.27;22.06;4.86690336917851;43.9893165905683;LE PONTET
BSS002DRNR;2017-02-06;5.26;22.07;4.86690336917851;43.9893165905683;LE PONTET
BSS002DRNR;2017-02-07;5.26;22.07;4.86690336917851;43.9893165905683;LE PONTET
BSS002DRNR;2017-02-08;5.26;22.07;4.86690336917851;43.9893165905683;LE PONTET
BSS002DRNR;2017-02-09;5.26;22.07;4.86690336917851;43.9893165905683;LE PONTET
BSS002DRNR;2017-02-10;5.26;22.07;4.86690336917851;43.9893165905683;LE PONTET
BSS002DRNR;2017-02-11;5.27;22.06;4.86690336917851;43.9893165905683;LE PONTET
BSS002DRNR;2017-02-12;5.27;22.06;4.86690336917851;43.9893165905683;LE PONTET
BSS002DRNR;2017-02-13;5.28;22.05;4.86690336917851;43.9893165905683;LE PONTET
BSS002DRNR;2017-02-14;5.28;22.05;4.86690336917851;43.9893165905683;LE PONTET
BSS002DRNR;2017-02-15;5.3;22.03;4.86690336917851;43.9893165905683;LE PONTET
BSS002DRNR;2017-02-16;5.3;22.03;4.86690336917851;43.9893165905683;LE PONTET
BSS002DRNR;2017-02-17;5.32;22.01;4.86690336917851;43.9893165905683;LE PONTET
BSS002DRNR;2017-02-18;5.33;22.0;4.86690336917851;43.9893165905683;LE PONTET
BSS002DRNR;2017-02-19;5.33;22.0;4.86690336917851;43.9893165905683;LE PONTET
BSS002DRNR;2017-02-20;5.33;22.0;4.86690336917851;43.9893165905683;LE PONTET
BSS002DRNR;2017-02-21;5.34;21.99;4.86690336917851;43.9893165905683;LE PONTET
BSS002DRNR;2017-02-22;5.34;21.99;4.86690336917851;43.9893165905683;LE PONTET
BSS002DRNR;2017-02-23;5.35;21.98;4.86690336917851;43.9893165905683;LE PONTET
BSS002DRNR;2017-02-24;5.36;21.97;4.86690336917851;43.9893165905683;LE PONTET
BSS002DRNR;2017-02-25;5.36;21.97;4.86690336917851;43.9893165905683;LE PONTET
BSS002DRNR;2017-02-26;5.37;21.96;4.86690336917851;43.9893165905683;LE PONTET
BSS002DRNR;2017-02-27;5.38;21.95;4.86690336917851;43.9893165905683;LE PONTET
BSS002DRNR;2017-02-28;5.38;21.95;4.86690336917851;43.9893165905683;LE PONTET
BSS002DRNR;2017-03-01;5.38;21.95;4.86690336917851;43.9893165905683;LE PONTET
BSS002DRNR;2017-03-02;5.38;21.95;4.86690336917851;43.9893165905683;LE PONTET
BSS002DRNR;2017-03-03;5.38;21.95;4.86690336917851;43.9893165905683;LE PONTET
BSS002DRNR;2017-03-04;5.37;21.96;4.86690336917851;43.9893165905683;LE PONTET
BSS002DRNR;2017-03-05;5.37;21.96;4.86690336917851;43.9893165905683;LE PONTET
BSS002DRNR;2017-03-06;5.38;21.95;4.86690336917851;43.9893165905683;LE PONTET
BSS002DRNR;2017-03-07;5.38;21.95;4.86690336917851;43.9893165905683;LE PONTET
BSS002DRNR;2017-03-08;5.39;21.94;4.86690336917851;43.9893165905683;LE PONTET
BSS002DRNR;2017-03-09;5.4;21.93;4.86690336917851;43.9893165905683;LE PONTET
BSS002DRNR;2017-03-10;5.4;21.93;4.86690336917851;43.9893165905683;LE PONTET
BSS002DRNR;2017-03-11;5.41;21.92;4.86690336917851;43.9893165905683;LE PONTET
BSS002DRNR;2017-03-12;5.42;21.91;4.86690336917851;43.9893165905683;LE PONTET
BSS002DRNR;2017-03-13;5.42;21.91;4.86690336917851;43.9893165905683;LE PONTET
BSS002DRNR;2017-03-14;5.43;21.9;4.86690336917851;43.9893165905683;LE PONTET
BSS002DRNR;2017-03-15;5.42;21.91;4.86690336917851;43.9893165905683;LE PONTET
BSS002DRNR;2017-03-16;5.41;21.92;4.86690336917851;43.9893165905683;LE PONTET
BSS002DRNR;2017-03-17;5.41;21.92;4.86690336917851;43.9893165905683;LE PONTET
BSS002DRNR;2017-03-18;5.4;21.93;4.86690336917851;43.9893165905683;LE PONTET
BSS002DRNR;2017-03-19;5.4;21.93;4.86690336917851;43.9893165905683;LE PONTET
BSS002DRNR;2017-03-20;5.4;21.93;4.86690336917851;43.9893165905683;LE PONTET
BSS002DRNR;2017-03-21;5.4;21.93;4.86690336917851;43.9893165905683;LE PONTET
BSS002DRNR;2017-03-22;5.4;21.93;4.86690336917851;43.9893165905683;LE PONTET
BSS002DRNR;2017-03-23;5.4;21.93;4.86690336917851;43.9893165905683;LE PONTET
BSS002DRNR;2017-03-24;5.35;21.98;4.86690336917851;43.9893165905683;LE PONTET
BSS002DRNR;2017-03-25;5.32;22.01;4.86690336917851;43.9893165905683;LE PONTET
BSS002DRNR;2017-03-26;5.32;22.01;4.86690336917851;43.9893165905683;LE PONTET
BSS002DRNR;2017-03-27;5.33;22.0;4.86690336917851;43.9893165905683;LE PONTET
BSS002DRNR;2017-03-28;5.34;21.99;4.86690336917851;43.9893165905683;LE PONTET
BSS002DRNR;2017-03-29;5.33;22.0;4.86690336917851;43.9893165905683;LE PONTET
BSS002DRNR;2017-03-30;5.33;22.0;4.86690336917851;43.9893165905683;LE PONTET
BSS002DRNR;2017-03-31;5.33;22.0;4.86690336917851;43.9893165905683;LE PONTET
BSS002DRNR;2017-04-01;5.27;22.06;4.86690336917851;43.9893165905683;LE PONTET
BSS002DRNR;2017-04-02;5.24;22.09;4.86690336917851;43.9893165905683;LE PONTET
BSS002DRNR;2017-04-03;5.22;22.11;4.86690336917851;43.9893165905683;LE PONTET
BSS002DRNR;2017-04-04;5.21;22.12;4.86690336917851;43.9893165905683;LE PONTET
BSS002DRNR;2017-04-05;5.21;22.12;4.86690336917851;43.9893165905683;LE PONTET
BSS002DRNR;2017-04-06;5.2;22.13;4.86690336917851;43.9893165905683;LE PONTET
BSS002DRNR;2017-04-07;5.2;22.13;4.86690336917851;43.9893165905683;LE PONTET
BSS002DRNR;2017-04-08;5.19;22.14;4.86690336917851;43.9893165905683;LE PONTET
BSS002DRNR;2017-04-09;5.21;22.12;4.86690336917851;43.9893165905683;LE PONTET
BSS002DRNR;2017-04-10;5.22;22.11;4.86690336917851;43.9893165905683;LE PONTET
BSS002DRNR;2017-04-11;5.23;22.1;4.86690336917851;43.9893165905683;LE PONTET
BSS002DRNR;2017-04-12;5.23;22.1;4.86690336917851;43.9893165905683;LE PONTET
BSS002DRNR;2017-04-13;5.23;22.1;4.86690336917851;43.9893165905683;LE PONTET
BSS002DRNR;2017-04-14;5.23;22.1;4.86690336917851;43.9893165905683;LE PONTET
BSS002DRNR;2017-04-15;5.23;22.1;4.86690336917851;43.9893165905683;LE PONTET
BSS002DRNR;2017-04-16;5.23;22.1;4.86690336917851;43.9893165905683;LE PONTET
BSS002DRNR;2017-04-17;5.22;22.11;4.86690336917851;43.9893165905683;LE PONTET
BSS002DRNR;2017-04-18;5.22;22.11;4.86690336917851;43.9893165905683;LE PONTET
BSS002DRNR;2017-04-19;5.21;22.12;4.86690336917851;43.9893165905683;LE PONTET
BSS002DRNR;2017-04-20;5.22;22.11;4.86690336917851;43.9893165905683;LE PONTET
BSS002DRNR;2017-04-21;5.23;22.1;4.86690336917851;43.9893165905683;LE PONTET
BSS002DRNR;2017-04-22;5.23;22.1;4.86690336917851;43.9893165905683;LE PONTET
BSS002DRNR;2017-04-23;5.22;22.11;4.86690336917851;43.9893165905683;LE PONTET
BSS002DRNR;2017-04-24;5.22;22.11;4.86690336917851;43.9893165905683;LE PONTET
BSS002DRNR;2017-04-25;5.22;22.11;4.86690336917851;43.9893165905683;LE PONTET
BSS002DRNR;2017-04-26;5.18;22.15;4.86690336917851;43.9893165905683;LE PONTET
BSS002DRNR;2017-04-27;5.19;22.14;4.86690336917851;43.9893165905683;LE PONTET
BSS002DRNR;2017-04-28;5.21;22.12;4.86690336917851;43.9893165905683;LE PONTET
BSS002DRNR;2017-04-29;5.2;22.13;4.86690336917851;43.9893165905683;LE PONTET
BSS002DRNR;2017-04-30;5.2;22.13;4.86690336917851;43.9893165905683;LE PONTET
BSS002DRNR;2017-05-01;5.17;22.16;4.86690336917851;43.9893165905683;LE PONTET
BSS002DRNR;2017-05-02;5.16;22.17;4.86690336917851;43.9893165905683;LE PONTET
BSS002DRNR;2017-05-03;5.16;22.17;4.86690336917851;43.9893165905683;LE PONTET
BSS002DRNR;2017-05-04;5.18;22.15;4.86690336917851;43.9893165905683;LE PONTET
BSS002DRNR;2017-05-05;5.2;22.13;4.86690336917851;43.9893165905683;LE PONTET
BSS002DRNR;2017-05-06;5.22;22.11;4.86690336917851;43.9893165905683;LE PONTET
BSS002DRNR;2017-05-07;5.22;22.11;4.86690336917851;43.9893165905683;LE PONTET
BSS002DRNR;2017-05-08;5.22;22.11;4.86690336917851;43.9893165905683;LE PONTET
BSS002DRNR;2017-05-09;5.23;22.1;4.86690336917851;43.9893165905683;LE PONTET
BSS002DRNR;2017-05-10;5.24;22.09;4.86690336917851;43.9893165905683;LE PONTET
BSS002DRNR;2017-05-11;5.21;22.12;4.86690336917851;43.9893165905683;LE PONTET
BSS002DRNR;2017-05-12;5.21;22.12;4.86690336917851;43.9893165905683;LE PONTET
BSS002DRNR;2017-05-13;5.23;22.1;4.86690336917851;43.9893165905683;LE PONTET
BSS002DRNR;2017-05-14;5.24;22.09;4.86690336917851;43.9893165905683;LE PONTET
BSS002DRNR;2017-05-15;5.25;22.08;4.86690336917851;43.9893165905683;LE PONTET
BSS002DRNR;2017-05-16;5.23;22.1;4.86690336917851;43.9893165905683;LE PONTET
BSS002DRNR;2017-05-17;5.22;22.11;4.86690336917851;43.9893165905683;LE PONTET
BSS002DRNR;2017-05-18;5.21;22.12;4.86690336917851;43.9893165905683;LE PONTET
BSS002DRNR;2017-05-19;5.2;22.13;4.86690336917851;43.9893165905683;LE PONTET
BSS002DRNR;2017-05-20;5.19;22.14;4.86690336917851;43.9893165905683;LE PONTET
BSS002DRNR;2017-05-21;5.18;22.15;4.86690336917851;43.9893165905683;LE PONTET
BSS002DRNR;2017-05-22;5.18;22.15;4.86690336917851;43.9893165905683;LE PONTET
BSS002DRNR;2017-05-23;5.18;22.15;4.86690336917851;43.9893165905683;LE PONTET
BSS002DRNR;2017-05-24;5.18;22.15;4.86690336917851;43.9893165905683;LE PONTET
BSS002DRNR;2017-05-25;5.17;22.16;4.86690336917851;43.9893165905683;LE PONTET
BSS002DRNR;2017-05-26;5.16;22.17;4.86690336917851;43.9893165905683;LE PONTET
BSS002DRNR;2017-05-27;5.16;22.17;4.86690336917851;43.9893165905683;LE PONTET
BSS002DRNR;2017-05-28;5.17;22.16;4.86690336917851;43.9893165905683;LE PONTET
BSS002DRNR;2017-05-29;5.16;22.17;4.86690336917851;43.9893165905683;LE PONTET
BSS002DRNR;2017-05-30;5.15;22.18;4.86690336917851;43.9893165905683;LE PONTET
BSS002DRNR;2017-05-31;5.14;22.19;4.86690336917851;43.9893165905683;LE PONTET
BSS002DRNR;2017-06-01;5.13;22.2;4.86690336917851;43.9893165905683;LE PONTET
BSS002DRNR;2017-06-02;5.13;22.2;4.86690336917851;43.9893165905683;LE PONTET
BSS002DRNR;2017-06-03;5.12;22.21;4.86690336917851;43.9893165905683;LE PONTET
BSS002DRNR;2017-06-04;5.1;22.23;4.86690336917851;43.9893165905683;LE PONTET
BSS002DRNR;2017-06-05;5.1;22.23;4.86690336917851;43.9893165905683;LE PONTET
BSS002DRNR;2017-06-06;5.1;22.23;4.86690336917851;43.9893165905683;LE PONTET
BSS002DRNR;2017-06-07;5.11;22.22;4.86690336917851;43.9893165905683;LE PONTET
BSS002DRNR;2017-06-08;5.11;22.22;4.86690336917851;43.9893165905683;LE PONTET
BSS002DRNR;2017-06-09;5.12;22.21;4.86690336917851;43.9893165905683;LE PONTET
BSS002DRNR;2017-06-10;5.12;22.21;4.86690336917851;43.9893165905683;LE PONTET
BSS002DRNR;2017-06-11;5.12;22.21;4.86690336917851;43.9893165905683;LE PONTET
BSS002DRNR;2017-06-12;5.12;22.21;4.86690336917851;43.9893165905683;LE PONTET
BSS002DRNR;2017-06-13;5.12;22.21;4.86690336917851;43.9893165905683;LE PONTET
BSS002DRNR;2017-06-14;5.13;22.2;4.86690336917851;43.9893165905683;LE PONTET
BSS002DRNR;2017-06-15;5.14;22.19;4.86690336917851;43.9893165905683;LE PONTET
BSS002DRNR;2017-06-16;5.14;22.19;4.86690336917851;43.9893165905683;LE PONTET
BSS002DRNR;2017-06-17;5.14;22.19;4.86690336917851;43.9893165905683;LE PONTET
BSS002DRNR;2017-06-18;5.15;22.18;4.86690336917851;43.9893165905683;LE PONTET
BSS002DRNR;2017-06-19;5.15;22.18;4.86690336917851;43.9893165905683;LE PONTET
BSS002DRNR;2017-06-20;5.15;22.18;4.86690336917851;43.9893165905683;LE PONTET
BSS002DRNR;2017-06-21;5.15;22.18;4.86690336917851;43.9893165905683;LE PONTET
BSS002DRNR;2017-06-22;5.15;22.18;4.86690336917851;43.9893165905683;LE PONTET
BSS002DRNR;2017-06-23;5.15;22.18;4.86690336917851;43.9893165905683;LE PONTET
BSS002DRNR;2017-06-24;5.15;22.18;4.86690336917851;43.9893165905683;LE PONTET
BSS002DRNR;2017-06-25;5.15;22.18;4.86690336917851;43.9893165905683;LE PONTET
BSS002DRNR;2017-06-26;5.15;22.18;4.86690336917851;43.9893165905683;LE PONTET
BSS002DRNR;2017-06-27;5.15;22.18;4.86690336917851;43.9893165905683;LE PONTET
BSS002DRNR;2017-06-28;5.1;22.23;4.86690336917851;43.9893165905683;LE PONTET
BSS002DRNR;2017-06-29;5.07;22.26;4.86690336917851;43.9893165905683;LE PONTET
BSS002DRNR;2017-06-30;5.07;22.26;4.86690336917851;43.9893165905683;LE PONTET
BSS002DRNR;2017-07-01;5.07;22.26;4.86690336917851;43.9893165905683;LE PONTET
BSS002DRNR;2017-07-02;5.08;22.25;4.86690336917851;43.9893165905683;LE PONTET
BSS002DRNR;2017-07-03;5.08;22.25;4.86690336917851;43.9893165905683;LE PONTET
BSS002DRNR;2017-07-04;5.09;22.24;4.86690336917851;43.9893165905683;LE PONTET
BSS002DRNR;2017-07-05;5.1;22.23;4.86690336917851;43.9893165905683;LE PONTET
BSS002DRNR;2017-07-06;5.12;22.21;4.86690336917851;43.9893165905683;LE PONTET
BSS002DRNR;2017-07-07;5.13;22.2;4.86690336917851;43.9893165905683;LE PONTET
BSS002DRNR;2017-07-08;5.14;22.19;4.86690336917851;43.9893165905683;LE PONTET
BSS002DRNR;2017-07-09;5.14;22.19;4.86690336917851;43.9893165905683;LE PONTET
BSS002DRNR;2017-07-10;5.14;22.19;4.86690336917851;43.9893165905683;LE PONTET
BSS002DRNR;2017-07-11;5.15;22.18;4.86690336917851;43.9893165905683;LE PONTET
BSS002DRNR;2017-07-12;5.15;22.18;4.86690336917851;43.9893165905683;LE PONTET
BSS002DRNR;2017-07-13;5.16;22.17;4.86690336917851;43.9893165905683;LE PONTET
BSS002DRNR;2017-07-14;5.17;22.16;4.86690336917851;43.9893165905683;LE PONTET
BSS002DRNR;2017-07-15;5.19;22.14;4.86690336917851;43.9893165905683;LE PONTET
BSS002DRNR;2017-07-16;5.19;22.14;4.86690336917851;43.9893165905683;LE PONTET
BSS002DRNR;2017-07-17;5.2;22.13;4.86690336917851;43.9893165905683;LE PONTET
BSS002DRNR;2017-07-18;5.2;22.13;4.86690336917851;43.9893165905683;LE PONTET
BSS002DRNR;2017-07-19;5.2;22.13;4.86690336917851;43.9893165905683;LE PONTET
BSS002DRNR;2017-07-20;5.19;22.14;4.86690336917851;43.9893165905683;LE PONTET
BSS002DRNR;2017-07-21;5.2;22.13;4.86690336917851;43.9893165905683;LE PONTET
BSS002DRNR;2017-07-22;5.2;22.13;4.86690336917851;43.9893165905683;LE PONTET
BSS002DRNR;2017-07-23;5.2;22.13;4.86690336917851;43.9893165905683;LE PONTET
BSS002DRNR;2017-07-24;5.19;22.14;4.86690336917851;43.9893165905683;LE PONTET
BSS002DRNR;2017-07-25;5.19;22.14;4.86690336917851;43.9893165905683;LE PONTET
BSS002DRNR;2017-07-26;5.19;22.14;4.86690336917851;43.9893165905683;LE PONTET
BSS002DRNR;2017-07-27;5.2;22.13;4.86690336917851;43.9893165905683;LE PONTET
BSS002DRNR;2017-07-28;5.2;22.13;4.86690336917851;43.9893165905683;LE PONTET
BSS002DRNR;2017-07-29;5.21;22.12;4.86690336917851;43.9893165905683;LE PONTET
BSS002DRNR;2017-07-30;5.2;22.13;4.86690336917851;43.9893165905683;LE PONTET
BSS002DRNR;2017-07-31;5.2;22.13;4.86690336917851;43.9893165905683;LE PONTET
BSS002DRNR;2017-08-01;5.2;22.13;4.86690336917851;43.9893165905683;LE PONTET
BSS002DRNR;2017-08-02;5.2;22.13;4.86690336917851;43.9893165905683;LE PONTET
BSS002DRNR;2017-08-03;5.21;22.12;4.86690336917851;43.9893165905683;LE PONTET
BSS002DRNR;2017-08-04;5.21;22.12;4.86690336917851;43.9893165905683;LE PONTET
BSS002DRNR;2017-08-05;5.22;22.11;4.86690336917851;43.9893165905683;LE PONTET
BSS002DRNR;2017-08-06;5.23;22.1;4.86690336917851;43.9893165905683;LE PONTET
BSS002DRNR;2017-08-07;5.23;22.1;4.86690336917851;43.9893165905683;LE PONTET
BSS002DRNR;2017-08-08;5.23;22.1;4.86690336917851;43.9893165905683;LE PONTET
BSS002DRNR;2017-08-09;5.23;22.1;4.86690336917851;43.9893165905683;LE PONTET
BSS002DRNR;2017-08-10;5.23;22.1;4.86690336917851;43.9893165905683;LE PONTET
BSS002DRNR;2017-08-11;5.24;22.09;4.86690336917851;43.9893165905683;LE PONTET
BSS002DRNR;2017-08-12;5.24;22.09;4.86690336917851;43.9893165905683;LE PONTET
BSS002DRNR;2017-08-13;5.25;22.08;4.86690336917851;43.9893165905683;LE PONTET
BSS002DRNR;2017-08-14;5.24;22.09;4.86690336917851;43.9893165905683;LE PONTET
BSS002DRNR;2017-08-15;5.24;22.09;4.86690336917851;43.9893165905683;LE PONTET
BSS002DRNR;2017-08-16;5.24;22.09;4.86690336917851;43.9893165905683;LE PONTET
BSS002DRNR;2017-08-17;5.24;22.09;4.86690336917851;43.9893165905683;LE PONTET
BSS002DRNR;2017-08-18;5.24;22.09;4.86690336917851;43.9893165905683;LE PONTET
BSS002DRNR;2017-08-19;5.24;22.09;4.86690336917851;43.9893165905683;LE PONTET
BSS002DRNR;2017-08-20;5.25;22.08;4.86690336917851;43.9893165905683;LE PONTET
BSS002DRNR;2017-08-21;5.25;22.08;4.86690336917851;43.9893165905683;LE PONTET
BSS002DRNR;2017-08-22;5.25;22.08;4.86690336917851;43.9893165905683;LE PONTET
BSS002DRNR;2017-08-23;5.26;22.07;4.86690336917851;43.9893165905683;LE PONTET
BSS002DRNR;2017-08-24;5.26;22.07;4.86690336917851;43.9893165905683;LE PONTET
BSS002DRNR;2017-08-25;5.27;22.06;4.86690336917851;43.9893165905683;LE PONTET
BSS002DRNR;2017-08-26;5.27;22.06;4.86690336917851;43.9893165905683;LE PONTET
BSS002DRNR;2017-08-27;5.27;22.06;4.86690336917851;43.9893165905683;LE PONTET
BSS002DRNR;2017-08-28;5.26;22.07;4.86690336917851;43.9893165905683;LE PONTET
BSS002DRNR;2017-08-29;5.26;22.07;4.86690336917851;43.9893165905683;LE PONTET
BSS002DRNR;2017-08-30;5.26;22.07;4.86690336917851;43.9893165905683;LE PONTET
BSS002DRNR;2017-08-31;5.25;22.08;4.86690336917851;43.9893165905683;LE PONTET
BSS002DRNR;2017-09-01;5.25;22.08;4.86690336917851;43.9893165905683;LE PONTET
BSS002DRNR;2017-09-02;5.25;22.08;4.86690336917851;43.9893165905683;LE PONTET
BSS002DRNR;2017-09-03;5.26;22.07;4.86690336917851;43.9893165905683;LE PONTET
BSS002DRNR;2017-09-04;5.26;22.07;4.86690336917851;43.9893165905683;LE PONTET
BSS002DRNR;2017-09-05;5.26;22.07;4.86690336917851;43.9893165905683;LE PONTET
BSS002DRNR;2017-09-06;5.27;22.06;4.86690336917851;43.9893165905683;LE PONTET
BSS002DRNR;2017-09-07;5.27;22.06;4.86690336917851;43.9893165905683;LE PONTET
BSS002DRNR;2017-09-08;5.28;22.05;4.86690336917851;43.9893165905683;LE PONTET
BSS002DRNR;2017-09-09;5.28;22.05;4.86690336917851;43.9893165905683;LE PONTET
BSS002DRNR;2017-09-10;5.29;22.04;4.86690336917851;43.9893165905683;LE PONTET
BSS002DRNR;2017-09-11;5.29;22.04;4.86690336917851;43.9893165905683;LE PONTET
BSS002DRNR;2017-09-12;5.3;22.03;4.86690336917851;43.9893165905683;LE PONTET
BSS002DRNR;2017-09-13;5.3;22.03;4.86690336917851;43.9893165905683;LE PONTET
BSS002DRNR;2017-09-14;5.3;22.03;4.86690336917851;43.9893165905683;LE PONTET
BSS002DRNR;2017-09-15;5.3;22.03;4.86690336917851;43.9893165905683;LE PONTET
BSS002DRNR;2017-09-16;5.31;22.02;4.86690336917851;43.9893165905683;LE PONTET
BSS002DRNR;2017-09-17;5.31;22.02;4.86690336917851;43.9893165905683;LE PONTET
BSS002DRNR;2017-09-18;5.31;22.02;4.86690336917851;43.9893165905683;LE PONTET
BSS002DRNR;2017-09-19;5.31;22.02;4.86690336917851;43.9893165905683;LE PONTET
BSS002DRNR;2017-09-20;5.31;22.02;4.86690336917851;43.9893165905683;LE PONTET
BSS002DRNR;2017-09-21;5.31;22.02;4.86690336917851;43.9893165905683;LE PONTET
BSS002DRNR;2017-09-22;5.32;22.01;4.86690336917851;43.9893165905683;LE PONTET
BSS002DRNR;2017-09-23;5.32;22.01;4.86690336917851;43.9893165905683;LE PONTET
BSS002DRNR;2017-09-24;5.32;22.01;4.86690336917851;43.9893165905683;LE PONTET
BSS002DRNR;2017-09-25;5.32;22.01;4.86690336917851;43.9893165905683;LE PONTET
BSS002DRNR;2017-09-26;5.33;22.0;4.86690336917851;43.9893165905683;LE PONTET
BSS002DRNR;2017-09-27;5.33;22.0;4.86690336917851;43.9893165905683;LE PONTET
BSS002DRNR;2017-09-28;5.34;21.99;4.86690336917851;43.9893165905683;LE PONTET
BSS002DRNR;2017-09-29;5.35;21.98;4.86690336917851;43.9893165905683;LE PONTET
BSS002DRNR;2017-09-30;5.35;21.98;4.86690336917851;43.9893165905683;LE PONTET
BSS002DRNR;2017-10-01;5.34;21.99;4.86690336917851;43.9893165905683;LE PONTET
BSS002DRNR;2017-10-02;5.35;21.98;4.86690336917851;43.9893165905683;LE PONTET
BSS002DRNR;2017-10-03;5.36;21.97;4.86690336917851;43.9893165905683;LE PONTET
BSS002DRNR;2017-10-04;5.36;21.97;4.86690336917851;43.9893165905683;LE PONTET
BSS002DRNR;2017-10-05;5.36;21.97;4.86690336917851;43.9893165905683;LE PONTET
BSS002DRNR;2017-10-06;5.37;21.96;4.86690336917851;43.9893165905683;LE PONTET
BSS002DRNR;2017-10-07;5.38;21.95;4.86690336917851;43.9893165905683;LE PONTET
BSS002DRNR;2017-10-08;5.39;21.94;4.86690336917851;43.9893165905683;LE PONTET
BSS002DRNR;2017-10-09;5.4;21.93;4.86690336917851;43.9893165905683;LE PONTET
BSS002DRNR;2017-10-10;5.41;21.92;4.86690336917851;43.9893165905683;LE PONTET
BSS002DRNR;2017-10-11;5.42;21.91;4.86690336917851;43.9893165905683;LE PONTET
BSS002DRNR;2017-10-12;5.42;21.91;4.86690336917851;43.9893165905683;LE PONTET
BSS002DRNR;2017-10-13;5.44;21.89;4.86690336917851;43.9893165905683;LE PONTET
BSS002DRNR;2017-10-14;5.44;21.89;4.86690336917851;43.9893165905683;LE PONTET
BSS002DRNR;2017-10-15;5.45;21.88;4.86690336917851;43.9893165905683;LE PONTET
BSS002DRNR;2017-10-16;5.46;21.87;4.86690336917851;43.9893165905683;LE PONTET
BSS002DRNR;2017-10-17;5.46;21.87;4.86690336917851;43.9893165905683;LE PONTET
BSS002DRNR;2017-10-18;5.46;21.87;4.86690336917851;43.9893165905683;LE PONTET
BSS002DRNR;2017-10-19;5.46;21.87;4.86690336917851;43.9893165905683;LE PONTET
BSS002DRNR;2017-10-20;5.47;21.86;4.86690336917851;43.9893165905683;LE PONTET
BSS002DRNR;2017-10-21;5.47;21.86;4.86690336917851;43.9893165905683;LE PONTET
BSS002DRNR;2017-10-22;5.47;21.86;4.86690336917851;43.9893165905683;LE PONTET
BSS002DRNR;2017-10-23;5.48;21.85;4.86690336917851;43.9893165905683;LE PONTET
BSS002DRNR;2017-10-24;5.48;21.85;4.86690336917851;43.9893165905683;LE PONTET
BSS002DRNR;2017-10-25;5.48;21.85;4.86690336917851;43.9893165905683;LE PONTET
BSS002DRNR;2017-10-26;5.49;21.84;4.86690336917851;43.9893165905683;LE PONTET
BSS002DRNR;2017-10-27;5.49;21.84;4.86690336917851;43.9893165905683;LE PONTET
BSS002DRNR;2017-10-28;5.5;21.83;4.86690336917851;43.9893165905683;LE PONTET
BSS002DRNR;2017-10-29;5.5;21.83;4.86690336917851;43.9893165905683;LE PONTET
BSS002DRNR;2017-10-30;5.5;21.83;4.86690336917851;43.9893165905683;LE PONTET
BSS002DRNR;2017-10-31;5.51;21.82;4.86690336917851;43.9893165905683;LE PONTET
BSS002DRNR;2017-11-01;5.51;21.82;4.86690336917851;43.9893165905683;LE PONTET
BSS002DRNR;2017-11-02;5.51;21.82;4.86690336917851;43.9893165905683;LE PONTET
BSS002DRNR;2017-11-03;5.51;21.82;4.86690336917851;43.9893165905683;LE PONTET
BSS002DRNR;2017-11-04;5.51;21.82;4.86690336917851;43.9893165905683;LE PONTET
BSS002DRNR;2017-11-05;5.41;21.92;4.86690336917851;43.9893165905683;LE PONTET
BSS002DRNR;2017-11-06;5.4;21.93;4.86690336917851;43.9893165905683;LE PONTET
BSS002DRNR;2017-11-07;5.4;21.93;4.86690336917851;43.9893165905683;LE PONTET
BSS002DRNR;2017-11-08;5.42;21.91;4.86690336917851;43.9893165905683;LE PONTET
BSS002DRNR;2017-11-09;5.42;21.91;4.86690336917851;43.9893165905683;LE PONTET
BSS002DRNR;2017-11-10;5.43;21.9;4.86690336917851;43.9893165905683;LE PONTET
BSS002DRNR;2017-11-11;5.43;21.9;4.86690336917851;43.9893165905683;LE PONTET
BSS002DRNR;2017-11-12;5.43;21.9;4.86690336917851;43.9893165905683;LE PONTET
BSS002DRNR;2017-11-13;5.43;21.9;4.86690336917851;43.9893165905683;LE PONTET
BSS002DRNR;2017-11-14;5.43;21.9;4.86690336917851;43.9893165905683;LE PONTET
BSS002DRNR;2017-11-15;5.45;21.88;4.86690336917851;43.9893165905683;LE PONTET
BSS002DRNR;2017-11-16;5.46;21.87;4.86690336917851;43.9893165905683;LE PONTET
BSS002DRNR;2017-11-17;5.48;21.85;4.86690336917851;43.9893165905683;LE PONTET
BSS002DRNR;2017-11-18;5.49;21.84;4.86690336917851;43.9893165905683;LE PONTET
BSS002DRNR;2017-11-19;5.49;21.84;4.86690336917851;43.9893165905683;LE PONTET
BSS002DRNR;2017-11-20;5.5;21.83;4.86690336917851;43.9893165905683;LE PONTET
BSS002DRNR;2017-11-21;5.51;21.82;4.86690336917851;43.9893165905683;LE PONTET
BSS002DRNR;2017-11-22;5.51;21.82;4.86690336917851;43.9893165905683;LE PONTET
BSS002DRNR;2017-11-23;5.52;21.81;4.86690336917851;43.9893165905683;LE PONTET
BSS002DRNR;2017-11-24;5.52;21.81;4.86690336917851;43.9893165905683;LE PONTET
BSS002DRNR;2017-11-25;5.51;21.82;4.86690336917851;43.9893165905683;LE PONTET
BSS002DRNR;2017-11-26;5.51;21.82;4.86690336917851;43.9893165905683;LE PONTET
BSS002DRNR;2017-11-27;5.51;21.82;4.86690336917851;43.9893165905683;LE PONTET
BSS002DRNR;2017-11-28;5.51;21.82;4.86690336917851;43.9893165905683;LE PONTET
BSS002DRNR;2017-11-29;5.51;21.82;4.86690336917851;43.9893165905683;LE PONTET
BSS002DRNR;2017-11-30;5.52;21.81;4.86690336917851;43.9893165905683;LE PONTET
BSS002DRNR;2017-12-01;5.53;21.8;4.86690336917851;43.9893165905683;LE PONTET
BSS002DRNR;2017-12-02;5.54;21.79;4.86690336917851;43.9893165905683;LE PONTET
BSS002DRNR;2017-12-03;5.55;21.78;4.86690336917851;43.9893165905683;LE PONTET
BSS002DRNR;2017-12-04;5.56;21.77;4.86690336917851;43.9893165905683;LE PONTET
BSS002DRNR;2017-12-05;5.57;21.76;4.86690336917851;43.9893165905683;LE PONTET
BSS002DRNR;2017-12-06;5.58;21.75;4.86690336917851;43.9893165905683;LE PONTET
BSS002DRNR;2017-12-07;5.58;21.75;4.86690336917851;43.9893165905683;LE PONTET
BSS002DRNR;2017-12-08;5.59;21.74;4.86690336917851;43.9893165905683;LE PONTET
BSS002DRNR;2017-12-09;5.59;21.74;4.86690336917851;43.9893165905683;LE PONTET
BSS002DRNR;2017-12-10;5.6;21.73;4.86690336917851;43.9893165905683;LE PONTET
BSS002DRNR;2017-12-11;5.6;21.73;4.86690336917851;43.9893165905683;LE PONTET
BSS002DRNR;2017-12-12;5.62;21.71;4.86690336917851;43.9893165905683;LE PONTET
BSS002DRNR;2017-12-13;5.63;21.7;4.86690336917851;43.9893165905683;LE PONTET
BSS002DRNR;2017-12-14;5.64;21.69;4.86690336917851;43.9893165905683;LE PONTET
BSS002DRNR;2017-12-15;5.66;21.67;4.86690336917851;43.9893165905683;LE PONTET
BSS002DRNR;2017-12-16;5.67;21.66;4.86690336917851;43.9893165905683;LE PONTET
BSS002DRNR;2017-12-17;5.68;21.65;4.86690336917851;43.9893165905683;LE PONTET
BSS002DRNR;2017-12-18;5.69;21.64;4.86690336917851;43.9893165905683;LE PONTET
BSS002DRNR;2017-12-19;5.7;21.63;4.86690336917851;43.9893165905683;LE PONTET
BSS002DRNR;2017-12-20;5.71;21.62;4.86690336917851;43.9893165905683;LE PONTET
BSS002DRNR;2017-12-21;5.72;21.61;4.86690336917851;43.9893165905683;LE PONTET
BSS002DRNR;2017-12-22;5.73;21.6;4.86690336917851;43.9893165905683;LE PONTET
BSS002DRNR;2017-12-23;5.73;21.6;4.86690336917851;43.9893165905683;LE PONTET
BSS002DRNR;2017-12-24;5.74;21.59;4.86690336917851;43.9893165905683;LE PONTET
BSS002DRNR;2017-12-25;5.75;21.58;4.86690336917851;43.9893165905683;LE PONTET
BSS002DRNR;2017-12-26;5.75;21.58;4.86690336917851;43.9893165905683;LE PONTET
BSS002DRNR;2017-12-27;5.76;21.57;4.86690336917851;43.9893165905683;LE PONTET
BSS002DRNR;2017-12-28;5.76;21.57;4.86690336917851;43.9893165905683;LE PONTET
BSS002DRNR;2017-12-29;5.76;21.57;4.86690336917851;43.9893165905683;LE PONTET
BSS002DRNR;2017-12-30;5.76;21.57;4.86690336917851;43.9893165905683;LE PONTET
BSS002DRNR;2017-12-31;5.77;21.56;4.86690336917851;43.9893165905683;LE PONTET
BSS002DRNR;2018-01-01;5.77;21.56;4.86690336917851;43.9893165905683;LE PONTET
BSS002DRNR;2018-01-02;5.78;21.55;4.86690336917851;43.9893165905683;LE PONTET
BSS002DRNR;2018-01-03;5.79;21.54;4.86690336917851;43.9893165905683;LE PONTET
BSS002DRNR;2018-01-04;5.79;21.54;4.86690336917851;43.9893165905683;LE PONTET
BSS002DRNR;2018-01-05;5.8;21.53;4.86690336917851;43.9893165905683;LE PONTET
BSS002DRNR;2018-01-06;5.8;21.53;4.86690336917851;43.9893165905683;LE PONTET
BSS002DRNR;2018-01-07;5.81;21.52;4.86690336917851;43.9893165905683;LE PONTET
BSS002DRNR;2018-01-08;5.77;21.56;4.86690336917851;43.9893165905683;LE PONTET
BSS002DRNR;2018-01-09;5.7;21.63;4.86690336917851;43.9893165905683;LE PONTET
BSS002DRNR;2018-01-10;5.67;21.66;4.86690336917851;43.9893165905683;LE PONTET
BSS002DRNR;2018-01-11;5.66;21.67;4.86690336917851;43.9893165905683;LE PONTET
BSS002DRNR;2018-01-12;5.67;21.66;4.86690336917851;43.9893165905683;LE PONTET
BSS002DRNR;2018-01-13;5.68;21.65;4.86690336917851;43.9893165905683;LE PONTET
BSS002DRNR;2018-01-14;5.69;21.64;4.86690336917851;43.9893165905683;LE PONTET
BSS002DRNR;2018-01-15;5.71;21.62;4.86690336917851;43.9893165905683;LE PONTET
BSS002DRNR;2018-01-16;5.71;21.62;4.86690336917851;43.9893165905683;LE PONTET
BSS002DRNR;2018-01-17;5.73;21.6;4.86690336917851;43.9893165905683;LE PONTET
BSS002DRNR;2018-01-18;5.74;21.59;4.86690336917851;43.9893165905683;LE PONTET
BSS002DRNR;2018-01-19;5.74;21.59;4.86690336917851;43.9893165905683;LE PONTET
BSS002DRNR;2018-01-20;5.75;21.58;4.86690336917851;43.9893165905683;LE PONTET
BSS002DRNR;2018-01-21;5.76;21.57;4.86690336917851;43.9893165905683;LE PONTET
BSS002DRNR;2018-01-22;5.77;21.56;4.86690336917851;43.9893165905683;LE PONTET
BSS002DRNR;2018-01-23;5.77;21.56;4.86690336917851;43.9893165905683;LE PONTET
BSS002DRNR;2018-01-24;5.78;21.55;4.86690336917851;43.9893165905683;LE PONTET
BSS002DRNR;2018-01-25;5.78;21.55;4.86690336917851;43.9893165905683;LE PONTET
BSS002DRNR;2018-01-26;5.71;21.62;4.86690336917851;43.9893165905683;LE PONTET
BSS002DRNR;2018-01-27;5.54;21.79;4.86690336917851;43.9893165905683;LE PONTET
BSS002DRNR;2018-01-28;5.48;21.85;4.86690336917851;43.9893165905683;LE PONTET
BSS002DRNR;2018-01-29;5.46;21.87;4.86690336917851;43.9893165905683;LE PONTET
BSS002DRNR;2018-01-30;5.44;21.89;4.86690336917851;43.9893165905683;LE PONTET
BSS002DRNR;2018-01-31;5.44;21.89;4.86690336917851;43.9893165905683;LE PONTET
BSS002DRNR;2018-02-01;5.44;21.89;4.86690336917851;43.9893165905683;LE PONTET
BSS002DRNR;2018-02-02;5.44;21.89;4.86690336917851;43.9893165905683;LE PONTET
BSS002DRNR;2018-02-03;5.44;21.89;4.86690336917851;43.9893165905683;LE PONTET
BSS002DRNR;2018-02-04;5.46;21.87;4.86690336917851;43.9893165905683;LE PONTET
BSS002DRNR;2018-02-05;5.46;21.87;4.86690336917851;43.9893165905683;LE PONTET
BSS002DRNR;2018-02-06;5.47;21.86;4.86690336917851;43.9893165905683;LE PONTET
BSS002DRNR;2018-02-07;5.48;21.85;4.86690336917851;43.9893165905683;LE PONTET
BSS002DRNR;2018-02-08;5.49;21.84;4.86690336917851;43.9893165905683;LE PONTET
BSS002DRNR;2018-02-09;5.5;21.83;4.86690336917851;43.9893165905683;LE PONTET
BSS002DRNR;2018-02-10;5.51;21.82;4.86690336917851;43.9893165905683;LE PONTET
BSS002DRNR;2018-02-11;5.52;21.81;4.86690336917851;43.9893165905683;LE PONTET
BSS002DRNR;2018-02-12;5.53;21.8;4.86690336917851;43.9893165905683;LE PONTET
BSS002DRNR;2018-02-13;5.54;21.79;4.86690336917851;43.9893165905683;LE PONTET
BSS002DRNR;2018-02-14;5.55;21.78;4.86690336917851;43.9893165905683;LE PONTET
BSS002DRNR;2018-02-15;5.56;21.77;4.86690336917851;43.9893165905683;LE PONTET
BSS002DRNR;2018-02-16;5.57;21.76;4.86690336917851;43.9893165905683;LE PONTET
BSS002DRNR;2018-02-17;5.58;21.75;4.86690336917851;43.9893165905683;LE PONTET
BSS002DRNR;2018-02-18;5.58;21.75;4.86690336917851;43.9893165905683;LE PONTET
BSS002DRNR;2018-02-19;5.59;21.74;4.86690336917851;43.9893165905683;LE PONTET
BSS002DRNR;2018-02-20;5.6;21.73;4.86690336917851;43.9893165905683;LE PONTET
BSS002DRNR;2018-02-21;5.61;21.72;4.86690336917851;43.9893165905683;LE PONTET
BSS002DRNR;2018-02-22;5.61;21.72;4.86690336917851;43.9893165905683;LE PONTET
BSS002DRNR;2018-02-23;5.62;21.71;4.86690336917851;43.9893165905683;LE PONTET
BSS002DRNR;2018-02-24;5.63;21.7;4.86690336917851;43.9893165905683;LE PONTET
BSS002DRNR;2018-02-25;5.63;21.7;4.86690336917851;43.9893165905683;LE PONTET
BSS002DRNR;2018-02-26;5.64;21.69;4.86690336917851;43.9893165905683;LE PONTET
BSS002DRNR;2018-02-27;5.65;21.68;4.86690336917851;43.9893165905683;LE PONTET
BSS002DRNR;2018-02-28;5.65;21.68;4.86690336917851;43.9893165905683;LE PONTET
BSS002DRNR;2018-03-01;5.65;21.68;4.86690336917851;43.9893165905683;LE PONTET
BSS002DRNR;2018-03-02;5.63;21.7;4.86690336917851;43.9893165905683;LE PONTET
BSS002DRNR;2018-03-03;5.6;21.73;4.86690336917851;43.9893165905683;LE PONTET
BSS002DRNR;2018-03-04;5.6;21.73;4.86690336917851;43.9893165905683;LE PONTET
BSS002DRNR;2018-03-05;5.59;21.74;4.86690336917851;43.9893165905683;LE PONTET
BSS002DRNR;2018-03-06;5.57;21.76;4.86690336917851;43.9893165905683;LE PONTET
BSS002DRNR;2018-03-07;5.56;21.77;4.86690336917851;43.9893165905683;LE PONTET
BSS002DRNR;2018-03-08;5.57;21.76;4.86690336917851;43.9893165905683;LE PONTET
BSS002DRNR;2018-03-09;5.58;21.75;4.86690336917851;43.9893165905683;LE PONTET
BSS002DRNR;2018-03-10;5.59;21.74;4.86690336917851;43.9893165905683;LE PONTET
BSS002DRNR;2018-03-11;5.6;21.73;4.86690336917851;43.9893165905683;LE PONTET
BSS002DRNR;2018-03-12;5.6;21.73;4.86690336917851;43.9893165905683;LE PONTET
BSS002DRNR;2018-03-13;5.6;21.73;4.86690336917851;43.9893165905683;LE PONTET
BSS002DRNR;2018-03-14;5.59;21.74;4.86690336917851;43.9893165905683;LE PONTET
BSS002DRNR;2018-03-15;5.55;21.78;4.86690336917851;43.9893165905683;LE PONTET
BSS002DRNR;2018-03-16;5.54;21.79;4.86690336917851;43.9893165905683;LE PONTET
BSS002DRNR;2018-03-17;5.49;21.84;4.86690336917851;43.9893165905683;LE PONTET
BSS002DRNR;2018-03-18;5.46;21.87;4.86690336917851;43.9893165905683;LE PONTET
BSS002DRNR;2018-03-19;5.45;21.88;4.86690336917851;43.9893165905683;LE PONTET
BSS002DRNR;2018-03-20;5.44;21.89;4.86690336917851;43.9893165905683;LE PONTET
BSS002DRNR;2018-03-21;5.44;21.89;4.86690336917851;43.9893165905683;LE PONTET
BSS002DRNR;2018-03-22;5.43;21.9;4.86690336917851;43.9893165905683;LE PONTET
BSS002DRNR;2018-03-23;5.42;21.91;4.86690336917851;43.9893165905683;LE PONTET
BSS002DRNR;2018-03-24;5.41;21.92;4.86690336917851;43.9893165905683;LE PONTET
BSS002DRNR;2018-03-25;5.41;21.92;4.86690336917851;43.9893165905683;LE PONTET
BSS002DRNR;2018-03-26;5.4;21.93;4.86690336917851;43.9893165905683;LE PONTET
BSS002DRNR;2018-03-27;5.39;21.94;4.86690336917851;43.9893165905683;LE PONTET
BSS002DRNR;2018-03-28;5.38;21.95;4.86690336917851;43.9893165905683;LE PONTET
BSS002DRNR;2018-03-29;5.38;21.95;4.86690336917851;43.9893165905683;LE PONTET
BSS002DRNR;2018-03-30;5.36;21.97;4.86690336917851;43.9893165905683;LE PONTET
BSS002DRNR;2018-03-31;5.33;22.0;4.86690336917851;43.9893165905683;LE PONTET
BSS002DRNR;2018-04-01;5.32;22.01;4.86690336917851;43.9893165905683;LE PONTET
BSS002DRNR;2018-04-02;5.32;22.01;4.86690336917851;43.9893165905683;LE PONTET
BSS002DRNR;2018-04-03;5.32;22.01;4.86690336917851;43.9893165905683;LE PONTET
BSS002DRNR;2018-04-04;5.32;22.01;4.86690336917851;43.9893165905683;LE PONTET
BSS002DRNR;2018-04-05;5.32;22.01;4.86690336917851;43.9893165905683;LE PONTET
BSS002DRNR;2018-04-06;5.34;21.99;4.86690336917851;43.9893165905683;LE PONTET
BSS002DRNR;2018-04-07;5.35;21.98;4.86690336917851;43.9893165905683;LE PONTET
BSS002DRNR;2018-04-08;5.35;21.98;4.86690336917851;43.9893165905683;LE PONTET
BSS002DRNR;2018-04-09;5.35;21.98;4.86690336917851;43.9893165905683;LE PONTET
BSS002DRNR;2018-04-10;5.33;22.0;4.86690336917851;43.9893165905683;LE PONTET
BSS002DRNR;2018-04-11;5.29;22.04;4.86690336917851;43.9893165905683;LE PONTET
BSS002DRNR;2018-04-12;5.17;22.16;4.86690336917851;43.9893165905683;LE PONTET
BSS002DRNR;2018-04-13;5.14;22.19;4.86690336917851;43.9893165905683;LE PONTET
BSS002DRNR;2018-04-14;5.13;22.2;4.86690336917851;43.9893165905683;LE PONTET
BSS002DRNR;2018-04-15;5.13;22.2;4.86690336917851;43.9893165905683;LE PONTET
BSS002DRNR;2018-04-16;5.14;22.19;4.86690336917851;43.9893165905683;LE PONTET
BSS002DRNR;2018-04-17;5.15;22.18;4.86690336917851;43.9893165905683;LE PONTET
BSS002DRNR;2018-04-18;5.16;22.17;4.86690336917851;43.9893165905683;LE PONTET
BSS002DRNR;2018-04-19;5.17;22.16;4.86690336917851;43.9893165905683;LE PONTET
BSS002DRNR;2018-04-20;5.18;22.15;4.86690336917851;43.9893165905683;LE PONTET
BSS002DRNR;2018-04-21;5.19;22.14;4.86690336917851;43.9893165905683;LE PONTET
BSS002DRNR;2018-04-22;5.2;22.13;4.86690336917851;43.9893165905683;LE PONTET
BSS002DRNR;2018-04-23;5.21;22.12;4.86690336917851;43.9893165905683;LE PONTET
BSS002DRNR;2018-04-24;5.21;22.12;4.86690336917851;43.9893165905683;LE PONTET
BSS002DRNR;2018-04-25;5.23;22.1;4.86690336917851;43.9893165905683;LE PONTET
BSS002DRNR;2018-04-26;5.22;22.11;4.86690336917851;43.9893165905683;LE PONTET
BSS002DRNR;2018-04-27;5.22;22.11;4.86690336917851;43.9893165905683;LE PONTET
BSS002DRNR;2018-04-28;5.22;22.11;4.86690336917851;43.9893165905683;LE PONTET
BSS002DRNR;2018-04-29;5.2;22.13;4.86690336917851;43.9893165905683;LE PONTET
BSS002DRNR;2018-04-30;5.19;22.14;4.86690336917851;43.9893165905683;LE PONTET
BSS002DRNR;2018-05-01;5.15;22.18;4.86690336917851;43.9893165905683;LE PONTET
BSS002DRNR;2018-05-02;5.15;22.18;4.86690336917851;43.9893165905683;LE PONTET
BSS002DRNR;2018-05-03;5.16;22.17;4.86690336917851;43.9893165905683;LE PONTET
BSS002DRNR;2018-05-04;5.17;22.16;4.86690336917851;43.9893165905683;LE PONTET
BSS002DRNR;2018-05-05;;;4.86690336917851;43.9893165905683;
BSS002DRNR;2018-05-06;;;4.86690336917851;43.9893165905683;
BSS002DRNR;2018-05-07;5.2;22.13;4.86690336917851;43.9893165905683;LE PONTET
BSS002DRNR;2018-05-08;5.21;22.12;4.86690336917851;43.9893165905683;LE PONTET
BSS002DRNR;2018-05-09;5.22;22.11;4.86690336917851;43.9893165905683;LE PONTET
BSS002DRNR;2018-05-10;5.24;22.09;4.86690336917851;43.9893165905683;LE PONTET
BSS002DRNR;2018-05-11;5.26;22.07;4.86690336917851;43.9893165905683;LE PONTET
BSS002DRNR;2018-05-12;5.28;22.05;4.86690336917851;43.9893165905683;LE PONTET
BSS002DRNR;2018-05-13;5.24;22.09;4.86690336917851;43.9893165905683;LE PONTET
BSS002DRNR;2018-05-14;5.22;22.11;4.86690336917851;43.9893165905683;LE PONTET
BSS002DRNR;2018-05-15;5.21;22.12;4.86690336917851;43.9893165905683;LE PONTET
BSS002DRNR;2018-05-16;5.21;22.12;4.86690336917851;43.9893165905683;LE PONTET
BSS002DRNR;2018-05-17;5.21;22.12;4.86690336917851;43.9893165905683;LE PONTET
BSS002DRNR;2018-05-18;5.22;22.11;4.86690336917851;43.9893165905683;LE PONTET
BSS002DRNR;2018-05-19;5.22;22.11;4.86690336917851;43.9893165905683;LE PONTET
BSS002DRNR;2018-05-20;5.22;22.11;4.86690336917851;43.9893165905683;LE PONTET
BSS002DRNR;2018-05-21;5.2;22.13;4.86690336917851;43.9893165905683;LE PONTET
BSS002DRNR;2018-05-22;5.17;22.16;4.86690336917851;43.9893165905683;LE PONTET
BSS002DRNR;2018-05-23;5.15;22.18;4.86690336917851;43.9893165905683;LE PONTET
BSS002DRNR;2018-05-24;5.15;22.18;4.86690336917851;43.9893165905683;LE PONTET
BSS002DRNR;2018-05-25;5.14;22.19;4.86690336917851;43.9893165905683;LE PONTET
BSS002DRNR;2018-05-26;5.14;22.19;4.86690336917851;43.9893165905683;LE PONTET
BSS002DRNR;2018-05-27;5.14;22.19;4.86690336917851;43.9893165905683;LE PONTET
BSS002DRNR;2018-05-28;5.14;22.19;4.86690336917851;43.9893165905683;LE PONTET
BSS002DRNR;2018-05-29;5.15;22.18;4.86690336917851;43.9893165905683;LE PONTET
BSS002DRNR;2018-05-30;5.15;22.18;4.86690336917851;43.9893165905683;LE PONTET
BSS002DRNR;2018-05-31;5.14;22.19;4.86690336917851;43.9893165905683;LE PONTET
BSS002DRNR;2018-06-01;5.14;22.19;4.86690336917851;43.9893165905683;LE PONTET
BSS002DRNR;2018-06-02;5.14;22.19;4.86690336917851;43.9893165905683;LE PONTET
BSS002DRNR;2018-06-03;5.16;22.17;4.86690336917851;43.9893165905683;LE PONTET
BSS002DRNR;2018-06-04;5.15;22.18;4.86690336917851;43.9893165905683;LE PONTET
BSS002DRNR;2018-06-05;5.15;22.18;4.86690336917851;43.9893165905683;LE PONTET
BSS002DRNR;2018-06-06;5.16;22.17;4.86690336917851;43.9893165905683;LE PONTET
BSS002DRNR;2018-06-07;5.17;22.16;4.86690336917851;43.9893165905683;LE PONTET
BSS002DRNR;2018-06-08;5.17;22.16;4.86690336917851;43.9893165905683;LE PONTET
BSS002DRNR;2018-06-09;5.18;22.15;4.86690336917851;43.9893165905683;LE PONTET
BSS002DRNR;2018-06-10;5.19;22.14;4.86690336917851;43.9893165905683;LE PONTET
BSS002DRNR;2018-06-11;5.17;22.16;4.86690336917851;43.9893165905683;LE PONTET
BSS002DRNR;2018-06-12;5.12;22.21;4.86690336917851;43.9893165905683;LE PONTET
BSS002DRNR;2018-06-13;5.13;22.2;4.86690336917851;43.9893165905683;LE PONTET
BSS002DRNR;2018-06-14;5.13;22.2;4.86690336917851;43.9893165905683;LE PONTET
BSS002DRNR;2018-06-15;5.14;22.19;4.86690336917851;43.9893165905683;LE PONTET
BSS002DRNR;2018-06-16;5.16;22.17;4.86690336917851;43.9893165905683;LE PONTET
BSS002DRNR;2018-06-17;5.16;22.17;4.86690336917851;43.9893165905683;LE PONTET
BSS002DRNR;2018-06-18;5.16;22.17;4.86690336917851;43.9893165905683;LE PONTET
BSS002DRNR;2018-06-19;5.17;22.16;4.86690336917851;43.9893165905683;LE PONTET
BSS002DRNR;2018-06-20;5.18;22.15;4.86690336917851;43.9893165905683;LE PONTET
BSS002DRNR;2018-06-21;5.19;22.14;4.86690336917851;43.9893165905683;LE PONTET
BSS002DRNR;2018-06-22;5.16;22.17;4.86690336917851;43.9893165905683;LE PONTET
BSS002DRNR;2018-06-23;5.14;22.19;4.86690336917851;43.9893165905683;LE PONTET
BSS002DRNR;2018-06-24;5.13;22.2;4.86690336917851;43.9893165905683;LE PONTET
BSS002DRNR;2018-06-25;5.13;22.2;4.86690336917851;43.9893165905683;LE PONTET
BSS002DRNR;2018-06-26;5.15;22.18;4.86690336917851;43.9893165905683;LE PONTET
BSS002DRNR;2018-06-27;5.16;22.17;4.86690336917851;43.9893165905683;LE PONTET
BSS002DRNR;2018-06-28;5.16;22.17;4.86690336917851;43.9893165905683;LE PONTET
BSS002DRNR;2018-06-29;5.17;22.16;4.86690336917851;43.9893165905683;LE PONTET
BSS002DRNR;2018-06-30;5.17;22.16;4.86690336917851;43.9893165905683;LE PONTET
BSS002DRNR;2018-07-01;5.18;22.15;4.86690336917851;43.9893165905683;LE PONTET
BSS002DRNR;2018-07-02;5.18;22.15;4.86690336917851;43.9893165905683;LE PONTET
BSS002DRNR;2018-07-03;5.18;22.15;4.86690336917851;43.9893165905683;LE PONTET
BSS002DRNR;2018-07-04;5.18;22.15;4.86690336917851;43.9893165905683;LE PONTET
BSS002DRNR;2018-07-05;5.19;22.14;4.86690336917851;43.9893165905683;LE PONTET
BSS002DRNR;2018-07-06;5.2;22.13;4.86690336917851;43.9893165905683;LE PONTET
BSS002DRNR;2018-07-07;5.2;22.13;4.86690336917851;43.9893165905683;LE PONTET
BSS002DRNR;2018-07-08;5.2;22.13;4.86690336917851;43.9893165905683;LE PONTET
BSS002DRNR;2018-07-09;5.19;22.14;4.86690336917851;43.9893165905683;LE PONTET
BSS002DRNR;2018-07-10;5.2;22.13;4.86690336917851;43.9893165905683;LE PONTET
BSS002DRNR;2018-07-11;5.21;22.12;4.86690336917851;43.9893165905683;LE PONTET
BSS002DRNR;2018-07-12;5.22;22.11;4.86690336917851;43.9893165905683;LE PONTET
BSS002DRNR;2018-07-13;5.23;22.1;4.86690336917851;43.9893165905683;LE PONTET
BSS002DRNR;2018-07-14;5.24;22.09;4.86690336917851;43.9893165905683;LE PONTET
BSS002DRNR;2018-07-15;5.24;22.09;4.86690336917851;43.9893165905683;LE PONTET
BSS002DRNR;2018-07-16;5.24;22.09;4.86690336917851;43.9893165905683;LE PONTET
BSS002DRNR;2018-07-17;5.24;22.09;4.86690336917851;43.9893165905683;LE PONTET
BSS002DRNR;2018-07-18;5.25;22.08;4.86690336917851;43.9893165905683;LE PONTET
BSS002DRNR;2018-07-19;5.25;22.08;4.86690336917851;43.9893165905683;LE PONTET
BSS002DRNR;2018-07-20;5.26;22.07;4.86690336917851;43.9893165905683;LE PONTET
BSS002DRNR;2018-07-21;5.25;22.08;4.86690336917851;43.9893165905683;LE PONTET
BSS002DRNR;2018-07-22;5.24;22.09;4.86690336917851;43.9893165905683;LE PONTET
BSS002DRNR;2018-07-23;5.25;22.08;4.86690336917851;43.9893165905683;LE PONTET
BSS002DRNR;2018-07-24;5.25;22.08;4.86690336917851;43.9893165905683;LE PONTET
BSS002DRNR;2018-07-25;5.25;22.08;4.86690336917851;43.9893165905683;LE PONTET
BSS002DRNR;2018-07-26;5.25;22.08;4.86690336917851;43.9893165905683;LE PONTET
BSS002DRNR;2018-07-27;5.26;22.07;4.86690336917851;43.9893165905683;LE PONTET
BSS002DRNR;2018-07-28;5.26;22.07;4.86690336917851;43.9893165905683;LE PONTET
BSS002DRNR;2018-07-29;5.27;22.06;4.86690336917851;43.9893165905683;LE PONTET
BSS002DRNR;2018-07-30;5.27;22.06;4.86690336917851;43.9893165905683;LE PONTET
BSS002DRNR;2018-07-31;5.27;22.06;4.86690336917851;43.9893165905683;LE PONTET
BSS002DRNR;2018-08-01;5.27;22.06;4.86690336917851;43.9893165905683;LE PONTET
BSS002DRNR;2018-08-02;5.27;22.06;4.86690336917851;43.9893165905683;LE PONTET
BSS002DRNR;2018-08-03;5.27;22.06;4.86690336917851;43.9893165905683;LE PONTET
BSS002DRNR;2018-08-04;5.28;22.05;4.86690336917851;43.9893165905683;LE PONTET
BSS002DRNR;2018-08-05;5.28;22.05;4.86690336917851;43.9893165905683;LE PONTET
BSS002DRNR;2018-08-06;5.27;22.06;4.86690336917851;43.9893165905683;LE PONTET
BSS002DRNR;2018-08-07;5.27;22.06;4.86690336917851;43.9893165905683;LE PONTET
BSS002DRNR;2018-08-08;5.27;22.06;4.86690336917851;43.9893165905683;LE PONTET
BSS002DRNR;2018-08-09;5.08;22.25;4.86690336917851;43.9893165905683;LE PONTET
BSS002DRNR;2018-08-10;5.08;22.25;4.86690336917851;43.9893165905683;LE PONTET
BSS002DRNR;2018-08-11;5.09;22.24;4.86690336917851;43.9893165905683;LE PONTET
BSS002DRNR;2018-08-12;5.1;22.23;4.86690336917851;43.9893165905683;LE PONTET
BSS002DRNR;2018-08-13;5.12;22.21;4.86690336917851;43.9893165905683;LE PONTET
BSS002DRNR;2018-08-14;5.12;22.21;4.86690336917851;43.9893165905683;LE PONTET
BSS002DRNR;2018-08-15;5.13;22.2;4.86690336917851;43.9893165905683;LE PONTET
BSS002DRNR;2018-08-16;5.14;22.19;4.86690336917851;43.9893165905683;LE PONTET
BSS002DRNR;2018-08-17;5.14;22.19;4.86690336917851;43.9893165905683;LE PONTET
BSS002DRNR;2018-08-18;5.14;22.19;4.86690336917851;43.9893165905683;LE PONTET
BSS002DRNR;2018-08-19;5.16;22.17;4.86690336917851;43.9893165905683;LE PONTET
BSS002DRNR;2018-08-20;5.17;22.16;4.86690336917851;43.9893165905683;LE PONTET
BSS002DRNR;2018-08-21;5.17;22.16;4.86690336917851;43.9893165905683;LE PONTET
BSS002DRNR;2018-08-22;5.17;22.16;4.86690336917851;43.9893165905683;LE PONTET
BSS002DRNR;2018-08-23;5.18;22.15;4.86690336917851;43.9893165905683;LE PONTET
BSS002DRNR;2018-08-24;5.18;22.15;4.86690336917851;43.9893165905683;LE PONTET
BSS002DRNR;2018-08-25;5.19;22.14;4.86690336917851;43.9893165905683;LE PONTET
BSS002DRNR;2018-08-26;5.2;22.13;4.86690336917851;43.9893165905683;LE PONTET
BSS002DRNR;2018-08-27;5.2;22.13;4.86690336917851;43.9893165905683;LE PONTET
BSS002DRNR;2018-08-28;5.2;22.13;4.86690336917851;43.9893165905683;LE PONTET
BSS002DRNR;2018-08-29;5.2;22.13;4.86690336917851;43.9893165905683;LE PONTET
BSS002DRNR;2018-08-30;5.21;22.12;4.86690336917851;43.9893165905683;LE PONTET
BSS002DRNR;2018-08-31;5.21;22.12;4.86690336917851;43.9893165905683;LE PONTET
BSS002DRNR;2018-09-01;5.22;22.11;4.86690336917851;43.9893165905683;LE PONTET
BSS002DRNR;2018-09-02;5.23;22.1;4.86690336917851;43.9893165905683;LE PONTET
BSS002DRNR;2018-09-03;5.23;22.1;4.86690336917851;43.9893165905683;LE PONTET
BSS002DRNR;2018-09-04;5.23;22.1;4.86690336917851;43.9893165905683;LE PONTET
BSS002DRNR;2018-09-05;5.24;22.09;4.86690336917851;43.9893165905683;LE PONTET
BSS002DRNR;2018-09-06;5.23;22.1;4.86690336917851;43.9893165905683;LE PONTET
BSS002DRNR;2018-09-07;5.23;22.1;4.86690336917851;43.9893165905683;LE PONTET
BSS002DRNR;2018-09-08;5.23;22.1;4.86690336917851;43.9893165905683;LE PONTET
BSS002DRNR;2018-09-09;5.23;22.1;4.86690336917851;43.9893165905683;LE PONTET
BSS002DRNR;2018-09-10;5.23;22.1;4.86690336917851;43.9893165905683;LE PONTET
BSS002DRNR;2018-09-11;5.23;22.1;4.86690336917851;43.9893165905683;LE PONTET
BSS002DRNR;2018-09-12;5.24;22.09;4.86690336917851;43.9893165905683;LE PONTET
BSS002DRNR;2018-09-13;5.24;22.09;4.86690336917851;43.9893165905683;LE PONTET
BSS002DRNR;2018-09-14;5.24;22.09;4.86690336917851;43.9893165905683;LE PONTET
BSS002DRNR;2018-09-15;5.25;22.08;4.86690336917851;43.9893165905683;LE PONTET
BSS002DRNR;2018-09-16;5.25;22.08;4.86690336917851;43.9893165905683;LE PONTET
BSS002DRNR;2018-09-17;5.26;22.07;4.86690336917851;43.9893165905683;LE PONTET
BSS002DRNR;2018-09-18;5.26;22.07;4.86690336917851;43.9893165905683;LE PONTET
BSS002DRNR;2018-09-19;5.26;22.07;4.86690336917851;43.9893165905683;LE PONTET
BSS002DRNR;2018-09-20;5.27;22.06;4.86690336917851;43.9893165905683;LE PONTET
BSS002DRNR;2018-09-21;5.28;22.05;4.86690336917851;43.9893165905683;LE PONTET
BSS002DRNR;2018-09-22;5.29;22.04;4.86690336917851;43.9893165905683;LE PONTET
BSS002DRNR;2018-09-23;5.3;22.03;4.86690336917851;43.9893165905683;LE PONTET
BSS002DRNR;2018-09-24;5.31;22.02;4.86690336917851;43.9893165905683;LE PONTET
BSS002DRNR;2018-09-25;5.31;22.02;4.86690336917851;43.9893165905683;LE PONTET
BSS002DRNR;2018-09-26;5.32;22.01;4.86690336917851;43.9893165905683;LE PONTET
BSS002DRNR;2018-09-27;5.33;22.0;4.86690336917851;43.9893165905683;LE PONTET
BSS002DRNR;2018-09-28;5.34;21.99;4.86690336917851;43.9893165905683;LE PONTET
BSS002DRNR;2018-09-29;5.34;21.99;4.86690336917851;43.9893165905683;LE PONTET
BSS002DRNR;2018-09-30;5.35;21.98;4.86690336917851;43.9893165905683;LE PONTET
BSS002DRNR;2018-10-01;5.35;21.98;4.86690336917851;43.9893165905683;LE PONTET
BSS002DRNR;2018-10-02;5.36;21.97;4.86690336917851;43.9893165905683;LE PONTET
BSS002DRNR;2018-10-03;5.37;21.96;4.86690336917851;43.9893165905683;LE PONTET
BSS002DRNR;2018-10-04;5.39;21.94;4.86690336917851;43.9893165905683;LE PONTET
BSS002DRNR;2018-10-05;5.4;21.93;4.86690336917851;43.9893165905683;LE PONTET
BSS002DRNR;2018-10-06;5.4;21.93;4.86690336917851;43.9893165905683;LE PONTET
BSS002DRNR;2018-10-07;5.38;21.95;4.86690336917851;43.9893165905683;LE PONTET
BSS002DRNR;2018-10-08;5.38;21.95;4.86690336917851;43.9893165905683;LE PONTET
BSS002DRNR;2018-10-09;5.38;21.95;4.86690336917851;43.9893165905683;LE PONTET
BSS002DRNR;2018-10-10;5.36;21.97;4.86690336917851;43.9893165905683;LE PONTET
BSS002DRNR;2018-10-11;5.35;21.98;4.86690336917851;43.9893165905683;LE PONTET
BSS002DRNR;2018-10-12;5.36;21.97;4.86690336917851;43.9893165905683;LE PONTET
BSS002DRNR;2018-10-13;5.37;21.96;4.86690336917851;43.9893165905683;LE PONTET
BSS002DRNR;2018-10-14;5.39;21.94;4.86690336917851;43.9893165905683;LE PONTET
BSS002DRNR;2018-10-15;5.39;21.94;4.86690336917851;43.9893165905683;LE PONTET
BSS002DRNR;2018-10-16;5.4;21.93;4.86690336917851;43.9893165905683;LE PONTET
BSS002DRNR;2018-10-17;5.41;21.92;4.86690336917851;43.9893165905683;LE PONTET
BSS002DRNR;2018-10-18;5.42;21.91;4.86690336917851;43.9893165905683;LE PONTET
BSS002DRNR;2018-10-19;5.42;21.91;4.86690336917851;43.9893165905683;LE PONTET
BSS002DRNR;2018-10-20;5.43;21.9;4.86690336917851;43.9893165905683;LE PONTET
BSS002DRNR;2018-10-21;5.44;21.89;4.86690336917851;43.9893165905683;LE PONTET
BSS002DRNR;2018-10-22;5.45;21.88;4.86690336917851;43.9893165905683;LE PONTET
BSS002DRNR;2018-10-23;5.45;21.88;4.86690336917851;43.9893165905683;LE PONTET
BSS002DRNR;2018-10-24;5.46;21.87;4.86690336917851;43.9893165905683;LE PONTET
BSS002DRNR;2018-10-25;5.47;21.86;4.86690336917851;43.9893165905683;LE PONTET
BSS002DRNR;2018-10-26;5.48;21.85;4.86690336917851;43.9893165905683;LE PONTET
BSS002DRNR;2018-10-27;5.47;21.86;4.86690336917851;43.9893165905683;LE PONTET
BSS002DRNR;2018-10-28;5.47;21.86;4.86690336917851;43.9893165905683;LE PONTET
BSS002DRNR;2018-10-29;5.41;21.92;4.86690336917851;43.9893165905683;LE PONTET
BSS002DRNR;2018-10-30;5.36;21.97;4.86690336917851;43.9893165905683;LE PONTET
BSS002DRNR;2018-10-31;5.3;22.03;4.86690336917851;43.9893165905683;LE PONTET
BSS002DRNR;2018-11-01;5.15;22.18;4.86690336917851;43.9893165905683;LE PONTET
BSS002DRNR;2018-11-02;5.12;22.21;4.86690336917851;43.9893165905683;LE PONTET
BSS002DRNR;2018-11-03;5.11;22.22;4.86690336917851;43.9893165905683;LE PONTET
BSS002DRNR;2018-11-04;5.12;22.21;4.86690336917851;43.9893165905683;LE PONTET
BSS002DRNR;2018-11-05;5.12;22.21;4.86690336917851;43.9893165905683;LE PONTET
BSS002DRNR;2018-11-06;5.1;22.23;4.86690336917851;43.9893165905683;LE PONTET
BSS002DRNR;2018-11-07;5.06;22.27;4.86690336917851;43.9893165905683;LE PONTET
BSS002DRNR;2018-11-08;5.03;22.3;4.86690336917851;43.9893165905683;LE PONTET
BSS002DRNR;2018-11-09;5.02;22.31;4.86690336917851;43.9893165905683;LE PONTET
BSS002DRNR;2018-11-10;5.02;22.31;4.86690336917851;43.9893165905683;LE PONTET
BSS002DRNR;2018-11-11;5.03;22.3;4.86690336917851;43.9893165905683;LE PONTET
BSS002DRNR;2018-11-12;5.05;22.28;4.86690336917851;43.9893165905683;LE PONTET
BSS002DRNR;2018-11-13;5.06;22.27;4.86690336917851;43.9893165905683;LE PONTET
BSS002DRNR;2018-11-14;5.08;22.25;4.86690336917851;43.9893165905683;LE PONTET
BSS002DRNR;2018-11-15;5.1;22.23;4.86690336917851;43.9893165905683;LE PONTET
BSS002DRNR;2018-11-16;5.12;22.21;4.86690336917851;43.9893165905683;LE PONTET
BSS002DRNR;2018-11-17;5.13;22.2;4.86690336917851;43.9893165905683;LE PONTET
BSS002DRNR;2018-11-18;5.14;22.19;4.86690336917851;43.9893165905683;LE PONTET
BSS002DRNR;2018-11-19;5.14;22.19;4.86690336917851;43.9893165905683;LE PONTET
BSS002DRNR;2018-11-20;5.15;22.18;4.86690336917851;43.9893165905683;LE PONTET
BSS002DRNR;2018-11-21;5.02;22.31;4.86690336917851;43.9893165905683;LE PONTET
BSS002DRNR;2018-11-22;4.99;22.34;4.86690336917851;43.9893165905683;LE PONTET
BSS002DRNR;2018-11-23;4.98;22.35;4.86690336917851;43.9893165905683;LE PONTET
BSS002DRNR;2018-11-24;4.93;22.4;4.86690336917851;43.9893165905683;LE PONTET
BSS002DRNR;2018-11-25;4.89;22.44;4.86690336917851;43.9893165905683;LE PONTET
BSS002DRNR;2018-11-26;4.83;22.5;4.86690336917851;43.9893165905683;LE PONTET
BSS002DRNR;2018-11-27;4.84;22.49;4.86690336917851;43.9893165905683;LE PONTET
BSS002DRNR;2018-11-28;4.86;22.47;4.86690336917851;43.9893165905683;LE PONTET
BSS002DRNR;2018-11-29;4.89;22.44;4.86690336917851;43.9893165905683;LE PONTET
BSS002DRNR;2018-11-30;4.88;22.45;4.86690336917851;43.9893165905683;LE PONTET
BSS002DRNR;2018-12-01;4.85;22.48;4.86690336917851;43.9893165905683;LE PONTET
BSS002DRNR;2018-12-02;4.85;22.48;4.86690336917851;43.9893165905683;LE PONTET
BSS002DRNR;2018-12-03;4.86;22.47;4.86690336917851;43.9893165905683;LE PONTET
BSS002DRNR;2018-12-04;4.88;22.45;4.86690336917851;43.9893165905683;LE PONTET
BSS002DRNR;2018-12-05;4.91;22.42;4.86690336917851;43.9893165905683;LE PONTET
BSS002DRNR;2018-12-06;4.93;22.4;4.86690336917851;43.9893165905683;LE PONTET
BSS002DRNR;2018-12-07;4.96;22.37;4.86690336917851;43.9893165905683;LE PONTET
BSS002DRNR;2018-12-08;4.98;22.35;4.86690336917851;43.9893165905683;LE PONTET
BSS002DRNR;2018-12-09;5.0;22.33;4.86690336917851;43.9893165905683;LE PONTET
BSS002DRNR;2018-12-10;5.02;22.31;4.86690336917851;43.9893165905683;LE PONTET
BSS002DRNR;2018-12-11;5.03;22.3;4.86690336917851;43.9893165905683;LE PONTET
BSS002DRNR;2018-12-12;5.05;22.28;4.86690336917851;43.9893165905683;LE PONTET
BSS002DRNR;2018-12-13;5.07;22.26;4.86690336917851;43.9893165905683;LE PONTET
BSS002DRNR;2018-12-14;5.09;22.24;4.86690336917851;43.9893165905683;LE PONTET
BSS002DRNR;2018-12-15;5.1;22.23;4.86690336917851;43.9893165905683;LE PONTET
BSS002DRNR;2018-12-16;5.12;22.21;4.86690336917851;43.9893165905683;LE PONTET
BSS002DRNR;2018-12-17;5.12;22.21;4.86690336917851;43.9893165905683;LE PONTET
BSS002DRNR;2018-12-18;5.13;22.2;4.86690336917851;43.9893165905683;LE PONTET
BSS002DRNR;2018-12-19;5.13;22.2;4.86690336917851;43.9893165905683;LE PONTET
BSS002DRNR;2018-12-20;5.12;22.21;4.86690336917851;43.9893165905683;LE PONTET
BSS002DRNR;2018-12-21;5.12;22.21;4.86690336917851;43.9893165905683;LE PONTET
BSS002DRNR;2018-12-22;5.12;22.21;4.86690336917851;43.9893165905683;LE PONTET
BSS002DRNR;2018-12-23;5.13;22.2;4.86690336917851;43.9893165905683;LE PONTET
BSS002DRNR;2018-12-24;5.14;22.19;4.86690336917851;43.9893165905683;LE PONTET
BSS002DRNR;2018-12-25;5.15;22.18;4.86690336917851;43.9893165905683;LE PONTET
BSS002DRNR;2018-12-26;5.16;22.17;4.86690336917851;43.9893165905683;LE PONTET
BSS002DRNR;2018-12-27;5.17;22.16;4.86690336917851;43.9893165905683;LE PONTET
BSS002DRNR;2018-12-28;5.18;22.15;4.86690336917851;43.9893165905683;LE PONTET
BSS002DRNR;2018-12-29;5.19;22.14;4.86690336917851;43.9893165905683;LE PONTET
BSS002DRNR;2018-12-30;5.2;22.13;4.86690336917851;43.9893165905683;LE PONTET
BSS002DRNR;2018-12-31;5.21;22.12;4.86690336917851;43.9893165905683;LE PONTET
BSS002DRNR;2019-01-01;5.22;22.11;4.86690336917851;43.9893165905683;LE PONTET
BSS002DRNR;2019-01-02;5.22;22.11;4.86690336917851;43.9893165905683;LE PONTET
BSS002DRNR;2019-01-03;5.23;22.1;4.86690336917851;43.9893165905683;LE PONTET
BSS002DRNR;2019-01-04;5.24;22.09;4.86690336917851;43.9893165905683;LE PONTET
BSS002DRNR;2019-01-05;5.25;22.08;4.86690336917851;43.9893165905683;LE PONTET
BSS002DRNR;2019-01-06;5.26;22.07;4.86690336917851;43.9893165905683;LE PONTET
BSS002DRNR;2019-01-07;5.27;22.06;4.86690336917851;43.9893165905683;LE PONTET
BSS002DRNR;2019-01-08;5.28;22.05;4.86690336917851;43.9893165905683;LE PONTET
BSS002DRNR;2019-01-09;5.29;22.04;4.86690336917851;43.9893165905683;LE PONTET
BSS002DRNR;2019-01-10;5.3;22.03;4.86690336917851;43.9893165905683;LE PONTET
BSS002DRNR;2019-01-11;5.31;22.02;4.86690336917851;43.9893165905683;LE PONTET
BSS002DRNR;2019-01-12;5.32;22.01;4.86690336917851;43.9893165905683;LE PONTET
BSS002DRNR;2019-01-13;5.33;22.0;4.86690336917851;43.9893165905683;LE PONTET
BSS002DRNR;2019-01-14;5.34;21.99;4.86690336917851;43.9893165905683;LE PONTET
BSS002DRNR;2019-01-15;5.35;21.98;4.86690336917851;43.9893165905683;LE PONTET
BSS002DRNR;2019-01-16;5.36;21.97;4.86690336917851;43.9893165905683;LE PONTET
BSS002DRNR;2019-01-17;5.36;21.97;4.86690336917851;43.9893165905683;LE PONTET
BSS002DRNR;2019-01-18;5.37;21.96;4.86690336917851;43.9893165905683;LE PONTET
BSS002DRNR;2019-01-19;5.38;21.95;4.86690336917851;43.9893165905683;LE PONTET
BSS002DRNR;2019-01-20;5.39;21.94;4.86690336917851;43.9893165905683;LE PONTET
BSS002DRNR;2019-01-21;5.4;21.93;4.86690336917851;43.9893165905683;LE PONTET
BSS002DRNR;2019-01-22;5.41;21.92;4.86690336917851;43.9893165905683;LE PONTET
BSS002DRNR;2019-01-23;5.41;21.92;4.86690336917851;43.9893165905683;LE PONTET
BSS002DRNR;2019-01-24;5.41;21.92;4.86690336917851;43.9893165905683;LE PONTET
BSS002DRNR;2019-01-25;5.42;21.91;4.86690336917851;43.9893165905683;LE PONTET
BSS002DRNR;2019-01-26;5.43;21.9;4.86690336917851;43.9893165905683;LE PONTET
BSS002DRNR;2019-01-27;5.44;21.89;4.86690336917851;43.9893165905683;LE PONTET
BSS002DRNR;2019-01-28;5.45;21.88;4.86690336917851;43.9893165905683;LE PONTET
BSS002DRNR;2019-01-29;5.46;21.87;4.86690336917851;43.9893165905683;LE PONTET
BSS002DRNR;2019-01-30;5.46;21.87;4.86690336917851;43.9893165905683;LE PONTET
BSS002DRNR;2019-01-31;5.47;21.86;4.86690336917851;43.9893165905683;LE PONTET
BSS002DRNR;2019-02-01;5.41;21.92;4.86690336917851;43.9893165905683;LE PONTET
BSS002DRNR;2019-02-02;5.37;21.96;4.86690336917851;43.9893165905683;LE PONTET
BSS002DRNR;2019-02-03;5.35;21.98;4.86690336917851;43.9893165905683;LE PONTET
BSS002DRNR;2019-02-04;5.35;21.98;4.86690336917851;43.9893165905683;LE PONTET
BSS002DRNR;2019-02-05;5.36;21.97;4.86690336917851;43.9893165905683;LE PONTET
BSS002DRNR;2019-02-06;5.36;21.97;4.86690336917851;43.9893165905683;LE PONTET
BSS002DRNR;2019-02-07;;;4.86690336917851;43.9893165905683;
BSS002DRNR;2019-02-08;5.38;21.95;4.86690336917851;43.9893165905683;LE PONTET
BSS002DRNR;2019-02-09;5.39;21.94;4.86690336917851;43.9893165905683;LE PONTET
BSS002DRNR;2019-02-10;5.4;21.93;4.86690336917851;43.9893165905683;LE PONTET
BSS002DRNR;2019-02-11;5.41;21.92;4.86690336917851;43.9893165905683;LE PONTET
BSS002DRNR;2019-02-12;5.42;21.91;4.86690336917851;43.9893165905683;LE PONTET
BSS002DRNR;2019-02-13;5.43;21.9;4.86690336917851;43.9893165905683;LE PONTET
BSS002DRNR;2019-02-14;5.44;21.89;4.86690336917851;43.9893165905683;LE PONTET
BSS002DRNR;2019-02-15;5.45;21.88;4.86690336917851;43.9893165905683;LE PONTET
BSS002DRNR;2019-02-16;5.46;21.87;4.86690336917851;43.9893165905683;LE PONTET
BSS002DRNR;2019-02-17;5.47;21.86;4.86690336917851;43.9893165905683;LE PONTET
BSS002DRNR;2019-02-18;5.47;21.86;4.86690336917851;43.9893165905683;LE PONTET
BSS002DRNR;2019-02-19;5.48;21.85;4.86690336917851;43.9893165905683;LE PONTET
BSS002DRNR;2019-02-20;5.48;21.85;4.86690336917851;43.9893165905683;LE PONTET
BSS002DRNR;2019-02-21;5.49;21.84;4.86690336917851;43.9893165905683;LE PONTET
BSS002DRNR;2019-02-22;5.5;21.83;4.86690336917851;43.9893165905683;LE PONTET
BSS002DRNR;2019-02-23;5.51;21.82;4.86690336917851;43.9893165905683;LE PONTET
BSS002DRNR;2019-02-24;5.51;21.82;4.86690336917851;43.9893165905683;LE PONTET
BSS002DRNR;2019-02-25;5.52;21.81;4.86690336917851;43.9893165905683;LE PONTET
BSS002DRNR;2019-02-26;5.52;21.81;4.86690336917851;43.9893165905683;LE PONTET
BSS002DRNR;2019-02-27;5.53;21.8;4.86690336917851;43.9893165905683;LE PONTET
BSS002DRNR;2019-02-28;5.54;21.79;4.86690336917851;43.9893165905683;LE PONTET
BSS002DRNR;2019-03-01;5.54;21.79;4.86690336917851;43.9893165905683;LE PONTET
BSS002DRNR;2019-03-02;5.55;21.78;4.86690336917851;43.9893165905683;LE PONTET
BSS002DRNR;2019-03-03;5.56;21.77;4.86690336917851;43.9893165905683;LE PONTET
BSS002DRNR;2019-03-04;5.56;21.77;4.86690336917851;43.9893165905683;LE PONTET
BSS002DRNR;2019-03-05;5.57;21.76;4.86690336917851;43.9893165905683;LE PONTET
BSS002DRNR;2019-03-06;5.58;21.75;4.86690336917851;43.9893165905683;LE PONTET
BSS002DRNR;2019-03-07;5.56;21.77;4.86690336917851;43.9893165905683;LE PONTET
BSS002DRNR;2019-03-08;5.55;21.78;4.86690336917851;43.9893165905683;LE PONTET
BSS002DRNR;2019-03-09;5.54;21.79;4.86690336917851;43.9893165905683;LE PONTET
BSS002DRNR;2019-03-10;5.53;21.8;4.86690336917851;43.9893165905683;LE PONTET
BSS002DRNR;2019-03-11;5.53;21.8;4.86690336917851;43.9893165905683;LE PONTET
BSS002DRNR;2019-03-12;5.54;21.79;4.86690336917851;43.9893165905683;LE PONTET
BSS002DRNR;2019-03-13;5.53;21.8;4.86690336917851;43.9893165905683;LE PONTET
BSS002DRNR;2019-03-14;5.52;21.81;4.86690336917851;43.9893165905683;LE PONTET
BSS002DRNR;2019-03-15;5.51;21.82;4.86690336917851;43.9893165905683;LE PONTET
BSS002DRNR;2019-03-16;5.51;21.82;4.86690336917851;43.9893165905683;LE PONTET
BSS002DRNR;2019-03-17;5.51;21.82;4.86690336917851;43.9893165905683;LE PONTET
BSS002DRNR;2019-03-18;5.51;21.82;4.86690336917851;43.9893165905683;LE PONTET
BSS002DRNR;2019-03-19;5.51;21.82;4.86690336917851;43.9893165905683;LE PONTET
BSS002DRNR;2019-03-20;5.51;21.82;4.86690336917851;43.9893165905683;LE PONTET
BSS002DRNR;2019-03-21;5.51;21.82;4.86690336917851;43.9893165905683;LE PONTET
BSS002DRNR;2019-03-22;5.5;21.83;4.86690336917851;43.9893165905683;LE PONTET
BSS002DRNR;2019-03-23;5.5;21.83;4.86690336917851;43.9893165905683;LE PONTET
BSS002DRNR;2019-03-24;5.49;21.84;4.86690336917851;43.9893165905683;LE PONTET
BSS002DRNR;2019-03-25;5.49;21.84;4.86690336917851;43.9893165905683;LE PONTET
BSS002DRNR;2019-03-26;5.48;21.85;4.86690336917851;43.9893165905683;LE PONTET
BSS002DRNR;2019-03-27;5.49;21.84;4.86690336917851;43.9893165905683;LE PONTET
BSS002DRNR;2019-03-28;5.49;21.84;4.86690336917851;43.9893165905683;LE PONTET
BSS002DRNR;2019-03-29;5.48;21.85;4.86690336917851;43.9893165905683;LE PONTET
BSS002DRNR;2019-03-30;5.47;21.86;4.86690336917851;43.9893165905683;LE PONTET
BSS002DRNR;2019-03-31;5.46;21.87;4.86690336917851;43.9893165905683;LE PONTET
BSS002DRNR;2019-04-01;5.45;21.88;4.86690336917851;43.9893165905683;LE PONTET
BSS002DRNR;2019-04-02;5.43;21.9;4.86690336917851;43.9893165905683;LE PONTET
BSS002DRNR;2019-04-03;5.38;21.95;4.86690336917851;43.9893165905683;LE PONTET
BSS002DRNR;2019-04-04;5.36;21.97;4.86690336917851;43.9893165905683;LE PONTET
BSS002DRNR;2019-04-05;5.35;21.98;4.86690336917851;43.9893165905683;LE PONTET
BSS002DRNR;2019-04-06;5.34;21.99;4.86690336917851;43.9893165905683;LE PONTET
BSS002DRNR;2019-04-07;5.34;21.99;4.86690336917851;43.9893165905683;LE PONTET
BSS002DRNR;2019-04-08;5.33;22.0;4.86690336917851;43.9893165905683;LE PONTET
BSS002DRNR;2019-04-09;5.33;22.0;4.86690336917851;43.9893165905683;LE PONTET
BSS002DRNR;2019-04-10;5.32;22.01;4.86690336917851;43.9893165905683;LE PONTET
BSS002DRNR;2019-04-11;5.31;22.02;4.86690336917851;43.9893165905683;LE PONTET
BSS002DRNR;2019-04-12;5.31;22.02;4.86690336917851;43.9893165905683;LE PONTET
BSS002DRNR;2019-04-13;5.31;22.02;4.86690336917851;43.9893165905683;LE PONTET
BSS002DRNR;2019-04-14;5.3;22.03;4.86690336917851;43.9893165905683;LE PONTET
BSS002DRNR;2019-04-15;5.3;22.03;4.86690336917851;43.9893165905683;LE PONTET
BSS002DRNR;2019-04-16;5.29;22.04;4.86690336917851;43.9893165905683;LE PONTET
BSS002DRNR;2019-04-17;5.29;22.04;4.86690336917851;43.9893165905683;LE PONTET
BSS002DRNR;2019-04-18;5.3;22.03;4.86690336917851;43.9893165905683;LE PONTET
BSS002DRNR;2019-04-19;5.3;22.03;4.86690336917851;43.9893165905683;LE PONTET
BSS002DRNR;2019-04-20;5.3;22.03;4.86690336917851;43.9893165905683;LE PONTET
BSS002DRNR;2019-04-21;5.29;22.04;4.86690336917851;43.9893165905683;LE PONTET
BSS002DRNR;2019-04-22;5.29;22.04;4.86690336917851;43.9893165905683;LE PONTET
BSS002DRNR;2019-04-23;5.28;22.05;4.86690336917851;43.9893165905683;LE PONTET
BSS002DRNR;2019-04-24;5.28;22.05;4.86690336917851;43.9893165905683;LE PONTET
BSS002DRNR;2019-04-25;5.28;22.05;4.86690336917851;43.9893165905683;LE PONTET
BSS002DRNR;2019-04-26;5.27;22.06;4.86690336917851;43.9893165905683;LE PONTET
BSS002DRNR;2019-04-27;5.26;22.07;4.86690336917851;43.9893165905683;LE PONTET
BSS002DRNR;2019-04-28;5.25;22.08;4.86690336917851;43.9893165905683;LE PONTET
BSS002DRNR;2019-04-29;5.25;22.08;4.86690336917851;43.9893165905683;LE PONTET
BSS002DRNR;2019-04-30;5.25;22.08;4.86690336917851;43.9893165905683;LE PONTET
BSS002DRNR;2019-05-01;5.25;22.08;4.86690336917851;43.9893165905683;LE PONTET
BSS002DRNR;2019-05-02;5.24;22.09;4.86690336917851;43.9893165905683;LE PONTET
BSS002DRNR;2019-05-03;5.24;22.09;4.86690336917851;43.9893165905683;LE PONTET
BSS002DRNR;2019-05-04;5.24;22.09;4.86690336917851;43.9893165905683;LE PONTET
BSS002DRNR;2019-05-05;5.23;22.1;4.86690336917851;43.9893165905683;LE PONTET
BSS002DRNR;2019-05-06;5.24;22.09;4.86690336917851;43.9893165905683;LE PONTET
BSS002DRNR;2019-05-07;5.24;22.09;4.86690336917851;43.9893165905683;LE PONTET
BSS002DRNR;2019-05-08;5.23;22.1;4.86690336917851;43.9893165905683;LE PONTET
BSS002DRNR;2019-05-09;5.23;22.1;4.86690336917851;43.9893165905683;LE PONTET
BSS002DRNR;2019-05-10;5.23;22.1;4.86690336917851;43.9893165905683;LE PONTET
BSS002DRNR;2019-05-11;5.23;22.1;4.86690336917851;43.9893165905683;LE PONTET
BSS002DRNR;2019-05-12;5.23;22.1;4.86690336917851;43.9893165905683;LE PONTET
BSS002DRNR;2019-05-13;5.23;22.1;4.86690336917851;43.9893165905683;LE PONTET
BSS002DRNR;2019-05-14;5.22;22.11;4.86690336917851;43.9893165905683;LE PONTET
BSS002DRNR;2019-05-15;5.23;22.1;4.86690336917851;43.9893165905683;LE PONTET
BSS002DRNR;2019-05-16;5.25;22.08;4.86690336917851;43.9893165905683;LE PONTET
BSS002DRNR;2019-05-17;5.26;22.07;4.86690336917851;43.9893165905683;LE PONTET
BSS002DRNR;2019-05-18;5.26;22.07;4.86690336917851;43.9893165905683;LE PONTET
BSS002DRNR;2019-05-19;5.26;22.07;4.86690336917851;43.9893165905683;LE PONTET
BSS002DRNR;2019-05-20;5.25;22.08;4.86690336917851;43.9893165905683;LE PONTET
BSS002DRNR;2019-05-21;5.25;22.08;4.86690336917851;43.9893165905683;LE PONTET
BSS002DRNR;2019-05-22;5.25;22.08;4.86690336917851;43.9893165905683;LE PONTET
BSS002DRNR;2019-05-23;5.26;22.07;4.86690336917851;43.9893165905683;LE PONTET
BSS002DRNR;2019-05-24;5.26;22.07;4.86690336917851;43.9893165905683;LE PONTET
BSS002DRNR;2019-05-25;5.25;22.08;4.86690336917851;43.9893165905683;LE PONTET
BSS002DRNR;2019-05-26;5.26;22.07;4.86690336917851;43.9893165905683;LE PONTET
BSS002DRNR;2019-05-27;5.26;22.07;4.86690336917851;43.9893165905683;LE PONTET
BSS002DRNR;2019-05-28;5.26;22.07;4.86690336917851;43.9893165905683;LE PONTET
BSS002DRNR;2019-05-29;5.26;22.07;4.86690336917851;43.9893165905683;LE PONTET
BSS002DRNR;2019-05-30;5.26;22.07;4.86690336917851;43.9893165905683;LE PONTET
BSS002DRNR;2019-05-31;5.27;22.06;4.86690336917851;43.9893165905683;LE PONTET
BSS002DRNR;2019-06-01;5.28;22.05;4.86690336917851;43.9893165905683;LE PONTET
BSS002DRNR;2019-06-02;5.27;22.06;4.86690336917851;43.9893165905683;LE PONTET
BSS002DRNR;2019-06-03;5.27;22.06;4.86690336917851;43.9893165905683;LE PONTET
BSS002DRNR;2019-06-04;5.26;22.07;4.86690336917851;43.9893165905683;LE PONTET
BSS002DRNR;2019-06-05;5.26;22.07;4.86690336917851;43.9893165905683;LE PONTET
BSS002DRNR;2019-06-06;5.27;22.06;4.86690336917851;43.9893165905683;LE PONTET
BSS002DRNR;2019-06-07;5.27;22.06;4.86690336917851;43.9893165905683;LE PONTET
BSS002DRNR;2019-06-08;5.27;22.06;4.86690336917851;43.9893165905683;LE PONTET
BSS002DRNR;2019-06-09;5.27;22.06;4.86690336917851;43.9893165905683;LE PONTET
BSS002DRNR;2019-06-10;5.26;22.07;4.86690336917851;43.9893165905683;LE PONTET
BSS002DRNR;2019-06-11;5.23;22.1;4.86690336917851;43.9893165905683;LE PONTET
BSS002DRNR;2019-06-12;5.22;22.11;4.86690336917851;43.9893165905683;LE PONTET
BSS002DRNR;2019-06-13;5.22;22.11;4.86690336917851;43.9893165905683;LE PONTET
BSS002DRNR;2019-06-14;5.21;22.12;4.86690336917851;43.9893165905683;LE PONTET
BSS002DRNR;2019-06-15;5.22;22.11;4.86690336917851;43.9893165905683;LE PONTET
BSS002DRNR;2019-06-16;5.22;22.11;4.86690336917851;43.9893165905683;LE PONTET
BSS002DRNR;2019-06-17;5.22;22.11;4.86690336917851;43.9893165905683;LE PONTET
BSS002DRNR;2019-06-18;5.22;22.11;4.86690336917851;43.9893165905683;LE PONTET
BSS002DRNR;2019-06-19;5.23;22.1;4.86690336917851;43.9893165905683;LE PONTET
BSS002DRNR;2019-06-20;5.24;22.09;4.86690336917851;43.9893165905683;LE PONTET
BSS002DRNR;2019-06-21;5.24;22.09;4.86690336917851;43.9893165905683;LE PONTET
BSS002DRNR;2019-06-22;5.24;22.09;4.86690336917851;43.9893165905683;LE PONTET
BSS002DRNR;2019-06-23;5.24;22.09;4.86690336917851;43.9893165905683;LE PONTET
BSS002DRNR;2019-06-24;5.24;22.09;4.86690336917851;43.9893165905683;LE PONTET
BSS002DRNR;2019-06-25;5.25;22.08;4.86690336917851;43.9893165905683;LE PONTET
BSS002DRNR;2019-06-26;5.25;22.08;4.86690336917851;43.9893165905683;LE PONTET
BSS002DRNR;2019-06-27;5.25;22.08;4.86690336917851;43.9893165905683;LE PONTET
BSS002DRNR;2019-06-28;5.26;22.07;4.86690336917851;43.9893165905683;LE PONTET
BSS002DRNR;2019-06-29;5.26;22.07;4.86690336917851;43.9893165905683;LE PONTET
BSS002DRNR;2019-06-30;5.26;22.07;4.86690336917851;43.9893165905683;LE PONTET
BSS002DRNR;2019-07-01;5.26;22.07;4.86690336917851;43.9893165905683;LE PONTET
BSS002DRNR;2019-07-02;5.25;22.08;4.86690336917851;43.9893165905683;LE PONTET
BSS002DRNR;2019-07-03;5.25;22.08;4.86690336917851;43.9893165905683;LE PONTET
BSS002DRNR;2019-07-04;5.25;22.08;4.86690336917851;43.9893165905683;LE PONTET
BSS002DRNR;2019-07-05;5.26;22.07;4.86690336917851;43.9893165905683;LE PONTET
BSS002DRNR;2019-07-06;5.27;22.06;4.86690336917851;43.9893165905683;LE PONTET
BSS002DRNR;2019-07-07;5.23;22.1;4.86690336917851;43.9893165905683;LE PONTET
BSS002DRNR;2019-07-08;5.22;22.11;4.86690336917851;43.9893165905683;LE PONTET
BSS002DRNR;2019-07-09;5.21;22.12;4.86690336917851;43.9893165905683;LE PONTET
BSS002DRNR;2019-07-10;5.21;22.12;4.86690336917851;43.9893165905683;LE PONTET
BSS002DRNR;2019-07-11;5.21;22.12;4.86690336917851;43.9893165905683;LE PONTET
BSS002DRNR;2019-07-12;5.23;22.1;4.86690336917851;43.9893165905683;LE PONTET
BSS002DRNR;2019-07-13;5.23;22.1;4.86690336917851;43.9893165905683;LE PONTET
BSS002DRNR;2019-07-14;5.25;22.08;4.86690336917851;43.9893165905683;LE PONTET
BSS002DRNR;2019-07-15;5.25;22.08;4.86690336917851;43.9893165905683;LE PONTET
BSS002DRNR;2019-07-16;5.26;22.07;4.86690336917851;43.9893165905683;LE PONTET
BSS002DRNR;2019-07-17;5.26;22.07;4.86690336917851;43.9893165905683;LE PONTET
BSS002DRNR;2019-07-18;5.28;22.05;4.86690336917851;43.9893165905683;LE PONTET
BSS002DRNR;2019-07-19;5.3;22.03;4.86690336917851;43.9893165905683;LE PONTET
BSS002DRNR;2019-07-20;5.31;22.02;4.86690336917851;43.9893165905683;LE PONTET
BSS002DRNR;2019-07-21;5.32;22.01;4.86690336917851;43.9893165905683;LE PONTET
BSS002DRNR;2019-07-22;5.31;22.02;4.86690336917851;43.9893165905683;LE PONTET
BSS002DRNR;2019-07-23;5.31;22.02;4.86690336917851;43.9893165905683;LE PONTET
BSS002DRNR;2019-07-24;5.31;22.02;4.86690336917851;43.9893165905683;LE PONTET
BSS002DRNR;2019-07-25;5.31;22.02;4.86690336917851;43.9893165905683;LE PONTET
BSS002DRNR;2019-07-26;5.3;22.03;4.86690336917851;43.9893165905683;LE PONTET
BSS002DRNR;2019-07-27;5.3;22.03;4.86690336917851;43.9893165905683;LE PONTET
BSS002DRNR;2019-07-28;5.3;22.03;4.86690336917851;43.9893165905683;LE PONTET
BSS002DRNR;2019-07-29;5.3;22.03;4.86690336917851;43.9893165905683;LE PONTET
BSS002DRNR;2019-07-30;5.3;22.03;4.86690336917851;43.9893165905683;LE PONTET
BSS002DRNR;2019-07-31;5.3;22.03;4.86690336917851;43.9893165905683;LE PONTET
BSS002DRNR;2019-08-01;5.3;22.03;4.86690336917851;43.9893165905683;LE PONTET
BSS002DRNR;2019-08-02;5.31;22.02;4.86690336917851;43.9893165905683;LE PONTET
BSS002DRNR;2019-08-03;5.31;22.02;4.86690336917851;43.9893165905683;LE PONTET
BSS002DRNR;2019-08-04;5.31;22.02;4.86690336917851;43.9893165905683;LE PONTET
BSS002DRNR;2019-08-05;5.31;22.02;4.86690336917851;43.9893165905683;LE PONTET
BSS002DRNR;2019-08-06;5.3;22.03;4.86690336917851;43.9893165905683;LE PONTET
BSS002DRNR;2019-08-07;5.31;22.02;4.86690336917851;43.9893165905683;LE PONTET
BSS002DRNR;2019-08-08;5.32;22.01;4.86690336917851;43.9893165905683;LE PONTET
BSS002DRNR;2019-08-09;5.33;22.0;4.86690336917851;43.9893165905683;LE PONTET
BSS002DRNR;2019-08-10;5.33;22.0;4.86690336917851;43.9893165905683;LE PONTET
BSS002DRNR;2019-08-11;5.33;22.0;4.86690336917851;43.9893165905683;LE PONTET
BSS002DRNR;2019-08-12;5.33;22.0;4.86690336917851;43.9893165905683;LE PONTET
BSS002DRNR;2019-08-13;5.33;22.0;4.86690336917851;43.9893165905683;LE PONTET
BSS002DRNR;2019-08-14;5.33;22.0;4.86690336917851;43.9893165905683;LE PONTET
BSS002DRNR;2019-08-15;5.33;22.0;4.86690336917851;43.9893165905683;LE PONTET
BSS002DRNR;2019-08-16;5.33;22.0;4.86690336917851;43.9893165905683;LE PONTET
BSS002DRNR;2019-08-17;5.34;21.99;4.86690336917851;43.9893165905683;LE PONTET
BSS002DRNR;2019-08-18;5.34;21.99;4.86690336917851;43.9893165905683;LE PONTET
BSS002DRNR;2019-08-19;5.34;21.99;4.86690336917851;43.9893165905683;LE PONTET
BSS002DRNR;2019-08-20;5.33;22.0;4.86690336917851;43.9893165905683;LE PONTET
BSS002DRNR;2019-08-21;5.33;22.0;4.86690336917851;43.9893165905683;LE PONTET
BSS002DRNR;2019-08-22;5.34;21.99;4.86690336917851;43.9893165905683;LE PONTET
BSS002DRNR;2019-08-23;5.34;21.99;4.86690336917851;43.9893165905683;LE PONTET
BSS002DRNR;2019-08-24;5.34;21.99;4.86690336917851;43.9893165905683;LE PONTET
BSS002DRNR;2019-08-25;5.33;22.0;4.86690336917851;43.9893165905683;LE PONTET
BSS002DRNR;2019-08-26;5.33;22.0;4.86690336917851;43.9893165905683;LE PONTET
BSS002DRNR;2019-08-27;5.34;21.99;4.86690336917851;43.9893165905683;LE PONTET
BSS002DRNR;2019-08-28;5.33;22.0;4.86690336917851;43.9893165905683;LE PONTET
BSS002DRNR;2019-08-29;5.33;22.0;4.86690336917851;43.9893165905683;LE PONTET
BSS002DRNR;2019-08-30;5.33;22.0;4.86690336917851;43.9893165905683;LE PONTET
BSS002DRNR;2019-08-31;5.33;22.0;4.86690336917851;43.9893165905683;LE PONTET
BSS002DRNR;2019-09-01;5.33;22.0;4.86690336917851;43.9893165905683;LE PONTET
BSS002DRNR;2019-09-02;5.32;22.01;4.86690336917851;43.9893165905683;LE PONTET
BSS002DRNR;2019-09-03;5.33;22.0;4.86690336917851;43.9893165905683;LE PONTET
BSS002DRNR;2019-09-04;5.34;21.99;4.86690336917851;43.9893165905683;LE PONTET
BSS002DRNR;2019-09-05;5.34;21.99;4.86690336917851;43.9893165905683;LE PONTET
BSS002DRNR;2019-09-06;5.35;21.98;4.86690336917851;43.9893165905683;LE PONTET
BSS002DRNR;2019-09-07;5.35;21.98;4.86690336917851;43.9893165905683;LE PONTET
BSS002DRNR;2019-09-08;5.35;21.98;4.86690336917851;43.9893165905683;LE PONTET
BSS002DRNR;2019-09-09;5.35;21.98;4.86690336917851;43.9893165905683;LE PONTET
BSS002DRNR;2019-09-10;5.34;21.99;4.86690336917851;43.9893165905683;LE PONTET
BSS002DRNR;2019-09-11;5.34;21.99;4.86690336917851;43.9893165905683;LE PONTET
BSS002DRNR;2019-09-12;5.35;21.98;4.86690336917851;43.9893165905683;LE PONTET
BSS002DRNR;2019-09-13;5.36;21.97;4.86690336917851;43.9893165905683;LE PONTET
BSS002DRNR;2019-09-14;5.36;21.97;4.86690336917851;43.9893165905683;LE PONTET
BSS002DRNR;2019-09-15;5.36;21.97;4.86690336917851;43.9893165905683;LE PONTET
BSS002DRNR;2019-09-16;5.35;21.98;4.86690336917851;43.9893165905683;LE PONTET
BSS002DRNR;2019-09-17;5.35;21.98;4.86690336917851;43.9893165905683;LE PONTET
BSS002DRNR;2019-09-18;5.35;21.98;4.86690336917851;43.9893165905683;LE PONTET
BSS002DRNR;2019-09-19;5.35;21.98;4.86690336917851;43.9893165905683;LE PONTET
BSS002DRNR;2019-09-20;5.36;21.97;4.86690336917851;43.9893165905683;LE PONTET
BSS002DRNR;2019-09-21;5.34;21.99;4.86690336917851;43.9893165905683;LE PONTET
BSS002DRNR;2019-09-22;5.34;21.99;4.86690336917851;43.9893165905683;LE PONTET
BSS002DRNR;2019-09-23;5.34;21.99;4.86690336917851;43.9893165905683;LE PONTET
BSS002DRNR;2019-09-24;5.34;21.99;4.86690336917851;43.9893165905683;LE PONTET
BSS002DRNR;2019-09-25;5.34;21.99;4.86690336917851;43.9893165905683;LE PONTET
BSS002DRNR;2019-09-26;5.35;21.98;4.86690336917851;43.9893165905683;LE PONTET
BSS002DRNR;2019-09-27;5.35;21.98;4.86690336917851;43.9893165905683;LE PONTET
BSS002DRNR;2019-09-28;5.36;21.97;4.86690336917851;43.9893165905683;LE PONTET
BSS002DRNR;2019-09-29;5.36;21.97;4.86690336917851;43.9893165905683;LE PONTET
BSS002DRNR;2019-09-30;5.36;21.97;4.86690336917851;43.9893165905683;LE PONTET
BSS002DRNR;2019-10-01;5.37;21.96;4.86690336917851;43.9893165905683;LE PONTET
BSS002DRNR;2019-10-02;5.35;21.98;4.86690336917851;43.9893165905683;LE PONTET
BSS002DRNR;2019-10-03;5.35;21.98;4.86690336917851;43.9893165905683;LE PONTET
BSS002DRNR;2019-10-04;5.35;21.98;4.86690336917851;43.9893165905683;LE PONTET
BSS002DRNR;2019-10-05;5.36;21.97;4.86690336917851;43.9893165905683;LE PONTET
BSS002DRNR;2019-10-06;5.37;21.96;4.86690336917851;43.9893165905683;LE PONTET
BSS002DRNR;2019-10-07;5.37;21.96;4.86690336917851;43.9893165905683;LE PONTET
BSS002DRNR;2019-10-08;5.38;21.95;4.86690336917851;43.9893165905683;LE PONTET
BSS002DRNR;2019-10-09;5.4;21.93;4.86690336917851;43.9893165905683;LE PONTET
BSS002DRNR;2019-10-10;5.41;21.92;4.86690336917851;43.9893165905683;LE PONTET
BSS002DRNR;2019-10-11;5.41;21.92;4.86690336917851;43.9893165905683;LE PONTET
BSS002DRNR;2019-10-12;5.42;21.91;4.86690336917851;43.9893165905683;LE PONTET
BSS002DRNR;2019-10-13;5.42;21.91;4.86690336917851;43.9893165905683;LE PONTET
BSS002DRNR;2019-10-14;5.43;21.9;4.86690336917851;43.9893165905683;LE PONTET
BSS002DRNR;2019-10-15;5.42;21.91;4.86690336917851;43.9893165905683;LE PONTET
BSS002DRNR;2019-10-16;5.42;21.91;4.86690336917851;43.9893165905683;LE PONTET
BSS002DRNR;2019-10-17;5.43;21.9;4.86690336917851;43.9893165905683;LE PONTET
BSS002DRNR;2019-10-18;5.45;21.88;4.86690336917851;43.9893165905683;LE PONTET
BSS002DRNR;2019-10-19;5.47;21.86;4.86690336917851;43.9893165905683;LE PONTET
BSS002DRNR;2019-10-20;5.49;21.84;4.86690336917851;43.9893165905683;LE PONTET
BSS002DRNR;2019-10-21;5.39;21.94;4.86690336917851;43.9893165905683;LE PONTET
BSS002DRNR;2019-10-22;5.35;21.98;4.86690336917851;43.9893165905683;LE PONTET
BSS002DRNR;2019-10-23;5.29;22.04;4.86690336917851;43.9893165905683;LE PONTET
BSS002DRNR;2019-10-24;5.22;22.11;4.86690336917851;43.9893165905683;LE PONTET
BSS002DRNR;2019-10-25;5.22;22.11;4.86690336917851;43.9893165905683;LE PONTET
BSS002DRNR;2019-10-26;5.23;22.1;4.86690336917851;43.9893165905683;LE PONTET
BSS002DRNR;2019-10-27;5.23;22.1;4.86690336917851;43.9893165905683;LE PONTET
BSS002DRNR;2019-10-28;5.23;22.1;4.86690336917851;43.9893165905683;LE PONTET
BSS002DRNR;2019-10-29;5.23;22.1;4.86690336917851;43.9893165905683;LE PONTET
BSS002DRNR;2019-10-30;5.24;22.09;4.86690336917851;43.9893165905683;LE PONTET
BSS002DRNR;2019-10-31;5.25;22.08;4.86690336917851;43.9893165905683;LE PONTET
BSS002DRNR;2019-11-01;5.26;22.07;4.86690336917851;43.9893165905683;LE PONTET
BSS002DRNR;2019-11-02;5.25;22.08;4.86690336917851;43.9893165905683;LE PONTET
BSS002DRNR;2019-11-03;5.22;22.11;4.86690336917851;43.9893165905683;LE PONTET
BSS002DRNR;2019-11-04;5.21;22.12;4.86690336917851;43.9893165905683;LE PONTET
BSS002DRNR;2019-11-05;5.19;22.14;4.86690336917851;43.9893165905683;LE PONTET
BSS002DRNR;2019-11-06;5.19;22.14;4.86690336917851;43.9893165905683;LE PONTET
BSS002DRNR;2019-11-07;5.19;22.14;4.86690336917851;43.9893165905683;LE PONTET
BSS002DRNR;2019-11-08;5.19;22.14;4.86690336917851;43.9893165905683;LE PONTET
BSS002DRNR;2019-11-09;5.2;22.13;4.86690336917851;43.9893165905683;LE PONTET
BSS002DRNR;2019-11-10;5.21;22.12;4.86690336917851;43.9893165905683;LE PONTET
BSS002DRNR;2019-11-11;5.21;22.12;4.86690336917851;43.9893165905683;LE PONTET
BSS002DRNR;2019-11-12;5.22;22.11;4.86690336917851;43.9893165905683;LE PONTET
BSS002DRNR;2019-11-13;5.23;22.1;4.86690336917851;43.9893165905683;LE PONTET
BSS002DRNR;2019-11-14;5.22;22.11;4.86690336917851;43.9893165905683;LE PONTET
BSS002DRNR;2019-11-15;5.18;22.15;4.86690336917851;43.9893165905683;LE PONTET
BSS002DRNR;2019-11-16;5.18;22.15;4.86690336917851;43.9893165905683;LE PONTET
BSS002DRNR;2019-11-17;5.18;22.15;4.86690336917851;43.9893165905683;LE PONTET
BSS002DRNR;2019-11-18;5.19;22.14;4.86690336917851;43.9893165905683;LE PONTET
BSS002DRNR;2019-11-19;5.2;22.13;4.86690336917851;43.9893165905683;LE PONTET
BSS002DRNR;2019-11-20;5.22;22.11;4.86690336917851;43.9893165905683;LE PONTET
BSS002DRNR;2019-11-21;5.24;22.09;4.86690336917851;43.9893165905683;LE PONTET
BSS002DRNR;2019-11-22;5.24;22.09;4.86690336917851;43.9893165905683;LE PONTET
BSS002DRNR;2019-11-23;5.11;22.22;4.86690336917851;43.9893165905683;LE PONTET
BSS002DRNR;2019-11-24;5.02;22.31;4.86690336917851;43.9893165905683;LE PONTET
BSS002DRNR;2019-11-25;5.0;22.33;4.86690336917851;43.9893165905683;LE PONTET
BSS002DRNR;2019-11-26;5.0;22.33;4.86690336917851;43.9893165905683;LE PONTET
BSS002DRNR;2019-11-27;5.01;22.32;4.86690336917851;43.9893165905683;LE PONTET
BSS002DRNR;2019-11-28;5.03;22.3;4.86690336917851;43.9893165905683;LE PONTET
BSS002DRNR;2019-11-29;5.05;22.28;4.86690336917851;43.9893165905683;LE PONTET
BSS002DRNR;2019-11-30;5.07;22.26;4.86690336917851;43.9893165905683;LE PONTET
BSS002DRNR;2019-12-01;4.91;22.42;4.86690336917851;43.9893165905683;LE PONTET
BSS002DRNR;2019-12-02;4.84;22.49;4.86690336917851;43.9893165905683;LE PONTET
BSS002DRNR;2019-12-03;4.85;22.48;4.86690336917851;43.9893165905683;LE PONTET
BSS002DRNR;2019-12-04;4.88;22.45;4.86690336917851;43.9893165905683;LE PONTET
BSS002DRNR;2019-12-05;4.91;22.42;4.86690336917851;43.9893165905683;LE PONTET
BSS002DRNR;2019-12-06;4.93;22.4;4.86690336917851;43.9893165905683;LE PONTET
BSS002DRNR;2019-12-07;4.96;22.37;4.86690336917851;43.9893165905683;LE PONTET
BSS002DRNR;2019-12-08;4.98;22.35;4.86690336917851;43.9893165905683;LE PONTET
BSS002DRNR;2019-12-09;5.0;22.33;4.86690336917851;43.9893165905683;LE PONTET
BSS002DRNR;2019-12-10;5.02;22.31;4.86690336917851;43.9893165905683;LE PONTET
BSS002DRNR;2019-12-11;5.04;22.29;4.86690336917851;43.9893165905683;LE PONTET
BSS002DRNR;2019-12-12;5.05;22.28;4.86690336917851;43.9893165905683;LE PONTET
BSS002DRNR;2019-12-13;5.06;22.27;4.86690336917851;43.9893165905683;LE PONTET
BSS002DRNR;2019-12-14;5.08;22.25;4.86690336917851;43.9893165905683;LE PONTET
BSS002DRNR;2019-12-15;5.1;22.23;4.86690336917851;43.9893165905683;LE PONTET
BSS002DRNR;2019-12-16;5.11;22.22;4.86690336917851;43.9893165905683;LE PONTET
BSS002DRNR;2019-12-17;5.13;22.2;4.86690336917851;43.9893165905683;LE PONTET
BSS002DRNR;2019-12-18;5.14;22.19;4.86690336917851;43.9893165905683;LE PONTET
BSS002DRNR;2019-12-19;5.16;22.17;4.86690336917851;43.9893165905683;LE PONTET
BSS002DRNR;2019-12-20;5.1;22.23;4.86690336917851;43.9893165905683;LE PONTET
BSS002DRNR;2019-12-21;5.03;22.3;4.86690336917851;43.9893165905683;LE PONTET
BSS002DRNR;2019-12-22;5.01;22.32;4.86690336917851;43.9893165905683;LE PONTET
BSS002DRNR;2019-12-23;5.0;22.33;4.86690336917851;43.9893165905683;LE PONTET
BSS002DRNR;2019-12-24;5.0;22.33;4.86690336917851;43.9893165905683;LE PONTET
BSS002DRNR;2019-12-25;5.01;22.32;4.86690336917851;43.9893165905683;LE PONTET
BSS002DRNR;2019-12-26;5.02;22.31;4.86690336917851;43.9893165905683;LE PONTET
BSS002DRNR;2019-12-27;5.04;22.29;4.86690336917851;43.9893165905683;LE PONTET
BSS002DRNR;2019-12-28;5.06;22.27;4.86690336917851;43.9893165905683;LE PONTET
BSS002DRNR;2019-12-29;5.07;22.26;4.86690336917851;43.9893165905683;LE PONTET
BSS002DRNR;2019-12-30;5.09;22.24;4.86690336917851;43.9893165905683;LE PONTET
BSS002DRNR;2019-12-31;5.1;22.23;4.86690336917851;43.9893165905683;LE PONTET
BSS002DRNR;2020-01-01;5.12;22.21;4.86690336917851;43.9893165905683;LE PONTET
BSS002DRNR;2020-01-02;5.13;22.2;4.86690336917851;43.9893165905683;LE PONTET
BSS002DRNR;2020-01-03;5.14;22.19;4.86690336917851;43.9893165905683;LE PONTET
BSS002DRNR;2020-01-04;5.16;22.17;4.86690336917851;43.9893165905683;LE PONTET
BSS002DRNR;2020-01-05;5.16;22.17;4.86690336917851;43.9893165905683;LE PONTET
BSS002DRNR;2020-01-06;5.18;22.15;4.86690336917851;43.9893165905683;LE PONTET
BSS002DRNR;2020-01-07;5.19;22.14;4.86690336917851;43.9893165905683;LE PONTET
BSS002DRNR;2020-01-08;5.2;22.13;4.86690336917851;43.9893165905683;LE PONTET
BSS002DRNR;2020-01-09;5.22;22.11;4.86690336917851;43.9893165905683;LE PONTET
BSS002DRNR;2020-01-10;5.23;22.1;4.86690336917851;43.9893165905683;LE PONTET
BSS002DRNR;2020-01-11;5.24;22.09;4.86690336917851;43.9893165905683;LE PONTET
BSS002DRNR;2020-01-12;5.24;22.09;4.86690336917851;43.9893165905683;LE PONTET
BSS002DRNR;2020-01-13;5.26;22.07;4.86690336917851;43.9893165905683;LE PONTET
BSS002DRNR;2020-01-14;5.27;22.06;4.86690336917851;43.9893165905683;LE PONTET
BSS002DRNR;2020-01-15;5.28;22.05;4.86690336917851;43.9893165905683;LE PONTET
BSS002DRNR;2020-01-16;5.29;22.04;4.86690336917851;43.9893165905683;LE PONTET
BSS002DRNR;2020-01-17;5.3;22.03;4.86690336917851;43.9893165905683;LE PONTET
BSS002DRNR;2020-01-18;5.3;22.03;4.86690336917851;43.9893165905683;LE PONTET
BSS002DRNR;2020-01-19;5.3;22.03;4.86690336917851;43.9893165905683;LE PONTET
BSS002DRNR;2020-01-20;5.31;22.02;4.86690336917851;43.9893165905683;LE PONTET
BSS002DRNR;2020-01-21;5.32;22.01;4.86690336917851;43.9893165905683;LE PONTET
BSS002DRNR;2020-01-22;5.33;22.0;4.86690336917851;43.9893165905683;LE PONTET
BSS002DRNR;2020-01-23;5.34;21.99;4.86690336917851;43.9893165905683;LE PONTET
BSS002DRNR;2020-01-24;5.35;21.98;4.86690336917851;43.9893165905683;LE PONTET
BSS002DRNR;2020-01-25;5.36;21.97;4.86690336917851;43.9893165905683;LE PONTET
BSS002DRNR;2020-01-26;5.35;21.98;4.86690336917851;43.9893165905683;LE PONTET
BSS002DRNR;2020-01-27;5.34;21.99;4.86690336917851;43.9893165905683;LE PONTET
BSS002DRNR;2020-01-28;5.35;21.98;4.86690336917851;43.9893165905683;LE PONTET
BSS002DRNR;2020-01-29;5.36;21.97;4.86690336917851;43.9893165905683;LE PONTET
BSS002DRNR;2020-01-30;5.37;21.96;4.86690336917851;43.9893165905683;LE PONTET
BSS002DRNR;2020-01-31;5.38;21.95;4.86690336917851;43.9893165905683;LE PONTET
BSS002DRNR;2020-02-01;5.38;21.95;4.86690336917851;43.9893165905683;LE PONTET
BSS002DRNR;2020-02-02;5.39;21.94;4.86690336917851;43.9893165905683;LE PONTET
BSS002DRNR;2020-02-03;5.4;21.93;4.86690336917851;43.9893165905683;LE PONTET
BSS002DRNR;2020-02-04;5.4;21.93;4.86690336917851;43.9893165905683;LE PONTET
BSS002DRNR;2020-02-05;5.41;21.92;4.86690336917851;43.9893165905683;LE PONTET
BSS002DRNR;2020-02-06;5.42;21.91;4.86690336917851;43.9893165905683;LE PONTET
BSS002DRNR;2020-02-07;5.42;21.91;4.86690336917851;43.9893165905683;LE PONTET
BSS002DRNR;2020-02-08;5.43;21.9;4.86690336917851;43.9893165905683;LE PONTET
BSS002DRNR;2020-02-09;5.43;21.9;4.86690336917851;43.9893165905683;LE PONTET
BSS002DRNR;2020-02-10;5.44;21.89;4.86690336917851;43.9893165905683;LE PONTET
BSS002DRNR;2020-02-11;5.44;21.89;4.86690336917851;43.9893165905683;LE PONTET
BSS002DRNR;2020-02-12;5.45;21.88;4.86690336917851;43.9893165905683;LE PONTET
BSS002DRNR;2020-02-13;5.46;21.87;4.86690336917851;43.9893165905683;LE PONTET
BSS002DRNR;2020-02-14;5.47;21.86;4.86690336917851;43.9893165905683;LE PONTET
BSS002DRNR;2020-02-15;5.48;21.85;4.86690336917851;43.9893165905683;LE PONTET
BSS002DRNR;2020-02-16;5.49;21.84;4.86690336917851;43.9893165905683;LE PONTET
BSS002DRNR;2020-02-17;5.49;21.84;4.86690336917851;43.9893165905683;LE PONTET
BSS002DRNR;2020-02-18;5.5;21.83;4.86690336917851;43.9893165905683;LE PONTET
BSS002DRNR;2020-02-19;5.5;21.83;4.86690336917851;43.9893165905683;LE PONTET
BSS002DRNR;2020-02-20;5.51;21.82;4.86690336917851;43.9893165905683;LE PONTET
BSS002DRNR;2020-02-21;5.52;21.81;4.86690336917851;43.9893165905683;LE PONTET
BSS002DRNR;2020-02-22;5.53;21.8;4.86690336917851;43.9893165905683;LE PONTET
BSS002DRNR;2020-02-23;5.53;21.8;4.86690336917851;43.9893165905683;LE PONTET
BSS002DRNR;2020-02-24;5.54;21.79;4.86690336917851;43.9893165905683;LE PONTET
BSS002DRNR;2020-02-25;5.54;21.79;4.86690336917851;43.9893165905683;LE PONTET
BSS002DRNR;2020-02-26;5.55;21.78;4.86690336917851;43.9893165905683;LE PONTET
BSS002DRNR;2020-02-27;5.55;21.78;4.86690336917851;43.9893165905683;LE PONTET
BSS002DRNR;2020-02-28;5.56;21.77;4.86690336917851;43.9893165905683;LE PONTET
BSS002DRNR;2020-02-29;5.57;21.76;4.86690336917851;43.9893165905683;LE PONTET
BSS002DRNR;2020-03-01;5.56;21.77;4.86690336917851;43.9893165905683;LE PONTET
BSS002DRNR;2020-03-02;5.56;21.77;4.86690336917851;43.9893165905683;LE PONTET
BSS002DRNR;2020-03-03;5.57;21.76;4.86690336917851;43.9893165905683;LE PONTET
BSS002DRNR;2020-03-04;5.57;21.76;4.86690336917851;43.9893165905683;LE PONTET
BSS002DRNR;2020-03-05;5.58;21.75;4.86690336917851;43.9893165905683;LE PONTET
BSS002DRNR;2020-03-06;5.57;21.76;4.86690336917851;43.9893165905683;LE PONTET
BSS002DRNR;2020-03-07;5.57;21.76;4.86690336917851;43.9893165905683;LE PONTET
BSS002DRNR;2020-03-08;5.58;21.75;4.86690336917851;43.9893165905683;LE PONTET
BSS002DRNR;2020-03-09;5.59;21.74;4.86690336917851;43.9893165905683;LE PONTET
BSS002DRNR;2020-03-10;5.59;21.74;4.86690336917851;43.9893165905683;LE PONTET
BSS002DRNR;2020-03-11;5.6;21.73;4.86690336917851;43.9893165905683;LE PONTET
BSS002DRNR;2020-03-12;5.59;21.74;4.86690336917851;43.9893165905683;LE PONTET
BSS002DRNR;2020-03-13;5.53;21.8;4.86690336917851;43.9893165905683;LE PONTET
BSS002DRNR;2020-03-14;5.49;21.84;4.86690336917851;43.9893165905683;LE PONTET
BSS002DRNR;2020-03-15;5.47;21.86;4.86690336917851;43.9893165905683;LE PONTET
BSS002DRNR;2020-03-16;5.46;21.87;4.86690336917851;43.9893165905683;LE PONTET
BSS002DRNR;2020-03-17;5.45;21.88;4.86690336917851;43.9893165905683;LE PONTET
BSS002DRNR;2020-03-18;5.45;21.88;4.86690336917851;43.9893165905683;LE PONTET
BSS002DRNR;2020-03-19;5.45;21.88;4.86690336917851;43.9893165905683;LE PONTET
BSS002DRNR;2020-03-20;5.45;21.88;4.86690336917851;43.9893165905683;LE PONTET
BSS002DRNR;2020-03-21;5.44;21.89;4.86690336917851;43.9893165905683;LE PONTET
BSS002DRNR;2020-03-22;5.45;21.88;4.86690336917851;43.9893165905683;LE PONTET
BSS002DRNR;2020-03-23;5.47;21.86;4.86690336917851;43.9893165905683;LE PONTET
BSS002DRNR;2020-03-24;5.48;21.85;4.86690336917851;43.9893165905683;LE PONTET
BSS002DRNR;2020-03-25;5.48;21.85;4.86690336917851;43.9893165905683;LE PONTET
BSS002DRNR;2020-03-26;5.47;21.86;4.86690336917851;43.9893165905683;LE PONTET
BSS002DRNR;2020-03-27;5.48;21.85;4.86690336917851;43.9893165905683;LE PONTET
BSS002DRNR;2020-03-28;5.48;21.85;4.86690336917851;43.9893165905683;LE PONTET
BSS002DRNR;2020-03-29;5.47;21.86;4.86690336917851;43.9893165905683;LE PONTET
BSS002DRNR;2020-03-30;5.47;21.86;4.86690336917851;43.9893165905683;LE PONTET
BSS002DRNR;2020-03-31;5.46;21.87;4.86690336917851;43.9893165905683;LE PONTET
BSS002DRNR;2020-04-01;5.46;21.87;4.86690336917851;43.9893165905683;LE PONTET
BSS002DRNR;2020-04-02;5.47;21.86;4.86690336917851;43.9893165905683;LE PONTET
BSS002DRNR;2020-04-03;5.48;21.85;4.86690336917851;43.9893165905683;LE PONTET
BSS002DRNR;2020-04-04;5.48;21.85;4.86690336917851;43.9893165905683;LE PONTET
BSS002DRNR;2020-04-05;5.48;21.85;4.86690336917851;43.9893165905683;LE PONTET
BSS002DRNR;2020-04-06;5.49;21.84;4.86690336917851;43.9893165905683;LE PONTET
BSS002DRNR;2020-04-07;5.48;21.85;4.86690336917851;43.9893165905683;LE PONTET
BSS002DRNR;2020-04-08;5.48;21.85;4.86690336917851;43.9893165905683;LE PONTET
BSS002DRNR;2020-04-09;5.48;21.85;4.86690336917851;43.9893165905683;LE PONTET
BSS002DRNR;2020-04-10;5.48;21.85;4.86690336917851;43.9893165905683;LE PONTET
BSS002DRNR;2020-04-11;5.48;21.85;4.86690336917851;43.9893165905683;LE PONTET
BSS002DRNR;2020-04-12;5.5;21.83;4.86690336917851;43.9893165905683;LE PONTET
BSS002DRNR;2020-04-13;5.5;21.83;4.86690336917851;43.9893165905683;LE PONTET
BSS002DRNR;2020-04-14;5.49;21.84;4.86690336917851;43.9893165905683;LE PONTET
BSS002DRNR;2020-04-15;5.49;21.84;4.86690336917851;43.9893165905683;LE PONTET
BSS002DRNR;2020-04-16;5.49;21.84;4.86690336917851;43.9893165905683;LE PONTET
BSS002DRNR;2020-04-17;5.49;21.84;4.86690336917851;43.9893165905683;LE PONTET
BSS002DRNR;2020-04-18;5.46;21.87;4.86690336917851;43.9893165905683;LE PONTET
BSS002DRNR;2020-04-19;5.45;21.88;4.86690336917851;43.9893165905683;LE PONTET
BSS002DRNR;2020-04-20;5.41;21.92;4.86690336917851;43.9893165905683;LE PONTET
BSS002DRNR;2020-04-21;5.38;21.95;4.86690336917851;43.9893165905683;LE PONTET
BSS002DRNR;2020-04-22;5.38;21.95;4.86690336917851;43.9893165905683;LE PONTET
BSS002DRNR;2020-04-23;5.38;21.95;4.86690336917851;43.9893165905683;LE PONTET
BSS002DRNR;2020-04-24;5.38;21.95;4.86690336917851;43.9893165905683;LE PONTET
BSS002DRNR;2020-04-25;5.38;21.95;4.86690336917851;43.9893165905683;LE PONTET
BSS002DRNR;2020-04-26;5.38;21.95;4.86690336917851;43.9893165905683;LE PONTET
BSS002DRNR;2020-04-27;5.38;21.95;4.86690336917851;43.9893165905683;LE PONTET
BSS002DRNR;2020-04-28;5.35;21.98;4.86690336917851;43.9893165905683;LE PONTET
BSS002DRNR;2020-04-29;5.35;21.98;4.86690336917851;43.9893165905683;LE PONTET
BSS002DRNR;2020-04-30;5.34;21.99;4.86690336917851;43.9893165905683;LE PONTET
BSS002DRNR;2020-05-01;5.34;21.99;4.86690336917851;43.9893165905683;LE PONTET
BSS002DRNR;2020-05-02;5.34;21.99;4.86690336917851;43.9893165905683;LE PONTET
BSS002DRNR;2020-05-03;5.34;21.99;4.86690336917851;43.9893165905683;LE PONTET
BSS002DRNR;2020-05-04;5.35;21.98;4.86690336917851;43.9893165905683;LE PONTET
BSS002DRNR;2020-05-05;5.35;21.98;4.86690336917851;43.9893165905683;LE PONTET
BSS002DRNR;2020-05-06;5.34;21.99;4.86690336917851;43.9893165905683;LE PONTET
BSS002DRNR;2020-05-07;5.34;21.99;4.86690336917851;43.9893165905683;LE PONTET
BSS002DRNR;2020-05-08;5.34;21.99;4.86690336917851;43.9893165905683;LE PONTET
BSS002DRNR;2020-05-09;5.34;21.99;4.86690336917851;43.9893165905683;LE PONTET
BSS002DRNR;2020-05-10;5.33;22.0;4.86690336917851;43.9893165905683;LE PONTET
BSS002DRNR;2020-05-11;5.32;22.01;4.86690336917851;43.9893165905683;LE PONTET
BSS002DRNR;2020-05-12;5.32;22.01;4.86690336917851;43.9893165905683;LE PONTET
BSS002DRNR;2020-05-13;5.32;22.01;4.86690336917851;43.9893165905683;LE PONTET
BSS002DRNR;2020-05-14;5.32;22.01;4.86690336917851;43.9893165905683;LE PONTET
BSS002DRNR;2020-05-15;5.34;21.99;4.86690336917851;43.9893165905683;LE PONTET
BSS002DRNR;2020-05-16;5.33;22.0;4.86690336917851;43.9893165905683;LE PONTET
BSS002DRNR;2020-05-17;5.32;22.01;4.86690336917851;43.9893165905683;LE PONTET
BSS002DRNR;2020-05-18;5.32;22.01;4.86690336917851;43.9893165905683;LE PONTET
BSS002DRNR;2020-05-19;5.32;22.01;4.86690336917851;43.9893165905683;LE PONTET
BSS002DRNR;2020-05-20;5.33;22.0;4.86690336917851;43.9893165905683;LE PONTET
BSS002DRNR;2020-05-21;5.34;21.99;4.86690336917851;43.9893165905683;LE PONTET
BSS002DRNR;2020-05-22;5.35;21.98;4.86690336917851;43.9893165905683;LE PONTET
BSS002DRNR;2020-05-23;5.36;21.97;4.86690336917851;43.9893165905683;LE PONTET
BSS002DRNR;2020-05-24;5.36;21.97;4.86690336917851;43.9893165905683;LE PONTET
BSS002DRNR;2020-05-25;5.36;21.97;4.86690336917851;43.9893165905683;LE PONTET
BSS002DRNR;2020-05-26;5.37;21.96;4.86690336917851;43.9893165905683;LE PONTET
BSS002DRNR;2020-05-27;5.38;21.95;4.86690336917851;43.9893165905683;LE PONTET
BSS002DRNR;2020-05-28;5.37;21.96;4.86690336917851;43.9893165905683;LE PONTET
BSS002DRNR;2020-05-29;5.37;21.96;4.86690336917851;43.9893165905683;LE PONTET
BSS002DRNR;2020-05-30;5.37;21.96;4.86690336917851;43.9893165905683;LE PONTET
BSS002DRNR;2020-05-31;5.36;21.97;4.86690336917851;43.9893165905683;LE PONTET
BSS002DRNR;2020-06-01;5.36;21.97;4.86690336917851;43.9893165905683;LE PONTET
BSS002DRNR;2020-06-02;5.35;21.98;4.86690336917851;43.9893165905683;LE PONTET
BSS002DRNR;2020-06-03;5.35;21.98;4.86690336917851;43.9893165905683;LE PONTET
BSS002DRNR;2020-06-04;5.32;22.01;4.86690336917851;43.9893165905683;LE PONTET
BSS002DRNR;2020-06-05;5.3;22.03;4.86690336917851;43.9893165905683;LE PONTET
BSS002DRNR;2020-06-06;5.3;22.03;4.86690336917851;43.9893165905683;LE PONTET
BSS002DRNR;2020-06-07;5.3;22.03;4.86690336917851;43.9893165905683;LE PONTET
BSS002DRNR;2020-06-08;5.3;22.03;4.86690336917851;43.9893165905683;LE PONTET
BSS002DRNR;2020-06-09;5.3;22.03;4.86690336917851;43.9893165905683;LE PONTET
BSS002DRNR;2020-06-10;5.3;22.03;4.86690336917851;43.9893165905683;LE PONTET
BSS002DRNR;2020-06-11;5.31;22.02;4.86690336917851;43.9893165905683;LE PONTET
BSS002DRNR;2020-06-12;5.32;22.01;4.86690336917851;43.9893165905683;LE PONTET
BSS002DRNR;2020-06-13;5.32;22.01;4.86690336917851;43.9893165905683;LE PONTET
BSS002DRNR;2020-06-14;5.33;22.0;4.86690336917851;43.9893165905683;LE PONTET
BSS002DRNR;2020-06-15;5.33;22.0;4.86690336917851;43.9893165905683;LE PONTET
BSS002DRNR;2020-06-16;5.34;21.99;4.86690336917851;43.9893165905683;LE PONTET
BSS002DRNR;2020-06-17;5.34;21.99;4.86690336917851;43.9893165905683;LE PONTET
BSS002DRNR;2020-06-18;5.34;21.99;4.86690336917851;43.9893165905683;LE PONTET
BSS002DRNR;2020-06-19;5.35;21.98;4.86690336917851;43.9893165905683;LE PONTET
BSS002DRNR;2020-06-20;5.35;21.98;4.86690336917851;43.9893165905683;LE PONTET
BSS002DRNR;2020-06-21;5.35;21.98;4.86690336917851;43.9893165905683;LE PONTET
BSS002DRNR;2020-06-22;5.37;21.96;4.86690336917851;43.9893165905683;LE PONTET
BSS002DRNR;2020-06-23;5.38;21.95;4.86690336917851;43.9893165905683;LE PONTET
BSS002DRNR;2020-06-24;5.38;21.95;4.86690336917851;43.9893165905683;LE PONTET
BSS002DRNR;2020-06-25;5.38;21.95;4.86690336917851;43.9893165905683;LE PONTET
BSS002DRNR;2020-06-26;5.38;21.95;4.86690336917851;43.9893165905683;LE PONTET
BSS002DRNR;2020-06-27;5.37;21.96;4.86690336917851;43.9893165905683;LE PONTET
BSS002DRNR;2020-06-28;5.37;21.96;4.86690336917851;43.9893165905683;LE PONTET
BSS002DRNR;2020-06-29;5.37;21.96;4.86690336917851;43.9893165905683;LE PONTET
BSS002DRNR;2020-06-30;5.37;21.96;4.86690336917851;43.9893165905683;LE PONTET
BSS002DRNR;2020-07-01;5.36;21.97;4.86690336917851;43.9893165905683;LE PONTET
BSS002DRNR;2020-07-02;5.36;21.97;4.86690336917851;43.9893165905683;LE PONTET
BSS002DRNR;2020-07-03;5.36;21.97;4.86690336917851;43.9893165905683;LE PONTET
BSS002DRNR;2020-07-04;5.36;21.97;4.86690336917851;43.9893165905683;LE PONTET
BSS002DRNR;2020-07-05;5.36;21.97;4.86690336917851;43.9893165905683;LE PONTET
BSS002DRNR;2020-07-06;5.36;21.97;4.86690336917851;43.9893165905683;LE PONTET
BSS002DRNR;2020-07-07;5.36;21.97;4.86690336917851;43.9893165905683;LE PONTET
BSS002DRNR;2020-07-08;5.35;21.98;4.86690336917851;43.9893165905683;LE PONTET
BSS002DRNR;2020-07-09;5.34;21.99;4.86690336917851;43.9893165905683;LE PONTET
BSS002DRNR;2020-07-10;5.33;22.0;4.86690336917851;43.9893165905683;LE PONTET
BSS002DRNR;2020-07-11;5.34;21.99;4.86690336917851;43.9893165905683;LE PONTET
BSS002DRNR;2020-07-12;5.34;21.99;4.86690336917851;43.9893165905683;LE PONTET
BSS002DRNR;2020-07-13;5.34;21.99;4.86690336917851;43.9893165905683;LE PONTET
BSS002DRNR;2020-07-14;5.34;21.99;4.86690336917851;43.9893165905683;LE PONTET
BSS002DRNR;2020-07-15;5.34;21.99;4.86690336917851;43.9893165905683;LE PONTET
BSS002DRNR;2020-07-16;5.33;22.0;4.86690336917851;43.9893165905683;LE PONTET
BSS002DRNR;2020-07-17;5.33;22.0;4.86690336917851;43.9893165905683;LE PONTET
BSS002DRNR;2020-07-18;5.33;22.0;4.86690336917851;43.9893165905683;LE PONTET
BSS002DRNR;2020-07-19;5.34;21.99;4.86690336917851;43.9893165905683;LE PONTET
BSS002DRNR;2020-07-20;5.33;22.0;4.86690336917851;43.9893165905683;LE PONTET
BSS002DRNR;2020-07-21;5.32;22.01;4.86690336917851;43.9893165905683;LE PONTET
BSS002DRNR;2020-07-22;5.32;22.01;4.86690336917851;43.9893165905683;LE PONTET
BSS002DRNR;2020-07-23;5.31;22.02;4.86690336917851;43.9893165905683;LE PONTET
BSS002DRNR;2020-07-24;5.31;22.02;4.86690336917851;43.9893165905683;LE PONTET
BSS002DRNR;2020-07-25;5.3;22.03;4.86690336917851;43.9893165905683;LE PONTET
BSS002DRNR;2020-07-26;5.29;22.04;4.86690336917851;43.9893165905683;LE PONTET
BSS002DRNR;2020-07-27;5.29;22.04;4.86690336917851;43.9893165905683;LE PONTET
BSS002DRNR;2020-07-28;5.28;22.05;4.86690336917851;43.9893165905683;LE PONTET
BSS002DRNR;2020-07-29;5.28;22.05;4.86690336917851;43.9893165905683;LE PONTET
BSS002DRNR;2020-07-30;5.28;22.05;4.86690336917851;43.9893165905683;LE PONTET
BSS002DRNR;2020-07-31;5.29;22.04;4.86690336917851;43.9893165905683;LE PONTET
BSS002DRNR;2020-08-01;5.29;22.04;4.86690336917851;43.9893165905683;LE PONTET
BSS002DRNR;2020-08-02;5.29;22.04;4.86690336917851;43.9893165905683;LE PONTET
BSS002DRNR;2020-08-03;5.28;22.05;4.86690336917851;43.9893165905683;LE PONTET
BSS002DRNR;2020-08-04;5.27;22.06;4.86690336917851;43.9893165905683;LE PONTET
BSS002DRNR;2020-08-05;5.28;22.05;4.86690336917851;43.9893165905683;LE PONTET
BSS002DRNR;2020-08-06;5.27;22.06;4.86690336917851;43.9893165905683;LE PONTET
BSS002DRNR;2020-08-07;5.27;22.06;4.86690336917851;43.9893165905683;LE PONTET
BSS002DRNR;2020-08-08;5.28;22.05;4.86690336917851;43.9893165905683;LE PONTET
BSS002DRNR;2020-08-09;5.27;22.06;4.86690336917851;43.9893165905683;LE PONTET
BSS002DRNR;2020-08-10;5.27;22.06;4.86690336917851;43.9893165905683;LE PONTET
BSS002DRNR;2020-08-11;5.27;22.06;4.86690336917851;43.9893165905683;LE PONTET
BSS002DRNR;2020-08-12;5.26;22.07;4.86690336917851;43.9893165905683;LE PONTET
BSS002DRNR;2020-08-13;5.25;22.08;4.86690336917851;43.9893165905683;LE PONTET
BSS002DRNR;2020-08-14;5.25;22.08;4.86690336917851;43.9893165905683;LE PONTET
BSS002DRNR;2020-08-15;5.25;22.08;4.86690336917851;43.9893165905683;LE PONTET
BSS002DRNR;2020-08-16;5.24;22.09;4.86690336917851;43.9893165905683;LE PONTET
BSS002DRNR;2020-08-17;5.22;22.11;4.86690336917851;43.9893165905683;LE PONTET
BSS002DRNR;2020-08-18;5.22;22.11;4.86690336917851;43.9893165905683;LE PONTET
BSS002DRNR;2020-08-19;5.22;22.11;4.86690336917851;43.9893165905683;LE PONTET
BSS002DRNR;2020-08-20;5.22;22.11;4.86690336917851;43.9893165905683;LE PONTET
BSS002DRNR;2020-08-21;5.22;22.11;4.86690336917851;43.9893165905683;LE PONTET
BSS002DRNR;2020-08-22;5.23;22.1;4.86690336917851;43.9893165905683;LE PONTET
BSS002DRNR;2020-08-23;5.23;22.1;4.86690336917851;43.9893165905683;LE PONTET
BSS002DRNR;2020-08-24;5.23;22.1;4.86690336917851;43.9893165905683;LE PONTET
BSS002DRNR;2020-08-25;5.23;22.1;4.86690336917851;43.9893165905683;LE PONTET
BSS002DRNR;2020-08-26;5.24;22.09;4.86690336917851;43.9893165905683;LE PONTET
BSS002DRNR;2020-08-27;5.24;22.09;4.86690336917851;43.9893165905683;LE PONTET
BSS002DRNR;2020-08-28;5.24;22.09;4.86690336917851;43.9893165905683;LE PONTET
BSS002DRNR;2020-08-29;5.21;22.12;4.86690336917851;43.9893165905683;LE PONTET
BSS002DRNR;2020-08-30;5.21;22.12;4.86690336917851;43.9893165905683;LE PONTET
BSS002DRNR;2020-08-31;5.21;22.12;4.86690336917851;43.9893165905683;LE PONTET
BSS002DRNR;2020-09-01;5.21;22.12;4.86690336917851;43.9893165905683;LE PONTET
BSS002DRNR;2020-09-02;5.22;22.11;4.86690336917851;43.9893165905683;LE PONTET
BSS002DRNR;2020-09-03;5.22;22.11;4.86690336917851;43.9893165905683;LE PONTET
BSS002DRNR;2020-09-04;5.23;22.1;4.86690336917851;43.9893165905683;LE PONTET
BSS002DRNR;2020-09-05;5.24;22.09;4.86690336917851;43.9893165905683;LE PONTET
BSS002DRNR;2020-09-06;5.25;22.08;4.86690336917851;43.9893165905683;LE PONTET
BSS002DRNR;2020-09-07;5.25;22.08;4.86690336917851;43.9893165905683;LE PONTET
BSS002DRNR;2020-09-08;5.26;22.07;4.86690336917851;43.9893165905683;LE PONTET
BSS002DRNR;2020-09-09;5.26;22.07;4.86690336917851;43.9893165905683;LE PONTET
BSS002DRNR;2020-09-10;5.26;22.07;4.86690336917851;43.9893165905683;LE PONTET
BSS002DRNR;2020-09-11;5.25;22.08;4.86690336917851;43.9893165905683;LE PONTET
BSS002DRNR;2020-09-12;5.26;22.07;4.86690336917851;43.9893165905683;LE PONTET
BSS002DRNR;2020-09-13;5.26;22.07;4.86690336917851;43.9893165905683;LE PONTET
BSS002DRNR;2020-09-14;5.26;22.07;4.86690336917851;43.9893165905683;LE PONTET
BSS002DRNR;2020-09-15;5.27;22.06;4.86690336917851;43.9893165905683;LE PONTET
BSS002DRNR;2020-09-16;5.27;22.06;4.86690336917851;43.9893165905683;LE PONTET
BSS002DRNR;2020-09-17;5.28;22.05;4.86690336917851;43.9893165905683;LE PONTET
BSS002DRNR;2020-09-18;5.28;22.05;4.86690336917851;43.9893165905683;LE PONTET
BSS002DRNR;2020-09-19;5.28;22.05;4.86690336917851;43.9893165905683;LE PONTET
BSS002DRNR;2020-09-20;5.26;22.07;4.86690336917851;43.9893165905683;LE PONTET
BSS002DRNR;2020-09-21;5.26;22.07;4.86690336917851;43.9893165905683;LE PONTET
BSS002DRNR;2020-09-22;5.22;22.11;4.86690336917851;43.9893165905683;LE PONTET
BSS002DRNR;2020-09-23;5.22;22.11;4.86690336917851;43.9893165905683;LE PONTET
BSS002DRNR;2020-09-24;5.23;22.1;4.86690336917851;43.9893165905683;LE PONTET
BSS002DRNR;2020-09-25;5.25;22.08;4.86690336917851;43.9893165905683;LE PONTET
BSS002DRNR;2020-09-26;5.27;22.06;4.86690336917851;43.9893165905683;LE PONTET
BSS002DRNR;2020-09-27;5.29;22.04;4.86690336917851;43.9893165905683;LE PONTET
BSS002DRNR;2020-09-28;5.31;22.02;4.86690336917851;43.9893165905683;LE PONTET
BSS002DRNR;2020-09-29;5.3;22.03;4.86690336917851;43.9893165905683;LE PONTET
BSS002DRNR;2020-09-30;5.3;22.03;4.86690336917851;43.9893165905683;LE PONTET
BSS002DRNR;2020-10-01;5.32;22.01;4.86690336917851;43.9893165905683;LE PONTET
BSS002DRNR;2020-10-02;5.32;22.01;4.86690336917851;43.9893165905683;LE PONTET
BSS002DRNR;2020-10-03;5.32;22.01;4.86690336917851;43.9893165905683;LE PONTET
BSS002DRNR;2020-10-04;5.33;22.0;4.86690336917851;43.9893165905683;LE PONTET
BSS002DRNR;2020-10-05;5.35;21.98;4.86690336917851;43.9893165905683;LE PONTET
BSS002DRNR;2020-10-06;5.37;21.96;4.86690336917851;43.9893165905683;LE PONTET
BSS002DRNR;2020-10-07;5.4;21.93;4.86690336917851;43.9893165905683;LE PONTET
BSS002DRNR;2020-10-08;5.41;21.92;4.86690336917851;43.9893165905683;LE PONTET
BSS002DRNR;2020-10-09;5.4;21.93;4.86690336917851;43.9893165905683;LE PONTET
BSS002DRNR;2020-10-10;5.39;21.94;4.86690336917851;43.9893165905683;LE PONTET
BSS002DRNR;2020-10-11;5.39;21.94;4.86690336917851;43.9893165905683;LE PONTET
BSS002DRNR;2020-10-12;5.39;21.94;4.86690336917851;43.9893165905683;LE PONTET
BSS002DRNR;2020-10-13;5.4;21.93;4.86690336917851;43.9893165905683;LE PONTET
BSS002DRNR;2020-10-14;5.41;21.92;4.86690336917851;43.9893165905683;LE PONTET
BSS002DRNR;2020-10-15;5.42;21.91;4.86690336917851;43.9893165905683;LE PONTET
BSS002DRNR;2020-10-16;5.43;21.9;4.86690336917851;43.9893165905683;LE PONTET
BSS002DRNR;2020-10-17;5.45;21.88;4.86690336917851;43.9893165905683;LE PONTET
BSS002DRNR;2020-10-18;5.46;21.87;4.86690336917851;43.9893165905683;LE PONTET
BSS002DRNR;2020-10-19;5.46;21.87;4.86690336917851;43.9893165905683;LE PONTET
BSS002DRNR;2020-10-20;5.47;21.86;4.86690336917851;43.9893165905683;LE PONTET
BSS002DRNR;2020-10-21;5.47;21.86;4.86690336917851;43.9893165905683;LE PONTET
BSS002DRNR;2020-10-22;5.48;21.85;4.86690336917851;43.9893165905683;LE PONTET
BSS002DRNR;2020-10-23;5.47;21.86;4.86690336917851;43.9893165905683;LE PONTET
BSS002DRNR;2020-10-24;5.46;21.87;4.86690336917851;43.9893165905683;LE PONTET
BSS002DRNR;2020-10-25;5.46;21.87;4.86690336917851;43.9893165905683;LE PONTET
BSS002DRNR;2020-10-26;5.46;21.87;4.86690336917851;43.9893165905683;LE PONTET
BSS002DRNR;2020-10-27;5.46;21.87;4.86690336917851;43.9893165905683;LE PONTET
BSS002DRNR;2020-10-28;5.47;21.86;4.86690336917851;43.9893165905683;LE PONTET
BSS002DRNR;2020-10-29;5.49;21.84;4.86690336917851;43.9893165905683;LE PONTET
BSS002DRNR;2020-10-30;5.49;21.84;4.86690336917851;43.9893165905683;LE PONTET
BSS002DRNR;2020-10-31;5.49;21.84;4.86690336917851;43.9893165905683;LE PONTET
BSS002DRNR;2020-11-01;5.49;21.84;4.86690336917851;43.9893165905683;LE PONTET
BSS002DRNR;2020-11-02;5.49;21.84;4.86690336917851;43.9893165905683;LE PONTET
BSS002DRNR;2020-11-03;5.49;21.84;4.86690336917851;43.9893165905683;LE PONTET
BSS002DRNR;2020-11-04;5.5;21.83;4.86690336917851;43.9893165905683;LE PONTET
BSS002DRNR;2020-11-05;5.51;21.82;4.86690336917851;43.9893165905683;LE PONTET
BSS002DRNR;2020-11-06;5.51;21.82;4.86690336917851;43.9893165905683;LE PONTET
BSS002DRNR;2020-11-07;5.52;21.81;4.86690336917851;43.9893165905683;LE PONTET
BSS002DRNR;2020-11-08;5.47;21.86;4.86690336917851;43.9893165905683;LE PONTET
BSS002DRNR;2020-11-09;5.47;21.86;4.86690336917851;43.9893165905683;LE PONTET
BSS002DRNR;2020-11-10;5.47;21.86;4.86690336917851;43.9893165905683;LE PONTET
BSS002DRNR;2020-11-11;5.47;21.86;4.86690336917851;43.9893165905683;LE PONTET
BSS002DRNR;2020-11-12;5.49;21.84;4.86690336917851;43.9893165905683;LE PONTET
BSS002DRNR;2020-11-13;5.5;21.83;4.86690336917851;43.9893165905683;LE PONTET
BSS002DRNR;2020-11-14;5.51;21.82;4.86690336917851;43.9893165905683;LE PONTET
BSS002DRNR;2020-11-15;5.52;21.81;4.86690336917851;43.9893165905683;LE PONTET
BSS002DRNR;2020-11-16;5.51;21.82;4.86690336917851;43.9893165905683;LE PONTET
BSS002DRNR;2020-11-17;5.52;21.81;4.86690336917851;43.9893165905683;LE PONTET
BSS002DRNR;2020-11-18;5.53;21.8;4.86690336917851;43.9893165905683;LE PONTET
BSS002DRNR;2020-11-19;5.53;21.8;4.86690336917851;43.9893165905683;LE PONTET
BSS002DRNR;2020-11-20;5.54;21.79;4.86690336917851;43.9893165905683;LE PONTET
BSS002DRNR;2020-11-21;5.55;21.78;4.86690336917851;43.9893165905683;LE PONTET
BSS002DRNR;2020-11-22;5.55;21.78;4.86690336917851;43.9893165905683;LE PONTET
BSS002DRNR;2020-11-23;5.56;21.77;4.86690336917851;43.9893165905683;LE PONTET
BSS002DRNR;2020-11-24;5.56;21.77;4.86690336917851;43.9893165905683;LE PONTET
BSS002DRNR;2020-11-25;5.57;21.76;4.86690336917851;43.9893165905683;LE PONTET
BSS002DRNR;2020-11-26;5.57;21.76;4.86690336917851;43.9893165905683;LE PONTET
BSS002DRNR;2020-11-27;5.58;21.75;4.86690336917851;43.9893165905683;LE PONTET
BSS002DRNR;2020-11-28;5.58;21.75;4.86690336917851;43.9893165905683;LE PONTET
BSS002DRNR;2020-11-29;5.59;21.74;4.86690336917851;43.9893165905683;LE PONTET
BSS002DRNR;2020-11-30;5.59;21.74;4.86690336917851;43.9893165905683;LE PONTET
BSS002DRNR;2020-12-01;5.6;21.73;4.86690336917851;43.9893165905683;LE PONTET
BSS002DRNR;2020-12-02;5.6;21.73;4.86690336917851;43.9893165905683;LE PONTET
BSS002DRNR;2020-12-03;5.62;21.71;4.86690336917851;43.9893165905683;LE PONTET
BSS002DRNR;2020-12-04;5.64;21.69;4.86690336917851;43.9893165905683;LE PONTET
BSS002DRNR;2020-12-05;5.66;21.67;4.86690336917851;43.9893165905683;LE PONTET
BSS002DRNR;2020-12-06;5.67;21.66;4.86690336917851;43.9893165905683;LE PONTET
BSS002DRNR;2020-12-07;5.69;21.64;4.86690336917851;43.9893165905683;LE PONTET
BSS002DRNR;2020-12-08;5.7;21.63;4.86690336917851;43.9893165905683;LE PONTET
BSS002DRNR;2020-12-09;5.71;21.62;4.86690336917851;43.9893165905683;LE PONTET
BSS002DRNR;2020-12-10;5.72;21.61;4.86690336917851;43.9893165905683;LE PONTET
BSS002DRNR;2020-12-11;5.73;21.6;4.86690336917851;43.9893165905683;LE PONTET
BSS002DRNR;2020-12-12;5.73;21.6;4.86690336917851;43.9893165905683;LE PONTET
BSS002DRNR;2020-12-13;5.74;21.59;4.86690336917851;43.9893165905683;LE PONTET
BSS002DRNR;2020-12-14;5.74;21.59;4.86690336917851;43.9893165905683;LE PONTET
BSS002DRNR;2020-12-15;5.75;21.58;4.86690336917851;43.9893165905683;LE PONTET
BSS002DRNR;2020-12-16;5.76;21.57;4.86690336917851;43.9893165905683;LE PONTET
BSS002DRNR;2020-12-17;5.77;21.56;4.86690336917851;43.9893165905683;LE PONTET
BSS002DRNR;2020-12-18;5.77;21.56;4.86690336917851;43.9893165905683;LE PONTET
BSS002DRNR;2020-12-19;5.78;21.55;4.86690336917851;43.9893165905683;LE PONTET
BSS002DRNR;2020-12-20;5.77;21.56;4.86690336917851;43.9893165905683;LE PONTET
BSS002DRNR;2020-12-21;5.75;21.58;4.86690336917851;43.9893165905683;LE PONTET
BSS002DRNR;2020-12-22;5.75;21.58;4.86690336917851;43.9893165905683;LE PONTET
BSS002DRNR;2020-12-23;5.75;21.58;4.86690336917851;43.9893165905683;LE PONTET
BSS002DRNR;2020-12-24;5.76;21.57;4.86690336917851;43.9893165905683;LE PONTET
BSS002DRNR;2020-12-25;5.77;21.56;4.86690336917851;43.9893165905683;LE PONTET
BSS002DRNR;2020-12-26;5.78;21.55;4.86690336917851;43.9893165905683;LE PONTET
BSS002DRNR;2020-12-27;5.78;21.55;4.86690336917851;43.9893165905683;LE PONTET
BSS002DRNR;2020-12-28;5.79;21.54;4.86690336917851;43.9893165905683;LE PONTET
BSS002DRNR;2020-12-29;5.79;21.54;4.86690336917851;43.9893165905683;LE PONTET
BSS002DRNR;2020-12-30;5.8;21.53;4.86690336917851;43.9893165905683;LE PONTET
BSS002DRNR;2020-12-31;5.8;21.53;4.86690336917851;43.9893165905683;LE PONTET
BSS002DRNR;2021-01-01;5.8;21.53;4.86690336917851;43.9893165905683;LE PONTET
BSS002DRNR;2021-01-02;5.8;21.53;4.86690336917851;43.9893165905683;LE PONTET
BSS002DRNR;2021-01-03;5.8;21.53;4.86690336917851;43.9893165905683;LE PONTET
BSS002DRNR;2021-01-04;5.8;21.53;4.86690336917851;43.9893165905683;LE PONTET
BSS002DRNR;2021-01-05;5.8;21.53;4.86690336917851;43.9893165905683;LE PONTET
BSS002DRNR;2021-01-06;5.8;21.53;4.86690336917851;43.9893165905683;LE PONTET
BSS002DRNR;2021-01-07;5.81;21.52;4.86690336917851;43.9893165905683;LE PONTET
BSS002DRNR;2021-01-08;5.81;21.52;4.86690336917851;43.9893165905683;LE PONTET
BSS002DRNR;2021-01-09;5.82;21.51;4.86690336917851;43.9893165905683;LE PONTET
BSS002DRNR;2021-01-10;5.83;21.5;4.86690336917851;43.9893165905683;LE PONTET
BSS002DRNR;2021-01-11;5.83;21.5;4.86690336917851;43.9893165905683;LE PONTET
BSS002DRNR;2021-01-12;5.84;21.49;4.86690336917851;43.9893165905683;LE PONTET
BSS002DRNR;2021-01-13;5.84;21.49;4.86690336917851;43.9893165905683;LE PONTET
BSS002DRNR;2021-01-14;5.85;21.48;4.86690336917851;43.9893165905683;LE PONTET
BSS002DRNR;2021-01-15;5.85;21.48;4.86690336917851;43.9893165905683;LE PONTET
BSS002DRNR;2021-01-16;5.86;21.47;4.86690336917851;43.9893165905683;LE PONTET
BSS002DRNR;2021-01-17;5.86;21.47;4.86690336917851;43.9893165905683;LE PONTET
BSS002DRNR;2021-01-18;5.87;21.46;4.86690336917851;43.9893165905683;LE PONTET
BSS002DRNR;2021-01-19;5.87;21.46;4.86690336917851;43.9893165905683;LE PONTET
BSS002DRNR;2021-01-20;5.87;21.46;4.86690336917851;43.9893165905683;LE PONTET
BSS002DRNR;2021-01-21;5.87;21.46;4.86690336917851;43.9893165905683;LE PONTET
BSS002DRNR;2021-01-22;5.87;21.46;4.86690336917851;43.9893165905683;LE PONTET
BSS002DRNR;2021-01-23;5.85;21.48;4.86690336917851;43.9893165905683;LE PONTET
BSS002DRNR;2021-01-24;5.84;21.49;4.86690336917851;43.9893165905683;LE PONTET
BSS002DRNR;2021-01-25;5.84;21.49;4.86690336917851;43.9893165905683;LE PONTET
BSS002DRNR;2021-01-26;5.85;21.48;4.86690336917851;43.9893165905683;LE PONTET
BSS002DRNR;2021-01-27;5.86;21.47;4.86690336917851;43.9893165905683;LE PONTET
BSS002DRNR;2021-01-28;5.87;21.46;4.86690336917851;43.9893165905683;LE PONTET
BSS002DRNR;2021-01-29;5.87;21.46;4.86690336917851;43.9893165905683;LE PONTET
BSS002DRNR;2021-01-30;5.86;21.47;4.86690336917851;43.9893165905683;LE PONTET
BSS002DRNR;2021-01-31;5.85;21.48;4.86690336917851;43.9893165905683;LE PONTET
BSS002DRNR;2021-02-01;5.84;21.49;4.86690336917851;43.9893165905683;LE PONTET
BSS002DRNR;2021-02-02;5.84;21.49;4.86690336917851;43.9893165905683;LE PONTET
BSS002DRNR;2021-02-03;5.85;21.48;4.86690336917851;43.9893165905683;LE PONTET
BSS002DRNR;2021-02-04;5.86;21.47;4.86690336917851;43.9893165905683;LE PONTET
BSS002DRNR;2021-02-05;5.87;21.46;4.86690336917851;43.9893165905683;LE PONTET
BSS002DRNR;2021-02-06;5.87;21.46;4.86690336917851;43.9893165905683;LE PONTET
BSS002DRNR;2021-02-07;5.86;21.47;4.86690336917851;43.9893165905683;LE PONTET
BSS002DRNR;2021-02-08;5.85;21.48;4.86690336917851;43.9893165905683;LE PONTET
BSS002DRNR;2021-02-09;5.83;21.5;4.86690336917851;43.9893165905683;LE PONTET
BSS002DRNR;2021-02-10;5.83;21.5;4.86690336917851;43.9893165905683;LE PONTET
BSS002DRNR;2021-02-11;5.83;21.5;4.86690336917851;43.9893165905683;LE PONTET
BSS002DRNR;2021-02-12;5.84;21.49;4.86690336917851;43.9893165905683;LE PONTET
BSS002DRNR;2021-02-13;5.84;21.49;4.86690336917851;43.9893165905683;LE PONTET
BSS002DRNR;2021-02-14;5.84;21.49;4.86690336917851;43.9893165905683;LE PONTET
BSS002DRNR;2021-02-15;5.85;21.48;4.86690336917851;43.9893165905683;LE PONTET
BSS002DRNR;2021-02-16;5.85;21.48;4.86690336917851;43.9893165905683;LE PONTET
BSS002DRNR;2021-02-17;5.85;21.48;4.86690336917851;43.9893165905683;LE PONTET
BSS002DRNR;2021-02-18;5.86;21.47;4.86690336917851;43.9893165905683;LE PONTET
BSS002DRNR;2021-02-19;5.86;21.47;4.86690336917851;43.9893165905683;LE PONTET
BSS002DRNR;2021-02-20;5.87;21.46;4.86690336917851;43.9893165905683;LE PONTET
BSS002DRNR;2021-02-21;5.87;21.46;4.86690336917851;43.9893165905683;LE PONTET
BSS002DRNR;2021-02-22;5.87;21.46;4.86690336917851;43.9893165905683;LE PONTET
BSS002DRNR;2021-02-23;5.87;21.46;4.86690336917851;43.9893165905683;LE PONTET
BSS002DRNR;2021-02-24;5.88;21.45;4.86690336917851;43.9893165905683;LE PONTET
BSS002DRNR;2021-02-25;5.88;21.45;4.86690336917851;43.9893165905683;LE PONTET
BSS002DRNR;2021-02-26;5.89;21.44;4.86690336917851;43.9893165905683;LE PONTET
BSS002DRNR;2021-02-27;5.89;21.44;4.86690336917851;43.9893165905683;LE PONTET
BSS002DRNR;2021-02-28;5.89;21.44;4.86690336917851;43.9893165905683;LE PONTET
BSS002DRNR;2021-03-01;5.9;21.43;4.86690336917851;43.9893165905683;LE PONTET
BSS002DRNR;2021-03-02;5.9;21.43;4.86690336917851;43.9893165905683;LE PONTET
BSS002DRNR;2021-03-03;5.9;21.43;4.86690336917851;43.9893165905683;LE PONTET
BSS002DRNR;2021-03-04;5.9;21.43;4.86690336917851;43.9893165905683;LE PONTET
BSS002DRNR;2021-03-05;5.91;21.42;4.86690336917851;43.9893165905683;LE PONTET
BSS002DRNR;2021-03-06;5.91;21.42;4.86690336917851;43.9893165905683;LE PONTET
BSS002DRNR;2021-03-07;5.9;21.43;4.86690336917851;43.9893165905683;LE PONTET
BSS002DRNR;2021-03-08;5.91;21.42;4.86690336917851;43.9893165905683;LE PONTET
BSS002DRNR;2021-03-09;5.91;21.42;4.86690336917851;43.9893165905683;LE PONTET
BSS002DRNR;2021-03-10;5.9;21.43;4.86690336917851;43.9893165905683;LE PONTET
BSS002DRNR;2021-03-11;5.84;21.49;4.86690336917851;43.9893165905683;LE PONTET
BSS002DRNR;2021-03-12;5.83;21.5;4.86690336917851;43.9893165905683;LE PONTET
BSS002DRNR;2021-03-13;5.84;21.49;4.86690336917851;43.9893165905683;LE PONTET
BSS002DRNR;2021-03-14;5.86;21.47;4.86690336917851;43.9893165905683;LE PONTET
BSS002DRNR;2021-03-15;5.87;21.46;4.86690336917851;43.9893165905683;LE PONTET
BSS002DRNR;2021-03-16;5.82;21.51;4.86690336917851;43.9893165905683;LE PONTET
BSS002DRNR;2021-03-17;5.79;21.54;4.86690336917851;43.9893165905683;LE PONTET
BSS002DRNR;2021-03-18;5.77;21.56;4.86690336917851;43.9893165905683;LE PONTET
BSS002DRNR;2021-03-19;5.76;21.57;4.86690336917851;43.9893165905683;LE PONTET
BSS002DRNR;2021-03-20;5.76;21.57;4.86690336917851;43.9893165905683;LE PONTET
BSS002DRNR;2021-03-21;5.75;21.58;4.86690336917851;43.9893165905683;LE PONTET
BSS002DRNR;2021-03-22;5.74;21.59;4.86690336917851;43.9893165905683;LE PONTET
BSS002DRNR;2021-03-23;5.74;21.59;4.86690336917851;43.9893165905683;LE PONTET
BSS002DRNR;2021-03-24;5.74;21.59;4.86690336917851;43.9893165905683;LE PONTET
BSS002DRNR;2021-03-25;5.73;21.6;4.86690336917851;43.9893165905683;LE PONTET
BSS002DRNR;2021-03-26;5.73;21.6;4.86690336917851;43.9893165905683;LE PONTET
BSS002DRNR;2021-03-27;5.72;21.61;4.86690336917851;43.9893165905683;LE PONTET
BSS002DRNR;2021-03-28;5.72;21.61;4.86690336917851;43.9893165905683;LE PONTET
BSS002DRNR;2021-03-29;5.72;21.61;4.86690336917851;43.9893165905683;LE PONTET
BSS002DRNR;2021-03-30;5.72;21.61;4.86690336917851;43.9893165905683;LE PONTET
BSS002DRNR;2021-03-31;5.72;21.61;4.86690336917851;43.9893165905683;LE PONTET
BSS002DRNR;2021-04-01;5.71;21.62;4.86690336917851;43.9893165905683;LE PONTET
BSS002DRNR;2021-04-02;5.69;21.64;4.86690336917851;43.9893165905683;LE PONTET
BSS002DRNR;2021-04-03;5.69;21.64;4.86690336917851;43.9893165905683;LE PONTET
BSS002DRNR;2021-04-04;5.69;21.64;4.86690336917851;43.9893165905683;LE PONTET
BSS002DRNR;2021-04-05;5.68;21.65;4.86690336917851;43.9893165905683;LE PONTET
BSS002DRNR;2021-04-06;5.68;21.65;4.86690336917851;43.9893165905683;LE PONTET
BSS002DRNR;2021-04-07;5.68;21.65;4.86690336917851;43.9893165905683;LE PONTET
BSS002DRNR;2021-04-08;5.69;21.64;4.86690336917851;43.9893165905683;LE PONTET
BSS002DRNR;2021-04-09;5.7;21.63;4.86690336917851;43.9893165905683;LE PONTET
BSS002DRNR;2021-04-10;5.69;21.64;4.86690336917851;43.9893165905683;LE PONTET
BSS002DRNR;2021-04-11;5.69;21.64;4.86690336917851;43.9893165905683;LE PONTET
BSS002DRNR;2021-04-12;5.67;21.66;4.86690336917851;43.9893165905683;LE PONTET
BSS002DRNR;2021-04-13;5.67;21.66;4.86690336917851;43.9893165905683;LE PONTET
BSS002DRNR;2021-04-14;5.67;21.66;4.86690336917851;43.9893165905683;LE PONTET
BSS002DRNR;2021-04-15;5.67;21.66;4.86690336917851;43.9893165905683;LE PONTET
BSS002DRNR;2021-04-16;5.67;21.66;4.86690336917851;43.9893165905683;LE PONTET
BSS002DRNR;2021-04-17;5.67;21.66;4.86690336917851;43.9893165905683;LE PONTET
BSS002DRNR;2021-04-18;5.65;21.68;4.86690336917851;43.9893165905683;LE PONTET
BSS002DRNR;2021-04-19;5.64;21.69;4.86690336917851;43.9893165905683;LE PONTET
BSS002DRNR;2021-04-20;5.62;21.71;4.86690336917851;43.9893165905683;LE PONTET
BSS002DRNR;2021-04-21;5.61;21.72;4.86690336917851;43.9893165905683;LE PONTET
BSS002DRNR;2021-04-22;5.6;21.73;4.86690336917851;43.9893165905683;LE PONTET
BSS002DRNR;2021-04-23;5.59;21.74;4.86690336917851;43.9893165905683;LE PONTET
BSS002DRNR;2021-04-24;5.59;21.74;4.86690336917851;43.9893165905683;LE PONTET
BSS002DRNR;2021-04-25;5.57;21.76;4.86690336917851;43.9893165905683;LE PONTET
BSS002DRNR;2021-04-26;5.56;21.77;4.86690336917851;43.9893165905683;LE PONTET
BSS002DRNR;2021-04-27;5.54;21.79;4.86690336917851;43.9893165905683;LE PONTET
BSS002DRNR;2021-04-28;5.53;21.8;4.86690336917851;43.9893165905683;LE PONTET
BSS002DRNR;2021-04-29;5.5;21.83;4.86690336917851;43.9893165905683;LE PONTET
BSS002DRNR;2021-04-30;5.48;21.85;4.86690336917851;43.9893165905683;LE PONTET
BSS002DRNR;2021-05-01;5.37;21.96;4.86690336917851;43.9893165905683;LE PONTET
BSS002DRNR;2021-05-02;5.35;21.98;4.86690336917851;43.9893165905683;LE PONTET
BSS002DRNR;2021-05-03;5.34;21.99;4.86690336917851;43.9893165905683;LE PONTET
BSS002DRNR;2021-05-04;5.33;22.0;4.86690336917851;43.9893165905683;LE PONTET
BSS002DRNR;2021-05-05;5.33;22.0;4.86690336917851;43.9893165905683;LE PONTET
BSS002DRNR;2021-05-06;5.33;22.0;4.86690336917851;43.9893165905683;LE PONTET
BSS002DRNR;2021-05-07;5.33;22.0;4.86690336917851;43.9893165905683;LE PONTET
BSS002DRNR;2021-05-08;5.33;22.0;4.86690336917851;43.9893165905683;LE PONTET
BSS002DRNR;2021-05-09;5.31;22.02;4.86690336917851;43.9893165905683;LE PONTET
BSS002DRNR;2021-05-10;5.3;22.03;4.86690336917851;43.9893165905683;LE PONTET
BSS002DRNR;2021-05-11;5.27;22.06;4.86690336917851;43.9893165905683;LE PONTET
BSS002DRNR;2021-05-12;5.27;22.06;4.86690336917851;43.9893165905683;LE PONTET
BSS002DRNR;2021-05-13;5.26;22.07;4.86690336917851;43.9893165905683;LE PONTET
BSS002DRNR;2021-05-14;5.26;22.07;4.86690336917851;43.9893165905683;LE PONTET
BSS002DRNR;2021-05-15;5.26;22.07;4.86690336917851;43.9893165905683;LE PONTET
BSS002DRNR;2021-05-16;5.24;22.09;4.86690336917851;43.9893165905683;LE PONTET
BSS002DRNR;2021-05-17;5.24;22.09;4.86690336917851;43.9893165905683;LE PONTET
BSS002DRNR;2021-05-18;5.24;22.09;4.86690336917851;43.9893165905683;LE PONTET
BSS002DRNR;2021-05-19;5.24;22.09;4.86690336917851;43.9893165905683;LE PONTET
BSS002DRNR;2021-05-20;5.23;22.1;4.86690336917851;43.9893165905683;LE PONTET
BSS002DRNR;2021-05-21;5.22;22.11;4.86690336917851;43.9893165905683;LE PONTET
BSS002DRNR;2021-05-22;5.22;22.11;4.86690336917851;43.9893165905683;LE PONTET
BSS002DRNR;2021-05-23;5.22;22.11;4.86690336917851;43.9893165905683;LE PONTET
BSS002DRNR;2021-05-24;5.22;22.11;4.86690336917851;43.9893165905683;LE PONTET
BSS002DRNR;2021-05-25;5.22;22.11;4.86690336917851;43.9893165905683;LE PONTET
BSS002DRNR;2021-05-26;5.22;22.11;4.86690336917851;43.9893165905683;LE PONTET
BSS002DRNR;2021-05-27;5.22;22.11;4.86690336917851;43.9893165905683;LE PONTET
BSS002DRNR;2021-05-28;5.23;22.1;4.86690336917851;43.9893165905683;LE PONTET
BSS002DRNR;2021-05-29;5.24;22.09;4.86690336917851;43.9893165905683;LE PONTET
BSS002DRNR;2021-05-30;5.24;22.09;4.86690336917851;43.9893165905683;LE PONTET
BSS002DRNR;2021-05-31;5.24;22.09;4.86690336917851;43.9893165905683;LE PONTET
BSS002DRNR;2021-06-01;5.24;22.09;4.86690336917851;43.9893165905683;LE PONTET
BSS002DRNR;2021-06-02;5.24;22.09;4.86690336917851;43.9893165905683;LE PONTET
BSS002DRNR;2021-06-03;5.25;22.08;4.86690336917851;43.9893165905683;LE PONTET
BSS002DRNR;2021-06-04;5.25;22.08;4.86690336917851;43.9893165905683;LE PONTET
BSS002DRNR;2021-06-05;5.26;22.07;4.86690336917851;43.9893165905683;LE PONTET
BSS002DRNR;2021-06-06;5.25;22.08;4.86690336917851;43.9893165905683;LE PONTET
BSS002DRNR;2021-06-07;5.25;22.08;4.86690336917851;43.9893165905683;LE PONTET
BSS002DRNR;2021-06-08;5.25;22.08;4.86690336917851;43.9893165905683;LE PONTET
BSS002DRNR;2021-06-09;5.25;22.08;4.86690336917851;43.9893165905683;LE PONTET
BSS002DRNR;2021-06-10;5.25;22.08;4.86690336917851;43.9893165905683;LE PONTET
BSS002DRNR;2021-06-11;5.26;22.07;4.86690336917851;43.9893165905683;LE PONTET
BSS002DRNR;2021-06-12;5.26;22.07;4.86690336917851;43.9893165905683;LE PONTET
BSS002DRNR;2021-06-13;5.26;22.07;4.86690336917851;43.9893165905683;LE PONTET
BSS002DRNR;2021-06-14;5.26;22.07;4.86690336917851;43.9893165905683;LE PONTET
BSS002DRNR;2021-06-15;5.26;22.07;4.86690336917851;43.9893165905683;LE PONTET
BSS002DRNR;2021-06-16;5.26;22.07;4.86690336917851;43.9893165905683;LE PONTET
BSS002DRNR;2021-06-17;5.26;22.07;4.86690336917851;43.9893165905683;LE PONTET
BSS002DRNR;2021-06-18;5.26;22.07;4.86690336917851;43.9893165905683;LE PONTET
BSS002DRNR;2021-06-19;5.26;22.07;4.86690336917851;43.9893165905683;LE PONTET
BSS002DRNR;2021-06-20;5.25;22.08;4.86690336917851;43.9893165905683;LE PONTET
BSS002DRNR;2021-06-21;5.24;22.09;4.86690336917851;43.9893165905683;LE PONTET
BSS002DRNR;2021-06-22;5.24;22.09;4.86690336917851;43.9893165905683;LE PONTET
BSS002DRNR;2021-06-23;5.24;22.09;4.86690336917851;43.9893165905683;LE PONTET
BSS002DRNR;2021-06-24;5.24;22.09;4.86690336917851;43.9893165905683;LE PONTET
BSS002DRNR;2021-06-25;5.25;22.08;4.86690336917851;43.9893165905683;LE PONTET
BSS002DRNR;2021-06-26;5.26;22.07;4.86690336917851;43.9893165905683;LE PONTET
BSS002DRNR;2021-06-27;5.27;22.06;4.86690336917851;43.9893165905683;LE PONTET
BSS002DRNR;2021-06-28;5.28;22.05;4.86690336917851;43.9893165905683;LE PONTET
BSS002DRNR;2021-06-29;5.29;22.04;4.86690336917851;43.9893165905683;LE PONTET
BSS002DRNR;2021-06-30;5.3;22.03;4.86690336917851;43.9893165905683;LE PONTET
BSS002DRNR;2021-07-01;5.31;22.02;4.86690336917851;43.9893165905683;LE PONTET
BSS002DRNR;2021-07-02;5.31;22.02;4.86690336917851;43.9893165905683;LE PONTET
BSS002DRNR;2021-07-03;5.32;22.01;4.86690336917851;43.9893165905683;LE PONTET
BSS002DRNR;2021-07-04;5.3;22.03;4.86690336917851;43.9893165905683;LE PONTET
BSS002DRNR;2021-07-05;5.29;22.04;4.86690336917851;43.9893165905683;LE PONTET
BSS002DRNR;2021-07-06;5.29;22.04;4.86690336917851;43.9893165905683;LE PONTET
BSS002DRNR;2021-07-07;5.29;22.04;4.86690336917851;43.9893165905683;LE PONTET
BSS002DRNR;2021-07-08;5.29;22.04;4.86690336917851;43.9893165905683;LE PONTET
BSS002DRNR;2021-07-09;5.3;22.03;4.86690336917851;43.9893165905683;LE PONTET
BSS002DRNR;2021-07-10;5.31;22.02;4.86690336917851;43.9893165905683;LE PONTET
BSS002DRNR;2021-07-11;5.31;22.02;4.86690336917851;43.9893165905683;LE PONTET
BSS002DRNR;2021-07-12;5.31;22.02;4.86690336917851;43.9893165905683;LE PONTET
BSS002DRNR;2021-07-13;5.31;22.02;4.86690336917851;43.9893165905683;LE PONTET
BSS002DRNR;2021-07-14;5.3;22.03;4.86690336917851;43.9893165905683;LE PONTET
BSS002DRNR;2021-07-15;5.3;22.03;4.86690336917851;43.9893165905683;LE PONTET
BSS002DRNR;2021-07-16;5.29;22.04;4.86690336917851;43.9893165905683;LE PONTET
BSS002DRNR;2021-07-17;5.3;22.03;4.86690336917851;43.9893165905683;LE PONTET
BSS002DRNR;2021-07-18;5.29;22.04;4.86690336917851;43.9893165905683;LE PONTET
BSS002DRNR;2021-07-19;5.29;22.04;4.86690336917851;43.9893165905683;LE PONTET
BSS002DRNR;2021-07-20;5.28;22.05;4.86690336917851;43.9893165905683;LE PONTET
BSS002DRNR;2021-07-21;5.28;22.05;4.86690336917851;43.9893165905683;LE PONTET
BSS002DRNR;2021-07-22;5.28;22.05;4.86690336917851;43.9893165905683;LE PONTET
BSS002DRNR;2021-07-23;5.27;22.06;4.86690336917851;43.9893165905683;LE PONTET
BSS002DRNR;2021-07-24;5.28;22.05;4.86690336917851;43.9893165905683;LE PONTET
BSS002DRNR;2021-07-25;5.27;22.06;4.86690336917851;43.9893165905683;LE PONTET
BSS002DRNR;2021-07-26;5.27;22.06;4.86690336917851;43.9893165905683;LE PONTET
BSS002DRNR;2021-07-27;5.27;22.06;4.86690336917851;43.9893165905683;LE PONTET
BSS002DRNR;2021-07-28;5.26;22.07;4.86690336917851;43.9893165905683;LE PONTET
BSS002DRNR;2021-07-29;5.26;22.07;4.86690336917851;43.9893165905683;LE PONTET
BSS002DRNR;2021-07-30;5.26;22.07;4.86690336917851;43.9893165905683;LE PONTET
BSS002DRNR;2021-07-31;5.26;22.07;4.86690336917851;43.9893165905683;LE PONTET
BSS002DRNR;2021-08-01;5.26;22.07;4.86690336917851;43.9893165905683;LE PONTET
BSS002DRNR;2021-08-02;5.25;22.08;4.86690336917851;43.9893165905683;LE PONTET
BSS002DRNR;2021-08-03;5.26;22.07;4.86690336917851;43.9893165905683;LE PONTET
BSS002DRNR;2021-08-04;5.24;22.09;4.86690336917851;43.9893165905683;LE PONTET
BSS002DRNR;2021-08-05;5.24;22.09;4.86690336917851;43.9893165905683;LE PONTET
BSS002DRNR;2021-08-06;5.24;22.09;4.86690336917851;43.9893165905683;LE PONTET
BSS002DRNR;2021-08-07;5.22;22.11;4.86690336917851;43.9893165905683;LE PONTET
BSS002DRNR;2021-08-08;5.22;22.11;4.86690336917851;43.9893165905683;LE PONTET
BSS002DRNR;2021-08-09;5.23;22.1;4.86690336917851;43.9893165905683;LE PONTET
BSS002DRNR;2021-08-10;5.23;22.1;4.86690336917851;43.9893165905683;LE PONTET
BSS002DRNR;2021-08-11;5.23;22.1;4.86690336917851;43.9893165905683;LE PONTET
BSS002DRNR;2021-08-12;5.23;22.1;4.86690336917851;43.9893165905683;LE PONTET
BSS002DRNR;2021-08-13;5.24;22.09;4.86690336917851;43.9893165905683;LE PONTET
BSS002DRNR;2021-08-14;5.25;22.08;4.86690336917851;43.9893165905683;LE PONTET
BSS002DRNR;2021-08-15;5.25;22.08;4.86690336917851;43.9893165905683;LE PONTET
BSS002DRNR;2021-08-16;5.25;22.08;4.86690336917851;43.9893165905683;LE PONTET
BSS002DRNR;2021-08-17;5.26;22.07;4.86690336917851;43.9893165905683;LE PONTET
BSS002DRNR;2021-08-18;5.26;22.07;4.86690336917851;43.9893165905683;LE PONTET
BSS002DRNR;2021-08-19;5.26;22.07;4.86690336917851;43.9893165905683;LE PONTET
BSS002DRNR;2021-08-20;5.26;22.07;4.86690336917851;43.9893165905683;LE PONTET
BSS002DRNR;2021-08-21;5.27;22.06;4.86690336917851;43.9893165905683;LE PONTET
BSS002DRNR;2021-08-22;5.26;22.07;4.86690336917851;43.9893165905683;LE PONTET
BSS002DRNR;2021-08-23;5.26;22.07;4.86690336917851;43.9893165905683;LE PONTET
BSS002DRNR;2021-08-24;5.26;22.07;4.86690336917851;43.9893165905683;LE PONTET
BSS002DRNR;2021-08-25;5.26;22.07;4.86690336917851;43.9893165905683;LE PONTET
BSS002DRNR;2021-08-26;5.26;22.07;4.86690336917851;43.9893165905683;LE PONTET
BSS002DRNR;2021-08-27;5.26;22.07;4.86690336917851;43.9893165905683;LE PONTET
BSS002DRNR;2021-08-28;5.27;22.06;4.86690336917851;43.9893165905683;LE PONTET
BSS002DRNR;2021-08-29;5.27;22.06;4.86690336917851;43.9893165905683;LE PONTET
BSS002DRNR;2021-08-30;5.27;22.06;4.86690336917851;43.9893165905683;LE PONTET
BSS002DRNR;2021-08-31;5.28;22.05;4.86690336917851;43.9893165905683;LE PONTET
BSS002DRNR;2021-09-01;5.28;22.05;4.86690336917851;43.9893165905683;LE PONTET
BSS002DRNR;2021-09-02;5.29;22.04;4.86690336917851;43.9893165905683;LE PONTET
BSS002DRNR;2021-09-03;5.27;22.06;4.86690336917851;43.9893165905683;LE PONTET
BSS002DRNR;2021-09-04;5.27;22.06;4.86690336917851;43.9893165905683;LE PONTET
BSS002DRNR;2021-09-05;5.28;22.05;4.86690336917851;43.9893165905683;LE PONTET
BSS002DRNR;2021-09-06;5.29;22.04;4.86690336917851;43.9893165905683;LE PONTET
BSS002DRNR;2021-09-07;5.29;22.04;4.86690336917851;43.9893165905683;LE PONTET
BSS002DRNR;2021-09-08;5.29;22.04;4.86690336917851;43.9893165905683;LE PONTET
BSS002DRNR;2021-09-09;5.29;22.04;4.86690336917851;43.9893165905683;LE PONTET
BSS002DRNR;2021-09-10;5.3;22.03;4.86690336917851;43.9893165905683;LE PONTET
BSS002DRNR;2021-09-11;5.3;22.03;4.86690336917851;43.9893165905683;LE PONTET
BSS002DRNR;2021-09-12;5.3;22.03;4.86690336917851;43.9893165905683;LE PONTET
BSS002DRNR;2021-09-13;5.31;22.02;4.86690336917851;43.9893165905683;LE PONTET
BSS002DRNR;2021-09-14;5.31;22.02;4.86690336917851;43.9893165905683;LE PONTET
BSS002DRNR;2021-09-15;5.26;22.07;4.86690336917851;43.9893165905683;LE PONTET
BSS002DRNR;2021-09-16;5.2;22.13;4.86690336917851;43.9893165905683;LE PONTET
BSS002DRNR;2021-09-17;5.2;22.13;4.86690336917851;43.9893165905683;LE PONTET
BSS002DRNR;2021-09-18;5.2;22.13;4.86690336917851;43.9893165905683;LE PONTET
BSS002DRNR;2021-09-19;5.21;22.12;4.86690336917851;43.9893165905683;LE PONTET
BSS002DRNR;2021-09-20;5.21;22.12;4.86690336917851;43.9893165905683;LE PONTET
BSS002DRNR;2021-09-21;5.22;22.11;4.86690336917851;43.9893165905683;LE PONTET
BSS002DRNR;2021-09-22;5.23;22.1;4.86690336917851;43.9893165905683;LE PONTET
BSS002DRNR;2021-09-23;5.24;22.09;4.86690336917851;43.9893165905683;LE PONTET
BSS002DRNR;2021-09-24;5.23;22.1;4.86690336917851;43.9893165905683;LE PONTET
BSS002DRNR;2021-09-25;5.23;22.1;4.86690336917851;43.9893165905683;LE PONTET
BSS002DRNR;2021-09-26;5.21;22.12;4.86690336917851;43.9893165905683;LE PONTET
BSS002DRNR;2021-09-27;5.21;22.12;4.86690336917851;43.9893165905683;LE PONTET
BSS002DRNR;2021-09-28;5.21;22.12;4.86690336917851;43.9893165905683;LE PONTET
BSS002DRNR;2021-09-29;5.22;22.11;4.86690336917851;43.9893165905683;LE PONTET
BSS002DRNR;2021-09-30;5.24;22.09;4.86690336917851;43.9893165905683;LE PONTET
BSS002DRNR;2021-10-01;5.25;22.08;4.86690336917851;43.9893165905683;LE PONTET
BSS002DRNR;2021-10-02;5.26;22.07;4.86690336917851;43.9893165905683;LE PONTET
BSS002DRNR;2021-10-03;5.17;22.16;4.86690336917851;43.9893165905683;LE PONTET
BSS002DRNR;2021-10-04;5.01;22.32;4.86690336917851;43.9893165905683;LE PONTET
BSS002DRNR;2021-10-05;4.95;22.38;4.86690336917851;43.9893165905683;LE PONTET
BSS002DRNR;2021-10-06;4.95;22.38;4.86690336917851;43.9893165905683;LE PONTET
BSS002DRNR;2021-10-07;4.96;22.37;4.86690336917851;43.9893165905683;LE PONTET
BSS002DRNR;2021-10-08;4.98;22.35;4.86690336917851;43.9893165905683;LE PONTET
BSS002DRNR;2021-10-09;5.0;22.33;4.86690336917851;43.9893165905683;LE PONTET
BSS002DRNR;2021-10-10;5.02;22.31;4.86690336917851;43.9893165905683;LE PONTET
BSS002DRNR;2021-10-11;5.03;22.3;4.86690336917851;43.9893165905683;LE PONTET
BSS002DRNR;2021-10-12;5.05;22.28;4.86690336917851;43.9893165905683;LE PONTET
BSS002DRNR;2021-10-13;5.07;22.26;4.86690336917851;43.9893165905683;LE PONTET
BSS002DRNR;2021-10-14;5.09;22.24;4.86690336917851;43.9893165905683;LE PONTET
BSS002DRNR;2021-10-15;5.1;22.23;4.86690336917851;43.9893165905683;LE PONTET
BSS002DRNR;2021-10-16;5.11;22.22;4.86690336917851;43.9893165905683;LE PONTET
BSS002DRNR;2021-10-17;5.12;22.21;4.86690336917851;43.9893165905683;LE PONTET
BSS002DRNR;2021-10-18;5.13;22.2;4.86690336917851;43.9893165905683;LE PONTET
BSS002DRNR;2021-10-19;5.14;22.19;4.86690336917851;43.9893165905683;LE PONTET
BSS002DRNR;2021-10-20;5.15;22.18;4.86690336917851;43.9893165905683;LE PONTET
BSS002DRNR;2021-10-21;5.15;22.18;4.86690336917851;43.9893165905683;LE PONTET
BSS002DRNR;2021-10-22;5.15;22.18;4.86690336917851;43.9893165905683;LE PONTET
BSS002DRNR;2021-10-23;5.16;22.17;4.86690336917851;43.9893165905683;LE PONTET
BSS002DRNR;2021-10-24;5.17;22.16;4.86690336917851;43.9893165905683;LE PONTET
BSS002DRNR;2021-10-25;5.18;22.15;4.86690336917851;43.9893165905683;LE PONTET
BSS002DRNR;2021-10-26;5.19;22.14;4.86690336917851;43.9893165905683;LE PONTET
BSS002DRNR;2021-10-27;5.2;22.13;4.86690336917851;43.9893165905683;LE PONTET
BSS002DRNR;2021-10-28;5.2;22.13;4.86690336917851;43.9893165905683;LE PONTET
BSS002DRNR;2021-10-29;5.21;22.12;4.86690336917851;43.9893165905683;LE PONTET
BSS002DRNR;2021-10-30;5.2;22.13;4.86690336917851;43.9893165905683;LE PONTET
BSS002DRNR;2021-10-31;5.17;22.16;4.86690336917851;43.9893165905683;LE PONTET
BSS002DRNR;2021-11-01;5.11;22.22;4.86690336917851;43.9893165905683;LE PONTET
BSS002DRNR;2021-11-02;5.09;22.24;4.86690336917851;43.9893165905683;LE PONTET
BSS002DRNR;2021-11-03;5.09;22.24;4.86690336917851;43.9893165905683;LE PONTET
BSS002DRNR;2021-11-04;5.1;22.23;4.86690336917851;43.9893165905683;LE PONTET
BSS002DRNR;2021-11-05;5.11;22.22;4.86690336917851;43.9893165905683;LE PONTET
BSS002DRNR;2021-11-06;5.12;22.21;4.86690336917851;43.9893165905683;LE PONTET
BSS002DRNR;2021-11-07;5.13;22.2;4.86690336917851;43.9893165905683;LE PONTET
BSS002DRNR;2021-11-08;5.13;22.2;4.86690336917851;43.9893165905683;LE PONTET
BSS002DRNR;2021-11-09;5.14;22.19;4.86690336917851;43.9893165905683;LE PONTET
BSS002DRNR;2021-11-10;5.15;22.18;4.86690336917851;43.9893165905683;LE PONTET
BSS002DRNR;2021-11-11;5.15;22.18;4.86690336917851;43.9893165905683;LE PONTET
BSS002DRNR;2021-11-12;5.16;22.17;4.86690336917851;43.9893165905683;LE PONTET
BSS002DRNR;2021-11-13;5.17;22.16;4.86690336917851;43.9893165905683;LE PONTET
BSS002DRNR;2021-11-14;5.17;22.16;4.86690336917851;43.9893165905683;LE PONTET
BSS002DRNR;2021-11-15;5.17;22.16;4.86690336917851;43.9893165905683;LE PONTET
BSS002DRNR;2021-11-16;5.18;22.15;4.86690336917851;43.9893165905683;LE PONTET
BSS002DRNR;2021-11-17;5.19;22.14;4.86690336917851;43.9893165905683;LE PONTET
BSS002DRNR;2021-11-18;5.19;22.14;4.86690336917851;43.9893165905683;LE PONTET
BSS002DRNR;2021-11-19;5.2;22.13;4.86690336917851;43.9893165905683;LE PONTET
BSS002DRNR;2021-11-20;5.21;22.12;4.86690336917851;43.9893165905683;LE PONTET
BSS002DRNR;2021-11-21;5.21;22.12;4.86690336917851;43.9893165905683;LE PONTET
BSS002DRNR;2021-11-22;5.21;22.12;4.86690336917851;43.9893165905683;LE PONTET
BSS002DRNR;2021-11-23;5.22;22.11;4.86690336917851;43.9893165905683;LE PONTET
BSS002DRNR;2021-11-24;5.22;22.11;4.86690336917851;43.9893165905683;LE PONTET
BSS002DRNR;2021-11-25;5.2;22.13;4.86690336917851;43.9893165905683;LE PONTET
BSS002DRNR;2021-11-26;5.2;22.13;4.86690336917851;43.9893165905683;LE PONTET
BSS002DRNR;2021-11-27;5.21;22.12;4.86690336917851;43.9893165905683;LE PONTET
BSS002DRNR;2021-11-28;5.22;22.11;4.86690336917851;43.9893165905683;LE PONTET
BSS002DRNR;2021-11-29;5.23;22.1;4.86690336917851;43.9893165905683;LE PONTET
BSS002DRNR;2021-11-30;5.24;22.09;4.86690336917851;43.9893165905683;LE PONTET
BSS002DRNR;2021-12-01;5.24;22.09;4.86690336917851;43.9893165905683;LE PONTET
BSS002DRNR;2021-12-02;5.25;22.08;4.86690336917851;43.9893165905683;LE PONTET
BSS002DRNR;2021-12-03;5.26;22.07;4.86690336917851;43.9893165905683;LE PONTET
BSS002DRNR;2021-12-04;5.28;22.05;4.86690336917851;43.9893165905683;LE PONTET
BSS002DRNR;2021-12-05;5.28;22.05;4.86690336917851;43.9893165905683;LE PONTET
BSS002DRNR;2021-12-06;5.29;22.04;4.86690336917851;43.9893165905683;LE PONTET
BSS002DRNR;2021-12-07;5.3;22.03;4.86690336917851;43.9893165905683;LE PONTET
BSS002DRNR;2021-12-08;5.26;22.07;4.86690336917851;43.9893165905683;LE PONTET
BSS002DRNR;2021-12-09;5.24;22.09;4.86690336917851;43.9893165905683;LE PONTET
BSS002DRNR;2021-12-10;5.22;22.11;4.86690336917851;43.9893165905683;LE PONTET
BSS002DRNR;2021-12-11;5.21;22.12;4.86690336917851;43.9893165905683;LE PONTET
BSS002DRNR;2021-12-12;5.21;22.12;4.86690336917851;43.9893165905683;LE PONTET
BSS002DRNR;2021-12-13;5.2;22.13;4.86690336917851;43.9893165905683;LE PONTET
BSS002DRNR;2021-12-14;5.2;22.13;4.86690336917851;43.9893165905683;LE PONTET
BSS002DRNR;2021-12-15;5.21;22.12;4.86690336917851;43.9893165905683;LE PONTET
BSS002DRNR;2021-12-16;5.21;22.12;4.86690336917851;43.9893165905683;LE PONTET
BSS002DRNR;2021-12-17;5.22;22.11;4.86690336917851;43.9893165905683;LE PONTET
BSS002DRNR;2021-12-18;5.24;22.09;4.86690336917851;43.9893165905683;LE PONTET
BSS002DRNR;2021-12-19;5.25;22.08;4.86690336917851;43.9893165905683;LE PONTET
BSS002DRNR;2021-12-20;5.25;22.08;4.86690336917851;43.9893165905683;LE PONTET
BSS002DRNR;2021-12-21;5.26;22.07;4.86690336917851;43.9893165905683;LE PONTET
BSS002DRNR;2021-12-22;5.27;22.06;4.86690336917851;43.9893165905683;LE PONTET
BSS002DRNR;2021-12-23;5.28;22.05;4.86690336917851;43.9893165905683;LE PONTET
BSS002DRNR;2021-12-24;5.29;22.04;4.86690336917851;43.9893165905683;LE PONTET
BSS002DRNR;2021-12-25;5.29;22.04;4.86690336917851;43.9893165905683;LE PONTET
BSS002DRNR;2021-12-26;5.29;22.04;4.86690336917851;43.9893165905683;LE PONTET
BSS002DRNR;2021-12-27;5.29;22.04;4.86690336917851;43.9893165905683;LE PONTET
BSS002DRNR;2021-12-28;5.29;22.04;4.86690336917851;43.9893165905683;LE PONTET
BSS002DRNR;2021-12-29;5.28;22.05;4.86690336917851;43.9893165905683;LE PONTET
BSS002DRNR;2021-12-30;5.28;22.05;4.86690336917851;43.9893165905683;LE PONTET
BSS002DRNR;2021-12-31;5.29;22.04;4.86690336917851;43.9893165905683;LE PONTET
BSS002DRNR;2022-01-01;5.29;22.04;4.86690336917851;43.9893165905683;LE PONTET
BSS002DRNR;2022-01-02;5.3;22.03;4.86690336917851;43.9893165905683;LE PONTET
BSS002DRNR;2022-01-03;5.29;22.04;4.86690336917851;43.9893165905683;LE PONTET
BSS002DRNR;2022-01-04;5.3;22.03;4.86690336917851;43.9893165905683;LE PONTET
BSS002DRNR;2022-01-05;5.3;22.03;4.86690336917851;43.9893165905683;LE PONTET
BSS002DRNR;2022-01-06;5.31;22.02;4.86690336917851;43.9893165905683;LE PONTET
BSS002DRNR;2022-01-07;5.32;22.01;4.86690336917851;43.9893165905683;LE PONTET
BSS002DRNR;2022-01-08;5.33;22.0;4.86690336917851;43.9893165905683;LE PONTET
BSS002DRNR;2022-01-09;5.34;21.99;4.86690336917851;43.9893165905683;LE PONTET
BSS002DRNR;2022-01-10;5.35;21.98;4.86690336917851;43.9893165905683;LE PONTET
BSS002DRNR;2022-01-11;5.36;21.97;4.86690336917851;43.9893165905683;LE PONTET
BSS002DRNR;2022-01-12;5.38;21.95;4.86690336917851;43.9893165905683;LE PONTET
BSS002DRNR;2022-01-13;5.39;21.94;4.86690336917851;43.9893165905683;LE PONTET
BSS002DRNR;2022-01-14;5.41;21.92;4.86690336917851;43.9893165905683;LE PONTET
BSS002DRNR;2022-01-15;5.42;21.91;4.86690336917851;43.9893165905683;LE PONTET
BSS002DRNR;2022-01-16;5.43;21.9;4.86690336917851;43.9893165905683;LE PONTET
BSS002DRNR;2022-01-17;5.44;21.89;4.86690336917851;43.9893165905683;LE PONTET
BSS002DRNR;2022-01-18;5.45;21.88;4.86690336917851;43.9893165905683;LE PONTET
BSS002DRNR;2022-01-19;5.46;21.87;4.86690336917851;43.9893165905683;LE PONTET
BSS002DRNR;2022-01-20;5.47;21.86;4.86690336917851;43.9893165905683;LE PONTET
BSS002DRNR;2022-01-21;5.48;21.85;4.86690336917851;43.9893165905683;LE PONTET
BSS002DRNR;2022-01-22;5.49;21.84;4.86690336917851;43.9893165905683;LE PONTET
BSS002DRNR;2022-01-23;5.5;21.83;4.86690336917851;43.9893165905683;LE PONTET
BSS002DRNR;2022-01-24;5.51;21.82;4.86690336917851;43.9893165905683;LE PONTET
BSS002DRNR;2022-01-25;5.52;21.81;4.86690336917851;43.9893165905683;LE PONTET
BSS002DRNR;2022-01-26;5.53;21.8;4.86690336917851;43.9893165905683;LE PONTET
BSS002DRNR;2022-01-27;5.54;21.79;4.86690336917851;43.9893165905683;LE PONTET
BSS002DRNR;2022-01-28;5.55;21.78;4.86690336917851;43.9893165905683;LE PONTET
BSS002DRNR;2022-01-29;5.55;21.78;4.86690336917851;43.9893165905683;LE PONTET
BSS002DRNR;2022-01-30;5.56;21.77;4.86690336917851;43.9893165905683;LE PONTET
BSS002DRNR;2022-01-31;5.57;21.76;4.86690336917851;43.9893165905683;LE PONTET
BSS002DRNR;2022-02-01;5.57;21.76;4.86690336917851;43.9893165905683;LE PONTET
BSS002DRNR;2022-02-02;5.58;21.75;4.86690336917851;43.9893165905683;LE PONTET
BSS002DRNR;2022-02-03;5.59;21.74;4.86690336917851;43.9893165905683;LE PONTET
BSS002DRNR;2022-02-04;5.6;21.73;4.86690336917851;43.9893165905683;LE PONTET
BSS002DRNR;2022-02-05;5.61;21.72;4.86690336917851;43.9893165905683;LE PONTET
BSS002DRNR;2022-02-06;5.61;21.72;4.86690336917851;43.9893165905683;LE PONTET
BSS002DRNR;2022-02-07;5.62;21.71;4.86690336917851;43.9893165905683;LE PONTET
BSS002DRNR;2022-02-08;5.63;21.7;4.86690336917851;43.9893165905683;LE PONTET
BSS002DRNR;2022-02-09;5.63;21.7;4.86690336917851;43.9893165905683;LE PONTET
BSS002DRNR;2022-02-10;5.64;21.69;4.86690336917851;43.9893165905683;LE PONTET
BSS002DRNR;2022-02-11;5.65;21.68;4.86690336917851;43.9893165905683;LE PONTET
BSS002DRNR;2022-02-12;5.66;21.67;4.86690336917851;43.9893165905683;LE PONTET
BSS002DRNR;2022-02-13;5.66;21.67;4.86690336917851;43.9893165905683;LE PONTET
BSS002DRNR;2022-02-14;5.63;21.7;4.86690336917851;43.9893165905683;LE PONTET
BSS002DRNR;2022-02-15;5.62;21.71;4.86690336917851;43.9893165905683;LE PONTET
BSS002DRNR;2022-02-16;5.62;21.71;4.86690336917851;43.9893165905683;LE PONTET
BSS002DRNR;2022-02-17;5.63;21.7;4.86690336917851;43.9893165905683;LE PONTET
BSS002DRNR;2022-02-18;5.64;21.69;4.86690336917851;43.9893165905683;LE PONTET
BSS002DRNR;2022-02-19;5.66;21.67;4.86690336917851;43.9893165905683;LE PONTET
BSS002DRNR;2022-02-20;5.67;21.66;4.86690336917851;43.9893165905683;LE PONTET
BSS002DRNR;2022-02-21;5.67;21.66;4.86690336917851;43.9893165905683;LE PONTET
BSS002DRNR;2022-02-22;5.68;21.65;4.86690336917851;43.9893165905683;LE PONTET
BSS002DRNR;2022-02-23;5.68;21.65;4.86690336917851;43.9893165905683;LE PONTET
BSS002DRNR;2022-02-24;5.69;21.64;4.86690336917851;43.9893165905683;LE PONTET
BSS002DRNR;2022-02-25;5.69;21.64;4.86690336917851;43.9893165905683;LE PONTET
BSS002DRNR;2022-02-26;5.7;21.63;4.86690336917851;43.9893165905683;LE PONTET
BSS002DRNR;2022-02-27;5.7;21.63;4.86690336917851;43.9893165905683;LE PONTET
BSS002DRNR;2022-02-28;5.71;21.62;4.86690336917851;43.9893165905683;LE PONTET
BSS002DRNR;2022-03-01;5.72;21.61;4.86690336917851;43.9893165905683;LE PONTET
BSS002DRNR;2022-03-02;5.7;21.63;4.86690336917851;43.9893165905683;LE PONTET
BSS002DRNR;2022-03-03;5.63;21.7;4.86690336917851;43.9893165905683;LE PONTET
BSS002DRNR;2022-03-04;5.61;21.72;4.86690336917851;43.9893165905683;LE PONTET
BSS002DRNR;2022-03-05;5.58;21.75;4.86690336917851;43.9893165905683;LE PONTET
BSS002DRNR;2022-03-06;5.56;21.77;4.86690336917851;43.9893165905683;LE PONTET
BSS002DRNR;2022-03-07;5.55;21.78;4.86690336917851;43.9893165905683;LE PONTET
BSS002DRNR;2022-03-08;5.55;21.78;4.86690336917851;43.9893165905683;LE PONTET
BSS002DRNR;2022-03-09;5.54;21.79;4.86690336917851;43.9893165905683;LE PONTET
BSS002DRNR;2022-03-10;5.53;21.8;4.86690336917851;43.9893165905683;LE PONTET
BSS002DRNR;2022-03-11;5.53;21.8;4.86690336917851;43.9893165905683;LE PONTET
BSS002DRNR;2022-03-12;5.53;21.8;4.86690336917851;43.9893165905683;LE PONTET
BSS002DRNR;2022-03-13;5.53;21.8;4.86690336917851;43.9893165905683;LE PONTET
BSS002DRNR;2022-03-14;5.52;21.81;4.86690336917851;43.9893165905683;LE PONTET
BSS002DRNR;2022-03-15;5.53;21.8;4.86690336917851;43.9893165905683;LE PONTET
BSS002DRNR;2022-03-16;5.52;21.81;4.86690336917851;43.9893165905683;LE PONTET
BSS002DRNR;2022-03-17;5.52;21.81;4.86690336917851;43.9893165905683;LE PONTET
BSS002DRNR;2022-03-18;5.53;21.8;4.86690336917851;43.9893165905683;LE PONTET
BSS002DRNR;2022-03-19;5.53;21.8;4.86690336917851;43.9893165905683;LE PONTET
BSS002DRNR;2022-03-20;5.54;21.79;4.86690336917851;43.9893165905683;LE PONTET
BSS002DRNR;2022-03-21;5.53;21.8;4.86690336917851;43.9893165905683;LE PONTET
BSS002DRNR;2022-03-22;5.52;21.81;4.86690336917851;43.9893165905683;LE PONTET
BSS002DRNR;2022-03-23;5.51;21.82;4.86690336917851;43.9893165905683;LE PONTET
BSS002DRNR;2022-03-24;5.51;21.82;4.86690336917851;43.9893165905683;LE PONTET
BSS002DRNR;2022-03-25;5.5;21.83;4.86690336917851;43.9893165905683;LE PONTET
BSS002DRNR;2022-03-26;5.5;21.83;4.86690336917851;43.9893165905683;LE PONTET
BSS002DRNR;2022-03-27;5.48;21.85;4.86690336917851;43.9893165905683;LE PONTET
BSS002DRNR;2022-03-28;5.48;21.85;4.86690336917851;43.9893165905683;LE PONTET
BSS002DRNR;2022-03-29;5.47;21.86;4.86690336917851;43.9893165905683;LE PONTET
BSS002DRNR;2022-03-30;5.45;21.88;4.86690336917851;43.9893165905683;LE PONTET
BSS002DRNR;2022-03-31;5.44;21.89;4.86690336917851;43.9893165905683;LE PONTET
BSS002DRNR;2022-04-01;5.43;21.9;4.86690336917851;43.9893165905683;LE PONTET
BSS002DRNR;2022-04-02;5.44;21.89;4.86690336917851;43.9893165905683;LE PONTET
BSS002DRNR;2022-04-03;5.45;21.88;4.86690336917851;43.9893165905683;LE PONTET
BSS002DRNR;2022-04-04;5.46;21.87;4.86690336917851;43.9893165905683;LE PONTET
BSS002DRNR;2022-04-05;5.46;21.87;4.86690336917851;43.9893165905683;LE PONTET
BSS002DRNR;2022-04-06;5.46;21.87;4.86690336917851;43.9893165905683;LE PONTET
BSS002DRNR;2022-04-07;5.46;21.87;4.86690336917851;43.9893165905683;LE PONTET
BSS002DRNR;2022-04-08;5.46;21.87;4.86690336917851;43.9893165905683;LE PONTET
BSS002DRNR;2022-04-09;5.47;21.86;4.86690336917851;43.9893165905683;LE PONTET
BSS002DRNR;2022-04-10;5.47;21.86;4.86690336917851;43.9893165905683;LE PONTET
BSS002DRNR;2022-04-11;5.47;21.86;4.86690336917851;43.9893165905683;LE PONTET
BSS002DRNR;2022-04-12;5.48;21.85;4.86690336917851;43.9893165905683;LE PONTET
BSS002DRNR;2022-04-13;5.48;21.85;4.86690336917851;43.9893165905683;LE PONTET
BSS002DRNR;2022-04-14;5.47;21.86;4.86690336917851;43.9893165905683;LE PONTET
BSS002DRNR;2022-04-15;5.46;21.87;4.86690336917851;43.9893165905683;LE PONTET
BSS002DRNR;2022-04-16;5.45;21.88;4.86690336917851;43.9893165905683;LE PONTET
BSS002DRNR;2022-04-17;5.44;21.89;4.86690336917851;43.9893165905683;LE PONTET
BSS002DRNR;2022-04-18;5.43;21.9;4.86690336917851;43.9893165905683;LE PONTET
BSS002DRNR;2022-04-19;5.44;21.89;4.86690336917851;43.9893165905683;LE PONTET
BSS002DRNR;2022-04-20;5.43;21.9;4.86690336917851;43.9893165905683;LE PONTET
BSS002DRNR;2022-04-21;5.42;21.91;4.86690336917851;43.9893165905683;LE PONTET
BSS002DRNR;2022-04-22;5.42;21.91;4.86690336917851;43.9893165905683;LE PONTET
BSS002DRNR;2022-04-23;5.41;21.92;4.86690336917851;43.9893165905683;LE PONTET
BSS002DRNR;2022-04-24;5.39;21.94;4.86690336917851;43.9893165905683;LE PONTET
BSS002DRNR;2022-04-25;5.39;21.94;4.86690336917851;43.9893165905683;LE PONTET
BSS002DRNR;2022-04-26;5.39;21.94;4.86690336917851;43.9893165905683;LE PONTET
BSS002DRNR;2022-04-27;5.38;21.95;4.86690336917851;43.9893165905683;LE PONTET
BSS002DRNR;2022-04-28;5.37;21.96;4.86690336917851;43.9893165905683;LE PONTET
BSS002DRNR;2022-04-29;5.37;21.96;4.86690336917851;43.9893165905683;LE PONTET
BSS002DRNR;2022-04-30;5.38;21.95;4.86690336917851;43.9893165905683;LE PONTET
BSS002DRNR;2022-05-01;5.39;21.94;4.86690336917851;43.9893165905683;LE PONTET
BSS002DRNR;2022-05-02;5.39;21.94;4.86690336917851;43.9893165905683;LE PONTET
BSS002DRNR;2022-05-03;5.4;21.93;4.86690336917851;43.9893165905683;LE PONTET
BSS002DRNR;2022-05-04;5.39;21.94;4.86690336917851;43.9893165905683;LE PONTET
BSS002DRNR;2022-05-05;5.38;21.95;4.86690336917851;43.9893165905683;LE PONTET
BSS002DRNR;2022-05-06;5.38;21.95;4.86690336917851;43.9893165905683;LE PONTET
BSS002DRNR;2022-05-07;5.38;21.95;4.86690336917851;43.9893165905683;LE PONTET
BSS002DRNR;2022-05-08;5.37;21.96;4.86690336917851;43.9893165905683;LE PONTET
BSS002DRNR;2022-05-09;5.36;21.97;4.86690336917851;43.9893165905683;LE PONTET
BSS002DRNR;2022-05-10;5.36;21.97;4.86690336917851;43.9893165905683;LE PONTET
BSS002DRNR;2022-05-11;5.36;21.97;4.86690336917851;43.9893165905683;LE PONTET
BSS002DRNR;2022-05-12;5.35;21.98;4.86690336917851;43.9893165905683;LE PONTET
BSS002DRNR;2022-05-13;5.36;21.97;4.86690336917851;43.9893165905683;LE PONTET
BSS002DRNR;2022-05-14;5.35;21.98;4.86690336917851;43.9893165905683;LE PONTET
BSS002DRNR;2022-05-15;5.34;21.99;4.86690336917851;43.9893165905683;LE PONTET
BSS002DRNR;2022-05-16;5.33;22.0;4.86690336917851;43.9893165905683;LE PONTET
BSS002DRNR;2022-05-17;5.32;22.01;4.86690336917851;43.9893165905683;LE PONTET
BSS002DRNR;2022-05-18;5.31;22.02;4.86690336917851;43.9893165905683;LE PONTET
BSS002DRNR;2022-05-19;5.3;22.03;4.86690336917851;43.9893165905683;LE PONTET
BSS002DRNR;2022-05-20;5.3;22.03;4.86690336917851;43.9893165905683;LE PONTET
BSS002DRNR;2022-05-21;5.3;22.03;4.86690336917851;43.9893165905683;LE PONTET
BSS002DRNR;2022-05-22;5.28;22.05;4.86690336917851;43.9893165905683;LE PONTET
BSS002DRNR;2022-05-23;5.27;22.06;4.86690336917851;43.9893165905683;LE PONTET
BSS002DRNR;2022-05-24;5.26;22.07;4.86690336917851;43.9893165905683;LE PONTET
BSS002DRNR;2022-05-25;5.26;22.07;4.86690336917851;43.9893165905683;LE PONTET
BSS002DRNR;2022-05-26;5.25;22.08;4.86690336917851;43.9893165905683;LE PONTET
BSS002DRNR;2022-05-27;5.25;22.08;4.86690336917851;43.9893165905683;LE PONTET
BSS002DRNR;2022-05-28;5.24;22.09;4.86690336917851;43.9893165905683;LE PONTET
BSS002DRNR;2022-05-29;5.24;22.09;4.86690336917851;43.9893165905683;LE PONTET
BSS002DRNR;2022-05-30;5.24;22.09;4.86690336917851;43.9893165905683;LE PONTET
BSS002DRNR;2022-05-31;5.24;22.09;4.86690336917851;43.9893165905683;LE PONTET
BSS002DRNR;2022-06-01;5.24;22.09;4.86690336917851;43.9893165905683;LE PONTET
BSS002DRNR;2022-06-02;5.24;22.09;4.86690336917851;43.9893165905683;LE PONTET
BSS002DRNR;2022-06-03;5.23;22.1;4.86690336917851;43.9893165905683;LE PONTET
BSS002DRNR;2022-06-04;5.23;22.1;4.86690336917851;43.9893165905683;LE PONTET
BSS002DRNR;2022-06-05;5.21;22.12;4.86690336917851;43.9893165905683;LE PONTET
BSS002DRNR;2022-06-06;5.2;22.13;4.86690336917851;43.9893165905683;LE PONTET
BSS002DRNR;2022-06-07;5.2;22.13;4.86690336917851;43.9893165905683;LE PONTET
BSS002DRNR;2022-06-08;5.2;22.13;4.86690336917851;43.9893165905683;LE PONTET
BSS002DRNR;2022-06-09;5.2;22.13;4.86690336917851;43.9893165905683;LE PONTET
BSS002DRNR;2022-06-10;5.21;22.12;4.86690336917851;43.9893165905683;LE PONTET
BSS002DRNR;2022-06-11;5.22;22.11;4.86690336917851;43.9893165905683;LE PONTET
BSS002DRNR;2022-06-12;5.23;22.1;4.86690336917851;43.9893165905683;LE PONTET
BSS002DRNR;2022-06-13;5.23;22.1;4.86690336917851;43.9893165905683;LE PONTET
BSS002DRNR;2022-06-14;5.24;22.09;4.86690336917851;43.9893165905683;LE PONTET
BSS002DRNR;2022-06-15;5.25;22.08;4.86690336917851;43.9893165905683;LE PONTET
BSS002DRNR;2022-06-16;5.25;22.08;4.86690336917851;43.9893165905683;LE PONTET
BSS002DRNR;2022-06-17;5.26;22.07;4.86690336917851;43.9893165905683;LE PONTET
BSS002DRNR;2022-06-18;5.27;22.06;4.86690336917851;43.9893165905683;LE PONTET
BSS002DRNR;2022-06-19;5.27;22.06;4.86690336917851;43.9893165905683;LE PONTET
BSS002DRNR;2022-06-20;5.28;22.05;4.86690336917851;43.9893165905683;LE PONTET
BSS002DRNR;2022-06-21;5.29;22.04;4.86690336917851;43.9893165905683;LE PONTET
BSS002DRNR;2022-06-22;5.29;22.04;4.86690336917851;43.9893165905683;LE PONTET
BSS002DRNR;2022-06-23;5.29;22.04;4.86690336917851;43.9893165905683;LE PONTET
BSS002DRNR;2022-06-24;5.29;22.04;4.86690336917851;43.9893165905683;LE PONTET
BSS002DRNR;2022-06-25;5.29;22.04;4.86690336917851;43.9893165905683;LE PONTET
BSS002DRNR;2022-06-26;5.29;22.04;4.86690336917851;43.9893165905683;LE PONTET
BSS002DRNR;2022-06-27;5.3;22.03;4.86690336917851;43.9893165905683;LE PONTET
BSS002DRNR;2022-06-28;5.31;22.02;4.86690336917851;43.9893165905683;LE PONTET
BSS002DRNR;2022-06-29;5.31;22.02;4.86690336917851;43.9893165905683;LE PONTET
BSS002DRNR;2022-06-30;5.31;22.02;4.86690336917851;43.9893165905683;LE PONTET
BSS002DRNR;2022-07-01;5.32;22.01;4.86690336917851;43.9893165905683;LE PONTET
BSS002DRNR;2022-07-02;5.32;22.01;4.86690336917851;43.9893165905683;LE PONTET
BSS002DRNR;2022-07-03;5.33;22.0;4.86690336917851;43.9893165905683;LE PONTET
BSS002DRNR;2022-07-04;5.34;21.99;4.86690336917851;43.9893165905683;LE PONTET
BSS002DRNR;2022-07-05;5.34;21.99;4.86690336917851;43.9893165905683;LE PONTET
BSS002DRNR;2022-07-06;5.35;21.98;4.86690336917851;43.9893165905683;LE PONTET
BSS002DRNR;2022-07-07;5.36;21.97;4.86690336917851;43.9893165905683;LE PONTET
BSS002DRNR;2022-07-08;5.37;21.96;4.86690336917851;43.9893165905683;LE PONTET
BSS002DRNR;2022-07-09;5.38;21.95;4.86690336917851;43.9893165905683;LE PONTET
BSS002DRNR;2022-07-10;5.39;21.94;4.86690336917851;43.9893165905683;LE PONTET
BSS002DRNR;2022-07-11;5.39;21.94;4.86690336917851;43.9893165905683;LE PONTET
BSS002DRNR;2022-07-12;5.39;21.94;4.86690336917851;43.9893165905683;LE PONTET
BSS002DRNR;2022-07-13;5.4;21.93;4.86690336917851;43.9893165905683;LE PONTET
BSS002DRNR;2022-07-14;5.4;21.93;4.86690336917851;43.9893165905683;LE PONTET
BSS002DRNR;2022-07-15;5.39;21.94;4.86690336917851;43.9893165905683;LE PONTET
BSS002DRNR;2022-07-16;5.4;21.93;4.86690336917851;43.9893165905683;LE PONTET
BSS002DRNR;2022-07-17;5.39;21.94;4.86690336917851;43.9893165905683;LE PONTET
BSS002DRNR;2022-07-18;5.39;21.94;4.86690336917851;43.9893165905683;LE PONTET
BSS002DRNR;2022-07-19;5.39;21.94;4.86690336917851;43.9893165905683;LE PONTET
BSS002DRNR;2022-07-20;5.39;21.94;4.86690336917851;43.9893165905683;LE PONTET
BSS002DRNR;2022-07-21;5.4;21.93;4.86690336917851;43.9893165905683;LE PONTET
BSS002DRNR;2022-07-22;5.4;21.93;4.86690336917851;43.9893165905683;LE PONTET
BSS002DRNR;2022-07-23;5.4;21.93;4.86690336917851;43.9893165905683;LE PONTET
BSS002DRNR;2022-07-24;5.4;21.93;4.86690336917851;43.9893165905683;LE PONTET
BSS002DRNR;2022-07-25;5.39;21.94;4.86690336917851;43.9893165905683;LE PONTET
BSS002DRNR;2022-07-26;5.39;21.94;4.86690336917851;43.9893165905683;LE PONTET
BSS002DRNR;2022-07-27;5.38;21.95;4.86690336917851;43.9893165905683;LE PONTET
BSS002DRNR;2022-07-28;5.38;21.95;4.86690336917851;43.9893165905683;LE PONTET
BSS002DRNR;2022-07-29;5.37;21.96;4.86690336917851;43.9893165905683;LE PONTET
BSS002DRNR;2022-07-30;5.37;21.96;4.86690336917851;43.9893165905683;LE PONTET
BSS002DRNR;2022-07-31;5.37;21.96;4.86690336917851;43.9893165905683;LE PONTET
BSS002DRNR;2022-08-01;5.37;21.96;4.86690336917851;43.9893165905683;LE PONTET
BSS002DRNR;2022-08-02;5.38;21.95;4.86690336917851;43.9893165905683;LE PONTET
BSS002DRNR;2022-08-03;5.38;21.95;4.86690336917851;43.9893165905683;LE PONTET
BSS002DRNR;2022-08-04;5.37;21.96;4.86690336917851;43.9893165905683;LE PONTET
BSS002DRNR;2022-08-05;5.37;21.96;4.86690336917851;43.9893165905683;LE PONTET
BSS002DRNR;2022-08-06;;;4.86690336917851;43.9893165905683;
BSS002DRNR;2022-08-07;;;4.86690336917851;43.9893165905683;
BSS002DRNR;2022-08-08;5.36;21.97;4.86690336917851;43.9893165905683;LE PONTET
BSS002DRNR;2022-08-09;5.36;21.97;4.86690336917851;43.9893165905683;LE PONTET
BSS002DRNR;2022-08-10;5.36;21.97;4.86690336917851;43.9893165905683;LE PONTET
BSS002DRNR;2022-08-11;5.36;21.97;4.86690336917851;43.9893165905683;LE PONTET
BSS002DRNR;2022-08-12;5.35;21.98;4.86690336917851;43.9893165905683;LE PONTET
BSS002DRNR;2022-08-13;5.35;21.98;4.86690336917851;43.9893165905683;LE PONTET
BSS002DRNR;2022-08-14;5.34;21.99;4.86690336917851;43.9893165905683;LE PONTET
BSS002DRNR;2022-08-15;5.33;22.0;4.86690336917851;43.9893165905683;LE PONTET
BSS002DRNR;2022-08-16;5.33;22.0;4.86690336917851;43.9893165905683;LE PONTET
BSS002DRNR;2022-08-17;5.33;22.0;4.86690336917851;43.9893165905683;LE PONTET
BSS002DRNR;2022-08-18;5.32;22.01;4.86690336917851;43.9893165905683;LE PONTET
BSS002DRNR;2022-08-19;5.33;22.0;4.86690336917851;43.9893165905683;LE PONTET
BSS002DRNR;2022-08-20;5.32;22.01;4.86690336917851;43.9893165905683;LE PONTET
BSS002DRNR;2022-08-21;5.32;22.01;4.86690336917851;43.9893165905683;LE PONTET
BSS002DRNR;2022-08-22;5.33;22.0;4.86690336917851;43.9893165905683;LE PONTET
BSS002DRNR;2022-08-23;5.33;22.0;4.86690336917851;43.9893165905683;LE PONTET
BSS002DRNR;2022-08-24;5.34;21.99;4.86690336917851;43.9893165905683;LE PONTET
BSS002DRNR;2022-08-25;5.35;21.98;4.86690336917851;43.9893165905683;LE PONTET
BSS002DRNR;2022-08-26;5.35;21.98;4.86690336917851;43.9893165905683;LE PONTET
BSS002DRNR;2022-08-27;5.35;21.98;4.86690336917851;43.9893165905683;LE PONTET
BSS002DRNR;2022-08-28;5.35;21.98;4.86690336917851;43.9893165905683;LE PONTET
BSS002DRNR;2022-08-29;5.34;21.99;4.86690336917851;43.9893165905683;LE PONTET
BSS002DRNR;2022-08-30;5.31;22.02;4.86690336917851;43.9893165905683;LE PONTET
BSS002DRNR;2022-08-31;5.3;22.03;4.86690336917851;43.9893165905683;LE PONTET
BSS002DRNR;2022-09-01;5.31;22.02;4.86690336917851;43.9893165905683;LE PONTET
BSS002DRNR;2022-09-02;5.32;22.01;4.86690336917851;43.9893165905683;LE PONTET
BSS002DRNR;2022-09-03;5.33;22.0;4.86690336917851;43.9893165905683;LE PONTET
BSS002DRNR;2022-09-04;5.33;22.0;4.86690336917851;43.9893165905683;LE PONTET
BSS002DRNR;2022-09-05;5.34;21.99;4.86690336917851;43.9893165905683;LE PONTET
BSS002DRNR;2022-09-06;5.35;21.98;4.86690336917851;43.9893165905683;LE PONTET
BSS002DRNR;2022-09-07;5.34;21.99;4.86690336917851;43.9893165905683;LE PONTET
BSS002DRNR;2022-09-08;5.32;22.01;4.86690336917851;43.9893165905683;LE PONTET
BSS002DRNR;2022-09-09;5.31;22.02;4.86690336917851;43.9893165905683;LE PONTET
BSS002DRNR;2022-09-10;5.32;22.01;4.86690336917851;43.9893165905683;LE PONTET
BSS002DRNR;2022-09-11;5.34;21.99;4.86690336917851;43.9893165905683;LE PONTET
BSS002DRNR;2022-09-12;5.36;21.97;4.86690336917851;43.9893165905683;LE PONTET
BSS002DRNR;2022-09-13;5.35;21.98;4.86690336917851;43.9893165905683;LE PONTET
BSS002DRNR;2022-09-14;5.34;21.99;4.86690336917851;43.9893165905683;LE PONTET
BSS002DRNR;2022-09-15;5.34;21.99;4.86690336917851;43.9893165905683;LE PONTET
BSS002DRNR;2022-09-16;5.35;21.98;4.86690336917851;43.9893165905683;LE PONTET
BSS002DRNR;2022-09-17;5.33;22.0;4.86690336917851;43.9893165905683;LE PONTET
BSS002DRNR;2022-09-18;5.29;22.04;4.86690336917851;43.9893165905683;LE PONTET
BSS002DRNR;2022-09-19;5.27;22.06;4.86690336917851;43.9893165905683;LE PONTET
BSS002DRNR;2022-09-20;5.27;22.06;4.86690336917851;43.9893165905683;LE PONTET
BSS002DRNR;2022-09-21;5.29;22.04;4.86690336917851;43.9893165905683;LE PONTET
BSS002DRNR;2022-09-22;5.31;22.02;4.86690336917851;43.9893165905683;LE PONTET
BSS002DRNR;2022-09-23;5.32;22.01;4.86690336917851;43.9893165905683;LE PONTET
BSS002DRNR;2022-09-24;5.27;22.06;4.86690336917851;43.9893165905683;LE PONTET
BSS002DRNR;2022-09-25;5.27;22.06;4.86690336917851;43.9893165905683;LE PONTET
BSS002DRNR;2022-09-26;5.27;22.06;4.86690336917851;43.9893165905683;LE PONTET
BSS002DRNR;2022-09-27;5.27;22.06;4.86690336917851;43.9893165905683;LE PONTET
BSS002DRNR;2022-09-28;5.29;22.04;4.86690336917851;43.9893165905683;LE PONTET
BSS002DRNR;2022-09-29;5.3;22.03;4.86690336917851;43.9893165905683;LE PONTET
BSS002DRNR;2022-09-30;5.31;22.02;4.86690336917851;43.9893165905683;LE PONTET
BSS002DRNR;2022-10-01;5.32;22.01;4.86690336917851;43.9893165905683;LE PONTET
BSS002DRNR;2022-10-02;5.33;22.0;4.86690336917851;43.9893165905683;LE PONTET
BSS002DRNR;2022-10-03;5.34;21.99;4.86690336917851;43.9893165905683;LE PONTET
BSS002DRNR;2022-10-04;5.35;21.98;4.86690336917851;43.9893165905683;LE PONTET
BSS002DRNR;2022-10-05;5.37;21.96;4.86690336917851;43.9893165905683;LE PONTET
BSS002DRNR;2022-10-06;5.38;21.95;4.86690336917851;43.9893165905683;LE PONTET
BSS002DRNR;2022-10-07;5.39;21.94;4.86690336917851;43.9893165905683;LE PONTET
BSS002DRNR;2022-10-08;5.4;21.93;4.86690336917851;43.9893165905683;LE PONTET
BSS002DRNR;2022-10-09;5.4;21.93;4.86690336917851;43.9893165905683;LE PONTET
BSS002DRNR;2022-10-10;5.41;21.92;4.86690336917851;43.9893165905683;LE PONTET
BSS002DRNR;2022-10-11;5.43;21.9;4.86690336917851;43.9893165905683;LE PONTET
BSS002DRNR;2022-10-12;5.44;21.89;4.86690336917851;43.9893165905683;LE PONTET
BSS002DRNR;2022-10-13;5.44;21.89;4.86690336917851;43.9893165905683;LE PONTET
BSS002DRNR;2022-10-14;5.45;21.88;4.86690336917851;43.9893165905683;LE PONTET
BSS002DRNR;2022-10-15;5.46;21.87;4.86690336917851;43.9893165905683;LE PONTET
BSS002DRNR;2022-10-16;5.47;21.86;4.86690336917851;43.9893165905683;LE PONTET
BSS002DRNR;2022-10-17;5.48;21.85;4.86690336917851;43.9893165905683;LE PONTET
BSS002DRNR;2022-10-18;5.49;21.84;4.86690336917851;43.9893165905683;LE PONTET
BSS002DRNR;2022-10-19;5.49;21.84;4.86690336917851;43.9893165905683;LE PONTET
BSS002DRNR;2022-10-20;5.49;21.84;4.86690336917851;43.9893165905683;LE PONTET
BSS002DRNR;2022-10-21;5.48;21.85;4.86690336917851;43.9893165905683;LE PONTET
BSS002DRNR;2022-10-22;5.48;21.85;4.86690336917851;43.9893165905683;LE PONTET
BSS002DRNR;2022-10-23;5.48;21.85;4.86690336917851;43.9893165905683;LE PONTET
BSS002DRNR;2022-10-24;5.48;21.85;4.86690336917851;43.9893165905683;LE PONTET
BSS002DRNR;2022-10-25;5.48;21.85;4.86690336917851;43.9893165905683;LE PONTET
BSS002DRNR;2022-10-26;5.48;21.85;4.86690336917851;43.9893165905683;LE PONTET
BSS002DRNR;2022-10-27;5.48;21.85;4.86690336917851;43.9893165905683;LE PONTET
BSS002DRNR;2022-10-28;5.47;21.86;4.86690336917851;43.9893165905683;LE PONTET
BSS002DRNR;2022-10-29;5.46;21.87;4.86690336917851;43.9893165905683;LE PONTET
BSS002DRNR;2022-10-30;5.46;21.87;4.86690336917851;43.9893165905683;LE PONTET
BSS002DRNR;2022-10-31;5.45;21.88;4.86690336917851;43.9893165905683;LE PONTET
BSS002DRNR;2022-11-01;5.34;21.99;4.86690336917851;43.9893165905683;LE PONTET
BSS002DRNR;2022-11-02;5.33;22.0;4.86690336917851;43.9893165905683;LE PONTET
BSS002DRNR;2022-11-03;5.3;22.03;4.86690336917851;43.9893165905683;LE PONTET
BSS002DRNR;2022-11-04;5.27;22.06;4.86690336917851;43.9893165905683;LE PONTET
BSS002DRNR;2022-11-05;5.27;22.06;4.86690336917851;43.9893165905683;LE PONTET
BSS002DRNR;2022-11-06;5.28;22.05;4.86690336917851;43.9893165905683;LE PONTET
BSS002DRNR;2022-11-07;5.29;22.04;4.86690336917851;43.9893165905683;LE PONTET
BSS002DRNR;2022-11-08;5.3;22.03;4.86690336917851;43.9893165905683;LE PONTET
BSS002DRNR;2022-11-09;5.29;22.04;4.86690336917851;43.9893165905683;LE PONTET
BSS002DRNR;2022-11-10;5.28;22.05;4.86690336917851;43.9893165905683;LE PONTET
BSS002DRNR;2022-11-11;5.29;22.04;4.86690336917851;43.9893165905683;LE PONTET
BSS002DRNR;2022-11-12;5.29;22.04;4.86690336917851;43.9893165905683;LE PONTET
BSS002DRNR;2022-11-13;5.3;22.03;4.86690336917851;43.9893165905683;LE PONTET
BSS002DRNR;2022-11-14;5.31;22.02;4.86690336917851;43.9893165905683;LE PONTET
BSS002DRNR;2022-11-15;5.29;22.04;4.86690336917851;43.9893165905683;LE PONTET
BSS002DRNR;2022-11-16;5.25;22.08;4.86690336917851;43.9893165905683;LE PONTET
BSS002DRNR;2022-11-17;5.24;22.09;4.86690336917851;43.9893165905683;LE PONTET
BSS002DRNR;2022-11-18;5.24;22.09;4.86690336917851;43.9893165905683;LE PONTET
BSS002DRNR;2022-11-19;5.24;22.09;4.86690336917851;43.9893165905683;LE PONTET
BSS002DRNR;2022-11-20;5.25;22.08;4.86690336917851;43.9893165905683;LE PONTET
BSS002DRNR;2022-11-21;5.26;22.07;4.86690336917851;43.9893165905683;LE PONTET
BSS002DRNR;2022-11-22;5.26;22.07;4.86690336917851;43.9893165905683;LE PONTET
BSS002DRNR;2022-11-23;5.28;22.05;4.86690336917851;43.9893165905683;LE PONTET
BSS002DRNR;2022-11-24;5.3;22.03;4.86690336917851;43.9893165905683;LE PONTET
BSS002DRNR;2022-11-25;5.32;22.01;4.86690336917851;43.9893165905683;LE PONTET
BSS002DRNR;2022-11-26;5.33;22.0;4.86690336917851;43.9893165905683;LE PONTET
BSS002DRNR;2022-11-27;5.35;21.98;4.86690336917851;43.9893165905683;LE PONTET
BSS002DRNR;2022-11-28;5.34;21.99;4.86690336917851;43.9893165905683;LE PONTET
BSS002DRNR;2022-11-29;5.33;22.0;4.86690336917851;43.9893165905683;LE PONTET
BSS002DRNR;2022-11-30;5.34;21.99;4.86690336917851;43.9893165905683;LE PONTET
BSS002DRNR;2022-12-01;5.35;21.98;4.86690336917851;43.9893165905683;LE PONTET
BSS002DRNR;2022-12-02;5.36;21.97;4.86690336917851;43.9893165905683;LE PONTET
BSS002DRNR;2022-12-03;5.38;21.95;4.86690336917851;43.9893165905683;LE PONTET
BSS002DRNR;2022-12-04;5.31;22.02;4.86690336917851;43.9893165905683;LE PONTET
BSS002DRNR;2022-12-05;5.25;22.08;4.86690336917851;43.9893165905683;LE PONTET
BSS002DRNR;2022-12-06;5.24;22.09;4.86690336917851;43.9893165905683;LE PONTET
BSS002DRNR;2022-12-07;5.24;22.09;4.86690336917851;43.9893165905683;LE PONTET
BSS002DRNR;2022-12-08;5.24;22.09;4.86690336917851;43.9893165905683;LE PONTET
BSS002DRNR;2022-12-09;5.1;22.23;4.86690336917851;43.9893165905683;LE PONTET
BSS002DRNR;2022-12-10;5.06;22.27;4.86690336917851;43.9893165905683;LE PONTET
BSS002DRNR;2022-12-11;5.06;22.27;4.86690336917851;43.9893165905683;LE PONTET
BSS002DRNR;2022-12-12;5.07;22.26;4.86690336917851;43.9893165905683;LE PONTET
BSS002DRNR;2022-12-13;5.07;22.26;4.86690336917851;43.9893165905683;LE PONTET
BSS002DRNR;2022-12-14;5.07;22.26;4.86690336917851;43.9893165905683;LE PONTET
BSS002DRNR;2022-12-15;5.04;22.29;4.86690336917851;43.9893165905683;LE PONTET
BSS002DRNR;2022-12-16;4.99;22.34;4.86690336917851;43.9893165905683;LE PONTET
BSS002DRNR;2022-12-17;4.99;22.34;4.86690336917851;43.9893165905683;LE PONTET
BSS002DRNR;2022-12-18;5.0;22.33;4.86690336917851;43.9893165905683;LE PONTET
BSS002DRNR;2022-12-19;5.02;22.31;4.86690336917851;43.9893165905683;LE PONTET
BSS002DRNR;2022-12-20;5.04;22.29;4.86690336917851;43.9893165905683;LE PONTET
BSS002DRNR;2022-12-21;5.06;22.27;4.86690336917851;43.9893165905683;LE PONTET
BSS002DRNR;2022-12-22;5.07;22.26;4.86690336917851;43.9893165905683;LE PONTET
BSS002DRNR;2022-12-23;5.08;22.25;4.86690336917851;43.9893165905683;LE PONTET
BSS002DRNR;2022-12-24;5.1;22.23;4.86690336917851;43.9893165905683;LE PONTET
BSS002DRNR;2022-12-25;5.12;22.21;4.86690336917851;43.9893165905683;LE PONTET
BSS002DRNR;2022-12-26;5.13;22.2;4.86690336917851;43.9893165905683;LE PONTET
BSS002DRNR;2022-12-27;5.15;22.18;4.86690336917851;43.9893165905683;LE PONTET
BSS002DRNR;2022-12-28;5.16;22.17;4.86690336917851;43.9893165905683;LE PONTET
BSS002DRNR;2022-12-29;5.17;22.16;4.86690336917851;43.9893165905683;LE PONTET
BSS002DRNR;2022-12-30;5.18;22.15;4.86690336917851;43.9893165905683;LE PONTET
BSS002DRNR;2022-12-31;5.19;22.14;4.86690336917851;43.9893165905683;LE PONTET
BSS002DRNR;2023-01-01;5.2;22.13;4.86690336917851;43.9893165905683;LE PONTET
BSS002DRNR;2023-01-02;5.21;22.12;4.86690336917851;43.9893165905683;LE PONTET
BSS002DRNR;2023-01-03;5.22;22.11;4.86690336917851;43.9893165905683;LE PONTET
BSS002DRNR;2023-01-04;5.23;22.1;4.86690336917851;43.9893165905683;LE PONTET
BSS002DRNR;2023-01-05;5.24;22.09;4.86690336917851;43.9893165905683;LE PONTET
BSS002DRNR;2023-01-06;5.25;22.08;4.86690336917851;43.9893165905683;LE PONTET
BSS002DRNR;2023-01-07;5.26;22.07;4.86690336917851;43.9893165905683;LE PONTET
BSS002DRNR;2023-01-08;5.27;22.06;4.86690336917851;43.9893165905683;LE PONTET
BSS002DRNR;2023-01-09;5.28;22.05;4.86690336917851;43.9893165905683;LE PONTET
BSS002DRNR;2023-01-10;5.29;22.04;4.86690336917851;43.9893165905683;LE PONTET
BSS002DRNR;2023-01-11;5.3;22.03;4.86690336917851;43.9893165905683;LE PONTET
BSS002DRNR;2023-01-12;5.32;22.01;4.86690336917851;43.9893165905683;LE PONTET
BSS002DRNR;2023-01-13;5.32;22.01;4.86690336917851;43.9893165905683;LE PONTET
BSS002DRNR;2023-01-14;5.33;22.0;4.86690336917851;43.9893165905683;LE PONTET
BSS002DRNR;2023-01-15;5.33;22.0;4.86690336917851;43.9893165905683;LE PONTET
BSS002DRNR;2023-01-16;5.33;22.0;4.86690336917851;43.9893165905683;LE PONTET
BSS002DRNR;2023-01-17;5.34;21.99;4.86690336917851;43.9893165905683;LE PONTET
BSS002DRNR;2023-01-18;5.34;21.99;4.86690336917851;43.9893165905683;LE PONTET
BSS002DRNR;2023-01-19;5.35;21.98;4.86690336917851;43.9893165905683;LE PONTET
BSS002DRNR;2023-01-20;5.36;21.97;4.86690336917851;43.9893165905683;LE PONTET
BSS002DRNR;2023-01-21;5.37;21.96;4.86690336917851;43.9893165905683;LE PONTET
BSS002DRNR;2023-01-22;5.38;21.95;4.86690336917851;43.9893165905683;LE PONTET
BSS002DRNR;2023-01-23;5.39;21.94;4.86690336917851;43.9893165905683;LE PONTET
BSS002DRNR;2023-01-24;5.4;21.93;4.86690336917851;43.9893165905683;LE PONTET
BSS002DRNR;2023-01-25;5.41;21.92;4.86690336917851;43.9893165905683;LE PONTET
BSS002DRNR;2023-01-26;5.41;21.92;4.86690336917851;43.9893165905683;LE PONTET
BSS002DRNR;2023-01-27;5.42;21.91;4.86690336917851;43.9893165905683;LE PONTET
BSS002DRNR;2023-01-28;5.43;21.9;4.86690336917851;43.9893165905683;LE PONTET
BSS002DRNR;2023-01-29;5.44;21.89;4.86690336917851;43.9893165905683;LE PONTET
BSS002DRNR;2023-01-30;5.44;21.89;4.86690336917851;43.9893165905683;LE PONTET
BSS002DRNR;2023-01-31;5.45;21.88;4.86690336917851;43.9893165905683;LE PONTET
BSS002DRNR;2023-02-01;5.46;21.87;4.86690336917851;43.9893165905683;LE PONTET
BSS002DRNR;2023-02-02;5.47;21.86;4.86690336917851;43.9893165905683;LE PONTET
BSS002DRNR;2023-02-03;5.47;21.86;4.86690336917851;43.9893165905683;LE PONTET
BSS002DRNR;2023-02-04;5.48;21.85;4.86690336917851;43.9893165905683;LE PONTET
BSS002DRNR;2023-02-05;5.49;21.84;4.86690336917851;43.9893165905683;LE PONTET
BSS002DRNR;2023-02-06;5.5;21.83;4.86690336917851;43.9893165905683;LE PONTET
BSS002DRNR;2023-02-07;5.5;21.83;4.86690336917851;43.9893165905683;LE PONTET
BSS002DRNR;2023-02-08;5.51;21.82;4.86690336917851;43.9893165905683;LE PONTET
BSS002DRNR;2023-02-09;5.52;21.81;4.86690336917851;43.9893165905683;LE PONTET
BSS002DRNR;2023-02-10;5.53;21.8;4.86690336917851;43.9893165905683;LE PONTET
BSS002DRNR;2023-02-11;5.54;21.79;4.86690336917851;43.9893165905683;LE PONTET
BSS002DRNR;2023-02-12;5.54;21.79;4.86690336917851;43.9893165905683;LE PONTET
BSS002DRNR;2023-02-13;5.55;21.78;4.86690336917851;43.9893165905683;LE PONTET
BSS002DRNR;2023-02-14;5.55;21.78;4.86690336917851;43.9893165905683;LE PONTET
BSS002DRNR;2023-02-15;5.56;21.77;4.86690336917851;43.9893165905683;LE PONTET
BSS002DRNR;2023-02-16;5.57;21.76;4.86690336917851;43.9893165905683;LE PONTET
BSS002DRNR;2023-02-17;5.57;21.76;4.86690336917851;43.9893165905683;LE PONTET
BSS002DRNR;2023-02-18;5.58;21.75;4.86690336917851;43.9893165905683;LE PONTET
BSS002DRNR;2023-02-19;5.59;21.74;4.86690336917851;43.9893165905683;LE PONTET
BSS002DRNR;2023-02-20;5.59;21.74;4.86690336917851;43.9893165905683;LE PONTET
BSS002DRNR;2023-02-21;5.6;21.73;4.86690336917851;43.9893165905683;LE PONTET
BSS002DRNR;2023-02-22;5.6;21.73;4.86690336917851;43.9893165905683;LE PONTET
BSS002DRNR;2023-02-23;5.61;21.72;4.86690336917851;43.9893165905683;LE PONTET
BSS002DRNR;2023-02-24;5.61;21.72;4.86690336917851;43.9893165905683;LE PONTET
BSS002DRNR;2023-02-25;5.62;21.71;4.86690336917851;43.9893165905683;LE PONTET
BSS002DRNR;2023-02-26;5.62;21.71;4.86690336917851;43.9893165905683;LE PONTET
BSS002DRNR;2023-02-27;5.63;21.7;4.86690336917851;43.9893165905683;LE PONTET
BSS002DRNR;2023-02-28;5.63;21.7;4.86690336917851;43.9893165905683;LE PONTET
BSS002DRNR;2023-03-01;5.64;21.69;4.86690336917851;43.9893165905683;LE PONTET
BSS002DRNR;2023-03-02;5.64;21.69;4.86690336917851;43.9893165905683;LE PONTET
BSS002DRNR;2023-03-03;5.65;21.68;4.86690336917851;43.9893165905683;LE PONTET
BSS002DRNR;2023-03-04;5.65;21.68;4.86690336917851;43.9893165905683;LE PONTET
BSS002DRNR;2023-03-05;5.66;21.67;4.86690336917851;43.9893165905683;LE PONTET
BSS002DRNR;2023-03-06;5.66;21.67;4.86690336917851;43.9893165905683;LE PONTET
BSS002DRNR;2023-03-07;5.67;21.66;4.86690336917851;43.9893165905683;LE PONTET
BSS002DRNR;2023-03-08;5.67;21.66;4.86690336917851;43.9893165905683;LE PONTET
BSS002DRNR;2023-03-09;5.68;21.65;4.86690336917851;43.9893165905683;LE PONTET
BSS002DRNR;2023-03-10;5.68;21.65;4.86690336917851;43.9893165905683;LE PONTET
BSS002DRNR;2023-03-11;5.68;21.65;4.86690336917851;43.9893165905683;LE PONTET
BSS002DRNR;2023-03-12;5.69;21.64;4.86690336917851;43.9893165905683;LE PONTET
BSS002DRNR;2023-03-13;5.69;21.64;4.86690336917851;43.9893165905683;LE PONTET
BSS002DRNR;2023-03-14;5.64;21.69;4.86690336917851;43.9893165905683;LE PONTET
BSS002DRNR;2023-03-15;5.55;21.78;4.86690336917851;43.9893165905683;LE PONTET
BSS002DRNR;2023-03-16;5.49;21.84;4.86690336917851;43.9893165905683;LE PONTET
BSS002DRNR;2023-03-17;5.46;21.87;4.86690336917851;43.9893165905683;LE PONTET
BSS002DRNR;2023-03-18;5.42;21.91;4.86690336917851;43.9893165905683;LE PONTET
BSS002DRNR;2023-03-19;5.4;21.93;4.86690336917851;43.9893165905683;LE PONTET
BSS002DRNR;2023-03-20;5.38;21.95;4.86690336917851;43.9893165905683;LE PONTET
BSS002DRNR;2023-03-21;5.36;21.97;4.86690336917851;43.9893165905683;LE PONTET
BSS002DRNR;2023-03-22;5.36;21.97;4.86690336917851;43.9893165905683;LE PONTET
BSS002DRNR;2023-03-23;5.36;21.97;4.86690336917851;43.9893165905683;LE PONTET
BSS002DRNR;2023-03-24;5.41;21.92;4.86690336917851;43.9893165905683;LE PONTET
BSS002DRNR;2023-03-25;5.42;21.91;4.86690336917851;43.9893165905683;LE PONTET
BSS002DRNR;2023-03-26;5.4;21.93;4.86690336917851;43.9893165905683;LE PONTET
BSS002DRNR;2023-03-27;5.39;21.94;4.86690336917851;43.9893165905683;LE PONTET
BSS002DRNR;2023-03-28;5.37;21.96;4.86690336917851;43.9893165905683;LE PONTET
BSS002DRNR;2023-03-29;5.36;21.97;4.86690336917851;43.9893165905683;LE PONTET
BSS002DRNR;2023-03-30;5.35;21.98;4.86690336917851;43.9893165905683;LE PONTET
BSS002DRNR;2023-03-31;5.34;21.99;4.86690336917851;43.9893165905683;LE PONTET
BSS002DRNR;2023-04-01;5.33;22.0;4.86690336917851;43.9893165905683;LE PONTET
BSS002DRNR;2023-04-02;5.32;22.01;4.86690336917851;43.9893165905683;LE PONTET
BSS002DRNR;2023-04-03;5.32;22.01;4.86690336917851;43.9893165905683;LE PONTET
BSS002DRNR;2023-04-04;5.31;22.02;4.86690336917851;43.9893165905683;LE PONTET
BSS002DRNR;2023-04-05;5.3;22.03;4.86690336917851;43.9893165905683;LE PONTET
BSS002DRNR;2023-04-06;5.3;22.03;4.86690336917851;43.9893165905683;LE PONTET
BSS002DRNR;2023-04-07;5.29;22.04;4.86690336917851;43.9893165905683;LE PONTET
BSS002DRNR;2023-04-08;5.28;22.05;4.86690336917851;43.9893165905683;LE PONTET
BSS002DRNR;2023-04-09;5.27;22.06;4.86690336917851;43.9893165905683;LE PONTET
BSS002DRNR;2023-04-10;5.26;22.07;4.86690336917851;43.9893165905683;LE PONTET
BSS002DRNR;2023-04-11;5.26;22.07;4.86690336917851;43.9893165905683;LE PONTET
BSS002DRNR;2023-04-12;5.25;22.08;4.86690336917851;43.9893165905683;LE PONTET
BSS002DRNR;2023-04-13;5.25;22.08;4.86690336917851;43.9893165905683;LE PONTET
BSS002DRNR;2023-04-14;5.26;22.07;4.86690336917851;43.9893165905683;LE PONTET
BSS002DRNR;2023-04-15;5.26;22.07;4.86690336917851;43.9893165905683;LE PONTET
BSS002DRNR;2023-04-16;5.26;22.07;4.86690336917851;43.9893165905683;LE PONTET
BSS002DRNR;2023-04-17;5.26;22.07;4.86690336917851;43.9893165905683;LE PONTET
BSS002DRNR;2023-04-18;5.27;22.06;4.86690336917851;43.9893165905683;LE PONTET
BSS002DRNR;2023-04-19;5.27;22.06;4.86690336917851;43.9893165905683;LE PONTET
BSS002DRNR;2023-04-20;5.28;22.05;4.86690336917851;43.9893165905683;LE PONTET
BSS002DRNR;2023-04-21;5.27;22.06;4.86690336917851;43.9893165905683;LE PONTET
BSS002DRNR;2023-04-22;5.27;22.06;4.86690336917851;43.9893165905683;LE PONTET
BSS002DRNR;2023-04-23;5.27;22.06;4.86690336917851;43.9893165905683;LE PONTET
BSS002DRNR;2023-04-24;5.27;22.06;4.86690336917851;43.9893165905683;LE PONTET
BSS002DRNR;2023-04-25;5.26;22.07;4.86690336917851;43.9893165905683;LE PONTET
BSS002DRNR;2023-04-26;5.26;22.07;4.86690336917851;43.9893165905683;LE PONTET
BSS002DRNR;2023-04-27;5.26;22.07;4.86690336917851;43.9893165905683;LE PONTET
BSS002DRNR;2023-04-28;5.27;22.06;4.86690336917851;43.9893165905683;LE PONTET
BSS002DRNR;2023-04-29;5.26;22.07;4.86690336917851;43.9893165905683;LE PONTET
BSS002DRNR;2023-04-30;5.25;22.08;4.86690336917851;43.9893165905683;LE PONTET
BSS002DRNR;2023-05-01;5.25;22.08;4.86690336917851;43.9893165905683;LE PONTET
BSS002DRNR;2023-05-02;5.25;22.08;4.86690336917851;43.9893165905683;LE PONTET
BSS002DRNR;2023-05-03;5.25;22.08;4.86690336917851;43.9893165905683;LE PONTET
BSS002DRNR;2023-05-04;5.26;22.07;4.86690336917851;43.9893165905683;LE PONTET
BSS002DRNR;2023-05-05;5.26;22.07;4.86690336917851;43.9893165905683;LE PONTET
BSS002DRNR;2023-05-06;5.24;22.09;4.86690336917851;43.9893165905683;LE PONTET
BSS002DRNR;2023-05-07;5.23;22.1;4.86690336917851;43.9893165905683;LE PONTET
BSS002DRNR;2023-05-08;5.22;22.11;4.86690336917851;43.9893165905683;LE PONTET
BSS002DRNR;2023-05-09;5.21;22.12;4.86690336917851;43.9893165905683;LE PONTET
BSS002DRNR;2023-05-10;5.2;22.13;4.86690336917851;43.9893165905683;LE PONTET
BSS002DRNR;2023-05-11;5.19;22.14;4.86690336917851;43.9893165905683;LE PONTET
BSS002DRNR;2023-05-12;5.18;22.15;4.86690336917851;43.9893165905683;LE PONTET
BSS002DRNR;2023-05-13;5.17;22.16;4.86690336917851;43.9893165905683;LE PONTET
BSS002DRNR;2023-05-14;5.15;22.18;4.86690336917851;43.9893165905683;LE PONTET
BSS002DRNR;2023-05-15;5.14;22.19;4.86690336917851;43.9893165905683;LE PONTET
BSS002DRNR;2023-05-16;5.13;22.2;4.86690336917851;43.9893165905683;LE PONTET
BSS002DRNR;2023-05-17;5.13;22.2;4.86690336917851;43.9893165905683;LE PONTET
BSS002DRNR;2023-05-18;5.13;22.2;4.86690336917851;43.9893165905683;LE PONTET
BSS002DRNR;2023-05-19;5.12;22.21;4.86690336917851;43.9893165905683;LE PONTET
BSS002DRNR;2023-05-20;5.11;22.22;4.86690336917851;43.9893165905683;LE PONTET
BSS002DRNR;2023-05-21;5.11;22.22;4.86690336917851;43.9893165905683;LE PONTET
BSS002DRNR;2023-05-22;5.1;22.23;4.86690336917851;43.9893165905683;LE PONTET
BSS002DRNR;2023-05-23;5.1;22.23;4.86690336917851;43.9893165905683;LE PONTET
BSS002DRNR;2023-05-24;5.1;22.23;4.86690336917851;43.9893165905683;LE PONTET
BSS002DRNR;2023-05-25;5.1;22.23;4.86690336917851;43.9893165905683;LE PONTET
BSS002DRNR;2023-05-26;5.11;22.22;4.86690336917851;43.9893165905683;LE PONTET
BSS002DRNR;2023-05-27;5.12;22.21;4.86690336917851;43.9893165905683;LE PONTET
BSS002DRNR;2023-05-28;5.12;22.21;4.86690336917851;43.9893165905683;LE PONTET
BSS002DRNR;2023-05-29;5.13;22.2;4.86690336917851;43.9893165905683;LE PONTET
BSS002DRNR;2023-05-30;5.12;22.21;4.86690336917851;43.9893165905683;LE PONTET
BSS002DRNR;2023-05-31;5.09;22.24;4.86690336917851;43.9893165905683;LE PONTET
BSS002DRNR;2023-06-01;5.08;22.25;4.86690336917851;43.9893165905683;LE PONTET
BSS002DRNR;2023-06-02;5.08;22.25;4.86690336917851;43.9893165905683;LE PONTET
BSS002DRNR;2023-06-03;5.08;22.25;4.86690336917851;43.9893165905683;LE PONTET
BSS002DRNR;2023-06-04;5.08;22.25;4.86690336917851;43.9893165905683;LE PONTET
BSS002DRNR;2023-06-05;5.07;22.26;4.86690336917851;43.9893165905683;LE PONTET
BSS002DRNR;2023-06-06;5.07;22.26;4.86690336917851;43.9893165905683;LE PONTET
BSS002DRNR;2023-06-07;5.08;22.25;4.86690336917851;43.9893165905683;LE PONTET
BSS002DRNR;2023-06-08;5.09;22.24;4.86690336917851;43.9893165905683;LE PONTET
BSS002DRNR;2023-06-09;5.1;22.23;4.86690336917851;43.9893165905683;LE PONTET
BSS002DRNR;2023-06-10;5.09;22.24;4.86690336917851;43.9893165905683;LE PONTET
BSS002DRNR;2023-06-11;5.08;22.25;4.86690336917851;43.9893165905683;LE PONTET
BSS002DRNR;2023-06-12;5.09;22.24;4.86690336917851;43.9893165905683;LE PONTET
BSS002DRNR;2023-06-13;5.09;22.24;4.86690336917851;43.9893165905683;LE PONTET
BSS002DRNR;2023-06-14;5.09;22.24;4.86690336917851;43.9893165905683;LE PONTET
BSS002DRNR;2023-06-15;5.1;22.23;4.86690336917851;43.9893165905683;LE PONTET
BSS002DRNR;2023-06-16;5.11;22.22;4.86690336917851;43.9893165905683;LE PONTET
BSS002DRNR;2023-06-17;5.12;22.21;4.86690336917851;43.9893165905683;LE PONTET
BSS002DRNR;2023-06-18;5.13;22.2;4.86690336917851;43.9893165905683;LE PONTET
BSS002DRNR;2023-06-19;5.14;22.19;4.86690336917851;43.9893165905683;LE PONTET
BSS002DRNR;2023-06-20;5.15;22.18;4.86690336917851;43.9893165905683;LE PONTET
BSS002DRNR;2023-06-21;5.16;22.17;4.86690336917851;43.9893165905683;LE PONTET
BSS002DRNR;2023-06-22;5.14;22.19;4.86690336917851;43.9893165905683;LE PONTET
BSS002DRNR;2023-06-23;5.13;22.2;4.86690336917851;43.9893165905683;LE PONTET
BSS002DRNR;2023-06-24;5.13;22.2;4.86690336917851;43.9893165905683;LE PONTET
BSS002DRNR;2023-06-25;5.14;22.19;4.86690336917851;43.9893165905683;LE PONTET
BSS002DRNR;2023-06-26;5.15;22.18;4.86690336917851;43.9893165905683;LE PONTET
BSS002DRNR;2023-06-27;5.16;22.17;4.86690336917851;43.9893165905683;LE PONTET
BSS002DRNR;2023-06-28;5.16;22.17;4.86690336917851;43.9893165905683;LE PONTET
BSS002DRNR;2023-06-29;5.16;22.17;4.86690336917851;43.9893165905683;LE PONTET
BSS002DRNR;2023-06-30;5.1;22.23;4.86690336917851;43.9893165905683;LE PONTET
BSS002DRNR;2023-07-01;5.09;22.24;4.86690336917851;43.9893165905683;LE PONTET
BSS002DRNR;2023-07-02;5.09;22.24;4.86690336917851;43.9893165905683;LE PONTET
BSS002DRNR;2023-07-03;5.09;22.24;4.86690336917851;43.9893165905683;LE PONTET
BSS002DRNR;2023-07-04;5.09;22.24;4.86690336917851;43.9893165905683;LE PONTET
BSS002DRNR;2023-07-05;5.09;22.24;4.86690336917851;43.9893165905683;LE PONTET
BSS002DRNR;2023-07-06;5.11;22.22;4.86690336917851;43.9893165905683;LE PONTET
BSS002DRNR;2023-07-07;5.12;22.21;4.86690336917851;43.9893165905683;LE PONTET
BSS002DRNR;2023-07-08;5.12;22.21;4.86690336917851;43.9893165905683;LE PONTET
BSS002DRNR;2023-07-09;5.12;22.21;4.86690336917851;43.9893165905683;LE PONTET
BSS002DRNR;2023-07-10;5.12;22.21;4.86690336917851;43.9893165905683;LE PONTET
BSS002DRNR;2023-07-11;5.13;22.2;4.86690336917851;43.9893165905683;LE PONTET
BSS002DRNR;2023-07-12;5.13;22.2;4.86690336917851;43.9893165905683;LE PONTET
BSS002DRNR;2023-07-13;5.13;22.2;4.86690336917851;43.9893165905683;LE PONTET
BSS002DRNR;2023-07-14;5.14;22.19;4.86690336917851;43.9893165905683;LE PONTET
BSS002DRNR;2023-07-15;5.14;22.19;4.86690336917851;43.9893165905683;LE PONTET
BSS002DRNR;2023-07-16;5.15;22.18;4.86690336917851;43.9893165905683;LE PONTET
BSS002DRNR;2023-07-17;5.16;22.17;4.86690336917851;43.9893165905683;LE PONTET
BSS002DRNR;2023-07-18;5.16;22.17;4.86690336917851;43.9893165905683;LE PONTET
BSS002DRNR;2023-07-19;5.15;22.18;4.86690336917851;43.9893165905683;LE PONTET
BSS002DRNR;2023-07-20;5.16;22.17;4.86690336917851;43.9893165905683;LE PONTET
BSS002DRNR;2023-07-21;5.18;22.15;4.86690336917851;43.9893165905683;LE PONTET
BSS002DRNR;2023-07-22;5.2;22.13;4.86690336917851;43.9893165905683;LE PONTET
BSS002DRNR;2023-07-23;5.21;22.12;4.86690336917851;43.9893165905683;LE PONTET
BSS002DRNR;2023-07-24;5.21;22.12;4.86690336917851;43.9893165905683;LE PONTET
BSS002DRNR;2023-07-25;5.22;22.11;4.86690336917851;43.9893165905683;LE PONTET
BSS002DRNR;2023-07-26;5.22;22.11;4.86690336917851;43.9893165905683;LE PONTET
BSS002DRNR;2023-07-27;5.22;22.11;4.86690336917851;43.9893165905683;LE PONTET
BSS002DRNR;2023-07-28;5.22;22.11;4.86690336917851;43.9893165905683;LE PONTET
BSS002DRNR;2023-07-29;5.22;22.11;4.86690336917851;43.9893165905683;LE PONTET
BSS002DRNR;2023-07-30;5.22;22.11;4.86690336917851;43.9893165905683;LE PONTET
BSS002DRNR;2023-07-31;5.22;22.11;4.86690336917851;43.9893165905683;LE PONTET
BSS002DRNR;2023-08-01;5.22;22.11;4.86690336917851;43.9893165905683;LE PONTET
BSS002DRNR;2023-08-02;5.23;22.1;4.86690336917851;43.9893165905683;LE PONTET
BSS002DRNR;2023-08-03;5.22;22.11;4.86690336917851;43.9893165905683;LE PONTET
BSS002DRNR;2023-08-04;5.22;22.11;4.86690336917851;43.9893165905683;LE PONTET
BSS002DRNR;2023-08-05;5.22;22.11;4.86690336917851;43.9893165905683;LE PONTET
BSS002DRNR;2023-08-06;5.21;22.12;4.86690336917851;43.9893165905683;LE PONTET
BSS002DRNR;2023-08-07;5.21;22.12;4.86690336917851;43.9893165905683;LE PONTET
BSS002DRNR;2023-08-08;5.21;22.12;4.86690336917851;43.9893165905683;LE PONTET
BSS002DRNR;2023-08-09;5.18;22.15;4.86690336917851;43.9893165905683;LE PONTET
BSS002DRNR;2023-08-10;5.18;22.15;4.86690336917851;43.9893165905683;LE PONTET
BSS002DRNR;2023-08-11;5.18;22.15;4.86690336917851;43.9893165905683;LE PONTET
BSS002DRNR;2023-08-12;5.18;22.15;4.86690336917851;43.9893165905683;LE PONTET
BSS002DRNR;2023-08-13;5.18;22.15;4.86690336917851;43.9893165905683;LE PONTET
BSS002DRNR;2023-08-14;5.18;22.15;4.86690336917851;43.9893165905683;LE PONTET
BSS002DRNR;2023-08-15;5.18;22.15;4.86690336917851;43.9893165905683;LE PONTET
BSS002DRNR;2023-08-16;5.18;22.15;4.86690336917851;43.9893165905683;LE PONTET
BSS002DRNR;2023-08-17;5.18;22.15;4.86690336917851;43.9893165905683;LE PONTET
BSS002DRNR;2023-08-18;5.19;22.14;4.86690336917851;43.9893165905683;LE PONTET
BSS002DRNR;2023-08-19;5.19;22.14;4.86690336917851;43.9893165905683;LE PONTET
BSS002DRNR;2023-08-20;5.19;22.14;4.86690336917851;43.9893165905683;LE PONTET
BSS002DRNR;2023-08-21;5.2;22.13;4.86690336917851;43.9893165905683;LE PONTET
BSS002DRNR;2023-08-22;5.19;22.14;4.86690336917851;43.9893165905683;LE PONTET
BSS002DRNR;2023-08-23;5.19;22.14;4.86690336917851;43.9893165905683;LE PONTET
BSS002DRNR;2023-08-24;5.19;22.14;4.86690336917851;43.9893165905683;LE PONTET
BSS002DRNR;2023-08-25;5.2;22.13;4.86690336917851;43.9893165905683;LE PONTET
BSS002DRNR;2023-08-26;5.19;22.14;4.86690336917851;43.9893165905683;LE PONTET
BSS002DRNR;2023-08-27;5.17;22.16;4.86690336917851;43.9893165905683;LE PONTET
BSS002DRNR;2023-08-28;5.17;22.16;4.86690336917851;43.9893165905683;LE PONTET
BSS002DRNR;2023-08-29;5.17;22.16;4.86690336917851;43.9893165905683;LE PONTET
BSS002DRNR;2023-08-30;5.16;22.17;4.86690336917851;43.9893165905683;LE PONTET
BSS002DRNR;2023-08-31;5.16;22.17;4.86690336917851;43.9893165905683;LE PONTET
BSS002DRNR;2023-09-01;5.17;22.16;4.86690336917851;43.9893165905683;LE PONTET
BSS002DRNR;2023-09-02;5.17;22.16;4.86690336917851;43.9893165905683;LE PONTET
BSS002DRNR;2023-09-03;5.17;22.16;4.86690336917851;43.9893165905683;LE PONTET
BSS002DRNR;2023-09-04;5.19;22.14;4.86690336917851;43.9893165905683;LE PONTET
BSS002DRNR;2023-09-05;5.19;22.14;4.86690336917851;43.9893165905683;LE PONTET
BSS002DRNR;2023-09-06;5.21;22.12;4.86690336917851;43.9893165905683;LE PONTET
BSS002DRNR;2023-09-07;5.22;22.11;4.86690336917851;43.9893165905683;LE PONTET
BSS002DRNR;2023-09-08;5.25;22.08;4.86690336917851;43.9893165905683;LE PONTET
BSS002DRNR;2023-09-09;5.25;22.08;4.86690336917851;43.9893165905683;LE PONTET
BSS002DRNR;2023-09-10;5.26;22.07;4.86690336917851;43.9893165905683;LE PONTET
BSS002DRNR;2023-09-11;5.27;22.06;4.86690336917851;43.9893165905683;LE PONTET
BSS002DRNR;2023-09-12;5.27;22.06;4.86690336917851;43.9893165905683;LE PONTET
BSS002DRNR;2023-09-13;5.28;22.05;4.86690336917851;43.9893165905683;LE PONTET
BSS002DRNR;2023-09-14;5.28;22.05;4.86690336917851;43.9893165905683;LE PONTET
BSS002DRNR;2023-09-15;5.3;22.03;4.86690336917851;43.9893165905683;LE PONTET
BSS002DRNR;2023-09-16;5.3;22.03;4.86690336917851;43.9893165905683;LE PONTET
BSS002DRNR;2023-09-17;5.3;22.03;4.86690336917851;43.9893165905683;LE PONTET
BSS002DRNR;2023-09-18;5.3;22.03;4.86690336917851;43.9893165905683;LE PONTET
BSS002DRNR;2023-09-19;5.3;22.03;4.86690336917851;43.9893165905683;LE PONTET
BSS002DRNR;2023-09-20;5.3;22.03;4.86690336917851;43.9893165905683;LE PONTET
BSS002DRNR;2023-09-21;5.3;22.03;4.86690336917851;43.9893165905683;LE PONTET
BSS002DRNR;2023-09-22;5.3;22.03;4.86690336917851;43.9893165905683;LE PONTET
BSS002DRNR;2023-09-23;5.31;22.02;4.86690336917851;43.9893165905683;LE PONTET
BSS002DRNR;2023-09-24;5.31;22.02;4.86690336917851;43.9893165905683;LE PONTET
BSS002DRNR;2023-09-25;5.31;22.02;4.86690336917851;43.9893165905683;LE PONTET
BSS002DRNR;2023-09-26;5.32;22.01;4.86690336917851;43.9893165905683;LE PONTET
BSS002DRNR;2023-09-27;5.32;22.01;4.86690336917851;43.9893165905683;LE PONTET
BSS002DRNR;2023-09-28;5.33;22.0;4.86690336917851;43.9893165905683;LE PONTET
BSS002DRNR;2023-09-29;5.33;22.0;4.86690336917851;43.9893165905683;LE PONTET
BSS002DRNR;2023-09-30;5.34;21.99;4.86690336917851;43.9893165905683;LE PONTET
BSS002DRNR;2023-10-01;5.35;21.98;4.86690336917851;43.9893165905683;LE PONTET
BSS002DRNR;2023-10-02;5.35;21.98;4.86690336917851;43.9893165905683;LE PONTET
BSS002DRNR;2023-10-03;5.35;21.98;4.86690336917851;43.9893165905683;LE PONTET
BSS002DRNR;2023-10-04;5.35;21.98;4.86690336917851;43.9893165905683;LE PONTET
BSS002DRNR;2023-10-05;5.35;21.98;4.86690336917851;43.9893165905683;LE PONTET
BSS002DRNR;2023-10-06;5.35;21.98;4.86690336917851;43.9893165905683;LE PONTET
BSS002DRNR;2023-10-07;5.36;21.97;4.86690336917851;43.9893165905683;LE PONTET
BSS002DRNR;2023-10-08;5.36;21.97;4.86690336917851;43.9893165905683;LE PONTET
BSS002DRNR;2023-10-09;5.36;21.97;4.86690336917851;43.9893165905683;LE PONTET
BSS002DRNR;2023-10-10;5.36;21.97;4.86690336917851;43.9893165905683;LE PONTET
BSS002DRNR;2023-10-11;5.37;21.96;4.86690336917851;43.9893165905683;LE PONTET
BSS002DRNR;2023-10-12;5.38;21.95;4.86690336917851;43.9893165905683;LE PONTET
BSS002DRNR;2023-10-13;5.39;21.94;4.86690336917851;43.9893165905683;LE PONTET
BSS002DRNR;2023-10-14;5.39;21.94;4.86690336917851;43.9893165905683;LE PONTET
BSS002DRNR;2023-10-15;5.39;21.94;4.86690336917851;43.9893165905683;LE PONTET
BSS002DRNR;2023-10-16;5.4;21.93;4.86690336917851;43.9893165905683;LE PONTET
BSS002DRNR;2023-10-17;5.4;21.93;4.86690336917851;43.9893165905683;LE PONTET
BSS002DRNR;2023-10-18;5.4;21.93;4.86690336917851;43.9893165905683;LE PONTET
BSS002DRNR;2023-10-19;5.41;21.92;4.86690336917851;43.9893165905683;LE PONTET
BSS002DRNR;2023-10-20;5.38;21.95;4.86690336917851;43.9893165905683;LE PONTET
BSS002DRNR;2023-10-21;5.39;21.94;4.86690336917851;43.9893165905683;LE PONTET
BSS002DRNR;2023-10-22;5.39;21.94;4.86690336917851;43.9893165905683;LE PONTET
BSS002DRNR;2023-10-23;5.39;21.94;4.86690336917851;43.9893165905683;LE PONTET
BSS002DRNR;2023-10-24;5.37;21.96;4.86690336917851;43.9893165905683;LE PONTET
BSS002DRNR;2023-10-25;5.36;21.97;4.86690336917851;43.9893165905683;LE PONTET
BSS002DRNR;2023-10-26;5.35;21.98;4.86690336917851;43.9893165905683;LE PONTET
BSS002DRNR;2023-10-27;5.35;21.98;4.86690336917851;43.9893165905683;LE PONTET
BSS002DRNR;2023-10-28;5.36;21.97;4.86690336917851;43.9893165905683;LE PONTET
BSS002DRNR;2023-10-29;5.36;21.97;4.86690336917851;43.9893165905683;LE PONTET
BSS002DRNR;2023-10-30;5.32;22.01;4.86690336917851;43.9893165905683;LE PONTET
BSS002DRNR;2023-10-31;5.31;22.02;4.86690336917851;43.9893165905683;LE PONTET
BSS002DRNR;2023-11-01;5.31;22.02;4.86690336917851;43.9893165905683;LE PONTET
BSS002DRNR;2023-11-02;5.32;22.01;4.86690336917851;43.9893165905683;LE PONTET
BSS002DRNR;2023-11-03;5.32;22.01;4.86690336917851;43.9893165905683;LE PONTET
BSS002DRNR;2023-11-04;5.32;22.01;4.86690336917851;43.9893165905683;LE PONTET
BSS002DRNR;2023-11-05;5.32;22.01;4.86690336917851;43.9893165905683;LE PONTET
BSS002DRNR;2023-11-06;5.33;22.0;4.86690336917851;43.9893165905683;LE PONTET
BSS002DRNR;2023-11-07;5.34;21.99;4.86690336917851;43.9893165905683;LE PONTET
BSS002DRNR;2023-11-08;5.34;21.99;4.86690336917851;43.9893165905683;LE PONTET
BSS002DRNR;2023-11-09;5.33;22.0;4.86690336917851;43.9893165905683;LE PONTET
BSS002DRNR;2023-11-10;5.32;22.01;4.86690336917851;43.9893165905683;LE PONTET
BSS002DRNR;2023-11-11;5.33;22.0;4.86690336917851;43.9893165905683;LE PONTET
BSS002DRNR;2023-11-12;5.34;21.99;4.86690336917851;43.9893165905683;LE PONTET
BSS002DRNR;2023-11-13;5.35;21.98;4.86690336917851;43.9893165905683;LE PONTET
BSS002DRNR;2023-11-14;5.36;21.97;4.86690336917851;43.9893165905683;LE PONTET
BSS002DRNR;2023-11-15;5.38;21.95;4.86690336917851;43.9893165905683;LE PONTET
BSS002DRNR;2023-11-16;5.4;21.93;4.86690336917851;43.9893165905683;LE PONTET
BSS002DRNR;2023-11-17;5.41;21.92;4.86690336917851;43.9893165905683;LE PONTET
BSS002DRNR;2023-11-18;5.42;21.91;4.86690336917851;43.9893165905683;LE PONTET
BSS002DRNR;2023-11-19;5.43;21.9;4.86690336917851;43.9893165905683;LE PONTET
BSS002DRNR;2023-11-20;5.44;21.89;4.86690336917851;43.9893165905683;LE PONTET
BSS002DRNR;2023-11-21;5.44;21.89;4.86690336917851;43.9893165905683;LE PONTET
BSS002DRNR;2023-11-22;5.45;21.88;4.86690336917851;43.9893165905683;LE PONTET
BSS002DRNR;2023-11-23;5.46;21.87;4.86690336917851;43.9893165905683;LE PONTET
BSS002DRNR;2023-11-24;5.47;21.86;4.86690336917851;43.9893165905683;LE PONTET
BSS002DRNR;2023-11-25;5.48;21.85;4.86690336917851;43.9893165905683;LE PONTET
BSS002DRNR;2023-11-26;5.49;21.84;4.86690336917851;43.9893165905683;LE PONTET
BSS002DRNR;2023-11-27;5.5;21.83;4.86690336917851;43.9893165905683;LE PONTET
BSS002DRNR;2023-11-28;5.5;21.83;4.86690336917851;43.9893165905683;LE PONTET
BSS002DRNR;2023-11-29;5.51;21.82;4.86690336917851;43.9893165905683;LE PONTET
BSS002DRNR;2023-11-30;5.52;21.81;4.86690336917851;43.9893165905683;LE PONTET
BSS002DRNR;2023-12-01;5.52;21.81;4.86690336917851;43.9893165905683;LE PONTET
BSS002DRNR;2023-12-02;5.52;21.81;4.86690336917851;43.9893165905683;LE PONTET
BSS002DRNR;2023-12-03;5.52;21.81;4.86690336917851;43.9893165905683;LE PONTET
BSS002DRNR;2023-12-04;5.53;21.8;4.86690336917851;43.9893165905683;LE PONTET
BSS002DRNR;2023-12-05;5.53;21.8;4.86690336917851;43.9893165905683;LE PONTET
BSS002DRNR;2023-12-06;5.55;21.78;4.86690336917851;43.9893165905683;LE PONTET
BSS002DRNR;2023-12-07;5.55;21.78;4.86690336917851;43.9893165905683;LE PONTET
BSS002DRNR;2023-12-08;5.5;21.83;4.86690336917851;43.9893165905683;LE PONTET
BSS002DRNR;2023-12-09;5.48;21.85;4.86690336917851;43.9893165905683;LE PONTET
BSS002DRNR;2023-12-10;5.49;21.84;4.86690336917851;43.9893165905683;LE PONTET
BSS002DRNR;2023-12-11;5.5;21.83;4.86690336917851;43.9893165905683;LE PONTET
BSS002DRNR;2023-12-12;5.52;21.81;4.86690336917851;43.9893165905683;LE PONTET
BSS002DRNR;2023-12-13;5.52;21.81;4.86690336917851;43.9893165905683;LE PONTET
BSS002DRNR;2023-12-14;5.53;21.8;4.86690336917851;43.9893165905683;LE PONTET
BSS002DRNR;2023-12-15;5.53;21.8;4.86690336917851;43.9893165905683;LE PONTET
BSS002DRNR;2023-12-16;5.54;21.79;4.86690336917851;43.9893165905683;LE PONTET
BSS002DRNR;2023-12-17;5.54;21.79;4.86690336917851;43.9893165905683;LE PONTET
BSS002DRNR;2023-12-18;5.54;21.79;4.86690336917851;43.9893165905683;LE PONTET
BSS002DRNR;2023-12-19;5.54;21.79;4.86690336917851;43.9893165905683;LE PONTET
BSS002DRNR;2023-12-20;5.54;21.79;4.86690336917851;43.9893165905683;LE PONTET
BSS002DRNR;2023-12-21;5.55;21.78;4.86690336917851;43.9893165905683;LE PONTET
BSS002DRNR;2023-12-22;5.56;21.77;4.86690336917851;43.9893165905683;LE PONTET
BSS002DRNR;2023-12-23;5.56;21.77;4.86690336917851;43.9893165905683;LE PONTET
BSS002DRNR;2023-12-24;5.57;21.76;4.86690336917851;43.9893165905683;LE PONTET
BSS002DRNR;2023-12-25;5.58;21.75;4.86690336917851;43.9893165905683;LE PONTET
BSS002DRNR;2023-12-26;5.58;21.75;4.86690336917851;43.9893165905683;LE PONTET
BSS002DRNR;2023-12-27;5.59;21.74;4.86690336917851;43.9893165905683;LE PONTET
BSS002DRNR;2023-12-28;5.6;21.73;4.86690336917851;43.9893165905683;LE PONTET
BSS002DRNR;2023-12-29;5.6;21.73;4.86690336917851;43.9893165905683;LE PONTET
BSS002DRNR;2023-12-30;5.61;21.72;4.86690336917851;43.9893165905683;LE PONTET
BSS002DRNR;2023-12-31;5.61;21.72;4.86690336917851;43.9893165905683;LE PONTET
BSS002DRNR;2024-01-01;5.62;21.71;4.86690336917851;43.9893165905683;LE PONTET
BSS002DRNR;2024-01-02;5.63;21.7;4.86690336917851;43.9893165905683;LE PONTET
BSS002DRNR;2024-01-03;5.64;21.69;4.86690336917851;43.9893165905683;LE PONTET
BSS002DRNR;2024-01-04;5.65;21.68;4.86690336917851;43.9893165905683;LE PONTET
BSS002DRNR;2024-01-05;5.64;21.69;4.86690336917851;43.9893165905683;LE PONTET
BSS002DRNR;2024-01-06;5.64;21.69;4.86690336917851;43.9893165905683;LE PONTET
BSS002DRNR;2024-01-07;5.65;21.68;4.86690336917851;43.9893165905683;LE PONTET
BSS002DRNR;2024-01-08;5.66;21.67;4.86690336917851;43.9893165905683;LE PONTET
BSS002DRNR;2024-01-09;5.67;21.66;4.86690336917851;43.9893165905683;LE PONTET
BSS002DRNR;2024-01-10;5.67;21.66;4.86690336917851;43.9893165905683;LE PONTET
BSS002DRNR;2024-01-11;5.67;21.66;4.86690336917851;43.9893165905683;LE PONTET
BSS002DRNR;2024-01-12;5.67;21.66;4.86690336917851;43.9893165905683;LE PONTET
BSS002DRNR;2024-01-13;5.68;21.65;4.86690336917851;43.9893165905683;LE PONTET
BSS002DRNR;2024-01-14;5.69;21.64;4.86690336917851;43.9893165905683;LE PONTET
BSS002DRNR;2024-01-15;5.69;21.64;4.86690336917851;43.9893165905683;LE PONTET
BSS002DRNR;2024-01-16;5.7;21.63;4.86690336917851;43.9893165905683;LE PONTET
BSS002DRNR;2024-01-17;5.69;21.64;4.86690336917851;43.9893165905683;LE PONTET
BSS002DRNR;2024-01-18;5.69;21.64;4.86690336917851;43.9893165905683;LE PONTET
BSS002DRNR;2024-01-19;5.69;21.64;4.86690336917851;43.9893165905683;LE PONTET
BSS002DRNR;2024-01-20;5.7;21.63;4.86690336917851;43.9893165905683;LE PONTET
BSS002DRNR;2024-01-21;5.71;21.62;4.86690336917851;43.9893165905683;LE PONTET
BSS002DRNR;2024-01-22;5.71;21.62;4.86690336917851;43.9893165905683;LE PONTET
BSS002DRNR;2024-01-23;5.71;21.62;4.86690336917851;43.9893165905683;LE PONTET
BSS002DRNR;2024-01-24;5.72;21.61;4.86690336917851;43.9893165905683;LE PONTET
BSS002DRNR;2024-01-25;5.72;21.61;4.86690336917851;43.9893165905683;LE PONTET
BSS002DRNR;2024-01-26;5.72;21.61;4.86690336917851;43.9893165905683;LE PONTET
BSS002DRNR;2024-01-27;5.73;21.6;4.86690336917851;43.9893165905683;LE PONTET
BSS002DRNR;2024-01-28;5.73;21.6;4.86690336917851;43.9893165905683;LE PONTET
BSS002DRNR;2024-01-29;5.73;21.6;4.86690336917851;43.9893165905683;LE PONTET
BSS002DRNR;2024-01-30;5.74;21.59;4.86690336917851;43.9893165905683;LE PONTET
BSS002DRNR;2024-01-31;5.74;21.59;4.86690336917851;43.9893165905683;LE PONTET
BSS002DRNR;2024-02-01;5.75;21.58;4.86690336917851;43.9893165905683;LE PONTET
BSS002DRNR;2024-02-02;5.76;21.57;4.86690336917851;43.9893165905683;LE PONTET
BSS002DRNR;2024-02-03;5.77;21.56;4.86690336917851;43.9893165905683;LE PONTET
BSS002DRNR;2024-02-04;5.77;21.56;4.86690336917851;43.9893165905683;LE PONTET
BSS002DRNR;2024-02-05;5.77;21.56;4.86690336917851;43.9893165905683;LE PONTET
BSS002DRNR;2024-02-06;5.78;21.55;4.86690336917851;43.9893165905683;LE PONTET
BSS002DRNR;2024-02-07;5.78;21.55;4.86690336917851;43.9893165905683;LE PONTET
BSS002DRNR;2024-02-08;5.78;21.55;4.86690336917851;43.9893165905683;LE PONTET
BSS002DRNR;2024-02-09;5.77;21.56;4.86690336917851;43.9893165905683;LE PONTET
BSS002DRNR;2024-02-10;5.68;21.65;4.86690336917851;43.9893165905683;LE PONTET
BSS002DRNR;2024-02-11;5.65;21.68;4.86690336917851;43.9893165905683;LE PONTET
BSS002DRNR;2024-02-12;5.65;21.68;4.86690336917851;43.9893165905683;LE PONTET
BSS002DRNR;2024-02-13;5.66;21.67;4.86690336917851;43.9893165905683;LE PONTET
BSS002DRNR;2024-02-14;5.66;21.67;4.86690336917851;43.9893165905683;LE PONTET
BSS002DRNR;2024-02-15;5.67;21.66;4.86690336917851;43.9893165905683;LE PONTET
BSS002DRNR;2024-02-16;5.68;21.65;4.86690336917851;43.9893165905683;LE PONTET
BSS002DRNR;2024-02-17;5.68;21.65;4.86690336917851;43.9893165905683;LE PONTET
BSS002DRNR;2024-02-18;5.69;21.64;4.86690336917851;43.9893165905683;LE PONTET
BSS002DRNR;2024-02-19;5.69;21.64;4.86690336917851;43.9893165905683;LE PONTET
BSS002DRNR;2024-02-20;5.69;21.64;4.86690336917851;43.9893165905683;LE PONTET
BSS002DRNR;2024-02-21;5.7;21.63;4.86690336917851;43.9893165905683;LE PONTET
BSS002DRNR;2024-02-22;5.7;21.63;4.86690336917851;43.9893165905683;LE PONTET
BSS002DRNR;2024-02-23;5.69;21.64;4.86690336917851;43.9893165905683;LE PONTET
BSS002DRNR;2024-02-24;5.7;21.63;4.86690336917851;43.9893165905683;LE PONTET
BSS002DRNR;2024-02-25;5.68;21.65;4.86690336917851;43.9893165905683;LE PONTET
BSS002DRNR;2024-02-26;5.59;21.74;4.86690336917851;43.9893165905683;LE PONTET
BSS002DRNR;2024-02-27;5.59;21.74;4.86690336917851;43.9893165905683;LE PONTET
BSS002DRNR;2024-02-28;5.59;21.74;4.86690336917851;43.9893165905683;LE PONTET
BSS002DRNR;2024-02-29;5.59;21.74;4.86690336917851;43.9893165905683;LE PONTET
BSS002DRNR;2024-03-01;5.6;21.73;4.86690336917851;43.9893165905683;LE PONTET
BSS002DRNR;2024-03-02;5.6;21.73;4.86690336917851;43.9893165905683;LE PONTET
BSS002DRNR;2024-03-03;5.54;21.79;4.86690336917851;43.9893165905683;LE PONTET
BSS002DRNR;2024-03-04;5.49;21.84;4.86690336917851;43.9893165905683;LE PONTET
BSS002DRNR;2024-03-05;5.48;21.85;4.86690336917851;43.9893165905683;LE PONTET
BSS002DRNR;2024-03-06;5.47;21.86;4.86690336917851;43.9893165905683;LE PONTET
BSS002DRNR;2024-03-07;5.47;21.86;4.86690336917851;43.9893165905683;LE PONTET
BSS002DRNR;2024-03-08;5.47;21.86;4.86690336917851;43.9893165905683;LE PONTET
BSS002DRNR;2024-03-09;5.45;21.88;4.86690336917851;43.9893165905683;LE PONTET
BSS002DRNR;2024-03-10;5.23;22.1;4.86690336917851;43.9893165905683;LE PONTET
BSS002DRNR;2024-03-11;5.15;22.18;4.86690336917851;43.9893165905683;LE PONTET
BSS002DRNR;2024-03-12;5.12;22.21;4.86690336917851;43.9893165905683;LE PONTET
BSS002DRNR;2024-03-13;5.1;22.23;4.86690336917851;43.9893165905683;LE PONTET
BSS002DRNR;2024-03-14;5.1;22.23;4.86690336917851;43.9893165905683;LE PONTET
BSS002DRNR;2024-03-15;5.11;22.22;4.86690336917851;43.9893165905683;LE PONTET
BSS002DRNR;2024-03-16;5.12;22.21;4.86690336917851;43.9893165905683;LE PONTET
BSS002DRNR;2024-03-17;5.12;22.21;4.86690336917851;43.9893165905683;LE PONTET
BSS002DRNR;2024-03-18;5.13;22.2;4.86690336917851;43.9893165905683;LE PONTET
BSS002DRNR;2024-03-19;5.13;22.2;4.86690336917851;43.9893165905683;LE PONTET
BSS002DRNR;2024-03-20;5.14;22.19;4.86690336917851;43.9893165905683;LE PONTET
BSS002DRNR;2024-03-21;5.16;22.17;4.86690336917851;43.9893165905683;LE PONTET
BSS002DRNR;2024-03-22;5.21;22.12;4.86690336917851;43.9893165905683;LE PONTET
BSS002DRNR;2024-03-23;5.26;22.07;4.86690336917851;43.9893165905683;LE PONTET
BSS002DRNR;2024-03-24;5.29;22.04;4.86690336917851;43.9893165905683;LE PONTET
BSS002DRNR;2024-03-25;5.31;22.02;4.86690336917851;43.9893165905683;LE PONTET
BSS002DRNR;2024-03-26;5.32;22.01;4.86690336917851;43.9893165905683;LE PONTET
BSS002DRNR;2024-03-27;5.26;22.07;4.86690336917851;43.9893165905683;LE PONTET
BSS002DRNR;2024-03-28;5.24;22.09;4.86690336917851;43.9893165905683;LE PONTET
BSS002DRNR;2024-03-29;5.2;22.13;4.86690336917851;43.9893165905683;LE PONTET
BSS002DRNR;2024-03-30;5.19;22.14;4.86690336917851;43.9893165905683;LE PONTET
BSS002DRNR;2024-03-31;5.15;22.18;4.86690336917851;43.9893165905683;LE PONTET
BSS002DRNR;2024-04-01;5.11;22.22;4.86690336917851;43.9893165905683;LE PONTET
BSS002DRNR;2024-04-02;5.11;22.22;4.86690336917851;43.9893165905683;LE PONTET
BSS002DRNR;2024-04-03;5.11;22.22;4.86690336917851;43.9893165905683;LE PONTET
BSS002DRNR;2024-04-04;5.09;22.24;4.86690336917851;43.9893165905683;LE PONTET
BSS002DRNR;2024-04-05;5.09;22.24;4.86690336917851;43.9893165905683;LE PONTET
BSS002DRNR;2024-04-06;5.09;22.24;4.86690336917851;43.9893165905683;LE PONTET
BSS002DRNR;2024-04-07;5.09;22.24;4.86690336917851;43.9893165905683;LE PONTET
BSS002DRNR;2024-04-08;5.08;22.25;4.86690336917851;43.9893165905683;LE PONTET
BSS002DRNR;2024-04-09;5.06;22.27;4.86690336917851;43.9893165905683;LE PONTET
BSS002DRNR;2024-04-10;;;4.86690336917851;43.9893165905683;
BSS002DRNR;2024-04-11;;;4.86690336917851;43.9893165905683;
BSS002DRNR;2024-04-12;;;4.86690336917851;43.9893165905683;
BSS002DRNR;2024-04-13;;;4.86690336917851;43.9893165905683;
BSS002DRNR;2024-04-14;;;4.86690336917851;43.9893165905683;
BSS002DRNR;2024-04-15;;;4.86690336917851;43.9893165905683;
BSS002DRNR;2024-04-16;;;4.86690336917851;43.9893165905683;
BSS002DRNR;2024-04-17;5.07;22.26;4.86690336917851;43.9893165905683;LE PONTET
BSS002DRNR;2024-04-18;5.08;22.25;4.86690336917851;43.9893165905683;LE PONTET
BSS002DRNR;2024-04-19;5.09;22.24;4.86690336917851;43.9893165905683;LE PONTET
BSS002DRNR;2024-04-20;5.09;22.24;4.86690336917851;43.9893165905683;LE PONTET
BSS002DRNR;2024-04-21;5.1;22.23;4.86690336917851;43.9893165905683;LE PONTET
BSS002DRNR;2024-04-22;5.11;22.22;4.86690336917851;43.9893165905683;LE PONTET
BSS002DRNR;2024-04-23;5.11;22.22;4.86690336917851;43.9893165905683;LE PONTET
BSS002DRNR;2024-04-24;5.12;22.21;4.86690336917851;43.9893165905683;LE PONTET
BSS002DRNR;2024-04-25;5.13;22.2;4.86690336917851;43.9893165905683;LE PONTET
BSS002DRNR;2024-04-26;5.13;22.2;4.86690336917851;43.9893165905683;LE PONTET
BSS002DRNR;2024-04-27;5.12;22.21;4.86690336917851;43.9893165905683;LE PONTET
BSS002DRNR;2024-04-28;5.1;22.23;4.86690336917851;43.9893165905683;LE PONTET
BSS002DRNR;2024-04-29;5.08;22.25;4.86690336917851;43.9893165905683;LE PONTET
BSS002DRNR;2024-04-30;5.07;22.26;4.86690336917851;43.9893165905683;LE PONTET
BSS002DRNR;2024-05-01;5.08;22.25;4.86690336917851;43.9893165905683;LE PONTET
BSS002DRNR;2024-05-02;5.07;22.26;4.86690336917851;43.9893165905683;LE PONTET
BSS002DRNR;2024-05-03;5.06;22.27;4.86690336917851;43.9893165905683;LE PONTET
BSS002DRNR;2024-05-04;5.07;22.26;4.86690336917851;43.9893165905683;LE PONTET
BSS002DRNR;2024-05-05;5.07;22.26;4.86690336917851;43.9893165905683;LE PONTET
BSS002DRNR;2024-05-06;5.08;22.25;4.86690336917851;43.9893165905683;LE PONTET
BSS002DRNR;2024-05-07;5.08;22.25;4.86690336917851;43.9893165905683;LE PONTET
BSS002DRNR;2024-05-08;5.07;22.26;4.86690336917851;43.9893165905683;LE PONTET
BSS002DRNR;2024-05-09;5.07;22.26;4.86690336917851;43.9893165905683;LE PONTET
BSS002DRNR;2024-05-10;5.08;22.25;4.86690336917851;43.9893165905683;LE PONTET
BSS002DRNR;2024-05-11;5.08;22.25;4.86690336917851;43.9893165905683;LE PONTET
BSS002DRNR;2024-05-12;5.09;22.24;4.86690336917851;43.9893165905683;LE PONTET
BSS002DRNR;2024-05-13;5.08;22.25;4.86690336917851;43.9893165905683;LE PONTET
BSS002DRNR;2024-05-14;5.07;22.26;4.86690336917851;43.9893165905683;LE PONTET
BSS002DRNR;2024-05-15;5.07;22.26;4.86690336917851;43.9893165905683;LE PONTET
BSS002DRNR;2024-05-16;5.08;22.25;4.86690336917851;43.9893165905683;LE PONTET
BSS002DRNR;2024-05-17;5.07;22.26;4.86690336917851;43.9893165905683;LE PONTET
BSS002DRNR;2024-05-18;5.07;22.26;4.86690336917851;43.9893165905683;LE PONTET
BSS002DRNR;2024-05-19;5.07;22.26;4.86690336917851;43.9893165905683;LE PONTET
BSS002DRNR;2024-05-20;5.08;22.25;4.86690336917851;43.9893165905683;LE PONTET
BSS002DRNR;2024-05-21;5.09;22.24;4.86690336917851;43.9893165905683;LE PONTET
BSS002DRNR;2024-05-22;5.1;22.23;4.86690336917851;43.9893165905683;LE PONTET
BSS002DRNR;2024-05-23;5.13;22.2;4.86690336917851;43.9893165905683;LE PONTET
BSS002DRNR;2024-05-24;5.17;22.16;4.86690336917851;43.9893165905683;LE PONTET
BSS002DRNR;2024-05-25;5.2;22.13;4.86690336917851;43.9893165905683;LE PONTET
BSS002DRNR;2024-05-26;5.22;22.11;4.86690336917851;43.9893165905683;LE PONTET
BSS002DRNR;2024-05-27;5.2;22.13;4.86690336917851;43.9893165905683;LE PONTET
BSS002DRNR;2024-05-28;5.15;22.18;4.86690336917851;43.9893165905683;LE PONTET
BSS002DRNR;2024-05-29;5.14;22.19;4.86690336917851;43.9893165905683;LE PONTET
BSS002DRNR;2024-05-30;5.13;22.2;4.86690336917851;43.9893165905683;LE PONTET
BSS002DRNR;2024-05-31;5.11;22.22;4.86690336917851;43.9893165905683;LE PONTET
BSS002DRNR;2024-06-01;5.11;22.22;4.86690336917851;43.9893165905683;LE PONTET
BSS002DRNR;2024-06-02;5.13;22.2;4.86690336917851;43.9893165905683;LE PONTET
BSS002DRNR;2024-06-03;5.14;22.19;4.86690336917851;43.9893165905683;LE PONTET
BSS002DRNR;2024-06-04;5.13;22.2;4.86690336917851;43.9893165905683;LE PONTET
BSS002DRNR;2024-06-05;5.13;22.2;4.86690336917851;43.9893165905683;LE PONTET
BSS002DRNR;2024-06-06;5.13;22.2;4.86690336917851;43.9893165905683;LE PONTET
BSS002DRNR;2024-06-07;5.14;22.19;4.86690336917851;43.9893165905683;LE PONTET
BSS002DRNR;2024-06-08;5.14;22.19;4.86690336917851;43.9893165905683;LE PONTET
BSS002DRNR;2024-06-09;5.09;22.24;4.86690336917851;43.9893165905683;LE PONTET
BSS002DRNR;2024-06-10;5.08;22.25;4.86690336917851;43.9893165905683;LE PONTET
BSS002DRNR;2024-06-11;5.09;22.24;4.86690336917851;43.9893165905683;LE PONTET
BSS002DRNR;2024-06-12;5.11;22.22;4.86690336917851;43.9893165905683;LE PONTET
BSS002DRNR;2024-06-13;5.12;22.21;4.86690336917851;43.9893165905683;LE PONTET
BSS002DRNR;2024-06-14;5.13;22.2;4.86690336917851;43.9893165905683;LE PONTET
BSS002DRNR;2024-06-15;5.11;22.22;4.86690336917851;43.9893165905683;LE PONTET
BSS002DRNR;2024-06-16;5.11;22.22;4.86690336917851;43.9893165905683;LE PONTET
BSS002DRNR;2024-06-17;5.11;22.22;4.86690336917851;43.9893165905683;LE PONTET
BSS002DRNR;2024-06-18;5.14;22.19;4.86690336917851;43.9893165905683;LE PONTET
BSS002DRNR;2024-06-19;5.14;22.19;4.86690336917851;43.9893165905683;LE PONTET
BSS002DRNR;2024-06-20;5.13;22.2;4.86690336917851;43.9893165905683;LE PONTET
BSS002DRNR;2024-06-21;5.12;22.21;4.86690336917851;43.9893165905683;LE PONTET
BSS002DRNR;2024-06-22;5.12;22.21;4.86690336917851;43.9893165905683;LE PONTET
BSS002DRNR;2024-06-23;5.13;22.2;4.86690336917851;43.9893165905683;LE PONTET
BSS002DRNR;2024-06-24;5.14;22.19;4.86690336917851;43.9893165905683;LE PONTET
BSS002DRNR;2024-06-25;5.16;22.17;4.86690336917851;43.9893165905683;LE PONTET
BSS002DRNR;2024-06-26;5.14;22.19;4.86690336917851;43.9893165905683;LE PONTET
BSS002DRNR;2024-06-27;5.17;22.16;4.86690336917851;43.9893165905683;LE PONTET
BSS002DRNR;2024-06-28;5.19;22.14;4.86690336917851;43.9893165905683;LE PONTET
BSS002DRNR;2024-06-29;5.2;22.13;4.86690336917851;43.9893165905683;LE PONTET
BSS002DRNR;2024-06-30;5.18;22.15;4.86690336917851;43.9893165905683;LE PONTET
BSS002DRNR;2024-07-01;5.18;22.15;4.86690336917851;43.9893165905683;LE PONTET
BSS002DRNR;2024-07-02;5.18;22.15;4.86690336917851;43.9893165905683;LE PONTET
BSS002DRNR;2024-07-03;5.19;22.14;4.86690336917851;43.9893165905683;LE PONTET
BSS002DRNR;2024-07-04;5.2;22.13;4.86690336917851;43.9893165905683;LE PONTET
BSS002DRNR;2024-07-05;5.2;22.13;4.86690336917851;43.9893165905683;LE PONTET
BSS002DRNR;2024-07-06;5.2;22.13;4.86690336917851;43.9893165905683;LE PONTET
BSS002DRNR;2024-07-07;5.19;22.14;4.86690336917851;43.9893165905683;LE PONTET
BSS002DRNR;2024-07-08;5.19;22.14;4.86690336917851;43.9893165905683;LE PONTET
BSS002DRNR;2024-07-09;5.19;22.14;4.86690336917851;43.9893165905683;LE PONTET
BSS002DRNR;2024-07-10;5.19;22.14;4.86690336917851;43.9893165905683;LE PONTET
BSS002DRNR;2024-07-11;5.18;22.15;4.86690336917851;43.9893165905683;LE PONTET
BSS002DRNR;2024-07-12;5.17;22.16;4.86690336917851;43.9893165905683;LE PONTET
BSS002DRNR;2024-07-13;5.16;22.17;4.86690336917851;43.9893165905683;LE PONTET
BSS002DRNR;2024-07-14;5.17;22.16;4.86690336917851;43.9893165905683;LE PONTET
BSS002DRNR;2024-07-15;5.17;22.16;4.86690336917851;43.9893165905683;LE PONTET
BSS002DRNR;2024-07-16;5.17;22.16;4.86690336917851;43.9893165905683;LE PONTET
BSS002DRNR;2024-07-17;5.17;22.16;4.86690336917851;43.9893165905683;LE PONTET
BSS002DRNR;2024-07-18;5.19;22.14;4.86690336917851;43.9893165905683;LE PONTET
BSS002DRNR;2024-07-19;5.2;22.13;4.86690336917851;43.9893165905683;LE PONTET
BSS002DRNR;2024-07-20;5.19;22.14;4.86690336917851;43.9893165905683;LE PONTET
BSS002DRNR;2024-07-21;5.19;22.14;4.86690336917851;43.9893165905683;LE PONTET
BSS002DRNR;2024-07-22;5.17;22.16;4.86690336917851;43.9893165905683;LE PONTET
BSS002DRNR;2024-07-23;5.16;22.17;4.86690336917851;43.9893165905683;LE PONTET
BSS002DRNR;2024-07-24;5.17;22.16;4.86690336917851;43.9893165905683;LE PONTET
BSS002DRNR;2024-07-25;5.18;22.15;4.86690336917851;43.9893165905683;LE PONTET
BSS002DRNR;2024-07-26;5.19;22.14;4.86690336917851;43.9893165905683;LE PONTET
BSS002DRNR;2024-07-27;5.2;22.13;4.86690336917851;43.9893165905683;LE PONTET
BSS002DRNR;2024-07-28;5.2;22.13;4.86690336917851;43.9893165905683;LE PONTET
BSS002DRNR;2024-07-29;5.2;22.13;4.86690336917851;43.9893165905683;LE PONTET
BSS002DRNR;2024-07-30;5.2;22.13;4.86690336917851;43.9893165905683;LE PONTET
BSS002DRNR;2024-07-31;5.2;22.13;4.86690336917851;43.9893165905683;LE PONTET
BSS002DRNR;2024-08-01;5.2;22.13;4.86690336917851;43.9893165905683;LE PONTET
BSS002DRNR;2024-08-02;5.2;22.13;4.86690336917851;43.9893165905683;LE PONTET
BSS002DRNR;2024-08-03;5.2;22.13;4.86690336917851;43.9893165905683;LE PONTET
BSS002DRNR;2024-08-04;5.2;22.13;4.86690336917851;43.9893165905683;LE PONTET
BSS002DRNR;2024-08-05;5.2;22.13;4.86690336917851;43.9893165905683;LE PONTET
BSS002DRNR;2024-08-06;5.2;22.13;4.86690336917851;43.9893165905683;LE PONTET
BSS002DRNR;2024-08-07;5.2;22.13;4.86690336917851;43.9893165905683;LE PONTET
BSS002DRNR;2024-08-08;5.2;22.13;4.86690336917851;43.9893165905683;LE PONTET
BSS002DRNR;2024-08-09;5.21;22.12;4.86690336917851;43.9893165905683;LE PONTET
BSS002DRNR;2024-08-10;5.21;22.12;4.86690336917851;43.9893165905683;LE PONTET
BSS002DRNR;2024-08-11;5.2;22.13;4.86690336917851;43.9893165905683;LE PONTET
BSS002DRNR;2024-08-12;5.18;22.15;4.86690336917851;43.9893165905683;LE PONTET
BSS002DRNR;2024-08-13;5.16;22.17;4.86690336917851;43.9893165905683;LE PONTET
BSS002DRNR;2024-08-14;5.15;22.18;4.86690336917851;43.9893165905683;LE PONTET
BSS002DRNR;2024-08-15;5.15;22.18;4.86690336917851;43.9893165905683;LE PONTET
BSS002DRNR;2024-08-16;5.13;22.2;4.86690336917851;43.9893165905683;LE PONTET
BSS002DRNR;2024-08-17;5.12;22.21;4.86690336917851;43.9893165905683;LE PONTET
BSS002DRNR;2024-08-18;5.12;22.21;4.86690336917851;43.9893165905683;LE PONTET
BSS002DRNR;2024-08-19;5.12;22.21;4.86690336917851;43.9893165905683;LE PONTET
BSS002DRNR;2024-08-20;5.12;22.21;4.86690336917851;43.9893165905683;LE PONTET
BSS002DRNR;2024-08-21;5.12;22.21;4.86690336917851;43.9893165905683;LE PONTET
BSS002DRNR;2024-08-22;5.12;22.21;4.86690336917851;43.9893165905683;LE PONTET
BSS002DRNR;2024-08-23;5.13;22.2;4.86690336917851;43.9893165905683;LE PONTET
BSS002DRNR;2024-08-24;5.13;22.2;4.86690336917851;43.9893165905683;LE PONTET
BSS002DRNR;2024-08-25;5.12;22.21;4.86690336917851;43.9893165905683;LE PONTET
BSS002DRNR;2024-08-26;5.13;22.2;4.86690336917851;43.9893165905683;LE PONTET
BSS002DRNR;2024-08-27;5.13;22.2;4.86690336917851;43.9893165905683;LE PONTET
BSS002DRNR;2024-08-28;5.12;22.21;4.86690336917851;43.9893165905683;LE PONTET
BSS002DRNR;2024-08-29;5.13;22.2;4.86690336917851;43.9893165905683;LE PONTET
BSS002DRNR;2024-08-30;5.13;22.2;4.86690336917851;43.9893165905683;LE PONTET
BSS002DRNR;2024-08-31;5.14;22.19;4.86690336917851;43.9893165905683;LE PONTET
BSS002DRNR;2024-09-01;5.13;22.2;4.86690336917851;43.9893165905683;LE PONTET
BSS002DRNR;2024-09-02;5.12;22.21;4.86690336917851;43.9893165905683;LE PONTET
BSS002DRNR;2024-09-03;5.12;22.21;4.86690336917851;43.9893165905683;LE PONTET
BSS002DRNR;2024-09-04;5.1;22.23;4.86690336917851;43.9893165905683;LE PONTET
BSS002DRNR;2024-09-05;5.09;22.24;4.86690336917851;43.9893165905683;LE PONTET
BSS002DRNR;2024-09-06;5.09;22.24;4.86690336917851;43.9893165905683;LE PONTET
BSS002DRNR;2024-09-07;5.09;22.24;4.86690336917851;43.9893165905683;LE PONTET
BSS002DRNR;2024-09-08;5.08;22.25;4.86690336917851;43.9893165905683;LE PONTET
BSS002DRNR;2024-09-09;5.08;22.25;4.86690336917851;43.9893165905683;LE PONTET
BSS002DRNR;2024-09-10;5.09;22.24;4.86690336917851;43.9893165905683;LE PONTET
BSS002DRNR;2024-09-11;5.09;22.24;4.86690336917851;43.9893165905683;LE PONTET
BSS002DRNR;2024-09-12;5.1;22.23;4.86690336917851;43.9893165905683;LE PONTET
BSS002DRNR;2024-09-13;5.11;22.22;4.86690336917851;43.9893165905683;LE PONTET
BSS002DRNR;2024-09-14;5.11;22.22;4.86690336917851;43.9893165905683;LE PONTET
BSS002DRNR;2024-09-15;5.12;22.21;4.86690336917851;43.9893165905683;LE PONTET
BSS002DRNR;2024-09-16;5.12;22.21;4.86690336917851;43.9893165905683;LE PONTET
BSS002DRNR;2024-09-17;5.13;22.2;4.86690336917851;43.9893165905683;LE PONTET
BSS002DRNR;2024-09-18;5.13;22.2;4.86690336917851;43.9893165905683;LE PONTET
BSS002DRNR;2024-09-19;5.14;22.19;4.86690336917851;43.9893165905683;LE PONTET
BSS002DRNR;2024-09-20;5.15;22.18;4.86690336917851;43.9893165905683;LE PONTET
BSS002DRNR;2024-09-21;5.15;22.18;4.86690336917851;43.9893165905683;LE PONTET
BSS002DRNR;2024-09-22;5.14;22.19;4.86690336917851;43.9893165905683;LE PONTET
BSS002DRNR;2024-09-23;5.1;22.23;4.86690336917851;43.9893165905683;LE PONTET
BSS002DRNR;2024-09-24;5.1;22.23;4.86690336917851;43.9893165905683;LE PONTET
BSS002DRNR;2024-09-25;5.1;22.23;4.86690336917851;43.9893165905683;LE PONTET
BSS002DRNR;2024-09-26;5.11;22.22;4.86690336917851;43.9893165905683;LE PONTET
BSS002DRNR;2024-09-27;5.11;22.22;4.86690336917851;43.9893165905683;LE PONTET
BSS002DRNR;2024-09-28;5.12;22.21;4.86690336917851;43.9893165905683;LE PONTET
BSS002DRNR;2024-09-29;5.14;22.19;4.86690336917851;43.9893165905683;LE PONTET
BSS002DRNR;2024-09-30;5.15;22.18;4.86690336917851;43.9893165905683;LE PONTET
BSS002DRNR;2024-10-01;5.17;22.16;4.86690336917851;43.9893165905683;LE PONTET
BSS002DRNR;2024-10-02;5.18;22.15;4.86690336917851;43.9893165905683;LE PONTET
BSS002DRNR;2024-10-03;5.19;22.14;4.86690336917851;43.9893165905683;LE PONTET
BSS002DRNR;2024-10-04;5.21;22.12;4.86690336917851;43.9893165905683;LE PONTET
BSS002DRNR;2024-10-05;5.22;22.11;4.86690336917851;43.9893165905683;LE PONTET
BSS002DRNR;2024-10-06;5.23;22.1;4.86690336917851;43.9893165905683;LE PONTET
BSS002DRNR;2024-10-07;5.24;22.09;4.86690336917851;43.9893165905683;LE PONTET
BSS002DRNR;2024-10-08;5.19;22.14;4.86690336917851;43.9893165905683;LE PONTET
BSS002DRNR;2024-10-09;5.18;22.15;4.86690336917851;43.9893165905683;LE PONTET
BSS002DRNR;2024-10-10;5.19;22.14;4.86690336917851;43.9893165905683;LE PONTET
BSS002DRNR;2024-10-11;5.2;22.13;4.86690336917851;43.9893165905683;LE PONTET
BSS002DRNR;2024-10-12;5.22;22.11;4.86690336917851;43.9893165905683;LE PONTET
BSS002DRNR;2024-10-13;5.22;22.11;4.86690336917851;43.9893165905683;LE PONTET
BSS002DRNR;2024-10-14;5.23;22.1;4.86690336917851;43.9893165905683;LE PONTET
BSS002DRNR;2024-10-15;5.24;22.09;4.86690336917851;43.9893165905683;LE PONTET
BSS002DRNR;2024-10-16;5.21;22.12;4.86690336917851;43.9893165905683;LE PONTET
BSS002DRNR;2024-10-17;5.19;22.14;4.86690336917851;43.9893165905683;LE PONTET
BSS002DRNR;2024-10-18;5.18;22.15;4.86690336917851;43.9893165905683;LE PONTET
BSS002DRNR;2024-10-19;5.17;22.16;4.86690336917851;43.9893165905683;LE PONTET
BSS002DRNR;2024-10-20;5.18;22.15;4.86690336917851;43.9893165905683;LE PONTET
BSS002DRNR;2024-10-21;5.18;22.15;4.86690336917851;43.9893165905683;LE PONTET
BSS002DRNR;2024-10-22;5.18;22.15;4.86690336917851;43.9893165905683;LE PONTET
BSS002DRNR;2024-10-23;5.2;22.13;4.86690336917851;43.9893165905683;LE PONTET
BSS002DRNR;2024-10-24;5.22;22.11;4.86690336917851;43.9893165905683;LE PONTET
BSS002DRNR;2024-10-25;5.21;22.12;4.86690336917851;43.9893165905683;LE PONTET
BSS002DRNR;2024-10-26;5.21;22.12;4.86690336917851;43.9893165905683;LE PONTET
BSS002DRNR;2024-10-27;5.22;22.11;4.86690336917851;43.9893165905683;LE PONTET
BSS002DRNR;2024-10-28;5.23;22.1;4.86690336917851;43.9893165905683;LE PONTET
BSS002DRNR;2024-10-29;5.24;22.09;4.86690336917851;43.9893165905683;LE PONTET
BSS002DRNR;2024-10-30;5.25;22.08;4.86690336917851;43.9893165905683;LE PONTET
BSS002DRNR;2024-10-31;5.27;22.06;4.86690336917851;43.9893165905683;LE PONTET
BSS002DRNR;2024-11-01;5.29;22.04;4.86690336917851;43.9893165905683;LE PONTET
BSS002DRNR;2024-11-02;5.3;22.03;4.86690336917851;43.9893165905683;LE PONTET
BSS002DRNR;2024-11-03;5.32;22.01;4.86690336917851;43.9893165905683;LE PONTET
BSS002DRNR;2024-11-04;5.33;22.0;4.86690336917851;43.9893165905683;LE PONTET
BSS002DRNR;2024-11-05;5.36;21.97;4.86690336917851;43.9893165905683;LE PONTET
BSS002DRNR;2024-11-06;5.37;21.96;4.86690336917851;43.9893165905683;LE PONTET
BSS002DRNR;2024-11-07;5.38;21.95;4.86690336917851;43.9893165905683;LE PONTET
BSS002DRNR;2024-11-08;5.37;21.96;4.86690336917851;43.9893165905683;LE PONTET
BSS002DRNR;2024-11-09;5.4;21.93;4.86690336917851;43.9893165905683;LE PONTET
BSS002DRNR;2024-11-10;5.4;21.93;4.86690336917851;43.9893165905683;LE PONTET
BSS002DRNR;2024-11-11;5.41;21.92;4.86690336917851;43.9893165905683;LE PONTET
BSS002DRNR;2024-11-12;5.43;21.9;4.86690336917851;43.9893165905683;LE PONTET
BSS002DRNR;2024-11-13;5.42;21.91;4.86690336917851;43.9893165905683;LE PONTET
BSS002DRNR;2024-11-14;5.43;21.9;4.86690336917851;43.9893165905683;LE PONTET
BSS002DRNR;2024-11-15;5.43;21.9;4.86690336917851;43.9893165905683;LE PONTET
BSS002DRNR;2024-11-16;5.46;21.87;4.86690336917851;43.9893165905683;LE PONTET
BSS002DRNR;2024-11-17;5.45;21.88;4.86690336917851;43.9893165905683;LE PONTET
BSS002DRNR;2024-11-18;5.48;21.85;4.86690336917851;43.9893165905683;LE PONTET
BSS002DRNR;2024-11-19;5.47;21.86;4.86690336917851;43.9893165905683;LE PONTET
BSS002DRNR;2024-11-20;5.49;21.84;4.86690336917851;43.9893165905683;LE PONTET
BSS002DRNR;2024-11-21;5.5;21.83;4.86690336917851;43.9893165905683;LE PONTET
BSS002DRNR;2024-11-22;5.49;21.84;4.86690336917851;43.9893165905683;LE PONTET
BSS002DRNR;2024-11-23;5.52;21.81;4.86690336917851;43.9893165905683;LE PONTET
BSS002DRNR;2024-11-24;5.52;21.81;4.86690336917851;43.9893165905683;LE PONTET
BSS002DRNR;2024-11-25;5.53;21.8;4.86690336917851;43.9893165905683;LE PONTET
BSS002DRNR;2024-11-26;5.49;21.84;4.86690336917851;43.9893165905683;LE PONTET
BSS002DRNR;2024-11-27;5.48;21.85;4.86690336917851;43.9893165905683;LE PONTET
BSS002DRNR;2024-11-28;5.5;21.83;4.86690336917851;43.9893165905683;LE PONTET
BSS002DRNR;2024-11-29;5.5;21.83;4.86690336917851;43.9893165905683;LE PONTET
BSS002DRNR;2024-11-30;5.52;21.81;4.86690336917851;43.9893165905683;LE PONTET
BSS002DRNR;2024-12-01;5.52;21.81;4.86690336917851;43.9893165905683;LE PONTET
BSS002DRNR;2024-12-02;5.54;21.79;4.86690336917851;43.9893165905683;LE PONTET
BSS002DRNR;2024-12-03;5.53;21.8;4.86690336917851;43.9893165905683;LE PONTET
BSS002DRNR;2024-12-04;5.53;21.8;4.86690336917851;43.9893165905683;LE PONTET
BSS002DRNR;2024-12-05;5.55;21.78;4.86690336917851;43.9893165905683;LE PONTET
BSS002DRNR;2024-12-06;5.54;21.79;4.86690336917851;43.9893165905683;LE PONTET
BSS002DRNR;2024-12-07;5.55;21.78;4.86690336917851;43.9893165905683;LE PONTET
BSS002DRNR;2024-12-08;5.54;21.79;4.86690336917851;43.9893165905683;LE PONTET
BSS002DRNR;2024-12-09;5.55;21.78;4.86690336917851;43.9893165905683;LE PONTET
BSS002DRNR;2024-12-10;5.55;21.78;4.86690336917851;43.9893165905683;LE PONTET
BSS002DRNR;2024-12-11;5.55;21.78;4.86690336917851;43.9893165905683;LE PONTET
BSS002DRNR;2024-12-12;5.55;21.78;4.86690336917851;43.9893165905683;LE PONTET
BSS002DRNR;2024-12-13;5.57;21.76;4.86690336917851;43.9893165905683;LE PONTET
BSS002DRNR;2024-12-14;5.56;21.77;4.86690336917851;43.9893165905683;LE PONTET
BSS002DRNR;2024-12-15;5.57;21.76;4.86690336917851;43.9893165905683;LE PONTET
BSS002DRNR;2024-12-16;5.57;21.76;4.86690336917851;43.9893165905683;LE PONTET
BSS002DRNR;2024-12-17;5.57;21.76;4.86690336917851;43.9893165905683;LE PONTET
BSS002DRNR;2024-12-18;5.57;21.76;4.86690336917851;43.9893165905683;LE PONTET
BSS002DRNR;2024-12-19;5.58;21.75;4.86690336917851;43.9893165905683;LE PONTET
BSS002DRNR;2024-12-20;5.58;21.75;4.86690336917851;43.9893165905683;LE PONTET
BSS002DRNR;2024-12-21;5.58;21.75;4.86690336917851;43.9893165905683;LE PONTET
BSS002DRNR;2024-12-22;5.59;21.74;4.86690336917851;43.9893165905683;LE PONTET
BSS002DRNR;2024-12-23;5.59;21.74;4.86690336917851;43.9893165905683;LE PONTET
BSS002DRNR;2024-12-24;5.59;21.74;4.86690336917851;43.9893165905683;LE PONTET
BSS002DRNR;2024-12-25;5.59;21.74;4.86690336917851;43.9893165905683;LE PONTET
BSS002DRNR;2024-12-26;5.6;21.73;4.86690336917851;43.9893165905683;LE PONTET
BSS002DRNR;2024-12-27;5.6;21.73;4.86690336917851;43.9893165905683;LE PONTET
BSS002DRNR;2024-12-28;5.6;21.73;4.86690336917851;43.9893165905683;LE PONTET
BSS002DRNR;2024-12-29;5.6;21.73;4.86690336917851;43.9893165905683;LE PONTET
BSS002DRNR;2024-12-30;5.6;21.73;4.86690336917851;43.9893165905683;LE PONTET
BSS002DRNR;2024-12-31;5.6;21.73;4.86690336917851;43.9893165905683;LE PONTET
BSS002DSBP;2016-04-03;1.79;48.11;4.98793567928035;43.9337753737225;THOR
BSS002DSBP;2016-04-04;1.79;48.11;4.98793567928035;43.9337753737225;THOR
BSS002DSBP;2016-04-05;1.8;48.1;4.98793567928035;43.9337753737225;THOR
BSS002DSBP;2016-04-06;1.8;48.1;4.98793567928035;43.9337753737225;THOR
BSS002DSBP;2016-04-07;1.81;48.09;4.98793567928035;43.9337753737225;THOR
BSS002DSBP;2016-04-08;1.82;48.08;4.98793567928035;43.9337753737225;THOR
BSS002DSBP;2016-04-09;1.83;48.07;4.98793567928035;43.9337753737225;THOR
BSS002DSBP;2016-04-10;1.84;48.06;4.98793567928035;43.9337753737225;THOR
BSS002DSBP;2016-04-11;1.85;48.05;4.98793567928035;43.9337753737225;THOR
BSS002DSBP;2016-04-12;1.86;48.04;4.98793567928035;43.9337753737225;THOR
BSS002DSBP;2016-04-13;1.86;48.04;4.98793567928035;43.9337753737225;THOR
BSS002DSBP;2016-04-14;1.86;48.04;4.98793567928035;43.9337753737225;THOR
BSS002DSBP;2016-04-15;1.87;48.03;4.98793567928035;43.9337753737225;THOR
BSS002DSBP;2016-04-16;1.88;48.02;4.98793567928035;43.9337753737225;THOR
BSS002DSBP;2016-04-17;1.89;48.01;4.98793567928035;43.9337753737225;THOR
BSS002DSBP;2016-04-18;1.9;48.0;4.98793567928035;43.9337753737225;THOR
BSS002DSBP;2016-04-19;1.9;48.0;4.98793567928035;43.9337753737225;THOR
BSS002DSBP;2016-04-20;1.92;47.98;4.98793567928035;43.9337753737225;THOR
BSS002DSBP;2016-04-21;1.92;47.98;4.98793567928035;43.9337753737225;THOR
BSS002DSBP;2016-04-22;1.92;47.98;4.98793567928035;43.9337753737225;THOR
BSS002DSBP;2016-04-23;1.92;47.98;4.98793567928035;43.9337753737225;THOR
BSS002DSBP;2016-04-24;1.93;47.97;4.98793567928035;43.9337753737225;THOR
BSS002DSBP;2016-04-25;1.94;47.96;4.98793567928035;43.9337753737225;THOR
BSS002DSBP;2016-04-26;1.94;47.96;4.98793567928035;43.9337753737225;THOR
BSS002DSBP;2016-04-27;1.95;47.95;4.98793567928035;43.9337753737225;THOR
BSS002DSBP;2016-04-28;1.96;47.94;4.98793567928035;43.9337753737225;THOR
BSS002DSBP;2016-04-29;1.97;47.93;4.98793567928035;43.9337753737225;THOR
BSS002DSBP;2016-04-30;1.98;47.92;4.98793567928035;43.9337753737225;THOR
BSS002DSBP;2016-05-01;1.98;47.92;4.98793567928035;43.9337753737225;THOR
BSS002DSBP;2016-05-02;1.99;47.91;4.98793567928035;43.9337753737225;THOR
BSS002DSBP;2016-05-03;2.0;47.9;4.98793567928035;43.9337753737225;THOR
BSS002DSBP;2016-05-04;2.01;47.89;4.98793567928035;43.9337753737225;THOR
BSS002DSBP;2016-05-05;2.02;47.88;4.98793567928035;43.9337753737225;THOR
BSS002DSBP;2016-05-06;2.03;47.87;4.98793567928035;43.9337753737225;THOR
BSS002DSBP;2016-05-07;2.05;47.85;4.98793567928035;43.9337753737225;THOR
BSS002DSBP;2016-05-08;2.06;47.84;4.98793567928035;43.9337753737225;THOR
BSS002DSBP;2016-05-09;2.07;47.83;4.98793567928035;43.9337753737225;THOR
BSS002DSBP;2016-05-10;2.07;47.83;4.98793567928035;43.9337753737225;THOR
BSS002DSBP;2016-05-11;2.04;47.86;4.98793567928035;43.9337753737225;THOR
BSS002DSBP;2016-05-12;2.04;47.86;4.98793567928035;43.9337753737225;THOR
BSS002DSBP;2016-05-13;2.04;47.86;4.98793567928035;43.9337753737225;THOR
BSS002DSBP;2016-05-14;2.04;47.86;4.98793567928035;43.9337753737225;THOR
BSS002DSBP;2016-05-15;2.06;47.84;4.98793567928035;43.9337753737225;THOR
BSS002DSBP;2016-05-16;2.07;47.83;4.98793567928035;43.9337753737225;THOR
BSS002DSBP;2016-05-17;2.08;47.82;4.98793567928035;43.9337753737225;THOR
BSS002DSBP;2016-05-18;2.09;47.81;4.98793567928035;43.9337753737225;THOR
BSS002DSBP;2016-05-19;2.1;47.8;4.98793567928035;43.9337753737225;THOR
BSS002DSBP;2016-05-20;2.11;47.79;4.98793567928035;43.9337753737225;THOR
BSS002DSBP;2016-05-21;2.12;47.78;4.98793567928035;43.9337753737225;THOR
BSS002DSBP;2016-05-22;2.13;47.77;4.98793567928035;43.9337753737225;THOR
BSS002DSBP;2016-05-23;2.12;47.78;4.98793567928035;43.9337753737225;THOR
BSS002DSBP;2016-05-24;2.13;47.77;4.98793567928035;43.9337753737225;THOR
BSS002DSBP;2016-05-25;2.14;47.76;4.98793567928035;43.9337753737225;THOR
BSS002DSBP;2016-05-26;2.15;47.75;4.98793567928035;43.9337753737225;THOR
BSS002DSBP;2016-05-27;2.16;47.74;4.98793567928035;43.9337753737225;THOR
BSS002DSBP;2016-05-28;2.17;47.73;4.98793567928035;43.9337753737225;THOR
BSS002DSBP;2016-05-29;2.1;47.8;4.98793567928035;43.9337753737225;THOR
BSS002DSBP;2016-05-30;2.1;47.8;4.98793567928035;43.9337753737225;THOR
BSS002DSBP;2016-05-31;2.09;47.81;4.98793567928035;43.9337753737225;THOR
BSS002DSBP;2016-06-01;2.1;47.8;4.98793567928035;43.9337753737225;THOR
BSS002DSBP;2016-06-02;2.1;47.8;4.98793567928035;43.9337753737225;THOR
BSS002DSBP;2016-06-03;2.11;47.79;4.98793567928035;43.9337753737225;THOR
BSS002DSBP;2016-06-04;2.08;47.82;4.98793567928035;43.9337753737225;THOR
BSS002DSBP;2016-06-05;2.14;47.76;4.98793567928035;43.9337753737225;THOR
BSS002DSBP;2016-06-06;2.17;47.73;4.98793567928035;43.9337753737225;THOR
BSS002DSBP;2016-06-07;2.18;47.72;4.98793567928035;43.9337753737225;THOR
BSS002DSBP;2016-06-08;2.19;47.71;4.98793567928035;43.9337753737225;THOR
BSS002DSBP;2016-06-09;2.2;47.7;4.98793567928035;43.9337753737225;THOR
BSS002DSBP;2016-06-10;2.21;47.69;4.98793567928035;43.9337753737225;THOR
BSS002DSBP;2016-06-11;2.22;47.68;4.98793567928035;43.9337753737225;THOR
BSS002DSBP;2016-06-12;2.23;47.67;4.98793567928035;43.9337753737225;THOR
BSS002DSBP;2016-06-13;2.24;47.66;4.98793567928035;43.9337753737225;THOR
BSS002DSBP;2016-06-14;2.25;47.65;4.98793567928035;43.9337753737225;THOR
BSS002DSBP;2016-06-15;2.26;47.64;4.98793567928035;43.9337753737225;THOR
BSS002DSBP;2016-06-16;2.25;47.65;4.98793567928035;43.9337753737225;THOR
BSS002DSBP;2016-06-17;2.27;47.63;4.98793567928035;43.9337753737225;THOR
BSS002DSBP;2016-06-18;2.28;47.62;4.98793567928035;43.9337753737225;THOR
BSS002DSBP;2016-06-19;2.28;47.62;4.98793567928035;43.9337753737225;THOR
BSS002DSBP;2016-06-20;2.28;47.62;4.98793567928035;43.9337753737225;THOR
BSS002DSBP;2016-06-21;2.29;47.61;4.98793567928035;43.9337753737225;THOR
BSS002DSBP;2016-06-22;2.3;47.6;4.98793567928035;43.9337753737225;THOR
BSS002DSBP;2016-06-23;2.32;47.58;4.98793567928035;43.9337753737225;THOR
BSS002DSBP;2016-06-24;2.33;47.57;4.98793567928035;43.9337753737225;THOR
BSS002DSBP;2016-06-25;2.34;47.56;4.98793567928035;43.9337753737225;THOR
BSS002DSBP;2016-06-26;2.35;47.55;4.98793567928035;43.9337753737225;THOR
BSS002DSBP;2016-06-27;2.36;47.54;4.98793567928035;43.9337753737225;THOR
BSS002DSBP;2016-06-28;2.37;47.53;4.98793567928035;43.9337753737225;THOR
BSS002DSBP;2016-06-29;2.38;47.52;4.98793567928035;43.9337753737225;THOR
BSS002DSBP;2016-06-30;2.39;47.51;4.98793567928035;43.9337753737225;THOR
BSS002DSBP;2016-07-01;2.4;47.5;4.98793567928035;43.9337753737225;THOR
BSS002DSBP;2016-07-02;2.41;47.49;4.98793567928035;43.9337753737225;THOR
BSS002DSBP;2016-07-03;2.43;47.47;4.98793567928035;43.9337753737225;THOR
BSS002DSBP;2016-07-04;2.43;47.47;4.98793567928035;43.9337753737225;THOR
BSS002DSBP;2016-07-05;2.44;47.46;4.98793567928035;43.9337753737225;THOR
BSS002DSBP;2016-07-06;2.47;47.43;4.98793567928035;43.9337753737225;THOR
BSS002DSBP;2016-07-07;2.48;47.42;4.98793567928035;43.9337753737225;THOR
BSS002DSBP;2016-07-08;2.48;47.42;4.98793567928035;43.9337753737225;THOR
BSS002DSBP;2016-07-09;2.5;47.4;4.98793567928035;43.9337753737225;THOR
BSS002DSBP;2016-07-10;2.52;47.38;4.98793567928035;43.9337753737225;THOR
BSS002DSBP;2016-07-11;2.53;47.37;4.98793567928035;43.9337753737225;THOR
BSS002DSBP;2016-07-12;2.54;47.36;4.98793567928035;43.9337753737225;THOR
BSS002DSBP;2016-07-13;2.55;47.35;4.98793567928035;43.9337753737225;THOR
BSS002DSBP;2016-07-14;2.56;47.34;4.98793567928035;43.9337753737225;THOR
BSS002DSBP;2016-07-15;2.57;47.33;4.98793567928035;43.9337753737225;THOR
BSS002DSBP;2016-07-16;2.58;47.32;4.98793567928035;43.9337753737225;THOR
BSS002DSBP;2016-07-17;2.59;47.31;4.98793567928035;43.9337753737225;THOR
BSS002DSBP;2016-07-18;2.61;47.29;4.98793567928035;43.9337753737225;THOR
BSS002DSBP;2016-07-19;2.62;47.28;4.98793567928035;43.9337753737225;THOR
BSS002DSBP;2016-07-20;2.64;47.26;4.98793567928035;43.9337753737225;THOR
BSS002DSBP;2016-07-21;2.65;47.25;4.98793567928035;43.9337753737225;THOR
BSS002DSBP;2016-07-22;2.66;47.24;4.98793567928035;43.9337753737225;THOR
BSS002DSBP;2016-07-23;2.66;47.24;4.98793567928035;43.9337753737225;THOR
BSS002DSBP;2016-07-24;2.67;47.23;4.98793567928035;43.9337753737225;THOR
BSS002DSBP;2016-07-25;2.68;47.22;4.98793567928035;43.9337753737225;THOR
BSS002DSBP;2016-07-26;2.71;47.19;4.98793567928035;43.9337753737225;THOR
BSS002DSBP;2016-07-27;2.72;47.18;4.98793567928035;43.9337753737225;THOR
BSS002DSBP;2016-07-28;2.73;47.17;4.98793567928035;43.9337753737225;THOR
BSS002DSBP;2016-07-29;2.75;47.15;4.98793567928035;43.9337753737225;THOR
BSS002DSBP;2016-07-30;2.76;47.14;4.98793567928035;43.9337753737225;THOR
BSS002DSBP;2016-07-31;2.75;47.15;4.98793567928035;43.9337753737225;THOR
BSS002DSBP;2016-08-01;2.77;47.13;4.98793567928035;43.9337753737225;THOR
BSS002DSBP;2016-08-02;2.79;47.11;4.98793567928035;43.9337753737225;THOR
BSS002DSBP;2016-08-03;2.8;47.1;4.98793567928035;43.9337753737225;THOR
BSS002DSBP;2016-08-04;2.83;47.07;4.98793567928035;43.9337753737225;THOR
BSS002DSBP;2016-08-05;2.82;47.08;4.98793567928035;43.9337753737225;THOR
BSS002DSBP;2016-08-06;2.85;47.05;4.98793567928035;43.9337753737225;THOR
BSS002DSBP;2016-08-07;2.77;47.13;4.98793567928035;43.9337753737225;THOR
BSS002DSBP;2016-08-08;2.78;47.12;4.98793567928035;43.9337753737225;THOR
BSS002DSBP;2016-08-09;2.79;47.11;4.98793567928035;43.9337753737225;THOR
BSS002DSBP;2016-08-10;2.8;47.1;4.98793567928035;43.9337753737225;THOR
BSS002DSBP;2016-08-11;2.81;47.09;4.98793567928035;43.9337753737225;THOR
BSS002DSBP;2016-08-12;2.82;47.08;4.98793567928035;43.9337753737225;THOR
BSS002DSBP;2016-08-13;2.84;47.06;4.98793567928035;43.9337753737225;THOR
BSS002DSBP;2016-08-14;2.81;47.09;4.98793567928035;43.9337753737225;THOR
BSS002DSBP;2016-08-15;2.79;47.11;4.98793567928035;43.9337753737225;THOR
BSS002DSBP;2016-08-16;2.77;47.13;4.98793567928035;43.9337753737225;THOR
BSS002DSBP;2016-08-17;2.76;47.14;4.98793567928035;43.9337753737225;THOR
BSS002DSBP;2016-08-18;2.76;47.14;4.98793567928035;43.9337753737225;THOR
BSS002DSBP;2016-08-19;2.75;47.15;4.98793567928035;43.9337753737225;THOR
BSS002DSBP;2016-08-20;2.74;47.16;4.98793567928035;43.9337753737225;THOR
BSS002DSBP;2016-08-21;2.75;47.15;4.98793567928035;43.9337753737225;THOR
BSS002DSBP;2016-08-22;2.74;47.16;4.98793567928035;43.9337753737225;THOR
BSS002DSBP;2016-08-23;2.74;47.16;4.98793567928035;43.9337753737225;THOR
BSS002DSBP;2016-08-24;2.74;47.16;4.98793567928035;43.9337753737225;THOR
BSS002DSBP;2016-08-25;2.74;47.16;4.98793567928035;43.9337753737225;THOR
BSS002DSBP;2016-08-26;2.74;47.16;4.98793567928035;43.9337753737225;THOR
BSS002DSBP;2016-08-27;2.73;47.17;4.98793567928035;43.9337753737225;THOR
BSS002DSBP;2016-08-28;2.71;47.19;4.98793567928035;43.9337753737225;THOR
BSS002DSBP;2016-08-29;2.86;47.04;4.98793567928035;43.9337753737225;THOR
BSS002DSBP;2016-08-30;2.95;46.95;4.98793567928035;43.9337753737225;THOR
BSS002DSBP;2016-08-31;2.94;46.96;4.98793567928035;43.9337753737225;THOR
BSS002DSBP;2016-09-01;2.96;46.94;4.98793567928035;43.9337753737225;THOR
BSS002DSBP;2016-09-02;3.0;46.9;4.98793567928035;43.9337753737225;THOR
BSS002DSBP;2016-09-03;3.03;46.87;4.98793567928035;43.9337753737225;THOR
BSS002DSBP;2016-09-04;3.05;46.85;4.98793567928035;43.9337753737225;THOR
BSS002DSBP;2016-09-05;3.06;46.84;4.98793567928035;43.9337753737225;THOR
BSS002DSBP;2016-09-06;3.08;46.82;4.98793567928035;43.9337753737225;THOR
BSS002DSBP;2016-09-07;3.09;46.81;4.98793567928035;43.9337753737225;THOR
BSS002DSBP;2016-09-08;3.11;46.79;4.98793567928035;43.9337753737225;THOR
BSS002DSBP;2016-09-09;3.12;46.78;4.98793567928035;43.9337753737225;THOR
BSS002DSBP;2016-09-10;3.13;46.77;4.98793567928035;43.9337753737225;THOR
BSS002DSBP;2016-09-11;3.14;46.76;4.98793567928035;43.9337753737225;THOR
BSS002DSBP;2016-09-12;3.15;46.75;4.98793567928035;43.9337753737225;THOR
BSS002DSBP;2016-09-13;3.16;46.74;4.98793567928035;43.9337753737225;THOR
BSS002DSBP;2016-09-14;3.17;46.73;4.98793567928035;43.9337753737225;THOR
BSS002DSBP;2016-09-15;3.26;46.64;4.98793567928035;43.9337753737225;THOR
BSS002DSBP;2016-09-16;3.27;46.63;4.98793567928035;43.9337753737225;THOR
BSS002DSBP;2016-09-17;3.28;46.62;4.98793567928035;43.9337753737225;THOR
BSS002DSBP;2016-09-18;3.28;46.62;4.98793567928035;43.9337753737225;THOR
BSS002DSBP;2016-09-19;3.29;46.61;4.98793567928035;43.9337753737225;THOR
BSS002DSBP;2016-09-20;3.29;46.61;4.98793567928035;43.9337753737225;THOR
BSS002DSBP;2016-09-21;3.3;46.6;4.98793567928035;43.9337753737225;THOR
BSS002DSBP;2016-09-22;3.31;46.59;4.98793567928035;43.9337753737225;THOR
BSS002DSBP;2016-09-23;3.31;46.59;4.98793567928035;43.9337753737225;THOR
BSS002DSBP;2016-09-24;3.22;46.68;4.98793567928035;43.9337753737225;THOR
BSS002DSBP;2016-09-25;3.33;46.57;4.98793567928035;43.9337753737225;THOR
BSS002DSBP;2016-09-26;3.33;46.57;4.98793567928035;43.9337753737225;THOR
BSS002DSBP;2016-09-27;3.34;46.56;4.98793567928035;43.9337753737225;THOR
BSS002DSBP;2016-09-28;3.34;46.56;4.98793567928035;43.9337753737225;THOR
BSS002DSBP;2016-09-29;3.35;46.55;4.98793567928035;43.9337753737225;THOR
BSS002DSBP;2016-09-30;3.35;46.55;4.98793567928035;43.9337753737225;THOR
BSS002DSBP;2016-10-01;3.31;46.59;4.98793567928035;43.9337753737225;THOR
BSS002DSBP;2016-10-02;3.29;46.61;4.98793567928035;43.9337753737225;THOR
BSS002DSBP;2016-10-03;3.3;46.6;4.98793567928035;43.9337753737225;THOR
BSS002DSBP;2016-10-04;3.31;46.59;4.98793567928035;43.9337753737225;THOR
BSS002DSBP;2016-10-05;3.32;46.58;4.98793567928035;43.9337753737225;THOR
BSS002DSBP;2016-10-06;3.32;46.58;4.98793567928035;43.9337753737225;THOR
BSS002DSBP;2016-10-07;3.32;46.58;4.98793567928035;43.9337753737225;THOR
BSS002DSBP;2016-10-08;3.32;46.58;4.98793567928035;43.9337753737225;THOR
BSS002DSBP;2016-10-09;3.31;46.59;4.98793567928035;43.9337753737225;THOR
BSS002DSBP;2016-10-10;3.31;46.59;4.98793567928035;43.9337753737225;THOR
BSS002DSBP;2016-10-11;3.3;46.6;4.98793567928035;43.9337753737225;THOR
BSS002DSBP;2016-10-12;3.3;46.6;4.98793567928035;43.9337753737225;THOR
BSS002DSBP;2016-10-13;3.3;46.6;4.98793567928035;43.9337753737225;THOR
BSS002DSBP;2016-10-14;3.28;46.62;4.98793567928035;43.9337753737225;THOR
BSS002DSBP;2016-10-15;3.26;46.64;4.98793567928035;43.9337753737225;THOR
BSS002DSBP;2016-10-16;3.26;46.64;4.98793567928035;43.9337753737225;THOR
BSS002DSBP;2016-10-17;3.08;46.82;4.98793567928035;43.9337753737225;THOR
BSS002DSBP;2016-10-18;3.15;46.75;4.98793567928035;43.9337753737225;THOR
BSS002DSBP;2016-10-19;3.14;46.76;4.98793567928035;43.9337753737225;THOR
BSS002DSBP;2016-10-20;3.12;46.78;4.98793567928035;43.9337753737225;THOR
BSS002DSBP;2016-10-21;3.11;46.79;4.98793567928035;43.9337753737225;THOR
BSS002DSBP;2016-10-22;3.01;46.89;4.98793567928035;43.9337753737225;THOR
BSS002DSBP;2016-10-23;3.09;46.81;4.98793567928035;43.9337753737225;THOR
BSS002DSBP;2016-10-24;3.08;46.82;4.98793567928035;43.9337753737225;THOR
BSS002DSBP;2016-10-25;3.08;46.82;4.98793567928035;43.9337753737225;THOR
BSS002DSBP;2016-10-26;3.07;46.83;4.98793567928035;43.9337753737225;THOR
BSS002DSBP;2016-10-27;3.07;46.83;4.98793567928035;43.9337753737225;THOR
BSS002DSBP;2016-10-28;2.97;46.93;4.98793567928035;43.9337753737225;THOR
BSS002DSBP;2016-10-29;2.95;46.95;4.98793567928035;43.9337753737225;THOR
BSS002DSBP;2016-10-30;2.94;46.96;4.98793567928035;43.9337753737225;THOR
BSS002DSBP;2016-10-31;2.94;46.96;4.98793567928035;43.9337753737225;THOR
BSS002DSBP;2016-11-01;3.02;46.88;4.98793567928035;43.9337753737225;THOR
BSS002DSBP;2016-11-02;3.01;46.89;4.98793567928035;43.9337753737225;THOR
BSS002DSBP;2016-11-03;3.0;46.9;4.98793567928035;43.9337753737225;THOR
BSS002DSBP;2016-11-04;2.99;46.91;4.98793567928035;43.9337753737225;THOR
BSS002DSBP;2016-11-05;2.84;47.06;4.98793567928035;43.9337753737225;THOR
BSS002DSBP;2016-11-06;2.85;47.05;4.98793567928035;43.9337753737225;THOR
BSS002DSBP;2016-11-07;2.86;47.04;4.98793567928035;43.9337753737225;THOR
BSS002DSBP;2016-11-08;2.85;47.05;4.98793567928035;43.9337753737225;THOR
BSS002DSBP;2016-11-09;2.84;47.06;4.98793567928035;43.9337753737225;THOR
BSS002DSBP;2016-11-10;2.84;47.06;4.98793567928035;43.9337753737225;THOR
BSS002DSBP;2016-11-11;2.83;47.07;4.98793567928035;43.9337753737225;THOR
BSS002DSBP;2016-11-12;2.82;47.08;4.98793567928035;43.9337753737225;THOR
BSS002DSBP;2016-11-13;2.82;47.08;4.98793567928035;43.9337753737225;THOR
BSS002DSBP;2016-11-14;2.81;47.09;4.98793567928035;43.9337753737225;THOR
BSS002DSBP;2016-11-15;2.81;47.09;4.98793567928035;43.9337753737225;THOR
BSS002DSBP;2016-11-16;2.79;47.11;4.98793567928035;43.9337753737225;THOR
BSS002DSBP;2016-11-17;2.78;47.12;4.98793567928035;43.9337753737225;THOR
BSS002DSBP;2016-11-18;2.77;47.13;4.98793567928035;43.9337753737225;THOR
BSS002DSBP;2016-11-19;2.76;47.14;4.98793567928035;43.9337753737225;THOR
BSS002DSBP;2016-11-20;2.75;47.15;4.98793567928035;43.9337753737225;THOR
BSS002DSBP;2016-11-21;2.65;47.25;4.98793567928035;43.9337753737225;THOR
BSS002DSBP;2016-11-22;2.5;47.4;4.98793567928035;43.9337753737225;THOR
BSS002DSBP;2016-11-23;2.53;47.37;4.98793567928035;43.9337753737225;THOR
BSS002DSBP;2016-11-24;2.35;47.55;4.98793567928035;43.9337753737225;THOR
BSS002DSBP;2016-11-25;2.25;47.65;4.98793567928035;43.9337753737225;THOR
BSS002DSBP;2016-11-26;2.23;47.67;4.98793567928035;43.9337753737225;THOR
BSS002DSBP;2016-11-27;2.21;47.69;4.98793567928035;43.9337753737225;THOR
BSS002DSBP;2016-11-28;2.2;47.7;4.98793567928035;43.9337753737225;THOR
BSS002DSBP;2016-11-29;2.2;47.7;4.98793567928035;43.9337753737225;THOR
BSS002DSBP;2016-11-30;2.19;47.71;4.98793567928035;43.9337753737225;THOR
BSS002DSBP;2016-12-01;2.17;47.73;4.98793567928035;43.9337753737225;THOR
BSS002DSBP;2016-12-02;2.16;47.74;4.98793567928035;43.9337753737225;THOR
BSS002DSBP;2016-12-03;2.16;47.74;4.98793567928035;43.9337753737225;THOR
BSS002DSBP;2016-12-04;2.16;47.74;4.98793567928035;43.9337753737225;THOR
BSS002DSBP;2016-12-05;2.16;47.74;4.98793567928035;43.9337753737225;THOR
BSS002DSBP;2016-12-06;2.16;47.74;4.98793567928035;43.9337753737225;THOR
BSS002DSBP;2016-12-07;2.16;47.74;4.98793567928035;43.9337753737225;THOR
BSS002DSBP;2016-12-08;2.16;47.74;4.98793567928035;43.9337753737225;THOR
BSS002DSBP;2016-12-09;2.15;47.75;4.98793567928035;43.9337753737225;THOR
BSS002DSBP;2016-12-10;2.15;47.75;4.98793567928035;43.9337753737225;THOR
BSS002DSBP;2016-12-11;2.14;47.76;4.98793567928035;43.9337753737225;THOR
BSS002DSBP;2016-12-12;2.14;47.76;4.98793567928035;43.9337753737225;THOR
BSS002DSBP;2016-12-13;2.15;47.75;4.98793567928035;43.9337753737225;THOR
BSS002DSBP;2016-12-14;2.15;47.75;4.98793567928035;43.9337753737225;THOR
BSS002DSBP;2016-12-15;2.15;47.75;4.98793567928035;43.9337753737225;THOR
BSS002DSBP;2016-12-16;2.15;47.75;4.98793567928035;43.9337753737225;THOR
BSS002DSBP;2016-12-17;2.16;47.74;4.98793567928035;43.9337753737225;THOR
BSS002DSBP;2016-12-18;2.15;47.75;4.98793567928035;43.9337753737225;THOR
BSS002DSBP;2016-12-19;2.14;47.76;4.98793567928035;43.9337753737225;THOR
BSS002DSBP;2016-12-20;2.12;47.78;4.98793567928035;43.9337753737225;THOR
BSS002DSBP;2016-12-21;2.12;47.78;4.98793567928035;43.9337753737225;THOR
BSS002DSBP;2016-12-22;2.11;47.79;4.98793567928035;43.9337753737225;THOR
BSS002DSBP;2016-12-23;2.11;47.79;4.98793567928035;43.9337753737225;THOR
BSS002DSBP;2016-12-24;2.1;47.8;4.98793567928035;43.9337753737225;THOR
BSS002DSBP;2016-12-25;2.1;47.8;4.98793567928035;43.9337753737225;THOR
BSS002DSBP;2016-12-26;2.1;47.8;4.98793567928035;43.9337753737225;THOR
BSS002DSBP;2016-12-27;2.1;47.8;4.98793567928035;43.9337753737225;THOR
BSS002DSBP;2016-12-28;2.09;47.81;4.98793567928035;43.9337753737225;THOR
BSS002DSBP;2016-12-29;2.09;47.81;4.98793567928035;43.9337753737225;THOR
BSS002DSBP;2016-12-30;2.09;47.81;4.98793567928035;43.9337753737225;THOR
BSS002DSBP;2016-12-31;2.09;47.81;4.98793567928035;43.9337753737225;THOR
BSS002DSBP;2017-01-01;2.09;47.81;4.98793567928035;43.9337753737225;THOR
BSS002DSBP;2017-01-02;2.09;47.81;4.98793567928035;43.9337753737225;THOR
BSS002DSBP;2017-01-03;2.09;47.81;4.98793567928035;43.9337753737225;THOR
BSS002DSBP;2017-01-04;2.09;47.81;4.98793567928035;43.9337753737225;THOR
BSS002DSBP;2017-01-05;2.09;47.81;4.98793567928035;43.9337753737225;THOR
BSS002DSBP;2017-01-06;2.1;47.8;4.98793567928035;43.9337753737225;THOR
BSS002DSBP;2017-01-07;2.1;47.8;4.98793567928035;43.9337753737225;THOR
BSS002DSBP;2017-01-08;2.09;47.81;4.98793567928035;43.9337753737225;THOR
BSS002DSBP;2017-01-09;2.09;47.81;4.98793567928035;43.9337753737225;THOR
BSS002DSBP;2017-01-10;2.09;47.81;4.98793567928035;43.9337753737225;THOR
BSS002DSBP;2017-01-11;2.09;47.81;4.98793567928035;43.9337753737225;THOR
BSS002DSBP;2017-01-12;2.09;47.81;4.98793567928035;43.9337753737225;THOR
BSS002DSBP;2017-01-13;2.09;47.81;4.98793567928035;43.9337753737225;THOR
BSS002DSBP;2017-01-14;2.1;47.8;4.98793567928035;43.9337753737225;THOR
BSS002DSBP;2017-01-15;2.1;47.8;4.98793567928035;43.9337753737225;THOR
BSS002DSBP;2017-01-16;2.1;47.8;4.98793567928035;43.9337753737225;THOR
BSS002DSBP;2017-01-17;2.1;47.8;4.98793567928035;43.9337753737225;THOR
BSS002DSBP;2017-01-18;2.11;47.79;4.98793567928035;43.9337753737225;THOR
BSS002DSBP;2017-01-19;2.11;47.79;4.98793567928035;43.9337753737225;THOR
BSS002DSBP;2017-01-20;2.11;47.79;4.98793567928035;43.9337753737225;THOR
BSS002DSBP;2017-01-21;2.11;47.79;4.98793567928035;43.9337753737225;THOR
BSS002DSBP;2017-01-22;2.11;47.79;4.98793567928035;43.9337753737225;THOR
BSS002DSBP;2017-01-23;2.11;47.79;4.98793567928035;43.9337753737225;THOR
BSS002DSBP;2017-01-24;2.11;47.79;4.98793567928035;43.9337753737225;THOR
BSS002DSBP;2017-01-25;2.11;47.79;4.98793567928035;43.9337753737225;THOR
BSS002DSBP;2017-01-26;2.03;47.87;4.98793567928035;43.9337753737225;THOR
BSS002DSBP;2017-01-27;2.01;47.89;4.98793567928035;43.9337753737225;THOR
BSS002DSBP;2017-01-28;2.0;47.9;4.98793567928035;43.9337753737225;THOR
BSS002DSBP;2017-01-29;1.99;47.91;4.98793567928035;43.9337753737225;THOR
BSS002DSBP;2017-01-30;1.98;47.92;4.98793567928035;43.9337753737225;THOR
BSS002DSBP;2017-01-31;1.98;47.92;4.98793567928035;43.9337753737225;THOR
BSS002DSBP;2017-02-01;1.98;47.92;4.98793567928035;43.9337753737225;THOR
BSS002DSBP;2017-02-02;1.98;47.92;4.98793567928035;43.9337753737225;THOR
BSS002DSBP;2017-02-03;1.95;47.95;4.98793567928035;43.9337753737225;THOR
BSS002DSBP;2017-02-04;1.93;47.97;4.98793567928035;43.9337753737225;THOR
BSS002DSBP;2017-02-05;1.89;48.01;4.98793567928035;43.9337753737225;THOR
BSS002DSBP;2017-02-06;1.88;48.02;4.98793567928035;43.9337753737225;THOR
BSS002DSBP;2017-02-07;1.87;48.03;4.98793567928035;43.9337753737225;THOR
BSS002DSBP;2017-02-08;1.87;48.03;4.98793567928035;43.9337753737225;THOR
BSS002DSBP;2017-02-09;1.87;48.03;4.98793567928035;43.9337753737225;THOR
BSS002DSBP;2017-02-10;1.87;48.03;4.98793567928035;43.9337753737225;THOR
BSS002DSBP;2017-02-11;1.88;48.02;4.98793567928035;43.9337753737225;THOR
BSS002DSBP;2017-02-12;1.88;48.02;4.98793567928035;43.9337753737225;THOR
BSS002DSBP;2017-02-13;1.88;48.02;4.98793567928035;43.9337753737225;THOR
BSS002DSBP;2017-02-14;1.89;48.01;4.98793567928035;43.9337753737225;THOR
BSS002DSBP;2017-02-15;1.9;48.0;4.98793567928035;43.9337753737225;THOR
BSS002DSBP;2017-02-16;1.91;47.99;4.98793567928035;43.9337753737225;THOR
BSS002DSBP;2017-02-17;1.9;48.0;4.98793567928035;43.9337753737225;THOR
BSS002DSBP;2017-02-18;1.9;48.0;4.98793567928035;43.9337753737225;THOR
BSS002DSBP;2017-02-19;1.91;47.99;4.98793567928035;43.9337753737225;THOR
BSS002DSBP;2017-02-20;1.92;47.98;4.98793567928035;43.9337753737225;THOR
BSS002DSBP;2017-02-21;1.92;47.98;4.98793567928035;43.9337753737225;THOR
BSS002DSBP;2017-02-22;1.92;47.98;4.98793567928035;43.9337753737225;THOR
BSS002DSBP;2017-02-23;1.93;47.97;4.98793567928035;43.9337753737225;THOR
BSS002DSBP;2017-02-24;1.93;47.97;4.98793567928035;43.9337753737225;THOR
BSS002DSBP;2017-02-25;1.94;47.96;4.98793567928035;43.9337753737225;THOR
BSS002DSBP;2017-02-26;1.94;47.96;4.98793567928035;43.9337753737225;THOR
BSS002DSBP;2017-02-27;1.94;47.96;4.98793567928035;43.9337753737225;THOR
BSS002DSBP;2017-02-28;1.94;47.96;4.98793567928035;43.9337753737225;THOR
BSS002DSBP;2017-03-01;1.94;47.96;4.98793567928035;43.9337753737225;THOR
BSS002DSBP;2017-03-02;1.94;47.96;4.98793567928035;43.9337753737225;THOR
BSS002DSBP;2017-03-03;1.94;47.96;4.98793567928035;43.9337753737225;THOR
BSS002DSBP;2017-03-04;1.92;47.98;4.98793567928035;43.9337753737225;THOR
BSS002DSBP;2017-03-05;1.92;47.98;4.98793567928035;43.9337753737225;THOR
BSS002DSBP;2017-03-06;1.92;47.98;4.98793567928035;43.9337753737225;THOR
BSS002DSBP;2017-03-07;1.92;47.98;4.98793567928035;43.9337753737225;THOR
BSS002DSBP;2017-03-08;1.93;47.97;4.98793567928035;43.9337753737225;THOR
BSS002DSBP;2017-03-09;1.93;47.97;4.98793567928035;43.9337753737225;THOR
BSS002DSBP;2017-03-10;1.93;47.97;4.98793567928035;43.9337753737225;THOR
BSS002DSBP;2017-03-11;1.94;47.96;4.98793567928035;43.9337753737225;THOR
BSS002DSBP;2017-03-12;1.94;47.96;4.98793567928035;43.9337753737225;THOR
BSS002DSBP;2017-03-13;1.95;47.95;4.98793567928035;43.9337753737225;THOR
BSS002DSBP;2017-03-14;1.96;47.94;4.98793567928035;43.9337753737225;THOR
BSS002DSBP;2017-03-15;1.97;47.93;4.98793567928035;43.9337753737225;THOR
BSS002DSBP;2017-03-16;1.97;47.93;4.98793567928035;43.9337753737225;THOR
BSS002DSBP;2017-03-17;1.98;47.92;4.98793567928035;43.9337753737225;THOR
BSS002DSBP;2017-03-18;1.98;47.92;4.98793567928035;43.9337753737225;THOR
BSS002DSBP;2017-03-19;1.98;47.92;4.98793567928035;43.9337753737225;THOR
BSS002DSBP;2017-03-20;1.99;47.91;4.98793567928035;43.9337753737225;THOR
BSS002DSBP;2017-03-21;2.0;47.9;4.98793567928035;43.9337753737225;THOR
BSS002DSBP;2017-03-22;2.0;47.9;4.98793567928035;43.9337753737225;THOR
BSS002DSBP;2017-03-23;1.97;47.93;4.98793567928035;43.9337753737225;THOR
BSS002DSBP;2017-03-24;1.9;48.0;4.98793567928035;43.9337753737225;THOR
BSS002DSBP;2017-03-25;1.8;48.1;4.98793567928035;43.9337753737225;THOR
BSS002DSBP;2017-03-26;1.79;48.11;4.98793567928035;43.9337753737225;THOR
BSS002DSBP;2017-03-27;1.79;48.11;4.98793567928035;43.9337753737225;THOR
BSS002DSBP;2017-03-28;1.79;48.11;4.98793567928035;43.9337753737225;THOR
BSS002DSBP;2017-03-29;1.8;48.1;4.98793567928035;43.9337753737225;THOR
BSS002DSBP;2017-03-30;1.82;48.08;4.98793567928035;43.9337753737225;THOR
BSS002DSBP;2017-03-31;1.82;48.08;4.98793567928035;43.9337753737225;THOR
BSS002DSBP;2017-04-01;1.73;48.17;4.98793567928035;43.9337753737225;THOR
BSS002DSBP;2017-04-02;1.72;48.18;4.98793567928035;43.9337753737225;THOR
BSS002DSBP;2017-04-03;1.72;48.18;4.98793567928035;43.9337753737225;THOR
BSS002DSBP;2017-04-04;1.71;48.19;4.98793567928035;43.9337753737225;THOR
BSS002DSBP;2017-04-05;1.72;48.18;4.98793567928035;43.9337753737225;THOR
BSS002DSBP;2017-04-06;1.75;48.15;4.98793567928035;43.9337753737225;THOR
BSS002DSBP;2017-04-07;1.76;48.14;4.98793567928035;43.9337753737225;THOR
BSS002DSBP;2017-04-08;1.77;48.13;4.98793567928035;43.9337753737225;THOR
BSS002DSBP;2017-04-09;1.79;48.11;4.98793567928035;43.9337753737225;THOR
BSS002DSBP;2017-04-10;1.79;48.11;4.98793567928035;43.9337753737225;THOR
BSS002DSBP;2017-04-11;1.78;48.12;4.98793567928035;43.9337753737225;THOR
BSS002DSBP;2017-04-12;1.81;48.09;4.98793567928035;43.9337753737225;THOR
BSS002DSBP;2017-04-13;1.82;48.08;4.98793567928035;43.9337753737225;THOR
BSS002DSBP;2017-04-14;1.84;48.06;4.98793567928035;43.9337753737225;THOR
BSS002DSBP;2017-04-15;1.85;48.05;4.98793567928035;43.9337753737225;THOR
BSS002DSBP;2017-04-16;1.86;48.04;4.98793567928035;43.9337753737225;THOR
BSS002DSBP;2017-04-17;1.88;48.02;4.98793567928035;43.9337753737225;THOR
BSS002DSBP;2017-04-18;1.89;48.01;4.98793567928035;43.9337753737225;THOR
BSS002DSBP;2017-04-19;1.9;48.0;4.98793567928035;43.9337753737225;THOR
BSS002DSBP;2017-04-20;1.92;47.98;4.98793567928035;43.9337753737225;THOR
BSS002DSBP;2017-04-21;1.92;47.98;4.98793567928035;43.9337753737225;THOR
BSS002DSBP;2017-04-22;1.93;47.97;4.98793567928035;43.9337753737225;THOR
BSS002DSBP;2017-04-23;1.94;47.96;4.98793567928035;43.9337753737225;THOR
BSS002DSBP;2017-04-24;1.95;47.95;4.98793567928035;43.9337753737225;THOR
BSS002DSBP;2017-04-25;1.96;47.94;4.98793567928035;43.9337753737225;THOR
BSS002DSBP;2017-04-26;1.9;48.0;4.98793567928035;43.9337753737225;THOR
BSS002DSBP;2017-04-27;1.9;48.0;4.98793567928035;43.9337753737225;THOR
BSS002DSBP;2017-04-28;1.9;48.0;4.98793567928035;43.9337753737225;THOR
BSS002DSBP;2017-04-29;1.91;47.99;4.98793567928035;43.9337753737225;THOR
BSS002DSBP;2017-04-30;1.92;47.98;4.98793567928035;43.9337753737225;THOR
BSS002DSBP;2017-05-01;1.85;48.05;4.98793567928035;43.9337753737225;THOR
BSS002DSBP;2017-05-02;1.82;48.08;4.98793567928035;43.9337753737225;THOR
BSS002DSBP;2017-05-03;1.81;48.09;4.98793567928035;43.9337753737225;THOR
BSS002DSBP;2017-05-04;1.81;48.09;4.98793567928035;43.9337753737225;THOR
BSS002DSBP;2017-05-05;1.82;48.08;4.98793567928035;43.9337753737225;THOR
BSS002DSBP;2017-05-06;1.82;48.08;4.98793567928035;43.9337753737225;THOR
BSS002DSBP;2017-05-07;1.81;48.09;4.98793567928035;43.9337753737225;THOR
BSS002DSBP;2017-05-08;1.82;48.08;4.98793567928035;43.9337753737225;THOR
BSS002DSBP;2017-05-09;1.83;48.07;4.98793567928035;43.9337753737225;THOR
BSS002DSBP;2017-05-10;1.84;48.06;4.98793567928035;43.9337753737225;THOR
BSS002DSBP;2017-05-11;1.84;48.06;4.98793567928035;43.9337753737225;THOR
BSS002DSBP;2017-05-12;1.85;48.05;4.98793567928035;43.9337753737225;THOR
BSS002DSBP;2017-05-13;1.8;48.1;4.98793567928035;43.9337753737225;THOR
BSS002DSBP;2017-05-14;1.78;48.12;4.98793567928035;43.9337753737225;THOR
BSS002DSBP;2017-05-15;1.83;48.07;4.98793567928035;43.9337753737225;THOR
BSS002DSBP;2017-05-16;1.86;48.04;4.98793567928035;43.9337753737225;THOR
BSS002DSBP;2017-05-17;1.86;48.04;4.98793567928035;43.9337753737225;THOR
BSS002DSBP;2017-05-18;1.89;48.01;4.98793567928035;43.9337753737225;THOR
BSS002DSBP;2017-05-19;1.9;48.0;4.98793567928035;43.9337753737225;THOR
BSS002DSBP;2017-05-20;1.91;47.99;4.98793567928035;43.9337753737225;THOR
BSS002DSBP;2017-05-21;1.92;47.98;4.98793567928035;43.9337753737225;THOR
BSS002DSBP;2017-05-22;1.92;47.98;4.98793567928035;43.9337753737225;THOR
BSS002DSBP;2017-05-23;1.94;47.96;4.98793567928035;43.9337753737225;THOR
BSS002DSBP;2017-05-24;1.95;47.95;4.98793567928035;43.9337753737225;THOR
BSS002DSBP;2017-05-25;1.96;47.94;4.98793567928035;43.9337753737225;THOR
BSS002DSBP;2017-05-26;1.98;47.92;4.98793567928035;43.9337753737225;THOR
BSS002DSBP;2017-05-27;2.0;47.9;4.98793567928035;43.9337753737225;THOR
BSS002DSBP;2017-05-28;2.01;47.89;4.98793567928035;43.9337753737225;THOR
BSS002DSBP;2017-05-29;2.03;47.87;4.98793567928035;43.9337753737225;THOR
BSS002DSBP;2017-05-30;2.04;47.86;4.98793567928035;43.9337753737225;THOR
BSS002DSBP;2017-05-31;2.06;47.84;4.98793567928035;43.9337753737225;THOR
BSS002DSBP;2017-06-01;2.07;47.83;4.98793567928035;43.9337753737225;THOR
BSS002DSBP;2017-06-02;2.08;47.82;4.98793567928035;43.9337753737225;THOR
BSS002DSBP;2017-06-03;2.08;47.82;4.98793567928035;43.9337753737225;THOR
BSS002DSBP;2017-06-04;2.09;47.81;4.98793567928035;43.9337753737225;THOR
BSS002DSBP;2017-06-05;2.1;47.8;4.98793567928035;43.9337753737225;THOR
BSS002DSBP;2017-06-06;2.12;47.78;4.98793567928035;43.9337753737225;THOR
BSS002DSBP;2017-06-07;2.13;47.77;4.98793567928035;43.9337753737225;THOR
BSS002DSBP;2017-06-08;2.14;47.76;4.98793567928035;43.9337753737225;THOR
BSS002DSBP;2017-06-09;2.16;47.74;4.98793567928035;43.9337753737225;THOR
BSS002DSBP;2017-06-10;2.17;47.73;4.98793567928035;43.9337753737225;THOR
BSS002DSBP;2017-06-11;2.19;47.71;4.98793567928035;43.9337753737225;THOR
BSS002DSBP;2017-06-12;2.2;47.7;4.98793567928035;43.9337753737225;THOR
BSS002DSBP;2017-06-13;2.22;47.68;4.98793567928035;43.9337753737225;THOR
BSS002DSBP;2017-06-14;2.24;47.66;4.98793567928035;43.9337753737225;THOR
BSS002DSBP;2017-06-15;2.25;47.65;4.98793567928035;43.9337753737225;THOR
BSS002DSBP;2017-06-16;2.26;47.64;4.98793567928035;43.9337753737225;THOR
BSS002DSBP;2017-06-17;2.28;47.62;4.98793567928035;43.9337753737225;THOR
BSS002DSBP;2017-06-18;2.3;47.6;4.98793567928035;43.9337753737225;THOR
BSS002DSBP;2017-06-19;2.32;47.58;4.98793567928035;43.9337753737225;THOR
BSS002DSBP;2017-06-20;2.33;47.57;4.98793567928035;43.9337753737225;THOR
BSS002DSBP;2017-06-21;2.34;47.56;4.98793567928035;43.9337753737225;THOR
BSS002DSBP;2017-06-22;2.36;47.54;4.98793567928035;43.9337753737225;THOR
BSS002DSBP;2017-06-23;2.38;47.52;4.98793567928035;43.9337753737225;THOR
BSS002DSBP;2017-06-24;2.39;47.51;4.98793567928035;43.9337753737225;THOR
BSS002DSBP;2017-06-25;2.41;47.49;4.98793567928035;43.9337753737225;THOR
BSS002DSBP;2017-06-26;2.42;47.48;4.98793567928035;43.9337753737225;THOR
BSS002DSBP;2017-06-27;2.43;47.47;4.98793567928035;43.9337753737225;THOR
BSS002DSBP;2017-06-28;2.43;47.47;4.98793567928035;43.9337753737225;THOR
BSS002DSBP;2017-06-29;2.43;47.47;4.98793567928035;43.9337753737225;THOR
BSS002DSBP;2017-06-30;2.44;47.46;4.98793567928035;43.9337753737225;THOR
BSS002DSBP;2017-07-01;2.45;47.45;4.98793567928035;43.9337753737225;THOR
BSS002DSBP;2017-07-02;2.46;47.44;4.98793567928035;43.9337753737225;THOR
BSS002DSBP;2017-07-03;2.47;47.43;4.98793567928035;43.9337753737225;THOR
BSS002DSBP;2017-07-04;2.46;47.44;4.98793567928035;43.9337753737225;THOR
BSS002DSBP;2017-07-05;2.48;47.42;4.98793567928035;43.9337753737225;THOR
BSS002DSBP;2017-07-06;2.5;47.4;4.98793567928035;43.9337753737225;THOR
BSS002DSBP;2017-07-07;2.51;47.39;4.98793567928035;43.9337753737225;THOR
BSS002DSBP;2017-07-08;2.51;47.39;4.98793567928035;43.9337753737225;THOR
BSS002DSBP;2017-07-09;2.52;47.38;4.98793567928035;43.9337753737225;THOR
BSS002DSBP;2017-07-10;2.53;47.37;4.98793567928035;43.9337753737225;THOR
BSS002DSBP;2017-07-11;2.55;47.35;4.98793567928035;43.9337753737225;THOR
BSS002DSBP;2017-07-12;2.52;47.38;4.98793567928035;43.9337753737225;THOR
BSS002DSBP;2017-07-13;2.55;47.35;4.98793567928035;43.9337753737225;THOR
BSS002DSBP;2017-07-14;2.59;47.31;4.98793567928035;43.9337753737225;THOR
BSS002DSBP;2017-07-15;2.6;47.3;4.98793567928035;43.9337753737225;THOR
BSS002DSBP;2017-07-16;2.62;47.28;4.98793567928035;43.9337753737225;THOR
BSS002DSBP;2017-07-17;2.63;47.27;4.98793567928035;43.9337753737225;THOR
BSS002DSBP;2017-07-18;2.62;47.28;4.98793567928035;43.9337753737225;THOR
BSS002DSBP;2017-07-19;2.63;47.27;4.98793567928035;43.9337753737225;THOR
BSS002DSBP;2017-07-20;2.65;47.25;4.98793567928035;43.9337753737225;THOR
BSS002DSBP;2017-07-21;2.6;47.3;4.98793567928035;43.9337753737225;THOR
BSS002DSBP;2017-07-22;2.61;47.29;4.98793567928035;43.9337753737225;THOR
BSS002DSBP;2017-07-23;2.61;47.29;4.98793567928035;43.9337753737225;THOR
BSS002DSBP;2017-07-24;2.63;47.27;4.98793567928035;43.9337753737225;THOR
BSS002DSBP;2017-07-25;2.64;47.26;4.98793567928035;43.9337753737225;THOR
BSS002DSBP;2017-07-26;2.67;47.23;4.98793567928035;43.9337753737225;THOR
BSS002DSBP;2017-07-27;2.68;47.22;4.98793567928035;43.9337753737225;THOR
BSS002DSBP;2017-07-28;2.7;47.2;4.98793567928035;43.9337753737225;THOR
BSS002DSBP;2017-07-29;2.72;47.18;4.98793567928035;43.9337753737225;THOR
BSS002DSBP;2017-07-30;2.74;47.16;4.98793567928035;43.9337753737225;THOR
BSS002DSBP;2017-07-31;2.75;47.15;4.98793567928035;43.9337753737225;THOR
BSS002DSBP;2017-08-01;2.77;47.13;4.98793567928035;43.9337753737225;THOR
BSS002DSBP;2017-08-02;2.78;47.12;4.98793567928035;43.9337753737225;THOR
BSS002DSBP;2017-08-03;2.8;47.1;4.98793567928035;43.9337753737225;THOR
BSS002DSBP;2017-08-04;2.8;47.1;4.98793567928035;43.9337753737225;THOR
BSS002DSBP;2017-08-05;2.82;47.08;4.98793567928035;43.9337753737225;THOR
BSS002DSBP;2017-08-06;2.84;47.06;4.98793567928035;43.9337753737225;THOR
BSS002DSBP;2017-08-07;2.86;47.04;4.98793567928035;43.9337753737225;THOR
BSS002DSBP;2017-08-08;2.87;47.03;4.98793567928035;43.9337753737225;THOR
BSS002DSBP;2017-08-09;2.88;47.02;4.98793567928035;43.9337753737225;THOR
BSS002DSBP;2017-08-10;2.89;47.01;4.98793567928035;43.9337753737225;THOR
BSS002DSBP;2017-08-11;2.9;47.0;4.98793567928035;43.9337753737225;THOR
BSS002DSBP;2017-08-12;2.91;46.99;4.98793567928035;43.9337753737225;THOR
BSS002DSBP;2017-08-13;2.92;46.98;4.98793567928035;43.9337753737225;THOR
BSS002DSBP;2017-08-14;2.94;46.96;4.98793567928035;43.9337753737225;THOR
BSS002DSBP;2017-08-15;2.95;46.95;4.98793567928035;43.9337753737225;THOR
BSS002DSBP;2017-08-16;2.96;46.94;4.98793567928035;43.9337753737225;THOR
BSS002DSBP;2017-08-17;2.97;46.93;4.98793567928035;43.9337753737225;THOR
BSS002DSBP;2017-08-18;2.98;46.92;4.98793567928035;43.9337753737225;THOR
BSS002DSBP;2017-08-19;2.99;46.91;4.98793567928035;43.9337753737225;THOR
BSS002DSBP;2017-08-20;3.01;46.89;4.98793567928035;43.9337753737225;THOR
BSS002DSBP;2017-08-21;3.02;46.88;4.98793567928035;43.9337753737225;THOR
BSS002DSBP;2017-08-22;3.04;46.86;4.98793567928035;43.9337753737225;THOR
BSS002DSBP;2017-08-23;3.04;46.86;4.98793567928035;43.9337753737225;THOR
BSS002DSBP;2017-08-24;3.05;46.85;4.98793567928035;43.9337753737225;THOR
BSS002DSBP;2017-08-25;3.06;46.84;4.98793567928035;43.9337753737225;THOR
BSS002DSBP;2017-08-26;3.07;46.83;4.98793567928035;43.9337753737225;THOR
BSS002DSBP;2017-08-27;3.08;46.82;4.98793567928035;43.9337753737225;THOR
BSS002DSBP;2017-08-28;3.09;46.81;4.98793567928035;43.9337753737225;THOR
BSS002DSBP;2017-08-29;3.11;46.79;4.98793567928035;43.9337753737225;THOR
BSS002DSBP;2017-08-30;3.12;46.78;4.98793567928035;43.9337753737225;THOR
BSS002DSBP;2017-08-31;3.14;46.76;4.98793567928035;43.9337753737225;THOR
BSS002DSBP;2017-09-01;3.15;46.75;4.98793567928035;43.9337753737225;THOR
BSS002DSBP;2017-09-02;3.16;46.74;4.98793567928035;43.9337753737225;THOR
BSS002DSBP;2017-09-03;3.17;46.73;4.98793567928035;43.9337753737225;THOR
BSS002DSBP;2017-09-04;3.19;46.71;4.98793567928035;43.9337753737225;THOR
BSS002DSBP;2017-09-05;3.2;46.7;4.98793567928035;43.9337753737225;THOR
BSS002DSBP;2017-09-06;3.21;46.69;4.98793567928035;43.9337753737225;THOR
BSS002DSBP;2017-09-07;3.23;46.67;4.98793567928035;43.9337753737225;THOR
BSS002DSBP;2017-09-08;3.23;46.67;4.98793567928035;43.9337753737225;THOR
BSS002DSBP;2017-09-09;3.24;46.66;4.98793567928035;43.9337753737225;THOR
BSS002DSBP;2017-09-10;3.25;46.65;4.98793567928035;43.9337753737225;THOR
BSS002DSBP;2017-09-11;3.26;46.64;4.98793567928035;43.9337753737225;THOR
BSS002DSBP;2017-09-12;3.26;46.64;4.98793567928035;43.9337753737225;THOR
BSS002DSBP;2017-09-13;3.27;46.63;4.98793567928035;43.9337753737225;THOR
BSS002DSBP;2017-09-14;3.29;46.61;4.98793567928035;43.9337753737225;THOR
BSS002DSBP;2017-09-15;3.29;46.61;4.98793567928035;43.9337753737225;THOR
BSS002DSBP;2017-09-16;3.3;46.6;4.98793567928035;43.9337753737225;THOR
BSS002DSBP;2017-09-17;3.3;46.6;4.98793567928035;43.9337753737225;THOR
BSS002DSBP;2017-09-18;3.31;46.59;4.98793567928035;43.9337753737225;THOR
BSS002DSBP;2017-09-19;3.31;46.59;4.98793567928035;43.9337753737225;THOR
BSS002DSBP;2017-09-20;3.31;46.59;4.98793567928035;43.9337753737225;THOR
BSS002DSBP;2017-09-21;3.32;46.58;4.98793567928035;43.9337753737225;THOR
BSS002DSBP;2017-09-22;3.33;46.57;4.98793567928035;43.9337753737225;THOR
BSS002DSBP;2017-09-23;3.34;46.56;4.98793567928035;43.9337753737225;THOR
BSS002DSBP;2017-09-24;3.34;46.56;4.98793567928035;43.9337753737225;THOR
BSS002DSBP;2017-09-25;3.34;46.56;4.98793567928035;43.9337753737225;THOR
BSS002DSBP;2017-09-26;3.34;46.56;4.98793567928035;43.9337753737225;THOR
BSS002DSBP;2017-09-27;3.34;46.56;4.98793567928035;43.9337753737225;THOR
BSS002DSBP;2017-09-28;3.35;46.55;4.98793567928035;43.9337753737225;THOR
BSS002DSBP;2017-09-29;3.35;46.55;4.98793567928035;43.9337753737225;THOR
BSS002DSBP;2017-09-30;3.35;46.55;4.98793567928035;43.9337753737225;THOR
BSS002DSBP;2017-10-01;3.35;46.55;4.98793567928035;43.9337753737225;THOR
BSS002DSBP;2017-10-02;3.36;46.54;4.98793567928035;43.9337753737225;THOR
BSS002DSBP;2017-10-03;3.37;46.53;4.98793567928035;43.9337753737225;THOR
BSS002DSBP;2017-10-04;3.37;46.53;4.98793567928035;43.9337753737225;THOR
BSS002DSBP;2017-10-05;3.37;46.53;4.98793567928035;43.9337753737225;THOR
BSS002DSBP;2017-10-06;3.38;46.52;4.98793567928035;43.9337753737225;THOR
BSS002DSBP;2017-10-07;3.38;46.52;4.98793567928035;43.9337753737225;THOR
BSS002DSBP;2017-10-08;3.38;46.52;4.98793567928035;43.9337753737225;THOR
BSS002DSBP;2017-10-09;3.38;46.52;4.98793567928035;43.9337753737225;THOR
BSS002DSBP;2017-10-10;3.39;46.51;4.98793567928035;43.9337753737225;THOR
BSS002DSBP;2017-10-11;3.39;46.51;4.98793567928035;43.9337753737225;THOR
BSS002DSBP;2017-10-12;3.39;46.51;4.98793567928035;43.9337753737225;THOR
BSS002DSBP;2017-10-13;3.39;46.51;4.98793567928035;43.9337753737225;THOR
BSS002DSBP;2017-10-14;3.39;46.51;4.98793567928035;43.9337753737225;THOR
BSS002DSBP;2017-10-15;3.39;46.51;4.98793567928035;43.9337753737225;THOR
BSS002DSBP;2017-10-16;3.39;46.51;4.98793567928035;43.9337753737225;THOR
BSS002DSBP;2017-10-17;3.38;46.52;4.98793567928035;43.9337753737225;THOR
BSS002DSBP;2017-10-18;3.38;46.52;4.98793567928035;43.9337753737225;THOR
BSS002DSBP;2017-10-19;3.38;46.52;4.98793567928035;43.9337753737225;THOR
BSS002DSBP;2017-10-20;3.38;46.52;4.98793567928035;43.9337753737225;THOR
BSS002DSBP;2017-10-21;3.38;46.52;4.98793567928035;43.9337753737225;THOR
BSS002DSBP;2017-10-22;3.38;46.52;4.98793567928035;43.9337753737225;THOR
BSS002DSBP;2017-10-23;3.38;46.52;4.98793567928035;43.9337753737225;THOR
BSS002DSBP;2017-10-24;3.38;46.52;4.98793567928035;43.9337753737225;THOR
BSS002DSBP;2017-10-25;3.38;46.52;4.98793567928035;43.9337753737225;THOR
BSS002DSBP;2017-10-26;3.39;46.51;4.98793567928035;43.9337753737225;THOR
BSS002DSBP;2017-10-27;3.38;46.52;4.98793567928035;43.9337753737225;THOR
BSS002DSBP;2017-10-28;3.38;46.52;4.98793567928035;43.9337753737225;THOR
BSS002DSBP;2017-10-29;3.37;46.53;4.98793567928035;43.9337753737225;THOR
BSS002DSBP;2017-10-30;3.36;46.54;4.98793567928035;43.9337753737225;THOR
BSS002DSBP;2017-10-31;3.36;46.54;4.98793567928035;43.9337753737225;THOR
BSS002DSBP;2017-11-01;3.36;46.54;4.98793567928035;43.9337753737225;THOR
BSS002DSBP;2017-11-02;3.35;46.55;4.98793567928035;43.9337753737225;THOR
BSS002DSBP;2017-11-03;3.34;46.56;4.98793567928035;43.9337753737225;THOR
BSS002DSBP;2017-11-04;3.33;46.57;4.98793567928035;43.9337753737225;THOR
BSS002DSBP;2017-11-05;3.14;46.76;4.98793567928035;43.9337753737225;THOR
BSS002DSBP;2017-11-06;3.14;46.76;4.98793567928035;43.9337753737225;THOR
BSS002DSBP;2017-11-07;3.15;46.75;4.98793567928035;43.9337753737225;THOR
BSS002DSBP;2017-11-08;3.14;46.76;4.98793567928035;43.9337753737225;THOR
BSS002DSBP;2017-11-09;3.13;46.77;4.98793567928035;43.9337753737225;THOR
BSS002DSBP;2017-11-10;3.12;46.78;4.98793567928035;43.9337753737225;THOR
BSS002DSBP;2017-11-11;3.1;46.8;4.98793567928035;43.9337753737225;THOR
BSS002DSBP;2017-11-12;3.08;46.82;4.98793567928035;43.9337753737225;THOR
BSS002DSBP;2017-11-13;3.07;46.83;4.98793567928035;43.9337753737225;THOR
BSS002DSBP;2017-11-14;3.06;46.84;4.98793567928035;43.9337753737225;THOR
BSS002DSBP;2017-11-15;3.05;46.85;4.98793567928035;43.9337753737225;THOR
BSS002DSBP;2017-11-16;3.04;46.86;4.98793567928035;43.9337753737225;THOR
BSS002DSBP;2017-11-17;3.03;46.87;4.98793567928035;43.9337753737225;THOR
BSS002DSBP;2017-11-18;3.03;46.87;4.98793567928035;43.9337753737225;THOR
BSS002DSBP;2017-11-19;3.02;46.88;4.98793567928035;43.9337753737225;THOR
BSS002DSBP;2017-11-20;3.01;46.89;4.98793567928035;43.9337753737225;THOR
BSS002DSBP;2017-11-21;3.0;46.9;4.98793567928035;43.9337753737225;THOR
BSS002DSBP;2017-11-22;2.99;46.91;4.98793567928035;43.9337753737225;THOR
BSS002DSBP;2017-11-23;2.98;46.92;4.98793567928035;43.9337753737225;THOR
BSS002DSBP;2017-11-24;2.97;46.93;4.98793567928035;43.9337753737225;THOR
BSS002DSBP;2017-11-25;2.96;46.94;4.98793567928035;43.9337753737225;THOR
BSS002DSBP;2017-11-26;2.96;46.94;4.98793567928035;43.9337753737225;THOR
BSS002DSBP;2017-11-27;2.95;46.95;4.98793567928035;43.9337753737225;THOR
BSS002DSBP;2017-11-28;2.93;46.97;4.98793567928035;43.9337753737225;THOR
BSS002DSBP;2017-11-29;2.92;46.98;4.98793567928035;43.9337753737225;THOR
BSS002DSBP;2017-11-30;2.92;46.98;4.98793567928035;43.9337753737225;THOR
BSS002DSBP;2017-12-01;2.91;46.99;4.98793567928035;43.9337753737225;THOR
BSS002DSBP;2017-12-02;2.9;47.0;4.98793567928035;43.9337753737225;THOR
BSS002DSBP;2017-12-03;2.91;46.99;4.98793567928035;43.9337753737225;THOR
BSS002DSBP;2017-12-04;2.91;46.99;4.98793567928035;43.9337753737225;THOR
BSS002DSBP;2017-12-05;2.9;47.0;4.98793567928035;43.9337753737225;THOR
BSS002DSBP;2017-12-06;2.89;47.01;4.98793567928035;43.9337753737225;THOR
BSS002DSBP;2017-12-07;2.88;47.02;4.98793567928035;43.9337753737225;THOR
BSS002DSBP;2017-12-08;2.86;47.04;4.98793567928035;43.9337753737225;THOR
BSS002DSBP;2017-12-09;2.86;47.04;4.98793567928035;43.9337753737225;THOR
BSS002DSBP;2017-12-10;2.81;47.09;4.98793567928035;43.9337753737225;THOR
BSS002DSBP;2017-12-11;2.81;47.09;4.98793567928035;43.9337753737225;THOR
BSS002DSBP;2017-12-12;2.82;47.08;4.98793567928035;43.9337753737225;THOR
BSS002DSBP;2017-12-13;2.83;47.07;4.98793567928035;43.9337753737225;THOR
BSS002DSBP;2017-12-14;2.81;47.09;4.98793567928035;43.9337753737225;THOR
BSS002DSBP;2017-12-15;2.8;47.1;4.98793567928035;43.9337753737225;THOR
BSS002DSBP;2017-12-16;2.8;47.1;4.98793567928035;43.9337753737225;THOR
BSS002DSBP;2017-12-17;2.82;47.08;4.98793567928035;43.9337753737225;THOR
BSS002DSBP;2017-12-18;2.8;47.1;4.98793567928035;43.9337753737225;THOR
BSS002DSBP;2017-12-19;2.81;47.09;4.98793567928035;43.9337753737225;THOR
BSS002DSBP;2017-12-20;2.81;47.09;4.98793567928035;43.9337753737225;THOR
BSS002DSBP;2017-12-21;2.8;47.1;4.98793567928035;43.9337753737225;THOR
BSS002DSBP;2017-12-22;2.79;47.11;4.98793567928035;43.9337753737225;THOR
BSS002DSBP;2017-12-23;2.79;47.11;4.98793567928035;43.9337753737225;THOR
BSS002DSBP;2017-12-24;2.78;47.12;4.98793567928035;43.9337753737225;THOR
BSS002DSBP;2017-12-25;2.77;47.13;4.98793567928035;43.9337753737225;THOR
BSS002DSBP;2017-12-26;2.74;47.16;4.98793567928035;43.9337753737225;THOR
BSS002DSBP;2017-12-27;2.73;47.17;4.98793567928035;43.9337753737225;THOR
BSS002DSBP;2017-12-28;2.74;47.16;4.98793567928035;43.9337753737225;THOR
BSS002DSBP;2017-12-29;2.75;47.15;4.98793567928035;43.9337753737225;THOR
BSS002DSBP;2017-12-30;2.73;47.17;4.98793567928035;43.9337753737225;THOR
BSS002DSBP;2017-12-31;2.72;47.18;4.98793567928035;43.9337753737225;THOR
BSS002DSBP;2018-01-01;2.72;47.18;4.98793567928035;43.9337753737225;THOR
BSS002DSBP;2018-01-02;2.72;47.18;4.98793567928035;43.9337753737225;THOR
BSS002DSBP;2018-01-03;2.71;47.19;4.98793567928035;43.9337753737225;THOR
BSS002DSBP;2018-01-04;2.7;47.2;4.98793567928035;43.9337753737225;THOR
BSS002DSBP;2018-01-05;2.69;47.21;4.98793567928035;43.9337753737225;THOR
BSS002DSBP;2018-01-06;2.69;47.21;4.98793567928035;43.9337753737225;THOR
BSS002DSBP;2018-01-07;2.69;47.21;4.98793567928035;43.9337753737225;THOR
BSS002DSBP;2018-01-08;2.56;47.34;4.98793567928035;43.9337753737225;THOR
BSS002DSBP;2018-01-09;2.55;47.35;4.98793567928035;43.9337753737225;THOR
BSS002DSBP;2018-01-10;2.56;47.34;4.98793567928035;43.9337753737225;THOR
BSS002DSBP;2018-01-11;2.54;47.36;4.98793567928035;43.9337753737225;THOR
BSS002DSBP;2018-01-12;2.54;47.36;4.98793567928035;43.9337753737225;THOR
BSS002DSBP;2018-01-13;2.52;47.38;4.98793567928035;43.9337753737225;THOR
BSS002DSBP;2018-01-14;2.52;47.38;4.98793567928035;43.9337753737225;THOR
BSS002DSBP;2018-01-15;2.51;47.39;4.98793567928035;43.9337753737225;THOR
BSS002DSBP;2018-01-16;2.5;47.4;4.98793567928035;43.9337753737225;THOR
BSS002DSBP;2018-01-17;2.49;47.41;4.98793567928035;43.9337753737225;THOR
BSS002DSBP;2018-01-18;2.49;47.41;4.98793567928035;43.9337753737225;THOR
BSS002DSBP;2018-01-19;2.48;47.42;4.98793567928035;43.9337753737225;THOR
BSS002DSBP;2018-01-20;2.47;47.43;4.98793567928035;43.9337753737225;THOR
BSS002DSBP;2018-01-21;2.47;47.43;4.98793567928035;43.9337753737225;THOR
BSS002DSBP;2018-01-22;2.47;47.43;4.98793567928035;43.9337753737225;THOR
BSS002DSBP;2018-01-23;2.48;47.42;4.98793567928035;43.9337753737225;THOR
BSS002DSBP;2018-01-24;2.47;47.43;4.98793567928035;43.9337753737225;THOR
BSS002DSBP;2018-01-25;2.46;47.44;4.98793567928035;43.9337753737225;THOR
BSS002DSBP;2018-01-26;2.17;47.73;4.98793567928035;43.9337753737225;THOR
BSS002DSBP;2018-01-27;2.11;47.79;4.98793567928035;43.9337753737225;THOR
BSS002DSBP;2018-01-28;2.12;47.78;4.98793567928035;43.9337753737225;THOR
BSS002DSBP;2018-01-29;2.11;47.79;4.98793567928035;43.9337753737225;THOR
BSS002DSBP;2018-01-30;2.1;47.8;4.98793567928035;43.9337753737225;THOR
BSS002DSBP;2018-01-31;2.09;47.81;4.98793567928035;43.9337753737225;THOR
BSS002DSBP;2018-02-01;2.08;47.82;4.98793567928035;43.9337753737225;THOR
BSS002DSBP;2018-02-02;2.08;47.82;4.98793567928035;43.9337753737225;THOR
BSS002DSBP;2018-02-03;2.08;47.82;4.98793567928035;43.9337753737225;THOR
BSS002DSBP;2018-02-04;2.08;47.82;4.98793567928035;43.9337753737225;THOR
BSS002DSBP;2018-02-05;2.07;47.83;4.98793567928035;43.9337753737225;THOR
BSS002DSBP;2018-02-06;2.07;47.83;4.98793567928035;43.9337753737225;THOR
BSS002DSBP;2018-02-07;2.07;47.83;4.98793567928035;43.9337753737225;THOR
BSS002DSBP;2018-02-08;2.07;47.83;4.98793567928035;43.9337753737225;THOR
BSS002DSBP;2018-02-09;2.06;47.84;4.98793567928035;43.9337753737225;THOR
BSS002DSBP;2018-02-10;2.06;47.84;4.98793567928035;43.9337753737225;THOR
BSS002DSBP;2018-02-11;2.06;47.84;4.98793567928035;43.9337753737225;THOR
BSS002DSBP;2018-02-12;2.07;47.83;4.98793567928035;43.9337753737225;THOR
BSS002DSBP;2018-02-13;2.07;47.83;4.98793567928035;43.9337753737225;THOR
BSS002DSBP;2018-02-14;2.07;47.83;4.98793567928035;43.9337753737225;THOR
BSS002DSBP;2018-02-15;2.08;47.82;4.98793567928035;43.9337753737225;THOR
BSS002DSBP;2018-02-16;2.08;47.82;4.98793567928035;43.9337753737225;THOR
BSS002DSBP;2018-02-17;2.08;47.82;4.98793567928035;43.9337753737225;THOR
BSS002DSBP;2018-02-18;2.08;47.82;4.98793567928035;43.9337753737225;THOR
BSS002DSBP;2018-02-19;2.08;47.82;4.98793567928035;43.9337753737225;THOR
BSS002DSBP;2018-02-20;2.08;47.82;4.98793567928035;43.9337753737225;THOR
BSS002DSBP;2018-02-21;2.08;47.82;4.98793567928035;43.9337753737225;THOR
BSS002DSBP;2018-02-22;2.08;47.82;4.98793567928035;43.9337753737225;THOR
BSS002DSBP;2018-02-23;2.09;47.81;4.98793567928035;43.9337753737225;THOR
BSS002DSBP;2018-02-24;2.09;47.81;4.98793567928035;43.9337753737225;THOR
BSS002DSBP;2018-02-25;2.09;47.81;4.98793567928035;43.9337753737225;THOR
BSS002DSBP;2018-02-26;2.1;47.8;4.98793567928035;43.9337753737225;THOR
BSS002DSBP;2018-02-27;2.1;47.8;4.98793567928035;43.9337753737225;THOR
BSS002DSBP;2018-02-28;2.1;47.8;4.98793567928035;43.9337753737225;THOR
BSS002DSBP;2018-03-01;2.09;47.81;4.98793567928035;43.9337753737225;THOR
BSS002DSBP;2018-03-02;2.06;47.84;4.98793567928035;43.9337753737225;THOR
BSS002DSBP;2018-03-03;2.05;47.85;4.98793567928035;43.9337753737225;THOR
BSS002DSBP;2018-03-04;2.04;47.86;4.98793567928035;43.9337753737225;THOR
BSS002DSBP;2018-03-05;2.01;47.89;4.98793567928035;43.9337753737225;THOR
BSS002DSBP;2018-03-06;1.99;47.91;4.98793567928035;43.9337753737225;THOR
BSS002DSBP;2018-03-07;1.98;47.92;4.98793567928035;43.9337753737225;THOR
BSS002DSBP;2018-03-08;1.97;47.93;4.98793567928035;43.9337753737225;THOR
BSS002DSBP;2018-03-09;1.97;47.93;4.98793567928035;43.9337753737225;THOR
BSS002DSBP;2018-03-10;1.97;47.93;4.98793567928035;43.9337753737225;THOR
BSS002DSBP;2018-03-11;1.96;47.94;4.98793567928035;43.9337753737225;THOR
BSS002DSBP;2018-03-12;1.97;47.93;4.98793567928035;43.9337753737225;THOR
BSS002DSBP;2018-03-13;1.97;47.93;4.98793567928035;43.9337753737225;THOR
BSS002DSBP;2018-03-14;1.97;47.93;4.98793567928035;43.9337753737225;THOR
BSS002DSBP;2018-03-15;1.95;47.95;4.98793567928035;43.9337753737225;THOR
BSS002DSBP;2018-03-16;1.94;47.96;4.98793567928035;43.9337753737225;THOR
BSS002DSBP;2018-03-17;1.89;48.01;4.98793567928035;43.9337753737225;THOR
BSS002DSBP;2018-03-18;;;4.98793567928035;43.9337753737225;
BSS002DSBP;2018-03-19;;;4.98793567928035;43.9337753737225;
BSS002DSBP;2018-03-20;;;4.98793567928035;43.9337753737225;
BSS002DSBP;2018-03-21;;;4.98793567928035;43.9337753737225;
BSS002DSBP;2018-03-22;;;4.98793567928035;43.9337753737225;
BSS002DSBP;2018-03-23;;;4.98793567928035;43.9337753737225;
BSS002DSBP;2018-03-24;1.89;48.01;4.98793567928035;43.9337753737225;THOR
BSS002DSBP;2018-03-25;1.91;47.99;4.98793567928035;43.9337753737225;THOR
BSS002DSBP;2018-03-26;1.91;47.99;4.98793567928035;43.9337753737225;THOR
BSS002DSBP;2018-03-27;1.93;47.97;4.98793567928035;43.9337753737225;THOR
BSS002DSBP;2018-03-28;1.93;47.97;4.98793567928035;43.9337753737225;THOR
BSS002DSBP;2018-03-29;1.93;47.97;4.98793567928035;43.9337753737225;THOR
BSS002DSBP;2018-03-30;1.89;48.01;4.98793567928035;43.9337753737225;THOR
BSS002DSBP;2018-03-31;1.88;48.02;4.98793567928035;43.9337753737225;THOR
BSS002DSBP;2018-04-01;;;4.98793567928035;43.9337753737225;
BSS002DSBP;2018-04-02;;;4.98793567928035;43.9337753737225;
BSS002DSBP;2018-04-03;;;4.98793567928035;43.9337753737225;
BSS002DSBP;2018-04-04;;;4.98793567928035;43.9337753737225;
BSS002DSBP;2018-04-05;;;4.98793567928035;43.9337753737225;
BSS002DSBP;2018-04-06;;;4.98793567928035;43.9337753737225;
BSS002DSBP;2018-04-07;;;4.98793567928035;43.9337753737225;
BSS002DSBP;2018-04-08;;;4.98793567928035;43.9337753737225;
BSS002DSBP;2018-04-09;1.93;47.97;4.98793567928035;43.9337753737225;THOR
BSS002DSBP;2018-04-10;1.87;48.03;4.98793567928035;43.9337753737225;THOR
BSS002DSBP;2018-04-11;1.7;48.2;4.98793567928035;43.9337753737225;THOR
BSS002DSBP;2018-04-12;1.64;48.26;4.98793567928035;43.9337753737225;THOR
BSS002DSBP;2018-04-13;1.64;48.26;4.98793567928035;43.9337753737225;THOR
BSS002DSBP;2018-04-14;1.66;48.24;4.98793567928035;43.9337753737225;THOR
BSS002DSBP;2018-04-15;;;4.98793567928035;43.9337753737225;
BSS002DSBP;2018-04-16;;;4.98793567928035;43.9337753737225;
BSS002DSBP;2018-04-17;;;4.98793567928035;43.9337753737225;
BSS002DSBP;2018-04-18;;;4.98793567928035;43.9337753737225;
BSS002DSBP;2018-04-19;;;4.98793567928035;43.9337753737225;
BSS002DSBP;2018-04-20;;;4.98793567928035;43.9337753737225;
BSS002DSBP;2018-04-21;;;4.98793567928035;43.9337753737225;
BSS002DSBP;2018-04-22;;;4.98793567928035;43.9337753737225;
BSS002DSBP;2018-04-23;;;4.98793567928035;43.9337753737225;
BSS002DSBP;2018-04-24;;;4.98793567928035;43.9337753737225;
BSS002DSBP;2018-04-25;;;4.98793567928035;43.9337753737225;
BSS002DSBP;2018-04-26;;;4.98793567928035;43.9337753737225;
BSS002DSBP;2018-04-27;;;4.98793567928035;43.9337753737225;
BSS002DSBP;2018-04-28;;;4.98793567928035;43.9337753737225;
BSS002DSBP;2018-04-29;;;4.98793567928035;43.9337753737225;
BSS002DSBP;2018-04-30;;;4.98793567928035;43.9337753737225;
BSS002DSBP;2018-05-01;;;4.98793567928035;43.9337753737225;
BSS002DSBP;2018-05-02;;;4.98793567928035;43.9337753737225;
BSS002DSBP;2018-05-03;;;4.98793567928035;43.9337753737225;
BSS002DSBP;2018-05-04;;;4.98793567928035;43.9337753737225;
BSS002DSBP;2018-05-05;;;4.98793567928035;43.9337753737225;
BSS002DSBP;2018-05-06;;;4.98793567928035;43.9337753737225;
BSS002DSBP;2018-05-07;;;4.98793567928035;43.9337753737225;
BSS002DSBP;2018-05-08;;;4.98793567928035;43.9337753737225;
BSS002DSBP;2018-05-09;;;4.98793567928035;43.9337753737225;
BSS002DSBP;2018-05-10;;;4.98793567928035;43.9337753737225;
BSS002DSBP;2018-05-11;;;4.98793567928035;43.9337753737225;
BSS002DSBP;2018-05-12;;;4.98793567928035;43.9337753737225;
BSS002DSBP;2018-05-13;;;4.98793567928035;43.9337753737225;
BSS002DSBP;2018-05-14;;;4.98793567928035;43.9337753737225;
BSS002DSBP;2018-05-15;;;4.98793567928035;43.9337753737225;
BSS002DSBP;2018-05-16;;;4.98793567928035;43.9337753737225;
BSS002DSBP;2018-05-17;;;4.98793567928035;43.9337753737225;
BSS002DSBP;2018-05-18;;;4.98793567928035;43.9337753737225;
BSS002DSBP;2018-05-19;;;4.98793567928035;43.9337753737225;
BSS002DSBP;2018-05-20;;;4.98793567928035;43.9337753737225;
BSS002DSBP;2018-05-21;;;4.98793567928035;43.9337753737225;
BSS002DSBP;2018-05-22;;;4.98793567928035;43.9337753737225;
BSS002DSBP;2018-05-23;;;4.98793567928035;43.9337753737225;
BSS002DSBP;2018-05-24;;;4.98793567928035;43.9337753737225;
BSS002DSBP;2018-05-25;;;4.98793567928035;43.9337753737225;
BSS002DSBP;2018-05-26;;;4.98793567928035;43.9337753737225;
BSS002DSBP;2018-05-27;;;4.98793567928035;43.9337753737225;
BSS002DSBP;2018-05-28;;;4.98793567928035;43.9337753737225;
BSS002DSBP;2018-05-29;;;4.98793567928035;43.9337753737225;
BSS002DSBP;2018-05-30;;;4.98793567928035;43.9337753737225;
BSS002DSBP;2018-05-31;;;4.98793567928035;43.9337753737225;
BSS002DSBP;2018-06-01;;;4.98793567928035;43.9337753737225;
BSS002DSBP;2018-06-02;;;4.98793567928035;43.9337753737225;
BSS002DSBP;2018-06-03;;;4.98793567928035;43.9337753737225;
BSS002DSBP;2018-06-04;;;4.98793567928035;43.9337753737225;
BSS002DSBP;2018-06-05;;;4.98793567928035;43.9337753737225;
BSS002DSBP;2018-06-06;;;4.98793567928035;43.9337753737225;
BSS002DSBP;2018-06-07;;;4.98793567928035;43.9337753737225;
BSS002DSBP;2018-06-08;;;4.98793567928035;43.9337753737225;
BSS002DSBP;2018-06-09;;;4.98793567928035;43.9337753737225;
BSS002DSBP;2018-06-10;;;4.98793567928035;43.9337753737225;
BSS002DSBP;2018-06-11;;;4.98793567928035;43.9337753737225;
BSS002DSBP;2018-06-12;;;4.98793567928035;43.9337753737225;
BSS002DSBP;2018-06-13;;;4.98793567928035;43.9337753737225;
BSS002DSBP;2018-06-14;;;4.98793567928035;43.9337753737225;
BSS002DSBP;2018-06-15;;;4.98793567928035;43.9337753737225;
BSS002DSBP;2018-06-16;;;4.98793567928035;43.9337753737225;
BSS002DSBP;2018-06-17;;;4.98793567928035;43.9337753737225;
BSS002DSBP;2018-06-18;;;4.98793567928035;43.9337753737225;
BSS002DSBP;2018-06-19;;;4.98793567928035;43.9337753737225;
BSS002DSBP;2018-06-20;;;4.98793567928035;43.9337753737225;
BSS002DSBP;2018-06-21;;;4.98793567928035;43.9337753737225;
BSS002DSBP;2018-06-22;;;4.98793567928035;43.9337753737225;
BSS002DSBP;2018-06-23;;;4.98793567928035;43.9337753737225;
BSS002DSBP;2018-06-24;;;4.98793567928035;43.9337753737225;
BSS002DSBP;2018-06-25;;;4.98793567928035;43.9337753737225;
BSS002DSBP;2018-06-26;;;4.98793567928035;43.9337753737225;
BSS002DSBP;2018-06-27;;;4.98793567928035;43.9337753737225;
BSS002DSBP;2018-06-28;;;4.98793567928035;43.9337753737225;
BSS002DSBP;2018-06-29;;;4.98793567928035;43.9337753737225;
BSS002DSBP;2018-06-30;;;4.98793567928035;43.9337753737225;
BSS002DSBP;2018-07-01;;;4.98793567928035;43.9337753737225;
BSS002DSBP;2018-07-02;;;4.98793567928035;43.9337753737225;
BSS002DSBP;2018-07-03;;;4.98793567928035;43.9337753737225;
BSS002DSBP;2018-07-04;;;4.98793567928035;43.9337753737225;
BSS002DSBP;2018-07-05;;;4.98793567928035;43.9337753737225;
BSS002DSBP;2018-07-06;;;4.98793567928035;43.9337753737225;
BSS002DSBP;2018-07-07;;;4.98793567928035;43.9337753737225;
BSS002DSBP;2018-07-08;;;4.98793567928035;43.9337753737225;
BSS002DSBP;2018-07-09;;;4.98793567928035;43.9337753737225;
BSS002DSBP;2018-07-10;;;4.98793567928035;43.9337753737225;
BSS002DSBP;2018-07-11;;;4.98793567928035;43.9337753737225;
BSS002DSBP;2018-07-12;;;4.98793567928035;43.9337753737225;
BSS002DSBP;2018-07-13;;;4.98793567928035;43.9337753737225;
BSS002DSBP;2018-07-14;;;4.98793567928035;43.9337753737225;
BSS002DSBP;2018-07-15;;;4.98793567928035;43.9337753737225;
BSS002DSBP;2018-07-16;;;4.98793567928035;43.9337753737225;
BSS002DSBP;2018-07-17;;;4.98793567928035;43.9337753737225;
BSS002DSBP;2018-07-18;;;4.98793567928035;43.9337753737225;
BSS002DSBP;2018-07-19;;;4.98793567928035;43.9337753737225;
BSS002DSBP;2018-07-20;;;4.98793567928035;43.9337753737225;
BSS002DSBP;2018-07-21;;;4.98793567928035;43.9337753737225;
BSS002DSBP;2018-07-22;;;4.98793567928035;43.9337753737225;
BSS002DSBP;2018-07-23;;;4.98793567928035;43.9337753737225;
BSS002DSBP;2018-07-24;;;4.98793567928035;43.9337753737225;
BSS002DSBP;2018-07-25;;;4.98793567928035;43.9337753737225;
BSS002DSBP;2018-07-26;;;4.98793567928035;43.9337753737225;
BSS002DSBP;2018-07-27;;;4.98793567928035;43.9337753737225;
BSS002DSBP;2018-07-28;;;4.98793567928035;43.9337753737225;
BSS002DSBP;2018-07-29;;;4.98793567928035;43.9337753737225;
BSS002DSBP;2018-07-30;;;4.98793567928035;43.9337753737225;
BSS002DSBP;2018-07-31;;;4.98793567928035;43.9337753737225;
BSS002DSBP;2018-08-01;;;4.98793567928035;43.9337753737225;
BSS002DSBP;2018-08-02;;;4.98793567928035;43.9337753737225;
BSS002DSBP;2018-08-03;;;4.98793567928035;43.9337753737225;
BSS002DSBP;2018-08-04;;;4.98793567928035;43.9337753737225;
BSS002DSBP;2018-08-05;;;4.98793567928035;43.9337753737225;
BSS002DSBP;2018-08-06;;;4.98793567928035;43.9337753737225;
BSS002DSBP;2018-08-07;;;4.98793567928035;43.9337753737225;
BSS002DSBP;2018-08-08;;;4.98793567928035;43.9337753737225;
BSS002DSBP;2018-08-09;;;4.98793567928035;43.9337753737225;
BSS002DSBP;2018-08-10;;;4.98793567928035;43.9337753737225;
BSS002DSBP;2018-08-11;;;4.98793567928035;43.9337753737225;
BSS002DSBP;2018-08-12;;;4.98793567928035;43.9337753737225;
BSS002DSBP;2018-08-13;;;4.98793567928035;43.9337753737225;
BSS002DSBP;2018-08-14;;;4.98793567928035;43.9337753737225;
BSS002DSBP;2018-08-15;;;4.98793567928035;43.9337753737225;
BSS002DSBP;2018-08-16;;;4.98793567928035;43.9337753737225;
BSS002DSBP;2018-08-17;;;4.98793567928035;43.9337753737225;
BSS002DSBP;2018-08-18;;;4.98793567928035;43.9337753737225;
BSS002DSBP;2018-08-19;;;4.98793567928035;43.9337753737225;
BSS002DSBP;2018-08-20;;;4.98793567928035;43.9337753737225;
BSS002DSBP;2018-08-21;;;4.98793567928035;43.9337753737225;
BSS002DSBP;2018-08-22;;;4.98793567928035;43.9337753737225;
BSS002DSBP;2018-08-23;;;4.98793567928035;43.9337753737225;
BSS002DSBP;2018-08-24;;;4.98793567928035;43.9337753737225;
BSS002DSBP;2018-08-25;;;4.98793567928035;43.9337753737225;
BSS002DSBP;2018-08-26;;;4.98793567928035;43.9337753737225;
BSS002DSBP;2018-08-27;;;4.98793567928035;43.9337753737225;
BSS002DSBP;2018-08-28;;;4.98793567928035;43.9337753737225;
BSS002DSBP;2018-08-29;;;4.98793567928035;43.9337753737225;
BSS002DSBP;2018-08-30;;;4.98793567928035;43.9337753737225;
BSS002DSBP;2018-08-31;;;4.98793567928035;43.9337753737225;
BSS002DSBP;2018-09-01;;;4.98793567928035;43.9337753737225;
BSS002DSBP;2018-09-02;;;4.98793567928035;43.9337753737225;
BSS002DSBP;2018-09-03;;;4.98793567928035;43.9337753737225;
BSS002DSBP;2018-09-04;;;4.98793567928035;43.9337753737225;
BSS002DSBP;2018-09-05;;;4.98793567928035;43.9337753737225;
BSS002DSBP;2018-09-06;;;4.98793567928035;43.9337753737225;
BSS002DSBP;2018-09-07;;;4.98793567928035;43.9337753737225;
BSS002DSBP;2018-09-08;;;4.98793567928035;43.9337753737225;
BSS002DSBP;2018-09-09;;;4.98793567928035;43.9337753737225;
BSS002DSBP;2018-09-10;;;4.98793567928035;43.9337753737225;
BSS002DSBP;2018-09-11;;;4.98793567928035;43.9337753737225;
BSS002DSBP;2018-09-12;;;4.98793567928035;43.9337753737225;
BSS002DSBP;2018-09-13;;;4.98793567928035;43.9337753737225;
BSS002DSBP;2018-09-14;;;4.98793567928035;43.9337753737225;
BSS002DSBP;2018-09-15;;;4.98793567928035;43.9337753737225;
BSS002DSBP;2018-09-16;;;4.98793567928035;43.9337753737225;
BSS002DSBP;2018-09-17;;;4.98793567928035;43.9337753737225;
BSS002DSBP;2018-09-18;;;4.98793567928035;43.9337753737225;
BSS002DSBP;2018-09-19;;;4.98793567928035;43.9337753737225;
BSS002DSBP;2018-09-20;;;4.98793567928035;43.9337753737225;
BSS002DSBP;2018-09-21;;;4.98793567928035;43.9337753737225;
BSS002DSBP;2018-09-22;;;4.98793567928035;43.9337753737225;
BSS002DSBP;2018-09-23;;;4.98793567928035;43.9337753737225;
BSS002DSBP;2018-09-24;;;4.98793567928035;43.9337753737225;
BSS002DSBP;2018-09-25;;;4.98793567928035;43.9337753737225;
BSS002DSBP;2018-09-26;;;4.98793567928035;43.9337753737225;
BSS002DSBP;2018-09-27;;;4.98793567928035;43.9337753737225;
BSS002DSBP;2018-09-28;;;4.98793567928035;43.9337753737225;
BSS002DSBP;2018-09-29;;;4.98793567928035;43.9337753737225;
BSS002DSBP;2018-09-30;;;4.98793567928035;43.9337753737225;
BSS002DSBP;2018-10-01;;;4.98793567928035;43.9337753737225;
BSS002DSBP;2018-10-02;;;4.98793567928035;43.9337753737225;
BSS002DSBP;2018-10-03;;;4.98793567928035;43.9337753737225;
BSS002DSBP;2018-10-04;;;4.98793567928035;43.9337753737225;
BSS002DSBP;2018-10-05;;;4.98793567928035;43.9337753737225;
BSS002DSBP;2018-10-06;;;4.98793567928035;43.9337753737225;
BSS002DSBP;2018-10-07;;;4.98793567928035;43.9337753737225;
BSS002DSBP;2018-10-08;;;4.98793567928035;43.9337753737225;
BSS002DSBP;2018-10-09;;;4.98793567928035;43.9337753737225;
BSS002DSBP;2018-10-10;;;4.98793567928035;43.9337753737225;
BSS002DSBP;2018-10-11;;;4.98793567928035;43.9337753737225;
BSS002DSBP;2018-10-12;;;4.98793567928035;43.9337753737225;
BSS002DSBP;2018-10-13;;;4.98793567928035;43.9337753737225;
BSS002DSBP;2018-10-14;;;4.98793567928035;43.9337753737225;
BSS002DSBP;2018-10-15;;;4.98793567928035;43.9337753737225;
BSS002DSBP;2018-10-16;;;4.98793567928035;43.9337753737225;
BSS002DSBP;2018-10-17;;;4.98793567928035;43.9337753737225;
BSS002DSBP;2018-10-18;;;4.98793567928035;43.9337753737225;
BSS002DSBP;2018-10-19;;;4.98793567928035;43.9337753737225;
BSS002DSBP;2018-10-20;;;4.98793567928035;43.9337753737225;
BSS002DSBP;2018-10-21;;;4.98793567928035;43.9337753737225;
BSS002DSBP;2018-10-22;;;4.98793567928035;43.9337753737225;
BSS002DSBP;2018-10-23;;;4.98793567928035;43.9337753737225;
BSS002DSBP;2018-10-24;;;4.98793567928035;43.9337753737225;
BSS002DSBP;2018-10-25;;;4.98793567928035;43.9337753737225;
BSS002DSBP;2018-10-26;;;4.98793567928035;43.9337753737225;
BSS002DSBP;2018-10-27;;;4.98793567928035;43.9337753737225;
BSS002DSBP;2018-10-28;;;4.98793567928035;43.9337753737225;
BSS002DSBP;2018-10-29;;;4.98793567928035;43.9337753737225;
BSS002DSBP;2018-10-30;;;4.98793567928035;43.9337753737225;
BSS002DSBP;2018-10-31;;;4.98793567928035;43.9337753737225;
BSS002DSBP;2018-11-01;;;4.98793567928035;43.9337753737225;
BSS002DSBP;2018-11-02;;;4.98793567928035;43.9337753737225;
BSS002DSBP;2018-11-03;;;4.98793567928035;43.9337753737225;
BSS002DSBP;2018-11-04;;;4.98793567928035;43.9337753737225;
BSS002DSBP;2018-11-05;;;4.98793567928035;43.9337753737225;
BSS002DSBP;2018-11-06;;;4.98793567928035;43.9337753737225;
BSS002DSBP;2018-11-07;;;4.98793567928035;43.9337753737225;
BSS002DSBP;2018-11-08;;;4.98793567928035;43.9337753737225;
BSS002DSBP;2018-11-09;;;4.98793567928035;43.9337753737225;
BSS002DSBP;2018-11-10;;;4.98793567928035;43.9337753737225;
BSS002DSBP;2018-11-11;;;4.98793567928035;43.9337753737225;
BSS002DSBP;2018-11-12;;;4.98793567928035;43.9337753737225;
BSS002DSBP;2018-11-13;;;4.98793567928035;43.9337753737225;
BSS002DSBP;2018-11-14;1.66;48.24;4.98793567928035;43.9337753737225;THOR
BSS002DSBP;2018-11-15;1.67;48.23;4.98793567928035;43.9337753737225;THOR
BSS002DSBP;2018-11-16;1.67;48.23;4.98793567928035;43.9337753737225;THOR
BSS002DSBP;2018-11-17;1.67;48.23;4.98793567928035;43.9337753737225;THOR
BSS002DSBP;2018-11-18;1.67;48.23;4.98793567928035;43.9337753737225;THOR
BSS002DSBP;2018-11-19;1.67;48.23;4.98793567928035;43.9337753737225;THOR
BSS002DSBP;2018-11-20;1.67;48.23;4.98793567928035;43.9337753737225;THOR
BSS002DSBP;2018-11-21;1.49;48.41;4.98793567928035;43.9337753737225;THOR
BSS002DSBP;2018-11-22;1.5;48.4;4.98793567928035;43.9337753737225;THOR
BSS002DSBP;2018-11-23;1.46;48.44;4.98793567928035;43.9337753737225;THOR
BSS002DSBP;2018-11-24;1.46;48.44;4.98793567928035;43.9337753737225;THOR
BSS002DSBP;2018-11-25;1.38;48.52;4.98793567928035;43.9337753737225;THOR
BSS002DSBP;2018-11-26;1.38;48.52;4.98793567928035;43.9337753737225;THOR
BSS002DSBP;2018-11-27;1.43;48.47;4.98793567928035;43.9337753737225;THOR
BSS002DSBP;2018-11-28;1.48;48.42;4.98793567928035;43.9337753737225;THOR
BSS002DSBP;2018-11-29;1.51;48.39;4.98793567928035;43.9337753737225;THOR
BSS002DSBP;2018-11-30;1.45;48.45;4.98793567928035;43.9337753737225;THOR
BSS002DSBP;2018-12-01;1.45;48.45;4.98793567928035;43.9337753737225;THOR
BSS002DSBP;2018-12-02;1.48;48.42;4.98793567928035;43.9337753737225;THOR
BSS002DSBP;2018-12-03;1.5;48.4;4.98793567928035;43.9337753737225;THOR
BSS002DSBP;2018-12-04;1.52;48.38;4.98793567928035;43.9337753737225;THOR
BSS002DSBP;2018-12-05;1.54;48.36;4.98793567928035;43.9337753737225;THOR
BSS002DSBP;2018-12-06;1.55;48.35;4.98793567928035;43.9337753737225;THOR
BSS002DSBP;2018-12-07;1.56;48.34;4.98793567928035;43.9337753737225;THOR
BSS002DSBP;2018-12-08;1.57;48.33;4.98793567928035;43.9337753737225;THOR
BSS002DSBP;2018-12-09;1.59;48.31;4.98793567928035;43.9337753737225;THOR
BSS002DSBP;2018-12-10;1.6;48.3;4.98793567928035;43.9337753737225;THOR
BSS002DSBP;2018-12-11;1.6;48.3;4.98793567928035;43.9337753737225;THOR
BSS002DSBP;2018-12-12;1.61;48.29;4.98793567928035;43.9337753737225;THOR
BSS002DSBP;2018-12-13;1.61;48.29;4.98793567928035;43.9337753737225;THOR
BSS002DSBP;2018-12-14;1.62;48.28;4.98793567928035;43.9337753737225;THOR
BSS002DSBP;2018-12-15;1.63;48.27;4.98793567928035;43.9337753737225;THOR
BSS002DSBP;2018-12-16;1.59;48.31;4.98793567928035;43.9337753737225;THOR
BSS002DSBP;2018-12-17;1.59;48.31;4.98793567928035;43.9337753737225;THOR
BSS002DSBP;2018-12-18;1.59;48.31;4.98793567928035;43.9337753737225;THOR
BSS002DSBP;2018-12-19;1.52;48.38;4.98793567928035;43.9337753737225;THOR
BSS002DSBP;2018-12-20;1.52;48.38;4.98793567928035;43.9337753737225;THOR
BSS002DSBP;2018-12-21;1.53;48.37;4.98793567928035;43.9337753737225;THOR
BSS002DSBP;2018-12-22;1.54;48.36;4.98793567928035;43.9337753737225;THOR
BSS002DSBP;2018-12-23;1.55;48.35;4.98793567928035;43.9337753737225;THOR
BSS002DSBP;2018-12-24;1.56;48.34;4.98793567928035;43.9337753737225;THOR
BSS002DSBP;2018-12-25;1.58;48.32;4.98793567928035;43.9337753737225;THOR
BSS002DSBP;2018-12-26;1.59;48.31;4.98793567928035;43.9337753737225;THOR
BSS002DSBP;2018-12-27;1.6;48.3;4.98793567928035;43.9337753737225;THOR
BSS002DSBP;2018-12-28;1.61;48.29;4.98793567928035;43.9337753737225;THOR
BSS002DSBP;2018-12-29;1.61;48.29;4.98793567928035;43.9337753737225;THOR
BSS002DSBP;2018-12-30;1.62;48.28;4.98793567928035;43.9337753737225;THOR
BSS002DSBP;2018-12-31;1.63;48.27;4.98793567928035;43.9337753737225;THOR
BSS002DSBP;2019-01-01;1.64;48.26;4.98793567928035;43.9337753737225;THOR
BSS002DSBP;2019-01-02;1.64;48.26;4.98793567928035;43.9337753737225;THOR
BSS002DSBP;2019-01-03;1.65;48.25;4.98793567928035;43.9337753737225;THOR
BSS002DSBP;2019-01-04;1.66;48.24;4.98793567928035;43.9337753737225;THOR
BSS002DSBP;2019-01-05;1.66;48.24;4.98793567928035;43.9337753737225;THOR
BSS002DSBP;2019-01-06;1.66;48.24;4.98793567928035;43.9337753737225;THOR
BSS002DSBP;2019-01-07;1.67;48.23;4.98793567928035;43.9337753737225;THOR
BSS002DSBP;2019-01-08;1.67;48.23;4.98793567928035;43.9337753737225;THOR
BSS002DSBP;2019-01-09;1.67;48.23;4.98793567928035;43.9337753737225;THOR
BSS002DSBP;2019-01-10;1.68;48.22;4.98793567928035;43.9337753737225;THOR
BSS002DSBP;2019-01-11;1.69;48.21;4.98793567928035;43.9337753737225;THOR
BSS002DSBP;2019-01-12;1.69;48.21;4.98793567928035;43.9337753737225;THOR
BSS002DSBP;2019-01-13;1.69;48.21;4.98793567928035;43.9337753737225;THOR
BSS002DSBP;2019-01-14;1.69;48.21;4.98793567928035;43.9337753737225;THOR
BSS002DSBP;2019-01-15;1.7;48.2;4.98793567928035;43.9337753737225;THOR
BSS002DSBP;2019-01-16;1.71;48.19;4.98793567928035;43.9337753737225;THOR
BSS002DSBP;2019-01-17;1.71;48.19;4.98793567928035;43.9337753737225;THOR
BSS002DSBP;2019-01-18;1.71;48.19;4.98793567928035;43.9337753737225;THOR
BSS002DSBP;2019-01-19;1.72;48.18;4.98793567928035;43.9337753737225;THOR
BSS002DSBP;2019-01-20;1.72;48.18;4.98793567928035;43.9337753737225;THOR
BSS002DSBP;2019-01-21;1.72;48.18;4.98793567928035;43.9337753737225;THOR
BSS002DSBP;2019-01-22;1.72;48.18;4.98793567928035;43.9337753737225;THOR
BSS002DSBP;2019-01-23;1.72;48.18;4.98793567928035;43.9337753737225;THOR
BSS002DSBP;2019-01-24;1.72;48.18;4.98793567928035;43.9337753737225;THOR
BSS002DSBP;2019-01-25;1.73;48.17;4.98793567928035;43.9337753737225;THOR
BSS002DSBP;2019-01-26;1.74;48.16;4.98793567928035;43.9337753737225;THOR
BSS002DSBP;2019-01-27;1.73;48.17;4.98793567928035;43.9337753737225;THOR
BSS002DSBP;2019-01-28;1.74;48.16;4.98793567928035;43.9337753737225;THOR
BSS002DSBP;2019-01-29;1.74;48.16;4.98793567928035;43.9337753737225;THOR
BSS002DSBP;2019-01-30;1.74;48.16;4.98793567928035;43.9337753737225;THOR
BSS002DSBP;2019-01-31;1.74;48.16;4.98793567928035;43.9337753737225;THOR
BSS002DSBP;2019-02-01;1.56;48.34;4.98793567928035;43.9337753737225;THOR
BSS002DSBP;2019-02-02;1.56;48.34;4.98793567928035;43.9337753737225;THOR
BSS002DSBP;2019-02-03;1.56;48.34;4.98793567928035;43.9337753737225;THOR
BSS002DSBP;2019-02-04;1.58;48.32;4.98793567928035;43.9337753737225;THOR
BSS002DSBP;2019-02-05;1.6;48.3;4.98793567928035;43.9337753737225;THOR
BSS002DSBP;2019-02-06;1.61;48.29;4.98793567928035;43.9337753737225;THOR
BSS002DSBP;2019-02-07;1.61;48.29;4.98793567928035;43.9337753737225;THOR
BSS002DSBP;2019-02-08;1.62;48.28;4.98793567928035;43.9337753737225;THOR
BSS002DSBP;2019-02-09;1.63;48.27;4.98793567928035;43.9337753737225;THOR
BSS002DSBP;2019-02-10;1.64;48.26;4.98793567928035;43.9337753737225;THOR
BSS002DSBP;2019-02-11;1.65;48.25;4.98793567928035;43.9337753737225;THOR
BSS002DSBP;2019-02-12;1.66;48.24;4.98793567928035;43.9337753737225;THOR
BSS002DSBP;2019-02-13;1.66;48.24;4.98793567928035;43.9337753737225;THOR
BSS002DSBP;2019-02-14;1.67;48.23;4.98793567928035;43.9337753737225;THOR
BSS002DSBP;2019-02-15;1.68;48.22;4.98793567928035;43.9337753737225;THOR
BSS002DSBP;2019-02-16;1.68;48.22;4.98793567928035;43.9337753737225;THOR
BSS002DSBP;2019-02-17;1.69;48.21;4.98793567928035;43.9337753737225;THOR
BSS002DSBP;2019-02-18;1.69;48.21;4.98793567928035;43.9337753737225;THOR
BSS002DSBP;2019-02-19;1.7;48.2;4.98793567928035;43.9337753737225;THOR
BSS002DSBP;2019-02-20;1.7;48.2;4.98793567928035;43.9337753737225;THOR
BSS002DSBP;2019-02-21;1.71;48.19;4.98793567928035;43.9337753737225;THOR
BSS002DSBP;2019-02-22;1.71;48.19;4.98793567928035;43.9337753737225;THOR
BSS002DSBP;2019-02-23;1.72;48.18;4.98793567928035;43.9337753737225;THOR
BSS002DSBP;2019-02-24;1.72;48.18;4.98793567928035;43.9337753737225;THOR
BSS002DSBP;2019-02-25;1.72;48.18;4.98793567928035;43.9337753737225;THOR
BSS002DSBP;2019-02-26;1.73;48.17;4.98793567928035;43.9337753737225;THOR
BSS002DSBP;2019-02-27;1.73;48.17;4.98793567928035;43.9337753737225;THOR
BSS002DSBP;2019-02-28;1.73;48.17;4.98793567928035;43.9337753737225;THOR
BSS002DSBP;2019-03-01;1.73;48.17;4.98793567928035;43.9337753737225;THOR
BSS002DSBP;2019-03-02;1.74;48.16;4.98793567928035;43.9337753737225;THOR
BSS002DSBP;2019-03-03;1.74;48.16;4.98793567928035;43.9337753737225;THOR
BSS002DSBP;2019-03-04;1.74;48.16;4.98793567928035;43.9337753737225;THOR
BSS002DSBP;2019-03-05;1.75;48.15;4.98793567928035;43.9337753737225;THOR
BSS002DSBP;2019-03-06;1.75;48.15;4.98793567928035;43.9337753737225;THOR
BSS002DSBP;2019-03-07;1.75;48.15;4.98793567928035;43.9337753737225;THOR
BSS002DSBP;2019-03-08;1.76;48.14;4.98793567928035;43.9337753737225;THOR
BSS002DSBP;2019-03-09;1.76;48.14;4.98793567928035;43.9337753737225;THOR
BSS002DSBP;2019-03-10;1.76;48.14;4.98793567928035;43.9337753737225;THOR
BSS002DSBP;2019-03-11;1.77;48.13;4.98793567928035;43.9337753737225;THOR
BSS002DSBP;2019-03-12;1.77;48.13;4.98793567928035;43.9337753737225;THOR
BSS002DSBP;2019-03-13;1.77;48.13;4.98793567928035;43.9337753737225;THOR
BSS002DSBP;2019-03-14;1.78;48.12;4.98793567928035;43.9337753737225;THOR
BSS002DSBP;2019-03-15;1.78;48.12;4.98793567928035;43.9337753737225;THOR
BSS002DSBP;2019-03-16;1.79;48.11;4.98793567928035;43.9337753737225;THOR
BSS002DSBP;2019-03-17;1.79;48.11;4.98793567928035;43.9337753737225;THOR
BSS002DSBP;2019-03-18;1.8;48.1;4.98793567928035;43.9337753737225;THOR
BSS002DSBP;2019-03-19;1.8;48.1;4.98793567928035;43.9337753737225;THOR
BSS002DSBP;2019-03-20;1.81;48.09;4.98793567928035;43.9337753737225;THOR
BSS002DSBP;2019-03-21;1.82;48.08;4.98793567928035;43.9337753737225;THOR
BSS002DSBP;2019-03-22;1.82;48.08;4.98793567928035;43.9337753737225;THOR
BSS002DSBP;2019-03-23;1.82;48.08;4.98793567928035;43.9337753737225;THOR
BSS002DSBP;2019-03-24;1.83;48.07;4.98793567928035;43.9337753737225;THOR
BSS002DSBP;2019-03-25;1.83;48.07;4.98793567928035;43.9337753737225;THOR
BSS002DSBP;2019-03-26;1.83;48.07;4.98793567928035;43.9337753737225;THOR
BSS002DSBP;2019-03-27;1.84;48.06;4.98793567928035;43.9337753737225;THOR
BSS002DSBP;2019-03-28;1.85;48.05;4.98793567928035;43.9337753737225;THOR
BSS002DSBP;2019-03-29;1.86;48.04;4.98793567928035;43.9337753737225;THOR
BSS002DSBP;2019-03-30;1.86;48.04;4.98793567928035;43.9337753737225;THOR
BSS002DSBP;2019-03-31;1.86;48.04;4.98793567928035;43.9337753737225;THOR
BSS002DSBP;2019-04-01;1.87;48.03;4.98793567928035;43.9337753737225;THOR
BSS002DSBP;2019-04-02;1.88;48.02;4.98793567928035;43.9337753737225;THOR
BSS002DSBP;2019-04-03;1.78;48.12;4.98793567928035;43.9337753737225;THOR
BSS002DSBP;2019-04-04;1.76;48.14;4.98793567928035;43.9337753737225;THOR
BSS002DSBP;2019-04-05;1.76;48.14;4.98793567928035;43.9337753737225;THOR
BSS002DSBP;2019-04-06;1.75;48.15;4.98793567928035;43.9337753737225;THOR
BSS002DSBP;2019-04-07;1.75;48.15;4.98793567928035;43.9337753737225;THOR
BSS002DSBP;2019-04-08;1.76;48.14;4.98793567928035;43.9337753737225;THOR
BSS002DSBP;2019-04-09;1.76;48.14;4.98793567928035;43.9337753737225;THOR
BSS002DSBP;2019-04-10;1.77;48.13;4.98793567928035;43.9337753737225;THOR
BSS002DSBP;2019-04-11;1.78;48.12;4.98793567928035;43.9337753737225;THOR
BSS002DSBP;2019-04-12;1.79;48.11;4.98793567928035;43.9337753737225;THOR
BSS002DSBP;2019-04-13;1.8;48.1;4.98793567928035;43.9337753737225;THOR
BSS002DSBP;2019-04-14;1.8;48.1;4.98793567928035;43.9337753737225;THOR
BSS002DSBP;2019-04-15;1.82;48.08;4.98793567928035;43.9337753737225;THOR
BSS002DSBP;2019-04-16;1.82;48.08;4.98793567928035;43.9337753737225;THOR
BSS002DSBP;2019-04-17;1.83;48.07;4.98793567928035;43.9337753737225;THOR
BSS002DSBP;2019-04-18;1.84;48.06;4.98793567928035;43.9337753737225;THOR
BSS002DSBP;2019-04-19;1.84;48.06;4.98793567928035;43.9337753737225;THOR
BSS002DSBP;2019-04-20;1.85;48.05;4.98793567928035;43.9337753737225;THOR
BSS002DSBP;2019-04-21;1.86;48.04;4.98793567928035;43.9337753737225;THOR
BSS002DSBP;2019-04-22;1.86;48.04;4.98793567928035;43.9337753737225;THOR
BSS002DSBP;2019-04-23;1.87;48.03;4.98793567928035;43.9337753737225;THOR
BSS002DSBP;2019-04-24;1.86;48.04;4.98793567928035;43.9337753737225;THOR
BSS002DSBP;2019-04-25;1.86;48.04;4.98793567928035;43.9337753737225;THOR
BSS002DSBP;2019-04-26;1.83;48.07;4.98793567928035;43.9337753737225;THOR
BSS002DSBP;2019-04-27;1.83;48.07;4.98793567928035;43.9337753737225;THOR
BSS002DSBP;2019-04-28;1.83;48.07;4.98793567928035;43.9337753737225;THOR
BSS002DSBP;2019-04-29;1.84;48.06;4.98793567928035;43.9337753737225;THOR
BSS002DSBP;2019-04-30;1.85;48.05;4.98793567928035;43.9337753737225;THOR
BSS002DSBP;2019-05-01;1.86;48.04;4.98793567928035;43.9337753737225;THOR
BSS002DSBP;2019-05-02;1.87;48.03;4.98793567928035;43.9337753737225;THOR
BSS002DSBP;2019-05-03;1.87;48.03;4.98793567928035;43.9337753737225;THOR
BSS002DSBP;2019-05-04;1.88;48.02;4.98793567928035;43.9337753737225;THOR
BSS002DSBP;2019-05-05;1.89;48.01;4.98793567928035;43.9337753737225;THOR
BSS002DSBP;2019-05-06;1.9;48.0;4.98793567928035;43.9337753737225;THOR
BSS002DSBP;2019-05-07;1.91;47.99;4.98793567928035;43.9337753737225;THOR
BSS002DSBP;2019-05-08;1.92;47.98;4.98793567928035;43.9337753737225;THOR
BSS002DSBP;2019-05-09;1.92;47.98;4.98793567928035;43.9337753737225;THOR
BSS002DSBP;2019-05-10;1.93;47.97;4.98793567928035;43.9337753737225;THOR
BSS002DSBP;2019-05-11;1.94;47.96;4.98793567928035;43.9337753737225;THOR
BSS002DSBP;2019-05-12;1.95;47.95;4.98793567928035;43.9337753737225;THOR
BSS002DSBP;2019-05-13;1.96;47.94;4.98793567928035;43.9337753737225;THOR
BSS002DSBP;2019-05-14;1.97;47.93;4.98793567928035;43.9337753737225;THOR
BSS002DSBP;2019-05-15;1.98;47.92;4.98793567928035;43.9337753737225;THOR
BSS002DSBP;2019-05-16;2.01;47.89;4.98793567928035;43.9337753737225;THOR
BSS002DSBP;2019-05-17;2.02;47.88;4.98793567928035;43.9337753737225;THOR
BSS002DSBP;2019-05-18;2.02;47.88;4.98793567928035;43.9337753737225;THOR
BSS002DSBP;2019-05-19;2.03;47.87;4.98793567928035;43.9337753737225;THOR
BSS002DSBP;2019-05-20;2.02;47.88;4.98793567928035;43.9337753737225;THOR
BSS002DSBP;2019-05-21;2.03;47.87;4.98793567928035;43.9337753737225;THOR
BSS002DSBP;2019-05-22;2.04;47.86;4.98793567928035;43.9337753737225;THOR
BSS002DSBP;2019-05-23;2.05;47.85;4.98793567928035;43.9337753737225;THOR
BSS002DSBP;2019-05-24;2.06;47.84;4.98793567928035;43.9337753737225;THOR
BSS002DSBP;2019-05-25;2.07;47.83;4.98793567928035;43.9337753737225;THOR
BSS002DSBP;2019-05-26;2.08;47.82;4.98793567928035;43.9337753737225;THOR
BSS002DSBP;2019-05-27;2.09;47.81;4.98793567928035;43.9337753737225;THOR
BSS002DSBP;2019-05-28;2.1;47.8;4.98793567928035;43.9337753737225;THOR
BSS002DSBP;2019-05-29;2.12;47.78;4.98793567928035;43.9337753737225;THOR
BSS002DSBP;2019-05-30;2.13;47.77;4.98793567928035;43.9337753737225;THOR
BSS002DSBP;2019-05-31;2.14;47.76;4.98793567928035;43.9337753737225;THOR
BSS002DSBP;2019-06-01;2.16;47.74;4.98793567928035;43.9337753737225;THOR
BSS002DSBP;2019-06-02;2.17;47.73;4.98793567928035;43.9337753737225;THOR
BSS002DSBP;2019-06-03;2.18;47.72;4.98793567928035;43.9337753737225;THOR
BSS002DSBP;2019-06-04;2.19;47.71;4.98793567928035;43.9337753737225;THOR
BSS002DSBP;2019-06-05;2.2;47.7;4.98793567928035;43.9337753737225;THOR
BSS002DSBP;2019-06-06;2.22;47.68;4.98793567928035;43.9337753737225;THOR
BSS002DSBP;2019-06-07;2.23;47.67;4.98793567928035;43.9337753737225;THOR
BSS002DSBP;2019-06-08;2.23;47.67;4.98793567928035;43.9337753737225;THOR
BSS002DSBP;2019-06-09;2.24;47.66;4.98793567928035;43.9337753737225;THOR
BSS002DSBP;2019-06-10;2.26;47.64;4.98793567928035;43.9337753737225;THOR
BSS002DSBP;2019-06-11;2.26;47.64;4.98793567928035;43.9337753737225;THOR
BSS002DSBP;2019-06-12;2.25;47.65;4.98793567928035;43.9337753737225;THOR
BSS002DSBP;2019-06-13;2.26;47.64;4.98793567928035;43.9337753737225;THOR
BSS002DSBP;2019-06-14;2.26;47.64;4.98793567928035;43.9337753737225;THOR
BSS002DSBP;2019-06-15;2.27;47.63;4.98793567928035;43.9337753737225;THOR
BSS002DSBP;2019-06-16;2.28;47.62;4.98793567928035;43.9337753737225;THOR
BSS002DSBP;2019-06-17;2.29;47.61;4.98793567928035;43.9337753737225;THOR
BSS002DSBP;2019-06-18;2.29;47.61;4.98793567928035;43.9337753737225;THOR
BSS002DSBP;2019-06-19;2.3;47.6;4.98793567928035;43.9337753737225;THOR
BSS002DSBP;2019-06-20;2.31;47.59;4.98793567928035;43.9337753737225;THOR
BSS002DSBP;2019-06-21;2.32;47.58;4.98793567928035;43.9337753737225;THOR
BSS002DSBP;2019-06-22;2.32;47.58;4.98793567928035;43.9337753737225;THOR
BSS002DSBP;2019-06-23;2.33;47.57;4.98793567928035;43.9337753737225;THOR
BSS002DSBP;2019-06-24;2.34;47.56;4.98793567928035;43.9337753737225;THOR
BSS002DSBP;2019-06-25;2.35;47.55;4.98793567928035;43.9337753737225;THOR
BSS002DSBP;2019-06-26;2.35;47.55;4.98793567928035;43.9337753737225;THOR
BSS002DSBP;2019-06-27;2.36;47.54;4.98793567928035;43.9337753737225;THOR
BSS002DSBP;2019-06-28;2.36;47.54;4.98793567928035;43.9337753737225;THOR
BSS002DSBP;2019-06-29;2.37;47.53;4.98793567928035;43.9337753737225;THOR
BSS002DSBP;2019-06-30;2.38;47.52;4.98793567928035;43.9337753737225;THOR
BSS002DSBP;2019-07-01;2.39;47.51;4.98793567928035;43.9337753737225;THOR
BSS002DSBP;2019-07-02;2.42;47.48;4.98793567928035;43.9337753737225;THOR
BSS002DSBP;2019-07-03;2.43;47.47;4.98793567928035;43.9337753737225;THOR
BSS002DSBP;2019-07-04;2.44;47.46;4.98793567928035;43.9337753737225;THOR
BSS002DSBP;2019-07-05;2.45;47.45;4.98793567928035;43.9337753737225;THOR
BSS002DSBP;2019-07-06;2.46;47.44;4.98793567928035;43.9337753737225;THOR
BSS002DSBP;2019-07-07;2.46;47.44;4.98793567928035;43.9337753737225;THOR
BSS002DSBP;2019-07-08;2.47;47.43;4.98793567928035;43.9337753737225;THOR
BSS002DSBP;2019-07-09;2.48;47.42;4.98793567928035;43.9337753737225;THOR
BSS002DSBP;2019-07-10;2.47;47.43;4.98793567928035;43.9337753737225;THOR
BSS002DSBP;2019-07-11;2.49;47.41;4.98793567928035;43.9337753737225;THOR
BSS002DSBP;2019-07-12;2.49;47.41;4.98793567928035;43.9337753737225;THOR
BSS002DSBP;2019-07-13;2.5;47.4;4.98793567928035;43.9337753737225;THOR
BSS002DSBP;2019-07-14;2.51;47.39;4.98793567928035;43.9337753737225;THOR
BSS002DSBP;2019-07-15;2.51;47.39;4.98793567928035;43.9337753737225;THOR
BSS002DSBP;2019-07-16;2.52;47.38;4.98793567928035;43.9337753737225;THOR
BSS002DSBP;2019-07-17;2.53;47.37;4.98793567928035;43.9337753737225;THOR
BSS002DSBP;2019-07-18;2.54;47.36;4.98793567928035;43.9337753737225;THOR
BSS002DSBP;2019-07-19;2.55;47.35;4.98793567928035;43.9337753737225;THOR
BSS002DSBP;2019-07-20;2.55;47.35;4.98793567928035;43.9337753737225;THOR
BSS002DSBP;2019-07-21;2.56;47.34;4.98793567928035;43.9337753737225;THOR
BSS002DSBP;2019-07-22;2.55;47.35;4.98793567928035;43.9337753737225;THOR
BSS002DSBP;2019-07-23;2.56;47.34;4.98793567928035;43.9337753737225;THOR
BSS002DSBP;2019-07-24;2.57;47.33;4.98793567928035;43.9337753737225;THOR
BSS002DSBP;2019-07-25;2.57;47.33;4.98793567928035;43.9337753737225;THOR
BSS002DSBP;2019-07-26;2.58;47.32;4.98793567928035;43.9337753737225;THOR
BSS002DSBP;2019-07-27;2.58;47.32;4.98793567928035;43.9337753737225;THOR
BSS002DSBP;2019-07-28;2.58;47.32;4.98793567928035;43.9337753737225;THOR
BSS002DSBP;2019-07-29;2.57;47.33;4.98793567928035;43.9337753737225;THOR
BSS002DSBP;2019-07-30;2.52;47.38;4.98793567928035;43.9337753737225;THOR
BSS002DSBP;2019-07-31;2.46;47.44;4.98793567928035;43.9337753737225;THOR
BSS002DSBP;2019-08-01;2.41;47.49;4.98793567928035;43.9337753737225;THOR
BSS002DSBP;2019-08-02;2.39;47.51;4.98793567928035;43.9337753737225;THOR
BSS002DSBP;2019-08-03;2.37;47.53;4.98793567928035;43.9337753737225;THOR
BSS002DSBP;2019-08-04;2.36;47.54;4.98793567928035;43.9337753737225;THOR
BSS002DSBP;2019-08-05;2.34;47.56;4.98793567928035;43.9337753737225;THOR
BSS002DSBP;2019-08-06;2.34;47.56;4.98793567928035;43.9337753737225;THOR
BSS002DSBP;2019-08-07;2.33;47.57;4.98793567928035;43.9337753737225;THOR
BSS002DSBP;2019-08-08;2.33;47.57;4.98793567928035;43.9337753737225;THOR
BSS002DSBP;2019-08-09;2.34;47.56;4.98793567928035;43.9337753737225;THOR
BSS002DSBP;2019-08-10;2.32;47.58;4.98793567928035;43.9337753737225;THOR
BSS002DSBP;2019-08-11;2.32;47.58;4.98793567928035;43.9337753737225;THOR
BSS002DSBP;2019-08-12;2.31;47.59;4.98793567928035;43.9337753737225;THOR
BSS002DSBP;2019-08-13;2.3;47.6;4.98793567928035;43.9337753737225;THOR
BSS002DSBP;2019-08-14;2.29;47.61;4.98793567928035;43.9337753737225;THOR
BSS002DSBP;2019-08-15;2.31;47.59;4.98793567928035;43.9337753737225;THOR
BSS002DSBP;2019-08-16;2.31;47.59;4.98793567928035;43.9337753737225;THOR
BSS002DSBP;2019-08-17;2.31;47.59;4.98793567928035;43.9337753737225;THOR
BSS002DSBP;2019-08-18;2.27;47.63;4.98793567928035;43.9337753737225;THOR
BSS002DSBP;2019-08-19;2.29;47.61;4.98793567928035;43.9337753737225;THOR
BSS002DSBP;2019-08-20;2.29;47.61;4.98793567928035;43.9337753737225;THOR
BSS002DSBP;2019-08-21;2.39;47.51;4.98793567928035;43.9337753737225;THOR
BSS002DSBP;2019-08-22;2.46;47.44;4.98793567928035;43.9337753737225;THOR
BSS002DSBP;2019-08-23;2.5;47.4;4.98793567928035;43.9337753737225;THOR
BSS002DSBP;2019-08-24;2.52;47.38;4.98793567928035;43.9337753737225;THOR
BSS002DSBP;2019-08-25;2.54;47.36;4.98793567928035;43.9337753737225;THOR
BSS002DSBP;2019-08-26;2.55;47.35;4.98793567928035;43.9337753737225;THOR
BSS002DSBP;2019-08-27;2.56;47.34;4.98793567928035;43.9337753737225;THOR
BSS002DSBP;2019-08-28;2.57;47.33;4.98793567928035;43.9337753737225;THOR
BSS002DSBP;2019-08-29;2.58;47.32;4.98793567928035;43.9337753737225;THOR
BSS002DSBP;2019-08-30;2.59;47.31;4.98793567928035;43.9337753737225;THOR
BSS002DSBP;2019-08-31;2.6;47.3;4.98793567928035;43.9337753737225;THOR
BSS002DSBP;2019-09-01;2.6;47.3;4.98793567928035;43.9337753737225;THOR
BSS002DSBP;2019-09-02;2.62;47.28;4.98793567928035;43.9337753737225;THOR
BSS002DSBP;2019-09-03;2.62;47.28;4.98793567928035;43.9337753737225;THOR
BSS002DSBP;2019-09-04;2.63;47.27;4.98793567928035;43.9337753737225;THOR
BSS002DSBP;2019-09-05;2.63;47.27;4.98793567928035;43.9337753737225;THOR
BSS002DSBP;2019-09-06;2.64;47.26;4.98793567928035;43.9337753737225;THOR
BSS002DSBP;2019-09-07;2.64;47.26;4.98793567928035;43.9337753737225;THOR
BSS002DSBP;2019-09-08;2.64;47.26;4.98793567928035;43.9337753737225;THOR
BSS002DSBP;2019-09-09;2.64;47.26;4.98793567928035;43.9337753737225;THOR
BSS002DSBP;2019-09-10;2.63;47.27;4.98793567928035;43.9337753737225;THOR
BSS002DSBP;2019-09-11;2.63;47.27;4.98793567928035;43.9337753737225;THOR
BSS002DSBP;2019-09-12;2.64;47.26;4.98793567928035;43.9337753737225;THOR
BSS002DSBP;2019-09-13;2.65;47.25;4.98793567928035;43.9337753737225;THOR
BSS002DSBP;2019-09-14;2.64;47.26;4.98793567928035;43.9337753737225;THOR
BSS002DSBP;2019-09-15;2.62;47.28;4.98793567928035;43.9337753737225;THOR
BSS002DSBP;2019-09-16;2.62;47.28;4.98793567928035;43.9337753737225;THOR
BSS002DSBP;2019-09-17;2.62;47.28;4.98793567928035;43.9337753737225;THOR
BSS002DSBP;2019-09-18;2.61;47.29;4.98793567928035;43.9337753737225;THOR
BSS002DSBP;2019-09-19;2.61;47.29;4.98793567928035;43.9337753737225;THOR
BSS002DSBP;2019-09-20;2.61;47.29;4.98793567928035;43.9337753737225;THOR
BSS002DSBP;2019-09-21;2.59;47.31;4.98793567928035;43.9337753737225;THOR
BSS002DSBP;2019-09-22;2.58;47.32;4.98793567928035;43.9337753737225;THOR
BSS002DSBP;2019-09-23;2.57;47.33;4.98793567928035;43.9337753737225;THOR
BSS002DSBP;2019-09-24;2.56;47.34;4.98793567928035;43.9337753737225;THOR
BSS002DSBP;2019-09-25;2.55;47.35;4.98793567928035;43.9337753737225;THOR
BSS002DSBP;2019-09-26;2.54;47.36;4.98793567928035;43.9337753737225;THOR
BSS002DSBP;2019-09-27;2.54;47.36;4.98793567928035;43.9337753737225;THOR
BSS002DSBP;2019-09-28;2.53;47.37;4.98793567928035;43.9337753737225;THOR
BSS002DSBP;2019-09-29;2.52;47.38;4.98793567928035;43.9337753737225;THOR
BSS002DSBP;2019-09-30;2.52;47.38;4.98793567928035;43.9337753737225;THOR
BSS002DSBP;2019-10-01;2.49;47.41;4.98793567928035;43.9337753737225;THOR
BSS002DSBP;2019-10-02;2.48;47.42;4.98793567928035;43.9337753737225;THOR
BSS002DSBP;2019-10-03;2.51;47.39;4.98793567928035;43.9337753737225;THOR
BSS002DSBP;2019-10-04;2.5;47.4;4.98793567928035;43.9337753737225;THOR
BSS002DSBP;2019-10-05;2.5;47.4;4.98793567928035;43.9337753737225;THOR
BSS002DSBP;2019-10-06;2.5;47.4;4.98793567928035;43.9337753737225;THOR
BSS002DSBP;2019-10-07;2.49;47.41;4.98793567928035;43.9337753737225;THOR
BSS002DSBP;2019-10-08;2.54;47.36;4.98793567928035;43.9337753737225;THOR
BSS002DSBP;2019-10-09;2.57;47.33;4.98793567928035;43.9337753737225;THOR
BSS002DSBP;2019-10-10;2.59;47.31;4.98793567928035;43.9337753737225;THOR
BSS002DSBP;2019-10-11;2.61;47.29;4.98793567928035;43.9337753737225;THOR
BSS002DSBP;2019-10-12;2.62;47.28;4.98793567928035;43.9337753737225;THOR
BSS002DSBP;2019-10-13;2.62;47.28;4.98793567928035;43.9337753737225;THOR
BSS002DSBP;2019-10-14;2.63;47.27;4.98793567928035;43.9337753737225;THOR
BSS002DSBP;2019-10-15;2.45;47.45;4.98793567928035;43.9337753737225;THOR
BSS002DSBP;2019-10-16;2.53;47.37;4.98793567928035;43.9337753737225;THOR
BSS002DSBP;2019-10-17;2.54;47.36;4.98793567928035;43.9337753737225;THOR
BSS002DSBP;2019-10-18;2.54;47.36;4.98793567928035;43.9337753737225;THOR
BSS002DSBP;2019-10-19;2.49;47.41;4.98793567928035;43.9337753737225;THOR
BSS002DSBP;2019-10-20;2.44;47.46;4.98793567928035;43.9337753737225;THOR
BSS002DSBP;2019-10-21;2.43;47.47;4.98793567928035;43.9337753737225;THOR
BSS002DSBP;2019-10-22;2.38;47.52;4.98793567928035;43.9337753737225;THOR
BSS002DSBP;2019-10-23;2.14;47.76;4.98793567928035;43.9337753737225;THOR
BSS002DSBP;2019-10-24;2.15;47.75;4.98793567928035;43.9337753737225;THOR
BSS002DSBP;2019-10-25;2.22;47.68;4.98793567928035;43.9337753737225;THOR
BSS002DSBP;2019-10-26;2.24;47.66;4.98793567928035;43.9337753737225;THOR
BSS002DSBP;2019-10-27;2.25;47.65;4.98793567928035;43.9337753737225;THOR
BSS002DSBP;2019-10-28;2.25;47.65;4.98793567928035;43.9337753737225;THOR
BSS002DSBP;2019-10-29;2.24;47.66;4.98793567928035;43.9337753737225;THOR
BSS002DSBP;2019-10-30;2.25;47.65;4.98793567928035;43.9337753737225;THOR
BSS002DSBP;2019-10-31;2.25;47.65;4.98793567928035;43.9337753737225;THOR
BSS002DSBP;2019-11-01;2.24;47.66;4.98793567928035;43.9337753737225;THOR
BSS002DSBP;2019-11-02;2.15;47.75;4.98793567928035;43.9337753737225;THOR
BSS002DSBP;2019-11-03;2.13;47.77;4.98793567928035;43.9337753737225;THOR
BSS002DSBP;2019-11-04;2.12;47.78;4.98793567928035;43.9337753737225;THOR
BSS002DSBP;2019-11-05;2.1;47.8;4.98793567928035;43.9337753737225;THOR
BSS002DSBP;2019-11-06;2.1;47.8;4.98793567928035;43.9337753737225;THOR
BSS002DSBP;2019-11-07;2.08;47.82;4.98793567928035;43.9337753737225;THOR
BSS002DSBP;2019-11-08;2.08;47.82;4.98793567928035;43.9337753737225;THOR
BSS002DSBP;2019-11-09;2.08;47.82;4.98793567928035;43.9337753737225;THOR
BSS002DSBP;2019-11-10;2.07;47.83;4.98793567928035;43.9337753737225;THOR
BSS002DSBP;2019-11-11;2.08;47.82;4.98793567928035;43.9337753737225;THOR
BSS002DSBP;2019-11-12;2.07;47.83;4.98793567928035;43.9337753737225;THOR
BSS002DSBP;2019-11-13;2.08;47.82;4.98793567928035;43.9337753737225;THOR
BSS002DSBP;2019-11-14;1.96;47.94;4.98793567928035;43.9337753737225;THOR
BSS002DSBP;2019-11-15;1.93;47.97;4.98793567928035;43.9337753737225;THOR
BSS002DSBP;2019-11-16;1.91;47.99;4.98793567928035;43.9337753737225;THOR
BSS002DSBP;2019-11-17;1.9;48.0;4.98793567928035;43.9337753737225;THOR
BSS002DSBP;2019-11-18;1.9;48.0;4.98793567928035;43.9337753737225;THOR
BSS002DSBP;2019-11-19;1.9;48.0;4.98793567928035;43.9337753737225;THOR
BSS002DSBP;2019-11-20;1.9;48.0;4.98793567928035;43.9337753737225;THOR
BSS002DSBP;2019-11-21;1.9;48.0;4.98793567928035;43.9337753737225;THOR
BSS002DSBP;2019-11-22;1.89;48.01;4.98793567928035;43.9337753737225;THOR
BSS002DSBP;2019-11-23;1.69;48.21;4.98793567928035;43.9337753737225;THOR
BSS002DSBP;2019-11-24;1.63;48.27;4.98793567928035;43.9337753737225;THOR
BSS002DSBP;2019-11-25;1.62;48.28;4.98793567928035;43.9337753737225;THOR
BSS002DSBP;2019-11-26;1.64;48.26;4.98793567928035;43.9337753737225;THOR
BSS002DSBP;2019-11-27;1.64;48.26;4.98793567928035;43.9337753737225;THOR
BSS002DSBP;2019-11-28;1.65;48.25;4.98793567928035;43.9337753737225;THOR
BSS002DSBP;2019-11-29;1.67;48.23;4.98793567928035;43.9337753737225;THOR
BSS002DSBP;2019-11-30;1.68;48.22;4.98793567928035;43.9337753737225;THOR
BSS002DSBP;2019-12-01;1.43;48.47;4.98793567928035;43.9337753737225;THOR
BSS002DSBP;2019-12-02;1.43;48.47;4.98793567928035;43.9337753737225;THOR
BSS002DSBP;2019-12-03;1.48;48.42;4.98793567928035;43.9337753737225;THOR
BSS002DSBP;2019-12-04;1.52;48.38;4.98793567928035;43.9337753737225;THOR
BSS002DSBP;2019-12-05;1.54;48.36;4.98793567928035;43.9337753737225;THOR
BSS002DSBP;2019-12-06;1.57;48.33;4.98793567928035;43.9337753737225;THOR
BSS002DSBP;2019-12-07;1.58;48.32;4.98793567928035;43.9337753737225;THOR
BSS002DSBP;2019-12-08;1.6;48.3;4.98793567928035;43.9337753737225;THOR
BSS002DSBP;2019-12-09;1.61;48.29;4.98793567928035;43.9337753737225;THOR
BSS002DSBP;2019-12-10;1.62;48.28;4.98793567928035;43.9337753737225;THOR
BSS002DSBP;2019-12-11;1.63;48.27;4.98793567928035;43.9337753737225;THOR
BSS002DSBP;2019-12-12;1.62;48.28;4.98793567928035;43.9337753737225;THOR
BSS002DSBP;2019-12-13;1.61;48.29;4.98793567928035;43.9337753737225;THOR
BSS002DSBP;2019-12-14;1.63;48.27;4.98793567928035;43.9337753737225;THOR
BSS002DSBP;2019-12-15;1.64;48.26;4.98793567928035;43.9337753737225;THOR
BSS002DSBP;2019-12-16;1.64;48.26;4.98793567928035;43.9337753737225;THOR
BSS002DSBP;2019-12-17;1.64;48.26;4.98793567928035;43.9337753737225;THOR
BSS002DSBP;2019-12-18;1.66;48.24;4.98793567928035;43.9337753737225;THOR
BSS002DSBP;2019-12-19;1.66;48.24;4.98793567928035;43.9337753737225;THOR
BSS002DSBP;2019-12-20;1.5;48.4;4.98793567928035;43.9337753737225;THOR
BSS002DSBP;2019-12-21;1.5;48.4;4.98793567928035;43.9337753737225;THOR
BSS002DSBP;2019-12-22;1.48;48.42;4.98793567928035;43.9337753737225;THOR
BSS002DSBP;2019-12-23;1.5;48.4;4.98793567928035;43.9337753737225;THOR
BSS002DSBP;2019-12-24;1.53;48.37;4.98793567928035;43.9337753737225;THOR
BSS002DSBP;2019-12-25;1.56;48.34;4.98793567928035;43.9337753737225;THOR
BSS002DSBP;2019-12-26;1.57;48.33;4.98793567928035;43.9337753737225;THOR
BSS002DSBP;2019-12-27;1.59;48.31;4.98793567928035;43.9337753737225;THOR
BSS002DSBP;2019-12-28;1.6;48.3;4.98793567928035;43.9337753737225;THOR
BSS002DSBP;2019-12-29;1.61;48.29;4.98793567928035;43.9337753737225;THOR
BSS002DSBP;2019-12-30;1.62;48.28;4.98793567928035;43.9337753737225;THOR
BSS002DSBP;2019-12-31;1.63;48.27;4.98793567928035;43.9337753737225;THOR
BSS002DSBP;2020-01-01;1.63;48.27;4.98793567928035;43.9337753737225;THOR
BSS002DSBP;2020-01-02;1.64;48.26;4.98793567928035;43.9337753737225;THOR
BSS002DSBP;2020-01-03;1.64;48.26;4.98793567928035;43.9337753737225;THOR
BSS002DSBP;2020-01-04;1.64;48.26;4.98793567928035;43.9337753737225;THOR
BSS002DSBP;2020-01-05;1.65;48.25;4.98793567928035;43.9337753737225;THOR
BSS002DSBP;2020-01-06;1.66;48.24;4.98793567928035;43.9337753737225;THOR
BSS002DSBP;2020-01-07;1.66;48.24;4.98793567928035;43.9337753737225;THOR
BSS002DSBP;2020-01-08;1.66;48.24;4.98793567928035;43.9337753737225;THOR
BSS002DSBP;2020-01-09;1.67;48.23;4.98793567928035;43.9337753737225;THOR
BSS002DSBP;2020-01-10;1.67;48.23;4.98793567928035;43.9337753737225;THOR
BSS002DSBP;2020-01-11;1.67;48.23;4.98793567928035;43.9337753737225;THOR
BSS002DSBP;2020-01-12;1.67;48.23;4.98793567928035;43.9337753737225;THOR
BSS002DSBP;2020-01-13;1.68;48.22;4.98793567928035;43.9337753737225;THOR
BSS002DSBP;2020-01-14;1.68;48.22;4.98793567928035;43.9337753737225;THOR
BSS002DSBP;2020-01-15;1.68;48.22;4.98793567928035;43.9337753737225;THOR
BSS002DSBP;2020-01-16;1.69;48.21;4.98793567928035;43.9337753737225;THOR
BSS002DSBP;2020-01-17;1.68;48.22;4.98793567928035;43.9337753737225;THOR
BSS002DSBP;2020-01-18;1.67;48.23;4.98793567928035;43.9337753737225;THOR
BSS002DSBP;2020-01-19;1.68;48.22;4.98793567928035;43.9337753737225;THOR
BSS002DSBP;2020-01-20;1.69;48.21;4.98793567928035;43.9337753737225;THOR
BSS002DSBP;2020-01-21;1.68;48.22;4.98793567928035;43.9337753737225;THOR
BSS002DSBP;2020-01-22;1.67;48.23;4.98793567928035;43.9337753737225;THOR
BSS002DSBP;2020-01-23;1.68;48.22;4.98793567928035;43.9337753737225;THOR
BSS002DSBP;2020-01-24;1.68;48.22;4.98793567928035;43.9337753737225;THOR
BSS002DSBP;2020-01-25;1.68;48.22;4.98793567928035;43.9337753737225;THOR
BSS002DSBP;2020-01-26;1.66;48.24;4.98793567928035;43.9337753737225;THOR
BSS002DSBP;2020-01-27;1.65;48.25;4.98793567928035;43.9337753737225;THOR
BSS002DSBP;2020-01-28;1.65;48.25;4.98793567928035;43.9337753737225;THOR
BSS002DSBP;2020-01-29;1.66;48.24;4.98793567928035;43.9337753737225;THOR
BSS002DSBP;2020-01-30;1.67;48.23;4.98793567928035;43.9337753737225;THOR
BSS002DSBP;2020-01-31;1.67;48.23;4.98793567928035;43.9337753737225;THOR
BSS002DSBP;2020-02-01;1.68;48.22;4.98793567928035;43.9337753737225;THOR
BSS002DSBP;2020-02-02;1.68;48.22;4.98793567928035;43.9337753737225;THOR
BSS002DSBP;2020-02-03;1.68;48.22;4.98793567928035;43.9337753737225;THOR
BSS002DSBP;2020-02-04;1.68;48.22;4.98793567928035;43.9337753737225;THOR
BSS002DSBP;2020-02-05;1.69;48.21;4.98793567928035;43.9337753737225;THOR
BSS002DSBP;2020-02-06;1.7;48.2;4.98793567928035;43.9337753737225;THOR
BSS002DSBP;2020-02-07;1.7;48.2;4.98793567928035;43.9337753737225;THOR
BSS002DSBP;2020-02-08;1.7;48.2;4.98793567928035;43.9337753737225;THOR
BSS002DSBP;2020-02-09;1.71;48.19;4.98793567928035;43.9337753737225;THOR
BSS002DSBP;2020-02-10;1.7;48.2;4.98793567928035;43.9337753737225;THOR
BSS002DSBP;2020-02-11;1.71;48.19;4.98793567928035;43.9337753737225;THOR
BSS002DSBP;2020-02-12;1.71;48.19;4.98793567928035;43.9337753737225;THOR
BSS002DSBP;2020-02-13;1.71;48.19;4.98793567928035;43.9337753737225;THOR
BSS002DSBP;2020-02-14;1.72;48.18;4.98793567928035;43.9337753737225;THOR
BSS002DSBP;2020-02-15;1.72;48.18;4.98793567928035;43.9337753737225;THOR
BSS002DSBP;2020-02-16;1.72;48.18;4.98793567928035;43.9337753737225;THOR
BSS002DSBP;2020-02-17;1.73;48.17;4.98793567928035;43.9337753737225;THOR
BSS002DSBP;2020-02-18;1.73;48.17;4.98793567928035;43.9337753737225;THOR
BSS002DSBP;2020-02-19;1.73;48.17;4.98793567928035;43.9337753737225;THOR
BSS002DSBP;2020-02-20;1.73;48.17;4.98793567928035;43.9337753737225;THOR
BSS002DSBP;2020-02-21;1.73;48.17;4.98793567928035;43.9337753737225;THOR
BSS002DSBP;2020-02-22;1.74;48.16;4.98793567928035;43.9337753737225;THOR
BSS002DSBP;2020-02-23;1.74;48.16;4.98793567928035;43.9337753737225;THOR
BSS002DSBP;2020-02-24;1.74;48.16;4.98793567928035;43.9337753737225;THOR
BSS002DSBP;2020-02-25;1.73;48.17;4.98793567928035;43.9337753737225;THOR
BSS002DSBP;2020-02-26;1.73;48.17;4.98793567928035;43.9337753737225;THOR
BSS002DSBP;2020-02-27;1.72;48.18;4.98793567928035;43.9337753737225;THOR
BSS002DSBP;2020-02-28;1.73;48.17;4.98793567928035;43.9337753737225;THOR
BSS002DSBP;2020-02-29;1.72;48.18;4.98793567928035;43.9337753737225;THOR
BSS002DSBP;2020-03-01;1.72;48.18;4.98793567928035;43.9337753737225;THOR
BSS002DSBP;2020-03-02;1.7;48.2;4.98793567928035;43.9337753737225;THOR
BSS002DSBP;2020-03-03;1.71;48.19;4.98793567928035;43.9337753737225;THOR
BSS002DSBP;2020-03-04;1.72;48.18;4.98793567928035;43.9337753737225;THOR
BSS002DSBP;2020-03-05;1.69;48.21;4.98793567928035;43.9337753737225;THOR
BSS002DSBP;2020-03-06;1.69;48.21;4.98793567928035;43.9337753737225;THOR
BSS002DSBP;2020-03-07;1.7;48.2;4.98793567928035;43.9337753737225;THOR
BSS002DSBP;2020-03-08;1.7;48.2;4.98793567928035;43.9337753737225;THOR
BSS002DSBP;2020-03-09;1.7;48.2;4.98793567928035;43.9337753737225;THOR
BSS002DSBP;2020-03-10;1.7;48.2;4.98793567928035;43.9337753737225;THOR
BSS002DSBP;2020-03-11;1.7;48.2;4.98793567928035;43.9337753737225;THOR
BSS002DSBP;2020-03-12;1.7;48.2;4.98793567928035;43.9337753737225;THOR
BSS002DSBP;2020-03-13;1.7;48.2;4.98793567928035;43.9337753737225;THOR
BSS002DSBP;2020-03-14;1.7;48.2;4.98793567928035;43.9337753737225;THOR
BSS002DSBP;2020-03-15;1.7;48.2;4.98793567928035;43.9337753737225;THOR
BSS002DSBP;2020-03-16;1.7;48.2;4.98793567928035;43.9337753737225;THOR
BSS002DSBP;2020-03-17;1.71;48.19;4.98793567928035;43.9337753737225;THOR
BSS002DSBP;2020-03-18;1.7;48.2;4.98793567928035;43.9337753737225;THOR
BSS002DSBP;2020-03-19;1.7;48.2;4.98793567928035;43.9337753737225;THOR
BSS002DSBP;2020-03-20;1.7;48.2;4.98793567928035;43.9337753737225;THOR
BSS002DSBP;2020-03-21;1.7;48.2;4.98793567928035;43.9337753737225;THOR
BSS002DSBP;2020-03-22;1.7;48.2;4.98793567928035;43.9337753737225;THOR
BSS002DSBP;2020-03-23;1.71;48.19;4.98793567928035;43.9337753737225;THOR
BSS002DSBP;2020-03-24;1.71;48.19;4.98793567928035;43.9337753737225;THOR
BSS002DSBP;2020-03-25;1.7;48.2;4.98793567928035;43.9337753737225;THOR
BSS002DSBP;2020-03-26;1.69;48.21;4.98793567928035;43.9337753737225;THOR
BSS002DSBP;2020-03-27;1.7;48.2;4.98793567928035;43.9337753737225;THOR
BSS002DSBP;2020-03-28;1.7;48.2;4.98793567928035;43.9337753737225;THOR
BSS002DSBP;2020-03-29;1.7;48.2;4.98793567928035;43.9337753737225;THOR
BSS002DSBP;2020-03-30;1.7;48.2;4.98793567928035;43.9337753737225;THOR
BSS002DSBP;2020-03-31;1.71;48.19;4.98793567928035;43.9337753737225;THOR
BSS002DSBP;2020-04-01;1.71;48.19;4.98793567928035;43.9337753737225;THOR
BSS002DSBP;2020-04-02;1.71;48.19;4.98793567928035;43.9337753737225;THOR
BSS002DSBP;2020-04-03;1.71;48.19;4.98793567928035;43.9337753737225;THOR
BSS002DSBP;2020-04-04;1.72;48.18;4.98793567928035;43.9337753737225;THOR
BSS002DSBP;2020-04-05;1.72;48.18;4.98793567928035;43.9337753737225;THOR
BSS002DSBP;2020-04-06;1.73;48.17;4.98793567928035;43.9337753737225;THOR
BSS002DSBP;2020-04-07;1.73;48.17;4.98793567928035;43.9337753737225;THOR
BSS002DSBP;2020-04-08;1.73;48.17;4.98793567928035;43.9337753737225;THOR
BSS002DSBP;2020-04-09;1.73;48.17;4.98793567928035;43.9337753737225;THOR
BSS002DSBP;2020-04-10;1.74;48.16;4.98793567928035;43.9337753737225;THOR
BSS002DSBP;2020-04-11;1.74;48.16;4.98793567928035;43.9337753737225;THOR
BSS002DSBP;2020-04-12;1.74;48.16;4.98793567928035;43.9337753737225;THOR
BSS002DSBP;2020-04-13;1.74;48.16;4.98793567928035;43.9337753737225;THOR
BSS002DSBP;2020-04-14;1.75;48.15;4.98793567928035;43.9337753737225;THOR
BSS002DSBP;2020-04-15;1.75;48.15;4.98793567928035;43.9337753737225;THOR
BSS002DSBP;2020-04-16;1.75;48.15;4.98793567928035;43.9337753737225;THOR
BSS002DSBP;2020-04-17;1.76;48.14;4.98793567928035;43.9337753737225;THOR
BSS002DSBP;2020-04-18;1.76;48.14;4.98793567928035;43.9337753737225;THOR
BSS002DSBP;2020-04-19;1.76;48.14;4.98793567928035;43.9337753737225;THOR
BSS002DSBP;2020-04-20;1.75;48.15;4.98793567928035;43.9337753737225;THOR
BSS002DSBP;2020-04-21;1.74;48.16;4.98793567928035;43.9337753737225;THOR
BSS002DSBP;2020-04-22;1.73;48.17;4.98793567928035;43.9337753737225;THOR
BSS002DSBP;2020-04-23;1.73;48.17;4.98793567928035;43.9337753737225;THOR
BSS002DSBP;2020-04-24;1.73;48.17;4.98793567928035;43.9337753737225;THOR
BSS002DSBP;2020-04-25;1.74;48.16;4.98793567928035;43.9337753737225;THOR
BSS002DSBP;2020-04-26;1.74;48.16;4.98793567928035;43.9337753737225;THOR
BSS002DSBP;2020-04-27;1.75;48.15;4.98793567928035;43.9337753737225;THOR
BSS002DSBP;2020-04-28;1.64;48.26;4.98793567928035;43.9337753737225;THOR
BSS002DSBP;2020-04-29;1.66;48.24;4.98793567928035;43.9337753737225;THOR
BSS002DSBP;2020-04-30;1.67;48.23;4.98793567928035;43.9337753737225;THOR
BSS002DSBP;2020-05-01;1.67;48.23;4.98793567928035;43.9337753737225;THOR
BSS002DSBP;2020-05-02;1.68;48.22;4.98793567928035;43.9337753737225;THOR
BSS002DSBP;2020-05-03;1.68;48.22;4.98793567928035;43.9337753737225;THOR
BSS002DSBP;2020-05-04;1.7;48.2;4.98793567928035;43.9337753737225;THOR
BSS002DSBP;2020-05-05;1.7;48.2;4.98793567928035;43.9337753737225;THOR
BSS002DSBP;2020-05-06;1.71;48.19;4.98793567928035;43.9337753737225;THOR
BSS002DSBP;2020-05-07;1.72;48.18;4.98793567928035;43.9337753737225;THOR
BSS002DSBP;2020-05-08;1.73;48.17;4.98793567928035;43.9337753737225;THOR
BSS002DSBP;2020-05-09;1.74;48.16;4.98793567928035;43.9337753737225;THOR
BSS002DSBP;2020-05-10;1.73;48.17;4.98793567928035;43.9337753737225;THOR
BSS002DSBP;2020-05-11;1.72;48.18;4.98793567928035;43.9337753737225;THOR
BSS002DSBP;2020-05-12;1.72;48.18;4.98793567928035;43.9337753737225;THOR
BSS002DSBP;2020-05-13;1.72;48.18;4.98793567928035;43.9337753737225;THOR
BSS002DSBP;2020-05-14;1.72;48.18;4.98793567928035;43.9337753737225;THOR
BSS002DSBP;2020-05-15;1.72;48.18;4.98793567928035;43.9337753737225;THOR
BSS002DSBP;2020-05-16;1.72;48.18;4.98793567928035;43.9337753737225;THOR
BSS002DSBP;2020-05-17;1.71;48.19;4.98793567928035;43.9337753737225;THOR
BSS002DSBP;2020-05-18;1.7;48.2;4.98793567928035;43.9337753737225;THOR
BSS002DSBP;2020-05-19;1.73;48.17;4.98793567928035;43.9337753737225;THOR
BSS002DSBP;2020-05-20;1.75;48.15;4.98793567928035;43.9337753737225;THOR
BSS002DSBP;2020-05-21;1.76;48.14;4.98793567928035;43.9337753737225;THOR
BSS002DSBP;2020-05-22;1.78;48.12;4.98793567928035;43.9337753737225;THOR
BSS002DSBP;2020-05-23;1.79;48.11;4.98793567928035;43.9337753737225;THOR
BSS002DSBP;2020-05-24;1.79;48.11;4.98793567928035;43.9337753737225;THOR
BSS002DSBP;2020-05-25;1.8;48.1;4.98793567928035;43.9337753737225;THOR
BSS002DSBP;2020-05-26;1.84;48.06;4.98793567928035;43.9337753737225;THOR
BSS002DSBP;2020-05-27;1.85;48.05;4.98793567928035;43.9337753737225;THOR
BSS002DSBP;2020-05-28;1.86;48.04;4.98793567928035;43.9337753737225;THOR
BSS002DSBP;2020-05-29;1.88;48.02;4.98793567928035;43.9337753737225;THOR
BSS002DSBP;2020-05-30;1.89;48.01;4.98793567928035;43.9337753737225;THOR
BSS002DSBP;2020-05-31;1.9;48.0;4.98793567928035;43.9337753737225;THOR
BSS002DSBP;2020-06-01;1.9;48.0;4.98793567928035;43.9337753737225;THOR
BSS002DSBP;2020-06-02;1.91;47.99;4.98793567928035;43.9337753737225;THOR
BSS002DSBP;2020-06-03;1.92;47.98;4.98793567928035;43.9337753737225;THOR
BSS002DSBP;2020-06-04;1.82;48.08;4.98793567928035;43.9337753737225;THOR
BSS002DSBP;2020-06-05;1.81;48.09;4.98793567928035;43.9337753737225;THOR
BSS002DSBP;2020-06-06;1.82;48.08;4.98793567928035;43.9337753737225;THOR
BSS002DSBP;2020-06-07;1.82;48.08;4.98793567928035;43.9337753737225;THOR
BSS002DSBP;2020-06-08;1.82;48.08;4.98793567928035;43.9337753737225;THOR
BSS002DSBP;2020-06-09;1.83;48.07;4.98793567928035;43.9337753737225;THOR
BSS002DSBP;2020-06-10;1.84;48.06;4.98793567928035;43.9337753737225;THOR
BSS002DSBP;2020-06-11;1.85;48.05;4.98793567928035;43.9337753737225;THOR
BSS002DSBP;2020-06-12;1.85;48.05;4.98793567928035;43.9337753737225;THOR
BSS002DSBP;2020-06-13;1.86;48.04;4.98793567928035;43.9337753737225;THOR
BSS002DSBP;2020-06-14;1.86;48.04;4.98793567928035;43.9337753737225;THOR
BSS002DSBP;2020-06-15;1.87;48.03;4.98793567928035;43.9337753737225;THOR
BSS002DSBP;2020-06-16;1.87;48.03;4.98793567928035;43.9337753737225;THOR
BSS002DSBP;2020-06-17;1.88;48.02;4.98793567928035;43.9337753737225;THOR
BSS002DSBP;2020-06-18;1.9;48.0;4.98793567928035;43.9337753737225;THOR
BSS002DSBP;2020-06-19;1.91;47.99;4.98793567928035;43.9337753737225;THOR
BSS002DSBP;2020-06-20;1.92;47.98;4.98793567928035;43.9337753737225;THOR
BSS002DSBP;2020-06-21;1.93;47.97;4.98793567928035;43.9337753737225;THOR
BSS002DSBP;2020-06-22;1.95;47.95;4.98793567928035;43.9337753737225;THOR
BSS002DSBP;2020-06-23;1.96;47.94;4.98793567928035;43.9337753737225;THOR
BSS002DSBP;2020-06-24;1.97;47.93;4.98793567928035;43.9337753737225;THOR
BSS002DSBP;2020-06-25;1.98;47.92;4.98793567928035;43.9337753737225;THOR
BSS002DSBP;2020-06-26;1.99;47.91;4.98793567928035;43.9337753737225;THOR
BSS002DSBP;2020-06-27;2.0;47.9;4.98793567928035;43.9337753737225;THOR
BSS002DSBP;2020-06-28;2.01;47.89;4.98793567928035;43.9337753737225;THOR
BSS002DSBP;2020-06-29;2.02;47.88;4.98793567928035;43.9337753737225;THOR
BSS002DSBP;2020-06-30;2.03;47.87;4.98793567928035;43.9337753737225;THOR
BSS002DSBP;2020-07-01;2.04;47.86;4.98793567928035;43.9337753737225;THOR
BSS002DSBP;2020-07-02;2.04;47.86;4.98793567928035;43.9337753737225;THOR
BSS002DSBP;2020-07-03;2.05;47.85;4.98793567928035;43.9337753737225;THOR
BSS002DSBP;2020-07-04;2.06;47.84;4.98793567928035;43.9337753737225;THOR
BSS002DSBP;2020-07-05;2.07;47.83;4.98793567928035;43.9337753737225;THOR
BSS002DSBP;2020-07-06;2.08;47.82;4.98793567928035;43.9337753737225;THOR
BSS002DSBP;2020-07-07;2.08;47.82;4.98793567928035;43.9337753737225;THOR
BSS002DSBP;2020-07-08;2.09;47.81;4.98793567928035;43.9337753737225;THOR
BSS002DSBP;2020-07-09;2.1;47.8;4.98793567928035;43.9337753737225;THOR
BSS002DSBP;2020-07-10;2.19;47.71;4.98793567928035;43.9337753737225;THOR
BSS002DSBP;2020-07-11;2.25;47.65;4.98793567928035;43.9337753737225;THOR
BSS002DSBP;2020-07-12;2.29;47.61;4.98793567928035;43.9337753737225;THOR
BSS002DSBP;2020-07-13;2.32;47.58;4.98793567928035;43.9337753737225;THOR
BSS002DSBP;2020-07-14;2.35;47.55;4.98793567928035;43.9337753737225;THOR
BSS002DSBP;2020-07-15;2.37;47.53;4.98793567928035;43.9337753737225;THOR
BSS002DSBP;2020-07-16;2.39;47.51;4.98793567928035;43.9337753737225;THOR
BSS002DSBP;2020-07-17;2.4;47.5;4.98793567928035;43.9337753737225;THOR
BSS002DSBP;2020-07-18;2.42;47.48;4.98793567928035;43.9337753737225;THOR
BSS002DSBP;2020-07-19;2.44;47.46;4.98793567928035;43.9337753737225;THOR
BSS002DSBP;2020-07-20;2.45;47.45;4.98793567928035;43.9337753737225;THOR
BSS002DSBP;2020-07-21;2.47;47.43;4.98793567928035;43.9337753737225;THOR
BSS002DSBP;2020-07-22;2.48;47.42;4.98793567928035;43.9337753737225;THOR
BSS002DSBP;2020-07-23;2.49;47.41;4.98793567928035;43.9337753737225;THOR
BSS002DSBP;2020-07-24;2.5;47.4;4.98793567928035;43.9337753737225;THOR
BSS002DSBP;2020-07-25;2.52;47.38;4.98793567928035;43.9337753737225;THOR
BSS002DSBP;2020-07-26;2.53;47.37;4.98793567928035;43.9337753737225;THOR
BSS002DSBP;2020-07-27;2.51;47.39;4.98793567928035;43.9337753737225;THOR
BSS002DSBP;2020-07-28;2.54;47.36;4.98793567928035;43.9337753737225;THOR
BSS002DSBP;2020-07-29;2.55;47.35;4.98793567928035;43.9337753737225;THOR
BSS002DSBP;2020-07-30;2.57;47.33;4.98793567928035;43.9337753737225;THOR
BSS002DSBP;2020-07-31;2.58;47.32;4.98793567928035;43.9337753737225;THOR
BSS002DSBP;2020-08-01;2.59;47.31;4.98793567928035;43.9337753737225;THOR
BSS002DSBP;2020-08-02;2.59;47.31;4.98793567928035;43.9337753737225;THOR
BSS002DSBP;2020-08-03;2.6;47.3;4.98793567928035;43.9337753737225;THOR
BSS002DSBP;2020-08-04;2.61;47.29;4.98793567928035;43.9337753737225;THOR
BSS002DSBP;2020-08-05;2.62;47.28;4.98793567928035;43.9337753737225;THOR
BSS002DSBP;2020-08-06;2.64;47.26;4.98793567928035;43.9337753737225;THOR
BSS002DSBP;2020-08-07;2.65;47.25;4.98793567928035;43.9337753737225;THOR
BSS002DSBP;2020-08-08;2.66;47.24;4.98793567928035;43.9337753737225;THOR
BSS002DSBP;2020-08-09;2.67;47.23;4.98793567928035;43.9337753737225;THOR
BSS002DSBP;2020-08-10;2.68;47.22;4.98793567928035;43.9337753737225;THOR
BSS002DSBP;2020-08-11;2.7;47.2;4.98793567928035;43.9337753737225;THOR
BSS002DSBP;2020-08-12;2.71;47.19;4.98793567928035;43.9337753737225;THOR
BSS002DSBP;2020-08-13;2.72;47.18;4.98793567928035;43.9337753737225;THOR
BSS002DSBP;2020-08-14;2.74;47.16;4.98793567928035;43.9337753737225;THOR
BSS002DSBP;2020-08-15;2.76;47.14;4.98793567928035;43.9337753737225;THOR
BSS002DSBP;2020-08-16;2.77;47.13;4.98793567928035;43.9337753737225;THOR
BSS002DSBP;2020-08-17;2.75;47.15;4.98793567928035;43.9337753737225;THOR
BSS002DSBP;2020-08-18;2.76;47.14;4.98793567928035;43.9337753737225;THOR
BSS002DSBP;2020-08-19;2.78;47.12;4.98793567928035;43.9337753737225;THOR
BSS002DSBP;2020-08-20;2.79;47.11;4.98793567928035;43.9337753737225;THOR
BSS002DSBP;2020-08-21;2.8;47.1;4.98793567928035;43.9337753737225;THOR
BSS002DSBP;2020-08-22;2.82;47.08;4.98793567928035;43.9337753737225;THOR
BSS002DSBP;2020-08-23;2.83;47.07;4.98793567928035;43.9337753737225;THOR
BSS002DSBP;2020-08-24;2.83;47.07;4.98793567928035;43.9337753737225;THOR
BSS002DSBP;2020-08-25;2.84;47.06;4.98793567928035;43.9337753737225;THOR
BSS002DSBP;2020-08-26;2.87;47.03;4.98793567928035;43.9337753737225;THOR
BSS002DSBP;2020-08-27;2.88;47.02;4.98793567928035;43.9337753737225;THOR
BSS002DSBP;2020-08-28;2.86;47.04;4.98793567928035;43.9337753737225;THOR
BSS002DSBP;2020-08-29;2.83;47.07;4.98793567928035;43.9337753737225;THOR
BSS002DSBP;2020-08-30;2.83;47.07;4.98793567928035;43.9337753737225;THOR
BSS002DSBP;2020-08-31;2.85;47.05;4.98793567928035;43.9337753737225;THOR
BSS002DSBP;2020-09-01;2.86;47.04;4.98793567928035;43.9337753737225;THOR
BSS002DSBP;2020-09-02;2.87;47.03;4.98793567928035;43.9337753737225;THOR
BSS002DSBP;2020-09-03;2.89;47.01;4.98793567928035;43.9337753737225;THOR
BSS002DSBP;2020-09-04;2.89;47.01;4.98793567928035;43.9337753737225;THOR
BSS002DSBP;2020-09-05;2.9;47.0;4.98793567928035;43.9337753737225;THOR
BSS002DSBP;2020-09-06;2.9;47.0;4.98793567928035;43.9337753737225;THOR
BSS002DSBP;2020-09-07;2.91;46.99;4.98793567928035;43.9337753737225;THOR
BSS002DSBP;2020-09-08;2.92;46.98;4.98793567928035;43.9337753737225;THOR
BSS002DSBP;2020-09-09;2.92;46.98;4.98793567928035;43.9337753737225;THOR
BSS002DSBP;2020-09-10;2.91;46.99;4.98793567928035;43.9337753737225;THOR
BSS002DSBP;2020-09-11;2.91;46.99;4.98793567928035;43.9337753737225;THOR
BSS002DSBP;2020-09-12;2.92;46.98;4.98793567928035;43.9337753737225;THOR
BSS002DSBP;2020-09-13;2.93;46.97;4.98793567928035;43.9337753737225;THOR
BSS002DSBP;2020-09-14;2.93;46.97;4.98793567928035;43.9337753737225;THOR
BSS002DSBP;2020-09-15;2.94;46.96;4.98793567928035;43.9337753737225;THOR
BSS002DSBP;2020-09-16;2.95;46.95;4.98793567928035;43.9337753737225;THOR
BSS002DSBP;2020-09-17;2.96;46.94;4.98793567928035;43.9337753737225;THOR
BSS002DSBP;2020-09-18;2.97;46.93;4.98793567928035;43.9337753737225;THOR
BSS002DSBP;2020-09-19;2.97;46.93;4.98793567928035;43.9337753737225;THOR
BSS002DSBP;2020-09-20;2.9;47.0;4.98793567928035;43.9337753737225;THOR
BSS002DSBP;2020-09-21;2.91;46.99;4.98793567928035;43.9337753737225;THOR
BSS002DSBP;2020-09-22;2.84;47.06;4.98793567928035;43.9337753737225;THOR
BSS002DSBP;2020-09-23;2.81;47.09;4.98793567928035;43.9337753737225;THOR
BSS002DSBP;2020-09-24;2.81;47.09;4.98793567928035;43.9337753737225;THOR
BSS002DSBP;2020-09-25;2.8;47.1;4.98793567928035;43.9337753737225;THOR
BSS002DSBP;2020-09-26;2.8;47.1;4.98793567928035;43.9337753737225;THOR
BSS002DSBP;2020-09-27;2.8;47.1;4.98793567928035;43.9337753737225;THOR
BSS002DSBP;2020-09-28;2.8;47.1;4.98793567928035;43.9337753737225;THOR
BSS002DSBP;2020-09-29;2.8;47.1;4.98793567928035;43.9337753737225;THOR
BSS002DSBP;2020-09-30;2.79;47.11;4.98793567928035;43.9337753737225;THOR
BSS002DSBP;2020-10-01;2.78;47.12;4.98793567928035;43.9337753737225;THOR
BSS002DSBP;2020-10-02;2.73;47.17;4.98793567928035;43.9337753737225;THOR
BSS002DSBP;2020-10-03;2.72;47.18;4.98793567928035;43.9337753737225;THOR
BSS002DSBP;2020-10-04;2.71;47.19;4.98793567928035;43.9337753737225;THOR
BSS002DSBP;2020-10-05;2.71;47.19;4.98793567928035;43.9337753737225;THOR
BSS002DSBP;2020-10-06;2.7;47.2;4.98793567928035;43.9337753737225;THOR
BSS002DSBP;2020-10-07;2.7;47.2;4.98793567928035;43.9337753737225;THOR
BSS002DSBP;2020-10-08;2.69;47.21;4.98793567928035;43.9337753737225;THOR
BSS002DSBP;2020-10-09;2.69;47.21;4.98793567928035;43.9337753737225;THOR
BSS002DSBP;2020-10-10;2.68;47.22;4.98793567928035;43.9337753737225;THOR
BSS002DSBP;2020-10-11;2.67;47.23;4.98793567928035;43.9337753737225;THOR
BSS002DSBP;2020-10-12;2.67;47.23;4.98793567928035;43.9337753737225;THOR
BSS002DSBP;2020-10-13;2.66;47.24;4.98793567928035;43.9337753737225;THOR
BSS002DSBP;2020-10-14;2.65;47.25;4.98793567928035;43.9337753737225;THOR
BSS002DSBP;2020-10-15;2.64;47.26;4.98793567928035;43.9337753737225;THOR
BSS002DSBP;2020-10-16;2.64;47.26;4.98793567928035;43.9337753737225;THOR
BSS002DSBP;2020-10-17;2.63;47.27;4.98793567928035;43.9337753737225;THOR
BSS002DSBP;2020-10-18;2.63;47.27;4.98793567928035;43.9337753737225;THOR
BSS002DSBP;2020-10-19;2.62;47.28;4.98793567928035;43.9337753737225;THOR
BSS002DSBP;2020-10-20;2.61;47.29;4.98793567928035;43.9337753737225;THOR
BSS002DSBP;2020-10-21;2.61;47.29;4.98793567928035;43.9337753737225;THOR
BSS002DSBP;2020-10-22;2.6;47.3;4.98793567928035;43.9337753737225;THOR
BSS002DSBP;2020-10-23;2.59;47.31;4.98793567928035;43.9337753737225;THOR
BSS002DSBP;2020-10-24;2.58;47.32;4.98793567928035;43.9337753737225;THOR
BSS002DSBP;2020-10-25;2.56;47.34;4.98793567928035;43.9337753737225;THOR
BSS002DSBP;2020-10-26;2.56;47.34;4.98793567928035;43.9337753737225;THOR
BSS002DSBP;2020-10-27;2.56;47.34;4.98793567928035;43.9337753737225;THOR
BSS002DSBP;2020-10-28;2.55;47.35;4.98793567928035;43.9337753737225;THOR
BSS002DSBP;2020-10-29;2.55;47.35;4.98793567928035;43.9337753737225;THOR
BSS002DSBP;2020-10-30;2.54;47.36;4.98793567928035;43.9337753737225;THOR
BSS002DSBP;2020-10-31;2.53;47.37;4.98793567928035;43.9337753737225;THOR
BSS002DSBP;2020-11-01;2.53;47.37;4.98793567928035;43.9337753737225;THOR
BSS002DSBP;2020-11-02;2.52;47.38;4.98793567928035;43.9337753737225;THOR
BSS002DSBP;2020-11-03;2.52;47.38;4.98793567928035;43.9337753737225;THOR
BSS002DSBP;2020-11-04;2.51;47.39;4.98793567928035;43.9337753737225;THOR
BSS002DSBP;2020-11-05;2.51;47.39;4.98793567928035;43.9337753737225;THOR
BSS002DSBP;2020-11-06;2.5;47.4;4.98793567928035;43.9337753737225;THOR
BSS002DSBP;2020-11-07;2.5;47.4;4.98793567928035;43.9337753737225;THOR
BSS002DSBP;2020-11-08;2.45;47.45;4.98793567928035;43.9337753737225;THOR
BSS002DSBP;2020-11-09;2.46;47.44;4.98793567928035;43.9337753737225;THOR
BSS002DSBP;2020-11-10;2.46;47.44;4.98793567928035;43.9337753737225;THOR
BSS002DSBP;2020-11-11;2.45;47.45;4.98793567928035;43.9337753737225;THOR
BSS002DSBP;2020-11-12;2.45;47.45;4.98793567928035;43.9337753737225;THOR
BSS002DSBP;2020-11-13;2.45;47.45;4.98793567928035;43.9337753737225;THOR
BSS002DSBP;2020-11-14;2.45;47.45;4.98793567928035;43.9337753737225;THOR
BSS002DSBP;2020-11-15;2.44;47.46;4.98793567928035;43.9337753737225;THOR
BSS002DSBP;2020-11-16;2.43;47.47;4.98793567928035;43.9337753737225;THOR
BSS002DSBP;2020-11-17;2.43;47.47;4.98793567928035;43.9337753737225;THOR
BSS002DSBP;2020-11-18;2.43;47.47;4.98793567928035;43.9337753737225;THOR
BSS002DSBP;2020-11-19;2.43;47.47;4.98793567928035;43.9337753737225;THOR
BSS002DSBP;2020-11-20;2.42;47.48;4.98793567928035;43.9337753737225;THOR
BSS002DSBP;2020-11-21;2.43;47.47;4.98793567928035;43.9337753737225;THOR
BSS002DSBP;2020-11-22;2.42;47.48;4.98793567928035;43.9337753737225;THOR
BSS002DSBP;2020-11-23;2.42;47.48;4.98793567928035;43.9337753737225;THOR
BSS002DSBP;2020-11-24;2.42;47.48;4.98793567928035;43.9337753737225;THOR
BSS002DSBP;2020-11-25;2.41;47.49;4.98793567928035;43.9337753737225;THOR
BSS002DSBP;2020-11-26;2.41;47.49;4.98793567928035;43.9337753737225;THOR
BSS002DSBP;2020-11-27;2.41;47.49;4.98793567928035;43.9337753737225;THOR
BSS002DSBP;2020-11-28;2.4;47.5;4.98793567928035;43.9337753737225;THOR
BSS002DSBP;2020-11-29;2.4;47.5;4.98793567928035;43.9337753737225;THOR
BSS002DSBP;2020-11-30;2.41;47.49;4.98793567928035;43.9337753737225;THOR
BSS002DSBP;2020-12-01;2.4;47.5;4.98793567928035;43.9337753737225;THOR
BSS002DSBP;2020-12-02;2.39;47.51;4.98793567928035;43.9337753737225;THOR
BSS002DSBP;2020-12-03;2.39;47.51;4.98793567928035;43.9337753737225;THOR
BSS002DSBP;2020-12-04;2.36;47.54;4.98793567928035;43.9337753737225;THOR
BSS002DSBP;2020-12-05;2.37;47.53;4.98793567928035;43.9337753737225;THOR
BSS002DSBP;2020-12-06;2.37;47.53;4.98793567928035;43.9337753737225;THOR
BSS002DSBP;2020-12-07;2.37;47.53;4.98793567928035;43.9337753737225;THOR
BSS002DSBP;2020-12-08;2.36;47.54;4.98793567928035;43.9337753737225;THOR
BSS002DSBP;2020-12-09;2.36;47.54;4.98793567928035;43.9337753737225;THOR
BSS002DSBP;2020-12-10;2.36;47.54;4.98793567928035;43.9337753737225;THOR
BSS002DSBP;2020-12-11;2.34;47.56;4.98793567928035;43.9337753737225;THOR
BSS002DSBP;2020-12-12;2.34;47.56;4.98793567928035;43.9337753737225;THOR
BSS002DSBP;2020-12-13;2.34;47.56;4.98793567928035;43.9337753737225;THOR
BSS002DSBP;2020-12-14;2.34;47.56;4.98793567928035;43.9337753737225;THOR
BSS002DSBP;2020-12-15;2.33;47.57;4.98793567928035;43.9337753737225;THOR
BSS002DSBP;2020-12-16;2.33;47.57;4.98793567928035;43.9337753737225;THOR
BSS002DSBP;2020-12-17;2.33;47.57;4.98793567928035;43.9337753737225;THOR
BSS002DSBP;2020-12-18;2.33;47.57;4.98793567928035;43.9337753737225;THOR
BSS002DSBP;2020-12-19;2.32;47.58;4.98793567928035;43.9337753737225;THOR
BSS002DSBP;2020-12-20;2.3;47.6;4.98793567928035;43.9337753737225;THOR
BSS002DSBP;2020-12-21;2.3;47.6;4.98793567928035;43.9337753737225;THOR
BSS002DSBP;2020-12-22;2.29;47.61;4.98793567928035;43.9337753737225;THOR
BSS002DSBP;2020-12-23;2.29;47.61;4.98793567928035;43.9337753737225;THOR
BSS002DSBP;2020-12-24;2.28;47.62;4.98793567928035;43.9337753737225;THOR
BSS002DSBP;2020-12-25;2.28;47.62;4.98793567928035;43.9337753737225;THOR
BSS002DSBP;2020-12-26;2.28;47.62;4.98793567928035;43.9337753737225;THOR
BSS002DSBP;2020-12-27;2.26;47.64;4.98793567928035;43.9337753737225;THOR
BSS002DSBP;2020-12-28;2.25;47.65;4.98793567928035;43.9337753737225;THOR
BSS002DSBP;2020-12-29;2.27;47.63;4.98793567928035;43.9337753737225;THOR
BSS002DSBP;2020-12-30;2.27;47.63;4.98793567928035;43.9337753737225;THOR
BSS002DSBP;2020-12-31;2.26;47.64;4.98793567928035;43.9337753737225;THOR
BSS002DSBP;2021-01-01;2.25;47.65;4.98793567928035;43.9337753737225;THOR
BSS002DSBP;2021-01-02;2.24;47.66;4.98793567928035;43.9337753737225;THOR
BSS002DSBP;2021-01-03;2.25;47.65;4.98793567928035;43.9337753737225;THOR
BSS002DSBP;2021-01-04;2.26;47.64;4.98793567928035;43.9337753737225;THOR
BSS002DSBP;2021-01-05;2.25;47.65;4.98793567928035;43.9337753737225;THOR
BSS002DSBP;2021-01-06;2.25;47.65;4.98793567928035;43.9337753737225;THOR
BSS002DSBP;2021-01-07;2.25;47.65;4.98793567928035;43.9337753737225;THOR
BSS002DSBP;2021-01-08;2.28;47.62;4.98793567928035;43.9337753737225;THOR
BSS002DSBP;2021-01-09;2.29;47.61;4.98793567928035;43.9337753737225;THOR
BSS002DSBP;2021-01-10;2.29;47.61;4.98793567928035;43.9337753737225;THOR
BSS002DSBP;2021-01-11;2.3;47.6;4.98793567928035;43.9337753737225;THOR
BSS002DSBP;2021-01-12;2.31;47.59;4.98793567928035;43.9337753737225;THOR
BSS002DSBP;2021-01-13;2.31;47.59;4.98793567928035;43.9337753737225;THOR
BSS002DSBP;2021-01-14;2.31;47.59;4.98793567928035;43.9337753737225;THOR
BSS002DSBP;2021-01-15;2.31;47.59;4.98793567928035;43.9337753737225;THOR
BSS002DSBP;2021-01-16;2.31;47.59;4.98793567928035;43.9337753737225;THOR
BSS002DSBP;2021-01-17;2.31;47.59;4.98793567928035;43.9337753737225;THOR
BSS002DSBP;2021-01-18;2.32;47.58;4.98793567928035;43.9337753737225;THOR
BSS002DSBP;2021-01-19;2.31;47.59;4.98793567928035;43.9337753737225;THOR
BSS002DSBP;2021-01-20;2.3;47.6;4.98793567928035;43.9337753737225;THOR
BSS002DSBP;2021-01-21;2.3;47.6;4.98793567928035;43.9337753737225;THOR
BSS002DSBP;2021-01-22;2.28;47.62;4.98793567928035;43.9337753737225;THOR
BSS002DSBP;2021-01-23;2.27;47.63;4.98793567928035;43.9337753737225;THOR
BSS002DSBP;2021-01-24;2.27;47.63;4.98793567928035;43.9337753737225;THOR
BSS002DSBP;2021-01-25;2.27;47.63;4.98793567928035;43.9337753737225;THOR
BSS002DSBP;2021-01-26;2.27;47.63;4.98793567928035;43.9337753737225;THOR
BSS002DSBP;2021-01-27;2.27;47.63;4.98793567928035;43.9337753737225;THOR
BSS002DSBP;2021-01-28;2.27;47.63;4.98793567928035;43.9337753737225;THOR
BSS002DSBP;2021-01-29;2.26;47.64;4.98793567928035;43.9337753737225;THOR
BSS002DSBP;2021-01-30;2.22;47.68;4.98793567928035;43.9337753737225;THOR
BSS002DSBP;2021-01-31;2.22;47.68;4.98793567928035;43.9337753737225;THOR
BSS002DSBP;2021-02-01;2.21;47.69;4.98793567928035;43.9337753737225;THOR
BSS002DSBP;2021-02-02;2.22;47.68;4.98793567928035;43.9337753737225;THOR
BSS002DSBP;2021-02-03;2.21;47.69;4.98793567928035;43.9337753737225;THOR
BSS002DSBP;2021-02-04;2.21;47.69;4.98793567928035;43.9337753737225;THOR
BSS002DSBP;2021-02-05;2.21;47.69;4.98793567928035;43.9337753737225;THOR
BSS002DSBP;2021-02-06;2.2;47.7;4.98793567928035;43.9337753737225;THOR
BSS002DSBP;2021-02-07;2.16;47.74;4.98793567928035;43.9337753737225;THOR
BSS002DSBP;2021-02-08;2.15;47.75;4.98793567928035;43.9337753737225;THOR
BSS002DSBP;2021-02-09;2.13;47.77;4.98793567928035;43.9337753737225;THOR
BSS002DSBP;2021-02-10;2.13;47.77;4.98793567928035;43.9337753737225;THOR
BSS002DSBP;2021-02-11;2.13;47.77;4.98793567928035;43.9337753737225;THOR
BSS002DSBP;2021-02-12;2.13;47.77;4.98793567928035;43.9337753737225;THOR
BSS002DSBP;2021-02-13;2.13;47.77;4.98793567928035;43.9337753737225;THOR
BSS002DSBP;2021-02-14;2.13;47.77;4.98793567928035;43.9337753737225;THOR
BSS002DSBP;2021-02-15;2.13;47.77;4.98793567928035;43.9337753737225;THOR
BSS002DSBP;2021-02-16;2.12;47.78;4.98793567928035;43.9337753737225;THOR
BSS002DSBP;2021-02-17;2.12;47.78;4.98793567928035;43.9337753737225;THOR
BSS002DSBP;2021-02-18;2.12;47.78;4.98793567928035;43.9337753737225;THOR
BSS002DSBP;2021-02-19;2.12;47.78;4.98793567928035;43.9337753737225;THOR
BSS002DSBP;2021-02-20;2.12;47.78;4.98793567928035;43.9337753737225;THOR
BSS002DSBP;2021-02-21;2.12;47.78;4.98793567928035;43.9337753737225;THOR
BSS002DSBP;2021-02-22;2.12;47.78;4.98793567928035;43.9337753737225;THOR
BSS002DSBP;2021-02-23;2.14;47.76;4.98793567928035;43.9337753737225;THOR
BSS002DSBP;2021-02-24;2.13;47.77;4.98793567928035;43.9337753737225;THOR
BSS002DSBP;2021-02-25;2.13;47.77;4.98793567928035;43.9337753737225;THOR
BSS002DSBP;2021-02-26;2.13;47.77;4.98793567928035;43.9337753737225;THOR
BSS002DSBP;2021-02-27;2.13;47.77;4.98793567928035;43.9337753737225;THOR
BSS002DSBP;2021-02-28;2.13;47.77;4.98793567928035;43.9337753737225;THOR
BSS002DSBP;2021-03-01;2.13;47.77;4.98793567928035;43.9337753737225;THOR
BSS002DSBP;2021-03-02;2.13;47.77;4.98793567928035;43.9337753737225;THOR
BSS002DSBP;2021-03-03;2.14;47.76;4.98793567928035;43.9337753737225;THOR
BSS002DSBP;2021-03-04;2.14;47.76;4.98793567928035;43.9337753737225;THOR
BSS002DSBP;2021-03-05;2.14;47.76;4.98793567928035;43.9337753737225;THOR
BSS002DSBP;2021-03-06;2.15;47.75;4.98793567928035;43.9337753737225;THOR
BSS002DSBP;2021-03-07;2.14;47.76;4.98793567928035;43.9337753737225;THOR
BSS002DSBP;2021-03-08;2.15;47.75;4.98793567928035;43.9337753737225;THOR
BSS002DSBP;2021-03-09;2.15;47.75;4.98793567928035;43.9337753737225;THOR
BSS002DSBP;2021-03-10;2.16;47.74;4.98793567928035;43.9337753737225;THOR
BSS002DSBP;2021-03-11;2.16;47.74;4.98793567928035;43.9337753737225;THOR
BSS002DSBP;2021-03-12;2.16;47.74;4.98793567928035;43.9337753737225;THOR
BSS002DSBP;2021-03-13;2.17;47.73;4.98793567928035;43.9337753737225;THOR
BSS002DSBP;2021-03-14;2.17;47.73;4.98793567928035;43.9337753737225;THOR
BSS002DSBP;2021-03-15;2.17;47.73;4.98793567928035;43.9337753737225;THOR
BSS002DSBP;2021-03-16;2.14;47.76;4.98793567928035;43.9337753737225;THOR
BSS002DSBP;2021-03-17;2.15;47.75;4.98793567928035;43.9337753737225;THOR
BSS002DSBP;2021-03-18;2.17;47.73;4.98793567928035;43.9337753737225;THOR
BSS002DSBP;2021-03-19;2.18;47.72;4.98793567928035;43.9337753737225;THOR
BSS002DSBP;2021-03-20;2.19;47.71;4.98793567928035;43.9337753737225;THOR
BSS002DSBP;2021-03-21;2.19;47.71;4.98793567928035;43.9337753737225;THOR
BSS002DSBP;2021-03-22;2.19;47.71;4.98793567928035;43.9337753737225;THOR
BSS002DSBP;2021-03-23;2.2;47.7;4.98793567928035;43.9337753737225;THOR
BSS002DSBP;2021-03-24;2.21;47.69;4.98793567928035;43.9337753737225;THOR
BSS002DSBP;2021-03-25;2.21;47.69;4.98793567928035;43.9337753737225;THOR
BSS002DSBP;2021-03-26;2.21;47.69;4.98793567928035;43.9337753737225;THOR
BSS002DSBP;2021-03-27;2.22;47.68;4.98793567928035;43.9337753737225;THOR
BSS002DSBP;2021-03-28;2.22;47.68;4.98793567928035;43.9337753737225;THOR
BSS002DSBP;2021-03-29;2.23;47.67;4.98793567928035;43.9337753737225;THOR
BSS002DSBP;2021-03-30;2.23;47.67;4.98793567928035;43.9337753737225;THOR
BSS002DSBP;2021-03-31;2.22;47.68;4.98793567928035;43.9337753737225;THOR
BSS002DSBP;2021-04-01;2.23;47.67;4.98793567928035;43.9337753737225;THOR
BSS002DSBP;2021-04-02;2.23;47.67;4.98793567928035;43.9337753737225;THOR
BSS002DSBP;2021-04-03;2.24;47.66;4.98793567928035;43.9337753737225;THOR
BSS002DSBP;2021-04-04;2.25;47.65;4.98793567928035;43.9337753737225;THOR
BSS002DSBP;2021-04-05;2.25;47.65;4.98793567928035;43.9337753737225;THOR
BSS002DSBP;2021-04-06;2.23;47.67;4.98793567928035;43.9337753737225;THOR
BSS002DSBP;2021-04-07;2.26;47.64;4.98793567928035;43.9337753737225;THOR
BSS002DSBP;2021-04-08;2.27;47.63;4.98793567928035;43.9337753737225;THOR
BSS002DSBP;2021-04-09;2.28;47.62;4.98793567928035;43.9337753737225;THOR
BSS002DSBP;2021-04-10;2.28;47.62;4.98793567928035;43.9337753737225;THOR
BSS002DSBP;2021-04-11;2.27;47.63;4.98793567928035;43.9337753737225;THOR
BSS002DSBP;2021-04-12;2.25;47.65;4.98793567928035;43.9337753737225;THOR
BSS002DSBP;2021-04-13;2.25;47.65;4.98793567928035;43.9337753737225;THOR
BSS002DSBP;2021-04-14;2.25;47.65;4.98793567928035;43.9337753737225;THOR
BSS002DSBP;2021-04-15;2.25;47.65;4.98793567928035;43.9337753737225;THOR
BSS002DSBP;2021-04-16;2.25;47.65;4.98793567928035;43.9337753737225;THOR
BSS002DSBP;2021-04-17;2.26;47.64;4.98793567928035;43.9337753737225;THOR
BSS002DSBP;2021-04-18;2.27;47.63;4.98793567928035;43.9337753737225;THOR
BSS002DSBP;2021-04-19;2.27;47.63;4.98793567928035;43.9337753737225;THOR
BSS002DSBP;2021-04-20;2.28;47.62;4.98793567928035;43.9337753737225;THOR
BSS002DSBP;2021-04-21;2.29;47.61;4.98793567928035;43.9337753737225;THOR
BSS002DSBP;2021-04-22;2.3;47.6;4.98793567928035;43.9337753737225;THOR
BSS002DSBP;2021-04-23;2.3;47.6;4.98793567928035;43.9337753737225;THOR
BSS002DSBP;2021-04-24;2.31;47.59;4.98793567928035;43.9337753737225;THOR
BSS002DSBP;2021-04-25;2.31;47.59;4.98793567928035;43.9337753737225;THOR
BSS002DSBP;2021-04-26;2.31;47.59;4.98793567928035;43.9337753737225;THOR
BSS002DSBP;2021-04-27;2.32;47.58;4.98793567928035;43.9337753737225;THOR
BSS002DSBP;2021-04-28;2.31;47.59;4.98793567928035;43.9337753737225;THOR
BSS002DSBP;2021-04-29;2.19;47.71;4.98793567928035;43.9337753737225;THOR
BSS002DSBP;2021-04-30;2.03;47.87;4.98793567928035;43.9337753737225;THOR
BSS002DSBP;2021-05-01;1.9;48.0;4.98793567928035;43.9337753737225;THOR
BSS002DSBP;2021-05-02;1.89;48.01;4.98793567928035;43.9337753737225;THOR
BSS002DSBP;2021-05-03;1.89;48.01;4.98793567928035;43.9337753737225;THOR
BSS002DSBP;2021-05-04;1.91;47.99;4.98793567928035;43.9337753737225;THOR
BSS002DSBP;2021-05-05;1.91;47.99;4.98793567928035;43.9337753737225;THOR
BSS002DSBP;2021-05-06;1.93;47.97;4.98793567928035;43.9337753737225;THOR
BSS002DSBP;2021-05-07;1.94;47.96;4.98793567928035;43.9337753737225;THOR
BSS002DSBP;2021-05-08;1.95;47.95;4.98793567928035;43.9337753737225;THOR
BSS002DSBP;2021-05-09;1.96;47.94;4.98793567928035;43.9337753737225;THOR
BSS002DSBP;2021-05-10;1.97;47.93;4.98793567928035;43.9337753737225;THOR
BSS002DSBP;2021-05-11;1.93;47.97;4.98793567928035;43.9337753737225;THOR
BSS002DSBP;2021-05-12;1.92;47.98;4.98793567928035;43.9337753737225;THOR
BSS002DSBP;2021-05-13;1.93;47.97;4.98793567928035;43.9337753737225;THOR
BSS002DSBP;2021-05-14;1.95;47.95;4.98793567928035;43.9337753737225;THOR
BSS002DSBP;2021-05-15;1.96;47.94;4.98793567928035;43.9337753737225;THOR
BSS002DSBP;2021-05-16;1.97;47.93;4.98793567928035;43.9337753737225;THOR
BSS002DSBP;2021-05-17;1.97;47.93;4.98793567928035;43.9337753737225;THOR
BSS002DSBP;2021-05-18;1.98;47.92;4.98793567928035;43.9337753737225;THOR
BSS002DSBP;2021-05-19;1.99;47.91;4.98793567928035;43.9337753737225;THOR
BSS002DSBP;2021-05-20;2.01;47.89;4.98793567928035;43.9337753737225;THOR
BSS002DSBP;2021-05-21;2.02;47.88;4.98793567928035;43.9337753737225;THOR
BSS002DSBP;2021-05-22;2.02;47.88;4.98793567928035;43.9337753737225;THOR
BSS002DSBP;2021-05-23;2.03;47.87;4.98793567928035;43.9337753737225;THOR
BSS002DSBP;2021-05-24;2.04;47.86;4.98793567928035;43.9337753737225;THOR
BSS002DSBP;2021-05-25;2.05;47.85;4.98793567928035;43.9337753737225;THOR
BSS002DSBP;2021-05-26;2.06;47.84;4.98793567928035;43.9337753737225;THOR
BSS002DSBP;2021-05-27;2.07;47.83;4.98793567928035;43.9337753737225;THOR
BSS002DSBP;2021-05-28;2.08;47.82;4.98793567928035;43.9337753737225;THOR
BSS002DSBP;2021-05-29;2.1;47.8;4.98793567928035;43.9337753737225;THOR
BSS002DSBP;2021-05-30;2.11;47.79;4.98793567928035;43.9337753737225;THOR
BSS002DSBP;2021-05-31;2.12;47.78;4.98793567928035;43.9337753737225;THOR
BSS002DSBP;2021-06-01;2.13;47.77;4.98793567928035;43.9337753737225;THOR
BSS002DSBP;2021-06-02;2.15;47.75;4.98793567928035;43.9337753737225;THOR
BSS002DSBP;2021-06-03;2.16;47.74;4.98793567928035;43.9337753737225;THOR
BSS002DSBP;2021-06-04;2.17;47.73;4.98793567928035;43.9337753737225;THOR
BSS002DSBP;2021-06-05;2.18;47.72;4.98793567928035;43.9337753737225;THOR
BSS002DSBP;2021-06-06;2.2;47.7;4.98793567928035;43.9337753737225;THOR
BSS002DSBP;2021-06-07;2.21;47.69;4.98793567928035;43.9337753737225;THOR
BSS002DSBP;2021-06-08;2.23;47.67;4.98793567928035;43.9337753737225;THOR
BSS002DSBP;2021-06-09;2.25;47.65;4.98793567928035;43.9337753737225;THOR
BSS002DSBP;2021-06-10;2.26;47.64;4.98793567928035;43.9337753737225;THOR
BSS002DSBP;2021-06-11;2.26;47.64;4.98793567928035;43.9337753737225;THOR
BSS002DSBP;2021-06-12;2.29;47.61;4.98793567928035;43.9337753737225;THOR
BSS002DSBP;2021-06-13;2.31;47.59;4.98793567928035;43.9337753737225;THOR
BSS002DSBP;2021-06-14;2.33;47.57;4.98793567928035;43.9337753737225;THOR
BSS002DSBP;2021-06-15;2.34;47.56;4.98793567928035;43.9337753737225;THOR
BSS002DSBP;2021-06-16;2.35;47.55;4.98793567928035;43.9337753737225;THOR
BSS002DSBP;2021-06-17;2.37;47.53;4.98793567928035;43.9337753737225;THOR
BSS002DSBP;2021-06-18;2.39;47.51;4.98793567928035;43.9337753737225;THOR
BSS002DSBP;2021-06-19;2.41;47.49;4.98793567928035;43.9337753737225;THOR
BSS002DSBP;2021-06-20;2.42;47.48;4.98793567928035;43.9337753737225;THOR
BSS002DSBP;2021-06-21;2.43;47.47;4.98793567928035;43.9337753737225;THOR
BSS002DSBP;2021-06-22;2.43;47.47;4.98793567928035;43.9337753737225;THOR
BSS002DSBP;2021-06-23;2.45;47.45;4.98793567928035;43.9337753737225;THOR
BSS002DSBP;2021-06-24;2.46;47.44;4.98793567928035;43.9337753737225;THOR
BSS002DSBP;2021-06-25;2.47;47.43;4.98793567928035;43.9337753737225;THOR
BSS002DSBP;2021-06-26;2.48;47.42;4.98793567928035;43.9337753737225;THOR
BSS002DSBP;2021-06-27;2.49;47.41;4.98793567928035;43.9337753737225;THOR
BSS002DSBP;2021-06-28;2.5;47.4;4.98793567928035;43.9337753737225;THOR
BSS002DSBP;2021-06-29;2.51;47.39;4.98793567928035;43.9337753737225;THOR
BSS002DSBP;2021-06-30;2.52;47.38;4.98793567928035;43.9337753737225;THOR
BSS002DSBP;2021-07-01;2.53;47.37;4.98793567928035;43.9337753737225;THOR
BSS002DSBP;2021-07-02;2.54;47.36;4.98793567928035;43.9337753737225;THOR
BSS002DSBP;2021-07-03;2.54;47.36;4.98793567928035;43.9337753737225;THOR
BSS002DSBP;2021-07-04;2.52;47.38;4.98793567928035;43.9337753737225;THOR
BSS002DSBP;2021-07-05;2.53;47.37;4.98793567928035;43.9337753737225;THOR
BSS002DSBP;2021-07-06;2.55;47.35;4.98793567928035;43.9337753737225;THOR
BSS002DSBP;2021-07-07;2.55;47.35;4.98793567928035;43.9337753737225;THOR
BSS002DSBP;2021-07-08;2.56;47.34;4.98793567928035;43.9337753737225;THOR
BSS002DSBP;2021-07-09;2.54;47.36;4.98793567928035;43.9337753737225;THOR
BSS002DSBP;2021-07-10;2.57;47.33;4.98793567928035;43.9337753737225;THOR
BSS002DSBP;2021-07-11;2.59;47.31;4.98793567928035;43.9337753737225;THOR
BSS002DSBP;2021-07-12;2.59;47.31;4.98793567928035;43.9337753737225;THOR
BSS002DSBP;2021-07-13;2.59;47.31;4.98793567928035;43.9337753737225;THOR
BSS002DSBP;2021-07-14;2.61;47.29;4.98793567928035;43.9337753737225;THOR
BSS002DSBP;2021-07-15;2.62;47.28;4.98793567928035;43.9337753737225;THOR
BSS002DSBP;2021-07-16;2.63;47.27;4.98793567928035;43.9337753737225;THOR
BSS002DSBP;2021-07-17;2.64;47.26;4.98793567928035;43.9337753737225;THOR
BSS002DSBP;2021-07-18;2.65;47.25;4.98793567928035;43.9337753737225;THOR
BSS002DSBP;2021-07-19;2.66;47.24;4.98793567928035;43.9337753737225;THOR
BSS002DSBP;2021-07-20;2.67;47.23;4.98793567928035;43.9337753737225;THOR
BSS002DSBP;2021-07-21;2.69;47.21;4.98793567928035;43.9337753737225;THOR
BSS002DSBP;2021-07-22;2.7;47.2;4.98793567928035;43.9337753737225;THOR
BSS002DSBP;2021-07-23;2.71;47.19;4.98793567928035;43.9337753737225;THOR
BSS002DSBP;2021-07-24;2.72;47.18;4.98793567928035;43.9337753737225;THOR
BSS002DSBP;2021-07-25;2.74;47.16;4.98793567928035;43.9337753737225;THOR
BSS002DSBP;2021-07-26;2.75;47.15;4.98793567928035;43.9337753737225;THOR
BSS002DSBP;2021-07-27;2.77;47.13;4.98793567928035;43.9337753737225;THOR
BSS002DSBP;2021-07-28;2.77;47.13;4.98793567928035;43.9337753737225;THOR
BSS002DSBP;2021-07-29;2.79;47.11;4.98793567928035;43.9337753737225;THOR
BSS002DSBP;2021-07-30;2.8;47.1;4.98793567928035;43.9337753737225;THOR
BSS002DSBP;2021-07-31;2.81;47.09;4.98793567928035;43.9337753737225;THOR
BSS002DSBP;2021-08-01;2.82;47.08;4.98793567928035;43.9337753737225;THOR
BSS002DSBP;2021-08-02;2.83;47.07;4.98793567928035;43.9337753737225;THOR
BSS002DSBP;2021-08-03;2.84;47.06;4.98793567928035;43.9337753737225;THOR
BSS002DSBP;2021-08-04;2.79;47.11;4.98793567928035;43.9337753737225;THOR
BSS002DSBP;2021-08-05;2.8;47.1;4.98793567928035;43.9337753737225;THOR
BSS002DSBP;2021-08-06;2.81;47.09;4.98793567928035;43.9337753737225;THOR
BSS002DSBP;2021-08-07;2.79;47.11;4.98793567928035;43.9337753737225;THOR
BSS002DSBP;2021-08-08;2.78;47.12;4.98793567928035;43.9337753737225;THOR
BSS002DSBP;2021-08-09;2.78;47.12;4.98793567928035;43.9337753737225;THOR
BSS002DSBP;2021-08-10;2.8;47.1;4.98793567928035;43.9337753737225;THOR
BSS002DSBP;2021-08-11;2.82;47.08;4.98793567928035;43.9337753737225;THOR
BSS002DSBP;2021-08-12;2.84;47.06;4.98793567928035;43.9337753737225;THOR
BSS002DSBP;2021-08-13;2.86;47.04;4.98793567928035;43.9337753737225;THOR
BSS002DSBP;2021-08-14;2.87;47.03;4.98793567928035;43.9337753737225;THOR
BSS002DSBP;2021-08-15;2.88;47.02;4.98793567928035;43.9337753737225;THOR
BSS002DSBP;2021-08-16;2.9;47.0;4.98793567928035;43.9337753737225;THOR
BSS002DSBP;2021-08-17;2.9;47.0;4.98793567928035;43.9337753737225;THOR
BSS002DSBP;2021-08-18;2.91;46.99;4.98793567928035;43.9337753737225;THOR
BSS002DSBP;2021-08-19;2.92;46.98;4.98793567928035;43.9337753737225;THOR
BSS002DSBP;2021-08-20;2.93;46.97;4.98793567928035;43.9337753737225;THOR
BSS002DSBP;2021-08-21;2.95;46.95;4.98793567928035;43.9337753737225;THOR
BSS002DSBP;2021-08-22;2.95;46.95;4.98793567928035;43.9337753737225;THOR
BSS002DSBP;2021-08-23;2.96;46.94;4.98793567928035;43.9337753737225;THOR
BSS002DSBP;2021-08-24;2.97;46.93;4.98793567928035;43.9337753737225;THOR
BSS002DSBP;2021-08-25;2.99;46.91;4.98793567928035;43.9337753737225;THOR
BSS002DSBP;2021-08-26;3.0;46.9;4.98793567928035;43.9337753737225;THOR
BSS002DSBP;2021-08-27;3.01;46.89;4.98793567928035;43.9337753737225;THOR
BSS002DSBP;2021-08-28;3.02;46.88;4.98793567928035;43.9337753737225;THOR
BSS002DSBP;2021-08-29;3.04;46.86;4.98793567928035;43.9337753737225;THOR
BSS002DSBP;2021-08-30;3.05;46.85;4.98793567928035;43.9337753737225;THOR
BSS002DSBP;2021-08-31;3.05;46.85;4.98793567928035;43.9337753737225;THOR
BSS002DSBP;2021-09-01;3.06;46.84;4.98793567928035;43.9337753737225;THOR
BSS002DSBP;2021-09-02;3.07;46.83;4.98793567928035;43.9337753737225;THOR
BSS002DSBP;2021-09-03;3.07;46.83;4.98793567928035;43.9337753737225;THOR
BSS002DSBP;2021-09-04;3.07;46.83;4.98793567928035;43.9337753737225;THOR
BSS002DSBP;2021-09-05;3.08;46.82;4.98793567928035;43.9337753737225;THOR
BSS002DSBP;2021-09-06;3.09;46.81;4.98793567928035;43.9337753737225;THOR
BSS002DSBP;2021-09-07;3.1;46.8;4.98793567928035;43.9337753737225;THOR
BSS002DSBP;2021-09-08;3.11;46.79;4.98793567928035;43.9337753737225;THOR
BSS002DSBP;2021-09-09;3.11;46.79;4.98793567928035;43.9337753737225;THOR
BSS002DSBP;2021-09-10;3.12;46.78;4.98793567928035;43.9337753737225;THOR
BSS002DSBP;2021-09-11;3.12;46.78;4.98793567928035;43.9337753737225;THOR
BSS002DSBP;2021-09-12;3.13;46.77;4.98793567928035;43.9337753737225;THOR
BSS002DSBP;2021-09-13;3.15;46.75;4.98793567928035;43.9337753737225;THOR
BSS002DSBP;2021-09-14;3.15;46.75;4.98793567928035;43.9337753737225;THOR
BSS002DSBP;2021-09-15;3.03;46.87;4.98793567928035;43.9337753737225;THOR
BSS002DSBP;2021-09-16;2.92;46.98;4.98793567928035;43.9337753737225;THOR
BSS002DSBP;2021-09-17;2.91;46.99;4.98793567928035;43.9337753737225;THOR
BSS002DSBP;2021-09-18;2.91;46.99;4.98793567928035;43.9337753737225;THOR
BSS002DSBP;2021-09-19;2.91;46.99;4.98793567928035;43.9337753737225;THOR
BSS002DSBP;2021-09-20;2.91;46.99;4.98793567928035;43.9337753737225;THOR
BSS002DSBP;2021-09-21;2.92;46.98;4.98793567928035;43.9337753737225;THOR
BSS002DSBP;2021-09-22;2.92;46.98;4.98793567928035;43.9337753737225;THOR
BSS002DSBP;2021-09-23;2.92;46.98;4.98793567928035;43.9337753737225;THOR
BSS002DSBP;2021-09-24;2.92;46.98;4.98793567928035;43.9337753737225;THOR
BSS002DSBP;2021-09-25;2.92;46.98;4.98793567928035;43.9337753737225;THOR
BSS002DSBP;2021-09-26;2.89;47.01;4.98793567928035;43.9337753737225;THOR
BSS002DSBP;2021-09-27;2.88;47.02;4.98793567928035;43.9337753737225;THOR
BSS002DSBP;2021-09-28;2.87;47.03;4.98793567928035;43.9337753737225;THOR
BSS002DSBP;2021-09-29;2.88;47.02;4.98793567928035;43.9337753737225;THOR
BSS002DSBP;2021-09-30;2.88;47.02;4.98793567928035;43.9337753737225;THOR
BSS002DSBP;2021-10-01;2.87;47.03;4.98793567928035;43.9337753737225;THOR
BSS002DSBP;2021-10-02;2.86;47.04;4.98793567928035;43.9337753737225;THOR
BSS002DSBP;2021-10-03;2.8;47.1;4.98793567928035;43.9337753737225;THOR
BSS002DSBP;2021-10-04;2.49;47.41;4.98793567928035;43.9337753737225;THOR
BSS002DSBP;2021-10-05;2.53;47.37;4.98793567928035;43.9337753737225;THOR
BSS002DSBP;2021-10-06;2.5;47.4;4.98793567928035;43.9337753737225;THOR
BSS002DSBP;2021-10-07;2.48;47.42;4.98793567928035;43.9337753737225;THOR
BSS002DSBP;2021-10-08;2.47;47.43;4.98793567928035;43.9337753737225;THOR
BSS002DSBP;2021-10-09;2.46;47.44;4.98793567928035;43.9337753737225;THOR
BSS002DSBP;2021-10-10;2.46;47.44;4.98793567928035;43.9337753737225;THOR
BSS002DSBP;2021-10-11;2.46;47.44;4.98793567928035;43.9337753737225;THOR
BSS002DSBP;2021-10-12;2.44;47.46;4.98793567928035;43.9337753737225;THOR
BSS002DSBP;2021-10-13;2.37;47.53;4.98793567928035;43.9337753737225;THOR
BSS002DSBP;2021-10-14;2.41;47.49;4.98793567928035;43.9337753737225;THOR
BSS002DSBP;2021-10-15;2.43;47.47;4.98793567928035;43.9337753737225;THOR
BSS002DSBP;2021-10-16;2.43;47.47;4.98793567928035;43.9337753737225;THOR
BSS002DSBP;2021-10-17;2.44;47.46;4.98793567928035;43.9337753737225;THOR
BSS002DSBP;2021-10-18;2.45;47.45;4.98793567928035;43.9337753737225;THOR
BSS002DSBP;2021-10-19;2.46;47.44;4.98793567928035;43.9337753737225;THOR
BSS002DSBP;2021-10-20;2.45;47.45;4.98793567928035;43.9337753737225;THOR
BSS002DSBP;2021-10-21;2.43;47.47;4.98793567928035;43.9337753737225;THOR
BSS002DSBP;2021-10-22;2.43;47.47;4.98793567928035;43.9337753737225;THOR
BSS002DSBP;2021-10-23;2.44;47.46;4.98793567928035;43.9337753737225;THOR
BSS002DSBP;2021-10-24;2.44;47.46;4.98793567928035;43.9337753737225;THOR
BSS002DSBP;2021-10-25;2.44;47.46;4.98793567928035;43.9337753737225;THOR
BSS002DSBP;2021-10-26;2.44;47.46;4.98793567928035;43.9337753737225;THOR
BSS002DSBP;2021-10-27;2.42;47.48;4.98793567928035;43.9337753737225;THOR
BSS002DSBP;2021-10-28;2.42;47.48;4.98793567928035;43.9337753737225;THOR
BSS002DSBP;2021-10-29;2.42;47.48;4.98793567928035;43.9337753737225;THOR
BSS002DSBP;2021-10-30;2.41;47.49;4.98793567928035;43.9337753737225;THOR
BSS002DSBP;2021-10-31;2.41;47.49;4.98793567928035;43.9337753737225;THOR
BSS002DSBP;2021-11-01;2.31;47.59;4.98793567928035;43.9337753737225;THOR
BSS002DSBP;2021-11-02;2.31;47.59;4.98793567928035;43.9337753737225;THOR
BSS002DSBP;2021-11-03;2.31;47.59;4.98793567928035;43.9337753737225;THOR
BSS002DSBP;2021-11-04;2.31;47.59;4.98793567928035;43.9337753737225;THOR
BSS002DSBP;2021-11-05;2.32;47.58;4.98793567928035;43.9337753737225;THOR
BSS002DSBP;2021-11-06;2.32;47.58;4.98793567928035;43.9337753737225;THOR
BSS002DSBP;2021-11-07;2.31;47.59;4.98793567928035;43.9337753737225;THOR
BSS002DSBP;2021-11-08;2.31;47.59;4.98793567928035;43.9337753737225;THOR
BSS002DSBP;2021-11-09;2.32;47.58;4.98793567928035;43.9337753737225;THOR
BSS002DSBP;2021-11-10;2.32;47.58;4.98793567928035;43.9337753737225;THOR
BSS002DSBP;2021-11-11;2.3;47.6;4.98793567928035;43.9337753737225;THOR
BSS002DSBP;2021-11-12;2.3;47.6;4.98793567928035;43.9337753737225;THOR
BSS002DSBP;2021-11-13;2.3;47.6;4.98793567928035;43.9337753737225;THOR
BSS002DSBP;2021-11-14;2.28;47.62;4.98793567928035;43.9337753737225;THOR
BSS002DSBP;2021-11-15;2.28;47.62;4.98793567928035;43.9337753737225;THOR
BSS002DSBP;2021-11-16;2.27;47.63;4.98793567928035;43.9337753737225;THOR
BSS002DSBP;2021-11-17;2.28;47.62;4.98793567928035;43.9337753737225;THOR
BSS002DSBP;2021-11-18;2.28;47.62;4.98793567928035;43.9337753737225;THOR
BSS002DSBP;2021-11-19;2.28;47.62;4.98793567928035;43.9337753737225;THOR
BSS002DSBP;2021-11-20;2.27;47.63;4.98793567928035;43.9337753737225;THOR
BSS002DSBP;2021-11-21;2.26;47.64;4.98793567928035;43.9337753737225;THOR
BSS002DSBP;2021-11-22;2.26;47.64;4.98793567928035;43.9337753737225;THOR
BSS002DSBP;2021-11-23;2.27;47.63;4.98793567928035;43.9337753737225;THOR
BSS002DSBP;2021-11-24;2.26;47.64;4.98793567928035;43.9337753737225;THOR
BSS002DSBP;2021-11-25;2.21;47.69;4.98793567928035;43.9337753737225;THOR
BSS002DSBP;2021-11-26;2.2;47.7;4.98793567928035;43.9337753737225;THOR
BSS002DSBP;2021-11-27;2.2;47.7;4.98793567928035;43.9337753737225;THOR
BSS002DSBP;2021-11-28;2.2;47.7;4.98793567928035;43.9337753737225;THOR
BSS002DSBP;2021-11-29;2.2;47.7;4.98793567928035;43.9337753737225;THOR
BSS002DSBP;2021-11-30;2.21;47.69;4.98793567928035;43.9337753737225;THOR
BSS002DSBP;2021-12-01;2.2;47.7;4.98793567928035;43.9337753737225;THOR
BSS002DSBP;2021-12-02;2.19;47.71;4.98793567928035;43.9337753737225;THOR
BSS002DSBP;2021-12-03;2.2;47.7;4.98793567928035;43.9337753737225;THOR
BSS002DSBP;2021-12-04;2.19;47.71;4.98793567928035;43.9337753737225;THOR
BSS002DSBP;2021-12-05;2.19;47.71;4.98793567928035;43.9337753737225;THOR
BSS002DSBP;2021-12-06;2.19;47.71;4.98793567928035;43.9337753737225;THOR
BSS002DSBP;2021-12-07;2.19;47.71;4.98793567928035;43.9337753737225;THOR
BSS002DSBP;2021-12-08;2.12;47.78;4.98793567928035;43.9337753737225;THOR
BSS002DSBP;2021-12-09;2.11;47.79;4.98793567928035;43.9337753737225;THOR
BSS002DSBP;2021-12-10;2.07;47.83;4.98793567928035;43.9337753737225;THOR
BSS002DSBP;2021-12-11;2.06;47.84;4.98793567928035;43.9337753737225;THOR
BSS002DSBP;2021-12-12;2.06;47.84;4.98793567928035;43.9337753737225;THOR
BSS002DSBP;2021-12-13;2.06;47.84;4.98793567928035;43.9337753737225;THOR
BSS002DSBP;2021-12-14;2.05;47.85;4.98793567928035;43.9337753737225;THOR
BSS002DSBP;2021-12-15;2.05;47.85;4.98793567928035;43.9337753737225;THOR
BSS002DSBP;2021-12-16;2.06;47.84;4.98793567928035;43.9337753737225;THOR
BSS002DSBP;2021-12-17;2.06;47.84;4.98793567928035;43.9337753737225;THOR
BSS002DSBP;2021-12-18;2.06;47.84;4.98793567928035;43.9337753737225;THOR
BSS002DSBP;2021-12-19;2.05;47.85;4.98793567928035;43.9337753737225;THOR
BSS002DSBP;2021-12-20;2.05;47.85;4.98793567928035;43.9337753737225;THOR
BSS002DSBP;2021-12-21;2.06;47.84;4.98793567928035;43.9337753737225;THOR
BSS002DSBP;2021-12-22;2.06;47.84;4.98793567928035;43.9337753737225;THOR
BSS002DSBP;2021-12-23;2.06;47.84;4.98793567928035;43.9337753737225;THOR
BSS002DSBP;2021-12-24;2.06;47.84;4.98793567928035;43.9337753737225;THOR
BSS002DSBP;2021-12-25;2.03;47.87;4.98793567928035;43.9337753737225;THOR
BSS002DSBP;2021-12-26;2.02;47.88;4.98793567928035;43.9337753737225;THOR
BSS002DSBP;2021-12-27;2.0;47.9;4.98793567928035;43.9337753737225;THOR
BSS002DSBP;2021-12-28;1.98;47.92;4.98793567928035;43.9337753737225;THOR
BSS002DSBP;2021-12-29;1.97;47.93;4.98793567928035;43.9337753737225;THOR
BSS002DSBP;2021-12-30;1.97;47.93;4.98793567928035;43.9337753737225;THOR
BSS002DSBP;2021-12-31;1.97;47.93;4.98793567928035;43.9337753737225;THOR
BSS002DSBP;2022-01-01;1.97;47.93;4.98793567928035;43.9337753737225;THOR
BSS002DSBP;2022-01-02;1.97;47.93;4.98793567928035;43.9337753737225;THOR
BSS002DSBP;2022-01-03;1.96;47.94;4.98793567928035;43.9337753737225;THOR
BSS002DSBP;2022-01-04;1.96;47.94;4.98793567928035;43.9337753737225;THOR
BSS002DSBP;2022-01-05;1.96;47.94;4.98793567928035;43.9337753737225;THOR
BSS002DSBP;2022-01-06;1.97;47.93;4.98793567928035;43.9337753737225;THOR
BSS002DSBP;2022-01-07;1.98;47.92;4.98793567928035;43.9337753737225;THOR
BSS002DSBP;2022-01-08;1.97;47.93;4.98793567928035;43.9337753737225;THOR
BSS002DSBP;2022-01-09;1.97;47.93;4.98793567928035;43.9337753737225;THOR
BSS002DSBP;2022-01-10;1.98;47.92;4.98793567928035;43.9337753737225;THOR
BSS002DSBP;2022-01-11;1.99;47.91;4.98793567928035;43.9337753737225;THOR
BSS002DSBP;2022-01-12;2.0;47.9;4.98793567928035;43.9337753737225;THOR
BSS002DSBP;2022-01-13;1.99;47.91;4.98793567928035;43.9337753737225;THOR
BSS002DSBP;2022-01-14;1.98;47.92;4.98793567928035;43.9337753737225;THOR
BSS002DSBP;2022-01-15;1.99;47.91;4.98793567928035;43.9337753737225;THOR
BSS002DSBP;2022-01-16;2.0;47.9;4.98793567928035;43.9337753737225;THOR
BSS002DSBP;2022-01-17;2.01;47.89;4.98793567928035;43.9337753737225;THOR
BSS002DSBP;2022-01-18;2.01;47.89;4.98793567928035;43.9337753737225;THOR
BSS002DSBP;2022-01-19;2.02;47.88;4.98793567928035;43.9337753737225;THOR
BSS002DSBP;2022-01-20;2.01;47.89;4.98793567928035;43.9337753737225;THOR
BSS002DSBP;2022-01-21;2.02;47.88;4.98793567928035;43.9337753737225;THOR
BSS002DSBP;2022-01-22;2.02;47.88;4.98793567928035;43.9337753737225;THOR
BSS002DSBP;2022-01-23;2.02;47.88;4.98793567928035;43.9337753737225;THOR
BSS002DSBP;2022-01-24;2.03;47.87;4.98793567928035;43.9337753737225;THOR
BSS002DSBP;2022-01-25;2.03;47.87;4.98793567928035;43.9337753737225;THOR
BSS002DSBP;2022-01-26;2.03;47.87;4.98793567928035;43.9337753737225;THOR
BSS002DSBP;2022-01-27;2.04;47.86;4.98793567928035;43.9337753737225;THOR
BSS002DSBP;2022-01-28;2.04;47.86;4.98793567928035;43.9337753737225;THOR
BSS002DSBP;2022-01-29;2.04;47.86;4.98793567928035;43.9337753737225;THOR
BSS002DSBP;2022-01-30;2.04;47.86;4.98793567928035;43.9337753737225;THOR
BSS002DSBP;2022-01-31;2.04;47.86;4.98793567928035;43.9337753737225;THOR
BSS002DSBP;2022-02-01;2.05;47.85;4.98793567928035;43.9337753737225;THOR
BSS002DSBP;2022-02-02;2.05;47.85;4.98793567928035;43.9337753737225;THOR
BSS002DSBP;2022-02-03;2.06;47.84;4.98793567928035;43.9337753737225;THOR
BSS002DSBP;2022-02-04;2.06;47.84;4.98793567928035;43.9337753737225;THOR
BSS002DSBP;2022-02-05;2.06;47.84;4.98793567928035;43.9337753737225;THOR
BSS002DSBP;2022-02-06;2.07;47.83;4.98793567928035;43.9337753737225;THOR
BSS002DSBP;2022-02-07;2.06;47.84;4.98793567928035;43.9337753737225;THOR
BSS002DSBP;2022-02-08;2.07;47.83;4.98793567928035;43.9337753737225;THOR
BSS002DSBP;2022-02-09;2.08;47.82;4.98793567928035;43.9337753737225;THOR
BSS002DSBP;2022-02-10;2.08;47.82;4.98793567928035;43.9337753737225;THOR
BSS002DSBP;2022-02-11;2.08;47.82;4.98793567928035;43.9337753737225;THOR
BSS002DSBP;2022-02-12;2.08;47.82;4.98793567928035;43.9337753737225;THOR
BSS002DSBP;2022-02-13;2.08;47.82;4.98793567928035;43.9337753737225;THOR
BSS002DSBP;2022-02-14;2.04;47.86;4.98793567928035;43.9337753737225;THOR
BSS002DSBP;2022-02-15;2.04;47.86;4.98793567928035;43.9337753737225;THOR
BSS002DSBP;2022-02-16;2.03;47.87;4.98793567928035;43.9337753737225;THOR
BSS002DSBP;2022-02-17;2.03;47.87;4.98793567928035;43.9337753737225;THOR
BSS002DSBP;2022-02-18;2.03;47.87;4.98793567928035;43.9337753737225;THOR
BSS002DSBP;2022-02-19;2.03;47.87;4.98793567928035;43.9337753737225;THOR
BSS002DSBP;2022-02-20;2.04;47.86;4.98793567928035;43.9337753737225;THOR
BSS002DSBP;2022-02-21;2.04;47.86;4.98793567928035;43.9337753737225;THOR
BSS002DSBP;2022-02-22;2.04;47.86;4.98793567928035;43.9337753737225;THOR
BSS002DSBP;2022-02-23;2.04;47.86;4.98793567928035;43.9337753737225;THOR
BSS002DSBP;2022-02-24;2.04;47.86;4.98793567928035;43.9337753737225;THOR
BSS002DSBP;2022-02-25;2.04;47.86;4.98793567928035;43.9337753737225;THOR
BSS002DSBP;2022-02-26;2.04;47.86;4.98793567928035;43.9337753737225;THOR
BSS002DSBP;2022-02-27;2.05;47.85;4.98793567928035;43.9337753737225;THOR
BSS002DSBP;2022-02-28;2.05;47.85;4.98793567928035;43.9337753737225;THOR
BSS002DSBP;2022-03-01;2.06;47.84;4.98793567928035;43.9337753737225;THOR
BSS002DSBP;2022-03-02;2.06;47.84;4.98793567928035;43.9337753737225;THOR
BSS002DSBP;2022-03-03;2.06;47.84;4.98793567928035;43.9337753737225;THOR
BSS002DSBP;2022-03-04;2.07;47.83;4.98793567928035;43.9337753737225;THOR
BSS002DSBP;2022-03-05;2.07;47.83;4.98793567928035;43.9337753737225;THOR
BSS002DSBP;2022-03-06;2.08;47.82;4.98793567928035;43.9337753737225;THOR
BSS002DSBP;2022-03-07;2.08;47.82;4.98793567928035;43.9337753737225;THOR
BSS002DSBP;2022-03-08;2.08;47.82;4.98793567928035;43.9337753737225;THOR
BSS002DSBP;2022-03-09;2.09;47.81;4.98793567928035;43.9337753737225;THOR
BSS002DSBP;2022-03-10;2.09;47.81;4.98793567928035;43.9337753737225;THOR
BSS002DSBP;2022-03-11;2.08;47.82;4.98793567928035;43.9337753737225;THOR
BSS002DSBP;2022-03-12;2.07;47.83;4.98793567928035;43.9337753737225;THOR
BSS002DSBP;2022-03-13;2.07;47.83;4.98793567928035;43.9337753737225;THOR
BSS002DSBP;2022-03-14;2.07;47.83;4.98793567928035;43.9337753737225;THOR
BSS002DSBP;2022-03-15;2.07;47.83;4.98793567928035;43.9337753737225;THOR
BSS002DSBP;2022-03-16;2.07;47.83;4.98793567928035;43.9337753737225;THOR
BSS002DSBP;2022-03-17;2.07;47.83;4.98793567928035;43.9337753737225;THOR
BSS002DSBP;2022-03-18;2.08;47.82;4.98793567928035;43.9337753737225;THOR
BSS002DSBP;2022-03-19;2.08;47.82;4.98793567928035;43.9337753737225;THOR
BSS002DSBP;2022-03-20;2.08;47.82;4.98793567928035;43.9337753737225;THOR
BSS002DSBP;2022-03-21;2.08;47.82;4.98793567928035;43.9337753737225;THOR
BSS002DSBP;2022-03-22;2.08;47.82;4.98793567928035;43.9337753737225;THOR
BSS002DSBP;2022-03-23;2.08;47.82;4.98793567928035;43.9337753737225;THOR
BSS002DSBP;2022-03-24;2.08;47.82;4.98793567928035;43.9337753737225;THOR
BSS002DSBP;2022-03-25;2.08;47.82;4.98793567928035;43.9337753737225;THOR
BSS002DSBP;2022-03-26;2.09;47.81;4.98793567928035;43.9337753737225;THOR
BSS002DSBP;2022-03-27;2.09;47.81;4.98793567928035;43.9337753737225;THOR
BSS002DSBP;2022-03-28;2.1;47.8;4.98793567928035;43.9337753737225;THOR
BSS002DSBP;2022-03-29;2.1;47.8;4.98793567928035;43.9337753737225;THOR
BSS002DSBP;2022-03-30;2.09;47.81;4.98793567928035;43.9337753737225;THOR
BSS002DSBP;2022-03-31;2.09;47.81;4.98793567928035;43.9337753737225;THOR
BSS002DSBP;2022-04-01;2.1;47.8;4.98793567928035;43.9337753737225;THOR
BSS002DSBP;2022-04-02;2.1;47.8;4.98793567928035;43.9337753737225;THOR
BSS002DSBP;2022-04-03;2.11;47.79;4.98793567928035;43.9337753737225;THOR
BSS002DSBP;2022-04-04;2.12;47.78;4.98793567928035;43.9337753737225;THOR
BSS002DSBP;2022-04-05;2.12;47.78;4.98793567928035;43.9337753737225;THOR
BSS002DSBP;2022-04-06;2.12;47.78;4.98793567928035;43.9337753737225;THOR
BSS002DSBP;2022-04-07;2.13;47.77;4.98793567928035;43.9337753737225;THOR
BSS002DSBP;2022-04-08;2.13;47.77;4.98793567928035;43.9337753737225;THOR
BSS002DSBP;2022-04-09;2.14;47.76;4.98793567928035;43.9337753737225;THOR
BSS002DSBP;2022-04-10;2.15;47.75;4.98793567928035;43.9337753737225;THOR
BSS002DSBP;2022-04-11;2.15;47.75;4.98793567928035;43.9337753737225;THOR
BSS002DSBP;2022-04-12;2.15;47.75;4.98793567928035;43.9337753737225;THOR
BSS002DSBP;2022-04-13;2.16;47.74;4.98793567928035;43.9337753737225;THOR
BSS002DSBP;2022-04-14;2.16;47.74;4.98793567928035;43.9337753737225;THOR
BSS002DSBP;2022-04-15;2.17;47.73;4.98793567928035;43.9337753737225;THOR
BSS002DSBP;2022-04-16;2.17;47.73;4.98793567928035;43.9337753737225;THOR
BSS002DSBP;2022-04-17;2.18;47.72;4.98793567928035;43.9337753737225;THOR
BSS002DSBP;2022-04-18;2.19;47.71;4.98793567928035;43.9337753737225;THOR
BSS002DSBP;2022-04-19;2.19;47.71;4.98793567928035;43.9337753737225;THOR
BSS002DSBP;2022-04-20;2.21;47.69;4.98793567928035;43.9337753737225;THOR
BSS002DSBP;2022-04-21;2.2;47.7;4.98793567928035;43.9337753737225;THOR
BSS002DSBP;2022-04-22;2.2;47.7;4.98793567928035;43.9337753737225;THOR
BSS002DSBP;2022-04-23;2.13;47.77;4.98793567928035;43.9337753737225;THOR
BSS002DSBP;2022-04-24;2.11;47.79;4.98793567928035;43.9337753737225;THOR
BSS002DSBP;2022-04-25;2.11;47.79;4.98793567928035;43.9337753737225;THOR
BSS002DSBP;2022-04-26;2.11;47.79;4.98793567928035;43.9337753737225;THOR
BSS002DSBP;2022-04-27;2.11;47.79;4.98793567928035;43.9337753737225;THOR
BSS002DSBP;2022-04-28;2.11;47.79;4.98793567928035;43.9337753737225;THOR
BSS002DSBP;2022-04-29;2.12;47.78;4.98793567928035;43.9337753737225;THOR
BSS002DSBP;2022-04-30;2.13;47.77;4.98793567928035;43.9337753737225;THOR
BSS002DSBP;2022-05-01;2.14;47.76;4.98793567928035;43.9337753737225;THOR
BSS002DSBP;2022-05-02;2.15;47.75;4.98793567928035;43.9337753737225;THOR
BSS002DSBP;2022-05-03;2.16;47.74;4.98793567928035;43.9337753737225;THOR
BSS002DSBP;2022-05-04;2.15;47.75;4.98793567928035;43.9337753737225;THOR
BSS002DSBP;2022-05-05;2.13;47.77;4.98793567928035;43.9337753737225;THOR
BSS002DSBP;2022-05-06;2.13;47.77;4.98793567928035;43.9337753737225;THOR
BSS002DSBP;2022-05-07;2.13;47.77;4.98793567928035;43.9337753737225;THOR
BSS002DSBP;2022-05-08;2.14;47.76;4.98793567928035;43.9337753737225;THOR
BSS002DSBP;2022-05-09;2.14;47.76;4.98793567928035;43.9337753737225;THOR
BSS002DSBP;2022-05-10;2.15;47.75;4.98793567928035;43.9337753737225;THOR
BSS002DSBP;2022-05-11;2.16;47.74;4.98793567928035;43.9337753737225;THOR
BSS002DSBP;2022-05-12;2.17;47.73;4.98793567928035;43.9337753737225;THOR
BSS002DSBP;2022-05-13;2.18;47.72;4.98793567928035;43.9337753737225;THOR
BSS002DSBP;2022-05-14;2.19;47.71;4.98793567928035;43.9337753737225;THOR
BSS002DSBP;2022-05-15;2.21;47.69;4.98793567928035;43.9337753737225;THOR
BSS002DSBP;2022-05-16;2.22;47.68;4.98793567928035;43.9337753737225;THOR
BSS002DSBP;2022-05-17;2.23;47.67;4.98793567928035;43.9337753737225;THOR
BSS002DSBP;2022-05-18;2.24;47.66;4.98793567928035;43.9337753737225;THOR
BSS002DSBP;2022-05-19;2.26;47.64;4.98793567928035;43.9337753737225;THOR
BSS002DSBP;2022-05-20;2.28;47.62;4.98793567928035;43.9337753737225;THOR
BSS002DSBP;2022-05-21;2.29;47.61;4.98793567928035;43.9337753737225;THOR
BSS002DSBP;2022-05-22;2.3;47.6;4.98793567928035;43.9337753737225;THOR
BSS002DSBP;2022-05-23;2.31;47.59;4.98793567928035;43.9337753737225;THOR
BSS002DSBP;2022-05-24;2.32;47.58;4.98793567928035;43.9337753737225;THOR
BSS002DSBP;2022-05-25;2.33;47.57;4.98793567928035;43.9337753737225;THOR
BSS002DSBP;2022-05-26;2.35;47.55;4.98793567928035;43.9337753737225;THOR
BSS002DSBP;2022-05-27;2.36;47.54;4.98793567928035;43.9337753737225;THOR
BSS002DSBP;2022-05-28;2.37;47.53;4.98793567928035;43.9337753737225;THOR
BSS002DSBP;2022-05-29;2.38;47.52;4.98793567928035;43.9337753737225;THOR
BSS002DSBP;2022-05-30;2.39;47.51;4.98793567928035;43.9337753737225;THOR
BSS002DSBP;2022-05-31;2.4;47.5;4.98793567928035;43.9337753737225;THOR
BSS002DSBP;2022-06-01;2.41;47.49;4.98793567928035;43.9337753737225;THOR
BSS002DSBP;2022-06-02;2.42;47.48;4.98793567928035;43.9337753737225;THOR
BSS002DSBP;2022-06-03;2.43;47.47;4.98793567928035;43.9337753737225;THOR
BSS002DSBP;2022-06-04;2.44;47.46;4.98793567928035;43.9337753737225;THOR
BSS002DSBP;2022-06-05;2.44;47.46;4.98793567928035;43.9337753737225;THOR
BSS002DSBP;2022-06-06;2.45;47.45;4.98793567928035;43.9337753737225;THOR
BSS002DSBP;2022-06-07;2.46;47.44;4.98793567928035;43.9337753737225;THOR
BSS002DSBP;2022-06-08;2.47;47.43;4.98793567928035;43.9337753737225;THOR
BSS002DSBP;2022-06-09;2.49;47.41;4.98793567928035;43.9337753737225;THOR
BSS002DSBP;2022-06-10;2.5;47.4;4.98793567928035;43.9337753737225;THOR
BSS002DSBP;2022-06-11;2.5;47.4;4.98793567928035;43.9337753737225;THOR
BSS002DSBP;2022-06-12;2.51;47.39;4.98793567928035;43.9337753737225;THOR
BSS002DSBP;2022-06-13;2.52;47.38;4.98793567928035;43.9337753737225;THOR
BSS002DSBP;2022-06-14;2.54;47.36;4.98793567928035;43.9337753737225;THOR
BSS002DSBP;2022-06-15;2.55;47.35;4.98793567928035;43.9337753737225;THOR
BSS002DSBP;2022-06-16;2.57;47.33;4.98793567928035;43.9337753737225;THOR
BSS002DSBP;2022-06-17;2.58;47.32;4.98793567928035;43.9337753737225;THOR
BSS002DSBP;2022-06-18;2.59;47.31;4.98793567928035;43.9337753737225;THOR
BSS002DSBP;2022-06-19;2.6;47.3;4.98793567928035;43.9337753737225;THOR
BSS002DSBP;2022-06-20;2.61;47.29;4.98793567928035;43.9337753737225;THOR
BSS002DSBP;2022-06-21;2.63;47.27;4.98793567928035;43.9337753737225;THOR
BSS002DSBP;2022-06-22;2.63;47.27;4.98793567928035;43.9337753737225;THOR
BSS002DSBP;2022-06-23;2.64;47.26;4.98793567928035;43.9337753737225;THOR
BSS002DSBP;2022-06-24;2.65;47.25;4.98793567928035;43.9337753737225;THOR
BSS002DSBP;2022-06-25;2.65;47.25;4.98793567928035;43.9337753737225;THOR
BSS002DSBP;2022-06-26;2.66;47.24;4.98793567928035;43.9337753737225;THOR
BSS002DSBP;2022-06-27;2.67;47.23;4.98793567928035;43.9337753737225;THOR
BSS002DSBP;2022-06-28;2.68;47.22;4.98793567928035;43.9337753737225;THOR
BSS002DSBP;2022-06-29;2.69;47.21;4.98793567928035;43.9337753737225;THOR
BSS002DSBP;2022-06-30;2.7;47.2;4.98793567928035;43.9337753737225;THOR
BSS002DSBP;2022-07-01;2.7;47.2;4.98793567928035;43.9337753737225;THOR
BSS002DSBP;2022-07-02;2.72;47.18;4.98793567928035;43.9337753737225;THOR
BSS002DSBP;2022-07-03;2.72;47.18;4.98793567928035;43.9337753737225;THOR
BSS002DSBP;2022-07-04;2.75;47.15;4.98793567928035;43.9337753737225;THOR
BSS002DSBP;2022-07-05;2.77;47.13;4.98793567928035;43.9337753737225;THOR
BSS002DSBP;2022-07-06;2.78;47.12;4.98793567928035;43.9337753737225;THOR
BSS002DSBP;2022-07-07;2.8;47.1;4.98793567928035;43.9337753737225;THOR
BSS002DSBP;2022-07-08;2.81;47.09;4.98793567928035;43.9337753737225;THOR
BSS002DSBP;2022-07-09;2.82;47.08;4.98793567928035;43.9337753737225;THOR
BSS002DSBP;2022-07-10;2.84;47.06;4.98793567928035;43.9337753737225;THOR
BSS002DSBP;2022-07-11;2.85;47.05;4.98793567928035;43.9337753737225;THOR
BSS002DSBP;2022-07-12;2.86;47.04;4.98793567928035;43.9337753737225;THOR
BSS002DSBP;2022-07-13;2.87;47.03;4.98793567928035;43.9337753737225;THOR
BSS002DSBP;2022-07-14;2.89;47.01;4.98793567928035;43.9337753737225;THOR
BSS002DSBP;2022-07-15;2.91;46.99;4.98793567928035;43.9337753737225;THOR
BSS002DSBP;2022-07-16;2.92;46.98;4.98793567928035;43.9337753737225;THOR
BSS002DSBP;2022-07-17;2.94;46.96;4.98793567928035;43.9337753737225;THOR
BSS002DSBP;2022-07-18;2.96;46.94;4.98793567928035;43.9337753737225;THOR
BSS002DSBP;2022-07-19;2.98;46.92;4.98793567928035;43.9337753737225;THOR
BSS002DSBP;2022-07-20;3.0;46.9;4.98793567928035;43.9337753737225;THOR
BSS002DSBP;2022-07-21;2.98;46.92;4.98793567928035;43.9337753737225;THOR
BSS002DSBP;2022-07-22;2.97;46.93;4.98793567928035;43.9337753737225;THOR
BSS002DSBP;2022-07-23;2.96;46.94;4.98793567928035;43.9337753737225;THOR
BSS002DSBP;2022-07-24;2.99;46.91;4.98793567928035;43.9337753737225;THOR
BSS002DSBP;2022-07-25;2.97;46.93;4.98793567928035;43.9337753737225;THOR
BSS002DSBP;2022-07-26;2.98;46.92;4.98793567928035;43.9337753737225;THOR
BSS002DSBP;2022-07-27;3.03;46.87;4.98793567928035;43.9337753737225;THOR
BSS002DSBP;2022-07-28;3.06;46.84;4.98793567928035;43.9337753737225;THOR
BSS002DSBP;2022-07-29;3.09;46.81;4.98793567928035;43.9337753737225;THOR
BSS002DSBP;2022-07-30;3.08;46.82;4.98793567928035;43.9337753737225;THOR
BSS002DSBP;2022-07-31;3.09;46.81;4.98793567928035;43.9337753737225;THOR
BSS002DSBP;2022-08-01;3.1;46.8;4.98793567928035;43.9337753737225;THOR
BSS002DSBP;2022-08-02;3.12;46.78;4.98793567928035;43.9337753737225;THOR
BSS002DSBP;2022-08-03;3.16;46.74;4.98793567928035;43.9337753737225;THOR
BSS002DSBP;2022-08-04;3.17;46.73;4.98793567928035;43.9337753737225;THOR
BSS002DSBP;2022-08-05;3.19;46.71;4.98793567928035;43.9337753737225;THOR
BSS002DSBP;2022-08-06;3.21;46.69;4.98793567928035;43.9337753737225;THOR
BSS002DSBP;2022-08-07;3.23;46.67;4.98793567928035;43.9337753737225;THOR
BSS002DSBP;2022-08-08;3.25;46.65;4.98793567928035;43.9337753737225;THOR
BSS002DSBP;2022-08-09;3.25;46.65;4.98793567928035;43.9337753737225;THOR
BSS002DSBP;2022-08-10;3.26;46.64;4.98793567928035;43.9337753737225;THOR
BSS002DSBP;2022-08-11;3.28;46.62;4.98793567928035;43.9337753737225;THOR
BSS002DSBP;2022-08-12;3.3;46.6;4.98793567928035;43.9337753737225;THOR
BSS002DSBP;2022-08-13;3.32;46.58;4.98793567928035;43.9337753737225;THOR
BSS002DSBP;2022-08-14;3.33;46.57;4.98793567928035;43.9337753737225;THOR
BSS002DSBP;2022-08-15;3.34;46.56;4.98793567928035;43.9337753737225;THOR
BSS002DSBP;2022-08-16;3.35;46.55;4.98793567928035;43.9337753737225;THOR
BSS002DSBP;2022-08-17;3.33;46.57;4.98793567928035;43.9337753737225;THOR
BSS002DSBP;2022-08-18;3.29;46.61;4.98793567928035;43.9337753737225;THOR
BSS002DSBP;2022-08-19;3.3;46.6;4.98793567928035;43.9337753737225;THOR
BSS002DSBP;2022-08-20;;;4.98793567928035;43.9337753737225;
BSS002DSBP;2022-08-21;3.33;46.57;4.98793567928035;43.9337753737225;THOR
BSS002DSBP;2022-08-22;3.33;46.57;4.98793567928035;43.9337753737225;THOR
BSS002DSBP;2022-08-23;3.34;46.56;4.98793567928035;43.9337753737225;THOR
BSS002DSBP;2022-08-24;3.35;46.55;4.98793567928035;43.9337753737225;THOR
BSS002DSBP;2022-08-25;3.35;46.55;4.98793567928035;43.9337753737225;THOR
BSS002DSBP;2022-08-26;3.36;46.54;4.98793567928035;43.9337753737225;THOR
BSS002DSBP;2022-08-27;3.37;46.53;4.98793567928035;43.9337753737225;THOR
BSS002DSBP;2022-08-28;3.37;46.53;4.98793567928035;43.9337753737225;THOR
BSS002DSBP;2022-08-29;3.38;46.52;4.98793567928035;43.9337753737225;THOR
BSS002DSBP;2022-08-30;3.39;46.51;4.98793567928035;43.9337753737225;THOR
BSS002DSBP;2022-08-31;3.39;46.51;4.98793567928035;43.9337753737225;THOR
BSS002DSBP;2022-09-01;3.4;46.5;4.98793567928035;43.9337753737225;THOR
BSS002DSBP;2022-09-02;3.4;46.5;4.98793567928035;43.9337753737225;THOR
BSS002DSBP;2022-09-03;3.41;46.49;4.98793567928035;43.9337753737225;THOR
BSS002DSBP;2022-09-04;3.41;46.49;4.98793567928035;43.9337753737225;THOR
BSS002DSBP;2022-09-05;3.42;46.48;4.98793567928035;43.9337753737225;THOR
BSS002DSBP;2022-09-06;3.42;46.48;4.98793567928035;43.9337753737225;THOR
BSS002DSBP;2022-09-07;3.35;46.55;4.98793567928035;43.9337753737225;THOR
BSS002DSBP;2022-09-08;3.32;46.58;4.98793567928035;43.9337753737225;THOR
BSS002DSBP;2022-09-09;3.31;46.59;4.98793567928035;43.9337753737225;THOR
BSS002DSBP;2022-09-10;3.3;46.6;4.98793567928035;43.9337753737225;THOR
BSS002DSBP;2022-09-11;3.29;46.61;4.98793567928035;43.9337753737225;THOR
BSS002DSBP;2022-09-12;3.28;46.62;4.98793567928035;43.9337753737225;THOR
BSS002DSBP;2022-09-13;3.26;46.64;4.98793567928035;43.9337753737225;THOR
BSS002DSBP;2022-09-14;3.25;46.65;4.98793567928035;43.9337753737225;THOR
BSS002DSBP;2022-09-15;3.24;46.66;4.98793567928035;43.9337753737225;THOR
BSS002DSBP;2022-09-16;3.23;46.67;4.98793567928035;43.9337753737225;THOR
BSS002DSBP;2022-09-17;3.23;46.67;4.98793567928035;43.9337753737225;THOR
BSS002DSBP;2022-09-18;3.22;46.68;4.98793567928035;43.9337753737225;THOR
BSS002DSBP;2022-09-19;3.22;46.68;4.98793567928035;43.9337753737225;THOR
BSS002DSBP;2022-09-20;3.21;46.69;4.98793567928035;43.9337753737225;THOR
BSS002DSBP;2022-09-21;3.21;46.69;4.98793567928035;43.9337753737225;THOR
BSS002DSBP;2022-09-22;3.21;46.69;4.98793567928035;43.9337753737225;THOR
BSS002DSBP;2022-09-23;3.21;46.69;4.98793567928035;43.9337753737225;THOR
BSS002DSBP;2022-09-24;3.15;46.75;4.98793567928035;43.9337753737225;THOR
BSS002DSBP;2022-09-25;3.14;46.76;4.98793567928035;43.9337753737225;THOR
BSS002DSBP;2022-09-26;3.12;46.78;4.98793567928035;43.9337753737225;THOR
BSS002DSBP;2022-09-27;3.11;46.79;4.98793567928035;43.9337753737225;THOR
BSS002DSBP;2022-09-28;2.94;46.96;4.98793567928035;43.9337753737225;THOR
BSS002DSBP;2022-09-29;2.77;47.13;4.98793567928035;43.9337753737225;THOR
BSS002DSBP;2022-09-30;2.79;47.11;4.98793567928035;43.9337753737225;THOR
BSS002DSBP;2022-10-01;2.88;47.02;4.98793567928035;43.9337753737225;THOR
BSS002DSBP;2022-10-02;2.92;46.98;4.98793567928035;43.9337753737225;THOR
BSS002DSBP;2022-10-03;2.94;46.96;4.98793567928035;43.9337753737225;THOR
BSS002DSBP;2022-10-04;2.95;46.95;4.98793567928035;43.9337753737225;THOR
BSS002DSBP;2022-10-05;2.97;46.93;4.98793567928035;43.9337753737225;THOR
BSS002DSBP;2022-10-06;2.98;46.92;4.98793567928035;43.9337753737225;THOR
BSS002DSBP;2022-10-07;2.98;46.92;4.98793567928035;43.9337753737225;THOR
BSS002DSBP;2022-10-08;2.98;46.92;4.98793567928035;43.9337753737225;THOR
BSS002DSBP;2022-10-09;2.98;46.92;4.98793567928035;43.9337753737225;THOR
BSS002DSBP;2022-10-10;2.98;46.92;4.98793567928035;43.9337753737225;THOR
BSS002DSBP;2022-10-11;2.98;46.92;4.98793567928035;43.9337753737225;THOR
BSS002DSBP;2022-10-12;2.98;46.92;4.98793567928035;43.9337753737225;THOR
BSS002DSBP;2022-10-13;2.98;46.92;4.98793567928035;43.9337753737225;THOR
BSS002DSBP;2022-10-14;2.98;46.92;4.98793567928035;43.9337753737225;THOR
BSS002DSBP;2022-10-15;2.97;46.93;4.98793567928035;43.9337753737225;THOR
BSS002DSBP;2022-10-16;2.97;46.93;4.98793567928035;43.9337753737225;THOR
BSS002DSBP;2022-10-17;2.97;46.93;4.98793567928035;43.9337753737225;THOR
BSS002DSBP;2022-10-18;2.96;46.94;4.98793567928035;43.9337753737225;THOR
BSS002DSBP;2022-10-19;2.95;46.95;4.98793567928035;43.9337753737225;THOR
BSS002DSBP;2022-10-20;2.94;46.96;4.98793567928035;43.9337753737225;THOR
BSS002DSBP;2022-10-21;2.93;46.97;4.98793567928035;43.9337753737225;THOR
BSS002DSBP;2022-10-22;2.93;46.97;4.98793567928035;43.9337753737225;THOR
BSS002DSBP;2022-10-23;2.92;46.98;4.98793567928035;43.9337753737225;THOR
BSS002DSBP;2022-10-24;2.92;46.98;4.98793567928035;43.9337753737225;THOR
BSS002DSBP;2022-10-25;2.91;46.99;4.98793567928035;43.9337753737225;THOR
BSS002DSBP;2022-10-26;2.91;46.99;4.98793567928035;43.9337753737225;THOR
BSS002DSBP;2022-10-27;2.9;47.0;4.98793567928035;43.9337753737225;THOR
BSS002DSBP;2022-10-28;2.9;47.0;4.98793567928035;43.9337753737225;THOR
BSS002DSBP;2022-10-29;2.89;47.01;4.98793567928035;43.9337753737225;THOR
BSS002DSBP;2022-10-30;2.89;47.01;4.98793567928035;43.9337753737225;THOR
BSS002DSBP;2022-10-31;2.88;47.02;4.98793567928035;43.9337753737225;THOR
BSS002DSBP;2022-11-01;2.61;47.29;4.98793567928035;43.9337753737225;THOR
BSS002DSBP;2022-11-02;2.68;47.22;4.98793567928035;43.9337753737225;THOR
BSS002DSBP;2022-11-03;2.45;47.45;4.98793567928035;43.9337753737225;THOR
BSS002DSBP;2022-11-04;2.48;47.42;4.98793567928035;43.9337753737225;THOR
BSS002DSBP;2022-11-05;2.51;47.39;4.98793567928035;43.9337753737225;THOR
BSS002DSBP;2022-11-06;2.5;47.4;4.98793567928035;43.9337753737225;THOR
BSS002DSBP;2022-11-07;2.5;47.4;4.98793567928035;43.9337753737225;THOR
BSS002DSBP;2022-11-08;2.49;47.41;4.98793567928035;43.9337753737225;THOR
BSS002DSBP;2022-11-09;2.45;47.45;4.98793567928035;43.9337753737225;THOR
BSS002DSBP;2022-11-10;2.45;47.45;4.98793567928035;43.9337753737225;THOR
BSS002DSBP;2022-11-11;2.45;47.45;4.98793567928035;43.9337753737225;THOR
BSS002DSBP;2022-11-12;2.44;47.46;4.98793567928035;43.9337753737225;THOR
BSS002DSBP;2022-11-13;2.43;47.47;4.98793567928035;43.9337753737225;THOR
BSS002DSBP;2022-11-14;2.42;47.48;4.98793567928035;43.9337753737225;THOR
BSS002DSBP;2022-11-15;2.41;47.49;4.98793567928035;43.9337753737225;THOR
BSS002DSBP;2022-11-16;2.36;47.54;4.98793567928035;43.9337753737225;THOR
BSS002DSBP;2022-11-17;2.36;47.54;4.98793567928035;43.9337753737225;THOR
BSS002DSBP;2022-11-18;2.35;47.55;4.98793567928035;43.9337753737225;THOR
BSS002DSBP;2022-11-19;2.35;47.55;4.98793567928035;43.9337753737225;THOR
BSS002DSBP;2022-11-20;2.36;47.54;4.98793567928035;43.9337753737225;THOR
BSS002DSBP;2022-11-21;2.34;47.56;4.98793567928035;43.9337753737225;THOR
BSS002DSBP;2022-11-22;2.34;47.56;4.98793567928035;43.9337753737225;THOR
BSS002DSBP;2022-11-23;2.34;47.56;4.98793567928035;43.9337753737225;THOR
BSS002DSBP;2022-11-24;2.34;47.56;4.98793567928035;43.9337753737225;THOR
BSS002DSBP;2022-11-25;2.34;47.56;4.98793567928035;43.9337753737225;THOR
BSS002DSBP;2022-11-26;2.34;47.56;4.98793567928035;43.9337753737225;THOR
BSS002DSBP;2022-11-27;2.33;47.57;4.98793567928035;43.9337753737225;THOR
BSS002DSBP;2022-11-28;2.29;47.61;4.98793567928035;43.9337753737225;THOR
BSS002DSBP;2022-11-29;2.28;47.62;4.98793567928035;43.9337753737225;THOR
BSS002DSBP;2022-11-30;2.27;47.63;4.98793567928035;43.9337753737225;THOR
BSS002DSBP;2022-12-01;2.26;47.64;4.98793567928035;43.9337753737225;THOR
BSS002DSBP;2022-12-02;2.27;47.63;4.98793567928035;43.9337753737225;THOR
BSS002DSBP;2022-12-03;2.23;47.67;4.98793567928035;43.9337753737225;THOR
BSS002DSBP;2022-12-04;2.14;47.76;4.98793567928035;43.9337753737225;THOR
BSS002DSBP;2022-12-05;2.12;47.78;4.98793567928035;43.9337753737225;THOR
BSS002DSBP;2022-12-06;2.11;47.79;4.98793567928035;43.9337753737225;THOR
BSS002DSBP;2022-12-07;2.1;47.8;4.98793567928035;43.9337753737225;THOR
BSS002DSBP;2022-12-08;2.09;47.81;4.98793567928035;43.9337753737225;THOR
BSS002DSBP;2022-12-09;1.97;47.93;4.98793567928035;43.9337753737225;THOR
BSS002DSBP;2022-12-10;1.96;47.94;4.98793567928035;43.9337753737225;THOR
BSS002DSBP;2022-12-11;1.95;47.95;4.98793567928035;43.9337753737225;THOR
BSS002DSBP;2022-12-12;1.95;47.95;4.98793567928035;43.9337753737225;THOR
BSS002DSBP;2022-12-13;1.93;47.97;4.98793567928035;43.9337753737225;THOR
BSS002DSBP;2022-12-14;1.93;47.97;4.98793567928035;43.9337753737225;THOR
BSS002DSBP;2022-12-15;1.74;48.16;4.98793567928035;43.9337753737225;THOR
BSS002DSBP;2022-12-16;1.73;48.17;4.98793567928035;43.9337753737225;THOR
BSS002DSBP;2022-12-17;1.75;48.15;4.98793567928035;43.9337753737225;THOR
BSS002DSBP;2022-12-18;1.77;48.13;4.98793567928035;43.9337753737225;THOR
BSS002DSBP;2022-12-19;1.79;48.11;4.98793567928035;43.9337753737225;THOR
BSS002DSBP;2022-12-20;1.8;48.1;4.98793567928035;43.9337753737225;THOR
BSS002DSBP;2022-12-21;1.81;48.09;4.98793567928035;43.9337753737225;THOR
BSS002DSBP;2022-12-22;1.82;48.08;4.98793567928035;43.9337753737225;THOR
BSS002DSBP;2022-12-23;1.83;48.07;4.98793567928035;43.9337753737225;THOR
BSS002DSBP;2022-12-24;1.84;48.06;4.98793567928035;43.9337753737225;THOR
BSS002DSBP;2022-12-25;1.85;48.05;4.98793567928035;43.9337753737225;THOR
BSS002DSBP;2022-12-26;1.86;48.04;4.98793567928035;43.9337753737225;THOR
BSS002DSBP;2022-12-27;1.88;48.02;4.98793567928035;43.9337753737225;THOR
BSS002DSBP;2022-12-28;1.88;48.02;4.98793567928035;43.9337753737225;THOR
BSS002DSBP;2022-12-29;1.88;48.02;4.98793567928035;43.9337753737225;THOR
BSS002DSBP;2022-12-30;1.89;48.01;4.98793567928035;43.9337753737225;THOR
BSS002DSBP;2022-12-31;1.9;48.0;4.98793567928035;43.9337753737225;THOR
BSS002DSBP;2023-01-01;1.91;47.99;4.98793567928035;43.9337753737225;THOR
BSS002DSBP;2023-01-02;1.91;47.99;4.98793567928035;43.9337753737225;THOR
BSS002DSBP;2023-01-03;1.92;47.98;4.98793567928035;43.9337753737225;THOR
BSS002DSBP;2023-01-04;1.92;47.98;4.98793567928035;43.9337753737225;THOR
BSS002DSBP;2023-01-05;1.92;47.98;4.98793567928035;43.9337753737225;THOR
BSS002DSBP;2023-01-06;1.92;47.98;4.98793567928035;43.9337753737225;THOR
BSS002DSBP;2023-01-07;1.92;47.98;4.98793567928035;43.9337753737225;THOR
BSS002DSBP;2023-01-08;1.92;47.98;4.98793567928035;43.9337753737225;THOR
BSS002DSBP;2023-01-09;1.93;47.97;4.98793567928035;43.9337753737225;THOR
BSS002DSBP;2023-01-10;1.94;47.96;4.98793567928035;43.9337753737225;THOR
BSS002DSBP;2023-01-11;1.95;47.95;4.98793567928035;43.9337753737225;THOR
BSS002DSBP;2023-01-12;1.95;47.95;4.98793567928035;43.9337753737225;THOR
BSS002DSBP;2023-01-13;1.95;47.95;4.98793567928035;43.9337753737225;THOR
BSS002DSBP;2023-01-14;1.96;47.94;4.98793567928035;43.9337753737225;THOR
BSS002DSBP;2023-01-15;1.96;47.94;4.98793567928035;43.9337753737225;THOR
BSS002DSBP;2023-01-16;1.95;47.95;4.98793567928035;43.9337753737225;THOR
BSS002DSBP;2023-01-17;1.94;47.96;4.98793567928035;43.9337753737225;THOR
BSS002DSBP;2023-01-18;1.95;47.95;4.98793567928035;43.9337753737225;THOR
BSS002DSBP;2023-01-19;1.96;47.94;4.98793567928035;43.9337753737225;THOR
BSS002DSBP;2023-01-20;1.96;47.94;4.98793567928035;43.9337753737225;THOR
BSS002DSBP;2023-01-21;1.97;47.93;4.98793567928035;43.9337753737225;THOR
BSS002DSBP;2023-01-22;1.99;47.91;4.98793567928035;43.9337753737225;THOR
BSS002DSBP;2023-01-23;1.99;47.91;4.98793567928035;43.9337753737225;THOR
BSS002DSBP;2023-01-24;2.0;47.9;4.98793567928035;43.9337753737225;THOR
BSS002DSBP;2023-01-25;2.0;47.9;4.98793567928035;43.9337753737225;THOR
BSS002DSBP;2023-01-26;2.0;47.9;4.98793567928035;43.9337753737225;THOR
BSS002DSBP;2023-01-27;2.0;47.9;4.98793567928035;43.9337753737225;THOR
BSS002DSBP;2023-01-28;2.01;47.89;4.98793567928035;43.9337753737225;THOR
BSS002DSBP;2023-01-29;2.01;47.89;4.98793567928035;43.9337753737225;THOR
BSS002DSBP;2023-01-30;2.0;47.9;4.98793567928035;43.9337753737225;THOR
BSS002DSBP;2023-01-31;2.0;47.9;4.98793567928035;43.9337753737225;THOR
BSS002DSBP;2023-02-01;2.0;47.9;4.98793567928035;43.9337753737225;THOR
BSS002DSBP;2023-02-02;2.0;47.9;4.98793567928035;43.9337753737225;THOR
BSS002DSBP;2023-02-03;2.0;47.9;4.98793567928035;43.9337753737225;THOR
BSS002DSBP;2023-02-04;1.99;47.91;4.98793567928035;43.9337753737225;THOR
BSS002DSBP;2023-02-05;1.99;47.91;4.98793567928035;43.9337753737225;THOR
BSS002DSBP;2023-02-06;1.99;47.91;4.98793567928035;43.9337753737225;THOR
BSS002DSBP;2023-02-07;1.99;47.91;4.98793567928035;43.9337753737225;THOR
BSS002DSBP;2023-02-08;1.99;47.91;4.98793567928035;43.9337753737225;THOR
BSS002DSBP;2023-02-09;1.99;47.91;4.98793567928035;43.9337753737225;THOR
BSS002DSBP;2023-02-10;1.99;47.91;4.98793567928035;43.9337753737225;THOR
BSS002DSBP;2023-02-11;1.98;47.92;4.98793567928035;43.9337753737225;THOR
BSS002DSBP;2023-02-12;1.99;47.91;4.98793567928035;43.9337753737225;THOR
BSS002DSBP;2023-02-13;1.99;47.91;4.98793567928035;43.9337753737225;THOR
BSS002DSBP;2023-02-14;2.0;47.9;4.98793567928035;43.9337753737225;THOR
BSS002DSBP;2023-02-15;2.0;47.9;4.98793567928035;43.9337753737225;THOR
BSS002DSBP;2023-02-16;2.02;47.88;4.98793567928035;43.9337753737225;THOR
BSS002DSBP;2023-02-17;2.03;47.87;4.98793567928035;43.9337753737225;THOR
BSS002DSBP;2023-02-18;2.03;47.87;4.98793567928035;43.9337753737225;THOR
BSS002DSBP;2023-02-19;2.04;47.86;4.98793567928035;43.9337753737225;THOR
BSS002DSBP;2023-02-20;2.04;47.86;4.98793567928035;43.9337753737225;THOR
BSS002DSBP;2023-02-21;2.05;47.85;4.98793567928035;43.9337753737225;THOR
BSS002DSBP;2023-02-22;2.05;47.85;4.98793567928035;43.9337753737225;THOR
BSS002DSBP;2023-02-23;2.06;47.84;4.98793567928035;43.9337753737225;THOR
BSS002DSBP;2023-02-24;2.06;47.84;4.98793567928035;43.9337753737225;THOR
BSS002DSBP;2023-02-25;2.07;47.83;4.98793567928035;43.9337753737225;THOR
BSS002DSBP;2023-02-26;2.07;47.83;4.98793567928035;43.9337753737225;THOR
BSS002DSBP;2023-02-27;2.08;47.82;4.98793567928035;43.9337753737225;THOR
BSS002DSBP;2023-02-28;2.07;47.83;4.98793567928035;43.9337753737225;THOR
BSS002DSBP;2023-03-01;2.06;47.84;4.98793567928035;43.9337753737225;THOR
BSS002DSBP;2023-03-02;2.06;47.84;4.98793567928035;43.9337753737225;THOR
BSS002DSBP;2023-03-03;2.06;47.84;4.98793567928035;43.9337753737225;THOR
BSS002DSBP;2023-03-04;2.05;47.85;4.98793567928035;43.9337753737225;THOR
BSS002DSBP;2023-03-05;2.05;47.85;4.98793567928035;43.9337753737225;THOR
BSS002DSBP;2023-03-06;2.05;47.85;4.98793567928035;43.9337753737225;THOR
BSS002DSBP;2023-03-07;2.05;47.85;4.98793567928035;43.9337753737225;THOR
BSS002DSBP;2023-03-08;2.05;47.85;4.98793567928035;43.9337753737225;THOR
BSS002DSBP;2023-03-09;2.04;47.86;4.98793567928035;43.9337753737225;THOR
BSS002DSBP;2023-03-10;2.04;47.86;4.98793567928035;43.9337753737225;THOR
BSS002DSBP;2023-03-11;2.03;47.87;4.98793567928035;43.9337753737225;THOR
BSS002DSBP;2023-03-12;2.04;47.86;4.98793567928035;43.9337753737225;THOR
BSS002DSBP;2023-03-13;2.04;47.86;4.98793567928035;43.9337753737225;THOR
BSS002DSBP;2023-03-14;2.01;47.89;4.98793567928035;43.9337753737225;THOR
BSS002DSBP;2023-03-15;2.01;47.89;4.98793567928035;43.9337753737225;THOR
BSS002DSBP;2023-03-16;2.01;47.89;4.98793567928035;43.9337753737225;THOR
BSS002DSBP;2023-03-17;2.0;47.9;4.98793567928035;43.9337753737225;THOR
BSS002DSBP;2023-03-18;2.0;47.9;4.98793567928035;43.9337753737225;THOR
BSS002DSBP;2023-03-19;2.0;47.9;4.98793567928035;43.9337753737225;THOR
BSS002DSBP;2023-03-20;2.0;47.9;4.98793567928035;43.9337753737225;THOR
BSS002DSBP;2023-03-21;2.0;47.9;4.98793567928035;43.9337753737225;THOR
BSS002DSBP;2023-03-22;2.0;47.9;4.98793567928035;43.9337753737225;THOR
BSS002DSBP;2023-03-23;2.0;47.9;4.98793567928035;43.9337753737225;THOR
BSS002DSBP;2023-03-24;2.0;47.9;4.98793567928035;43.9337753737225;THOR
BSS002DSBP;2023-03-25;2.01;47.89;4.98793567928035;43.9337753737225;THOR
BSS002DSBP;2023-03-26;2.01;47.89;4.98793567928035;43.9337753737225;THOR
BSS002DSBP;2023-03-27;2.01;47.89;4.98793567928035;43.9337753737225;THOR
BSS002DSBP;2023-03-28;2.02;47.88;4.98793567928035;43.9337753737225;THOR
BSS002DSBP;2023-03-29;2.03;47.87;4.98793567928035;43.9337753737225;THOR
BSS002DSBP;2023-03-30;2.03;47.87;4.98793567928035;43.9337753737225;THOR
BSS002DSBP;2023-03-31;2.02;47.88;4.98793567928035;43.9337753737225;THOR
BSS002DSBP;2023-04-01;2.03;47.87;4.98793567928035;43.9337753737225;THOR
BSS002DSBP;2023-04-02;2.03;47.87;4.98793567928035;43.9337753737225;THOR
BSS002DSBP;2023-04-03;2.04;47.86;4.98793567928035;43.9337753737225;THOR
BSS002DSBP;2023-04-04;2.03;47.87;4.98793567928035;43.9337753737225;THOR
BSS002DSBP;2023-04-05;2.04;47.86;4.98793567928035;43.9337753737225;THOR
BSS002DSBP;2023-04-06;2.05;47.85;4.98793567928035;43.9337753737225;THOR
BSS002DSBP;2023-04-07;2.07;47.83;4.98793567928035;43.9337753737225;THOR
BSS002DSBP;2023-04-08;2.07;47.83;4.98793567928035;43.9337753737225;THOR
BSS002DSBP;2023-04-09;2.08;47.82;4.98793567928035;43.9337753737225;THOR
BSS002DSBP;2023-04-10;2.08;47.82;4.98793567928035;43.9337753737225;THOR
BSS002DSBP;2023-04-11;2.09;47.81;4.98793567928035;43.9337753737225;THOR
BSS002DSBP;2023-04-12;2.08;47.82;4.98793567928035;43.9337753737225;THOR
BSS002DSBP;2023-04-13;2.09;47.81;4.98793567928035;43.9337753737225;THOR
BSS002DSBP;2023-04-14;2.09;47.81;4.98793567928035;43.9337753737225;THOR
BSS002DSBP;2023-04-15;2.1;47.8;4.98793567928035;43.9337753737225;THOR
BSS002DSBP;2023-04-16;2.11;47.79;4.98793567928035;43.9337753737225;THOR
BSS002DSBP;2023-04-17;2.12;47.78;4.98793567928035;43.9337753737225;THOR
BSS002DSBP;2023-04-18;2.13;47.77;4.98793567928035;43.9337753737225;THOR
BSS002DSBP;2023-04-19;2.15;47.75;4.98793567928035;43.9337753737225;THOR
BSS002DSBP;2023-04-20;2.16;47.74;4.98793567928035;43.9337753737225;THOR
BSS002DSBP;2023-04-21;2.17;47.73;4.98793567928035;43.9337753737225;THOR
BSS002DSBP;2023-04-22;2.19;47.71;4.98793567928035;43.9337753737225;THOR
BSS002DSBP;2023-04-23;2.2;47.7;4.98793567928035;43.9337753737225;THOR
BSS002DSBP;2023-04-24;2.22;47.68;4.98793567928035;43.9337753737225;THOR
BSS002DSBP;2023-04-25;2.23;47.67;4.98793567928035;43.9337753737225;THOR
BSS002DSBP;2023-04-26;2.24;47.66;4.98793567928035;43.9337753737225;THOR
BSS002DSBP;2023-04-27;2.25;47.65;4.98793567928035;43.9337753737225;THOR
BSS002DSBP;2023-04-28;2.27;47.63;4.98793567928035;43.9337753737225;THOR
BSS002DSBP;2023-04-29;2.28;47.62;4.98793567928035;43.9337753737225;THOR
BSS002DSBP;2023-04-30;2.29;47.61;4.98793567928035;43.9337753737225;THOR
BSS002DSBP;2023-05-01;2.31;47.59;4.98793567928035;43.9337753737225;THOR
BSS002DSBP;2023-05-02;2.32;47.58;4.98793567928035;43.9337753737225;THOR
BSS002DSBP;2023-05-03;2.33;47.57;4.98793567928035;43.9337753737225;THOR
BSS002DSBP;2023-05-04;2.34;47.56;4.98793567928035;43.9337753737225;THOR
BSS002DSBP;2023-05-05;2.36;47.54;4.98793567928035;43.9337753737225;THOR
BSS002DSBP;2023-05-06;2.37;47.53;4.98793567928035;43.9337753737225;THOR
BSS002DSBP;2023-05-07;2.34;47.56;4.98793567928035;43.9337753737225;THOR
BSS002DSBP;2023-05-08;2.4;47.5;4.98793567928035;43.9337753737225;THOR
BSS002DSBP;2023-05-09;2.41;47.49;4.98793567928035;43.9337753737225;THOR
BSS002DSBP;2023-05-10;2.42;47.48;4.98793567928035;43.9337753737225;THOR
BSS002DSBP;2023-05-11;2.43;47.47;4.98793567928035;43.9337753737225;THOR
BSS002DSBP;2023-05-12;2.43;47.47;4.98793567928035;43.9337753737225;THOR
BSS002DSBP;2023-05-13;2.44;47.46;4.98793567928035;43.9337753737225;THOR
BSS002DSBP;2023-05-14;2.45;47.45;4.98793567928035;43.9337753737225;THOR
BSS002DSBP;2023-05-15;2.46;47.44;4.98793567928035;43.9337753737225;THOR
BSS002DSBP;2023-05-16;2.47;47.43;4.98793567928035;43.9337753737225;THOR
BSS002DSBP;2023-05-17;2.48;47.42;4.98793567928035;43.9337753737225;THOR
BSS002DSBP;2023-05-18;2.49;47.41;4.98793567928035;43.9337753737225;THOR
BSS002DSBP;2023-05-19;2.49;47.41;4.98793567928035;43.9337753737225;THOR
BSS002DSBP;2023-05-20;2.5;47.4;4.98793567928035;43.9337753737225;THOR
BSS002DSBP;2023-05-21;2.5;47.4;4.98793567928035;43.9337753737225;THOR
BSS002DSBP;2023-05-22;2.5;47.4;4.98793567928035;43.9337753737225;THOR
BSS002DSBP;2023-05-23;2.51;47.39;4.98793567928035;43.9337753737225;THOR
BSS002DSBP;2023-05-24;2.51;47.39;4.98793567928035;43.9337753737225;THOR
BSS002DSBP;2023-05-25;2.52;47.38;4.98793567928035;43.9337753737225;THOR
BSS002DSBP;2023-05-26;2.52;47.38;4.98793567928035;43.9337753737225;THOR
BSS002DSBP;2023-05-27;2.53;47.37;4.98793567928035;43.9337753737225;THOR
BSS002DSBP;2023-05-28;2.52;47.38;4.98793567928035;43.9337753737225;THOR
BSS002DSBP;2023-05-29;2.52;47.38;4.98793567928035;43.9337753737225;THOR
BSS002DSBP;2023-05-30;2.51;47.39;4.98793567928035;43.9337753737225;THOR
BSS002DSBP;2023-05-31;2.51;47.39;4.98793567928035;43.9337753737225;THOR
BSS002DSBP;2023-06-01;2.51;47.39;4.98793567928035;43.9337753737225;THOR
BSS002DSBP;2023-06-02;2.52;47.38;4.98793567928035;43.9337753737225;THOR
BSS002DSBP;2023-06-03;2.51;47.39;4.98793567928035;43.9337753737225;THOR
BSS002DSBP;2023-06-04;2.46;47.44;4.98793567928035;43.9337753737225;THOR
BSS002DSBP;2023-06-05;2.45;47.45;4.98793567928035;43.9337753737225;THOR
BSS002DSBP;2023-06-06;2.45;47.45;4.98793567928035;43.9337753737225;THOR
BSS002DSBP;2023-06-07;2.45;47.45;4.98793567928035;43.9337753737225;THOR
BSS002DSBP;2023-06-08;2.46;47.44;4.98793567928035;43.9337753737225;THOR
BSS002DSBP;2023-06-09;2.47;47.43;4.98793567928035;43.9337753737225;THOR
BSS002DSBP;2023-06-10;2.46;47.44;4.98793567928035;43.9337753737225;THOR
BSS002DSBP;2023-06-11;2.47;47.43;4.98793567928035;43.9337753737225;THOR
BSS002DSBP;2023-06-12;2.49;47.41;4.98793567928035;43.9337753737225;THOR
BSS002DSBP;2023-06-13;2.47;47.43;4.98793567928035;43.9337753737225;THOR
BSS002DSBP;2023-06-14;2.47;47.43;4.98793567928035;43.9337753737225;THOR
BSS002DSBP;2023-06-15;2.48;47.42;4.98793567928035;43.9337753737225;THOR
BSS002DSBP;2023-06-16;2.48;47.42;4.98793567928035;43.9337753737225;THOR
BSS002DSBP;2023-06-17;2.5;47.4;4.98793567928035;43.9337753737225;THOR
BSS002DSBP;2023-06-18;2.5;47.4;4.98793567928035;43.9337753737225;THOR
BSS002DSBP;2023-06-19;2.51;47.39;4.98793567928035;43.9337753737225;THOR
BSS002DSBP;2023-06-20;2.52;47.38;4.98793567928035;43.9337753737225;THOR
BSS002DSBP;2023-06-21;2.53;47.37;4.98793567928035;43.9337753737225;THOR
BSS002DSBP;2023-06-22;2.54;47.36;4.98793567928035;43.9337753737225;THOR
BSS002DSBP;2023-06-23;2.53;47.37;4.98793567928035;43.9337753737225;THOR
BSS002DSBP;2023-06-24;2.53;47.37;4.98793567928035;43.9337753737225;THOR
BSS002DSBP;2023-06-25;2.53;47.37;4.98793567928035;43.9337753737225;THOR
BSS002DSBP;2023-06-26;2.53;47.37;4.98793567928035;43.9337753737225;THOR
BSS002DSBP;2023-06-27;2.52;47.38;4.98793567928035;43.9337753737225;THOR
BSS002DSBP;2023-06-28;2.52;47.38;4.98793567928035;43.9337753737225;THOR
BSS002DSBP;2023-06-29;2.52;47.38;4.98793567928035;43.9337753737225;THOR
BSS002DSBP;2023-06-30;2.44;47.46;4.98793567928035;43.9337753737225;THOR
BSS002DSBP;2023-07-01;2.43;47.47;4.98793567928035;43.9337753737225;THOR
BSS002DSBP;2023-07-02;2.43;47.47;4.98793567928035;43.9337753737225;THOR
BSS002DSBP;2023-07-03;2.44;47.46;4.98793567928035;43.9337753737225;THOR
BSS002DSBP;2023-07-04;2.44;47.46;4.98793567928035;43.9337753737225;THOR
BSS002DSBP;2023-07-05;2.45;47.45;4.98793567928035;43.9337753737225;THOR
BSS002DSBP;2023-07-06;2.45;47.45;4.98793567928035;43.9337753737225;THOR
BSS002DSBP;2023-07-07;2.45;47.45;4.98793567928035;43.9337753737225;THOR
BSS002DSBP;2023-07-08;2.46;47.44;4.98793567928035;43.9337753737225;THOR
BSS002DSBP;2023-07-09;2.47;47.43;4.98793567928035;43.9337753737225;THOR
BSS002DSBP;2023-07-10;2.49;47.41;4.98793567928035;43.9337753737225;THOR
BSS002DSBP;2023-07-11;2.51;47.39;4.98793567928035;43.9337753737225;THOR
BSS002DSBP;2023-07-12;2.53;47.37;4.98793567928035;43.9337753737225;THOR
BSS002DSBP;2023-07-13;2.55;47.35;4.98793567928035;43.9337753737225;THOR
BSS002DSBP;2023-07-14;2.56;47.34;4.98793567928035;43.9337753737225;THOR
BSS002DSBP;2023-07-15;2.58;47.32;4.98793567928035;43.9337753737225;THOR
BSS002DSBP;2023-07-16;2.6;47.3;4.98793567928035;43.9337753737225;THOR
BSS002DSBP;2023-07-17;2.62;47.28;4.98793567928035;43.9337753737225;THOR
BSS002DSBP;2023-07-18;2.63;47.27;4.98793567928035;43.9337753737225;THOR
BSS002DSBP;2023-07-19;2.64;47.26;4.98793567928035;43.9337753737225;THOR
BSS002DSBP;2023-07-20;2.65;47.25;4.98793567928035;43.9337753737225;THOR
BSS002DSBP;2023-07-21;2.67;47.23;4.98793567928035;43.9337753737225;THOR
BSS002DSBP;2023-07-22;2.67;47.23;4.98793567928035;43.9337753737225;THOR
BSS002DSBP;2023-07-23;2.69;47.21;4.98793567928035;43.9337753737225;THOR
BSS002DSBP;2023-07-24;2.69;47.21;4.98793567928035;43.9337753737225;THOR
BSS002DSBP;2023-07-25;2.69;47.21;4.98793567928035;43.9337753737225;THOR
BSS002DSBP;2023-07-26;2.72;47.18;4.98793567928035;43.9337753737225;THOR
BSS002DSBP;2023-07-27;2.73;47.17;4.98793567928035;43.9337753737225;THOR
BSS002DSBP;2023-07-28;2.74;47.16;4.98793567928035;43.9337753737225;THOR
BSS002DSBP;2023-07-29;2.73;47.17;4.98793567928035;43.9337753737225;THOR
BSS002DSBP;2023-07-30;2.75;47.15;4.98793567928035;43.9337753737225;THOR
BSS002DSBP;2023-07-31;2.77;47.13;4.98793567928035;43.9337753737225;THOR
BSS002DSBP;2023-08-01;2.79;47.11;4.98793567928035;43.9337753737225;THOR
BSS002DSBP;2023-08-02;2.8;47.1;4.98793567928035;43.9337753737225;THOR
BSS002DSBP;2023-08-03;2.82;47.08;4.98793567928035;43.9337753737225;THOR
BSS002DSBP;2023-08-04;2.83;47.07;4.98793567928035;43.9337753737225;THOR
BSS002DSBP;2023-08-05;2.85;47.05;4.98793567928035;43.9337753737225;THOR
BSS002DSBP;2023-08-06;2.89;47.01;4.98793567928035;43.9337753737225;THOR
BSS002DSBP;2023-08-07;2.89;47.01;4.98793567928035;43.9337753737225;THOR
BSS002DSBP;2023-08-08;2.89;47.01;4.98793567928035;43.9337753737225;THOR
BSS002DSBP;2023-08-09;2.91;46.99;4.98793567928035;43.9337753737225;THOR
BSS002DSBP;2023-08-10;2.91;46.99;4.98793567928035;43.9337753737225;THOR
BSS002DSBP;2023-08-11;2.92;46.98;4.98793567928035;43.9337753737225;THOR
BSS002DSBP;2023-08-12;2.95;46.95;4.98793567928035;43.9337753737225;THOR
BSS002DSBP;2023-08-13;3.01;46.89;4.98793567928035;43.9337753737225;THOR
BSS002DSBP;2023-08-14;2.98;46.92;4.98793567928035;43.9337753737225;THOR
BSS002DSBP;2023-08-15;2.98;46.92;4.98793567928035;43.9337753737225;THOR
BSS002DSBP;2023-08-16;2.99;46.91;4.98793567928035;43.9337753737225;THOR
BSS002DSBP;2023-08-17;3.0;46.9;4.98793567928035;43.9337753737225;THOR
BSS002DSBP;2023-08-18;3.01;46.89;4.98793567928035;43.9337753737225;THOR
BSS002DSBP;2023-08-19;3.02;46.88;4.98793567928035;43.9337753737225;THOR
BSS002DSBP;2023-08-20;3.04;46.86;4.98793567928035;43.9337753737225;THOR
BSS002DSBP;2023-08-21;3.06;46.84;4.98793567928035;43.9337753737225;THOR
BSS002DSBP;2023-08-22;3.07;46.83;4.98793567928035;43.9337753737225;THOR
BSS002DSBP;2023-08-23;3.09;46.81;4.98793567928035;43.9337753737225;THOR
BSS002DSBP;2023-08-24;3.1;46.8;4.98793567928035;43.9337753737225;THOR
BSS002DSBP;2023-08-25;3.12;46.78;4.98793567928035;43.9337753737225;THOR
BSS002DSBP;2023-08-26;3.13;46.77;4.98793567928035;43.9337753737225;THOR
BSS002DSBP;2023-08-27;3.11;46.79;4.98793567928035;43.9337753737225;THOR
BSS002DSBP;2023-08-28;3.11;46.79;4.98793567928035;43.9337753737225;THOR
BSS002DSBP;2023-08-29;3.12;46.78;4.98793567928035;43.9337753737225;THOR
BSS002DSBP;2023-08-30;3.13;46.77;4.98793567928035;43.9337753737225;THOR
BSS002DSBP;2023-08-31;3.14;46.76;4.98793567928035;43.9337753737225;THOR
BSS002DSBP;2023-09-01;3.15;46.75;4.98793567928035;43.9337753737225;THOR
BSS002DSBP;2023-09-02;3.17;46.73;4.98793567928035;43.9337753737225;THOR
BSS002DSBP;2023-09-03;3.18;46.72;4.98793567928035;43.9337753737225;THOR
BSS002DSBP;2023-09-04;3.19;46.71;4.98793567928035;43.9337753737225;THOR
BSS002DSBP;2023-09-05;3.21;46.69;4.98793567928035;43.9337753737225;THOR
BSS002DSBP;2023-09-06;3.21;46.69;4.98793567928035;43.9337753737225;THOR
BSS002DSBP;2023-09-07;3.22;46.68;4.98793567928035;43.9337753737225;THOR
BSS002DSBP;2023-09-08;3.24;46.66;4.98793567928035;43.9337753737225;THOR
BSS002DSBP;2023-09-09;3.23;46.67;4.98793567928035;43.9337753737225;THOR
BSS002DSBP;2023-09-10;3.24;46.66;4.98793567928035;43.9337753737225;THOR
BSS002DSBP;2023-09-11;3.25;46.65;4.98793567928035;43.9337753737225;THOR
BSS002DSBP;2023-09-12;3.26;46.64;4.98793567928035;43.9337753737225;THOR
BSS002DSBP;2023-09-13;3.27;46.63;4.98793567928035;43.9337753737225;THOR
BSS002DSBP;2023-09-14;3.28;46.62;4.98793567928035;43.9337753737225;THOR
BSS002DSBP;2023-09-15;3.28;46.62;4.98793567928035;43.9337753737225;THOR
BSS002DSBP;2023-09-16;3.26;46.64;4.98793567928035;43.9337753737225;THOR
BSS002DSBP;2023-09-17;3.26;46.64;4.98793567928035;43.9337753737225;THOR
BSS002DSBP;2023-09-18;3.27;46.63;4.98793567928035;43.9337753737225;THOR
BSS002DSBP;2023-09-19;3.29;46.61;4.98793567928035;43.9337753737225;THOR
BSS002DSBP;2023-09-20;3.27;46.63;4.98793567928035;43.9337753737225;THOR
BSS002DSBP;2023-09-21;3.25;46.65;4.98793567928035;43.9337753737225;THOR
BSS002DSBP;2023-09-22;3.25;46.65;4.98793567928035;43.9337753737225;THOR
BSS002DSBP;2023-09-23;3.25;46.65;4.98793567928035;43.9337753737225;THOR
BSS002DSBP;2023-09-24;3.24;46.66;4.98793567928035;43.9337753737225;THOR
BSS002DSBP;2023-09-25;3.24;46.66;4.98793567928035;43.9337753737225;THOR
BSS002DSBP;2023-09-26;3.23;46.67;4.98793567928035;43.9337753737225;THOR
BSS002DSBP;2023-09-27;3.23;46.67;4.98793567928035;43.9337753737225;THOR
BSS002DSBP;2023-09-28;3.23;46.67;4.98793567928035;43.9337753737225;THOR
BSS002DSBP;2023-09-29;3.23;46.67;4.98793567928035;43.9337753737225;THOR
BSS002DSBP;2023-09-30;3.23;46.67;4.98793567928035;43.9337753737225;THOR
BSS002DSBP;2023-10-01;3.22;46.68;4.98793567928035;43.9337753737225;THOR
BSS002DSBP;2023-10-02;3.22;46.68;4.98793567928035;43.9337753737225;THOR
BSS002DSBP;2023-10-03;3.22;46.68;4.98793567928035;43.9337753737225;THOR
BSS002DSBP;2023-10-04;3.22;46.68;4.98793567928035;43.9337753737225;THOR
BSS002DSBP;2023-10-05;3.2;46.7;4.98793567928035;43.9337753737225;THOR
BSS002DSBP;2023-10-06;3.19;46.71;4.98793567928035;43.9337753737225;THOR
BSS002DSBP;2023-10-07;3.18;46.72;4.98793567928035;43.9337753737225;THOR
BSS002DSBP;2023-10-08;3.17;46.73;4.98793567928035;43.9337753737225;THOR
BSS002DSBP;2023-10-09;3.16;46.74;4.98793567928035;43.9337753737225;THOR
BSS002DSBP;2023-10-10;3.15;46.75;4.98793567928035;43.9337753737225;THOR
BSS002DSBP;2023-10-11;3.14;46.76;4.98793567928035;43.9337753737225;THOR
BSS002DSBP;2023-10-12;3.13;46.77;4.98793567928035;43.9337753737225;THOR
BSS002DSBP;2023-10-13;3.12;46.78;4.98793567928035;43.9337753737225;THOR
BSS002DSBP;2023-10-14;3.11;46.79;4.98793567928035;43.9337753737225;THOR
BSS002DSBP;2023-10-15;3.1;46.8;4.98793567928035;43.9337753737225;THOR
BSS002DSBP;2023-10-16;3.1;46.8;4.98793567928035;43.9337753737225;THOR
BSS002DSBP;2023-10-17;3.09;46.81;4.98793567928035;43.9337753737225;THOR
BSS002DSBP;2023-10-18;3.08;46.82;4.98793567928035;43.9337753737225;THOR
BSS002DSBP;2023-10-19;3.07;46.83;4.98793567928035;43.9337753737225;THOR
BSS002DSBP;2023-10-20;3.04;46.86;4.98793567928035;43.9337753737225;THOR
BSS002DSBP;2023-10-21;3.05;46.85;4.98793567928035;43.9337753737225;THOR
BSS002DSBP;2023-10-22;3.04;46.86;4.98793567928035;43.9337753737225;THOR
BSS002DSBP;2023-10-23;3.03;46.87;4.98793567928035;43.9337753737225;THOR
BSS002DSBP;2023-10-24;3.02;46.88;4.98793567928035;43.9337753737225;THOR
BSS002DSBP;2023-10-25;3.0;46.9;4.98793567928035;43.9337753737225;THOR
BSS002DSBP;2023-10-26;2.98;46.92;4.98793567928035;43.9337753737225;THOR
BSS002DSBP;2023-10-27;2.97;46.93;4.98793567928035;43.9337753737225;THOR
BSS002DSBP;2023-10-28;2.98;46.92;4.98793567928035;43.9337753737225;THOR
BSS002DSBP;2023-10-29;3.0;46.9;4.98793567928035;43.9337753737225;THOR
BSS002DSBP;2023-10-30;2.99;46.91;4.98793567928035;43.9337753737225;THOR
BSS002DSBP;2023-10-31;2.99;46.91;4.98793567928035;43.9337753737225;THOR
BSS002DSBP;2023-11-01;3.02;46.88;4.98793567928035;43.9337753737225;THOR
BSS002DSBP;2023-11-02;3.02;46.88;4.98793567928035;43.9337753737225;THOR
BSS002DSBP;2023-11-03;3.01;46.89;4.98793567928035;43.9337753737225;THOR
BSS002DSBP;2023-11-04;3.0;46.9;4.98793567928035;43.9337753737225;THOR
BSS002DSBP;2023-11-05;2.99;46.91;4.98793567928035;43.9337753737225;THOR
BSS002DSBP;2023-11-06;3.01;46.89;4.98793567928035;43.9337753737225;THOR
BSS002DSBP;2023-11-07;3.01;46.89;4.98793567928035;43.9337753737225;THOR
BSS002DSBP;2023-11-08;3.0;46.9;4.98793567928035;43.9337753737225;THOR
BSS002DSBP;2023-11-09;2.91;46.99;4.98793567928035;43.9337753737225;THOR
BSS002DSBP;2023-11-10;2.89;47.01;4.98793567928035;43.9337753737225;THOR
BSS002DSBP;2023-11-11;2.86;47.04;4.98793567928035;43.9337753737225;THOR
BSS002DSBP;2023-11-12;2.84;47.06;4.98793567928035;43.9337753737225;THOR
BSS002DSBP;2023-11-13;2.81;47.09;4.98793567928035;43.9337753737225;THOR
BSS002DSBP;2023-11-14;2.78;47.12;4.98793567928035;43.9337753737225;THOR
BSS002DSBP;2023-11-15;2.76;47.14;4.98793567928035;43.9337753737225;THOR
BSS002DSBP;2023-11-16;2.74;47.16;4.98793567928035;43.9337753737225;THOR
BSS002DSBP;2023-11-17;2.72;47.18;4.98793567928035;43.9337753737225;THOR
BSS002DSBP;2023-11-18;2.7;47.2;4.98793567928035;43.9337753737225;THOR
BSS002DSBP;2023-11-19;2.68;47.22;4.98793567928035;43.9337753737225;THOR
BSS002DSBP;2023-11-20;2.65;47.25;4.98793567928035;43.9337753737225;THOR
BSS002DSBP;2023-11-21;2.63;47.27;4.98793567928035;43.9337753737225;THOR
BSS002DSBP;2023-11-22;2.62;47.28;4.98793567928035;43.9337753737225;THOR
BSS002DSBP;2023-11-23;2.59;47.31;4.98793567928035;43.9337753737225;THOR
BSS002DSBP;2023-11-24;2.57;47.33;4.98793567928035;43.9337753737225;THOR
BSS002DSBP;2023-11-25;2.54;47.36;4.98793567928035;43.9337753737225;THOR
BSS002DSBP;2023-11-26;2.53;47.37;4.98793567928035;43.9337753737225;THOR
BSS002DSBP;2023-11-27;2.5;47.4;4.98793567928035;43.9337753737225;THOR
BSS002DSBP;2023-11-28;2.5;47.4;4.98793567928035;43.9337753737225;THOR
BSS002DSBP;2023-11-29;2.49;47.41;4.98793567928035;43.9337753737225;THOR
BSS002DSBP;2023-11-30;2.48;47.42;4.98793567928035;43.9337753737225;THOR
BSS002DSBP;2023-12-01;2.45;47.45;4.98793567928035;43.9337753737225;THOR
BSS002DSBP;2023-12-02;2.46;47.44;4.98793567928035;43.9337753737225;THOR
BSS002DSBP;2023-12-03;2.46;47.44;4.98793567928035;43.9337753737225;THOR
BSS002DSBP;2023-12-04;2.44;47.46;4.98793567928035;43.9337753737225;THOR
BSS002DSBP;2023-12-05;2.44;47.46;4.98793567928035;43.9337753737225;THOR
BSS002DSBP;2023-12-06;2.43;47.47;4.98793567928035;43.9337753737225;THOR
BSS002DSBP;2023-12-07;2.42;47.48;4.98793567928035;43.9337753737225;THOR
BSS002DSBP;2023-12-08;2.36;47.54;4.98793567928035;43.9337753737225;THOR
BSS002DSBP;2023-12-09;2.37;47.53;4.98793567928035;43.9337753737225;THOR
BSS002DSBP;2023-12-10;2.37;47.53;4.98793567928035;43.9337753737225;THOR
BSS002DSBP;2023-12-11;2.36;47.54;4.98793567928035;43.9337753737225;THOR
BSS002DSBP;2023-12-12;2.35;47.55;4.98793567928035;43.9337753737225;THOR
BSS002DSBP;2023-12-13;2.34;47.56;4.98793567928035;43.9337753737225;THOR
BSS002DSBP;2023-12-14;2.35;47.55;4.98793567928035;43.9337753737225;THOR
BSS002DSBP;2023-12-15;2.35;47.55;4.98793567928035;43.9337753737225;THOR
BSS002DSBP;2023-12-16;2.34;47.56;4.98793567928035;43.9337753737225;THOR
BSS002DSBP;2023-12-17;2.33;47.57;4.98793567928035;43.9337753737225;THOR
BSS002DSBP;2023-12-18;2.33;47.57;4.98793567928035;43.9337753737225;THOR
BSS002DSBP;2023-12-19;2.32;47.58;4.98793567928035;43.9337753737225;THOR
BSS002DSBP;2023-12-20;2.31;47.59;4.98793567928035;43.9337753737225;THOR
BSS002DSBP;2023-12-21;2.3;47.6;4.98793567928035;43.9337753737225;THOR
BSS002DSBP;2023-12-22;2.3;47.6;4.98793567928035;43.9337753737225;THOR
BSS002DSBP;2023-12-23;2.29;47.61;4.98793567928035;43.9337753737225;THOR
BSS002DSBP;2023-12-24;2.29;47.61;4.98793567928035;43.9337753737225;THOR
BSS002DSBP;2023-12-25;2.28;47.62;4.98793567928035;43.9337753737225;THOR
BSS002DSBP;2023-12-26;2.28;47.62;4.98793567928035;43.9337753737225;THOR
BSS002DSBP;2023-12-27;2.28;47.62;4.98793567928035;43.9337753737225;THOR
BSS002DSBP;2023-12-28;2.28;47.62;4.98793567928035;43.9337753737225;THOR
BSS002DSBP;2023-12-29;2.27;47.63;4.98793567928035;43.9337753737225;THOR
BSS002DSBP;2023-12-30;2.26;47.64;4.98793567928035;43.9337753737225;THOR
BSS002DSBP;2023-12-31;2.26;47.64;4.98793567928035;43.9337753737225;THOR
BSS002DSBP;2024-01-01;2.26;47.64;4.98793567928035;43.9337753737225;THOR
BSS002DSBP;2024-01-02;2.25;47.65;4.98793567928035;43.9337753737225;THOR
BSS002DSBP;2024-01-03;2.25;47.65;4.98793567928035;43.9337753737225;THOR
BSS002DSBP;2024-01-04;2.25;47.65;4.98793567928035;43.9337753737225;THOR
BSS002DSBP;2024-01-05;2.24;47.66;4.98793567928035;43.9337753737225;THOR
BSS002DSBP;2024-01-06;2.24;47.66;4.98793567928035;43.9337753737225;THOR
BSS002DSBP;2024-01-07;2.24;47.66;4.98793567928035;43.9337753737225;THOR
BSS002DSBP;2024-01-08;2.24;47.66;4.98793567928035;43.9337753737225;THOR
BSS002DSBP;2024-01-09;2.24;47.66;4.98793567928035;43.9337753737225;THOR
BSS002DSBP;2024-01-10;2.23;47.67;4.98793567928035;43.9337753737225;THOR
BSS002DSBP;2024-01-11;2.22;47.68;4.98793567928035;43.9337753737225;THOR
BSS002DSBP;2024-01-12;2.22;47.68;4.98793567928035;43.9337753737225;THOR
BSS002DSBP;2024-01-13;2.21;47.69;4.98793567928035;43.9337753737225;THOR
BSS002DSBP;2024-01-14;2.2;47.7;4.98793567928035;43.9337753737225;THOR
BSS002DSBP;2024-01-15;2.2;47.7;4.98793567928035;43.9337753737225;THOR
BSS002DSBP;2024-01-16;2.18;47.72;4.98793567928035;43.9337753737225;THOR
BSS002DSBP;2024-01-17;2.17;47.73;4.98793567928035;43.9337753737225;THOR
BSS002DSBP;2024-01-18;2.17;47.73;4.98793567928035;43.9337753737225;THOR
BSS002DSBP;2024-01-19;2.16;47.74;4.98793567928035;43.9337753737225;THOR
BSS002DSBP;2024-01-20;2.17;47.73;4.98793567928035;43.9337753737225;THOR
BSS002DSBP;2024-01-21;2.16;47.74;4.98793567928035;43.9337753737225;THOR
BSS002DSBP;2024-01-22;2.15;47.75;4.98793567928035;43.9337753737225;THOR
BSS002DSBP;2024-01-23;2.14;47.76;4.98793567928035;43.9337753737225;THOR
BSS002DSBP;2024-01-24;2.14;47.76;4.98793567928035;43.9337753737225;THOR
BSS002DSBP;2024-01-25;2.14;47.76;4.98793567928035;43.9337753737225;THOR
BSS002DSBP;2024-01-26;2.14;47.76;4.98793567928035;43.9337753737225;THOR
BSS002DSBP;2024-01-27;2.14;47.76;4.98793567928035;43.9337753737225;THOR
BSS002DSBP;2024-01-28;2.14;47.76;4.98793567928035;43.9337753737225;THOR
BSS002DSBP;2024-01-29;2.13;47.77;4.98793567928035;43.9337753737225;THOR
BSS002DSBP;2024-01-30;2.11;47.79;4.98793567928035;43.9337753737225;THOR
BSS002DSBP;2024-01-31;2.12;47.78;4.98793567928035;43.9337753737225;THOR
BSS002DSBP;2024-02-01;2.12;47.78;4.98793567928035;43.9337753737225;THOR
BSS002DSBP;2024-02-02;2.12;47.78;4.98793567928035;43.9337753737225;THOR
BSS002DSBP;2024-02-03;2.12;47.78;4.98793567928035;43.9337753737225;THOR
BSS002DSBP;2024-02-04;2.12;47.78;4.98793567928035;43.9337753737225;THOR
BSS002DSBP;2024-02-05;2.12;47.78;4.98793567928035;43.9337753737225;THOR
BSS002DSBP;2024-02-06;2.11;47.79;4.98793567928035;43.9337753737225;THOR
BSS002DSBP;2024-02-07;2.11;47.79;4.98793567928035;43.9337753737225;THOR
BSS002DSBP;2024-02-08;2.1;47.8;4.98793567928035;43.9337753737225;THOR
BSS002DSBP;2024-02-09;2.07;47.83;4.98793567928035;43.9337753737225;THOR
BSS002DSBP;2024-02-10;1.98;47.92;4.98793567928035;43.9337753737225;THOR
BSS002DSBP;2024-02-11;1.96;47.94;4.98793567928035;43.9337753737225;THOR
BSS002DSBP;2024-02-12;1.95;47.95;4.98793567928035;43.9337753737225;THOR
BSS002DSBP;2024-02-13;1.96;47.94;4.98793567928035;43.9337753737225;THOR
BSS002DSBP;2024-02-14;1.96;47.94;4.98793567928035;43.9337753737225;THOR
BSS002DSBP;2024-02-15;1.96;47.94;4.98793567928035;43.9337753737225;THOR
BSS002DSBP;2024-02-16;1.96;47.94;4.98793567928035;43.9337753737225;THOR
BSS002DSBP;2024-02-17;1.96;47.94;4.98793567928035;43.9337753737225;THOR
BSS002DSBP;2024-02-18;1.96;47.94;4.98793567928035;43.9337753737225;THOR
BSS002DSBP;2024-02-19;1.96;47.94;4.98793567928035;43.9337753737225;THOR
BSS002DSBP;2024-02-20;1.96;47.94;4.98793567928035;43.9337753737225;THOR
BSS002DSBP;2024-02-21;1.96;47.94;4.98793567928035;43.9337753737225;THOR
BSS002DSBP;2024-02-22;1.95;47.95;4.98793567928035;43.9337753737225;THOR
BSS002DSBP;2024-02-23;1.94;47.96;4.98793567928035;43.9337753737225;THOR
BSS002DSBP;2024-02-24;1.94;47.96;4.98793567928035;43.9337753737225;THOR
BSS002DSBP;2024-02-25;1.91;47.99;4.98793567928035;43.9337753737225;THOR
BSS002DSBP;2024-02-26;1.84;48.06;4.98793567928035;43.9337753737225;THOR
BSS002DSBP;2024-02-27;1.84;48.06;4.98793567928035;43.9337753737225;THOR
BSS002DSBP;2024-02-28;1.84;48.06;4.98793567928035;43.9337753737225;THOR
BSS002DSBP;2024-02-29;1.84;48.06;4.98793567928035;43.9337753737225;THOR
BSS002DSBP;2024-03-01;1.85;48.05;4.98793567928035;43.9337753737225;THOR
BSS002DSBP;2024-03-02;1.85;48.05;4.98793567928035;43.9337753737225;THOR
BSS002DSBP;2024-03-03;1.76;48.14;4.98793567928035;43.9337753737225;THOR
BSS002DSBP;2024-03-04;1.75;48.15;4.98793567928035;43.9337753737225;THOR
BSS002DSBP;2024-03-05;1.75;48.15;4.98793567928035;43.9337753737225;THOR
BSS002DSBP;2024-03-06;1.77;48.13;4.98793567928035;43.9337753737225;THOR
BSS002DSBP;2024-03-07;1.78;48.12;4.98793567928035;43.9337753737225;THOR
BSS002DSBP;2024-03-08;1.78;48.12;4.98793567928035;43.9337753737225;THOR
BSS002DSBP;2024-03-09;1.73;48.17;4.98793567928035;43.9337753737225;THOR
BSS002DSBP;2024-03-10;1.62;48.28;4.98793567928035;43.9337753737225;THOR
BSS002DSBP;2024-03-11;1.62;48.28;4.98793567928035;43.9337753737225;THOR
BSS002DSBP;2024-03-12;1.64;48.26;4.98793567928035;43.9337753737225;THOR
BSS002DSBP;2024-03-13;1.65;48.25;4.98793567928035;43.9337753737225;THOR
BSS002DSBP;2024-03-14;1.66;48.24;4.98793567928035;43.9337753737225;THOR
BSS002DSBP;2024-03-15;1.68;48.22;4.98793567928035;43.9337753737225;THOR
BSS002DSBP;2024-03-16;1.69;48.21;4.98793567928035;43.9337753737225;THOR
BSS002DSBP;2024-03-17;1.7;48.2;4.98793567928035;43.9337753737225;THOR
BSS002DSBP;2024-03-18;1.7;48.2;4.98793567928035;43.9337753737225;THOR
BSS002DSBP;2024-03-19;1.72;48.18;4.98793567928035;43.9337753737225;THOR
BSS002DSBP;2024-03-20;1.73;48.17;4.98793567928035;43.9337753737225;THOR
BSS002DSBP;2024-03-21;1.74;48.16;4.98793567928035;43.9337753737225;THOR
BSS002DSBP;2024-03-22;1.75;48.15;4.98793567928035;43.9337753737225;THOR
BSS002DSBP;2024-03-23;1.75;48.15;4.98793567928035;43.9337753737225;THOR
BSS002DSBP;2024-03-24;1.76;48.14;4.98793567928035;43.9337753737225;THOR
BSS002DSBP;2024-03-25;1.77;48.13;4.98793567928035;43.9337753737225;THOR
BSS002DSBP;2024-03-26;1.77;48.13;4.98793567928035;43.9337753737225;THOR
BSS002DSBP;2024-03-27;1.66;48.24;4.98793567928035;43.9337753737225;THOR
BSS002DSBP;2024-03-28;1.66;48.24;4.98793567928035;43.9337753737225;THOR
BSS002DSBP;2024-03-29;1.68;48.22;4.98793567928035;43.9337753737225;THOR
BSS002DSBP;2024-03-30;1.69;48.21;4.98793567928035;43.9337753737225;THOR
BSS002DSBP;2024-03-31;1.62;48.28;4.98793567928035;43.9337753737225;THOR
BSS002DSBP;2024-04-01;1.59;48.31;4.98793567928035;43.9337753737225;THOR
BSS002DSBP;2024-04-02;1.61;48.29;4.98793567928035;43.9337753737225;THOR
BSS002DSBP;2024-04-03;1.63;48.27;4.98793567928035;43.9337753737225;THOR
BSS002DSBP;2024-04-04;1.65;48.25;4.98793567928035;43.9337753737225;THOR
BSS002DSBP;2024-04-05;1.66;48.24;4.98793567928035;43.9337753737225;THOR
BSS002DSBP;2024-04-06;1.68;48.22;4.98793567928035;43.9337753737225;THOR
BSS002DSBP;2024-04-07;1.69;48.21;4.98793567928035;43.9337753737225;THOR
BSS002DSBP;2024-04-08;1.71;48.19;4.98793567928035;43.9337753737225;THOR
BSS002DSBP;2024-04-09;1.72;48.18;4.98793567928035;43.9337753737225;THOR
BSS002DSBP;2024-04-10;1.73;48.17;4.98793567928035;43.9337753737225;THOR
BSS002DSBP;2024-04-11;1.75;48.15;4.98793567928035;43.9337753737225;THOR
BSS002DSBP;2024-04-12;1.76;48.14;4.98793567928035;43.9337753737225;THOR
BSS002DSBP;2024-04-13;1.76;48.14;4.98793567928035;43.9337753737225;THOR
BSS002DSBP;2024-04-14;1.77;48.13;4.98793567928035;43.9337753737225;THOR
BSS002DSBP;2024-04-15;1.77;48.13;4.98793567928035;43.9337753737225;THOR
BSS002DSBP;2024-04-16;1.78;48.12;4.98793567928035;43.9337753737225;THOR
BSS002DSBP;2024-04-17;1.78;48.12;4.98793567928035;43.9337753737225;THOR
BSS002DSBP;2024-04-18;1.79;48.11;4.98793567928035;43.9337753737225;THOR
BSS002DSBP;2024-04-19;1.8;48.1;4.98793567928035;43.9337753737225;THOR
BSS002DSBP;2024-04-20;1.81;48.09;4.98793567928035;43.9337753737225;THOR
BSS002DSBP;2024-04-21;1.82;48.08;4.98793567928035;43.9337753737225;THOR
BSS002DSBP;2024-04-22;1.84;48.06;4.98793567928035;43.9337753737225;THOR
BSS002DSBP;2024-04-23;1.85;48.05;4.98793567928035;43.9337753737225;THOR
BSS002DSBP;2024-04-24;1.86;48.04;4.98793567928035;43.9337753737225;THOR
BSS002DSBP;2024-04-25;1.88;48.02;4.98793567928035;43.9337753737225;THOR
BSS002DSBP;2024-04-26;1.89;48.01;4.98793567928035;43.9337753737225;THOR
BSS002DSBP;2024-04-27;1.9;48.0;4.98793567928035;43.9337753737225;THOR
BSS002DSBP;2024-04-28;1.9;48.0;4.98793567928035;43.9337753737225;THOR
BSS002DSBP;2024-04-29;1.89;48.01;4.98793567928035;43.9337753737225;THOR
BSS002DSBP;2024-04-30;1.9;48.0;4.98793567928035;43.9337753737225;THOR
BSS002DSBP;2024-05-01;1.89;48.01;4.98793567928035;43.9337753737225;THOR
BSS002DSBP;2024-05-02;1.87;48.03;4.98793567928035;43.9337753737225;THOR
BSS002DSBP;2024-05-03;1.86;48.04;4.98793567928035;43.9337753737225;THOR
BSS002DSBP;2024-05-04;1.87;48.03;4.98793567928035;43.9337753737225;THOR
BSS002DSBP;2024-05-05;1.87;48.03;4.98793567928035;43.9337753737225;THOR
BSS002DSBP;2024-05-06;1.87;48.03;4.98793567928035;43.9337753737225;THOR
BSS002DSBP;2024-05-07;1.88;48.02;4.98793567928035;43.9337753737225;THOR
BSS002DSBP;2024-05-08;1.89;48.01;4.98793567928035;43.9337753737225;THOR
BSS002DSBP;2024-05-09;1.89;48.01;4.98793567928035;43.9337753737225;THOR
BSS002DSBP;2024-05-10;1.91;47.99;4.98793567928035;43.9337753737225;THOR
BSS002DSBP;2024-05-11;1.92;47.98;4.98793567928035;43.9337753737225;THOR
BSS002DSBP;2024-05-12;1.94;47.96;4.98793567928035;43.9337753737225;THOR
BSS002DSBP;2024-05-13;1.95;47.95;4.98793567928035;43.9337753737225;THOR
BSS002DSBP;2024-05-14;1.94;47.96;4.98793567928035;43.9337753737225;THOR
BSS002DSBP;2024-05-15;1.94;47.96;4.98793567928035;43.9337753737225;THOR
BSS002DSBP;2024-05-16;1.94;47.96;4.98793567928035;43.9337753737225;THOR
BSS002DSBP;2024-05-17;1.93;47.97;4.98793567928035;43.9337753737225;THOR
BSS002DSBP;2024-05-18;1.94;47.96;4.98793567928035;43.9337753737225;THOR
BSS002DSBP;2024-05-19;1.94;47.96;4.98793567928035;43.9337753737225;THOR
BSS002DSBP;2024-05-20;1.96;47.94;4.98793567928035;43.9337753737225;THOR
BSS002DSBP;2024-05-21;1.97;47.93;4.98793567928035;43.9337753737225;THOR
BSS002DSBP;2024-05-22;1.97;47.93;4.98793567928035;43.9337753737225;THOR
BSS002DSBP;2024-05-23;1.99;47.91;4.98793567928035;43.9337753737225;THOR
BSS002DSBP;2024-05-24;2.0;47.9;4.98793567928035;43.9337753737225;THOR
BSS002DSBP;2024-05-25;2.02;47.88;4.98793567928035;43.9337753737225;THOR
BSS002DSBP;2024-05-26;2.03;47.87;4.98793567928035;43.9337753737225;THOR
BSS002DSBP;2024-05-27;2.03;47.87;4.98793567928035;43.9337753737225;THOR
BSS002DSBP;2024-05-28;2.03;47.87;4.98793567928035;43.9337753737225;THOR
BSS002DSBP;2024-05-29;2.04;47.86;4.98793567928035;43.9337753737225;THOR
BSS002DSBP;2024-05-30;2.05;47.85;4.98793567928035;43.9337753737225;THOR
BSS002DSBP;2024-05-31;2.06;47.84;4.98793567928035;43.9337753737225;THOR
BSS002DSBP;2024-06-01;2.07;47.83;4.98793567928035;43.9337753737225;THOR
BSS002DSBP;2024-06-02;2.09;47.81;4.98793567928035;43.9337753737225;THOR
BSS002DSBP;2024-06-03;2.1;47.8;4.98793567928035;43.9337753737225;THOR
BSS002DSBP;2024-06-04;2.11;47.79;4.98793567928035;43.9337753737225;THOR
BSS002DSBP;2024-06-05;2.12;47.78;4.98793567928035;43.9337753737225;THOR
BSS002DSBP;2024-06-06;2.14;47.76;4.98793567928035;43.9337753737225;THOR
BSS002DSBP;2024-06-07;2.15;47.75;4.98793567928035;43.9337753737225;THOR
BSS002DSBP;2024-06-08;2.16;47.74;4.98793567928035;43.9337753737225;THOR
BSS002DSBP;2024-06-09;2.17;47.73;4.98793567928035;43.9337753737225;THOR
BSS002DSBP;2024-06-10;2.19;47.71;4.98793567928035;43.9337753737225;THOR
BSS002DSBP;2024-06-11;2.2;47.7;4.98793567928035;43.9337753737225;THOR
BSS002DSBP;2024-06-12;2.22;47.68;4.98793567928035;43.9337753737225;THOR
BSS002DSBP;2024-06-13;2.23;47.67;4.98793567928035;43.9337753737225;THOR
BSS002DSBP;2024-06-14;2.25;47.65;4.98793567928035;43.9337753737225;THOR
BSS002DSBP;2024-06-15;2.26;47.64;4.98793567928035;43.9337753737225;THOR
BSS002DSBP;2024-06-16;2.27;47.63;4.98793567928035;43.9337753737225;THOR
BSS002DSBP;2024-06-17;2.28;47.62;4.98793567928035;43.9337753737225;THOR
BSS002DSBP;2024-06-18;2.3;47.6;4.98793567928035;43.9337753737225;THOR
BSS002DSBP;2024-06-19;2.31;47.59;4.98793567928035;43.9337753737225;THOR
BSS002DSBP;2024-06-20;2.3;47.6;4.98793567928035;43.9337753737225;THOR
BSS002DSBP;2024-06-21;2.26;47.64;4.98793567928035;43.9337753737225;THOR
BSS002DSBP;2024-06-22;2.32;47.58;4.98793567928035;43.9337753737225;THOR
BSS002DSBP;2024-06-23;2.32;47.58;4.98793567928035;43.9337753737225;THOR
BSS002DSBP;2024-06-24;2.33;47.57;4.98793567928035;43.9337753737225;THOR
BSS002DSBP;2024-06-25;2.34;47.56;4.98793567928035;43.9337753737225;THOR
BSS002DSBP;2024-06-26;2.34;47.56;4.98793567928035;43.9337753737225;THOR
BSS002DSBP;2024-06-27;2.34;47.56;4.98793567928035;43.9337753737225;THOR
BSS002DSBP;2024-06-28;2.35;47.55;4.98793567928035;43.9337753737225;THOR
BSS002DSBP;2024-06-29;2.35;47.55;4.98793567928035;43.9337753737225;THOR
BSS002DSBP;2024-06-30;2.35;47.55;4.98793567928035;43.9337753737225;THOR
BSS002DSBP;2024-07-01;2.36;47.54;4.98793567928035;43.9337753737225;THOR
BSS002DSBP;2024-07-02;2.36;47.54;4.98793567928035;43.9337753737225;THOR
BSS002DSBP;2024-07-03;2.36;47.54;4.98793567928035;43.9337753737225;THOR
BSS002DSBP;2024-07-04;2.37;47.53;4.98793567928035;43.9337753737225;THOR
BSS002DSBP;2024-07-05;2.37;47.53;4.98793567928035;43.9337753737225;THOR
BSS002DSBP;2024-07-06;2.37;47.53;4.98793567928035;43.9337753737225;THOR
BSS002DSBP;2024-07-07;2.36;47.54;4.98793567928035;43.9337753737225;THOR
BSS002DSBP;2024-07-08;2.36;47.54;4.98793567928035;43.9337753737225;THOR
BSS002DSBP;2024-07-09;2.37;47.53;4.98793567928035;43.9337753737225;THOR
BSS002DSBP;2024-07-10;2.38;47.52;4.98793567928035;43.9337753737225;THOR
BSS002DSBP;2024-07-11;2.39;47.51;4.98793567928035;43.9337753737225;THOR
BSS002DSBP;2024-07-12;2.4;47.5;4.98793567928035;43.9337753737225;THOR
BSS002DSBP;2024-07-13;2.4;47.5;4.98793567928035;43.9337753737225;THOR
BSS002DSBP;2024-07-14;2.41;47.49;4.98793567928035;43.9337753737225;THOR
BSS002DSBP;2024-07-15;2.43;47.47;4.98793567928035;43.9337753737225;THOR
BSS002DSBP;2024-07-16;2.45;47.45;4.98793567928035;43.9337753737225;THOR
BSS002DSBP;2024-07-17;2.46;47.44;4.98793567928035;43.9337753737225;THOR
BSS002DSBP;2024-07-18;2.48;47.42;4.98793567928035;43.9337753737225;THOR
BSS002DSBP;2024-07-19;2.49;47.41;4.98793567928035;43.9337753737225;THOR
BSS002DSBP;2024-07-20;2.5;47.4;4.98793567928035;43.9337753737225;THOR
BSS002DSBP;2024-07-21;2.49;47.41;4.98793567928035;43.9337753737225;THOR
BSS002DSBP;2024-07-22;2.49;47.41;4.98793567928035;43.9337753737225;THOR
BSS002DSBP;2024-07-23;2.51;47.39;4.98793567928035;43.9337753737225;THOR
BSS002DSBP;2024-07-24;2.52;47.38;4.98793567928035;43.9337753737225;THOR
BSS002DSBP;2024-07-25;2.53;47.37;4.98793567928035;43.9337753737225;THOR
BSS002DSBP;2024-07-26;2.54;47.36;4.98793567928035;43.9337753737225;THOR
BSS002DSBP;2024-07-27;2.55;47.35;4.98793567928035;43.9337753737225;THOR
BSS002DSBP;2024-07-28;2.57;47.33;4.98793567928035;43.9337753737225;THOR
BSS002DSBP;2024-07-29;2.57;47.33;4.98793567928035;43.9337753737225;THOR
BSS002DSBP;2024-07-30;2.58;47.32;4.98793567928035;43.9337753737225;THOR
BSS002DSBP;2024-07-31;2.59;47.31;4.98793567928035;43.9337753737225;THOR
BSS002DSBP;2024-08-01;2.6;47.3;4.98793567928035;43.9337753737225;THOR
BSS002DSBP;2024-08-02;2.58;47.32;4.98793567928035;43.9337753737225;THOR
BSS002DSBP;2024-08-03;2.62;47.28;4.98793567928035;43.9337753737225;THOR
BSS002DSBP;2024-08-04;2.61;47.29;4.98793567928035;43.9337753737225;THOR
BSS002DSBP;2024-08-05;2.63;47.27;4.98793567928035;43.9337753737225;THOR
BSS002DSBP;2024-08-06;2.66;47.24;4.98793567928035;43.9337753737225;THOR
BSS002DSBP;2024-08-07;2.68;47.22;4.98793567928035;43.9337753737225;THOR
BSS002DSBP;2024-08-08;2.69;47.21;4.98793567928035;43.9337753737225;THOR
BSS002DSBP;2024-08-09;2.7;47.2;4.98793567928035;43.9337753737225;THOR
BSS002DSBP;2024-08-10;2.71;47.19;4.98793567928035;43.9337753737225;THOR
BSS002DSBP;2024-08-11;2.72;47.18;4.98793567928035;43.9337753737225;THOR
BSS002DSBP;2024-08-12;2.74;47.16;4.98793567928035;43.9337753737225;THOR
BSS002DSBP;2024-08-13;2.75;47.15;4.98793567928035;43.9337753737225;THOR
BSS002DSBP;2024-08-14;2.76;47.14;4.98793567928035;43.9337753737225;THOR
BSS002DSBP;2024-08-15;2.78;47.12;4.98793567928035;43.9337753737225;THOR
BSS002DSBP;2024-08-16;2.79;47.11;4.98793567928035;43.9337753737225;THOR
BSS002DSBP;2024-08-17;2.79;47.11;4.98793567928035;43.9337753737225;THOR
BSS002DSBP;2024-08-18;2.8;47.1;4.98793567928035;43.9337753737225;THOR
BSS002DSBP;2024-08-19;2.82;47.08;4.98793567928035;43.9337753737225;THOR
BSS002DSBP;2024-08-20;2.83;47.07;4.98793567928035;43.9337753737225;THOR
BSS002DSBP;2024-08-21;2.85;47.05;4.98793567928035;43.9337753737225;THOR
BSS002DSBP;2024-08-22;2.86;47.04;4.98793567928035;43.9337753737225;THOR
BSS002DSBP;2024-08-23;2.88;47.02;4.98793567928035;43.9337753737225;THOR
BSS002DSBP;2024-08-24;2.89;47.01;4.98793567928035;43.9337753737225;THOR
BSS002DSBP;2024-08-25;2.91;46.99;4.98793567928035;43.9337753737225;THOR
BSS002DSBP;2024-08-26;2.91;46.99;4.98793567928035;43.9337753737225;THOR
BSS002DSBP;2024-08-27;2.93;46.97;4.98793567928035;43.9337753737225;THOR
BSS002DSBP;2024-08-28;2.95;46.95;4.98793567928035;43.9337753737225;THOR
BSS002DSBP;2024-08-29;2.96;46.94;4.98793567928035;43.9337753737225;THOR
BSS002DSBP;2024-08-30;2.97;46.93;4.98793567928035;43.9337753737225;THOR
BSS002DSBP;2024-08-31;2.98;46.92;4.98793567928035;43.9337753737225;THOR
BSS002DSBP;2024-09-01;2.96;46.94;4.98793567928035;43.9337753737225;THOR
BSS002DSBP;2024-09-02;2.99;46.91;4.98793567928035;43.9337753737225;THOR
BSS002DSBP;2024-09-03;3.01;46.89;4.98793567928035;43.9337753737225;THOR
BSS002DSBP;2024-09-04;3.01;46.89;4.98793567928035;43.9337753737225;THOR
BSS002DSBP;2024-09-05;2.95;46.95;4.98793567928035;43.9337753737225;THOR
BSS002DSBP;2024-09-06;2.97;46.93;4.98793567928035;43.9337753737225;THOR
BSS002DSBP;2024-09-07;2.99;46.91;4.98793567928035;43.9337753737225;THOR
BSS002DSBP;2024-09-08;2.99;46.91;4.98793567928035;43.9337753737225;THOR
BSS002DSBP;2024-09-09;2.99;46.91;4.98793567928035;43.9337753737225;THOR
BSS002DSBP;2024-09-10;3.0;46.9;4.98793567928035;43.9337753737225;THOR
BSS002DSBP;2024-09-11;3.01;46.89;4.98793567928035;43.9337753737225;THOR
BSS002DSBP;2024-09-12;3.02;46.88;4.98793567928035;43.9337753737225;THOR
BSS002DSBP;2024-09-13;3.02;46.88;4.98793567928035;43.9337753737225;THOR
BSS002DSBP;2024-09-14;3.02;46.88;4.98793567928035;43.9337753737225;THOR
BSS002DSBP;2024-09-15;3.04;46.86;4.98793567928035;43.9337753737225;THOR
BSS002DSBP;2024-09-16;3.05;46.85;4.98793567928035;43.9337753737225;THOR
BSS002DSBP;2024-09-17;3.06;46.84;4.98793567928035;43.9337753737225;THOR
BSS002DSBP;2024-09-18;3.06;46.84;4.98793567928035;43.9337753737225;THOR
BSS002DSBP;2024-09-19;3.07;46.83;4.98793567928035;43.9337753737225;THOR
BSS002DSBP;2024-09-20;3.08;46.82;4.98793567928035;43.9337753737225;THOR
BSS002DSBP;2024-09-21;3.09;46.81;4.98793567928035;43.9337753737225;THOR
BSS002DSBP;2024-09-22;3.09;46.81;4.98793567928035;43.9337753737225;THOR
BSS002DSBP;2024-09-23;2.95;46.95;4.98793567928035;43.9337753737225;THOR
BSS002DSBP;2024-09-24;2.95;46.95;4.98793567928035;43.9337753737225;THOR
BSS002DSBP;2024-09-25;2.95;46.95;4.98793567928035;43.9337753737225;THOR
BSS002DSBP;2024-09-26;2.95;46.95;4.98793567928035;43.9337753737225;THOR
BSS002DSBP;2024-09-27;2.96;46.94;4.98793567928035;43.9337753737225;THOR
BSS002DSBP;2024-09-28;2.97;46.93;4.98793567928035;43.9337753737225;THOR
BSS002DSBP;2024-09-29;2.97;46.93;4.98793567928035;43.9337753737225;THOR
BSS002DSBP;2024-09-30;2.97;46.93;4.98793567928035;43.9337753737225;THOR
BSS002DSBP;2024-10-01;2.96;46.94;4.98793567928035;43.9337753737225;THOR
BSS002DSBP;2024-10-02;2.96;46.94;4.98793567928035;43.9337753737225;THOR
BSS002DSBP;2024-10-03;2.96;46.94;4.98793567928035;43.9337753737225;THOR
BSS002DSBP;2024-10-04;2.97;46.93;4.98793567928035;43.9337753737225;THOR
BSS002DSBP;2024-10-05;2.97;46.93;4.98793567928035;43.9337753737225;THOR
BSS002DSBP;2024-10-06;2.97;46.93;4.98793567928035;43.9337753737225;THOR
BSS002DSBP;2024-10-07;2.97;46.93;4.98793567928035;43.9337753737225;THOR
BSS002DSBP;2024-10-08;2.91;46.99;4.98793567928035;43.9337753737225;THOR
BSS002DSBP;2024-10-09;2.89;47.01;4.98793567928035;43.9337753737225;THOR
BSS002DSBP;2024-10-10;2.89;47.01;4.98793567928035;43.9337753737225;THOR
BSS002DSBP;2024-10-11;2.9;47.0;4.98793567928035;43.9337753737225;THOR
BSS002DSBP;2024-10-12;2.89;47.01;4.98793567928035;43.9337753737225;THOR
BSS002DSBP;2024-10-13;2.88;47.02;4.98793567928035;43.9337753737225;THOR
BSS002DSBP;2024-10-14;2.88;47.02;4.98793567928035;43.9337753737225;THOR
BSS002DSBP;2024-10-15;2.87;47.03;4.98793567928035;43.9337753737225;THOR
BSS002DSBP;2024-10-16;2.79;47.11;4.98793567928035;43.9337753737225;THOR
BSS002DSBP;2024-10-17;2.71;47.19;4.98793567928035;43.9337753737225;THOR
BSS002DSBP;2024-10-18;2.71;47.19;4.98793567928035;43.9337753737225;THOR
BSS002DSBP;2024-10-19;2.72;47.18;4.98793567928035;43.9337753737225;THOR
BSS002DSBP;2024-10-20;2.72;47.18;4.98793567928035;43.9337753737225;THOR
BSS002DSBP;2024-10-21;2.72;47.18;4.98793567928035;43.9337753737225;THOR
BSS002DSBP;2024-10-22;2.72;47.18;4.98793567928035;43.9337753737225;THOR
BSS002DSBP;2024-10-23;2.71;47.19;4.98793567928035;43.9337753737225;THOR
BSS002DSBP;2024-10-24;2.68;47.22;4.98793567928035;43.9337753737225;THOR
BSS002DSBP;2024-10-25;2.67;47.23;4.98793567928035;43.9337753737225;THOR
BSS002DSBP;2024-10-26;2.65;47.25;4.98793567928035;43.9337753737225;THOR
BSS002DSBP;2024-10-27;2.65;47.25;4.98793567928035;43.9337753737225;THOR
BSS002DSBP;2024-10-28;2.64;47.26;4.98793567928035;43.9337753737225;THOR
BSS002DSBP;2024-10-29;2.64;47.26;4.98793567928035;43.9337753737225;THOR
BSS002DSBP;2024-10-30;2.63;47.27;4.98793567928035;43.9337753737225;THOR
BSS002DSBP;2024-10-31;2.63;47.27;4.98793567928035;43.9337753737225;THOR
BSS002DSBP;2024-11-01;2.61;47.29;4.98793567928035;43.9337753737225;THOR
BSS002DSBP;2024-11-02;2.61;47.29;4.98793567928035;43.9337753737225;THOR
BSS002DSBP;2024-11-03;2.61;47.29;4.98793567928035;43.9337753737225;THOR
BSS002DSBP;2024-11-04;2.61;47.29;4.98793567928035;43.9337753737225;THOR
BSS002DSBP;2024-11-05;2.6;47.3;4.98793567928035;43.9337753737225;THOR
BSS002DSBP;2024-11-06;2.59;47.31;4.98793567928035;43.9337753737225;THOR
BSS002DSBP;2024-11-07;2.58;47.32;4.98793567928035;43.9337753737225;THOR
BSS002DSBP;2024-11-08;2.56;47.34;4.98793567928035;43.9337753737225;THOR
BSS002DSBP;2024-11-09;2.55;47.35;4.98793567928035;43.9337753737225;THOR
BSS002DSBP;2024-11-10;2.53;47.37;4.98793567928035;43.9337753737225;THOR
BSS002DSBP;2024-11-11;2.52;47.38;4.98793567928035;43.9337753737225;THOR
BSS002DSBP;2024-11-12;2.51;47.39;4.98793567928035;43.9337753737225;THOR
BSS002DSBP;2024-11-13;2.49;47.41;4.98793567928035;43.9337753737225;THOR
BSS002DSBP;2024-11-14;2.48;47.42;4.98793567928035;43.9337753737225;THOR
BSS002DSBP;2024-11-15;2.47;47.43;4.98793567928035;43.9337753737225;THOR
BSS002DSBP;2024-11-16;2.45;47.45;4.98793567928035;43.9337753737225;THOR
BSS002DSBP;2024-11-17;2.43;47.47;4.98793567928035;43.9337753737225;THOR
BSS002DSBP;2024-11-18;2.42;47.48;4.98793567928035;43.9337753737225;THOR
BSS002DSBP;2024-11-19;2.41;47.49;4.98793567928035;43.9337753737225;THOR
BSS002DSBP;2024-11-20;2.4;47.5;4.98793567928035;43.9337753737225;THOR
BSS002DSBP;2024-11-21;2.38;47.52;4.98793567928035;43.9337753737225;THOR
BSS002DSBP;2024-11-22;2.38;47.52;4.98793567928035;43.9337753737225;THOR
BSS002DSBP;2024-11-23;2.38;47.52;4.98793567928035;43.9337753737225;THOR
BSS002DSBP;2024-11-24;2.37;47.53;4.98793567928035;43.9337753737225;THOR
BSS002DSBP;2024-11-25;2.36;47.54;4.98793567928035;43.9337753737225;THOR
BSS002DSBP;2024-11-26;2.33;47.57;4.98793567928035;43.9337753737225;THOR
BSS002DSBP;2024-11-27;2.33;47.57;4.98793567928035;43.9337753737225;THOR
BSS002DSBP;2024-11-28;2.32;47.58;4.98793567928035;43.9337753737225;THOR
BSS002DSBP;2024-11-29;2.31;47.59;4.98793567928035;43.9337753737225;THOR
BSS002DSBP;2024-11-30;2.31;47.59;4.98793567928035;43.9337753737225;THOR
BSS002DSBP;2024-12-01;2.3;47.6;4.98793567928035;43.9337753737225;THOR
BSS002DSBP;2024-12-02;2.29;47.61;4.98793567928035;43.9337753737225;THOR
BSS002DSBP;2024-12-03;2.29;47.61;4.98793567928035;43.9337753737225;THOR
BSS002DSBP;2024-12-04;2.29;47.61;4.98793567928035;43.9337753737225;THOR
BSS002DSBP;2024-12-05;2.29;47.61;4.98793567928035;43.9337753737225;THOR
BSS002DSBP;2024-12-06;2.28;47.62;4.98793567928035;43.9337753737225;THOR
BSS002DSBP;2024-12-07;2.28;47.62;4.98793567928035;43.9337753737225;THOR
BSS002DSBP;2024-12-08;2.28;47.62;4.98793567928035;43.9337753737225;THOR
BSS002DSBP;2024-12-09;2.28;47.62;4.98793567928035;43.9337753737225;THOR
BSS002DSBP;2024-12-10;2.29;47.61;4.98793567928035;43.9337753737225;THOR
BSS002DSBP;2024-12-11;2.3;47.6;4.98793567928035;43.9337753737225;THOR
BSS002DSBP;2024-12-12;2.29;47.61;4.98793567928035;43.9337753737225;THOR
BSS002DSBP;2024-12-13;2.28;47.62;4.98793567928035;43.9337753737225;THOR
BSS002DSBP;2024-12-14;2.28;47.62;4.98793567928035;43.9337753737225;THOR
BSS002DSBP;2024-12-15;2.28;47.62;4.98793567928035;43.9337753737225;THOR
BSS002DSBP;2024-12-16;2.28;47.62;4.98793567928035;43.9337753737225;THOR
BSS002DSBP;2024-12-17;2.27;47.63;4.98793567928035;43.9337753737225;THOR
BSS002DSBP;2024-12-18;2.26;47.64;4.98793567928035;43.9337753737225;THOR
BSS002DSBP;2024-12-19;2.26;47.64;4.98793567928035;43.9337753737225;THOR
BSS002DSBP;2024-12-20;2.26;47.64;4.98793567928035;43.9337753737225;THOR
BSS002DSBP;2024-12-21;2.27;47.63;4.98793567928035;43.9337753737225;THOR
BSS002DSBP;2024-12-22;2.26;47.64;4.98793567928035;43.9337753737225;THOR
BSS002DSBP;2024-12-23;2.27;47.63;4.98793567928035;43.9337753737225;THOR
BSS002DSBP;2024-12-24;2.28;47.62;4.98793567928035;43.9337753737225;THOR
BSS002DSBP;2024-12-25;2.29;47.61;4.98793567928035;43.9337753737225;THOR
BSS002DSBP;2024-12-26;2.29;47.61;4.98793567928035;43.9337753737225;THOR
BSS002DSBP;2024-12-27;2.29;47.61;4.98793567928035;43.9337753737225;THOR
BSS002DSBP;2024-12-28;2.29;47.61;4.98793567928035;43.9337753737225;THOR
BSS002DSBP;2024-12-29;2.29;47.61;4.98793567928035;43.9337753737225;THOR
BSS002DSBP;2024-12-30;2.3;47.6;4.98793567928035;43.9337753737225;THOR
BSS002DSBP;2024-12-31;2.3;47.6;4.98793567928035;43.9337753737225;THOR
