station_ID;date;mean_flow;min_flow;max_flow;min_height;max_height;city
V615502001;2002-04-04;8059;7975;8143;839;844;FONTAINE DE VAUCLUSE 1
V615502001;2002-04-05;15547;13156;18040;991;1112;FONTAINE DE VAUCLUSE 1
V615502001;2002-04-06;13184;12999;13370;987;997;FONTAINE DE VAUCLUSE 1
V615502001;2002-04-07;8364;8300;8429;850;854;FONTAINE DE VAUCLUSE 1
V615502001;2002-04-09;12453;11846;13060;957;989;FONTAINE DE VAUCLUSE 1
V615502001;2002-04-10;11743;11547;11956;950;960;FONTAINE DE VAUCLUSE 1
V615502001;2002-04-11;10013;9927;10099;904;910;FONTAINE DE VAUCLUSE 1
V615502001;2002-05-04;7904;7833;7975;833;839;FONTAINE DE VAUCLUSE 1
V615502001;2002-05-05;20508;18040;22102;1112;1200;FONTAINE DE VAUCLUSE 1
V615502001;2002-05-06;12836;12728;12999;980;987;FONTAINE DE VAUCLUSE 1
V615502001;2002-05-07;8235;8171;8300;845;850;FONTAINE DE VAUCLUSE 1
V615502001;2002-05-09;13666;13060;14273;989;1020;FONTAINE DE VAUCLUSE 1
V615502001;2002-05-10;11444;11342;11547;944;950;FONTAINE DE VAUCLUSE 1
V615502001;2002-05-11;9842;9756;9927;898;904;FONTAINE DE VAUCLUSE 1
V615502001;2002-06-04;7762;7691;7833;828;833;FONTAINE DE VAUCLUSE 1
V615502001;2002-06-05;21031;20382;21681;1165;1192;FONTAINE DE VAUCLUSE 1
V615502001;2002-06-06;12925;12797;13052;982;988;FONTAINE DE VAUCLUSE 1
V615502001;2002-06-07;8106;8042;8171;841;845;FONTAINE DE VAUCLUSE 1
V615502001;2002-06-09;14880;14273;15487;1020;1051;FONTAINE DE VAUCLUSE 1
V615502001;2002-06-10;11239;11136;11342;939;944;FONTAINE DE VAUCLUSE 1
V615502001;2002-06-11;9670;9585;9756;893;898;FONTAINE DE VAUCLUSE 1
V615502001;2002-07-04;7621;7561;7691;822;828;FONTAINE DE VAUCLUSE 1
V615502001;2002-07-05;19732;19096;20382;1137;1165;FONTAINE DE VAUCLUSE 1
V615502001;2002-07-06;13179;13052;13306;988;995;FONTAINE DE VAUCLUSE 1
V615502001;2002-07-07;7980;7923;8042;837;841;FONTAINE DE VAUCLUSE 1
V615502001;2002-07-09;16137;15487;16795;1051;1082;FONTAINE DE VAUCLUSE 1
V615502001;2002-07-10;11033;10931;11136;934;939;FONTAINE DE VAUCLUSE 1
V615502001;2002-07-11;9499;9413;9585;887;893;FONTAINE DE VAUCLUSE 1
V615502001;2002-08-04;7520;7480;7561;819;822;FONTAINE DE VAUCLUSE 1
V615502001;2002-08-05;18937;18778;19096;1129;1137;FONTAINE DE VAUCLUSE 1
V615502001;2002-08-06;13398;13306;13466;995;999;FONTAINE DE VAUCLUSE 1
V615502001;2002-08-07;7869;7814;7923;832;837;FONTAINE DE VAUCLUSE 1
V615502001;2002-08-09;16294;15744;16823;1057;1083;FONTAINE DE VAUCLUSE 1
V615502001;2002-08-10;10828;10725;10931;928;934;FONTAINE DE VAUCLUSE 1
V615502001;2002-08-11;9327;9242;9413;881;887;FONTAINE DE VAUCLUSE 1
V615502001;2002-09-04;7440;7399;7480;816;819;FONTAINE DE VAUCLUSE 1
V615502001;2002-09-05;18599;18317;18778;1118;1129;FONTAINE DE VAUCLUSE 1
V615502001;2002-09-06;13248;13123;13372;990;997;FONTAINE DE VAUCLUSE 1
V615502001;2002-09-07;7760;7706;7814;828;832;FONTAINE DE VAUCLUSE 1
V615502001;2002-09-09;15692;15057;17547;1040;1100;FONTAINE DE VAUCLUSE 1
V615502001;2002-09-10;10623;10520;10725;923;928;FONTAINE DE VAUCLUSE 1
V615502001;2002-09-11;9156;9070;9242;875;881;FONTAINE DE VAUCLUSE 1
V615502001;2002-10-04;7359;7319;7399;813;816;FONTAINE DE VAUCLUSE 1
V615502001;2002-10-05;18395;17961;19240;1110;1140;FONTAINE DE VAUCLUSE 1
V615502001;2002-10-06;12999;12874;13123;984;990;FONTAINE DE VAUCLUSE 1
V615502001;2002-10-07;7651;7597;7706;824;828;FONTAINE DE VAUCLUSE 1
V615502001;2002-10-09;21933;17547;27504;1100;1281;FONTAINE DE VAUCLUSE 1
V615502001;2002-10-10;10598;10400;11185;920;940;FONTAINE DE VAUCLUSE 1
V615502001;2002-11-04;7286;7250;7342;810;814;FONTAINE DE VAUCLUSE 1
V615502001;2002-11-05;25218;19240;31123;1140;1328;FONTAINE DE VAUCLUSE 1
V615502001;2002-11-06;12749;12625;12874;977;984;FONTAINE DE VAUCLUSE 1
V615502001;2002-11-09;30132;27504;31344;1281;1330;FONTAINE DE VAUCLUSE 1
V615502001;2002-11-10;12127;11185;13068;940;989;FONTAINE DE VAUCLUSE 1
V615502001;2002-12-04;7660;7342;7978;814;839;FONTAINE DE VAUCLUSE 1
V615502001;2002-12-05;32241;31123;32760;1328;1346;FONTAINE DE VAUCLUSE 1
V615502001;2002-12-06;12500;12376;12625;971;977;FONTAINE DE VAUCLUSE 1
V615502001;2002-12-09;29814;28336;31344;1292;1330;FONTAINE DE VAUCLUSE 1
V615502001;2002-12-10;13642;13068;13893;989;1010;FONTAINE DE VAUCLUSE 1
V615502001;2003-01-12;35527;34007;46535;1360;1494;FONTAINE DE VAUCLUSE 1
V615502001;2003-02-12;66303;46535;76673;1494;1778;FONTAINE DE VAUCLUSE 1
V615502001;2003-03-12;77684;76673;78476;1778;1792;FONTAINE DE VAUCLUSE 1
V615502001;2003-04-12;78770;78476;79064;1792;1796;FONTAINE DE VAUCLUSE 1
V615502001;2003-05-12;79357;79064;79651;1796;1801;FONTAINE DE VAUCLUSE 1
V615502001;2003-06-12;79694;79584;79789;1800;1802;FONTAINE DE VAUCLUSE 1
V615502001;2003-07-12;78710;77480;79584;1784;1800;FONTAINE DE VAUCLUSE 1
V615502001;2003-08-12;76645;75770;78112;1771;1789;FONTAINE DE VAUCLUSE 1
V615502001;2003-09-12;74369;73336;75770;1751;1771;FONTAINE DE VAUCLUSE 1
V615502001;2003-10-12;72380;71363;73336;1733;1751;FONTAINE DE VAUCLUSE 1
V615502001;2003-11-12;70777;70307;71363;1724;1733;FONTAINE DE VAUCLUSE 1
V615502001;2003-12-12;69165;67895;70307;1702;1724;FONTAINE DE VAUCLUSE 1
V615502001;2004-01-01;30057;29751;30481;1310;1320;FONTAINE DE VAUCLUSE 1
V615502001;2004-01-02;19815;19705;20171;1150;1160;FONTAINE DE VAUCLUSE 1
V615502001;2004-01-03;42020;40190;43222;1428;1460;FONTAINE DE VAUCLUSE 1
V615502001;2004-01-04;17664;17466;17861;1098;1108;FONTAINE DE VAUCLUSE 1
V615502001;2004-01-05;17080;15500;18356;1051;1119;FONTAINE DE VAUCLUSE 1
V615502001;2004-01-06;13301;13116;13504;990;1000;FONTAINE DE VAUCLUSE 1
V615502001;2004-01-07;8780;8747;8814;865;867;FONTAINE DE VAUCLUSE 1
V615502001;2004-01-08;7005;6988;7022;800;801;FONTAINE DE VAUCLUSE 1
V615502001;2004-01-09;6185;6041;6314;762;773;FONTAINE DE VAUCLUSE 1
V615502001;2004-01-10;5549;5549;5549;735;735;FONTAINE DE VAUCLUSE 1
V615502001;2004-01-11;27492;23249;31444;1219;1331;FONTAINE DE VAUCLUSE 1
V615502001;2004-01-12;8375;8364;8420;852;854;FONTAINE DE VAUCLUSE 1
V615502001;2004-02-01;29449;29139;29751;1302;1310;FONTAINE DE VAUCLUSE 1
V615502001;2004-02-02;19960;19705;20217;1150;1161;FONTAINE DE VAUCLUSE 1
V615502001;2004-02-03;38480;36919;40190;1393;1428;FONTAINE DE VAUCLUSE 1
V615502001;2004-02-04;17360;17259;17466;1093;1098;FONTAINE DE VAUCLUSE 1
V615502001;2004-02-05;19041;18356;19633;1119;1148;FONTAINE DE VAUCLUSE 1
V615502001;2004-02-06;13116;13116;13116;990;990;FONTAINE DE VAUCLUSE 1
V615502001;2004-02-07;8713;8680;8747;862;865;FONTAINE DE VAUCLUSE 1
V615502001;2004-02-08;6971;6954;6988;798;800;FONTAINE DE VAUCLUSE 1
V615502001;2004-02-09;6065;6041;6114;762;765;FONTAINE DE VAUCLUSE 1
V615502001;2004-02-10;5549;5549;5549;735;735;FONTAINE DE VAUCLUSE 1
V615502001;2004-02-11;32149;29915;33030;1312;1349;FONTAINE DE VAUCLUSE 1
V615502001;2004-02-12;8322;8280;8364;849;852;FONTAINE DE VAUCLUSE 1
V615502001;2004-03-01;28490;27943;29139;1286;1302;FONTAINE DE VAUCLUSE 1
V615502001;2004-03-02;20405;20217;20594;1161;1169;FONTAINE DE VAUCLUSE 1
V615502001;2004-03-03;35521;34123;36919;1361;1393;FONTAINE DE VAUCLUSE 1
V615502001;2004-03-04;17157;17056;17259;1089;1093;FONTAINE DE VAUCLUSE 1
V615502001;2004-03-05;19983;19633;20200;1148;1161;FONTAINE DE VAUCLUSE 1
V615502001;2004-03-06;12830;12699;13116;979;990;FONTAINE DE VAUCLUSE 1
V615502001;2004-03-07;8646;8612;8680;860;862;FONTAINE DE VAUCLUSE 1
V615502001;2004-03-08;6961;6947;6973;798;799;FONTAINE DE VAUCLUSE 1
V615502001;2004-03-09;6060;6042;6078;762;763;FONTAINE DE VAUCLUSE 1
V615502001;2004-03-10;5549;5549;5549;735;735;FONTAINE DE VAUCLUSE 1
V615502001;2004-03-11;26868;24685;29915;1243;1312;FONTAINE DE VAUCLUSE 1
V615502001;2004-03-12;8358;8279;8428;849;854;FONTAINE DE VAUCLUSE 1
V615502001;2004-04-01;27173;26686;27943;1270;1286;FONTAINE DE VAUCLUSE 1
V615502001;2004-04-02;20634;20594;20636;1169;1170;FONTAINE DE VAUCLUSE 1
V615502001;2004-04-03;32621;31156;34123;1328;1361;FONTAINE DE VAUCLUSE 1
V615502001;2004-04-04;17002;16992;17056;1087;1089;FONTAINE DE VAUCLUSE 1
V615502001;2004-04-05;20687;20200;20962;1161;1177;FONTAINE DE VAUCLUSE 1
V615502001;2004-04-06;12667;12635;12699;978;979;FONTAINE DE VAUCLUSE 1
V615502001;2004-04-07;8579;8545;8612;858;860;FONTAINE DE VAUCLUSE 1
V615502001;2004-04-08;6865;6746;6954;790;798;FONTAINE DE VAUCLUSE 1
V615502001;2004-04-09;6086;6078;6091;763;764;FONTAINE DE VAUCLUSE 1
V615502001;2004-04-10;5549;5549;5549;735;735;FONTAINE DE VAUCLUSE 1
V615502001;2004-04-11;23217;21862;24685;1196;1243;FONTAINE DE VAUCLUSE 1
V615502001;2004-04-12;8537;8380;8607;852;860;FONTAINE DE VAUCLUSE 1
V615502001;2004-05-01;26360;25919;26686;1260;1270;FONTAINE DE VAUCLUSE 1
V615502001;2004-05-02;20640;20636;20695;1170;1171;FONTAINE DE VAUCLUSE 1
V615502001;2004-05-03;30400;29671;31156;1309;1328;FONTAINE DE VAUCLUSE 1
V615502001;2004-05-04;16981;16951;16992;1086;1087;FONTAINE DE VAUCLUSE 1
V615502001;2004-05-05;21165;20962;21381;1177;1186;FONTAINE DE VAUCLUSE 1
V615502001;2004-05-06;12559;12436;12635;972;978;FONTAINE DE VAUCLUSE 1
V615502001;2004-05-07;8505;8455;8545;855;858;FONTAINE DE VAUCLUSE 1
V615502001;2004-05-08;6761;6721;6816;789;793;FONTAINE DE VAUCLUSE 1
V615502001;2004-05-09;6074;6067;6082;763;764;FONTAINE DE VAUCLUSE 1
V615502001;2004-05-10;5546;5536;5549;734;735;FONTAINE DE VAUCLUSE 1
V615502001;2004-05-11;20809;19760;21862;1151;1196;FONTAINE DE VAUCLUSE 1
V615502001;2004-05-12;8573;8513;8596;857;860;FONTAINE DE VAUCLUSE 1
V615502001;2004-06-01;25368;25153;25919;1250;1260;FONTAINE DE VAUCLUSE 1
V615502001;2004-06-02;20935;20695;21175;1171;1182;FONTAINE DE VAUCLUSE 1
V615502001;2004-06-03;28928;28186;29671;1290;1309;FONTAINE DE VAUCLUSE 1
V615502001;2004-06-04;16650;16528;16951;1076;1086;FONTAINE DE VAUCLUSE 1
V615502001;2004-06-05;21084;20702;21358;1171;1186;FONTAINE DE VAUCLUSE 1
V615502001;2004-06-06;12299;12163;12436;965;972;FONTAINE DE VAUCLUSE 1
V615502001;2004-06-07;8401;8348;8455;851;855;FONTAINE DE VAUCLUSE 1
V615502001;2004-06-08;6819;6772;6847;791;794;FONTAINE DE VAUCLUSE 1
V615502001;2004-06-09;6060;6053;6067;762;763;FONTAINE DE VAUCLUSE 1
V615502001;2004-06-10;5525;5515;5536;733;734;FONTAINE DE VAUCLUSE 1
V615502001;2004-06-11;19263;18597;19760;1125;1151;FONTAINE DE VAUCLUSE 1
V615502001;2004-06-12;8419;8325;8513;851;857;FONTAINE DE VAUCLUSE 1
V615502001;2004-07-01;24730;24517;25153;1240;1250;FONTAINE DE VAUCLUSE 1
V615502001;2004-07-02;21407;21175;21567;1182;1190;FONTAINE DE VAUCLUSE 1
V615502001;2004-07-03;27442;26696;28186;1270;1290;FONTAINE DE VAUCLUSE 1
V615502001;2004-07-04;16528;16528;16528;1076;1076;FONTAINE DE VAUCLUSE 1
V615502001;2004-07-05;20180;19984;20702;1156;1171;FONTAINE DE VAUCLUSE 1
V615502001;2004-07-06;12049;11957;12163;960;965;FONTAINE DE VAUCLUSE 1
V615502001;2004-07-07;8295;8241;8348;848;851;FONTAINE DE VAUCLUSE 1
V615502001;2004-07-08;6783;6747;6819;790;793;FONTAINE DE VAUCLUSE 1
V615502001;2004-07-09;6045;6038;6053;762;762;FONTAINE DE VAUCLUSE 1
V615502001;2004-07-10;5535;5517;5549;733;735;FONTAINE DE VAUCLUSE 1
V615502001;2004-07-11;18206;17982;18597;1110;1125;FONTAINE DE VAUCLUSE 1
V615502001;2004-07-12;8249;8198;8325;846;851;FONTAINE DE VAUCLUSE 1
V615502001;2004-08-01;24047;23913;24517;1230;1240;FONTAINE DE VAUCLUSE 1
V615502001;2004-08-02;21567;21567;21567;1190;1190;FONTAINE DE VAUCLUSE 1
V615502001;2004-08-03;25949;25201;26696;1251;1270;FONTAINE DE VAUCLUSE 1
V615502001;2004-08-04;16504;16433;16528;1074;1076;FONTAINE DE VAUCLUSE 1
V615502001;2004-08-05;19969;19898;19984;1154;1156;FONTAINE DE VAUCLUSE 1
V615502001;2004-08-06;11872;11787;11957;956;960;FONTAINE DE VAUCLUSE 1
V615502001;2004-08-07;8188;8135;8241;844;848;FONTAINE DE VAUCLUSE 1
V615502001;2004-08-08;6711;6674;6747;787;790;FONTAINE DE VAUCLUSE 1
V615502001;2004-08-09;6031;6023;6038;761;762;FONTAINE DE VAUCLUSE 1
V615502001;2004-08-10;5495;5480;5517;731;733;FONTAINE DE VAUCLUSE 1
V615502001;2004-08-11;17392;17076;17982;1089;1110;FONTAINE DE VAUCLUSE 1
V615502001;2004-08-12;8123;8038;8198;841;846;FONTAINE DE VAUCLUSE 1
V615502001;2004-09-01;23425;23309;23913;1220;1230;FONTAINE DE VAUCLUSE 1
V615502001;2004-09-02;21556;21426;21567;1187;1190;FONTAINE DE VAUCLUSE 1
V615502001;2004-09-03;24618;24179;25201;1234;1251;FONTAINE DE VAUCLUSE 1
V615502001;2004-09-04;16339;16245;16433;1069;1074;FONTAINE DE VAUCLUSE 1
V615502001;2004-09-05;19567;19450;19898;1145;1154;FONTAINE DE VAUCLUSE 1
V615502001;2004-09-06;11701;11616;11787;951;956;FONTAINE DE VAUCLUSE 1
V615502001;2004-09-07;8097;8076;8135;842;844;FONTAINE DE VAUCLUSE 1
V615502001;2004-09-08;6638;6602;6674;784;787;FONTAINE DE VAUCLUSE 1
V615502001;2004-09-09;6016;6009;6023;761;761;FONTAINE DE VAUCLUSE 1
V615502001;2004-09-10;5476;5473;5480;731;731;FONTAINE DE VAUCLUSE 1
V615502001;2004-09-11;16720;16233;17076;1069;1089;FONTAINE DE VAUCLUSE 1
V615502001;2004-09-12;7960;7895;8038;836;841;FONTAINE DE VAUCLUSE 1
V615502001;2004-10-01;23016;22706;23309;1210;1220;FONTAINE DE VAUCLUSE 1
V615502001;2004-10-02;21162;21102;21426;1180;1187;FONTAINE DE VAUCLUSE 1
V615502001;2004-10-03;23806;23434;24179;1222;1234;FONTAINE DE VAUCLUSE 1
V615502001;2004-10-04;16151;16053;16245;1065;1069;FONTAINE DE VAUCLUSE 1
V615502001;2004-10-05;19189;18939;19450;1133;1145;FONTAINE DE VAUCLUSE 1
V615502001;2004-10-06;11530;11444;11616;947;951;FONTAINE DE VAUCLUSE 1
V615502001;2004-10-07;8058;8040;8076;841;842;FONTAINE DE VAUCLUSE 1
V615502001;2004-10-08;6565;6469;6602;779;784;FONTAINE DE VAUCLUSE 1
V615502001;2004-10-09;6002;5994;6009;760;761;FONTAINE DE VAUCLUSE 1
V615502001;2004-10-10;5469;5466;5473;730;731;FONTAINE DE VAUCLUSE 1
V615502001;2004-10-11;15857;15489;16233;1051;1069;FONTAINE DE VAUCLUSE 1
V615502001;2004-10-12;7855;7803;7895;832;836;FONTAINE DE VAUCLUSE 1
V615502001;2004-11-01;22543;22102;22706;1200;1210;FONTAINE DE VAUCLUSE 1
V615502001;2004-11-02;20793;20607;21102;1169;1180;FONTAINE DE VAUCLUSE 1
V615502001;2004-11-03;23062;22690;23434;1210;1222;FONTAINE DE VAUCLUSE 1
V615502001;2004-11-04;15900;15748;16053;1058;1065;FONTAINE DE VAUCLUSE 1
V615502001;2004-11-05;18707;18513;18939;1123;1133;FONTAINE DE VAUCLUSE 1
V615502001;2004-11-06;11330;11216;11444;941;947;FONTAINE DE VAUCLUSE 1
V615502001;2004-11-07;8022;8004;8040;840;841;FONTAINE DE VAUCLUSE 1
V615502001;2004-11-08;6566;6469;6670;779;787;FONTAINE DE VAUCLUSE 1
V615502001;2004-11-09;5987;5980;5994;760;760;FONTAINE DE VAUCLUSE 1
V615502001;2004-11-10;5430;5379;5466;725;730;FONTAINE DE VAUCLUSE 1
V615502001;2004-11-11;15145;14812;15489;1034;1051;FONTAINE DE VAUCLUSE 1
V615502001;2004-11-12;7739;7651;7803;826;832;FONTAINE DE VAUCLUSE 1
V615502001;2004-12-01;22018;21692;22102;1193;1200;FONTAINE DE VAUCLUSE 1
V615502001;2004-12-02;20414;20171;20636;1160;1170;FONTAINE DE VAUCLUSE 1
V615502001;2004-12-03;22318;21946;22690;1197;1210;FONTAINE DE VAUCLUSE 1
V615502001;2004-12-04;15620;15538;15748;1052;1058;FONTAINE DE VAUCLUSE 1
V615502001;2004-12-05;18367;18220;18513;1116;1123;FONTAINE DE VAUCLUSE 1
V615502001;2004-12-06;11102;10988;11216;935;941;FONTAINE DE VAUCLUSE 1
V615502001;2004-12-07;7986;7970;8004;839;840;FONTAINE DE VAUCLUSE 1
V615502001;2004-12-08;6549;6479;6595;779;784;FONTAINE DE VAUCLUSE 1
V615502001;2004-12-09;5973;5965;5980;759;760;FONTAINE DE VAUCLUSE 1
V615502001;2004-12-10;5379;5379;5379;725;725;FONTAINE DE VAUCLUSE 1
V615502001;2004-12-11;14492;14172;14812;1017;1034;FONTAINE DE VAUCLUSE 1
V615502001;2004-12-12;7579;7490;7651;820;826;FONTAINE DE VAUCLUSE 1
V615502001;2005-01-01;9916;9821;10031;901;908;FONTAINE DE VAUCLUSE 1
V615502001;2005-01-02;8083;8059;8098;842;843;FONTAINE DE VAUCLUSE 1
V615502001;2005-01-03;5888;5824;5938;751;758;FONTAINE DE VAUCLUSE 1
V615502001;2005-01-04;7572;7492;7652;820;826;FONTAINE DE VAUCLUSE 1
V615502001;2005-01-05;18889;18678;19100;1127;1137;FONTAINE DE VAUCLUSE 1
V615502001;2005-01-06;11435;11306;11564;943;950;FONTAINE DE VAUCLUSE 1
V615502001;2005-01-07;7032;6992;7073;800;803;FONTAINE DE VAUCLUSE 1
V615502001;2005-01-08;5532;5517;5549;733;735;FONTAINE DE VAUCLUSE 1
V615502001;2005-01-09;4861;4853;4870;694;695;FONTAINE DE VAUCLUSE 1
V615502001;2005-01-10;4956;4950;4972;700;701;FONTAINE DE VAUCLUSE 1
V615502001;2005-01-11;7953;7552;9020;822;874;FONTAINE DE VAUCLUSE 1
V615502001;2005-01-12;7434;7355;7527;814;821;FONTAINE DE VAUCLUSE 1
V615502001;2005-02-01;9734;9653;9821;895;901;FONTAINE DE VAUCLUSE 1
V615502001;2005-02-02;7854;7674;8059;827;842;FONTAINE DE VAUCLUSE 1
V615502001;2005-02-03;5810;5804;5824;750;751;FONTAINE DE VAUCLUSE 1
V615502001;2005-02-04;7429;7392;7492;816;820;FONTAINE DE VAUCLUSE 1
V615502001;2005-02-05;18410;18257;18678;1117;1127;FONTAINE DE VAUCLUSE 1
V615502001;2005-02-06;11148;10934;11306;934;943;FONTAINE DE VAUCLUSE 1
V615502001;2005-02-07;6951;6910;6992;797;800;FONTAINE DE VAUCLUSE 1
V615502001;2005-02-08;5501;5486;5517;731;733;FONTAINE DE VAUCLUSE 1
V615502001;2005-02-09;4844;4836;4853;693;694;FONTAINE DE VAUCLUSE 1
V615502001;2005-02-10;4946;4943;4950;699;700;FONTAINE DE VAUCLUSE 1
V615502001;2005-02-11;10005;9020;10362;874;919;FONTAINE DE VAUCLUSE 1
V615502001;2005-02-12;7990;7350;12379;814;971;FONTAINE DE VAUCLUSE 1
V615502001;2005-03-01;9771;9662;9880;895;903;FONTAINE DE VAUCLUSE 1
V615502001;2005-03-02;7615;7555;7674;822;827;FONTAINE DE VAUCLUSE 1
V615502001;2005-03-03;5813;5786;5838;749;752;FONTAINE DE VAUCLUSE 1
V615502001;2005-03-04;7236;7110;7392;804;816;FONTAINE DE VAUCLUSE 1
V615502001;2005-03-05;18162;17835;18257;1107;1117;FONTAINE DE VAUCLUSE 1
V615502001;2005-03-06;10701;10488;10934;922;934;FONTAINE DE VAUCLUSE 1
V615502001;2005-03-07;6869;6828;6910;793;797;FONTAINE DE VAUCLUSE 1
V615502001;2005-03-08;5471;5455;5486;729;731;FONTAINE DE VAUCLUSE 1
V615502001;2005-03-09;4827;4819;4836;692;693;FONTAINE DE VAUCLUSE 1
V615502001;2005-03-10;4939;4934;4943;699;699;FONTAINE DE VAUCLUSE 1
V615502001;2005-03-11;10366;10315;10400;917;920;FONTAINE DE VAUCLUSE 1
V615502001;2005-03-12;20815;12379;28665;971;1296;FONTAINE DE VAUCLUSE 1
V615502001;2005-04-01;9946;9880;9990;903;906;FONTAINE DE VAUCLUSE 1
V615502001;2005-04-02;7496;7436;7555;817;822;FONTAINE DE VAUCLUSE 1
V615502001;2005-04-03;5782;5778;5786;748;749;FONTAINE DE VAUCLUSE 1
V615502001;2005-04-04;7036;6988;7110;800;804;FONTAINE DE VAUCLUSE 1
V615502001;2005-04-05;17793;17455;17877;1098;1108;FONTAINE DE VAUCLUSE 1
V615502001;2005-04-06;10315;10158;10488;912;922;FONTAINE DE VAUCLUSE 1
V615502001;2005-04-07;6787;6746;6828;790;793;FONTAINE DE VAUCLUSE 1
V615502001;2005-04-08;5440;5425;5455;728;729;FONTAINE DE VAUCLUSE 1
V615502001;2005-04-09;4811;4802;4819;691;692;FONTAINE DE VAUCLUSE 1
V615502001;2005-04-10;4929;4923;4934;698;699;FONTAINE DE VAUCLUSE 1
V615502001;2005-04-11;10188;10075;10315;909;917;FONTAINE DE VAUCLUSE 1
V615502001;2005-04-12;31374;28665;32231;1296;1340;FONTAINE DE VAUCLUSE 1
V615502001;2005-05-01;9982;9941;10012;905;907;FONTAINE DE VAUCLUSE 1
V615502001;2005-05-02;7377;7321;7436;813;817;FONTAINE DE VAUCLUSE 1
V615502001;2005-05-03;5775;5771;5778;748;748;FONTAINE DE VAUCLUSE 1
V615502001;2005-05-04;6923;6857;6988;794;800;FONTAINE DE VAUCLUSE 1
V615502001;2005-05-05;17409;17034;17455;1088;1098;FONTAINE DE VAUCLUSE 1
V615502001;2005-05-06;10042;9958;10158;905;912;FONTAINE DE VAUCLUSE 1
V615502001;2005-05-07;6705;6664;6746;787;790;FONTAINE DE VAUCLUSE 1
V615502001;2005-05-08;5410;5394;5425;726;728;FONTAINE DE VAUCLUSE 1
V615502001;2005-05-09;4794;4785;4802;690;691;FONTAINE DE VAUCLUSE 1
V615502001;2005-05-10;4921;4921;4923;698;698;FONTAINE DE VAUCLUSE 1
V615502001;2005-05-11;12202;10071;14782;909;1033;FONTAINE DE VAUCLUSE 1
V615502001;2005-05-12;31689;30517;32231;1320;1340;FONTAINE DE VAUCLUSE 1
V615502001;2005-06-01;9894;9847;9941;901;905;FONTAINE DE VAUCLUSE 1
V615502001;2005-06-02;7288;7221;7321;809;813;FONTAINE DE VAUCLUSE 1
V615502001;2005-06-03;5755;5736;5771;746;748;FONTAINE DE VAUCLUSE 1
V615502001;2005-06-04;6828;6796;6857;792;794;FONTAINE DE VAUCLUSE 1
V615502001;2005-06-05;16817;16612;17034;1078;1088;FONTAINE DE VAUCLUSE 1
V615502001;2005-06-06;9879;9800;9958;900;905;FONTAINE DE VAUCLUSE 1
V615502001;2005-06-07;6623;6583;6664;784;787;FONTAINE DE VAUCLUSE 1
V615502001;2005-06-08;5380;5367;5394;724;726;FONTAINE DE VAUCLUSE 1
V615502001;2005-06-09;4816;4785;4849;690;694;FONTAINE DE VAUCLUSE 1
V615502001;2005-06-10;4928;4921;4938;698;699;FONTAINE DE VAUCLUSE 1
V615502001;2005-06-11;15665;14782;15853;1033;1060;FONTAINE DE VAUCLUSE 1
V615502001;2005-06-12;29582;28218;30517;1290;1320;FONTAINE DE VAUCLUSE 1
V615502001;2005-07-01;9837;9802;9893;900;903;FONTAINE DE VAUCLUSE 1
V615502001;2005-07-02;7177;7133;7221;805;809;FONTAINE DE VAUCLUSE 1
V615502001;2005-07-03;5683;5634;5736;740;746;FONTAINE DE VAUCLUSE 1
V615502001;2005-07-04;6819;6798;6839;792;794;FONTAINE DE VAUCLUSE 1
V615502001;2005-07-05;16318;16190;16612;1068;1078;FONTAINE DE VAUCLUSE 1
V615502001;2005-07-06;9715;9627;9800;894;900;FONTAINE DE VAUCLUSE 1
V615502001;2005-07-07;6551;6522;6583;781;784;FONTAINE DE VAUCLUSE 1
V615502001;2005-07-08;5355;5343;5367;723;724;FONTAINE DE VAUCLUSE 1
V615502001;2005-07-09;4883;4849;4933;694;699;FONTAINE DE VAUCLUSE 1
V615502001;2005-07-10;4931;4909;4938;697;699;FONTAINE DE VAUCLUSE 1
V615502001;2005-07-11;15853;15853;15853;1060;1060;FONTAINE DE VAUCLUSE 1
V615502001;2005-07-12;26426;24517;28218;1240;1290;FONTAINE DE VAUCLUSE 1
V615502001;2005-08-01;9969;9893;10012;903;907;FONTAINE DE VAUCLUSE 1
V615502001;2005-08-02;7089;7045;7133;802;805;FONTAINE DE VAUCLUSE 1
V615502001;2005-08-03;5628;5622;5636;739;740;FONTAINE DE VAUCLUSE 1
V615502001;2005-08-04;6856;6796;6966;792;799;FONTAINE DE VAUCLUSE 1
V615502001;2005-08-05;15921;15769;16190;1058;1068;FONTAINE DE VAUCLUSE 1
V615502001;2005-08-06;9540;9457;9627;888;894;FONTAINE DE VAUCLUSE 1
V615502001;2005-08-07;6494;6465;6522;779;781;FONTAINE DE VAUCLUSE 1
V615502001;2005-08-08;5331;5319;5343;721;723;FONTAINE DE VAUCLUSE 1
V615502001;2005-08-09;5027;4933;5205;699;715;FONTAINE DE VAUCLUSE 1
V615502001;2005-08-10;4870;4837;4909;693;697;FONTAINE DE VAUCLUSE 1
V615502001;2005-08-11;15175;14545;15853;1027;1060;FONTAINE DE VAUCLUSE 1
V615502001;2005-08-12;22311;20636;24517;1170;1240;FONTAINE DE VAUCLUSE 1
V615502001;2005-09-01;9999;9992;10007;906;907;FONTAINE DE VAUCLUSE 1
V615502001;2005-09-02;7001;6957;7045;798;802;FONTAINE DE VAUCLUSE 1
V615502001;2005-09-03;5624;5617;5634;739;740;FONTAINE DE VAUCLUSE 1
V615502001;2005-09-04;7132;6966;7380;799;815;FONTAINE DE VAUCLUSE 1
V615502001;2005-09-05;15543;15367;15769;1048;1058;FONTAINE DE VAUCLUSE 1
V615502001;2005-09-06;9381;9305;9457;883;888;FONTAINE DE VAUCLUSE 1
V615502001;2005-09-07;6437;6409;6465;777;779;FONTAINE DE VAUCLUSE 1
V615502001;2005-09-08;5306;5294;5319;720;721;FONTAINE DE VAUCLUSE 1
V615502001;2005-09-09;5572;5205;5940;715;758;FONTAINE DE VAUCLUSE 1
V615502001;2005-09-10;4811;4784;4837;690;693;FONTAINE DE VAUCLUSE 1
V615502001;2005-09-11;14053;13435;14545;998;1027;FONTAINE DE VAUCLUSE 1
V615502001;2005-09-12;19578;18945;20636;1133;1170;FONTAINE DE VAUCLUSE 1
V615502001;2005-10-01;9978;9939;9992;905;906;FONTAINE DE VAUCLUSE 1
V615502001;2005-10-02;6913;6868;6957;795;798;FONTAINE DE VAUCLUSE 1
V615502001;2005-10-03;5590;5532;5634;734;740;FONTAINE DE VAUCLUSE 1
V615502001;2005-10-04;7654;7380;8010;815;840;FONTAINE DE VAUCLUSE 1
V615502001;2005-10-05;15173;14979;15367;1038;1048;FONTAINE DE VAUCLUSE 1
V615502001;2005-10-06;9228;9152;9305;878;883;FONTAINE DE VAUCLUSE 1
V615502001;2005-10-07;6380;6352;6409;774;777;FONTAINE DE VAUCLUSE 1
V615502001;2005-10-08;5282;5270;5294;719;720;FONTAINE DE VAUCLUSE 1
V615502001;2005-10-09;6268;5940;6444;758;778;FONTAINE DE VAUCLUSE 1
V615502001;2005-10-10;4785;4768;4802;689;691;FONTAINE DE VAUCLUSE 1
V615502001;2005-10-11;13185;12857;13435;983;998;FONTAINE DE VAUCLUSE 1
V615502001;2005-10-12;18664;18383;18945;1120;1133;FONTAINE DE VAUCLUSE 1
V615502001;2005-11-01;9875;9812;9939;900;905;FONTAINE DE VAUCLUSE 1
V615502001;2005-11-02;6834;6821;6868;793;795;FONTAINE DE VAUCLUSE 1
V615502001;2005-11-03;5520;5515;5532;733;734;FONTAINE DE VAUCLUSE 1
V615502001;2005-11-04;7856;7804;7991;832;839;FONTAINE DE VAUCLUSE 1
V615502001;2005-11-05;14739;14591;14979;1028;1038;FONTAINE DE VAUCLUSE 1
V615502001;2005-11-06;9073;8991;9152;873;878;FONTAINE DE VAUCLUSE 1
V615502001;2005-11-07;6324;6295;6352;772;774;FONTAINE DE VAUCLUSE 1
V615502001;2005-11-08;5258;5246;5270;717;719;FONTAINE DE VAUCLUSE 1
V615502001;2005-11-09;6029;5855;6242;753;770;FONTAINE DE VAUCLUSE 1
V615502001;2005-11-10;4762;4727;4802;687;691;FONTAINE DE VAUCLUSE 1
V615502001;2005-11-11;12333;11746;12857;955;983;FONTAINE DE VAUCLUSE 1
V615502001;2005-11-12;18073;17961;18383;1110;1120;FONTAINE DE VAUCLUSE 1
V615502001;2005-12-01;9748;9684;9812;896;900;FONTAINE DE VAUCLUSE 1
V615502001;2005-12-02;6823;6821;6834;793;794;FONTAINE DE VAUCLUSE 1
V615502001;2005-12-03;5555;5530;5583;734;737;FONTAINE DE VAUCLUSE 1
V615502001;2005-12-04;7857;7831;7879;833;835;FONTAINE DE VAUCLUSE 1
V615502001;2005-12-05;14373;14203;14591;1018;1028;FONTAINE DE VAUCLUSE 1
V615502001;2005-12-06;8908;8824;8991;867;873;FONTAINE DE VAUCLUSE 1
V615502001;2005-12-07;6267;6239;6295;770;772;FONTAINE DE VAUCLUSE 1
V615502001;2005-12-08;5234;5222;5246;716;717;FONTAINE DE VAUCLUSE 1
V615502001;2005-12-09;5944;5838;6011;752;761;FONTAINE DE VAUCLUSE 1
V615502001;2005-12-10;4709;4700;4727;685;687;FONTAINE DE VAUCLUSE 1
V615502001;2005-12-11;11416;11090;11746;938;955;FONTAINE DE VAUCLUSE 1
V615502001;2005-12-12;17512;17166;17961;1091;1110;FONTAINE DE VAUCLUSE 1
V615502001;2006-01-01;10087;10041;10161;908;912;FONTAINE DE VAUCLUSE 1
V615502001;2006-01-02;28925;28218;28984;1290;1300;FONTAINE DE VAUCLUSE 1
V615502001;2006-01-03;18529;18257;18805;1117;1130;FONTAINE DE VAUCLUSE 1
V615502001;2006-01-04;19448;19240;19705;1140;1150;FONTAINE DE VAUCLUSE 1
V615502001;2006-01-05;12259;12139;12379;965;971;FONTAINE DE VAUCLUSE 1
V615502001;2006-01-06;8169;8120;8219;844;847;FONTAINE DE VAUCLUSE 1
V615502001;2006-01-07;6345;6323;6368;773;775;FONTAINE DE VAUCLUSE 1
V615502001;2006-01-08;5302;5292;5311;726;727;FONTAINE DE VAUCLUSE 1
V615502001;2006-01-09;4428;4409;4443;683;685;FONTAINE DE VAUCLUSE 1
V615502001;2006-01-10;5319;5214;5447;715;729;FONTAINE DE VAUCLUSE 1
V615502001;2006-01-11;7773;7471;8100;819;843;FONTAINE DE VAUCLUSE 1
V615502001;2006-01-12;6879;6760;6998;791;800;FONTAINE DE VAUCLUSE 1
V615502001;2006-02-01;10159;10131;10191;911;913;FONTAINE DE VAUCLUSE 1
V615502001;2006-02-02;28250;27452;28984;1280;1300;FONTAINE DE VAUCLUSE 1
V615502001;2006-02-03;18053;17961;18257;1110;1117;FONTAINE DE VAUCLUSE 1
V615502001;2006-02-04;19234;19158;19240;1138;1140;FONTAINE DE VAUCLUSE 1
V615502001;2006-02-05;12004;11857;12139;958;965;FONTAINE DE VAUCLUSE 1
V615502001;2006-02-06;8070;8020;8120;840;844;FONTAINE DE VAUCLUSE 1
V615502001;2006-02-07;6299;6270;6323;771;773;FONTAINE DE VAUCLUSE 1
V615502001;2006-02-08;5282;5264;5292;725;726;FONTAINE DE VAUCLUSE 1
V615502001;2006-02-09;4392;4382;4409;681;683;FONTAINE DE VAUCLUSE 1
V615502001;2006-02-10;5138;5094;5214;708;715;FONTAINE DE VAUCLUSE 1
V615502001;2006-02-11;7280;7046;7476;802;819;FONTAINE DE VAUCLUSE 1
V615502001;2006-02-12;6661;6600;6760;784;791;FONTAINE DE VAUCLUSE 1
V615502001;2006-03-01;10148;10131;10191;911;913;FONTAINE DE VAUCLUSE 1
V615502001;2006-03-02;26302;25153;27452;1250;1280;FONTAINE DE VAUCLUSE 1
V615502001;2006-03-03;17911;17774;17961;1106;1110;FONTAINE DE VAUCLUSE 1
V615502001;2006-03-04;18919;18805;19158;1130;1138;FONTAINE DE VAUCLUSE 1
V615502001;2006-03-05;11745;11638;11857;952;958;FONTAINE DE VAUCLUSE 1
V615502001;2006-03-06;7975;7944;8020;838;840;FONTAINE DE VAUCLUSE 1
V615502001;2006-03-07;6237;6204;6270;768;771;FONTAINE DE VAUCLUSE 1
V615502001;2006-03-08;5233;5201;5264;722;725;FONTAINE DE VAUCLUSE 1
V615502001;2006-03-09;4386;4384;4388;681;681;FONTAINE DE VAUCLUSE 1
V615502001;2006-03-10;5052;4994;5094;702;708;FONTAINE DE VAUCLUSE 1
V615502001;2006-03-11;6904;6785;7046;792;802;FONTAINE DE VAUCLUSE 1
V615502001;2006-03-12;7022;6595;8055;784;842;FONTAINE DE VAUCLUSE 1
V615502001;2006-04-01;10045;10006;10131;907;911;FONTAINE DE VAUCLUSE 1
V615502001;2006-04-02;23949;22706;25153;1210;1250;FONTAINE DE VAUCLUSE 1
V615502001;2006-04-03;17618;17540;17774;1100;1106;FONTAINE DE VAUCLUSE 1
V615502001;2006-04-04;18645;18404;18805;1120;1130;FONTAINE DE VAUCLUSE 1
V615502001;2006-04-05;11532;11426;11638;946;952;FONTAINE DE VAUCLUSE 1
V615502001;2006-04-06;7925;7906;7944;836;838;FONTAINE DE VAUCLUSE 1
V615502001;2006-04-07;6172;6139;6204;766;768;FONTAINE DE VAUCLUSE 1
V615502001;2006-04-08;5191;5183;5201;722;722;FONTAINE DE VAUCLUSE 1
V615502001;2006-04-09;4368;4349;4387;678;681;FONTAINE DE VAUCLUSE 1
V615502001;2006-04-10;4935;4881;4994;696;702;FONTAINE DE VAUCLUSE 1
V615502001;2006-04-11;6578;6391;6785;776;792;FONTAINE DE VAUCLUSE 1
V615502001;2006-04-12;9023;8055;9599;842;893;FONTAINE DE VAUCLUSE 1
V615502001;2006-05-01;9966;9908;10006;904;907;FONTAINE DE VAUCLUSE 1
V615502001;2006-05-02;21592;20636;22706;1170;1210;FONTAINE DE VAUCLUSE 1
V615502001;2006-05-03;17540;17540;17540;1100;1100;FONTAINE DE VAUCLUSE 1
V615502001;2006-05-04;18368;18351;18404;1119;1120;FONTAINE DE VAUCLUSE 1
V615502001;2006-05-05;11319;11213;11426;941;946;FONTAINE DE VAUCLUSE 1
V615502001;2006-05-06;7860;7813;7906;832;836;FONTAINE DE VAUCLUSE 1
V615502001;2006-05-07;6107;6081;6139;764;766;FONTAINE DE VAUCLUSE 1
V615502001;2006-05-08;5154;5125;5183;719;722;FONTAINE DE VAUCLUSE 1
V615502001;2006-05-09;4330;4312;4349;676;678;FONTAINE DE VAUCLUSE 1
V615502001;2006-05-10;4839;4809;4881;691;696;FONTAINE DE VAUCLUSE 1
V615502001;2006-05-11;6252;6112;6391;765;776;FONTAINE DE VAUCLUSE 1
V615502001;2006-05-12;9957;9599;10197;893;913;FONTAINE DE VAUCLUSE 1
V615502001;2006-06-01;9875;9841;9908;901;904;FONTAINE DE VAUCLUSE 1
V615502001;2006-06-02;19912;19240;20636;1140;1170;FONTAINE DE VAUCLUSE 1
V615502001;2006-06-03;17433;17128;17540;1090;1100;FONTAINE DE VAUCLUSE 1
V615502001;2006-06-04;18181;17961;18351;1110;1119;FONTAINE DE VAUCLUSE 1
V615502001;2006-06-05;11114;11033;11213;936;941;FONTAINE DE VAUCLUSE 1
V615502001;2006-06-06;7765;7718;7813;829;832;FONTAINE DE VAUCLUSE 1
V615502001;2006-06-07;6063;6045;6081;762;764;FONTAINE DE VAUCLUSE 1
V615502001;2006-06-08;5096;5067;5125;716;719;FONTAINE DE VAUCLUSE 1
V615502001;2006-06-09;4336;4313;4359;676;679;FONTAINE DE VAUCLUSE 1
V615502001;2006-06-10;4790;4766;4809;689;691;FONTAINE DE VAUCLUSE 1
V615502001;2006-06-11;6017;5908;6112;756;765;FONTAINE DE VAUCLUSE 1
V615502001;2006-06-12;10473;10197;11345;913;944;FONTAINE DE VAUCLUSE 1
V615502001;2006-07-01;9774;9694;9841;896;901;FONTAINE DE VAUCLUSE 1
V615502001;2006-07-02;18981;18545;19240;1124;1140;FONTAINE DE VAUCLUSE 1
V615502001;2006-07-03;17118;17118;17128;1090;1090;FONTAINE DE VAUCLUSE 1
V615502001;2006-07-04;17960;17899;17961;1109;1110;FONTAINE DE VAUCLUSE 1
V615502001;2006-07-05;10962;10891;11033;933;936;FONTAINE DE VAUCLUSE 1
V615502001;2006-07-06;7670;7623;7718;825;829;FONTAINE DE VAUCLUSE 1
V615502001;2006-07-07;6028;6010;6045;761;762;FONTAINE DE VAUCLUSE 1
V615502001;2006-07-08;5052;5042;5067;715;716;FONTAINE DE VAUCLUSE 1
V615502001;2006-07-09;4369;4359;4372;679;679;FONTAINE DE VAUCLUSE 1
V615502001;2006-07-10;4732;4677;4766;684;689;FONTAINE DE VAUCLUSE 1
V615502001;2006-07-11;5848;5799;5908;750;756;FONTAINE DE VAUCLUSE 1
V615502001;2006-07-12;13898;11345;15806;944;1059;FONTAINE DE VAUCLUSE 1
V615502001;2006-08-01;9613;9531;9694;891;896;FONTAINE DE VAUCLUSE 1
V615502001;2006-08-02;18393;18299;18545;1118;1124;FONTAINE DE VAUCLUSE 1
V615502001;2006-08-03;16849;16696;17118;1080;1090;FONTAINE DE VAUCLUSE 1
V615502001;2006-08-04;17597;17540;17899;1100;1109;FONTAINE DE VAUCLUSE 1
V615502001;2006-08-05;10820;10749;10891;929;933;FONTAINE DE VAUCLUSE 1
V615502001;2006-08-06;7576;7537;7623;821;825;FONTAINE DE VAUCLUSE 1
V615502001;2006-08-07;5988;5957;6010;759;761;FONTAINE DE VAUCLUSE 1
V615502001;2006-08-08;5057;5042;5067;716;717;FONTAINE DE VAUCLUSE 1
V615502001;2006-08-09;4343;4311;4372;675;679;FONTAINE DE VAUCLUSE 1
V615502001;2006-08-10;4616;4571;4677;677;684;FONTAINE DE VAUCLUSE 1
V615502001;2006-08-11;5743;5667;5799;742;750;FONTAINE DE VAUCLUSE 1
V615502001;2006-08-12;16877;15806;18354;1059;1119;FONTAINE DE VAUCLUSE 1
V615502001;2006-09-01;9433;9354;9531;885;891;FONTAINE DE VAUCLUSE 1
V615502001;2006-09-02;18013;17961;18299;1110;1118;FONTAINE DE VAUCLUSE 1
V615502001;2006-09-03;16696;16696;16696;1080;1080;FONTAINE DE VAUCLUSE 1
V615502001;2006-09-04;17289;17118;17540;1090;1100;FONTAINE DE VAUCLUSE 1
V615502001;2006-09-05;10764;10710;10844;928;931;FONTAINE DE VAUCLUSE 1
V615502001;2006-09-06;7509;7480;7537;819;821;FONTAINE DE VAUCLUSE 1
V615502001;2006-09-07;5927;5902;5957;756;759;FONTAINE DE VAUCLUSE 1
V615502001;2006-09-08;5007;4972;5042;712;716;FONTAINE DE VAUCLUSE 1
V615502001;2006-09-09;4286;4277;4311;673;675;FONTAINE DE VAUCLUSE 1
V615502001;2006-09-10;4545;4538;4571;675;677;FONTAINE DE VAUCLUSE 1
V615502001;2006-09-11;5609;5552;5667;735;742;FONTAINE DE VAUCLUSE 1
V615502001;2006-09-12;24942;18354;30031;1119;1314;FONTAINE DE VAUCLUSE 1
V615502001;2006-10-01;9265;9175;9354;879;885;FONTAINE DE VAUCLUSE 1
V615502001;2006-10-02;17741;17482;17961;1099;1110;FONTAINE DE VAUCLUSE 1
V615502001;2006-10-03;16842;16696;17118;1080;1090;FONTAINE DE VAUCLUSE 1
V615502001;2006-10-04;17085;16874;17118;1084;1090;FONTAINE DE VAUCLUSE 1
V615502001;2006-10-05;10917;10844;10943;931;934;FONTAINE DE VAUCLUSE 1
V615502001;2006-10-06;7452;7423;7480;817;819;FONTAINE DE VAUCLUSE 1
V615502001;2006-10-07;5877;5853;5902;753;756;FONTAINE DE VAUCLUSE 1
V615502001;2006-10-08;4940;4921;4972;710;712;FONTAINE DE VAUCLUSE 1
V615502001;2006-10-09;4281;4279;4283;673;673;FONTAINE DE VAUCLUSE 1
V615502001;2006-10-10;4528;4501;4538;673;675;FONTAINE DE VAUCLUSE 1
V615502001;2006-10-11;5473;5419;5552;727;735;FONTAINE DE VAUCLUSE 1
V615502001;2006-10-12;30824;30031;31344;1314;1330;FONTAINE DE VAUCLUSE 1
V615502001;2006-11-01;9079;9026;9175;874;879;FONTAINE DE VAUCLUSE 1
V615502001;2006-11-02;17190;16921;17482;1085;1099;FONTAINE DE VAUCLUSE 1
V615502001;2006-11-03;17118;17118;17118;1090;1090;FONTAINE DE VAUCLUSE 1
V615502001;2006-11-04;16505;16275;16874;1070;1084;FONTAINE DE VAUCLUSE 1
V615502001;2006-11-05;10914;10832;10943;931;934;FONTAINE DE VAUCLUSE 1
V615502001;2006-11-06;7381;7322;7423;813;817;FONTAINE DE VAUCLUSE 1
V615502001;2006-11-07;5837;5829;5853;751;753;FONTAINE DE VAUCLUSE 1
V615502001;2006-11-08;4915;4910;4921;710;710;FONTAINE DE VAUCLUSE 1
V615502001;2006-11-09;4274;4242;4285;670;673;FONTAINE DE VAUCLUSE 1
V615502001;2006-11-10;4450;4400;4501;667;673;FONTAINE DE VAUCLUSE 1
V615502001;2006-11-11;5383;5334;5419;722;727;FONTAINE DE VAUCLUSE 1
V615502001;2006-11-12;29089;27583;30412;1282;1319;FONTAINE DE VAUCLUSE 1
V615502001;2006-12-01;8952;8906;9026;870;874;FONTAINE DE VAUCLUSE 1
V615502001;2006-12-02;16716;16654;16921;1079;1085;FONTAINE DE VAUCLUSE 1
V615502001;2006-12-03;16819;16696;17118;1080;1090;FONTAINE DE VAUCLUSE 1
V615502001;2006-12-04;16251;16113;16275;1066;1070;FONTAINE DE VAUCLUSE 1
V615502001;2006-12-05;10725;10618;10832;926;931;FONTAINE DE VAUCLUSE 1
V615502001;2006-12-06;7272;7239;7322;810;813;FONTAINE DE VAUCLUSE 1
V615502001;2006-12-07;5824;5821;5829;751;751;FONTAINE DE VAUCLUSE 1
V615502001;2006-12-08;4905;4892;4910;710;710;FONTAINE DE VAUCLUSE 1
V615502001;2006-12-09;4239;4234;4242;670;670;FONTAINE DE VAUCLUSE 1
V615502001;2006-12-10;4349;4298;4400;661;667;FONTAINE DE VAUCLUSE 1
V615502001;2006-12-11;5299;5265;5334;718;722;FONTAINE DE VAUCLUSE 1
V615502001;2006-12-12;25820;24247;27583;1236;1282;FONTAINE DE VAUCLUSE 1
V615502001;2007-01-01;10101;9981;10221;906;914;FONTAINE DE VAUCLUSE 1
V615502001;2007-01-02;6606;6534;6645;782;786;FONTAINE DE VAUCLUSE 1
V615502001;2007-01-03;9206;9175;9240;879;881;FONTAINE DE VAUCLUSE 1
V615502001;2007-01-04;6379;6353;6419;774;777;FONTAINE DE VAUCLUSE 1
V615502001;2007-01-05;6962;6952;6973;798;799;FONTAINE DE VAUCLUSE 1
V615502001;2007-01-06;8669;8548;8952;858;872;FONTAINE DE VAUCLUSE 1
V615502001;2007-01-07;8326;8249;8428;848;854;FONTAINE DE VAUCLUSE 1
V615502001;2007-01-08;5381;5354;5413;724;727;FONTAINE DE VAUCLUSE 1
V615502001;2007-01-09;4126;4114;4139;649;651;FONTAINE DE VAUCLUSE 1
V615502001;2007-01-10;3842;3805;3870;625;630;FONTAINE DE VAUCLUSE 1
V615502001;2007-01-11;3246;3236;3253;595;596;FONTAINE DE VAUCLUSE 1
V615502001;2007-01-12;6781;6523;7049;781;802;FONTAINE DE VAUCLUSE 1
V615502001;2007-02-01;9874;9789;9981;900;906;FONTAINE DE VAUCLUSE 1
V615502001;2007-02-02;6496;6470;6534;779;782;FONTAINE DE VAUCLUSE 1
V615502001;2007-02-03;9225;9200;9265;880;882;FONTAINE DE VAUCLUSE 1
V615502001;2007-02-04;6393;6343;6477;774;779;FONTAINE DE VAUCLUSE 1
V615502001;2007-02-05;7281;6947;8617;798;860;FONTAINE DE VAUCLUSE 1
V615502001;2007-02-06;9064;8952;9115;872;877;FONTAINE DE VAUCLUSE 1
V615502001;2007-02-07;8121;8036;8279;841;849;FONTAINE DE VAUCLUSE 1
V615502001;2007-02-08;5328;5303;5354;720;724;FONTAINE DE VAUCLUSE 1
V615502001;2007-02-09;4102;4090;4114;647;649;FONTAINE DE VAUCLUSE 1
V615502001;2007-02-10;3787;3774;3805;623;625;FONTAINE DE VAUCLUSE 1
V615502001;2007-02-11;3213;3189;3236;591;595;FONTAINE DE VAUCLUSE 1
V615502001;2007-02-12;6396;6276;6523;771;781;FONTAINE DE VAUCLUSE 1
V615502001;2007-03-01;9690;9590;9789;893;900;FONTAINE DE VAUCLUSE 1
V615502001;2007-03-02;6464;6444;6519;778;781;FONTAINE DE VAUCLUSE 1
V615502001;2007-03-03;9162;9145;9200;878;880;FONTAINE DE VAUCLUSE 1
V615502001;2007-03-04;6546;6477;6664;779;787;FONTAINE DE VAUCLUSE 1
V615502001;2007-03-05;11197;8617;13592;860;1002;FONTAINE DE VAUCLUSE 1
V615502001;2007-03-06;8998;8944;9100;871;876;FONTAINE DE VAUCLUSE 1
V615502001;2007-03-07;7955;7912;8036;836;841;FONTAINE DE VAUCLUSE 1
V615502001;2007-03-08;5277;5252;5303;718;720;FONTAINE DE VAUCLUSE 1
V615502001;2007-03-09;4078;4067;4090;645;647;FONTAINE DE VAUCLUSE 1
V615502001;2007-03-10;3752;3742;3774;620;623;FONTAINE DE VAUCLUSE 1
V615502001;2007-03-11;3191;3186;3198;591;592;FONTAINE DE VAUCLUSE 1
V615502001;2007-03-12;6062;5843;6276;752;771;FONTAINE DE VAUCLUSE 1
V615502001;2007-04-01;9418;9195;9590;880;893;FONTAINE DE VAUCLUSE 1
V615502001;2007-04-02;6383;6343;6444;774;778;FONTAINE DE VAUCLUSE 1
V615502001;2007-04-03;9137;9093;9175;876;879;FONTAINE DE VAUCLUSE 1
V615502001;2007-04-04;6784;6664;6894;787;796;FONTAINE DE VAUCLUSE 1
V615502001;2007-04-05;14954;13592;16713;1002;1080;FONTAINE DE VAUCLUSE 1
V615502001;2007-04-06;8814;8727;8944;864;871;FONTAINE DE VAUCLUSE 1
V615502001;2007-04-07;7842;7751;7912;830;836;FONTAINE DE VAUCLUSE 1
V615502001;2007-04-08;5226;5201;5252;714;718;FONTAINE DE VAUCLUSE 1
V615502001;2007-04-09;4055;4043;4067;644;645;FONTAINE DE VAUCLUSE 1
V615502001;2007-04-10;3761;3740;3775;621;623;FONTAINE DE VAUCLUSE 1
V615502001;2007-04-11;3205;3198;3211;592;593;FONTAINE DE VAUCLUSE 1
V615502001;2007-04-12;5729;5626;5843;740;752;FONTAINE DE VAUCLUSE 1
V615502001;2007-05-01;9080;9001;9195;873;880;FONTAINE DE VAUCLUSE 1
V615502001;2007-05-02;6318;6293;6368;772;775;FONTAINE DE VAUCLUSE 1
V615502001;2007-05-03;8986;8891;9093;869;876;FONTAINE DE VAUCLUSE 1
V615502001;2007-05-04;7055;6894;7237;796;809;FONTAINE DE VAUCLUSE 1
V615502001;2007-05-05;18181;16713;19750;1080;1151;FONTAINE DE VAUCLUSE 1
V615502001;2007-05-06;8842;8727;8982;864;873;FONTAINE DE VAUCLUSE 1
V615502001;2007-05-07;7628;7552;7751;822;830;FONTAINE DE VAUCLUSE 1
V615502001;2007-05-08;5175;5150;5201;712;714;FONTAINE DE VAUCLUSE 1
V615502001;2007-05-09;4031;4019;4043;642;644;FONTAINE DE VAUCLUSE 1
V615502001;2007-05-10;3709;3686;3740;617;621;FONTAINE DE VAUCLUSE 1
V615502001;2007-05-11;3209;3190;3218;592;594;FONTAINE DE VAUCLUSE 1
V615502001;2007-05-12;5551;5476;5626;731;740;FONTAINE DE VAUCLUSE 1
V615502001;2007-06-01;8934;8854;9001;868;873;FONTAINE DE VAUCLUSE 1
V615502001;2007-06-02;6366;6346;6368;774;775;FONTAINE DE VAUCLUSE 1
V615502001;2007-06-03;8791;8730;8891;864;869;FONTAINE DE VAUCLUSE 1
V615502001;2007-06-04;7355;7237;7452;809;818;FONTAINE DE VAUCLUSE 1
V615502001;2007-06-05;20626;19750;21102;1151;1180;FONTAINE DE VAUCLUSE 1
V615502001;2007-06-06;9181;8982;9299;873;883;FONTAINE DE VAUCLUSE 1
V615502001;2007-06-07;7560;7509;7601;820;824;FONTAINE DE VAUCLUSE 1
V615502001;2007-06-08;5124;5099;5150;708;712;FONTAINE DE VAUCLUSE 1
V615502001;2007-06-09;4007;3995;4019;640;642;FONTAINE DE VAUCLUSE 1
V615502001;2007-06-10;3695;3688;3704;617;619;FONTAINE DE VAUCLUSE 1
V615502001;2007-06-11;3161;3138;3190;588;592;FONTAINE DE VAUCLUSE 1
V615502001;2007-06-12;5390;5292;5476;720;731;FONTAINE DE VAUCLUSE 1
V615502001;2007-07-01;8737;8649;8854;861;868;FONTAINE DE VAUCLUSE 1
V615502001;2007-07-02;6353;6318;6368;773;775;FONTAINE DE VAUCLUSE 1
V615502001;2007-07-03;8689;8667;8730;862;864;FONTAINE DE VAUCLUSE 1
V615502001;2007-07-04;7485;7452;7550;818;822;FONTAINE DE VAUCLUSE 1
V615502001;2007-07-05;20327;19496;21102;1146;1180;FONTAINE DE VAUCLUSE 1
V615502001;2007-07-06;9483;9299;9726;883;897;FONTAINE DE VAUCLUSE 1
V615502001;2007-07-07;7422;7359;7509;814;820;FONTAINE DE VAUCLUSE 1
V615502001;2007-07-08;5073;5048;5099;706;708;FONTAINE DE VAUCLUSE 1
V615502001;2007-07-09;3998;3985;4011;639;641;FONTAINE DE VAUCLUSE 1
V615502001;2007-07-10;3690;3674;3707;617;620;FONTAINE DE VAUCLUSE 1
V615502001;2007-07-11;3163;3142;3184;588;592;FONTAINE DE VAUCLUSE 1
V615502001;2007-07-12;5225;5152;5292;712;720;FONTAINE DE VAUCLUSE 1
V615502001;2007-08-01;8548;8458;8649;855;861;FONTAINE DE VAUCLUSE 1
V615502001;2007-08-02;6303;6267;6318;771;773;FONTAINE DE VAUCLUSE 1
V615502001;2007-08-03;8720;8692;8762;863;865;FONTAINE DE VAUCLUSE 1
V615502001;2007-08-04;7553;7550;7560;822;822;FONTAINE DE VAUCLUSE 1
V615502001;2007-08-05;19079;18805;19496;1130;1146;FONTAINE DE VAUCLUSE 1
V615502001;2007-08-06;9864;9726;10011;897;907;FONTAINE DE VAUCLUSE 1
V615502001;2007-08-07;7265;7181;7359;807;814;FONTAINE DE VAUCLUSE 1
V615502001;2007-08-08;5023;4997;5048;702;706;FONTAINE DE VAUCLUSE 1
V615502001;2007-08-09;3967;3955;3992;637;640;FONTAINE DE VAUCLUSE 1
V615502001;2007-08-10;3677;3639;3703;616;620;FONTAINE DE VAUCLUSE 1
V615502001;2007-08-11;3199;3184;3211;592;594;FONTAINE DE VAUCLUSE 1
V615502001;2007-08-12;5104;5092;5152;708;712;FONTAINE DE VAUCLUSE 1
V615502001;2007-09-01;8385;8319;8458;850;855;FONTAINE DE VAUCLUSE 1
V615502001;2007-09-02;6275;6242;6318;770;773;FONTAINE DE VAUCLUSE 1
V615502001;2007-09-03;8772;8757;8787;865;866;FONTAINE DE VAUCLUSE 1
V615502001;2007-09-04;7587;7560;7641;822;826;FONTAINE DE VAUCLUSE 1
V615502001;2007-09-05;18369;17789;18805;1106;1130;FONTAINE DE VAUCLUSE 1
V615502001;2007-09-06;11041;10011;11861;907;958;FONTAINE DE VAUCLUSE 1
V615502001;2007-09-07;7142;7085;7181;803;807;FONTAINE DE VAUCLUSE 1
V615502001;2007-09-08;4972;4946;4997;700;702;FONTAINE DE VAUCLUSE 1
V615502001;2007-09-09;3941;3921;3955;634;637;FONTAINE DE VAUCLUSE 1
V615502001;2007-09-10;3609;3586;3639;612;616;FONTAINE DE VAUCLUSE 1
V615502001;2007-09-11;3172;3149;3195;589;593;FONTAINE DE VAUCLUSE 1
V615502001;2007-09-12;5139;5090;5235;708;717;FONTAINE DE VAUCLUSE 1
V615502001;2007-10-01;8279;8186;8319;846;850;FONTAINE DE VAUCLUSE 1
V615502001;2007-10-02;6171;6089;6242;764;770;FONTAINE DE VAUCLUSE 1
V615502001;2007-10-03;8825;8762;8846;865;868;FONTAINE DE VAUCLUSE 1
V615502001;2007-10-04;7733;7641;7793;826;832;FONTAINE DE VAUCLUSE 1
V615502001;2007-10-05;17296;16717;17789;1080;1106;FONTAINE DE VAUCLUSE 1
V615502001;2007-10-06;12927;11861;13893;958;1010;FONTAINE DE VAUCLUSE 1
V615502001;2007-10-07;7014;6943;7085;798;803;FONTAINE DE VAUCLUSE 1
V615502001;2007-10-08;4921;4895;4946;696;700;FONTAINE DE VAUCLUSE 1
V615502001;2007-10-09;3941;3922;3947;634;636;FONTAINE DE VAUCLUSE 1
V615502001;2007-10-10;3587;3578;3594;612;613;FONTAINE DE VAUCLUSE 1
V615502001;2007-10-11;3167;3143;3193;589;593;FONTAINE DE VAUCLUSE 1
V615502001;2007-10-12;5473;5235;5605;717;738;FONTAINE DE VAUCLUSE 1
V615502001;2007-11-01;8061;7950;8186;838;846;FONTAINE DE VAUCLUSE 1
V615502001;2007-11-02;6065;6041;6089;762;764;FONTAINE DE VAUCLUSE 1
V615502001;2007-11-03;8712;8577;8846;859;868;FONTAINE DE VAUCLUSE 1
V615502001;2007-11-04;7783;7759;7804;830;832;FONTAINE DE VAUCLUSE 1
V615502001;2007-11-05;16313;15940;16717;1062;1080;FONTAINE DE VAUCLUSE 1
V615502001;2007-11-06;13682;13284;13893;994;1010;FONTAINE DE VAUCLUSE 1
V615502001;2007-11-07;6877;6821;6943;793;798;FONTAINE DE VAUCLUSE 1
V615502001;2007-11-08;4870;4844;4895;694;696;FONTAINE DE VAUCLUSE 1
V615502001;2007-11-09;3934;3903;3947;633;636;FONTAINE DE VAUCLUSE 1
V615502001;2007-11-10;3584;3572;3596;612;614;FONTAINE DE VAUCLUSE 1
V615502001;2007-11-11;3159;3141;3178;589;592;FONTAINE DE VAUCLUSE 1
V615502001;2007-11-12;5661;5605;5770;738;748;FONTAINE DE VAUCLUSE 1
V615502001;2007-12-01;7909;7870;7950;835;838;FONTAINE DE VAUCLUSE 1
V615502001;2007-12-02;6141;6089;6198;764;768;FONTAINE DE VAUCLUSE 1
V615502001;2007-12-03;8534;8484;8577;856;859;FONTAINE DE VAUCLUSE 1
V615502001;2007-12-04;7698;7653;7759;826;830;FONTAINE DE VAUCLUSE 1
V615502001;2007-12-05;15580;15375;15940;1048;1062;FONTAINE DE VAUCLUSE 1
V615502001;2007-12-06;12760;12260;13284;968;994;FONTAINE DE VAUCLUSE 1
V615502001;2007-12-07;6771;6721;6821;789;793;FONTAINE DE VAUCLUSE 1
V615502001;2007-12-08;4819;4793;4844;690;694;FONTAINE DE VAUCLUSE 1
V615502001;2007-12-09;3892;3874;3903;630;633;FONTAINE DE VAUCLUSE 1
V615502001;2007-12-10;3557;3526;3572;610;612;FONTAINE DE VAUCLUSE 1
V615502001;2007-12-11;3174;3138;3201;589;594;FONTAINE DE VAUCLUSE 1
V615502001;2007-12-12;5612;5560;5632;736;740;FONTAINE DE VAUCLUSE 1
V615502001;2008-01-01;4354;4314;4394;662;667;FONTAINE DE VAUCLUSE 1
V615502001;2008-01-02;14959;14824;15173;1034;1043;FONTAINE DE VAUCLUSE 1
V615502001;2008-01-03;12397;12379;12457;971;973;FONTAINE DE VAUCLUSE 1
V615502001;2008-01-04;8108;8040;8209;841;847;FONTAINE DE VAUCLUSE 1
V615502001;2008-01-05;20908;20459;21428;1166;1187;FONTAINE DE VAUCLUSE 1
V615502001;2008-01-06;50726;49960;51009;1530;1541;FONTAINE DE VAUCLUSE 1
V615502001;2008-01-07;17569;17540;17666;1100;1103;FONTAINE DE VAUCLUSE 1
V615502001;2008-01-08;10102;10101;10251;910;915;FONTAINE DE VAUCLUSE 1
V615502001;2008-01-09;7250;7250;7250;810;810;FONTAINE DE VAUCLUSE 1
V615502001;2008-01-10;6998;6998;6998;800;800;FONTAINE DE VAUCLUSE 1
V615502001;2008-01-11;14959;13116;16322;990;1071;FONTAINE DE VAUCLUSE 1
V615502001;2008-01-12;23535;22706;23913;1210;1230;FONTAINE DE VAUCLUSE 1
V615502001;2008-02-01;4317;4309;4326;662;663;FONTAINE DE VAUCLUSE 1
V615502001;2008-02-02;14541;14319;14824;1021;1034;FONTAINE DE VAUCLUSE 1
V615502001;2008-02-03;12396;12337;12418;970;972;FONTAINE DE VAUCLUSE 1
V615502001;2008-02-04;8046;8010;8070;840;842;FONTAINE DE VAUCLUSE 1
V615502001;2008-02-05;20128;19822;20459;1153;1166;FONTAINE DE VAUCLUSE 1
V615502001;2008-02-06;49736;49183;49960;1522;1530;FONTAINE DE VAUCLUSE 1
V615502001;2008-02-07;17347;17155;17540;1091;1100;FONTAINE DE VAUCLUSE 1
V615502001;2008-02-08;10051;10001;10101;907;910;FONTAINE DE VAUCLUSE 1
V615502001;2008-02-09;7250;7250;7250;810;810;FONTAINE DE VAUCLUSE 1
V615502001;2008-02-10;6842;6746;6998;790;800;FONTAINE DE VAUCLUSE 1
V615502001;2008-02-11;16751;16322;17141;1071;1091;FONTAINE DE VAUCLUSE 1
V615502001;2008-02-12;23491;23034;23853;1215;1229;FONTAINE DE VAUCLUSE 1
V615502001;2008-03-01;4353;4316;4375;662;666;FONTAINE DE VAUCLUSE 1
V615502001;2008-03-02;14077;13863;14319;1009;1021;FONTAINE DE VAUCLUSE 1
V615502001;2008-03-03;12238;12159;12337;965;970;FONTAINE DE VAUCLUSE 1
V615502001;2008-03-04;8121;8068;8174;842;846;FONTAINE DE VAUCLUSE 1
V615502001;2008-03-05;19654;19451;19822;1145;1153;FONTAINE DE VAUCLUSE 1
V615502001;2008-03-06;49565;49183;49952;1522;1530;FONTAINE DE VAUCLUSE 1
V615502001;2008-03-07;16965;16781;17155;1082;1091;FONTAINE DE VAUCLUSE 1
V615502001;2008-03-08;9952;9902;10001;903;907;FONTAINE DE VAUCLUSE 1
V615502001;2008-03-09;7216;6998;7250;800;810;FONTAINE DE VAUCLUSE 1
V615502001;2008-03-10;6746;6746;6746;790;790;FONTAINE DE VAUCLUSE 1
V615502001;2008-03-11;19096;17141;23202;1091;1218;FONTAINE DE VAUCLUSE 1
V615502001;2008-03-12;22538;22033;23034;1199;1215;FONTAINE DE VAUCLUSE 1
V615502001;2008-04-01;4791;4375;6580;666;783;FONTAINE DE VAUCLUSE 1
V615502001;2008-04-02;13974;13737;14591;1006;1028;FONTAINE DE VAUCLUSE 1
V615502001;2008-04-03;12048;11924;12159;959;965;FONTAINE DE VAUCLUSE 1
V615502001;2008-04-04;8203;8174;8219;846;847;FONTAINE DE VAUCLUSE 1
V615502001;2008-04-05;19302;19163;19451;1138;1145;FONTAINE DE VAUCLUSE 1
V615502001;2008-04-06;49597;49243;49950;1523;1530;FONTAINE DE VAUCLUSE 1
V615502001;2008-04-07;16786;16535;17034;1076;1088;FONTAINE DE VAUCLUSE 1
V615502001;2008-04-08;9852;9802;9902;900;903;FONTAINE DE VAUCLUSE 1
V615502001;2008-04-09;7284;7250;7501;810;820;FONTAINE DE VAUCLUSE 1
V615502001;2008-04-10;6738;6494;6746;780;790;FONTAINE DE VAUCLUSE 1
V615502001;2008-04-11;28544;23202;35656;1218;1379;FONTAINE DE VAUCLUSE 1
V615502001;2008-04-12;21655;21567;22033;1190;1199;FONTAINE DE VAUCLUSE 1
V615502001;2008-05-01;9521;6580;11179;783;940;FONTAINE DE VAUCLUSE 1
V615502001;2008-05-02;15281;14591;15600;1028;1054;FONTAINE DE VAUCLUSE 1
V615502001;2008-05-03;11776;11649;11924;952;959;FONTAINE DE VAUCLUSE 1
V615502001;2008-05-04;8192;8171;8213;845;847;FONTAINE DE VAUCLUSE 1
V615502001;2008-05-05;19014;18839;19163;1131;1138;FONTAINE DE VAUCLUSE 1
V615502001;2008-05-06;48728;48034;49243;1510;1523;FONTAINE DE VAUCLUSE 1
V615502001;2008-05-07;16459;16316;16612;1071;1078;FONTAINE DE VAUCLUSE 1
V615502001;2008-05-08;9752;9702;9802;897;900;FONTAINE DE VAUCLUSE 1
V615502001;2008-05-09;7471;7250;7501;810;820;FONTAINE DE VAUCLUSE 1
V615502001;2008-05-10;6587;6494;6746;780;790;FONTAINE DE VAUCLUSE 1
V615502001;2008-05-11;41759;35656;47414;1379;1504;FONTAINE DE VAUCLUSE 1
V615502001;2008-05-12;23312;21567;26686;1190;1270;FONTAINE DE VAUCLUSE 1
V615502001;2008-06-01;13826;11179;17120;940;1090;FONTAINE DE VAUCLUSE 1
V615502001;2008-06-02;15764;15600;15853;1054;1060;FONTAINE DE VAUCLUSE 1
V615502001;2008-06-03;11501;11306;11649;943;952;FONTAINE DE VAUCLUSE 1
V615502001;2008-06-04;8150;8127;8171;844;845;FONTAINE DE VAUCLUSE 1
V615502001;2008-06-05;18668;18522;18839;1123;1131;FONTAINE DE VAUCLUSE 1
V615502001;2008-06-06;46994;45951;48034;1488;1510;FONTAINE DE VAUCLUSE 1
V615502001;2008-06-07;16185;15919;16316;1062;1071;FONTAINE DE VAUCLUSE 1
V615502001;2008-06-08;9653;9603;9702;893;897;FONTAINE DE VAUCLUSE 1
V615502001;2008-06-09;7501;7501;7501;820;820;FONTAINE DE VAUCLUSE 1
V615502001;2008-06-10;6494;6494;6494;780;780;FONTAINE DE VAUCLUSE 1
V615502001;2008-06-11;50370;47414;51971;1504;1551;FONTAINE DE VAUCLUSE 1
V615502001;2008-06-12;28976;26686;30126;1270;1315;FONTAINE DE VAUCLUSE 1
V615502001;2008-07-01;18130;17120;18731;1090;1128;FONTAINE DE VAUCLUSE 1
V615502001;2008-07-02;15963;15811;16064;1059;1065;FONTAINE DE VAUCLUSE 1
V615502001;2008-07-03;11116;10939;11306;934;943;FONTAINE DE VAUCLUSE 1
V615502001;2008-07-04;8071;8040;8127;841;844;FONTAINE DE VAUCLUSE 1
V615502001;2008-07-05;18414;18310;18522;1118;1123;FONTAINE DE VAUCLUSE 1
V615502001;2008-07-06;44933;43745;46010;1465;1489;FONTAINE DE VAUCLUSE 1
V615502001;2008-07-07;15846;15728;15919;1057;1062;FONTAINE DE VAUCLUSE 1
V615502001;2008-07-08;9553;9503;9603;890;893;FONTAINE DE VAUCLUSE 1
V615502001;2008-07-09;7522;7501;7753;820;830;FONTAINE DE VAUCLUSE 1
V615502001;2008-07-10;6433;6242;6494;770;780;FONTAINE DE VAUCLUSE 1
V615502001;2008-07-11;52364;51831;52836;1550;1560;FONTAINE DE VAUCLUSE 1
V615502001;2008-07-12;30320;29904;30517;1312;1320;FONTAINE DE VAUCLUSE 1
V615502001;2008-08-01;18799;18728;18805;1128;1130;FONTAINE DE VAUCLUSE 1
V615502001;2008-08-02;16166;16064;16228;1065;1069;FONTAINE DE VAUCLUSE 1
V615502001;2008-08-03;10667;10354;10939;918;934;FONTAINE DE VAUCLUSE 1
V615502001;2008-08-04;8001;7936;8070;837;842;FONTAINE DE VAUCLUSE 1
V615502001;2008-08-05;18199;18052;18310;1112;1118;FONTAINE DE VAUCLUSE 1
V615502001;2008-08-06;42521;41077;43745;1438;1465;FONTAINE DE VAUCLUSE 1
V615502001;2008-08-07;15584;15444;15728;1050;1057;FONTAINE DE VAUCLUSE 1
V615502001;2008-08-08;9453;9403;9503;887;890;FONTAINE DE VAUCLUSE 1
V615502001;2008-08-09;7501;7501;7501;820;820;FONTAINE DE VAUCLUSE 1
V615502001;2008-08-10;6531;6242;6746;770;790;FONTAINE DE VAUCLUSE 1
V615502001;2008-08-11;50985;50028;51831;1531;1550;FONTAINE DE VAUCLUSE 1
V615502001;2008-08-12;29179;27989;30360;1287;1318;FONTAINE DE VAUCLUSE 1
V615502001;2008-09-01;18200;17616;18728;1102;1128;FONTAINE DE VAUCLUSE 1
V615502001;2008-09-02;16251;16228;16275;1069;1070;FONTAINE DE VAUCLUSE 1
V615502001;2008-09-03;10236;10140;10354;911;918;FONTAINE DE VAUCLUSE 1
V615502001;2008-09-04;7953;7930;7978;837;839;FONTAINE DE VAUCLUSE 1
V615502001;2008-09-05;17865;17564;18052;1101;1112;FONTAINE DE VAUCLUSE 1
V615502001;2008-09-06;39581;38126;41077;1406;1438;FONTAINE DE VAUCLUSE 1
V615502001;2008-09-07;15308;15171;15444;1043;1050;FONTAINE DE VAUCLUSE 1
V615502001;2008-09-08;9354;9304;9403;883;887;FONTAINE DE VAUCLUSE 1
V615502001;2008-09-09;7420;7250;7501;810;820;FONTAINE DE VAUCLUSE 1
V615502001;2008-09-10;7440;6746;7753;790;830;FONTAINE DE VAUCLUSE 1
V615502001;2008-09-11;48588;46941;50028;1499;1531;FONTAINE DE VAUCLUSE 1
V615502001;2008-09-12;27184;26094;28065;1262;1288;FONTAINE DE VAUCLUSE 1
V615502001;2008-10-01;16892;16279;17616;1070;1102;FONTAINE DE VAUCLUSE 1
V615502001;2008-10-02;16193;16091;16275;1066;1070;FONTAINE DE VAUCLUSE 1
V615502001;2008-10-03;10026;9932;10140;904;911;FONTAINE DE VAUCLUSE 1
V615502001;2008-10-04;8370;7978;8933;839;871;FONTAINE DE VAUCLUSE 1
V615502001;2008-10-05;17428;17260;17564;1093;1101;FONTAINE DE VAUCLUSE 1
V615502001;2008-10-06;37016;36048;38126;1383;1406;FONTAINE DE VAUCLUSE 1
V615502001;2008-10-07;14997;14772;15171;1033;1043;FONTAINE DE VAUCLUSE 1
V615502001;2008-10-08;9254;9204;9304;880;883;FONTAINE DE VAUCLUSE 1
V615502001;2008-10-09;7250;7250;7250;810;810;FONTAINE DE VAUCLUSE 1
V615502001;2008-10-10;7872;7753;8010;830;840;FONTAINE DE VAUCLUSE 1
V615502001;2008-10-11;45369;43412;46941;1462;1499;FONTAINE DE VAUCLUSE 1
V615502001;2008-10-12;27941;25919;29270;1260;1304;FONTAINE DE VAUCLUSE 1
V615502001;2008-11-01;15513;15057;16279;1040;1070;FONTAINE DE VAUCLUSE 1
V615502001;2008-11-02;16022;15937;16091;1062;1066;FONTAINE DE VAUCLUSE 1
V615502001;2008-11-03;9846;9775;9932;899;904;FONTAINE DE VAUCLUSE 1
V615502001;2008-11-04;9356;8933;9882;871;903;FONTAINE DE VAUCLUSE 1
V615502001;2008-11-05;17103;16963;17260;1086;1093;FONTAINE DE VAUCLUSE 1
V615502001;2008-11-06;35434;34929;36048;1370;1383;FONTAINE DE VAUCLUSE 1
V615502001;2008-11-07;14791;14669;15018;1030;1039;FONTAINE DE VAUCLUSE 1
V615502001;2008-11-08;9154;9104;9204;877;880;FONTAINE DE VAUCLUSE 1
V615502001;2008-11-09;7295;7250;8010;810;840;FONTAINE DE VAUCLUSE 1
V615502001;2008-11-10;7753;7753;7753;830;830;FONTAINE DE VAUCLUSE 1
V615502001;2008-11-11;40927;37987;43412;1405;1462;FONTAINE DE VAUCLUSE 1
V615502001;2008-11-12;29507;29257;29751;1304;1310;FONTAINE DE VAUCLUSE 1
V615502001;2008-12-01;17427;15057;20608;1040;1169;FONTAINE DE VAUCLUSE 1
V615502001;2008-12-02;15806;15642;15937;1055;1062;FONTAINE DE VAUCLUSE 1
V615502001;2008-12-03;9714;9683;9775;896;899;FONTAINE DE VAUCLUSE 1
V615502001;2008-12-04;11100;9882;12013;903;962;FONTAINE DE VAUCLUSE 1
V615502001;2008-12-05;16823;16669;16963;1079;1086;FONTAINE DE VAUCLUSE 1
V615502001;2008-12-06;35379;34894;35782;1370;1380;FONTAINE DE VAUCLUSE 1
V615502001;2008-12-07;14603;14358;14863;1022;1035;FONTAINE DE VAUCLUSE 1
V615502001;2008-12-08;9055;9005;9104;873;877;FONTAINE DE VAUCLUSE 1
V615502001;2008-12-09;10049;8010;11176;840;940;FONTAINE DE VAUCLUSE 1
V615502001;2008-12-10;7654;7501;7753;820;830;FONTAINE DE VAUCLUSE 1
V615502001;2008-12-11;35534;33859;37987;1358;1405;FONTAINE DE VAUCLUSE 1
V615502001;2008-12-12;28976;28278;29674;1291;1309;FONTAINE DE VAUCLUSE 1
V615502001;2009-01-01;32953;32231;33119;1340;1350;FONTAINE DE VAUCLUSE 1
V615502001;2009-01-02;29320;28984;29751;1300;1310;FONTAINE DE VAUCLUSE 1
V615502001;2009-01-03;25536;25153;25919;1250;1260;FONTAINE DE VAUCLUSE 1
V615502001;2009-01-04;19705;19705;19705;1150;1150;FONTAINE DE VAUCLUSE 1
V615502001;2009-01-05;46467;45145;47068;1480;1500;FONTAINE DE VAUCLUSE 1
V615502001;2009-01-06;17373;17118;17540;1090;1100;FONTAINE DE VAUCLUSE 1
V615502001;2009-01-07;11912;11564;11952;950;960;FONTAINE DE VAUCLUSE 1
V615502001;2009-01-08;8309;8309;8309;850;850;FONTAINE DE VAUCLUSE 1
V615502001;2009-01-09;6746;6746;6746;790;790;FONTAINE DE VAUCLUSE 1
V615502001;2009-01-10;7696;7501;7753;820;830;FONTAINE DE VAUCLUSE 1
V615502001;2009-01-11;9734;9504;9802;890;900;FONTAINE DE VAUCLUSE 1
V615502001;2009-01-12;18973;17540;19705;1100;1150;FONTAINE DE VAUCLUSE 1
V615502001;2009-02-01;33766;33119;34007;1350;1360;FONTAINE DE VAUCLUSE 1
V615502001;2009-02-02;28346;28218;28984;1290;1300;FONTAINE DE VAUCLUSE 1
V615502001;2009-02-03;25919;25919;25919;1260;1260;FONTAINE DE VAUCLUSE 1
V615502001;2009-02-04;20132;19705;20636;1150;1170;FONTAINE DE VAUCLUSE 1
V615502001;2009-02-05;44304;43222;45145;1460;1480;FONTAINE DE VAUCLUSE 1
V615502001;2009-02-06;17118;17118;17118;1090;1090;FONTAINE DE VAUCLUSE 1
V615502001;2009-02-07;11597;11564;11952;950;960;FONTAINE DE VAUCLUSE 1
V615502001;2009-02-08;8215;8010;8309;840;850;FONTAINE DE VAUCLUSE 1
V615502001;2009-02-09;6746;6746;6746;790;790;FONTAINE DE VAUCLUSE 1
V615502001;2009-02-10;7501;7501;7501;820;820;FONTAINE DE VAUCLUSE 1
V615502001;2009-02-11;10068;9504;11176;890;940;FONTAINE DE VAUCLUSE 1
V615502001;2009-02-12;19540;19240;19705;1140;1150;FONTAINE DE VAUCLUSE 1
V615502001;2009-03-01;33544;33119;34007;1350;1360;FONTAINE DE VAUCLUSE 1
V615502001;2009-03-02;30354;28984;32231;1300;1340;FONTAINE DE VAUCLUSE 1
V615502001;2009-03-03;26159;25919;26686;1260;1270;FONTAINE DE VAUCLUSE 1
V615502001;2009-03-04;21536;20636;22706;1170;1210;FONTAINE DE VAUCLUSE 1
V615502001;2009-03-05;41720;40338;43222;1430;1460;FONTAINE DE VAUCLUSE 1
V615502001;2009-03-06;16925;16696;17118;1080;1090;FONTAINE DE VAUCLUSE 1
V615502001;2009-03-07;11564;11564;11564;950;950;FONTAINE DE VAUCLUSE 1
V615502001;2009-03-08;8060;8010;8309;840;850;FONTAINE DE VAUCLUSE 1
V615502001;2009-03-09;6746;6746;6746;790;790;FONTAINE DE VAUCLUSE 1
V615502001;2009-03-10;7433;7250;7501;810;820;FONTAINE DE VAUCLUSE 1
V615502001;2009-03-11;12381;11176;13116;940;990;FONTAINE DE VAUCLUSE 1
V615502001;2009-03-12;21573;19240;28984;1140;1300;FONTAINE DE VAUCLUSE 1
V615502001;2009-04-01;32546;32231;33119;1340;1350;FONTAINE DE VAUCLUSE 1
V615502001;2009-04-02;35747;32231;39377;1340;1420;FONTAINE DE VAUCLUSE 1
V615502001;2009-04-03;26686;26686;26686;1270;1270;FONTAINE DE VAUCLUSE 1
V615502001;2009-04-04;23020;22706;23309;1210;1220;FONTAINE DE VAUCLUSE 1
V615502001;2009-04-05;39175;37557;40338;1400;1430;FONTAINE DE VAUCLUSE 1
V615502001;2009-04-06;16696;16696;16696;1080;1080;FONTAINE DE VAUCLUSE 1
V615502001;2009-04-07;11508;11176;11564;940;950;FONTAINE DE VAUCLUSE 1
V615502001;2009-04-08;8010;8010;8010;840;840;FONTAINE DE VAUCLUSE 1
V615502001;2009-04-09;6746;6746;6746;790;790;FONTAINE DE VAUCLUSE 1
V615502001;2009-04-10;7250;7250;7250;810;810;FONTAINE DE VAUCLUSE 1
V615502001;2009-04-11;13723;13116;14281;990;1020;FONTAINE DE VAUCLUSE 1
V615502001;2009-04-12;33914;28984;35782;1300;1380;FONTAINE DE VAUCLUSE 1
V615502001;2009-05-01;31172;30517;32231;1320;1340;FONTAINE DE VAUCLUSE 1
V615502001;2009-05-02;41139;39377;43222;1420;1460;FONTAINE DE VAUCLUSE 1
V615502001;2009-05-03;26654;25919;26686;1260;1270;FONTAINE DE VAUCLUSE 1
V615502001;2009-05-04;23309;23309;23309;1220;1220;FONTAINE DE VAUCLUSE 1
V615502001;2009-05-05;36540;34894;37557;1370;1400;FONTAINE DE VAUCLUSE 1
V615502001;2009-05-06;16512;16275;16696;1070;1080;FONTAINE DE VAUCLUSE 1
V615502001;2009-05-07;11192;11176;11564;940;950;FONTAINE DE VAUCLUSE 1
V615502001;2009-05-08;8010;8010;8010;840;840;FONTAINE DE VAUCLUSE 1
V615502001;2009-05-09;6746;6746;6746;790;790;FONTAINE DE VAUCLUSE 1
V615502001;2009-05-10;7129;6998;7250;800;810;FONTAINE DE VAUCLUSE 1
V615502001;2009-05-11;14281;14281;14281;1020;1020;FONTAINE DE VAUCLUSE 1
V615502001;2009-05-12;35486;34007;35782;1360;1380;FONTAINE DE VAUCLUSE 1
V615502001;2009-06-01;30150;29751;30517;1310;1320;FONTAINE DE VAUCLUSE 1
V615502001;2009-06-02;45946;43222;49952;1460;1530;FONTAINE DE VAUCLUSE 1
V615502001;2009-06-03;25856;25153;26686;1250;1270;FONTAINE DE VAUCLUSE 1
V615502001;2009-06-04;23951;23309;24517;1220;1240;FONTAINE DE VAUCLUSE 1
V615502001;2009-06-05;33692;32231;34894;1340;1370;FONTAINE DE VAUCLUSE 1
V615502001;2009-06-06;16275;16275;16275;1070;1070;FONTAINE DE VAUCLUSE 1
V615502001;2009-06-07;11176;11176;11176;940;940;FONTAINE DE VAUCLUSE 1
V615502001;2009-06-08;7962;7753;8010;830;840;FONTAINE DE VAUCLUSE 1
V615502001;2009-06-09;6746;6746;6746;790;790;FONTAINE DE VAUCLUSE 1
V615502001;2009-06-10;6998;6998;6998;800;800;FONTAINE DE VAUCLUSE 1
V615502001;2009-06-11;14030;13779;14281;1007;1020;FONTAINE DE VAUCLUSE 1
V615502001;2009-06-12;32316;30517;34007;1320;1360;FONTAINE DE VAUCLUSE 1
V615502001;2009-07-01;28825;28218;29751;1290;1310;FONTAINE DE VAUCLUSE 1
V615502001;2009-07-02;54558;49952;57643;1530;1610;FONTAINE DE VAUCLUSE 1
V615502001;2009-07-03;24874;24517;25153;1240;1250;FONTAINE DE VAUCLUSE 1
V615502001;2009-07-04;24454;23913;24517;1230;1240;FONTAINE DE VAUCLUSE 1
V615502001;2009-07-05;31105;29751;32231;1310;1340;FONTAINE DE VAUCLUSE 1
V615502001;2009-07-06;16275;16275;16275;1070;1070;FONTAINE DE VAUCLUSE 1
V615502001;2009-07-07;11120;10788;11176;930;940;FONTAINE DE VAUCLUSE 1
V615502001;2009-07-08;7753;7753;7753;830;830;FONTAINE DE VAUCLUSE 1
V615502001;2009-07-09;6746;6746;6746;790;790;FONTAINE DE VAUCLUSE 1
V615502001;2009-07-10;6888;6746;6998;790;800;FONTAINE DE VAUCLUSE 1
V615502001;2009-07-11;13497;13116;13779;990;1007;FONTAINE DE VAUCLUSE 1
V615502001;2009-07-12;27931;25919;30517;1260;1320;FONTAINE DE VAUCLUSE 1
V615502001;2009-08-01;27612;26686;28218;1270;1290;FONTAINE DE VAUCLUSE 1
V615502001;2009-08-02;58183;57643;58604;1610;1620;FONTAINE DE VAUCLUSE 1
V615502001;2009-08-03;23938;23309;24517;1220;1240;FONTAINE DE VAUCLUSE 1
V615502001;2009-08-04;24203;23913;24517;1230;1240;FONTAINE DE VAUCLUSE 1
V615502001;2009-08-05;29112;28218;29751;1290;1310;FONTAINE DE VAUCLUSE 1
V615502001;2009-08-06;15985;15853;16275;1060;1070;FONTAINE DE VAUCLUSE 1
V615502001;2009-08-07;10788;10788;10788;930;930;FONTAINE DE VAUCLUSE 1
V615502001;2009-08-08;7753;7753;7753;830;830;FONTAINE DE VAUCLUSE 1
V615502001;2009-08-09;6746;6746;6746;790;790;FONTAINE DE VAUCLUSE 1
V615502001;2009-08-10;6788;6746;6998;790;800;FONTAINE DE VAUCLUSE 1
V615502001;2009-08-11;13011;12728;13116;980;990;FONTAINE DE VAUCLUSE 1
V615502001;2009-08-12;24069;22706;25919;1210;1260;FONTAINE DE VAUCLUSE 1
V615502001;2009-09-01;26287;25919;26686;1260;1270;FONTAINE DE VAUCLUSE 1
V615502001;2009-09-02;58143;57643;58604;1610;1620;FONTAINE DE VAUCLUSE 1
V615502001;2009-09-03;23272;22706;23309;1210;1220;FONTAINE DE VAUCLUSE 1
V615502001;2009-09-04;23725;23309;23913;1220;1230;FONTAINE DE VAUCLUSE 1
V615502001;2009-09-05;27580;26686;28218;1270;1290;FONTAINE DE VAUCLUSE 1
V615502001;2009-09-06;15759;15445;15853;1050;1060;FONTAINE DE VAUCLUSE 1
V615502001;2009-09-07;10788;10788;10788;930;930;FONTAINE DE VAUCLUSE 1
V615502001;2009-09-08;7753;7753;7753;830;830;FONTAINE DE VAUCLUSE 1
V615502001;2009-09-09;6746;6746;6746;790;790;FONTAINE DE VAUCLUSE 1
V615502001;2009-09-10;6746;6746;6746;790;790;FONTAINE DE VAUCLUSE 1
V615502001;2009-09-11;12591;12340;12728;970;980;FONTAINE DE VAUCLUSE 1
V615502001;2009-09-12;21600;20636;22706;1170;1210;FONTAINE DE VAUCLUSE 1
V615502001;2009-10-01;24996;24517;25919;1240;1260;FONTAINE DE VAUCLUSE 1
V615502001;2009-10-02;57002;55720;57643;1590;1610;FONTAINE DE VAUCLUSE 1
V615502001;2009-10-03;22706;22706;22706;1210;1210;FONTAINE DE VAUCLUSE 1
V615502001;2009-10-04;23146;22706;23309;1210;1220;FONTAINE DE VAUCLUSE 1
V615502001;2009-10-05;26255;25919;26686;1260;1270;FONTAINE DE VAUCLUSE 1
V615502001;2009-10-06;15734;15445;15853;1050;1060;FONTAINE DE VAUCLUSE 1
V615502001;2009-10-07;10602;10400;10788;920;930;FONTAINE DE VAUCLUSE 1
V615502001;2009-10-08;7753;7753;7753;830;830;FONTAINE DE VAUCLUSE 1
V615502001;2009-10-09;6746;6746;6746;790;790;FONTAINE DE VAUCLUSE 1
V615502001;2009-10-10;6746;6746;6746;790;790;FONTAINE DE VAUCLUSE 1
V615502001;2009-10-11;12106;11952;12340;960;970;FONTAINE DE VAUCLUSE 1
V615502001;2009-10-12;20171;19705;20636;1150;1170;FONTAINE DE VAUCLUSE 1
V615502001;2009-11-01;24278;23913;24517;1230;1240;FONTAINE DE VAUCLUSE 1
V615502001;2009-11-02;55339;54758;55720;1580;1590;FONTAINE DE VAUCLUSE 1
V615502001;2009-11-03;22592;22102;22706;1200;1210;FONTAINE DE VAUCLUSE 1
V615502001;2009-11-04;22706;22706;22706;1210;1210;FONTAINE DE VAUCLUSE 1
V615502001;2009-11-05;24996;24517;25919;1240;1260;FONTAINE DE VAUCLUSE 1
V615502001;2009-11-06;15461;15445;15853;1050;1060;FONTAINE DE VAUCLUSE 1
V615502001;2009-11-07;10400;10400;10400;920;920;FONTAINE DE VAUCLUSE 1
V615502001;2009-11-08;7696;7501;7753;820;830;FONTAINE DE VAUCLUSE 1
V615502001;2009-11-09;6735;6494;6746;780;790;FONTAINE DE VAUCLUSE 1
V615502001;2009-11-10;6746;6746;6746;790;790;FONTAINE DE VAUCLUSE 1
V615502001;2009-11-11;11702;11564;11952;950;960;FONTAINE DE VAUCLUSE 1
V615502001;2009-11-12;19405;19240;19705;1140;1150;FONTAINE DE VAUCLUSE 1
V615502001;2009-12-01;23498;23309;23913;1220;1230;FONTAINE DE VAUCLUSE 1
V615502001;2009-12-02;53837;52836;54758;1560;1580;FONTAINE DE VAUCLUSE 1
V615502001;2009-12-03;22102;22102;22102;1200;1200;FONTAINE DE VAUCLUSE 1
V615502001;2009-12-04;22341;22102;22706;1200;1210;FONTAINE DE VAUCLUSE 1
V615502001;2009-12-05;24114;23309;24517;1220;1240;FONTAINE DE VAUCLUSE 1
V615502001;2009-12-06;15437;15057;15445;1040;1050;FONTAINE DE VAUCLUSE 1
V615502001;2009-12-07;10400;10400;10400;920;920;FONTAINE DE VAUCLUSE 1
V615502001;2009-12-08;7501;7501;7501;820;820;FONTAINE DE VAUCLUSE 1
V615502001;2009-12-09;6746;6746;6746;790;790;FONTAINE DE VAUCLUSE 1
V615502001;2009-12-10;6693;6494;6746;780;790;FONTAINE DE VAUCLUSE 1
V615502001;2009-12-11;11281;11176;11564;940;950;FONTAINE DE VAUCLUSE 1
V615502001;2009-12-12;19104;18805;19240;1130;1140;FONTAINE DE VAUCLUSE 1
V615502001;2010-01-01;52455;51874;52836;1550;1560;FONTAINE DE VAUCLUSE 1
V615502001;2010-01-02;26414;25919;26686;1260;1270;FONTAINE DE VAUCLUSE 1
V615502001;2010-01-03;55339;54758;55720;1580;1590;FONTAINE DE VAUCLUSE 1
V615502001;2010-01-04;41320;41300;42261;1440;1450;FONTAINE DE VAUCLUSE 1
V615502001;2010-01-05;27628;27452;28218;1280;1290;FONTAINE DE VAUCLUSE 1
V615502001;2010-01-06;20213;19984;20403;1156;1165;FONTAINE DE VAUCLUSE 1
V615502001;2010-01-07;19828;19705;19938;1150;1155;FONTAINE DE VAUCLUSE 1
V615502001;2010-01-08;12764;12651;12884;978;984;FONTAINE DE VAUCLUSE 1
V615502001;2010-01-09;9496;9444;9534;888;891;FONTAINE DE VAUCLUSE 1
V615502001;2010-01-10;8343;8309;8368;850;852;FONTAINE DE VAUCLUSE 1
V615502001;2010-01-11;27091;17751;34451;1105;1365;FONTAINE DE VAUCLUSE 1
V615502001;2010-01-12;18158;18088;18425;1113;1121;FONTAINE DE VAUCLUSE 1
V615502001;2010-02-01;50753;49952;51874;1530;1550;FONTAINE DE VAUCLUSE 1
V615502001;2010-02-02;25361;25153;25919;1250;1260;FONTAINE DE VAUCLUSE 1
V615502001;2010-02-03;54498;53797;54758;1570;1580;FONTAINE DE VAUCLUSE 1
V615502001;2010-02-04;42366;42261;42767;1450;1455;FONTAINE DE VAUCLUSE 1
V615502001;2010-02-05;26989;26686;27452;1270;1280;FONTAINE DE VAUCLUSE 1
V615502001;2010-02-06;19890;19705;19984;1150;1156;FONTAINE DE VAUCLUSE 1
V615502001;2010-02-07;19628;19426;19752;1144;1151;FONTAINE DE VAUCLUSE 1
V615502001;2010-02-08;12615;12534;12690;975;979;FONTAINE DE VAUCLUSE 1
V615502001;2010-02-09;9408;9354;9444;885;888;FONTAINE DE VAUCLUSE 1
V615502001;2010-02-10;8318;8279;8339;849;851;FONTAINE DE VAUCLUSE 1
V615502001;2010-02-11;36374;34451;37025;1365;1394;FONTAINE DE VAUCLUSE 1
V615502001;2010-02-12;18808;18425;19147;1121;1138;FONTAINE DE VAUCLUSE 1
V615502001;2010-03-01;48990;48029;49952;1510;1530;FONTAINE DE VAUCLUSE 1
V615502001;2010-03-02;24555;24517;25153;1240;1250;FONTAINE DE VAUCLUSE 1
V615502001;2010-03-03;53336;52836;53797;1560;1570;FONTAINE DE VAUCLUSE 1
V615502001;2010-03-04;43374;42767;43981;1455;1468;FONTAINE DE VAUCLUSE 1
V615502001;2010-03-05;26382;25919;26686;1260;1270;FONTAINE DE VAUCLUSE 1
V615502001;2010-03-06;19623;19426;19752;1144;1151;FONTAINE DE VAUCLUSE 1
V615502001;2010-03-07;19323;19147;19426;1138;1144;FONTAINE DE VAUCLUSE 1
V615502001;2010-03-08;12485;12418;12534;972;975;FONTAINE DE VAUCLUSE 1
V615502001;2010-03-09;9342;9265;9384;882;886;FONTAINE DE VAUCLUSE 1
V615502001;2010-03-10;8243;8189;8279;846;849;FONTAINE DE VAUCLUSE 1
V615502001;2010-03-11;36102;34717;36936;1368;1393;FONTAINE DE VAUCLUSE 1
V615502001;2010-03-12;19344;19147;19426;1138;1144;FONTAINE DE VAUCLUSE 1
V615502001;2010-04-01;47108;46106;48029;1490;1510;FONTAINE DE VAUCLUSE 1
V615502001;2010-04-02;23888;23309;24517;1220;1240;FONTAINE DE VAUCLUSE 1
V615502001;2010-04-03;53336;52836;53797;1560;1570;FONTAINE DE VAUCLUSE 1
V615502001;2010-04-04;44588;43981;45196;1468;1481;FONTAINE DE VAUCLUSE 1
V615502001;2010-04-05;25919;25919;25919;1260;1260;FONTAINE DE VAUCLUSE 1
V615502001;2010-04-06;19404;19286;19519;1141;1146;FONTAINE DE VAUCLUSE 1
V615502001;2010-04-07;19063;18931;19147;1133;1138;FONTAINE DE VAUCLUSE 1
V615502001;2010-04-08;12393;12301;12457;969;973;FONTAINE DE VAUCLUSE 1
V615502001;2010-04-09;9263;9205;9295;880;883;FONTAINE DE VAUCLUSE 1
V615502001;2010-04-10;8223;8189;8339;846;851;FONTAINE DE VAUCLUSE 1
V615502001;2010-04-11;32434;29827;34717;1311;1368;FONTAINE DE VAUCLUSE 1
V615502001;2010-04-12;19414;19286;19472;1141;1145;FONTAINE DE VAUCLUSE 1
V615502001;2010-05-01;45145;44184;46106;1470;1490;FONTAINE DE VAUCLUSE 1
V615502001;2010-05-02;26101;23309;32231;1220;1340;FONTAINE DE VAUCLUSE 1
V615502001;2010-05-03;53797;53797;53797;1570;1570;FONTAINE DE VAUCLUSE 1
V615502001;2010-05-04;45765;45196;46106;1481;1490;FONTAINE DE VAUCLUSE 1
V615502001;2010-05-05;25935;25919;26686;1260;1270;FONTAINE DE VAUCLUSE 1
V615502001;2010-05-06;19216;19100;19286;1137;1141;FONTAINE DE VAUCLUSE 1
V615502001;2010-05-07;18829;18678;18931;1127;1133;FONTAINE DE VAUCLUSE 1
V615502001;2010-05-08;12269;12146;12340;965;970;FONTAINE DE VAUCLUSE 1
V615502001;2010-05-09;9227;9205;9265;880;882;FONTAINE DE VAUCLUSE 1
V615502001;2010-05-10;8359;8249;8458;848;855;FONTAINE DE VAUCLUSE 1
V615502001;2010-05-11;27465;24940;29827;1247;1311;FONTAINE DE VAUCLUSE 1
V615502001;2010-05-12;19309;19240;19333;1140;1142;FONTAINE DE VAUCLUSE 1
V615502001;2010-06-01;43062;42261;44184;1450;1470;FONTAINE DE VAUCLUSE 1
V615502001;2010-06-02;36392;32231;38445;1340;1410;FONTAINE DE VAUCLUSE 1
V615502001;2010-06-03;53296;52836;53797;1560;1570;FONTAINE DE VAUCLUSE 1
V615502001;2010-06-04;46847;46106;47068;1490;1500;FONTAINE DE VAUCLUSE 1
V615502001;2010-06-05;27085;26686;27452;1270;1280;FONTAINE DE VAUCLUSE 1
V615502001;2010-06-06;19042;18931;19100;1133;1137;FONTAINE DE VAUCLUSE 1
V615502001;2010-06-07;18559;18425;18678;1121;1127;FONTAINE DE VAUCLUSE 1
V615502001;2010-06-08;12120;12030;12224;962;967;FONTAINE DE VAUCLUSE 1
V615502001;2010-06-09;9193;9145;9235;878;881;FONTAINE DE VAUCLUSE 1
V615502001;2010-06-10;8360;8219;8458;847;855;FONTAINE DE VAUCLUSE 1
V615502001;2010-06-11;22730;20822;24940;1174;1247;FONTAINE DE VAUCLUSE 1
V615502001;2010-06-12;19607;19240;21148;1140;1181;FONTAINE DE VAUCLUSE 1
V615502001;2010-07-01;40679;39377;42261;1420;1450;FONTAINE DE VAUCLUSE 1
V615502001;2010-07-02;39279;38445;39377;1410;1420;FONTAINE DE VAUCLUSE 1
V615502001;2010-07-03;52455;51874;52836;1550;1560;FONTAINE DE VAUCLUSE 1
V615502001;2010-07-04;46847;46106;47068;1490;1500;FONTAINE DE VAUCLUSE 1
V615502001;2010-07-05;28138;27452;28218;1280;1290;FONTAINE DE VAUCLUSE 1
V615502001;2010-07-06;18911;18805;18973;1130;1134;FONTAINE DE VAUCLUSE 1
V615502001;2010-07-07;18310;18130;18425;1114;1121;FONTAINE DE VAUCLUSE 1
V615502001;2010-07-08;11967;11836;12030;957;962;FONTAINE DE VAUCLUSE 1
V615502001;2010-07-09;9738;9175;10012;879;907;FONTAINE DE VAUCLUSE 1
V615502001;2010-07-10;8183;8100;8249;843;848;FONTAINE DE VAUCLUSE 1
V615502001;2010-07-11;19977;19426;20822;1144;1174;FONTAINE DE VAUCLUSE 1
V615502001;2010-07-12;25500;21148;29138;1181;1302;FONTAINE DE VAUCLUSE 1
V615502001;2010-08-01;40739;39377;43222;1420;1460;FONTAINE DE VAUCLUSE 1
V615502001;2010-08-02;39377;39377;39377;1420;1420;FONTAINE DE VAUCLUSE 1
V615502001;2010-08-03;51153;49952;51874;1530;1550;FONTAINE DE VAUCLUSE 1
V615502001;2010-08-04;45886;45145;46106;1480;1490;FONTAINE DE VAUCLUSE 1
V615502001;2010-08-05;28218;28218;28218;1290;1290;FONTAINE DE VAUCLUSE 1
V615502001;2010-08-06;18757;18636;18847;1126;1131;FONTAINE DE VAUCLUSE 1
V615502001;2010-08-07;18042;17877;18130;1108;1114;FONTAINE DE VAUCLUSE 1
V615502001;2010-08-08;11787;11681;11875;953;958;FONTAINE DE VAUCLUSE 1
V615502001;2010-08-09;10605;9832;10904;901;933;FONTAINE DE VAUCLUSE 1
V615502001;2010-08-10;8136;8070;8219;842;847;FONTAINE DE VAUCLUSE 1
V615502001;2010-08-11;19129;18847;19426;1131;1144;FONTAINE DE VAUCLUSE 1
V615502001;2010-08-12;31107;29138;32498;1302;1343;FONTAINE DE VAUCLUSE 1
V615502001;2010-09-01;44584;43222;45145;1460;1480;FONTAINE DE VAUCLUSE 1
V615502001;2010-09-02;39046;38445;39377;1410;1420;FONTAINE DE VAUCLUSE 1
V615502001;2010-09-03;49231;48029;49952;1510;1530;FONTAINE DE VAUCLUSE 1
V615502001;2010-09-04;45145;45145;45145;1480;1480;FONTAINE DE VAUCLUSE 1
V615502001;2010-09-05;28122;27452;28218;1280;1290;FONTAINE DE VAUCLUSE 1
V615502001;2010-09-06;18583;18467;18678;1122;1127;FONTAINE DE VAUCLUSE 1
V615502001;2010-09-07;17769;17582;17877;1101;1108;FONTAINE DE VAUCLUSE 1
V615502001;2010-09-08;11641;11564;11719;950;954;FONTAINE DE VAUCLUSE 1
V615502001;2010-09-09;10294;10101;10439;910;921;FONTAINE DE VAUCLUSE 1
V615502001;2010-09-10;8091;7980;8219;839;847;FONTAINE DE VAUCLUSE 1
V615502001;2010-09-11;18544;18172;18973;1115;1134;FONTAINE DE VAUCLUSE 1
V615502001;2010-09-12;33136;32498;33385;1343;1353;FONTAINE DE VAUCLUSE 1
V615502001;2010-10-01;44885;44184;45145;1470;1480;FONTAINE DE VAUCLUSE 1
V615502001;2010-10-02;38131;37557;38445;1400;1410;FONTAINE DE VAUCLUSE 1
V615502001;2010-10-03;47028;46106;48029;1490;1510;FONTAINE DE VAUCLUSE 1
V615502001;2010-10-04;45025;44184;45145;1470;1480;FONTAINE DE VAUCLUSE 1
V615502001;2010-10-05;28011;27452;28984;1280;1300;FONTAINE DE VAUCLUSE 1
V615502001;2010-10-06;18424;18299;18510;1118;1123;FONTAINE DE VAUCLUSE 1
V615502001;2010-10-07;17483;17287;17624;1094;1102;FONTAINE DE VAUCLUSE 1
V615502001;2010-10-08;11515;11409;11564;946;950;FONTAINE DE VAUCLUSE 1
V615502001;2010-10-09;9980;9832;10101;901;910;FONTAINE DE VAUCLUSE 1
V615502001;2010-10-10;7996;7955;8040;838;841;FONTAINE DE VAUCLUSE 1
V615502001;2010-10-11;17803;17413;18172;1097;1115;FONTAINE DE VAUCLUSE 1
V615502001;2010-10-12;32736;32143;33119;1339;1350;FONTAINE DE VAUCLUSE 1
V615502001;2010-11-01;43883;43222;44184;1460;1470;FONTAINE DE VAUCLUSE 1
V615502001;2010-11-02;37280;36670;37557;1390;1400;FONTAINE DE VAUCLUSE 1
V615502001;2010-11-03;44524;43222;46106;1460;1490;FONTAINE DE VAUCLUSE 1
V615502001;2010-11-04;44284;44184;45145;1470;1480;FONTAINE DE VAUCLUSE 1
V615502001;2010-11-05;29719;28984;30517;1300;1320;FONTAINE DE VAUCLUSE 1
V615502001;2010-11-06;18237;18130;18341;1114;1119;FONTAINE DE VAUCLUSE 1
V615502001;2010-11-07;17208;17034;17329;1088;1095;FONTAINE DE VAUCLUSE 1
V615502001;2010-11-08;11378;11293;11448;943;947;FONTAINE DE VAUCLUSE 1
V615502001;2010-11-09;9711;9563;9832;892;901;FONTAINE DE VAUCLUSE 1
V615502001;2010-11-10;7983;7955;8010;838;840;FONTAINE DE VAUCLUSE 1
V615502001;2010-11-11;17186;16949;17413;1086;1097;FONTAINE DE VAUCLUSE 1
V615502001;2010-11-12;31518;30670;32143;1322;1339;FONTAINE DE VAUCLUSE 1
V615502001;2010-12-01;42341;41300;43222;1440;1460;FONTAINE DE VAUCLUSE 1
V615502001;2010-12-02;36078;34894;36670;1370;1390;FONTAINE DE VAUCLUSE 1
V615502001;2010-12-03;42261;41300;43222;1440;1460;FONTAINE DE VAUCLUSE 1
V615502001;2010-12-04;43643;43222;44184;1460;1470;FONTAINE DE VAUCLUSE 1
V615502001;2010-12-05;31503;30517;32231;1320;1340;FONTAINE DE VAUCLUSE 1
V615502001;2010-12-06;18064;17919;18130;1109;1114;FONTAINE DE VAUCLUSE 1
V615502001;2010-12-07;16956;16781;17034;1082;1088;FONTAINE DE VAUCLUSE 1
V615502001;2010-12-08;11263;11176;11331;940;944;FONTAINE DE VAUCLUSE 1
V615502001;2010-12-09;9522;9444;9563;888;892;FONTAINE DE VAUCLUSE 1
V615502001;2010-12-10;7972;7930;8040;837;841;FONTAINE DE VAUCLUSE 1
V615502001;2010-12-11;16833;16696;16949;1080;1086;FONTAINE DE VAUCLUSE 1
V615502001;2010-12-12;29899;28908;30670;1299;1322;FONTAINE DE VAUCLUSE 1
V615502001;2011-01-01;33988;32498;35338;1343;1375;FONTAINE DE VAUCLUSE 1
V615502001;2011-01-02;17740;17582;17835;1101;1107;FONTAINE DE VAUCLUSE 1
V615502001;2011-01-03;16027;15895;16148;1061;1067;FONTAINE DE VAUCLUSE 1
V615502001;2011-01-04;28983;28218;29368;1290;1305;FONTAINE DE VAUCLUSE 1
V615502001;2011-01-05;15005;14901;15057;1036;1040;FONTAINE DE VAUCLUSE 1
V615502001;2011-01-06;10010;9982;10041;906;908;FONTAINE DE VAUCLUSE 1
V615502001;2011-01-07;7930;7879;7955;835;838;FONTAINE DE VAUCLUSE 1
V615502001;2011-01-08;7087;7034;7124;801;805;FONTAINE DE VAUCLUSE 1
V615502001;2011-01-09;5762;5719;5787;745;749;FONTAINE DE VAUCLUSE 1
V615502001;2011-01-10;4993;4980;5006;702;703;FONTAINE DE VAUCLUSE 1
V615502001;2011-01-11;5144;5124;5158;710;712;FONTAINE DE VAUCLUSE 1
V615502001;2011-01-12;15154;14979;15290;1038;1046;FONTAINE DE VAUCLUSE 1
V615502001;2011-02-01;31055;29597;32498;1308;1343;FONTAINE DE VAUCLUSE 1
V615502001;2011-02-02;17541;17371;17624;1096;1102;FONTAINE DE VAUCLUSE 1
V615502001;2011-02-03;15821;15684;15895;1056;1061;FONTAINE DE VAUCLUSE 1
V615502001;2011-02-04;27867;27145;28218;1276;1290;FONTAINE DE VAUCLUSE 1
V615502001;2011-02-05;14876;14785;14940;1033;1037;FONTAINE DE VAUCLUSE 1
V615502001;2011-02-06;9938;9892;9982;903;906;FONTAINE DE VAUCLUSE 1
V615502001;2011-02-07;7912;7854;7955;834;838;FONTAINE DE VAUCLUSE 1
V615502001;2011-02-08;7000;6950;7048;798;802;FONTAINE DE VAUCLUSE 1
V615502001;2011-02-09;5732;5702;5753;744;747;FONTAINE DE VAUCLUSE 1
V615502001;2011-02-10;4968;4955;4980;700;702;FONTAINE DE VAUCLUSE 1
V615502001;2011-02-11;5122;5057;5260;706;718;FONTAINE DE VAUCLUSE 1
V615502001;2011-02-12;14880;14707;14979;1031;1038;FONTAINE DE VAUCLUSE 1
V615502001;2011-03-01;28373;27069;29597;1275;1308;FONTAINE DE VAUCLUSE 1
V615502001;2011-03-02;17365;17202;17455;1092;1098;FONTAINE DE VAUCLUSE 1
V615502001;2011-03-03;15591;15445;15727;1050;1057;FONTAINE DE VAUCLUSE 1
V615502001;2011-03-04;26515;25536;27222;1255;1277;FONTAINE DE VAUCLUSE 1
V615502001;2011-03-05;14738;14630;14824;1029;1034;FONTAINE DE VAUCLUSE 1
V615502001;2011-03-06;9865;9832;9922;901;904;FONTAINE DE VAUCLUSE 1
V615502001;2011-03-07;7857;7779;7955;831;838;FONTAINE DE VAUCLUSE 1
V615502001;2011-03-08;6977;6922;6998;797;800;FONTAINE DE VAUCLUSE 1
V615502001;2011-03-09;5704;5685;5719;743;745;FONTAINE DE VAUCLUSE 1
V615502001;2011-03-10;4942;4930;4955;699;700;FONTAINE DE VAUCLUSE 1
V615502001;2011-03-11;5957;5260;6570;718;783;FONTAINE DE VAUCLUSE 1
V615502001;2011-03-12;14589;14436;14707;1024;1031;FONTAINE DE VAUCLUSE 1
V615502001;2011-04-01;26125;25169;27069;1250;1275;FONTAINE DE VAUCLUSE 1
V615502001;2011-04-02;17146;16992;17245;1087;1093;FONTAINE DE VAUCLUSE 1
V615502001;2011-04-03;15344;15173;15445;1043;1050;FONTAINE DE VAUCLUSE 1
V615502001;2011-04-04;24874;24094;25536;1233;1255;FONTAINE DE VAUCLUSE 1
V615502001;2011-04-05;14563;14436;14669;1024;1030;FONTAINE DE VAUCLUSE 1
V615502001;2011-04-06;9856;9832;9892;901;903;FONTAINE DE VAUCLUSE 1
V615502001;2011-04-07;7788;7753;7829;830;833;FONTAINE DE VAUCLUSE 1
V615502001;2011-04-08;6934;6897;6947;796;798;FONTAINE DE VAUCLUSE 1
V615502001;2011-04-09;5745;5702;5787;744;749;FONTAINE DE VAUCLUSE 1
V615502001;2011-04-10;4917;4904;4930;697;699;FONTAINE DE VAUCLUSE 1
V615502001;2011-04-11;8974;6570;13233;783;993;FONTAINE DE VAUCLUSE 1
V615502001;2011-04-12;14205;13970;14436;1012;1024;FONTAINE DE VAUCLUSE 1
V615502001;2011-05-01;24512;23913;25169;1230;1250;FONTAINE DE VAUCLUSE 1
V615502001;2011-05-02;16917;16781;16992;1082;1087;FONTAINE DE VAUCLUSE 1
V615502001;2011-05-03;15126;15018;15212;1039;1044;FONTAINE DE VAUCLUSE 1
V615502001;2011-05-04;23493;22766;24094;1211;1233;FONTAINE DE VAUCLUSE 1
V615502001;2011-05-05;14330;14164;14436;1017;1024;FONTAINE DE VAUCLUSE 1
V615502001;2011-05-06;9912;9862;10131;902;911;FONTAINE DE VAUCLUSE 1
V615502001;2011-05-07;7744;7653;7804;826;832;FONTAINE DE VAUCLUSE 1
V615502001;2011-05-08;6900;6847;6932;794;797;FONTAINE DE VAUCLUSE 1
V615502001;2011-05-09;5797;5753;5821;747;751;FONTAINE DE VAUCLUSE 1
V615502001;2011-05-10;4892;4879;4904;696;697;FONTAINE DE VAUCLUSE 1
V615502001;2011-05-11;18295;13233;33208;993;1351;FONTAINE DE VAUCLUSE 1
V615502001;2011-05-12;13907;13815;13970;1008;1012;FONTAINE DE VAUCLUSE 1
V615502001;2011-06-01;23387;22887;23913;1213;1230;FONTAINE DE VAUCLUSE 1
V615502001;2011-06-02;16699;16570;16781;1077;1082;FONTAINE DE VAUCLUSE 1
V615502001;2011-06-03;14946;14824;15018;1034;1039;FONTAINE DE VAUCLUSE 1
V615502001;2011-06-04;22219;21660;22766;1192;1211;FONTAINE DE VAUCLUSE 1
V615502001;2011-06-05;14096;13931;14203;1011;1018;FONTAINE DE VAUCLUSE 1
V615502001;2011-06-06;10391;10131;10555;911;924;FONTAINE DE VAUCLUSE 1
V615502001;2011-06-07;7662;7602;7703;824;828;FONTAINE DE VAUCLUSE 1
V615502001;2011-06-08;6878;6847;6897;794;796;FONTAINE DE VAUCLUSE 1
V615502001;2011-06-09;5776;5759;5794;747;749;FONTAINE DE VAUCLUSE 1
V615502001;2011-06-10;4879;4853;4921;694;698;FONTAINE DE VAUCLUSE 1
V615502001;2011-06-11;45991;33208;50529;1351;1536;FONTAINE DE VAUCLUSE 1
V615502001;2011-06-12;13806;13699;13931;1005;1011;FONTAINE DE VAUCLUSE 1
V615502001;2011-07-01;22852;22766;22947;1211;1214;FONTAINE DE VAUCLUSE 1
V615502001;2011-07-02;16499;16359;16570;1072;1077;FONTAINE DE VAUCLUSE 1
V615502001;2011-07-03;14761;14591;14824;1028;1034;FONTAINE DE VAUCLUSE 1
V615502001;2011-07-04;21325;20916;21660;1176;1192;FONTAINE DE VAUCLUSE 1
V615502001;2011-07-05;13872;13737;13970;1006;1012;FONTAINE DE VAUCLUSE 1
V615502001;2011-07-06;10555;10516;10672;923;927;FONTAINE DE VAUCLUSE 1
V615502001;2011-07-07;7618;7552;7653;822;826;FONTAINE DE VAUCLUSE 1
V615502001;2011-07-08;6902;6847;7099;794;804;FONTAINE DE VAUCLUSE 1
V615502001;2011-07-09;5731;5698;5759;744;747;FONTAINE DE VAUCLUSE 1
V615502001;2011-07-10;4848;4835;4870;693;695;FONTAINE DE VAUCLUSE 1
V615502001;2011-07-11;51666;50529;52259;1536;1554;FONTAINE DE VAUCLUSE 1
V615502001;2011-07-12;13391;13078;13699;989;1005;FONTAINE DE VAUCLUSE 1
V615502001;2011-08-01;23024;22826;23128;1212;1217;FONTAINE DE VAUCLUSE 1
V615502001;2011-08-02;16294;16190;16359;1068;1072;FONTAINE DE VAUCLUSE 1
V615502001;2011-08-03;14536;14397;14630;1023;1029;FONTAINE DE VAUCLUSE 1
V615502001;2011-08-04;20709;20310;20916;1163;1176;FONTAINE DE VAUCLUSE 1
V615502001;2011-08-05;13664;13543;13737;1001;1006;FONTAINE DE VAUCLUSE 1
V615502001;2011-08-06;10458;10370;10555;919;924;FONTAINE DE VAUCLUSE 1
V615502001;2011-08-07;7568;7501;7602;820;824;FONTAINE DE VAUCLUSE 1
V615502001;2011-08-08;6955;6897;7023;796;801;FONTAINE DE VAUCLUSE 1
V615502001;2011-08-09;5688;5675;5702;742;744;FONTAINE DE VAUCLUSE 1
V615502001;2011-08-10;4823;4812;4835;692;693;FONTAINE DE VAUCLUSE 1
V615502001;2011-08-11;52281;51971;52451;1551;1556;FONTAINE DE VAUCLUSE 1
V615502001;2011-08-12;12986;12806;13078;982;989;FONTAINE DE VAUCLUSE 1
V615502001;2011-09-01;23239;23128;23309;1217;1220;FONTAINE DE VAUCLUSE 1
V615502001;2011-09-02;16104;16034;16190;1064;1068;FONTAINE DE VAUCLUSE 1
V615502001;2011-09-03;14371;14281;14436;1020;1024;FONTAINE DE VAUCLUSE 1
V615502001;2011-09-04;20091;19752;20310;1151;1163;FONTAINE DE VAUCLUSE 1
V615502001;2011-09-05;13457;13272;13621;994;1003;FONTAINE DE VAUCLUSE 1
V615502001;2011-09-06;10290;10221;10370;914;919;FONTAINE DE VAUCLUSE 1
V615502001;2011-09-07;7508;7451;7552;818;822;FONTAINE DE VAUCLUSE 1
V615502001;2011-09-08;6899;6867;6922;795;797;FONTAINE DE VAUCLUSE 1
V615502001;2011-09-09;5657;5640;5675;740;742;FONTAINE DE VAUCLUSE 1
V615502001;2011-09-10;4800;4789;4812;690;692;FONTAINE DE VAUCLUSE 1
V615502001;2011-09-11;51199;50336;51971;1534;1551;FONTAINE DE VAUCLUSE 1
V615502001;2011-09-12;12720;12573;12806;976;982;FONTAINE DE VAUCLUSE 1
V615502001;2011-10-01;23674;23249;24336;1219;1237;FONTAINE DE VAUCLUSE 1
V615502001;2011-10-02;15917;15769;16034;1058;1064;FONTAINE DE VAUCLUSE 1
V615502001;2011-10-03;14231;14087;14319;1015;1021;FONTAINE DE VAUCLUSE 1
V615502001;2011-10-04;19553;19240;19752;1140;1151;FONTAINE DE VAUCLUSE 1
V615502001;2011-10-05;13214;13078;13310;989;995;FONTAINE DE VAUCLUSE 1
V615502001;2011-10-06;10154;10071;10340;909;918;FONTAINE DE VAUCLUSE 1
V615502001;2011-10-07;7458;7426;7476;817;819;FONTAINE DE VAUCLUSE 1
V615502001;2011-10-08;6834;6801;6867;792;795;FONTAINE DE VAUCLUSE 1
V615502001;2011-10-09;5620;5574;5651;736;741;FONTAINE DE VAUCLUSE 1
V615502001;2011-10-10;4777;4766;4789;689;690;FONTAINE DE VAUCLUSE 1
V615502001;2011-10-11;49223;47644;50336;1506;1534;FONTAINE DE VAUCLUSE 1
V615502001;2011-10-12;12479;12340;12573;970;976;FONTAINE DE VAUCLUSE 1
V615502001;2011-11-01;25481;24336;26379;1237;1266;FONTAINE DE VAUCLUSE 1
V615502001;2011-11-02;15689;15561;15769;1053;1058;FONTAINE DE VAUCLUSE 1
V615502001;2011-11-03;14099;13970;14164;1012;1017;FONTAINE DE VAUCLUSE 1
V615502001;2011-11-04;19030;18763;19240;1129;1140;FONTAINE DE VAUCLUSE 1
V615502001;2011-11-05;13032;12922;13116;985;990;FONTAINE DE VAUCLUSE 1
V615502001;2011-11-06;9937;9832;10071;901;909;FONTAINE DE VAUCLUSE 1
V615502001;2011-11-07;7422;7376;7451;815;818;FONTAINE DE VAUCLUSE 1
V615502001;2011-11-08;6764;6696;6801;788;792;FONTAINE DE VAUCLUSE 1
V615502001;2011-11-09;5546;5511;5583;733;737;FONTAINE DE VAUCLUSE 1
V615502001;2011-11-10;4743;4683;4766;684;689;FONTAINE DE VAUCLUSE 1
V615502001;2011-11-11;46611;45145;47644;1480;1506;FONTAINE DE VAUCLUSE 1
V615502001;2011-11-12;12245;12069;12340;963;970;FONTAINE DE VAUCLUSE 1
V615502001;2011-12-01;26986;26379;27299;1266;1278;FONTAINE DE VAUCLUSE 1
V615502001;2011-12-02;15528;15406;15600;1049;1054;FONTAINE DE VAUCLUSE 1
V615502001;2011-12-03;14000;13970;14048;1012;1014;FONTAINE DE VAUCLUSE 1
V615502001;2011-12-04;18741;18594;18847;1125;1131;FONTAINE DE VAUCLUSE 1
V615502001;2011-12-05;12875;12767;12961;981;986;FONTAINE DE VAUCLUSE 1
V615502001;2011-12-06;9773;9683;9832;896;901;FONTAINE DE VAUCLUSE 1
V615502001;2011-12-07;7399;7325;7426;813;817;FONTAINE DE VAUCLUSE 1
V615502001;2011-12-08;6704;6645;6746;786;790;FONTAINE DE VAUCLUSE 1
V615502001;2011-12-09;5505;5481;5515;731;733;FONTAINE DE VAUCLUSE 1
V615502001;2011-12-10;4717;4683;4751;684;688;FONTAINE DE VAUCLUSE 1
V615502001;2011-12-11;43707;41876;45145;1446;1480;FONTAINE DE VAUCLUSE 1
V615502001;2011-12-12;11981;11836;12107;957;964;FONTAINE DE VAUCLUSE 1
V615502001;2012-01-01;9257;9175;9324;879;884;FONTAINE DE VAUCLUSE 1
V615502001;2012-01-02;7298;7250;7350;810;814;FONTAINE DE VAUCLUSE 1
V615502001;2012-01-03;5652;5583;5702;737;744;FONTAINE DE VAUCLUSE 1
V615502001;2012-01-04;5132;5090;5158;708;712;FONTAINE DE VAUCLUSE 1
V615502001;2012-01-05;33435;27835;36403;1285;1387;FONTAINE DE VAUCLUSE 1
V615502001;2012-01-06;19549;19379;19798;1143;1152;FONTAINE DE VAUCLUSE 1
V615502001;2012-01-07;10680;10555;10982;924;935;FONTAINE DE VAUCLUSE 1
V615502001;2012-01-08;7107;7073;7199;803;808;FONTAINE DE VAUCLUSE 1
V615502001;2012-01-09;5578;5549;5617;735;739;FONTAINE DE VAUCLUSE 1
V615502001;2012-01-10;5348;5277;5430;719;728;FONTAINE DE VAUCLUSE 1
V615502001;2012-01-11;7458;6595;8100;784;843;FONTAINE DE VAUCLUSE 1
V615502001;2012-01-12;50729;49567;51682;1526;1548;FONTAINE DE VAUCLUSE 1
V615502001;2012-02-01;9185;9145;9295;878;883;FONTAINE DE VAUCLUSE 1
V615502001;2012-02-02;7243;7174;7275;807;811;FONTAINE DE VAUCLUSE 1
V615502001;2012-02-03;5599;5566;5617;736;739;FONTAINE DE VAUCLUSE 1
V615502001;2012-02-04;5133;5090;5158;708;712;FONTAINE DE VAUCLUSE 1
V615502001;2012-02-05;36788;36403;37025;1387;1394;FONTAINE DE VAUCLUSE 1
V615502001;2012-02-06;19166;19034;19426;1135;1144;FONTAINE DE VAUCLUSE 1
V615502001;2012-02-07;10520;10439;10672;921;927;FONTAINE DE VAUCLUSE 1
V615502001;2012-02-08;7063;7023;7124;801;805;FONTAINE DE VAUCLUSE 1
V615502001;2012-02-09;5529;5481;5566;731;736;FONTAINE DE VAUCLUSE 1
V615502001;2012-02-10;5256;5175;5294;713;720;FONTAINE DE VAUCLUSE 1
V615502001;2012-02-11;8105;7930;8219;837;847;FONTAINE DE VAUCLUSE 1
V615502001;2012-02-12;48578;47452;49567;1504;1526;FONTAINE DE VAUCLUSE 1
V615502001;2012-03-01;9426;9145;9713;878;897;FONTAINE DE VAUCLUSE 1
V615502001;2012-03-02;7190;7124;7224;805;809;FONTAINE DE VAUCLUSE 1
V615502001;2012-03-03;5574;5549;5600;735;738;FONTAINE DE VAUCLUSE 1
V615502001;2012-03-04;5109;5073;5141;707;711;FONTAINE DE VAUCLUSE 1
V615502001;2012-03-05;35963;34983;36581;1371;1389;FONTAINE DE VAUCLUSE 1
V615502001;2012-03-06;18798;18678;19034;1127;1135;FONTAINE DE VAUCLUSE 1
V615502001;2012-03-07;10374;10310;10516;917;923;FONTAINE DE VAUCLUSE 1
V615502001;2012-03-08;6993;6947;7067;798;803;FONTAINE DE VAUCLUSE 1
V615502001;2012-03-09;5484;5464;5515;730;733;FONTAINE DE VAUCLUSE 1
V615502001;2012-03-10;5147;5090;5175;708;713;FONTAINE DE VAUCLUSE 1
V615502001;2012-03-11;7798;7653;7930;826;837;FONTAINE DE VAUCLUSE 1
V615502001;2012-03-12;46112;44664;47452;1475;1504;FONTAINE DE VAUCLUSE 1
V615502001;2012-04-01;9934;9713;10071;897;909;FONTAINE DE VAUCLUSE 1
V615502001;2012-04-02;7065;6951;7149;798;806;FONTAINE DE VAUCLUSE 1
V615502001;2012-04-03;5566;5532;5600;734;738;FONTAINE DE VAUCLUSE 1
V615502001;2012-04-04;5128;5090;5209;708;715;FONTAINE DE VAUCLUSE 1
V615502001;2012-04-05;33576;31876;34983;1336;1371;FONTAINE DE VAUCLUSE 1
V615502001;2012-04-06;18479;18299;18678;1118;1127;FONTAINE DE VAUCLUSE 1
V615502001;2012-04-07;10236;10191;10370;913;919;FONTAINE DE VAUCLUSE 1
V615502001;2012-04-08;6922;6872;6993;795;800;FONTAINE DE VAUCLUSE 1
V615502001;2012-04-09;5483;5464;5498;730;732;FONTAINE DE VAUCLUSE 1
V615502001;2012-04-10;5050;4972;5107;701;709;FONTAINE DE VAUCLUSE 1
V615502001;2012-04-11;7948;7602;8846;824;868;FONTAINE DE VAUCLUSE 1
V615502001;2012-04-12;42904;41107;44664;1438;1475;FONTAINE DE VAUCLUSE 1
V615502001;2012-05-01;10175;10071;10251;909;915;FONTAINE DE VAUCLUSE 1
V615502001;2012-05-02;6936;6868;6973;795;799;FONTAINE DE VAUCLUSE 1
V615502001;2012-05-03;5545;5498;5566;732;736;FONTAINE DE VAUCLUSE 1
V615502001;2012-05-04;5528;5209;5820;715;751;FONTAINE DE VAUCLUSE 1
V615502001;2012-05-05;30620;29291;31876;1304;1336;FONTAINE DE VAUCLUSE 1
V615502001;2012-05-06;18149;17961;18299;1110;1118;FONTAINE DE VAUCLUSE 1
V615502001;2012-05-07;10115;10071;10251;909;915;FONTAINE DE VAUCLUSE 1
V615502001;2012-05-08;6882;6847;6947;794;798;FONTAINE DE VAUCLUSE 1
V615502001;2012-05-09;5446;5394;5481;726;731;FONTAINE DE VAUCLUSE 1
V615502001;2012-05-10;4907;4836;4972;693;701;FONTAINE DE VAUCLUSE 1
V615502001;2012-05-11;12086;8846;14087;868;1015;FONTAINE DE VAUCLUSE 1
V615502001;2012-05-12;39330;37291;41107;1397;1438;FONTAINE DE VAUCLUSE 1
V615502001;2012-06-01;10251;10191;10310;913;917;FONTAINE DE VAUCLUSE 1
V615502001;2012-06-02;6869;6821;6922;793;797;FONTAINE DE VAUCLUSE 1
V615502001;2012-06-03;5531;5481;5566;731;736;FONTAINE DE VAUCLUSE 1
V615502001;2012-06-04;6160;5820;6570;751;783;FONTAINE DE VAUCLUSE 1
V615502001;2012-06-05;28166;26762;29291;1271;1304;FONTAINE DE VAUCLUSE 1
V615502001;2012-06-06;17803;17624;17961;1102;1110;FONTAINE DE VAUCLUSE 1
V615502001;2012-06-07;9987;9922;10101;904;910;FONTAINE DE VAUCLUSE 1
V615502001;2012-06-08;6792;6746;6872;790;795;FONTAINE DE VAUCLUSE 1
V615502001;2012-06-09;5374;5328;5396;722;726;FONTAINE DE VAUCLUSE 1
V615502001;2012-06-10;4826;4785;4853;690;694;FONTAINE DE VAUCLUSE 1
V615502001;2012-06-11;14668;14087;14901;1015;1036;FONTAINE DE VAUCLUSE 1
V615502001;2012-06-12;35246;33208;37291;1351;1397;FONTAINE DE VAUCLUSE 1
V615502001;2012-07-01;10240;10161;10280;912;916;FONTAINE DE VAUCLUSE 1
V615502001;2012-07-02;6841;6771;6897;791;796;FONTAINE DE VAUCLUSE 1
V615502001;2012-07-03;5490;5464;5515;730;733;FONTAINE DE VAUCLUSE 1
V615502001;2012-07-04;6931;6570;7073;783;803;FONTAINE DE VAUCLUSE 1
V615502001;2012-07-05;25395;24034;26762;1232;1271;FONTAINE DE VAUCLUSE 1
V615502001;2012-07-06;17458;17287;17624;1094;1102;FONTAINE DE VAUCLUSE 1
V615502001;2012-07-07;9844;9773;9982;899;906;FONTAINE DE VAUCLUSE 1
V615502001;2012-07-08;6708;6670;6771;787;791;FONTAINE DE VAUCLUSE 1
V615502001;2012-07-09;5346;5328;5362;722;724;FONTAINE DE VAUCLUSE 1
V615502001;2012-07-10;4800;4768;4819;689;692;FONTAINE DE VAUCLUSE 1
V615502001;2012-07-11;14502;14048;14824;1014;1034;FONTAINE DE VAUCLUSE 1
V615502001;2012-07-12;31313;29444;33208;1306;1351;FONTAINE DE VAUCLUSE 1
V615502001;2012-08-01;10143;10071;10191;909;913;FONTAINE DE VAUCLUSE 1
V615502001;2012-08-02;6762;6670;6821;787;793;FONTAINE DE VAUCLUSE 1
V615502001;2012-08-03;5460;5430;5481;728;731;FONTAINE DE VAUCLUSE 1
V615502001;2012-08-04;7096;7073;7124;803;805;FONTAINE DE VAUCLUSE 1
V615502001;2012-08-05;22874;21660;24034;1192;1232;FONTAINE DE VAUCLUSE 1
V615502001;2012-08-06;17108;16949;17329;1086;1095;FONTAINE DE VAUCLUSE 1
V615502001;2012-08-07;9692;9623;9832;894;901;FONTAINE DE VAUCLUSE 1
V615502001;2012-08-08;6643;6620;6696;785;788;FONTAINE DE VAUCLUSE 1
V615502001;2012-08-09;5319;5277;5345;719;723;FONTAINE DE VAUCLUSE 1
V615502001;2012-08-10;4736;4711;4768;686;689;FONTAINE DE VAUCLUSE 1
V615502001;2012-08-11;13683;13233;14048;993;1014;FONTAINE DE VAUCLUSE 1
V615502001;2012-08-12;27774;26073;29444;1262;1306;FONTAINE DE VAUCLUSE 1
V615502001;2012-09-01;10057;9982;10101;906;910;FONTAINE DE VAUCLUSE 1
V615502001;2012-09-02;6695;6645;6721;786;789;FONTAINE DE VAUCLUSE 1
V615502001;2012-09-03;5414;5345;5464;723;730;FONTAINE DE VAUCLUSE 1
V615502001;2012-09-04;7046;6947;7124;798;805;FONTAINE DE VAUCLUSE 1
V615502001;2012-09-05;20923;20171;21660;1160;1192;FONTAINE DE VAUCLUSE 1
V615502001;2012-09-06;16724;16570;16949;1077;1086;FONTAINE DE VAUCLUSE 1
V615502001;2012-09-07;9551;9504;9683;890;896;FONTAINE DE VAUCLUSE 1
V615502001;2012-09-08;6592;6544;6645;782;786;FONTAINE DE VAUCLUSE 1
V615502001;2012-09-09;5267;5226;5294;716;720;FONTAINE DE VAUCLUSE 1
V615502001;2012-09-10;4690;4649;4711;682;686;FONTAINE DE VAUCLUSE 1
V615502001;2012-09-11;12698;12107;13233;964;993;FONTAINE DE VAUCLUSE 1
V615502001;2012-09-12;24841;23792;26073;1228;1262;FONTAINE DE VAUCLUSE 1
V615502001;2012-10-01;9931;9832;9982;901;906;FONTAINE DE VAUCLUSE 1
V615502001;2012-10-02;6662;6620;6696;785;788;FONTAINE DE VAUCLUSE 1
V615502001;2012-10-03;5377;5345;5413;723;727;FONTAINE DE VAUCLUSE 1
V615502001;2012-10-04;6923;6872;6973;795;799;FONTAINE DE VAUCLUSE 1
V615502001;2012-10-05;19747;19379;20171;1143;1160;FONTAINE DE VAUCLUSE 1
V615502001;2012-10-06;16385;16233;16570;1069;1077;FONTAINE DE VAUCLUSE 1
V615502001;2012-10-07;9429;9384;9563;886;892;FONTAINE DE VAUCLUSE 1
V615502001;2012-10-08;6544;6519;6595;781;784;FONTAINE DE VAUCLUSE 1
V615502001;2012-10-09;5235;5209;5260;715;718;FONTAINE DE VAUCLUSE 1
V615502001;2012-10-10;4674;4632;4700;681;685;FONTAINE DE VAUCLUSE 1
V615502001;2012-10-11;12709;11719;17329;954;1095;FONTAINE DE VAUCLUSE 1
V615502001;2012-10-12;22992;22223;23792;1202;1228;FONTAINE DE VAUCLUSE 1
V615502001;2012-11-01;9769;9653;9832;895;901;FONTAINE DE VAUCLUSE 1
V615502001;2012-11-02;6620;6570;6670;783;787;FONTAINE DE VAUCLUSE 1
V615502001;2012-11-03;5367;5345;5396;723;726;FONTAINE DE VAUCLUSE 1
V615502001;2012-11-04;8539;6872;10400;795;920;FONTAINE DE VAUCLUSE 1
V615502001;2012-11-05;19207;18889;19379;1132;1143;FONTAINE DE VAUCLUSE 1
V615502001;2012-11-06;16039;15853;16233;1060;1069;FONTAINE DE VAUCLUSE 1
V615502001;2012-11-07;9292;9235;9414;881;887;FONTAINE DE VAUCLUSE 1
V615502001;2012-11-08;6486;6444;6570;778;783;FONTAINE DE VAUCLUSE 1
V615502001;2012-11-09;5224;5175;5243;713;717;FONTAINE DE VAUCLUSE 1
V615502001;2012-11-10;4638;4598;4666;679;683;FONTAINE DE VAUCLUSE 1
V615502001;2012-11-11;28848;17329;36581;1095;1389;FONTAINE DE VAUCLUSE 1
V615502001;2012-11-12;21553;21009;22223;1178;1202;FONTAINE DE VAUCLUSE 1
V615502001;2012-12-01;9619;9534;9683;891;896;FONTAINE DE VAUCLUSE 1
V615502001;2012-12-02;6564;6469;6620;779;785;FONTAINE DE VAUCLUSE 1
V615502001;2012-12-03;5356;5328;5379;722;725;FONTAINE DE VAUCLUSE 1
V615502001;2012-12-04;11515;10400;12224;920;967;FONTAINE DE VAUCLUSE 1
V615502001;2012-12-05;18747;18467;18931;1122;1133;FONTAINE DE VAUCLUSE 1
V615502001;2012-12-06;15712;15522;15895;1052;1061;FONTAINE DE VAUCLUSE 1
V615502001;2012-12-07;9156;9085;9295;876;883;FONTAINE DE VAUCLUSE 1
V615502001;2012-12-08;6452;6419;6519;777;781;FONTAINE DE VAUCLUSE 1
V615502001;2012-12-09;5181;5141;5209;711;715;FONTAINE DE VAUCLUSE 1
V615502001;2012-12-10;4574;4547;4598;676;679;FONTAINE DE VAUCLUSE 1
V615502001;2012-12-11;38828;36581;39954;1389;1426;FONTAINE DE VAUCLUSE 1
V615502001;2012-12-12;20523;20031;21009;1157;1178;FONTAINE DE VAUCLUSE 1
V615502001;2013-01-01;21448;21055;21753;1179;1194;FONTAINE DE VAUCLUSE 1
V615502001;2013-01-02;19206;19100;19240;1137;1140;FONTAINE DE VAUCLUSE 1
V615502001;2013-01-03;15104;15018;15173;1039;1043;FONTAINE DE VAUCLUSE 1
V615502001;2013-01-04;53671;53316;53893;1565;1571;FONTAINE DE VAUCLUSE 1
V615502001;2013-01-05;46068;43895;47164;1467;1501;FONTAINE DE VAUCLUSE 1
V615502001;2013-01-06;38797;37735;39665;1402;1423;FONTAINE DE VAUCLUSE 1
V615502001;2013-01-07;17757;17582;17835;1101;1107;FONTAINE DE VAUCLUSE 1
V615502001;2013-01-08;14090;13967;14203;1012;1018;FONTAINE DE VAUCLUSE 1
V615502001;2013-01-09;9745;9676;9813;904;908;FONTAINE DE VAUCLUSE 1
V615502001;2013-01-10;8059;7930;8189;847;856;FONTAINE DE VAUCLUSE 1
V615502001;2013-01-11;7691;7594;7741;829;835;FONTAINE DE VAUCLUSE 1
V615502001;2013-02-01;20757;20357;21055;1164;1179;FONTAINE DE VAUCLUSE 1
V615502001;2013-02-02;19120;19058;19193;1136;1139;FONTAINE DE VAUCLUSE 1
V615502001;2013-02-03;14986;14863;15057;1035;1040;FONTAINE DE VAUCLUSE 1
V615502001;2013-02-04;53170;52643;53509;1558;1567;FONTAINE DE VAUCLUSE 1
V615502001;2013-02-05;47428;47068;47741;1500;1507;FONTAINE DE VAUCLUSE 1
V615502001;2013-02-06;36906;35782;37735;1380;1402;FONTAINE DE VAUCLUSE 1
V615502001;2013-02-07;17559;17413;17624;1097;1102;FONTAINE DE VAUCLUSE 1
V615502001;2013-02-08;13856;13731;13967;1006;1012;FONTAINE DE VAUCLUSE 1
V615502001;2013-02-09;9646;9562;9716;901;906;FONTAINE DE VAUCLUSE 1
V615502001;2013-02-10;7913;7854;7955;844;848;FONTAINE DE VAUCLUSE 1
V615502001;2013-02-11;7576;7473;7623;824;830;FONTAINE DE VAUCLUSE 1
V615502001;2013-03-01;19985;19566;20357;1147;1164;FONTAINE DE VAUCLUSE 1
V615502001;2013-03-02;19102;19016;19240;1135;1140;FONTAINE DE VAUCLUSE 1
V615502001;2013-03-03;14893;14863;14979;1035;1038;FONTAINE DE VAUCLUSE 1
V615502001;2013-03-04;52169;51394;52643;1545;1558;FONTAINE DE VAUCLUSE 1
V615502001;2013-03-05;46955;46299;47356;1492;1503;FONTAINE DE VAUCLUSE 1
V615502001;2013-03-06;34656;33385;35782;1353;1380;FONTAINE DE VAUCLUSE 1
V615502001;2013-03-07;17368;17245;17455;1093;1098;FONTAINE DE VAUCLUSE 1
V615502001;2013-03-08;13627;13534;13770;1001;1007;FONTAINE DE VAUCLUSE 1
V615502001;2013-03-09;9534;9419;9617;897;903;FONTAINE DE VAUCLUSE 1
V615502001;2013-03-10;7816;7728;7904;839;846;FONTAINE DE VAUCLUSE 1
V615502001;2013-03-11;7380;7277;7500;816;825;FONTAINE DE VAUCLUSE 1
V615502001;2013-04-01;19381;19193;19566;1139;1147;FONTAINE DE VAUCLUSE 1
V615502001;2013-04-02;18981;18889;19058;1132;1136;FONTAINE DE VAUCLUSE 1
V615502001;2013-04-03;14881;14824;14948;1034;1037;FONTAINE DE VAUCLUSE 1
V615502001;2013-04-04;50609;49663;51394;1527;1545;FONTAINE DE VAUCLUSE 1
V615502001;2013-04-05;45704;44857;46299;1477;1492;FONTAINE DE VAUCLUSE 1
V615502001;2013-04-06;32594;31521;33385;1332;1353;FONTAINE DE VAUCLUSE 1
V615502001;2013-04-07;17198;17034;17287;1088;1094;FONTAINE DE VAUCLUSE 1
V615502001;2013-04-08;13433;13336;13534;996;1001;FONTAINE DE VAUCLUSE 1
V615502001;2013-04-09;9429;9366;9490;896;900;FONTAINE DE VAUCLUSE 1
V615502001;2013-04-10;7756;7678;7804;837;842;FONTAINE DE VAUCLUSE 1
V615502001;2013-04-11;7352;7278;7433;816;822;FONTAINE DE VAUCLUSE 1
V615502001;2013-05-01;19104;18973;19193;1134;1139;FONTAINE DE VAUCLUSE 1
V615502001;2013-05-02;18822;18720;18889;1128;1132;FONTAINE DE VAUCLUSE 1
V615502001;2013-05-03;15106;14948;15251;1037;1045;FONTAINE DE VAUCLUSE 1
V615502001;2013-05-04;48846;47741;49663;1507;1527;FONTAINE DE VAUCLUSE 1
V615502001;2013-05-05;44017;43030;44857;1458;1477;FONTAINE DE VAUCLUSE 1
V615502001;2013-05-06;30862;30057;31610;1314;1333;FONTAINE DE VAUCLUSE 1
V615502001;2013-05-07;16965;16781;17034;1082;1088;FONTAINE DE VAUCLUSE 1
V615502001;2013-05-08;13240;13139;13336;991;996;FONTAINE DE VAUCLUSE 1
V615502001;2013-05-09;9350;9253;9407;893;898;FONTAINE DE VAUCLUSE 1
V615502001;2013-05-10;7779;7678;7904;837;846;FONTAINE DE VAUCLUSE 1
V615502001;2013-05-11;7352;7263;7461;815;823;FONTAINE DE VAUCLUSE 1
V615502001;2013-06-01;18874;18720;18973;1128;1134;FONTAINE DE VAUCLUSE 1
V615502001;2013-06-02;18666;18552;18720;1124;1128;FONTAINE DE VAUCLUSE 1
V615502001;2013-06-03;16225;15251;17751;1045;1105;FONTAINE DE VAUCLUSE 1
V615502001;2013-06-04;46759;45433;47741;1483;1507;FONTAINE DE VAUCLUSE 1
V615502001;2013-06-05;42169;41107;43030;1438;1458;FONTAINE DE VAUCLUSE 1
V615502001;2013-06-06;29546;28831;30057;1298;1314;FONTAINE DE VAUCLUSE 1
V615502001;2013-06-07;16735;16528;16823;1076;1083;FONTAINE DE VAUCLUSE 1
V615502001;2013-06-08;13053;12981;13178;987;992;FONTAINE DE VAUCLUSE 1
V615502001;2013-06-09;9283;9200;9354;892;897;FONTAINE DE VAUCLUSE 1
V615502001;2013-06-10;8048;7904;8100;846;853;FONTAINE DE VAUCLUSE 1
V615502001;2013-06-11;7307;7239;7394;814;820;FONTAINE DE VAUCLUSE 1
V615502001;2013-07-01;18625;18467;18763;1122;1129;FONTAINE DE VAUCLUSE 1
V615502001;2013-07-02;18482;18341;18594;1119;1125;FONTAINE DE VAUCLUSE 1
V615502001;2013-07-03;22185;17751;29368;1105;1305;FONTAINE DE VAUCLUSE 1
V615502001;2013-07-04;44336;42934;45433;1457;1483;FONTAINE DE VAUCLUSE 1
V615502001;2013-07-05;40102;38800;41107;1414;1438;FONTAINE DE VAUCLUSE 1
V615502001;2013-07-06;28407;27758;28831;1284;1298;FONTAINE DE VAUCLUSE 1
V615502001;2013-07-07;16504;16317;16612;1071;1078;FONTAINE DE VAUCLUSE 1
V615502001;2013-07-08;12908;12784;13133;982;991;FONTAINE DE VAUCLUSE 1
V615502001;2013-07-09;9187;9117;9229;890;893;FONTAINE DE VAUCLUSE 1
V615502001;2013-07-10;7979;7904;8040;846;851;FONTAINE DE VAUCLUSE 1
V615502001;2013-07-11;7344;7294;7399;816;820;FONTAINE DE VAUCLUSE 1
V615502001;2013-08-01;18381;18214;18467;1116;1122;FONTAINE DE VAUCLUSE 1
V615502001;2013-08-02;18277;18130;18383;1114;1120;FONTAINE DE VAUCLUSE 1
V615502001;2013-08-03;34613;29368;40530;1305;1432;FONTAINE DE VAUCLUSE 1
V615502001;2013-08-04;41782;40338;42934;1430;1457;FONTAINE DE VAUCLUSE 1
V615502001;2013-08-05;37922;36758;38800;1391;1414;FONTAINE DE VAUCLUSE 1
V615502001;2013-08-06;27345;26762;27758;1271;1284;FONTAINE DE VAUCLUSE 1
V615502001;2013-08-07;16307;16190;16359;1068;1072;FONTAINE DE VAUCLUSE 1
V615502001;2013-08-08;12922;12822;13091;983;990;FONTAINE DE VAUCLUSE 1
V615502001;2013-08-09;9117;9065;9171;889;892;FONTAINE DE VAUCLUSE 1
V615502001;2013-08-10;7864;7779;7930;841;847;FONTAINE DE VAUCLUSE 1
V615502001;2013-08-11;7346;7279;7406;815;820;FONTAINE DE VAUCLUSE 1
V615502001;2013-09-01;18140;18004;18214;1111;1116;FONTAINE DE VAUCLUSE 1
V615502001;2013-09-02;18028;17877;18130;1108;1114;FONTAINE DE VAUCLUSE 1
V615502001;2013-09-03;44097;40530;45818;1432;1487;FONTAINE DE VAUCLUSE 1
V615502001;2013-09-04;39315;38179;40338;1407;1430;FONTAINE DE VAUCLUSE 1
V615502001;2013-09-05;35819;34628;36758;1367;1391;FONTAINE DE VAUCLUSE 1
V615502001;2013-09-06;26427;25843;26762;1259;1271;FONTAINE DE VAUCLUSE 1
V615502001;2013-09-07;16233;16148;16359;1067;1072;FONTAINE DE VAUCLUSE 1
V615502001;2013-09-08;13112;13012;13204;988;993;FONTAINE DE VAUCLUSE 1
V615502001;2013-09-09;9179;9093;9254;890;896;FONTAINE DE VAUCLUSE 1
V615502001;2013-09-10;7779;7703;7829;838;843;FONTAINE DE VAUCLUSE 1
V615502001;2013-09-11;7581;7331;7890;817;839;FONTAINE DE VAUCLUSE 1
V615502001;2013-10-01;17937;17793;18046;1106;1112;FONTAINE DE VAUCLUSE 1
V615502001;2013-10-02;17797;17666;17877;1103;1108;FONTAINE DE VAUCLUSE 1
V615502001;2013-10-03;46088;45818;46395;1487;1493;FONTAINE DE VAUCLUSE 1
V615502001;2013-10-04;37113;35871;38179;1381;1407;FONTAINE DE VAUCLUSE 1
V615502001;2013-10-05;33709;32587;34628;1344;1367;FONTAINE DE VAUCLUSE 1
V615502001;2013-10-06;25538;25000;25843;1248;1259;FONTAINE DE VAUCLUSE 1
V615502001;2013-10-07;16586;16317;16739;1071;1081;FONTAINE DE VAUCLUSE 1
V615502001;2013-10-08;13061;12929;13125;986;991;FONTAINE DE VAUCLUSE 1
V615502001;2013-10-09;9105;8987;9159;888;893;FONTAINE DE VAUCLUSE 1
V615502001;2013-10-10;7678;7653;7728;836;839;FONTAINE DE VAUCLUSE 1
V615502001;2013-10-11;8118;7890;8269;839;852;FONTAINE DE VAUCLUSE 1
V615502001;2013-11-01;17731;17582;17835;1101;1107;FONTAINE DE VAUCLUSE 1
V615502001;2013-11-02;17552;17413;17666;1097;1103;FONTAINE DE VAUCLUSE 1
V615502001;2013-11-03;45712;45241;46010;1481;1489;FONTAINE DE VAUCLUSE 1
V615502001;2013-11-04;34920;33740;35871;1357;1381;FONTAINE DE VAUCLUSE 1
V615502001;2013-11-05;31717;30747;32587;1323;1344;FONTAINE DE VAUCLUSE 1
V615502001;2013-11-06;24753;24275;25000;1236;1248;FONTAINE DE VAUCLUSE 1
V615502001;2013-11-07;16706;16570;16823;1077;1083;FONTAINE DE VAUCLUSE 1
V615502001;2013-11-08;12886;12732;12967;981;987;FONTAINE DE VAUCLUSE 1
V615502001;2013-11-09;8966;8878;9012;885;889;FONTAINE DE VAUCLUSE 1
V615502001;2013-11-10;7588;7527;7678;831;837;FONTAINE DE VAUCLUSE 1
V615502001;2013-11-11;8982;8269;9411;852;890;FONTAINE DE VAUCLUSE 1
V615502002;2002-04-04;8414;8414;8414;3310;3310;FONTAINE DE VAUCLUSE 2
V615502002;2002-04-05;14788;12424;16861;8007;15302;FONTAINE DE VAUCLUSE 2
V615502002;2002-04-06;13360;13303;13417;9254;9425;FONTAINE DE VAUCLUSE 2
V615502002;2002-04-07;8192;8159;8226;3037;3108;FONTAINE DE VAUCLUSE 2
V615502002;2002-04-08;6595;6576;6613;1500;1533;FONTAINE DE VAUCLUSE 2
V615502002;2002-04-09;8374;7939;9289;2800;4250;FONTAINE DE VAUCLUSE 2
V615502002;2002-04-10;11489;11331;11743;6650;7162;FONTAINE DE VAUCLUSE 2
V615502002;2002-04-11;10100;9979;10213;4991;5261;FONTAINE DE VAUCLUSE 2
V615502002;2002-04-12;68300;66966;69633;23457;23504;FONTAINE DE VAUCLUSE 2
V615502002;2002-05-04;8414;8414;8414;3310;3310;FONTAINE DE VAUCLUSE 2
V615502002;2002-05-05;18746;16861;20681;15302;21629;FONTAINE DE VAUCLUSE 2
V615502002;2002-05-06;13246;13189;13303;9083;9254;FONTAINE DE VAUCLUSE 2
V615502002;2002-05-07;8126;8093;8159;2966;3037;FONTAINE DE VAUCLUSE 2
V615502002;2002-05-08;6558;6540;6576;1466;1500;FONTAINE DE VAUCLUSE 2
V615502002;2002-05-09;10959;9289;13247;4250;9170;FONTAINE DE VAUCLUSE 2
V615502002;2002-05-10;11216;11101;11331;6364;6650;FONTAINE DE VAUCLUSE 2
V615502002;2002-05-11;9854;9728;9979;4721;4991;FONTAINE DE VAUCLUSE 2
V615502002;2002-05-12;65710;64314;66966;23401;23457;FONTAINE DE VAUCLUSE 2
V615502002;2002-06-04;8398;8306;8414;3194;3310;FONTAINE DE VAUCLUSE 2
V615502002;2002-06-05;20914;20681;21196;21629;21837;FONTAINE DE VAUCLUSE 2
V615502002;2002-06-06;13132;13075;13189;8912;9083;FONTAINE DE VAUCLUSE 2
V615502002;2002-06-07;8060;8027;8093;2894;2966;FONTAINE DE VAUCLUSE 2
V615502002;2002-06-08;6522;6504;6540;1433;1466;FONTAINE DE VAUCLUSE 2
V615502002;2002-06-09;14838;13247;15724;9170;13162;FONTAINE DE VAUCLUSE 2
V615502002;2002-06-10;10986;10871;11101;6079;6364;FONTAINE DE VAUCLUSE 2
V615502002;2002-06-11;9602;9476;9728;4451;4721;FONTAINE DE VAUCLUSE 2
V615502002;2002-06-12;62777;61239;64314;23334;23401;FONTAINE DE VAUCLUSE 2
V615502002;2002-07-04;8134;8032;8306;2900;3194;FONTAINE DE VAUCLUSE 2
V615502002;2002-07-05;21203;20587;21529;21581;21950;FONTAINE DE VAUCLUSE 2
V615502002;2002-07-06;13109;13033;13248;8850;9172;FONTAINE DE VAUCLUSE 2
V615502002;2002-07-07;7994;7961;8027;2823;2894;FONTAINE DE VAUCLUSE 2
V615502002;2002-07-08;6486;6466;6504;1398;1433;FONTAINE DE VAUCLUSE 2
V615502002;2002-07-09;15952;15657;16222;13037;14100;FONTAINE DE VAUCLUSE 2
V615502002;2002-07-10;10756;10641;10871;5793;6079;FONTAINE DE VAUCLUSE 2
V615502002;2002-07-11;9351;9225;9476;4181;4451;FONTAINE DE VAUCLUSE 2
V615502002;2002-07-12;59701;58164;61239;23267;23334;FONTAINE DE VAUCLUSE 2
V615502002;2002-08-04;8032;8032;8032;2900;2900;FONTAINE DE VAUCLUSE 2
V615502002;2002-08-05;19995;19592;20587;20777;21581;FONTAINE DE VAUCLUSE 2
V615502002;2002-08-06;13405;13248;13506;9172;9560;FONTAINE DE VAUCLUSE 2
V615502002;2002-08-07;7928;7895;7961;2752;2823;FONTAINE DE VAUCLUSE 2
V615502002;2002-08-08;6347;6247;6466;1195;1398;FONTAINE DE VAUCLUSE 2
V615502002;2002-08-09;15197;14691;15657;11337;13037;FONTAINE DE VAUCLUSE 2
V615502002;2002-08-10;10526;10411;10641;5507;5793;FONTAINE DE VAUCLUSE 2
V615502002;2002-08-11;9123;9049;9225;3992;4181;FONTAINE DE VAUCLUSE 2
V615502002;2002-08-12;56626;55089;58164;23200;23267;FONTAINE DE VAUCLUSE 2
V615502002;2002-09-04;8216;8032;8468;2900;3368;FONTAINE DE VAUCLUSE 2
V615502002;2002-09-05;19415;19276;19592;20230;20777;FONTAINE DE VAUCLUSE 2
V615502002;2002-09-06;13448;13408;13488;9413;9532;FONTAINE DE VAUCLUSE 2
V615502002;2002-09-07;7861;7828;7895;2681;2752;FONTAINE DE VAUCLUSE 2
V615502002;2002-09-08;6225;6202;6247;1153;1195;FONTAINE DE VAUCLUSE 2
V615502002;2002-09-09;15787;14506;17430;11060;16405;FONTAINE DE VAUCLUSE 2
V615502002;2002-09-10;10559;10325;11022;5400;6266;FONTAINE DE VAUCLUSE 2
V615502002;2002-09-11;8984;8919;9049;3852;3992;FONTAINE DE VAUCLUSE 2
V615502002;2002-09-12;53551;52014;55089;23133;23200;FONTAINE DE VAUCLUSE 2
V615502002;2002-10-04;8726;8468;8984;3368;3923;FONTAINE DE VAUCLUSE 2
V615502002;2002-10-05;19400;19171;19975;20020;21202;FONTAINE DE VAUCLUSE 2
V615502002;2002-10-06;13368;13329;13408;9293;9413;FONTAINE DE VAUCLUSE 2
V615502002;2002-10-07;7795;7762;7828;2610;2681;FONTAINE DE VAUCLUSE 2
V615502002;2002-10-08;6179;6156;6202;1111;1153;FONTAINE DE VAUCLUSE 2
V615502002;2002-10-09;18708;17430;19838;16405;21050;FONTAINE DE VAUCLUSE 2
V615502002;2002-10-10;11579;11022;12137;6266;7651;FONTAINE DE VAUCLUSE 2
V615502002;2002-10-11;8860;8808;8919;3733;3852;FONTAINE DE VAUCLUSE 2
V615502002;2002-10-12;50590;49572;52014;23080;23133;FONTAINE DE VAUCLUSE 2
V615502002;2002-11-04;9242;8984;9501;3923;4477;FONTAINE DE VAUCLUSE 2
V615502002;2002-11-05;24177;19975;28606;21202;22399;FONTAINE DE VAUCLUSE 2
V615502002;2002-11-06;13289;13249;13329;9174;9293;FONTAINE DE VAUCLUSE 2
V615502002;2002-11-07;7729;7696;7762;2539;2610;FONTAINE DE VAUCLUSE 2
V615502002;2002-11-08;6134;6111;6156;1070;1111;FONTAINE DE VAUCLUSE 2
V615502002;2002-11-09;25717;19838;28633;21050;22400;FONTAINE DE VAUCLUSE 2
V615502002;2002-11-10;12619;12137;12992;7651;8789;FONTAINE DE VAUCLUSE 2
V615502002;2002-11-11;8758;8709;8808;3627;3733;FONTAINE DE VAUCLUSE 2
V615502002;2002-11-12;48917;48262;49572;23051;23080;FONTAINE DE VAUCLUSE 2
V615502002;2002-12-04;9609;9501;9624;4477;4610;FONTAINE DE VAUCLUSE 2
V615502002;2002-12-05;30972;28606;32816;22399;22560;FONTAINE DE VAUCLUSE 2
V615502002;2002-12-06;13209;13169;13249;9054;9174;FONTAINE DE VAUCLUSE 2
V615502002;2002-12-07;7661;7623;7696;2468;2539;FONTAINE DE VAUCLUSE 2
V615502002;2002-12-08;6088;6066;6111;1028;1070;FONTAINE DE VAUCLUSE 2
V615502002;2002-12-09;26675;25777;27490;22268;22356;FONTAINE DE VAUCLUSE 2
V615502002;2002-12-10;13123;12992;13240;8789;9160;FONTAINE DE VAUCLUSE 2
V615502002;2002-12-11;8659;8609;8709;3520;3627;FONTAINE DE VAUCLUSE 2
V615502002;2002-12-12;47591;46825;48262;23020;23051;FONTAINE DE VAUCLUSE 2
V615502002;2003-01-01;40212;39973;40450;22819;22834;FONTAINE DE VAUCLUSE 2
V615502002;2003-01-02;36525;35606;37444;22667;22737;FONTAINE DE VAUCLUSE 2
V615502002;2003-01-03;19326;19326;19326;20330;20330;FONTAINE DE VAUCLUSE 2
V615502002;2003-01-04;15800;15740;15859;13194;13417;FONTAINE DE VAUCLUSE 2
V615502002;2003-01-05;20076;19870;20383;21086;21480;FONTAINE DE VAUCLUSE 2
V615502002;2003-01-06;13260;13180;13340;9070;9310;FONTAINE DE VAUCLUSE 2
V615502002;2003-01-07;9243;9243;9243;4200;4200;FONTAINE DE VAUCLUSE 2
V615502002;2003-01-08;7753;7753;7753;2600;2600;FONTAINE DE VAUCLUSE 2
V615502002;2003-01-09;6524;6523;6530;1450;1457;FONTAINE DE VAUCLUSE 2
V615502002;2003-01-10;9522;9522;9522;4500;4500;FONTAINE DE VAUCLUSE 2
V615502002;2003-01-11;17495;15859;19062;13417;19805;FONTAINE DE VAUCLUSE 2
V615502002;2003-01-12;48011;40637;56702;22840;23235;FONTAINE DE VAUCLUSE 2
V615502002;2003-02-01;39958;38589;40629;22775;22840;FONTAINE DE VAUCLUSE 2
V615502002;2003-02-02;34686;33767;35606;22596;22667;FONTAINE DE VAUCLUSE 2
V615502002;2003-02-03;19298;19235;19326;20148;20330;FONTAINE DE VAUCLUSE 2
V615502002;2003-02-04;15699;15681;15740;13082;13194;FONTAINE DE VAUCLUSE 2
V615502002;2003-02-05;19678;19459;19870;20594;21086;FONTAINE DE VAUCLUSE 2
V615502002;2003-02-06;13104;13034;13180;8851;9070;FONTAINE DE VAUCLUSE 2
V615502002;2003-02-07;9233;9212;9243;4168;4200;FONTAINE DE VAUCLUSE 2
V615502002;2003-02-08;7753;7753;7753;2600;2600;FONTAINE DE VAUCLUSE 2
V615502002;2003-02-09;6517;6506;6523;1434;1450;FONTAINE DE VAUCLUSE 2
V615502002;2003-02-10;9323;8885;9522;3816;4500;FONTAINE DE VAUCLUSE 2
V615502002;2003-02-11;23903;19062;27925;19805;22373;FONTAINE DE VAUCLUSE 2
V615502002;2003-02-12;69573;56702;81362;23235;23710;FONTAINE DE VAUCLUSE 2
V615502002;2003-03-01;37085;35695;38589;22670;22775;FONTAINE DE VAUCLUSE 2
V615502002;2003-03-02;32696;31444;33767;22508;22596;FONTAINE DE VAUCLUSE 2
V615502002;2003-03-03;19162;19089;19235;19858;20148;FONTAINE DE VAUCLUSE 2
V615502002;2003-03-04;15669;15656;15681;13036;13082;FONTAINE DE VAUCLUSE 2
V615502002;2003-03-05;19320;19212;19459;20102;20594;FONTAINE DE VAUCLUSE 2
V615502002;2003-03-06;12965;12896;13034;8644;8851;FONTAINE DE VAUCLUSE 2
V615502002;2003-03-07;9188;9164;9212;4116;4168;FONTAINE DE VAUCLUSE 2
V615502002;2003-03-08;7753;7753;7753;2600;2600;FONTAINE DE VAUCLUSE 2
V615502002;2003-03-09;6492;6479;6506;1409;1434;FONTAINE DE VAUCLUSE 2
V615502002;2003-03-10;8463;8221;8885;3103;3816;FONTAINE DE VAUCLUSE 2
V615502002;2003-03-11;31541;27925;35157;22373;22650;FONTAINE DE VAUCLUSE 2
V615502002;2003-03-12;78587;77949;80082;23650;23688;FONTAINE DE VAUCLUSE 2
V615502002;2003-04-01;34490;33725;35695;22595;22670;FONTAINE DE VAUCLUSE 2
V615502002;2003-04-02;30562;30191;31444;22460;22508;FONTAINE DE VAUCLUSE 2
V615502002;2003-04-03;19016;18943;19089;19567;19858;FONTAINE DE VAUCLUSE 2
V615502002;2003-04-04;15644;15632;15656;12991;13036;FONTAINE DE VAUCLUSE 2
V615502002;2003-04-05;19112;19013;19212;19706;20102;FONTAINE DE VAUCLUSE 2
V615502002;2003-04-06;12827;12759;12896;8438;8644;FONTAINE DE VAUCLUSE 2
V615502002;2003-04-07;9140;9116;9164;4064;4116;FONTAINE DE VAUCLUSE 2
V615502002;2003-04-08;7753;7753;7753;2600;2600;FONTAINE DE VAUCLUSE 2
V615502002;2003-04-09;6465;6452;6479;1384;1409;FONTAINE DE VAUCLUSE 2
V615502002;2003-04-10;8072;7923;8221;2783;3103;FONTAINE DE VAUCLUSE 2
V615502002;2003-04-11;37083;35157;38755;22650;22780;FONTAINE DE VAUCLUSE 2
V615502002;2003-04-12;79085;78612;79418;23662;23676;FONTAINE DE VAUCLUSE 2
V615502002;2003-05-01;33256;32787;33725;22559;22595;FONTAINE DE VAUCLUSE 2
V615502002;2003-05-02;29973;29755;30191;22443;22460;FONTAINE DE VAUCLUSE 2
V615502002;2003-05-03;18870;18797;18943;19276;19567;FONTAINE DE VAUCLUSE 2
V615502002;2003-05-04;15620;15608;15632;12946;12991;FONTAINE DE VAUCLUSE 2
V615502002;2003-05-05;18913;18814;19013;19310;19706;FONTAINE DE VAUCLUSE 2
V615502002;2003-05-06;12685;12605;12759;8232;8438;FONTAINE DE VAUCLUSE 2
V615502002;2003-05-07;9091;9067;9116;4012;4064;FONTAINE DE VAUCLUSE 2
V615502002;2003-05-08;7753;7753;7753;2600;2600;FONTAINE DE VAUCLUSE 2
V615502002;2003-05-09;6438;6425;6452;1359;1384;FONTAINE DE VAUCLUSE 2
V615502002;2003-05-10;7774;7618;7923;2463;2783;FONTAINE DE VAUCLUSE 2
V615502002;2003-05-11;33333;30788;35877;22482;22677;FONTAINE DE VAUCLUSE 2
V615502002;2003-05-12;79606;79418;79655;23676;23680;FONTAINE DE VAUCLUSE 2
V615502002;2003-06-01;32318;31849;32787;22523;22559;FONTAINE DE VAUCLUSE 2
V615502002;2003-06-02;29537;29319;29755;22426;22443;FONTAINE DE VAUCLUSE 2
V615502002;2003-06-03;18766;18754;18797;19190;19276;FONTAINE DE VAUCLUSE 2
V615502002;2003-06-04;15596;15584;15608;12900;12946;FONTAINE DE VAUCLUSE 2
V615502002;2003-06-05;18714;18615;18814;18914;19310;FONTAINE DE VAUCLUSE 2
V615502002;2003-06-06;12521;12438;12605;8025;8232;FONTAINE DE VAUCLUSE 2
V615502002;2003-06-07;9043;9019;9067;3960;4012;FONTAINE DE VAUCLUSE 2
V615502002;2003-06-08;7753;7753;7753;2600;2600;FONTAINE DE VAUCLUSE 2
V615502002;2003-06-09;6397;6354;6425;1294;1359;FONTAINE DE VAUCLUSE 2
V615502002;2003-06-10;7445;7272;7618;2143;2463;FONTAINE DE VAUCLUSE 2
V615502002;2003-06-11;28315;26155;30788;22288;22482;FONTAINE DE VAUCLUSE 2
V615502002;2003-06-12;79655;79655;79655;23680;23680;FONTAINE DE VAUCLUSE 2
V615502002;2003-07-01;31359;30791;31849;22483;22523;FONTAINE DE VAUCLUSE 2
V615502002;2003-07-02;29008;28584;29319;22398;22426;FONTAINE DE VAUCLUSE 2
V615502002;2003-07-03;18781;18770;18793;19222;19268;FONTAINE DE VAUCLUSE 2
V615502002;2003-07-04;15572;15560;15584;12855;12900;FONTAINE DE VAUCLUSE 2
V615502002;2003-07-05;18512;18384;18615;18426;18914;FONTAINE DE VAUCLUSE 2
V615502002;2003-07-06;12355;12272;12438;7819;8025;FONTAINE DE VAUCLUSE 2
V615502002;2003-07-07;8995;8970;9019;3908;3960;FONTAINE DE VAUCLUSE 2
V615502002;2003-07-08;7753;7753;7753;2600;2600;FONTAINE DE VAUCLUSE 2
V615502002;2003-07-09;6318;6299;6354;1244;1294;FONTAINE DE VAUCLUSE 2
V615502002;2003-07-10;7121;7020;7272;1910;2143;FONTAINE DE VAUCLUSE 2
V615502002;2003-07-11;24432;23018;26155;22093;22288;FONTAINE DE VAUCLUSE 2
V615502002;2003-07-12;79241;78233;79655;23655;23680;FONTAINE DE VAUCLUSE 2
V615502002;2003-08-01;30153;29515;30791;22434;22483;FONTAINE DE VAUCLUSE 2
V615502002;2003-08-02;28127;27669;28584;22363;22398;FONTAINE DE VAUCLUSE 2
V615502002;2003-08-03;18801;18793;18809;19268;19300;FONTAINE DE VAUCLUSE 2
V615502002;2003-08-04;15548;15536;15560;12809;12855;FONTAINE DE VAUCLUSE 2
V615502002;2003-08-05;18238;18092;18384;17808;18426;FONTAINE DE VAUCLUSE 2
V615502002;2003-08-06;12189;12106;12272;7612;7819;FONTAINE DE VAUCLUSE 2
V615502002;2003-08-07;8946;8922;8970;3856;3908;FONTAINE DE VAUCLUSE 2
V615502002;2003-08-08;7753;7753;7753;2600;2600;FONTAINE DE VAUCLUSE 2
V615502002;2003-08-09;6285;6271;6299;1217;1244;FONTAINE DE VAUCLUSE 2
V615502002;2003-08-10;6948;6877;7020;1778;1910;FONTAINE DE VAUCLUSE 2
V615502002;2003-08-11;22643;22148;23210;22020;22109;FONTAINE DE VAUCLUSE 2
V615502002;2003-08-12;77014;75795;78233;23612;23655;FONTAINE DE VAUCLUSE 2
V615502002;2003-09-01;28878;28240;29515;22385;22434;FONTAINE DE VAUCLUSE 2
V615502002;2003-09-02;27289;27007;27669;22333;22363;FONTAINE DE VAUCLUSE 2
V615502002;2003-09-03;18752;18697;18794;19078;19270;FONTAINE DE VAUCLUSE 2
V615502002;2003-09-04;15524;15512;15536;12764;12809;FONTAINE DE VAUCLUSE 2
V615502002;2003-09-05;17946;17800;18092;17189;17808;FONTAINE DE VAUCLUSE 2
V615502002;2003-09-06;12023;11940;12106;7406;7612;FONTAINE DE VAUCLUSE 2
V615502002;2003-09-07;8898;8874;8922;3804;3856;FONTAINE DE VAUCLUSE 2
V615502002;2003-09-08;7753;7753;7753;2600;2600;FONTAINE DE VAUCLUSE 2
V615502002;2003-09-09;6256;6242;6271;1191;1217;FONTAINE DE VAUCLUSE 2
V615502002;2003-09-10;6806;6735;6877;1646;1778;FONTAINE DE VAUCLUSE 2
V615502002;2003-09-11;24230;23210;25483;22109;22252;FONTAINE DE VAUCLUSE 2
V615502002;2003-09-12;74492;72686;75795;23558;23612;FONTAINE DE VAUCLUSE 2
V615502002;2003-10-01;27615;27060;28240;22336;22385;FONTAINE DE VAUCLUSE 2
V615502002;2003-10-02;26758;26509;27007;22307;22333;FONTAINE DE VAUCLUSE 2
V615502002;2003-10-03;18654;18626;18697;18936;19078;FONTAINE DE VAUCLUSE 2
V615502002;2003-10-04;15928;15510;16429;12760;14490;FONTAINE DE VAUCLUSE 2
V615502002;2003-10-05;17678;17571;17800;16703;17189;FONTAINE DE VAUCLUSE 2
V615502002;2003-10-06;11856;11773;11940;7199;7406;FONTAINE DE VAUCLUSE 2
V615502002;2003-10-07;8849;8825;8874;3752;3804;FONTAINE DE VAUCLUSE 2
V615502002;2003-10-08;7753;7753;7753;2600;2600;FONTAINE DE VAUCLUSE 2
V615502002;2003-10-09;6228;6214;6242;1164;1191;FONTAINE DE VAUCLUSE 2
V615502002;2003-10-10;6663;6592;6735;1514;1646;FONTAINE DE VAUCLUSE 2
V615502002;2003-10-11;26869;25483;28485;22252;22394;FONTAINE DE VAUCLUSE 2
V615502002;2003-10-12;70997;70553;72686;23520;23558;FONTAINE DE VAUCLUSE 2
V615502002;2003-11-01;26619;26256;27060;22293;22336;FONTAINE DE VAUCLUSE 2
V615502002;2003-11-02;26260;26011;26509;22280;22307;FONTAINE DE VAUCLUSE 2
V615502002;2003-11-03;18602;18579;18626;18839;18936;FONTAINE DE VAUCLUSE 2
V615502002;2003-11-04;16933;16429;17423;14490;16389;FONTAINE DE VAUCLUSE 2
V615502002;2003-11-05;17465;17359;17571;16255;16703;FONTAINE DE VAUCLUSE 2
V615502002;2003-11-06;11688;11596;11773;6979;7199;FONTAINE DE VAUCLUSE 2
V615502002;2003-11-07;8801;8777;8825;3700;3752;FONTAINE DE VAUCLUSE 2
V615502002;2003-11-08;7750;7734;7753;2579;2600;FONTAINE DE VAUCLUSE 2
V615502002;2003-11-09;6199;6185;6214;1138;1164;FONTAINE DE VAUCLUSE 2
V615502002;2003-11-10;6521;6450;6592;1383;1514;FONTAINE DE VAUCLUSE 2
V615502002;2003-11-11;30235;28485;31509;22394;22510;FONTAINE DE VAUCLUSE 2
V615502002;2003-11-12;70450;69728;70553;23506;23520;FONTAINE DE VAUCLUSE 2
V615502002;2003-12-01;26008;25760;26256;22267;22293;FONTAINE DE VAUCLUSE 2
V615502002;2003-12-02;25648;25147;26011;22234;22280;FONTAINE DE VAUCLUSE 2
V615502002;2003-12-03;18556;18532;18579;18741;18839;FONTAINE DE VAUCLUSE 2
V615502002;2003-12-04;17871;17423;18319;16389;18289;FONTAINE DE VAUCLUSE 2
V615502002;2003-12-05;17247;17129;17359;15807;16255;FONTAINE DE VAUCLUSE 2
V615502002;2003-12-06;11501;11405;11596;6742;6979;FONTAINE DE VAUCLUSE 2
V615502002;2003-12-07;8753;8728;8777;3648;3700;FONTAINE DE VAUCLUSE 2
V615502002;2003-12-08;7697;7660;7734;2502;2579;FONTAINE DE VAUCLUSE 2
V615502002;2003-12-09;6171;6157;6185;1112;1138;FONTAINE DE VAUCLUSE 2
V615502002;2003-12-10;6379;6307;6450;1251;1383;FONTAINE DE VAUCLUSE 2
V615502002;2003-12-11;29654;28308;31000;22388;22491;FONTAINE DE VAUCLUSE 2
V615502002;2003-12-12;68078;66428;69728;23448;23506;FONTAINE DE VAUCLUSE 2
V615502002;2004-01-01;28296;27906;28686;22372;22402;FONTAINE DE VAUCLUSE 2
V615502002;2004-01-02;20011;19793;20753;21000;21664;FONTAINE DE VAUCLUSE 2
V615502002;2004-01-03;38431;37445;39444;22737;22802;FONTAINE DE VAUCLUSE 2
V615502002;2004-01-04;16907;16760;17253;15113;16041;FONTAINE DE VAUCLUSE 2
V615502002;2004-01-05;15771;14683;16804;11325;15195;FONTAINE DE VAUCLUSE 2
V615502002;2004-01-06;13366;13268;13464;9202;9496;FONTAINE DE VAUCLUSE 2
V615502002;2004-01-07;9187;9152;9223;4102;4179;FONTAINE DE VAUCLUSE 2
V615502002;2004-01-08;7326;7301;7351;2170;2216;FONTAINE DE VAUCLUSE 2
V615502002;2004-01-09;6731;6690;6778;1605;1686;FONTAINE DE VAUCLUSE 2
V615502002;2004-01-10;5699;5689;5709;686;704;FONTAINE DE VAUCLUSE 2
V615502002;2004-01-11;27367;25080;29287;22230;22425;FONTAINE DE VAUCLUSE 2
V615502002;2004-01-12;8681;8617;8745;3528;3665;FONTAINE DE VAUCLUSE 2
V615502002;2004-02-01;27522;27176;27906;22342;22372;FONTAINE DE VAUCLUSE 2
V615502002;2004-02-02;19973;19888;20039;21105;21272;FONTAINE DE VAUCLUSE 2
V615502002;2004-02-03;36444;35228;37445;22652;22737;FONTAINE DE VAUCLUSE 2
V615502002;2004-02-04;16684;16608;16760;14827;15113;FONTAINE DE VAUCLUSE 2
V615502002;2004-02-05;17766;16804;18691;15195;19065;FONTAINE DE VAUCLUSE 2
V615502002;2004-02-06;13169;13071;13268;8907;9202;FONTAINE DE VAUCLUSE 2
V615502002;2004-02-07;9116;9080;9152;4026;4102;FONTAINE DE VAUCLUSE 2
V615502002;2004-02-08;7276;7251;7301;2123;2170;FONTAINE DE VAUCLUSE 2
V615502002;2004-02-09;6652;6615;6690;1535;1605;FONTAINE DE VAUCLUSE 2
V615502002;2004-02-10;5679;5669;5689;668;686;FONTAINE DE VAUCLUSE 2
V615502002;2004-02-11;30986;29287;32685;22425;22555;FONTAINE DE VAUCLUSE 2
V615502002;2004-02-12;8565;8538;8617;3443;3528;FONTAINE DE VAUCLUSE 2
V615502002;2004-03-01;26881;26488;27176;22306;22342;FONTAINE DE VAUCLUSE 2
V615502002;2004-03-02;20110;20039;20216;21272;21398;FONTAINE DE VAUCLUSE 2
V615502002;2004-03-03;33934;32640;35228;22553;22652;FONTAINE DE VAUCLUSE 2
V615502002;2004-03-04;16532;16456;16608;14541;14827;FONTAINE DE VAUCLUSE 2
V615502002;2004-03-05;19617;18691;20422;19065;21500;FONTAINE DE VAUCLUSE 2
V615502002;2004-03-06;12973;12875;13071;8612;8907;FONTAINE DE VAUCLUSE 2
V615502002;2004-03-07;9044;9009;9080;3949;4026;FONTAINE DE VAUCLUSE 2
V615502002;2004-03-08;7230;7217;7251;2092;2123;FONTAINE DE VAUCLUSE 2
V615502002;2004-03-09;6580;6552;6615;1477;1535;FONTAINE DE VAUCLUSE 2
V615502002;2004-03-10;5659;5649;5669;649;668;FONTAINE DE VAUCLUSE 2
V615502002;2004-03-11;32342;27914;34385;22372;22620;FONTAINE DE VAUCLUSE 2
V615502002;2004-03-12;8522;8506;8538;3409;3443;FONTAINE DE VAUCLUSE 2
V615502002;2004-04-01;25948;25407;26488;22248;22306;FONTAINE DE VAUCLUSE 2
V615502002;2004-04-02;20341;20216;20463;21398;21520;FONTAINE DE VAUCLUSE 2
V615502002;2004-04-03;31345;30051;32640;22454;22553;FONTAINE DE VAUCLUSE 2
V615502002;2004-04-04;16380;16304;16456;14256;14541;FONTAINE DE VAUCLUSE 2
V615502002;2004-04-05;21454;20422;21910;21500;22000;FONTAINE DE VAUCLUSE 2
V615502002;2004-04-06;12776;12674;12875;8317;8612;FONTAINE DE VAUCLUSE 2
V615502002;2004-04-07;8973;8937;9009;3872;3949;FONTAINE DE VAUCLUSE 2
V615502002;2004-04-08;7208;7198;7217;2075;2092;FONTAINE DE VAUCLUSE 2
V615502002;2004-04-09;6527;6502;6552;1431;1477;FONTAINE DE VAUCLUSE 2
V615502002;2004-04-10;5641;5636;5649;638;649;FONTAINE DE VAUCLUSE 2
V615502002;2004-04-11;23776;21315;27914;21878;22372;FONTAINE DE VAUCLUSE 2
V615502002;2004-04-12;8490;8474;8506;3374;3409;FONTAINE DE VAUCLUSE 2
V615502002;2004-05-01;24867;24326;25407;22190;22248;FONTAINE DE VAUCLUSE 2
V615502002;2004-05-02;20574;20463;20664;21520;21620;FONTAINE DE VAUCLUSE 2
V615502002;2004-05-03;28781;27653;30051;22362;22454;FONTAINE DE VAUCLUSE 2
V615502002;2004-05-04;16228;16152;16304;13970;14256;FONTAINE DE VAUCLUSE 2
V615502002;2004-05-05;21615;20938;21910;21750;22000;FONTAINE DE VAUCLUSE 2
V615502002;2004-05-06;12555;12437;12674;8023;8317;FONTAINE DE VAUCLUSE 2
V615502002;2004-05-07;8902;8866;8937;3795;3872;FONTAINE DE VAUCLUSE 2
V615502002;2004-05-08;7189;7180;7198;2058;2075;FONTAINE DE VAUCLUSE 2
V615502002;2004-05-09;6477;6452;6502;1385;1431;FONTAINE DE VAUCLUSE 2
V615502002;2004-05-10;5633;5630;5636;632;638;FONTAINE DE VAUCLUSE 2
V615502002;2004-05-11;20559;19784;21315;20990;21878;FONTAINE DE VAUCLUSE 2
V615502002;2004-05-12;8458;8442;8474;3340;3374;FONTAINE DE VAUCLUSE 2
V615502002;2004-06-01;23858;23482;24326;22132;22190;FONTAINE DE VAUCLUSE 2
V615502002;2004-06-02;20732;20664;20775;21620;21675;FONTAINE DE VAUCLUSE 2
V615502002;2004-06-03;26908;26245;27653;22292;22362;FONTAINE DE VAUCLUSE 2
V615502002;2004-06-04;16076;16001;16152;13684;13970;FONTAINE DE VAUCLUSE 2
V615502002;2004-06-05;20432;20019;20938;21250;21750;FONTAINE DE VAUCLUSE 2
V615502002;2004-06-06;12332;12246;12437;7786;8023;FONTAINE DE VAUCLUSE 2
V615502002;2004-06-07;8830;8794;8866;3719;3795;FONTAINE DE VAUCLUSE 2
V615502002;2004-06-08;7167;7144;7180;2025;2058;FONTAINE DE VAUCLUSE 2
V615502002;2004-06-09;6427;6403;6452;1339;1385;FONTAINE DE VAUCLUSE 2
V615502002;2004-06-10;5626;5619;5630;622;632;FONTAINE DE VAUCLUSE 2
V615502002;2004-06-11;19313;18861;19784;19403;20990;FONTAINE DE VAUCLUSE 2
V615502002;2004-06-12;8426;8410;8442;3306;3340;FONTAINE DE VAUCLUSE 2
V615502002;2004-07-01;23138;22793;23482;22074;22132;FONTAINE DE VAUCLUSE 2
V615502002;2004-07-02;20805;20775;20836;21675;21705;FONTAINE DE VAUCLUSE 2
V615502002;2004-07-03;25591;24937;26245;22222;22292;FONTAINE DE VAUCLUSE 2
V615502002;2004-07-04;15925;15849;16001;13398;13684;FONTAINE DE VAUCLUSE 2
V615502002;2004-07-05;19774;19495;20019;20667;21250;FONTAINE DE VAUCLUSE 2
V615502002;2004-07-06;12168;12089;12246;7591;7786;FONTAINE DE VAUCLUSE 2
V615502002;2004-07-07;8759;8723;8794;3642;3719;FONTAINE DE VAUCLUSE 2
V615502002;2004-07-08;7117;7090;7144;1975;2025;FONTAINE DE VAUCLUSE 2
V615502002;2004-07-09;6378;6353;6403;1293;1339;FONTAINE DE VAUCLUSE 2
V615502002;2004-07-10;5611;5603;5619;608;622;FONTAINE DE VAUCLUSE 2
V615502002;2004-07-11;18401;17952;18861;17510;19403;FONTAINE DE VAUCLUSE 2
V615502002;2004-07-12;8394;8378;8410;3271;3306;FONTAINE DE VAUCLUSE 2
V615502002;2004-08-01;22490;22245;22793;22028;22074;FONTAINE DE VAUCLUSE 2
V615502002;2004-08-02;20866;20836;20896;21705;21735;FONTAINE DE VAUCLUSE 2
V615502002;2004-08-03;24291;23712;24937;22151;22222;FONTAINE DE VAUCLUSE 2
V615502002;2004-08-04;15773;15697;15849;13112;13398;FONTAINE DE VAUCLUSE 2
V615502002;2004-08-05;19328;19160;19495;20000;20667;FONTAINE DE VAUCLUSE 2
V615502002;2004-08-06;12011;11932;12089;7396;7591;FONTAINE DE VAUCLUSE 2
V615502002;2004-08-07;8688;8654;8723;3568;3642;FONTAINE DE VAUCLUSE 2
V615502002;2004-08-08;7063;7036;7090;1925;1975;FONTAINE DE VAUCLUSE 2
V615502002;2004-08-09;6329;6309;6353;1252;1293;FONTAINE DE VAUCLUSE 2
V615502002;2004-08-10;5595;5586;5603;592;608;FONTAINE DE VAUCLUSE 2
V615502002;2004-08-11;17501;17028;17952;15617;17510;FONTAINE DE VAUCLUSE 2
V615502002;2004-08-12;8362;8346;8378;3237;3271;FONTAINE DE VAUCLUSE 2
V615502002;2004-09-01;22022;21798;22245;21991;22028;FONTAINE DE VAUCLUSE 2
V615502002;2004-09-02;20898;20829;20938;21702;21750;FONTAINE DE VAUCLUSE 2
V615502002;2004-09-03;23265;22819;23712;22076;22151;FONTAINE DE VAUCLUSE 2
V615502002;2004-09-04;15621;15545;15697;12826;13112;FONTAINE DE VAUCLUSE 2
V615502002;2004-09-05;18993;18826;19160;19333;20000;FONTAINE DE VAUCLUSE 2
V615502002;2004-09-06;11854;11775;11932;7201;7396;FONTAINE DE VAUCLUSE 2
V615502002;2004-09-07;8620;8587;8654;3496;3568;FONTAINE DE VAUCLUSE 2
V615502002;2004-09-08;7009;6982;7036;1875;1925;FONTAINE DE VAUCLUSE 2
V615502002;2004-09-09;6290;6271;6309;1218;1252;FONTAINE DE VAUCLUSE 2
V615502002;2004-09-10;5578;5570;5586;578;592;FONTAINE DE VAUCLUSE 2
V615502002;2004-09-11;16586;16265;17028;14182;15617;FONTAINE DE VAUCLUSE 2
V615502002;2004-09-12;8318;8266;8346;3152;3237;FONTAINE DE VAUCLUSE 2
V615502002;2004-10-01;21627;21538;21798;21953;21991;FONTAINE DE VAUCLUSE 2
V615502002;2004-10-02;20731;20634;20829;21605;21702;FONTAINE DE VAUCLUSE 2
V615502002;2004-10-03;22372;21925;22819;22001;22076;FONTAINE DE VAUCLUSE 2
V615502002;2004-10-04;15469;15393;15545;12540;12826;FONTAINE DE VAUCLUSE 2
V615502002;2004-10-05;18654;18478;18826;18625;19333;FONTAINE DE VAUCLUSE 2
V615502002;2004-10-06;11697;11618;11775;7006;7201;FONTAINE DE VAUCLUSE 2
V615502002;2004-10-07;8553;8520;8587;3423;3496;FONTAINE DE VAUCLUSE 2
V615502002;2004-10-08;6955;6928;6982;1825;1875;FONTAINE DE VAUCLUSE 2
V615502002;2004-10-09;6257;6252;6271;1200;1218;FONTAINE DE VAUCLUSE 2
V615502002;2004-10-10;5560;5549;5570;559;578;FONTAINE DE VAUCLUSE 2
V615502002;2004-10-11;16006;15746;16265;13205;14182;FONTAINE DE VAUCLUSE 2
V615502002;2004-10-12;8203;8139;8266;3015;3152;FONTAINE DE VAUCLUSE 2
V615502002;2004-11-01;21483;21428;21538;21916;21953;FONTAINE DE VAUCLUSE 2
V615502002;2004-11-02;20537;20439;20634;21508;21605;FONTAINE DE VAUCLUSE 2
V615502002;2004-11-03;21603;21421;21925;21913;22001;FONTAINE DE VAUCLUSE 2
V615502002;2004-11-04;15317;15241;15393;12254;12540;FONTAINE DE VAUCLUSE 2
V615502002;2004-11-05;18301;18124;18478;17875;18625;FONTAINE DE VAUCLUSE 2
V615502002;2004-11-06;11540;11461;11618;6811;7006;FONTAINE DE VAUCLUSE 2
V615502002;2004-11-07;8486;8452;8520;3351;3423;FONTAINE DE VAUCLUSE 2
V615502002;2004-11-08;6901;6874;6928;1775;1825;FONTAINE DE VAUCLUSE 2
V615502002;2004-11-09;6252;6252;6252;1200;1200;FONTAINE DE VAUCLUSE 2
V615502002;2004-11-10;5537;5524;5549;536;559;FONTAINE DE VAUCLUSE 2
V615502002;2004-11-11;15487;15227;15746;12228;13205;FONTAINE DE VAUCLUSE 2
V615502002;2004-11-12;8076;8012;8139;2878;3015;FONTAINE DE VAUCLUSE 2
V615502002;2004-12-01;21372;21317;21428;21878;21916;FONTAINE DE VAUCLUSE 2
V615502002;2004-12-02;20152;19594;20439;20780;21508;FONTAINE DE VAUCLUSE 2
V615502002;2004-12-03;21278;21135;21421;21817;21913;FONTAINE DE VAUCLUSE 2
V615502002;2004-12-04;15165;15089;15241;11968;12254;FONTAINE DE VAUCLUSE 2
V615502002;2004-12-05;17947;17770;18124;17125;17875;FONTAINE DE VAUCLUSE 2
V615502002;2004-12-06;11382;11304;11461;6616;6811;FONTAINE DE VAUCLUSE 2
V615502002;2004-12-07;8419;8385;8452;3279;3351;FONTAINE DE VAUCLUSE 2
V615502002;2004-12-08;6847;6820;6874;1725;1775;FONTAINE DE VAUCLUSE 2
V615502002;2004-12-09;6247;6232;6252;1181;1200;FONTAINE DE VAUCLUSE 2
V615502002;2004-12-10;5512;5499;5524;514;536;FONTAINE DE VAUCLUSE 2
V615502002;2004-12-11;14947;14634;15227;11252;12228;FONTAINE DE VAUCLUSE 2
V615502002;2004-12-12;7948;7885;8012;2742;2878;FONTAINE DE VAUCLUSE 2
V615502002;2005-01-01;10362;10325;10475;5400;5587;FONTAINE DE VAUCLUSE 2
V615502002;2005-01-02;8311;8218;8405;3100;3300;FONTAINE DE VAUCLUSE 2
V615502002;2005-01-03;6274;6241;6306;1190;1250;FONTAINE DE VAUCLUSE 2
V615502002;2005-01-04;7547;7480;7609;2335;2455;FONTAINE DE VAUCLUSE 2
V615502002;2005-01-05;18126;17914;18339;17430;18330;FONTAINE DE VAUCLUSE 2
V615502002;2005-01-06;11251;11210;11291;6500;6600;FONTAINE DE VAUCLUSE 2
V615502002;2005-01-07;7380;7343;7417;2209;2277;FONTAINE DE VAUCLUSE 2
V615502002;2005-01-08;5677;5663;5691;662;687;FONTAINE DE VAUCLUSE 2
V615502002;2005-01-09;4812;4806;4817;-115;-105;FONTAINE DE VAUCLUSE 2
V615502002;2005-01-10;4977;4950;5005;15;65;FONTAINE DE VAUCLUSE 2
V615502002;2005-01-11;8673;8498;9033;3400;3975;FONTAINE DE VAUCLUSE 2
V615502002;2005-01-12;13033;10670;15151;5828;12085;FONTAINE DE VAUCLUSE 2
V615502002;2005-02-01;10325;10325;10325;5400;5400;FONTAINE DE VAUCLUSE 2
V615502002;2005-02-02;8136;8074;8218;2945;3100;FONTAINE DE VAUCLUSE 2
V615502002;2005-02-03;6209;6177;6241;1130;1190;FONTAINE DE VAUCLUSE 2
V615502002;2005-02-04;7409;7339;7480;2205;2335;FONTAINE DE VAUCLUSE 2
V615502002;2005-02-05;17710;17523;17914;16602;17430;FONTAINE DE VAUCLUSE 2
V615502002;2005-02-06;11102;10994;11210;6231;6500;FONTAINE DE VAUCLUSE 2
V615502002;2005-02-07;7306;7269;7343;2140;2209;FONTAINE DE VAUCLUSE 2
V615502002;2005-02-08;5648;5634;5663;636;662;FONTAINE DE VAUCLUSE 2
V615502002;2005-02-09;4801;4795;4806;-125;-115;FONTAINE DE VAUCLUSE 2
V615502002;2005-02-10;4926;4911;4950;-20;15;FONTAINE DE VAUCLUSE 2
V615502002;2005-02-11;9568;9033;10103;3975;5125;FONTAINE DE VAUCLUSE 2
V615502002;2005-02-12;16790;15151;18344;12085;18342;FONTAINE DE VAUCLUSE 2
V615502002;2005-03-01;10325;10325;10325;5400;5400;FONTAINE DE VAUCLUSE 2
V615502002;2005-03-02;8023;7972;8074;2835;2945;FONTAINE DE VAUCLUSE 2
V615502002;2005-03-03;6147;6122;6177;1080;1130;FONTAINE DE VAUCLUSE 2
V615502002;2005-03-04;7269;7198;7339;2075;2205;FONTAINE DE VAUCLUSE 2
V615502002;2005-03-05;17342;17150;17523;15848;16602;FONTAINE DE VAUCLUSE 2
V615502002;2005-03-06;10885;10777;10994;5962;6231;FONTAINE DE VAUCLUSE 2
V615502002;2005-03-07;7232;7195;7269;2071;2140;FONTAINE DE VAUCLUSE 2
V615502002;2005-03-08;5620;5606;5634;611;636;FONTAINE DE VAUCLUSE 2
V615502002;2005-03-09;4790;4784;4795;-135;-125;FONTAINE DE VAUCLUSE 2
V615502002;2005-03-10;4900;4889;4911;-40;-20;FONTAINE DE VAUCLUSE 2
V615502002;2005-03-11;10528;10103;10878;5125;6088;FONTAINE DE VAUCLUSE 2
V615502002;2005-03-12;20056;18344;21850;18342;21995;FONTAINE DE VAUCLUSE 2
V615502002;2005-04-01;10325;10325;10325;5400;5400;FONTAINE DE VAUCLUSE 2
V615502002;2005-04-02;7920;7869;7972;2725;2835;FONTAINE DE VAUCLUSE 2
V615502002;2005-04-03;6101;6079;6122;1040;1080;FONTAINE DE VAUCLUSE 2
V615502002;2005-04-04;7128;7058;7198;1945;2075;FONTAINE DE VAUCLUSE 2
V615502002;2005-04-05;16952;16757;17150;15108;15848;FONTAINE DE VAUCLUSE 2
V615502002;2005-04-06;10668;10560;10777;5692;5962;FONTAINE DE VAUCLUSE 2
V615502002;2005-04-07;7158;7120;7195;2003;2071;FONTAINE DE VAUCLUSE 2
V615502002;2005-04-08;5592;5578;5606;585;611;FONTAINE DE VAUCLUSE 2
V615502002;2005-04-09;4779;4773;4784;-145;-135;FONTAINE DE VAUCLUSE 2
V615502002;2005-04-10;4874;4850;4889;-75;-40;FONTAINE DE VAUCLUSE 2
V615502002;2005-04-11;11190;10878;11502;6088;6862;FONTAINE DE VAUCLUSE 2
V615502002;2005-04-12;28749;21850;31770;21995;22520;FONTAINE DE VAUCLUSE 2
V615502002;2005-05-01;10325;10325;10325;5400;5400;FONTAINE DE VAUCLUSE 2
V615502002;2005-05-02;7818;7767;7869;2615;2725;FONTAINE DE VAUCLUSE 2
V615502002;2005-05-03;6058;6036;6079;1000;1040;FONTAINE DE VAUCLUSE 2
V615502002;2005-05-04;6992;6934;7058;1830;1945;FONTAINE DE VAUCLUSE 2
V615502002;2005-05-05;16565;16372;16757;14382;15108;FONTAINE DE VAUCLUSE 2
V615502002;2005-05-06;10452;10343;10560;5423;5692;FONTAINE DE VAUCLUSE 2
V615502002;2005-05-07;7083;7046;7120;1934;2003;FONTAINE DE VAUCLUSE 2
V615502002;2005-05-08;5564;5550;5578;559;585;FONTAINE DE VAUCLUSE 2
V615502002;2005-05-09;4774;4768;4790;-150;-130;FONTAINE DE VAUCLUSE 2
V615502002;2005-05-10;4823;4795;4850;-125;-75;FONTAINE DE VAUCLUSE 2
V615502002;2005-05-11;12307;11502;14000;6862;10300;FONTAINE DE VAUCLUSE 2
V615502002;2005-05-12;29676;26291;31247;22295;22500;FONTAINE DE VAUCLUSE 2
V615502002;2005-06-01;10317;10296;10325;5364;5400;FONTAINE DE VAUCLUSE 2
V615502002;2005-06-02;7716;7664;7767;2505;2615;FONTAINE DE VAUCLUSE 2
V615502002;2005-06-03;6014;5992;6036;960;1000;FONTAINE DE VAUCLUSE 2
V615502002;2005-06-04;6879;6825;6934;1730;1830;FONTAINE DE VAUCLUSE 2
V615502002;2005-06-05;16179;15987;16372;13658;14382;FONTAINE DE VAUCLUSE 2
V615502002;2005-06-06;10235;10126;10343;5154;5423;FONTAINE DE VAUCLUSE 2
V615502002;2005-06-07;7009;6973;7046;1867;1934;FONTAINE DE VAUCLUSE 2
V615502002;2005-06-08;5536;5522;5550;534;559;FONTAINE DE VAUCLUSE 2
V615502002;2005-06-09;4812;4790;4834;-130;-90;FONTAINE DE VAUCLUSE 2
V615502002;2005-06-10;4772;4757;4795;-160;-125;FONTAINE DE VAUCLUSE 2
V615502002;2005-06-11;15410;14000;15890;10300;13475;FONTAINE DE VAUCLUSE 2
V615502002;2005-06-12;23400;21455;26291;21925;22295;FONTAINE DE VAUCLUSE 2
V615502002;2005-07-01;10267;10238;10296;5293;5364;FONTAINE DE VAUCLUSE 2
V615502002;2005-07-02;7602;7536;7664;2388;2505;FONTAINE DE VAUCLUSE 2
V615502002;2005-07-03;5970;5947;5992;920;960;FONTAINE DE VAUCLUSE 2
V615502002;2005-07-04;6820;6771;6910;1680;1808;FONTAINE DE VAUCLUSE 2
V615502002;2005-07-05;15794;15601;15987;12932;13658;FONTAINE DE VAUCLUSE 2
V615502002;2005-07-06;10005;9880;10126;4885;5154;FONTAINE DE VAUCLUSE 2
V615502002;2005-07-07;6937;6901;6973;1800;1867;FONTAINE DE VAUCLUSE 2
V615502002;2005-07-08;5508;5494;5522;508;534;FONTAINE DE VAUCLUSE 2
V615502002;2005-07-09;4874;4834;4950;-90;15;FONTAINE DE VAUCLUSE 2
V615502002;2005-07-10;4744;4729;4757;-185;-160;FONTAINE DE VAUCLUSE 2
V615502002;2005-07-11;15843;15572;15956;12878;13600;FONTAINE DE VAUCLUSE 2
V615502002;2005-07-12;20951;20533;21455;21555;21925;FONTAINE DE VAUCLUSE 2
V615502002;2005-08-01;10210;10181;10238;5221;5293;FONTAINE DE VAUCLUSE 2
V615502002;2005-08-02;7469;7401;7536;2262;2388;FONTAINE DE VAUCLUSE 2
V615502002;2005-08-03;5927;5912;5947;888;920;FONTAINE DE VAUCLUSE 2
V615502002;2005-08-04;7049;6910;7188;1808;2065;FONTAINE DE VAUCLUSE 2
V615502002;2005-08-05;15412;15229;15601;12232;12932;FONTAINE DE VAUCLUSE 2
V615502002;2005-08-06;9772;9698;9880;4689;4885;FONTAINE DE VAUCLUSE 2
V615502002;2005-08-07;6865;6829;6901;1733;1800;FONTAINE DE VAUCLUSE 2
V615502002;2005-08-08;5479;5465;5494;483;508;FONTAINE DE VAUCLUSE 2
V615502002;2005-08-09;5057;4950;5192;15;235;FONTAINE DE VAUCLUSE 2
V615502002;2005-08-10;4713;4699;4729;-212;-185;FONTAINE DE VAUCLUSE 2
V615502002;2005-08-11;15182;14754;15572;11432;12878;FONTAINE DE VAUCLUSE 2
V615502002;2005-08-12;20197;19960;20533;21185;21555;FONTAINE DE VAUCLUSE 2
V615502002;2005-09-01;10152;10123;10181;5150;5221;FONTAINE DE VAUCLUSE 2
V615502002;2005-09-02;7348;7325;7401;2192;2262;FONTAINE DE VAUCLUSE 2
V615502002;2005-09-03;5898;5884;5912;862;888;FONTAINE DE VAUCLUSE 2
V615502002;2005-09-04;7326;7188;7465;2065;2322;FONTAINE DE VAUCLUSE 2
V615502002;2005-09-05;15044;14838;15229;11558;12232;FONTAINE DE VAUCLUSE 2
V615502002;2005-09-06;9642;9585;9698;4568;4689;FONTAINE DE VAUCLUSE 2
V615502002;2005-09-07;6793;6757;6829;1667;1733;FONTAINE DE VAUCLUSE 2
V615502002;2005-09-08;5451;5435;5465;456;483;FONTAINE DE VAUCLUSE 2
V615502002;2005-09-09;5432;5192;5854;235;835;FONTAINE DE VAUCLUSE 2
V615502002;2005-09-10;4685;4671;4699;-238;-212;FONTAINE DE VAUCLUSE 2
V615502002;2005-09-11;14267;13766;14754;9950;11432;FONTAINE DE VAUCLUSE 2
V615502002;2005-09-12;19699;19318;19960;20314;21185;FONTAINE DE VAUCLUSE 2
V615502002;2005-10-01;10093;10060;10123;5079;5150;FONTAINE DE VAUCLUSE 2
V615502002;2005-10-02;7316;7307;7325;2175;2192;FONTAINE DE VAUCLUSE 2
V615502002;2005-10-03;5870;5856;5884;838;862;FONTAINE DE VAUCLUSE 2
V615502002;2005-10-04;7608;7465;7753;2322;2600;FONTAINE DE VAUCLUSE 2
V615502002;2005-10-05;14613;14388;14838;10882;11558;FONTAINE DE VAUCLUSE 2
V615502002;2005-10-06;9528;9472;9585;4446;4568;FONTAINE DE VAUCLUSE 2
V615502002;2005-10-07;6721;6685;6757;1600;1667;FONTAINE DE VAUCLUSE 2
V615502002;2005-10-08;5419;5403;5435;426;456;FONTAINE DE VAUCLUSE 2
V615502002;2005-10-09;6192;5854;6360;835;1300;FONTAINE DE VAUCLUSE 2
V615502002;2005-10-10;4658;4646;4671;-260;-238;FONTAINE DE VAUCLUSE 2
V615502002;2005-10-11;13310;12952;13766;8728;9950;FONTAINE DE VAUCLUSE 2
V615502002;2005-10-12;18973;18629;19318;18941;20314;FONTAINE DE VAUCLUSE 2
V615502002;2005-11-01;10027;9994;10060;5007;5079;FONTAINE DE VAUCLUSE 2
V615502002;2005-11-02;7298;7289;7307;2158;2175;FONTAINE DE VAUCLUSE 2
V615502002;2005-11-03;5843;5829;5856;812;838;FONTAINE DE VAUCLUSE 2
V615502002;2005-11-04;7854;7753;7893;2600;2750;FONTAINE DE VAUCLUSE 2
V615502002;2005-11-05;14163;13938;14388;10208;10882;FONTAINE DE VAUCLUSE 2
V615502002;2005-11-06;9415;9359;9472;4325;4446;FONTAINE DE VAUCLUSE 2
V615502002;2005-11-07;6649;6613;6685;1533;1600;FONTAINE DE VAUCLUSE 2
V615502002;2005-11-08;5387;5371;5403;398;426;FONTAINE DE VAUCLUSE 2
V615502002;2005-11-09;6064;6014;6193;980;1145;FONTAINE DE VAUCLUSE 2
V615502002;2005-11-10;4634;4619;4646;-285;-260;FONTAINE DE VAUCLUSE 2
V615502002;2005-11-11;12622;12261;12952;7805;8728;FONTAINE DE VAUCLUSE 2
V615502002;2005-11-12;18303;17979;18629;17569;18941;FONTAINE DE VAUCLUSE 2
V615502002;2005-12-01;9961;9927;9994;4936;5007;FONTAINE DE VAUCLUSE 2
V615502002;2005-12-02;7280;7271;7289;2142;2158;FONTAINE DE VAUCLUSE 2
V615502002;2005-12-03;5814;5797;5829;783;812;FONTAINE DE VAUCLUSE 2
V615502002;2005-12-04;7861;7846;7877;2700;2733;FONTAINE DE VAUCLUSE 2
V615502002;2005-12-05;13736;13578;13938;9668;10208;FONTAINE DE VAUCLUSE 2
V615502002;2005-12-06;9302;9246;9359;4204;4325;FONTAINE DE VAUCLUSE 2
V615502002;2005-12-07;6577;6542;6613;1468;1533;FONTAINE DE VAUCLUSE 2
V615502002;2005-12-08;5355;5339;5371;368;398;FONTAINE DE VAUCLUSE 2
V615502002;2005-12-09;6003;5992;6014;960;980;FONTAINE DE VAUCLUSE 2
V615502002;2005-12-10;4605;4597;4619;-305;-285;FONTAINE DE VAUCLUSE 2
V615502002;2005-12-11;11889;11518;12261;6882;7805;FONTAINE DE VAUCLUSE 2
V615502002;2005-12-12;17656;17332;17979;16196;17569;FONTAINE DE VAUCLUSE 2
V615502002;2006-01-01;10765;10702;10828;5869;6025;FONTAINE DE VAUCLUSE 2
V615502002;2006-01-02;27947;27718;28110;22365;22380;FONTAINE DE VAUCLUSE 2
V615502002;2006-01-03;19267;19047;19397;19775;20470;FONTAINE DE VAUCLUSE 2
V615502002;2006-01-04;19965;19761;20130;20965;21355;FONTAINE DE VAUCLUSE 2
V615502002;2006-01-05;12415;12305;12519;7860;8125;FONTAINE DE VAUCLUSE 2
V615502002;2006-01-06;8272;8246;8293;3129;3180;FONTAINE DE VAUCLUSE 2
V615502002;2006-01-07;6234;6211;6258;1162;1205;FONTAINE DE VAUCLUSE 2
V615502002;2006-01-08;5294;5271;5318;306;349;FONTAINE DE VAUCLUSE 2
V615502002;2006-01-09;4579;4564;4591;-335;-310;FONTAINE DE VAUCLUSE 2
V615502002;2006-01-10;5335;5233;5437;272;458;FONTAINE DE VAUCLUSE 2
V615502002;2006-01-11;8055;7889;8304;2746;3192;FONTAINE DE VAUCLUSE 2
V615502002;2006-01-12;7474;7455;7493;2312;2348;FONTAINE DE VAUCLUSE 2
V615502002;2006-02-01;10639;10577;10702;5713;5869;FONTAINE DE VAUCLUSE 2
V615502002;2006-02-02;27140;26198;27718;22290;22365;FONTAINE DE VAUCLUSE 2
V615502002;2006-02-03;18784;18525;19047;18725;19775;FONTAINE DE VAUCLUSE 2
V615502002;2006-02-04;19547;19379;19761;20435;20965;FONTAINE DE VAUCLUSE 2
V615502002;2006-02-05;12193;12080;12305;7580;7860;FONTAINE DE VAUCLUSE 2
V615502002;2006-02-06;8199;8151;8246;3028;3129;FONTAINE DE VAUCLUSE 2
V615502002;2006-02-07;6187;6164;6211;1118;1162;FONTAINE DE VAUCLUSE 2
V615502002;2006-02-08;5247;5224;5271;264;306;FONTAINE DE VAUCLUSE 2
V615502002;2006-02-09;4549;4538;4564;-358;-335;FONTAINE DE VAUCLUSE 2
V615502002;2006-02-10;5148;5097;5233;148;272;FONTAINE DE VAUCLUSE 2
V615502002;2006-02-11;7763;7633;7889;2477;2746;FONTAINE DE VAUCLUSE 2
V615502002;2006-02-12;7436;7417;7455;2278;2312;FONTAINE DE VAUCLUSE 2
V615502002;2006-03-01;10514;10451;10577;5557;5713;FONTAINE DE VAUCLUSE 2
V615502002;2006-03-02;24904;23429;26198;22128;22290;FONTAINE DE VAUCLUSE 2
V615502002;2006-03-03;18314;18177;18525;17988;18725;FONTAINE DE VAUCLUSE 2
V615502002;2006-03-04;19241;19103;19379;19885;20435;FONTAINE DE VAUCLUSE 2
V615502002;2006-03-05;11970;11867;12080;7316;7580;FONTAINE DE VAUCLUSE 2
V615502002;2006-03-06;8104;8057;8151;2927;3028;FONTAINE DE VAUCLUSE 2
V615502002;2006-03-07;6140;6117;6164;1075;1118;FONTAINE DE VAUCLUSE 2
V615502002;2006-03-08;5200;5177;5224;221;264;FONTAINE DE VAUCLUSE 2
V615502002;2006-03-09;4529;4519;4538;-375;-358;FONTAINE DE VAUCLUSE 2
V615502002;2006-03-10;5062;5027;5097;85;148;FONTAINE DE VAUCLUSE 2
V615502002;2006-03-11;7488;7343;7633;2209;2477;FONTAINE DE VAUCLUSE 2
V615502002;2006-03-12;7601;7399;8163;2260;3040;FONTAINE DE VAUCLUSE 2
V615502002;2006-04-01;10388;10326;10451;5401;5557;FONTAINE DE VAUCLUSE 2
V615502002;2006-04-02;22266;21448;23429;21922;22128;FONTAINE DE VAUCLUSE 2
V615502002;2006-04-03;18077;17976;18177;17562;17988;FONTAINE DE VAUCLUSE 2
V615502002;2006-04-04;18965;18827;19103;19335;19885;FONTAINE DE VAUCLUSE 2
V615502002;2006-04-05;11768;11668;11867;7068;7316;FONTAINE DE VAUCLUSE 2
V615502002;2006-04-06;8010;7963;8057;2826;2927;FONTAINE DE VAUCLUSE 2
V615502002;2006-04-07;6094;6070;6117;1032;1075;FONTAINE DE VAUCLUSE 2
V615502002;2006-04-08;5157;5142;5177;190;221;FONTAINE DE VAUCLUSE 2
V615502002;2006-04-09;4510;4501;4519;-392;-375;FONTAINE DE VAUCLUSE 2
V615502002;2006-04-10;4992;4957;5027;22;85;FONTAINE DE VAUCLUSE 2
V615502002;2006-04-11;7198;7052;7343;1940;2209;FONTAINE DE VAUCLUSE 2
V615502002;2006-04-12;8889;8163;9615;3040;4600;FONTAINE DE VAUCLUSE 2
V615502002;2006-05-01;10263;10200;10326;5245;5401;FONTAINE DE VAUCLUSE 2
V615502002;2006-05-02;20968;20197;21448;21388;21922;FONTAINE DE VAUCLUSE 2
V615502002;2006-05-03;17876;17776;17976;17138;17562;FONTAINE DE VAUCLUSE 2
V615502002;2006-05-04;18687;18549;18827;18775;19335;FONTAINE DE VAUCLUSE 2
V615502002;2006-05-05;11568;11468;11668;6820;7068;FONTAINE DE VAUCLUSE 2
V615502002;2006-05-06;7916;7869;7963;2724;2826;FONTAINE DE VAUCLUSE 2
V615502002;2006-05-07;6050;6036;6070;1000;1032;FONTAINE DE VAUCLUSE 2
V615502002;2006-05-08;5131;5120;5142;170;190;FONTAINE DE VAUCLUSE 2
V615502002;2006-05-09;4493;4488;4501;-403;-392;FONTAINE DE VAUCLUSE 2
V615502002;2006-05-10;4922;4887;4957;-42;22;FONTAINE DE VAUCLUSE 2
V615502002;2006-05-11;6907;6762;7052;1671;1940;FONTAINE DE VAUCLUSE 2
V615502002;2006-05-12;10469;9615;11624;4600;7013;FONTAINE DE VAUCLUSE 2
V615502002;2006-06-01;10137;10071;10200;5090;5245;FONTAINE DE VAUCLUSE 2
V615502002;2006-06-02;19760;19424;20197;20525;21388;FONTAINE DE VAUCLUSE 2
V615502002;2006-06-03;17676;17575;17776;16712;17138;FONTAINE DE VAUCLUSE 2
V615502002;2006-06-04;18407;18252;18549;18146;18775;FONTAINE DE VAUCLUSE 2
V615502002;2006-06-05;11368;11268;11468;6572;6820;FONTAINE DE VAUCLUSE 2
V615502002;2006-06-06;7822;7774;7869;2623;2724;FONTAINE DE VAUCLUSE 2
V615502002;2006-06-07;6025;6014;6036;980;1000;FONTAINE DE VAUCLUSE 2
V615502002;2006-06-08;5109;5098;5120;150;170;FONTAINE DE VAUCLUSE 2
V615502002;2006-06-09;4485;4481;4488;-410;-403;FONTAINE DE VAUCLUSE 2
V615502002;2006-06-10;4852;4817;4887;-105;-42;FONTAINE DE VAUCLUSE 2
V615502002;2006-06-11;6617;6472;6762;1403;1671;FONTAINE DE VAUCLUSE 2
V615502002;2006-06-12;12860;11624;13986;7013;10280;FONTAINE DE VAUCLUSE 2
V615502002;2006-07-01;9998;9926;10071;4934;5090;FONTAINE DE VAUCLUSE 2
V615502002;2006-07-02;19207;18991;19424;19662;20525;FONTAINE DE VAUCLUSE 2
V615502002;2006-07-03;17475;17375;17575;16288;16712;FONTAINE DE VAUCLUSE 2
V615502002;2006-07-04;18090;17927;18252;17459;18146;FONTAINE DE VAUCLUSE 2
V615502002;2006-07-05;11169;11069;11268;6324;6572;FONTAINE DE VAUCLUSE 2
V615502002;2006-07-06;7727;7680;7774;2522;2623;FONTAINE DE VAUCLUSE 2
V615502002;2006-07-07;6003;5992;6014;960;980;FONTAINE DE VAUCLUSE 2
V615502002;2006-07-08;5087;5076;5098;130;150;FONTAINE DE VAUCLUSE 2
V615502002;2006-07-09;4477;4474;4481;-417;-410;FONTAINE DE VAUCLUSE 2
V615502002;2006-07-10;4782;4747;4817;-168;-105;FONTAINE DE VAUCLUSE 2
V615502002;2006-07-11;6326;6181;6472;1134;1403;FONTAINE DE VAUCLUSE 2
V615502002;2006-07-12;15012;13986;15928;10280;13547;FONTAINE DE VAUCLUSE 2
V615502002;2006-08-01;9853;9781;9926;4778;4934;FONTAINE DE VAUCLUSE 2
V615502002;2006-08-02;18778;18575;18991;18830;19662;FONTAINE DE VAUCLUSE 2
V615502002;2006-08-03;17270;17158;17375;15862;16288;FONTAINE DE VAUCLUSE 2
V615502002;2006-08-04;17765;17603;17927;16771;17459;FONTAINE DE VAUCLUSE 2
V615502002;2006-08-05;10984;10929;11069;6150;6324;FONTAINE DE VAUCLUSE 2
V615502002;2006-08-06;7627;7572;7680;2421;2522;FONTAINE DE VAUCLUSE 2
V615502002;2006-08-07;5980;5969;5992;939;960;FONTAINE DE VAUCLUSE 2
V615502002;2006-08-08;5065;5054;5076;110;130;FONTAINE DE VAUCLUSE 2
V615502002;2006-08-09;4469;4461;4474;-428;-417;FONTAINE DE VAUCLUSE 2
V615502002;2006-08-10;4715;4688;4747;-222;-168;FONTAINE DE VAUCLUSE 2
V615502002;2006-08-11;6082;6036;6181;1000;1134;FONTAINE DE VAUCLUSE 2
V615502002;2006-08-12;17014;15928;18497;13547;18665;FONTAINE DE VAUCLUSE 2
V615502002;2006-09-01;9708;9634;9781;4620;4778;FONTAINE DE VAUCLUSE 2
V615502002;2006-09-02;18386;18197;18575;18030;18830;FONTAINE DE VAUCLUSE 2
V615502002;2006-09-03;17088;17045;17158;15650;15862;FONTAINE DE VAUCLUSE 2
V615502002;2006-09-04;17441;17276;17603;16084;16771;FONTAINE DE VAUCLUSE 2
V615502002;2006-09-05;10936;10888;11037;6100;6285;FONTAINE DE VAUCLUSE 2
V615502002;2006-09-06;7523;7485;7572;2340;2421;FONTAINE DE VAUCLUSE 2
V615502002;2006-09-07;5957;5945;5969;918;939;FONTAINE DE VAUCLUSE 2
V615502002;2006-09-08;5044;5034;5054;91;110;FONTAINE DE VAUCLUSE 2
V615502002;2006-09-09;4452;4445;4461;-444;-428;FONTAINE DE VAUCLUSE 2
V615502002;2006-09-10;4663;4638;4688;-268;-222;FONTAINE DE VAUCLUSE 2
V615502002;2006-09-11;6117;6076;6158;1038;1112;FONTAINE DE VAUCLUSE 2
V615502002;2006-09-12;22440;18497;26852;18665;22325;FONTAINE DE VAUCLUSE 2
V615502002;2006-10-01;9559;9485;9634;4460;4620;FONTAINE DE VAUCLUSE 2
V615502002;2006-10-02;18008;17820;18197;17230;18030;FONTAINE DE VAUCLUSE 2
V615502002;2006-10-03;17162;17104;17221;15760;15980;FONTAINE DE VAUCLUSE 2
V615502002;2006-10-04;17100;16937;17276;15445;16084;FONTAINE DE VAUCLUSE 2
V615502002;2006-10-05;11133;11037;11186;6285;6470;FONTAINE DE VAUCLUSE 2
V615502002;2006-10-06;7453;7420;7485;2280;2340;FONTAINE DE VAUCLUSE 2
V615502002;2006-10-07;5933;5921;5945;896;918;FONTAINE DE VAUCLUSE 2
V615502002;2006-10-08;5024;5015;5034;74;91;FONTAINE DE VAUCLUSE 2
V615502002;2006-10-09;4437;4430;4445;-460;-444;FONTAINE DE VAUCLUSE 2
V615502002;2006-10-10;4613;4588;4638;-312;-268;FONTAINE DE VAUCLUSE 2
V615502002;2006-10-11;6198;6158;6239;1112;1188;FONTAINE DE VAUCLUSE 2
V615502002;2006-10-12;29718;26852;31247;22325;22500;FONTAINE DE VAUCLUSE 2
V615502002;2006-11-01;9410;9336;9485;4300;4460;FONTAINE DE VAUCLUSE 2
V615502002;2006-11-02;17622;17408;17820;16358;17230;FONTAINE DE VAUCLUSE 2
V615502002;2006-11-03;17227;17127;17279;15804;16090;FONTAINE DE VAUCLUSE 2
V615502002;2006-11-04;16784;16638;16937;14883;15445;FONTAINE DE VAUCLUSE 2
V615502002;2006-11-05;11057;10993;11122;6230;6390;FONTAINE DE VAUCLUSE 2
V615502002;2006-11-06;7388;7355;7420;2220;2280;FONTAINE DE VAUCLUSE 2
V615502002;2006-11-07;5910;5898;5921;875;896;FONTAINE DE VAUCLUSE 2
V615502002;2006-11-08;5005;4996;5015;57;74;FONTAINE DE VAUCLUSE 2
V615502002;2006-11-09;4423;4416;4430;-476;-460;FONTAINE DE VAUCLUSE 2
V615502002;2006-11-10;4564;4539;4588;-358;-312;FONTAINE DE VAUCLUSE 2
V615502002;2006-11-11;6279;6239;6320;1188;1262;FONTAINE DE VAUCLUSE 2
V615502002;2006-11-12;27738;25233;29679;22238;22440;FONTAINE DE VAUCLUSE 2
V615502002;2006-12-01;9261;9187;9336;4140;4300;FONTAINE DE VAUCLUSE 2
V615502002;2006-12-02;17170;16921;17408;15415;16358;FONTAINE DE VAUCLUSE 2
V615502002;2006-12-03;16975;16823;17127;15232;15804;FONTAINE DE VAUCLUSE 2
V615502002;2006-12-04;16496;16355;16638;14350;14883;FONTAINE DE VAUCLUSE 2
V615502002;2006-12-05;10926;10855;10993;6058;6230;FONTAINE DE VAUCLUSE 2
V615502002;2006-12-06;7323;7290;7355;2160;2220;FONTAINE DE VAUCLUSE 2
V615502002;2006-12-07;5886;5874;5898;854;875;FONTAINE DE VAUCLUSE 2
V615502002;2006-12-08;4987;4977;4996;40;57;FONTAINE DE VAUCLUSE 2
V615502002;2006-12-09;4408;4401;4416;-492;-476;FONTAINE DE VAUCLUSE 2
V615502002;2006-12-10;4516;4496;4539;-397;-358;FONTAINE DE VAUCLUSE 2
V615502002;2006-12-11;6360;6320;6401;1262;1338;FONTAINE DE VAUCLUSE 2
V615502002;2006-12-12;23128;21544;25233;21955;22238;FONTAINE DE VAUCLUSE 2
V615502002;2007-01-01;10586;10437;10734;5540;5908;FONTAINE DE VAUCLUSE 2
V615502002;2007-01-02;6917;6882;6951;1782;1846;FONTAINE DE VAUCLUSE 2
V615502002;2007-01-03;9305;9224;9385;4180;4353;FONTAINE DE VAUCLUSE 2
V615502002;2007-01-04;6631;6604;6658;1525;1575;FONTAINE DE VAUCLUSE 2
V615502002;2007-01-05;7687;7653;7720;2495;2565;FONTAINE DE VAUCLUSE 2
V615502002;2007-01-06;8853;8777;9033;3700;3975;FONTAINE DE VAUCLUSE 2
V615502002;2007-01-07;8327;8226;8428;3108;3325;FONTAINE DE VAUCLUSE 2
V615502002;2007-01-08;5410;5384;5436;409;456;FONTAINE DE VAUCLUSE 2
V615502002;2007-01-09;4430;4412;4448;-480;-440;FONTAINE DE VAUCLUSE 2
V615502002;2007-01-10;4167;4167;4167;-750;-750;FONTAINE DE VAUCLUSE 2
V615502002;2007-01-11;3885;3880;3890;-1175;-1160;FONTAINE DE VAUCLUSE 2
V615502002;2007-01-12;6746;6509;7148;1438;2029;FONTAINE DE VAUCLUSE 2
V615502002;2007-02-01;10289;10141;10437;5172;5540;FONTAINE DE VAUCLUSE 2
V615502002;2007-02-02;6838;6777;6882;1685;1782;FONTAINE DE VAUCLUSE 2
V615502002;2007-02-03;9431;9385;9466;4353;4440;FONTAINE DE VAUCLUSE 2
V615502002;2007-02-04;6612;6577;6693;1500;1608;FONTAINE DE VAUCLUSE 2
V615502002;2007-02-05;8234;7720;9708;2565;4700;FONTAINE DE VAUCLUSE 2
V615502002;2007-02-06;9199;9033;9289;3975;4250;FONTAINE DE VAUCLUSE 2
V615502002;2007-02-07;8133;8055;8226;2925;3108;FONTAINE DE VAUCLUSE 2
V615502002;2007-02-08;5358;5332;5384;362;409;FONTAINE DE VAUCLUSE 2
V615502002;2007-02-09;4395;4382;4412;-513;-480;FONTAINE DE VAUCLUSE 2
V615502002;2007-02-10;4162;4148;4167;-771;-750;FONTAINE DE VAUCLUSE 2
V615502002;2007-02-11;3873;3865;3882;-1198;-1172;FONTAINE DE VAUCLUSE 2
V615502002;2007-02-12;6355;6201;6509;1152;1438;FONTAINE DE VAUCLUSE 2
V615502002;2007-03-01;9976;9805;10141;4804;5172;FONTAINE DE VAUCLUSE 2
V615502002;2007-03-02;6721;6696;6777;1610;1685;FONTAINE DE VAUCLUSE 2
V615502002;2007-03-03;9348;9289;9407;4250;4377;FONTAINE DE VAUCLUSE 2
V615502002;2007-03-04;6809;6693;6925;1608;1822;FONTAINE DE VAUCLUSE 2
V615502002;2007-03-05;11517;9708;13333;4700;9300;FONTAINE DE VAUCLUSE 2
V615502002;2007-03-06;9080;8975;9184;3912;4138;FONTAINE DE VAUCLUSE 2
V615502002;2007-03-07;7986;7916;8055;2775;2925;FONTAINE DE VAUCLUSE 2
V615502002;2007-03-08;5306;5280;5332;315;362;FONTAINE DE VAUCLUSE 2
V615502002;2007-03-09;4370;4358;4382;-540;-513;FONTAINE DE VAUCLUSE 2
V615502002;2007-03-10;4132;4118;4148;-814;-771;FONTAINE DE VAUCLUSE 2
V615502002;2007-03-11;3858;3854;3865;-1215;-1198;FONTAINE DE VAUCLUSE 2
V615502002;2007-03-12;6057;5936;6201;909;1152;FONTAINE DE VAUCLUSE 2
V615502002;2007-04-01;9652;9536;9805;4516;4804;FONTAINE DE VAUCLUSE 2
V615502002;2007-04-02;6685;6674;6696;1590;1610;FONTAINE DE VAUCLUSE 2
V615502002;2007-04-03;9230;9171;9289;4123;4250;FONTAINE DE VAUCLUSE 2
V615502002;2007-04-04;7030;6925;7113;1822;1996;FONTAINE DE VAUCLUSE 2
V615502002;2007-04-05;14989;13333;16626;9300;14860;FONTAINE DE VAUCLUSE 2
V615502002;2007-04-06;8927;8870;8994;3800;3933;FONTAINE DE VAUCLUSE 2
V615502002;2007-04-07;7846;7776;7916;2625;2775;FONTAINE DE VAUCLUSE 2
V615502002;2007-04-08;5254;5228;5280;268;315;FONTAINE DE VAUCLUSE 2
V615502002;2007-04-09;4345;4333;4358;-567;-540;FONTAINE DE VAUCLUSE 2
V615502002;2007-04-10;4104;4090;4118;-856;-814;FONTAINE DE VAUCLUSE 2
V615502002;2007-04-11;3850;3847;3854;-1225;-1215;FONTAINE DE VAUCLUSE 2
V615502002;2007-04-12;5824;5713;5936;708;909;FONTAINE DE VAUCLUSE 2
V615502002;2007-05-01;9439;9342;9536;4307;4516;FONTAINE DE VAUCLUSE 2
V615502002;2007-05-02;6663;6652;6674;1570;1590;FONTAINE DE VAUCLUSE 2
V615502002;2007-05-03;9112;9052;9171;3995;4123;FONTAINE DE VAUCLUSE 2
V615502002;2007-05-04;7184;7113;7256;1996;2128;FONTAINE DE VAUCLUSE 2
V615502002;2007-05-05;18253;16626;19905;14860;21124;FONTAINE DE VAUCLUSE 2
V615502002;2007-05-06;9118;8994;9243;3933;4200;FONTAINE DE VAUCLUSE 2
V615502002;2007-05-07;7706;7631;7776;2475;2625;FONTAINE DE VAUCLUSE 2
V615502002;2007-05-08;5202;5176;5228;221;268;FONTAINE DE VAUCLUSE 2
V615502002;2007-05-09;4325;4321;4333;-580;-567;FONTAINE DE VAUCLUSE 2
V615502002;2007-05-10;4076;4062;4090;-899;-856;FONTAINE DE VAUCLUSE 2
V615502002;2007-05-11;3844;3840;3847;-1235;-1225;FONTAINE DE VAUCLUSE 2
V615502002;2007-05-12;5602;5491;5713;506;708;FONTAINE DE VAUCLUSE 2
V615502002;2007-06-01;9245;9148;9342;4099;4307;FONTAINE DE VAUCLUSE 2
V615502002;2007-06-02;6639;6620;6652;1540;1570;FONTAINE DE VAUCLUSE 2
V615502002;2007-06-03;8991;8931;9052;3865;3995;FONTAINE DE VAUCLUSE 2
V615502002;2007-06-04;7327;7256;7399;2128;2260;FONTAINE DE VAUCLUSE 2
V615502002;2007-06-05;20560;19905;20866;21124;21720;FONTAINE DE VAUCLUSE 2
V615502002;2007-06-06;9367;9243;9491;4200;4467;FONTAINE DE VAUCLUSE 2
V615502002;2007-06-07;7550;7469;7631;2325;2475;FONTAINE DE VAUCLUSE 2
V615502002;2007-06-08;5150;5124;5176;174;221;FONTAINE DE VAUCLUSE 2
V615502002;2007-06-09;4330;4326;4335;-575;-565;FONTAINE DE VAUCLUSE 2
V615502002;2007-06-10;4050;4043;4062;-927;-899;FONTAINE DE VAUCLUSE 2
V615502002;2007-06-11;3839;3837;3842;-1240;-1232;FONTAINE DE VAUCLUSE 2
V615502002;2007-06-12;5380;5268;5491;304;506;FONTAINE DE VAUCLUSE 2
V615502002;2007-07-01;9051;8954;9148;3890;4099;FONTAINE DE VAUCLUSE 2
V615502002;2007-07-02;6598;6577;6620;1500;1540;FONTAINE DE VAUCLUSE 2
V615502002;2007-07-03;8891;8870;8931;3800;3865;FONTAINE DE VAUCLUSE 2
V615502002;2007-07-04;7470;7399;7541;2260;2392;FONTAINE DE VAUCLUSE 2
V615502002;2007-07-05;20501;20028;20755;21260;21665;FONTAINE DE VAUCLUSE 2
V615502002;2007-07-06;9697;9491;10069;4467;5088;FONTAINE DE VAUCLUSE 2
V615502002;2007-07-07;7388;7307;7469;2175;2325;FONTAINE DE VAUCLUSE 2
V615502002;2007-07-08;5100;5080;5124;133;174;FONTAINE DE VAUCLUSE 2
V615502002;2007-07-09;4337;4333;4339;-567;-560;FONTAINE DE VAUCLUSE 2
V615502002;2007-07-10;4039;4034;4043;-941;-927;FONTAINE DE VAUCLUSE 2
V615502002;2007-07-11;3847;3842;3852;-1232;-1218;FONTAINE DE VAUCLUSE 2
V615502002;2007-07-12;5157;5046;5268;102;304;FONTAINE DE VAUCLUSE 2
V615502002;2007-08-01;8857;8760;8954;3681;3890;FONTAINE DE VAUCLUSE 2
V615502002;2007-08-02;6555;6533;6577;1460;1500;FONTAINE DE VAUCLUSE 2
V615502002;2007-08-03;8914;8893;8928;3825;3862;FONTAINE DE VAUCLUSE 2
V615502002;2007-08-04;7613;7541;7682;2392;2524;FONTAINE DE VAUCLUSE 2
V615502002;2007-08-05;19601;19030;20028;19740;21260;FONTAINE DE VAUCLUSE 2
V615502002;2007-08-06;10465;10069;10858;5088;6062;FONTAINE DE VAUCLUSE 2
V615502002;2007-08-07;7226;7144;7307;2025;2175;FONTAINE DE VAUCLUSE 2
V615502002;2007-08-08;5062;5043;5080;100;133;FONTAINE DE VAUCLUSE 2
V615502002;2007-08-09;4327;4321;4333;-580;-567;FONTAINE DE VAUCLUSE 2
V615502002;2007-08-10;4029;4025;4034;-955;-941;FONTAINE DE VAUCLUSE 2
V615502002;2007-08-11;3855;3852;3857;-1218;-1210;FONTAINE DE VAUCLUSE 2
V615502002;2007-08-12;4935;4824;5046;-99;102;FONTAINE DE VAUCLUSE 2
V615502002;2007-09-01;8663;8566;8760;3473;3681;FONTAINE DE VAUCLUSE 2
V615502002;2007-09-02;6512;6490;6533;1420;1460;FONTAINE DE VAUCLUSE 2
V615502002;2007-09-03;8940;8928;8952;3862;3888;FONTAINE DE VAUCLUSE 2
V615502002;2007-09-04;7748;7682;7823;2524;2675;FONTAINE DE VAUCLUSE 2
V615502002;2007-09-05;18486;18019;19030;17652;19740;FONTAINE DE VAUCLUSE 2
V615502002;2007-09-06;11346;10858;12024;6062;7510;FONTAINE DE VAUCLUSE 2
V615502002;2007-09-07;7071;7011;7144;1902;2025;FONTAINE DE VAUCLUSE 2
V615502002;2007-09-08;5025;5006;5043;67;100;FONTAINE DE VAUCLUSE 2
V615502002;2007-09-09;4315;4309;4321;-593;-580;FONTAINE DE VAUCLUSE 2
V615502002;2007-09-10;4020;4016;4025;-969;-955;FONTAINE DE VAUCLUSE 2
V615502002;2007-09-11;3853;3850;3855;-1220;-1213;FONTAINE DE VAUCLUSE 2
V615502002;2007-09-12;4801;4712;4955;-200;20;FONTAINE DE VAUCLUSE 2
V615502002;2007-10-01;8468;8371;8566;3264;3473;FONTAINE DE VAUCLUSE 2
V615502002;2007-10-02;6456;6398;6490;1335;1420;FONTAINE DE VAUCLUSE 2
V615502002;2007-10-03;8954;8940;8963;3875;3900;FONTAINE DE VAUCLUSE 2
V615502002;2007-10-04;7879;7823;7902;2675;2760;FONTAINE DE VAUCLUSE 2
V615502002;2007-10-05;17584;17134;18019;15818;17652;FONTAINE DE VAUCLUSE 2
V615502002;2007-10-06;12729;12024;13316;7510;9275;FONTAINE DE VAUCLUSE 2
V615502002;2007-10-07;6959;6907;7011;1805;1902;FONTAINE DE VAUCLUSE 2
V615502002;2007-10-08;4988;4970;5006;33;67;FONTAINE DE VAUCLUSE 2
V615502002;2007-10-09;4299;4280;4309;-625;-593;FONTAINE DE VAUCLUSE 2
V615502002;2007-10-10;4011;4006;4016;-983;-969;FONTAINE DE VAUCLUSE 2
V615502002;2007-10-11;3848;3846;3850;-1227;-1220;FONTAINE DE VAUCLUSE 2
V615502002;2007-10-12;5198;4955;5440;20;460;FONTAINE DE VAUCLUSE 2
V615502002;2007-11-01;8282;8210;8371;3091;3264;FONTAINE DE VAUCLUSE 2
V615502002;2007-11-02;6399;6328;6542;1270;1468;FONTAINE DE VAUCLUSE 2
V615502002;2007-11-03;8908;8857;8940;3786;3875;FONTAINE DE VAUCLUSE 2
V615502002;2007-11-04;7874;7860;7888;2715;2745;FONTAINE DE VAUCLUSE 2
V615502002;2007-11-05;16688;16325;17134;14295;15818;FONTAINE DE VAUCLUSE 2
V615502002;2007-11-06;13604;13316;13853;9275;10080;FONTAINE DE VAUCLUSE 2
V615502002;2007-11-07;6854;6802;6907;1708;1805;FONTAINE DE VAUCLUSE 2
V615502002;2007-11-08;4951;4933;4970;0;33;FONTAINE DE VAUCLUSE 2
V615502002;2007-11-09;4262;4251;4280;-658;-625;FONTAINE DE VAUCLUSE 2
V615502002;2007-11-10;4001;3996;4006;-999;-983;FONTAINE DE VAUCLUSE 2
V615502002;2007-11-11;3844;3840;3846;-1235;-1227;FONTAINE DE VAUCLUSE 2
V615502002;2007-11-12;5610;5440;5683;460;680;FONTAINE DE VAUCLUSE 2
V615502002;2007-12-01;8146;8082;8210;2953;3091;FONTAINE DE VAUCLUSE 2
V615502002;2007-12-02;6757;6542;6971;1468;1865;FONTAINE DE VAUCLUSE 2
V615502002;2007-12-03;8798;8739;8857;3659;3786;FONTAINE DE VAUCLUSE 2
V615502002;2007-12-04;7848;7841;7860;2695;2715;FONTAINE DE VAUCLUSE 2
V615502002;2007-12-05;16004;15682;16325;13085;14295;FONTAINE DE VAUCLUSE 2
V615502002;2007-12-06;12940;12479;13393;8075;9390;FONTAINE DE VAUCLUSE 2
V615502002;2007-12-07;6750;6697;6802;1612;1708;FONTAINE DE VAUCLUSE 2
V615502002;2007-12-08;4915;4896;4933;-33;0;FONTAINE DE VAUCLUSE 2
V615502002;2007-12-09;4244;4237;4251;-672;-658;FONTAINE DE VAUCLUSE 2
V615502002;2007-12-10;3990;3984;3996;-1017;-999;FONTAINE DE VAUCLUSE 2
V615502002;2007-12-11;3837;3834;3840;-1245;-1235;FONTAINE DE VAUCLUSE 2
V615502002;2007-12-12;5585;5535;5634;546;635;FONTAINE DE VAUCLUSE 2
V615502002;2008-01-01;7382;7080;7682;1965;2524;FONTAINE DE VAUCLUSE 2
V615502002;2008-01-02;14961;14626;15069;11240;11930;FONTAINE DE VAUCLUSE 2
V615502002;2008-01-03;11945;11903;11987;7360;7464;FONTAINE DE VAUCLUSE 2
V615502002;2008-01-04;8019;8014;8032;2880;2900;FONTAINE DE VAUCLUSE 2
V615502002;2008-01-05;20872;20654;21116;21615;21810;FONTAINE DE VAUCLUSE 2
V615502002;2008-01-06;49697;49353;50041;23075;23090;FONTAINE DE VAUCLUSE 2
V615502002;2008-01-07;18015;17877;18153;17352;17938;FONTAINE DE VAUCLUSE 2
V615502002;2008-01-08;10587;10517;10664;5639;5822;FONTAINE DE VAUCLUSE 2
V615502002;2008-01-09;7404;7388;7427;2250;2287;FONTAINE DE VAUCLUSE 2
V615502002;2008-01-10;6800;6750;6851;1660;1753;FONTAINE DE VAUCLUSE 2
V615502002;2008-01-11;14654;13756;15544;9935;12825;FONTAINE DE VAUCLUSE 2
V615502002;2008-01-12;21866;20140;22744;21360;22070;FONTAINE DE VAUCLUSE 2
V615502002;2008-02-01;7942;7682;8202;2524;3083;FONTAINE DE VAUCLUSE 2
V615502002;2008-02-02;14228;13953;14626;10230;11240;FONTAINE DE VAUCLUSE 2
V615502002;2008-02-03;11861;11819;11903;7256;7360;FONTAINE DE VAUCLUSE 2
V615502002;2008-02-04;8023;8018;8028;2885;2895;FONTAINE DE VAUCLUSE 2
V615502002;2008-02-05;20406;20093;20654;21332;21615;FONTAINE DE VAUCLUSE 2
V615502002;2008-02-06;48838;48666;49353;23060;23075;FONTAINE DE VAUCLUSE 2
V615502002;2008-02-07;17738;17595;17877;16755;17352;FONTAINE DE VAUCLUSE 2
V615502002;2008-02-08;10452;10387;10517;5478;5639;FONTAINE DE VAUCLUSE 2
V615502002;2008-02-09;7437;7413;7462;2273;2319;FONTAINE DE VAUCLUSE 2
V615502002;2008-02-10;6699;6649;6750;1567;1660;FONTAINE DE VAUCLUSE 2
V615502002;2008-02-11;16355;15544;17112;12825;15775;FONTAINE DE VAUCLUSE 2
V615502002;2008-02-12;22759;22744;22804;22070;22075;FONTAINE DE VAUCLUSE 2
V615502002;2008-03-01;8463;8202;8723;3083;3642;FONTAINE DE VAUCLUSE 2
V615502002;2008-03-02;13742;13536;13953;9605;10230;FONTAINE DE VAUCLUSE 2
V615502002;2008-03-03;11777;11735;11819;7152;7256;FONTAINE DE VAUCLUSE 2
V615502002;2008-03-04;8031;8028;8032;2895;2900;FONTAINE DE VAUCLUSE 2
V615502002;2008-03-05;19897;19645;20093;20836;21332;FONTAINE DE VAUCLUSE 2
V615502002;2008-03-06;48723;48666;48895;23060;23065;FONTAINE DE VAUCLUSE 2
V615502002;2008-03-07;17451;17306;17595;16142;16755;FONTAINE DE VAUCLUSE 2
V615502002;2008-03-08;10322;10257;10387;5316;5478;FONTAINE DE VAUCLUSE 2
V615502002;2008-03-09;7487;7462;7512;2319;2365;FONTAINE DE VAUCLUSE 2
V615502002;2008-03-10;6604;6573;6649;1496;1567;FONTAINE DE VAUCLUSE 2
V615502002;2008-03-11;17921;17112;19010;15775;19700;FONTAINE DE VAUCLUSE 2
V615502002;2008-03-12;22863;22804;22923;22075;22085;FONTAINE DE VAUCLUSE 2
V615502002;2008-04-01;8983;8723;9243;3642;4201;FONTAINE DE VAUCLUSE 2
V615502002;2008-04-02;13601;13333;14200;9300;10600;FONTAINE DE VAUCLUSE 2
V615502002;2008-04-03;11667;11547;11735;6918;7152;FONTAINE DE VAUCLUSE 2
V615502002;2008-04-04;8032;8032;8032;2900;2900;FONTAINE DE VAUCLUSE 2
V615502002;2008-04-05;19414;19223;19645;20125;20836;FONTAINE DE VAUCLUSE 2
V615502002;2008-04-06;48952;48666;49124;23060;23070;FONTAINE DE VAUCLUSE 2
V615502002;2008-04-07;17144;16980;17306;15528;16142;FONTAINE DE VAUCLUSE 2
V615502002;2008-04-08;10192;10127;10257;5154;5316;FONTAINE DE VAUCLUSE 2
V615502002;2008-04-09;7537;7512;7562;2365;2411;FONTAINE DE VAUCLUSE 2
V615502002;2008-04-10;6547;6521;6573;1449;1496;FONTAINE DE VAUCLUSE 2
V615502002;2008-04-11;24016;19010;30594;19700;22475;FONTAINE DE VAUCLUSE 2
V615502002;2008-04-12;22982;22923;23042;22085;22095;FONTAINE DE VAUCLUSE 2
V615502002;2008-05-01;9907;9243;11323;4201;6640;FONTAINE DE VAUCLUSE 2
V615502002;2008-05-02;14890;14200;15241;10600;12255;FONTAINE DE VAUCLUSE 2
V615502002;2008-05-03;11400;11254;11547;6554;6918;FONTAINE DE VAUCLUSE 2
V615502002;2008-05-04;8032;8032;8032;2900;2900;FONTAINE DE VAUCLUSE 2
V615502002;2008-05-05;19035;18847;19223;19375;20125;FONTAINE DE VAUCLUSE 2
V615502002;2008-05-06;48036;47062;48666;23025;23060;FONTAINE DE VAUCLUSE 2
V615502002;2008-05-07;16822;16673;16980;14950;15528;FONTAINE DE VAUCLUSE 2
V615502002;2008-05-08;10055;9980;10127;4992;5154;FONTAINE DE VAUCLUSE 2
V615502002;2008-05-09;7587;7562;7612;2411;2457;FONTAINE DE VAUCLUSE 2
V615502002;2008-05-10;6496;6470;6521;1401;1449;FONTAINE DE VAUCLUSE 2
V615502002;2008-05-11;36314;30594;41878;22475;22880;FONTAINE DE VAUCLUSE 2
V615502002;2008-05-12;23611;23042;25451;22095;22250;FONTAINE DE VAUCLUSE 2
V615502002;2008-06-01;13262;11323;15571;6640;12875;FONTAINE DE VAUCLUSE 2
V615502002;2008-06-02;15404;15241;15515;12255;12770;FONTAINE DE VAUCLUSE 2
V615502002;2008-06-03;11107;10961;11254;6190;6554;FONTAINE DE VAUCLUSE 2
V615502002;2008-06-04;8032;8032;8032;2900;2900;FONTAINE DE VAUCLUSE 2
V615502002;2008-06-05;18652;18447;18847;18560;19375;FONTAINE DE VAUCLUSE 2
V615502002;2008-06-06;45871;44688;47062;22970;23025;FONTAINE DE VAUCLUSE 2
V615502002;2008-06-07;16530;16386;16673;14410;14950;FONTAINE DE VAUCLUSE 2
V615502002;2008-06-08;9905;9830;9980;4831;4992;FONTAINE DE VAUCLUSE 2
V615502002;2008-06-09;7620;7597;7636;2443;2480;FONTAINE DE VAUCLUSE 2
V615502002;2008-06-10;6444;6419;6470;1354;1401;FONTAINE DE VAUCLUSE 2
V615502002;2008-06-11;47036;41878;49582;22880;23080;FONTAINE DE VAUCLUSE 2
V615502002;2008-06-12;27775;25451;28633;22250;22400;FONTAINE DE VAUCLUSE 2
V615502002;2008-07-01;17227;15571;17923;12875;17450;FONTAINE DE VAUCLUSE 2
V615502002;2008-07-02;15603;15515;15698;12770;13115;FONTAINE DE VAUCLUSE 2
V615502002;2008-07-03;10814;10668;10961;5826;6190;FONTAINE DE VAUCLUSE 2
V615502002;2008-07-04;8039;8032;8059;2900;2928;FONTAINE DE VAUCLUSE 2
V615502002;2008-07-05;18274;18171;18447;17975;18560;FONTAINE DE VAUCLUSE 2
V615502002;2008-07-06;43634;42346;44688;22895;22970;FONTAINE DE VAUCLUSE 2
V615502002;2008-07-07;16246;16113;16386;13895;14410;FONTAINE DE VAUCLUSE 2
V615502002;2008-07-08;9759;9696;9830;4687;4831;FONTAINE DE VAUCLUSE 2
V615502002;2008-07-09;7557;7518;7597;2370;2443;FONTAINE DE VAUCLUSE 2
V615502002;2008-07-10;6451;6393;6601;1330;1522;FONTAINE DE VAUCLUSE 2
V615502002;2008-07-11;50155;49582;50499;23080;23100;FONTAINE DE VAUCLUSE 2
V615502002;2008-07-12;28633;28633;28633;22400;22400;FONTAINE DE VAUCLUSE 2
V615502002;2008-08-01;17994;17735;18159;17050;17950;FONTAINE DE VAUCLUSE 2
V615502002;2008-08-02;15782;15698;15836;13115;13375;FONTAINE DE VAUCLUSE 2
V615502002;2008-08-03;10521;10375;10668;5462;5826;FONTAINE DE VAUCLUSE 2
V615502002;2008-08-04;8085;8059;8111;2928;2985;FONTAINE DE VAUCLUSE 2
V615502002;2008-08-05;18078;17936;18171;17478;17975;FONTAINE DE VAUCLUSE 2
V615502002;2008-08-06;41019;39848;42346;22815;22895;FONTAINE DE VAUCLUSE 2
V615502002;2008-08-07;15983;15852;16113;13405;13895;FONTAINE DE VAUCLUSE 2
V615502002;2008-08-08;9637;9579;9696;4561;4687;FONTAINE DE VAUCLUSE 2
V615502002;2008-08-09;7478;7438;7518;2297;2370;FONTAINE DE VAUCLUSE 2
V615502002;2008-08-10;6809;6601;7017;1522;1908;FONTAINE DE VAUCLUSE 2
V615502002;2008-08-11;49239;47749;50041;23040;23090;FONTAINE DE VAUCLUSE 2
V615502002;2008-08-12;28552;28306;28633;22388;22400;FONTAINE DE VAUCLUSE 2
V615502002;2008-09-01;17259;16679;17735;14960;17050;FONTAINE DE VAUCLUSE 2
V615502002;2008-09-02;15860;15836;15876;13375;13450;FONTAINE DE VAUCLUSE 2
V615502002;2008-09-03;10228;10080;10375;5100;5462;FONTAINE DE VAUCLUSE 2
V615502002;2008-09-04;8138;8111;8164;2985;3042;FONTAINE DE VAUCLUSE 2
V615502002;2008-09-05;17770;17604;17936;16772;17478;FONTAINE DE VAUCLUSE 2
V615502002;2008-09-06;38679;37391;39848;22735;22815;FONTAINE DE VAUCLUSE 2
V615502002;2008-09-07;15722;15592;15852;12915;13405;FONTAINE DE VAUCLUSE 2
V615502002;2008-09-08;9520;9461;9579;4435;4561;FONTAINE DE VAUCLUSE 2
V615502002;2008-09-09;7524;7399;7846;2260;2700;FONTAINE DE VAUCLUSE 2
V615502002;2008-09-10;7228;7017;7442;1908;2300;FONTAINE DE VAUCLUSE 2
V615502002;2008-09-11;45997;44532;47749;22965;23040;FONTAINE DE VAUCLUSE 2
V615502002;2008-09-12;27980;27653;28306;22362;22388;FONTAINE DE VAUCLUSE 2
V615502002;2008-10-01;16220;16046;16679;13770;14960;FONTAINE DE VAUCLUSE 2
V615502002;2008-10-02;15810;15743;15850;13200;13400;FONTAINE DE VAUCLUSE 2
V615502002;2008-10-03;9934;9829;10080;4830;5100;FONTAINE DE VAUCLUSE 2
V615502002;2008-10-04;8311;8164;8698;3042;3615;FONTAINE DE VAUCLUSE 2
V615502002;2008-10-05;17444;17299;17604;16128;16772;FONTAINE DE VAUCLUSE 2
V615502002;2008-10-06;36313;35430;37391;22660;22735;FONTAINE DE VAUCLUSE 2
V615502002;2008-10-07;15466;15348;15592;12455;12915;FONTAINE DE VAUCLUSE 2
V615502002;2008-10-08;9403;9344;9461;4309;4435;FONTAINE DE VAUCLUSE 2
V615502002;2008-10-09;8256;7846;8665;2700;3580;FONTAINE DE VAUCLUSE 2
V615502002;2008-10-10;7589;7442;7658;2300;2500;FONTAINE DE VAUCLUSE 2
V615502002;2008-10-11;43049;40785;44532;22845;22965;FONTAINE DE VAUCLUSE 2
V615502002;2008-10-12;27604;27326;28110;22350;22380;FONTAINE DE VAUCLUSE 2
V615502002;2008-11-01;16174;16110;16238;13890;14130;FONTAINE DE VAUCLUSE 2
V615502002;2008-11-02;15657;15557;15743;12850;13200;FONTAINE DE VAUCLUSE 2
V615502002;2008-11-03;9765;9741;9829;4735;4830;FONTAINE DE VAUCLUSE 2
V615502002;2008-11-04;9293;8698;10062;3615;5080;FONTAINE DE VAUCLUSE 2
V615502002;2008-11-05;17144;16988;17299;15542;16128;FONTAINE DE VAUCLUSE 2
V615502002;2008-11-06;34809;34515;35430;22625;22660;FONTAINE DE VAUCLUSE 2
V615502002;2008-11-07;15233;15119;15348;12025;12455;FONTAINE DE VAUCLUSE 2
V615502002;2008-11-08;9285;9227;9344;4183;4309;FONTAINE DE VAUCLUSE 2
V615502002;2008-11-09;9075;8665;9485;3580;4460;FONTAINE DE VAUCLUSE 2
V615502002;2008-11-10;7536;7476;7597;2331;2444;FONTAINE DE VAUCLUSE 2
V615502002;2008-11-11;38398;36607;40785;22705;22845;FONTAINE DE VAUCLUSE 2
V615502002;2008-11-12;29385;28110;31640;22380;22515;FONTAINE DE VAUCLUSE 2
V615502002;2008-12-01;16794;16238;18277;14130;18200;FONTAINE DE VAUCLUSE 2
V615502002;2008-12-02;15443;15312;15557;12388;12850;FONTAINE DE VAUCLUSE 2
V615502002;2008-12-03;9736;9731;9741;4725;4735;FONTAINE DE VAUCLUSE 2
V615502002;2008-12-04;10802;10062;11524;5080;6890;FONTAINE DE VAUCLUSE 2
V615502002;2008-12-05;16830;16667;16988;14938;15542;FONTAINE DE VAUCLUSE 2
V615502002;2008-12-06;34450;34385;34515;22620;22625;FONTAINE DE VAUCLUSE 2
V615502002;2008-12-07;15000;14869;15119;11605;12025;FONTAINE DE VAUCLUSE 2
V615502002;2008-12-08;9183;9168;9227;4120;4183;FONTAINE DE VAUCLUSE 2
V615502002;2008-12-09;9893;9485;10284;4460;5350;FONTAINE DE VAUCLUSE 2
V615502002;2008-12-10;7415;7354;7476;2219;2331;FONTAINE DE VAUCLUSE 2
V615502002;2008-12-11;35169;33731;36607;22595;22705;FONTAINE DE VAUCLUSE 2
V615502002;2008-12-12;34385;31640;37129;22515;22725;FONTAINE DE VAUCLUSE 2
V615502002;2009-01-01;32555;32162;32947;22535;22565;FONTAINE DE VAUCLUSE 2
V615502002;2009-01-02;28110;27457;28764;22355;22405;FONTAINE DE VAUCLUSE 2
V615502002;2009-01-03;26104;26058;26151;22282;22288;FONTAINE DE VAUCLUSE 2
V615502002;2009-01-04;20679;20664;20715;21620;21645;FONTAINE DE VAUCLUSE 2
V615502002;2009-01-05;44894;44141;45802;22952;22998;FONTAINE DE VAUCLUSE 2
V615502002;2009-01-06;17530;17442;17618;16430;16803;FONTAINE DE VAUCLUSE 2
V615502002;2009-01-07;12372;12300;12443;7854;8031;FONTAINE DE VAUCLUSE 2
V615502002;2009-01-08;8950;8910;8990;3843;3929;FONTAINE DE VAUCLUSE 2
V615502002;2009-01-09;7226;7198;7253;2075;2125;FONTAINE DE VAUCLUSE 2
V615502002;2009-01-10;7556;7510;7603;2363;2449;FONTAINE DE VAUCLUSE 2
V615502002;2009-01-11;11009;10798;11220;5988;6512;FONTAINE DE VAUCLUSE 2
V615502002;2009-01-12;18453;18043;18628;17704;18940;FONTAINE DE VAUCLUSE 2
V615502002;2009-02-01;33208;32947;33339;22565;22580;FONTAINE DE VAUCLUSE 2
V615502002;2009-02-02;27514;26945;28851;22330;22408;FONTAINE DE VAUCLUSE 2
V615502002;2009-02-03;26198;26151;26245;22288;22292;FONTAINE DE VAUCLUSE 2
V615502002;2009-02-04;20815;20715;21042;21645;21785;FONTAINE DE VAUCLUSE 2
V615502002;2009-02-05;43315;42242;44141;22892;22952;FONTAINE DE VAUCLUSE 2
V615502002;2009-02-06;17354;17262;17442;16057;16430;FONTAINE DE VAUCLUSE 2
V615502002;2009-02-07;12229;12157;12300;7676;7854;FONTAINE DE VAUCLUSE 2
V615502002;2009-02-08;8871;8834;8910;3761;3843;FONTAINE DE VAUCLUSE 2
V615502002;2009-02-09;7171;7144;7198;2025;2075;FONTAINE DE VAUCLUSE 2
V615502002;2009-02-10;7463;7416;7510;2276;2363;FONTAINE DE VAUCLUSE 2
V615502002;2009-02-11;11432;11220;11643;6512;7038;FONTAINE DE VAUCLUSE 2
V615502002;2009-02-12;18688;18628;18749;18940;19180;FONTAINE DE VAUCLUSE 2
V615502002;2009-03-01;32955;32457;33208;22546;22575;FONTAINE DE VAUCLUSE 2
V615502002;2009-03-02;30899;28851;32947;22408;22565;FONTAINE DE VAUCLUSE 2
V615502002;2009-03-03;26291;26245;26338;22292;22298;FONTAINE DE VAUCLUSE 2
V615502002;2009-03-04;21357;21042;21672;21785;21980;FONTAINE DE VAUCLUSE 2
V615502002;2009-03-05;41045;39848;42242;22815;22892;FONTAINE DE VAUCLUSE 2
V615502002;2009-03-06;17164;17069;17262;15695;16057;FONTAINE DE VAUCLUSE 2
V615502002;2009-03-07;12086;12015;12157;7499;7676;FONTAINE DE VAUCLUSE 2
V615502002;2009-03-08;8798;8761;8834;3683;3761;FONTAINE DE VAUCLUSE 2
V615502002;2009-03-09;7117;7090;7144;1975;2025;FONTAINE DE VAUCLUSE 2
V615502002;2009-03-10;7368;7320;7416;2187;2276;FONTAINE DE VAUCLUSE 2
V615502002;2009-03-11;11983;11643;12579;7038;8200;FONTAINE DE VAUCLUSE 2
V615502002;2009-03-12;19002;18749;19725;19180;20925;FONTAINE DE VAUCLUSE 2
V615502002;2009-04-01;31836;31215;32457;22499;22546;FONTAINE DE VAUCLUSE 2
V615502002;2009-04-02;34995;32947;37042;22565;22722;FONTAINE DE VAUCLUSE 2
V615502002;2009-04-03;26350;26291;26385;22295;22300;FONTAINE DE VAUCLUSE 2
V615502002;2009-04-04;22461;21672;22923;21980;22085;FONTAINE DE VAUCLUSE 2
V615502002;2009-04-05;38652;37478;39848;22738;22815;FONTAINE DE VAUCLUSE 2
V615502002;2009-04-06;16976;16883;17069;15345;15695;FONTAINE DE VAUCLUSE 2
V615502002;2009-04-07;11943;11872;12015;7321;7499;FONTAINE DE VAUCLUSE 2
V615502002;2009-04-08;8725;8689;8761;3606;3683;FONTAINE DE VAUCLUSE 2
V615502002;2009-04-09;7063;7036;7090;1925;1975;FONTAINE DE VAUCLUSE 2
V615502002;2009-04-10;7272;7224;7320;2099;2187;FONTAINE DE VAUCLUSE 2
V615502002;2009-04-11;13077;12579;13311;8200;9268;FONTAINE DE VAUCLUSE 2
V615502002;2009-04-12;27803;19725;33731;20925;22595;FONTAINE DE VAUCLUSE 2
V615502002;2009-05-01;30594;29973;31215;22451;22499;FONTAINE DE VAUCLUSE 2
V615502002;2009-05-02;39595;37042;42658;22722;22905;FONTAINE DE VAUCLUSE 2
V615502002;2009-05-03;26116;25777;26291;22268;22295;FONTAINE DE VAUCLUSE 2
V615502002;2009-05-04;23198;22923;23429;22085;22128;FONTAINE DE VAUCLUSE 2
V615502002;2009-05-05;36454;35387;37478;22658;22738;FONTAINE DE VAUCLUSE 2
V615502002;2009-05-06;16790;16697;16883;14995;15345;FONTAINE DE VAUCLUSE 2
V615502002;2009-05-07;11800;11729;11872;7144;7321;FONTAINE DE VAUCLUSE 2
V615502002;2009-05-08;8653;8617;8689;3528;3606;FONTAINE DE VAUCLUSE 2
V615502002;2009-05-09;7009;6982;7036;1875;1925;FONTAINE DE VAUCLUSE 2
V615502002;2009-05-10;7176;7128;7224;2010;2099;FONTAINE DE VAUCLUSE 2
V615502002;2009-05-11;13423;13311;13535;9268;9602;FONTAINE DE VAUCLUSE 2
V615502002;2009-05-12;34221;33339;34907;22580;22640;FONTAINE DE VAUCLUSE 2
V615502002;2009-06-01;29352;28731;29973;22404;22451;FONTAINE DE VAUCLUSE 2
V615502002;2009-06-02;46570;42658;51186;22905;23115;FONTAINE DE VAUCLUSE 2
V615502002;2009-06-03;25357;24937;25777;22222;22268;FONTAINE DE VAUCLUSE 2
V615502002;2009-06-04;23638;23429;23846;22128;22162;FONTAINE DE VAUCLUSE 2
V615502002;2009-06-05;34297;33208;35387;22575;22658;FONTAINE DE VAUCLUSE 2
V615502002;2009-06-06;16604;16511;16697;14645;14995;FONTAINE DE VAUCLUSE 2
V615502002;2009-06-07;11657;11586;11729;6966;7144;FONTAINE DE VAUCLUSE 2
V615502002;2009-06-08;8580;8544;8617;3450;3528;FONTAINE DE VAUCLUSE 2
V615502002;2009-06-09;6958;6941;6982;1837;1875;FONTAINE DE VAUCLUSE 2
V615502002;2009-06-10;7080;7032;7128;1921;2010;FONTAINE DE VAUCLUSE 2
V615502002;2009-06-11;13566;13438;13646;9458;9770;FONTAINE DE VAUCLUSE 2
V615502002;2009-06-12;31558;29352;33339;22428;22580;FONTAINE DE VAUCLUSE 2
V615502002;2009-07-01;28059;27288;28731;22348;22404;FONTAINE DE VAUCLUSE 2
V615502002;2009-07-02;55081;51186;57143;23115;23245;FONTAINE DE VAUCLUSE 2
V615502002;2009-07-03;24528;24143;24937;22180;22222;FONTAINE DE VAUCLUSE 2
V615502002;2009-07-04;23980;23836;24143;22162;22180;FONTAINE DE VAUCLUSE 2
V615502002;2009-07-05;32119;31030;33208;22492;22575;FONTAINE DE VAUCLUSE 2
V615502002;2009-07-06;16421;16336;16511;14315;14645;FONTAINE DE VAUCLUSE 2
V615502002;2009-07-07;11514;11443;11586;6789;6966;FONTAINE DE VAUCLUSE 2
V615502002;2009-07-08;8508;8472;8544;3372;3450;FONTAINE DE VAUCLUSE 2
V615502002;2009-07-09;6927;6913;6941;1811;1837;FONTAINE DE VAUCLUSE 2
V615502002;2009-07-10;6985;6937;7032;1833;1921;FONTAINE DE VAUCLUSE 2
V615502002;2009-07-11;13231;13023;13438;8834;9458;FONTAINE DE VAUCLUSE 2
V615502002;2009-07-12;27163;25310;29352;22242;22428;FONTAINE DE VAUCLUSE 2
V615502002;2009-08-01;26696;26104;27288;22285;22348;FONTAINE DE VAUCLUSE 2
V615502002;2009-08-02;57964;57143;58289;23245;23270;FONTAINE DE VAUCLUSE 2
V615502002;2009-08-03;23831;23578;24143;22140;22180;FONTAINE DE VAUCLUSE 2
V615502002;2009-08-04;23618;23399;23836;22125;22162;FONTAINE DE VAUCLUSE 2
V615502002;2009-08-05;29968;28960;31030;22412;22492;FONTAINE DE VAUCLUSE 2
V615502002;2009-08-06;16254;16171;16336;14005;14315;FONTAINE DE VAUCLUSE 2
V615502002;2009-08-07;11375;11313;11443;6628;6789;FONTAINE DE VAUCLUSE 2
V615502002;2009-08-08;8436;8399;8472;3294;3372;FONTAINE DE VAUCLUSE 2
V615502002;2009-08-09;6898;6884;6913;1784;1811;FONTAINE DE VAUCLUSE 2
V615502002;2009-08-10;6889;6841;6937;1744;1833;FONTAINE DE VAUCLUSE 2
V615502002;2009-08-11;12812;12587;13023;8210;8834;FONTAINE DE VAUCLUSE 2
V615502002;2009-08-12;23306;21249;25310;21855;22242;FONTAINE DE VAUCLUSE 2
V615502002;2009-09-01;25513;24921;26104;22222;22285;FONTAINE DE VAUCLUSE 2
V615502002;2009-09-02;57984;57831;58136;23260;23267;FONTAINE DE VAUCLUSE 2
V615502002;2009-09-03;23340;23102;23578;22100;22140;FONTAINE DE VAUCLUSE 2
V615502002;2009-09-04;23181;22963;23399;22088;22125;FONTAINE DE VAUCLUSE 2
V615502002;2009-09-05;27986;27085;28960;22338;22412;FONTAINE DE VAUCLUSE 2
V615502002;2009-09-06;16106;16076;16171;13825;14005;FONTAINE DE VAUCLUSE 2
V615502002;2009-09-07;11255;11197;11313;6483;6628;FONTAINE DE VAUCLUSE 2
V615502002;2009-09-08;8363;8327;8399;3217;3294;FONTAINE DE VAUCLUSE 2
V615502002;2009-09-09;6870;6856;6884;1758;1784;FONTAINE DE VAUCLUSE 2
V615502002;2009-09-10;6797;6761;6841;1670;1744;FONTAINE DE VAUCLUSE 2
V615502002;2009-09-11;12336;12085;12587;7586;8210;FONTAINE DE VAUCLUSE 2
V615502002;2009-09-12;20560;20032;21249;21265;21855;FONTAINE DE VAUCLUSE 2
V615502002;2009-10-01;24361;23876;24921;22165;22222;FONTAINE DE VAUCLUSE 2
V615502002;2009-10-02;57678;57525;57831;23253;23260;FONTAINE DE VAUCLUSE 2
V615502002;2009-10-03;22833;22506;23102;22050;22100;FONTAINE DE VAUCLUSE 2
V615502002;2009-10-04;22754;22565;22963;22055;22088;FONTAINE DE VAUCLUSE 2
V615502002;2009-10-05;26420;25824;27085;22270;22338;FONTAINE DE VAUCLUSE 2
V615502002;2009-10-06;16028;15911;16076;13515;13825;FONTAINE DE VAUCLUSE 2
V615502002;2009-10-07;11139;11081;11197;6339;6483;FONTAINE DE VAUCLUSE 2
V615502002;2009-10-08;8291;8255;8327;3139;3217;FONTAINE DE VAUCLUSE 2
V615502002;2009-10-09;6842;6827;6856;1732;1758;FONTAINE DE VAUCLUSE 2
V615502002;2009-10-10;6728;6696;6761;1610;1670;FONTAINE DE VAUCLUSE 2
V615502002;2009-10-11;11834;11582;12085;6962;7586;FONTAINE DE VAUCLUSE 2
V615502002;2009-10-12;19766;19499;20032;20675;21265;FONTAINE DE VAUCLUSE 2
V615502002;2009-11-01;23578;23280;23876;22115;22165;FONTAINE DE VAUCLUSE 2
V615502002;2009-11-02;57086;56074;57525;23222;23253;FONTAINE DE VAUCLUSE 2
V615502002;2009-11-03;22228;22108;22506;22017;22050;FONTAINE DE VAUCLUSE 2
V615502002;2009-11-04;22387;22208;22565;22025;22055;FONTAINE DE VAUCLUSE 2
V615502002;2009-11-05;25240;24610;25824;22205;22270;FONTAINE DE VAUCLUSE 2
V615502002;2009-11-06;15759;15608;15911;12945;13515;FONTAINE DE VAUCLUSE 2
V615502002;2009-11-07;11022;10964;11081;6194;6339;FONTAINE DE VAUCLUSE 2
V615502002;2009-11-08;8221;8192;8255;3071;3139;FONTAINE DE VAUCLUSE 2
V615502002;2009-11-09;6813;6799;6827;1706;1732;FONTAINE DE VAUCLUSE 2
V615502002;2009-11-10;6663;6631;6696;1550;1610;FONTAINE DE VAUCLUSE 2
V615502002;2009-11-11;11367;11224;11582;6517;6962;FONTAINE DE VAUCLUSE 2
V615502002;2009-11-12;19351;19203;19499;20085;20675;FONTAINE DE VAUCLUSE 2
V615502002;2009-12-01;22982;22684;23280;22065;22115;FONTAINE DE VAUCLUSE 2
V615502002;2009-12-02;54776;53478;56074;23165;23222;FONTAINE DE VAUCLUSE 2
V615502002;2009-12-03;22069;22029;22108;22010;22017;FONTAINE DE VAUCLUSE 2
V615502002;2009-12-04;22029;21850;22208;21995;22025;FONTAINE DE VAUCLUSE 2
V615502002;2009-12-05;24006;23519;24610;22135;22205;FONTAINE DE VAUCLUSE 2
V615502002;2009-12-06;15456;15305;15608;12375;12945;FONTAINE DE VAUCLUSE 2
V615502002;2009-12-07;10906;10848;10964;6050;6194;FONTAINE DE VAUCLUSE 2
V615502002;2009-12-08;8165;8139;8192;3014;3071;FONTAINE DE VAUCLUSE 2
V615502002;2009-12-09;6785;6771;6799;1679;1706;FONTAINE DE VAUCLUSE 2
V615502002;2009-12-10;6598;6566;6631;1490;1550;FONTAINE DE VAUCLUSE 2
V615502002;2009-12-11;11117;11011;11224;6252;6517;FONTAINE DE VAUCLUSE 2
V615502002;2009-12-12;19055;18907;19203;19495;20085;FONTAINE DE VAUCLUSE 2
V615502002;2010-01-01;52790;51645;53936;23125;23175;FONTAINE DE VAUCLUSE 2
V615502002;2010-01-02;27823;27025;28708;22334;22403;FONTAINE DE VAUCLUSE 2
V615502002;2010-01-03;54361;54263;54459;23182;23186;FONTAINE DE VAUCLUSE 2
V615502002;2010-01-04;40160;39770;40551;22812;22838;FONTAINE DE VAUCLUSE 2
V615502002;2010-01-05;27718;27522;27914;22358;22372;FONTAINE DE VAUCLUSE 2
V615502002;2010-01-06;20584;20453;20715;21515;21645;FONTAINE DE VAUCLUSE 2
V615502002;2010-01-07;20382;20191;20463;21385;21520;FONTAINE DE VAUCLUSE 2
V615502002;2010-01-08;13380;13306;13453;9260;9480;FONTAINE DE VAUCLUSE 2
V615502002;2010-01-09;9841;9796;9886;4794;4891;FONTAINE DE VAUCLUSE 2
V615502002;2010-01-10;8265;8265;8265;3150;3150;FONTAINE DE VAUCLUSE 2
V615502002;2010-01-11;23128;19048;28372;19776;22390;FONTAINE DE VAUCLUSE 2
V615502002;2010-01-12;18502;18354;18652;18362;18988;FONTAINE DE VAUCLUSE 2
V615502002;2010-02-01;50470;49239;51645;23072;23125;FONTAINE DE VAUCLUSE 2
V615502002;2010-02-02;29604;28708;30501;22403;22471;FONTAINE DE VAUCLUSE 2
V615502002;2010-02-03;54118;53878;54263;23174;23182;FONTAINE DE VAUCLUSE 2
V615502002;2010-02-04;40902;40551;41175;22838;22858;FONTAINE DE VAUCLUSE 2
V615502002;2010-02-05;27337;27179;27522;22342;22358;FONTAINE DE VAUCLUSE 2
V615502002;2010-02-06;20329;20221;20453;21400;21515;FONTAINE DE VAUCLUSE 2
V615502002;2010-02-07;20322;20150;20412;21365;21495;FONTAINE DE VAUCLUSE 2
V615502002;2010-02-08;13233;13160;13306;9040;9260;FONTAINE DE VAUCLUSE 2
V615502002;2010-02-09;9751;9706;9796;4698;4794;FONTAINE DE VAUCLUSE 2
V615502002;2010-02-10;8265;8265;8265;3150;3150;FONTAINE DE VAUCLUSE 2
V615502002;2010-02-11;32587;28372;34254;22390;22615;FONTAINE DE VAUCLUSE 2
V615502002;2010-02-12;18801;18652;18934;18988;19550;FONTAINE DE VAUCLUSE 2
V615502002;2010-03-01;47979;46718;49239;23018;23072;FONTAINE DE VAUCLUSE 2
V615502002;2010-03-02;31397;30501;32293;22471;22540;FONTAINE DE VAUCLUSE 2
V615502002;2010-03-03;53592;53306;53878;23161;23174;FONTAINE DE VAUCLUSE 2
V615502002;2010-03-04;41409;41175;41643;22858;22872;FONTAINE DE VAUCLUSE 2
V615502002;2010-03-05;27038;26898;27179;22328;22342;FONTAINE DE VAUCLUSE 2
V615502002;2010-03-06;20094;19925;20221;21147;21400;FONTAINE DE VAUCLUSE 2
V615502002;2010-03-07;19998;19806;20150;21015;21365;FONTAINE DE VAUCLUSE 2
V615502002;2010-03-08;13087;13013;13160;8820;9040;FONTAINE DE VAUCLUSE 2
V615502002;2010-03-09;9689;9661;9725;4650;4719;FONTAINE DE VAUCLUSE 2
V615502002;2010-03-10;8265;8265;8265;3150;3150;FONTAINE DE VAUCLUSE 2
V615502002;2010-03-11;33976;32359;34646;22542;22630;FONTAINE DE VAUCLUSE 2
V615502002;2010-03-12;19060;18934;19186;19550;20050;FONTAINE DE VAUCLUSE 2
V615502002;2010-04-01;45499;44454;46718;22962;23018;FONTAINE DE VAUCLUSE 2
V615502002;2010-04-02;33189;32293;34086;22540;22609;FONTAINE DE VAUCLUSE 2
V615502002;2010-04-03;53019;52733;53306;23149;23161;FONTAINE DE VAUCLUSE 2
V615502002;2010-04-04;41887;41643;42151;22872;22889;FONTAINE DE VAUCLUSE 2
V615502002;2010-04-05;26758;26618;26898;22312;22328;FONTAINE DE VAUCLUSE 2
V615502002;2010-04-06;19742;19558;19925;20740;21147;FONTAINE DE VAUCLUSE 2
V615502002;2010-04-07;19588;19401;19806;20478;21015;FONTAINE DE VAUCLUSE 2
V615502002;2010-04-08;12941;12871;13013;8607;8820;FONTAINE DE VAUCLUSE 2
V615502002;2010-04-09;9790;9725;9854;4719;4856;FONTAINE DE VAUCLUSE 2
V615502002;2010-04-10;8265;8265;8265;3150;3150;FONTAINE DE VAUCLUSE 2
V615502002;2010-04-11;30071;27784;32359;22368;22542;FONTAINE DE VAUCLUSE 2
V615502002;2010-04-12;19296;19186;19377;20050;20431;FONTAINE DE VAUCLUSE 2
V615502002;2010-05-01;43595;42736;44454;22908;22962;FONTAINE DE VAUCLUSE 2
V615502002;2010-05-02;34982;34086;35878;22609;22677;FONTAINE DE VAUCLUSE 2
V615502002;2010-05-03;52446;52160;52733;23136;23149;FONTAINE DE VAUCLUSE 2
V615502002;2010-05-04;42424;42151;42697;22889;22906;FONTAINE DE VAUCLUSE 2
V615502002;2010-05-05;26478;26338;26618;22298;22312;FONTAINE DE VAUCLUSE 2
V615502002;2010-05-06;19432;19328;19558;20333;20740;FONTAINE DE VAUCLUSE 2
V615502002;2010-05-07;19254;19108;19401;19895;20478;FONTAINE DE VAUCLUSE 2
V615502002;2010-05-08;12803;12734;12871;8401;8607;FONTAINE DE VAUCLUSE 2
V615502002;2010-05-09;9918;9854;9982;4856;4994;FONTAINE DE VAUCLUSE 2
V615502002;2010-05-10;8259;8240;8265;3123;3150;FONTAINE DE VAUCLUSE 2
V615502002;2010-05-11;25592;22982;27784;22090;22368;FONTAINE DE VAUCLUSE 2
V615502002;2010-05-12;19443;19377;19516;20431;20694;FONTAINE DE VAUCLUSE 2
V615502002;2010-06-01;42092;41878;42736;22880;22908;FONTAINE DE VAUCLUSE 2
V615502002;2010-06-02;36775;35878;37685;22677;22746;FONTAINE DE VAUCLUSE 2
V615502002;2010-06-03;51659;50728;52160;23105;23136;FONTAINE DE VAUCLUSE 2
V615502002;2010-06-04;42970;42697;43244;22906;22924;FONTAINE DE VAUCLUSE 2
V615502002;2010-06-05;26303;26198;26478;22290;22305;FONTAINE DE VAUCLUSE 2
V615502002;2010-06-06;19227;19130;19328;19940;20333;FONTAINE DE VAUCLUSE 2
V615502002;2010-06-07;18961;18815;19108;19312;19895;FONTAINE DE VAUCLUSE 2
V615502002;2010-06-08;12657;12575;12734;8195;8401;FONTAINE DE VAUCLUSE 2
V615502002;2010-06-09;10045;9982;10108;4994;5131;FONTAINE DE VAUCLUSE 2
V615502002;2010-06-10;8214;8189;8240;3069;3123;FONTAINE DE VAUCLUSE 2
V615502002;2010-06-11;21365;20221;22982;21400;22090;FONTAINE DE VAUCLUSE 2
V615502002;2010-06-12;19635;19516;19753;20694;20956;FONTAINE DE VAUCLUSE 2
V615502002;2010-07-01;41878;41878;41878;22880;22880;FONTAINE DE VAUCLUSE 2
V615502002;2010-07-02;38364;37685;38755;22746;22780;FONTAINE DE VAUCLUSE 2
V615502002;2010-07-03;49582;48437;50728;23055;23105;FONTAINE DE VAUCLUSE 2
V615502002;2010-07-04;43517;43244;43790;22924;22941;FONTAINE DE VAUCLUSE 2
V615502002;2010-07-05;26758;26478;27038;22305;22335;FONTAINE DE VAUCLUSE 2
V615502002;2010-07-06;19035;18940;19130;19560;19940;FONTAINE DE VAUCLUSE 2
V615502002;2010-07-07;18664;18507;18815;18687;19312;FONTAINE DE VAUCLUSE 2
V615502002;2010-07-08;12492;12409;12575;7989;8195;FONTAINE DE VAUCLUSE 2
V615502002;2010-07-09;10250;10108;10566;5131;5700;FONTAINE DE VAUCLUSE 2
V615502002;2010-07-10;8164;8139;8189;3014;3069;FONTAINE DE VAUCLUSE 2
V615502002;2010-07-11;19684;19231;20221;20140;21400;FONTAINE DE VAUCLUSE 2
V615502002;2010-07-12;19872;19753;19990;20956;21219;FONTAINE DE VAUCLUSE 2
V615502002;2010-08-01;41878;41878;41878;22880;22880;FONTAINE DE VAUCLUSE 2
V615502002;2010-08-02;37775;37326;38261;22732;22764;FONTAINE DE VAUCLUSE 2
V615502002;2010-08-03;47291;46146;48437;23005;23055;FONTAINE DE VAUCLUSE 2
V615502002;2010-08-04;43882;43611;44063;22936;22950;FONTAINE DE VAUCLUSE 2
V615502002;2010-08-05;27226;27038;27326;22335;22350;FONTAINE DE VAUCLUSE 2
V615502002;2010-08-06;18844;18749;18940;19180;19560;FONTAINE DE VAUCLUSE 2
V615502002;2010-08-07;18350;18192;18507;18020;18687;FONTAINE DE VAUCLUSE 2
V615502002;2010-08-08;12326;12243;12409;7783;7989;FONTAINE DE VAUCLUSE 2
V615502002;2010-08-09;10818;10566;10969;5700;6200;FONTAINE DE VAUCLUSE 2
V615502002;2010-08-10;8113;8088;8139;2960;3014;FONTAINE DE VAUCLUSE 2
V615502002;2010-08-11;18864;18532;19231;18740;20140;FONTAINE DE VAUCLUSE 2
V615502002;2010-08-12;20151;19990;20385;21219;21481;FONTAINE DE VAUCLUSE 2
V615502002;2010-09-01;41839;41722;41878;22875;22880;FONTAINE DE VAUCLUSE 2
V615502002;2010-09-02;36912;36498;37326;22701;22732;FONTAINE DE VAUCLUSE 2
V615502002;2010-09-03;45091;44219;46146;22955;23005;FONTAINE DE VAUCLUSE 2
V615502002;2010-09-04;43158;42705;43611;22906;22936;FONTAINE DE VAUCLUSE 2
V615502002;2010-09-05;27132;27038;27225;22335;22345;FONTAINE DE VAUCLUSE 2
V615502002;2010-09-06;18654;18560;18749;18800;19180;FONTAINE DE VAUCLUSE 2
V615502002;2010-09-07;18035;17878;18192;17353;18020;FONTAINE DE VAUCLUSE 2
V615502002;2010-09-08;12166;12098;12243;7602;7783;FONTAINE DE VAUCLUSE 2
V615502002;2010-09-09;10595;10480;10768;5593;5950;FONTAINE DE VAUCLUSE 2
V615502002;2010-09-10;8063;8037;8088;2906;2960;FONTAINE DE VAUCLUSE 2
V615502002;2010-09-11;18229;17925;18532;17452;18740;FONTAINE DE VAUCLUSE 2
V615502002;2010-09-12;20649;20385;20920;21481;21744;FONTAINE DE VAUCLUSE 2
V615502002;2010-10-01;41565;41409;41722;22865;22875;FONTAINE DE VAUCLUSE 2
V615502002;2010-10-02;36084;35670;36498;22669;22701;FONTAINE DE VAUCLUSE 2
V615502002;2010-10-03;43439;42658;44219;22905;22955;FONTAINE DE VAUCLUSE 2
V615502002;2010-10-04;42252;41800;42705;22878;22906;FONTAINE DE VAUCLUSE 2
V615502002;2010-10-05;27176;26945;27849;22330;22370;FONTAINE DE VAUCLUSE 2
V615502002;2010-10-06;18471;18381;18560;18420;18800;FONTAINE DE VAUCLUSE 2
V615502002;2010-10-07;17733;17615;17878;16797;17353;FONTAINE DE VAUCLUSE 2
V615502002;2010-10-08;12035;11972;12098;7446;7602;FONTAINE DE VAUCLUSE 2
V615502002;2010-10-09;10394;10307;10480;5379;5593;FONTAINE DE VAUCLUSE 2
V615502002;2010-10-10;8012;7987;8037;2851;2906;FONTAINE DE VAUCLUSE 2
V615502002;2010-10-11;17619;17313;17925;16158;17452;FONTAINE DE VAUCLUSE 2
V615502002;2010-10-12;21325;20920;21984;21744;22006;FONTAINE DE VAUCLUSE 2
V615502002;2010-11-01;41253;41097;41409;22855;22865;FONTAINE DE VAUCLUSE 2
V615502002;2010-11-02;35256;34842;35670;22638;22669;FONTAINE DE VAUCLUSE 2
V615502002;2010-11-03;41878;41097;42658;22855;22905;FONTAINE DE VAUCLUSE 2
V615502002;2010-11-04;41347;40894;41800;22848;22878;FONTAINE DE VAUCLUSE 2
V615502002;2010-11-05;28895;27849;29940;22370;22450;FONTAINE DE VAUCLUSE 2
V615502002;2010-11-06;18290;18198;18381;18032;18420;FONTAINE DE VAUCLUSE 2
V615502002;2010-11-07;17510;17404;17615;16350;16797;FONTAINE DE VAUCLUSE 2
V615502002;2010-11-08;11909;11846;11972;7290;7446;FONTAINE DE VAUCLUSE 2
V615502002;2010-11-09;10221;10135;10307;5164;5379;FONTAINE DE VAUCLUSE 2
V615502002;2010-11-10;7962;7936;7987;2797;2851;FONTAINE DE VAUCLUSE 2
V615502002;2010-11-11;17007;16769;17313;15130;16158;FONTAINE DE VAUCLUSE 2
V615502002;2010-11-12;23682;21984;25801;22006;22269;FONTAINE DE VAUCLUSE 2
V615502002;2010-12-01;40902;40629;41097;22840;22855;FONTAINE DE VAUCLUSE 2
V615502002;2010-12-02;34428;34014;34842;22606;22638;FONTAINE DE VAUCLUSE 2
V615502002;2010-12-03;40307;39497;41097;22804;22855;FONTAINE DE VAUCLUSE 2
V615502002;2010-12-04;40441;39989;40894;22820;22848;FONTAINE DE VAUCLUSE 2
V615502002;2010-12-05;30986;29940;32032;22450;22530;FONTAINE DE VAUCLUSE 2
V615502002;2010-12-06;18104;18011;18198;17635;18032;FONTAINE DE VAUCLUSE 2
V615502002;2010-12-07;17296;17180;17404;15903;16350;FONTAINE DE VAUCLUSE 2
V615502002;2010-12-08;11784;11721;11846;7134;7290;FONTAINE DE VAUCLUSE 2
V615502002;2010-12-09;10040;9941;10135;4950;5164;FONTAINE DE VAUCLUSE 2
V615502002;2010-12-10;7911;7887;7936;2744;2797;FONTAINE DE VAUCLUSE 2
V615502002;2010-12-11;16583;16430;16769;14492;15130;FONTAINE DE VAUCLUSE 2
V615502002;2010-12-12;27500;25801;28633;22269;22400;FONTAINE DE VAUCLUSE 2
V615502002;2011-01-01;34286;32816;35561;22560;22665;FONTAINE DE VAUCLUSE 2
V615502002;2011-01-02;18235;18143;18327;17915;18305;FONTAINE DE VAUCLUSE 2
V615502002;2011-01-03;16644;16542;16746;14702;15086;FONTAINE DE VAUCLUSE 2
V615502002;2011-01-04;28633;27980;29287;22375;22425;FONTAINE DE VAUCLUSE 2
V615502002;2011-01-05;15311;15281;15341;12330;12442;FONTAINE DE VAUCLUSE 2
V615502002;2011-01-06;10378;10325;10432;5400;5533;FONTAINE DE VAUCLUSE 2
V615502002;2011-01-07;8280;8250;8309;3134;3198;FONTAINE DE VAUCLUSE 2
V615502002;2011-01-08;6964;6942;6987;1838;1879;FONTAINE DE VAUCLUSE 2
V615502002;2011-01-09;5931;5925;5936;900;910;FONTAINE DE VAUCLUSE 2
V615502002;2011-01-10;5318;5307;5325;339;356;FONTAINE DE VAUCLUSE 2
V615502002;2011-01-11;5753;5705;5870;700;850;FONTAINE DE VAUCLUSE 2
V615502002;2011-01-12;15752;15614;15891;12956;13477;FONTAINE DE VAUCLUSE 2
V615502002;2011-02-01;31313;29940;32816;22450;22560;FONTAINE DE VAUCLUSE 2
V615502002;2011-02-02;18045;17935;18143;17475;17915;FONTAINE DE VAUCLUSE 2
V615502002;2011-02-03;16440;16338;16542;14319;14702;FONTAINE DE VAUCLUSE 2
V615502002;2011-02-04;27369;26852;27980;22325;22375;FONTAINE DE VAUCLUSE 2
V615502002;2011-02-05;15251;15222;15281;12218;12330;FONTAINE DE VAUCLUSE 2
V615502002;2011-02-06;10271;10217;10325;5267;5400;FONTAINE DE VAUCLUSE 2
V615502002;2011-02-07;8220;8190;8250;3069;3134;FONTAINE DE VAUCLUSE 2
V615502002;2011-02-08;6919;6897;6942;1796;1838;FONTAINE DE VAUCLUSE 2
V615502002;2011-02-09;5945;5935;5955;909;927;FONTAINE DE VAUCLUSE 2
V615502002;2011-02-10;5295;5283;5307;318;339;FONTAINE DE VAUCLUSE 2
V615502002;2011-02-11;6035;5870;6198;850;1150;FONTAINE DE VAUCLUSE 2
V615502002;2011-02-12;15475;15337;15614;12435;12956;FONTAINE DE VAUCLUSE 2
V615502002;2011-03-01;28633;27326;29940;22350;22450;FONTAINE DE VAUCLUSE 2
V615502002;2011-03-02;17820;17704;17935;16985;17475;FONTAINE DE VAUCLUSE 2
V615502002;2011-03-03;16237;16135;16338;13937;14319;FONTAINE DE VAUCLUSE 2
V615502002;2011-03-04;26385;25918;26852;22275;22325;FONTAINE DE VAUCLUSE 2
V615502002;2011-03-05;15192;15162;15222;12106;12218;FONTAINE DE VAUCLUSE 2
V615502002;2011-03-06;10177;10164;10217;5200;5267;FONTAINE DE VAUCLUSE 2
V615502002;2011-03-07;8160;8130;8190;3005;3069;FONTAINE DE VAUCLUSE 2
V615502002;2011-03-08;6874;6852;6897;1754;1796;FONTAINE DE VAUCLUSE 2
V615502002;2011-03-09;5965;5955;5975;927;945;FONTAINE DE VAUCLUSE 2
V615502002;2011-03-10;5272;5260;5283;296;318;FONTAINE DE VAUCLUSE 2
V615502002;2011-03-11;6824;6198;8311;1150;3200;FONTAINE DE VAUCLUSE 2
V615502002;2011-03-12;15198;15060;15337;11914;12435;FONTAINE DE VAUCLUSE 2
V615502002;2011-04-01;26385;25451;27326;22250;22350;FONTAINE DE VAUCLUSE 2
V615502002;2011-04-02;17588;17473;17704;16495;16985;FONTAINE DE VAUCLUSE 2
V615502002;2011-04-03;16034;15932;16135;13555;13937;FONTAINE DE VAUCLUSE 2
V615502002;2011-04-04;25299;24376;25918;22192;22275;FONTAINE DE VAUCLUSE 2
V615502002;2011-04-05;15112;15022;15162;11842;12106;FONTAINE DE VAUCLUSE 2
V615502002;2011-04-06;10164;10164;10164;5200;5200;FONTAINE DE VAUCLUSE 2
V615502002;2011-04-07;8100;8070;8130;2941;3005;FONTAINE DE VAUCLUSE 2
V615502002;2011-04-08;6829;6806;6852;1712;1754;FONTAINE DE VAUCLUSE 2
V615502002;2011-04-09;5985;5975;5995;945;963;FONTAINE DE VAUCLUSE 2
V615502002;2011-04-10;5248;5236;5260;275;296;FONTAINE DE VAUCLUSE 2
V615502002;2011-04-11;10465;8311;13290;3200;9235;FONTAINE DE VAUCLUSE 2
V615502002;2011-04-12;14900;14728;15060;11393;11914;FONTAINE DE VAUCLUSE 2
V615502002;2011-05-01;24576;23846;25451;22162;22250;FONTAINE DE VAUCLUSE 2
V615502002;2011-05-02;17363;17261;17473;16055;16495;FONTAINE DE VAUCLUSE 2
V615502002;2011-05-03;15831;15729;15932;13173;13555;FONTAINE DE VAUCLUSE 2
V615502002;2011-05-04;23538;22833;24376;22078;22192;FONTAINE DE VAUCLUSE 2
V615502002;2011-05-05;14888;14749;15022;11425;11842;FONTAINE DE VAUCLUSE 2
V615502002;2011-05-06;10244;10164;10486;5200;5600;FONTAINE DE VAUCLUSE 2
V615502002;2011-05-07;8040;8010;8070;2876;2941;FONTAINE DE VAUCLUSE 2
V615502002;2011-05-08;6784;6761;6806;1671;1712;FONTAINE DE VAUCLUSE 2
V615502002;2011-05-09;6005;5995;6015;963;981;FONTAINE DE VAUCLUSE 2
V615502002;2011-05-10;5224;5213;5236;254;275;FONTAINE DE VAUCLUSE 2
V615502002;2011-05-11;15854;13290;18258;9235;18160;FONTAINE DE VAUCLUSE 2
V615502002;2011-05-12;14554;14381;14728;10872;11393;FONTAINE DE VAUCLUSE 2
V615502002;2011-06-01;23399;22953;23846;22088;22162;FONTAINE DE VAUCLUSE 2
V615502002;2011-06-02;17157;17053;17261;15665;16055;FONTAINE DE VAUCLUSE 2
V615502002;2011-06-03;15628;15526;15729;12791;13173;FONTAINE DE VAUCLUSE 2
V615502002;2011-06-04;22193;21642;22833;21978;22078;FONTAINE DE VAUCLUSE 2
V615502002;2011-06-05;14611;14472;14749;11008;11425;FONTAINE DE VAUCLUSE 2
V615502002;2011-06-06;10737;10486;10848;5600;6050;FONTAINE DE VAUCLUSE 2
V615502002;2011-06-07;7980;7950;8010;2812;2876;FONTAINE DE VAUCLUSE 2
V615502002;2011-06-08;6745;6739;6761;1650;1671;FONTAINE DE VAUCLUSE 2
V615502002;2011-06-09;6014;5993;6025;961;990;FONTAINE DE VAUCLUSE 2
V615502002;2011-06-10;5201;5189;5213;232;254;FONTAINE DE VAUCLUSE 2
V615502002;2011-06-11;33581;18258;47062;18160;23025;FONTAINE DE VAUCLUSE 2
V615502002;2011-06-12;14207;14033;14381;10351;10872;FONTAINE DE VAUCLUSE 2
V615502002;2011-07-01;22640;22506;22953;22050;22088;FONTAINE DE VAUCLUSE 2
V615502002;2011-07-02;16952;16853;17053;15289;15665;FONTAINE DE VAUCLUSE 2
V615502002;2011-07-03;15432;15354;15526;12468;12791;FONTAINE DE VAUCLUSE 2
V615502002;2011-07-04;21485;21359;21642;21892;21978;FONTAINE DE VAUCLUSE 2
V615502002;2011-07-05;14345;14245;14472;10668;11008;FONTAINE DE VAUCLUSE 2
V615502002;2011-07-06;10873;10848;10888;6050;6100;FONTAINE DE VAUCLUSE 2
V615502002;2011-07-07;7920;7888;7950;2745;2812;FONTAINE DE VAUCLUSE 2
V615502002;2011-07-08;6739;6739;6739;1650;1650;FONTAINE DE VAUCLUSE 2
V615502002;2011-07-09;5961;5929;5993;903;961;FONTAINE DE VAUCLUSE 2
V615502002;2011-07-10;5177;5165;5189;211;232;FONTAINE DE VAUCLUSE 2
V615502002;2011-07-11;49926;47062;51645;23025;23125;FONTAINE DE VAUCLUSE 2
V615502002;2011-07-12;13872;13734;14033;9902;10351;FONTAINE DE VAUCLUSE 2
V615502002;2011-08-01;22684;22595;22774;22058;22072;FONTAINE DE VAUCLUSE 2
V615502002;2011-08-02;16757;16661;16853;14926;15289;FONTAINE DE VAUCLUSE 2
V615502002;2011-08-03;15284;15214;15354;12204;12468;FONTAINE DE VAUCLUSE 2
V615502002;2011-08-04;21213;21027;21359;21780;21892;FONTAINE DE VAUCLUSE 2
V615502002;2011-08-05;14156;14068;14245;10402;10668;FONTAINE DE VAUCLUSE 2
V615502002;2011-08-06;10810;10675;10868;5835;6075;FONTAINE DE VAUCLUSE 2
V615502002;2011-08-07;7855;7823;7888;2675;2745;FONTAINE DE VAUCLUSE 2
V615502002;2011-08-08;6731;6707;6739;1621;1650;FONTAINE DE VAUCLUSE 2
V615502002;2011-08-09;5897;5865;5929;845;903;FONTAINE DE VAUCLUSE 2
V615502002;2011-08-10;5154;5144;5165;192;211;FONTAINE DE VAUCLUSE 2
V615502002;2011-08-11;52332;51645;52790;23125;23150;FONTAINE DE VAUCLUSE 2
V615502002;2011-08-12;13609;13484;13734;9526;9902;FONTAINE DE VAUCLUSE 2
V615502002;2011-09-01;22871;22774;22982;22072;22090;FONTAINE DE VAUCLUSE 2
V615502002;2011-09-02;16565;16468;16661;14564;14926;FONTAINE DE VAUCLUSE 2
V615502002;2011-09-03;15144;15074;15214;11940;12204;FONTAINE DE VAUCLUSE 2
V615502002;2011-09-04;20852;20705;21027;21640;21780;FONTAINE DE VAUCLUSE 2
V615502002;2011-09-05;13980;13891;14068;10138;10402;FONTAINE DE VAUCLUSE 2
V615502002;2011-09-06;10530;10441;10675;5545;5835;FONTAINE DE VAUCLUSE 2
V615502002;2011-09-07;7790;7758;7823;2605;2675;FONTAINE DE VAUCLUSE 2
V615502002;2011-09-08;6676;6644;6707;1562;1621;FONTAINE DE VAUCLUSE 2
V615502002;2011-09-09;5833;5801;5865;787;845;FONTAINE DE VAUCLUSE 2
V615502002;2011-09-10;5135;5125;5144;174;192;FONTAINE DE VAUCLUSE 2
V615502002;2011-09-11;51358;50499;52103;23100;23135;FONTAINE DE VAUCLUSE 2
V615502002;2011-09-12;13358;13233;13484;9150;9526;FONTAINE DE VAUCLUSE 2
V615502002;2011-10-01;23196;22982;23598;22090;22142;FONTAINE DE VAUCLUSE 2
V615502002;2011-10-02;16372;16276;16468;14201;14564;FONTAINE DE VAUCLUSE 2
V615502002;2011-10-03;15000;14917;15074;11676;11940;FONTAINE DE VAUCLUSE 2
V615502002;2011-10-04;20546;20352;20705;21465;21640;FONTAINE DE VAUCLUSE 2
V615502002;2011-10-05;13803;13715;13891;9872;10138;FONTAINE DE VAUCLUSE 2
V615502002;2011-10-06;10381;10321;10441;5395;5545;FONTAINE DE VAUCLUSE 2
V615502002;2011-10-07;7725;7692;7758;2535;2605;FONTAINE DE VAUCLUSE 2
V615502002;2011-10-08;6613;6581;6644;1504;1562;FONTAINE DE VAUCLUSE 2
V615502002;2011-10-09;5769;5737;5801;729;787;FONTAINE DE VAUCLUSE 2
V615502002;2011-10-10;5116;5107;5125;158;174;FONTAINE DE VAUCLUSE 2
V615502002;2011-10-11;49239;47291;50499;23030;23100;FONTAINE DE VAUCLUSE 2
V615502002;2011-10-12;13108;12983;13233;8774;9150;FONTAINE DE VAUCLUSE 2
V615502002;2011-11-01;24231;23598;24984;22142;22225;FONTAINE DE VAUCLUSE 2
V615502002;2011-11-02;16221;16179;16276;14020;14201;FONTAINE DE VAUCLUSE 2
V615502002;2011-11-03;14829;14741;14917;11412;11676;FONTAINE DE VAUCLUSE 2
V615502002;2011-11-04;20127;19894;20352;21112;21465;FONTAINE DE VAUCLUSE 2
V615502002;2011-11-05;13626;13538;13715;9608;9872;FONTAINE DE VAUCLUSE 2
V615502002;2011-11-06;10260;10200;10321;5245;5395;FONTAINE DE VAUCLUSE 2
V615502002;2011-11-07;7664;7645;7692;2488;2535;FONTAINE DE VAUCLUSE 2
V615502002;2011-11-08;6550;6518;6581;1446;1504;FONTAINE DE VAUCLUSE 2
V615502002;2011-11-09;5711;5699;5737;695;729;FONTAINE DE VAUCLUSE 2
V615502002;2011-11-10;5097;5088;5107;140;158;FONTAINE DE VAUCLUSE 2
V615502002;2011-11-11;45183;43439;47291;22930;23030;FONTAINE DE VAUCLUSE 2
V615502002;2011-11-12;12857;12732;12983;8398;8774;FONTAINE DE VAUCLUSE 2
V615502002;2011-12-01;25762;24984;26540;22225;22308;FONTAINE DE VAUCLUSE 2
V615502002;2011-12-02;16323;16251;16394;14155;14425;FONTAINE DE VAUCLUSE 2
V615502002;2011-12-03;14874;14653;15410;11280;12572;FONTAINE DE VAUCLUSE 2
V615502002;2011-12-04;19672;19471;19894;20618;21112;FONTAINE DE VAUCLUSE 2
V615502002;2011-12-05;13450;13361;13538;9342;9608;FONTAINE DE VAUCLUSE 2
V615502002;2011-12-06;10139;10076;10200;5095;5245;FONTAINE DE VAUCLUSE 2
V615502002;2011-12-07;7631;7618;7645;2462;2488;FONTAINE DE VAUCLUSE 2
V615502002;2011-12-08;6487;6455;6518;1388;1446;FONTAINE DE VAUCLUSE 2
V615502002;2011-12-09;5694;5688;5699;685;695;FONTAINE DE VAUCLUSE 2
V615502002;2011-12-10;5079;5069;5088;124;140;FONTAINE DE VAUCLUSE 2
V615502002;2011-12-11;41891;40368;43439;22832;22930;FONTAINE DE VAUCLUSE 2
V615502002;2011-12-12;12606;12513;12732;8118;8398;FONTAINE DE VAUCLUSE 2
V615502002;2012-01-01;9834;9804;9864;4803;4868;FONTAINE DE VAUCLUSE 2
V615502002;2012-01-02;7966;7936;7997;2797;2862;FONTAINE DE VAUCLUSE 2
V615502002;2012-01-03;6259;6242;6276;1191;1222;FONTAINE DE VAUCLUSE 2
V615502002;2012-01-04;5662;5629;5696;631;692;FONTAINE DE VAUCLUSE 2
V615502002;2012-01-05;28774;21423;33470;21914;22585;FONTAINE DE VAUCLUSE 2
V615502002;2012-01-06;19995;19648;20281;20840;21430;FONTAINE DE VAUCLUSE 2
V615502002;2012-01-07;11318;11291;11345;6600;6667;FONTAINE DE VAUCLUSE 2
V615502002;2012-01-08;7107;7069;7144;1955;2025;FONTAINE DE VAUCLUSE 2
V615502002;2012-01-09;5596;5578;5617;585;620;FONTAINE DE VAUCLUSE 2
V615502002;2012-01-10;5385;5363;5407;390;430;FONTAINE DE VAUCLUSE 2
V615502002;2012-01-11;8143;8032;8335;2900;3225;FONTAINE DE VAUCLUSE 2
V615502002;2012-01-12;50804;50499;51110;23100;23113;FONTAINE DE VAUCLUSE 2
V615502002;2012-02-01;9774;9744;9804;4738;4803;FONTAINE DE VAUCLUSE 2
V615502002;2012-02-02;7906;7876;7936;2732;2797;FONTAINE DE VAUCLUSE 2
V615502002;2012-02-03;6225;6208;6242;1159;1191;FONTAINE DE VAUCLUSE 2
V615502002;2012-02-04;5730;5696;5764;692;754;FONTAINE DE VAUCLUSE 2
V615502002;2012-02-05;34850;33470;35692;22585;22670;FONTAINE DE VAUCLUSE 2
V615502002;2012-02-06;19365;19129;19648;19938;20840;FONTAINE DE VAUCLUSE 2
V615502002;2012-02-07;11182;11073;11291;6329;6600;FONTAINE DE VAUCLUSE 2
V615502002;2012-02-08;7031;6993;7069;1885;1955;FONTAINE DE VAUCLUSE 2
V615502002;2012-02-09;5562;5545;5578;555;585;FONTAINE DE VAUCLUSE 2
V615502002;2012-02-10;5412;5381;5429;406;450;FONTAINE DE VAUCLUSE 2
V615502002;2012-02-11;8779;8335;9506;3225;4483;FONTAINE DE VAUCLUSE 2
V615502002;2012-02-12;49623;44688;51415;22970;23120;FONTAINE DE VAUCLUSE 2
V615502002;2012-03-01;9714;9683;9744;4674;4738;FONTAINE DE VAUCLUSE 2
V615502002;2012-03-02;7845;7812;7876;2663;2732;FONTAINE DE VAUCLUSE 2
V615502002;2012-03-03;6191;6175;6208;1128;1159;FONTAINE DE VAUCLUSE 2
V615502002;2012-03-04;5798;5764;5832;754;815;FONTAINE DE VAUCLUSE 2
V615502002;2012-03-05;33404;32260;34548;22539;22626;FONTAINE DE VAUCLUSE 2
V615502002;2012-03-06;18897;18665;19129;19012;19938;FONTAINE DE VAUCLUSE 2
V615502002;2012-03-07;10964;10855;11073;6059;6329;FONTAINE DE VAUCLUSE 2
V615502002;2012-03-08;6955;6917;6993;1815;1885;FONTAINE DE VAUCLUSE 2
V615502002;2012-03-09;5528;5512;5545;525;555;FONTAINE DE VAUCLUSE 2
V615502002;2012-03-10;5333;5284;5381;319;406;FONTAINE DE VAUCLUSE 2
V615502002;2012-03-11;10324;9506;11090;4483;6350;FONTAINE DE VAUCLUSE 2
V615502002;2012-03-12;42866;41045;44688;22853;22970;FONTAINE DE VAUCLUSE 2
V615502002;2012-04-01;9653;9623;9683;4609;4674;FONTAINE DE VAUCLUSE 2
V615502002;2012-04-02;7778;7744;7812;2590;2663;FONTAINE DE VAUCLUSE 2
V615502002;2012-04-03;6158;6141;6175;1097;1128;FONTAINE DE VAUCLUSE 2
V615502002;2012-04-04;5866;5832;5900;815;877;FONTAINE DE VAUCLUSE 2
V615502002;2012-04-05;31117;29973;32260;22451;22539;FONTAINE DE VAUCLUSE 2
V615502002;2012-04-06;18453;18265;18665;18175;19012;FONTAINE DE VAUCLUSE 2
V615502002;2012-04-07;10746;10637;10855;5788;6059;FONTAINE DE VAUCLUSE 2
V615502002;2012-04-08;6879;6842;6917;1745;1815;FONTAINE DE VAUCLUSE 2
V615502002;2012-04-09;5495;5479;5512;495;525;FONTAINE DE VAUCLUSE 2
V615502002;2012-04-10;5236;5188;5284;231;319;FONTAINE DE VAUCLUSE 2
V615502002;2012-04-11;11841;11090;12593;6350;8217;FONTAINE DE VAUCLUSE 2
V615502002;2012-04-12;39225;37434;41045;22737;22853;FONTAINE DE VAUCLUSE 2
V615502002;2012-05-01;9593;9563;9623;4544;4609;FONTAINE DE VAUCLUSE 2
V615502002;2012-05-02;7709;7675;7744;2517;2590;FONTAINE DE VAUCLUSE 2
V615502002;2012-05-03;6124;6107;6141;1066;1097;FONTAINE DE VAUCLUSE 2
V615502002;2012-05-04;6049;5900;6333;877;1275;FONTAINE DE VAUCLUSE 2
V615502002;2012-05-05;28829;27686;29973;22364;22451;FONTAINE DE VAUCLUSE 2
V615502002;2012-05-06;18088;17912;18265;17425;18175;FONTAINE DE VAUCLUSE 2
V615502002;2012-05-07;10528;10419;10637;5517;5788;FONTAINE DE VAUCLUSE 2
V615502002;2012-05-08;6804;6766;6842;1675;1745;FONTAINE DE VAUCLUSE 2
V615502002;2012-05-09;5462;5446;5479;465;495;FONTAINE DE VAUCLUSE 2
V615502002;2012-05-10;5140;5091;5188;144;231;FONTAINE DE VAUCLUSE 2
V615502002;2012-05-11;13359;12593;14360;8217;10840;FONTAINE DE VAUCLUSE 2
V615502002;2012-05-12;35909;34385;37434;22620;22737;FONTAINE DE VAUCLUSE 2
V615502002;2012-06-01;9533;9503;9563;4479;4544;FONTAINE DE VAUCLUSE 2
V615502002;2012-06-02;7636;7597;7675;2443;2517;FONTAINE DE VAUCLUSE 2
V615502002;2012-06-03;6090;6072;6107;1033;1066;FONTAINE DE VAUCLUSE 2
V615502002;2012-06-04;6658;6333;6982;1275;1875;FONTAINE DE VAUCLUSE 2
V615502002;2012-06-05;26068;23376;27686;22123;22364;FONTAINE DE VAUCLUSE 2
V615502002;2012-06-06;17735;17558;17912;16675;17425;FONTAINE DE VAUCLUSE 2
V615502002;2012-06-07;10310;10201;10419;5247;5517;FONTAINE DE VAUCLUSE 2
V615502002;2012-06-08;6728;6690;6766;1605;1675;FONTAINE DE VAUCLUSE 2
V615502002;2012-06-09;5431;5418;5446;440;465;FONTAINE DE VAUCLUSE 2
V615502002;2012-06-10;5052;5031;5091;89;144;FONTAINE DE VAUCLUSE 2
V615502002;2012-06-11;15093;14360;15387;10840;12530;FONTAINE DE VAUCLUSE 2
V615502002;2012-06-12;32467;30550;34385;22473;22620;FONTAINE DE VAUCLUSE 2
V615502002;2012-07-01;9473;9442;9503;4415;4479;FONTAINE DE VAUCLUSE 2
V615502002;2012-07-02;7557;7518;7597;2370;2443;FONTAINE DE VAUCLUSE 2
V615502002;2012-07-03;6053;6035;6072;999;1033;FONTAINE DE VAUCLUSE 2
V615502002;2012-07-04;7279;6982;7442;1875;2300;FONTAINE DE VAUCLUSE 2
V615502002;2012-07-05;21711;20884;23376;21729;22123;FONTAINE DE VAUCLUSE 2
V615502002;2012-07-06;17387;17225;17558;15988;16675;FONTAINE DE VAUCLUSE 2
V615502002;2012-07-07;10087;9965;10201;4976;5247;FONTAINE DE VAUCLUSE 2
V615502002;2012-07-08;6652;6615;6690;1535;1605;FONTAINE DE VAUCLUSE 2
V615502002;2012-07-09;5407;5396;5418;420;440;FONTAINE DE VAUCLUSE 2
V615502002;2012-07-10;5018;5006;5031;66;89;FONTAINE DE VAUCLUSE 2
V615502002;2012-07-11;14904;14497;15180;11047;12140;FONTAINE DE VAUCLUSE 2
V615502002;2012-07-12;28646;26883;30550;22327;22473;FONTAINE DE VAUCLUSE 2
V615502002;2012-08-01;9412;9382;9442;4350;4415;FONTAINE DE VAUCLUSE 2
V615502002;2012-08-02;7478;7438;7518;2297;2370;FONTAINE DE VAUCLUSE 2
V615502002;2012-08-03;6016;5997;6035;965;999;FONTAINE DE VAUCLUSE 2
V615502002;2012-08-04;7442;7442;7442;2300;2300;FONTAINE DE VAUCLUSE 2
V615502002;2012-08-05;20487;20095;20884;21335;21729;FONTAINE DE VAUCLUSE 2
V615502002;2012-08-06;17060;16894;17225;15365;15988;FONTAINE DE VAUCLUSE 2
V615502002;2012-08-07;9839;9713;9965;4705;4976;FONTAINE DE VAUCLUSE 2
V615502002;2012-08-08;6581;6555;6615;1480;1535;FONTAINE DE VAUCLUSE 2
V615502002;2012-08-09;5385;5374;5396;400;420;FONTAINE DE VAUCLUSE 2
V615502002;2012-08-10;4994;4981;5006;44;66;FONTAINE DE VAUCLUSE 2
V615502002;2012-08-11;14029;13560;14497;9640;11047;FONTAINE DE VAUCLUSE 2
V615502002;2012-08-12;25513;24143;26883;22180;22327;FONTAINE DE VAUCLUSE 2
V615502002;2012-09-01;9352;9322;9382;4285;4350;FONTAINE DE VAUCLUSE 2
V615502002;2012-09-02;7399;7359;7438;2223;2297;FONTAINE DE VAUCLUSE 2
V615502002;2012-09-03;5978;5960;5997;931;965;FONTAINE DE VAUCLUSE 2
V615502002;2012-09-04;7500;7442;7827;2300;2679;FONTAINE DE VAUCLUSE 2
V615502002;2012-09-05;19917;19739;20095;20941;21335;FONTAINE DE VAUCLUSE 2
V615502002;2012-09-06;16728;16563;16894;14742;15365;FONTAINE DE VAUCLUSE 2
V615502002;2012-09-07;9600;9513;9713;4491;4705;FONTAINE DE VAUCLUSE 2
V615502002;2012-09-08;6533;6512;6555;1440;1480;FONTAINE DE VAUCLUSE 2
V615502002;2012-09-09;5363;5352;5374;380;400;FONTAINE DE VAUCLUSE 2
V615502002;2012-09-10;4969;4956;4981;21;44;FONTAINE DE VAUCLUSE 2
V615502002;2012-09-11;13090;12606;13560;8233;9640;FONTAINE DE VAUCLUSE 2
V615502002;2012-09-12;23105;22148;24143;22020;22180;FONTAINE DE VAUCLUSE 2
V615502002;2012-10-01;9292;9262;9322;4221;4285;FONTAINE DE VAUCLUSE 2
V615502002;2012-10-02;7319;7280;7359;2150;2223;FONTAINE DE VAUCLUSE 2
V615502002;2012-10-03;5941;5922;5960;897;931;FONTAINE DE VAUCLUSE 2
V615502002;2012-10-04;8432;7827;9037;2679;3979;FONTAINE DE VAUCLUSE 2
V615502002;2012-10-05;19570;19435;19739;20547;20941;FONTAINE DE VAUCLUSE 2
V615502002;2012-10-06;16402;16253;16563;14158;14742;FONTAINE DE VAUCLUSE 2
V615502002;2012-10-07;9439;9365;9513;4332;4491;FONTAINE DE VAUCLUSE 2
V615502002;2012-10-08;6490;6469;6512;1400;1440;FONTAINE DE VAUCLUSE 2
V615502002;2012-10-09;5341;5330;5352;360;380;FONTAINE DE VAUCLUSE 2
V615502002;2012-10-10;4935;4894;4956;-35;21;FONTAINE DE VAUCLUSE 2
V615502002;2012-10-11;13427;12040;16676;7530;14955;FONTAINE DE VAUCLUSE 2
V615502002;2012-10-12;21559;21263;22148;21860;22020;FONTAINE DE VAUCLUSE 2
V615502002;2012-11-01;9232;9201;9262;4156;4221;FONTAINE DE VAUCLUSE 2
V615502002;2012-11-02;7240;7200;7280;2077;2150;FONTAINE DE VAUCLUSE 2
V615502002;2012-11-03;5904;5887;5922;865;897;FONTAINE DE VAUCLUSE 2
V615502002;2012-11-04;9706;9037;10662;3979;5819;FONTAINE DE VAUCLUSE 2
V615502002;2012-11-05;19306;19114;19435;19908;20547;FONTAINE DE VAUCLUSE 2
V615502002;2012-11-06;16108;15964;16253;13615;14158;FONTAINE DE VAUCLUSE 2
V615502002;2012-11-07;9291;9217;9365;4173;4332;FONTAINE DE VAUCLUSE 2
V615502002;2012-11-08;6447;6425;6469;1360;1400;FONTAINE DE VAUCLUSE 2
V615502002;2012-11-09;5318;5305;5330;338;360;FONTAINE DE VAUCLUSE 2
V615502002;2012-11-10;4856;4839;4894;-85;-35;FONTAINE DE VAUCLUSE 2
V615502002;2012-11-11;24676;16676;32947;14955;22565;FONTAINE DE VAUCLUSE 2
V615502002;2012-11-12;21031;20825;21263;21700;21860;FONTAINE DE VAUCLUSE 2
V615502002;2012-12-01;9171;9141;9201;4091;4156;FONTAINE DE VAUCLUSE 2
V615502002;2012-12-02;7161;7121;7200;2003;2077;FONTAINE DE VAUCLUSE 2
V615502002;2012-12-03;5870;5854;5887;835;865;FONTAINE DE VAUCLUSE 2
V615502002;2012-12-04;11565;10662;12031;5819;7520;FONTAINE DE VAUCLUSE 2
V615502002;2012-12-05;18893;18671;19114;19025;19908;FONTAINE DE VAUCLUSE 2
V615502002;2012-12-06;15820;15675;15964;13072;13615;FONTAINE DE VAUCLUSE 2
V615502002;2012-12-07;9144;9070;9217;4014;4173;FONTAINE DE VAUCLUSE 2
V615502002;2012-12-08;6404;6382;6425;1320;1360;FONTAINE DE VAUCLUSE 2
V615502002;2012-12-09;5291;5278;5305;312;338;FONTAINE DE VAUCLUSE 2
V615502002;2012-12-10;4834;4828;4839;-95;-85;FONTAINE DE VAUCLUSE 2
V615502002;2012-12-11;36592;32947;37819;22565;22750;FONTAINE DE VAUCLUSE 2
V615502002;2012-12-12;20508;20191;20825;21385;21700;FONTAINE DE VAUCLUSE 2
V615502002;2013-01-01;21301;21179;21424;21831;21914;FONTAINE DE VAUCLUSE 2
V615502002;2013-01-02;19731;19644;19784;20835;20990;FONTAINE DE VAUCLUSE 2
V615502002;2013-01-03;15483;15427;15539;12605;12815;FONTAINE DE VAUCLUSE 2
V615502002;2013-01-04;53993;53707;54165;23170;23180;FONTAINE DE VAUCLUSE 2
V615502002;2013-01-05;44136;40629;45916;22840;23000;FONTAINE DE VAUCLUSE 2
V615502002;2013-01-06;40941;40160;41722;22825;22875;FONTAINE DE VAUCLUSE 2
V615502002;2013-01-07;17813;17720;17906;17020;17414;FONTAINE DE VAUCLUSE 2
V615502002;2013-01-08;14159;14064;14200;10397;10600;FONTAINE DE VAUCLUSE 2
V615502002;2013-01-09;9801;9755;9848;4750;4850;FONTAINE DE VAUCLUSE 2
V615502002;2013-01-10;8027;8015;8032;2881;2900;FONTAINE DE VAUCLUSE 2
V615502002;2013-01-11;7504;7407;7601;2268;2447;FONTAINE DE VAUCLUSE 2
V615502002;2013-02-01;21013;20785;21179;21680;21831;FONTAINE DE VAUCLUSE 2
V615502002;2013-02-02;19532;19418;19644;20513;20835;FONTAINE DE VAUCLUSE 2
V615502002;2013-02-03;15371;15316;15427;12395;12605;FONTAINE DE VAUCLUSE 2
V615502002;2013-02-04;53649;53248;53936;23160;23175;FONTAINE DE VAUCLUSE 2
V615502002;2013-02-05;46360;45859;46833;22999;23020;FONTAINE DE VAUCLUSE 2
V615502002;2013-02-06;42005;41296;42502;22861;22900;FONTAINE DE VAUCLUSE 2
V615502002;2013-02-07;17627;17534;17720;16626;17020;FONTAINE DE VAUCLUSE 2
V615502002;2013-02-08;13942;13820;14064;10030;10397;FONTAINE DE VAUCLUSE 2
V615502002;2013-02-09;9708;9661;9755;4650;4750;FONTAINE DE VAUCLUSE 2
V615502002;2013-02-10;7997;7980;8015;2844;2881;FONTAINE DE VAUCLUSE 2
V615502002;2013-02-11;7332;7299;7407;2168;2268;FONTAINE DE VAUCLUSE 2
V615502002;2013-03-01;20563;20342;20785;21460;21680;FONTAINE DE VAUCLUSE 2
V615502002;2013-03-02;19314;19210;19418;20098;20513;FONTAINE DE VAUCLUSE 2
V615502002;2013-03-03;15428;15260;15875;12290;13448;FONTAINE DE VAUCLUSE 2
V615502002;2013-03-04;52676;51874;53248;23130;23160;FONTAINE DE VAUCLUSE 2
V615502002;2013-03-05;44982;44258;45859;22956;22999;FONTAINE DE VAUCLUSE 2
V615502002;2013-03-06;40089;38883;41296;22784;22861;FONTAINE DE VAUCLUSE 2
V615502002;2013-03-07;17441;17348;17534;16231;16626;FONTAINE DE VAUCLUSE 2
V615502002;2013-03-08;13697;13575;13820;9663;10030;FONTAINE DE VAUCLUSE 2
V615502002;2013-03-09;9615;9568;9661;4550;4650;FONTAINE DE VAUCLUSE 2
V615502002;2013-03-10;7962;7945;7980;2806;2844;FONTAINE DE VAUCLUSE 2
V615502002;2013-03-11;7287;7275;7299;2146;2168;FONTAINE DE VAUCLUSE 2
V615502002;2013-04-01;20119;19906;20342;21125;21460;FONTAINE DE VAUCLUSE 2
V615502002;2013-04-02;19106;19002;19210;19684;20098;FONTAINE DE VAUCLUSE 2
V615502002;2013-04-03;16490;15875;17105;13448;15762;FONTAINE DE VAUCLUSE 2
V615502002;2013-04-04;50957;50041;51874;23090;23130;FONTAINE DE VAUCLUSE 2
V615502002;2013-04-05;43595;42931;44258;22914;22956;FONTAINE DE VAUCLUSE 2
V615502002;2013-04-06;37720;36654;38883;22707;22784;FONTAINE DE VAUCLUSE 2
V615502002;2013-04-07;17249;17145;17348;15837;16231;FONTAINE DE VAUCLUSE 2
V615502002;2013-04-08;13466;13384;13575;9376;9663;FONTAINE DE VAUCLUSE 2
V615502002;2013-04-09;9522;9475;9568;4450;4550;FONTAINE DE VAUCLUSE 2
V615502002;2013-04-10;7927;7910;7945;2769;2806;FONTAINE DE VAUCLUSE 2
V615502002;2013-04-11;7259;7235;7275;2108;2146;FONTAINE DE VAUCLUSE 2
V615502002;2013-05-01;19693;19476;19906;20628;21125;FONTAINE DE VAUCLUSE 2
V615502002;2013-05-02;18898;18794;19002;19269;19684;FONTAINE DE VAUCLUSE 2
V615502002;2013-05-03;17672;17105;18219;15762;18078;FONTAINE DE VAUCLUSE 2
V615502002;2013-05-04;48952;47520;50041;23035;23090;FONTAINE DE VAUCLUSE 2
V615502002;2013-05-05;42268;41604;42931;22871;22914;FONTAINE DE VAUCLUSE 2
V615502002;2013-05-06;35644;34634;36654;22630;22707;FONTAINE DE VAUCLUSE 2
V615502002;2013-05-07;17042;16943;17145;15458;15837;FONTAINE DE VAUCLUSE 2
V615502002;2013-05-08;13315;13246;13384;9169;9376;FONTAINE DE VAUCLUSE 2
V615502002;2013-05-09;9429;9382;9475;4350;4450;FONTAINE DE VAUCLUSE 2
V615502002;2013-05-10;7904;7893;7920;2750;2780;FONTAINE DE VAUCLUSE 2
V615502002;2013-05-11;7206;7177;7235;2055;2108;FONTAINE DE VAUCLUSE 2
V615502002;2013-06-01;19339;19203;19476;20084;20628;FONTAINE DE VAUCLUSE 2
V615502002;2013-06-02;18690;18586;18794;18855;19269;FONTAINE DE VAUCLUSE 2
V615502002;2013-06-03;18781;18219;19358;18078;20392;FONTAINE DE VAUCLUSE 2
V615502002;2013-06-04;46035;44844;47520;22975;23035;FONTAINE DE VAUCLUSE 2
V615502002;2013-06-05;40847;39900;41604;22817;22871;FONTAINE DE VAUCLUSE 2
V615502002;2013-06-06;33624;32614;34634;22552;22630;FONTAINE DE VAUCLUSE 2
V615502002;2013-06-07;16846;16749;16943;15092;15458;FONTAINE DE VAUCLUSE 2
V615502002;2013-06-08;13177;13107;13246;8961;9169;FONTAINE DE VAUCLUSE 2
V615502002;2013-06-09;9343;9318;9382;4281;4350;FONTAINE DE VAUCLUSE 2
V615502002;2013-06-10;7948;7920;7976;2780;2840;FONTAINE DE VAUCLUSE 2
V615502002;2013-06-11;7148;7119;7177;2002;2055;FONTAINE DE VAUCLUSE 2
V615502002;2013-07-01;19066;18930;19203;19541;20084;FONTAINE DE VAUCLUSE 2
V615502002;2013-07-02;18489;18391;18586;18441;18855;FONTAINE DE VAUCLUSE 2
V615502002;2013-07-03;20486;19358;22506;20392;22050;FONTAINE DE VAUCLUSE 2
V615502002;2013-07-04;43907;42658;44844;22905;22975;FONTAINE DE VAUCLUSE 2
V615502002;2013-07-05;38859;37819;39900;22750;22817;FONTAINE DE VAUCLUSE 2
V615502002;2013-07-06;31604;30594;32614;22475;22552;FONTAINE DE VAUCLUSE 2
V615502002;2013-07-07;16652;16555;16749;14728;15092;FONTAINE DE VAUCLUSE 2
V615502002;2013-07-08;13038;12969;13107;8754;8961;FONTAINE DE VAUCLUSE 2
V615502002;2013-07-09;9301;9283;9318;4244;4281;FONTAINE DE VAUCLUSE 2
V615502002;2013-07-10;7989;7972;8004;2836;2870;FONTAINE DE VAUCLUSE 2
V615502002;2013-07-11;7090;7062;7119;1948;2002;FONTAINE DE VAUCLUSE 2
V615502002;2013-08-01;18793;18657;18930;18997;19541;FONTAINE DE VAUCLUSE 2
V615502002;2013-08-02;18293;18195;18391;18026;18441;FONTAINE DE VAUCLUSE 2
V615502002;2013-08-03;30810;22506;37129;22050;22725;FONTAINE DE VAUCLUSE 2
V615502002;2013-08-04;41318;40108;42658;22823;22905;FONTAINE DE VAUCLUSE 2
V615502002;2013-08-05;36913;36040;37819;22683;22750;FONTAINE DE VAUCLUSE 2
V615502002;2013-08-06;29584;28574;30594;22398;22475;FONTAINE DE VAUCLUSE 2
V615502002;2013-08-07;16458;16361;16555;14362;14728;FONTAINE DE VAUCLUSE 2
V615502002;2013-08-08;12938;12900;12983;8650;8775;FONTAINE DE VAUCLUSE 2
V615502002;2013-08-09;9266;9248;9283;4206;4244;FONTAINE DE VAUCLUSE 2
V615502002;2013-08-10;7941;7909;7972;2768;2836;FONTAINE DE VAUCLUSE 2
V615502002;2013-08-11;7033;7004;7062;1895;1948;FONTAINE DE VAUCLUSE 2
V615502002;2013-09-01;18525;18397;18657;18453;18997;FONTAINE DE VAUCLUSE 2
V615502002;2013-09-02;18097;18000;18195;17612;18026;FONTAINE DE VAUCLUSE 2
V615502002;2013-09-03;41412;37129;43595;22725;22935;FONTAINE DE VAUCLUSE 2
V615502002;2013-09-04;38963;37819;40108;22750;22823;FONTAINE DE VAUCLUSE 2
V615502002;2013-09-05;35180;34341;36040;22618;22683;FONTAINE DE VAUCLUSE 2
V615502002;2013-09-06;27603;26767;28574;22320;22398;FONTAINE DE VAUCLUSE 2
V615502002;2013-09-07;16316;16264;16373;14180;14385;FONTAINE DE VAUCLUSE 2
V615502002;2013-09-08;13031;12983;13067;8775;8900;FONTAINE DE VAUCLUSE 2
V615502002;2013-09-09;9231;9213;9248;4169;4206;FONTAINE DE VAUCLUSE 2
V615502002;2013-09-10;7877;7845;7909;2699;2768;FONTAINE DE VAUCLUSE 2
V615502002;2013-09-11;6975;6946;7004;1842;1895;FONTAINE DE VAUCLUSE 2
V615502002;2013-10-01;18268;18140;18397;17909;18453;FONTAINE DE VAUCLUSE 2
V615502002;2013-10-02;17902;17804;18000;17197;17612;FONTAINE DE VAUCLUSE 2
V615502002;2013-10-03;44415;43595;44688;22935;22970;FONTAINE DE VAUCLUSE 2
V615502002;2013-10-04;36826;35866;37819;22677;22750;FONTAINE DE VAUCLUSE 2
V615502002;2013-10-05;33513;32685;34341;22555;22618;FONTAINE DE VAUCLUSE 2
V615502002;2013-10-06;26045;25323;26767;22243;22320;FONTAINE DE VAUCLUSE 2
V615502002;2013-10-07;16482;16373;16591;14385;14795;FONTAINE DE VAUCLUSE 2
V615502002;2013-10-08;12950;12892;13008;8638;8812;FONTAINE DE VAUCLUSE 2
V615502002;2013-10-09;9185;9133;9213;4082;4169;FONTAINE DE VAUCLUSE 2
V615502002;2013-10-10;7813;7782;7845;2631;2699;FONTAINE DE VAUCLUSE 2
V615502002;2013-10-11;6917;6888;6946;1788;1842;FONTAINE DE VAUCLUSE 2
V615502002;2013-11-01;18012;17884;18140;17366;17909;FONTAINE DE VAUCLUSE 2
V615502002;2013-11-02;17719;17659;17804;16889;17197;FONTAINE DE VAUCLUSE 2
V615502002;2013-11-03;44571;44219;44688;22955;22970;FONTAINE DE VAUCLUSE 2
V615502002;2013-11-04;34962;34167;35866;22612;22677;FONTAINE DE VAUCLUSE 2
V615502002;2013-11-05;31857;31030;32685;22492;22555;FONTAINE DE VAUCLUSE 2
V615502002;2013-11-06;24601;23887;25323;22166;22243;FONTAINE DE VAUCLUSE 2
V615502002;2013-11-07;16654;16591;16700;14795;15000;FONTAINE DE VAUCLUSE 2
V615502002;2013-11-08;12826;12744;12892;8417;8638;FONTAINE DE VAUCLUSE 2
V615502002;2013-11-09;9070;9006;9133;3946;4082;FONTAINE DE VAUCLUSE 2
V615502002;2013-11-10;7750;7718;7782;2562;2631;FONTAINE DE VAUCLUSE 2
V615502002;2013-11-11;6860;6831;6888;1735;1788;FONTAINE DE VAUCLUSE 2
