<CdSiteHydro>;<CdStationHydro>;<TypDeGrdSerieObsElaborHydro>;<PDTSerieObsElaborHydro>;<DtObsElaborHydro>;<DtResObsElaborHydro>;<StObsElaborHydro>;<ResObsElaborHydro>;<QualifObsElaborHydro>;<MethObsElaborHydro>;<ContObsElaborHydro>;<FLG>
"Code du site hydrométrique";"Code de la station hydrométrique";"Type de grandeur de la série d'observations élaborées hydrométriques";"Pas de temps de la série d'observations élaborées hydrométriques";"Date d'observation élaborée hydrométrique";"Date du résultat de l'observation élaborée hydrométrique";"Statut de l'observation élaborée hydrométrique";"Résultat de l'observation élaborée hydrométrique";"Qualification de l'observation élaborée hydrométrique";"Méthode d'obtention du résultat de l'observation élaborée hydrométrique";"Continuité de la donnée de l'observation élaborée hydrométrique";<FLG>
V6155020;V615502001;HIXnJ;1;"2016-03-03 00:00:00";"2016-03-03 18:05:00";16;1107;20;10;0;<FLG>
V6155020;V615502001;HIXnJ;1;"2016-03-04 00:00:00";"2016-03-04 01:15:00";16;1105;20;10;0;<FLG>
V6155020;V615502001;HIXnJ;1;"2016-03-05 00:00:00";"2016-03-05 04:00:00";16;1104;20;10;0;<FLG>
V6155020;V615502001;HIXnJ;1;"2016-03-06 00:00:00";"2016-03-06 23:59:59";16;1111;20;10;0;<FLG>
V6155020;V615502001;HIXnJ;1;"2016-03-07 00:00:00";"2016-03-07 18:00:00";16;1119;20;10;0;<FLG>
V6155020;V615502001;HIXnJ;1;"2016-03-08 00:00:00";"2016-03-08 18:15:00";16;1119;20;10;0;<FLG>
V6155020;V615502001;HIXnJ;1;"2016-03-09 00:00:00";"2016-03-09 00:00:00";16;1117;20;10;0;<FLG>
V6155020;V615502001;HIXnJ;1;"2016-03-10 00:00:00";"2016-03-10 00:00:00";16;1113;20;10;0;<FLG>
V6155020;V615502001;HIXnJ;1;"2016-03-11 00:00:00";"2016-03-11 00:00:00";16;1108;20;10;0;<FLG>
V6155020;V615502001;HIXnJ;1;"2016-03-12 00:00:00";"2016-03-12 00:00:00";16;1100;20;10;0;<FLG>
V6155020;V615502001;HIXnJ;1;"2016-03-13 00:00:00";"2016-03-13 00:00:00";16;1092;20;10;0;<FLG>
V6155020;V615502001;HIXnJ;1;"2016-03-14 00:00:00";"2016-03-14 00:00:00";16;1085;20;10;0;<FLG>
V6155020;V615502001;HIXnJ;1;"2016-03-15 00:00:00";"2016-03-15 00:00:00";16;1076;20;10;0;<FLG>
V6155020;V615502001;HIXnJ;1;"2016-03-16 00:00:00";"2016-03-16 02:55:00";16;1069;20;10;0;<FLG>
V6155020;V615502001;HIXnJ;1;"2016-03-17 00:00:00";"2016-03-17 00:00:00";16;1058;20;10;0;<FLG>
V6155020;V615502001;HIXnJ;1;"2016-03-18 00:00:00";"2016-03-18 18:35:00";16;1057;20;10;0;<FLG>
V6155020;V615502001;HIXnJ;1;"2016-03-19 00:00:00";"2016-03-19 18:20:00";16;1058;20;10;0;<FLG>
V6155020;V615502001;HIXnJ;1;"2016-03-20 00:00:00";"2016-03-20 21:40:00";16;1060;20;10;0;<FLG>
V6155020;V615502001;HIXnJ;1;"2016-03-21 00:00:00";"2016-03-21 18:20:00";16;1063;20;10;0;<FLG>
V6155020;V615502001;HIXnJ;1;"2016-03-22 00:00:00";"2016-03-22 18:20:00";16;1062;20;10;0;<FLG>
V6155020;V615502001;HIXnJ;1;"2016-03-23 00:00:00";"2016-03-23 18:40:00";16;1062;20;10;0;<FLG>
V6155020;V615502001;HIXnJ;1;"2016-03-24 00:00:00";"2016-03-24 03:55:00";16;1059;20;10;0;<FLG>
V6155020;V615502001;HIXnJ;1;"2016-03-25 00:00:00";"2016-03-25 00:00:00";16;1054;20;10;0;<FLG>
V6155020;V615502001;HIXnJ;1;"2016-03-26 00:00:00";"2016-03-26 00:00:00";16;1047;20;10;0;<FLG>
V6155020;V615502001;HIXnJ;1;"2016-03-27 00:00:00";"2016-03-27 00:00:00";16;1040;20;10;0;<FLG>
V6155020;V615502001;HIXnJ;1;"2016-03-28 00:00:00";"2016-03-28 18:35:00";16;1034;20;10;0;<FLG>
V6155020;V615502001;HIXnJ;1;"2016-03-29 00:00:00";"2016-03-29 18:35:00";16;1030;20;10;0;<FLG>
V6155020;V615502001;HIXnJ;1;"2016-03-30 00:00:00";"2016-03-30 18:55:00";16;1025;20;10;0;<FLG>
V6155020;V615502001;HIXnJ;1;"2016-03-31 00:00:00";"2016-03-31 00:00:00";16;1021;20;10;0;<FLG>
V6155020;V615502001;HIXnJ;1;"2016-04-01 00:00:00";"2016-04-01 00:00:00";16;1018;20;10;0;<FLG>
V6155020;V615502001;HIXnJ;1;"2016-04-02 00:00:00";"2016-04-02 00:00:00";16;1013;20;10;0;<FLG>
V6155020;V615502001;HIXnJ;1;"2016-04-03 00:00:00";"2016-04-03 00:00:00";16;1008;20;10;0;<FLG>
V6155020;V615502001;HIXnJ;1;"2016-04-04 00:00:00";"2016-04-04 00:00:00";16;1004;20;10;0;<FLG>
V6155020;V615502001;HIXnJ;1;"2016-04-05 00:00:00";"2016-04-05 00:00:00";16;1002;20;10;0;<FLG>
V6155020;V615502001;HIXnJ;1;"2016-04-06 00:00:00";"2016-04-06 00:00:00";16;998;20;10;0;<FLG>
V6155020;V615502001;HIXnJ;1;"2016-04-07 00:00:00";"2016-04-07 00:00:00";16;993;20;10;0;<FLG>
V6155020;V615502001;HIXnJ;1;"2016-04-08 00:00:00";"2016-04-08 00:00:00";16;988;20;10;0;<FLG>
V6155020;V615502001;HIXnJ;1;"2016-04-09 00:00:00";"2016-04-09 17:53:00";16;986;20;10;0;<FLG>
V6155020;V615502001;HIXnJ;1;"2016-04-10 00:00:00";"2016-04-10 00:00:00";16;982;20;10;0;<FLG>
V6155020;V615502001;HIXnJ;1;"2016-04-11 00:00:00";"2016-04-11 00:00:00";16;979;20;10;0;<FLG>
V6155020;V615502001;HIXnJ;1;"2016-04-12 00:00:00";"2016-04-12 00:00:00";16;973;20;10;0;<FLG>
V6155020;V615502001;HIXnJ;1;"2016-04-13 00:00:00";"2016-04-13 00:00:00";16;968;20;10;0;<FLG>
V6155020;V615502001;HIXnJ;1;"2016-04-14 00:00:00";"2016-04-14 00:00:00";16;961;20;10;0;<FLG>
V6155020;V615502001;HIXnJ;1;"2016-04-15 00:00:00";"2016-04-15 00:00:00";16;959;20;10;0;<FLG>
V6155020;V615502001;HIXnJ;1;"2016-04-16 00:00:00";"2016-04-16 00:00:00";16;957;20;10;0;<FLG>
V6155020;V615502001;HIXnJ;1;"2016-04-17 00:00:00";"2016-04-17 00:00:00";16;954;20;10;0;<FLG>
V6155020;V615502001;HIXnJ;1;"2016-04-18 00:00:00";"2016-04-18 00:00:00";16;946;20;10;0;<FLG>
V6155020;V615502001;HIXnJ;1;"2016-04-19 00:00:00";"2016-04-19 00:00:00";16;940;20;10;0;<FLG>
V6155020;V615502001;HIXnJ;1;"2016-04-20 00:00:00";"2016-04-20 00:00:00";16;935;20;10;0;<FLG>
V6155020;V615502001;HIXnJ;1;"2016-04-21 00:00:00";"2016-04-21 00:00:00";16;930;20;10;0;<FLG>
V6155020;V615502001;HIXnJ;1;"2016-04-22 00:00:00";"2016-04-22 00:00:00";16;924;20;10;0;<FLG>
V6155020;V615502001;HIXnJ;1;"2016-04-23 00:00:00";"2016-04-23 19:15:00";16;922;20;10;0;<FLG>
V6155020;V615502001;HIXnJ;1;"2016-04-24 00:00:00";"2016-04-24 00:00:00";16;919;20;10;0;<FLG>
V6155020;V615502001;HIXnJ;1;"2016-04-25 00:00:00";"2016-04-25 20:10:00";16;916;20;10;0;<FLG>
V6155020;V615502001;HIXnJ;1;"2016-04-26 00:00:00";"2016-04-26 00:00:00";16;912;20;10;0;<FLG>
V6155020;V615502001;HIXnJ;1;"2016-04-27 00:00:00";"2016-04-27 00:00:00";16;907;20;10;0;<FLG>
V6155020;V615502001;HIXnJ;1;"2016-04-28 00:00:00";"2016-04-28 00:00:00";16;904;20;10;0;<FLG>
V6155020;V615502001;HIXnJ;1;"2016-04-29 00:00:00";"2016-04-29 00:00:00";16;899;20;10;0;<FLG>
V6155020;V615502001;HIXnJ;1;"2016-04-30 00:00:00";"2016-04-30 00:00:00";16;896;20;10;0;<FLG>
V6155020;V615502001;HIXnJ;1;"2016-05-01 00:00:00";"2016-05-01 00:00:00";16;890;20;10;0;<FLG>
V6155020;V615502001;HIXnJ;1;"2016-05-02 00:00:00";"2016-05-02 19:40:00";16;892;20;10;0;<FLG>
V6155020;V615502001;HIXnJ;1;"2016-05-03 00:00:00";"2016-05-03 19:20:00";16;889;20;10;0;<FLG>
V6155020;V615502001;HIXnJ;1;"2016-05-04 00:00:00";"2016-05-04 00:00:00";16;884;20;10;0;<FLG>
V6155020;V615502001;HIXnJ;1;"2016-05-05 00:00:00";"2016-05-05 19:40:00";16;876;20;10;0;<FLG>
V6155020;V615502001;HIXnJ;1;"2016-05-06 00:00:00";"2016-05-06 19:45:00";16;873;20;10;0;<FLG>
V6155020;V615502001;HIXnJ;1;"2016-05-07 00:00:00";"2016-05-07 19:35:00";16;871;20;10;0;<FLG>
V6155020;V615502001;HIXnJ;1;"2016-05-08 00:00:00";"2016-05-08 00:00:00";16;867;20;10;0;<FLG>
V6155020;V615502001;HIXnJ;1;"2016-05-09 00:00:00";"2016-05-09 00:00:00";16;864;20;10;0;<FLG>
V6155020;V615502001;HIXnJ;1;"2016-05-10 00:00:00";"2016-05-10 19:15:00";16;869;20;10;0;<FLG>
V6155020;V615502001;HIXnJ;1;"2016-05-11 00:00:00";"2016-05-11 23:59:59";16;914;20;10;0;<FLG>
V6155020;V615502001;HIXnJ;1;"2016-05-12 00:00:00";"2016-05-12 23:59:59";16;993;20;10;0;<FLG>
V6155020;V615502001;HIXnJ;1;"2016-05-13 00:00:00";"2016-05-13 19:30:00";16;1025;20;10;0;<FLG>
V6155020;V615502001;HIXnJ;1;"2016-05-14 00:00:00";"2016-05-14 19:35:00";16;1032;20;10;0;<FLG>
V6155020;V615502001;HIXnJ;1;"2016-05-15 00:00:00";"2016-05-15 00:00:00";16;1026;20;10;0;<FLG>
V6155020;V615502001;HIXnJ;1;"2016-05-16 00:00:00";"2016-05-16 00:00:00";16;1014;20;10;0;<FLG>
V6155020;V615502001;HIXnJ;1;"2016-05-17 00:00:00";"2016-05-17 00:00:00";16;1005;20;10;0;<FLG>
V6155020;V615502001;HIXnJ;1;"2016-05-18 00:00:00";"2016-05-18 00:00:00";16;992;20;10;0;<FLG>
V6155020;V615502001;HIXnJ;1;"2016-05-19 00:00:00";"2016-05-19 00:00:00";16;980;20;10;0;<FLG>
V6155020;V615502001;HIXnJ;1;"2016-05-20 00:00:00";"2016-05-20 00:00:00";16;971;20;10;0;<FLG>
V6155020;V615502001;HIXnJ;1;"2016-05-21 00:00:00";"2016-05-21 00:00:00";16;960;20;10;0;<FLG>
V6155020;V615502001;HIXnJ;1;"2016-05-22 00:00:00";"2016-05-22 00:00:00";16;952;20;10;0;<FLG>
V6155020;V615502001;HIXnJ;1;"2016-05-23 00:00:00";"2016-05-23 00:00:00";16;942;20;10;0;<FLG>
V6155020;V615502001;HIXnJ;1;"2016-05-24 00:00:00";"2016-05-24 20:00:00";16;935;20;10;0;<FLG>
V6155020;V615502001;HIXnJ;1;"2016-05-25 00:00:00";"2016-05-25 00:00:00";16;929;20;10;0;<FLG>
V6155020;V615502001;HIXnJ;1;"2016-05-26 00:00:00";"2016-05-26 00:00:00";16;922;20;10;0;<FLG>
V6155020;V615502001;HIXnJ;1;"2016-05-27 00:00:00";"2016-05-27 00:00:00";16;918;20;10;0;<FLG>
V6155020;V615502001;HIXnJ;1;"2016-05-28 00:00:00";"2016-05-28 00:00:00";16;911;20;10;0;<FLG>
V6155020;V615502001;HIXnJ;1;"2016-05-29 00:00:00";"2016-05-29 07:05:00";16;906;20;10;0;<FLG>
V6155020;V615502001;HIXnJ;1;"2016-05-30 00:00:00";"2016-05-30 20:15:00";16;905;20;10;0;<FLG>
V6155020;V615502001;HIXnJ;1;"2016-05-31 00:00:00";"2016-05-31 00:00:00";16;903;20;10;0;<FLG>
V6155020;V615502001;HIXnJ;1;"2016-06-01 00:00:00";"2016-06-01 00:01:00";16;899;20;10;0;<FLG>
V6155020;V615502001;HIXnJ;1;"2016-06-02 00:00:00";"2016-06-02 00:00:00";16;895;20;10;0;<FLG>
V6155020;V615502001;HIXnJ;1;"2016-06-03 00:00:00";"2016-06-03 05:10:00";16;892;20;10;0;<FLG>
V6155020;V615502001;HIXnJ;1;"2016-06-04 00:00:00";"2016-06-04 04:45:00";16;889;20;10;0;<FLG>
V6155020;V615502001;HIXnJ;1;"2016-06-05 00:00:00";"2016-06-05 23:59:59";16;890;20;10;0;<FLG>
V6155020;V615502001;HIXnJ;1;"2016-06-06 00:00:00";"2016-06-06 19:55:00";16;893;20;10;0;<FLG>
V6155020;V615502001;HIXnJ;1;"2016-06-07 00:00:00";"2016-06-07 04:15:00";16;892;20;10;0;<FLG>
V6155020;V615502001;HIXnJ;1;"2016-06-08 00:00:00";"2016-06-08 03:55:00";16;890;20;10;0;<FLG>
V6155020;V615502001;HIXnJ;1;"2016-06-09 00:00:00";"2016-06-09 03:35:00";16;889;20;10;0;<FLG>
V6155020;V615502001;HIXnJ;1;"2016-06-10 00:00:00";"2016-06-10 03:30:00";16;887;20;10;0;<FLG>
V6155020;V615502001;HIXnJ;1;"2016-06-11 00:00:00";"2016-06-11 09:25:00";16;882;20;10;0;<FLG>
V6155020;V615502001;HIXnJ;1;"2016-06-12 00:00:00";"2016-06-12 05:35:00";16;873;20;10;0;<FLG>
V6155020;V615502001;HIXnJ;1;"2016-06-13 00:00:00";"2016-06-13 06:25:00";16;869;20;10;0;<FLG>
V6155020;V615502001;HIXnJ;1;"2016-06-14 00:00:00";"2016-06-14 05:25:00";16;865;20;10;0;<FLG>
V6155020;V615502001;HIXnJ;1;"2016-06-15 00:00:00";"2016-06-15 13:25:00";16;862;20;10;0;<FLG>
V6155020;V615502001;HIXnJ;1;"2016-06-16 00:00:00";"2016-06-16 04:05:00";16;861;20;10;0;<FLG>
V6155020;V615502001;HIXnJ;1;"2016-06-17 00:00:00";"2016-06-17 00:00:00";16;856;20;10;0;<FLG>
V6155020;V615502001;HIXnJ;1;"2016-06-18 00:00:00";"2016-06-18 06:30:00";16;852;20;10;0;<FLG>
V6155020;V615502001;HIXnJ;1;"2016-06-19 00:00:00";"2016-06-19 18:55:00";16;860;20;10;0;<FLG>
V6155020;V615502001;HIXnJ;1;"2016-06-20 00:00:00";"2016-06-20 04:10:00";16;858;20;10;0;<FLG>
V6155020;V615502001;HIXnJ;1;"2016-06-21 00:00:00";"2016-06-21 00:00:00";16;853;20;10;0;<FLG>
V6155020;V615502001;HIXnJ;1;"2016-06-22 00:00:00";"2016-06-22 06:55:00";16;849;20;10;0;<FLG>
V6155020;V615502001;HIXnJ;1;"2016-06-23 00:00:00";"2016-06-23 07:10:00";16;845;20;10;0;<FLG>
V6155020;V615502001;HIXnJ;1;"2016-06-24 00:00:00";"2016-06-24 09:40:00";16;841;20;10;0;<FLG>
V6155020;V615502001;HIXnJ;1;"2016-06-25 00:00:00";"2016-06-25 03:35:00";16;840;20;10;0;<FLG>
V6155020;V615502001;HIXnJ;1;"2016-06-26 00:00:00";"2016-06-26 03:30:00";16;836;20;10;0;<FLG>
V6155020;V615502001;HIXnJ;1;"2016-06-27 00:00:00";"2016-06-27 12:35:00";16;831;20;10;0;<FLG>
V6155020;V615502001;HIXnJ;1;"2016-06-28 00:00:00";"2016-06-28 07:15:00";16;828;20;10;0;<FLG>
V6155020;V615502001;HIXnJ;1;"2016-06-29 00:00:00";"2016-06-29 03:35:00";16;825;20;10;0;<FLG>
V6155020;V615502001;HIXnJ;1;"2016-06-30 00:00:00";"2016-06-30 00:00:00";16;822;20;10;0;<FLG>
V6155020;V615502001;HIXnJ;1;"2016-07-01 00:00:00";"2016-07-01 00:01:00";16;817;20;10;0;<FLG>
V6155020;V615502001;HIXnJ;1;"2016-07-02 00:00:00";"2016-07-02 03:35:00";16;814;20;10;0;<FLG>
V6155020;V615502001;HIXnJ;1;"2016-07-03 00:00:00";"2016-07-03 23:59:59";16;809;20;10;0;<FLG>
V6155020;V615502001;HIXnJ;1;"2016-07-04 00:00:00";"2016-07-04 03:35:00";16;810;20;10;0;<FLG>
V6155020;V615502001;HIXnJ;1;"2016-07-05 00:00:00";"2016-07-05 03:55:00";16;806;20;10;0;<FLG>
V6155020;V615502001;HIXnJ;1;"2016-07-06 00:00:00";"2016-07-06 20:00:00";16;804;20;10;0;<FLG>
V6155020;V615502001;HIXnJ;1;"2016-07-07 00:00:00";"2016-07-07 02:55:00";16;804;20;10;0;<FLG>
V6155020;V615502001;HIXnJ;1;"2016-07-08 00:00:00";"2016-07-08 19:55:00";16;799;20;10;0;<FLG>
V6155020;V615502001;HIXnJ;1;"2016-07-09 00:00:00";"2016-07-09 20:00:00";16;798;20;10;0;<FLG>
V6155020;V615502001;HIXnJ;1;"2016-07-10 00:00:00";"2016-07-10 03:05:00";16;797;20;10;0;<FLG>
V6155020;V615502001;HIXnJ;1;"2016-07-11 00:00:00";"2016-07-11 03:50:00";16;794;20;10;0;<FLG>
V6155020;V615502001;HIXnJ;1;"2016-07-12 00:00:00";"2016-07-12 03:50:00";16;793;20;10;0;<FLG>
V6155020;V615502001;HIXnJ;1;"2016-07-13 00:00:00";"2016-07-13 19:55:00";16;791;20;10;0;<FLG>
V6155020;V615502001;HIXnJ;1;"2016-07-14 00:00:00";"2016-07-14 03:40:00";16;791;20;10;0;<FLG>
V6155020;V615502001;HIXnJ;1;"2016-07-15 00:00:00";"2016-07-15 03:45:00";16;789;20;10;0;<FLG>
V6155020;V615502001;HIXnJ;1;"2016-07-16 00:00:00";"2016-07-16 03:45:00";16;788;20;10;0;<FLG>
V6155020;V615502001;HIXnJ;1;"2016-07-17 00:00:00";"2016-07-17 03:45:00";16;789;20;10;0;<FLG>
V6155020;V615502001;HIXnJ;1;"2016-07-18 00:00:00";"2016-07-18 03:50:00";16;785;20;10;0;<FLG>
V6155020;V615502001;HIXnJ;1;"2016-07-19 00:00:00";"2016-07-19 19:50:00";16;783;20;10;0;<FLG>
V6155020;V615502001;HIXnJ;1;"2016-07-20 00:00:00";"2016-07-20 03:50:00";16;782;20;10;0;<FLG>
V6155020;V615502001;HIXnJ;1;"2016-07-21 00:00:00";"2016-07-21 10:05:00";16;782;20;10;0;<FLG>
V6155020;V615502001;HIXnJ;1;"2016-07-22 00:00:00";"2016-07-22 09:25:00";16;780;20;10;0;<FLG>
V6155020;V615502001;HIXnJ;1;"2016-07-23 00:00:00";"2016-07-23 00:00:00";16;777;20;10;0;<FLG>
V6155020;V615502001;HIXnJ;1;"2016-07-24 00:00:00";"2016-07-24 02:45:00";16;777;20;10;0;<FLG>
V6155020;V615502001;HIXnJ;1;"2016-07-25 00:00:00";"2016-07-25 03:55:00";16;775;20;10;0;<FLG>
V6155020;V615502001;HIXnJ;1;"2016-07-26 00:00:00";"2016-07-26 11:25:00";16;772;20;10;0;<FLG>
V6155020;V615502001;HIXnJ;1;"2016-07-27 00:00:00";"2016-07-27 00:00:00";16;771;20;10;0;<FLG>
V6155020;V615502001;HIXnJ;1;"2016-07-28 00:00:00";"2016-07-28 04:00:00";16;770;20;10;0;<FLG>
V6155020;V615502001;HIXnJ;1;"2016-07-29 00:00:00";"2016-07-29 19:40:00";16;769;20;10;0;<FLG>
V6155020;V615502001;HIXnJ;1;"2016-07-30 00:00:00";"2016-07-30 09:40:00";16;770;20;10;0;<FLG>
V6155020;V615502001;HIXnJ;1;"2016-07-31 00:00:00";"2016-07-31 04:10:00";16;760;20;10;0;<FLG>
V6155020;V615502001;HIXnJ;1;"2016-08-01 00:00:00";"2016-08-01 04:00:00";16;759;20;10;0;<FLG>
V6155020;V615502001;HIXnJ;1;"2016-08-02 00:00:00";"2016-08-02 19:30:00";16;764;20;10;0;<FLG>
V6155020;V615502001;HIXnJ;1;"2016-08-03 00:00:00";"2016-08-03 03:55:00";16;757;20;10;0;<FLG>
V6155020;V615502001;HIXnJ;1;"2016-08-04 00:00:00";"2016-08-04 19:20:00";16;755;20;10;0;<FLG>
V6155020;V615502001;HIXnJ;1;"2016-08-05 00:00:00";"2016-08-05 19:25:00";16;756;20;10;0;<FLG>
V6155020;V615502001;HIXnJ;1;"2016-08-06 00:00:00";"2016-08-06 19:25:00";16;753;20;10;0;<FLG>
V6155020;V615502001;HIXnJ;1;"2016-08-07 00:00:00";"2016-08-07 19:25:00";16;748;20;10;0;<FLG>
V6155020;V615502001;HIXnJ;1;"2016-08-08 00:00:00";"2016-08-08 19:20:00";16;744;20;10;0;<FLG>
V6155020;V615502001;HIXnJ;1;"2016-08-09 00:00:00";"2016-08-09 04:15:00";16;743;20;10;0;<FLG>
V6155020;V615502001;HIXnJ;1;"2016-08-10 00:00:00";"2016-08-10 00:00:00";16;740;20;10;0;<FLG>
V6155020;V615502001;HIXnJ;1;"2016-08-11 00:00:00";"2016-08-11 04:05:00";16;741;20;10;0;<FLG>
V6155020;V615502001;HIXnJ;1;"2016-08-12 00:00:00";"2016-08-12 00:40:00";16;738;20;10;0;<FLG>
V6155020;V615502001;HIXnJ;1;"2016-08-13 00:00:00";"2016-08-13 02:40:00";16;735;20;10;0;<FLG>
V6155020;V615502001;HIXnJ;1;"2016-08-14 00:00:00";"2016-08-14 19:15:00";16;737;20;10;0;<FLG>
V6155020;V615502001;HIXnJ;1;"2016-08-15 00:00:00";"2016-08-15 19:10:00";16;733;20;10;0;<FLG>
V6155020;V615502001;HIXnJ;1;"2016-08-16 00:00:00";"2016-08-16 04:20:00";16;733;20;10;0;<FLG>
V6155020;V615502001;HIXnJ;1;"2016-08-17 00:00:00";"2016-08-17 04:30:00";16;731;20;10;0;<FLG>
V6155020;V615502001;HIXnJ;1;"2016-08-18 00:00:00";"2016-08-18 19:05:00";16;732;20;10;0;<FLG>
V6155020;V615502001;HIXnJ;1;"2016-08-19 00:00:00";"2016-08-19 04:30:00";16;732;20;10;0;<FLG>
V6155020;V615502001;HIXnJ;1;"2016-08-20 00:00:00";"2016-08-20 04:35:00";16;730;20;10;0;<FLG>
V6155020;V615502001;HIXnJ;1;"2016-08-21 00:00:00";"2016-08-21 04:25:00";16;723;20;10;0;<FLG>
V6155020;V615502001;HIXnJ;1;"2016-08-22 00:00:00";"2016-08-22 19:00:00";16;728;20;10;0;<FLG>
V6155020;V615502001;HIXnJ;1;"2016-08-23 00:00:00";"2016-08-23 03:25:00";16;720;20;10;0;<FLG>
V6155020;V615502001;HIXnJ;1;"2016-08-24 00:00:00";"2016-08-24 18:55:00";16;723;20;10;0;<FLG>
V6155020;V615502001;HIXnJ;1;"2016-08-25 00:00:00";"2016-08-25 18:55:00";16;723;20;10;0;<FLG>
V6155020;V615502001;HIXnJ;1;"2016-08-26 00:00:00";"2016-08-26 04:35:00";16;718;20;10;0;<FLG>
V6155020;V615502001;HIXnJ;1;"2016-08-27 00:00:00";"2016-08-27 19:00:00";16;715;20;10;0;<FLG>
V6155020;V615502001;HIXnJ;1;"2016-08-28 00:00:00";"2016-08-28 03:45:00";16;714;20;10;0;<FLG>
V6155020;V615502001;HIXnJ;1;"2016-08-29 00:00:00";"2016-08-29 04:15:00";16;714;20;10;0;<FLG>
V6155020;V615502001;HIXnJ;1;"2016-08-30 00:00:00";"2016-08-30 04:45:00";16;711;20;10;0;<FLG>
V6155020;V615502001;HIXnJ;1;"2016-08-31 00:00:00";"2016-08-31 03:35:00";16;710;20;10;0;<FLG>
V6155020;V615502001;HIXnJ;1;"2016-09-01 00:00:00";"2016-09-01 18:40:00";16;715;20;10;0;<FLG>
V6155020;V615502001;HIXnJ;1;"2016-09-02 00:00:00";"2016-09-02 18:40:00";16;710;20;10;0;<FLG>
V6155020;V615502001;HIXnJ;1;"2016-09-03 00:00:00";"2016-09-03 04:40:00";16;706;20;10;0;<FLG>
V6155020;V615502001;HIXnJ;1;"2016-09-04 00:00:00";"2016-09-04 03:35:00";16;705;20;10;0;<FLG>
V6155020;V615502001;HIXnJ;1;"2016-09-05 00:00:00";"2016-09-05 08:20:00";16;704;20;10;0;<FLG>
V6155020;V615502001;HIXnJ;1;"2016-09-06 00:00:00";"2016-09-06 04:45:00";16;702;20;10;0;<FLG>
V6155020;V615502001;HIXnJ;1;"2016-09-07 00:00:00";"2016-09-07 18:35:00";16;702;20;10;0;<FLG>
V6155020;V615502001;HIXnJ;1;"2016-09-08 00:00:00";"2016-09-08 18:40:00";16;703;20;10;0;<FLG>
V6155020;V615502001;HIXnJ;1;"2016-09-09 00:00:00";"2016-09-09 04:35:00";16;700;20;10;0;<FLG>
V6155020;V615502001;HIXnJ;1;"2016-09-10 00:00:00";"2016-09-10 04:55:00";16;698;20;10;0;<FLG>
V6155020;V615502001;HIXnJ;1;"2016-09-11 00:00:00";"2016-09-11 02:50:00";16;699;20;10;0;<FLG>
V6155020;V615502001;HIXnJ;1;"2016-09-12 00:00:00";"2016-09-12 18:20:00";16;700;20;10;0;<FLG>
V6155020;V615502001;HIXnJ;1;"2016-09-13 00:00:00";"2016-09-13 05:00:00";16;697;20;10;0;<FLG>
V6155020;V615502001;HIXnJ;1;"2016-09-14 00:00:00";"2016-09-14 23:10:00";16;700;20;10;0;<FLG>
V6155020;V615502001;HIXnJ;1;"2016-09-15 00:00:00";"2016-09-15 23:59:59";16;715;20;10;0;<FLG>
V6155020;V615502001;HIXnJ;1;"2016-09-16 00:00:00";"2016-09-16 05:05:00";16;720;20;10;0;<FLG>
V6155020;V615502001;HIXnJ;1;"2016-09-17 00:00:00";"2016-09-17 05:20:00";16;713;20;10;0;<FLG>
V6155020;V615502001;HIXnJ;1;"2016-09-18 00:00:00";"2016-09-18 05:15:00";16;706;20;10;0;<FLG>
V6155020;V615502001;HIXnJ;1;"2016-09-19 00:00:00";"2016-09-19 05:15:00";16;703;20;10;0;<FLG>
V6155020;V615502001;HIXnJ;1;"2016-09-20 00:00:00";"2016-09-20 05:05:00";16;697;20;10;0;<FLG>
V6155020;V615502001;HIXnJ;1;"2016-09-21 00:00:00";"2016-09-21 18:20:00";16;693;20;10;0;<FLG>
V6155020;V615502001;HIXnJ;1;"2016-09-22 00:00:00";"2016-09-22 00:00:00";16;691;20;10;0;<FLG>
V6155020;V615502001;HIXnJ;1;"2016-09-23 00:00:00";"2016-09-23 00:00:00";16;683;20;10;0;<FLG>
V6155020;V615502001;HIXnJ;1;"2016-09-24 00:00:00";"2016-09-24 17:30:00";16;685;20;10;0;<FLG>
V6155020;V615502001;HIXnJ;1;"2016-09-25 00:00:00";"2016-09-25 18:05:00";16;684;20;10;0;<FLG>
V6155020;V615502001;HIXnJ;1;"2016-09-26 00:00:00";"2016-09-26 03:45:00";16;681;20;10;0;<FLG>
V6155020;V615502001;HIXnJ;1;"2016-09-27 00:00:00";"2016-09-27 05:15:00";16;674;20;10;0;<FLG>
V6155020;V615502001;HIXnJ;1;"2016-09-28 00:00:00";"2016-09-28 18:00:00";16;676;20;10;0;<FLG>
V6155020;V615502001;HIXnJ;1;"2016-09-29 00:00:00";"2016-09-29 05:15:00";16;675;20;10;0;<FLG>
V6155020;V615502001;HIXnJ;1;"2016-09-30 00:00:00";"2016-09-30 17:50:00";16;674;20;10;0;<FLG>
V6155020;V615502001;HIXnJ;1;"2016-10-01 00:00:00";"2016-10-01 16:30:00";16;684;20;10;0;<FLG>
V6155020;V615502001;HIXnJ;1;"2016-10-02 00:00:00";"2016-10-02 05:30:00";16;679;20;10;0;<FLG>
V6155020;V615502001;HIXnJ;1;"2016-10-03 00:00:00";"2016-10-03 00:00:00";16;671;20;10;0;<FLG>
V6155020;V615502001;HIXnJ;1;"2016-10-04 00:00:00";"2016-10-04 17:40:00";16;667;20;10;0;<FLG>
V6155020;V615502001;HIXnJ;1;"2016-10-05 00:00:00";"2016-10-05 17:55:00";16;671;20;10;0;<FLG>
V6155020;V615502001;HIXnJ;1;"2016-10-06 00:00:00";"2016-10-06 00:00:00";16;669;20;10;0;<FLG>
V6155020;V615502001;HIXnJ;1;"2016-10-07 00:00:00";"2016-10-07 17:45:00";16;663;20;10;0;<FLG>
V6155020;V615502001;HIXnJ;1;"2016-10-08 00:00:00";"2016-10-08 17:45:00";16;663;20;10;0;<FLG>
V6155020;V615502001;HIXnJ;1;"2016-10-09 00:00:00";"2016-10-09 04:05:00";16;661;20;10;0;<FLG>
V6155020;V615502001;HIXnJ;1;"2016-10-10 00:00:00";"2016-10-10 00:00:00";16;657;20;10;0;<FLG>
V6155020;V615502001;HIXnJ;1;"2016-10-11 00:00:00";"2016-10-11 00:00:00";16;655;20;10;0;<FLG>
V6155020;V615502001;HIXnJ;1;"2016-10-12 00:00:00";"2016-10-12 17:25:00";16;655;20;10;0;<FLG>
V6155020;V615502001;HIXnJ;1;"2016-10-13 00:00:00";"2016-10-13 03:30:00";16;657;20;10;0;<FLG>
V6155020;V615502001;HIXnJ;1;"2016-10-14 00:00:00";"2016-10-14 23:59:59";16;801;20;10;0;<FLG>
V6155020;V615502001;HIXnJ;1;"2016-10-15 00:00:00";"2016-10-15 21:20:00";16;899;20;10;0;<FLG>
V6155020;V615502001;HIXnJ;1;"2016-10-16 00:00:00";"2016-10-16 17:20:00";16;904;20;10;0;<FLG>
V6155020;V615502001;HIXnJ;1;"2016-10-17 00:00:00";"2016-10-17 23:59:59";16;925;20;10;0;<FLG>
V6155020;V615502001;HIXnJ;1;"2016-10-18 00:00:00";"2016-10-18 17:30:00";16;935;20;10;0;<FLG>
V6155020;V615502001;HIXnJ;1;"2016-10-19 00:00:00";"2016-10-19 00:00:00";16;931;20;10;0;<FLG>
V6155020;V615502001;HIXnJ;1;"2016-10-20 00:00:00";"2016-10-20 00:00:00";16;906;20;10;0;<FLG>
V6155020;V615502001;HIXnJ;1;"2016-10-21 00:00:00";"2016-10-21 00:00:00";16;866;20;10;0;<FLG>
V6155020;V615502001;HIXnJ;1;"2016-10-22 00:00:00";"2016-10-22 00:00:00";16;840;20;10;0;<FLG>
V6155020;V615502001;HIXnJ;1;"2016-10-23 00:00:00";"2016-10-23 00:00:00";16;823;20;10;0;<FLG>
V6155020;V615502001;HIXnJ;1;"2016-10-24 00:00:00";"2016-10-24 23:59:59";16;849;20;10;0;<FLG>
V6155020;V615502001;HIXnJ;1;"2016-10-25 00:00:00";"2016-10-25 05:25:00";16;854;20;10;0;<FLG>
V6155020;V615502001;HIXnJ;1;"2016-10-26 00:00:00";"2016-10-26 00:00:00";16;851;20;10;0;<FLG>
V6155020;V615502001;HIXnJ;1;"2016-10-27 00:00:00";"2016-10-27 00:00:00";16;841;20;10;0;<FLG>
V6155020;V615502001;HIXnJ;1;"2016-10-28 00:00:00";"2016-10-28 00:00:00";16;818;20;10;0;<FLG>
V6155020;V615502001;HIXnJ;1;"2016-10-29 00:00:00";"2016-10-29 00:00:00";16;802;20;10;0;<FLG>
V6155020;V615502001;HIXnJ;1;"2016-10-30 00:00:00";"2016-10-30 00:00:00";16;789;20;10;0;<FLG>
V6155020;V615502001;HIXnJ;1;"2016-10-31 00:00:00";"2016-10-31 00:00:00";16;779;20;10;0;<FLG>
V6155020;V615502001;HIXnJ;1;"2016-11-01 00:00:00";"2016-11-01 03:45:00";16;769;20;10;0;<FLG>
V6155020;V615502001;HIXnJ;1;"2016-11-02 00:00:00";"2016-11-02 00:00:00";16;763;20;10;0;<FLG>
V6155020;V615502001;HIXnJ;1;"2016-11-03 00:00:00";"2016-11-03 04:00:00";16;757;20;10;0;<FLG>
V6155020;V615502001;HIXnJ;1;"2016-11-04 00:00:00";"2016-11-04 23:59:59";16;743;20;10;0;<FLG>
V6155020;V615502001;HIXnJ;1;"2016-11-05 00:00:00";"2016-11-05 23:59:59";16;902;20;10;0;<FLG>
V6155020;V615502001;HIXnJ;1;"2016-11-06 00:00:00";"2016-11-06 23:59:59";16;997;20;10;0;<FLG>
V6155020;V615502001;HIXnJ;1;"2016-11-07 00:00:00";"2016-11-07 16:50:00";16;1014;20;10;0;<FLG>
V6155020;V615502001;HIXnJ;1;"2016-11-08 00:00:00";"2016-11-08 00:00:00";16;1012;20;10;0;<FLG>
V6155020;V615502001;HIXnJ;1;"2016-11-09 00:00:00";"2016-11-09 00:00:00";16;996;20;10;0;<FLG>
V6155020;V615502001;HIXnJ;1;"2016-11-10 00:00:00";"2016-11-10 00:00:00";16;981;20;10;0;<FLG>
V6155020;V615502001;HIXnJ;1;"2016-11-11 00:00:00";"2016-11-11 00:00:00";16;960;20;10;0;<FLG>
V6155020;V615502001;HIXnJ;1;"2016-11-12 00:00:00";"2016-11-12 00:00:00";16;938;20;10;0;<FLG>
V6155020;V615502001;HIXnJ;1;"2016-11-13 00:00:00";"2016-11-13 00:00:00";16;922;20;10;0;<FLG>
V6155020;V615502001;HIXnJ;1;"2016-11-14 00:00:00";"2016-11-14 00:00:00";16;909;20;10;0;<FLG>
V6155020;V615502001;HIXnJ;1;"2016-11-15 00:00:00";"2016-11-15 00:00:00";16;894;20;10;0;<FLG>
V6155020;V615502001;HIXnJ;1;"2016-11-16 00:00:00";"2016-11-16 00:00:00";16;876;20;10;0;<FLG>
V6155020;V615502001;HIXnJ;1;"2016-11-17 00:00:00";"2016-11-17 00:00:00";16;864;20;10;0;<FLG>
V6155020;V615502001;HIXnJ;1;"2016-11-18 00:00:00";"2016-11-18 00:00:00";16;856;20;10;0;<FLG>
V6155020;V615502001;HIXnJ;1;"2016-11-19 00:00:00";"2016-11-19 00:00:00";16;847;20;10;0;<FLG>
V6155020;V615502001;HIXnJ;1;"2016-11-20 00:00:00";"2016-11-20 05:05:00";16;840;20;10;0;<FLG>
V6155020;V615502001;HIXnJ;1;"2016-11-21 00:00:00";"2016-11-21 23:59:59";16;1038;20;10;0;<FLG>
V6155020;V615502001;HIXnJ;1;"2016-11-22 00:00:00";"2016-11-22 23:59:59";16;1524;20;10;0;<FLG>
V6155020;V615502001;HIXnJ;1;"2016-11-23 00:00:00";"2016-11-23 23:59:59";16;1587;20;10;0;<FLG>
V6155020;V615502001;HIXnJ;1;"2016-11-24 00:00:00";"2016-11-24 23:59:59";16;1633;20;10;0;<FLG>
V6155020;V615502001;HIXnJ;1;"2016-11-25 00:00:00";"2016-11-25 23:59:59";16;1717;20;10;0;<FLG>
V6155020;V615502001;HIXnJ;1;"2016-11-26 00:00:00";"2016-11-26 06:30:00";16;1720;20;10;0;<FLG>
V6155020;V615502001;HIXnJ;1;"2016-11-27 00:00:00";"2016-11-27 04:25:00";16;1718;20;10;0;<FLG>
V6155020;V615502001;HIXnJ;1;"2016-11-28 00:00:00";"2016-11-28 00:00:00";16;1706;20;10;0;<FLG>
V6155020;V615502001;HIXnJ;1;"2016-11-29 00:00:00";"2016-11-29 04:20:00";16;1682;20;10;0;<FLG>
V6155020;V615502001;HIXnJ;1;"2016-11-30 00:00:00";"2016-11-30 00:35:00";16;1657;20;10;0;<FLG>
V6155020;V615502001;HIXnJ;1;"2016-12-01 00:00:00";"2016-12-01 00:00:00";16;1639;20;10;0;<FLG>
V6155020;V615502001;HIXnJ;1;"2016-12-02 00:00:00";"2016-12-02 07:35:00";16;1626;20;10;0;<FLG>
V6155020;V615502001;HIXnJ;1;"2016-12-03 00:00:00";"2016-12-03 00:00:00";16;1608;20;10;0;<FLG>
V6155020;V615502001;HIXnJ;1;"2016-12-04 00:00:00";"2016-12-04 00:00:00";16;1580;20;10;0;<FLG>
V6155020;V615502001;HIXnJ;1;"2016-12-05 00:00:00";"2016-12-05 00:00:00";16;1549;20;10;0;<FLG>
V6155020;V615502001;HIXnJ;1;"2016-12-06 00:00:00";"2016-12-06 00:00:00";16;1513;20;10;0;<FLG>
V6155020;V615502001;HIXnJ;1;"2016-12-07 00:00:00";"2016-12-07 00:00:00";16;1482;20;10;0;<FLG>
V6155020;V615502001;HIXnJ;1;"2016-12-08 00:00:00";"2016-12-08 00:00:00";16;1448;20;10;0;<FLG>
V6155020;V615502001;HIXnJ;1;"2016-12-09 00:00:00";"2016-12-09 00:00:00";16;1414;20;10;0;<FLG>
V6155020;V615502001;HIXnJ;1;"2016-12-10 00:00:00";"2016-12-10 00:00:00";16;1382;20;10;0;<FLG>
V6155020;V615502001;HIXnJ;1;"2016-12-11 00:00:00";"2016-12-11 00:00:00";16;1346;20;10;0;<FLG>
V6155020;V615502001;HIXnJ;1;"2016-12-12 00:00:00";"2016-12-12 00:00:00";16;1312;20;10;0;<FLG>
V6155020;V615502001;HIXnJ;1;"2016-12-13 00:00:00";"2016-12-13 00:00:00";16;1278;20;10;0;<FLG>
V6155020;V615502001;HIXnJ;1;"2016-12-14 00:00:00";"2016-12-14 00:00:00";16;1246;20;10;0;<FLG>
V6155020;V615502001;HIXnJ;1;"2016-12-15 00:00:00";"2016-12-15 00:00:00";16;1224;20;10;0;<FLG>
V6155020;V615502001;HIXnJ;1;"2016-12-16 00:00:00";"2016-12-16 00:00:00";16;1202;20;10;0;<FLG>
V6155020;V615502001;HIXnJ;1;"2016-12-17 00:00:00";"2016-12-17 00:00:00";16;1184;20;10;0;<FLG>
V6155020;V615502001;HIXnJ;1;"2016-12-18 00:00:00";"2016-12-18 00:00:00";16;1164;20;10;0;<FLG>
V6155020;V615502001;HIXnJ;1;"2016-12-19 00:00:00";"2016-12-19 00:00:00";16;1147;20;10;0;<FLG>
V6155020;V615502001;HIXnJ;1;"2016-12-20 00:00:00";"2016-12-20 00:10:00";16;1143;20;10;0;<FLG>
V6155020;V615502001;HIXnJ;1;"2016-12-21 00:00:00";"2016-12-21 02:35:00";16;1140;20;10;0;<FLG>
V6155020;V615502001;HIXnJ;1;"2016-12-22 00:00:00";"2016-12-22 00:00:00";16;1139;20;10;0;<FLG>
V6155020;V615502001;HIXnJ;1;"2016-12-23 00:00:00";"2016-12-23 04:05:00";16;1137;20;10;0;<FLG>
V6155020;V615502001;HIXnJ;1;"2016-12-24 00:00:00";"2016-12-24 00:00:00";16;1134;20;10;0;<FLG>
V6155020;V615502001;HIXnJ;1;"2016-12-25 00:00:00";"2016-12-25 06:30:00";16;1132;20;10;0;<FLG>
V6155020;V615502001;HIXnJ;1;"2016-12-26 00:00:00";"2016-12-26 00:00:00";16;1127;20;10;0;<FLG>
V6155020;V615502001;HIXnJ;1;"2016-12-27 00:00:00";"2016-12-27 00:00:00";16;1120;20;10;0;<FLG>
V6155020;V615502001;HIXnJ;1;"2016-12-28 00:00:00";"2016-12-28 00:00:00";16;1114;20;10;0;<FLG>
V6155020;V615502001;HIXnJ;1;"2016-12-29 00:00:00";"2016-12-29 00:00:00";16;1107;20;10;0;<FLG>
V6155020;V615502001;HIXnJ;1;"2016-12-30 00:00:00";"2016-12-30 05:30:00";16;1097;20;10;0;<FLG>
V6155020;V615502001;HIXnJ;1;"2016-12-31 00:00:00";"2016-12-31 00:00:00";16;1091;20;10;0;<FLG>
V6155020;V615502001;HIXnJ;1;"2017-01-01 00:00:00";"2017-01-01 00:00:00";16;1085;20;10;0;<FLG>
V6155020;V615502001;HIXnJ;1;"2017-01-02 00:00:00";"2017-01-02 04:25:00";16;1080;20;10;0;<FLG>
V6155020;V615502001;HIXnJ;1;"2017-01-03 00:00:00";"2017-01-03 00:00:00";16;1074;20;10;0;<FLG>
V6155020;V615502001;HIXnJ;1;"2017-01-04 00:00:00";"2017-01-04 00:00:00";16;1066;20;10;0;<FLG>
V6155020;V615502001;HIXnJ;1;"2017-01-05 00:00:00";"2017-01-05 00:00:00";16;1061;20;10;0;<FLG>
V6155020;V615502001;HIXnJ;1;"2017-01-06 00:00:00";"2017-01-06 00:00:00";16;1056;20;10;0;<FLG>
V6155020;V615502001;HIXnJ;1;"2017-01-07 00:00:00";"2017-01-07 00:00:00";16;1046;20;10;0;<FLG>
V6155020;V615502001;HIXnJ;1;"2017-01-08 00:00:00";"2017-01-08 00:00:00";16;1040;20;10;0;<FLG>
V6155020;V615502001;HIXnJ;1;"2017-01-09 00:00:00";"2017-01-09 00:00:00";16;1035;20;10;0;<FLG>
V6155020;V615502001;HIXnJ;1;"2017-01-10 00:00:00";"2017-01-10 00:00:00";16;1029;20;10;0;<FLG>
V6155020;V615502001;HIXnJ;1;"2017-01-11 00:00:00";"2017-01-11 00:00:00";16;1025;20;10;0;<FLG>
V6155020;V615502001;HIXnJ;1;"2017-01-12 00:00:00";"2017-01-12 00:00:00";16;1019;20;10;0;<FLG>
V6155020;V615502001;HIXnJ;1;"2017-01-13 00:00:00";"2017-01-13 05:25:00";16;1014;20;10;0;<FLG>
V6155020;V615502001;HIXnJ;1;"2017-01-14 00:00:00";"2017-01-14 00:00:00";16;1008;20;10;0;<FLG>
V6155020;V615502001;HIXnJ;1;"2017-01-15 00:00:00";"2017-01-15 00:00:00";16;1001;20;10;0;<FLG>
V6155020;V615502001;HIXnJ;1;"2017-01-16 00:00:00";"2017-01-16 00:00:00";16;996;20;10;0;<FLG>
V6155020;V615502001;HIXnJ;1;"2017-01-17 00:00:00";"2017-01-17 00:00:00";16;990;20;10;0;<FLG>
V6155020;V615502001;HIXnJ;1;"2017-01-18 00:00:00";"2017-01-18 00:00:00";16;984;20;10;0;<FLG>
V6155020;V615502001;HIXnJ;1;"2017-01-19 00:00:00";"2017-01-19 00:00:00";16;976;20;10;0;<FLG>
V6155020;V615502001;HIXnJ;1;"2017-01-20 00:00:00";"2017-01-20 00:00:00";16;970;20;10;0;<FLG>
V6155020;V615502001;HIXnJ;1;"2017-01-21 00:00:00";"2017-01-21 02:20:00";16;966;20;10;0;<FLG>
V6155020;V615502001;HIXnJ;1;"2017-01-22 00:00:00";"2017-01-22 00:00:00";16;961;20;10;0;<FLG>
V6155020;V615502001;HIXnJ;1;"2017-01-23 00:00:00";"2017-01-23 06:50:00";16;957;20;10;0;<FLG>
V6155020;V615502001;HIXnJ;1;"2017-01-24 00:00:00";"2017-01-24 00:00:00";16;953;20;10;0;<FLG>
V6155020;V615502001;HIXnJ;1;"2017-01-25 00:00:00";"2017-01-25 00:00:00";16;948;20;10;0;<FLG>
V6155020;V615502001;HIXnJ;1;"2017-01-26 00:00:00";"2017-01-26 07:00:00";16;943;20;10;0;<FLG>
V6155020;V615502001;HIXnJ;1;"2017-01-27 00:00:00";"2017-01-27 17:10:00";16;942;20;10;0;<FLG>
V6155020;V615502001;HIXnJ;1;"2017-01-28 00:00:00";"2017-01-28 06:50:00";16;940;20;10;0;<FLG>
V6155020;V615502001;HIXnJ;1;"2017-01-29 00:00:00";"2017-01-29 00:00:00";16;930;20;10;0;<FLG>
V6155020;V615502001;HIXnJ;1;"2017-01-30 00:00:00";"2017-01-30 00:00:00";16;925;20;10;0;<FLG>
V6155020;V615502001;HIXnJ;1;"2017-01-31 00:00:00";"2017-01-31 00:00:00";16;922;20;10;0;<FLG>
V6155020;V615502001;HIXnJ;1;"2017-02-01 00:00:00";"2017-02-01 00:00:00";16;920;20;10;0;<FLG>
V6155020;V615502001;HIXnJ;1;"2017-02-02 00:00:00";"2017-02-02 00:00:00";16;918;20;10;0;<FLG>
V6155020;V615502001;HIXnJ;1;"2017-02-03 00:00:00";"2017-02-03 23:59:59";16;935;20;10;0;<FLG>
V6155020;V615502001;HIXnJ;1;"2017-02-04 00:00:00";"2017-02-04 23:59:59";16;967;20;10;0;<FLG>
V6155020;V615502001;HIXnJ;1;"2017-02-05 00:00:00";"2017-02-05 23:59:59";16;1030;20;10;0;<FLG>
V6155020;V615502001;HIXnJ;1;"2017-02-06 00:00:00";"2017-02-06 23:59:59";16;1096;20;10;0;<FLG>
V6155020;V615502001;HIXnJ;1;"2017-02-07 00:00:00";"2017-02-07 23:59:59";16;1113;20;10;0;<FLG>
V6155020;V615502001;HIXnJ;1;"2017-02-08 00:00:00";"2017-02-08 02:00:00";16;1114;20;10;0;<FLG>
V6155020;V615502001;HIXnJ;1;"2017-02-09 00:00:00";"2017-02-09 00:00:00";16;1112;20;10;0;<FLG>
V6155020;V615502001;HIXnJ;1;"2017-02-10 00:00:00";"2017-02-10 00:00:00";16;1102;20;10;0;<FLG>
V6155020;V615502001;HIXnJ;1;"2017-02-11 00:00:00";"2017-02-11 00:00:00";16;1095;20;10;0;<FLG>
V6155020;V615502001;HIXnJ;1;"2017-02-12 00:00:00";"2017-02-12 00:00:00";16;1080;20;10;0;<FLG>
V6155020;V615502001;HIXnJ;1;"2017-02-13 00:00:00";"2017-02-13 00:00:00";16;1074;20;10;0;<FLG>
V6155020;V615502001;HIXnJ;1;"2017-02-14 00:00:00";"2017-02-14 01:15:00";16;1069;20;10;0;<FLG>
V6155020;V615502001;HIXnJ;1;"2017-02-15 00:00:00";"2017-02-15 00:00:00";16;1062;20;10;0;<FLG>
V6155020;V615502001;HIXnJ;1;"2017-02-16 00:00:00";"2017-02-16 00:00:00";16;1057;20;10;0;<FLG>
V6155020;V615502001;HIXnJ;1;"2017-02-17 00:00:00";"2017-02-17 05:05:00";16;1051;20;10;0;<FLG>
V6155020;V615502001;HIXnJ;1;"2017-02-18 00:00:00";"2017-02-18 00:00:00";16;1048;20;10;0;<FLG>
V6155020;V615502001;HIXnJ;1;"2017-02-19 00:00:00";"2017-02-19 00:00:00";16;1044;20;10;0;<FLG>
V6155020;V615502001;HIXnJ;1;"2017-02-20 00:00:00";"2017-02-20 00:00:00";16;1037;20;10;0;<FLG>
V6155020;V615502001;HIXnJ;1;"2017-02-21 00:00:00";"2017-02-21 00:00:00";16;1028;20;10;0;<FLG>
V6155020;V615502001;HIXnJ;1;"2017-02-22 00:00:00";"2017-02-22 00:00:00";16;1025;20;10;0;<FLG>
V6155020;V615502001;HIXnJ;1;"2017-02-23 00:00:00";"2017-02-23 00:00:00";16;1019;20;10;0;<FLG>
V6155020;V615502001;HIXnJ;1;"2017-02-24 00:00:00";"2017-02-24 00:00:00";16;1014;20;10;0;<FLG>
V6155020;V615502001;HIXnJ;1;"2017-02-25 00:00:00";"2017-02-25 00:00:00";16;1009;20;10;0;<FLG>
V6155020;V615502001;HIXnJ;1;"2017-02-26 00:00:00";"2017-02-26 00:00:00";16;1002;20;10;0;<FLG>
V6155020;V615502001;HIXnJ;1;"2017-02-27 00:00:00";"2017-02-27 00:00:00";16;996;20;10;0;<FLG>
V6155020;V615502001;HIXnJ;1;"2017-02-28 00:00:00";"2017-02-28 00:00:00";16;992;20;10;0;<FLG>
V6155020;V615502001;HIXnJ;1;"2017-03-01 00:00:00";"2017-03-01 00:00:00";16;989;20;10;0;<FLG>
V6155020;V615502001;HIXnJ;1;"2017-03-02 00:00:00";"2017-03-02 00:00:00";16;987;20;10;0;<FLG>
V6155020;V615502001;HIXnJ;1;"2017-03-03 00:00:00";"2017-03-03 00:00:00";16;983;20;10;0;<FLG>
V6155020;V615502001;HIXnJ;1;"2017-03-04 00:00:00";"2017-03-04 07:28:00";16;984;20;10;0;<FLG>
V6155020;V615502001;HIXnJ;1;"2017-03-05 00:00:00";"2017-03-05 23:59:59";16;991;20;10;0;<FLG>
V6155020;V615502001;HIXnJ;1;"2017-03-06 00:00:00";"2017-03-06 23:59:59";16;1014;20;10;0;<FLG>
V6155020;V615502001;HIXnJ;1;"2017-03-07 00:00:00";"2017-03-07 23:59:59";16;1053;20;10;0;<FLG>
V6155020;V615502001;HIXnJ;1;"2017-03-08 00:00:00";"2017-03-08 23:59:59";16;1066;20;10;0;<FLG>
V6155020;V615502001;HIXnJ;1;"2017-03-09 00:00:00";"2017-03-09 23:59:59";16;1078;20;10;0;<FLG>
V6155020;V615502001;HIXnJ;1;"2017-03-10 00:00:00";"2017-03-10 23:59:59";16;1087;20;10;0;<FLG>
V6155020;V615502001;HIXnJ;1;"2017-03-11 00:00:00";"2017-03-11 18:02:00";16;1091;20;10;0;<FLG>
V6155020;V615502001;HIXnJ;1;"2017-03-12 00:00:00";"2017-03-12 00:00:00";16;1090;20;10;0;<FLG>
V6155020;V615502001;HIXnJ;1;"2017-03-13 00:00:00";"2017-03-13 01:32:00";16;1089;20;10;0;<FLG>
V6155020;V615502001;HIXnJ;1;"2017-03-14 00:00:00";"2017-03-14 00:00:00";16;1081;20;10;0;<FLG>
V6155020;V615502001;HIXnJ;1;"2017-03-15 00:00:00";"2017-03-15 00:00:00";16;1073;20;10;0;<FLG>
V6155020;V615502001;HIXnJ;1;"2017-03-16 00:00:00";"2017-03-16 00:00:00";16;1066;20;10;0;<FLG>
V6155020;V615502001;HIXnJ;1;"2017-03-17 00:00:00";"2017-03-17 00:00:00";16;1059;20;10;0;<FLG>
V6155020;V615502001;HIXnJ;1;"2017-03-18 00:00:00";"2017-03-18 00:00:00";16;1051;20;10;0;<FLG>
V6155020;V615502001;HIXnJ;1;"2017-03-19 00:00:00";"2017-03-19 00:00:00";16;1047;20;10;0;<FLG>
V6155020;V615502001;HIXnJ;1;"2017-03-20 00:00:00";"2017-03-20 00:00:00";16;1043;20;10;0;<FLG>
V6155020;V615502001;HIXnJ;1;"2017-03-21 00:00:00";"2017-03-21 00:00:00";16;1035;20;10;0;<FLG>
V6155020;V615502001;HIXnJ;1;"2017-03-22 00:00:00";"2017-03-22 00:00:00";16;1029;20;10;0;<FLG>
V6155020;V615502001;HIXnJ;1;"2017-03-23 00:00:00";"2017-03-23 00:00:00";16;1023;20;10;0;<FLG>
V6155020;V615502001;HIXnJ;1;"2017-03-24 00:00:00";"2017-03-24 23:59:59";16;1083;20;10;0;<FLG>
V6155020;V615502001;HIXnJ;1;"2017-03-25 00:00:00";"2017-03-25 23:59:59";16;1189;20;10;0;<FLG>
V6155020;V615502001;HIXnJ;1;"2017-03-26 00:00:00";"2017-03-26 23:59:59";16;1298;20;10;0;<FLG>
V6155020;V615502001;HIXnJ;1;"2017-03-27 00:00:00";"2017-03-27 19:25:00";16;1313;20;10;0;<FLG>
V6155020;V615502001;HIXnJ;1;"2017-03-28 00:00:00";"2017-03-28 00:00:00";16;1312;20;10;0;<FLG>
V6155020;V615502001;HIXnJ;1;"2017-03-29 00:00:00";"2017-03-29 00:00:00";16;1298;20;10;0;<FLG>
V6155020;V615502001;HIXnJ;1;"2017-03-30 00:00:00";"2017-03-30 00:00:00";16;1272;20;10;0;<FLG>
V6155020;V615502001;HIXnJ;1;"2017-03-31 00:00:00";"2017-03-31 00:00:00";16;1240;20;10;0;<FLG>
V6155020;V615502001;HIXnJ;1;"2017-04-01 00:00:00";"2017-04-01 00:00:00";16;1206;20;10;0;<FLG>
V6155020;V615502001;HIXnJ;1;"2017-04-02 00:00:00";"2017-04-02 00:00:00";16;1179;20;10;0;<FLG>
V6155020;V615502001;HIXnJ;1;"2017-04-03 00:00:00";"2017-04-03 00:00:00";16;1169;20;10;0;<FLG>
V6155020;V615502001;HIXnJ;1;"2017-04-04 00:00:00";"2017-04-04 06:40:00";16;1168;20;10;0;<FLG>
V6155020;V615502001;HIXnJ;1;"2017-04-05 00:00:00";"2017-04-05 00:00:00";16;1167;20;10;0;<FLG>
V6155020;V615502001;HIXnJ;1;"2017-04-06 00:00:00";"2017-04-06 00:00:00";16;1160;20;10;0;<FLG>
V6155020;V615502001;HIXnJ;1;"2017-04-07 00:00:00";"2017-04-07 00:00:00";16;1153;20;10;0;<FLG>
V6155020;V615502001;HIXnJ;1;"2017-04-08 00:00:00";"2017-04-08 15:02:00";16;1147;20;10;0;<FLG>
V6155020;V615502001;HIXnJ;1;"2017-04-09 00:00:00";"2017-04-09 00:00:00";16;1144;20;10;0;<FLG>
V6155020;V615502001;HIXnJ;1;"2017-04-10 00:00:00";"2017-04-10 00:00:00";16;1138;20;10;0;<FLG>
V6155020;V615502001;HIXnJ;1;"2017-04-11 00:00:00";"2017-04-11 00:00:00";16;1133;20;10;0;<FLG>
V6155020;V615502001;HIXnJ;1;"2017-04-12 00:00:00";"2017-04-12 00:00:00";16;1127;20;10;0;<FLG>
V6155020;V615502001;HIXnJ;1;"2017-04-13 00:00:00";"2017-04-13 00:00:00";16;1124;20;10;0;<FLG>
V6155020;V615502001;HIXnJ;1;"2017-04-14 00:00:00";"2017-04-14 00:00:00";16;1119;20;10;0;<FLG>
V6155020;V615502001;HIXnJ;1;"2017-04-15 00:00:00";"2017-04-15 00:00:00";16;1110;20;10;0;<FLG>
V6155020;V615502001;HIXnJ;1;"2017-04-16 00:00:00";"2017-04-16 00:00:00";16;1103;20;10;0;<FLG>
V6155020;V615502001;HIXnJ;1;"2017-04-17 00:00:00";"2017-04-17 00:00:00";16;1096;20;10;0;<FLG>
V6155020;V615502001;HIXnJ;1;"2017-04-18 00:00:00";"2017-04-18 00:00:00";16;1090;20;10;0;<FLG>
V6155020;V615502001;HIXnJ;1;"2017-04-19 00:00:00";"2017-04-19 00:00:00";16;1083;20;10;0;<FLG>
V6155020;V615502001;HIXnJ;1;"2017-04-20 00:00:00";"2017-04-20 00:00:00";16;1074;20;10;0;<FLG>
V6155020;V615502001;HIXnJ;1;"2017-04-21 00:00:00";"2017-04-21 00:00:00";16;1066;20;10;0;<FLG>
V6155020;V615502001;HIXnJ;1;"2017-04-22 00:00:00";"2017-04-22 00:00:00";16;1060;20;10;0;<FLG>
V6155020;V615502001;HIXnJ;1;"2017-04-23 00:00:00";"2017-04-23 00:00:00";16;1055;20;10;0;<FLG>
V6155020;V615502001;HIXnJ;1;"2017-04-24 00:00:00";"2017-04-24 00:00:00";16;1052;20;10;0;<FLG>
V6155020;V615502001;HIXnJ;1;"2017-04-25 00:00:00";"2017-04-25 00:00:00";16;1046;20;10;0;<FLG>
V6155020;V615502001;HIXnJ;1;"2017-04-26 00:00:00";"2017-04-26 00:00:00";16;1042;20;10;0;<FLG>
V6155020;V615502001;HIXnJ;1;"2017-04-27 00:00:00";"2017-04-27 23:59:59";16;1042;20;10;0;<FLG>
V6155020;V615502001;HIXnJ;1;"2017-04-28 00:00:00";"2017-04-28 20:48:00";16;1044;20;10;0;<FLG>
V6155020;V615502001;HIXnJ;1;"2017-04-29 00:00:00";"2017-04-29 18:45:00";16;1044;20;10;0;<FLG>
V6155020;V615502001;HIXnJ;1;"2017-04-30 00:00:00";"2017-04-30 00:00:00";16;1043;20;10;0;<FLG>
V6155020;V615502001;HIXnJ;1;"2017-05-01 00:00:00";"2017-05-01 17:30:00";16;1042;20;10;0;<FLG>
V6155020;V615502001;HIXnJ;1;"2017-05-02 00:00:00";"2017-05-02 23:59:59";16;1056;20;10;0;<FLG>
V6155020;V615502001;HIXnJ;1;"2017-05-03 00:00:00";"2017-05-03 23:59:59";16;1082;20;10;0;<FLG>
V6155020;V615502001;HIXnJ;1;"2017-05-04 00:00:00";"2017-05-04 18:30:00";16;1097;20;10;0;<FLG>
V6155020;V615502001;HIXnJ;1;"2017-05-05 00:00:00";"2017-05-05 17:00:00";16;1103;20;10;0;<FLG>
V6155020;V615502001;HIXnJ;1;"2017-05-06 00:00:00";"2017-05-06 18:25:00";16;1108;20;10;0;<FLG>
V6155020;V615502001;HIXnJ;1;"2017-05-07 00:00:00";"2017-05-07 23:59:59";16;1122;20;10;0;<FLG>
V6155020;V615502001;HIXnJ;1;"2017-05-08 00:00:00";"2017-05-08 19:20:00";16;1136;20;10;0;<FLG>
V6155020;V615502001;HIXnJ;1;"2017-05-09 00:00:00";"2017-05-09 17:25:00";16;1141;20;10;0;<FLG>
V6155020;V615502001;HIXnJ;1;"2017-05-10 00:00:00";"2017-05-10 00:00:00";16;1138;20;10;0;<FLG>
V6155020;V615502001;HIXnJ;1;"2017-05-11 00:00:00";"2017-05-11 00:00:00";16;1134;20;10;0;<FLG>
V6155020;V615502001;HIXnJ;1;"2017-05-12 00:00:00";"2017-05-12 17:45:00";16;1130;20;10;0;<FLG>
V6155020;V615502001;HIXnJ;1;"2017-05-13 00:00:00";"2017-05-13 00:00:00";16;1124;20;10;0;<FLG>
V6155020;V615502001;HIXnJ;1;"2017-05-14 00:00:00";"2017-05-14 00:00:00";16;1119;20;10;0;<FLG>
V6155020;V615502001;HIXnJ;1;"2017-05-15 00:00:00";"2017-05-15 00:00:00";16;1112;20;10;0;<FLG>
V6155020;V615502001;HIXnJ;1;"2017-05-16 00:00:00";"2017-05-16 00:00:00";16;1105;20;10;0;<FLG>
V6155020;V615502001;HIXnJ;1;"2017-05-17 00:00:00";"2017-05-17 00:00:00";16;1095;20;10;0;<FLG>
V6155020;V615502001;HIXnJ;1;"2017-05-18 00:00:00";"2017-05-18 00:00:00";16;1086;20;10;0;<FLG>
V6155020;V615502001;HIXnJ;1;"2017-05-19 00:00:00";"2017-05-19 00:00:00";16;1081;20;10;0;<FLG>
V6155020;V615502001;HIXnJ;1;"2017-05-20 00:00:00";"2017-05-20 00:00:00";16;1072;20;10;0;<FLG>
V6155020;V615502001;HIXnJ;1;"2017-05-21 00:00:00";"2017-05-21 00:00:00";16;1062;20;10;0;<FLG>
V6155020;V615502001;HIXnJ;1;"2017-05-22 00:00:00";"2017-05-22 00:00:00";16;1055;20;10;0;<FLG>
V6155020;V615502001;HIXnJ;1;"2017-05-23 00:00:00";"2017-05-23 00:00:00";16;1048;20;10;0;<FLG>
V6155020;V615502001;HIXnJ;1;"2017-05-24 00:00:00";"2017-05-24 01:55:00";16;1042;20;10;0;<FLG>
V6155020;V615502001;HIXnJ;1;"2017-05-25 00:00:00";"2017-05-25 00:00:00";16;1035;20;10;0;<FLG>
V6155020;V615502001;HIXnJ;1;"2017-05-26 00:00:00";"2017-05-26 04:35:00";16;1028;20;10;0;<FLG>
V6155020;V615502001;HIXnJ;1;"2017-05-27 00:00:00";"2017-05-27 01:45:00";16;1022;20;10;0;<FLG>
V6155020;V615502001;HIXnJ;1;"2017-05-28 00:00:00";"2017-05-28 00:00:00";16;1012;20;10;0;<FLG>
V6155020;V615502001;HIXnJ;1;"2017-05-29 00:00:00";"2017-05-29 04:00:00";16;1004;20;10;0;<FLG>
V6155020;V615502001;HIXnJ;1;"2017-05-30 00:00:00";"2017-05-30 01:20:00";16;998;20;10;0;<FLG>
V6155020;V615502001;HIXnJ;1;"2017-05-31 00:00:00";"2017-05-31 02:40:00";16;992;20;10;0;<FLG>
V6155020;V615502001;HIXnJ;1;"2017-06-01 00:00:00";"2017-06-01 13:25:00";16;988;20;10;0;<FLG>
V6155020;V615502001;HIXnJ;1;"2017-06-02 00:00:00";"2017-06-02 00:00:00";16;982;20;10;0;<FLG>
V6155020;V615502001;HIXnJ;1;"2017-06-03 00:00:00";"2017-06-03 00:00:00";16;973;20;10;0;<FLG>
V6155020;V615502001;HIXnJ;1;"2017-06-04 00:00:00";"2017-06-04 00:00:00";16;968;20;10;0;<FLG>
V6155020;V615502001;HIXnJ;1;"2017-06-05 00:00:00";"2017-06-05 00:00:00";16;962;20;10;0;<FLG>
V6155020;V615502001;HIXnJ;1;"2017-06-06 00:00:00";"2017-06-06 13:20:00";16;957;20;10;0;<FLG>
V6155020;V615502001;HIXnJ;1;"2017-06-07 00:00:00";"2017-06-07 02:35:00";16;951;20;10;0;<FLG>
V6155020;V615502001;HIXnJ;1;"2017-06-08 00:00:00";"2017-06-08 00:00:00";16;945;20;10;0;<FLG>
V6155020;V615502001;HIXnJ;1;"2017-06-09 00:00:00";"2017-06-09 04:30:00";16;939;20;10;0;<FLG>
V6155020;V615502001;HIXnJ;1;"2017-06-10 00:00:00";"2017-06-10 00:00:00";16;934;20;10;0;<FLG>
V6155020;V615502001;HIXnJ;1;"2017-06-11 00:00:00";"2017-06-11 00:00:00";16;926;20;10;0;<FLG>
V6155020;V615502001;HIXnJ;1;"2017-06-12 00:00:00";"2017-06-12 00:00:00";16;923;20;10;0;<FLG>
V6155020;V615502001;HIXnJ;1;"2017-06-13 00:00:00";"2017-06-13 00:00:00";16;916;20;10;0;<FLG>
V6155020;V615502001;HIXnJ;1;"2017-06-14 00:00:00";"2017-06-14 06:20:00";16;912;20;10;0;<FLG>
V6155020;V615502001;HIXnJ;1;"2017-06-15 00:00:00";"2017-06-15 12:15:00";16;906;20;10;0;<FLG>
V6155020;V615502001;HIXnJ;1;"2017-06-16 00:00:00";"2017-06-16 13:35:00";16;901;20;10;0;<FLG>
V6155020;V615502001;HIXnJ;1;"2017-06-17 00:00:00";"2017-06-17 06:55:00";16;899;20;10;0;<FLG>
V6155020;V615502001;HIXnJ;1;"2017-06-18 00:00:00";"2017-06-18 06:10:00";16;894;20;10;0;<FLG>
V6155020;V615502001;HIXnJ;1;"2017-06-19 00:00:00";"2017-06-19 04:05:00";16;888;20;10;0;<FLG>
V6155020;V615502001;HIXnJ;1;"2017-06-20 00:00:00";"2017-06-20 06:35:00";16;884;20;10;0;<FLG>
V6155020;V615502001;HIXnJ;1;"2017-06-21 00:00:00";"2017-06-21 06:35:00";16;881;20;10;0;<FLG>
V6155020;V615502001;HIXnJ;1;"2017-06-22 00:00:00";"2017-06-22 07:50:00";16;876;20;10;0;<FLG>
V6155020;V615502001;HIXnJ;1;"2017-06-23 00:00:00";"2017-06-23 00:45:00";16;873;20;10;0;<FLG>
V6155020;V615502001;HIXnJ;1;"2017-06-24 00:00:00";"2017-06-24 06:10:00";16;871;20;10;0;<FLG>
V6155020;V615502001;HIXnJ;1;"2017-06-25 00:00:00";"2017-06-25 00:00:00";16;866;20;10;0;<FLG>
V6155020;V615502001;HIXnJ;1;"2017-06-26 00:00:00";"2017-06-26 00:00:00";16;861;20;10;0;<FLG>
V6155020;V615502001;HIXnJ;1;"2017-06-27 00:00:00";"2017-06-27 05:05:00";16;861;20;10;0;<FLG>
V6155020;V615502001;HIXnJ;1;"2017-06-28 00:00:00";"2017-06-28 13:30:00";16;861;20;10;0;<FLG>
V6155020;V615502001;HIXnJ;1;"2017-06-29 00:00:00";"2017-06-29 03:35:00";16;860;20;10;0;<FLG>
V6155020;V615502001;HIXnJ;1;"2017-06-30 00:00:00";"2017-06-30 00:00:00";16;856;20;10;0;<FLG>
V6155020;V615502001;HIXnJ;1;"2017-07-01 00:00:00";"2017-07-01 00:00:00";16;850;20;10;0;<FLG>
V6155020;V615502001;HIXnJ;1;"2017-07-02 00:00:00";"2017-07-02 04:40:00";16;846;20;10;0;<FLG>
V6155020;V615502001;HIXnJ;1;"2017-07-03 00:00:00";"2017-07-03 07:15:00";16;843;20;10;0;<FLG>
V6155020;V615502001;HIXnJ;1;"2017-07-04 00:00:00";"2017-07-04 09:20:00";16;842;20;10;0;<FLG>
V6155020;V615502001;HIXnJ;1;"2017-07-05 00:00:00";"2017-07-05 06:55:00";16;835;20;10;0;<FLG>
V6155020;V615502001;HIXnJ;1;"2017-07-06 00:00:00";"2017-07-06 07:10:00";16;832;20;10;0;<FLG>
V6155020;V615502001;HIXnJ;1;"2017-07-07 00:00:00";"2017-07-07 06:10:00";16;829;20;10;0;<FLG>
V6155020;V615502001;HIXnJ;1;"2017-07-08 00:00:00";"2017-07-08 07:05:00";16;826;20;10;0;<FLG>
V6155020;V615502001;HIXnJ;1;"2017-07-09 00:00:00";"2017-07-09 15:10:00";16;821;20;10;0;<FLG>
V6155020;V615502001;HIXnJ;1;"2017-07-10 00:00:00";"2017-07-10 05:10:00";16;821;20;10;0;<FLG>
V6155020;V615502001;HIXnJ;1;"2017-07-11 00:00:00";"2017-07-11 09:35:00";16;817;20;10;0;<FLG>
V6155020;V615502001;HIXnJ;1;"2017-07-12 00:00:00";"2017-07-12 07:30:00";16;814;20;10;0;<FLG>
V6155020;V615502001;HIXnJ;1;"2017-07-13 00:00:00";"2017-07-13 06:20:00";16;811;20;10;0;<FLG>
V6155020;V615502001;HIXnJ;1;"2017-07-14 00:00:00";"2017-07-14 10:35:00";16;807;20;10;0;<FLG>
V6155020;V615502001;HIXnJ;1;"2017-07-15 00:00:00";"2017-07-15 08:40:00";16;804;20;10;0;<FLG>
V6155020;V615502001;HIXnJ;1;"2017-07-16 00:00:00";"2017-07-16 00:00:00";16;801;20;10;0;<FLG>
V6155020;V615502001;HIXnJ;1;"2017-07-17 00:00:00";"2017-07-17 23:59:59";16;800;20;10;0;<FLG>
V6155020;V615502001;HIXnJ;1;"2017-07-18 00:00:00";"2017-07-18 23:59:59";16;800;20;10;0;<FLG>
V6155020;V615502001;HIXnJ;1;"2017-07-19 00:00:00";"2017-07-19 05:42:00";16;802;20;10;0;<FLG>
V6155020;V615502001;HIXnJ;1;"2017-07-20 00:00:00";"2017-07-20 05:20:00";16;801;20;10;0;<FLG>
V6155020;V615502001;HIXnJ;1;"2017-07-21 00:00:00";"2017-07-21 06:45:00";16;799;20;10;0;<FLG>
V6155020;V615502001;HIXnJ;1;"2017-07-22 00:00:00";"2017-07-22 06:30:00";16;798;20;10;0;<FLG>
V6155020;V615502001;HIXnJ;1;"2017-07-23 00:00:00";"2017-07-23 08:30:00";16;795;20;10;0;<FLG>
V6155020;V615502001;HIXnJ;1;"2017-07-24 00:00:00";"2017-07-24 08:00:00";16;793;20;10;0;<FLG>
V6155020;V615502001;HIXnJ;1;"2017-07-25 00:00:00";"2017-07-25 10:30:00";16;791;20;10;0;<FLG>
V6155020;V615502001;HIXnJ;1;"2017-07-26 00:00:00";"2017-07-26 06:45:00";16;791;20;10;0;<FLG>
V6155020;V615502001;HIXnJ;1;"2017-07-27 00:00:00";"2017-07-27 00:00:00";16;788;20;10;0;<FLG>
V6155020;V615502001;HIXnJ;1;"2017-07-28 00:00:00";"2017-07-28 00:00:00";16;787;20;10;0;<FLG>
V6155020;V615502001;HIXnJ;1;"2017-07-29 00:00:00";"2017-07-29 00:00:00";16;782;20;10;0;<FLG>
V6155020;V615502001;HIXnJ;1;"2017-07-30 00:00:00";"2017-07-30 00:00:00";16;781;20;10;0;<FLG>
V6155020;V615502001;HIXnJ;1;"2017-07-31 00:00:00";"2017-07-31 08:33:00";16;778;20;10;0;<FLG>
V6155020;V615502001;HIXnJ;1;"2017-08-01 00:00:00";"2017-08-01 00:00:00";16;776;20;10;0;<FLG>
V6155020;V615502001;HIXnJ;1;"2017-08-02 00:00:00";"2017-08-02 00:00:00";16;774;20;10;0;<FLG>
V6155020;V615502001;HIXnJ;1;"2017-08-03 00:00:00";"2017-08-03 00:00:00";16;772;20;10;0;<FLG>
V6155020;V615502001;HIXnJ;1;"2017-08-04 00:00:00";"2017-08-04 00:00:00";16;771;20;10;0;<FLG>
V6155020;V615502001;HIXnJ;1;"2017-08-05 00:00:00";"2017-08-05 00:00:00";16;770;20;10;0;<FLG>
V6155020;V615502001;HIXnJ;1;"2017-08-06 00:00:00";"2017-08-06 00:00:00";16;768;20;10;0;<FLG>
V6155020;V615502001;HIXnJ;1;"2017-08-07 00:00:00";"2017-08-07 00:00:00";16;767;20;10;0;<FLG>
V6155020;V615502001;HIXnJ;1;"2017-08-08 00:00:00";"2017-08-08 18:20:00";16;767;20;10;0;<FLG>
V6155020;V615502001;HIXnJ;1;"2017-08-09 00:00:00";"2017-08-09 07:32:00";16;767;20;10;0;<FLG>
V6155020;V615502001;HIXnJ;1;"2017-08-10 00:00:00";"2017-08-10 00:00:00";16;766;20;10;0;<FLG>
V6155020;V615502001;HIXnJ;1;"2017-08-11 00:00:00";"2017-08-11 00:00:00";16;764;20;10;0;<FLG>
V6155020;V615502001;HIXnJ;1;"2017-08-12 00:00:00";"2017-08-12 00:00:00";16;761;20;10;0;<FLG>
V6155020;V615502001;HIXnJ;1;"2017-08-13 00:00:00";"2017-08-13 00:00:00";16;758;20;10;0;<FLG>
V6155020;V615502001;HIXnJ;1;"2017-08-14 00:00:00";"2017-08-14 00:00:00";16;756;20;10;0;<FLG>
V6155020;V615502001;HIXnJ;1;"2017-08-15 00:00:00";"2017-08-15 00:00:00";16;754;20;10;0;<FLG>
V6155020;V615502001;HIXnJ;1;"2017-08-16 00:00:00";"2017-08-16 00:00:00";16;751;20;10;0;<FLG>
V6155020;V615502001;HIXnJ;1;"2017-08-17 00:00:00";"2017-08-17 00:00:00";16;750;20;10;0;<FLG>
V6155020;V615502001;HIXnJ;1;"2017-08-18 00:00:00";"2017-08-18 00:00:00";16;748;20;10;0;<FLG>
V6155020;V615502001;HIXnJ;1;"2017-08-19 00:00:00";"2017-08-19 00:00:00";16;745;20;10;0;<FLG>
V6155020;V615502001;HIXnJ;1;"2017-08-20 00:00:00";"2017-08-20 00:00:00";16;744;20;10;0;<FLG>
V6155020;V615502001;HIXnJ;1;"2017-08-21 00:00:00";"2017-08-21 00:00:00";16;743;20;10;0;<FLG>
V6155020;V615502001;HIXnJ;1;"2017-08-22 00:00:00";"2017-08-22 00:00:00";16;740;20;10;0;<FLG>
V6155020;V615502001;HIXnJ;1;"2017-08-23 00:00:00";"2017-08-23 00:00:00";16;739;20;10;0;<FLG>
V6155020;V615502001;HIXnJ;1;"2017-08-24 00:00:00";"2017-08-24 00:00:00";16;737;20;10;0;<FLG>
V6155020;V615502001;HIXnJ;1;"2017-08-25 00:00:00";"2017-08-25 00:00:00";16;735;20;10;0;<FLG>
V6155020;V615502001;HIXnJ;1;"2017-08-26 00:00:00";"2017-08-26 00:00:00";16;733;20;10;0;<FLG>
V6155020;V615502001;HIXnJ;1;"2017-08-27 00:00:00";"2017-08-27 00:00:00";16;731;20;10;0;<FLG>
V6155020;V615502001;HIXnJ;1;"2017-08-28 00:00:00";"2017-08-28 00:00:00";16;729;20;10;0;<FLG>
V6155020;V615502001;HIXnJ;1;"2017-08-29 00:00:00";"2017-08-29 00:00:00";16;727;20;10;0;<FLG>
V6155020;V615502001;HIXnJ;1;"2017-08-30 00:00:00";"2017-08-30 00:00:00";16;725;20;10;0;<FLG>
V6155020;V615502001;HIXnJ;1;"2017-08-31 00:00:00";"2017-08-31 23:59:00";16;724;20;10;0;<FLG>
V6155020;V615502001;HIXnJ;1;"2017-09-01 00:00:00";"2017-09-01 00:25:00";16;724;20;10;0;<FLG>
V6155020;V615502001;HIXnJ;1;"2017-09-02 00:00:00";"2017-09-02 23:10:00";16;724;20;10;0;<FLG>
V6155020;V615502001;HIXnJ;1;"2017-09-03 00:00:00";"2017-09-03 00:00:00";16;724;20;10;0;<FLG>
V6155020;V615502001;HIXnJ;1;"2017-09-04 00:00:00";"2017-09-04 00:00:00";16;722;20;10;0;<FLG>
V6155020;V615502001;HIXnJ;1;"2017-09-05 00:00:00";"2017-09-05 00:00:00";16;719;20;10;0;<FLG>
V6155020;V615502001;HIXnJ;1;"2017-09-06 00:00:00";"2017-09-06 06:30:00";16;720;20;10;0;<FLG>
V6155020;V615502001;HIXnJ;1;"2017-09-07 00:00:00";"2017-09-07 20:50:00";16;718;20;10;0;<FLG>
V6155020;V615502001;HIXnJ;1;"2017-09-08 00:00:00";"2017-09-08 00:00:00";16;717;20;10;0;<FLG>
V6155020;V615502001;HIXnJ;1;"2017-09-09 00:00:00";"2017-09-09 10:10:00";16;718;20;10;0;<FLG>
V6155020;V615502001;HIXnJ;1;"2017-09-10 00:00:00";"2017-09-10 20:50:00";16;716;20;10;0;<FLG>
V6155020;V615502001;HIXnJ;1;"2017-09-11 00:00:00";"2017-09-11 00:00:00";16;715;20;10;0;<FLG>
V6155020;V615502001;HIXnJ;1;"2017-09-12 00:00:00";"2017-09-12 19:30:00";16;710;20;10;0;<FLG>
V6155020;V615502001;HIXnJ;1;"2017-09-13 00:00:00";"2017-09-13 00:00:00";16;706;20;10;0;<FLG>
V6155020;V615502001;HIXnJ;1;"2017-09-14 00:00:00";"2017-09-14 00:00:00";16;704;20;10;0;<FLG>
V6155020;V615502001;HIXnJ;1;"2017-09-15 00:00:00";"2017-09-15 00:00:00";16;699;20;10;0;<FLG>
V6155020;V615502001;HIXnJ;1;"2017-09-16 00:00:00";"2017-09-16 14:45:00";16;697;20;10;0;<FLG>
V6155020;V615502001;HIXnJ;1;"2017-09-17 00:00:00";"2017-09-17 00:00:00";16;694;20;10;0;<FLG>
V6155020;V615502001;HIXnJ;1;"2017-09-18 00:00:00";"2017-09-18 04:00:00";16;690;20;10;0;<FLG>
V6155020;V615502001;HIXnJ;1;"2017-09-19 00:00:00";"2017-09-19 00:00:00";16;689;20;10;0;<FLG>
V6155020;V615502001;HIXnJ;1;"2017-09-20 00:00:00";"2017-09-20 00:00:00";16;687;20;10;0;<FLG>
V6155020;V615502001;HIXnJ;1;"2017-09-21 00:00:00";"2017-09-21 20:15:00";16;683;20;10;0;<FLG>
V6155020;V615502001;HIXnJ;1;"2017-09-22 00:00:00";"2017-09-22 18:10:00";16;682;20;10;0;<FLG>
V6155020;V615502001;HIXnJ;1;"2017-09-23 00:00:00";"2017-09-23 00:00:00";16;680;20;10;0;<FLG>
V6155020;V615502001;HIXnJ;1;"2017-09-24 00:00:00";"2017-09-24 20:50:00";16;677;20;10;0;<FLG>
V6155020;V615502001;HIXnJ;1;"2017-09-25 00:00:00";"2017-09-25 21:00:00";16;677;20;10;0;<FLG>
V6155020;V615502001;HIXnJ;1;"2017-09-26 00:00:00";"2017-09-26 00:00:00";16;676;20;10;0;<FLG>
V6155020;V615502001;HIXnJ;1;"2017-09-27 00:00:00";"2017-09-27 00:00:00";16;672;20;10;0;<FLG>
V6155020;V615502001;HIXnJ;1;"2017-09-28 00:00:00";"2017-09-28 00:00:00";16;667;20;10;0;<FLG>
V6155020;V615502001;HIXnJ;1;"2017-09-29 00:00:00";"2017-09-29 18:05:00";16;666;20;10;0;<FLG>
V6155020;V615502001;HIXnJ;1;"2017-09-30 00:00:00";"2017-09-30 00:00:00";16;665;20;10;0;<FLG>
V6155020;V615502001;HIXnJ;1;"2017-10-01 00:00:00";"2017-10-01 00:01:00";16;661;20;10;0;<FLG>
V6155020;V615502001;HIXnJ;1;"2017-10-02 00:00:00";"2017-10-02 15:50:00";16;661;20;10;0;<FLG>
V6155020;V615502001;HIXnJ;1;"2017-10-03 00:00:00";"2017-10-03 17:50:00";16;660;20;10;0;<FLG>
V6155020;V615502001;HIXnJ;1;"2017-10-04 00:00:00";"2017-10-04 19:25:00";16;657;20;10;0;<FLG>
V6155020;V615502001;HIXnJ;1;"2017-10-05 00:00:00";"2017-10-05 16:05:00";16;656;20;10;0;<FLG>
V6155020;V615502001;HIXnJ;1;"2017-10-06 00:00:00";"2017-10-06 05:20:00";16;656;20;10;0;<FLG>
V6155020;V615502001;HIXnJ;1;"2017-10-07 00:00:00";"2017-10-07 00:00:00";16;655;20;10;0;<FLG>
V6155020;V615502001;HIXnJ;1;"2017-10-08 00:00:00";"2017-10-08 18:25:00";16;649;20;10;0;<FLG>
V6155020;V615502001;HIXnJ;1;"2017-10-09 00:00:00";"2017-10-09 19:55:00";16;650;20;10;0;<FLG>
V6155020;V615502001;HIXnJ;1;"2017-10-10 00:00:00";"2017-10-10 00:00:00";16;648;20;10;0;<FLG>
V6155020;V615502001;HIXnJ;1;"2017-10-11 00:00:00";"2017-10-11 00:00:00";16;644;20;10;0;<FLG>
V6155020;V615502001;HIXnJ;1;"2017-10-12 00:00:00";"2017-10-12 00:00:00";16;640;20;10;0;<FLG>
V6155020;V615502001;HIXnJ;1;"2017-10-13 00:00:00";"2017-10-13 03:15:00";16;638;20;10;0;<FLG>
V6155020;V615502001;HIXnJ;1;"2017-10-14 00:00:00";"2017-10-14 00:00:00";16;638;20;10;0;<FLG>
V6155020;V615502001;HIXnJ;1;"2017-10-15 00:00:00";"2017-10-15 00:00:00";16;632;20;10;0;<FLG>
V6155020;V615502001;HIXnJ;1;"2017-10-16 00:00:00";"2017-10-16 15:40:00";16;633;20;10;0;<FLG>
V6155020;V615502001;HIXnJ;1;"2017-10-17 00:00:00";"2017-10-17 05:25:00";16;632;20;10;0;<FLG>
V6155020;V615502001;HIXnJ;1;"2017-10-18 00:00:00";"2017-10-18 23:59:59";16;632;20;10;0;<FLG>
V6155020;V615502001;HIXnJ;1;"2017-10-19 00:00:00";"2017-10-19 02:55:00";16;632;20;10;0;<FLG>
V6155020;V615502001;HIXnJ;1;"2017-10-20 00:00:00";"2017-10-20 04:40:00";16;631;20;10;0;<FLG>
V6155020;V615502001;HIXnJ;1;"2017-10-21 00:00:00";"2017-10-21 06:15:00";16;628;20;10;0;<FLG>
V6155020;V615502001;HIXnJ;1;"2017-10-22 00:00:00";"2017-10-22 15:35:00";16;622;20;10;0;<FLG>
V6155020;V615502001;HIXnJ;1;"2017-10-23 00:00:00";"2017-10-23 23:59:59";16;620;20;10;0;<FLG>
V6155020;V615502001;HIXnJ;1;"2017-10-24 00:00:00";"2017-10-24 17:25:00";16;621;20;10;0;<FLG>
V6155020;V615502001;HIXnJ;1;"2017-10-25 00:00:00";"2017-10-25 00:00:00";16;617;20;10;0;<FLG>
V6155020;V615502001;HIXnJ;1;"2017-10-26 00:00:00";"2017-10-26 14:15:00";16;612;20;10;0;<FLG>
V6155020;V615502001;HIXnJ;1;"2017-10-27 00:00:00";"2017-10-27 15:35:00";16;616;20;10;0;<FLG>
V6155020;V615502001;HIXnJ;1;"2017-10-28 00:00:00";"2017-10-28 00:00:00";16;612;20;10;0;<FLG>
V6155020;V615502001;HIXnJ;1;"2017-10-29 00:00:00";"2017-10-29 05:15:00";16;612;20;10;0;<FLG>
V6155020;V615502001;HIXnJ;1;"2017-10-30 00:00:00";"2017-10-30 03:10:00";16;614;20;10;0;<FLG>
V6155020;V615502001;HIXnJ;1;"2017-10-31 00:00:00";"2017-10-31 00:00:00";16;607;20;10;0;<FLG>
V6155020;V615502001;HIXnJ;1;"2017-11-01 00:00:00";"2017-11-01 06:30:00";16;601;20;10;0;<FLG>
V6155020;V615502001;HIXnJ;1;"2017-11-02 00:00:00";"2017-11-02 16:00:00";16;603;20;10;0;<FLG>
V6155020;V615502001;HIXnJ;1;"2017-11-03 00:00:00";"2017-11-03 17:50:00";16;606;20;10;0;<FLG>
V6155020;V615502001;HIXnJ;1;"2017-11-04 00:00:00";"2017-11-04 04:30:00";16;605;20;10;0;<FLG>
V6155020;V615502001;HIXnJ;1;"2017-11-05 00:00:00";"2017-11-05 02:45:00";16;611;20;10;0;<FLG>
V6155020;V615502001;HIXnJ;1;"2017-11-06 00:00:00";"2017-11-06 07:05:00";16;609;20;10;0;<FLG>
V6155020;V615502001;HIXnJ;1;"2017-11-07 00:00:00";"2017-11-07 09:30:00";16;605;20;10;0;<FLG>
V6155020;V615502001;HIXnJ;1;"2017-11-08 00:00:00";"2017-11-08 16:20:00";16;600;20;10;0;<FLG>
V6155020;V615502001;HIXnJ;1;"2017-11-09 00:00:00";"2017-11-09 07:45:00";16;599;20;10;0;<FLG>
V6155020;V615502001;HIXnJ;1;"2017-11-10 00:00:00";"2017-11-10 00:00:00";16;598;20;10;0;<FLG>
V6155020;V615502001;HIXnJ;1;"2017-11-11 00:00:00";"2017-11-11 19:30:00";16;600;20;10;0;<FLG>
V6155020;V615502001;HIXnJ;1;"2017-11-12 00:00:00";"2017-11-12 19:20:00";16;603;20;10;0;<FLG>
V6155020;V615502001;HIXnJ;1;"2017-11-13 00:00:00";"2017-11-13 23:59:59";16;602;20;10;0;<FLG>
V6155020;V615502001;HIXnJ;1;"2017-11-14 00:00:00";"2017-11-14 02:25:00";16;602;20;10;0;<FLG>
V6155020;V615502001;HIXnJ;1;"2017-11-15 00:00:00";"2017-11-15 05:15:00";16;593;20;10;0;<FLG>
V6155020;V615502001;HIXnJ;1;"2017-11-16 00:00:00";"2017-11-16 16:35:00";16;595;20;10;0;<FLG>
V6155020;V615502001;HIXnJ;1;"2017-11-17 00:00:00";"2017-11-17 15:10:00";16;596;20;10;0;<FLG>
V6155020;V615502001;HIXnJ;1;"2017-11-18 00:00:00";"2017-11-18 14:05:00";16;596;20;10;0;<FLG>
V6155020;V615502001;HIXnJ;1;"2017-11-19 00:00:00";"2017-11-19 07:35:00";16;596;20;10;0;<FLG>
V6155020;V615502001;HIXnJ;1;"2017-11-20 00:00:00";"2017-11-20 16:05:00";16;601;20;10;0;<FLG>
V6155020;V615502001;HIXnJ;1;"2017-11-21 00:00:00";"2017-11-21 13:35:00";16;600;20;10;0;<FLG>
V6155020;V615502001;HIXnJ;1;"2017-11-22 00:00:00";"2017-11-22 18:55:00";16;602;20;10;0;<FLG>
V6155020;V615502001;HIXnJ;1;"2017-11-23 00:00:00";"2017-11-23 07:40:00";16;603;20;10;0;<FLG>
V6155020;V615502001;HIXnJ;1;"2017-11-24 00:00:00";"2017-11-24 23:59:59";16;602;20;10;0;<FLG>
V6155020;V615502001;HIXnJ;1;"2017-11-25 00:00:00";"2017-11-25 06:45:00";16;602;20;10;0;<FLG>
V6155020;V615502001;HIXnJ;1;"2017-11-26 00:00:00";"2017-11-26 10:30:00";16;597;20;10;0;<FLG>
V6155020;V615502001;HIXnJ;1;"2017-11-27 00:00:00";"2017-11-27 16:05:00";16;600;20;10;0;<FLG>
V6155020;V615502001;HIXnJ;1;"2017-11-28 00:00:00";"2017-11-28 23:59:59";16;601;20;10;0;<FLG>
V6155020;V615502001;HIXnJ;1;"2017-11-29 00:00:00";"2017-11-29 01:30:00";16;601;20;10;0;<FLG>
V6155020;V615502001;HIXnJ;1;"2017-11-30 00:00:00";"2017-11-30 20:00:00";16;598;20;10;0;<FLG>
V6155020;V615502001;HIXnJ;1;"2017-12-01 00:00:00";"2017-12-01 04:55:00";16;599;20;10;0;<FLG>
V6155020;V615502001;HIXnJ;1;"2017-12-02 00:00:00";"2017-12-02 04:50:00";16;596;20;10;0;<FLG>
V6155020;V615502001;HIXnJ;1;"2017-12-03 00:00:00";"2017-12-03 05:50:00";16;587;20;10;0;<FLG>
V6155020;V615502001;HIXnJ;1;"2017-12-04 00:00:00";"2017-12-04 07:35:00";16;586;20;10;0;<FLG>
V6155020;V615502001;HIXnJ;1;"2017-12-05 00:00:00";"2017-12-05 07:55:00";16;583;20;10;0;<FLG>
V6155020;V615502001;HIXnJ;1;"2017-12-06 00:00:00";"2017-12-06 06:20:00";16;580;20;10;0;<FLG>
V6155020;V615502001;HIXnJ;1;"2017-12-07 00:00:00";"2017-12-07 23:59:59";16;587;20;10;0;<FLG>
V6155020;V615502001;HIXnJ;1;"2017-12-08 00:00:00";"2017-12-08 08:00:00";16;592;20;10;0;<FLG>
V6155020;V615502001;HIXnJ;1;"2017-12-09 00:00:00";"2017-12-09 00:00:00";16;584;20;10;0;<FLG>
V6155020;V615502001;HIXnJ;1;"2017-12-10 00:00:00";"2017-12-10 23:59:59";16;623;20;10;0;<FLG>
V6155020;V615502001;HIXnJ;1;"2017-12-11 00:00:00";"2017-12-11 23:59:59";16;888;20;10;0;<FLG>
V6155020;V615502001;HIXnJ;1;"2017-12-12 00:00:00";"2017-12-12 21:55:00";16;1009;20;10;0;<FLG>
V6155020;V615502001;HIXnJ;1;"2017-12-13 00:00:00";"2017-12-13 00:00:00";16;1009;20;10;0;<FLG>
V6155020;V615502001;HIXnJ;1;"2017-12-14 00:00:00";"2017-12-14 00:00:00";16;982;20;10;0;<FLG>
V6155020;V615502001;HIXnJ;1;"2017-12-15 00:00:00";"2017-12-15 00:00:00";16;939;20;10;0;<FLG>
V6155020;V615502001;HIXnJ;1;"2017-12-16 00:00:00";"2017-12-16 00:00:00";16;900;20;10;0;<FLG>
V6155020;V615502001;HIXnJ;1;"2017-12-17 00:00:00";"2017-12-17 00:00:00";16;873;20;10;0;<FLG>
V6155020;V615502001;HIXnJ;1;"2017-12-18 00:00:00";"2017-12-18 00:00:00";16;842;20;10;0;<FLG>
V6155020;V615502001;HIXnJ;1;"2017-12-19 00:00:00";"2017-12-19 00:00:00";16;818;20;10;0;<FLG>
V6155020;V615502001;HIXnJ;1;"2017-12-20 00:00:00";"2017-12-20 00:00:00";16;792;20;10;0;<FLG>
V6155020;V615502001;HIXnJ;1;"2017-12-21 00:00:00";"2017-12-21 00:00:00";16;777;20;10;0;<FLG>
V6155020;V615502001;HIXnJ;1;"2017-12-22 00:00:00";"2017-12-22 00:00:00";16;765;20;10;0;<FLG>
V6155020;V615502001;HIXnJ;1;"2017-12-23 00:00:00";"2017-12-23 00:00:00";16;750;20;10;0;<FLG>
V6155020;V615502001;HIXnJ;1;"2017-12-24 00:00:00";"2017-12-24 00:00:00";16;736;20;10;0;<FLG>
V6155020;V615502001;HIXnJ;1;"2017-12-25 00:00:00";"2017-12-25 00:00:00";16;726;20;10;0;<FLG>
V6155020;V615502001;HIXnJ;1;"2017-12-26 00:00:00";"2017-12-26 00:00:00";16;725;20;10;0;<FLG>
V6155020;V615502001;HIXnJ;1;"2017-12-27 00:00:00";"2017-12-27 23:59:59";16;747;20;10;0;<FLG>
V6155020;V615502001;HIXnJ;1;"2017-12-28 00:00:00";"2017-12-28 23:59:59";16;785;20;10;0;<FLG>
V6155020;V615502001;HIXnJ;1;"2017-12-29 00:00:00";"2017-12-29 05:20:00";16;786;20;10;0;<FLG>
V6155020;V615502001;HIXnJ;1;"2017-12-30 00:00:00";"2017-12-30 23:59:59";16;797;20;10;0;<FLG>
V6155020;V615502001;HIXnJ;1;"2017-12-31 00:00:00";"2017-12-31 23:59:59";16;899;20;10;0;<FLG>
V6155020;V615502001;HIXnJ;1;"2018-01-01 00:00:00";"2018-01-01 23:59:59";16;912;20;10;0;<FLG>
V6155020;V615502001;HIXnJ;1;"2018-01-02 00:00:00";"2018-01-02 07:25:00";16;913;20;10;0;<FLG>
V6155020;V615502001;HIXnJ;1;"2018-01-03 00:00:00";"2018-01-03 00:00:00";16;903;20;10;0;<FLG>
V6155020;V615502001;HIXnJ;1;"2018-01-04 00:00:00";"2018-01-04 23:59:59";16;915;20;10;0;<FLG>
V6155020;V615502001;HIXnJ;1;"2018-01-05 00:00:00";"2018-01-05 23:59:59";16;933;20;10;0;<FLG>
V6155020;V615502001;HIXnJ;1;"2018-01-06 00:00:00";"2018-01-06 03:40:00";16;934;20;10;0;<FLG>
V6155020;V615502001;HIXnJ;1;"2018-01-07 00:00:00";"2018-01-07 00:00:00";16;928;20;10;0;<FLG>
V6155020;V615502001;HIXnJ;1;"2018-01-08 00:00:00";"2018-01-08 23:59:59";16;921;20;10;0;<FLG>
V6155020;V615502001;HIXnJ;1;"2018-01-09 00:00:00";"2018-01-09 23:59:59";16;1083;20;10;0;<FLG>
V6155020;V615502001;HIXnJ;1;"2018-01-10 00:00:00";"2018-01-10 23:00:00";16;1139;20;10;0;<FLG>
V6155020;V615502001;HIXnJ;1;"2018-01-11 00:00:00";"2018-01-11 00:00:00";16;1139;20;10;0;<FLG>
V6155020;V615502001;HIXnJ;1;"2018-01-12 00:00:00";"2018-01-12 00:00:00";16;1120;20;10;0;<FLG>
V6155020;V615502001;HIXnJ;1;"2018-01-13 00:00:00";"2018-01-13 00:00:00";16;1097;20;10;0;<FLG>
V6155020;V615502001;HIXnJ;1;"2018-01-14 00:00:00";"2018-01-14 00:00:00";16;1075;20;10;0;<FLG>
V6155020;V615502001;HIXnJ;1;"2018-01-15 00:00:00";"2018-01-15 00:00:00";16;1050;20;10;0;<FLG>
V6155020;V615502001;HIXnJ;1;"2018-01-16 00:00:00";"2018-01-16 00:00:00";16;1026;20;10;0;<FLG>
V6155020;V615502001;HIXnJ;1;"2018-01-17 00:00:00";"2018-01-17 00:00:00";16;1005;20;10;0;<FLG>
V6155020;V615502001;HIXnJ;1;"2018-01-18 00:00:00";"2018-01-18 00:00:00";16;989;20;10;0;<FLG>
V6155020;V615502001;HIXnJ;1;"2018-01-19 00:00:00";"2018-01-19 00:00:00";16;985;20;10;0;<FLG>
V6155020;V615502001;HIXnJ;1;"2018-01-20 00:00:00";"2018-01-20 00:00:00";16;976;20;10;0;<FLG>
V6155020;V615502001;HIXnJ;1;"2018-01-21 00:00:00";"2018-01-21 23:59:59";16;970;20;10;0;<FLG>
V6155020;V615502001;HIXnJ;1;"2018-01-22 00:00:00";"2018-01-22 23:59:59";16;998;20;10;0;<FLG>
V6155020;V615502001;HIXnJ;1;"2018-01-23 00:00:00";"2018-01-23 20:10:00";16;1007;20;10;0;<FLG>
V6155020;V615502001;HIXnJ;1;"2018-01-24 00:00:00";"2018-01-24 00:00:00";16;1007;20;10;0;<FLG>
V6155020;V615502001;HIXnJ;1;"2018-01-25 00:00:00";"2018-01-25 00:00:00";16;1004;20;10;0;<FLG>
V6155020;V615502001;HIXnJ;1;"2018-01-26 00:00:00";"2018-01-26 00:00:00";16;998;20;10;0;<FLG>
V6155020;V615502001;HIXnJ;1;"2018-01-27 00:00:00";"2018-01-27 23:59:59";16;1029;20;10;0;<FLG>
V6155020;V615502001;HIXnJ;1;"2018-01-28 00:00:00";"2018-01-28 23:59:59";16;1061;20;10;0;<FLG>
V6155020;V615502001;HIXnJ;1;"2018-01-29 00:00:00";"2018-01-29 20:35:00";16;1066;20;10;0;<FLG>
V6155020;V615502001;HIXnJ;1;"2018-01-30 00:00:00";"2018-01-30 00:00:00";16;1064;20;10;0;<FLG>
V6155020;V615502001;HIXnJ;1;"2018-01-31 00:00:00";"2018-01-31 00:00:00";16;1055;20;10;0;<FLG>
V6155020;V615502001;HIXnJ;1;"2018-02-01 00:00:00";"2018-02-01 00:00:00";16;1042;20;10;0;<FLG>
V6155020;V615502001;HIXnJ;1;"2018-02-02 00:00:00";"2018-02-02 00:00:00";16;1031;20;10;0;<FLG>
V6155020;V615502001;HIXnJ;1;"2018-02-03 00:00:00";"2018-02-03 00:00:00";16;1020;20;10;0;<FLG>
V6155020;V615502001;HIXnJ;1;"2018-02-04 00:00:00";"2018-02-04 00:00:00";16;1009;20;10;0;<FLG>
V6155020;V615502001;HIXnJ;1;"2018-02-05 00:00:00";"2018-02-05 00:00:00";16;996;20;10;0;<FLG>
V6155020;V615502001;HIXnJ;1;"2018-02-06 00:00:00";"2018-02-06 00:00:00";16;986;20;10;0;<FLG>
V6155020;V615502001;HIXnJ;1;"2018-02-07 00:00:00";"2018-02-07 00:00:00";16;974;20;10;0;<FLG>
V6155020;V615502001;HIXnJ;1;"2018-02-08 00:00:00";"2018-02-08 00:00:00";16;962;20;10;0;<FLG>
V6155020;V615502001;HIXnJ;1;"2018-02-09 00:00:00";"2018-02-09 00:00:00";16;948;20;10;0;<FLG>
V6155020;V615502001;HIXnJ;1;"2018-02-10 00:00:00";"2018-02-10 00:00:00";16;937;20;10;0;<FLG>
V6155020;V615502001;HIXnJ;1;"2018-02-11 00:00:00";"2018-02-11 00:00:00";16;929;20;10;0;<FLG>
V6155020;V615502001;HIXnJ;1;"2018-02-12 00:00:00";"2018-02-12 00:00:00";16;921;20;10;0;<FLG>
V6155020;V615502001;HIXnJ;1;"2018-02-13 00:00:00";"2018-02-13 00:00:00";16;911;20;10;0;<FLG>
V6155020;V615502001;HIXnJ;1;"2018-02-14 00:00:00";"2018-02-14 00:00:00";16;903;20;10;0;<FLG>
V6155020;V615502001;HIXnJ;1;"2018-02-15 00:00:00";"2018-02-15 00:00:00";16;894;20;10;0;<FLG>
V6155020;V615502001;HIXnJ;1;"2018-02-16 00:00:00";"2018-02-16 00:00:00";16;887;20;10;0;<FLG>
V6155020;V615502001;HIXnJ;1;"2018-02-17 00:00:00";"2018-02-17 00:00:00";16;883;20;10;0;<FLG>
V6155020;V615502001;HIXnJ;1;"2018-02-18 00:00:00";"2018-02-18 23:59:59";16;901;20;10;0;<FLG>
V6155020;V615502001;HIXnJ;1;"2018-02-19 00:00:00";"2018-02-19 19:55:00";16;910;20;10;0;<FLG>
V6155020;V615502001;HIXnJ;1;"2018-02-20 00:00:00";"2018-02-20 23:59:59";16;912;20;10;0;<FLG>
V6155020;V615502001;HIXnJ;1;"2018-02-21 00:00:00";"2018-02-21 02:30:00";16;913;20;10;0;<FLG>
V6155020;V615502001;HIXnJ;1;"2018-02-22 00:00:00";"2018-02-22 00:00:00";16;909;20;10;0;<FLG>
V6155020;V615502001;HIXnJ;1;"2018-02-23 00:00:00";"2018-02-23 00:00:00";16;903;20;10;0;<FLG>
V6155020;V615502001;HIXnJ;1;"2018-02-24 00:00:00";"2018-02-24 00:00:00";16;898;20;10;0;<FLG>
V6155020;V615502001;HIXnJ;1;"2018-02-25 00:00:00";"2018-02-25 00:00:00";16;893;20;10;0;<FLG>
V6155020;V615502001;HIXnJ;1;"2018-02-26 00:00:00";"2018-02-26 00:00:00";16;884;20;10;0;<FLG>
V6155020;V615502001;HIXnJ;1;"2018-02-27 00:00:00";"2018-02-27 00:00:00";16;877;20;10;0;<FLG>
V6155020;V615502001;HIXnJ;1;"2018-02-28 00:00:00";"2018-02-28 00:00:00";16;870;20;10;0;<FLG>
V6155020;V615502001;HIXnJ;1;"2018-03-01 00:00:00";"2018-03-01 07:35:00";16;869;20;10;0;<FLG>
V6155020;V615502001;HIXnJ;1;"2018-03-02 00:00:00";"2018-03-02 23:59:59";16;989;20;10;0;<FLG>
V6155020;V615502001;HIXnJ;1;"2018-03-03 00:00:00";"2018-03-03 23:59:59";16;1135;20;10;0;<FLG>
V6155020;V615502001;HIXnJ;1;"2018-03-04 00:00:00";"2018-03-04 23:59:59";16;1272;20;10;0;<FLG>
V6155020;V615502001;HIXnJ;1;"2018-03-05 00:00:00";"2018-03-05 23:59:59";16;1327;20;10;0;<FLG>
V6155020;V615502001;HIXnJ;1;"2018-03-06 00:00:00";"2018-03-06 23:59:59";16;1379;20;10;0;<FLG>
V6155020;V615502001;HIXnJ;1;"2018-03-07 00:00:00";"2018-03-07 22:45:00";16;1395;20;10;0;<FLG>
V6155020;V615502001;HIXnJ;1;"2018-03-08 00:00:00";"2018-03-08 00:00:00";16;1394;20;10;0;<FLG>
V6155020;V615502001;HIXnJ;1;"2018-03-09 00:00:00";"2018-03-09 00:00:00";16;1382;20;10;0;<FLG>
V6155020;V615502001;HIXnJ;1;"2018-03-10 00:00:00";"2018-03-10 00:00:00";16;1345;20;10;0;<FLG>
V6155020;V615502001;HIXnJ;1;"2018-03-11 00:00:00";"2018-03-11 23:59:59";16;1326;20;10;0;<FLG>
V6155020;V615502001;HIXnJ;1;"2018-03-12 00:00:00";"2018-03-12 23:59:59";16;1375;20;10;0;<FLG>
V6155020;V615502001;HIXnJ;1;"2018-03-13 00:00:00";"2018-03-13 22:15:00";16;1391;20;10;0;<FLG>
V6155020;V615502001;HIXnJ;1;"2018-03-14 00:00:00";"2018-03-14 00:00:00";16;1390;20;10;0;<FLG>
V6155020;V615502001;HIXnJ;1;"2018-03-15 00:00:00";"2018-03-15 23:59:59";16;1399;20;10;0;<FLG>
V6155020;V615502001;HIXnJ;1;"2018-03-16 00:00:00";"2018-03-16 23:59:59";16;1468;20;10;0;<FLG>
V6155020;V615502001;HIXnJ;1;"2018-03-17 00:00:00";"2018-03-17 23:59:59";16;1488;20;10;0;<FLG>
V6155020;V615502001;HIXnJ;1;"2018-03-18 00:00:00";"2018-03-18 23:59:59";16;1497;20;10;0;<FLG>
V6155020;V615502001;HIXnJ;1;"2018-03-19 00:00:00";"2018-03-19 04:35:00";16;1498;20;10;0;<FLG>
V6155020;V615502001;HIXnJ;1;"2018-03-20 00:00:00";"2018-03-20 00:00:00";16;1492;20;10;0;<FLG>
V6155020;V615502001;HIXnJ;1;"2018-03-21 00:00:00";"2018-03-21 00:00:00";16;1476;20;10;0;<FLG>
V6155020;V615502001;HIXnJ;1;"2018-03-22 00:00:00";"2018-03-22 00:00:00";16;1451;20;10;0;<FLG>
V6155020;V615502001;HIXnJ;1;"2018-03-23 00:00:00";"2018-03-23 00:00:00";16;1425;20;10;0;<FLG>
V6155020;V615502001;HIXnJ;1;"2018-03-24 00:00:00";"2018-03-24 00:00:00";16;1400;20;10;0;<FLG>
V6155020;V615502001;HIXnJ;1;"2018-03-25 00:00:00";"2018-03-25 00:00:00";16;1370;20;10;0;<FLG>
V6155020;V615502001;HIXnJ;1;"2018-03-26 00:00:00";"2018-03-26 00:00:00";16;1336;20;10;0;<FLG>
V6155020;V615502001;HIXnJ;1;"2018-03-27 00:00:00";"2018-03-27 00:00:00";16;1303;20;10;0;<FLG>
V6155020;V615502001;HIXnJ;1;"2018-03-28 00:00:00";"2018-03-28 00:00:00";16;1267;20;10;0;<FLG>
V6155020;V615502001;HIXnJ;1;"2018-03-29 00:00:00";"2018-03-29 00:00:00";16;1242;20;10;0;<FLG>
V6155020;V615502001;HIXnJ;1;"2018-03-30 00:00:00";"2018-03-30 00:00:00";16;1226;20;10;0;<FLG>
V6155020;V615502001;HIXnJ;1;"2018-03-31 00:00:00";"2018-03-31 00:00:00";16;1212;20;10;0;<FLG>
V6155020;V615502001;HIXnJ;1;"2018-04-01 00:00:00";"2018-04-01 00:00:00";16;1198;20;10;0;<FLG>
V6155020;V615502001;HIXnJ;1;"2018-04-02 00:00:00";"2018-04-02 00:00:00";16;1186;20;10;0;<FLG>
V6155020;V615502001;HIXnJ;1;"2018-04-03 00:00:00";"2018-04-03 00:00:00";16;1183;20;10;0;<FLG>
V6155020;V615502001;HIXnJ;1;"2018-04-04 00:00:00";"2018-04-04 00:00:00";16;1170;20;10;0;<FLG>
V6155020;V615502001;HIXnJ;1;"2018-04-05 00:00:00";"2018-04-05 01:45:00";16;1166;20;10;0;<FLG>
V6155020;V615502001;HIXnJ;1;"2018-04-06 00:00:00";"2018-04-06 00:00:00";16;1161;20;10;0;<FLG>
V6155020;V615502001;HIXnJ;1;"2018-04-07 00:00:00";"2018-04-07 00:00:00";16;1155;20;10;0;<FLG>
V6155020;V615502001;HIXnJ;1;"2018-04-08 00:00:00";"2018-04-08 00:00:00";16;1150;20;10;0;<FLG>
V6155020;V615502001;HIXnJ;1;"2018-04-09 00:00:00";"2018-04-09 03:25:00";16;1147;20;10;0;<FLG>
V6155020;V615502001;HIXnJ;1;"2018-04-10 00:00:00";"2018-04-10 00:00:00";16;1139;20;10;0;<FLG>
V6155020;V615502001;HIXnJ;1;"2018-04-11 00:00:00";"2018-04-11 23:59:59";16;1156;20;10;0;<FLG>
V6155020;V615502001;HIXnJ;1;"2018-04-12 00:00:00";"2018-04-12 23:59:59";16;1396;20;10;0;<FLG>
V6155020;V615502001;HIXnJ;1;"2018-04-13 00:00:00";"2018-04-13 23:59:59";16;1511;20;10;0;<FLG>
V6155020;V615502001;HIXnJ;1;"2018-04-14 00:00:00";"2018-04-14 23:59:59";16;1544;20;10;0;<FLG>
V6155020;V615502001;HIXnJ;1;"2018-04-15 00:00:00";"2018-04-15 19:40:00";16;1552;20;10;0;<FLG>
V6155020;V615502001;HIXnJ;1;"2018-04-16 00:00:00";"2018-04-16 00:00:00";16;1550;20;10;0;<FLG>
V6155020;V615502001;HIXnJ;1;"2018-04-17 00:00:00";"2018-04-17 00:00:00";16;1541;20;10;0;<FLG>
V6155020;V615502001;HIXnJ;1;"2018-04-18 00:00:00";"2018-04-18 00:00:00";16;1525;20;10;0;<FLG>
V6155020;V615502001;HIXnJ;1;"2018-04-19 00:00:00";"2018-04-19 00:00:00";16;1503;20;10;0;<FLG>
V6155020;V615502001;HIXnJ;1;"2018-04-20 00:00:00";"2018-04-20 00:00:00";16;1479;20;10;0;<FLG>
V6155020;V615502001;HIXnJ;1;"2018-04-21 00:00:00";"2018-04-21 00:00:00";16;1454;20;10;0;<FLG>
V6155020;V615502001;HIXnJ;1;"2018-04-22 00:00:00";"2018-04-22 00:00:00";16;1427;20;10;0;<FLG>
V6155020;V615502001;HIXnJ;1;"2018-04-23 00:00:00";"2018-04-23 00:00:00";16;1399;20;10;0;<FLG>
V6155020;V615502001;HIXnJ;1;"2018-04-24 00:00:00";"2018-04-24 00:00:00";16;1370;20;10;0;<FLG>
V6155020;V615502001;HIXnJ;1;"2018-04-25 00:00:00";"2018-04-25 00:00:00";16;1340;20;10;0;<FLG>
V6155020;V615502001;HIXnJ;1;"2018-04-26 00:00:00";"2018-04-26 00:00:00";16;1313;20;10;0;<FLG>
V6155020;V615502001;HIXnJ;1;"2018-04-27 00:00:00";"2018-04-27 00:00:00";16;1287;20;10;0;<FLG>
V6155020;V615502001;HIXnJ;1;"2018-04-28 00:00:00";"2018-04-28 00:00:00";16;1263;20;10;0;<FLG>
V6155020;V615502001;HIXnJ;1;"2018-04-29 00:00:00";"2018-04-29 00:00:00";16;1244;20;10;0;<FLG>
V6155020;V615502001;HIXnJ;1;"2018-04-30 00:00:00";"2018-04-30 00:00:00";16;1224;20;10;0;<FLG>
V6155020;V615502001;HIXnJ;1;"2018-05-01 00:00:00";"2018-05-01 00:00:00";16;1210;20;10;0;<FLG>
V6155020;V615502001;HIXnJ;1;"2018-05-02 00:00:00";"2018-05-02 00:00:00";16;1196;20;10;0;<FLG>
V6155020;V615502001;HIXnJ;1;"2018-05-03 00:00:00";"2018-05-03 00:00:00";16;1189;20;10;0;<FLG>
V6155020;V615502001;HIXnJ;1;"2018-05-04 00:00:00";"2018-05-04 00:00:00";16;1179;20;10;0;<FLG>
V6155020;V615502001;HIXnJ;1;"2018-05-05 00:00:00";"2018-05-05 00:00:00";16;1170;20;10;0;<FLG>
V6155020;V615502001;HIXnJ;1;"2018-05-06 00:00:00";"2018-05-06 00:00:00";16;1159;20;10;0;<FLG>
V6155020;V615502001;HIXnJ;1;"2018-05-07 00:00:00";"2018-05-07 23:59:59";16;1161;20;10;0;<FLG>
V6155020;V615502001;HIXnJ;1;"2018-05-08 00:00:00";"2018-05-08 23:59:59";16;1170;20;10;0;<FLG>
V6155020;V615502001;HIXnJ;1;"2018-05-09 00:00:00";"2018-05-09 19:05:00";16;1184;20;10;0;<FLG>
V6155020;V615502001;HIXnJ;1;"2018-05-10 00:00:00";"2018-05-10 23:59:59";16;1216;20;10;0;<FLG>
V6155020;V615502001;HIXnJ;1;"2018-05-11 00:00:00";"2018-05-11 13:10:00";16;1222;20;10;0;<FLG>
V6155020;V615502001;HIXnJ;1;"2018-05-12 00:00:00";"2018-05-12 00:00:00";16;1204;20;10;0;<FLG>
V6155020;V615502001;HIXnJ;1;"2018-05-13 00:00:00";"2018-05-13 00:00:00";16;1204;20;10;0;<FLG>
V6155020;V615502001;HIXnJ;1;"2018-05-14 00:00:00";"2018-05-14 23:59:59";16;1212;20;10;0;<FLG>
V6155020;V615502001;HIXnJ;1;"2018-05-15 00:00:00";"2018-05-15 19:40:00";16;1232;20;10;0;<FLG>
V6155020;V615502001;HIXnJ;1;"2018-05-16 00:00:00";"2018-05-16 17:30:00";16;1237;20;10;0;<FLG>
V6155020;V615502001;HIXnJ;1;"2018-05-17 00:00:00";"2018-05-17 00:00:00";16;1234;20;10;0;<FLG>
V6155020;V615502001;HIXnJ;1;"2018-05-18 00:00:00";"2018-05-18 00:00:00";16;1222;20;10;0;<FLG>
V6155020;V615502001;HIXnJ;1;"2018-05-19 00:00:00";"2018-05-19 00:00:00";16;1211;20;10;0;<FLG>
V6155020;V615502001;HIXnJ;1;"2018-05-20 00:00:00";"2018-05-20 23:20:00";16;1215;20;10;0;<FLG>
V6155020;V615502001;HIXnJ;1;"2018-05-21 00:00:00";"2018-05-21 23:59:59";16;1218;20;10;0;<FLG>
V6155020;V615502001;HIXnJ;1;"2018-05-22 00:00:00";"2018-05-22 23:59:59";16;1260;20;10;0;<FLG>
V6155020;V615502001;HIXnJ;1;"2018-05-23 00:00:00";"2018-05-23 23:59:59";16;1303;20;10;0;<FLG>
V6155020;V615502001;HIXnJ;1;"2018-05-24 00:00:00";"2018-05-24 17:10:00";16;1313;20;10;0;<FLG>
V6155020;V615502001;HIXnJ;1;"2018-05-25 00:00:00";"2018-05-25 00:00:00";16;1312;20;10;0;<FLG>
V6155020;V615502001;HIXnJ;1;"2018-05-26 00:00:00";"2018-05-26 00:00:00";16;1303;20;10;0;<FLG>
V6155020;V615502001;HIXnJ;1;"2018-05-27 00:00:00";"2018-05-27 00:00:00";16;1287;20;10;0;<FLG>
V6155020;V615502001;HIXnJ;1;"2018-05-28 00:00:00";"2018-05-28 00:00:00";16;1266;20;10;0;<FLG>
V6155020;V615502001;HIXnJ;1;"2018-05-29 00:00:00";"2018-05-29 18:00:00";16;1261;20;10;0;<FLG>
V6155020;V615502001;HIXnJ;1;"2018-05-30 00:00:00";"2018-05-30 00:00:00";16;1258;20;10;0;<FLG>
V6155020;V615502001;HIXnJ;1;"2018-05-31 00:00:00";"2018-05-31 03:40:00";16;1253;20;10;0;<FLG>
V6155020;V615502001;HIXnJ;1;"2018-06-01 00:00:00";"2018-06-01 05:20:00";16;1253;20;10;0;<FLG>
V6155020;V615502001;HIXnJ;1;"2018-06-02 00:00:00";"2018-06-02 02:30:00";16;1248;20;10;0;<FLG>
V6155020;V615502001;HIXnJ;1;"2018-06-03 00:00:00";"2018-06-03 11:25:00";16;1243;20;10;0;<FLG>
V6155020;V615502001;HIXnJ;1;"2018-06-04 00:00:00";"2018-06-04 03:50:00";16;1241;20;10;0;<FLG>
V6155020;V615502001;HIXnJ;1;"2018-06-05 00:00:00";"2018-06-05 03:20:00";16;1242;20;10;0;<FLG>
V6155020;V615502001;HIXnJ;1;"2018-06-06 00:00:00";"2018-06-06 23:59:59";16;1239;20;10;0;<FLG>
V6155020;V615502001;HIXnJ;1;"2018-06-07 00:00:00";"2018-06-07 03:50:00";16;1239;20;10;0;<FLG>
V6155020;V615502001;HIXnJ;1;"2018-06-08 00:00:00";"2018-06-08 00:00:00";16;1231;20;10;0;<FLG>
V6155020;V615502001;HIXnJ;1;"2018-06-09 00:00:00";"2018-06-09 00:00:00";16;1223;20;10;0;<FLG>
V6155020;V615502001;HIXnJ;1;"2018-06-10 00:00:00";"2018-06-10 08:10:00";16;1217;20;10;0;<FLG>
V6155020;V615502001;HIXnJ;1;"2018-06-11 00:00:00";"2018-06-11 00:00:00";16;1209;20;10;0;<FLG>
V6155020;V615502001;HIXnJ;1;"2018-06-12 00:00:00";"2018-06-12 23:59:59";16;1205;20;10;0;<FLG>
V6155020;V615502001;HIXnJ;1;"2018-06-13 00:00:00";"2018-06-13 23:59:59";16;1210;20;10;0;<FLG>
V6155020;V615502001;HIXnJ;1;"2018-06-14 00:00:00";"2018-06-14 03:25:00";16;1211;20;10;0;<FLG>
V6155020;V615502001;HIXnJ;1;"2018-06-15 00:00:00";"2018-06-15 00:00:00";16;1205;20;10;0;<FLG>
V6155020;V615502001;HIXnJ;1;"2018-06-16 00:00:00";"2018-06-16 00:00:00";16;1192;20;10;0;<FLG>
V6155020;V615502001;HIXnJ;1;"2018-06-17 00:00:00";"2018-06-17 00:00:00";16;1180;20;10;0;<FLG>
V6155020;V615502001;HIXnJ;1;"2018-06-18 00:00:00";"2018-06-18 06:55:00";16;1171;20;10;0;<FLG>
V6155020;V615502001;HIXnJ;1;"2018-06-19 00:00:00";"2018-06-19 00:00:00";16;1164;20;10;0;<FLG>
V6155020;V615502001;HIXnJ;1;"2018-06-20 00:00:00";"2018-06-20 00:00:00";16;1157;20;10;0;<FLG>
V6155020;V615502001;HIXnJ;1;"2018-06-21 00:00:00";"2018-06-21 00:00:00";16;1151;20;10;0;<FLG>
V6155020;V615502001;HIXnJ;1;"2018-06-22 00:00:00";"2018-06-22 00:00:00";16;1148;20;10;0;<FLG>
V6155020;V615502001;HIXnJ;1;"2018-06-23 00:00:00";"2018-06-23 00:00:00";16;1146;20;10;0;<FLG>
V6155020;V615502001;HIXnJ;1;"2018-06-24 00:00:00";"2018-06-24 00:00:00";16;1140;20;10;0;<FLG>
V6155020;V615502001;HIXnJ;1;"2018-06-25 00:00:00";"2018-06-25 00:00:00";16;1134;20;10;0;<FLG>
V6155020;V615502001;HIXnJ;1;"2018-06-26 00:00:00";"2018-06-26 00:00:00";16;1128;20;10;0;<FLG>
V6155020;V615502001;HIXnJ;1;"2018-06-27 00:00:00";"2018-06-27 00:00:00";16;1121;20;10;0;<FLG>
V6155020;V615502001;HIXnJ;1;"2018-06-28 00:00:00";"2018-06-28 00:00:00";16;1114;20;10;0;<FLG>
V6155020;V615502001;HIXnJ;1;"2018-06-29 00:00:00";"2018-06-29 00:00:00";16;1106;20;10;0;<FLG>
V6155020;V615502001;HIXnJ;1;"2018-06-30 00:00:00";"2018-06-30 00:00:00";16;1099;20;10;0;<FLG>
V6155020;V615502001;HIXnJ;1;"2018-07-01 00:00:00";"2018-07-01 00:00:00";16;1091;20;10;0;<FLG>
V6155020;V615502001;HIXnJ;1;"2018-07-02 00:00:00";"2018-07-02 03:50:00";16;1085;20;10;0;<FLG>
V6155020;V615502001;HIXnJ;1;"2018-07-03 00:00:00";"2018-07-03 00:00:00";16;1077;20;10;0;<FLG>
V6155020;V615502001;HIXnJ;1;"2018-07-04 00:00:00";"2018-07-04 00:00:00";16;1070;20;10;0;<FLG>
V6155020;V615502001;HIXnJ;1;"2018-07-05 00:00:00";"2018-07-05 00:00:00";16;1063;20;10;0;<FLG>
V6155020;V615502001;HIXnJ;1;"2018-07-06 00:00:00";"2018-07-06 00:00:00";16;1057;20;10;0;<FLG>
V6155020;V615502001;HIXnJ;1;"2018-07-07 00:00:00";"2018-07-07 00:00:00";16;1051;20;10;0;<FLG>
V6155020;V615502001;HIXnJ;1;"2018-07-08 00:00:00";"2018-07-08 07:15:00";16;1044;20;10;0;<FLG>
V6155020;V615502001;HIXnJ;1;"2018-07-09 00:00:00";"2018-07-09 00:00:00";16;1038;20;10;0;<FLG>
V6155020;V615502001;HIXnJ;1;"2018-07-10 00:00:00";"2018-07-10 00:00:00";16;1034;20;10;0;<FLG>
V6155020;V615502001;HIXnJ;1;"2018-07-11 00:00:00";"2018-07-11 07:20:00";16;1028;20;10;0;<FLG>
V6155020;V615502001;HIXnJ;1;"2018-07-12 00:00:00";"2018-07-12 06:45:00";16;1022;20;10;0;<FLG>
V6155020;V615502001;HIXnJ;1;"2018-07-13 00:00:00";"2018-07-13 07:40:00";16;1016;20;10;0;<FLG>
V6155020;V615502001;HIXnJ;1;"2018-07-14 00:00:00";"2018-07-14 06:40:00";16;1010;20;10;0;<FLG>
V6155020;V615502001;HIXnJ;1;"2018-07-15 00:00:00";"2018-07-15 06:45:00";16;1005;20;10;0;<FLG>
V6155020;V615502001;HIXnJ;1;"2018-07-16 00:00:00";"2018-07-16 09:10:00";16;1000;20;10;0;<FLG>
V6155020;V615502001;HIXnJ;1;"2018-07-17 00:00:00";"2018-07-17 00:00:00";16;996;20;10;0;<FLG>
V6155020;V615502001;HIXnJ;1;"2018-07-18 00:00:00";"2018-07-18 08:10:00";16;994;20;10;0;<FLG>
V6155020;V615502001;HIXnJ;1;"2018-07-19 00:00:00";"2018-07-19 09:45:00";16;990;20;10;0;<FLG>
V6155020;V615502001;HIXnJ;1;"2018-07-20 00:00:00";"2018-07-20 05:20:00";16;983;20;10;0;<FLG>
V6155020;V615502001;HIXnJ;1;"2018-07-21 00:00:00";"2018-07-21 02:35:00";16;983;20;10;0;<FLG>
V6155020;V615502001;HIXnJ;1;"2018-07-22 00:00:00";"2018-07-22 03:25:00";16;979;20;10;0;<FLG>
V6155020;V615502001;HIXnJ;1;"2018-07-23 00:00:00";"2018-07-23 01:50:00";16;976;20;10;0;<FLG>
V6155020;V615502001;HIXnJ;1;"2018-07-24 00:00:00";"2018-07-24 09:35:00";16;974;20;10;0;<FLG>
V6155020;V615502001;HIXnJ;1;"2018-07-25 00:00:00";"2018-07-25 07:20:00";16;965;20;10;0;<FLG>
V6155020;V615502001;HIXnJ;1;"2018-07-26 00:00:00";"2018-07-26 11:10:00";16;961;20;10;0;<FLG>
V6155020;V615502001;HIXnJ;1;"2018-07-27 00:00:00";"2018-07-27 06:50:00";16;962;20;10;0;<FLG>
V6155020;V615502001;HIXnJ;1;"2018-07-28 00:00:00";"2018-07-28 07:20:00";16;958;20;10;0;<FLG>
V6155020;V615502001;HIXnJ;1;"2018-07-29 00:00:00";"2018-07-29 06:10:00";16;953;20;10;0;<FLG>
V6155020;V615502001;HIXnJ;1;"2018-07-30 00:00:00";"2018-07-30 07:10:00";16;948;20;10;0;<FLG>
V6155020;V615502001;HIXnJ;1;"2018-07-31 00:00:00";"2018-07-31 08:10:00";16;945;20;10;0;<FLG>
V6155020;V615502001;HIXnJ;1;"2018-08-01 00:00:00";"2018-08-01 00:00:00";16;939;20;10;0;<FLG>
V6155020;V615502001;HIXnJ;1;"2018-08-02 00:00:00";"2018-08-02 09:05:00";16;937;20;10;0;<FLG>
V6155020;V615502001;HIXnJ;1;"2018-08-03 00:00:00";"2018-08-03 15:15:00";16;931;20;10;0;<FLG>
V6155020;V615502001;HIXnJ;1;"2018-08-04 00:00:00";"2018-08-04 00:00:00";16;929;20;10;0;<FLG>
V6155020;V615502001;HIXnJ;1;"2018-08-05 00:00:00";"2018-08-05 00:00:00";16;924;20;10;0;<FLG>
V6155020;V615502001;HIXnJ;1;"2018-08-06 00:00:00";"2018-08-06 19:45:00";16;927;20;10;0;<FLG>
V6155020;V615502001;HIXnJ;1;"2018-08-07 00:00:00";"2018-08-07 00:00:00";16;927;20;10;0;<FLG>
V6155020;V615502001;HIXnJ;1;"2018-08-08 00:00:00";"2018-08-08 00:00:00";16;920;20;10;0;<FLG>
V6155020;V615502001;HIXnJ;1;"2018-08-09 00:00:00";"2018-08-09 20:55:00";16;943;20;10;0;<FLG>
V6155020;V615502001;HIXnJ;1;"2018-08-10 00:00:00";"2018-08-10 23:59:59";16;948;20;10;0;<FLG>
V6155020;V615502001;HIXnJ;1;"2018-08-11 00:00:00";"2018-08-11 01:55:00";16;949;20;10;0;<FLG>
V6155020;V615502001;HIXnJ;1;"2018-08-12 00:00:00";"2018-08-12 07:10:00";16;947;20;10;0;<FLG>
V6155020;V615502001;HIXnJ;1;"2018-08-13 00:00:00";"2018-08-13 13:25:00";16;954;20;10;0;<FLG>
V6155020;V615502001;HIXnJ;1;"2018-08-14 00:00:00";"2018-08-14 07:40:00";16;947;20;10;0;<FLG>
V6155020;V615502001;HIXnJ;1;"2018-08-15 00:00:00";"2018-08-15 05:20:00";16;939;20;10;0;<FLG>
V6155020;V615502001;HIXnJ;1;"2018-08-16 00:00:00";"2018-08-16 06:15:00";16;933;20;10;0;<FLG>
V6155020;V615502001;HIXnJ;1;"2018-08-17 00:00:00";"2018-08-17 00:15:00";16;925;20;10;0;<FLG>
V6155020;V615502001;HIXnJ;1;"2018-08-18 00:00:00";"2018-08-18 00:00:00";16;921;20;10;0;<FLG>
V6155020;V615502001;HIXnJ;1;"2018-08-19 00:00:00";"2018-08-19 12:40:00";16;919;20;10;0;<FLG>
V6155020;V615502001;HIXnJ;1;"2018-08-20 00:00:00";"2018-08-20 00:00:00";16;918;20;10;0;<FLG>
V6155020;V615502001;HIXnJ;1;"2018-08-21 00:00:00";"2018-08-21 23:59:59";16;926;20;10;0;<FLG>
V6155020;V615502001;HIXnJ;1;"2018-08-22 00:00:00";"2018-08-22 04:45:00";16;930;20;10;0;<FLG>
V6155020;V615502001;HIXnJ;1;"2018-08-23 00:00:00";"2018-08-23 04:10:00";16;928;20;10;0;<FLG>
V6155020;V615502001;HIXnJ;1;"2018-08-24 00:00:00";"2018-08-24 04:05:00";16;925;20;10;0;<FLG>
V6155020;V615502001;HIXnJ;1;"2018-08-25 00:00:00";"2018-08-25 03:55:00";16;921;20;10;0;<FLG>
V6155020;V615502001;HIXnJ;1;"2018-08-26 00:00:00";"2018-08-26 02:10:00";16;917;20;10;0;<FLG>
V6155020;V615502001;HIXnJ;1;"2018-08-27 00:00:00";"2018-08-27 01:50:00";16;913;20;10;0;<FLG>
V6155020;V615502001;HIXnJ;1;"2018-08-28 00:00:00";"2018-08-28 07:30:00";16;903;20;10;0;<FLG>
V6155020;V615502001;HIXnJ;1;"2018-08-29 00:00:00";"2018-08-29 07:05:00";16;899;20;10;0;<FLG>
V6155020;V615502001;HIXnJ;1;"2018-08-30 00:00:00";"2018-08-30 06:50:00";16;895;20;10;0;<FLG>
V6155020;V615502001;HIXnJ;1;"2018-08-31 00:00:00";"2018-08-31 08:05:00";16;893;20;10;0;<FLG>
V6155020;V615502001;HIXnJ;1;"2018-09-01 00:00:00";"2018-09-01 13:25:00";16;887;20;10;0;<FLG>
V6155020;V615502001;HIXnJ;1;"2018-09-02 00:00:00";"2018-09-02 00:00:00";16;886;20;10;0;<FLG>
V6155020;V615502001;HIXnJ;1;"2018-09-03 00:00:00";"2018-09-03 00:00:00";16;885;20;10;0;<FLG>
V6155020;V615502001;HIXnJ;1;"2018-09-04 00:00:00";"2018-09-04 04:20:00";16;880;20;10;0;<FLG>
V6155020;V615502001;HIXnJ;1;"2018-09-05 00:00:00";"2018-09-05 18:45:00";16;875;20;10;0;<FLG>
V6155020;V615502001;HIXnJ;1;"2018-09-06 00:00:00";"2018-09-06 23:59:59";16;874;20;10;0;<FLG>
V6155020;V615502001;HIXnJ;1;"2018-09-07 00:00:00";"2018-09-07 07:15:00";16;874;20;10;0;<FLG>
V6155020;V615502001;HIXnJ;1;"2018-09-08 00:00:00";"2018-09-08 07:55:00";16;868;20;10;0;<FLG>
V6155020;V615502001;HIXnJ;1;"2018-09-09 00:00:00";"2018-09-09 11:20:00";16;865;20;10;0;<FLG>
V6155020;V615502001;HIXnJ;1;"2018-09-10 00:00:00";"2018-09-10 04:50:00";16;864;20;10;0;<FLG>
V6155020;V615502001;HIXnJ;1;"2018-09-11 00:00:00";"2018-09-11 07:10:00";16;860;20;10;0;<FLG>
V6155020;V615502001;HIXnJ;1;"2018-09-12 00:00:00";"2018-09-12 08:20:00";16;857;20;10;0;<FLG>
V6155020;V615502001;HIXnJ;1;"2018-09-13 00:00:00";"2018-09-13 07:25:00";16;856;20;10;0;<FLG>
V6155020;V615502001;HIXnJ;1;"2018-09-14 00:00:00";"2018-09-14 16:40:00";16;855;20;10;0;<FLG>
V6155020;V615502001;HIXnJ;1;"2018-09-15 00:00:00";"2018-09-15 00:00:00";16;850;20;10;0;<FLG>
V6155020;V615502001;HIXnJ;1;"2018-09-16 00:00:00";"2018-09-16 00:00:00";16;848;20;10;0;<FLG>
V6155020;V615502001;HIXnJ;1;"2018-09-17 00:00:00";"2018-09-17 23:59:59";16;846;20;10;0;<FLG>
V6155020;V615502001;HIXnJ;1;"2018-09-18 00:00:00";"2018-09-18 08:05:00";16;847;20;10;0;<FLG>
V6155020;V615502001;HIXnJ;1;"2018-09-19 00:00:00";"2018-09-19 23:59:59";16;845;20;10;0;<FLG>
V6155020;V615502001;HIXnJ;1;"2018-09-20 00:00:00";"2018-09-20 03:45:00";16;845;20;10;0;<FLG>
V6155020;V615502001;HIXnJ;1;"2018-09-21 00:00:00";"2018-09-21 00:00:00";16;844;20;10;0;<FLG>
V6155020;V615502001;HIXnJ;1;"2018-09-22 00:00:00";"2018-09-22 09:20:00";16;837;20;10;0;<FLG>
V6155020;V615502001;HIXnJ;1;"2018-09-23 00:00:00";"2018-09-23 00:00:00";16;833;20;10;0;<FLG>
V6155020;V615502001;HIXnJ;1;"2018-09-24 00:00:00";"2018-09-24 00:00:00";16;832;20;10;0;<FLG>
V6155020;V615502001;HIXnJ;1;"2018-09-25 00:00:00";"2018-09-25 08:00:00";16;828;20;10;0;<FLG>
V6155020;V615502001;HIXnJ;1;"2018-09-26 00:00:00";"2018-09-26 08:05:00";16;824;20;10;0;<FLG>
V6155020;V615502001;HIXnJ;1;"2018-09-27 00:00:00";"2018-09-27 06:35:00";16;821;20;10;0;<FLG>
V6155020;V615502001;HIXnJ;1;"2018-09-28 00:00:00";"2018-09-28 08:10:00";16;820;20;10;0;<FLG>
V6155020;V615502001;HIXnJ;1;"2018-09-29 00:00:00";"2018-09-29 00:00:00";16;817;20;10;0;<FLG>
V6155020;V615502001;HIXnJ;1;"2018-09-30 00:00:00";"2018-09-30 00:00:00";16;815;20;10;0;<FLG>
V6155020;V615502001;HIXnJ;1;"2018-10-01 00:00:00";"2018-10-01 23:59:59";16;813;20;10;0;<FLG>
V6155020;V615502001;HIXnJ;1;"2018-10-02 00:00:00";"2018-10-02 04:00:00";16;814;20;10;0;<FLG>
V6155020;V615502001;HIXnJ;1;"2018-10-03 00:00:00";"2018-10-03 00:00:00";16;806;20;10;0;<FLG>
V6155020;V615502001;HIXnJ;1;"2018-10-04 00:00:00";"2018-10-04 03:20:00";16;801;20;10;0;<FLG>
V6155020;V615502001;HIXnJ;1;"2018-10-05 00:00:00";"2018-10-05 12:25:00";16;800;20;10;0;<FLG>
V6155020;V615502001;HIXnJ;1;"2018-10-06 00:00:00";"2018-10-06 06:30:00";16;799;20;10;0;<FLG>
V6155020;V615502001;HIXnJ;1;"2018-10-07 00:00:00";"2018-10-07 05:50:00";16;797;20;10;0;<FLG>
V6155020;V615502001;HIXnJ;1;"2018-10-08 00:00:00";"2018-10-08 17:05:00";16;796;20;10;0;<FLG>
V6155020;V615502001;HIXnJ;1;"2018-10-09 00:00:00";"2018-10-09 06:25:00";16;797;20;10;0;<FLG>
V6155020;V615502001;HIXnJ;1;"2018-10-10 00:00:00";"2018-10-10 22:45:00";16;796;20;10;0;<FLG>
V6155020;V615502001;HIXnJ;1;"2018-10-11 00:00:00";"2018-10-11 23:59:59";16;865;20;10;0;<FLG>
V6155020;V615502001;HIXnJ;1;"2018-10-12 00:00:00";"2018-10-12 03:30:00";16;870;20;10;0;<FLG>
V6155020;V615502001;HIXnJ;1;"2018-10-13 00:00:00";"2018-10-13 00:00:00";16;853;20;10;0;<FLG>
V6155020;V615502001;HIXnJ;1;"2018-10-14 00:00:00";"2018-10-14 00:10:00";16;845;20;10;0;<FLG>
V6155020;V615502001;HIXnJ;1;"2018-10-15 00:00:00";"2018-10-15 02:30:00";16;836;20;10;0;<FLG>
V6155020;V615502001;HIXnJ;1;"2018-10-16 00:00:00";"2018-10-16 00:15:00";16;819;20;10;0;<FLG>
V6155020;V615502001;HIXnJ;1;"2018-10-17 00:00:00";"2018-10-17 00:00:00";16;816;20;10;0;<FLG>
V6155020;V615502001;HIXnJ;1;"2018-10-18 00:00:00";"2018-10-18 00:00:00";16;808;20;10;0;<FLG>
V6155020;V615502001;HIXnJ;1;"2018-10-19 00:00:00";"2018-10-19 08:00:00";16;799;20;10;0;<FLG>
V6155020;V615502001;HIXnJ;1;"2018-10-20 00:00:00";"2018-10-20 00:00:00";16;795;20;10;0;<FLG>
V6155020;V615502001;HIXnJ;1;"2018-10-21 00:00:00";"2018-10-21 04:10:00";16;789;20;10;0;<FLG>
V6155020;V615502001;HIXnJ;1;"2018-10-22 00:00:00";"2018-10-22 08:50:00";16;785;20;10;0;<FLG>
V6155020;V615502001;HIXnJ;1;"2018-10-23 00:00:00";"2018-10-23 00:00:00";16;781;20;10;0;<FLG>
V6155020;V615502001;HIXnJ;1;"2018-10-24 00:00:00";"2018-10-24 15:40:00";16;783;20;10;0;<FLG>
V6155020;V615502001;HIXnJ;1;"2018-10-25 00:00:00";"2018-10-25 08:20:00";16;781;20;10;0;<FLG>
V6155020;V615502001;HIXnJ;1;"2018-10-26 00:00:00";"2018-10-26 09:15:00";16;775;20;10;0;<FLG>
V6155020;V615502001;HIXnJ;1;"2018-10-27 00:00:00";"2018-10-27 16:55:00";16;776;20;10;0;<FLG>
V6155020;V615502001;HIXnJ;1;"2018-10-28 00:00:00";"2018-10-28 17:25:00";16;776;20;10;0;<FLG>
V6155020;V615502001;HIXnJ;1;"2018-10-29 00:00:00";"2018-10-29 23:59:59";16;1046;20;10;0;<FLG>
V6155020;V615502001;HIXnJ;1;"2018-10-30 00:00:00";"2018-10-30 23:59:59";16;1194;20;10;0;<FLG>
V6155020;V615502001;HIXnJ;1;"2018-10-31 00:00:00";"2018-10-31 23:59:59";16;1407;20;10;0;<FLG>
V6155020;V615502001;HIXnJ;1;"2018-11-01 00:00:00";"2018-11-01 23:25:00";16;1576;20;10;0;<FLG>
V6155020;V615502001;HIXnJ;1;"2018-11-02 00:00:00";"2018-11-02 18:35:00";16;1599;20;10;0;<FLG>
V6155020;V615502001;HIXnJ;1;"2018-11-03 00:00:00";"2018-11-03 01:25:00";16;1600;20;10;0;<FLG>
V6155020;V615502001;HIXnJ;1;"2018-11-04 00:00:00";"2018-11-04 00:00:00";16;1590;20;10;0;<FLG>
V6155020;V615502001;HIXnJ;1;"2018-11-05 00:00:00";"2018-11-05 00:10:00";16;1557;20;10;0;<FLG>
V6155020;V615502001;HIXnJ;1;"2018-11-06 00:00:00";"2018-11-06 23:59:59";16;1536;20;10;0;<FLG>
V6155020;V615502001;HIXnJ;1;"2018-11-07 00:00:00";"2018-11-07 23:30:00";16;1565;20;10;0;<FLG>
V6155020;V615502001;HIXnJ;1;"2018-11-08 00:00:00";"2018-11-08 07:50:00";16;1571;20;10;0;<FLG>
V6155020;V615502001;HIXnJ;1;"2018-11-09 00:00:00";"2018-11-09 01:50:00";16;1570;20;10;0;<FLG>
V6155020;V615502001;HIXnJ;1;"2018-11-10 00:00:00";"2018-11-10 02:35:00";16;1564;20;10;0;<FLG>
V6155020;V615502001;HIXnJ;1;"2018-11-11 00:00:00";"2018-11-11 00:00:00";16;1550;20;10;0;<FLG>
V6155020;V615502001;HIXnJ;1;"2018-11-12 00:00:00";"2018-11-12 00:20:00";16;1524;20;10;0;<FLG>
V6155020;V615502001;HIXnJ;1;"2018-11-13 00:00:00";"2018-11-13 00:25:00";16;1501;20;10;0;<FLG>
V6155020;V615502001;HIXnJ;1;"2018-11-14 00:00:00";"2018-11-14 01:25:00";16;1475;20;10;0;<FLG>
V6155020;V615502001;HIXnJ;1;"2018-11-15 00:00:00";"2018-11-15 02:10:00";16;1449;20;10;0;<FLG>
V6155020;V615502001;HIXnJ;1;"2018-11-16 00:00:00";"2018-11-16 01:10:00";16;1425;20;10;0;<FLG>
V6155020;V615502001;HIXnJ;1;"2018-11-17 00:00:00";"2018-11-17 00:05:00";16;1400;20;10;0;<FLG>
V6155020;V615502001;HIXnJ;1;"2018-11-18 00:00:00";"2018-11-18 00:05:00";16;1368;20;10;0;<FLG>
V6155020;V615502001;HIXnJ;1;"2018-11-19 00:00:00";"2018-11-19 00:05:00";16;1339;20;10;0;<FLG>
V6155020;V615502001;HIXnJ;1;"2018-11-20 00:00:00";"2018-11-20 00:20:00";16;1314;20;10;0;<FLG>
V6155020;V615502001;HIXnJ;1;"2018-11-21 00:00:00";"2018-11-21 23:59:59";16;1300;20;10;0;<FLG>
V6155020;V615502001;HIXnJ;1;"2018-11-22 00:00:00";"2018-11-22 23:59:59";16;1344;20;10;0;<FLG>
V6155020;V615502001;HIXnJ;1;"2018-11-23 00:00:00";"2018-11-23 23:59:59";16;1378;20;10;0;<FLG>
V6155020;V615502001;HIXnJ;1;"2018-11-24 00:00:00";"2018-11-24 23:20:00";16;1497;20;10;0;<FLG>
V6155020;V615502001;HIXnJ;1;"2018-11-25 00:00:00";"2018-11-25 23:59:59";16;1554;20;10;0;<FLG>
V6155020;V615502001;HIXnJ;1;"2018-11-26 00:00:00";"2018-11-26 09:20:00";16;1561;20;10;0;<FLG>
V6155020;V615502001;HIXnJ;1;"2018-11-27 00:00:00";"2018-11-27 10:40:00";16;1562;20;10;0;<FLG>
V6155020;V615502001;HIXnJ;1;"2018-11-28 00:00:00";"2018-11-28 00:20:00";16;1558;20;10;0;<FLG>
V6155020;V615502001;HIXnJ;1;"2018-11-29 00:00:00";"2018-11-29 00:20:00";16;1547;20;10;0;<FLG>
V6155020;V615502001;HIXnJ;1;"2018-11-30 00:00:00";"2018-11-30 00:15:00";16;1527;20;10;0;<FLG>
V6155020;V615502001;HIXnJ;1;"2018-12-01 00:00:00";"2018-12-01 00:35:00";16;1502;20;10;0;<FLG>
V6155020;V615502001;HIXnJ;1;"2018-12-02 00:00:00";"2018-12-02 00:45:00";16;1482;20;10;0;<FLG>
V6155020;V615502001;HIXnJ;1;"2018-12-03 00:00:00";"2018-12-03 01:05:00";16;1462;20;10;0;<FLG>
V6155020;V615502001;HIXnJ;1;"2018-12-04 00:00:00";"2018-12-04 00:30:00";16;1444;20;10;0;<FLG>
V6155020;V615502001;HIXnJ;1;"2018-12-05 00:00:00";"2018-12-05 01:05:00";16;1417;20;10;0;<FLG>
V6155020;V615502001;HIXnJ;1;"2018-12-06 00:00:00";"2018-12-06 00:25:00";16;1397;20;10;0;<FLG>
V6155020;V615502001;HIXnJ;1;"2018-12-07 00:00:00";"2018-12-07 00:35:00";16;1377;20;10;0;<FLG>
V6155020;V615502001;HIXnJ;1;"2018-12-08 00:00:00";"2018-12-08 00:05:00";16;1358;20;10;0;<FLG>
V6155020;V615502001;HIXnJ;1;"2018-12-09 00:00:00";"2018-12-09 04:55:00";16;1339;20;10;0;<FLG>
V6155020;V615502001;HIXnJ;1;"2018-12-10 00:00:00";"2018-12-10 00:00:00";16;1324;20;10;0;<FLG>
V6155020;V615502001;HIXnJ;1;"2018-12-11 00:00:00";"2018-12-11 00:05:00";16;1309;20;10;0;<FLG>
V6155020;V615502001;HIXnJ;1;"2018-12-12 00:00:00";"2018-12-12 01:05:00";16;1293;20;10;0;<FLG>
V6155020;V615502001;HIXnJ;1;"2018-12-13 00:00:00";"2018-12-13 01:20:00";16;1273;20;10;0;<FLG>
V6155020;V615502001;HIXnJ;1;"2018-12-14 00:00:00";"2018-12-14 00:10:00";16;1263;20;10;0;<FLG>
V6155020;V615502001;HIXnJ;1;"2018-12-15 00:00:00";"2018-12-15 02:00:00";16;1250;20;10;0;<FLG>
V6155020;V615502001;HIXnJ;1;"2018-12-16 00:00:00";"2018-12-16 00:05:00";16;1240;20;10;0;<FLG>
V6155020;V615502001;HIXnJ;1;"2018-12-17 00:00:00";"2018-12-17 02:05:00";16;1226;20;10;0;<FLG>
V6155020;V615502001;HIXnJ;1;"2018-12-18 00:00:00";"2018-12-18 05:00:00";16;1219;20;10;0;<FLG>
V6155020;V615502001;HIXnJ;1;"2018-12-19 00:00:00";"2018-12-19 23:59:59";16;1296;20;10;0;<FLG>
V6155020;V615502001;HIXnJ;1;"2018-12-20 00:00:00";"2018-12-20 23:59:59";16;1425;20;10;0;<FLG>
V6155020;V615502001;HIXnJ;1;"2018-12-21 00:00:00";"2018-12-21 20:25:00";16;1440;20;10;0;<FLG>
V6155020;V615502001;HIXnJ;1;"2018-12-22 00:00:00";"2018-12-22 04:05:00";16;1441;20;10;0;<FLG>
V6155020;V615502001;HIXnJ;1;"2018-12-23 00:00:00";"2018-12-23 00:00:00";16;1434;20;10;0;<FLG>
V6155020;V615502001;HIXnJ;1;"2018-12-24 00:00:00";"2018-12-24 00:45:00";16;1423;20;10;0;<FLG>
V6155020;V615502001;HIXnJ;1;"2018-12-25 00:00:00";"2018-12-25 00:10:00";16;1408;20;10;0;<FLG>
V6155020;V615502001;HIXnJ;1;"2018-12-26 00:00:00";"2018-12-26 00:40:00";16;1387;20;10;0;<FLG>
V6155020;V615502001;HIXnJ;1;"2018-12-27 00:00:00";"2018-12-27 00:00:00";16;1363;20;10;0;<FLG>
V6155020;V615502001;HIXnJ;1;"2018-12-28 00:00:00";"2018-12-28 00:10:00";16;1335;20;10;0;<FLG>
V6155020;V615502001;HIXnJ;1;"2018-12-29 00:00:00";"2018-12-29 00:40:00";16;1313;20;10;0;<FLG>
V6155020;V615502001;HIXnJ;1;"2018-12-30 00:00:00";"2018-12-30 00:00:00";16;1295;20;10;0;<FLG>
V6155020;V615502001;HIXnJ;1;"2018-12-31 00:00:00";"2018-12-31 00:00:00";16;1280;20;10;0;<FLG>
V6155020;V615502001;HIXnJ;1;"2019-01-01 00:00:00";"2019-01-01 01:05:00";16;1264;20;10;0;<FLG>
V6155020;V615502001;HIXnJ;1;"2019-01-02 00:00:00";"2019-01-02 00:00:00";16;1250;20;10;0;<FLG>
V6155020;V615502001;HIXnJ;1;"2019-01-03 00:00:00";"2019-01-03 01:40:00";16;1237;20;10;0;<FLG>
V6155020;V615502001;HIXnJ;1;"2019-01-04 00:00:00";"2019-01-04 00:25:00";16;1219;20;10;0;<FLG>
V6155020;V615502001;HIXnJ;1;"2019-01-05 00:00:00";"2019-01-05 05:25:00";16;1210;20;10;0;<FLG>
V6155020;V615502001;HIXnJ;1;"2019-01-06 00:00:00";"2019-01-06 00:25:00";16;1202;20;10;0;<FLG>
V6155020;V615502001;HIXnJ;1;"2019-01-07 00:00:00";"2019-01-07 01:05:00";16;1184;20;10;0;<FLG>
V6155020;V615502001;HIXnJ;1;"2019-01-08 00:00:00";"2019-01-08 00:20:00";16;1176;20;10;0;<FLG>
V6155020;V615502001;HIXnJ;1;"2019-01-09 00:00:00";"2019-01-09 00:25:00";16;1167;20;10;0;<FLG>
V6155020;V615502001;HIXnJ;1;"2019-01-10 00:00:00";"2019-01-10 00:45:00";16;1161;20;10;0;<FLG>
V6155020;V615502001;HIXnJ;1;"2019-01-11 00:00:00";"2019-01-11 01:10:00";16;1149;20;10;0;<FLG>
V6155020;V615502001;HIXnJ;1;"2019-01-12 00:00:00";"2019-01-12 01:00:00";16;1144;20;10;0;<FLG>
V6155020;V615502001;HIXnJ;1;"2019-01-13 00:00:00";"2019-01-13 01:05:00";16;1141;20;10;0;<FLG>
V6155020;V615502001;HIXnJ;1;"2019-01-14 00:00:00";"2019-01-14 00:30:00";16;1137;20;10;0;<FLG>
V6155020;V615502001;HIXnJ;1;"2019-01-15 00:00:00";"2019-01-15 01:25:00";16;1133;20;10;0;<FLG>
V6155020;V615502001;HIXnJ;1;"2019-01-16 00:00:00";"2019-01-16 00:35:00";16;1128;20;10;0;<FLG>
V6155020;V615502001;HIXnJ;1;"2019-01-17 00:00:00";"2019-01-17 00:00:00";16;1125;20;10;0;<FLG>
V6155020;V615502001;HIXnJ;1;"2019-01-18 00:00:00";"2019-01-18 02:15:00";16;1121;20;10;0;<FLG>
V6155020;V615502001;HIXnJ;1;"2019-01-19 00:00:00";"2019-01-19 02:35:00";16;1116;20;10;0;<FLG>
V6155020;V615502001;HIXnJ;1;"2019-01-20 00:00:00";"2019-01-20 00:00:00";16;1112;20;10;0;<FLG>
V6155020;V615502001;HIXnJ;1;"2019-01-21 00:00:00";"2019-01-21 01:25:00";16;1107;20;10;0;<FLG>
V6155020;V615502001;HIXnJ;1;"2019-01-22 00:00:00";"2019-01-22 02:05:00";16;1102;20;10;0;<FLG>
V6155020;V615502001;HIXnJ;1;"2019-01-23 00:00:00";"2019-01-23 00:20:00";16;1099;20;10;0;<FLG>
V6155020;V615502001;HIXnJ;1;"2019-01-24 00:00:00";"2019-01-24 00:30:00";16;1096;20;10;0;<FLG>
V6155020;V615502001;HIXnJ;1;"2019-01-25 00:00:00";"2019-01-25 00:40:00";16;1091;20;10;0;<FLG>
V6155020;V615502001;HIXnJ;1;"2019-01-26 00:00:00";"2019-01-26 01:10:00";16;1085;20;10;0;<FLG>
V6155020;V615502001;HIXnJ;1;"2019-01-27 00:00:00";"2019-01-27 00:25:00";16;1079;20;10;0;<FLG>
V6155020;V615502001;HIXnJ;1;"2019-01-28 00:00:00";"2019-01-28 00:50:00";16;1074;20;10;0;<FLG>
V6155020;V615502001;HIXnJ;1;"2019-01-29 00:00:00";"2019-01-29 00:00:00";16;1070;20;10;0;<FLG>
V6155020;V615502001;HIXnJ;1;"2019-01-30 00:00:00";"2019-01-30 03:30:00";16;1066;20;10;0;<FLG>
V6155020;V615502001;HIXnJ;1;"2019-01-31 00:00:00";"2019-01-31 00:00:00";16;1061;20;10;0;<FLG>
V6155020;V615502001;HIXnJ;1;"2019-02-01 00:00:00";"2019-02-01 23:59:59";16;1128;20;10;0;<FLG>
V6155020;V615502001;HIXnJ;1;"2019-02-02 00:00:00";"2019-02-02 23:59:59";16;1354;20;10;0;<FLG>
V6155020;V615502001;HIXnJ;1;"2019-02-03 00:00:00";"2019-02-03 22:45:00";16;1402;20;10;0;<FLG>
V6155020;V615502001;HIXnJ;1;"2019-02-04 00:00:00";"2019-02-04 09:30:00";16;1405;20;10;0;<FLG>
V6155020;V615502001;HIXnJ;1;"2019-02-05 00:00:00";"2019-02-05 00:00:00";16;1399;20;10;0;<FLG>
V6155020;V615502001;HIXnJ;1;"2019-02-06 00:00:00";"2019-02-06 00:05:00";16;1363;20;10;0;<FLG>
V6155020;V615502001;HIXnJ;1;"2019-02-07 00:00:00";"2019-02-07 01:15:00";16;1332;20;10;0;<FLG>
V6155020;V615502001;HIXnJ;1;"2019-02-08 00:00:00";"2019-02-08 00:00:00";16;1301;20;10;0;<FLG>
V6155020;V615502001;HIXnJ;1;"2019-02-09 00:00:00";"2019-02-09 00:45:00";16;1269;20;10;0;<FLG>
V6155020;V615502001;HIXnJ;1;"2019-02-10 00:00:00";"2019-02-10 00:15:00";16;1244;20;10;0;<FLG>
V6155020;V615502001;HIXnJ;1;"2019-02-11 00:00:00";"2019-02-11 00:05:00";16;1225;20;10;0;<FLG>
V6155020;V615502001;HIXnJ;1;"2019-02-12 00:00:00";"2019-02-12 00:00:00";16;1206;20;10;0;<FLG>
V6155020;V615502001;HIXnJ;1;"2019-02-13 00:00:00";"2019-02-13 01:35:00";16;1189;20;10;0;<FLG>
V6155020;V615502001;HIXnJ;1;"2019-02-14 00:00:00";"2019-02-14 00:25:00";16;1174;20;10;0;<FLG>
V6155020;V615502001;HIXnJ;1;"2019-02-15 00:00:00";"2019-02-15 01:15:00";16;1161;20;10;0;<FLG>
V6155020;V615502001;HIXnJ;1;"2019-02-16 00:00:00";"2019-02-16 00:05:00";16;1153;20;10;0;<FLG>
V6155020;V615502001;HIXnJ;1;"2019-02-17 00:00:00";"2019-02-17 00:05:00";16;1145;20;10;0;<FLG>
V6155020;V615502001;HIXnJ;1;"2019-02-18 00:00:00";"2019-02-18 02:40:00";16;1141;20;10;0;<FLG>
V6155020;V615502001;HIXnJ;1;"2019-02-19 00:00:00";"2019-02-19 00:50:00";16;1137;20;10;0;<FLG>
V6155020;V615502001;HIXnJ;1;"2019-02-20 00:00:00";"2019-02-20 02:55:00";16;1133;20;10;0;<FLG>
V6155020;V615502001;HIXnJ;1;"2019-02-21 00:00:00";"2019-02-21 01:40:00";16;1127;20;10;0;<FLG>
V6155020;V615502001;HIXnJ;1;"2019-02-22 00:00:00";"2019-02-22 00:40:00";16;1123;20;10;0;<FLG>
V6155020;V615502001;HIXnJ;1;"2019-02-23 00:00:00";"2019-02-23 00:30:00";16;1119;20;10;0;<FLG>
V6155020;V615502001;HIXnJ;1;"2019-02-24 00:00:00";"2019-02-24 01:40:00";16;1112;20;10;0;<FLG>
V6155020;V615502001;HIXnJ;1;"2019-02-25 00:00:00";"2019-02-25 00:05:00";16;1108;20;10;0;<FLG>
V6155020;V615502001;HIXnJ;1;"2019-02-26 00:00:00";"2019-02-26 00:40:00";16;1102;20;10;0;<FLG>
V6155020;V615502001;HIXnJ;1;"2019-02-27 00:00:00";"2019-02-27 02:35:00";16;1099;20;10;0;<FLG>
V6155020;V615502001;HIXnJ;1;"2019-02-28 00:00:00";"2019-02-28 01:10:00";16;1094;20;10;0;<FLG>
V6155020;V615502001;HIXnJ;1;"2019-03-01 00:00:00";"2019-03-01 00:10:00";16;1090;20;10;0;<FLG>
V6155020;V615502001;HIXnJ;1;"2019-03-02 00:00:00";"2019-03-02 03:40:00";16;1085;20;10;0;<FLG>
V6155020;V615502001;HIXnJ;1;"2019-03-03 00:00:00";"2019-03-03 03:40:00";16;1081;20;10;0;<FLG>
V6155020;V615502001;HIXnJ;1;"2019-03-04 00:00:00";"2019-03-04 06:15:00";16;1076;20;10;0;<FLG>
V6155020;V615502001;HIXnJ;1;"2019-03-05 00:00:00";"2019-03-05 01:25:00";16;1071;20;10;0;<FLG>
V6155020;V615502001;HIXnJ;1;"2019-03-06 00:00:00";"2019-03-06 00:20:00";16;1069;20;10;0;<FLG>
V6155020;V615502001;HIXnJ;1;"2019-03-07 00:00:00";"2019-03-07 02:35:00";16;1065;20;10;0;<FLG>
V6155020;V615502001;HIXnJ;1;"2019-03-08 00:00:00";"2019-03-08 01:50:00";16;1059;20;10;0;<FLG>
V6155020;V615502001;HIXnJ;1;"2019-03-09 00:00:00";"2019-03-09 00:15:00";16;1054;20;10;0;<FLG>
V6155020;V615502001;HIXnJ;1;"2019-03-10 00:00:00";"2019-03-10 00:15:00";16;1048;20;10;0;<FLG>
V6155020;V615502001;HIXnJ;1;"2019-03-11 00:00:00";"2019-03-11 04:40:00";16;1044;20;10;0;<FLG>
V6155020;V615502001;HIXnJ;1;"2019-03-12 00:00:00";"2019-03-12 02:15:00";16;1040;20;10;0;<FLG>
V6155020;V615502001;HIXnJ;1;"2019-03-13 00:00:00";"2019-03-13 01:15:00";16;1037;20;10;0;<FLG>
V6155020;V615502001;HIXnJ;1;"2019-03-14 00:00:00";"2019-03-14 02:05:00";16;1033;20;10;0;<FLG>
V6155020;V615502001;HIXnJ;1;"2019-03-15 00:00:00";"2019-03-15 04:00:00";16;1029;20;10;0;<FLG>
V6155020;V615502001;HIXnJ;1;"2019-03-16 00:00:00";"2019-03-16 01:25:00";16;1025;20;10;0;<FLG>
V6155020;V615502001;HIXnJ;1;"2019-03-17 00:00:00";"2019-03-17 04:45:00";16;1021;20;10;0;<FLG>
V6155020;V615502001;HIXnJ;1;"2019-03-18 00:00:00";"2019-03-18 11:15:00";16;1016;20;10;0;<FLG>
V6155020;V615502001;HIXnJ;1;"2019-03-19 00:00:00";"2019-03-19 00:00:00";16;1013;20;10;0;<FLG>
V6155020;V615502001;HIXnJ;1;"2019-03-20 00:00:00";"2019-03-20 06:55:00";16;999;20;10;0;<FLG>
V6155020;V615502001;HIXnJ;1;"2019-03-21 00:00:00";"2019-03-21 08:40:00";16;995;20;10;0;<FLG>
V6155020;V615502001;HIXnJ;1;"2019-03-22 00:00:00";"2019-03-22 08:05:00";16;991;20;10;0;<FLG>
V6155020;V615502001;HIXnJ;1;"2019-03-23 00:00:00";"2019-03-23 12:50:00";16;988;20;10;0;<FLG>
V6155020;V615502001;HIXnJ;1;"2019-03-24 00:00:00";"2019-03-24 00:20:00";16;985;20;10;0;<FLG>
V6155020;V615502001;HIXnJ;1;"2019-03-25 00:00:00";"2019-03-25 12:10:00";16;981;20;10;0;<FLG>
V6155020;V615502001;HIXnJ;1;"2019-03-26 00:00:00";"2019-03-26 04:30:00";16;981;20;10;0;<FLG>
V6155020;V615502001;HIXnJ;1;"2019-03-27 00:00:00";"2019-03-27 01:50:00";16;977;20;10;0;<FLG>
V6155020;V615502001;HIXnJ;1;"2019-03-28 00:00:00";"2019-03-28 00:50:00";16;972;20;10;0;<FLG>
V6155020;V615502001;HIXnJ;1;"2019-03-29 00:00:00";"2019-03-29 01:55:00";16;968;20;10;0;<FLG>
V6155020;V615502001;HIXnJ;1;"2019-03-30 00:00:00";"2019-03-30 00:50:00";16;964;20;10;0;<FLG>
V6155020;V615502001;HIXnJ;1;"2019-03-31 00:00:00";"2019-03-31 03:00:00";16;962;20;10;0;<FLG>
V6155020;V615502001;HIXnJ;1;"2019-04-01 00:00:00";"2019-04-01 00:00:00";16;960;20;10;0;<FLG>
V6155020;V615502001;HIXnJ;1;"2019-04-02 00:00:00";"2019-04-02 01:45:00";16;957;20;10;0;<FLG>
V6155020;V615502001;HIXnJ;1;"2019-04-03 00:00:00";"2019-04-03 03:15:00";16;954;20;10;0;<FLG>
V6155020;V615502001;HIXnJ;1;"2019-04-04 00:00:00";"2019-04-04 23:59:59";16;986;20;10;0;<FLG>
V6155020;V615502001;HIXnJ;1;"2019-04-05 00:00:00";"2019-04-05 23:59:59";16;1015;20;10;0;<FLG>
V6155020;V615502001;HIXnJ;1;"2019-04-06 00:00:00";"2019-04-06 23:59:59";16;1020;20;10;0;<FLG>
V6155020;V615502001;HIXnJ;1;"2019-04-07 00:00:00";"2019-04-07 03:15:00";16;1022;20;10;0;<FLG>
V6155020;V615502001;HIXnJ;1;"2019-04-08 00:00:00";"2019-04-08 19:45:00";16;1021;20;10;0;<FLG>
V6155020;V615502001;HIXnJ;1;"2019-04-09 00:00:00";"2019-04-09 21:15:00";16;1027;20;10;0;<FLG>
V6155020;V615502001;HIXnJ;1;"2019-04-10 00:00:00";"2019-04-10 22:30:00";16;1029;20;10;0;<FLG>
V6155020;V615502001;HIXnJ;1;"2019-04-11 00:00:00";"2019-04-11 21:10:00";16;1035;20;10;0;<FLG>
V6155020;V615502001;HIXnJ;1;"2019-04-12 00:00:00";"2019-04-12 23:50:00";16;1038;20;10;0;<FLG>
V6155020;V615502001;HIXnJ;1;"2019-04-13 00:00:00";"2019-04-13 05:10:00";16;1039;20;10;0;<FLG>
V6155020;V615502001;HIXnJ;1;"2019-04-14 00:00:00";"2019-04-14 03:50:00";16;1038;20;10;0;<FLG>
V6155020;V615502001;HIXnJ;1;"2019-04-15 00:00:00";"2019-04-15 01:30:00";16;1037;20;10;0;<FLG>
V6155020;V615502001;HIXnJ;1;"2019-04-16 00:00:00";"2019-04-16 02:10:00";16;1033;20;10;0;<FLG>
V6155020;V615502001;HIXnJ;1;"2019-04-17 00:00:00";"2019-04-17 02:45:00";16;1029;20;10;0;<FLG>
V6155020;V615502001;HIXnJ;1;"2019-04-18 00:00:00";"2019-04-18 00:55:00";16;1023;20;10;0;<FLG>
V6155020;V615502001;HIXnJ;1;"2019-04-19 00:00:00";"2019-04-19 03:30:00";16;1016;20;10;0;<FLG>
V6155020;V615502001;HIXnJ;1;"2019-04-20 00:00:00";"2019-04-20 06:50:00";16;1010;20;10;0;<FLG>
V6155020;V615502001;HIXnJ;1;"2019-04-21 00:00:00";"2019-04-21 00:00:00";16;1007;20;10;0;<FLG>
V6155020;V615502001;HIXnJ;1;"2019-04-22 00:00:00";"2019-04-22 02:00:00";16;1004;20;10;0;<FLG>
V6155020;V615502001;HIXnJ;1;"2019-04-23 00:00:00";"2019-04-23 05:50:00";16;1002;20;10;0;<FLG>
V6155020;V615502001;HIXnJ;1;"2019-04-24 00:00:00";"2019-04-24 23:59:59";16;1015;20;10;0;<FLG>
V6155020;V615502001;HIXnJ;1;"2019-04-25 00:00:00";"2019-04-25 23:59:59";16;1059;20;10;0;<FLG>
V6155020;V615502001;HIXnJ;1;"2019-04-26 00:00:00";"2019-04-26 23:59:59";16;1088;20;10;0;<FLG>
V6155020;V615502001;HIXnJ;1;"2019-04-27 00:00:00";"2019-04-27 21:55:00";16;1114;20;10;0;<FLG>
V6155020;V615502001;HIXnJ;1;"2019-04-28 00:00:00";"2019-04-28 16:20:00";16;1122;20;10;0;<FLG>
V6155020;V615502001;HIXnJ;1;"2019-04-29 00:00:00";"2019-04-29 05:50:00";16;1123;20;10;0;<FLG>
V6155020;V615502001;HIXnJ;1;"2019-04-30 00:00:00";"2019-04-30 00:00:00";16;1121;20;10;0;<FLG>
V6155020;V615502001;HIXnJ;1;"2019-05-01 00:00:00";"2019-05-01 00:25:00";16;1113;20;10;0;<FLG>
V6155020;V615502001;HIXnJ;1;"2019-05-02 00:00:00";"2019-05-02 01:12:00";16;1107;20;10;0;<FLG>
V6155020;V615502001;HIXnJ;1;"2019-05-03 00:00:00";"2019-05-03 00:00:00";16;1099;20;10;0;<FLG>
V6155020;V615502001;HIXnJ;1;"2019-05-04 00:00:00";"2019-05-04 00:32:00";16;1091;20;10;0;<FLG>
V6155020;V615502001;HIXnJ;1;"2019-05-05 00:00:00";"2019-05-05 00:20:00";16;1084;20;10;0;<FLG>
V6155020;V615502001;HIXnJ;1;"2019-05-06 00:00:00";"2019-05-06 00:00:00";16;1077;20;10;0;<FLG>
V6155020;V615502001;HIXnJ;1;"2019-05-07 00:00:00";"2019-05-07 01:23:00";16;1066;20;10;0;<FLG>
V6155020;V615502001;HIXnJ;1;"2019-05-08 00:00:00";"2019-05-08 00:00:00";16;1058;20;10;0;<FLG>
V6155020;V615502001;HIXnJ;1;"2019-05-09 00:00:00";"2019-05-09 00:45:00";16;1050;20;10;0;<FLG>
V6155020;V615502001;HIXnJ;1;"2019-05-10 00:00:00";"2019-05-10 00:00:00";16;1043;20;10;0;<FLG>
V6155020;V615502001;HIXnJ;1;"2019-05-11 00:00:00";"2019-05-11 00:00:00";16;1036;20;10;0;<FLG>
V6155020;V615502001;HIXnJ;1;"2019-05-12 00:00:00";"2019-05-12 00:00:00";16;1027;20;10;0;<FLG>
V6155020;V615502001;HIXnJ;1;"2019-05-13 00:00:00";"2019-05-13 00:00:00";16;1021;20;10;0;<FLG>
V6155020;V615502001;HIXnJ;1;"2019-05-14 00:00:00";"2019-05-14 00:00:00";16;1014;20;10;0;<FLG>
V6155020;V615502001;HIXnJ;1;"2019-05-15 00:00:00";"2019-05-15 00:32:00";16;1009;20;10;0;<FLG>
V6155020;V615502001;HIXnJ;1;"2019-05-16 00:00:00";"2019-05-16 02:50:00";16;1005;20;10;0;<FLG>
V6155020;V615502001;HIXnJ;1;"2019-05-17 00:00:00";"2019-05-17 01:38:00";16;1001;20;10;0;<FLG>
V6155020;V615502001;HIXnJ;1;"2019-05-18 00:00:00";"2019-05-18 00:00:00";16;997;20;10;0;<FLG>
V6155020;V615502001;HIXnJ;1;"2019-05-19 00:00:00";"2019-05-19 00:00:00";16;992;20;10;0;<FLG>
V6155020;V615502001;HIXnJ;1;"2019-05-20 00:00:00";"2019-05-20 23:59:59";16;991;20;10;0;<FLG>
V6155020;V615502001;HIXnJ;1;"2019-05-21 00:00:00";"2019-05-21 23:10:00";16;992;20;10;0;<FLG>
V6155020;V615502001;HIXnJ;1;"2019-05-22 00:00:00";"2019-05-22 02:55:00";16;992;20;10;0;<FLG>
V6155020;V615502001;HIXnJ;1;"2019-05-23 00:00:00";"2019-05-23 00:00:00";16;987;20;10;0;<FLG>
V6155020;V615502001;HIXnJ;1;"2019-05-24 00:00:00";"2019-05-24 00:00:00";16;980;20;10;0;<FLG>
V6155020;V615502001;HIXnJ;1;"2019-05-25 00:00:00";"2019-05-25 05:28:00";16;977;20;10;0;<FLG>
V6155020;V615502001;HIXnJ;1;"2019-05-26 00:00:00";"2019-05-26 23:59:59";16;980;20;10;0;<FLG>
V6155020;V615502001;HIXnJ;1;"2019-05-27 00:00:00";"2019-05-27 21:27:00";16;983;20;10;0;<FLG>
V6155020;V615502001;HIXnJ;1;"2019-05-28 00:00:00";"2019-05-28 03:30:00";16;983;20;10;0;<FLG>
V6155020;V615502001;HIXnJ;1;"2019-05-29 00:00:00";"2019-05-29 00:00:00";16;981;20;10;0;<FLG>
V6155020;V615502001;HIXnJ;1;"2019-05-30 00:00:00";"2019-05-30 01:12:00";16;977;20;10;0;<FLG>
V6155020;V615502001;HIXnJ;1;"2019-05-31 00:00:00";"2019-05-31 00:00:00";16;971;20;10;0;<FLG>
V6155020;V615502001;HIXnJ;1;"2019-06-01 00:00:00";"2019-06-01 05:05:00";16;966;20;10;0;<FLG>
V6155020;V615502001;HIXnJ;1;"2019-06-02 00:00:00";"2019-06-02 06:00:00";16;961;20;10;0;<FLG>
V6155020;V615502001;HIXnJ;1;"2019-06-03 00:00:00";"2019-06-03 01:25:00";16;957;20;10;0;<FLG>
V6155020;V615502001;HIXnJ;1;"2019-06-04 00:00:00";"2019-06-04 00:50:00";16;952;20;10;0;<FLG>
V6155020;V615502001;HIXnJ;1;"2019-06-05 00:00:00";"2019-06-05 14:45:00";16;947;20;10;0;<FLG>
V6155020;V615502001;HIXnJ;1;"2019-06-06 00:00:00";"2019-06-06 03:10:00";16;943;20;10;0;<FLG>
V6155020;V615502001;HIXnJ;1;"2019-06-07 00:00:00";"2019-06-07 01:40:00";16;939;20;10;0;<FLG>
V6155020;V615502001;HIXnJ;1;"2019-06-08 00:00:00";"2019-06-08 00:00:00";16;934;20;10;0;<FLG>
V6155020;V615502001;HIXnJ;1;"2019-06-09 00:00:00";"2019-06-09 00:00:00";16;927;20;10;0;<FLG>
V6155020;V615502001;HIXnJ;1;"2019-06-10 00:00:00";"2019-06-10 04:25:00";16;925;20;10;0;<FLG>
V6155020;V615502001;HIXnJ;1;"2019-06-11 00:00:00";"2019-06-11 00:40:00";16;922;20;10;0;<FLG>
V6155020;V615502001;HIXnJ;1;"2019-06-12 00:00:00";"2019-06-12 15:45:00";16;922;20;10;0;<FLG>
V6155020;V615502001;HIXnJ;1;"2019-06-13 00:00:00";"2019-06-13 01:55:00";16;918;20;10;0;<FLG>
V6155020;V615502001;HIXnJ;1;"2019-06-14 00:00:00";"2019-06-14 12:35:00";16;915;20;10;0;<FLG>
V6155020;V615502001;HIXnJ;1;"2019-06-15 00:00:00";"2019-06-15 02:15:00";16;912;20;10;0;<FLG>
V6155020;V615502001;HIXnJ;1;"2019-06-16 00:00:00";"2019-06-16 06:15:00";16;906;20;10;0;<FLG>
V6155020;V615502001;HIXnJ;1;"2019-06-17 00:00:00";"2019-06-17 13:10:00";16;904;20;10;0;<FLG>
V6155020;V615502001;HIXnJ;1;"2019-06-18 00:00:00";"2019-06-18 11:50:00";16;901;20;10;0;<FLG>
V6155020;V615502001;HIXnJ;1;"2019-06-19 00:00:00";"2019-06-19 05:45:00";16;899;20;10;0;<FLG>
V6155020;V615502001;HIXnJ;1;"2019-06-20 00:00:00";"2019-06-20 03:20:00";16;894;20;10;0;<FLG>
V6155020;V615502001;HIXnJ;1;"2019-06-21 00:00:00";"2019-06-21 03:40:00";16;891;20;10;0;<FLG>
V6155020;V615502001;HIXnJ;1;"2019-06-22 00:00:00";"2019-06-22 14:10:00";16;886;20;10;0;<FLG>
V6155020;V615502001;HIXnJ;1;"2019-06-23 00:00:00";"2019-06-23 16:25:00";16;883;20;10;0;<FLG>
V6155020;V615502001;HIXnJ;1;"2019-06-24 00:00:00";"2019-06-24 12:35:00";16;880;20;10;0;<FLG>
V6155020;V615502001;HIXnJ;1;"2019-06-25 00:00:00";"2019-06-25 04:30:00";16;877;20;10;0;<FLG>
V6155020;V615502001;HIXnJ;1;"2019-06-26 00:00:00";"2019-06-26 04:10:00";16;874;20;10;0;<FLG>
V6155020;V615502001;HIXnJ;1;"2019-06-27 00:00:00";"2019-06-27 16:40:00";16;871;20;10;0;<FLG>
V6155020;V615502001;HIXnJ;1;"2019-06-28 00:00:00";"2019-06-28 13:45:00";16;870;20;10;0;<FLG>
V6155020;V615502001;HIXnJ;1;"2019-06-29 00:00:00";"2019-06-29 00:00:00";16;867;20;10;0;<FLG>
V6155020;V615502001;HIXnJ;1;"2019-06-30 00:00:00";"2019-06-30 13:20:00";16;863;20;10;0;<FLG>
V6155020;V615502001;HIXnJ;1;"2019-07-01 00:00:00";"2019-07-01 16:55:00";16;864;20;10;0;<FLG>
V6155020;V615502001;HIXnJ;1;"2019-07-02 00:00:00";"2019-07-02 06:15:00";16;862;20;10;0;<FLG>
V6155020;V615502001;HIXnJ;1;"2019-07-03 00:00:00";"2019-07-03 00:00:00";16;859;20;10;0;<FLG>
V6155020;V615502001;HIXnJ;1;"2019-07-04 00:00:00";"2019-07-04 00:00:00";16;856;20;10;0;<FLG>
V6155020;V615502001;HIXnJ;1;"2019-07-05 00:00:00";"2019-07-05 05:55:00";16;854;20;10;0;<FLG>
V6155020;V615502001;HIXnJ;1;"2019-07-06 00:00:00";"2019-07-06 02:05:00";16;852;20;10;0;<FLG>
V6155020;V615502001;HIXnJ;1;"2019-07-07 00:00:00";"2019-07-07 04:50:00";16;854;20;10;0;<FLG>
V6155020;V615502001;HIXnJ;1;"2019-07-08 00:00:00";"2019-07-08 02:35:00";16;850;20;10;0;<FLG>
V6155020;V615502001;HIXnJ;1;"2019-07-09 00:00:00";"2019-07-09 06:25:00";16;848;20;10;0;<FLG>
V6155020;V615502001;HIXnJ;1;"2019-07-10 00:00:00";"2019-07-10 15:05:00";16;847;20;10;0;<FLG>
V6155020;V615502001;HIXnJ;1;"2019-07-11 00:00:00";"2019-07-11 14:05:00";16;844;20;10;0;<FLG>
V6155020;V615502001;HIXnJ;1;"2019-07-12 00:00:00";"2019-07-12 06:40:00";16;841;20;10;0;<FLG>
V6155020;V615502001;HIXnJ;1;"2019-07-13 00:00:00";"2019-07-13 15:20:00";16;839;20;10;0;<FLG>
V6155020;V615502001;HIXnJ;1;"2019-07-14 00:00:00";"2019-07-14 17:40:00";16;837;20;10;0;<FLG>
V6155020;V615502001;HIXnJ;1;"2019-07-15 00:00:00";"2019-07-15 12:25:00";16;835;20;10;0;<FLG>
V6155020;V615502001;HIXnJ;1;"2019-07-16 00:00:00";"2019-07-16 13:55:00";16;834;20;10;0;<FLG>
V6155020;V615502001;HIXnJ;1;"2019-07-17 00:00:00";"2019-07-17 04:35:00";16;833;20;10;0;<FLG>
V6155020;V615502001;HIXnJ;1;"2019-07-18 00:00:00";"2019-07-18 05:55:00";16;832;20;10;0;<FLG>
V6155020;V615502001;HIXnJ;1;"2019-07-19 00:00:00";"2019-07-19 15:15:00";16;828;20;10;0;<FLG>
V6155020;V615502001;HIXnJ;1;"2019-07-20 00:00:00";"2019-07-20 01:00:00";16;822;20;10;0;<FLG>
V6155020;V615502001;HIXnJ;1;"2019-07-21 00:00:00";"2019-07-21 08:45:00";16;822;20;10;0;<FLG>
V6155020;V615502001;HIXnJ;1;"2019-07-22 00:00:00";"2019-07-22 09:55:00";16;820;20;10;0;<FLG>
V6155020;V615502001;HIXnJ;1;"2019-07-23 00:00:00";"2019-07-23 07:10:00";16;818;20;10;0;<FLG>
V6155020;V615502001;HIXnJ;1;"2019-07-24 00:00:00";"2019-07-24 15:10:00";16;818;20;10;0;<FLG>
V6155020;V615502001;HIXnJ;1;"2019-07-25 00:00:00";"2019-07-25 13:10:00";16;816;20;10;0;<FLG>
V6155020;V615502001;HIXnJ;1;"2019-07-26 00:00:00";"2019-07-26 14:05:00";16;816;20;10;0;<FLG>
V6155020;V615502001;HIXnJ;1;"2019-07-27 00:00:00";"2019-07-27 12:20:00";16;814;20;10;0;<FLG>
V6155020;V615502001;HIXnJ;1;"2019-07-28 00:00:00";"2019-07-28 15:30:00";16;818;20;10;0;<FLG>
V6155020;V615502001;HIXnJ;1;"2019-07-29 00:00:00";"2019-07-29 02:00:00";16;817;20;10;0;<FLG>
V6155020;V615502001;HIXnJ;1;"2019-07-30 00:00:00";"2019-07-30 06:15:00";16;815;20;10;0;<FLG>
V6155020;V615502001;HIXnJ;1;"2019-07-31 00:00:00";"2019-07-31 05:40:00";16;810;20;10;0;<FLG>
V6155020;V615502001;HIXnJ;1;"2019-08-01 00:00:00";"2019-08-01 03:40:00";16;808;20;10;0;<FLG>
V6155020;V615502001;HIXnJ;1;"2019-08-02 00:00:00";"2019-08-02 00:00:00";16;806;20;10;0;<FLG>
V6155020;V615502001;HIXnJ;1;"2019-08-03 00:00:00";"2019-08-03 01:05:00";16;805;20;10;0;<FLG>
V6155020;V615502001;HIXnJ;1;"2019-08-04 00:00:00";"2019-08-04 06:40:00";16;802;20;10;0;<FLG>
V6155020;V615502001;HIXnJ;1;"2019-08-05 00:00:00";"2019-08-05 00:00:00";16;800;20;10;0;<FLG>
V6155020;V615502001;HIXnJ;1;"2019-08-06 00:00:00";"2019-08-06 00:00:00";16;796;20;10;0;<FLG>
V6155020;V615502001;HIXnJ;1;"2019-08-07 00:00:00";"2019-08-07 02:22:00";16;795;20;10;0;<FLG>
V6155020;V615502001;HIXnJ;1;"2019-08-08 00:00:00";"2019-08-08 16:37:00";16;794;20;10;0;<FLG>
V6155020;V615502001;HIXnJ;1;"2019-08-09 00:00:00";"2019-08-09 02:20:00";16;791;20;10;0;<FLG>
V6155020;V615502001;HIXnJ;1;"2019-08-10 00:00:00";"2019-08-10 16:35:00";16;788;20;10;0;<FLG>
V6155020;V615502001;HIXnJ;1;"2019-08-11 00:00:00";"2019-08-11 01:25:00";16;785;20;10;0;<FLG>
V6155020;V615502001;HIXnJ;1;"2019-08-12 00:00:00";"2019-08-12 01:15:00";16;783;20;10;0;<FLG>
V6155020;V615502001;HIXnJ;1;"2019-08-13 00:00:00";"2019-08-13 00:00:00";16;781;20;10;0;<FLG>
V6155020;V615502001;HIXnJ;1;"2019-08-14 00:00:00";"2019-08-14 00:00:00";16;780;20;10;0;<FLG>
V6155020;V615502001;HIXnJ;1;"2019-08-15 00:00:00";"2019-08-15 13:58:00";16;778;20;10;0;<FLG>
V6155020;V615502001;HIXnJ;1;"2019-08-16 00:00:00";"2019-08-16 05:30:00";16;776;20;10;0;<FLG>
V6155020;V615502001;HIXnJ;1;"2019-08-17 00:00:00";"2019-08-17 09:42:00";16;776;20;10;0;<FLG>
V6155020;V615502001;HIXnJ;1;"2019-08-18 00:00:00";"2019-08-18 05:58:00";16;773;20;10;0;<FLG>
V6155020;V615502001;HIXnJ;1;"2019-08-19 00:00:00";"2019-08-19 00:00:00";16;771;20;10;0;<FLG>
V6155020;V615502001;HIXnJ;1;"2019-08-20 00:00:00";"2019-08-20 05:20:00";16;769;20;10;0;<FLG>
V6155020;V615502001;HIXnJ;1;"2019-08-21 00:00:00";"2019-08-21 00:00:00";16;767;20;10;0;<FLG>
V6155020;V615502001;HIXnJ;1;"2019-08-22 00:00:00";"2019-08-22 02:42:00";16;765;20;10;0;<FLG>
V6155020;V615502001;HIXnJ;1;"2019-08-23 00:00:00";"2019-08-23 02:35:00";16;760;20;10;0;<FLG>
V6155020;V615502001;HIXnJ;1;"2019-08-24 00:00:00";"2019-08-24 00:00:00";16;759;20;10;0;<FLG>
V6155020;V615502001;HIXnJ;1;"2019-08-25 00:00:00";"2019-08-25 14:52:00";16;759;20;10;0;<FLG>
V6155020;V615502001;HIXnJ;1;"2019-08-26 00:00:00";"2019-08-26 00:00:00";16;755;20;10;0;<FLG>
V6155020;V615502001;HIXnJ;1;"2019-08-27 00:00:00";"2019-08-27 00:00:00";16;753;20;10;0;<FLG>
V6155020;V615502001;HIXnJ;1;"2019-08-28 00:00:00";"2019-08-28 18:12:00";16;752;20;10;0;<FLG>
V6155020;V615502001;HIXnJ;1;"2019-08-29 00:00:00";"2019-08-29 01:35:00";16;751;20;10;0;<FLG>
V6155020;V615502001;HIXnJ;1;"2019-08-30 00:00:00";"2019-08-30 09:32:00";16;749;20;10;0;<FLG>
V6155020;V615502001;HIXnJ;1;"2019-08-31 00:00:00";"2019-08-31 13:40:00";16;748;20;10;0;<FLG>
V6155020;V615502001;HIXnJ;1;"2019-09-01 00:00:00";"2019-09-01 00:05:00";16;744;20;10;0;<FLG>
V6155020;V615502001;HIXnJ;1;"2019-09-02 00:00:00";"2019-09-02 08:50:00";16;745;20;10;0;<FLG>
V6155020;V615502001;HIXnJ;1;"2019-09-03 00:00:00";"2019-09-03 12:25:00";16;743;20;10;0;<FLG>
V6155020;V615502001;HIXnJ;1;"2019-09-04 00:00:00";"2019-09-04 16:30:00";16;741;20;10;0;<FLG>
V6155020;V615502001;HIXnJ;1;"2019-09-05 00:00:00";"2019-09-05 00:15:00";16;740;20;10;0;<FLG>
V6155020;V615502001;HIXnJ;1;"2019-09-06 00:00:00";"2019-09-06 11:30:00";16;738;20;10;0;<FLG>
V6155020;V615502001;HIXnJ;1;"2019-09-07 00:00:00";"2019-09-07 11:05:00";16;735;20;10;0;<FLG>
V6155020;V615502001;HIXnJ;1;"2019-09-08 00:00:00";"2019-09-08 06:25:00";16;735;20;10;0;<FLG>
V6155020;V615502001;HIXnJ;1;"2019-09-09 00:00:00";"2019-09-09 14:10:00";16;731;20;10;0;<FLG>
V6155020;V615502001;HIXnJ;1;"2019-09-10 00:00:00";"2019-09-10 15:25:00";16;730;20;10;0;<FLG>
V6155020;V615502001;HIXnJ;1;"2019-09-11 00:00:00";"2019-09-11 05:15:00";16;730;20;10;0;<FLG>
V6155020;V615502001;HIXnJ;1;"2019-09-12 00:00:00";"2019-09-12 03:50:00";16;725;20;10;0;<FLG>
V6155020;V615502001;HIXnJ;1;"2019-09-13 00:00:00";"2019-09-13 04:10:00";16;724;20;10;0;<FLG>
V6155020;V615502001;HIXnJ;1;"2019-09-14 00:00:00";"2019-09-14 06:00:00";16;720;20;10;0;<FLG>
V6155020;V615502001;HIXnJ;1;"2019-09-15 00:00:00";"2019-09-15 08:25:00";16;718;20;10;0;<FLG>
V6155020;V615502001;HIXnJ;1;"2019-09-16 00:00:00";"2019-09-16 13:00:00";16;718;20;10;0;<FLG>
V6155020;V615502001;HIXnJ;1;"2019-09-17 00:00:00";"2019-09-17 11:05:00";16;716;20;10;0;<FLG>
V6155020;V615502001;HIXnJ;1;"2019-09-18 00:00:00";"2019-09-18 12:35:00";16;715;20;10;0;<FLG>
V6155020;V615502001;HIXnJ;1;"2019-09-19 00:00:00";"2019-09-19 12:50:00";16;715;20;10;0;<FLG>
V6155020;V615502001;HIXnJ;1;"2019-09-20 00:00:00";"2019-09-20 12:50:00";16;712;20;10;0;<FLG>
V6155020;V615502001;HIXnJ;1;"2019-09-21 00:00:00";"2019-09-21 18:25:00";16;712;20;10;0;<FLG>
V6155020;V615502001;HIXnJ;1;"2019-09-22 00:00:00";"2019-09-22 19:45:00";16;719;20;10;0;<FLG>
V6155020;V615502001;HIXnJ;1;"2019-09-23 00:00:00";"2019-09-23 14:10:00";16;721;20;10;0;<FLG>
V6155020;V615502001;HIXnJ;1;"2019-09-24 00:00:00";"2019-09-24 09:30:00";16;720;20;10;0;<FLG>
V6155020;V615502001;HIXnJ;1;"2019-09-25 00:00:00";"2019-09-25 03:05:00";16;719;20;10;0;<FLG>
V6155020;V615502001;HIXnJ;1;"2019-09-26 00:00:00";"2019-09-26 02:00:00";16;715;20;10;0;<FLG>
V6155020;V615502001;HIXnJ;1;"2019-09-27 00:00:00";"2019-09-27 04:40:00";16;707;20;10;0;<FLG>
V6155020;V615502001;HIXnJ;1;"2019-09-28 00:00:00";"2019-09-28 01:00:00";16;705;20;10;0;<FLG>
V6155020;V615502001;HIXnJ;1;"2019-09-29 00:00:00";"2019-09-29 06:45:00";16;704;20;10;0;<FLG>
V6155020;V615502001;HIXnJ;1;"2019-09-30 00:00:00";"2019-09-30 12:25:00";16;698;20;10;0;<FLG>
V6155020;V615502001;HIXnJ;1;"2019-10-01 00:00:00";"2019-10-01 19:30:00";16;701;20;10;0;<FLG>
V6155020;V615502001;HIXnJ;1;"2019-10-02 00:00:00";"2019-10-02 09:45:00";16;699;20;10;0;<FLG>
V6155020;V615502001;HIXnJ;1;"2019-10-03 00:00:00";"2019-10-03 14:05:00";16;696;20;10;0;<FLG>
V6155020;V615502001;HIXnJ;1;"2019-10-04 00:00:00";"2019-10-04 11:45:00";16;694;20;10;0;<FLG>
V6155020;V615502001;HIXnJ;1;"2019-10-05 00:00:00";"2019-10-05 12:50:00";16;694;20;10;0;<FLG>
V6155020;V615502001;HIXnJ;1;"2019-10-06 00:00:00";"2019-10-06 03:25:00";16;690;20;10;0;<FLG>
V6155020;V615502001;HIXnJ;1;"2019-10-07 00:00:00";"2019-10-07 05:40:00";16;688;20;10;0;<FLG>
V6155020;V615502001;HIXnJ;1;"2019-10-08 00:00:00";"2019-10-08 14:00:00";16;689;20;10;0;<FLG>
V6155020;V615502001;HIXnJ;1;"2019-10-09 00:00:00";"2019-10-09 03:25:00";16;686;20;10;0;<FLG>
V6155020;V615502001;HIXnJ;1;"2019-10-10 00:00:00";"2019-10-10 03:40:00";16;681;20;10;0;<FLG>
V6155020;V615502001;HIXnJ;1;"2019-10-11 00:00:00";"2019-10-11 12:20:00";16;681;20;10;0;<FLG>
V6155020;V615502001;HIXnJ;1;"2019-10-12 00:00:00";"2019-10-12 03:10:00";16;681;20;10;0;<FLG>
V6155020;V615502001;HIXnJ;1;"2019-10-13 00:00:00";"2019-10-13 04:45:00";16;678;20;10;0;<FLG>
V6155020;V615502001;HIXnJ;1;"2019-10-14 00:00:00";"2019-10-14 15:40:00";16;677;20;10;0;<FLG>
V6155020;V615502001;HIXnJ;1;"2019-10-15 00:00:00";"2019-10-15 21:50:00";16;693;20;10;0;<FLG>
V6155020;V615502001;HIXnJ;1;"2019-10-16 00:00:00";"2019-10-16 11:40:00";16;699;20;10;0;<FLG>
V6155020;V615502001;HIXnJ;1;"2019-10-17 00:00:00";"2019-10-17 14:00:00";16;696;20;10;0;<FLG>
V6155020;V615502001;HIXnJ;1;"2019-10-18 00:00:00";"2019-10-18 11:30:00";16;689;20;10;0;<FLG>
V6155020;V615502001;HIXnJ;1;"2019-10-19 00:00:00";"2019-10-19 01:20:00";16;688;20;10;0;<FLG>
V6155020;V615502001;HIXnJ;1;"2019-10-20 00:00:00";"2019-10-20 20:55:00";16;699;20;10;0;<FLG>
V6155020;V615502001;HIXnJ;1;"2019-10-21 00:00:00";"2019-10-21 23:59:59";16;811;20;10;0;<FLG>
V6155020;V615502001;HIXnJ;1;"2019-10-22 00:00:00";"2019-10-22 23:59:59";16;930;20;10;0;<FLG>
V6155020;V615502001;HIXnJ;1;"2019-10-23 00:00:00";"2019-10-23 23:59:59";16;1037;20;10;0;<FLG>
V6155020;V615502001;HIXnJ;1;"2019-10-24 00:00:00";"2019-10-24 23:59:59";16;1235;20;10;0;<FLG>
V6155020;V615502001;HIXnJ;1;"2019-10-25 00:00:00";"2019-10-25 15:00:00";16;1266;20;10;0;<FLG>
V6155020;V615502001;HIXnJ;1;"2019-10-26 00:00:00";"2019-10-26 00:00:00";16;1259;20;10;0;<FLG>
V6155020;V615502001;HIXnJ;1;"2019-10-27 00:00:00";"2019-10-27 00:00:00";16;1211;20;10;0;<FLG>
V6155020;V615502001;HIXnJ;1;"2019-10-28 00:00:00";"2019-10-28 00:00:00";16;1161;20;10;0;<FLG>
V6155020;V615502001;HIXnJ;1;"2019-10-29 00:00:00";"2019-10-29 00:00:00";16;1136;20;10;0;<FLG>
V6155020;V615502001;HIXnJ;1;"2019-10-30 00:00:00";"2019-10-30 00:35:00";16;1104;20;10;0;<FLG>
V6155020;V615502001;HIXnJ;1;"2019-10-31 00:00:00";"2019-10-31 00:00:00";16;1070;20;10;0;<FLG>
V6155020;V615502001;HIXnJ;1;"2019-11-01 00:00:00";"2019-11-01 01:25:00";16;1044;20;10;0;<FLG>
V6155020;V615502001;HIXnJ;1;"2019-11-02 00:00:00";"2019-11-02 00:00:00";16;1022;20;10;0;<FLG>
V6155020;V615502001;HIXnJ;1;"2019-11-03 00:00:00";"2019-11-03 23:30:00";16;1126;20;10;0;<FLG>
V6155020;V615502001;HIXnJ;1;"2019-11-04 00:00:00";"2019-11-04 23:10:00";16;1198;20;10;0;<FLG>
V6155020;V615502001;HIXnJ;1;"2019-11-05 00:00:00";"2019-11-05 23:10:00";16;1235;20;10;0;<FLG>
V6155020;V615502001;HIXnJ;1;"2019-11-06 00:00:00";"2019-11-06 12:15:00";16;1250;20;10;0;<FLG>
V6155020;V615502001;HIXnJ;1;"2019-11-07 00:00:00";"2019-11-07 00:45:00";16;1247;20;10;0;<FLG>
V6155020;V615502001;HIXnJ;1;"2019-11-08 00:00:00";"2019-11-08 00:05:00";16;1229;20;10;0;<FLG>
V6155020;V615502001;HIXnJ;1;"2019-11-09 00:00:00";"2019-11-09 00:00:00";16;1212;20;10;0;<FLG>
V6155020;V615502001;HIXnJ;1;"2019-11-10 00:00:00";"2019-11-10 00:00:00";16;1195;20;10;0;<FLG>
V6155020;V615502001;HIXnJ;1;"2019-11-11 00:00:00";"2019-11-11 00:00:00";16;1172;20;10;0;<FLG>
V6155020;V615502001;HIXnJ;1;"2019-11-12 00:00:00";"2019-11-12 00:00:00";16;1160;20;10;0;<FLG>
V6155020;V615502001;HIXnJ;1;"2019-11-13 00:00:00";"2019-11-13 02:15:00";16;1149;20;10;0;<FLG>
V6155020;V615502001;HIXnJ;1;"2019-11-14 00:00:00";"2019-11-14 23:59:59";16;1281;20;10;0;<FLG>
V6155020;V615502001;HIXnJ;1;"2019-11-15 00:00:00";"2019-11-15 23:59:59";16;1417;20;10;0;<FLG>
V6155020;V615502001;HIXnJ;1;"2019-11-16 00:00:00";"2019-11-16 15:05:00";16;1431;20;10;0;<FLG>
V6155020;V615502001;HIXnJ;1;"2019-11-17 00:00:00";"2019-11-17 00:05:00";16;1428;20;10;0;<FLG>
V6155020;V615502001;HIXnJ;1;"2019-11-18 00:00:00";"2019-11-18 01:15:00";16;1414;20;10;0;<FLG>
V6155020;V615502001;HIXnJ;1;"2019-11-19 00:00:00";"2019-11-19 00:45:00";16;1384;20;10;0;<FLG>
V6155020;V615502001;HIXnJ;1;"2019-11-20 00:00:00";"2019-11-20 00:50:00";16;1343;20;10;0;<FLG>
V6155020;V615502001;HIXnJ;1;"2019-11-21 00:00:00";"2019-11-21 23:59:59";16;1324;20;10;0;<FLG>
V6155020;V615502001;HIXnJ;1;"2019-11-22 00:00:00";"2019-11-22 23:40:00";16;1401;20;10;0;<FLG>
V6155020;V615502001;HIXnJ;1;"2019-11-23 00:00:00";"2019-11-23 23:59:59";16;1691;20;10;0;<FLG>
V6155020;V615502001;HIXnJ;1;"2019-11-24 00:00:00";"2019-11-24 23:30:00";16;1763;20;10;0;<FLG>
V6155020;V615502001;HIXnJ;1;"2019-11-25 00:00:00";"2019-11-25 19:40:00";16;1774;20;10;0;<FLG>
V6155020;V615502001;HIXnJ;1;"2019-11-26 00:00:00";"2019-11-26 08:35:00";16;1775;20;10;0;<FLG>
V6155020;V615502001;HIXnJ;1;"2019-11-27 00:00:00";"2019-11-27 00:30:00";16;1775;20;10;0;<FLG>
V6155020;V615502001;HIXnJ;1;"2019-11-28 00:00:00";"2019-11-28 02:05:00";16;1773;20;10;0;<FLG>
V6155020;V615502001;HIXnJ;1;"2019-11-29 00:00:00";"2019-11-29 00:50:00";16;1764;20;10;0;<FLG>
V6155020;V615502001;HIXnJ;1;"2019-11-30 00:00:00";"2019-11-30 00:00:00";16;1736;20;10;0;<FLG>
V6155020;V615502001;HIXnJ;1;"2019-12-01 00:00:00";"2019-12-01 23:30:00";16;1799;20;10;0;<FLG>
V6155020;V615502001;HIXnJ;1;"2019-12-02 00:00:00";"2019-12-02 23:59:59";16;1816;20;10;0;<FLG>
V6155020;V615502001;HIXnJ;1;"2019-12-03 00:00:00";"2019-12-03 17:15:00";16;1829;20;10;0;<FLG>
V6155020;V615502001;HIXnJ;1;"2019-12-04 00:00:00";"2019-12-04 02:50:00";16;1825;20;10;0;<FLG>
V6155020;V615502001;HIXnJ;1;"2019-12-05 00:00:00";"2019-12-05 00:05:00";16;1812;20;10;0;<FLG>
V6155020;V615502001;HIXnJ;1;"2019-12-06 00:00:00";"2019-12-06 02:30:00";16;1796;20;10;0;<FLG>
V6155020;V615502001;HIXnJ;1;"2019-12-07 00:00:00";"2019-12-07 00:00:00";16;1767;20;10;0;<FLG>
V6155020;V615502001;HIXnJ;1;"2019-12-08 00:00:00";"2019-12-08 00:20:00";16;1755;20;10;0;<FLG>
V6155020;V615502001;HIXnJ;1;"2019-12-09 00:00:00";"2019-12-09 00:25:00";16;1738;20;10;0;<FLG>
V6155020;V615502001;HIXnJ;1;"2019-12-10 00:00:00";"2019-12-10 10:30:00";16;1725;20;10;0;<FLG>
V6155020;V615502001;HIXnJ;1;"2019-12-11 00:00:00";"2019-12-11 00:55:00";16;1714;20;10;0;<FLG>
V6155020;V615502001;HIXnJ;1;"2019-12-12 00:00:00";"2019-12-12 00:00:00";16;1687;20;10;0;<FLG>
V6155020;V615502001;HIXnJ;1;"2019-12-13 00:00:00";"2019-12-13 01:55:00";16;1664;20;10;0;<FLG>
V6155020;V615502001;HIXnJ;1;"2019-12-14 00:00:00";"2019-12-14 03:55:00";16;1651;20;10;0;<FLG>
V6155020;V615502001;HIXnJ;1;"2019-12-15 00:00:00";"2019-12-15 03:20:00";16;1643;20;10;0;<FLG>
V6155020;V615502001;HIXnJ;1;"2019-12-16 00:00:00";"2019-12-16 00:05:00";16;1638;20;10;0;<FLG>
V6155020;V615502001;HIXnJ;1;"2019-12-17 00:00:00";"2019-12-17 00:40:00";16;1632;20;10;0;<FLG>
V6155020;V615502001;HIXnJ;1;"2019-12-18 00:00:00";"2019-12-18 00:40:00";16;1619;20;10;0;<FLG>
V6155020;V615502001;HIXnJ;1;"2019-12-19 00:00:00";"2019-12-19 07:20:00";16;1600;20;10;0;<FLG>
V6155020;V615502001;HIXnJ;1;"2019-12-20 00:00:00";"2019-12-20 23:59:59";16;1718;20;10;0;<FLG>
V6155020;V615502001;HIXnJ;1;"2019-12-21 00:00:00";"2019-12-21 23:55:00";16;1784;20;10;0;<FLG>
V6155020;V615502001;HIXnJ;1;"2019-12-22 00:00:00";"2019-12-22 19:45:00";16;1804;20;10;0;<FLG>
V6155020;V615502001;HIXnJ;1;"2019-12-23 00:00:00";"2019-12-23 02:35:00";16;1809;20;10;0;<FLG>
V6155020;V615502001;HIXnJ;1;"2019-12-24 00:00:00";"2019-12-24 03:40:00";16;1807;20;10;0;<FLG>
V6155020;V615502001;HIXnJ;1;"2019-12-25 00:00:00";"2019-12-25 00:15:00";16;1801;20;10;0;<FLG>
V6155020;V615502001;HIXnJ;1;"2019-12-26 00:00:00";"2019-12-26 00:05:00";16;1779;20;10;0;<FLG>
V6155020;V615502001;HIXnJ;1;"2019-12-27 00:00:00";"2019-12-27 01:05:00";16;1769;20;10;0;<FLG>
V6155020;V615502001;HIXnJ;1;"2019-12-28 00:00:00";"2019-12-28 00:25:00";16;1767;20;10;0;<FLG>
V6155020;V615502001;HIXnJ;1;"2019-12-29 00:00:00";"2019-12-29 00:40:00";16;1755;20;10;0;<FLG>
V6155020;V615502001;HIXnJ;1;"2019-12-30 00:00:00";"2019-12-30 00:05:00";16;1732;20;10;0;<FLG>
V6155020;V615502001;HIXnJ;1;"2019-12-31 00:00:00";"2019-12-31 00:05:00";16;1711;20;10;0;<FLG>
V6155020;V615502001;HIXnJ;1;"2020-01-01 00:00:00";"2020-01-01 00:35:00";16;1686;20;10;0;<FLG>
V6155020;V615502001;HIXnJ;1;"2020-01-02 00:00:00";"2020-01-02 02:20:00";16;1664;20;10;0;<FLG>
V6155020;V615502001;HIXnJ;1;"2020-01-03 00:00:00";"2020-01-03 00:00:00";16;1644;20;10;0;<FLG>
V6155020;V615502001;HIXnJ;1;"2020-01-04 00:00:00";"2020-01-04 01:15:00";16;1622;20;10;0;<FLG>
V6155020;V615502001;HIXnJ;1;"2020-01-05 00:00:00";"2020-01-05 01:00:00";16;1599;20;10;0;<FLG>
V6155020;V615502001;HIXnJ;1;"2020-01-06 00:00:00";"2020-01-06 02:15:00";16;1576;20;10;0;<FLG>
V6155020;V615502001;HIXnJ;1;"2020-01-07 00:00:00";"2020-01-07 00:50:00";16;1554;20;10;0;<FLG>
V6155020;V615502001;HIXnJ;1;"2020-01-08 00:00:00";"2020-01-08 00:00:00";16;1531;20;10;0;<FLG>
V6155020;V615502001;HIXnJ;1;"2020-01-09 00:00:00";"2020-01-09 00:00:00";16;1505;20;10;0;<FLG>
V6155020;V615502001;HIXnJ;1;"2020-01-10 00:00:00";"2020-01-10 00:00:00";16;1485;20;10;0;<FLG>
V6155020;V615502001;HIXnJ;1;"2020-01-11 00:00:00";"2020-01-11 00:00:00";16;1468;20;10;0;<FLG>
V6155020;V615502001;HIXnJ;1;"2020-01-12 00:00:00";"2020-01-12 00:00:00";16;1450;20;10;0;<FLG>
V6155020;V615502001;HIXnJ;1;"2020-01-13 00:00:00";"2020-01-13 00:00:00";16;1432;20;10;0;<FLG>
V6155020;V615502001;HIXnJ;1;"2020-01-14 00:00:00";"2020-01-14 00:00:00";16;1419;20;10;0;<FLG>
V6155020;V615502001;HIXnJ;1;"2020-01-15 00:00:00";"2020-01-15 00:00:00";16;1408;20;10;0;<FLG>
V6155020;V615502001;HIXnJ;1;"2020-01-16 00:00:00";"2020-01-16 00:00:00";16;1391;20;10;0;<FLG>
V6155020;V615502001;HIXnJ;1;"2020-01-17 00:00:00";"2020-01-17 00:00:00";16;1379;20;10;0;<FLG>
V6155020;V615502001;HIXnJ;1;"2020-01-18 00:00:00";"2020-01-18 15:25:00";16;1377;20;10;0;<FLG>
V6155020;V615502001;HIXnJ;1;"2020-01-19 00:00:00";"2020-01-19 07:45:00";16;1375;20;10;0;<FLG>
V6155020;V615502001;HIXnJ;1;"2020-01-20 00:00:00";"2020-01-20 03:35:00";16;1370;20;10;0;<FLG>
V6155020;V615502001;HIXnJ;1;"2020-01-21 00:00:00";"2020-01-21 00:00:00";16;1359;20;10;0;<FLG>
V6155020;V615502001;HIXnJ;1;"2020-01-22 00:00:00";"2020-01-22 00:00:00";16;1355;20;10;0;<FLG>
V6155020;V615502001;HIXnJ;1;"2020-01-23 00:00:00";"2020-01-23 08:35:00";16;1344;20;10;0;<FLG>
V6155020;V615502001;HIXnJ;1;"2020-01-24 00:00:00";"2020-01-24 06:40:00";16;1337;20;10;0;<FLG>
V6155020;V615502001;HIXnJ;1;"2020-01-25 00:00:00";"2020-01-25 00:00:00";16;1327;20;10;0;<FLG>
V6155020;V615502001;HIXnJ;1;"2020-01-26 00:00:00";"2020-01-26 00:00:00";16;1322;20;10;0;<FLG>
V6155020;V615502001;HIXnJ;1;"2020-01-27 00:00:00";"2020-01-27 06:55:00";16;1313;20;10;0;<FLG>
V6155020;V615502001;HIXnJ;1;"2020-01-28 00:00:00";"2020-01-28 00:00:00";16;1306;20;10;0;<FLG>
V6155020;V615502001;HIXnJ;1;"2020-01-29 00:00:00";"2020-01-29 00:00:00";16;1296;20;10;0;<FLG>
V6155020;V615502001;HIXnJ;1;"2020-01-30 00:00:00";"2020-01-30 00:00:00";16;1290;20;10;0;<FLG>
V6155020;V615502001;HIXnJ;1;"2020-01-31 00:00:00";"2020-01-31 00:00:00";16;1285;20;10;0;<FLG>
V6155020;V615502001;HIXnJ;1;"2020-02-01 00:00:00";"2020-02-01 00:50:00";16;1278;20;10;0;<FLG>
V6155020;V615502001;HIXnJ;1;"2020-02-02 00:00:00";"2020-02-02 01:25:00";16;1270;20;10;0;<FLG>
V6155020;V615502001;HIXnJ;1;"2020-02-03 00:00:00";"2020-02-03 00:20:00";16;1265;20;10;0;<FLG>
V6155020;V615502001;HIXnJ;1;"2020-02-04 00:00:00";"2020-02-04 01:00:00";16;1253;20;10;0;<FLG>
V6155020;V615502001;HIXnJ;1;"2020-02-05 00:00:00";"2020-02-05 02:30:00";16;1249;20;10;0;<FLG>
V6155020;V615502001;HIXnJ;1;"2020-02-06 00:00:00";"2020-02-06 00:15:00";16;1243;20;10;0;<FLG>
V6155020;V615502001;HIXnJ;1;"2020-02-07 00:00:00";"2020-02-07 01:20:00";16;1235;20;10;0;<FLG>
V6155020;V615502001;HIXnJ;1;"2020-02-08 00:00:00";"2020-02-08 03:45:00";16;1228;20;10;0;<FLG>
V6155020;V615502001;HIXnJ;1;"2020-02-09 00:00:00";"2020-02-09 00:20:00";16;1221;20;10;0;<FLG>
V6155020;V615502001;HIXnJ;1;"2020-02-10 00:00:00";"2020-02-10 00:00:00";16;1213;20;10;0;<FLG>
V6155020;V615502001;HIXnJ;1;"2020-02-11 00:00:00";"2020-02-11 00:25:00";16;1207;20;10;0;<FLG>
V6155020;V615502001;HIXnJ;1;"2020-02-12 00:00:00";"2020-02-12 03:15:00";16;1200;20;10;0;<FLG>
V6155020;V615502001;HIXnJ;1;"2020-02-13 00:00:00";"2020-02-13 03:10:00";16;1194;20;10;0;<FLG>
V6155020;V615502001;HIXnJ;1;"2020-02-14 00:00:00";"2020-02-14 00:00:00";16;1189;20;10;0;<FLG>
V6155020;V615502001;HIXnJ;1;"2020-02-15 00:00:00";"2020-02-15 01:15:00";16;1180;20;10;0;<FLG>
V6155020;V615502001;HIXnJ;1;"2020-02-16 00:00:00";"2020-02-16 01:55:00";16;1173;20;10;0;<FLG>
V6155020;V615502001;HIXnJ;1;"2020-02-17 00:00:00";"2020-02-17 01:00:00";16;1168;20;10;0;<FLG>
V6155020;V615502001;HIXnJ;1;"2020-02-18 00:00:00";"2020-02-18 01:35:00";16;1163;20;10;0;<FLG>
V6155020;V615502001;HIXnJ;1;"2020-02-19 00:00:00";"2020-02-19 01:30:00";16;1160;20;10;0;<FLG>
V6155020;V615502001;HIXnJ;1;"2020-02-20 00:00:00";"2020-02-20 00:15:00";16;1150;20;10;0;<FLG>
V6155020;V615502001;HIXnJ;1;"2020-02-21 00:00:00";"2020-02-21 00:35:00";16;1147;20;10;0;<FLG>
V6155020;V615502001;HIXnJ;1;"2020-02-22 00:00:00";"2020-02-22 00:20:00";16;1145;20;10;0;<FLG>
V6155020;V615502001;HIXnJ;1;"2020-02-23 00:00:00";"2020-02-23 00:45:00";16;1142;20;10;0;<FLG>
V6155020;V615502001;HIXnJ;1;"2020-02-24 00:00:00";"2020-02-24 00:55:00";16;1139;20;10;0;<FLG>
V6155020;V615502001;HIXnJ;1;"2020-02-25 00:00:00";"2020-02-25 00:55:00";16;1135;20;10;0;<FLG>
V6155020;V615502001;HIXnJ;1;"2020-02-26 00:00:00";"2020-02-26 02:00:00";16;1135;20;10;0;<FLG>
V6155020;V615502001;HIXnJ;1;"2020-02-27 00:00:00";"2020-02-27 04:05:00";16;1132;20;10;0;<FLG>
V6155020;V615502001;HIXnJ;1;"2020-02-28 00:00:00";"2020-02-28 02:05:00";16;1128;20;10;0;<FLG>
V6155020;V615502001;HIXnJ;1;"2020-02-29 00:00:00";"2020-02-29 00:20:00";16;1127;20;10;0;<FLG>
V6155020;V615502001;HIXnJ;1;"2020-03-01 00:00:00";"2020-03-01 01:10:00";16;1123;20;10;0;<FLG>
V6155020;V615502001;HIXnJ;1;"2020-03-02 00:00:00";"2020-03-02 23:59:59";16;1158;20;10;0;<FLG>
V6155020;V615502001;HIXnJ;1;"2020-03-03 00:00:00";"2020-03-03 22:20:00";16;1284;20;10;0;<FLG>
V6155020;V615502001;HIXnJ;1;"2020-03-04 00:00:00";"2020-03-04 22:55:00";16;1312;20;10;0;<FLG>
V6155020;V615502001;HIXnJ;1;"2020-03-05 00:00:00";"2020-03-05 11:30:00";16;1315;20;10;0;<FLG>
V6155020;V615502001;HIXnJ;1;"2020-03-06 00:00:00";"2020-03-06 22:20:00";16;1329;20;10;0;<FLG>
V6155020;V615502001;HIXnJ;1;"2020-03-07 00:00:00";"2020-03-07 23:05:00";16;1352;20;10;0;<FLG>
V6155020;V615502001;HIXnJ;1;"2020-03-08 00:00:00";"2020-03-08 04:55:00";16;1354;20;10;0;<FLG>
V6155020;V615502001;HIXnJ;1;"2020-03-09 00:00:00";"2020-03-09 01:40:00";16;1350;20;10;0;<FLG>
V6155020;V615502001;HIXnJ;1;"2020-03-10 00:00:00";"2020-03-10 00:00:00";16;1339;20;10;0;<FLG>
V6155020;V615502001;HIXnJ;1;"2020-03-11 00:00:00";"2020-03-11 00:00:00";16;1315;20;10;0;<FLG>
V6155020;V615502001;HIXnJ;1;"2020-03-12 00:00:00";"2020-03-12 00:10:00";16;1290;20;10;0;<FLG>
V6155020;V615502001;HIXnJ;1;"2020-03-13 00:00:00";"2020-03-13 01:25:00";16;1270;20;10;0;<FLG>
V6155020;V615502001;HIXnJ;1;"2020-03-14 00:00:00";"2020-03-14 00:35:00";16;1257;20;10;0;<FLG>
V6155020;V615502001;HIXnJ;1;"2020-03-15 00:00:00";"2020-03-15 02:15:00";16;1242;20;10;0;<FLG>
V6155020;V615502001;HIXnJ;1;"2020-03-16 00:00:00";"2020-03-16 00:15:00";16;1228;20;10;0;<FLG>
V6155020;V615502001;HIXnJ;1;"2020-03-17 00:00:00";"2020-03-17 01:00:00";16;1214;20;10;0;<FLG>
V6155020;V615502001;HIXnJ;1;"2020-03-18 00:00:00";"2020-03-18 03:45:00";16;1200;20;10;0;<FLG>
V6155020;V615502001;HIXnJ;1;"2020-03-19 00:00:00";"2020-03-19 01:00:00";16;1190;20;10;0;<FLG>
V6155020;V615502001;HIXnJ;1;"2020-03-20 00:00:00";"2020-03-20 02:35:00";16;1180;20;10;0;<FLG>
V6155020;V615502001;HIXnJ;1;"2020-03-21 00:00:00";"2020-03-21 00:00:00";16;1171;20;10;0;<FLG>
V6155020;V615502001;HIXnJ;1;"2020-03-22 00:00:00";"2020-03-22 02:10:00";16;1165;20;10;0;<FLG>
V6155020;V615502001;HIXnJ;1;"2020-03-23 00:00:00";"2020-03-23 00:20:00";16;1160;20;10;0;<FLG>
V6155020;V615502001;HIXnJ;1;"2020-03-24 00:00:00";"2020-03-24 01:35:00";16;1156;20;10;0;<FLG>
V6155020;V615502001;HIXnJ;1;"2020-03-25 00:00:00";"2020-03-25 00:40:00";16;1149;20;10;0;<FLG>
V6155020;V615502001;HIXnJ;1;"2020-03-26 00:00:00";"2020-03-26 05:35:00";16;1145;20;10;0;<FLG>
V6155020;V615502001;HIXnJ;1;"2020-03-27 00:00:00";"2020-03-27 00:35:00";16;1144;20;10;0;<FLG>
V6155020;V615502001;HIXnJ;1;"2020-03-28 00:00:00";"2020-03-28 00:25:00";16;1138;20;10;0;<FLG>
V6155020;V615502001;HIXnJ;1;"2020-03-29 00:00:00";"2020-03-29 02:50:00";16;1133;20;10;0;<FLG>
V6155020;V615502001;HIXnJ;1;"2020-03-30 00:00:00";"2020-03-30 00:05:00";16;1129;20;10;0;<FLG>
V6155020;V615502001;HIXnJ;1;"2020-03-31 00:00:00";"2020-03-31 01:15:00";16;1125;20;10;0;<FLG>
V6155020;V615502001;HIXnJ;1;"2020-04-01 00:00:00";"2020-04-01 02:50:00";16;1122;20;10;0;<FLG>
V6155020;V615502001;HIXnJ;1;"2020-04-02 00:00:00";"2020-04-02 00:40:00";16;1117;20;10;0;<FLG>
V6155020;V615502001;HIXnJ;1;"2020-04-03 00:00:00";"2020-04-03 02:40:00";16;1112;20;10;0;<FLG>
V6155020;V615502001;HIXnJ;1;"2020-04-04 00:00:00";"2020-04-04 06:40:00";16;1108;20;10;0;<FLG>
V6155020;V615502001;HIXnJ;1;"2020-04-05 00:00:00";"2020-04-05 02:45:00";16;1104;20;10;0;<FLG>
V6155020;V615502001;HIXnJ;1;"2020-04-06 00:00:00";"2020-04-06 01:05:00";16;1099;20;10;0;<FLG>
V6155020;V615502001;HIXnJ;1;"2020-04-07 00:00:00";"2020-04-07 02:00:00";16;1092;20;10;0;<FLG>
V6155020;V615502001;HIXnJ;1;"2020-04-08 00:00:00";"2020-04-08 00:20:00";16;1088;20;10;0;<FLG>
V6155020;V615502001;HIXnJ;1;"2020-04-09 00:00:00";"2020-04-09 01:20:00";16;1083;20;10;0;<FLG>
V6155020;V615502001;HIXnJ;1;"2020-04-10 00:00:00";"2020-04-10 01:15:00";16;1081;20;10;0;<FLG>
V6155020;V615502001;HIXnJ;1;"2020-04-11 00:00:00";"2020-04-11 03:25:00";16;1075;20;10;0;<FLG>
V6155020;V615502001;HIXnJ;1;"2020-04-12 00:00:00";"2020-04-12 00:10:00";16;1072;20;10;0;<FLG>
V6155020;V615502001;HIXnJ;1;"2020-04-13 00:00:00";"2020-04-13 01:15:00";16;1067;20;10;0;<FLG>
V6155020;V615502001;HIXnJ;1;"2020-04-14 00:00:00";"2020-04-14 01:25:00";16;1066;20;10;0;<FLG>
V6155020;V615502001;HIXnJ;1;"2020-04-15 00:00:00";"2020-04-15 00:05:00";16;1063;20;10;0;<FLG>
V6155020;V615502001;HIXnJ;1;"2020-04-16 00:00:00";"2020-04-16 01:25:00";16;1059;20;10;0;<FLG>
V6155020;V615502001;HIXnJ;1;"2020-04-17 00:00:00";"2020-04-17 01:45:00";16;1054;20;10;0;<FLG>
V6155020;V615502001;HIXnJ;1;"2020-04-18 00:00:00";"2020-04-18 02:30:00";16;1049;20;10;0;<FLG>
V6155020;V615502001;HIXnJ;1;"2020-04-19 00:00:00";"2020-04-19 01:25:00";16;1047;20;10;0;<FLG>
V6155020;V615502001;HIXnJ;1;"2020-04-20 00:00:00";"2020-04-20 00:35:00";16;1044;20;10;0;<FLG>
V6155020;V615502001;HIXnJ;1;"2020-04-21 00:00:00";"2020-04-21 02:05:00";16;1044;20;10;0;<FLG>
V6155020;V615502001;HIXnJ;1;"2020-04-22 00:00:00";"2020-04-22 01:05:00";16;1043;20;10;0;<FLG>
V6155020;V615502001;HIXnJ;1;"2020-04-23 00:00:00";"2020-04-23 00:00:00";16;1041;20;10;0;<FLG>
V6155020;V615502001;HIXnJ;1;"2020-04-24 00:00:00";"2020-04-24 00:30:00";16;1037;20;10;0;<FLG>
V6155020;V615502001;HIXnJ;1;"2020-04-25 00:00:00";"2020-04-25 18:55:00";16;1046;20;10;0;<FLG>
V6155020;V615502001;HIXnJ;1;"2020-04-26 00:00:00";"2020-04-26 05:50:00";16;1047;20;10;0;<FLG>
V6155020;V615502001;HIXnJ;1;"2020-04-27 00:00:00";"2020-04-27 21:05:00";16;1049;20;10;0;<FLG>
V6155020;V615502001;HIXnJ;1;"2020-04-28 00:00:00";"2020-04-28 22:40:00";16;1058;20;10;0;<FLG>
V6155020;V615502001;HIXnJ;1;"2020-04-29 00:00:00";"2020-04-29 23:00:00";16;1076;20;10;0;<FLG>
V6155020;V615502001;HIXnJ;1;"2020-04-30 00:00:00";"2020-04-30 23:00:00";16;1082;20;10;0;<FLG>
V6155020;V615502001;HIXnJ;1;"2020-05-01 00:00:00";"2020-05-01 17:00:00";16;1082;20;10;0;<FLG>
V6155020;V615502001;HIXnJ;1;"2020-05-02 00:00:00";"2020-05-02 11:15:00";16;1080;20;10;0;<FLG>
V6155020;V615502001;HIXnJ;1;"2020-05-03 00:00:00";"2020-05-03 01:25:00";16;1076;20;10;0;<FLG>
V6155020;V615502001;HIXnJ;1;"2020-05-04 00:00:00";"2020-05-04 01:40:00";16;1072;20;10;0;<FLG>
V6155020;V615502001;HIXnJ;1;"2020-05-05 00:00:00";"2020-05-05 01:45:00";16;1067;20;10;0;<FLG>
V6155020;V615502001;HIXnJ;1;"2020-05-06 00:00:00";"2020-05-06 00:05:00";16;1062;20;10;0;<FLG>
V6155020;V615502001;HIXnJ;1;"2020-05-07 00:00:00";"2020-05-07 00:40:00";16;1058;20;10;0;<FLG>
V6155020;V615502001;HIXnJ;1;"2020-05-08 00:00:00";"2020-05-08 01:55:00";16;1051;20;10;0;<FLG>
V6155020;V615502001;HIXnJ;1;"2020-05-09 00:00:00";"2020-05-09 01:45:00";16;1047;20;10;0;<FLG>
V6155020;V615502001;HIXnJ;1;"2020-05-10 00:00:00";"2020-05-10 01:55:00";16;1042;20;10;0;<FLG>
V6155020;V615502001;HIXnJ;1;"2020-05-11 00:00:00";"2020-05-11 23:59:59";16;1134;20;10;0;<FLG>
V6155020;V615502001;HIXnJ;1;"2020-05-12 00:00:00";"2020-05-12 23:59:59";16;1261;20;10;0;<FLG>
V6155020;V615502001;HIXnJ;1;"2020-05-13 00:00:00";"2020-05-13 20:10:00";16;1293;20;10;0;<FLG>
V6155020;V615502001;HIXnJ;1;"2020-05-14 00:00:00";"2020-05-14 03:15:00";16;1294;20;10;0;<FLG>
V6155020;V615502001;HIXnJ;1;"2020-05-15 00:00:00";"2020-05-15 00:30:00";16;1286;20;10;0;<FLG>
V6155020;V615502001;HIXnJ;1;"2020-05-16 00:00:00";"2020-05-16 00:15:00";16;1262;20;10;0;<FLG>
V6155020;V615502001;HIXnJ;1;"2020-05-17 00:00:00";"2020-05-17 23:59:59";16;1286;20;10;0;<FLG>
V6155020;V615502001;HIXnJ;1;"2020-05-18 00:00:00";"2020-05-18 23:59:59";16;1345;20;10;0;<FLG>
V6155020;V615502001;HIXnJ;1;"2020-05-19 00:00:00";"2020-05-19 16:10:00";16;1358;20;10;0;<FLG>
V6155020;V615502001;HIXnJ;1;"2020-05-20 00:00:00";"2020-05-20 00:10:00";16;1357;20;10;0;<FLG>
V6155020;V615502001;HIXnJ;1;"2020-05-21 00:00:00";"2020-05-21 00:05:00";16;1345;20;10;0;<FLG>
V6155020;V615502001;HIXnJ;1;"2020-05-22 00:00:00";"2020-05-22 00:05:00";16;1317;20;10;0;<FLG>
V6155020;V615502001;HIXnJ;1;"2020-05-23 00:00:00";"2020-05-23 00:30:00";16;1286;20;10;0;<FLG>
V6155020;V615502001;HIXnJ;1;"2020-05-24 00:00:00";"2020-05-24 00:30:00";16;1251;20;10;0;<FLG>
V6155020;V615502001;HIXnJ;1;"2020-05-25 00:00:00";"2020-05-25 00:15:00";16;1225;20;10;0;<FLG>
V6155020;V615502001;HIXnJ;1;"2020-05-26 00:00:00";"2020-05-26 00:30:00";16;1205;20;10;0;<FLG>
V6155020;V615502001;HIXnJ;1;"2020-05-27 00:00:00";"2020-05-27 00:35:00";16;1188;20;10;0;<FLG>
V6155020;V615502001;HIXnJ;1;"2020-05-28 00:00:00";"2020-05-28 01:00:00";16;1171;20;10;0;<FLG>
V6155020;V615502001;HIXnJ;1;"2020-05-29 00:00:00";"2020-05-29 00:00:00";16;1162;20;10;0;<FLG>
V6155020;V615502001;HIXnJ;1;"2020-05-30 00:00:00";"2020-05-30 00:00:00";16;1158;20;10;0;<FLG>
V6155020;V615502001;HIXnJ;1;"2020-05-31 00:00:00";"2020-05-31 00:05:00";16;1152;20;10;0;<FLG>
V6155020;V615502001;HIXnJ;1;"2020-06-01 00:00:00";"2020-06-01 05:55:00";16;1144;20;10;0;<FLG>
V6155020;V615502001;HIXnJ;1;"2020-06-02 00:00:00";"2020-06-02 00:00:00";16;1138;20;10;0;<FLG>
V6155020;V615502001;HIXnJ;1;"2020-06-03 00:00:00";"2020-06-03 02:10:00";16;1133;20;10;0;<FLG>
V6155020;V615502001;HIXnJ;1;"2020-06-04 00:00:00";"2020-06-04 01:50:00";16;1128;20;10;0;<FLG>
V6155020;V615502001;HIXnJ;1;"2020-06-05 00:00:00";"2020-06-05 16:10:00";16;1122;20;10;0;<FLG>
V6155020;V615502001;HIXnJ;1;"2020-06-06 00:00:00";"2020-06-06 00:00:00";16;1120;20;10;0;<FLG>
V6155020;V615502001;HIXnJ;1;"2020-06-07 00:00:00";"2020-06-07 02:55:00";16;1116;20;10;0;<FLG>
V6155020;V615502001;HIXnJ;1;"2020-06-08 00:00:00";"2020-06-08 00:00:00";16;1112;20;10;0;<FLG>
V6155020;V615502001;HIXnJ;1;"2020-06-09 00:00:00";"2020-06-09 09:00:00";16;1105;20;10;0;<FLG>
V6155020;V615502001;HIXnJ;1;"2020-06-10 00:00:00";"2020-06-10 02:50:00";16;1101;20;10;0;<FLG>
V6155020;V615502001;HIXnJ;1;"2020-06-11 00:00:00";"2020-06-11 00:10:00";16;1095;20;10;0;<FLG>
V6155020;V615502001;HIXnJ;1;"2020-06-12 00:00:00";"2020-06-12 00:45:00";16;1085;20;10;0;<FLG>
V6155020;V615502001;HIXnJ;1;"2020-06-13 00:00:00";"2020-06-13 11:40:00";16;1091;20;10;0;<FLG>
V6155020;V615502001;HIXnJ;1;"2020-06-14 00:00:00";"2020-06-14 23:30:00";16;1096;20;10;0;<FLG>
V6155020;V615502001;HIXnJ;1;"2020-06-15 00:00:00";"2020-06-15 09:45:00";16;1099;20;10;0;<FLG>
V6155020;V615502001;HIXnJ;1;"2020-06-16 00:00:00";"2020-06-16 01:50:00";16;1097;20;10;0;<FLG>
V6155020;V615502001;HIXnJ;1;"2020-06-17 00:00:00";"2020-06-17 02:15:00";16;1093;20;10;0;<FLG>
V6155020;V615502001;HIXnJ;1;"2020-06-18 00:00:00";"2020-06-18 02:40:00";16;1086;20;10;0;<FLG>
V6155020;V615502001;HIXnJ;1;"2020-06-19 00:00:00";"2020-06-19 04:15:00";16;1079;20;10;0;<FLG>
V6155020;V615502001;HIXnJ;1;"2020-06-20 00:00:00";"2020-06-20 07:35:00";16;1069;20;10;0;<FLG>
V6155020;V615502001;HIXnJ;1;"2020-06-21 00:00:00";"2020-06-21 00:00:00";16;1063;20;10;0;<FLG>
V6155020;V615502001;HIXnJ;1;"2020-06-22 00:00:00";"2020-06-22 01:35:00";16;1052;20;10;0;<FLG>
V6155020;V615502001;HIXnJ;1;"2020-06-23 00:00:00";"2020-06-23 01:50:00";16;1046;20;10;0;<FLG>
V6155020;V615502001;HIXnJ;1;"2020-06-24 00:00:00";"2020-06-24 00:10:00";16;1039;20;10;0;<FLG>
V6155020;V615502001;HIXnJ;1;"2020-06-25 00:00:00";"2020-06-25 00:00:00";16;1033;20;10;0;<FLG>
V6155020;V615502001;HIXnJ;1;"2020-06-26 00:00:00";"2020-06-26 01:25:00";16;1029;20;10;0;<FLG>
V6155020;V615502001;HIXnJ;1;"2020-06-27 00:00:00";"2020-06-27 00:00:00";16;1027;20;10;0;<FLG>
V6155020;V615502001;HIXnJ;1;"2020-06-28 00:00:00";"2020-06-28 01:35:00";16;1019;20;10;0;<FLG>
V6155020;V615502001;HIXnJ;1;"2020-06-29 00:00:00";"2020-06-29 01:35:00";16;1015;20;10;0;<FLG>
V6155020;V615502001;HIXnJ;1;"2020-06-30 00:00:00";"2020-06-30 01:10:00";16;1011;20;10;0;<FLG>
V6155020;V615502001;HIXnJ;1;"2020-07-01 00:00:00";"2020-07-01 00:00:00";16;1007;20;10;0;<FLG>
V6155020;V615502001;HIXnJ;1;"2020-07-02 00:00:00";"2020-07-02 05:15:00";16;1003;20;10;0;<FLG>
V6155020;V615502001;HIXnJ;1;"2020-07-03 00:00:00";"2020-07-03 00:50:00";16;1000;20;10;0;<FLG>
V6155020;V615502001;HIXnJ;1;"2020-07-04 00:00:00";"2020-07-04 02:50:00";16;995;20;10;0;<FLG>
V6155020;V615502001;HIXnJ;1;"2020-07-05 00:00:00";"2020-07-05 00:00:00";16;990;20;10;0;<FLG>
V6155020;V615502001;HIXnJ;1;"2020-07-06 00:00:00";"2020-07-06 05:10:00";16;986;20;10;0;<FLG>
V6155020;V615502001;HIXnJ;1;"2020-07-07 00:00:00";"2020-07-07 05:25:00";16;983;20;10;0;<FLG>
V6155020;V615502001;HIXnJ;1;"2020-07-08 00:00:00";"2020-07-08 06:00:00";16;979;20;10;0;<FLG>
V6155020;V615502001;HIXnJ;1;"2020-07-09 00:00:00";"2020-07-09 06:55:00";16;975;20;10;0;<FLG>
V6155020;V615502001;HIXnJ;1;"2020-07-10 00:00:00";"2020-07-10 15:55:00";16;970;20;10;0;<FLG>
V6155020;V615502001;HIXnJ;1;"2020-07-11 00:00:00";"2020-07-11 00:00:00";16;967;20;10;0;<FLG>
V6155020;V615502001;HIXnJ;1;"2020-07-12 00:00:00";"2020-07-12 04:25:00";16;963;20;10;0;<FLG>
V6155020;V615502001;HIXnJ;1;"2020-07-13 00:00:00";"2020-07-13 00:00:00";16;961;20;10;0;<FLG>
V6155020;V615502001;HIXnJ;1;"2020-07-14 00:00:00";"2020-07-14 01:45:00";16;956;20;10;0;<FLG>
V6155020;V615502001;HIXnJ;1;"2020-07-15 00:00:00";"2020-07-15 13:40:00";16;954;20;10;0;<FLG>
V6155020;V615502001;HIXnJ;1;"2020-07-16 00:00:00";"2020-07-16 17:00:00";16;951;20;10;0;<FLG>
V6155020;V615502001;HIXnJ;1;"2020-07-17 00:00:00";"2020-07-17 00:00:00";16;949;20;10;0;<FLG>
V6155020;V615502001;HIXnJ;1;"2020-07-18 00:00:00";"2020-07-18 00:00:00";16;945;20;10;0;<FLG>
V6155020;V615502001;HIXnJ;1;"2020-07-19 00:00:00";"2020-07-19 00:00:00";16;941;20;10;0;<FLG>
V6155020;V615502001;HIXnJ;1;"2020-07-20 00:00:00";"2020-07-20 00:00:00";16;937;20;10;0;<FLG>
V6155020;V615502001;HIXnJ;1;"2020-07-21 00:00:00";"2020-07-21 00:00:00";16;933;20;10;0;<FLG>
V6155020;V615502001;HIXnJ;1;"2020-07-22 00:00:00";"2020-07-22 11:25:00";16;932;20;10;0;<FLG>
V6155020;V615502001;HIXnJ;1;"2020-07-23 00:00:00";"2020-07-23 02:30:00";16;930;20;10;0;<FLG>
V6155020;V615502001;HIXnJ;1;"2020-07-24 00:00:00";"2020-07-24 00:35:00";16;929;20;10;0;<FLG>
V6155020;V615502001;HIXnJ;1;"2020-07-25 00:00:00";"2020-07-25 14:55:00";16;927;20;10;0;<FLG>
V6155020;V615502001;HIXnJ;1;"2020-07-26 00:00:00";"2020-07-26 01:15:00";16;924;20;10;0;<FLG>
V6155020;V615502001;HIXnJ;1;"2020-07-27 00:00:00";"2020-07-27 00:00:00";16;916;20;10;0;<FLG>
V6155020;V615502001;HIXnJ;1;"2020-07-28 00:00:00";"2020-07-28 05:35:00";16;914;20;10;0;<FLG>
V6155020;V615502001;HIXnJ;1;"2020-07-29 00:00:00";"2020-07-29 12:35:00";16;912;20;10;0;<FLG>
V6155020;V615502001;HIXnJ;1;"2020-07-30 00:00:00";"2020-07-30 01:55:00";16;910;20;10;0;<FLG>
V6155020;V615502001;HIXnJ;1;"2020-07-31 00:00:00";"2020-07-31 00:25:00";16;909;20;10;0;<FLG>
V6155020;V615502001;HIXnJ;1;"2020-08-01 00:00:00";"2020-08-01 00:01:00";16;906;20;10;0;<FLG>
V6155020;V615502001;HIXnJ;1;"2020-08-02 00:00:00";"2020-08-02 00:00:00";16;905;20;10;0;<FLG>
V6155020;V615502001;HIXnJ;1;"2020-08-03 00:00:00";"2020-08-03 00:00:00";16;904;20;10;0;<FLG>
V6155020;V615502001;HIXnJ;1;"2020-08-04 00:00:00";"2020-08-04 20:25:00";16;898;20;10;0;<FLG>
V6155020;V615502001;HIXnJ;1;"2020-08-05 00:00:00";"2020-08-05 00:00:00";16;897;20;10;0;<FLG>
V6155020;V615502001;HIXnJ;1;"2020-08-06 00:00:00";"2020-08-06 13:20:00";16;895;20;10;0;<FLG>
V6155020;V615502001;HIXnJ;1;"2020-08-07 00:00:00";"2020-08-07 11:45:00";16;895;20;10;0;<FLG>
V6155020;V615502001;HIXnJ;1;"2020-08-08 00:00:00";"2020-08-08 13:10:00";16;894;20;10;0;<FLG>
V6155020;V615502001;HIXnJ;1;"2020-08-09 00:00:00";"2020-08-09 14:33:00";16;894;20;10;0;<FLG>
V6155020;V615502001;HIXnJ;1;"2020-08-10 00:00:00";"2020-08-10 08:02:00";16;892;20;10;0;<FLG>
V6155020;V615502001;HIXnJ;1;"2020-08-11 00:00:00";"2020-08-11 17:10:00";16;885;20;10;0;<FLG>
V6155020;V615502001;HIXnJ;1;"2020-08-12 00:00:00";"2020-08-12 11:15:00";16;885;20;10;0;<FLG>
V6155020;V615502001;HIXnJ;1;"2020-08-13 00:00:00";"2020-08-13 05:52:00";16;884;20;10;0;<FLG>
V6155020;V615502001;HIXnJ;1;"2020-08-14 00:00:00";"2020-08-14 14:42:00";16;880;20;10;0;<FLG>
V6155020;V615502001;HIXnJ;1;"2020-08-15 00:00:00";"2020-08-15 14:53:00";16;880;20;10;0;<FLG>
V6155020;V615502001;HIXnJ;1;"2020-08-16 00:00:00";"2020-08-16 01:42:00";16;877;20;10;0;<FLG>
V6155020;V615502001;HIXnJ;1;"2020-08-17 00:00:00";"2020-08-17 05:28:00";16;878;20;10;0;<FLG>
V6155020;V615502001;HIXnJ;1;"2020-08-18 00:00:00";"2020-08-18 16:35:00";16;877;20;10;0;<FLG>
V6155020;V615502001;HIXnJ;1;"2020-08-19 00:00:00";"2020-08-19 04:45:00";16;877;20;10;0;<FLG>
V6155020;V615502001;HIXnJ;1;"2020-08-20 00:00:00";"2020-08-20 17:15:00";16;870;20;10;0;<FLG>
V6155020;V615502001;HIXnJ;1;"2020-08-21 00:00:00";"2020-08-21 08:22:00";16;868;20;10;0;<FLG>
V6155020;V615502001;HIXnJ;1;"2020-08-22 00:00:00";"2020-08-22 06:35:00";16;868;20;10;0;<FLG>
V6155020;V615502001;HIXnJ;1;"2020-08-23 00:00:00";"2020-08-23 12:48:00";16;864;20;10;0;<FLG>
V6155020;V615502001;HIXnJ;1;"2020-08-24 00:00:00";"2020-08-24 13:28:00";16;867;20;10;0;<FLG>
V6155020;V615502001;HIXnJ;1;"2020-08-25 00:00:00";"2020-08-25 00:00:00";16;865;20;10;0;<FLG>
V6155020;V615502001;HIXnJ;1;"2020-08-26 00:00:00";"2020-08-26 12:35:00";16;857;20;10;0;<FLG>
V6155020;V615502001;HIXnJ;1;"2020-08-27 00:00:00";"2020-08-27 00:00:00";16;857;20;10;0;<FLG>
V6155020;V615502001;HIXnJ;1;"2020-08-28 00:00:00";"2020-08-28 23:59:59";16;858;20;10;0;<FLG>
V6155020;V615502001;HIXnJ;1;"2020-08-29 00:00:00";"2020-08-29 07:35:00";16;860;20;10;0;<FLG>
V6155020;V615502001;HIXnJ;1;"2020-08-30 00:00:00";"2020-08-30 08:02:00";16;858;20;10;0;<FLG>
V6155020;V615502001;HIXnJ;1;"2020-08-31 00:00:00";"2020-08-31 00:00:00";16;849;20;10;0;<FLG>
V6155020;V615502001;HIXnJ;1;"2020-09-01 00:00:00";"2020-09-01 23:59:59";16;849;20;10;0;<FLG>
V6155020;V615502001;HIXnJ;1;"2020-09-02 00:00:00";"2020-09-02 01:15:00";16;850;20;10;0;<FLG>
V6155020;V615502001;HIXnJ;1;"2020-09-03 00:00:00";"2020-09-03 15:15:00";16;847;20;10;0;<FLG>
V6155020;V615502001;HIXnJ;1;"2020-09-04 00:00:00";"2020-09-04 12:50:00";16;847;20;10;0;<FLG>
V6155020;V615502001;HIXnJ;1;"2020-09-05 00:00:00";"2020-09-05 12:50:00";16;848;20;10;0;<FLG>
V6155020;V615502001;HIXnJ;1;"2020-09-06 00:00:00";"2020-09-06 02:20:00";16;847;20;10;0;<FLG>
V6155020;V615502001;HIXnJ;1;"2020-09-07 00:00:00";"2020-09-07 11:20:00";16;849;20;10;0;<FLG>
V6155020;V615502001;HIXnJ;1;"2020-09-08 00:00:00";"2020-09-08 11:50:00";16;845;20;10;0;<FLG>
V6155020;V615502001;HIXnJ;1;"2020-09-09 00:00:00";"2020-09-09 11:45:00";16;845;20;10;0;<FLG>
V6155020;V615502001;HIXnJ;1;"2020-09-10 00:00:00";"2020-09-10 12:30:00";16;844;20;10;0;<FLG>
V6155020;V615502001;HIXnJ;1;"2020-09-11 00:00:00";"2020-09-11 00:55:00";16;844;20;10;0;<FLG>
V6155020;V615502001;HIXnJ;1;"2020-09-12 00:00:00";"2020-09-12 12:00:00";16;841;20;10;0;<FLG>
V6155020;V615502001;HIXnJ;1;"2020-09-13 00:00:00";"2020-09-13 03:05:00";16;837;20;10;0;<FLG>
V6155020;V615502001;HIXnJ;1;"2020-09-14 00:00:00";"2020-09-14 06:00:00";16;837;20;10;0;<FLG>
V6155020;V615502001;HIXnJ;1;"2020-09-15 00:00:00";"2020-09-15 12:00:00";16;834;20;10;0;<FLG>
V6155020;V615502001;HIXnJ;1;"2020-09-16 00:00:00";"2020-09-16 04:20:00";16;834;20;10;0;<FLG>
V6155020;V615502001;HIXnJ;1;"2020-09-17 00:00:00";"2020-09-17 04:00:00";16;832;20;10;0;<FLG>
V6155020;V615502001;HIXnJ;1;"2020-09-18 00:00:00";"2020-09-18 12:15:00";16;831;20;10;0;<FLG>
V6155020;V615502001;HIXnJ;1;"2020-09-19 00:00:00";"2020-09-19 22:50:00";16;836;20;10;0;<FLG>
V6155020;V615502001;HIXnJ;1;"2020-09-20 00:00:00";"2020-09-20 08:45:00";16;830;20;10;0;<FLG>
V6155020;V615502001;HIXnJ;1;"2020-09-21 00:00:00";"2020-09-21 11:20:00";16;836;20;10;0;<FLG>
V6155020;V615502001;HIXnJ;1;"2020-09-22 00:00:00";"2020-09-22 21:10:00";16;842;20;10;0;<FLG>
V6155020;V615502001;HIXnJ;1;"2020-09-23 00:00:00";"2020-09-23 12:50:00";16;846;20;10;0;<FLG>
V6155020;V615502001;HIXnJ;1;"2020-09-24 00:00:00";"2020-09-24 04:25:00";16;845;20;10;0;<FLG>
V6155020;V615502001;HIXnJ;1;"2020-09-25 00:00:00";"2020-09-25 17:40:00";16;849;20;10;0;<FLG>
V6155020;V615502001;HIXnJ;1;"2020-09-26 00:00:00";"2020-09-26 10:45:00";16;851;20;10;0;<FLG>
V6155020;V615502001;HIXnJ;1;"2020-09-27 00:00:00";"2020-09-27 00:15:00";16;850;20;10;0;<FLG>
V6155020;V615502001;HIXnJ;1;"2020-09-28 00:00:00";"2020-09-28 11:05:00";16;847;20;10;0;<FLG>
V6155020;V615502001;HIXnJ;1;"2020-09-29 00:00:00";"2020-09-29 11:00:00";16;842;20;10;0;<FLG>
V6155020;V615502001;HIXnJ;1;"2020-09-30 00:00:00";"2020-09-30 02:40:00";16;837;20;10;0;<FLG>
V6155020;V615502001;HIXnJ;1;"2020-10-01 00:00:00";"2020-10-01 16:10:00";16;834;20;10;0;<FLG>
V6155020;V615502001;HIXnJ;1;"2020-10-02 00:00:00";"2020-10-02 23:59:59";16;865;20;10;0;<FLG>
V6155020;V615502001;HIXnJ;1;"2020-10-03 00:00:00";"2020-10-03 23:59:59";16;921;20;10;0;<FLG>
V6155020;V615502001;HIXnJ;1;"2020-10-04 00:00:00";"2020-10-04 23:59:59";16;930;20;10;0;<FLG>
V6155020;V615502001;HIXnJ;1;"2020-10-05 00:00:00";"2020-10-05 08:10:00";16;933;20;10;0;<FLG>
V6155020;V615502001;HIXnJ;1;"2020-10-06 00:00:00";"2020-10-06 00:00:00";16;930;20;10;0;<FLG>
V6155020;V615502001;HIXnJ;1;"2020-10-07 00:00:00";"2020-10-07 03:15:00";16;923;20;10;0;<FLG>
V6155020;V615502001;HIXnJ;1;"2020-10-08 00:00:00";"2020-10-08 01:25:00";16;921;20;10;0;<FLG>
V6155020;V615502001;HIXnJ;1;"2020-10-09 00:00:00";"2020-10-09 00:00:00";16;916;20;10;0;<FLG>
V6155020;V615502001;HIXnJ;1;"2020-10-10 00:00:00";"2020-10-10 00:00:00";16;910;20;10;0;<FLG>
V6155020;V615502001;HIXnJ;1;"2020-10-11 00:00:00";"2020-10-11 00:00:00";16;904;20;10;0;<FLG>
V6155020;V615502001;HIXnJ;1;"2020-10-12 00:00:00";"2020-10-12 01:40:00";16;896;20;10;0;<FLG>
V6155020;V615502001;HIXnJ;1;"2020-10-13 00:00:00";"2020-10-13 06:20:00";16;889;20;10;0;<FLG>
V6155020;V615502001;HIXnJ;1;"2020-10-14 00:00:00";"2020-10-14 03:00:00";16;883;20;10;0;<FLG>
V6155020;V615502001;HIXnJ;1;"2020-10-15 00:00:00";"2020-10-15 04:15:00";16;877;20;10;0;<FLG>
V6155020;V615502001;HIXnJ;1;"2020-10-16 00:00:00";"2020-10-16 03:30:00";16;870;20;10;0;<FLG>
V6155020;V615502001;HIXnJ;1;"2020-10-17 00:00:00";"2020-10-17 02:25:00";16;862;20;10;0;<FLG>
V6155020;V615502001;HIXnJ;1;"2020-10-18 00:00:00";"2020-10-18 03:55:00";16;856;20;10;0;<FLG>
V6155020;V615502001;HIXnJ;1;"2020-10-19 00:00:00";"2020-10-19 11:45:00";16;849;20;10;0;<FLG>
V6155020;V615502001;HIXnJ;1;"2020-10-20 00:00:00";"2020-10-20 08:30:00";16;845;20;10;0;<FLG>
V6155020;V615502001;HIXnJ;1;"2020-10-21 00:00:00";"2020-10-21 03:55:00";16;840;20;10;0;<FLG>
V6155020;V615502001;HIXnJ;1;"2020-10-22 00:00:00";"2020-10-22 02:20:00";16;836;20;10;0;<FLG>
V6155020;V615502001;HIXnJ;1;"2020-10-23 00:00:00";"2020-10-23 23:59:59";16;857;20;10;0;<FLG>
V6155020;V615502001;HIXnJ;1;"2020-10-24 00:00:00";"2020-10-24 23:59:59";16;923;20;10;0;<FLG>
V6155020;V615502001;HIXnJ;1;"2020-10-25 00:00:00";"2020-10-25 15:30:00";16;931;20;10;0;<FLG>
V6155020;V615502001;HIXnJ;1;"2020-10-26 00:00:00";"2020-10-26 23:40:00";16;931;20;10;0;<FLG>
V6155020;V615502001;HIXnJ;1;"2020-10-27 00:00:00";"2020-10-27 16:00:00";16;944;20;10;0;<FLG>
V6155020;V615502001;HIXnJ;1;"2020-10-28 00:00:00";"2020-10-28 01:35:00";16;946;20;10;0;<FLG>
V6155020;V615502001;HIXnJ;1;"2020-10-29 00:00:00";"2020-10-29 06:05:00";16;938;20;10;0;<FLG>
V6155020;V615502001;HIXnJ;1;"2020-10-30 00:00:00";"2020-10-30 00:00:00";16;928;20;10;0;<FLG>
V6155020;V615502001;HIXnJ;1;"2020-10-31 00:00:00";"2020-10-31 00:00:00";16;917;20;10;0;<FLG>
V6155020;V615502001;HIXnJ;1;"2020-11-01 00:00:00";"2020-11-01 00:00:00";16;907;20;10;0;<FLG>
V6155020;V615502001;HIXnJ;1;"2020-11-02 00:00:00";"2020-11-02 00:00:00";16;897;20;10;0;<FLG>
V6155020;V615502001;HIXnJ;1;"2020-11-03 00:00:00";"2020-11-03 00:00:00";16;891;20;10;0;<FLG>
V6155020;V615502001;HIXnJ;1;"2020-11-04 00:00:00";"2020-11-04 00:00:00";16;881;20;10;0;<FLG>
V6155020;V615502001;HIXnJ;1;"2020-11-05 00:00:00";"2020-11-05 00:00:00";16;875;20;10;0;<FLG>
V6155020;V615502001;HIXnJ;1;"2020-11-06 00:00:00";"2020-11-06 00:00:00";16;867;20;10;0;<FLG>
V6155020;V615502001;HIXnJ;1;"2020-11-07 00:00:00";"2020-11-07 00:00:00";16;858;20;10;0;<FLG>
V6155020;V615502001;HIXnJ;1;"2020-11-08 00:00:00";"2020-11-08 23:59:59";16;874;20;10;0;<FLG>
V6155020;V615502001;HIXnJ;1;"2020-11-09 00:00:00";"2020-11-09 23:59:59";16;908;20;10;0;<FLG>
V6155020;V615502001;HIXnJ;1;"2020-11-10 00:00:00";"2020-11-10 13:55:00";16;911;20;10;0;<FLG>
V6155020;V615502001;HIXnJ;1;"2020-11-11 00:00:00";"2020-11-11 00:00:00";16;909;20;10;0;<FLG>
V6155020;V615502001;HIXnJ;1;"2020-11-12 00:00:00";"2020-11-12 00:00:00";16;903;20;10;0;<FLG>
V6155020;V615502001;HIXnJ;1;"2020-11-13 00:00:00";"2020-11-13 00:00:00";16;897;20;10;0;<FLG>
V6155020;V615502001;HIXnJ;1;"2020-11-14 00:00:00";"2020-11-14 00:00:00";16;889;20;10;0;<FLG>
V6155020;V615502001;HIXnJ;1;"2020-11-15 00:00:00";"2020-11-15 00:00:00";16;884;20;10;0;<FLG>
V6155020;V615502001;HIXnJ;1;"2020-11-16 00:00:00";"2020-11-16 23:59:59";16;880;20;10;0;<FLG>
V6155020;V615502001;HIXnJ;1;"2020-11-17 00:00:00";"2020-11-17 23:59:59";16;885;20;10;0;<FLG>
V6155020;V615502001;HIXnJ;1;"2020-11-18 00:00:00";"2020-11-18 21:25:00";16;889;20;10;0;<FLG>
V6155020;V615502001;HIXnJ;1;"2020-11-19 00:00:00";"2020-11-19 00:00:00";16;889;20;10;0;<FLG>
V6155020;V615502001;HIXnJ;1;"2020-11-20 00:00:00";"2020-11-20 00:00:00";16;887;20;10;0;<FLG>
V6155020;V615502001;HIXnJ;1;"2020-11-21 00:00:00";"2020-11-21 00:00:00";16;883;20;10;0;<FLG>
V6155020;V615502001;HIXnJ;1;"2020-11-22 00:00:00";"2020-11-22 00:00:00";16;879;20;10;0;<FLG>
V6155020;V615502001;HIXnJ;1;"2020-11-23 00:00:00";"2020-11-23 00:00:00";16;874;20;10;0;<FLG>
V6155020;V615502001;HIXnJ;1;"2020-11-24 00:00:00";"2020-11-24 00:00:00";16;869;20;10;0;<FLG>
V6155020;V615502001;HIXnJ;1;"2020-11-25 00:00:00";"2020-11-25 00:00:00";16;865;20;10;0;<FLG>
V6155020;V615502001;HIXnJ;1;"2020-11-26 00:00:00";"2020-11-26 00:00:00";16;860;20;10;0;<FLG>
V6155020;V615502001;HIXnJ;1;"2020-11-27 00:00:00";"2020-11-27 00:00:00";16;855;20;10;0;<FLG>
V6155020;V615502001;HIXnJ;1;"2020-11-28 00:00:00";"2020-11-28 00:00:00";16;844;20;10;0;<FLG>
V6155020;V615502001;HIXnJ;1;"2020-11-29 00:00:00";"2020-11-29 00:00:00";16;841;20;10;0;<FLG>
V6155020;V615502001;HIXnJ;1;"2020-11-30 00:00:00";"2020-11-30 00:00:00";16;836;20;10;0;<FLG>
V6155020;V615502001;HIXnJ;1;"2020-12-01 00:00:00";"2020-12-01 00:01:00";16;833;20;10;0;<FLG>
V6155020;V615502001;HIXnJ;1;"2020-12-02 00:00:00";"2020-12-02 00:00:00";16;831;20;10;0;<FLG>
V6155020;V615502001;HIXnJ;1;"2020-12-03 00:00:00";"2020-12-03 00:00:00";16;830;20;10;0;<FLG>
V6155020;V615502001;HIXnJ;1;"2020-12-04 00:00:00";"2020-12-04 00:00:00";16;828;20;10;0;<FLG>
V6155020;V615502001;HIXnJ;1;"2020-12-05 00:00:00";"2020-12-05 13:42:00";16;828;20;10;0;<FLG>
V6155020;V615502001;HIXnJ;1;"2020-12-06 00:00:00";"2020-12-06 20:40:00";16;828;20;10;0;<FLG>
V6155020;V615502001;HIXnJ;1;"2020-12-07 00:00:00";"2020-12-07 00:00:00";16;827;20;10;0;<FLG>
V6155020;V615502001;HIXnJ;1;"2020-12-08 00:00:00";"2020-12-08 00:00:00";16;825;20;10;0;<FLG>
V6155020;V615502001;HIXnJ;1;"2020-12-09 00:00:00";"2020-12-09 00:00:00";16;823;20;10;0;<FLG>
V6155020;V615502001;HIXnJ;1;"2020-12-10 00:00:00";"2020-12-10 00:00:00";16;821;20;10;0;<FLG>
V6155020;V615502001;HIXnJ;1;"2020-12-11 00:00:00";"2020-12-11 14:46:00";16;819;20;10;0;<FLG>
V6155020;V615502001;HIXnJ;1;"2020-12-12 00:00:00";"2020-12-12 23:59:59";16;842;20;10;0;<FLG>
V6155020;V615502001;HIXnJ;1;"2020-12-13 00:00:00";"2020-12-13 23:59:59";16;879;20;10;0;<FLG>
V6155020;V615502001;HIXnJ;1;"2020-12-14 00:00:00";"2020-12-14 23:59:59";16;886;20;10;0;<FLG>
V6155020;V615502001;HIXnJ;1;"2020-12-15 00:00:00";"2020-12-15 23:59:59";16;890;20;10;0;<FLG>
V6155020;V615502001;HIXnJ;1;"2020-12-16 00:00:00";"2020-12-16 23:59:59";16;944;20;10;0;<FLG>
V6155020;V615502001;HIXnJ;1;"2020-12-17 00:00:00";"2020-12-17 23:59:59";16;976;20;10;0;<FLG>
V6155020;V615502001;HIXnJ;1;"2020-12-18 00:00:00";"2020-12-18 21:47:00";16;984;20;10;0;<FLG>
V6155020;V615502001;HIXnJ;1;"2020-12-19 00:00:00";"2020-12-19 17:23:00";16;986;20;10;0;<FLG>
V6155020;V615502001;HIXnJ;1;"2020-12-20 00:00:00";"2020-12-20 00:00:00";16;984;20;10;0;<FLG>
V6155020;V615502001;HIXnJ;1;"2020-12-21 00:00:00";"2020-12-21 23:59:59";16;1015;20;10;0;<FLG>
V6155020;V615502001;HIXnJ;1;"2020-12-22 00:00:00";"2020-12-22 19:35:00";16;1031;20;10;0;<FLG>
V6155020;V615502001;HIXnJ;1;"2020-12-23 00:00:00";"2020-12-23 00:00:00";16;1030;20;10;0;<FLG>
V6155020;V615502001;HIXnJ;1;"2020-12-24 00:00:00";"2020-12-24 00:00:00";16;1023;20;10;0;<FLG>
V6155020;V615502001;HIXnJ;1;"2020-12-25 00:00:00";"2020-12-25 00:00:00";16;1015;20;10;0;<FLG>
V6155020;V615502001;HIXnJ;1;"2020-12-26 00:00:00";"2020-12-26 00:00:00";16;1013;20;10;0;<FLG>
V6155020;V615502001;HIXnJ;1;"2020-12-27 00:00:00";"2020-12-27 00:00:00";16;1008;20;10;0;<FLG>
V6155020;V615502001;HIXnJ;1;"2020-12-28 00:00:00";"2020-12-28 00:00:00";16;1000;20;10;0;<FLG>
V6155020;V615502001;HIXnJ;1;"2020-12-29 00:00:00";"2020-12-29 00:00:00";16;993;20;10;0;<FLG>
V6155020;V615502001;HIXnJ;1;"2020-12-30 00:00:00";"2020-12-30 00:00:00";16;985;20;10;0;<FLG>
V6155020;V615502001;HIXnJ;1;"2020-12-31 00:00:00";"2020-12-31 04:55:00";16;976;20;10;0;<FLG>
V6155020;V615502001;HIXnJ;1;"2021-01-01 00:00:00";"2021-01-01 13:50:00";16;973;20;10;0;<FLG>
V6155020;V615502001;HIXnJ;1;"2021-01-02 00:00:00";"2021-01-02 23:59:59";16;977;20;10;0;<FLG>
V6155020;V615502001;HIXnJ;1;"2021-01-03 00:00:00";"2021-01-03 08:00:00";16;979;20;10;0;<FLG>
V6155020;V615502001;HIXnJ;1;"2021-01-04 00:00:00";"2021-01-04 00:00:00";16;977;20;10;0;<FLG>
V6155020;V615502001;HIXnJ;1;"2021-01-05 00:00:00";"2021-01-05 00:00:00";16;972;20;10;0;<FLG>
V6155020;V615502001;HIXnJ;1;"2021-01-06 00:00:00";"2021-01-06 00:00:00";16;965;20;10;0;<FLG>
V6155020;V615502001;HIXnJ;1;"2021-01-07 00:00:00";"2021-01-07 00:00:00";16;958;20;10;0;<FLG>
V6155020;V615502001;HIXnJ;1;"2021-01-08 00:00:00";"2021-01-08 00:00:00";16;952;20;10;0;<FLG>
V6155020;V615502001;HIXnJ;1;"2021-01-09 00:00:00";"2021-01-09 00:00:00";16;945;20;10;0;<FLG>
V6155020;V615502001;HIXnJ;1;"2021-01-10 00:00:00";"2021-01-10 00:00:00";16;938;20;10;0;<FLG>
V6155020;V615502001;HIXnJ;1;"2021-01-11 00:00:00";"2021-01-11 00:00:00";16;931;20;10;0;<FLG>
V6155020;V615502001;HIXnJ;1;"2021-01-12 00:00:00";"2021-01-12 00:00:00";16;924;20;10;0;<FLG>
V6155020;V615502001;HIXnJ;1;"2021-01-13 00:00:00";"2021-01-13 00:00:00";16;918;20;10;0;<FLG>
V6155020;V615502001;HIXnJ;1;"2021-01-14 00:00:00";"2021-01-14 23:59:59";16;916;20;10;0;<FLG>
V6155020;V615502001;HIXnJ;1;"2021-01-15 00:00:00";"2021-01-15 23:59:59";16;924;20;10;0;<FLG>
V6155020;V615502001;HIXnJ;1;"2021-01-16 00:00:00";"2021-01-16 23:59:59";16;930;20;10;0;<FLG>
V6155020;V615502001;HIXnJ;1;"2021-01-17 00:00:00";"2021-01-17 18:50:00";16;932;20;10;0;<FLG>
V6155020;V615502001;HIXnJ;1;"2021-01-18 00:00:00";"2021-01-18 00:00:00";16;931;20;10;0;<FLG>
V6155020;V615502001;HIXnJ;1;"2021-01-19 00:00:00";"2021-01-19 00:00:00";16;928;20;10;0;<FLG>
V6155020;V615502001;HIXnJ;1;"2021-01-20 00:00:00";"2021-01-20 00:00:00";16;926;20;10;0;<FLG>
V6155020;V615502001;HIXnJ;1;"2021-01-21 00:00:00";"2021-01-21 23:59:59";16;958;20;10;0;<FLG>
V6155020;V615502001;HIXnJ;1;"2021-01-22 00:00:00";"2021-01-22 23:59:59";16;1014;20;10;0;<FLG>
V6155020;V615502001;HIXnJ;1;"2021-01-23 00:00:00";"2021-01-23 23:59:59";16;1112;20;10;0;<FLG>
V6155020;V615502001;HIXnJ;1;"2021-01-24 00:00:00";"2021-01-24 17:25:00";16;1136;20;10;0;<FLG>
V6155020;V615502001;HIXnJ;1;"2021-01-25 00:00:00";"2021-01-25 11:40:00";16;1140;20;10;0;<FLG>
V6155020;V615502001;HIXnJ;1;"2021-01-26 00:00:00";"2021-01-26 00:00:00";16;1137;20;10;0;<FLG>
V6155020;V615502001;HIXnJ;1;"2021-01-27 00:00:00";"2021-01-27 00:00:00";16;1127;20;10;0;<FLG>
V6155020;V615502001;HIXnJ;1;"2021-01-28 00:00:00";"2021-01-28 00:00:00";16;1113;20;10;0;<FLG>
V6155020;V615502001;HIXnJ;1;"2021-01-29 00:00:00";"2021-01-29 00:00:00";16;1098;20;10;0;<FLG>
V6155020;V615502001;HIXnJ;1;"2021-01-30 00:00:00";"2021-01-30 23:59:59";16;1103;20;10;0;<FLG>
V6155020;V615502001;HIXnJ;1;"2021-01-31 00:00:00";"2021-01-31 23:59:59";16;1113;20;10;0;<FLG>
V6155020;V615502001;HIXnJ;1;"2021-02-01 00:00:00";"2021-02-01 23:59:59";16;1124;20;10;0;<FLG>
V6155020;V615502001;HIXnJ;1;"2021-02-02 00:00:00";"2021-02-02 23:59:59";16;1143;20;10;0;<FLG>
V6155020;V615502001;HIXnJ;1;"2021-02-03 00:00:00";"2021-02-03 23:59:59";16;1156;20;10;0;<FLG>
V6155020;V615502001;HIXnJ;1;"2021-02-04 00:00:00";"2021-02-04 00:20:00";16;1156;20;10;0;<FLG>
V6155020;V615502001;HIXnJ;1;"2021-02-05 00:00:00";"2021-02-05 00:00:00";16;1154;20;10;0;<FLG>
V6155020;V615502001;HIXnJ;1;"2021-02-06 00:00:00";"2021-02-06 00:00:00";16;1152;20;10;0;<FLG>
V6155020;V615502001;HIXnJ;1;"2021-02-07 00:00:00";"2021-02-07 00:00:00";16;1142;20;10;0;<FLG>
V6155020;V615502001;HIXnJ;1;"2021-02-08 00:00:00";"2021-02-08 23:59:59";16;1141;20;10;0;<FLG>
V6155020;V615502001;HIXnJ;1;"2021-02-09 00:00:00";"2021-02-09 03:45:00";16;1142;20;10;0;<FLG>
V6155020;V615502001;HIXnJ;1;"2021-02-10 00:00:00";"2021-02-10 23:59:59";16;1150;20;10;0;<FLG>
V6155020;V615502001;HIXnJ;1;"2021-02-11 00:00:00";"2021-02-11 23:59:59";16;1165;20;10;0;<FLG>
V6155020;V615502001;HIXnJ;1;"2021-02-12 00:00:00";"2021-02-12 23:59:59";16;1170;20;10;0;<FLG>
V6155020;V615502001;HIXnJ;1;"2021-02-13 00:00:00";"2021-02-13 07:15:00";16;1171;20;10;0;<FLG>
V6155020;V615502001;HIXnJ;1;"2021-02-14 00:00:00";"2021-02-14 00:00:00";16;1167;20;10;0;<FLG>
V6155020;V615502001;HIXnJ;1;"2021-02-15 00:00:00";"2021-02-15 00:00:00";16;1161;20;10;0;<FLG>
V6155020;V615502001;HIXnJ;1;"2021-02-16 00:00:00";"2021-02-16 00:00:00";16;1151;20;10;0;<FLG>
V6155020;V615502001;HIXnJ;1;"2021-02-17 00:00:00";"2021-02-17 00:00:00";16;1141;20;10;0;<FLG>
V6155020;V615502001;HIXnJ;1;"2021-02-18 00:00:00";"2021-02-18 00:00:00";16;1135;20;10;0;<FLG>
V6155020;V615502001;HIXnJ;1;"2021-02-19 00:00:00";"2021-02-19 00:00:00";16;1129;20;10;0;<FLG>
V6155020;V615502001;HIXnJ;1;"2021-02-20 00:00:00";"2021-02-20 00:00:00";16;1120;20;10;0;<FLG>
V6155020;V615502001;HIXnJ;1;"2021-02-21 00:00:00";"2021-02-21 00:00:00";16;1112;20;10;0;<FLG>
V6155020;V615502001;HIXnJ;1;"2021-02-22 00:00:00";"2021-02-22 00:00:00";16;1103;20;10;0;<FLG>
V6155020;V615502001;HIXnJ;1;"2021-02-23 00:00:00";"2021-02-23 00:00:00";16;1094;20;10;0;<FLG>
V6155020;V615502001;HIXnJ;1;"2021-02-24 00:00:00";"2021-02-24 00:00:00";16;1087;20;10;0;<FLG>
V6155020;V615502001;HIXnJ;1;"2021-02-25 00:00:00";"2021-02-25 00:00:00";16;1082;20;10;0;<FLG>
V6155020;V615502001;HIXnJ;1;"2021-02-26 00:00:00";"2021-02-26 00:00:00";16;1077;20;10;0;<FLG>
V6155020;V615502001;HIXnJ;1;"2021-02-27 00:00:00";"2021-02-27 00:00:00";16;1073;20;10;0;<FLG>
V6155020;V615502001;HIXnJ;1;"2021-02-28 00:00:00";"2021-02-28 00:00:00";16;1068;20;10;0;<FLG>
V6155020;V615502001;HIXnJ;1;"2021-03-01 00:00:00";"2021-03-01 00:00:00";16;1060;20;10;0;<FLG>
V6155020;V615502001;HIXnJ;1;"2021-03-02 00:00:00";"2021-03-02 00:00:00";16;1052;20;10;0;<FLG>
V6155020;V615502001;HIXnJ;1;"2021-03-03 00:00:00";"2021-03-03 00:00:00";16;1044;20;10;0;<FLG>
V6155020;V615502001;HIXnJ;1;"2021-03-04 00:00:00";"2021-03-04 00:00:00";16;1037;20;10;0;<FLG>
V6155020;V615502001;HIXnJ;1;"2021-03-05 00:00:00";"2021-03-05 00:00:00";16;1029;20;10;0;<FLG>
V6155020;V615502001;HIXnJ;1;"2021-03-06 00:00:00";"2021-03-06 00:00:00";16;1023;20;10;0;<FLG>
V6155020;V615502001;HIXnJ;1;"2021-03-07 00:00:00";"2021-03-07 00:00:00";16;1017;20;10;0;<FLG>
V6155020;V615502001;HIXnJ;1;"2021-03-08 00:00:00";"2021-03-08 00:00:00";16;1012;20;10;0;<FLG>
V6155020;V615502001;HIXnJ;1;"2021-03-09 00:00:00";"2021-03-09 00:00:00";16;1008;20;10;0;<FLG>
V6155020;V615502001;HIXnJ;1;"2021-03-10 00:00:00";"2021-03-10 00:00:00";16;1005;20;10;0;<FLG>
V6155020;V615502001;HIXnJ;1;"2021-03-11 00:00:00";"2021-03-11 00:00:00";16;997;20;10;0;<FLG>
V6155020;V615502001;HIXnJ;1;"2021-03-12 00:00:00";"2021-03-12 00:00:00";16;990;20;10;0;<FLG>
V6155020;V615502001;HIXnJ;1;"2021-03-13 00:00:00";"2021-03-13 00:00:00";16;984;20;10;0;<FLG>
V6155020;V615502001;HIXnJ;1;"2021-03-14 00:00:00";"2021-03-14 00:00:00";16;979;20;10;0;<FLG>
V6155020;V615502001;HIXnJ;1;"2021-03-15 00:00:00";"2021-03-15 00:00:00";16;973;20;10;0;<FLG>
V6155020;V615502001;HIXnJ;1;"2021-03-16 00:00:00";"2021-03-16 00:00:00";16;968;20;10;0;<FLG>
V6155020;V615502001;HIXnJ;1;"2021-03-17 00:00:00";"2021-03-17 00:00:00";16;963;20;10;0;<FLG>
V6155020;V615502001;HIXnJ;1;"2021-03-18 00:00:00";"2021-03-18 00:00:00";16;959;20;10;0;<FLG>
V6155020;V615502001;HIXnJ;1;"2021-03-19 00:00:00";"2021-03-19 00:00:00";16;955;20;10;0;<FLG>
V6155020;V615502001;HIXnJ;1;"2021-03-20 00:00:00";"2021-03-20 00:00:00";16;951;20;10;0;<FLG>
V6155020;V615502001;HIXnJ;1;"2021-03-21 00:00:00";"2021-03-21 00:00:00";16;946;20;10;0;<FLG>
V6155020;V615502001;HIXnJ;1;"2021-03-22 00:00:00";"2021-03-22 00:00:00";16;940;20;10;0;<FLG>
V6155020;V615502001;HIXnJ;1;"2021-03-23 00:00:00";"2021-03-23 00:00:00";16;937;20;10;0;<FLG>
V6155020;V615502001;HIXnJ;1;"2021-03-24 00:00:00";"2021-03-24 00:00:00";16;930;20;10;0;<FLG>
V6155020;V615502001;HIXnJ;1;"2021-03-25 00:00:00";"2021-03-25 00:00:00";16;924;20;10;0;<FLG>
V6155020;V615502001;HIXnJ;1;"2021-03-26 00:00:00";"2021-03-26 00:00:00";16;920;20;10;0;<FLG>
V6155020;V615502001;HIXnJ;1;"2021-03-27 00:00:00";"2021-03-27 00:00:00";16;917;20;10;0;<FLG>
V6155020;V615502001;HIXnJ;1;"2021-03-28 00:00:00";"2021-03-28 00:00:00";16;913;20;10;0;<FLG>
V6155020;V615502001;HIXnJ;1;"2021-03-29 00:00:00";"2021-03-29 00:00:00";16;907;20;10;0;<FLG>
V6155020;V615502001;HIXnJ;1;"2021-03-30 00:00:00";"2021-03-30 00:00:00";16;903;20;10;0;<FLG>
V6155020;V615502001;HIXnJ;1;"2021-03-31 00:00:00";"2021-03-31 00:00:00";16;901;20;10;0;<FLG>
V6155020;V615502001;HIXnJ;1;"2021-04-01 00:00:00";"2021-04-01 00:00:00";16;899;20;10;0;<FLG>
V6155020;V615502001;HIXnJ;1;"2021-04-02 00:00:00";"2021-04-02 00:00:00";16;896;20;10;0;<FLG>
V6155020;V615502001;HIXnJ;1;"2021-04-03 00:00:00";"2021-04-03 00:00:00";16;894;20;10;0;<FLG>
V6155020;V615502001;HIXnJ;1;"2021-04-04 00:00:00";"2021-04-04 00:00:00";16;891;20;10;0;<FLG>
V6155020;V615502001;HIXnJ;1;"2021-04-05 00:00:00";"2021-04-05 00:00:00";16;889;20;10;0;<FLG>
V6155020;V615502001;HIXnJ;1;"2021-04-06 00:00:00";"2021-04-06 00:00:00";16;887;20;10;0;<FLG>
V6155020;V615502001;HIXnJ;1;"2021-04-07 00:00:00";"2021-04-07 00:00:00";16;884;20;10;0;<FLG>
V6155020;V615502001;HIXnJ;1;"2021-04-08 00:00:00";"2021-04-08 00:00:00";16;879;20;10;0;<FLG>
V6155020;V615502001;HIXnJ;1;"2021-04-09 00:00:00";"2021-04-09 00:00:00";16;874;20;10;0;<FLG>
V6155020;V615502001;HIXnJ;1;"2021-04-10 00:00:00";"2021-04-10 00:00:00";16;870;20;10;0;<FLG>
V6155020;V615502001;HIXnJ;1;"2021-04-11 00:00:00";"2021-04-11 23:59:59";16;868;20;10;0;<FLG>
V6155020;V615502001;HIXnJ;1;"2021-04-12 00:00:00";"2021-04-12 23:59:59";16;906;20;10;0;<FLG>
V6155020;V615502001;HIXnJ;1;"2021-04-13 00:00:00";"2021-04-13 23:59:59";16;933;20;10;0;<FLG>
V6155020;V615502001;HIXnJ;1;"2021-04-14 00:00:00";"2021-04-14 23:59:59";16;936;20;10;0;<FLG>
V6155020;V615502001;HIXnJ;1;"2021-04-15 00:00:00";"2021-04-15 23:59:59";16;937;20;10;0;<FLG>
V6155020;V615502001;HIXnJ;1;"2021-04-16 00:00:00";"2021-04-16 04:55:00";16;937;20;10;0;<FLG>
V6155020;V615502001;HIXnJ;1;"2021-04-17 00:00:00";"2021-04-17 00:00:00";16;932;20;10;0;<FLG>
V6155020;V615502001;HIXnJ;1;"2021-04-18 00:00:00";"2021-04-18 00:00:00";16;930;20;10;0;<FLG>
V6155020;V615502001;HIXnJ;1;"2021-04-19 00:00:00";"2021-04-19 00:00:00";16;928;20;10;0;<FLG>
V6155020;V615502001;HIXnJ;1;"2021-04-20 00:00:00";"2021-04-20 00:00:00";16;926;20;10;0;<FLG>
V6155020;V615502001;HIXnJ;1;"2021-04-21 00:00:00";"2021-04-21 00:00:00";16;926;20;10;0;<FLG>
V6155020;V615502001;HIXnJ;1;"2021-04-22 00:00:00";"2021-04-22 00:00:00";16;926;20;10;0;<FLG>
V6155020;V615502001;HIXnJ;1;"2021-04-23 00:00:00";"2021-04-23 08:10:00";16;926;20;10;0;<FLG>
V6155020;V615502001;HIXnJ;1;"2021-04-24 00:00:00";"2021-04-24 00:00:00";16;924;20;10;0;<FLG>
V6155020;V615502001;HIXnJ;1;"2021-04-25 00:00:00";"2021-04-25 00:00:00";16;921;20;10;0;<FLG>
V6155020;V615502001;HIXnJ;1;"2021-04-26 00:00:00";"2021-04-26 00:00:00";16;918;20;10;0;<FLG>
V6155020;V615502001;HIXnJ;1;"2021-04-27 00:00:00";"2021-04-27 00:00:00";16;915;20;10;0;<FLG>
V6155020;V615502001;HIXnJ;1;"2021-04-28 00:00:00";"2021-04-28 23:59:59";16;913;20;10;0;<FLG>
V6155020;V615502001;HIXnJ;1;"2021-04-29 00:00:00";"2021-04-29 23:59:59";16;996;20;10;0;<FLG>
V6155020;V615502001;HIXnJ;1;"2021-04-30 00:00:00";"2021-04-30 23:59:59";16;1086;20;10;0;<FLG>
V6155020;V615502001;HIXnJ;1;"2021-05-01 00:00:00";"2021-05-01 23:59:59";16;1163;20;10;0;<FLG>
V6155020;V615502001;HIXnJ;1;"2021-05-02 00:00:00";"2021-05-02 23:59:59";16;1365;20;10;0;<FLG>
V6155020;V615502001;HIXnJ;1;"2021-05-03 00:00:00";"2021-05-03 10:30:00";16;1383;20;10;0;<FLG>
V6155020;V615502001;HIXnJ;1;"2021-05-04 00:00:00";"2021-05-04 00:00:00";16;1378;20;10;0;<FLG>
V6155020;V615502001;HIXnJ;1;"2021-05-05 00:00:00";"2021-05-05 00:00:00";16;1355;20;10;0;<FLG>
V6155020;V615502001;HIXnJ;1;"2021-05-06 00:00:00";"2021-05-06 00:00:00";16;1330;20;10;0;<FLG>
V6155020;V615502001;HIXnJ;1;"2021-05-07 00:00:00";"2021-05-07 00:00:00";16;1298;20;10;0;<FLG>
V6155020;V615502001;HIXnJ;1;"2021-05-08 00:00:00";"2021-05-08 00:00:00";16;1254;20;10;0;<FLG>
V6155020;V615502001;HIXnJ;1;"2021-05-09 00:00:00";"2021-05-09 00:00:00";16;1209;20;10;0;<FLG>
V6155020;V615502001;HIXnJ;1;"2021-05-10 00:00:00";"2021-05-10 00:00:00";16;1177;20;10;0;<FLG>
V6155020;V615502001;HIXnJ;1;"2021-05-11 00:00:00";"2021-05-11 23:59:59";16;1386;20;10;0;<FLG>
V6155020;V615502001;HIXnJ;1;"2021-05-12 00:00:00";"2021-05-12 23:59:59";16;1456;20;10;0;<FLG>
V6155020;V615502001;HIXnJ;1;"2021-05-13 00:00:00";"2021-05-13 13:50:00";16;1461;20;10;0;<FLG>
V6155020;V615502001;HIXnJ;1;"2021-05-14 00:00:00";"2021-05-14 00:00:00";16;1455;20;10;0;<FLG>
V6155020;V615502001;HIXnJ;1;"2021-05-15 00:00:00";"2021-05-15 00:00:00";16;1437;20;10;0;<FLG>
V6155020;V615502001;HIXnJ;1;"2021-05-16 00:00:00";"2021-05-16 00:00:00";16;1410;20;10;0;<FLG>
V6155020;V615502001;HIXnJ;1;"2021-05-17 00:00:00";"2021-05-17 00:00:00";16;1384;20;10;0;<FLG>
V6155020;V615502001;HIXnJ;1;"2021-05-18 00:00:00";"2021-05-18 00:00:00";16;1364;20;10;0;<FLG>
V6155020;V615502001;HIXnJ;1;"2021-05-19 00:00:00";"2021-05-19 00:00:00";16;1348;20;10;0;<FLG>
V6155020;V615502001;HIXnJ;1;"2021-05-20 00:00:00";"2021-05-20 00:00:00";16;1322;20;10;0;<FLG>
V6155020;V615502001;HIXnJ;1;"2021-05-21 00:00:00";"2021-05-21 00:00:00";16;1291;20;10;0;<FLG>
V6155020;V615502001;HIXnJ;1;"2021-05-22 00:00:00";"2021-05-22 00:00:00";16;1262;20;10;0;<FLG>
V6155020;V615502001;HIXnJ;1;"2021-05-23 00:00:00";"2021-05-23 00:00:00";16;1241;20;10;0;<FLG>
V6155020;V615502001;HIXnJ;1;"2021-05-24 00:00:00";"2021-05-24 00:00:00";16;1222;20;10;0;<FLG>
V6155020;V615502001;HIXnJ;1;"2021-05-25 00:00:00";"2021-05-25 00:00:00";16;1206;20;10;0;<FLG>
V6155020;V615502001;HIXnJ;1;"2021-05-26 00:00:00";"2021-05-26 04:00:00";16;1189;20;10;0;<FLG>
V6155020;V615502001;HIXnJ;1;"2021-05-27 00:00:00";"2021-05-27 00:00:00";16;1177;20;10;0;<FLG>
V6155020;V615502001;HIXnJ;1;"2021-05-28 00:00:00";"2021-05-28 00:00:00";16;1170;20;10;0;<FLG>
V6155020;V615502001;HIXnJ;1;"2021-05-29 00:00:00";"2021-05-29 00:00:00";16;1163;20;10;0;<FLG>
V6155020;V615502001;HIXnJ;1;"2021-05-30 00:00:00";"2021-05-30 00:00:00";16;1156;20;10;0;<FLG>
V6155020;V615502001;HIXnJ;1;"2021-05-31 00:00:00";"2021-05-31 00:00:00";16;1149;20;10;0;<FLG>
V6155020;V615502001;HIXnJ;1;"2021-06-01 00:00:00";"2021-06-01 00:00:00";16;1142;20;10;0;<FLG>
V6155020;V615502001;HIXnJ;1;"2021-06-02 00:00:00";"2021-06-02 00:00:00";16;1135;20;10;0;<FLG>
V6155020;V615502001;HIXnJ;1;"2021-06-03 00:00:00";"2021-06-03 00:00:00";16;1126;20;10;0;<FLG>
V6155020;V615502001;HIXnJ;1;"2021-06-04 00:00:00";"2021-06-04 00:00:00";16;1117;20;10;0;<FLG>
V6155020;V615502001;HIXnJ;1;"2021-06-05 00:00:00";"2021-06-05 00:00:00";16;1108;20;10;0;<FLG>
V6155020;V615502001;HIXnJ;1;"2021-06-06 00:00:00";"2021-06-06 00:00:00";16;1102;20;10;0;<FLG>
V6155020;V615502001;HIXnJ;1;"2021-06-07 00:00:00";"2021-06-07 00:00:00";16;1096;20;10;0;<FLG>
V6155020;V615502001;HIXnJ;1;"2021-06-08 00:00:00";"2021-06-08 00:00:00";16;1088;20;10;0;<FLG>
V6155020;V615502001;HIXnJ;1;"2021-06-09 00:00:00";"2021-06-09 00:00:00";16;1080;20;10;0;<FLG>
V6155020;V615502001;HIXnJ;1;"2021-06-10 00:00:00";"2021-06-10 03:40:00";16;1074;20;10;0;<FLG>
V6155020;V615502001;HIXnJ;1;"2021-06-11 00:00:00";"2021-06-11 00:00:00";16;1068;20;10;0;<FLG>
V6155020;V615502001;HIXnJ;1;"2021-06-12 00:00:00";"2021-06-12 00:00:00";16;1064;20;10;0;<FLG>
V6155020;V615502001;HIXnJ;1;"2021-06-13 00:00:00";"2021-06-13 03:10:00";16;1056;20;10;0;<FLG>
V6155020;V615502001;HIXnJ;1;"2021-06-14 00:00:00";"2021-06-14 05:05:00";16;1048;20;10;0;<FLG>
V6155020;V615502001;HIXnJ;1;"2021-06-15 00:00:00";"2021-06-15 04:10:00";16;1041;20;10;0;<FLG>
V6155020;V615502001;HIXnJ;1;"2021-06-16 00:00:00";"2021-06-16 00:00:00";16;1033;20;10;0;<FLG>
V6155020;V615502001;HIXnJ;1;"2021-06-17 00:00:00";"2021-06-17 08:35:00";16;1031;20;10;0;<FLG>
V6155020;V615502001;HIXnJ;1;"2021-06-18 00:00:00";"2021-06-18 02:55:00";16;1030;20;10;0;<FLG>
V6155020;V615502001;HIXnJ;1;"2021-06-19 00:00:00";"2021-06-19 02:50:00";16;1023;20;10;0;<FLG>
V6155020;V615502001;HIXnJ;1;"2021-06-20 00:00:00";"2021-06-20 07:55:00";16;1016;20;10;0;<FLG>
V6155020;V615502001;HIXnJ;1;"2021-06-21 00:00:00";"2021-06-21 00:00:00";16;1012;20;10;0;<FLG>
V6155020;V615502001;HIXnJ;1;"2021-06-22 00:00:00";"2021-06-22 05:40:00";16;1005;20;10;0;<FLG>
V6155020;V615502001;HIXnJ;1;"2021-06-23 00:00:00";"2021-06-23 05:55:00";16;999;20;10;0;<FLG>
V6155020;V615502001;HIXnJ;1;"2021-06-24 00:00:00";"2021-06-24 07:25:00";16;993;20;10;0;<FLG>
V6155020;V615502001;HIXnJ;1;"2021-06-25 00:00:00";"2021-06-25 00:00:00";16;987;20;10;0;<FLG>
V6155020;V615502001;HIXnJ;1;"2021-06-26 00:00:00";"2021-06-26 07:05:00";16;982;20;10;0;<FLG>
V6155020;V615502001;HIXnJ;1;"2021-06-27 00:00:00";"2021-06-27 05:35:00";16;978;20;10;0;<FLG>
V6155020;V615502001;HIXnJ;1;"2021-06-28 00:00:00";"2021-06-28 01:00:00";16;974;20;10;0;<FLG>
V6155020;V615502001;HIXnJ;1;"2021-06-29 00:00:00";"2021-06-29 00:00:00";16;969;20;10;0;<FLG>
V6155020;V615502001;HIXnJ;1;"2021-06-30 00:00:00";"2021-06-30 00:00:00";16;965;20;10;0;<FLG>
V6155020;V615502001;HIXnJ;1;"2021-07-01 00:00:00";"2021-07-01 00:25:00";16;960;20;10;0;<FLG>
V6155020;V615502001;HIXnJ;1;"2021-07-02 00:00:00";"2021-07-02 00:00:00";16;954;20;10;0;<FLG>
V6155020;V615502001;HIXnJ;1;"2021-07-03 00:00:00";"2021-07-03 06:45:00";16;951;20;10;0;<FLG>
V6155020;V615502001;HIXnJ;1;"2021-07-04 00:00:00";"2021-07-04 10:20:00";16;947;20;10;0;<FLG>
V6155020;V615502001;HIXnJ;1;"2021-07-05 00:00:00";"2021-07-05 00:00:00";16;945;20;10;0;<FLG>
V6155020;V615502001;HIXnJ;1;"2021-07-06 00:00:00";"2021-07-06 14:55:00";16;939;20;10;0;<FLG>
V6155020;V615502001;HIXnJ;1;"2021-07-07 00:00:00";"2021-07-07 06:35:00";16;937;20;10;0;<FLG>
V6155020;V615502001;HIXnJ;1;"2021-07-08 00:00:00";"2021-07-08 03:50:00";16;933;20;10;0;<FLG>
V6155020;V615502001;HIXnJ;1;"2021-07-09 00:00:00";"2021-07-09 04:00:00";16;929;20;10;0;<FLG>
V6155020;V615502001;HIXnJ;1;"2021-07-10 00:00:00";"2021-07-10 03:20:00";16;926;20;10;0;<FLG>
V6155020;V615502001;HIXnJ;1;"2021-07-11 00:00:00";"2021-07-11 02:05:00";16;923;20;10;0;<FLG>
V6155020;V615502001;HIXnJ;1;"2021-07-12 00:00:00";"2021-07-12 02:45:00";16;921;20;10;0;<FLG>
V6155020;V615502001;HIXnJ;1;"2021-07-13 00:00:00";"2021-07-13 00:00:00";16;915;20;10;0;<FLG>
V6155020;V615502001;HIXnJ;1;"2021-07-14 00:00:00";"2021-07-14 00:00:00";16;914;20;10;0;<FLG>
V6155020;V615502001;HIXnJ;1;"2021-07-15 00:00:00";"2021-07-15 00:00:00";16;911;20;10;0;<FLG>
V6155020;V615502001;HIXnJ;1;"2021-07-16 00:00:00";"2021-07-16 00:00:00";16;908;20;10;0;<FLG>
V6155020;V615502001;HIXnJ;1;"2021-07-17 00:00:00";"2021-07-17 00:00:00";16;905;20;10;0;<FLG>
V6155020;V615502001;HIXnJ;1;"2021-07-18 00:00:00";"2021-07-18 00:00:00";16;899;20;10;0;<FLG>
V6155020;V615502001;HIXnJ;1;"2021-07-19 00:00:00";"2021-07-19 04:45:00";16;899;20;10;0;<FLG>
V6155020;V615502001;HIXnJ;1;"2021-07-20 00:00:00";"2021-07-20 05:50:00";16;897;20;10;0;<FLG>
V6155020;V615502001;HIXnJ;1;"2021-07-21 00:00:00";"2021-07-21 05:40:00";16;892;20;10;0;<FLG>
V6155020;V615502001;HIXnJ;1;"2021-07-22 00:00:00";"2021-07-22 00:00:00";16;888;20;10;0;<FLG>
V6155020;V615502001;HIXnJ;1;"2021-07-23 00:00:00";"2021-07-23 08:50:00";16;885;20;10;0;<FLG>
V6155020;V615502001;HIXnJ;1;"2021-07-24 00:00:00";"2021-07-24 00:00:00";16;882;20;10;0;<FLG>
V6155020;V615502001;HIXnJ;1;"2021-07-25 00:00:00";"2021-07-25 11:25:00";16;880;20;10;0;<FLG>
V6155020;V615502001;HIXnJ;1;"2021-07-26 00:00:00";"2021-07-26 07:05:00";16;879;20;10;0;<FLG>
V6155020;V615502001;HIXnJ;1;"2021-07-27 00:00:00";"2021-07-27 08:15:00";16;876;20;10;0;<FLG>
V6155020;V615502001;HIXnJ;1;"2021-07-28 00:00:00";"2021-07-28 08:10:00";16;874;20;10;0;<FLG>
V6155020;V615502001;HIXnJ;1;"2021-07-29 00:00:00";"2021-07-29 08:20:00";16;870;20;10;0;<FLG>
V6155020;V615502001;HIXnJ;1;"2021-07-30 00:00:00";"2021-07-30 07:55:00";16;868;20;10;0;<FLG>
V6155020;V615502001;HIXnJ;1;"2021-07-31 00:00:00";"2021-07-31 13:10:00";16;866;20;10;0;<FLG>
V6155020;V615502001;HIXnJ;1;"2021-08-01 00:00:00";"2021-08-01 01:25:00";16;866;20;10;0;<FLG>
V6155020;V615502001;HIXnJ;1;"2021-08-02 00:00:00";"2021-08-02 01:00:00";16;864;20;10;0;<FLG>
V6155020;V615502001;HIXnJ;1;"2021-08-03 00:00:00";"2021-08-03 05:50:00";16;861;20;10;0;<FLG>
V6155020;V615502001;HIXnJ;1;"2021-08-04 00:00:00";"2021-08-04 00:00:00";16;858;20;10;0;<FLG>
V6155020;V615502001;HIXnJ;1;"2021-08-05 00:00:00";"2021-08-05 00:00:00";16;858;20;10;0;<FLG>
V6155020;V615502001;HIXnJ;1;"2021-08-06 00:00:00";"2021-08-06 06:30:00";16;858;20;10;0;<FLG>
V6155020;V615502001;HIXnJ;1;"2021-08-07 00:00:00";"2021-08-07 04:30:00";16;852;20;10;0;<FLG>
V6155020;V615502001;HIXnJ;1;"2021-08-08 00:00:00";"2021-08-08 00:00:00";16;849;20;10;0;<FLG>
V6155020;V615502001;HIXnJ;1;"2021-08-09 00:00:00";"2021-08-09 00:00:00";16;846;20;10;0;<FLG>
V6155020;V615502001;HIXnJ;1;"2021-08-10 00:00:00";"2021-08-10 17:25:00";16;844;20;10;0;<FLG>
V6155020;V615502001;HIXnJ;1;"2021-08-11 00:00:00";"2021-08-11 00:00:00";16;843;20;10;0;<FLG>
V6155020;V615502001;HIXnJ;1;"2021-08-12 00:00:00";"2021-08-12 06:30:00";16;840;20;10;0;<FLG>
V6155020;V615502001;HIXnJ;1;"2021-08-13 00:00:00";"2021-08-13 13:15:00";16;836;20;10;0;<FLG>
V6155020;V615502001;HIXnJ;1;"2021-08-14 00:00:00";"2021-08-14 00:00:00";16;830;20;10;0;<FLG>
V6155020;V615502001;HIXnJ;1;"2021-08-15 00:00:00";"2021-08-15 13:10:00";16;832;20;10;0;<FLG>
V6155020;V615502001;HIXnJ;1;"2021-08-16 00:00:00";"2021-08-16 14:00:00";16;830;20;10;0;<FLG>
V6155020;V615502001;HIXnJ;1;"2021-08-17 00:00:00";"2021-08-17 16:40:00";16;828;20;10;0;<FLG>
V6155020;V615502001;HIXnJ;1;"2021-08-18 00:00:00";"2021-08-18 00:35:00";16;828;20;10;0;<FLG>
V6155020;V615502001;HIXnJ;1;"2021-08-19 00:00:00";"2021-08-19 00:00:00";16;826;20;10;0;<FLG>
V6155020;V615502001;HIXnJ;1;"2021-08-20 00:00:00";"2021-08-20 06:45:00";16;826;20;10;0;<FLG>
V6155020;V615502001;HIXnJ;1;"2021-08-21 00:00:00";"2021-08-21 15:15:00";16;822;20;10;0;<FLG>
V6155020;V615502001;HIXnJ;1;"2021-08-22 00:00:00";"2021-08-22 05:35:00";16;818;20;10;0;<FLG>
V6155020;V615502001;HIXnJ;1;"2021-08-23 00:00:00";"2021-08-23 08:50:00";16;817;20;10;0;<FLG>
V6155020;V615502001;HIXnJ;1;"2021-08-24 00:00:00";"2021-08-24 23:59:59";16;812;20;10;0;<FLG>
V6155020;V615502001;HIXnJ;1;"2021-08-25 00:00:00";"2021-08-25 12:35:00";16;813;20;10;0;<FLG>
V6155020;V615502001;HIXnJ;1;"2021-08-26 00:00:00";"2021-08-26 00:00:00";16;811;20;10;0;<FLG>
V6155020;V615502001;HIXnJ;1;"2021-08-27 00:00:00";"2021-08-27 09:25:00";16;808;20;10;0;<FLG>
V6155020;V615502001;HIXnJ;1;"2021-08-28 00:00:00";"2021-08-28 00:00:00";16;805;20;10;0;<FLG>
V6155020;V615502001;HIXnJ;1;"2021-08-29 00:00:00";"2021-08-29 00:00:00";16;801;20;10;0;<FLG>
V6155020;V615502001;HIXnJ;1;"2021-08-30 00:00:00";"2021-08-30 00:00:00";16;800;20;10;0;<FLG>
V6155020;V615502001;HIXnJ;1;"2021-08-31 00:00:00";"2021-08-31 00:00:00";16;798;20;10;0;<FLG>
V6155020;V615502001;HIXnJ;1;"2021-09-01 00:00:00";"2021-09-01 00:00:00";16;796;20;10;0;<FLG>
V6155020;V615502001;HIXnJ;1;"2021-09-02 00:00:00";"2021-09-02 00:00:00";16;793;20;10;0;<FLG>
V6155020;V615502001;HIXnJ;1;"2021-09-03 00:00:00";"2021-09-03 00:00:00";16;790;20;10;0;<FLG>
V6155020;V615502001;HIXnJ;1;"2021-09-04 00:00:00";"2021-09-04 00:00:00";16;789;20;10;0;<FLG>
V6155020;V615502001;HIXnJ;1;"2021-09-05 00:00:00";"2021-09-05 00:00:00";16;788;20;10;0;<FLG>
V6155020;V615502001;HIXnJ;1;"2021-09-06 00:00:00";"2021-09-06 00:00:00";16;784;20;10;0;<FLG>
V6155020;V615502001;HIXnJ;1;"2021-09-07 00:00:00";"2021-09-07 23:25:00";16;778;20;10;0;<FLG>
V6155020;V615502001;HIXnJ;1;"2021-09-08 00:00:00";"2021-09-08 00:00:00";16;778;20;10;0;<FLG>
V6155020;V615502001;HIXnJ;1;"2021-09-09 00:00:00";"2021-09-09 00:00:00";16;776;20;10;0;<FLG>
V6155020;V615502001;HIXnJ;1;"2021-09-10 00:00:00";"2021-09-10 00:00:00";16;773;20;10;0;<FLG>
V6155020;V615502001;HIXnJ;1;"2021-09-11 00:00:00";"2021-09-11 00:00:00";16;771;20;10;0;<FLG>
V6155020;V615502001;HIXnJ;1;"2021-09-12 00:00:00";"2021-09-12 00:00:00";16;769;20;10;0;<FLG>
V6155020;V615502001;HIXnJ;1;"2021-09-13 00:00:00";"2021-09-13 00:00:00";16;766;20;10;0;<FLG>
V6155020;V615502001;HIXnJ;1;"2021-09-14 00:00:00";"2021-09-14 00:00:00";16;764;20;10;0;<FLG>
V6155020;V615502001;HIXnJ;1;"2021-09-15 00:00:00";"2021-09-15 20:20:00";16;781;20;10;0;<FLG>
V6155020;V615502001;HIXnJ;1;"2021-09-16 00:00:00";"2021-09-16 23:59:59";16;790;20;10;0;<FLG>
V6155020;V615502001;HIXnJ;1;"2021-09-17 00:00:00";"2021-09-17 19:45:00";16;796;20;10;0;<FLG>
V6155020;V615502001;HIXnJ;1;"2021-09-18 00:00:00";"2021-09-18 00:00:00";16;795;20;10;0;<FLG>
V6155020;V615502001;HIXnJ;1;"2021-09-19 00:00:00";"2021-09-19 00:00:00";16;787;20;10;0;<FLG>
V6155020;V615502001;HIXnJ;1;"2021-09-20 00:00:00";"2021-09-20 00:00:00";16;780;20;10;0;<FLG>
V6155020;V615502001;HIXnJ;1;"2021-09-21 00:00:00";"2021-09-21 00:00:00";16;775;20;10;0;<FLG>
V6155020;V615502001;HIXnJ;1;"2021-09-22 00:00:00";"2021-09-22 00:00:00";16;773;20;10;0;<FLG>
V6155020;V615502001;HIXnJ;1;"2021-09-23 00:00:00";"2021-09-23 00:00:00";16;763;20;10;0;<FLG>
V6155020;V615502001;HIXnJ;1;"2021-09-24 00:00:00";"2021-09-24 00:00:00";16;762;20;10;0;<FLG>
V6155020;V615502001;HIXnJ;1;"2021-09-25 00:00:00";"2021-09-25 00:00:00";16;760;20;10;0;<FLG>
V6155020;V615502001;HIXnJ;1;"2021-09-26 00:00:00";"2021-09-26 23:59:59";16;793;20;10;0;<FLG>
V6155020;V615502001;HIXnJ;1;"2021-09-27 00:00:00";"2021-09-27 05:40:00";16;809;20;10;0;<FLG>
V6155020;V615502001;HIXnJ;1;"2021-09-28 00:00:00";"2021-09-28 00:00:00";16;806;20;10;0;<FLG>
V6155020;V615502001;HIXnJ;1;"2021-09-29 00:00:00";"2021-09-29 00:00:00";16;794;20;10;0;<FLG>
V6155020;V615502001;HIXnJ;1;"2021-09-30 00:00:00";"2021-09-30 00:00:00";16;785;20;10;0;<FLG>
V6155020;V615502001;HIXnJ;1;"2021-10-01 00:00:00";"2021-10-01 00:00:00";16;779;20;10;0;<FLG>
V6155020;V615502001;HIXnJ;1;"2021-10-02 00:00:00";"2021-10-02 00:00:00";16;774;20;10;0;<FLG>
V6155020;V615502001;HIXnJ;1;"2021-10-03 00:00:00";"2021-10-03 23:59:59";16;771;20;10;0;<FLG>
V6155020;V615502001;HIXnJ;1;"2021-10-04 00:00:00";"2021-10-04 23:59:59";16;1100;20;10;0;<FLG>
V6155020;V615502001;HIXnJ;1;"2021-10-05 00:00:00";"2021-10-05 21:15:00";16;1144;20;10;0;<FLG>
V6155020;V615502001;HIXnJ;1;"2021-10-06 00:00:00";"2021-10-06 00:00:00";16;1143;20;10;0;<FLG>
V6155020;V615502001;HIXnJ;1;"2021-10-07 00:00:00";"2021-10-07 00:00:00";16;1112;20;10;0;<FLG>
V6155020;V615502001;HIXnJ;1;"2021-10-08 00:00:00";"2021-10-08 00:00:00";16;1072;20;10;0;<FLG>
V6155020;V615502001;HIXnJ;1;"2021-10-09 00:00:00";"2021-10-09 00:00:00";16;1041;20;10;0;<FLG>
V6155020;V615502001;HIXnJ;1;"2021-10-10 00:00:00";"2021-10-10 00:00:00";16;1014;20;10;0;<FLG>
V6155020;V615502001;HIXnJ;1;"2021-10-11 00:00:00";"2021-10-11 00:00:00";16;991;20;10;0;<FLG>
V6155020;V615502001;HIXnJ;1;"2021-10-12 00:00:00";"2021-10-12 00:00:00";16;972;20;10;0;<FLG>
V6155020;V615502001;HIXnJ;1;"2021-10-13 00:00:00";"2021-10-13 00:00:00";16;957;20;10;0;<FLG>
V6155020;V615502001;HIXnJ;1;"2021-10-14 00:00:00";"2021-10-14 00:00:00";16;942;20;10;0;<FLG>
V6155020;V615502001;HIXnJ;1;"2021-10-15 00:00:00";"2021-10-15 00:00:00";16;927;20;10;0;<FLG>
V6155020;V615502001;HIXnJ;1;"2021-10-16 00:00:00";"2021-10-16 00:00:00";16;916;20;10;0;<FLG>
V6155020;V615502001;HIXnJ;1;"2021-10-17 00:00:00";"2021-10-17 00:00:00";16;906;20;10;0;<FLG>
V6155020;V615502001;HIXnJ;1;"2021-10-18 00:00:00";"2021-10-18 00:00:00";16;894;20;10;0;<FLG>
V6155020;V615502001;HIXnJ;1;"2021-10-19 00:00:00";"2021-10-19 00:00:00";16;881;20;10;0;<FLG>
V6155020;V615502001;HIXnJ;1;"2021-10-20 00:00:00";"2021-10-20 00:00:00";16;872;20;10;0;<FLG>
V6155020;V615502001;HIXnJ;1;"2021-10-21 00:00:00";"2021-10-21 00:00:00";16;866;20;10;0;<FLG>
V6155020;V615502001;HIXnJ;1;"2021-10-22 00:00:00";"2021-10-22 00:00:00";16;858;20;10;0;<FLG>
V6155020;V615502001;HIXnJ;1;"2021-10-23 00:00:00";"2021-10-23 00:00:00";16;853;20;10;0;<FLG>
V6155020;V615502001;HIXnJ;1;"2021-10-24 00:00:00";"2021-10-24 00:00:00";16;839;20;10;0;<FLG>
V6155020;V615502001;HIXnJ;1;"2021-10-25 00:00:00";"2021-10-25 00:00:00";16;834;20;10;0;<FLG>
V6155020;V615502001;HIXnJ;1;"2021-10-26 00:00:00";"2021-10-26 14:50:00";16;829;20;10;0;<FLG>
V6155020;V615502001;HIXnJ;1;"2021-10-27 00:00:00";"2021-10-27 00:00:00";16;827;20;10;0;<FLG>
V6155020;V615502001;HIXnJ;1;"2021-10-28 00:00:00";"2021-10-28 00:00:00";16;820;20;10;0;<FLG>
V6155020;V615502001;HIXnJ;1;"2021-10-29 00:00:00";"2021-10-29 00:00:00";16;819;20;10;0;<FLG>
V6155020;V615502001;HIXnJ;1;"2021-10-30 00:00:00";"2021-10-30 00:00:00";16;814;20;10;0;<FLG>
V6155020;V615502001;HIXnJ;1;"2021-10-31 00:00:00";"2021-10-31 23:59:59";16;857;20;10;0;<FLG>
V6155020;V615502001;HIXnJ;1;"2021-11-01 00:00:00";"2021-11-01 23:59:59";16;1004;20;10;0;<FLG>
V6155020;V615502001;HIXnJ;1;"2021-11-02 00:00:00";"2021-11-02 23:59:59";16;1065;20;10;0;<FLG>
V6155020;V615502001;HIXnJ;1;"2021-11-03 00:00:00";"2021-11-03 02:55:00";16;1067;20;10;0;<FLG>
V6155020;V615502001;HIXnJ;1;"2021-11-04 00:00:00";"2021-11-04 00:00:00";16;1059;20;10;0;<FLG>
V6155020;V615502001;HIXnJ;1;"2021-11-05 00:00:00";"2021-11-05 00:00:00";16;1043;20;10;0;<FLG>
V6155020;V615502001;HIXnJ;1;"2021-11-06 00:00:00";"2021-11-06 00:00:00";16;1018;20;10;0;<FLG>
V6155020;V615502001;HIXnJ;1;"2021-11-07 00:00:00";"2021-11-07 00:00:00";16;1004;20;10;0;<FLG>
V6155020;V615502001;HIXnJ;1;"2021-11-08 00:00:00";"2021-11-08 00:00:00";16;986;20;10;0;<FLG>
V6155020;V615502001;HIXnJ;1;"2021-11-09 00:00:00";"2021-11-09 00:00:00";16;972;20;10;0;<FLG>
V6155020;V615502001;HIXnJ;1;"2021-11-10 00:00:00";"2021-11-10 00:00:00";16;958;20;10;0;<FLG>
V6155020;V615502001;HIXnJ;1;"2021-11-11 00:00:00";"2021-11-11 00:00:00";16;947;20;10;0;<FLG>
V6155020;V615502001;HIXnJ;1;"2021-11-12 00:00:00";"2021-11-12 00:00:00";16;937;20;10;0;<FLG>
V6155020;V615502001;HIXnJ;1;"2021-11-13 00:00:00";"2021-11-13 00:00:00";16;927;20;10;0;<FLG>
V6155020;V615502001;HIXnJ;1;"2021-11-14 00:00:00";"2021-11-14 00:00:00";16;919;20;10;0;<FLG>
V6155020;V615502001;HIXnJ;1;"2021-11-15 00:00:00";"2021-11-15 00:00:00";16;912;20;10;0;<FLG>
V6155020;V615502001;HIXnJ;1;"2021-11-16 00:00:00";"2021-11-16 13:15:00";16;905;20;10;0;<FLG>
V6155020;V615502001;HIXnJ;1;"2021-11-17 00:00:00";"2021-11-17 00:00:00";16;902;20;10;0;<FLG>
V6155020;V615502001;HIXnJ;1;"2021-11-18 00:00:00";"2021-11-18 00:00:00";16;897;20;10;0;<FLG>
V6155020;V615502001;HIXnJ;1;"2021-11-19 00:00:00";"2021-11-19 00:00:00";16;891;20;10;0;<FLG>
V6155020;V615502001;HIXnJ;1;"2021-11-20 00:00:00";"2021-11-20 00:00:00";16;885;20;10;0;<FLG>
V6155020;V615502001;HIXnJ;1;"2021-11-21 00:00:00";"2021-11-21 00:00:00";16;880;20;10;0;<FLG>
V6155020;V615502001;HIXnJ;1;"2021-11-22 00:00:00";"2021-11-22 00:00:00";16;878;20;10;0;<FLG>
V6155020;V615502001;HIXnJ;1;"2021-11-23 00:00:00";"2021-11-23 00:00:00";16;875;20;10;0;<FLG>
V6155020;V615502001;HIXnJ;1;"2021-11-24 00:00:00";"2021-11-24 00:00:00";16;869;20;10;0;<FLG>
V6155020;V615502001;HIXnJ;1;"2021-11-25 00:00:00";"2021-11-25 23:59:59";16;864;20;10;0;<FLG>
V6155020;V615502001;HIXnJ;1;"2021-11-26 00:00:00";"2021-11-26 23:59:59";16;873;20;10;0;<FLG>
V6155020;V615502001;HIXnJ;1;"2021-11-27 00:00:00";"2021-11-27 06:45:00";16;876;20;10;0;<FLG>
V6155020;V615502001;HIXnJ;1;"2021-11-28 00:00:00";"2021-11-28 15:10:00";16;879;20;10;0;<FLG>
V6155020;V615502001;HIXnJ;1;"2021-11-29 00:00:00";"2021-11-29 00:00:00";16;877;20;10;0;<FLG>
V6155020;V615502001;HIXnJ;1;"2021-11-30 00:00:00";"2021-11-30 00:00:00";16;871;20;10;0;<FLG>
V6155020;V615502001;HIXnJ;1;"2021-12-01 00:00:00";"2021-12-01 00:00:00";16;866;20;10;0;<FLG>
V6155020;V615502001;HIXnJ;1;"2021-12-02 00:00:00";"2021-12-02 00:00:00";16;865;20;10;0;<FLG>
V6155020;V615502001;HIXnJ;1;"2021-12-03 00:00:00";"2021-12-03 04:10:00";16;861;20;10;0;<FLG>
V6155020;V615502001;HIXnJ;1;"2021-12-04 00:00:00";"2021-12-04 23:59:59";16;863;20;10;0;<FLG>
V6155020;V615502001;HIXnJ;1;"2021-12-05 00:00:00";"2021-12-05 23:59:59";16;909;20;10;0;<FLG>
V6155020;V615502001;HIXnJ;1;"2021-12-06 00:00:00";"2021-12-06 23:59:59";16;924;20;10;0;<FLG>
V6155020;V615502001;HIXnJ;1;"2021-12-07 00:00:00";"2021-12-07 11:15:00";16;925;20;10;0;<FLG>
V6155020;V615502001;HIXnJ;1;"2021-12-08 00:00:00";"2021-12-08 23:59:59";16;1048;20;10;0;<FLG>
V6155020;V615502001;HIXnJ;1;"2021-12-09 00:00:00";"2021-12-09 23:59:59";16;1107;20;10;0;<FLG>
V6155020;V615502001;HIXnJ;1;"2021-12-10 00:00:00";"2021-12-10 05:50:00";16;1112;20;10;0;<FLG>
V6155020;V615502001;HIXnJ;1;"2021-12-11 00:00:00";"2021-12-11 00:00:00";16;1110;20;10;0;<FLG>
V6155020;V615502001;HIXnJ;1;"2021-12-12 00:00:00";"2021-12-12 00:00:00";16;1094;20;10;0;<FLG>
V6155020;V615502001;HIXnJ;1;"2021-12-13 00:00:00";"2021-12-13 00:00:00";16;1075;20;10;0;<FLG>
V6155020;V615502001;HIXnJ;1;"2021-12-14 00:00:00";"2021-12-14 00:00:00";16;1060;20;10;0;<FLG>
V6155020;V615502001;HIXnJ;1;"2021-12-15 00:00:00";"2021-12-15 00:00:00";16;1046;20;10;0;<FLG>
V6155020;V615502001;HIXnJ;1;"2021-12-16 00:00:00";"2021-12-16 00:00:00";16;1034;20;10;0;<FLG>
V6155020;V615502001;HIXnJ;1;"2021-12-17 00:00:00";"2021-12-17 00:00:00";16;1023;20;10;0;<FLG>
V6155020;V615502001;HIXnJ;1;"2021-12-18 00:00:00";"2021-12-18 00:00:00";16;1016;20;10;0;<FLG>
V6155020;V615502001;HIXnJ;1;"2021-12-19 00:00:00";"2021-12-19 00:00:00";16;1010;20;10;0;<FLG>
V6155020;V615502001;HIXnJ;1;"2021-12-20 00:00:00";"2021-12-20 00:00:00";16;1008;20;10;0;<FLG>
V6155020;V615502001;HIXnJ;1;"2021-12-21 00:00:00";"2021-12-21 00:00:00";16;1004;20;10;0;<FLG>
V6155020;V615502001;HIXnJ;1;"2021-12-22 00:00:00";"2021-12-22 00:00:00";16;992;20;10;0;<FLG>
V6155020;V615502001;HIXnJ;1;"2021-12-23 00:00:00";"2021-12-23 00:00:00";16;986;20;10;0;<FLG>
V6155020;V615502001;HIXnJ;1;"2021-12-24 00:00:00";"2021-12-24 00:00:00";16;980;20;10;0;<FLG>
V6155020;V615502001;HIXnJ;1;"2021-12-25 00:00:00";"2021-12-25 23:59:59";16;1069;20;10;0;<FLG>
V6155020;V615502001;HIXnJ;1;"2021-12-26 00:00:00";"2021-12-26 23:59:59";16;1138;20;10;0;<FLG>
V6155020;V615502001;HIXnJ;1;"2021-12-27 00:00:00";"2021-12-27 23:59:59";16;1148;20;10;0;<FLG>
V6155020;V615502001;HIXnJ;1;"2021-12-28 00:00:00";"2021-12-28 23:59:59";16;1161;20;10;0;<FLG>
V6155020;V615502001;HIXnJ;1;"2021-12-29 00:00:00";"2021-12-29 23:59:59";16;1211;20;10;0;<FLG>
V6155020;V615502001;HIXnJ;1;"2021-12-30 00:00:00";"2021-12-30 18:35:00";16;1236;20;10;0;<FLG>
V6155020;V615502001;HIXnJ;1;"2021-12-31 00:00:00";"2021-12-31 00:00:00";16;1235;20;10;0;<FLG>
V6155020;V615502001;HIXnJ;1;"2022-01-01 00:00:00";"2022-01-01 00:00:00";16;1217;20;10;0;<FLG>
V6155020;V615502001;HIXnJ;1;"2022-01-02 00:00:00";"2022-01-02 00:00:00";16;1189;20;10;0;<FLG>
V6155020;V615502001;HIXnJ;1;"2022-01-03 00:00:00";"2022-01-03 00:00:00";16;1168;20;10;0;<FLG>
V6155020;V615502001;HIXnJ;1;"2022-01-04 00:00:00";"2022-01-04 00:00:00";16;1157;20;10;0;<FLG>
V6155020;V615502001;HIXnJ;1;"2022-01-05 00:00:00";"2022-01-05 00:00:00";16;1148;20;10;0;<FLG>
V6155020;V615502001;HIXnJ;1;"2022-01-06 00:00:00";"2022-01-06 00:00:00";16;1139;20;10;0;<FLG>
V6155020;V615502001;HIXnJ;1;"2022-01-07 00:00:00";"2022-01-07 00:00:00";16;1128;20;10;0;<FLG>
V6155020;V615502001;HIXnJ;1;"2022-01-08 00:00:00";"2022-01-08 00:00:00";16;1117;20;10;0;<FLG>
V6155020;V615502001;HIXnJ;1;"2022-01-09 00:00:00";"2022-01-09 00:00:00";16;1106;20;10;0;<FLG>
V6155020;V615502001;HIXnJ;1;"2022-01-10 00:00:00";"2022-01-10 00:00:00";16;1095;20;10;0;<FLG>
V6155020;V615502001;HIXnJ;1;"2022-01-11 00:00:00";"2022-01-11 00:00:00";16;1083;20;10;0;<FLG>
V6155020;V615502001;HIXnJ;1;"2022-01-12 00:00:00";"2022-01-12 00:00:00";16;1072;20;10;0;<FLG>
V6155020;V615502001;HIXnJ;1;"2022-01-13 00:00:00";"2022-01-13 00:00:00";16;1060;20;10;0;<FLG>
V6155020;V615502001;HIXnJ;1;"2022-01-14 00:00:00";"2022-01-14 00:00:00";16;1049;20;10;0;<FLG>
V6155020;V615502001;HIXnJ;1;"2022-01-15 00:00:00";"2022-01-15 00:00:00";16;1041;20;10;0;<FLG>
V6155020;V615502001;HIXnJ;1;"2022-01-16 00:00:00";"2022-01-16 00:00:00";16;1032;20;10;0;<FLG>
V6155020;V615502001;HIXnJ;1;"2022-01-17 00:00:00";"2022-01-17 00:00:00";16;1023;20;10;0;<FLG>
V6155020;V615502001;HIXnJ;1;"2022-01-18 00:00:00";"2022-01-18 00:00:00";16;1014;20;10;0;<FLG>
V6155020;V615502001;HIXnJ;1;"2022-01-19 00:00:00";"2022-01-19 00:00:00";16;1007;20;10;0;<FLG>
V6155020;V615502001;HIXnJ;1;"2022-01-20 00:00:00";"2022-01-20 00:00:00";16;1000;20;10;0;<FLG>
V6155020;V615502001;HIXnJ;1;"2022-01-21 00:00:00";"2022-01-21 00:00:00";16;993;20;10;0;<FLG>
V6155020;V615502001;HIXnJ;1;"2022-01-22 00:00:00";"2022-01-22 00:00:00";16;986;20;10;0;<FLG>
V6155020;V615502001;HIXnJ;1;"2022-01-23 00:00:00";"2022-01-23 00:00:00";16;979;20;10;0;<FLG>
V6155020;V615502001;HIXnJ;1;"2022-01-24 00:00:00";"2022-01-24 00:00:00";16;971;20;10;0;<FLG>
V6155020;V615502001;HIXnJ;1;"2022-01-25 00:00:00";"2022-01-25 00:00:00";16;963;20;10;0;<FLG>
V6155020;V615502001;HIXnJ;1;"2022-01-26 00:00:00";"2022-01-26 00:00:00";16;956;20;10;0;<FLG>
V6155020;V615502001;HIXnJ;1;"2022-01-27 00:00:00";"2022-01-27 00:00:00";16;950;20;10;0;<FLG>
V6155020;V615502001;HIXnJ;1;"2022-01-28 00:00:00";"2022-01-28 00:00:00";16;944;20;10;0;<FLG>
V6155020;V615502001;HIXnJ;1;"2022-01-29 00:00:00";"2022-01-29 00:00:00";16;939;20;10;0;<FLG>
V6155020;V615502001;HIXnJ;1;"2022-01-30 00:00:00";"2022-01-30 00:00:00";16;933;20;10;0;<FLG>
V6155020;V615502001;HIXnJ;1;"2022-01-31 00:00:00";"2022-01-31 00:00:00";16;929;20;10;0;<FLG>
V6155020;V615502001;HIXnJ;1;"2022-02-01 00:00:00";"2022-02-01 00:00:00";16;924;20;10;0;<FLG>
V6155020;V615502001;HIXnJ;1;"2022-02-02 00:00:00";"2022-02-02 00:00:00";16;920;20;10;0;<FLG>
V6155020;V615502001;HIXnJ;1;"2022-02-03 00:00:00";"2022-02-03 00:00:00";16;915;20;10;0;<FLG>
V6155020;V615502001;HIXnJ;1;"2022-02-04 00:00:00";"2022-02-04 00:00:00";16;909;20;10;0;<FLG>
V6155020;V615502001;HIXnJ;1;"2022-02-05 00:00:00";"2022-02-05 00:00:00";16;904;20;10;0;<FLG>
V6155020;V615502001;HIXnJ;1;"2022-02-06 00:00:00";"2022-02-06 00:00:00";16;893;20;10;0;<FLG>
V6155020;V615502001;HIXnJ;1;"2022-02-07 00:00:00";"2022-02-07 00:00:00";16;889;20;10;0;<FLG>
V6155020;V615502001;HIXnJ;1;"2022-02-08 00:00:00";"2022-02-08 00:00:00";16;885;20;10;0;<FLG>
V6155020;V615502001;HIXnJ;1;"2022-02-09 00:00:00";"2022-02-09 00:00:00";16;879;20;10;0;<FLG>
V6155020;V615502001;HIXnJ;1;"2022-02-10 00:00:00";"2022-02-10 00:00:00";16;874;20;10;0;<FLG>
V6155020;V615502001;HIXnJ;1;"2022-02-11 00:00:00";"2022-02-11 00:00:00";16;870;20;10;0;<FLG>
V6155020;V615502001;HIXnJ;1;"2022-02-12 00:00:00";"2022-02-12 00:00:00";16;866;20;10;0;<FLG>
V6155020;V615502001;HIXnJ;1;"2022-02-13 00:00:00";"2022-02-13 00:00:00";16;863;20;10;0;<FLG>
V6155020;V615502001;HIXnJ;1;"2022-02-14 00:00:00";"2022-02-14 23:59:59";16;866;20;10;0;<FLG>
V6155020;V615502001;HIXnJ;1;"2022-02-15 00:00:00";"2022-02-15 23:59:59";16;915;20;10;0;<FLG>
V6155020;V615502001;HIXnJ;1;"2022-02-16 00:00:00";"2022-02-16 23:59:59";16;922;20;10;0;<FLG>
V6155020;V615502001;HIXnJ;1;"2022-02-17 00:00:00";"2022-02-17 23:59:59";16;931;20;10;0;<FLG>
V6155020;V615502001;HIXnJ;1;"2022-02-18 00:00:00";"2022-02-18 23:59:59";16;951;20;10;0;<FLG>
V6155020;V615502001;HIXnJ;1;"2022-02-19 00:00:00";"2022-02-19 17:46:00";16;956;20;10;0;<FLG>
V6155020;V615502001;HIXnJ;1;"2022-02-20 00:00:00";"2022-02-20 12:41:00";16;956;20;10;0;<FLG>
V6155020;V615502001;HIXnJ;1;"2022-02-21 00:00:00";"2022-02-21 00:00:00";16;952;20;10;0;<FLG>
V6155020;V615502001;HIXnJ;1;"2022-02-22 00:00:00";"2022-02-22 00:00:00";16;945;20;10;0;<FLG>
V6155020;V615502001;HIXnJ;1;"2022-02-23 00:00:00";"2022-02-23 00:00:00";16;933;20;10;0;<FLG>
V6155020;V615502001;HIXnJ;1;"2022-02-24 00:00:00";"2022-02-24 00:00:00";16;926;20;10;0;<FLG>
V6155020;V615502001;HIXnJ;1;"2022-02-25 00:00:00";"2022-02-25 00:00:00";16;919;20;10;0;<FLG>
V6155020;V615502001;HIXnJ;1;"2022-02-26 00:00:00";"2022-02-26 00:00:00";16;913;20;10;0;<FLG>
V6155020;V615502001;HIXnJ;1;"2022-02-27 00:00:00";"2022-02-27 00:00:00";16;906;20;10;0;<FLG>
V6155020;V615502001;HIXnJ;1;"2022-02-28 00:00:00";"2022-02-28 00:00:00";16;900;20;10;0;<FLG>
V6155020;V615502001;HIXnJ;1;"2022-03-01 00:00:00";"2022-03-01 00:00:00";16;894;20;10;0;<FLG>
V6155020;V615502001;HIXnJ;1;"2022-03-02 00:00:00";"2022-03-02 00:00:00";16;888;20;10;0;<FLG>
V6155020;V615502001;HIXnJ;1;"2022-03-03 00:00:00";"2022-03-03 00:00:00";16;884;20;10;0;<FLG>
V6155020;V615502001;HIXnJ;1;"2022-03-04 00:00:00";"2022-03-04 00:00:00";16;881;20;10;0;<FLG>
V6155020;V615502001;HIXnJ;1;"2022-03-05 00:00:00";"2022-03-05 00:00:00";16;878;20;10;0;<FLG>
V6155020;V615502001;HIXnJ;1;"2022-03-06 00:00:00";"2022-03-06 00:00:00";16;874;20;10;0;<FLG>
V6155020;V615502001;HIXnJ;1;"2022-03-07 00:00:00";"2022-03-07 00:00:00";16;870;20;10;0;<FLG>
V6155020;V615502001;HIXnJ;1;"2022-03-08 00:00:00";"2022-03-08 00:00:00";16;866;20;10;0;<FLG>
V6155020;V615502001;HIXnJ;1;"2022-03-09 00:00:00";"2022-03-09 00:00:00";16;861;20;10;0;<FLG>
V6155020;V615502001;HIXnJ;1;"2022-03-10 00:00:00";"2022-03-10 00:00:00";16;856;20;10;0;<FLG>
V6155020;V615502001;HIXnJ;1;"2022-03-11 00:00:00";"2022-03-11 00:00:00";16;852;20;10;0;<FLG>
V6155020;V615502001;HIXnJ;1;"2022-03-12 00:00:00";"2022-03-12 00:00:00";16;848;20;10;0;<FLG>
V6155020;V615502001;HIXnJ;1;"2022-03-13 00:00:00";"2022-03-13 00:00:00";16;844;20;10;0;<FLG>
V6155020;V615502001;HIXnJ;1;"2022-03-14 00:00:00";"2022-03-14 00:00:00";16;839;20;10;0;<FLG>
V6155020;V615502001;HIXnJ;1;"2022-03-15 00:00:00";"2022-03-15 23:59:59";16;842;20;10;0;<FLG>
V6155020;V615502001;HIXnJ;1;"2022-03-16 00:00:00";"2022-03-16 23:59:59";16;849;20;10;0;<FLG>
V6155020;V615502001;HIXnJ;1;"2022-03-17 00:00:00";"2022-03-17 23:59:59";16;856;20;10;0;<FLG>
V6155020;V615502001;HIXnJ;1;"2022-03-18 00:00:00";"2022-03-18 23:50:00";16;858;20;10;0;<FLG>
V6155020;V615502001;HIXnJ;1;"2022-03-19 00:00:00";"2022-03-19 00:00:00";16;858;20;10;0;<FLG>
V6155020;V615502001;HIXnJ;1;"2022-03-20 00:00:00";"2022-03-20 01:19:00";16;858;20;10;0;<FLG>
V6155020;V615502001;HIXnJ;1;"2022-03-21 00:00:00";"2022-03-21 00:00:00";16;855;20;10;0;<FLG>
V6155020;V615502001;HIXnJ;1;"2022-03-22 00:00:00";"2022-03-22 00:00:00";16;850;20;10;0;<FLG>
V6155020;V615502001;HIXnJ;1;"2022-03-23 00:00:00";"2022-03-23 00:00:00";16;845;20;10;0;<FLG>
V6155020;V615502001;HIXnJ;1;"2022-03-24 00:00:00";"2022-03-24 00:00:00";16;842;20;10;0;<FLG>
V6155020;V615502001;HIXnJ;1;"2022-03-25 00:00:00";"2022-03-25 00:00:00";16;838;20;10;0;<FLG>
V6155020;V615502001;HIXnJ;1;"2022-03-26 00:00:00";"2022-03-26 00:00:00";16;835;20;10;0;<FLG>
V6155020;V615502001;HIXnJ;1;"2022-03-27 00:00:00";"2022-03-27 00:00:00";16;831;20;10;0;<FLG>
V6155020;V615502001;HIXnJ;1;"2022-03-28 00:00:00";"2022-03-28 00:00:00";16;828;20;10;0;<FLG>
V6155020;V615502001;HIXnJ;1;"2022-03-29 00:00:00";"2022-03-29 00:00:00";16;825;20;10;0;<FLG>
V6155020;V615502001;HIXnJ;1;"2022-03-30 00:00:00";"2022-03-30 00:00:00";16;822;20;10;0;<FLG>
V6155020;V615502001;HIXnJ;1;"2022-03-31 00:00:00";"2022-03-31 17:07:00";16;822;20;10;0;<FLG>
V6155020;V615502001;HIXnJ;1;"2022-04-01 00:00:00";"2022-04-01 06:41:00";16;822;20;10;0;<FLG>
V6155020;V615502001;HIXnJ;1;"2022-04-02 00:00:00";"2022-04-02 06:45:00";16;822;20;10;0;<FLG>
V6155020;V615502001;HIXnJ;1;"2022-04-03 00:00:00";"2022-04-03 00:00:00";16;819;20;10;0;<FLG>
V6155020;V615502001;HIXnJ;1;"2022-04-04 00:00:00";"2022-04-04 00:00:00";16;814;20;10;0;<FLG>
V6155020;V615502001;HIXnJ;1;"2022-04-05 00:00:00";"2022-04-05 00:00:00";16;805;20;10;0;<FLG>
V6155020;V615502001;HIXnJ;1;"2022-04-06 00:00:00";"2022-04-06 07:01:00";16;802;20;10;0;<FLG>
V6155020;V615502001;HIXnJ;1;"2022-04-07 00:00:00";"2022-04-07 00:00:00";16;800;20;10;0;<FLG>
V6155020;V615502001;HIXnJ;1;"2022-04-08 00:00:00";"2022-04-08 04:50:00";16;798;20;10;0;<FLG>
V6155020;V615502001;HIXnJ;1;"2022-04-09 00:00:00";"2022-04-09 13:58:00";16;797;20;10;0;<FLG>
V6155020;V615502001;HIXnJ;1;"2022-04-10 00:00:00";"2022-04-10 03:57:00";16;796;20;10;0;<FLG>
V6155020;V615502001;HIXnJ;1;"2022-04-11 00:00:00";"2022-04-11 00:00:00";16;793;20;10;0;<FLG>
V6155020;V615502001;HIXnJ;1;"2022-04-12 00:00:00";"2022-04-12 05:04:00";16;791;20;10;0;<FLG>
V6155020;V615502001;HIXnJ;1;"2022-04-13 00:00:00";"2022-04-13 07:26:00";16;788;20;10;0;<FLG>
V6155020;V615502001;HIXnJ;1;"2022-04-14 00:00:00";"2022-04-14 06:12:00";16;786;20;10;0;<FLG>
V6155020;V615502001;HIXnJ;1;"2022-04-15 00:00:00";"2022-04-15 04:12:00";16;783;20;10;0;<FLG>
V6155020;V615502001;HIXnJ;1;"2022-04-16 00:00:00";"2022-04-16 10:35:00";16;781;20;10;0;<FLG>
V6155020;V615502001;HIXnJ;1;"2022-04-17 00:00:00";"2022-04-17 00:00:00";16;781;20;10;0;<FLG>
V6155020;V615502001;HIXnJ;1;"2022-04-18 00:00:00";"2022-04-18 00:00:00";16;779;20;10;0;<FLG>
V6155020;V615502001;HIXnJ;1;"2022-04-19 00:00:00";"2022-04-19 06:17:00";16;778;20;10;0;<FLG>
V6155020;V615502001;HIXnJ;1;"2022-04-20 00:00:00";"2022-04-20 03:46:00";16;778;20;10;0;<FLG>
V6155020;V615502001;HIXnJ;1;"2022-04-21 00:00:00";"2022-04-21 02:39:00";16;777;20;10;0;<FLG>
V6155020;V615502001;HIXnJ;1;"2022-04-22 00:00:00";"2022-04-22 23:59:59";16;809;20;10;0;<FLG>
V6155020;V615502001;HIXnJ;1;"2022-04-23 00:00:00";"2022-04-23 23:59:59";16;879;20;10;0;<FLG>
V6155020;V615502001;HIXnJ;1;"2022-04-24 00:00:00";"2022-04-24 23:59:59";16;1091;20;10;0;<FLG>
V6155020;V615502001;HIXnJ;1;"2022-04-25 00:00:00";"2022-04-25 23:59:59";16;1122;20;10;0;<FLG>
V6155020;V615502001;HIXnJ;1;"2022-04-26 00:00:00";"2022-04-26 13:35:00";16;1128;20;10;0;<FLG>
V6155020;V615502001;HIXnJ;1;"2022-04-27 00:00:00";"2022-04-27 00:00:00";16;1127;20;10;0;<FLG>
V6155020;V615502001;HIXnJ;1;"2022-04-28 00:00:00";"2022-04-28 00:00:00";16;1120;20;10;0;<FLG>
V6155020;V615502001;HIXnJ;1;"2022-04-29 00:00:00";"2022-04-29 00:00:00";16;1097;20;10;0;<FLG>
V6155020;V615502001;HIXnJ;1;"2022-04-30 00:00:00";"2022-04-30 00:00:00";16;1073;20;10;0;<FLG>
V6155020;V615502001;HIXnJ;1;"2022-05-01 00:00:00";"2022-05-01 00:00:00";16;1054;20;10;0;<FLG>
V6155020;V615502001;HIXnJ;1;"2022-05-02 00:00:00";"2022-05-02 00:00:00";16;1037;20;10;0;<FLG>
V6155020;V615502001;HIXnJ;1;"2022-05-03 00:00:00";"2022-05-03 00:00:00";16;1021;20;10;0;<FLG>
V6155020;V615502001;HIXnJ;1;"2022-05-04 00:00:00";"2022-05-04 00:00:00";16;1005;20;10;0;<FLG>
V6155020;V615502001;HIXnJ;1;"2022-05-05 00:00:00";"2022-05-05 00:00:00";16;994;20;10;0;<FLG>
V6155020;V615502001;HIXnJ;1;"2022-05-06 00:00:00";"2022-05-06 00:00:00";16;987;20;10;0;<FLG>
V6155020;V615502001;HIXnJ;1;"2022-05-07 00:00:00";"2022-05-07 00:00:00";16;977;20;10;0;<FLG>
V6155020;V615502001;HIXnJ;1;"2022-05-08 00:00:00";"2022-05-08 23:59:59";16;976;20;10;0;<FLG>
V6155020;V615502001;HIXnJ;1;"2022-05-09 00:00:00";"2022-05-09 23:59:59";16;1024;20;10;0;<FLG>
V6155020;V615502001;HIXnJ;1;"2022-05-10 00:00:00";"2022-05-10 23:59:59";16;1040;20;10;0;<FLG>
V6155020;V615502001;HIXnJ;1;"2022-05-11 00:00:00";"2022-05-11 05:57:00";16;1041;20;10;0;<FLG>
V6155020;V615502001;HIXnJ;1;"2022-05-12 00:00:00";"2022-05-12 00:10:00";16;1041;20;10;0;<FLG>
V6155020;V615502001;HIXnJ;1;"2022-05-13 00:00:00";"2022-05-13 00:00:00";16;1031;20;10;0;<FLG>
V6155020;V615502001;HIXnJ;1;"2022-05-14 00:00:00";"2022-05-14 00:00:00";16;1020;20;10;0;<FLG>
V6155020;V615502001;HIXnJ;1;"2022-05-15 00:00:00";"2022-05-15 00:00:00";16;1010;20;10;0;<FLG>
V6155020;V615502001;HIXnJ;1;"2022-05-16 00:00:00";"2022-05-16 00:00:00";16;1000;20;10;0;<FLG>
V6155020;V615502001;HIXnJ;1;"2022-05-17 00:00:00";"2022-05-17 00:00:00";16;988;20;10;0;<FLG>
V6155020;V615502001;HIXnJ;1;"2022-05-18 00:00:00";"2022-05-18 00:00:00";16;977;20;10;0;<FLG>
V6155020;V615502001;HIXnJ;1;"2022-05-19 00:00:00";"2022-05-19 00:00:00";16;965;20;10;0;<FLG>
V6155020;V615502001;HIXnJ;1;"2022-05-20 00:00:00";"2022-05-20 00:00:00";16;955;20;10;0;<FLG>
V6155020;V615502001;HIXnJ;1;"2022-05-21 00:00:00";"2022-05-21 00:00:00";16;947;20;10;0;<FLG>
V6155020;V615502001;HIXnJ;1;"2022-05-22 00:00:00";"2022-05-22 00:00:00";16;939;20;10;0;<FLG>
V6155020;V615502001;HIXnJ;1;"2022-05-23 00:00:00";"2022-05-23 04:55:00";16;933;20;10;0;<FLG>
V6155020;V615502001;HIXnJ;1;"2022-05-24 00:00:00";"2022-05-24 00:00:00";16;926;20;10;0;<FLG>
V6155020;V615502001;HIXnJ;1;"2022-05-25 00:00:00";"2022-05-25 00:00:00";16;918;20;10;0;<FLG>
V6155020;V615502001;HIXnJ;1;"2022-05-26 00:00:00";"2022-05-26 00:00:00";16;910;20;10;0;<FLG>
V6155020;V615502001;HIXnJ;1;"2022-05-27 00:00:00";"2022-05-27 00:00:00";16;903;20;10;0;<FLG>
V6155020;V615502001;HIXnJ;1;"2022-05-28 00:00:00";"2022-05-28 00:00:00";16;895;20;10;0;<FLG>
V6155020;V615502001;HIXnJ;1;"2022-05-29 00:00:00";"2022-05-29 00:00:00";16;891;20;10;0;<FLG>
V6155020;V615502001;HIXnJ;1;"2022-05-30 00:00:00";"2022-05-30 00:00:00";16;886;20;10;0;<FLG>
V6155020;V615502001;HIXnJ;1;"2022-05-31 00:00:00";"2022-05-31 00:00:00";16;880;20;10;0;<FLG>
V6155020;V615502001;HIXnJ;1;"2022-06-01 00:00:00";"2022-06-01 00:00:00";16;872;20;10;0;<FLG>
V6155020;V615502001;HIXnJ;1;"2022-06-02 00:00:00";"2022-06-02 00:00:00";16;867;20;10;0;<FLG>
V6155020;V615502001;HIXnJ;1;"2022-06-03 00:00:00";"2022-06-03 10:50:00";16;863;20;10;0;<FLG>
V6155020;V615502001;HIXnJ;1;"2022-06-04 00:00:00";"2022-06-04 00:00:00";16;859;20;10;0;<FLG>
V6155020;V615502001;HIXnJ;1;"2022-06-05 00:00:00";"2022-06-05 00:00:00";16;854;20;10;0;<FLG>
V6155020;V615502001;HIXnJ;1;"2022-06-06 00:00:00";"2022-06-06 00:00:00";16;849;20;10;0;<FLG>
V6155020;V615502001;HIXnJ;1;"2022-06-07 00:00:00";"2022-06-07 00:00:00";16;845;20;10;0;<FLG>
V6155020;V615502001;HIXnJ;1;"2022-06-08 00:00:00";"2022-06-08 00:00:00";16;841;20;10;0;<FLG>
V6155020;V615502001;HIXnJ;1;"2022-06-09 00:00:00";"2022-06-09 00:00:00";16;838;20;10;0;<FLG>
V6155020;V615502001;HIXnJ;1;"2022-06-10 00:00:00";"2022-06-10 00:00:00";16;834;20;10;0;<FLG>
V6155020;V615502001;HIXnJ;1;"2022-06-11 00:00:00";"2022-06-11 00:00:00";16;830;20;10;0;<FLG>
V6155020;V615502001;HIXnJ;1;"2022-06-12 00:00:00";"2022-06-12 00:00:00";16;823;20;10;0;<FLG>
V6155020;V615502001;HIXnJ;1;"2022-06-13 00:00:00";"2022-06-13 00:00:00";16;820;20;10;0;<FLG>
V6155020;V615502001;HIXnJ;1;"2022-06-14 00:00:00";"2022-06-14 00:00:00";16;817;20;10;0;<FLG>
V6155020;V615502001;HIXnJ;1;"2022-06-15 00:00:00";"2022-06-15 00:00:00";16;814;20;10;0;<FLG>
V6155020;V615502001;HIXnJ;1;"2022-06-16 00:00:00";"2022-06-16 00:00:00";16;812;20;10;0;<FLG>
V6155020;V615502001;HIXnJ;1;"2022-06-17 00:00:00";"2022-06-17 00:00:00";16;809;20;10;0;<FLG>
V6155020;V615502001;HIXnJ;1;"2022-06-18 00:00:00";"2022-06-18 00:00:00";16;807;20;10;0;<FLG>
V6155020;V615502001;HIXnJ;1;"2022-06-19 00:00:00";"2022-06-19 12:40:00";16;805;20;10;0;<FLG>
V6155020;V615502001;HIXnJ;1;"2022-06-20 00:00:00";"2022-06-20 00:00:00";16;804;20;10;0;<FLG>
V6155020;V615502001;HIXnJ;1;"2022-06-21 00:00:00";"2022-06-21 00:00:00";16;801;20;10;0;<FLG>
V6155020;V615502001;HIXnJ;1;"2022-06-22 00:00:00";"2022-06-22 00:00:00";16;798;20;10;0;<FLG>
V6155020;V615502001;HIXnJ;1;"2022-06-23 00:00:00";"2022-06-23 00:00:00";16;795;20;10;0;<FLG>
V6155020;V615502001;HIXnJ;1;"2022-06-24 00:00:00";"2022-06-24 00:00:00";16;794;20;10;0;<FLG>
V6155020;V615502001;HIXnJ;1;"2022-06-25 00:00:00";"2022-06-25 00:00:00";16;794;20;10;0;<FLG>
V6155020;V615502001;HIXnJ;1;"2022-06-26 00:00:00";"2022-06-26 00:00:00";16;792;20;10;0;<FLG>
V6155020;V615502001;HIXnJ;1;"2022-06-27 00:00:00";"2022-06-27 00:00:00";16;789;20;10;0;<FLG>
V6155020;V615502001;HIXnJ;1;"2022-06-28 00:00:00";"2022-06-28 14:14:00";16;786;20;10;0;<FLG>
V6155020;V615502001;HIXnJ;1;"2022-06-29 00:00:00";"2022-06-29 00:00:00";16;785;20;10;0;<FLG>
V6155020;V615502001;HIXnJ;1;"2022-06-30 00:00:00";"2022-06-30 00:00:00";16;783;20;10;0;<FLG>
V6155020;V615502001;HIXnJ;1;"2022-07-01 00:00:00";"2022-07-01 00:00:00";16;780;20;10;0;<FLG>
V6155020;V615502001;HIXnJ;1;"2022-07-02 00:00:00";"2022-07-02 00:00:00";16;777;20;10;0;<FLG>
V6155020;V615502001;HIXnJ;1;"2022-07-03 00:00:00";"2022-07-03 00:00:00";16;774;20;10;0;<FLG>
V6155020;V615502001;HIXnJ;1;"2022-07-04 00:00:00";"2022-07-04 00:00:00";16;771;20;10;0;<FLG>
V6155020;V615502001;HIXnJ;1;"2022-07-05 00:00:00";"2022-07-05 00:00:00";16;768;20;10;0;<FLG>
V6155020;V615502001;HIXnJ;1;"2022-07-06 00:00:00";"2022-07-06 00:00:00";16;765;20;10;0;<FLG>
V6155020;V615502001;HIXnJ;1;"2022-07-07 00:00:00";"2022-07-07 00:00:00";16;762;20;10;0;<FLG>
V6155020;V615502001;HIXnJ;1;"2022-07-08 00:00:00";"2022-07-08 17:41:00";16;762;20;10;0;<FLG>
V6155020;V615502001;HIXnJ;1;"2022-07-09 00:00:00";"2022-07-09 14:42:00";16;762;20;10;0;<FLG>
V6155020;V615502001;HIXnJ;1;"2022-07-10 00:00:00";"2022-07-10 00:00:00";16;760;20;10;0;<FLG>
V6155020;V615502001;HIXnJ;1;"2022-07-11 00:00:00";"2022-07-11 16:38:00";16;758;20;10;0;<FLG>
V6155020;V615502001;HIXnJ;1;"2022-07-12 00:00:00";"2022-07-12 00:00:00";16;757;20;10;0;<FLG>
V6155020;V615502001;HIXnJ;1;"2022-07-13 00:00:00";"2022-07-13 00:00:00";16;754;20;10;0;<FLG>
V6155020;V615502001;HIXnJ;1;"2022-07-14 00:00:00";"2022-07-14 23:59:59";16;753;20;10;0;<FLG>
V6155020;V615502001;HIXnJ;1;"2022-07-15 00:00:00";"2022-07-15 06:35:00";16;753;20;10;0;<FLG>
V6155020;V615502001;HIXnJ;1;"2022-07-16 00:00:00";"2022-07-16 19:47:00";16;749;20;10;0;<FLG>
V6155020;V615502001;HIXnJ;1;"2022-07-17 00:00:00";"2022-07-17 00:00:00";16;748;20;10;0;<FLG>
V6155020;V615502001;HIXnJ;1;"2022-07-18 00:00:00";"2022-07-18 14:00:00";16;747;20;10;0;<FLG>
V6155020;V615502001;HIXnJ;1;"2022-07-19 00:00:00";"2022-07-19 14:10:00";16;744;20;10;0;<FLG>
V6155020;V615502001;HIXnJ;1;"2022-07-20 00:00:00";"2022-07-20 00:00:00";16;743;20;10;0;<FLG>
V6155020;V615502001;HIXnJ;1;"2022-07-21 00:00:00";"2022-07-21 14:25:00";16;744;20;10;0;<FLG>
V6155020;V615502001;HIXnJ;1;"2022-07-22 00:00:00";"2022-07-22 15:25:00";16;745;20;10;0;<FLG>
V6155020;V615502001;HIXnJ;1;"2022-07-23 00:00:00";"2022-07-23 06:40:00";16;744;20;10;0;<FLG>
V6155020;V615502001;HIXnJ;1;"2022-07-24 00:00:00";"2022-07-24 15:49:00";16;736;20;10;0;<FLG>
V6155020;V615502001;HIXnJ;1;"2022-07-25 00:00:00";"2022-07-25 00:00:00";16;734;20;10;0;<FLG>
V6155020;V615502001;HIXnJ;1;"2022-07-26 00:00:00";"2022-07-26 19:07:00";16;732;20;10;0;<FLG>
V6155020;V615502001;HIXnJ;1;"2022-07-27 00:00:00";"2022-07-27 18:23:00";16;732;20;10;0;<FLG>
V6155020;V615502001;HIXnJ;1;"2022-07-28 00:00:00";"2022-07-28 00:00:00";16;731;20;10;0;<FLG>
V6155020;V615502001;HIXnJ;1;"2022-07-29 00:00:00";"2022-07-29 00:00:00";16;727;20;10;0;<FLG>
V6155020;V615502001;HIXnJ;1;"2022-07-30 00:00:00";"2022-07-30 00:00:00";16;726;20;10;0;<FLG>
V6155020;V615502001;HIXnJ;1;"2022-07-31 00:00:00";"2022-07-31 17:36:00";16;725;20;10;0;<FLG>
V6155020;V615502001;HIXnJ;1;"2022-08-01 00:00:00";"2022-08-01 14:00:00";16;726;20;10;0;<FLG>
V6155020;V615502001;HIXnJ;1;"2022-08-02 00:00:00";"2022-08-02 11:08:00";16;721;20;10;0;<FLG>
V6155020;V615502001;HIXnJ;1;"2022-08-03 00:00:00";"2022-08-03 13:10:00";16;722;20;10;0;<FLG>
V6155020;V615502001;HIXnJ;1;"2022-08-04 00:00:00";"2022-08-04 14:50:00";16;718;20;10;0;<FLG>
V6155020;V615502001;HIXnJ;1;"2022-08-05 00:00:00";"2022-08-05 12:47:00";16;715;20;10;0;<FLG>
V6155020;V615502001;HIXnJ;1;"2022-08-06 00:00:00";"2022-08-06 16:15:00";16;718;20;10;0;<FLG>
V6155020;V615502001;HIXnJ;1;"2022-08-07 00:00:00";"2022-08-07 15:56:00";16;711;20;10;0;<FLG>
V6155020;V615502001;HIXnJ;1;"2022-08-08 00:00:00";"2022-08-08 16:50:00";16;712;20;10;0;<FLG>
V6155020;V615502001;HIXnJ;1;"2022-08-09 00:00:00";"2022-08-09 13:10:00";16;711;20;10;0;<FLG>
V6155020;V615502001;HIXnJ;1;"2022-08-10 00:00:00";"2022-08-10 00:00:00";16;707;20;10;0;<FLG>
V6155020;V615502001;HIXnJ;1;"2022-08-11 00:00:00";"2022-08-11 00:00:00";16;706;20;10;0;<FLG>
V6155020;V615502001;HIXnJ;1;"2022-08-12 00:00:00";"2022-08-12 00:00:00";16;705;20;10;0;<FLG>
V6155020;V615502001;HIXnJ;1;"2022-08-13 00:00:00";"2022-08-13 00:00:00";16;704;20;10;0;<FLG>
V6155020;V615502001;HIXnJ;1;"2022-08-14 00:00:00";"2022-08-14 23:59:59";16;703;20;10;0;<FLG>
V6155020;V615502001;HIXnJ;1;"2022-08-15 00:00:00";"2022-08-15 08:40:00";16;705;20;10;0;<FLG>
V6155020;V615502001;HIXnJ;1;"2022-08-16 00:00:00";"2022-08-16 11:19:00";16;704;20;10;0;<FLG>
V6155020;V615502001;HIXnJ;1;"2022-08-17 00:00:00";"2022-08-17 00:00:00";16;701;20;10;0;<FLG>
V6155020;V615502001;HIXnJ;1;"2022-08-18 00:00:00";"2022-08-18 23:59:59";16;699;20;10;0;<FLG>
V6155020;V615502001;HIXnJ;1;"2022-08-19 00:00:00";"2022-08-19 23:59:59";16;700;20;10;0;<FLG>
V6155020;V615502001;HIXnJ;1;"2022-08-20 00:00:00";"2022-08-20 03:15:00";16;700;20;10;0;<FLG>
V6155020;V615502001;HIXnJ;1;"2022-08-21 00:00:00";"2022-08-21 00:00:00";16;695;20;10;0;<FLG>
V6155020;V615502001;HIXnJ;1;"2022-08-22 00:00:00";"2022-08-22 15:16:00";16;694;20;10;0;<FLG>
V6155020;V615502001;HIXnJ;1;"2022-08-23 00:00:00";"2022-08-23 00:00:00";16;694;20;10;0;<FLG>
V6155020;V615502001;HIXnJ;1;"2022-08-24 00:00:00";"2022-08-24 00:00:00";16;690;20;10;0;<FLG>
V6155020;V615502001;HIXnJ;1;"2022-08-25 00:00:00";"2022-08-25 00:00:00";16;686;20;10;0;<FLG>
V6155020;V615502001;HIXnJ;1;"2022-08-26 00:00:00";"2022-08-26 18:20:00";16;688;20;10;0;<FLG>
V6155020;V615502001;HIXnJ;1;"2022-08-27 00:00:00";"2022-08-27 00:00:00";16;687;20;10;0;<FLG>
V6155020;V615502001;HIXnJ;1;"2022-08-28 00:00:00";"2022-08-28 00:00:00";16;683;20;10;0;<FLG>
V6155020;V615502001;HIXnJ;1;"2022-08-29 00:00:00";"2022-08-29 10:17:00";16;684;20;10;0;<FLG>
V6155020;V615502001;HIXnJ;1;"2022-08-30 00:00:00";"2022-08-30 07:20:00";16;683;20;10;0;<FLG>
V6155020;V615502001;HIXnJ;1;"2022-08-31 00:00:00";"2022-08-31 09:20:00";16;679;20;10;0;<FLG>
V6155020;V615502001;HIXnJ;1;"2022-09-01 00:00:00";"2022-09-01 23:59:59";16;682;20;10;0;<FLG>
V6155020;V615502001;HIXnJ;1;"2022-09-02 00:00:00";"2022-09-02 19:50:00";16;683;20;10;0;<FLG>
V6155020;V615502001;HIXnJ;1;"2022-09-03 00:00:00";"2022-09-03 00:00:00";16;682;20;10;0;<FLG>
V6155020;V615502001;HIXnJ;1;"2022-09-04 00:00:00";"2022-09-04 23:59:59";16;683;20;10;0;<FLG>
V6155020;V615502001;HIXnJ;1;"2022-09-05 00:00:00";"2022-09-05 08:57:00";16;684;20;10;0;<FLG>
V6155020;V615502001;HIXnJ;1;"2022-09-06 00:00:00";"2022-09-06 00:00:00";16;682;20;10;0;<FLG>
V6155020;V615502001;HIXnJ;1;"2022-09-07 00:00:00";"2022-09-07 23:59:59";16;679;20;10;0;<FLG>
V6155020;V615502001;HIXnJ;1;"2022-09-08 00:00:00";"2022-09-08 23:59:59";16;692;20;10;0;<FLG>
V6155020;V615502001;HIXnJ;1;"2022-09-09 00:00:00";"2022-09-09 06:50:00";16;696;20;10;0;<FLG>
V6155020;V615502001;HIXnJ;1;"2022-09-10 00:00:00";"2022-09-10 00:00:00";16;692;20;10;0;<FLG>
V6155020;V615502001;HIXnJ;1;"2022-09-11 00:00:00";"2022-09-11 00:00:00";16;687;20;10;0;<FLG>
V6155020;V615502001;HIXnJ;1;"2022-09-12 00:00:00";"2022-09-12 00:00:00";16;683;20;10;0;<FLG>
V6155020;V615502001;HIXnJ;1;"2022-09-13 00:00:00";"2022-09-13 00:00:00";16;680;20;10;0;<FLG>
V6155020;V615502001;HIXnJ;1;"2022-09-14 00:00:00";"2022-09-14 00:00:00";16;674;20;10;0;<FLG>
V6155020;V615502001;HIXnJ;1;"2022-09-15 00:00:00";"2022-09-15 00:00:00";16;671;20;10;0;<FLG>
V6155020;V615502001;HIXnJ;1;"2022-09-16 00:00:00";"2022-09-16 00:00:00";16;668;20;10;0;<FLG>
V6155020;V615502001;HIXnJ;1;"2022-09-17 00:00:00";"2022-09-17 00:00:00";16;664;20;10;0;<FLG>
V6155020;V615502001;HIXnJ;1;"2022-09-18 00:00:00";"2022-09-18 12:50:00";16;664;20;10;0;<FLG>
V6155020;V615502001;HIXnJ;1;"2022-09-19 00:00:00";"2022-09-19 00:00:00";16;662;20;10;0;<FLG>
V6155020;V615502001;HIXnJ;1;"2022-09-20 00:00:00";"2022-09-20 00:00:00";16;656;20;10;0;<FLG>
V6155020;V615502001;HIXnJ;1;"2022-09-21 00:00:00";"2022-09-21 23:59:59";16;653;20;10;0;<FLG>
V6155020;V615502001;HIXnJ;1;"2022-09-22 00:00:00";"2022-09-22 03:30:00";16;654;20;10;0;<FLG>
V6155020;V615502001;HIXnJ;1;"2022-09-23 00:00:00";"2022-09-23 00:00:00";16;650;20;10;0;<FLG>
V6155020;V615502001;HIXnJ;1;"2022-09-24 00:00:00";"2022-09-24 23:59:59";16;674;20;10;0;<FLG>
V6155020;V615502001;HIXnJ;1;"2022-09-25 00:00:00";"2022-09-25 23:59:59";16;684;20;10;0;<FLG>
V6155020;V615502001;HIXnJ;1;"2022-09-26 00:00:00";"2022-09-26 13:00:00";16;686;20;10;0;<FLG>
V6155020;V615502001;HIXnJ;1;"2022-09-27 00:00:00";"2022-09-27 00:00:00";16;682;20;10;0;<FLG>
V6155020;V615502001;HIXnJ;1;"2022-09-28 00:00:00";"2022-09-28 18:47:00";16;676;20;10;0;<FLG>
V6155020;V615502001;HIXnJ;1;"2022-09-29 00:00:00";"2022-09-29 00:00:00";16;674;20;10;0;<FLG>
V6155020;V615502001;HIXnJ;1;"2022-09-30 00:00:00";"2022-09-30 00:00:00";16;665;20;10;0;<FLG>
V6155020;V615502001;HIXnJ;1;"2022-10-01 00:00:00";"2022-10-01 00:00:00";16;657;20;10;0;<FLG>
V6155020;V615502001;HIXnJ;1;"2022-10-02 00:00:00";"2022-10-02 12:37:00";16;655;20;10;0;<FLG>
V6155020;V615502001;HIXnJ;1;"2022-10-03 00:00:00";"2022-10-03 00:00:00";16;652;20;10;0;<FLG>
V6155020;V615502001;HIXnJ;1;"2022-10-04 00:00:00";"2022-10-04 13:45:00";16;645;20;10;0;<FLG>
V6155020;V615502001;HIXnJ;1;"2022-10-05 00:00:00";"2022-10-05 14:39:00";16;646;20;10;0;<FLG>
V6155020;V615502001;HIXnJ;1;"2022-10-06 00:00:00";"2022-10-06 00:00:00";16;644;20;10;0;<FLG>
V6155020;V615502001;HIXnJ;1;"2022-10-07 00:00:00";"2022-10-07 04:00:00";16;641;20;10;0;<FLG>
V6155020;V615502001;HIXnJ;1;"2022-10-08 00:00:00";"2022-10-08 16:21:00";16;643;20;10;0;<FLG>
V6155020;V615502001;HIXnJ;1;"2022-10-09 00:00:00";"2022-10-09 04:48:00";16;644;20;10;0;<FLG>
V6155020;V615502001;HIXnJ;1;"2022-10-10 00:00:00";"2022-10-10 00:00:00";16;639;20;10;0;<FLG>
V6155020;V615502001;HIXnJ;1;"2022-10-11 00:00:00";"2022-10-11 23:59:59";16;640;20;10;0;<FLG>
V6155020;V615502001;HIXnJ;1;"2022-10-12 00:00:00";"2022-10-12 13:34:00";16;642;20;10;0;<FLG>
V6155020;V615502001;HIXnJ;1;"2022-10-13 00:00:00";"2022-10-13 12:27:00";16;640;20;10;0;<FLG>
V6155020;V615502001;HIXnJ;1;"2022-10-14 00:00:00";"2022-10-14 15:22:00";16;638;20;10;0;<FLG>
V6155020;V615502001;HIXnJ;1;"2022-10-15 00:00:00";"2022-10-15 15:36:00";16;639;20;10;0;<FLG>
V6155020;V615502001;HIXnJ;1;"2022-10-16 00:00:00";"2022-10-16 12:28:00";16;636;20;10;0;<FLG>
V6155020;V615502001;HIXnJ;1;"2022-10-17 00:00:00";"2022-10-17 12:54:00";16;629;20;10;0;<FLG>
V6155020;V615502001;HIXnJ;1;"2022-10-18 00:00:00";"2022-10-18 23:59:59";16;629;20;10;0;<FLG>
V6155020;V615502001;HIXnJ;1;"2022-10-19 00:00:00";"2022-10-19 16:44:00";16;633;20;10;0;<FLG>
V6155020;V615502001;HIXnJ;1;"2022-10-20 00:00:00";"2022-10-20 00:00:00";16;631;20;10;0;<FLG>
V6155020;V615502001;HIXnJ;1;"2022-10-21 00:00:00";"2022-10-21 05:05:00";16;631;20;10;0;<FLG>
V6155020;V615502001;HIXnJ;1;"2022-10-22 00:00:00";"2022-10-22 03:37:00";16;630;20;10;0;<FLG>
V6155020;V615502001;HIXnJ;1;"2022-10-23 00:00:00";"2022-10-23 05:32:00";16;631;20;10;0;<FLG>
V6155020;V615502001;HIXnJ;1;"2022-10-24 00:00:00";"2022-10-24 05:46:00";16;626;20;10;0;<FLG>
V6155020;V615502001;HIXnJ;1;"2022-10-25 00:00:00";"2022-10-25 16:46:00";16;626;20;10;0;<FLG>
V6155020;V615502001;HIXnJ;1;"2022-10-26 00:00:00";"2022-10-26 12:37:00";16;629;20;10;0;<FLG>
V6155020;V615502001;HIXnJ;1;"2022-10-27 00:00:00";"2022-10-27 00:00:00";16;625;20;10;0;<FLG>
V6155020;V615502001;HIXnJ;1;"2022-10-28 00:00:00";"2022-10-28 14:05:00";16;623;20;10;0;<FLG>
V6155020;V615502001;HIXnJ;1;"2022-10-29 00:00:00";"2022-10-29 12:58:00";16;627;20;10;0;<FLG>
V6155020;V615502001;HIXnJ;1;"2022-10-30 00:00:00";"2022-10-30 12:58:00";16;625;20;10;0;<FLG>
V6155020;V615502001;HIXnJ;1;"2022-10-31 00:00:00";"2022-10-31 15:11:00";16;625;20;10;0;<FLG>
V6155020;V615502001;HIXnJ;1;"2022-11-01 00:00:00";"2022-11-01 04:25:00";16;668;20;10;0;<FLG>
V6155020;V615502001;HIXnJ;1;"2022-11-02 00:00:00";"2022-11-02 01:07:00";16;666;20;10;0;<FLG>
V6155020;V615502001;HIXnJ;1;"2022-11-03 00:00:00";"2022-11-03 23:59:59";16;782;20;10;0;<FLG>
V6155020;V615502001;HIXnJ;1;"2022-11-04 00:00:00";"2022-11-04 22:00:00";16;836;20;10;0;<FLG>
V6155020;V615502001;HIXnJ;1;"2022-11-05 00:00:00";"2022-11-05 00:00:00";16;836;20;10;0;<FLG>
V6155020;V615502001;HIXnJ;1;"2022-11-06 00:00:00";"2022-11-06 00:00:00";16;817;20;10;0;<FLG>
V6155020;V615502001;HIXnJ;1;"2022-11-07 00:00:00";"2022-11-07 00:00:00";16;787;20;10;0;<FLG>
V6155020;V615502001;HIXnJ;1;"2022-11-08 00:00:00";"2022-11-08 00:00:00";16;763;20;10;0;<FLG>
V6155020;V615502001;HIXnJ;1;"2022-11-09 00:00:00";"2022-11-09 23:59:59";16;754;20;10;0;<FLG>
V6155020;V615502001;HIXnJ;1;"2022-11-10 00:00:00";"2022-11-10 23:59:59";16;841;20;10;0;<FLG>
V6155020;V615502001;HIXnJ;1;"2022-11-11 00:00:00";"2022-11-11 11:20:00";16;847;20;10;0;<FLG>
V6155020;V615502001;HIXnJ;1;"2022-11-12 00:00:00";"2022-11-12 00:00:00";16;839;20;10;0;<FLG>
V6155020;V615502001;HIXnJ;1;"2022-11-13 00:00:00";"2022-11-13 00:00:00";16;824;20;10;0;<FLG>
V6155020;V615502001;HIXnJ;1;"2022-11-14 00:00:00";"2022-11-14 00:00:00";16;805;20;10;0;<FLG>
V6155020;V615502001;HIXnJ;1;"2022-11-15 00:00:00";"2022-11-15 00:00:00";16;789;20;10;0;<FLG>
V6155020;V615502001;HIXnJ;1;"2022-11-16 00:00:00";"2022-11-16 23:59:59";16;793;20;10;0;<FLG>
V6155020;V615502001;HIXnJ;1;"2022-11-17 00:00:00";"2022-11-17 23:59:59";16;813;20;10;0;<FLG>
V6155020;V615502001;HIXnJ;1;"2022-11-18 00:00:00";"2022-11-18 13:45:00";16;815;20;10;0;<FLG>
V6155020;V615502001;HIXnJ;1;"2022-11-19 00:00:00";"2022-11-19 00:00:00";16;810;20;10;0;<FLG>
V6155020;V615502001;HIXnJ;1;"2022-11-20 00:00:00";"2022-11-20 00:00:00";16;799;20;10;0;<FLG>
V6155020;V615502001;HIXnJ;1;"2022-11-21 00:00:00";"2022-11-21 00:00:00";16;789;20;10;0;<FLG>
V6155020;V615502001;HIXnJ;1;"2022-11-22 00:00:00";"2022-11-22 23:59:59";16;784;20;10;0;<FLG>
V6155020;V615502001;HIXnJ;1;"2022-11-23 00:00:00";"2022-11-23 13:25:00";16;789;20;10;0;<FLG>
V6155020;V615502001;HIXnJ;1;"2022-11-24 00:00:00";"2022-11-24 19:26:00";16;783;20;10;0;<FLG>
V6155020;V615502001;HIXnJ;1;"2022-11-25 00:00:00";"2022-11-25 07:31:00";16;781;20;10;0;<FLG>
V6155020;V615502001;HIXnJ;1;"2022-11-26 00:00:00";"2022-11-26 00:00:00";16;773;20;10;0;<FLG>
V6155020;V615502001;HIXnJ;1;"2022-11-27 00:00:00";"2022-11-27 00:00:00";16;766;20;10;0;<FLG>
V6155020;V615502001;HIXnJ;1;"2022-11-28 00:00:00";"2022-11-28 00:00:00";16;761;20;10;0;<FLG>
V6155020;V615502001;HIXnJ;1;"2022-11-29 00:00:00";"2022-11-29 23:59:59";16;785;20;10;0;<FLG>
V6155020;V615502001;HIXnJ;1;"2022-11-30 00:00:00";"2022-11-30 21:56:00";16;796;20;10;0;<FLG>
V6155020;V615502001;HIXnJ;1;"2022-12-01 00:00:00";"2022-12-01 14:12:00";16;798;20;10;0;<FLG>
V6155020;V615502001;HIXnJ;1;"2022-12-02 00:00:00";"2022-12-02 00:00:00";16;797;20;10;0;<FLG>
V6155020;V615502001;HIXnJ;1;"2022-12-03 00:00:00";"2022-12-03 00:00:00";16;793;20;10;0;<FLG>
V6155020;V615502001;HIXnJ;1;"2022-12-04 00:00:00";"2022-12-04 23:59:59";16;1059;20;10;0;<FLG>
V6155020;V615502001;HIXnJ;1;"2022-12-05 00:00:00";"2022-12-05 23:59:59";16;1137;20;10;0;<FLG>
V6155020;V615502001;HIXnJ;1;"2022-12-06 00:00:00";"2022-12-06 01:57:00";16;1139;20;10;0;<FLG>
V6155020;V615502001;HIXnJ;1;"2022-12-07 00:00:00";"2022-12-07 00:00:00";16;1130;20;10;0;<FLG>
V6155020;V615502001;HIXnJ;1;"2022-12-08 00:00:00";"2022-12-08 00:00:00";16;1102;20;10;0;<FLG>
V6155020;V615502001;HIXnJ;1;"2022-12-09 00:00:00";"2022-12-09 23:59:59";16;1291;20;10;0;<FLG>
V6155020;V615502001;HIXnJ;1;"2022-12-10 00:00:00";"2022-12-10 23:59:59";16;1373;20;10;0;<FLG>
V6155020;V615502001;HIXnJ;1;"2022-12-11 00:00:00";"2022-12-11 07:17:00";16;1374;20;10;0;<FLG>
V6155020;V615502001;HIXnJ;1;"2022-12-12 00:00:00";"2022-12-12 00:00:00";16;1355;20;10;0;<FLG>
V6155020;V615502001;HIXnJ;1;"2022-12-13 00:00:00";"2022-12-13 23:59:59";16;1317;20;10;0;<FLG>
V6155020;V615502001;HIXnJ;1;"2022-12-14 00:00:00";"2022-12-14 23:59:59";16;1352;20;10;0;<FLG>
V6155020;V615502001;HIXnJ;1;"2022-12-15 00:00:00";"2022-12-15 23:59:59";16;1490;20;10;0;<FLG>
V6155020;V615502001;HIXnJ;1;"2022-12-16 00:00:00";"2022-12-16 23:59:59";16;1553;20;10;0;<FLG>
V6155020;V615502001;HIXnJ;1;"2022-12-17 00:00:00";"2022-12-17 01:25:00";16;1554;20;10;0;<FLG>
V6155020;V615502001;HIXnJ;1;"2022-12-18 00:00:00";"2022-12-18 00:00:00";16;1542;20;10;0;<FLG>
V6155020;V615502001;HIXnJ;1;"2022-12-19 00:00:00";"2022-12-19 00:00:00";16;1517;20;10;0;<FLG>
V6155020;V615502001;HIXnJ;1;"2022-12-20 00:00:00";"2022-12-20 00:00:00";16;1489;20;10;0;<FLG>
V6155020;V615502001;HIXnJ;1;"2022-12-21 00:00:00";"2022-12-21 00:00:00";16;1454;20;10;0;<FLG>
V6155020;V615502001;HIXnJ;1;"2022-12-22 00:00:00";"2022-12-22 00:00:00";16;1413;20;10;0;<FLG>
V6155020;V615502001;HIXnJ;1;"2022-12-23 00:00:00";"2022-12-23 00:00:00";16;1375;20;10;0;<FLG>
V6155020;V615502001;HIXnJ;1;"2022-12-24 00:00:00";"2022-12-24 00:00:00";16;1342;20;10;0;<FLG>
V6155020;V615502001;HIXnJ;1;"2022-12-25 00:00:00";"2022-12-25 00:00:00";16;1312;20;10;0;<FLG>
V6155020;V615502001;HIXnJ;1;"2022-12-26 00:00:00";"2022-12-26 00:00:00";16;1284;20;10;0;<FLG>
V6155020;V615502001;HIXnJ;1;"2022-12-27 00:00:00";"2022-12-27 00:00:00";16;1256;20;10;0;<FLG>
V6155020;V615502001;HIXnJ;1;"2022-12-28 00:00:00";"2022-12-28 00:00:00";16;1229;20;10;0;<FLG>
V6155020;V615502001;HIXnJ;1;"2022-12-29 00:00:00";"2022-12-29 00:00:00";16;1205;20;10;0;<FLG>
V6155020;V615502001;HIXnJ;1;"2022-12-30 00:00:00";"2022-12-30 00:00:00";16;1196;20;10;0;<FLG>
V6155020;V615502001;HIXnJ;1;"2022-12-31 00:00:00";"2022-12-31 00:00:00";16;1187;20;10;0;<FLG>
V6155020;V615502001;HIXnJ;1;"2023-01-01 00:00:00";"2023-01-01 00:00:00";16;1178;20;10;0;<FLG>
V6155020;V615502001;HIXnJ;1;"2023-01-02 00:00:00";"2023-01-02 00:00:00";16;1169;20;10;0;<FLG>
V6155020;V615502001;HIXnJ;1;"2023-01-03 00:00:00";"2023-01-03 00:00:00";16;1159;20;10;0;<FLG>
V6155020;V615502001;HIXnJ;1;"2023-01-04 00:00:00";"2023-01-04 00:00:00";16;1150;20;10;0;<FLG>
V6155020;V615502001;HIXnJ;1;"2023-01-05 00:00:00";"2023-01-05 00:00:00";16;1141;20;10;0;<FLG>
V6155020;V615502001;HIXnJ;1;"2023-01-06 00:00:00";"2023-01-06 00:00:00";16;1132;20;10;0;<FLG>
V6155020;V615502001;HIXnJ;1;"2023-01-07 00:00:00";"2023-01-07 00:00:00";16;1123;20;10;0;<FLG>
V6155020;V615502001;HIXnJ;1;"2023-01-08 00:00:00";"2023-01-08 00:00:00";16;1113;20;10;0;<FLG>
V6155020;V615502001;HIXnJ;1;"2023-01-09 00:00:00";"2023-01-09 00:00:00";16;1104;20;10;0;<FLG>
V6155020;V615502001;HIXnJ;1;"2023-01-10 00:00:00";"2023-01-10 18:30:00";16;1100;20;10;0;<FLG>
V6155020;V615502001;HIXnJ;1;"2023-01-11 00:00:00";"2023-01-11 00:00:00";16;1099;20;10;0;<FLG>
V6155020;V615502001;HIXnJ;1;"2023-01-12 00:00:00";"2023-01-12 00:00:00";16;1095;20;10;0;<FLG>
V6155020;V615502001;HIXnJ;1;"2023-01-13 00:00:00";"2023-01-13 00:00:00";16;1091;20;10;0;<FLG>
V6155020;V615502001;HIXnJ;1;"2023-01-14 00:00:00";"2023-01-14 00:00:00";16;1086;20;10;0;<FLG>
V6155020;V615502001;HIXnJ;1;"2023-01-15 00:00:00";"2023-01-15 00:00:00";16;1082;20;10;0;<FLG>
V6155020;V615502001;HIXnJ;1;"2023-01-16 00:00:00";"2023-01-16 00:00:00";16;1078;20;10;0;<FLG>
V6155020;V615502001;HIXnJ;1;"2023-01-17 00:00:00";"2023-01-17 00:00:00";16;1074;20;10;0;<FLG>
V6155020;V615502001;HIXnJ;1;"2023-01-18 00:00:00";"2023-01-18 00:00:00";16;1070;20;10;0;<FLG>
V6155020;V615502001;HIXnJ;1;"2023-01-19 00:00:00";"2023-01-19 00:00:00";16;1065;20;10;0;<FLG>
V6155020;V615502001;HIXnJ;1;"2023-01-20 00:00:00";"2023-01-20 00:00:00";16;1060;20;10;0;<FLG>
V6155020;V615502001;HIXnJ;1;"2023-01-21 00:00:00";"2023-01-21 00:00:00";16;1053;20;10;0;<FLG>
V6155020;V615502001;HIXnJ;1;"2023-01-22 00:00:00";"2023-01-22 00:00:00";16;1046;20;10;0;<FLG>
V6155020;V615502001;HIXnJ;1;"2023-01-23 00:00:00";"2023-01-23 00:00:00";16;1040;20;10;0;<FLG>
V6155020;V615502001;HIXnJ;1;"2023-01-24 00:00:00";"2023-01-24 00:00:00";16;1034;20;10;0;<FLG>
V6155020;V615502001;HIXnJ;1;"2023-01-25 00:00:00";"2023-01-25 00:00:00";16;1028;20;10;0;<FLG>
V6155020;V615502001;HIXnJ;1;"2023-01-26 00:00:00";"2023-01-26 00:00:00";16;1022;20;10;0;<FLG>
V6155020;V615502001;HIXnJ;1;"2023-01-27 00:00:00";"2023-01-27 09:12:00";16;1016;20;10;0;<FLG>
V6155020;V615502001;HIXnJ;1;"2023-01-28 00:00:00";"2023-01-28 00:00:00";16;1011;20;10;0;<FLG>
V6155020;V615502001;HIXnJ;1;"2023-01-29 00:00:00";"2023-01-29 00:00:00";16;1004;20;10;0;<FLG>
V6155020;V615502001;HIXnJ;1;"2023-01-30 00:00:00";"2023-01-30 00:00:00";16;997;20;10;0;<FLG>
V6155020;V615502001;HIXnJ;1;"2023-01-31 00:00:00";"2023-01-31 13:59:00";16;991;20;10;0;<FLG>
V6155020;V615502001;HIXnJ;1;"2023-02-01 00:00:00";"2023-02-01 00:00:00";16;988;20;10;0;<FLG>
V6155020;V615502001;HIXnJ;1;"2023-02-02 00:00:00";"2023-02-02 00:00:00";16;981;20;10;0;<FLG>
V6155020;V615502001;HIXnJ;1;"2023-02-03 00:00:00";"2023-02-03 00:00:00";16;976;20;10;0;<FLG>
V6155020;V615502001;HIXnJ;1;"2023-02-04 00:00:00";"2023-02-04 00:00:00";16;971;20;10;0;<FLG>
V6155020;V615502001;HIXnJ;1;"2023-02-05 00:00:00";"2023-02-05 00:00:00";16;965;20;10;0;<FLG>
V6155020;V615502001;HIXnJ;1;"2023-02-06 00:00:00";"2023-02-06 00:00:00";16;960;20;10;0;<FLG>
V6155020;V615502001;HIXnJ;1;"2023-02-07 00:00:00";"2023-02-07 00:00:00";16;955;20;10;0;<FLG>
V6155020;V615502001;HIXnJ;1;"2023-02-08 00:00:00";"2023-02-08 00:00:00";16;950;20;10;0;<FLG>
V6155020;V615502001;HIXnJ;1;"2023-02-09 00:00:00";"2023-02-09 00:00:00";16;945;20;10;0;<FLG>
V6155020;V615502001;HIXnJ;1;"2023-02-10 00:00:00";"2023-02-10 00:00:00";16;940;20;10;0;<FLG>
V6155020;V615502001;HIXnJ;1;"2023-02-11 00:00:00";"2023-02-11 00:00:00";16;935;20;10;0;<FLG>
V6155020;V615502001;HIXnJ;1;"2023-02-12 00:00:00";"2023-02-12 00:00:00";16;930;20;10;0;<FLG>
V6155020;V615502001;HIXnJ;1;"2023-02-13 00:00:00";"2023-02-13 00:00:00";16;925;20;10;0;<FLG>
V6155020;V615502001;HIXnJ;1;"2023-02-14 00:00:00";"2023-02-14 00:00:00";16;917;20;10;0;<FLG>
V6155020;V615502001;HIXnJ;1;"2023-02-15 00:00:00";"2023-02-15 00:00:00";16;910;20;10;0;<FLG>
V6155020;V615502001;HIXnJ;1;"2023-02-16 00:00:00";"2023-02-16 00:00:00";16;907;20;10;0;<FLG>
V6155020;V615502001;HIXnJ;1;"2023-02-17 00:00:00";"2023-02-17 00:00:00";16;904;20;10;0;<FLG>
V6155020;V615502001;HIXnJ;1;"2023-02-18 00:00:00";"2023-02-18 00:00:00";16;901;20;10;0;<FLG>
V6155020;V615502001;HIXnJ;1;"2023-02-19 00:00:00";"2023-02-19 00:00:00";16;898;20;10;0;<FLG>
V6155020;V615502001;HIXnJ;1;"2023-02-20 00:00:00";"2023-02-20 00:00:00";16;894;20;10;0;<FLG>
V6155020;V615502001;HIXnJ;1;"2023-02-21 00:00:00";"2023-02-21 00:00:00";16;892;20;10;0;<FLG>
V6155020;V615502001;HIXnJ;1;"2023-02-22 00:00:00";"2023-02-22 00:00:00";16;889;20;10;0;<FLG>
V6155020;V615502001;HIXnJ;1;"2023-02-23 00:00:00";"2023-02-23 00:00:00";16;886;20;10;0;<FLG>
V6155020;V615502001;HIXnJ;1;"2023-02-24 00:00:00";"2023-02-24 00:00:00";16;884;20;10;0;<FLG>
V6155020;V615502001;HIXnJ;1;"2023-02-25 00:00:00";"2023-02-25 00:00:00";16;882;20;10;0;<FLG>
V6155020;V615502001;HIXnJ;1;"2023-02-26 00:00:00";"2023-02-26 00:00:00";16;881;20;10;0;<FLG>
V6155020;V615502001;HIXnJ;1;"2023-02-27 00:00:00";"2023-02-27 00:00:00";16;878;20;10;0;<FLG>
V6155020;V615502001;HIXnJ;1;"2023-02-28 00:00:00";"2023-02-28 00:00:00";16;874;20;10;0;<FLG>
V6155020;V615502001;HIXnJ;1;"2023-03-01 00:00:00";"2023-03-01 04:45:00";16;871;20;10;0;<FLG>
V6155020;V615502001;HIXnJ;1;"2023-03-02 00:00:00";"2023-03-02 00:00:00";16;867;20;10;0;<FLG>
V6155020;V615502001;HIXnJ;1;"2023-03-03 00:00:00";"2023-03-03 00:00:00";16;862;20;10;0;<FLG>
V6155020;V615502001;HIXnJ;1;"2023-03-04 00:00:00";"2023-03-04 00:00:00";16;860;20;10;0;<FLG>
V6155020;V615502001;HIXnJ;1;"2023-03-05 00:00:00";"2023-03-05 00:00:00";16;855;20;10;0;<FLG>
V6155020;V615502001;HIXnJ;1;"2023-03-06 00:00:00";"2023-03-06 11:19:00";16;853;20;10;0;<FLG>
V6155020;V615502001;HIXnJ;1;"2023-03-07 00:00:00";"2023-03-07 00:00:00";16;852;20;10;0;<FLG>
V6155020;V615502001;HIXnJ;1;"2023-03-08 00:00:00";"2023-03-08 04:35:00";16;847;20;10;0;<FLG>
V6155020;V615502001;HIXnJ;1;"2023-03-09 00:00:00";"2023-03-09 00:00:00";16;844;20;10;0;<FLG>
V6155020;V615502001;HIXnJ;1;"2023-03-10 00:00:00";"2023-03-10 00:00:00";16;841;20;10;0;<FLG>
V6155020;V615502001;HIXnJ;1;"2023-03-11 00:00:00";"2023-03-11 00:00:00";16;841;20;10;0;<FLG>
V6155020;V615502001;HIXnJ;1;"2023-03-12 00:00:00";"2023-03-12 23:59:59";16;847;20;10;0;<FLG>
V6155020;V615502001;HIXnJ;1;"2023-03-13 00:00:00";"2023-03-13 23:59:59";16;848;20;10;0;<FLG>
V6155020;V615502001;HIXnJ;1;"2023-03-14 00:00:00";"2023-03-14 23:59:59";16;865;20;10;0;<FLG>
V6155020;V615502001;HIXnJ;1;"2023-03-15 00:00:00";"2023-03-15 23:59:59";16;886;20;10;0;<FLG>
V6155020;V615502001;HIXnJ;1;"2023-03-16 00:00:00";"2023-03-16 07:43:00";16;889;20;10;0;<FLG>
V6155020;V615502001;HIXnJ;1;"2023-03-17 00:00:00";"2023-03-17 00:00:00";16;888;20;10;0;<FLG>
V6155020;V615502001;HIXnJ;1;"2023-03-18 00:00:00";"2023-03-18 00:00:00";16;885;20;10;0;<FLG>
V6155020;V615502001;HIXnJ;1;"2023-03-19 00:00:00";"2023-03-19 00:00:00";16;880;20;10;0;<FLG>
V6155020;V615502001;HIXnJ;1;"2023-03-20 00:00:00";"2023-03-20 00:00:00";16;875;20;10;0;<FLG>
V6155020;V615502001;HIXnJ;1;"2023-03-21 00:00:00";"2023-03-21 00:00:00";16;872;20;10;0;<FLG>
V6155020;V615502001;HIXnJ;1;"2023-03-22 00:00:00";"2023-03-22 00:00:00";16;868;20;10;0;<FLG>
V6155020;V615502001;HIXnJ;1;"2023-03-23 00:00:00";"2023-03-23 00:00:00";16;865;20;10;0;<FLG>
V6155020;V615502001;HIXnJ;1;"2023-03-24 00:00:00";"2023-03-24 00:00:00";16;861;20;10;0;<FLG>
V6155020;V615502001;HIXnJ;1;"2023-03-25 00:00:00";"2023-03-25 00:00:00";16;851;20;10;0;<FLG>
V6155020;V615502001;HIXnJ;1;"2023-03-26 00:00:00";"2023-03-26 00:00:00";16;849;20;10;0;<FLG>
V6155020;V615502001;HIXnJ;1;"2023-03-27 00:00:00";"2023-03-27 00:00:00";16;846;20;10;0;<FLG>
V6155020;V615502001;HIXnJ;1;"2023-03-28 00:00:00";"2023-03-28 00:00:00";16;844;20;10;0;<FLG>
V6155020;V615502001;HIXnJ;1;"2023-03-29 00:00:00";"2023-03-29 00:00:00";16;840;20;10;0;<FLG>
V6155020;V615502001;HIXnJ;1;"2023-03-30 00:00:00";"2023-03-30 00:00:00";16;836;20;10;0;<FLG>
V6155020;V615502001;HIXnJ;1;"2023-03-31 00:00:00";"2023-03-31 00:00:00";16;833;20;10;0;<FLG>
V6155020;V615502001;HIXnJ;1;"2023-04-01 00:00:00";"2023-04-01 13:48:00";16;833;20;10;0;<FLG>
V6155020;V615502001;HIXnJ;1;"2023-04-02 00:00:00";"2023-04-02 10:45:00";16;833;20;10;0;<FLG>
V6155020;V615502001;HIXnJ;1;"2023-04-03 00:00:00";"2023-04-03 14:39:00";16;827;20;10;0;<FLG>
V6155020;V615502001;HIXnJ;1;"2023-04-04 00:00:00";"2023-04-04 00:00:00";16;825;20;10;0;<FLG>
V6155020;V615502001;HIXnJ;1;"2023-04-05 00:00:00";"2023-04-05 00:00:00";16;822;20;10;0;<FLG>
V6155020;V615502001;HIXnJ;1;"2023-04-06 00:00:00";"2023-04-06 00:00:00";16;819;20;10;0;<FLG>
V6155020;V615502001;HIXnJ;1;"2023-04-07 00:00:00";"2023-04-07 00:00:00";16;816;20;10;0;<FLG>
V6155020;V615502001;HIXnJ;1;"2023-04-08 00:00:00";"2023-04-08 00:00:00";16;813;20;10;0;<FLG>
V6155020;V615502001;HIXnJ;1;"2023-04-09 00:00:00";"2023-04-09 00:00:00";16;810;20;10;0;<FLG>
V6155020;V615502001;HIXnJ;1;"2023-04-10 00:00:00";"2023-04-10 00:00:00";16;807;20;10;0;<FLG>
V6155020;V615502001;HIXnJ;1;"2023-04-11 00:00:00";"2023-04-11 00:00:00";16;805;20;10;0;<FLG>
V6155020;V615502001;HIXnJ;1;"2023-04-12 00:00:00";"2023-04-12 00:00:00";16;803;20;10;0;<FLG>
V6155020;V615502001;HIXnJ;1;"2023-04-13 00:00:00";"2023-04-13 15:44:00";16;803;20;10;0;<FLG>
V6155020;V615502001;HIXnJ;1;"2023-04-14 00:00:00";"2023-04-14 00:00:00";16;802;20;10;0;<FLG>
V6155020;V615502001;HIXnJ;1;"2023-04-15 00:00:00";"2023-04-15 00:00:00";16;800;20;10;0;<FLG>
V6155020;V615502001;HIXnJ;1;"2023-04-16 00:00:00";"2023-04-16 00:38:00";16;798;20;10;0;<FLG>
V6155020;V615502001;HIXnJ;1;"2023-04-17 00:00:00";"2023-04-17 13:24:00";16;793;20;10;0;<FLG>
V6155020;V615502001;HIXnJ;1;"2023-04-18 00:00:00";"2023-04-18 00:00:00";16;792;20;10;0;<FLG>
V6155020;V615502001;HIXnJ;1;"2023-04-19 00:00:00";"2023-04-19 00:00:00";16;789;20;10;0;<FLG>
V6155020;V615502001;HIXnJ;1;"2023-04-20 00:00:00";"2023-04-20 00:00:00";16;789;20;10;0;<FLG>
V6155020;V615502001;HIXnJ;1;"2023-04-21 00:00:00";"2023-04-21 00:00:00";16;788;20;10;0;<FLG>
V6155020;V615502001;HIXnJ;1;"2023-04-22 00:00:00";"2023-04-22 00:00:00";16;788;20;10;0;<FLG>
V6155020;V615502001;HIXnJ;1;"2023-04-23 00:00:00";"2023-04-23 00:00:00";16;786;20;10;0;<FLG>
V6155020;V615502001;HIXnJ;1;"2023-04-24 00:00:00";"2023-04-24 00:00:00";16;786;20;10;0;<FLG>
V6155020;V615502001;HIXnJ;1;"2023-04-25 00:00:00";"2023-04-25 00:00:00";16;785;20;10;0;<FLG>
V6155020;V615502001;HIXnJ;1;"2023-04-26 00:00:00";"2023-04-26 00:00:00";16;784;20;10;0;<FLG>
V6155020;V615502001;HIXnJ;1;"2023-04-27 00:00:00";"2023-04-27 00:00:00";16;783;20;10;0;<FLG>
V6155020;V615502001;HIXnJ;1;"2023-04-28 00:00:00";"2023-04-28 00:00:00";16;781;20;10;0;<FLG>
V6155020;V615502001;HIXnJ;1;"2023-04-29 00:00:00";"2023-04-29 00:00:00";16;779;20;10;0;<FLG>
V6155020;V615502001;HIXnJ;1;"2023-04-30 00:00:00";"2023-04-30 23:59:59";16;779;20;10;0;<FLG>
V6155020;V615502001;HIXnJ;1;"2023-05-01 00:00:00";"2023-05-01 23:59:59";16;787;20;10;0;<FLG>
V6155020;V615502001;HIXnJ;1;"2023-05-02 00:00:00";"2023-05-02 23:59:59";16;791;20;10;0;<FLG>
V6155020;V615502001;HIXnJ;1;"2023-05-03 00:00:00";"2023-05-03 01:52:00";16;791;20;10;0;<FLG>
V6155020;V615502001;HIXnJ;1;"2023-05-04 00:00:00";"2023-05-04 00:00:00";16;788;20;10;0;<FLG>
V6155020;V615502001;HIXnJ;1;"2023-05-05 00:00:00";"2023-05-05 00:00:00";16;785;20;10;0;<FLG>
V6155020;V615502001;HIXnJ;1;"2023-05-06 00:00:00";"2023-05-06 00:00:00";16;783;20;10;0;<FLG>
V6155020;V615502001;HIXnJ;1;"2023-05-07 00:00:00";"2023-05-07 00:00:00";16;781;20;10;0;<FLG>
V6155020;V615502001;HIXnJ;1;"2023-05-08 00:00:00";"2023-05-08 00:00:00";16;779;20;10;0;<FLG>
V6155020;V615502001;HIXnJ;1;"2023-05-09 00:00:00";"2023-05-09 00:00:00";16;777;20;10;0;<FLG>
V6155020;V615502001;HIXnJ;1;"2023-05-10 00:00:00";"2023-05-10 00:00:00";16;777;20;10;0;<FLG>
V6155020;V615502001;HIXnJ;1;"2023-05-11 00:00:00";"2023-05-11 03:37:00";16;776;20;10;0;<FLG>
V6155020;V615502001;HIXnJ;1;"2023-05-12 00:00:00";"2023-05-12 00:00:00";16;771;20;10;0;<FLG>
V6155020;V615502001;HIXnJ;1;"2023-05-13 00:00:00";"2023-05-13 00:00:00";16;769;20;10;0;<FLG>
V6155020;V615502001;HIXnJ;1;"2023-05-14 00:00:00";"2023-05-14 23:59:59";16;769;20;10;0;<FLG>
V6155020;V615502001;HIXnJ;1;"2023-05-15 00:00:00";"2023-05-15 23:59:59";16;771;20;10;0;<FLG>
V6155020;V615502001;HIXnJ;1;"2023-05-16 00:00:00";"2023-05-16 03:09:00";16;771;20;10;0;<FLG>
V6155020;V615502001;HIXnJ;1;"2023-05-17 00:00:00";"2023-05-17 19:58:00";16;769;20;10;0;<FLG>
V6155020;V615502001;HIXnJ;1;"2023-05-18 00:00:00";"2023-05-18 00:00:00";16;768;20;10;0;<FLG>
V6155020;V615502001;HIXnJ;1;"2023-05-19 00:00:00";"2023-05-19 23:59:59";16;794;20;10;0;<FLG>
V6155020;V615502001;HIXnJ;1;"2023-05-20 00:00:00";"2023-05-20 23:59:59";16;817;20;10;0;<FLG>
V6155020;V615502001;HIXnJ;1;"2023-05-21 00:00:00";"2023-05-21 23:59:59";16;828;20;10;0;<FLG>
V6155020;V615502001;HIXnJ;1;"2023-05-22 00:00:00";"2023-05-22 23:59:59";16;834;20;10;0;<FLG>
V6155020;V615502001;HIXnJ;1;"2023-05-23 00:00:00";"2023-05-23 23:59:59";16;843;20;10;0;<FLG>
V6155020;V615502001;HIXnJ;1;"2023-05-24 00:00:00";"2023-05-24 23:59:59";16;860;20;10;0;<FLG>
V6155020;V615502001;HIXnJ;1;"2023-05-25 00:00:00";"2023-05-25 23:59:59";16;970;20;10;0;<FLG>
V6155020;V615502001;HIXnJ;1;"2023-05-26 00:00:00";"2023-05-26 23:59:59";16;1034;20;10;0;<FLG>
V6155020;V615502001;HIXnJ;1;"2023-05-27 00:00:00";"2023-05-27 13:45:00";16;1042;20;10;0;<FLG>
V6155020;V615502001;HIXnJ;1;"2023-05-28 00:00:00";"2023-05-28 00:00:00";16;1037;20;10;0;<FLG>
V6155020;V615502001;HIXnJ;1;"2023-05-29 00:00:00";"2023-05-29 23:59:59";16;1042;20;10;0;<FLG>
V6155020;V615502001;HIXnJ;1;"2023-05-30 00:00:00";"2023-05-30 15:40:00";16;1053;20;10;0;<FLG>
V6155020;V615502001;HIXnJ;1;"2023-05-31 00:00:00";"2023-05-31 00:00:00";16;1052;20;10;0;<FLG>
V6155020;V615502001;HIXnJ;1;"2023-06-01 00:00:00";"2023-06-01 10:15:00";16;1048;20;10;0;<FLG>
V6155020;V615502001;HIXnJ;1;"2023-06-02 00:00:00";"2023-06-02 00:00:00";16;1043;20;10;0;<FLG>
V6155020;V615502001;HIXnJ;1;"2023-06-03 00:00:00";"2023-06-03 23:59:59";16;1049;20;10;0;<FLG>
V6155020;V615502001;HIXnJ;1;"2023-06-04 00:00:00";"2023-06-04 23:59:59";16;1073;20;10;0;<FLG>
V6155020;V615502001;HIXnJ;1;"2023-06-05 00:00:00";"2023-06-05 23:59:59";16;1110;20;10;0;<FLG>
V6155020;V615502001;HIXnJ;1;"2023-06-06 00:00:00";"2023-06-06 23:59:59";16;1159;20;10;0;<FLG>
V6155020;V615502001;HIXnJ;1;"2023-06-07 00:00:00";"2023-06-07 23:59:59";16;1184;20;10;0;<FLG>
V6155020;V615502001;HIXnJ;1;"2023-06-08 00:00:00";"2023-06-08 09:35:00";16;1195;20;10;0;<FLG>
V6155020;V615502001;HIXnJ;1;"2023-06-09 00:00:00";"2023-06-09 00:00:00";16;1185;20;10;0;<FLG>
V6155020;V615502001;HIXnJ;1;"2023-06-10 00:00:00";"2023-06-10 00:00:00";16;1162;20;10;0;<FLG>
V6155020;V615502001;HIXnJ;1;"2023-06-11 00:00:00";"2023-06-11 00:00:00";16;1150;20;10;0;<FLG>
V6155020;V615502001;HIXnJ;1;"2023-06-12 00:00:00";"2023-06-12 17:05:00";16;1141;20;10;0;<FLG>
V6155020;V615502001;HIXnJ;1;"2023-06-13 00:00:00";"2023-06-13 23:59:59";16;1193;20;10;0;<FLG>
V6155020;V615502001;HIXnJ;1;"2023-06-14 00:00:00";"2023-06-14 23:59:59";16;1331;20;10;0;<FLG>
V6155020;V615502001;HIXnJ;1;"2023-06-15 00:00:00";"2023-06-15 15:05:00";16;1349;20;10;0;<FLG>
V6155020;V615502001;HIXnJ;1;"2023-06-16 00:00:00";"2023-06-16 00:00:00";16;1343;20;10;0;<FLG>
V6155020;V615502001;HIXnJ;1;"2023-06-17 00:00:00";"2023-06-17 00:00:00";16;1318;20;10;0;<FLG>
V6155020;V615502001;HIXnJ;1;"2023-06-18 00:00:00";"2023-06-18 00:00:00";16;1286;20;10;0;<FLG>
V6155020;V615502001;HIXnJ;1;"2023-06-19 00:00:00";"2023-06-19 00:00:00";16;1240;20;10;0;<FLG>
V6155020;V615502001;HIXnJ;1;"2023-06-20 00:00:00";"2023-06-20 00:00:00";16;1201;20;10;0;<FLG>
V6155020;V615502001;HIXnJ;1;"2023-06-21 00:00:00";"2023-06-21 00:00:00";16;1167;20;10;0;<FLG>
V6155020;V615502001;HIXnJ;1;"2023-06-22 00:00:00";"2023-06-22 00:00:00";16;1154;20;10;0;<FLG>
V6155020;V615502001;HIXnJ;1;"2023-06-23 00:00:00";"2023-06-23 00:00:00";16;1145;20;10;0;<FLG>
V6155020;V615502001;HIXnJ;1;"2023-06-24 00:00:00";"2023-06-24 00:00:00";16;1135;20;10;0;<FLG>
V6155020;V615502001;HIXnJ;1;"2023-06-25 00:00:00";"2023-06-25 00:00:00";16;1125;20;10;0;<FLG>
V6155020;V615502001;HIXnJ;1;"2023-06-26 00:00:00";"2023-06-26 00:00:00";16;1115;20;10;0;<FLG>
V6155020;V615502001;HIXnJ;1;"2023-06-27 00:00:00";"2023-06-27 00:00:00";16;1105;20;10;0;<FLG>
V6155020;V615502001;HIXnJ;1;"2023-06-28 00:00:00";"2023-06-28 00:00:00";16;1094;20;10;0;<FLG>
V6155020;V615502001;HIXnJ;1;"2023-06-29 00:00:00";"2023-06-29 00:00:00";16;1083;20;10;0;<FLG>
V6155020;V615502001;HIXnJ;1;"2023-06-30 00:00:00";"2023-06-30 00:00:00";16;1074;20;10;0;<FLG>
V6155020;V615502001;HIXnJ;1;"2023-07-01 00:00:00";"2023-07-01 00:00:00";16;1065;20;10;0;<FLG>
V6155020;V615502001;HIXnJ;1;"2023-07-02 00:00:00";"2023-07-02 00:00:00";16;1054;20;10;0;<FLG>
V6155020;V615502001;HIXnJ;1;"2023-07-03 00:00:00";"2023-07-03 00:00:00";16;1045;20;10;0;<FLG>
V6155020;V615502001;HIXnJ;1;"2023-07-04 00:00:00";"2023-07-04 00:00:00";16;1038;20;10;0;<FLG>
V6155020;V615502001;HIXnJ;1;"2023-07-05 00:00:00";"2023-07-05 00:00:00";16;1030;20;10;0;<FLG>
V6155020;V615502001;HIXnJ;1;"2023-07-06 00:00:00";"2023-07-06 00:00:00";16;1020;20;10;0;<FLG>
V6155020;V615502001;HIXnJ;1;"2023-07-07 00:00:00";"2023-07-07 00:00:00";16;1012;20;10;0;<FLG>
V6155020;V615502001;HIXnJ;1;"2023-07-08 00:00:00";"2023-07-08 00:00:00";16;1004;20;10;0;<FLG>
V6155020;V615502001;HIXnJ;1;"2023-07-09 00:00:00";"2023-07-09 00:00:00";16;994;20;10;0;<FLG>
V6155020;V615502001;HIXnJ;1;"2023-07-10 00:00:00";"2023-07-10 04:06:00";16;986;20;10;0;<FLG>
V6155020;V615502001;HIXnJ;1;"2023-07-11 00:00:00";"2023-07-11 00:00:00";16;979;20;10;0;<FLG>
V6155020;V615502001;HIXnJ;1;"2023-07-12 00:00:00";"2023-07-12 00:00:00";16;971;20;10;0;<FLG>
V6155020;V615502001;HIXnJ;1;"2023-07-13 00:00:00";"2023-07-13 00:00:00";16;966;20;10;0;<FLG>
V6155020;V615502001;HIXnJ;1;"2023-07-14 00:00:00";"2023-07-14 00:00:00";16;963;20;10;0;<FLG>
V6155020;V615502001;HIXnJ;1;"2023-07-15 00:00:00";"2023-07-15 00:00:00";16;956;20;10;0;<FLG>
V6155020;V615502001;HIXnJ;1;"2023-07-16 00:00:00";"2023-07-16 00:00:00";16;951;20;10;0;<FLG>
V6155020;V615502001;HIXnJ;1;"2023-07-17 00:00:00";"2023-07-17 00:00:00";16;944;20;10;0;<FLG>
V6155020;V615502001;HIXnJ;1;"2023-07-18 00:00:00";"2023-07-18 12:55:00";16;935;20;10;0;<FLG>
V6155020;V615502001;HIXnJ;1;"2023-07-19 00:00:00";"2023-07-19 00:00:00";16;931;20;10;0;<FLG>
V6155020;V615502001;HIXnJ;1;"2023-07-20 00:00:00";"2023-07-20 07:30:00";16;924;20;10;0;<FLG>
V6155020;V615502001;HIXnJ;1;"2023-07-21 00:00:00";"2023-07-21 00:00:00";16;915;20;10;0;<FLG>
V6155020;V615502001;HIXnJ;1;"2023-07-22 00:00:00";"2023-07-22 00:00:00";16;910;20;10;0;<FLG>
V6155020;V615502001;HIXnJ;1;"2023-07-23 00:00:00";"2023-07-23 00:00:00";16;905;20;10;0;<FLG>
V6155020;V615502001;HIXnJ;1;"2023-07-24 00:00:00";"2023-07-24 00:00:00";16;901;20;10;0;<FLG>
V6155020;V615502001;HIXnJ;1;"2023-07-25 00:00:00";"2023-07-25 00:00:00";16;898;20;10;0;<FLG>
V6155020;V615502001;HIXnJ;1;"2023-07-26 00:00:00";"2023-07-26 00:00:00";16;893;20;10;0;<FLG>
V6155020;V615502001;HIXnJ;1;"2023-07-27 00:00:00";"2023-07-27 00:00:00";16;889;20;10;0;<FLG>
V6155020;V615502001;HIXnJ;1;"2023-07-28 00:00:00";"2023-07-28 00:00:00";16;887;20;10;0;<FLG>
V6155020;V615502001;HIXnJ;1;"2023-07-29 00:00:00";"2023-07-29 13:12:00";16;882;20;10;0;<FLG>
V6155020;V615502001;HIXnJ;1;"2023-07-30 00:00:00";"2023-07-30 00:00:00";16;880;20;10;0;<FLG>
V6155020;V615502001;HIXnJ;1;"2023-07-31 00:00:00";"2023-07-31 19:55:00";16;873;20;10;0;<FLG>
V6155020;V615502001;HIXnJ;1;"2023-08-01 00:00:00";"2023-08-01 00:00:00";16;872;20;10;0;<FLG>
V6155020;V615502001;HIXnJ;1;"2023-08-02 00:00:00";"2023-08-02 00:00:00";16;869;20;10;0;<FLG>
V6155020;V615502001;HIXnJ;1;"2023-08-03 00:00:00";"2023-08-03 00:00:00";16;865;20;10;0;<FLG>
V6155020;V615502001;HIXnJ;1;"2023-08-04 00:00:00";"2023-08-04 00:00:00";16;862;20;10;0;<FLG>
V6155020;V615502001;HIXnJ;1;"2023-08-05 00:00:00";"2023-08-05 00:00:00";16;859;20;10;0;<FLG>
V6155020;V615502001;HIXnJ;1;"2023-08-06 00:00:00";"2023-08-06 00:00:00";16;857;20;10;0;<FLG>
V6155020;V615502001;HIXnJ;1;"2023-08-07 00:00:00";"2023-08-07 00:00:00";16;854;20;10;0;<FLG>
V6155020;V615502001;HIXnJ;1;"2023-08-08 00:00:00";"2023-08-08 00:00:00";16;851;20;10;0;<FLG>
V6155020;V615502001;HIXnJ;1;"2023-08-09 00:00:00";"2023-08-09 00:00:00";16;847;20;10;0;<FLG>
V6155020;V615502001;HIXnJ;1;"2023-08-10 00:00:00";"2023-08-10 00:00:00";16;841;20;10;0;<FLG>
V6155020;V615502001;HIXnJ;1;"2023-08-11 00:00:00";"2023-08-11 00:00:00";16;839;20;10;0;<FLG>
V6155020;V615502001;HIXnJ;1;"2023-08-12 00:00:00";"2023-08-12 00:00:00";16;836;20;10;0;<FLG>
V6155020;V615502001;HIXnJ;1;"2023-08-13 00:00:00";"2023-08-13 00:00:00";16;833;20;10;0;<FLG>
V6155020;V615502001;HIXnJ;1;"2023-08-14 00:00:00";"2023-08-14 00:00:00";16;831;20;10;0;<FLG>
V6155020;V615502001;HIXnJ;1;"2023-08-15 00:00:00";"2023-08-15 00:00:00";16;829;20;10;0;<FLG>
V6155020;V615502001;HIXnJ;1;"2023-08-16 00:00:00";"2023-08-16 00:00:00";16;827;20;10;0;<FLG>
V6155020;V615502001;HIXnJ;1;"2023-08-17 00:00:00";"2023-08-17 00:00:00";16;825;20;10;0;<FLG>
V6155020;V615502001;HIXnJ;1;"2023-08-18 00:00:00";"2023-08-18 00:00:00";16;823;20;10;0;<FLG>
V6155020;V615502001;HIXnJ;1;"2023-08-19 00:00:00";"2023-08-19 00:00:00";16;821;20;10;0;<FLG>
V6155020;V615502001;HIXnJ;1;"2023-08-20 00:00:00";"2023-08-20 00:00:00";16;819;20;10;0;<FLG>
V6155020;V615502001;HIXnJ;1;"2023-08-21 00:00:00";"2023-08-21 00:00:00";16;817;20;10;0;<FLG>
V6155020;V615502001;HIXnJ;1;"2023-08-22 00:00:00";"2023-08-22 00:00:00";16;815;20;10;0;<FLG>
V6155020;V615502001;HIXnJ;1;"2023-08-23 00:00:00";"2023-08-23 00:00:00";16;814;20;10;0;<FLG>
V6155020;V615502001;HIXnJ;1;"2023-08-24 00:00:00";"2023-08-24 00:00:00";16;813;20;10;0;<FLG>
V6155020;V615502001;HIXnJ;1;"2023-08-25 00:00:00";"2023-08-25 00:00:00";16;812;20;10;0;<FLG>
V6155020;V615502001;HIXnJ;1;"2023-08-26 00:00:00";"2023-08-26 23:59:59";16;808;20;10;0;<FLG>
V6155020;V615502001;HIXnJ;1;"2023-08-27 00:00:00";"2023-08-27 23:59:59";16;810;20;10;0;<FLG>
V6155020;V615502001;HIXnJ;1;"2023-08-28 00:00:00";"2023-08-28 23:59:59";16;813;20;10;0;<FLG>
V6155020;V615502001;HIXnJ;1;"2023-08-29 00:00:00";"2023-08-29 02:30:00";16;813;20;10;0;<FLG>
V6155020;V615502001;HIXnJ;1;"2023-08-30 00:00:00";"2023-08-30 16:11:00";16;810;20;10;0;<FLG>
V6155020;V615502001;HIXnJ;1;"2023-08-31 00:00:00";"2023-08-31 00:00:00";16;809;20;10;0;<FLG>
V6155020;V615502001;HIXnJ;1;"2023-09-01 00:00:00";"2023-09-01 00:00:00";16;804;20;10;0;<FLG>
V6155020;V615502001;HIXnJ;1;"2023-09-02 00:00:00";"2023-09-02 00:00:00";16;799;20;10;0;<FLG>
V6155020;V615502001;HIXnJ;1;"2023-09-03 00:00:00";"2023-09-03 08:20:00";16;797;20;10;0;<FLG>
V6155020;V615502001;HIXnJ;1;"2023-09-04 00:00:00";"2023-09-04 13:35:00";16;797;20;10;0;<FLG>
V6155020;V615502001;HIXnJ;1;"2023-09-05 00:00:00";"2023-09-05 13:35:00";16;795;20;10;0;<FLG>
V6155020;V615502001;HIXnJ;1;"2023-09-06 00:00:00";"2023-09-06 13:35:00";16;794;20;10;0;<FLG>
V6155020;V615502001;HIXnJ;1;"2023-09-07 00:00:00";"2023-09-07 14:15:00";16;792;20;10;0;<FLG>
V6155020;V615502001;HIXnJ;1;"2023-09-08 00:00:00";"2023-09-08 00:00:00";16;791;20;10;0;<FLG>
V6155020;V615502001;HIXnJ;1;"2023-09-09 00:00:00";"2023-09-09 14:15:00";16;789;20;10;0;<FLG>
V6155020;V615502001;HIXnJ;1;"2023-09-10 00:00:00";"2023-09-10 13:15:00";16;789;20;10;0;<FLG>
V6155020;V615502001;HIXnJ;1;"2023-09-11 00:00:00";"2023-09-11 00:00:00";16;786;20;10;0;<FLG>
V6155020;V615502001;HIXnJ;1;"2023-09-12 00:00:00";"2023-09-12 08:17:00";16;781;20;10;0;<FLG>
V6155020;V615502001;HIXnJ;1;"2023-09-13 00:00:00";"2023-09-13 00:00:00";16;780;20;10;0;<FLG>
V6155020;V615502001;HIXnJ;1;"2023-09-14 00:00:00";"2023-09-14 08:37:00";16;780;20;10;0;<FLG>
V6155020;V615502001;HIXnJ;1;"2023-09-15 00:00:00";"2023-09-15 13:05:00";16;780;20;10;0;<FLG>
V6155020;V615502001;HIXnJ;1;"2023-09-16 00:00:00";"2023-09-16 00:00:00";16;778;20;10;0;<FLG>
V6155020;V615502001;HIXnJ;1;"2023-09-17 00:00:00";"2023-09-17 20:35:00";16;779;20;10;0;<FLG>
V6155020;V615502001;HIXnJ;1;"2023-09-18 00:00:00";"2023-09-18 00:00:00";16;779;20;10;0;<FLG>
V6155020;V615502001;HIXnJ;1;"2023-09-19 00:00:00";"2023-09-19 16:35:00";16;782;20;10;0;<FLG>
V6155020;V615502001;HIXnJ;1;"2023-09-20 00:00:00";"2023-09-20 00:00:00";16;780;20;10;0;<FLG>
V6155020;V615502001;HIXnJ;1;"2023-09-21 00:00:00";"2023-09-21 23:59:59";16;794;20;10;0;<FLG>
V6155020;V615502001;HIXnJ;1;"2023-09-22 00:00:00";"2023-09-22 23:59:59";16;823;20;10;0;<FLG>
V6155020;V615502001;HIXnJ;1;"2023-09-23 00:00:00";"2023-09-23 04:40:00";16;824;20;10;0;<FLG>
V6155020;V615502001;HIXnJ;1;"2023-09-24 00:00:00";"2023-09-24 00:00:00";16;816;20;10;0;<FLG>
V6155020;V615502001;HIXnJ;1;"2023-09-25 00:00:00";"2023-09-25 00:00:00";16;803;20;10;0;<FLG>
V6155020;V615502001;HIXnJ;1;"2023-09-26 00:00:00";"2023-09-26 00:00:00";16;786;20;10;0;<FLG>
V6155020;V615502001;HIXnJ;1;"2023-09-27 00:00:00";"2023-09-27 01:30:00";16;781;20;10;0;<FLG>
V6155020;V615502001;HIXnJ;1;"2023-09-28 00:00:00";"2023-09-28 11:03:00";16;769;20;10;0;<FLG>
V6155020;V615502001;HIXnJ;1;"2023-09-29 00:00:00";"2023-09-29 00:00:00";16;764;20;10;0;<FLG>
V6155020;V615502001;HIXnJ;1;"2023-09-30 00:00:00";"2023-09-30 05:05:00";16;761;20;10;0;<FLG>
V6155020;V615502001;HIXnJ;1;"2023-10-01 00:00:00";"2023-10-01 19:20:00";16;753;20;10;0;<FLG>
V6155020;V615502001;HIXnJ;1;"2023-10-02 00:00:00";"2023-10-02 12:55:00";16;749;20;10;0;<FLG>
V6155020;V615502001;HIXnJ;1;"2023-10-03 00:00:00";"2023-10-03 00:00:00";16;744;20;10;0;<FLG>
V6155020;V615502001;HIXnJ;1;"2023-10-04 00:00:00";"2023-10-04 00:00:00";16;740;20;10;0;<FLG>
V6155020;V615502001;HIXnJ;1;"2023-10-05 00:00:00";"2023-10-05 12:20:00";16;741;20;10;0;<FLG>
V6155020;V615502001;HIXnJ;1;"2023-10-06 00:00:00";"2023-10-06 12:20:00";16;736;20;10;0;<FLG>
V6155020;V615502001;HIXnJ;1;"2023-10-07 00:00:00";"2023-10-07 13:35:00";16;731;20;10;0;<FLG>
V6155020;V615502001;HIXnJ;1;"2023-10-08 00:00:00";"2023-10-08 17:25:00";16;731;20;10;0;<FLG>
V6155020;V615502001;HIXnJ;1;"2023-10-09 00:00:00";"2023-10-09 00:00:00";16;730;20;10;0;<FLG>
V6155020;V615502001;HIXnJ;1;"2023-10-10 00:00:00";"2023-10-10 00:00:00";16;724;20;10;0;<FLG>
V6155020;V615502001;HIXnJ;1;"2023-10-11 00:00:00";"2023-10-11 15:35:00";16;723;20;10;0;<FLG>
V6155020;V615502001;HIXnJ;1;"2023-10-12 00:00:00";"2023-10-12 15:35:00";16;720;20;10;0;<FLG>
V6155020;V615502001;HIXnJ;1;"2023-10-13 00:00:00";"2023-10-13 00:00:00";16;719;20;10;0;<FLG>
V6155020;V615502001;HIXnJ;1;"2023-10-14 00:00:00";"2023-10-14 00:00:00";16;716;20;10;0;<FLG>
V6155020;V615502001;HIXnJ;1;"2023-10-15 00:00:00";"2023-10-15 10:10:00";16;716;20;10;0;<FLG>
V6155020;V615502001;HIXnJ;1;"2023-10-16 00:00:00";"2023-10-16 11:00:00";16;713;20;10;0;<FLG>
V6155020;V615502001;HIXnJ;1;"2023-10-17 00:00:00";"2023-10-17 23:59:59";16;708;20;10;0;<FLG>
V6155020;V615502001;HIXnJ;1;"2023-10-18 00:00:00";"2023-10-18 23:59:59";16;712;20;10;0;<FLG>
V6155020;V615502001;HIXnJ;1;"2023-10-19 00:00:00";"2023-10-19 16:00:00";16;713;20;10;0;<FLG>
V6155020;V615502001;HIXnJ;1;"2023-10-20 00:00:00";"2023-10-20 23:59:59";16;827;20;10;0;<FLG>
V6155020;V615502001;HIXnJ;1;"2023-10-21 00:00:00";"2023-10-21 18:00:00";16;864;20;10;0;<FLG>
V6155020;V615502001;HIXnJ;1;"2023-10-22 00:00:00";"2023-10-22 00:00:00";16;860;20;10;0;<FLG>
V6155020;V615502001;HIXnJ;1;"2023-10-23 00:00:00";"2023-10-23 00:00:00";16;835;20;10;0;<FLG>
V6155020;V615502001;HIXnJ;1;"2023-10-24 00:00:00";"2023-10-24 23:59:59";16;827;20;10;0;<FLG>
V6155020;V615502001;HIXnJ;1;"2023-10-25 00:00:00";"2023-10-25 23:59:59";16;883;20;10;0;<FLG>
V6155020;V615502001;HIXnJ;1;"2023-10-26 00:00:00";"2023-10-26 03:40:00";16;887;20;10;0;<FLG>
V6155020;V615502001;HIXnJ;1;"2023-10-27 00:00:00";"2023-10-27 00:00:00";16;882;20;10;0;<FLG>
V6155020;V615502001;HIXnJ;1;"2023-10-28 00:00:00";"2023-10-28 19:10:00";16;875;20;10;0;<FLG>
V6155020;V615502001;HIXnJ;1;"2023-10-29 00:00:00";"2023-10-29 00:00:00";16;872;20;10;0;<FLG>
V6155020;V615502001;HIXnJ;1;"2023-10-30 00:00:00";"2023-10-30 23:59:59";16;870;20;10;0;<FLG>
V6155020;V615502001;HIXnJ;1;"2023-10-31 00:00:00";"2023-10-31 23:59:59";16;990;20;10;0;<FLG>
V6155020;V615502001;HIXnJ;1;"2023-11-01 00:00:00";"2023-11-01 11:55:00";16;1002;20;10;0;<FLG>
V6155020;V615502001;HIXnJ;1;"2023-11-02 00:00:00";"2023-11-02 23:59:59";16;997;20;10;0;<FLG>
V6155020;V615502001;HIXnJ;1;"2023-11-03 00:00:00";"2023-11-03 23:59:59";16;1046;20;10;0;<FLG>
V6155020;V615502001;HIXnJ;1;"2023-11-04 00:00:00";"2023-11-04 23:59:59";16;1066;20;10;0;<FLG>
V6155020;V615502001;HIXnJ;1;"2023-11-05 00:00:00";"2023-11-05 23:59:59";16;1102;20;10;0;<FLG>
V6155020;V615502001;HIXnJ;1;"2023-11-06 00:00:00";"2023-11-06 23:59:59";16;1117;20;10;0;<FLG>
V6155020;V615502001;HIXnJ;1;"2023-11-07 00:00:00";"2023-11-07 00:48:00";16;1117;20;10;0;<FLG>
V6155020;V615502001;HIXnJ;1;"2023-11-08 00:00:00";"2023-11-08 00:00:00";16;1106;20;10;0;<FLG>
V6155020;V615502001;HIXnJ;1;"2023-11-09 00:00:00";"2023-11-09 00:00:00";16;1085;20;10;0;<FLG>
V6155020;V615502001;HIXnJ;1;"2023-11-10 00:00:00";"2023-11-10 23:59:59";16;1077;20;10;0;<FLG>
V6155020;V615502001;HIXnJ;1;"2023-11-11 00:00:00";"2023-11-11 23:59:59";16;1095;20;10;0;<FLG>
V6155020;V615502001;HIXnJ;1;"2023-11-12 00:00:00";"2023-11-12 11:05:00";16;1098;20;10;0;<FLG>
V6155020;V615502001;HIXnJ;1;"2023-11-13 00:00:00";"2023-11-13 00:00:00";16;1093;20;10;0;<FLG>
V6155020;V615502001;HIXnJ;1;"2023-11-14 00:00:00";"2023-11-14 00:00:00";16;1082;20;10;0;<FLG>
V6155020;V615502001;HIXnJ;1;"2023-11-15 00:00:00";"2023-11-15 00:00:00";16;1071;20;10;0;<FLG>
V6155020;V615502001;HIXnJ;1;"2023-11-16 00:00:00";"2023-11-16 00:00:00";16;1058;20;10;0;<FLG>
V6155020;V615502001;HIXnJ;1;"2023-11-17 00:00:00";"2023-11-17 00:00:00";16;1044;20;10;0;<FLG>
V6155020;V615502001;HIXnJ;1;"2023-11-18 00:00:00";"2023-11-18 00:00:00";16;1030;20;10;0;<FLG>
V6155020;V615502001;HIXnJ;1;"2023-11-19 00:00:00";"2023-11-19 00:00:00";16;1013;20;10;0;<FLG>
V6155020;V615502001;HIXnJ;1;"2023-11-20 00:00:00";"2023-11-20 00:00:00";16;999;20;10;0;<FLG>
V6155020;V615502001;HIXnJ;1;"2023-11-21 00:00:00";"2023-11-21 00:00:00";16;986;20;10;0;<FLG>
V6155020;V615502001;HIXnJ;1;"2023-11-22 00:00:00";"2023-11-22 00:00:00";16;973;20;10;0;<FLG>
V6155020;V615502001;HIXnJ;1;"2023-11-23 00:00:00";"2023-11-23 00:00:00";16;962;20;10;0;<FLG>
V6155020;V615502001;HIXnJ;1;"2023-11-24 00:00:00";"2023-11-24 00:00:00";16;950;20;10;0;<FLG>
V6155020;V615502001;HIXnJ;1;"2023-11-25 00:00:00";"2023-11-25 00:00:00";16;941;20;10;0;<FLG>
V6155020;V615502001;HIXnJ;1;"2023-11-26 00:00:00";"2023-11-26 00:00:00";16;932;20;10;0;<FLG>
V6155020;V615502001;HIXnJ;1;"2023-11-27 00:00:00";"2023-11-27 00:00:00";16;923;20;10;0;<FLG>
V6155020;V615502001;HIXnJ;1;"2023-11-28 00:00:00";"2023-11-28 00:00:00";16;915;20;10;0;<FLG>
V6155020;V615502001;HIXnJ;1;"2023-11-29 00:00:00";"2023-11-29 00:00:00";16;908;20;10;0;<FLG>
V6155020;V615502001;HIXnJ;1;"2023-11-30 00:00:00";"2023-11-30 00:00:00";16;901;20;10;0;<FLG>
V6155020;V615502001;HIXnJ;1;"2023-12-01 00:00:00";"2023-12-01 23:59:59";16;923;20;10;0;<FLG>
V6155020;V615502001;HIXnJ;1;"2023-12-02 00:00:00";"2023-12-02 23:59:59";16;1032;20;10;0;<FLG>
V6155020;V615502001;HIXnJ;1;"2023-12-03 00:00:00";"2023-12-03 23:59:59";16;1065;20;10;0;<FLG>
V6155020;V615502001;HIXnJ;1;"2023-12-04 00:00:00";"2023-12-04 23:59:59";16;1074;20;10;0;<FLG>
V6155020;V615502001;HIXnJ;1;"2023-12-05 00:00:00";"2023-12-05 23:59:59";16;1080;20;10;0;<FLG>
V6155020;V615502001;HIXnJ;1;"2023-12-06 00:00:00";"2023-12-06 23:59:59";16;1084;20;10;0;<FLG>
V6155020;V615502001;HIXnJ;1;"2023-12-07 00:00:00";"2023-12-07 09:12:00";16;1084;20;10;0;<FLG>
V6155020;V615502001;HIXnJ;1;"2023-12-08 00:00:00";"2023-12-08 23:59:59";16;1151;20;10;0;<FLG>
V6155020;V615502001;HIXnJ;1;"2023-12-09 00:00:00";"2023-12-09 23:59:59";16;1268;20;10;0;<FLG>
V6155020;V615502001;HIXnJ;1;"2023-12-10 00:00:00";"2023-12-10 07:25:00";16;1274;20;10;0;<FLG>
V6155020;V615502001;HIXnJ;1;"2023-12-11 00:00:00";"2023-12-11 00:00:00";16;1269;20;10;0;<FLG>
V6155020;V615502001;HIXnJ;1;"2023-12-12 00:00:00";"2023-12-12 00:00:00";16;1258;20;10;0;<FLG>
V6155020;V615502001;HIXnJ;1;"2023-12-13 00:00:00";"2023-12-13 00:00:00";16;1246;20;10;0;<FLG>
V6155020;V615502001;HIXnJ;1;"2023-12-14 00:00:00";"2023-12-14 00:00:00";16;1224;20;10;0;<FLG>
V6155020;V615502001;HIXnJ;1;"2023-12-15 00:00:00";"2023-12-15 00:00:00";16;1194;20;10;0;<FLG>
V6155020;V615502001;HIXnJ;1;"2023-12-16 00:00:00";"2023-12-16 00:00:00";16;1162;20;10;0;<FLG>
V6155020;V615502001;HIXnJ;1;"2023-12-17 00:00:00";"2023-12-17 00:00:00";16;1145;20;10;0;<FLG>
V6155020;V615502001;HIXnJ;1;"2023-12-18 00:00:00";"2023-12-18 00:00:00";16;1135;20;10;0;<FLG>
V6155020;V615502001;HIXnJ;1;"2023-12-19 00:00:00";"2023-12-19 00:00:00";16;1125;20;10;0;<FLG>
V6155020;V615502001;HIXnJ;1;"2023-12-20 00:00:00";"2023-12-20 00:00:00";16;1115;20;10;0;<FLG>
V6155020;V615502001;HIXnJ;1;"2023-12-21 00:00:00";"2023-12-21 00:00:00";16;1106;20;10;0;<FLG>
V6155020;V615502001;HIXnJ;1;"2023-12-22 00:00:00";"2023-12-22 00:00:00";16;1096;20;10;0;<FLG>
V6155020;V615502001;HIXnJ;1;"2023-12-23 00:00:00";"2023-12-23 00:00:00";16;1085;20;10;0;<FLG>
V6155020;V615502001;HIXnJ;1;"2023-12-24 00:00:00";"2023-12-24 00:00:00";16;1074;20;10;0;<FLG>
V6155020;V615502001;HIXnJ;1;"2023-12-25 00:00:00";"2023-12-25 00:00:00";16;1062;20;10;0;<FLG>
V6155020;V615502001;HIXnJ;1;"2023-12-26 00:00:00";"2023-12-26 00:00:00";16;1051;20;10;0;<FLG>
V6155020;V615502001;HIXnJ;1;"2023-12-27 00:00:00";"2023-12-27 00:00:00";16;1041;20;10;0;<FLG>
V6155020;V615502001;HIXnJ;1;"2023-12-28 00:00:00";"2023-12-28 00:00:00";16;1031;20;10;0;<FLG>
V6155020;V615502001;HIXnJ;1;"2023-12-29 00:00:00";"2023-12-29 00:00:00";16;1021;20;10;0;<FLG>
V6155020;V615502001;HIXnJ;1;"2023-12-30 00:00:00";"2023-12-30 00:00:00";16;1013;20;10;0;<FLG>
V6155020;V615502001;HIXnJ;1;"2023-12-31 00:00:00";"2023-12-31 00:00:00";16;1005;20;10;0;<FLG>
V6155020;V615502001;HIXnJ;1;"2024-01-01 00:00:00";"2024-01-01 00:00:00";16;997;20;10;0;<FLG>
V6155020;V615502001;HIXnJ;1;"2024-01-02 00:00:00";"2024-01-02 00:00:00";16;989;20;10;0;<FLG>
V6155020;V615502001;HIXnJ;1;"2024-01-03 00:00:00";"2024-01-03 00:00:00";16;981;20;10;0;<FLG>
V6155020;V615502001;HIXnJ;1;"2024-01-04 00:00:00";"2024-01-04 00:00:00";16;974;20;10;0;<FLG>
V6155020;V615502001;HIXnJ;1;"2024-01-05 00:00:00";"2024-01-05 23:59:59";16;980;20;10;0;<FLG>
V6155020;V615502001;HIXnJ;1;"2024-01-06 00:00:00";"2024-01-06 23:59:59";16;1023;20;10;0;<FLG>
V6155020;V615502001;HIXnJ;1;"2024-01-07 00:00:00";"2024-01-07 23:59:59";16;1038;20;10;0;<FLG>
V6155020;V615502001;HIXnJ;1;"2024-01-08 00:00:00";"2024-01-08 07:55:00";16;1042;20;10;0;<FLG>
V6155020;V615502001;HIXnJ;1;"2024-01-09 00:00:00";"2024-01-09 00:00:00";16;1040;20;10;0;<FLG>
V6155020;V615502001;HIXnJ;1;"2024-01-10 00:00:00";"2024-01-10 00:00:00";16;1036;20;10;0;<FLG>
V6155020;V615502001;HIXnJ;1;"2024-01-11 00:00:00";"2024-01-11 23:59:59";16;1031;20;10;0;<FLG>
V6155020;V615502001;HIXnJ;1;"2024-01-12 00:00:00";"2024-01-12 23:59:59";16;1035;20;10;0;<FLG>
V6155020;V615502001;HIXnJ;1;"2024-01-13 00:00:00";"2024-01-13 23:59:59";16;1036;20;10;0;<FLG>
V6155020;V615502001;HIXnJ;1;"2024-01-14 00:00:00";"2024-01-14 14:59:00";16;1037;20;10;0;<FLG>
V6155020;V615502001;HIXnJ;1;"2024-01-15 00:00:00";"2024-01-15 21:17:00";16;1037;20;10;0;<FLG>
V6155020;V615502001;HIXnJ;1;"2024-01-16 00:00:00";"2024-01-16 00:00:00";16;1036;20;10;0;<FLG>
V6155020;V615502001;HIXnJ;1;"2024-01-17 00:00:00";"2024-01-17 00:00:00";16;1030;20;10;0;<FLG>
V6155020;V615502001;HIXnJ;1;"2024-01-18 00:00:00";"2024-01-18 23:59:59";16;1072;20;10;0;<FLG>
V6155020;V615502001;HIXnJ;1;"2024-01-19 00:00:00";"2024-01-19 23:59:59";16;1107;20;10;0;<FLG>
V6155020;V615502001;HIXnJ;1;"2024-01-20 00:00:00";"2024-01-20 23:59:59";16;1120;20;10;0;<FLG>
V6155020;V615502001;HIXnJ;1;"2024-01-21 00:00:00";"2024-01-21 08:30:00";16;1121;20;10;0;<FLG>
V6155020;V615502001;HIXnJ;1;"2024-01-22 00:00:00";"2024-01-22 00:00:00";16;1118;20;10;0;<FLG>
V6155020;V615502001;HIXnJ;1;"2024-01-23 00:00:00";"2024-01-23 00:00:00";16;1111;20;10;0;<FLG>
V6155020;V615502001;HIXnJ;1;"2024-01-24 00:00:00";"2024-01-24 00:00:00";16;1104;20;10;0;<FLG>
V6155020;V615502001;HIXnJ;1;"2024-01-25 00:00:00";"2024-01-25 00:00:00";16;1096;20;10;0;<FLG>
V6155020;V615502001;HIXnJ;1;"2024-01-26 00:00:00";"2024-01-26 00:00:00";16;1087;20;10;0;<FLG>
V6155020;V615502001;HIXnJ;1;"2024-01-27 00:00:00";"2024-01-27 00:00:00";16;1078;20;10;0;<FLG>
V6155020;V615502001;HIXnJ;1;"2024-01-28 00:00:00";"2024-01-28 00:00:00";16;1069;20;10;0;<FLG>
V6155020;V615502001;HIXnJ;1;"2024-01-29 00:00:00";"2024-01-29 00:00:00";16;1059;20;10;0;<FLG>
V6155020;V615502001;HIXnJ;1;"2024-01-30 00:00:00";"2024-01-30 00:00:00";16;1050;20;10;0;<FLG>
V6155020;V615502001;HIXnJ;1;"2024-01-31 00:00:00";"2024-01-31 00:00:00";16;1040;20;10;0;<FLG>
V6155020;V615502001;HIXnJ;1;"2024-02-01 00:00:00";"2024-02-01 00:00:00";16;1031;20;10;0;<FLG>
V6155020;V615502001;HIXnJ;1;"2024-02-02 00:00:00";"2024-02-02 00:00:00";16;1021;20;10;0;<FLG>
V6155020;V615502001;HIXnJ;1;"2024-02-03 00:00:00";"2024-02-03 00:00:00";16;1012;20;10;0;<FLG>
V6155020;V615502001;HIXnJ;1;"2024-02-04 00:00:00";"2024-02-04 00:00:00";16;1005;20;10;0;<FLG>
V6155020;V615502001;HIXnJ;1;"2024-02-05 00:00:00";"2024-02-05 00:00:00";16;998;20;10;0;<FLG>
V6155020;V615502001;HIXnJ;1;"2024-02-06 00:00:00";"2024-02-06 00:00:00";16;991;20;10;0;<FLG>
V6155020;V615502001;HIXnJ;1;"2024-02-07 00:00:00";"2024-02-07 00:00:00";16;984;20;10;0;<FLG>
V6155020;V615502001;HIXnJ;1;"2024-02-08 00:00:00";"2024-02-08 00:00:00";16;979;20;10;0;<FLG>
V6155020;V615502001;HIXnJ;1;"2024-02-09 00:00:00";"2024-02-09 23:59:59";16;981;20;10;0;<FLG>
V6155020;V615502001;HIXnJ;1;"2024-02-10 00:00:00";"2024-02-10 23:59:59";16;1314;20;10;0;<FLG>
V6155020;V615502001;HIXnJ;1;"2024-02-11 00:00:00";"2024-02-11 23:59:59";16;1470;20;10;0;<FLG>
V6155020;V615502001;HIXnJ;1;"2024-02-12 00:00:00";"2024-02-12 07:05:00";16;1480;20;10;0;<FLG>
V6155020;V615502001;HIXnJ;1;"2024-02-13 00:00:00";"2024-02-13 00:00:00";16;1476;20;10;0;<FLG>
V6155020;V615502001;HIXnJ;1;"2024-02-14 00:00:00";"2024-02-14 00:00:00";16;1457;20;10;0;<FLG>
V6155020;V615502001;HIXnJ;1;"2024-02-15 00:00:00";"2024-02-15 00:00:00";16;1435;20;10;0;<FLG>
V6155020;V615502001;HIXnJ;1;"2024-02-16 00:00:00";"2024-02-16 00:00:00";16;1401;20;10;0;<FLG>
V6155020;V615502001;HIXnJ;1;"2024-02-17 00:00:00";"2024-02-17 00:00:00";16;1357;20;10;0;<FLG>
V6155020;V615502001;HIXnJ;1;"2024-02-18 00:00:00";"2024-02-18 00:00:00";16;1315;20;10;0;<FLG>
V6155020;V615502001;HIXnJ;1;"2024-02-19 00:00:00";"2024-02-19 00:00:00";16;1274;20;10;0;<FLG>
V6155020;V615502001;HIXnJ;1;"2024-02-20 00:00:00";"2024-02-20 00:00:00";16;1233;20;10;0;<FLG>
V6155020;V615502001;HIXnJ;1;"2024-02-21 00:00:00";"2024-02-21 00:00:00";16;1195;20;10;0;<FLG>
V6155020;V615502001;HIXnJ;1;"2024-02-22 00:00:00";"2024-02-22 00:00:00";16;1173;20;10;0;<FLG>
V6155020;V615502001;HIXnJ;1;"2024-02-23 00:00:00";"2024-02-23 00:00:00";16;1157;20;10;0;<FLG>
V6155020;V615502001;HIXnJ;1;"2024-02-24 00:00:00";"2024-02-24 00:00:00";16;1149;20;10;0;<FLG>
V6155020;V615502001;HIXnJ;1;"2024-02-25 00:00:00";"2024-02-25 00:00:00";16;1143;20;10;0;<FLG>
V6155020;V615502001;HIXnJ;1;"2024-02-26 00:00:00";"2024-02-26 23:59:59";16;1210;20;10;0;<FLG>
V6155020;V615502001;HIXnJ;1;"2024-02-27 00:00:00";"2024-02-27 23:59:59";16;1292;20;10;0;<FLG>
V6155020;V615502001;HIXnJ;1;"2024-02-28 00:00:00";"2024-02-28 23:59:59";16;1307;20;10;0;<FLG>
V6155020;V615502001;HIXnJ;1;"2024-02-29 00:00:00";"2024-02-29 06:07:00";16;1309;20;10;0;<FLG>
V6155020;V615502001;HIXnJ;1;"2024-03-01 00:00:00";"2024-03-01 00:00:00";16;1301;20;10;0;<FLG>
V6155020;V615502001;HIXnJ;1;"2024-03-02 00:00:00";"2024-03-02 00:00:00";16;1286;20;10;0;<FLG>
V6155020;V615502001;HIXnJ;1;"2024-03-03 00:00:00";"2024-03-03 23:59:59";16;1455;20;10;0;<FLG>
V6155020;V615502001;HIXnJ;1;"2024-03-04 00:00:00";"2024-03-04 23:59:59";16;1536;20;10;0;<FLG>
V6155020;V615502001;HIXnJ;1;"2024-03-05 00:00:00";"2024-03-05 02:55:00";16;1540;20;10;0;<FLG>
V6155020;V615502001;HIXnJ;1;"2024-03-06 00:00:00";"2024-03-06 00:00:00";16;1534;20;10;0;<FLG>
V6155020;V615502001;HIXnJ;1;"2024-03-07 00:00:00";"2024-03-07 00:00:00";16;1521;20;10;0;<FLG>
V6155020;V615502001;HIXnJ;1;"2024-03-08 00:00:00";"2024-03-08 00:00:00";16;1509;20;10;0;<FLG>
V6155020;V615502001;HIXnJ;1;"2024-03-09 00:00:00";"2024-03-09 00:00:00";16;1485;20;10;0;<FLG>
V6155020;V615502001;HIXnJ;1;"2024-03-10 00:00:00";"2024-03-10 23:59:59";16;1646;20;10;0;<FLG>
V6155020;V615502001;HIXnJ;1;"2024-03-11 00:00:00";"2024-03-11 23:59:59";16;1671;20;10;0;<FLG>
V6155020;V615502001;HIXnJ;1;"2024-03-12 00:00:00";"2024-03-12 12:48:00";16;1673;20;10;0;<FLG>
V6155020;V615502001;HIXnJ;1;"2024-03-13 00:00:00";"2024-03-13 00:00:00";16;1668;20;10;0;<FLG>
V6155020;V615502001;HIXnJ;1;"2024-03-14 00:00:00";"2024-03-14 00:00:00";16;1654;20;10;0;<FLG>
V6155020;V615502001;HIXnJ;1;"2024-03-15 00:00:00";"2024-03-15 00:00:00";16;1637;20;10;0;<FLG>
V6155020;V615502001;HIXnJ;1;"2024-03-16 00:00:00";"2024-03-16 00:00:00";16;1615;20;10;0;<FLG>
V6155020;V615502001;HIXnJ;1;"2024-03-17 00:00:00";"2024-03-17 00:00:00";16;1594;20;10;0;<FLG>
V6155020;V615502001;HIXnJ;1;"2024-03-18 00:00:00";"2024-03-18 00:00:00";16;1575;20;10;0;<FLG>
V6155020;V615502001;HIXnJ;1;"2024-03-19 00:00:00";"2024-03-19 00:00:00";16;1556;20;10;0;<FLG>
V6155020;V615502001;HIXnJ;1;"2024-03-20 00:00:00";"2024-03-20 00:00:00";16;1531;20;10;0;<FLG>
V6155020;V615502001;HIXnJ;1;"2024-03-21 00:00:00";"2024-03-21 00:00:00";16;1506;20;10;0;<FLG>
V6155020;V615502001;HIXnJ;1;"2024-03-22 00:00:00";"2024-03-22 00:00:00";16;1482;20;10;0;<FLG>
V6155020;V615502001;HIXnJ;1;"2024-03-23 00:00:00";"2024-03-23 00:00:00";16;1457;20;10;0;<FLG>
V6155020;V615502001;HIXnJ;1;"2024-03-24 00:00:00";"2024-03-24 00:00:00";16;1432;20;10;0;<FLG>
V6155020;V615502001;HIXnJ;1;"2024-03-25 00:00:00";"2024-03-25 00:00:00";16;1410;20;10;0;<FLG>
V6155020;V615502001;HIXnJ;1;"2024-03-26 00:00:00";"2024-03-26 00:00:00";16;1387;20;10;0;<FLG>
V6155020;V615502001;HIXnJ;1;"2024-03-27 00:00:00";"2024-03-27 23:59:59";16;1434;20;10;0;<FLG>
V6155020;V615502001;HIXnJ;1;"2024-03-28 00:00:00";"2024-03-28 23:59:59";16;1477;20;10;0;<FLG>
V6155020;V615502001;HIXnJ;1;"2024-03-29 00:00:00";"2024-03-29 14:50:00";16;1488;20;10;0;<FLG>
V6155020;V615502001;HIXnJ;1;"2024-03-30 00:00:00";"2024-03-30 00:00:00";16;1487;20;10;0;<FLG>
V6155020;V615502001;HIXnJ;1;"2024-03-31 00:00:00";"2024-03-31 23:59:59";16;1563;20;10;0;<FLG>
V6155020;V615502001;HIXnJ;1;"2024-04-01 00:00:00";"2024-04-01 23:59:59";16;1711;20;10;0;<FLG>
V6155020;V615502001;HIXnJ;1;"2024-04-02 00:00:00";"2024-04-02 23:59:59";16;1725;20;10;0;<FLG>
V6155020;V615502001;HIXnJ;1;"2024-04-03 00:00:00";"2024-04-03 10:54:00";16;1727;20;10;0;<FLG>
V6155020;V615502001;HIXnJ;1;"2024-04-04 00:00:00";"2024-04-04 00:00:00";16;1722;20;10;0;<FLG>
V6155020;V615502001;HIXnJ;1;"2024-04-05 00:00:00";"2024-04-05 00:00:00";16;1708;20;10;0;<FLG>
V6155020;V615502001;HIXnJ;1;"2024-04-06 00:00:00";"2024-04-06 00:00:00";16;1692;20;10;0;<FLG>
V6155020;V615502001;HIXnJ;1;"2024-04-07 00:00:00";"2024-04-07 00:00:00";16;1677;20;10;0;<FLG>
V6155020;V615502001;HIXnJ;1;"2024-04-08 00:00:00";"2024-04-08 00:00:00";16;1658;20;10;0;<FLG>
V6155020;V615502001;HIXnJ;1;"2024-04-09 00:00:00";"2024-04-09 00:00:00";16;1621;20;10;0;<FLG>
V6155020;V615502001;HIXnJ;1;"2024-04-10 00:00:00";"2024-04-10 00:00:00";16;1601;20;10;0;<FLG>
V6155020;V615502001;HIXnJ;1;"2024-04-11 00:00:00";"2024-04-11 00:00:00";16;1580;20;10;0;<FLG>
V6155020;V615502001;HIXnJ;1;"2024-04-12 00:00:00";"2024-04-12 00:00:00";16;1558;20;10;0;<FLG>
V6155020;V615502001;HIXnJ;1;"2024-04-13 00:00:00";"2024-04-13 00:00:00";16;1537;20;10;0;<FLG>
V6155020;V615502001;HIXnJ;1;"2024-04-14 00:00:00";"2024-04-14 00:00:00";16;1517;20;10;0;<FLG>
V6155020;V615502001;HIXnJ;1;"2024-04-15 00:00:00";"2024-04-15 00:00:00";16;1491;20;10;0;<FLG>
V6155020;V615502001;HIXnJ;1;"2024-04-16 00:00:00";"2024-04-16 00:00:00";16;1465;20;10;0;<FLG>
V6155020;V615502001;HIXnJ;1;"2024-04-17 00:00:00";"2024-04-17 00:00:00";16;1440;20;10;0;<FLG>
V6155020;V615502001;HIXnJ;1;"2024-04-18 00:00:00";"2024-04-18 00:00:00";16;1414;20;10;0;<FLG>
V6155020;V615502001;HIXnJ;1;"2024-04-19 00:00:00";"2024-04-19 00:00:00";16;1392;20;10;0;<FLG>
V6155020;V615502001;HIXnJ;1;"2024-04-20 00:00:00";"2024-04-20 00:00:00";16;1368;20;10;0;<FLG>
V6155020;V615502001;HIXnJ;1;"2024-04-21 00:00:00";"2024-04-21 00:00:00";16;1350;20;10;0;<FLG>
V6155020;V615502001;HIXnJ;1;"2024-04-22 00:00:00";"2024-04-22 00:00:00";16;1333;20;10;0;<FLG>
V6155020;V615502001;HIXnJ;1;"2024-04-23 00:00:00";"2024-04-23 00:00:00";16;1320;20;10;0;<FLG>
V6155020;V615502001;HIXnJ;1;"2024-04-24 00:00:00";"2024-04-24 00:00:00";16;1306;20;10;0;<FLG>
V6155020;V615502001;HIXnJ;1;"2024-04-25 00:00:00";"2024-04-25 00:00:00";16;1294;20;10;0;<FLG>
V6155020;V615502001;HIXnJ;1;"2024-04-26 00:00:00";"2024-04-26 00:00:00";16;1280;20;10;0;<FLG>
V6155020;V615502001;HIXnJ;1;"2024-04-27 00:00:00";"2024-04-27 00:00:00";16;1267;20;10;0;<FLG>
V6155020;V615502001;HIXnJ;1;"2024-04-28 00:00:00";"2024-04-28 00:00:00";16;1254;20;10;0;<FLG>
V6155020;V615502001;HIXnJ;1;"2024-04-29 00:00:00";"2024-04-29 22:40:00";16;1249;20;10;0;<FLG>
V6155020;V615502001;HIXnJ;1;"2024-04-30 00:00:00";"2024-04-30 00:00:00";16;1249;20;10;0;<FLG>
V6155020;V615502001;HIXnJ;1;"2024-05-01 00:00:00";"2024-05-01 00:00:00";16;1243;20;10;0;<FLG>
V6155020;V615502001;HIXnJ;1;"2024-05-02 00:00:00";"2024-05-02 23:59:59";16;1240;20;10;0;<FLG>
V6155020;V615502001;HIXnJ;1;"2024-05-03 00:00:00";"2024-05-03 23:59:59";16;1260;20;10;0;<FLG>
V6155020;V615502001;HIXnJ;1;"2024-05-04 00:00:00";"2024-05-04 17:28:00";16;1265;20;10;0;<FLG>
V6155020;V615502001;HIXnJ;1;"2024-05-05 00:00:00";"2024-05-05 00:00:00";16;1264;20;10;0;<FLG>
V6155020;V615502001;HIXnJ;1;"2024-05-06 00:00:00";"2024-05-06 00:00:00";16;1259;20;10;0;<FLG>
V6155020;V615502001;HIXnJ;1;"2024-05-07 00:00:00";"2024-05-07 00:00:00";16;1248;20;10;0;<FLG>
V6155020;V615502001;HIXnJ;1;"2024-05-08 00:00:00";"2024-05-08 00:00:00";16;1237;20;10;0;<FLG>
V6155020;V615502001;HIXnJ;1;"2024-05-09 00:00:00";"2024-05-09 00:00:00";16;1226;20;10;0;<FLG>
V6155020;V615502001;HIXnJ;1;"2024-05-10 00:00:00";"2024-05-10 00:00:00";16;1213;20;10;0;<FLG>
V6155020;V615502001;HIXnJ;1;"2024-05-11 00:00:00";"2024-05-11 00:00:00";16;1202;20;10;0;<FLG>
V6155020;V615502001;HIXnJ;1;"2024-05-12 00:00:00";"2024-05-12 00:00:00";16;1191;20;10;0;<FLG>
V6155020;V615502001;HIXnJ;1;"2024-05-13 00:00:00";"2024-05-13 00:00:00";16;1181;20;10;0;<FLG>
V6155020;V615502001;HIXnJ;1;"2024-05-14 00:00:00";"2024-05-14 00:00:00";16;1173;20;10;0;<FLG>
V6155020;V615502001;HIXnJ;1;"2024-05-15 00:00:00";"2024-05-15 23:59:59";16;1170;20;10;0;<FLG>
V6155020;V615502001;HIXnJ;1;"2024-05-16 00:00:00";"2024-05-16 23:59:59";16;1207;20;10;0;<FLG>
V6155020;V615502001;HIXnJ;1;"2024-05-17 00:00:00";"2024-05-17 23:59:59";16;1239;20;10;0;<FLG>
V6155020;V615502001;HIXnJ;1;"2024-05-18 00:00:00";"2024-05-18 09:25:00";16;1244;20;10;0;<FLG>
V6155020;V615502001;HIXnJ;1;"2024-05-19 00:00:00";"2024-05-19 07:40:00";16;1244;20;10;0;<FLG>
V6155020;V615502001;HIXnJ;1;"2024-05-20 00:00:00";"2024-05-20 00:00:00";16;1239;20;10;0;<FLG>
V6155020;V615502001;HIXnJ;1;"2024-05-21 00:00:00";"2024-05-21 00:00:00";16;1232;20;10;0;<FLG>
V6155020;V615502001;HIXnJ;1;"2024-05-22 00:00:00";"2024-05-22 00:00:00";16;1223;20;10;0;<FLG>
V6155020;V615502001;HIXnJ;1;"2024-05-23 00:00:00";"2024-05-23 00:00:00";16;1210;20;10;0;<FLG>
V6155020;V615502001;HIXnJ;1;"2024-05-24 00:00:00";"2024-05-24 00:00:00";16;1196;20;10;0;<FLG>
V6155020;V615502001;HIXnJ;1;"2024-05-25 00:00:00";"2024-05-25 00:00:00";16;1185;20;10;0;<FLG>
V6155020;V615502001;HIXnJ;1;"2024-05-26 00:00:00";"2024-05-26 00:00:00";16;1174;20;10;0;<FLG>
V6155020;V615502001;HIXnJ;1;"2024-05-27 00:00:00";"2024-05-27 00:00:00";16;1164;20;10;0;<FLG>
V6155020;V615502001;HIXnJ;1;"2024-05-28 00:00:00";"2024-05-28 00:00:00";16;1158;20;10;0;<FLG>
V6155020;V615502001;HIXnJ;1;"2024-05-29 00:00:00";"2024-05-29 00:00:00";16;1156;20;10;0;<FLG>
V6155020;V615502001;HIXnJ;1;"2024-05-30 00:00:00";"2024-05-30 00:00:00";16;1154;20;10;0;<FLG>
V6155020;V615502001;HIXnJ;1;"2024-05-31 00:00:00";"2024-05-31 00:00:00";16;1150;20;10;0;<FLG>
V6155020;V615502001;HIXnJ;1;"2024-06-01 00:00:00";"2024-06-01 00:00:00";16;1146;20;10;0;<FLG>
V6155020;V615502001;HIXnJ;1;"2024-06-02 00:00:00";"2024-06-02 00:00:00";16;1143;20;10;0;<FLG>
V6155020;V615502001;HIXnJ;1;"2024-06-03 00:00:00";"2024-06-03 00:00:00";16;1138;20;10;0;<FLG>
V6155020;V615502001;HIXnJ;1;"2024-06-04 00:00:00";"2024-06-04 00:00:00";16;1137;20;10;0;<FLG>
V6155020;V615502001;HIXnJ;1;"2024-06-05 00:00:00";"2024-06-05 00:00:00";16;1134;20;10;0;<FLG>
V6155020;V615502001;HIXnJ;1;"2024-06-06 00:00:00";"2024-06-06 00:00:00";16;1131;20;10;0;<FLG>
V6155020;V615502001;HIXnJ;1;"2024-06-07 00:00:00";"2024-06-07 00:00:00";16;1128;20;10;0;<FLG>
V6155020;V615502001;HIXnJ;1;"2024-06-08 00:00:00";"2024-06-08 00:00:00";16;1123;20;10;0;<FLG>
V6155020;V615502001;HIXnJ;1;"2024-06-09 00:00:00";"2024-06-09 00:00:00";16;1119;20;10;0;<FLG>
V6155020;V615502001;HIXnJ;1;"2024-06-10 00:00:00";"2024-06-10 00:00:00";16;1115;20;10;0;<FLG>
V6155020;V615502001;HIXnJ;1;"2024-06-11 00:00:00";"2024-06-11 00:00:00";16;1111;20;10;0;<FLG>
V6155020;V615502001;HIXnJ;1;"2024-06-12 00:00:00";"2024-06-12 00:00:00";16;1102;20;10;0;<FLG>
V6155020;V615502001;HIXnJ;1;"2024-06-13 00:00:00";"2024-06-13 00:00:00";16;1097;20;10;0;<FLG>
V6155020;V615502001;HIXnJ;1;"2024-06-14 00:00:00";"2024-06-14 00:00:00";16;1092;20;10;0;<FLG>
V6155020;V615502001;HIXnJ;1;"2024-06-15 00:00:00";"2024-06-15 00:00:00";16;1086;20;10;0;<FLG>
V6155020;V615502001;HIXnJ;1;"2024-06-16 00:00:00";"2024-06-16 00:00:00";16;1081;20;10;0;<FLG>
V6155020;V615502001;HIXnJ;1;"2024-06-17 00:00:00";"2024-06-17 00:00:00";16;1076;20;10;0;<FLG>
V6155020;V615502001;HIXnJ;1;"2024-06-18 00:00:00";"2024-06-18 00:00:00";16;1071;20;10;0;<FLG>
V6155020;V615502001;HIXnJ;1;"2024-06-19 00:00:00";"2024-06-19 00:00:00";16;1065;20;10;0;<FLG>
V6155020;V615502001;HIXnJ;1;"2024-06-20 00:00:00";"2024-06-20 00:00:00";16;1060;20;10;0;<FLG>
V6155020;V615502001;HIXnJ;1;"2024-06-21 00:00:00";"2024-06-21 00:00:00";16;1057;20;10;0;<FLG>
V6155020;V615502001;HIXnJ;1;"2024-06-22 00:00:00";"2024-06-22 00:00:00";16;1056;20;10;0;<FLG>
V6155020;V615502001;HIXnJ;1;"2024-06-23 00:00:00";"2024-06-23 00:00:00";16;1053;20;10;0;<FLG>
V6155020;V615502001;HIXnJ;1;"2024-06-24 00:00:00";"2024-06-24 00:00:00";16;1049;20;10;0;<FLG>
V6155020;V615502001;HIXnJ;1;"2024-06-25 00:00:00";"2024-06-25 00:00:00";16;1045;20;10;0;<FLG>
V6155020;V615502001;HIXnJ;1;"2024-06-26 00:00:00";"2024-06-26 00:00:00";16;1038;20;10;0;<FLG>
V6155020;V615502001;HIXnJ;1;"2024-06-27 00:00:00";"2024-06-27 00:00:00";16;1033;20;10;0;<FLG>
V6155020;V615502001;HIXnJ;1;"2024-06-28 00:00:00";"2024-06-28 00:00:00";16;1030;20;10;0;<FLG>
V6155020;V615502001;HIXnJ;1;"2024-06-29 00:00:00";"2024-06-29 00:00:00";16;1026;20;10;0;<FLG>
V6155020;V615502001;HIXnJ;1;"2024-06-30 00:00:00";"2024-06-30 00:00:00";16;1021;20;10;0;<FLG>
V6155020;V615502001;HIXnJ;1;"2024-07-01 00:00:00";"2024-07-01 00:00:00";16;1016;20;10;0;<FLG>
V6155020;V615502001;HIXnJ;1;"2024-07-02 00:00:00";"2024-07-02 00:00:00";16;1013;20;10;0;<FLG>
V6155020;V615502001;HIXnJ;1;"2024-07-03 00:00:00";"2024-07-03 00:00:00";16;1010;20;10;0;<FLG>
V6155020;V615502001;HIXnJ;1;"2024-07-04 00:00:00";"2024-07-04 00:00:00";16;1007;20;10;0;<FLG>
V6155020;V615502001;HIXnJ;1;"2024-07-05 00:00:00";"2024-07-05 00:00:00";16;1004;20;10;0;<FLG>
V6155020;V615502001;HIXnJ;1;"2024-07-06 00:00:00";"2024-07-06 00:00:00";16;1001;20;10;0;<FLG>
V6155020;V615502001;HIXnJ;1;"2024-07-07 00:00:00";"2024-07-07 00:00:00";16;998;20;10;0;<FLG>
V6155020;V615502001;HIXnJ;1;"2024-07-08 00:00:00";"2024-07-08 00:00:00";16;995;20;10;0;<FLG>
V6155020;V615502001;HIXnJ;1;"2024-07-09 00:00:00";"2024-07-09 00:00:00";16;992;20;10;0;<FLG>
V6155020;V615502001;HIXnJ;1;"2024-07-10 00:00:00";"2024-07-10 00:00:00";16;989;20;10;0;<FLG>
V6155020;V615502001;HIXnJ;1;"2024-07-11 00:00:00";"2024-07-11 00:00:00";16;986;20;10;0;<FLG>
V6155020;V615502001;HIXnJ;1;"2024-07-12 00:00:00";"2024-07-12 00:00:00";16;983;20;10;0;<FLG>
V6155020;V615502001;HIXnJ;1;"2024-07-13 00:00:00";"2024-07-13 00:00:00";16;979;20;10;0;<FLG>
V6155020;V615502001;HIXnJ;1;"2024-07-14 00:00:00";"2024-07-14 00:00:00";16;976;20;10;0;<FLG>
V6155020;V615502001;HIXnJ;1;"2024-07-15 00:00:00";"2024-07-15 00:00:00";16;973;20;10;0;<FLG>
V6155020;V615502001;HIXnJ;1;"2024-07-16 00:00:00";"2024-07-16 00:00:00";16;970;20;10;0;<FLG>
V6155020;V615502001;HIXnJ;1;"2024-07-17 00:00:00";"2024-07-17 00:00:00";16;967;20;10;0;<FLG>
V6155020;V615502001;HIXnJ;1;"2024-07-18 00:00:00";"2024-07-18 00:00:00";16;964;20;10;0;<FLG>
V6155020;V615502001;HIXnJ;1;"2024-07-19 00:00:00";"2024-07-19 00:00:00";16;961;20;10;0;<FLG>
V6155020;V615502001;HIXnJ;1;"2024-07-20 00:00:00";"2024-07-20 00:00:00";16;959;20;10;0;<FLG>
V6155020;V615502001;HIXnJ;1;"2024-07-21 00:00:00";"2024-07-21 00:00:00";16;953;20;10;0;<FLG>
V6155020;V615502001;HIXnJ;1;"2024-07-22 00:00:00";"2024-07-22 00:00:00";16;952;20;10;0;<FLG>
V6155020;V615502001;HIXnJ;1;"2024-07-23 00:00:00";"2024-07-23 00:00:00";16;950;20;10;0;<FLG>
V6155020;V615502001;HIXnJ;1;"2024-07-24 00:00:00";"2024-07-24 00:00:00";16;947;20;10;0;<FLG>
V6155020;V615502001;HIXnJ;1;"2024-07-25 00:00:00";"2024-07-25 00:00:00";16;944;20;10;0;<FLG>
V6155020;V615502001;HIXnJ;1;"2024-07-26 00:00:00";"2024-07-26 00:00:00";16;942;20;10;0;<FLG>
V6155020;V615502001;HIXnJ;1;"2024-07-27 00:00:00";"2024-07-27 00:00:00";16;939;20;10;0;<FLG>
V6155020;V615502001;HIXnJ;1;"2024-07-28 00:00:00";"2024-07-28 00:00:00";16;936;20;10;0;<FLG>
V6155020;V615502001;HIXnJ;1;"2024-07-29 00:00:00";"2024-07-29 00:00:00";16;933;20;10;0;<FLG>
V6155020;V615502001;HIXnJ;1;"2024-07-30 00:00:00";"2024-07-30 00:00:00";16;931;20;10;0;<FLG>
V6155020;V615502001;HIXnJ;1;"2024-07-31 00:00:00";"2024-07-31 00:00:00";16;928;20;10;0;<FLG>
V6155020;V615502001;HIXnJ;1;"2024-08-01 00:00:00";"2024-08-01 00:00:00";16;925;20;10;0;<FLG>
V6155020;V615502001;HIXnJ;1;"2024-08-02 00:00:00";"2024-08-02 00:00:00";16;923;20;10;0;<FLG>
V6155020;V615502001;HIXnJ;1;"2024-08-03 00:00:00";"2024-08-03 00:00:00";16;920;20;10;0;<FLG>
V6155020;V615502001;HIXnJ;1;"2024-08-04 00:00:00";"2024-08-04 00:00:00";16;917;20;10;0;<FLG>
V6155020;V615502001;HIXnJ;1;"2024-08-05 00:00:00";"2024-08-05 00:00:00";16;914;20;10;0;<FLG>
V6155020;V615502001;HIXnJ;1;"2024-08-06 00:00:00";"2024-08-06 00:00:00";16;912;20;10;0;<FLG>
V6155020;V615502001;HIXnJ;1;"2024-08-07 00:00:00";"2024-08-07 00:00:00";16;909;20;10;0;<FLG>
V6155020;V615502001;HIXnJ;1;"2024-08-08 00:00:00";"2024-08-08 00:00:00";16;906;20;10;0;<FLG>
V6155020;V615502001;HIXnJ;1;"2024-08-09 00:00:00";"2024-08-09 00:00:00";16;904;20;10;0;<FLG>
V6155020;V615502001;HIXnJ;1;"2024-08-10 00:00:00";"2024-08-10 00:00:00";16;901;20;10;0;<FLG>
V6155020;V615502001;HIXnJ;1;"2024-08-11 00:00:00";"2024-08-11 00:00:00";16;899;20;10;0;<FLG>
V6155020;V615502001;HIXnJ;1;"2024-08-12 00:00:00";"2024-08-12 00:00:00";16;897;20;10;0;<FLG>
V6155020;V615502001;HIXnJ;1;"2024-08-13 00:00:00";"2024-08-13 00:00:00";16;894;20;10;0;<FLG>
V6155020;V615502001;HIXnJ;1;"2024-08-14 00:00:00";"2024-08-14 00:00:00";16;892;20;10;0;<FLG>
V6155020;V615502001;HIXnJ;1;"2024-08-15 00:00:00";"2024-08-15 00:00:00";16;890;20;10;0;<FLG>
V6155020;V615502001;HIXnJ;1;"2024-08-16 00:00:00";"2024-08-16 00:00:00";16;888;20;10;0;<FLG>
V6155020;V615502001;HIXnJ;1;"2024-08-17 00:00:00";"2024-08-17 00:00:00";16;886;20;10;0;<FLG>
V6155020;V615502001;HIXnJ;1;"2024-08-18 00:00:00";"2024-08-18 00:00:00";16;883;20;10;0;<FLG>
V6155020;V615502001;HIXnJ;1;"2024-08-19 00:00:00";"2024-08-19 00:00:00";16;881;20;10;0;<FLG>
V6155020;V615502001;HIXnJ;1;"2024-08-20 00:00:00";"2024-08-20 00:00:00";16;879;20;10;0;<FLG>
V6155020;V615502001;HIXnJ;1;"2024-08-21 00:00:00";"2024-08-21 00:00:00";16;873;20;10;0;<FLG>
V6155020;V615502001;HIXnJ;1;"2024-08-22 00:00:00";"2024-08-22 00:00:00";16;870;20;10;0;<FLG>
V6155020;V615502001;HIXnJ;1;"2024-08-23 00:00:00";"2024-08-23 00:00:00";16;868;20;10;0;<FLG>
V6155020;V615502001;HIXnJ;1;"2024-08-24 00:00:00";"2024-08-24 00:00:00";16;866;20;10;0;<FLG>
V6155020;V615502001;HIXnJ;1;"2024-08-25 00:00:00";"2024-08-25 00:00:00";16;864;20;10;0;<FLG>
V6155020;V615502001;HIXnJ;1;"2024-08-26 00:00:00";"2024-08-26 00:00:00";16;862;20;10;0;<FLG>
V6155020;V615502001;HIXnJ;1;"2024-08-27 00:00:00";"2024-08-27 00:00:00";16;860;20;10;0;<FLG>
V6155020;V615502001;HIXnJ;1;"2024-08-28 00:00:00";"2024-08-28 23:59:59";16;852;20;10;0;<FLG>
V6155020;V615502001;HIXnJ;1;"2024-08-29 00:00:00";"2024-08-29 23:59:59";16;854;20;10;0;<FLG>
V6155020;V615502001;HIXnJ;1;"2024-08-30 00:00:00";"2024-08-30 03:05:00";16;854;20;10;0;<FLG>
V6155020;V615502001;HIXnJ;1;"2024-08-31 00:00:00";"2024-08-31 23:59:59";16;849;20;10;0;<FLG>
V6155020;V615502001;HIXnJ;1;"2024-09-01 00:00:00";"2024-09-01 12:30:00";16;851;20;10;0;<FLG>
V6155020;V615502001;HIXnJ;1;"2024-09-02 00:00:00";"2024-09-02 00:00:00";16;849;20;10;0;<FLG>
V6155020;V615502001;HIXnJ;1;"2024-09-03 00:00:00";"2024-09-03 00:00:00";16;844;20;10;0;<FLG>
V6155020;V615502001;HIXnJ;1;"2024-09-04 00:00:00";"2024-09-04 23:59:59";16;854;20;10;0;<FLG>
V6155020;V615502001;HIXnJ;1;"2024-09-05 00:00:00";"2024-09-05 06:35:00";16;865;20;10;0;<FLG>
V6155020;V615502001;HIXnJ;1;"2024-09-06 00:00:00";"2024-09-06 12:05:00";16;861;20;10;0;<FLG>
V6155020;V615502001;HIXnJ;1;"2024-09-07 00:00:00";"2024-09-07 00:00:00";16;859;20;10;0;<FLG>
V6155020;V615502001;HIXnJ;1;"2024-09-08 00:00:00";"2024-09-08 23:59:59";16;862;20;10;0;<FLG>
V6155020;V615502001;HIXnJ;1;"2024-09-09 00:00:00";"2024-09-09 23:59:59";16;878;20;10;0;<FLG>
V6155020;V615502001;HIXnJ;1;"2024-09-10 00:00:00";"2024-09-10 02:30:00";16;878;20;10;0;<FLG>
V6155020;V615502001;HIXnJ;1;"2024-09-11 00:00:00";"2024-09-11 00:00:00";16;870;20;10;0;<FLG>
V6155020;V615502001;HIXnJ;1;"2024-09-12 00:00:00";"2024-09-12 00:00:00";16;861;20;10;0;<FLG>
V6155020;V615502001;HIXnJ;1;"2024-09-13 00:00:00";"2024-09-13 00:00:00";16;856;20;10;0;<FLG>
V6155020;V615502001;HIXnJ;1;"2024-09-14 00:00:00";"2024-09-14 00:00:00";16;855;20;10;0;<FLG>
V6155020;V615502001;HIXnJ;1;"2024-09-15 00:00:00";"2024-09-15 00:00:00";16;851;20;10;0;<FLG>
V6155020;V615502001;HIXnJ;1;"2024-09-16 00:00:00";"2024-09-16 00:00:00";16;846;20;10;0;<FLG>
V6155020;V615502001;HIXnJ;1;"2024-09-17 00:00:00";"2024-09-17 16:30:00";16;844;20;10;0;<FLG>
V6155020;V615502001;HIXnJ;1;"2024-09-18 00:00:00";"2024-09-18 00:00:00";16;842;20;10;0;<FLG>
V6155020;V615502001;HIXnJ;1;"2024-09-19 00:00:00";"2024-09-19 16:55:00";16;837;20;10;0;<FLG>
V6155020;V615502001;HIXnJ;1;"2024-09-20 00:00:00";"2024-09-20 00:00:00";16;835;20;10;0;<FLG>
V6155020;V615502001;HIXnJ;1;"2024-09-21 00:00:00";"2024-09-21 00:00:00";16;829;20;10;0;<FLG>
V6155020;V615502001;HIXnJ;1;"2024-09-22 00:00:00";"2024-09-22 23:59:59";16;828;20;10;0;<FLG>
V6155020;V615502001;HIXnJ;1;"2024-09-23 00:00:00";"2024-09-23 23:59:59";16;838;20;10;0;<FLG>
V6155020;V615502001;HIXnJ;1;"2024-09-24 00:00:00";"2024-09-24 13:00:00";16;843;20;10;0;<FLG>
V6155020;V615502001;HIXnJ;1;"2024-09-25 00:00:00";"2024-09-25 00:00:00";16;840;20;10;0;<FLG>
V6155020;V615502001;HIXnJ;1;"2024-09-26 00:00:00";"2024-09-26 00:00:00";16;835;20;10;0;<FLG>
V6155020;V615502001;HIXnJ;1;"2024-09-27 00:00:00";"2024-09-27 00:00:00";16;832;20;10;0;<FLG>
V6155020;V615502001;HIXnJ;1;"2024-09-28 00:00:00";"2024-09-28 04:25:00";16;830;20;10;0;<FLG>
V6155020;V615502001;HIXnJ;1;"2024-09-29 00:00:00";"2024-09-29 00:00:00";16;827;20;10;0;<FLG>
V6155020;V615502001;HIXnJ;1;"2024-09-30 00:00:00";"2024-09-30 00:00:00";16;823;20;10;0;<FLG>
V6155020;V615502001;HIXnJ;1;"2024-10-01 00:00:00";"2024-10-01 20:35:00";16;821;20;10;0;<FLG>
V6155020;V615502001;HIXnJ;1;"2024-10-02 00:00:00";"2024-10-02 00:00:00";16;821;20;10;0;<FLG>
V6155020;V615502001;HIXnJ;1;"2024-10-03 00:00:00";"2024-10-03 00:00:00";16;817;20;10;0;<FLG>
V6155020;V615502001;HIXnJ;1;"2024-10-04 00:00:00";"2024-10-04 00:00:00";16;814;20;10;0;<FLG>
V6155020;V615502001;HIXnJ;1;"2024-10-05 00:00:00";"2024-10-05 00:00:00";16;811;20;10;0;<FLG>
V6155020;V615502001;HIXnJ;1;"2024-10-06 00:00:00";"2024-10-06 00:00:00";16;808;20;10;0;<FLG>
V6155020;V615502001;HIXnJ;1;"2024-10-07 00:00:00";"2024-10-07 00:00:00";16;804;20;10;0;<FLG>
V6155020;V615502001;HIXnJ;1;"2024-10-08 00:00:00";"2024-10-08 23:59:59";16;902;20;10;0;<FLG>
V6155020;V615502001;HIXnJ;1;"2024-10-09 00:00:00";"2024-10-09 16:50:00";16;941;20;10;0;<FLG>
V6155020;V615502001;HIXnJ;1;"2024-10-10 00:00:00";"2024-10-10 23:59:59";16;959;20;10;0;<FLG>
V6155020;V615502001;HIXnJ;1;"2024-10-11 00:00:00";"2024-10-11 12:40:00";16;967;20;10;0;<FLG>
V6155020;V615502001;HIXnJ;1;"2024-10-12 00:00:00";"2024-10-12 00:00:00";16;959;20;10;0;<FLG>
V6155020;V615502001;HIXnJ;1;"2024-10-13 00:00:00";"2024-10-13 23:59:59";16;943;20;10;0;<FLG>
V6155020;V615502001;HIXnJ;1;"2024-10-14 00:00:00";"2024-10-14 18:05:00";16;947;20;10;0;<FLG>
V6155020;V615502001;HIXnJ;1;"2024-10-15 00:00:00";"2024-10-15 00:00:00";16;945;20;10;0;<FLG>
V6155020;V615502001;HIXnJ;1;"2024-10-16 00:00:00";"2024-10-16 23:59:59";16;940;20;10;0;<FLG>
V6155020;V615502001;HIXnJ;1;"2024-10-17 00:00:00";"2024-10-17 23:59:59";16;980;20;10;0;<FLG>
V6155020;V615502001;HIXnJ;1;"2024-10-18 00:00:00";"2024-10-18 23:59:59";16;1069;20;10;0;<FLG>
V6155020;V615502001;HIXnJ;1;"2024-10-19 00:00:00";"2024-10-19 23:59:59";16;1106;20;10;0;<FLG>
V6155020;V615502001;HIXnJ;1;"2024-10-20 00:00:00";"2024-10-20 01:20:00";16;1106;20;10;0;<FLG>
V6155020;V615502001;HIXnJ;1;"2024-10-21 00:00:00";"2024-10-21 00:00:00";16;1099;20;10;0;<FLG>
V6155020;V615502001;HIXnJ;1;"2024-10-22 00:00:00";"2024-10-22 00:00:00";16;1081;20;10;0;<FLG>
V6155020;V615502001;HIXnJ;1;"2024-10-23 00:00:00";"2024-10-23 00:00:00";16;1060;20;10;0;<FLG>
V6155020;V615502001;HIXnJ;1;"2024-10-24 00:00:00";"2024-10-24 00:00:00";16;1040;20;10;0;<FLG>
V6155020;V615502001;HIXnJ;1;"2024-10-25 00:00:00";"2024-10-25 00:00:00";16;1031;20;10;0;<FLG>
V6155020;V615502001;HIXnJ;1;"2024-10-26 00:00:00";"2024-10-26 00:00:00";16;1017;20;10;0;<FLG>
V6155020;V615502001;HIXnJ;1;"2024-10-27 00:00:00";"2024-10-27 23:59:59";16;1069;20;10;0;<FLG>
V6155020;V615502001;HIXnJ;1;"2024-10-28 00:00:00";"2024-10-28 23:59:59";16;1100;20;10;0;<FLG>
V6155020;V615502001;HIXnJ;1;"2024-10-29 00:00:00";"2024-10-29 02:20:00";16;1103;20;10;0;<FLG>
V6155020;V615502001;HIXnJ;1;"2024-10-30 00:00:00";"2024-10-30 07:50:00";16;1103;20;10;0;<FLG>
V6155020;V615502001;HIXnJ;1;"2024-10-31 00:00:00";"2024-10-31 00:00:00";16;1093;20;10;0;<FLG>
V6155020;V615502001;HIXnJ;1;"2024-11-01 00:00:00";"2024-11-01 00:00:00";16;1079;20;10;0;<FLG>
V6155020;V615502001;HIXnJ;1;"2024-11-02 00:00:00";"2024-11-02 00:00:00";16;1064;20;10;0;<FLG>
V6155020;V615502001;HIXnJ;1;"2024-11-03 00:00:00";"2024-11-03 00:00:00";16;1050;20;10;0;<FLG>
V6155020;V615502001;HIXnJ;1;"2024-11-04 00:00:00";"2024-11-04 00:00:00";16;1035;20;10;0;<FLG>
V6155020;V615502001;HIXnJ;1;"2024-11-05 00:00:00";"2024-11-05 00:00:00";16;1020;20;10;0;<FLG>
V6155020;V615502001;HIXnJ;1;"2024-11-06 00:00:00";"2024-11-06 00:00:00";16;1005;20;10;0;<FLG>
V6155020;V615502001;HIXnJ;1;"2024-11-07 00:00:00";"2024-11-07 00:00:00";16;991;20;10;0;<FLG>
V6155020;V615502001;HIXnJ;1;"2024-11-08 00:00:00";"2024-11-08 00:00:00";16;980;20;10;0;<FLG>
V6155020;V615502001;HIXnJ;1;"2024-11-09 00:00:00";"2024-11-09 00:00:00";16;970;20;10;0;<FLG>
V6155020;V615502001;HIXnJ;1;"2024-11-10 00:00:00";"2024-11-10 00:00:00";16;962;20;10;0;<FLG>
V6155020;V615502001;HIXnJ;1;"2024-11-11 00:00:00";"2024-11-11 00:00:00";16;953;20;10;0;<FLG>
V6155020;V615502001;HIXnJ;1;"2024-11-12 00:00:00";"2024-11-12 00:00:00";16;944;20;10;0;<FLG>
V6155020;V615502001;HIXnJ;1;"2024-11-13 00:00:00";"2024-11-13 00:00:00";16;935;20;10;0;<FLG>
V6155020;V615502001;HIXnJ;1;"2024-11-14 00:00:00";"2024-11-14 00:00:00";16;929;20;10;0;<FLG>
V6155020;V615502001;HIXnJ;1;"2024-11-15 00:00:00";"2024-11-15 00:00:00";16;922;20;10;0;<FLG>
V6155020;V615502001;HIXnJ;1;"2024-11-16 00:00:00";"2024-11-16 00:00:00";16;914;20;10;0;<FLG>
V6155020;V615502001;HIXnJ;1;"2024-11-17 00:00:00";"2024-11-17 00:00:00";16;909;20;10;0;<FLG>
V6155020;V615502001;HIXnJ;1;"2024-11-18 00:00:00";"2024-11-18 04:50:00";16;904;20;10;0;<FLG>
V6155020;V615502001;HIXnJ;1;"2024-11-19 00:00:00";"2024-11-19 01:45:00";16;897;20;10;0;<FLG>
V6155020;V615502001;HIXnJ;1;"2024-11-20 00:00:00";"2024-11-20 13:15:00";16;892;20;10;0;<FLG>
V6155020;V615502001;HIXnJ;1;"2024-11-21 00:00:00";"2024-11-21 23:59:59";16;890;20;10;0;<FLG>
V6155020;V615502001;HIXnJ;1;"2024-11-22 00:00:00";"2024-11-22 23:59:59";16;979;20;10;0;<FLG>
V6155020;V615502001;HIXnJ;1;"2024-11-23 00:00:00";"2024-11-23 23:59:59";16;998;20;10;0;<FLG>
V6155020;V615502001;HIXnJ;1;"2024-11-24 00:00:00";"2024-11-24 12:51:00";16;999;20;10;0;<FLG>
V6155020;V615502001;HIXnJ;1;"2024-11-25 00:00:00";"2024-11-25 23:59:59";16;1018;20;10;0;<FLG>
V6155020;V615502001;HIXnJ;1;"2024-11-26 00:00:00";"2024-11-26 23:59:59";16;1055;20;10;0;<FLG>
V6155020;V615502001;HIXnJ;1;"2024-11-27 00:00:00";"2024-11-27 23:59:59";16;1094;20;10;0;<FLG>
V6155020;V615502001;HIXnJ;1;"2024-11-28 00:00:00";"2024-11-28 14:30:00";16;1101;20;10;0;<FLG>
V6155020;V615502001;HIXnJ;1;"2024-11-29 00:00:00";"2024-11-29 00:00:00";16;1100;20;10;0;<FLG>
V6155020;V615502001;HIXnJ;1;"2024-11-30 00:00:00";"2024-11-30 00:00:00";16;1094;20;10;0;<FLG>
V6155020;V615502001;HIXnJ;1;"2024-12-01 00:00:00";"2024-12-01 00:00:00";16;1080;20;10;0;<FLG>
V6155020;V615502001;HIXnJ;1;"2024-12-02 00:00:00";"2024-12-02 00:00:00";16;1068;20;10;0;<FLG>
V6155020;V615502001;HIXnJ;1;"2024-12-03 00:00:00";"2024-12-03 00:00:00";16;1055;20;10;0;<FLG>
V6155020;V615502001;HIXnJ;1;"2024-12-04 00:00:00";"2024-12-04 00:00:00";16;1043;20;10;0;<FLG>
V6155020;V615502001;HIXnJ;1;"2024-12-05 00:00:00";"2024-12-05 00:00:00";16;1031;20;10;0;<FLG>
V6155020;V615502001;HIXnJ;1;"2024-12-06 00:00:00";"2024-12-06 00:00:00";16;1019;20;10;0;<FLG>
V6155020;V615502001;HIXnJ;1;"2024-12-07 00:00:00";"2024-12-07 00:00:00";16;1007;20;10;0;<FLG>
V6155020;V615502001;HIXnJ;1;"2024-12-08 00:00:00";"2024-12-08 00:00:00";16;997;20;10;0;<FLG>
V6155020;V615502001;HIXnJ;1;"2024-12-09 00:00:00";"2024-12-09 00:00:00";16;988;20;10;0;<FLG>
V6155020;V615502001;HIXnJ;1;"2024-12-10 00:00:00";"2024-12-10 00:00:00";16;978;20;10;0;<FLG>
V6155020;V615502001;HIXnJ;1;"2024-12-11 00:00:00";"2024-12-11 00:00:00";16;969;20;10;0;<FLG>
V6155020;V615502001;HIXnJ;1;"2024-12-12 00:00:00";"2024-12-12 00:00:00";16;959;20;10;0;<FLG>
V6155020;V615502001;HIXnJ;1;"2024-12-13 00:00:00";"2024-12-13 00:00:00";16;950;20;10;0;<FLG>
V6155020;V615502001;HIXnJ;1;"2024-12-14 00:00:00";"2024-12-14 00:00:00";16;942;20;10;0;<FLG>
V6155020;V615502001;HIXnJ;1;"2024-12-15 00:00:00";"2024-12-15 00:00:00";16;936;20;10;0;<FLG>
V6155020;V615502001;HIXnJ;1;"2024-12-16 00:00:00";"2024-12-16 00:00:00";16;934;20;10;0;<FLG>
V6155020;V615502001;HIXnJ;1;"2024-12-17 00:00:00";"2024-12-17 00:00:00";16;931;20;10;0;<FLG>
V6155020;V615502001;HIXnJ;1;"2024-12-18 00:00:00";"2024-12-18 00:00:00";16;929;20;10;0;<FLG>
V6155020;V615502001;HIXnJ;1;"2024-12-19 00:00:00";"2024-12-19 00:00:00";16;928;20;10;0;<FLG>
V6155020;V615502001;HIXnJ;1;"2024-12-20 00:00:00";"2024-12-20 00:00:00";16;925;20;10;0;<FLG>
V6155020;V615502001;HIXnJ;1;"2024-12-21 00:00:00";"2024-12-21 00:00:00";16;920;20;10;0;<FLG>
V6155020;V615502001;HIXnJ;1;"2024-12-22 00:00:00";"2024-12-22 00:00:00";16;916;20;10;0;<FLG>
V6155020;V615502001;HIXnJ;1;"2024-12-23 00:00:00";"2024-12-23 00:00:00";16;911;20;10;0;<FLG>
V6155020;V615502001;HIXnJ;1;"2024-12-24 00:00:00";"2024-12-24 21:57:00";16;910;20;10;0;<FLG>
V6155020;V615502001;HIXnJ;1;"2024-12-25 00:00:00";"2024-12-25 00:00:00";16;910;20;10;0;<FLG>
V6155020;V615502001;HIXnJ;1;"2024-12-26 00:00:00";"2024-12-26 00:00:00";16;907;20;10;0;<FLG>
V6155020;V615502001;HIXnJ;1;"2024-12-27 00:00:00";"2024-12-27 00:00:00";16;904;20;10;0;<FLG>
V6155020;V615502001;HIXnJ;1;"2024-12-28 00:00:00";"2024-12-28 12:00:00";16;903;20;10;0;<FLG>
V6155020;V615502001;HIXnJ;1;"2024-12-29 00:00:00";"2024-12-29 00:00:00";16;901;20;10;0;<FLG>
V6155020;V615502001;HIXnJ;1;"2024-12-30 00:00:00";"2024-12-30 00:00:00";16;896;20;10;0;<FLG>
V6155020;V615502001;HIXnJ;1;"2024-12-31 00:00:00";"2024-12-31 00:00:00";16;892;20;10;0;<FLG>
V6155621;V615562101;HIXnJ;1;"2016-03-13 00:00:00";"2016-03-13 00:00:00";16;617;20;10;6;<FLG>
V6155621;V615562101;HIXnJ;1;"2016-03-14 00:00:00";"2016-03-14 00:00:00";16;607;20;10;0;<FLG>
V6155621;V615562101;HIXnJ;1;"2016-03-15 00:00:00";"2016-03-15 06:35:00";16;617;20;10;0;<FLG>
V6155621;V615562101;HIXnJ;1;"2016-03-16 00:00:00";"2016-03-16 23:59:59";16;701;20;10;0;<FLG>
V6155621;V615562101;HIXnJ;1;"2016-03-17 00:00:00";"2016-03-17 00:40:00";16;707;20;10;0;<FLG>
V6155621;V615562101;HIXnJ;1;"2016-03-18 00:00:00";"2016-03-18 00:00:00";16;639;20;10;0;<FLG>
V6155621;V615562101;HIXnJ;1;"2016-03-19 00:00:00";"2016-03-19 00:00:00";16;620;20;10;0;<FLG>
V6155621;V615562101;HIXnJ;1;"2016-03-20 00:00:00";"2016-03-20 00:00:00";16;612;20;10;0;<FLG>
V6155621;V615562101;HIXnJ;1;"2016-03-21 00:00:00";"2016-03-21 00:00:00";16;611;20;10;0;<FLG>
V6155621;V615562101;HIXnJ;1;"2016-03-22 00:00:00";"2016-03-22 00:00:00";16;609;20;10;0;<FLG>
V6155621;V615562101;HIXnJ;1;"2016-03-23 00:00:00";"2016-03-23 00:00:00";16;608;20;10;0;<FLG>
V6155621;V615562101;HIXnJ;1;"2016-03-24 00:00:00";"2016-03-24 00:00:00";16;593;20;10;0;<FLG>
V6155621;V615562101;HIXnJ;1;"2016-03-25 00:00:00";"2016-03-25 23:59:59";16;592;20;10;0;<FLG>
V6155621;V615562101;HIXnJ;1;"2016-03-26 00:00:00";"2016-03-26 23:59:59";16;594;20;10;0;<FLG>
V6155621;V615562101;HIXnJ;1;"2016-03-27 00:00:00";"2016-03-27 18:40:00";16;596;20;10;0;<FLG>
V6155621;V615562101;HIXnJ;1;"2016-03-28 00:00:00";"2016-03-28 00:00:00";16;593;20;10;0;<FLG>
V6155621;V615562101;HIXnJ;1;"2016-03-29 00:00:00";"2016-03-29 00:00:00";16;578;20;10;0;<FLG>
V6155621;V615562101;HIXnJ;1;"2016-03-30 00:00:00";"2016-03-30 23:59:59";16;569;20;10;0;<FLG>
V6155621;V615562101;HIXnJ;1;"2016-03-31 00:00:00";"2016-03-31 13:30:00";16;581;20;10;0;<FLG>
V6155621;V615562101;HIXnJ;1;"2016-04-01 00:00:00";"2016-04-01 00:00:00";16;575;20;10;0;<FLG>
V6155621;V615562101;HIXnJ;1;"2016-04-02 00:00:00";"2016-04-02 23:59:59";16;578;20;10;0;<FLG>
V6155621;V615562101;HIXnJ;1;"2016-04-03 00:00:00";"2016-04-03 19:40:00";16;581;20;10;0;<FLG>
V6155621;V615562101;HIXnJ;1;"2016-04-04 00:00:00";"2016-04-04 00:00:00";16;578;20;10;0;<FLG>
V6155621;V615562101;HIXnJ;1;"2016-04-05 00:00:00";"2016-04-05 23:59:59";16;575;20;10;0;<FLG>
V6155621;V615562101;HIXnJ;1;"2016-04-06 00:00:00";"2016-04-06 03:10:00";16;576;20;10;0;<FLG>
V6155621;V615562101;HIXnJ;1;"2016-04-07 00:00:00";"2016-04-07 00:00:00";16;551;20;10;0;<FLG>
V6155621;V615562101;HIXnJ;1;"2016-04-08 00:00:00";"2016-04-08 00:00:00";16;547;20;10;0;<FLG>
V6155621;V615562101;HIXnJ;1;"2016-04-09 00:00:00";"2016-04-09 00:00:00";16;543;20;10;0;<FLG>
V6155621;V615562101;HIXnJ;1;"2016-04-10 00:00:00";"2016-04-10 00:00:00";16;539;20;10;0;<FLG>
V6155621;V615562101;HIXnJ;1;"2016-04-11 00:00:00";"2016-04-11 23:59:59";16;540;20;10;0;<FLG>
V6155621;V615562101;HIXnJ;1;"2016-04-12 00:00:00";"2016-04-12 23:59:59";16;540;20;10;0;<FLG>
V6155621;V615562101;HIXnJ;1;"2016-04-13 00:00:00";"2016-04-13 22:35:00";16;557;20;10;0;<FLG>
V6155621;V615562101;HIXnJ;1;"2016-04-14 00:00:00";"2016-04-14 00:00:00";16;555;20;10;0;<FLG>
V6155621;V615562101;HIXnJ;1;"2016-04-15 00:00:00";"2016-04-15 00:00:00";16;534;20;10;0;<FLG>
V6155621;V615562101;HIXnJ;1;"2016-04-16 00:00:00";"2016-04-16 00:00:00";16;532;20;10;0;<FLG>
V6155621;V615562101;HIXnJ;1;"2016-04-17 00:00:00";"2016-04-17 15:25:00";16;543;20;10;0;<FLG>
V6155621;V615562101;HIXnJ;1;"2016-04-18 00:00:00";"2016-04-18 00:00:00";16;530;20;10;0;<FLG>
V6155621;V615562101;HIXnJ;1;"2016-04-19 00:00:00";"2016-04-19 00:00:00";16;526;20;10;0;<FLG>
V6155621;V615562101;HIXnJ;1;"2016-04-20 00:00:00";"2016-04-20 00:00:00";16;522;20;10;0;<FLG>
V6155621;V615562101;HIXnJ;1;"2016-04-21 00:00:00";"2016-04-21 16:40:00";16;531;20;10;0;<FLG>
V6155621;V615562101;HIXnJ;1;"2016-04-22 00:00:00";"2016-04-22 23:59:59";16;544;20;10;0;<FLG>
V6155621;V615562101;HIXnJ;1;"2016-04-23 00:00:00";"2016-04-23 04:40:00";16;557;20;10;0;<FLG>
V6155621;V615562101;HIXnJ;1;"2016-04-24 00:00:00";"2016-04-24 00:00:00";16;531;20;10;0;<FLG>
V6155621;V615562101;HIXnJ;1;"2016-04-25 00:00:00";"2016-04-25 23:59:59";16;527;20;10;0;<FLG>
V6155621;V615562101;HIXnJ;1;"2016-04-26 00:00:00";"2016-04-26 23:59:59";16;529;20;10;0;<FLG>
V6155621;V615562101;HIXnJ;1;"2016-04-27 00:00:00";"2016-04-27 19:00:00";16;530;20;10;0;<FLG>
V6155621;V615562101;HIXnJ;1;"2016-04-28 00:00:00";"2016-04-28 00:00:00";16;528;20;10;0;<FLG>
V6155621;V615562101;HIXnJ;1;"2016-04-29 00:00:00";"2016-04-29 00:00:00";16;517;20;10;0;<FLG>
V6155621;V615562101;HIXnJ;1;"2016-04-30 00:00:00";"2016-04-30 23:59:59";16;512;20;10;0;<FLG>
V6155621;V615562101;HIXnJ;1;"2016-05-01 00:00:00";"2016-05-01 23:59:59";16;519;20;10;0;<FLG>
V6155621;V615562101;HIXnJ;1;"2016-05-02 00:00:00";"2016-05-02 03:45:00";16;526;20;10;0;<FLG>
V6155621;V615562101;HIXnJ;1;"2016-05-03 00:00:00";"2016-05-03 00:00:00";16;511;20;10;0;<FLG>
V6155621;V615562101;HIXnJ;1;"2016-05-04 00:00:00";"2016-05-04 00:00:00";16;508;20;10;0;<FLG>
V6155621;V615562101;HIXnJ;1;"2016-05-05 00:00:00";"2016-05-05 23:59:59";16;509;20;10;0;<FLG>
V6155621;V615562101;HIXnJ;1;"2016-05-06 00:00:00";"2016-05-06 08:05:00";16;516;20;10;0;<FLG>
V6155621;V615562101;HIXnJ;1;"2016-05-07 00:00:00";"2016-05-07 00:00:00";16;504;20;10;0;<FLG>
V6155621;V615562101;HIXnJ;1;"2016-05-08 00:00:00";"2016-05-08 23:59:59";16;492;20;10;0;<FLG>
V6155621;V615562101;HIXnJ;1;"2016-05-09 00:00:00";"2016-05-09 23:59:59";16;509;20;10;0;<FLG>
V6155621;V615562101;HIXnJ;1;"2016-05-10 00:00:00";"2016-05-10 20:40:00";16;527;20;10;0;<FLG>
V6155621;V615562101;HIXnJ;1;"2016-05-11 00:00:00";"2016-05-11 12:05:00";16;552;20;10;0;<FLG>
V6155621;V615562101;HIXnJ;1;"2016-05-12 00:00:00";"2016-05-12 23:59:59";16;539;20;10;0;<FLG>
V6155621;V615562101;HIXnJ;1;"2016-05-13 00:00:00";"2016-05-13 23:59:59";16;558;20;10;0;<FLG>
V6155621;V615562101;HIXnJ;1;"2016-05-14 00:00:00";"2016-05-14 10:40:00";16;566;20;10;0;<FLG>
V6155621;V615562101;HIXnJ;1;"2016-05-15 00:00:00";"2016-05-15 00:00:00";16;548;20;10;0;<FLG>
V6155621;V615562101;HIXnJ;1;"2016-05-16 00:00:00";"2016-05-16 00:00:00";16;544;20;10;0;<FLG>
V6155621;V615562101;HIXnJ;1;"2016-05-17 00:00:00";"2016-05-17 00:00:00";16;539;20;10;0;<FLG>
V6155621;V615562101;HIXnJ;1;"2016-05-18 00:00:00";"2016-05-18 23:59:59";16;538;20;10;0;<FLG>
V6155621;V615562101;HIXnJ;1;"2016-05-19 00:00:00";"2016-05-19 10:15:00";16;542;20;10;0;<FLG>
V6155621;V615562101;HIXnJ;1;"2016-05-20 00:00:00";"2016-05-20 00:00:00";16;536;20;10;0;<FLG>
V6155621;V615562101;HIXnJ;1;"2016-05-21 00:00:00";"2016-05-21 00:00:00";16;524;20;10;0;<FLG>
V6155621;V615562101;HIXnJ;1;"2016-05-22 00:00:00";"2016-05-22 23:59:59";16;535;20;10;0;<FLG>
V6155621;V615562101;HIXnJ;1;"2016-05-23 00:00:00";"2016-05-23 02:15:00";16;542;20;10;0;<FLG>
V6155621;V615562101;HIXnJ;1;"2016-05-24 00:00:00";"2016-05-24 00:00:00";16;525;20;10;0;<FLG>
V6155621;V615562101;HIXnJ;1;"2016-05-25 00:00:00";"2016-05-25 00:00:00";16;510;20;10;0;<FLG>
V6155621;V615562101;HIXnJ;1;"2016-05-26 00:00:00";"2016-05-26 00:00:00";16;506;20;10;0;<FLG>
V6155621;V615562101;HIXnJ;1;"2016-05-27 00:00:00";"2016-05-27 00:00:00";16;503;20;10;0;<FLG>
V6155621;V615562101;HIXnJ;1;"2016-05-28 00:00:00";"2016-05-28 23:59:59";16;521;20;10;0;<FLG>
V6155621;V615562101;HIXnJ;1;"2016-05-29 00:00:00";"2016-05-29 10:40:00";16;636;20;10;0;<FLG>
V6155621;V615562101;HIXnJ;1;"2016-05-30 00:00:00";"2016-05-30 00:00:00";16;531;20;10;0;<FLG>
V6155621;V615562101;HIXnJ;1;"2016-05-31 00:00:00";"2016-05-31 23:59:59";16;520;20;10;0;<FLG>
V6155621;V615562101;HIXnJ;1;"2016-06-01 00:00:00";"2016-06-01 08:05:00";16;527;20;10;0;<FLG>
V6155621;V615562101;HIXnJ;1;"2016-06-02 00:00:00";"2016-06-02 00:00:00";16;511;20;10;0;<FLG>
V6155621;V615562101;HIXnJ;1;"2016-06-03 00:00:00";"2016-06-03 23:59:59";16;511;20;10;0;<FLG>
V6155621;V615562101;HIXnJ;1;"2016-06-04 00:00:00";"2016-06-04 23:59:59";16;523;20;10;0;<FLG>
V6155621;V615562101;HIXnJ;1;"2016-06-05 00:00:00";"2016-06-05 05:05:00";16;526;20;10;0;<FLG>
V6155621;V615562101;HIXnJ;1;"2016-06-06 00:00:00";"2016-06-06 00:00:00";16;503;20;10;0;<FLG>
V6155621;V615562101;HIXnJ;1;"2016-06-07 00:00:00";"2016-06-07 17:10:00";16;519;20;10;0;<FLG>
V6155621;V615562101;HIXnJ;1;"2016-06-08 00:00:00";"2016-06-08 00:00:00";16;516;20;10;0;<FLG>
V6155621;V615562101;HIXnJ;1;"2016-06-09 00:00:00";"2016-06-09 23:59:59";16;503;20;10;0;<FLG>
V6155621;V615562101;HIXnJ;1;"2016-06-10 00:00:00";"2016-06-10 16:55:00";16;506;20;10;0;<FLG>
V6155621;V615562101;HIXnJ;1;"2016-06-11 00:00:00";"2016-06-11 00:00:00";16;504;20;10;0;<FLG>
V6155621;V615562101;HIXnJ;1;"2016-06-12 00:00:00";"2016-06-12 00:00:00";16;497;20;10;0;<FLG>
V6155621;V615562101;HIXnJ;1;"2016-06-13 00:00:00";"2016-06-13 23:59:59";16;495;20;10;0;<FLG>
V6155621;V615562101;HIXnJ;1;"2016-06-14 00:00:00";"2016-06-14 13:40:00";16;515;20;10;0;<FLG>
V6155621;V615562101;HIXnJ;1;"2016-06-15 00:00:00";"2016-06-15 23:59:59";16;498;20;10;0;<FLG>
V6155621;V615562101;HIXnJ;1;"2016-06-16 00:00:00";"2016-06-16 09:30:00";16;516;20;10;0;<FLG>
V6155621;V615562101;HIXnJ;1;"2016-06-17 00:00:00";"2016-06-17 00:00:00";16;507;20;10;0;<FLG>
V6155621;V615562101;HIXnJ;1;"2016-06-18 00:00:00";"2016-06-18 23:59:59";16;511;20;10;0;<FLG>
V6155621;V615562101;HIXnJ;1;"2016-06-19 00:00:00";"2016-06-19 01:20:00";16;512;20;10;0;<FLG>
V6155621;V615562101;HIXnJ;1;"2016-06-20 00:00:00";"2016-06-20 00:00:00";16;499;20;10;0;<FLG>
V6155621;V615562101;HIXnJ;1;"2016-06-21 00:00:00";"2016-06-21 08:55:00";16;498;20;10;0;<FLG>
V6155621;V615562101;HIXnJ;1;"2016-06-22 00:00:00";"2016-06-22 08:35:00";16;491;20;10;0;<FLG>
V6155621;V615562101;HIXnJ;1;"2016-06-23 00:00:00";"2016-06-23 05:00:00";16;480;20;10;0;<FLG>
V6155621;V615562101;HIXnJ;1;"2016-06-24 00:00:00";"2016-06-24 23:59:59";16;468;20;10;0;<FLG>
V6155621;V615562101;HIXnJ;1;"2016-06-25 00:00:00";"2016-06-25 23:59:59";16;469;20;10;0;<FLG>
V6155621;V615562101;HIXnJ;1;"2016-06-26 00:00:00";"2016-06-26 23:59:59";16;472;20;10;0;<FLG>
V6155621;V615562101;HIXnJ;1;"2016-06-27 00:00:00";"2016-06-27 13:50:00";16;486;20;10;0;<FLG>
V6155621;V615562101;HIXnJ;1;"2016-06-28 00:00:00";"2016-06-28 07:35:00";16;478;20;10;0;<FLG>
V6155621;V615562101;HIXnJ;1;"2016-06-29 00:00:00";"2016-06-29 00:00:00";16;477;20;10;0;<FLG>
V6155621;V615562101;HIXnJ;1;"2016-06-30 00:00:00";"2016-06-30 00:00:00";16;476;20;10;0;<FLG>
V6155621;V615562101;HIXnJ;1;"2016-07-01 00:00:00";"2016-07-01 09:05:00";16;472;20;10;0;<FLG>
V6155621;V615562101;HIXnJ;1;"2016-07-02 00:00:00";"2016-07-02 23:59:59";16;470;20;10;0;<FLG>
V6155621;V615562101;HIXnJ;1;"2016-07-03 00:00:00";"2016-07-03 23:59:59";16;477;20;10;0;<FLG>
V6155621;V615562101;HIXnJ;1;"2016-07-04 00:00:00";"2016-07-04 11:15:00";16;481;20;10;0;<FLG>
V6155621;V615562101;HIXnJ;1;"2016-07-05 00:00:00";"2016-07-05 00:00:00";16;465;20;10;0;<FLG>
V6155621;V615562101;HIXnJ;1;"2016-07-06 00:00:00";"2016-07-06 00:00:00";16;462;20;10;0;<FLG>
V6155621;V615562101;HIXnJ;1;"2016-07-07 00:00:00";"2016-07-07 23:59:59";16;461;20;10;0;<FLG>
V6155621;V615562101;HIXnJ;1;"2016-07-08 00:00:00";"2016-07-08 23:59:59";16;470;20;10;0;<FLG>
V6155621;V615562101;HIXnJ;1;"2016-07-09 00:00:00";"2016-07-09 06:40:00";16;473;20;10;0;<FLG>
V6155621;V615562101;HIXnJ;1;"2016-07-10 00:00:00";"2016-07-10 23:59:59";16;464;20;10;0;<FLG>
V6155621;V615562101;HIXnJ;1;"2016-07-11 00:00:00";"2016-07-11 23:59:59";16;470;20;10;0;<FLG>
V6155621;V615562101;HIXnJ;1;"2016-07-12 00:00:00";"2016-07-12 21:15:00";16;475;20;10;0;<FLG>
V6155621;V615562101;HIXnJ;1;"2016-07-13 00:00:00";"2016-07-13 00:00:00";16;474;20;10;0;<FLG>
V6155621;V615562101;HIXnJ;1;"2016-07-14 00:00:00";"2016-07-14 00:00:00";16;467;20;10;0;<FLG>
V6155621;V615562101;HIXnJ;1;"2016-07-15 00:00:00";"2016-07-15 06:35:00";16;472;20;10;0;<FLG>
V6155621;V615562101;HIXnJ;1;"2016-07-16 00:00:00";"2016-07-16 23:59:59";16;462;20;10;0;<FLG>
V6155621;V615562101;HIXnJ;1;"2016-07-17 00:00:00";"2016-07-17 12:20:00";16;464;20;10;0;<FLG>
V6155621;V615562101;HIXnJ;1;"2016-07-18 00:00:00";"2016-07-18 09:20:00";16;458;20;10;0;<FLG>
V6155621;V615562101;HIXnJ;1;"2016-07-19 00:00:00";"2016-07-19 06:20:00";16;453;20;10;0;<FLG>
V6155621;V615562101;HIXnJ;1;"2016-07-20 00:00:00";"2016-07-20 00:00:00";16;451;20;10;0;<FLG>
V6155621;V615562101;HIXnJ;1;"2016-07-21 00:00:00";"2016-07-21 23:59:59";16;450;20;10;0;<FLG>
V6155621;V615562101;HIXnJ;1;"2016-07-22 00:00:00";"2016-07-22 23:45:00";16;470;20;10;0;<FLG>
V6155621;V615562101;HIXnJ;1;"2016-07-23 00:00:00";"2016-07-23 15:50:00";16;494;20;10;0;<FLG>
V6155621;V615562101;HIXnJ;1;"2016-07-24 00:00:00";"2016-07-24 00:00:00";16;482;20;10;0;<FLG>
V6155621;V615562101;HIXnJ;1;"2016-07-25 00:00:00";"2016-07-25 00:00:00";16;465;20;10;0;<FLG>
V6155621;V615562101;HIXnJ;1;"2016-07-26 00:00:00";"2016-07-26 00:00:00";16;458;20;10;0;<FLG>
V6155621;V615562101;HIXnJ;1;"2016-07-27 00:00:00";"2016-07-27 10:35:00";16;462;20;10;0;<FLG>
V6155621;V615562101;HIXnJ;1;"2016-07-28 00:00:00";"2016-07-28 00:00:00";16;458;20;10;0;<FLG>
V6155621;V615562101;HIXnJ;1;"2016-07-29 00:00:00";"2016-07-29 00:00:00";16;452;20;10;0;<FLG>
V6155621;V615562101;HIXnJ;1;"2016-07-30 00:00:00";"2016-07-30 23:59:59";16;468;20;10;0;<FLG>
V6155621;V615562101;HIXnJ;1;"2016-07-31 00:00:00";"2016-07-31 06:05:00";16;480;20;10;0;<FLG>
V6155621;V615562101;HIXnJ;1;"2016-08-01 00:00:00";"2016-08-01 00:00:00";16;475;20;10;0;<FLG>
V6155621;V615562101;HIXnJ;1;"2016-08-02 00:00:00";"2016-08-02 10:15:00";16;463;20;10;0;<FLG>
V6155621;V615562101;HIXnJ;1;"2016-08-03 00:00:00";"2016-08-03 00:00:00";16;460;20;10;0;<FLG>
V6155621;V615562101;HIXnJ;1;"2016-08-04 00:00:00";"2016-08-04 23:59:59";16;482;20;10;0;<FLG>
V6155621;V615562101;HIXnJ;1;"2016-08-05 00:00:00";"2016-08-05 02:00:00";16;491;20;10;0;<FLG>
V6155621;V615562101;HIXnJ;1;"2016-08-06 00:00:00";"2016-08-06 08:50:00";16;467;20;10;0;<FLG>
V6155621;V615562101;HIXnJ;1;"2016-08-07 00:00:00";"2016-08-07 23:59:59";16;463;20;10;0;<FLG>
V6155621;V615562101;HIXnJ;1;"2016-08-08 00:00:00";"2016-08-08 06:10:00";16;466;20;10;0;<FLG>
V6155621;V615562101;HIXnJ;1;"2016-08-09 00:00:00";"2016-08-09 00:00:00";16;458;20;10;0;<FLG>
V6155621;V615562101;HIXnJ;1;"2016-08-10 00:00:00";"2016-08-10 23:59:59";16;455;20;10;0;<FLG>
V6155621;V615562101;HIXnJ;1;"2016-08-11 00:00:00";"2016-08-11 23:59:59";16;460;20;10;0;<FLG>
V6155621;V615562101;HIXnJ;1;"2016-08-12 00:00:00";"2016-08-12 04:30:00";16;461;20;10;0;<FLG>
V6155621;V615562101;HIXnJ;1;"2016-08-13 00:00:00";"2016-08-13 00:00:00";16;442;20;10;0;<FLG>
V6155621;V615562101;HIXnJ;1;"2016-08-14 00:00:00";"2016-08-14 23:59:59";16;447;20;10;0;<FLG>
V6155621;V615562101;HIXnJ;1;"2016-08-15 00:00:00";"2016-08-15 23:59:59";16;452;20;10;0;<FLG>
V6155621;V615562101;HIXnJ;1;"2016-08-16 00:00:00";"2016-08-16 14:55:00";16;456;20;10;0;<FLG>
V6155621;V615562101;HIXnJ;1;"2016-08-17 00:00:00";"2016-08-17 00:00:00";16;455;20;10;0;<FLG>
V6155621;V615562101;HIXnJ;1;"2016-08-18 00:00:00";"2016-08-18 00:00:00";16;452;20;10;0;<FLG>
V6155621;V615562101;HIXnJ;1;"2016-08-19 00:00:00";"2016-08-19 23:59:59";16;449;20;10;0;<FLG>
V6155621;V615562101;HIXnJ;1;"2016-08-20 00:00:00";"2016-08-20 23:59:59";16;460;20;10;0;<FLG>
V6155621;V615562101;HIXnJ;1;"2016-08-21 00:00:00";"2016-08-21 07:50:00";16;463;20;10;0;<FLG>
V6155621;V615562101;HIXnJ;1;"2016-08-22 00:00:00";"2016-08-22 00:00:00";16;459;20;10;0;<FLG>
V6155621;V615562101;HIXnJ;1;"2016-08-23 00:00:00";"2016-08-23 00:00:00";16;454;20;10;0;<FLG>
V6155621;V615562101;HIXnJ;1;"2016-08-24 00:00:00";"2016-08-24 00:00:00";16;448;20;10;0;<FLG>
V6155621;V615562101;HIXnJ;1;"2016-08-25 00:00:00";"2016-08-25 23:59:59";16;445;20;10;0;<FLG>
V6155621;V615562101;HIXnJ;1;"2016-08-26 00:00:00";"2016-08-26 23:59:59";16;449;20;10;0;<FLG>
V6155621;V615562101;HIXnJ;1;"2016-08-27 00:00:00";"2016-08-27 23:59:59";16;452;20;10;0;<FLG>
V6155621;V615562101;HIXnJ;1;"2016-08-28 00:00:00";"2016-08-28 23:59:59";16;456;20;10;0;<FLG>
V6155621;V615562101;HIXnJ;1;"2016-08-29 00:00:00";"2016-08-29 09:50:00";16;457;20;10;0;<FLG>
V6155621;V615562101;HIXnJ;1;"2016-08-30 00:00:00";"2016-08-30 00:00:00";16;455;20;10;0;<FLG>
V6155621;V615562101;HIXnJ;1;"2016-08-31 00:00:00";"2016-08-31 00:00:00";16;452;20;10;0;<FLG>
V6155621;V615562101;HIXnJ;1;"2016-09-01 00:00:00";"2016-09-01 00:00:00";16;448;20;10;0;<FLG>
V6155621;V615562101;HIXnJ;1;"2016-09-02 00:00:00";"2016-09-02 00:00:00";16;445;20;10;0;<FLG>
V6155621;V615562101;HIXnJ;1;"2016-09-03 00:00:00";"2016-09-03 23:59:59";16;449;20;10;0;<FLG>
V6155621;V615562101;HIXnJ;1;"2016-09-04 00:00:00";"2016-09-04 23:59:59";16;454;20;10;0;<FLG>
V6155621;V615562101;HIXnJ;1;"2016-09-05 00:00:00";"2016-09-05 11:15:00";16;457;20;10;0;<FLG>
V6155621;V615562101;HIXnJ;1;"2016-09-06 00:00:00";"2016-09-06 23:59:59";16;443;20;10;0;<FLG>
V6155621;V615562101;HIXnJ;1;"2016-09-07 00:00:00";"2016-09-07 23:59:59";16;444;20;10;0;<FLG>
V6155621;V615562101;HIXnJ;1;"2016-09-08 00:00:00";"2016-09-08 23:59:59";16;444;20;10;0;<FLG>
V6155621;V615562101;HIXnJ;1;"2016-09-09 00:00:00";"2016-09-09 23:59:59";16;444;20;10;0;<FLG>
V6155621;V615562101;HIXnJ;1;"2016-09-10 00:00:00";"2016-09-10 23:59:59";16;445;20;10;0;<FLG>
V6155621;V615562101;HIXnJ;1;"2016-09-11 00:00:00";"2016-09-11 23:59:59";16;447;20;10;0;<FLG>
V6155621;V615562101;HIXnJ;1;"2016-09-12 00:00:00";"2016-09-12 14:00:00";16;475;20;10;0;<FLG>
V6155621;V615562101;HIXnJ;1;"2016-09-13 00:00:00";"2016-09-13 23:59:59";16;458;20;10;0;<FLG>
V6155621;V615562101;HIXnJ;1;"2016-09-14 00:00:00";"2016-09-14 23:59:59";16;508;20;10;0;<FLG>
V6155621;V615562101;HIXnJ;1;"2016-09-15 00:00:00";"2016-09-15 02:30:00";16;527;20;10;0;<FLG>
V6155621;V615562101;HIXnJ;1;"2016-09-16 00:00:00";"2016-09-16 23:59:59";16;466;20;10;0;<FLG>
V6155621;V615562101;HIXnJ;1;"2016-09-17 00:00:00";"2016-09-17 23:59:59";16;469;20;10;0;<FLG>
V6155621;V615562101;HIXnJ;1;"2016-09-18 00:00:00";"2016-09-18 04:10:00";16;470;20;10;0;<FLG>
V6155621;V615562101;HIXnJ;1;"2016-09-19 00:00:00";"2016-09-19 00:00:00";16;466;20;10;0;<FLG>
V6155621;V615562101;HIXnJ;1;"2016-09-20 00:00:00";"2016-09-20 00:00:00";16;461;20;10;0;<FLG>
V6155621;V615562101;HIXnJ;1;"2016-09-21 00:00:00";"2016-09-21 00:00:00";16;456;20;10;0;<FLG>
V6155621;V615562101;HIXnJ;1;"2016-09-22 00:00:00";"2016-09-22 08:45:00";16;465;20;10;0;<FLG>
V6155621;V615562101;HIXnJ;1;"2016-09-23 00:00:00";"2016-09-23 23:59:59";16;456;20;10;0;<FLG>
V6155621;V615562101;HIXnJ;1;"2016-09-24 00:00:00";"2016-09-24 20:50:00";16;472;20;10;0;<FLG>
V6155621;V615562101;HIXnJ;1;"2016-09-25 00:00:00";"2016-09-25 00:00:00";16;468;20;10;0;<FLG>
V6155621;V615562101;HIXnJ;1;"2016-09-26 00:00:00";"2016-09-26 23:59:59";16;460;20;10;0;<FLG>
V6155621;V615562101;HIXnJ;1;"2016-09-27 00:00:00";"2016-09-27 23:59:59";16;461;20;10;0;<FLG>
V6155621;V615562101;HIXnJ;1;"2016-09-28 00:00:00";"2016-09-28 23:59:59";16;462;20;10;0;<FLG>
V6155621;V615562101;HIXnJ;1;"2016-09-29 00:00:00";"2016-09-29 23:59:59";16;465;20;10;0;<FLG>
V6155621;V615562101;HIXnJ;1;"2016-09-30 00:00:00";"2016-09-30 23:59:59";16;491;20;10;0;<FLG>
V6155621;V615562101;HIXnJ;1;"2016-10-01 00:00:00";"2016-10-01 19:35:00";16;613;20;10;0;<FLG>
V6155621;V615562101;HIXnJ;1;"2016-10-02 00:00:00";"2016-10-02 00:00:00";16;549;20;10;0;<FLG>
V6155621;V615562101;HIXnJ;1;"2016-10-03 00:00:00";"2016-10-03 00:00:00";16;489;20;10;0;<FLG>
V6155621;V615562101;HIXnJ;1;"2016-10-04 00:00:00";"2016-10-04 00:00:00";16;486;20;10;0;<FLG>
V6155621;V615562101;HIXnJ;1;"2016-10-05 00:00:00";"2016-10-05 00:00:00";16;484;20;10;0;<FLG>
V6155621;V615562101;HIXnJ;1;"2016-10-06 00:00:00";"2016-10-06 00:00:00";16;482;20;10;0;<FLG>
V6155621;V615562101;HIXnJ;1;"2016-10-07 00:00:00";"2016-10-07 00:00:00";16;481;20;10;0;<FLG>
V6155621;V615562101;HIXnJ;1;"2016-10-08 00:00:00";"2016-10-08 00:00:00";16;479;20;10;0;<FLG>
V6155621;V615562101;HIXnJ;1;"2016-10-09 00:00:00";"2016-10-09 00:00:00";16;477;20;10;0;<FLG>
V6155621;V615562101;HIXnJ;1;"2016-10-10 00:00:00";"2016-10-10 00:00:00";16;475;20;10;0;<FLG>
V6155621;V615562101;HIXnJ;1;"2016-10-11 00:00:00";"2016-10-11 00:00:00";16;471;20;10;0;<FLG>
V6155621;V615562101;HIXnJ;1;"2016-10-12 00:00:00";"2016-10-12 23:59:59";16;470;20;10;0;<FLG>
V6155621;V615562101;HIXnJ;1;"2016-10-13 00:00:00";"2016-10-13 01:40:00";16;471;20;10;0;<FLG>
V6155621;V615562101;HIXnJ;1;"2016-10-14 00:00:00";"2016-10-14 17:25:00";16;501;20;10;0;<FLG>
V6155621;V615562101;HIXnJ;1;"2016-10-15 00:00:00";"2016-10-15 23:59:59";16;510;20;10;0;<FLG>
V6155621;V615562101;HIXnJ;1;"2016-10-16 00:00:00";"2016-10-16 23:59:59";16;516;20;10;0;<FLG>
V6155621;V615562101;HIXnJ;1;"2016-10-17 00:00:00";"2016-10-17 14:35:00";16;797;20;10;0;<FLG>
V6155621;V615562101;HIXnJ;1;"2016-10-18 00:00:00";"2016-10-18 00:00:00";16;623;20;10;0;<FLG>
V6155621;V615562101;HIXnJ;1;"2016-10-19 00:00:00";"2016-10-19 00:00:00";16;550;20;10;0;<FLG>
V6155621;V615562101;HIXnJ;1;"2016-10-20 00:00:00";"2016-10-20 00:00:00";16;539;20;10;0;<FLG>
V6155621;V615562101;HIXnJ;1;"2016-10-21 00:00:00";"2016-10-21 00:00:00";16;516;20;10;0;<FLG>
V6155621;V615562101;HIXnJ;1;"2016-10-22 00:00:00";"2016-10-22 00:00:00";16;511;20;10;0;<FLG>
V6155621;V615562101;HIXnJ;1;"2016-10-23 00:00:00";"2016-10-23 09:40:00";16;515;20;10;0;<FLG>
V6155621;V615562101;HIXnJ;1;"2016-10-24 00:00:00";"2016-10-24 23:59:59";16;507;20;10;0;<FLG>
V6155621;V615562101;HIXnJ;1;"2016-10-25 00:00:00";"2016-10-25 17:55:00";16;507;20;10;0;<FLG>
V6155621;V615562101;HIXnJ;1;"2016-10-26 00:00:00";"2016-10-26 00:00:00";16;506;20;10;0;<FLG>
V6155621;V615562101;HIXnJ;1;"2016-10-27 00:00:00";"2016-10-27 00:00:00";16;480;20;10;0;<FLG>
V6155621;V615562101;HIXnJ;1;"2016-10-28 00:00:00";"2016-10-28 00:00:00";16;478;20;10;0;<FLG>
V6155621;V615562101;HIXnJ;1;"2016-10-29 00:00:00";"2016-10-29 00:00:00";16;475;20;10;0;<FLG>
V6155621;V615562101;HIXnJ;1;"2016-10-30 00:00:00";"2016-10-30 00:00:00";16;473;20;10;0;<FLG>
V6155621;V615562101;HIXnJ;1;"2016-10-31 00:00:00";"2016-10-31 00:00:00";16;471;20;10;0;<FLG>
V6155621;V615562101;HIXnJ;1;"2016-11-01 00:00:00";"2016-11-01 00:00:00";16;469;20;10;0;<FLG>
V6155621;V615562101;HIXnJ;1;"2016-11-02 00:00:00";"2016-11-02 00:00:00";16;467;20;10;0;<FLG>
V6155621;V615562101;HIXnJ;1;"2016-11-03 00:00:00";"2016-11-03 00:00:00";16;465;20;10;0;<FLG>
V6155621;V615562101;HIXnJ;1;"2016-11-04 00:00:00";"2016-11-04 23:59:59";16;488;20;10;0;<FLG>
V6155621;V615562101;HIXnJ;1;"2016-11-05 00:00:00";"2016-11-05 07:40:00";16;803;20;10;0;<FLG>
V6155621;V615562101;HIXnJ;1;"2016-11-06 00:00:00";"2016-11-06 23:59:59";16;574;20;10;0;<FLG>
V6155621;V615562101;HIXnJ;1;"2016-11-07 00:00:00";"2016-11-07 17:50:00";16;582;20;10;0;<FLG>
V6155621;V615562101;HIXnJ;1;"2016-11-08 00:00:00";"2016-11-08 00:00:00";16;578;20;10;0;<FLG>
V6155621;V615562101;HIXnJ;1;"2016-11-09 00:00:00";"2016-11-09 13:15:00";16;579;20;10;0;<FLG>
V6155621;V615562101;HIXnJ;1;"2016-11-10 00:00:00";"2016-11-10 00:00:00";16;569;20;10;0;<FLG>
V6155621;V615562101;HIXnJ;1;"2016-11-11 00:00:00";"2016-11-11 00:00:00";16;548;20;10;0;<FLG>
V6155621;V615562101;HIXnJ;1;"2016-11-12 00:00:00";"2016-11-12 00:00:00";16;531;20;10;0;<FLG>
V6155621;V615562101;HIXnJ;1;"2016-11-13 00:00:00";"2016-11-13 00:00:00";16;526;20;10;0;<FLG>
V6155621;V615562101;HIXnJ;1;"2016-11-14 00:00:00";"2016-11-14 14:05:00";16;523;20;10;0;<FLG>
V6155621;V615562101;HIXnJ;1;"2016-11-15 00:00:00";"2016-11-15 00:00:00";16;521;20;10;0;<FLG>
V6155621;V615562101;HIXnJ;1;"2016-11-16 00:00:00";"2016-11-16 00:00:00";16;516;20;10;0;<FLG>
V6155621;V615562101;HIXnJ;1;"2016-11-17 00:00:00";"2016-11-17 00:00:00";16;511;20;10;0;<FLG>
V6155621;V615562101;HIXnJ;1;"2016-11-18 00:00:00";"2016-11-18 23:59:59";16;515;20;10;0;<FLG>
V6155621;V615562101;HIXnJ;1;"2016-11-19 00:00:00";"2016-11-19 04:35:00";16;519;20;10;0;<FLG>
V6155621;V615562101;HIXnJ;1;"2016-11-20 00:00:00";"2016-11-20 02:45:00";16;508;20;10;0;<FLG>
V6155621;V615562101;HIXnJ;1;"2016-11-21 00:00:00";"2016-11-21 23:59:59";16;597;20;10;0;<FLG>
V6155621;V615562101;HIXnJ;1;"2016-12-07 00:00:00";"2016-12-07 00:00:00";16;881;20;10;8;<FLG>
V6155621;V615562101;HIXnJ;1;"2016-12-08 00:00:00";"2016-12-08 00:00:00";16;851;20;10;0;<FLG>
V6155621;V615562101;HIXnJ;1;"2016-12-09 00:00:00";"2016-12-09 00:00:00";16;821;20;10;0;<FLG>
V6155621;V615562101;HIXnJ;1;"2016-12-10 00:00:00";"2016-12-10 00:00:00";16;791;20;10;0;<FLG>
V6155621;V615562101;HIXnJ;1;"2016-12-11 00:00:00";"2016-12-11 00:00:00";16;769;20;10;0;<FLG>
V6155621;V615562101;HIXnJ;1;"2016-12-12 00:00:00";"2016-12-12 00:00:00";16;751;20;10;0;<FLG>
V6155621;V615562101;HIXnJ;1;"2016-12-13 00:00:00";"2016-12-13 00:00:00";16;721;20;10;0;<FLG>
V6155621;V615562101;HIXnJ;1;"2016-12-14 00:00:00";"2016-12-14 00:00:00";16;696;20;10;0;<FLG>
V6155621;V615562101;HIXnJ;1;"2016-12-15 00:00:00";"2016-12-15 00:00:00";16;683;20;10;0;<FLG>
V6155621;V615562101;HIXnJ;1;"2016-12-16 00:00:00";"2016-12-16 00:00:00";16;669;20;10;0;<FLG>
V6155621;V615562101;HIXnJ;1;"2016-12-17 00:00:00";"2016-12-17 00:00:00";16;657;20;10;0;<FLG>
V6155621;V615562101;HIXnJ;1;"2016-12-18 00:00:00";"2016-12-18 00:00:00";16;644;20;10;0;<FLG>
V6155621;V615562101;HIXnJ;1;"2016-12-19 00:00:00";"2016-12-19 23:59:59";16;644;20;10;0;<FLG>
V6155621;V615562101;HIXnJ;1;"2016-12-20 00:00:00";"2016-12-20 03:10:00";16;651;20;10;0;<FLG>
V6155621;V615562101;HIXnJ;1;"2016-12-21 00:00:00";"2016-12-21 00:00:00";16;637;20;10;0;<FLG>
V6155621;V615562101;HIXnJ;1;"2016-12-22 00:00:00";"2016-12-22 00:00:00";16;628;20;10;0;<FLG>
V6155621;V615562101;HIXnJ;1;"2016-12-23 00:00:00";"2016-12-23 00:00:00";16;626;20;10;0;<FLG>
V6155621;V615562101;HIXnJ;1;"2016-12-24 00:00:00";"2016-12-24 00:00:00";16;625;20;10;0;<FLG>
V6155621;V615562101;HIXnJ;1;"2016-12-25 00:00:00";"2016-12-25 00:00:00";16;623;20;10;0;<FLG>
V6155621;V615562101;HIXnJ;1;"2016-12-26 00:00:00";"2016-12-26 00:00:00";16;619;20;10;0;<FLG>
V6155621;V615562101;HIXnJ;1;"2016-12-27 00:00:00";"2016-12-27 00:00:00";16;611;20;10;0;<FLG>
V6155621;V615562101;HIXnJ;1;"2016-12-28 00:00:00";"2016-12-28 15:05:00";16;610;20;10;0;<FLG>
V6155621;V615562101;HIXnJ;1;"2016-12-29 00:00:00";"2016-12-29 00:00:00";16;608;20;10;0;<FLG>
V6155621;V615562101;HIXnJ;1;"2016-12-30 00:00:00";"2016-12-30 00:00:00";16;604;20;10;0;<FLG>
V6155621;V615562101;HIXnJ;1;"2016-12-31 00:00:00";"2016-12-31 00:00:00";16;600;20;10;0;<FLG>
V6155621;V615562101;HIXnJ;1;"2017-01-01 00:00:00";"2017-01-01 00:00:00";16;596;20;10;0;<FLG>
V6155621;V615562101;HIXnJ;1;"2017-01-02 00:00:00";"2017-01-02 00:00:00";16;591;20;10;0;<FLG>
V6155621;V615562101;HIXnJ;1;"2017-01-03 00:00:00";"2017-01-03 00:00:00";16;587;20;10;0;<FLG>
V6155621;V615562101;HIXnJ;1;"2017-01-04 00:00:00";"2017-01-04 23:59:59";16;588;20;10;0;<FLG>
V6155621;V615562101;HIXnJ;1;"2017-01-05 00:00:00";"2017-01-05 21:30:00";16;592;20;10;0;<FLG>
V6155621;V615562101;HIXnJ;1;"2017-01-06 00:00:00";"2017-01-06 00:00:00";16;591;20;10;0;<FLG>
V6155621;V615562101;HIXnJ;1;"2017-01-07 00:00:00";"2017-01-07 12:30:00";16;585;20;10;0;<FLG>
V6155621;V615562101;HIXnJ;1;"2017-01-08 00:00:00";"2017-01-08 00:00:00";16;583;20;10;0;<FLG>
V6155621;V615562101;HIXnJ;1;"2017-01-09 00:00:00";"2017-01-09 00:00:00";16;580;20;10;0;<FLG>
V6155621;V615562101;HIXnJ;1;"2017-01-10 00:00:00";"2017-01-10 00:00:00";16;554;20;10;0;<FLG>
V6155621;V615562101;HIXnJ;1;"2017-01-11 00:00:00";"2017-01-11 00:00:00";16;551;20;10;0;<FLG>
V6155621;V615562101;HIXnJ;1;"2017-01-12 00:00:00";"2017-01-12 00:00:00";16;549;20;10;0;<FLG>
V6155621;V615562101;HIXnJ;1;"2017-01-13 00:00:00";"2017-01-13 00:00:00";16;546;20;10;0;<FLG>
V6155621;V615562101;HIXnJ;1;"2017-01-14 00:00:00";"2017-01-14 00:00:00";16;543;20;10;0;<FLG>
V6155621;V615562101;HIXnJ;1;"2017-01-15 00:00:00";"2017-01-15 00:00:00";16;541;20;10;0;<FLG>
V6155621;V615562101;HIXnJ;1;"2017-01-16 00:00:00";"2017-01-16 00:00:00";16;538;20;10;0;<FLG>
V6155621;V615562101;HIXnJ;1;"2017-01-17 00:00:00";"2017-01-17 00:00:00";16;535;20;10;0;<FLG>
V6155621;V615562101;HIXnJ;1;"2017-01-18 00:00:00";"2017-01-18 14:15:00";16;542;20;10;0;<FLG>
V6155621;V615562101;HIXnJ;1;"2017-01-19 00:00:00";"2017-01-19 00:00:00";16;534;20;10;0;<FLG>
V6155621;V615562101;HIXnJ;1;"2017-01-20 00:00:00";"2017-01-20 00:00:00";16;525;20;10;0;<FLG>
V6155621;V615562101;HIXnJ;1;"2017-01-21 00:00:00";"2017-01-21 00:00:00";16;524;20;10;0;<FLG>
V6155621;V615562101;HIXnJ;1;"2017-01-22 00:00:00";"2017-01-22 00:00:00";16;523;20;10;0;<FLG>
V6155621;V615562101;HIXnJ;1;"2017-01-23 00:00:00";"2017-01-23 00:00:00";16;522;20;10;0;<FLG>
V6155621;V615562101;HIXnJ;1;"2017-01-24 00:00:00";"2017-01-24 00:00:00";16;521;20;10;0;<FLG>
V6155621;V615562101;HIXnJ;1;"2017-01-25 00:00:00";"2017-01-25 23:59:59";16;515;20;10;0;<FLG>
V6155621;V615562101;HIXnJ;1;"2017-01-26 00:00:00";"2017-01-26 23:50:00";16;558;20;10;0;<FLG>
V6155621;V615562101;HIXnJ;1;"2017-01-27 00:00:00";"2017-01-27 00:00:00";16;558;20;10;0;<FLG>
V6155621;V615562101;HIXnJ;1;"2017-01-28 00:00:00";"2017-01-28 00:00:00";16;535;20;10;0;<FLG>
V6155621;V615562101;HIXnJ;1;"2017-01-29 00:00:00";"2017-01-29 00:00:00";16;531;20;10;0;<FLG>
V6155621;V615562101;HIXnJ;1;"2017-01-30 00:00:00";"2017-01-30 00:00:00";16;529;20;10;0;<FLG>
V6155621;V615562101;HIXnJ;1;"2017-01-31 00:00:00";"2017-01-31 23:59:59";16;514;20;10;0;<FLG>
V6155621;V615562101;HIXnJ;1;"2017-02-01 00:00:00";"2017-02-01 23:59:59";16;515;20;10;0;<FLG>
V6155621;V615562101;HIXnJ;1;"2017-02-02 00:00:00";"2017-02-02 23:59:59";16;515;20;10;0;<FLG>
V6155621;V615562101;HIXnJ;1;"2017-02-03 00:00:00";"2017-02-03 04:25:00";16;562;20;10;0;<FLG>
V6155621;V615562101;HIXnJ;1;"2017-02-04 00:00:00";"2017-02-04 14:10:00";16;573;20;10;0;<FLG>
V6155621;V615562101;HIXnJ;1;"2017-02-05 00:00:00";"2017-02-05 16:00:00";16;603;20;10;0;<FLG>
V6155621;V615562101;HIXnJ;1;"2017-02-06 00:00:00";"2017-02-06 23:59:59";16;624;20;10;0;<FLG>
V6155621;V615562101;HIXnJ;1;"2017-02-07 00:00:00";"2017-02-07 19:05:00";16;635;20;10;0;<FLG>
V6155621;V615562101;HIXnJ;1;"2017-02-08 00:00:00";"2017-02-08 00:00:00";16;634;20;10;0;<FLG>
V6155621;V615562101;HIXnJ;1;"2017-02-09 00:00:00";"2017-02-09 00:00:00";16;628;20;10;0;<FLG>
V6155621;V615562101;HIXnJ;1;"2017-02-10 00:00:00";"2017-02-10 00:00:00";16;623;20;10;0;<FLG>
V6155621;V615562101;HIXnJ;1;"2017-02-11 00:00:00";"2017-02-11 00:00:00";16;617;20;10;0;<FLG>
V6155621;V615562101;HIXnJ;1;"2017-02-12 00:00:00";"2017-02-12 00:00:00";16;612;20;10;0;<FLG>
V6155621;V615562101;HIXnJ;1;"2017-02-13 00:00:00";"2017-02-13 00:00:00";16;600;20;10;0;<FLG>
V6155621;V615562101;HIXnJ;1;"2017-02-14 00:00:00";"2017-02-14 15:25:00";16;607;20;10;0;<FLG>
V6155621;V615562101;HIXnJ;1;"2017-02-15 00:00:00";"2017-02-15 00:00:00";16;605;20;10;0;<FLG>
V6155621;V615562101;HIXnJ;1;"2017-02-16 00:00:00";"2017-02-16 08:00:00";16;600;20;10;0;<FLG>
V6155621;V615562101;HIXnJ;1;"2017-02-17 00:00:00";"2017-02-17 23:59:59";16;601;20;10;0;<FLG>
V6155621;V615562101;HIXnJ;1;"2017-02-18 00:00:00";"2017-02-18 02:45:00";16;601;20;10;0;<FLG>
V6155621;V615562101;HIXnJ;1;"2017-02-19 00:00:00";"2017-02-19 00:00:00";16;597;20;10;0;<FLG>
V6155621;V615562101;HIXnJ;1;"2017-02-20 00:00:00";"2017-02-20 00:00:00";16;593;20;10;0;<FLG>
V6155621;V615562101;HIXnJ;1;"2017-02-21 00:00:00";"2017-02-21 14:20:00";16;586;20;10;0;<FLG>
V6155621;V615562101;HIXnJ;1;"2017-02-22 00:00:00";"2017-02-22 00:00:00";16;578;20;10;0;<FLG>
V6155621;V615562101;HIXnJ;1;"2017-02-23 00:00:00";"2017-02-23 13:15:00";16;572;20;10;0;<FLG>
V6155621;V615562101;HIXnJ;1;"2017-02-24 00:00:00";"2017-02-24 00:00:00";16;556;20;10;0;<FLG>
V6155621;V615562101;HIXnJ;1;"2017-02-25 00:00:00";"2017-02-25 01:30:00";16;551;20;10;0;<FLG>
V6155621;V615562101;HIXnJ;1;"2017-02-26 00:00:00";"2017-02-26 00:00:00";16;535;20;10;0;<FLG>
V6155621;V615562101;HIXnJ;1;"2017-02-27 00:00:00";"2017-02-27 23:59:59";16;536;20;10;0;<FLG>
V6155621;V615562101;HIXnJ;1;"2017-02-28 00:00:00";"2017-02-28 23:25:00";16;542;20;10;0;<FLG>
V6155621;V615562101;HIXnJ;1;"2017-03-01 00:00:00";"2017-03-01 00:00:00";16;541;20;10;0;<FLG>
V6155621;V615562101;HIXnJ;1;"2017-03-02 00:00:00";"2017-03-02 00:00:00";16;532;20;10;0;<FLG>
V6155621;V615562101;HIXnJ;1;"2017-03-03 00:00:00";"2017-03-03 23:59:59";16;560;20;10;0;<FLG>
V6155621;V615562101;HIXnJ;1;"2017-03-04 00:00:00";"2017-03-04 09:50:00";16;577;20;10;0;<FLG>
V6155621;V615562101;HIXnJ;1;"2017-03-05 00:00:00";"2017-03-05 23:59:59";16;542;20;10;0;<FLG>
V6155621;V615562101;HIXnJ;1;"2017-03-06 00:00:00";"2017-03-06 17:55:00";16;566;20;10;0;<FLG>
V6155621;V615562101;HIXnJ;1;"2017-03-07 00:00:00";"2017-03-07 23:59:59";16;568;20;10;0;<FLG>
V6155621;V615562101;HIXnJ;1;"2017-03-08 00:00:00";"2017-03-08 14:05:00";16;580;20;10;0;<FLG>
V6155621;V615562101;HIXnJ;1;"2017-03-09 00:00:00";"2017-03-09 23:59:59";16;574;20;10;0;<FLG>
V6155621;V615562101;HIXnJ;1;"2017-03-10 00:00:00";"2017-03-10 23:59:59";16;578;20;10;0;<FLG>
V6155621;V615562101;HIXnJ;1;"2017-03-11 00:00:00";"2017-03-11 23:59:59";16;582;20;10;0;<FLG>
V6155621;V615562101;HIXnJ;1;"2017-03-12 00:00:00";"2017-03-12 20:20:00";16;586;20;10;0;<FLG>
V6155621;V615562101;HIXnJ;1;"2017-03-13 00:00:00";"2017-03-13 00:00:00";16;586;20;10;0;<FLG>
V6155621;V615562101;HIXnJ;1;"2017-03-14 00:00:00";"2017-03-14 00:00:00";16;583;20;10;0;<FLG>
V6155621;V615562101;HIXnJ;1;"2017-03-15 00:00:00";"2017-03-15 00:00:00";16;580;20;10;0;<FLG>
V6155621;V615562101;HIXnJ;1;"2017-03-16 00:00:00";"2017-03-16 00:00:00";16;578;20;10;0;<FLG>
V6155621;V615562101;HIXnJ;1;"2017-03-17 00:00:00";"2017-03-17 00:00:00";16;575;20;10;0;<FLG>
V6155621;V615562101;HIXnJ;1;"2017-03-18 00:00:00";"2017-03-18 00:00:00";16;572;20;10;0;<FLG>
V6155621;V615562101;HIXnJ;1;"2017-03-19 00:00:00";"2017-03-19 00:00:00";16;570;20;10;0;<FLG>
V6155621;V615562101;HIXnJ;1;"2017-03-20 00:00:00";"2017-03-20 00:00:00";16;564;20;10;0;<FLG>
V6155621;V615562101;HIXnJ;1;"2017-03-21 00:00:00";"2017-03-21 19:55:00";16;556;20;10;0;<FLG>
V6155621;V615562101;HIXnJ;1;"2017-03-22 00:00:00";"2017-03-22 23:59:59";16;547;20;10;0;<FLG>
V6155621;V615562101;HIXnJ;1;"2017-03-23 00:00:00";"2017-03-23 23:59:59";16;633;20;10;0;<FLG>
V6155621;V615562101;HIXnJ;1;"2017-03-24 00:00:00";"2017-03-24 01:40:00";16;641;20;10;0;<FLG>
V6155621;V615562101;HIXnJ;1;"2017-03-25 00:00:00";"2017-03-25 19:00:00";16;769;20;10;0;<FLG>
V6155621;V615562101;HIXnJ;1;"2017-03-26 00:00:00";"2017-03-26 23:59:59";16;750;20;10;0;<FLG>
V6155621;V615562101;HIXnJ;1;"2017-03-27 00:00:00";"2017-03-27 18:35:00";16;768;20;10;0;<FLG>
V6155621;V615562101;HIXnJ;1;"2017-03-28 00:00:00";"2017-03-28 07:05:00";16;766;20;10;0;<FLG>
V6155621;V615562101;HIXnJ;1;"2017-03-29 00:00:00";"2017-03-29 00:00:00";16;758;20;10;0;<FLG>
V6155621;V615562101;HIXnJ;1;"2017-03-30 00:00:00";"2017-03-30 00:00:00";16;737;20;10;0;<FLG>
V6155621;V615562101;HIXnJ;1;"2017-03-31 00:00:00";"2017-03-31 00:00:00";16;715;20;10;0;<FLG>
V6155621;V615562101;HIXnJ;1;"2017-04-01 00:00:00";"2017-04-01 20:15:00";16;768;20;10;0;<FLG>
V6155621;V615562101;HIXnJ;1;"2017-04-02 00:00:00";"2017-04-02 00:00:00";16;745;20;10;0;<FLG>
V6155621;V615562101;HIXnJ;1;"2017-04-03 00:00:00";"2017-04-03 00:00:00";16;688;20;10;0;<FLG>
V6155621;V615562101;HIXnJ;1;"2017-04-04 00:00:00";"2017-04-04 00:00:00";16;671;20;10;0;<FLG>
V6155621;V615562101;HIXnJ;1;"2017-04-05 00:00:00";"2017-04-05 00:00:00";16;663;20;10;0;<FLG>
V6155621;V615562101;HIXnJ;1;"2017-04-06 00:00:00";"2017-04-06 00:00:00";16;661;20;10;0;<FLG>
V6155621;V615562101;HIXnJ;1;"2017-04-07 00:00:00";"2017-04-07 00:00:00";16;659;20;10;0;<FLG>
V6155621;V615562101;HIXnJ;1;"2017-04-08 00:00:00";"2017-04-08 00:00:00";16;651;20;10;0;<FLG>
V6155621;V615562101;HIXnJ;1;"2017-04-09 00:00:00";"2017-04-09 00:00:00";16;642;20;10;0;<FLG>
V6155621;V615562101;HIXnJ;1;"2017-04-10 00:00:00";"2017-04-10 00:00:00";16;634;20;10;0;<FLG>
V6155621;V615562101;HIXnJ;1;"2017-04-11 00:00:00";"2017-04-11 00:00:00";16;626;20;10;0;<FLG>
V6155621;V615562101;HIXnJ;1;"2017-04-12 00:00:00";"2017-04-12 23:59:59";16;621;20;10;0;<FLG>
V6155621;V615562101;HIXnJ;1;"2017-04-13 00:00:00";"2017-04-13 23:59:59";16;621;20;10;0;<FLG>
V6155621;V615562101;HIXnJ;1;"2017-04-14 00:00:00";"2017-04-14 23:59:59";16;622;20;10;0;<FLG>
V6155621;V615562101;HIXnJ;1;"2017-04-15 00:00:00";"2017-04-15 23:59:59";16;622;20;10;0;<FLG>
V6155621;V615562101;HIXnJ;1;"2017-04-16 00:00:00";"2017-04-16 11:20:00";16;622;20;10;0;<FLG>
V6155621;V615562101;HIXnJ;1;"2017-04-17 00:00:00";"2017-04-17 17:05:00";16;623;20;10;0;<FLG>
V6155621;V615562101;HIXnJ;1;"2017-04-18 00:00:00";"2017-04-18 06:50:00";16;614;20;10;0;<FLG>
V6155621;V615562101;HIXnJ;1;"2017-04-19 00:00:00";"2017-04-19 17:10:00";16;611;20;10;0;<FLG>
V6155621;V615562101;HIXnJ;1;"2017-04-20 00:00:00";"2017-04-20 00:00:00";16;606;20;10;0;<FLG>
V6155621;V615562101;HIXnJ;1;"2017-04-21 00:00:00";"2017-04-21 03:50:00";16;600;20;10;0;<FLG>
V6155621;V615562101;HIXnJ;1;"2017-04-22 00:00:00";"2017-04-22 13:15:00";16;600;20;10;0;<FLG>
V6155621;V615562101;HIXnJ;1;"2017-04-23 00:00:00";"2017-04-23 09:15:00";16;599;20;10;0;<FLG>
V6155621;V615562101;HIXnJ;1;"2017-04-24 00:00:00";"2017-04-24 08:20:00";16;590;20;10;0;<FLG>
V6155621;V615562101;HIXnJ;1;"2017-04-25 00:00:00";"2017-04-25 23:59:59";16;586;20;10;0;<FLG>
V6155621;V615562101;HIXnJ;1;"2017-04-26 00:00:00";"2017-04-26 05:25:00";16;658;20;10;0;<FLG>
V6155621;V615562101;HIXnJ;1;"2017-04-27 00:00:00";"2017-04-27 00:00:00";16;590;20;10;0;<FLG>
V6155621;V615562101;HIXnJ;1;"2017-04-28 00:00:00";"2017-04-28 00:00:00";16;588;20;10;0;<FLG>
V6155621;V615562101;HIXnJ;1;"2017-04-29 00:00:00";"2017-04-29 00:00:00";16;585;20;10;0;<FLG>
V6155621;V615562101;HIXnJ;1;"2017-04-30 00:00:00";"2017-04-30 23:59:59";16;617;20;10;0;<FLG>
V6155621;V615562101;HIXnJ;1;"2017-05-01 00:00:00";"2017-05-01 03:40:00";16;652;20;10;0;<FLG>
V6155621;V615562101;HIXnJ;1;"2017-05-02 00:00:00";"2017-05-02 22:20:00";16;687;20;10;0;<FLG>
V6155621;V615562101;HIXnJ;1;"2017-05-03 00:00:00";"2017-05-03 00:00:00";16;676;20;10;0;<FLG>
V6155621;V615562101;HIXnJ;1;"2017-05-04 00:00:00";"2017-05-04 13:55:00";16;630;20;10;0;<FLG>
V6155621;V615562101;HIXnJ;1;"2017-05-05 00:00:00";"2017-05-05 23:59:59";16;613;20;10;0;<FLG>
V6155621;V615562101;HIXnJ;1;"2017-05-06 00:00:00";"2017-05-06 14:05:00";16;652;20;10;0;<FLG>
V6155621;V615562101;HIXnJ;1;"2017-05-07 00:00:00";"2017-05-07 00:00:00";16;628;20;10;0;<FLG>
V6155621;V615562101;HIXnJ;1;"2017-05-08 00:00:00";"2017-05-08 23:59:59";16;621;20;10;0;<FLG>
V6155621;V615562101;HIXnJ;1;"2017-05-09 00:00:00";"2017-05-09 23:59:59";16;625;20;10;0;<FLG>
V6155621;V615562101;HIXnJ;1;"2017-05-10 00:00:00";"2017-05-10 23:59:59";16;629;20;10;0;<FLG>
V6155621;V615562101;HIXnJ;1;"2017-05-11 00:00:00";"2017-05-11 21:15:00";16;633;20;10;0;<FLG>
V6155621;V615562101;HIXnJ;1;"2017-05-12 00:00:00";"2017-05-12 00:00:00";16;630;20;10;0;<FLG>
V6155621;V615562101;HIXnJ;1;"2017-05-13 00:00:00";"2017-05-13 00:00:00";16;613;20;10;0;<FLG>
V6155621;V615562101;HIXnJ;1;"2017-05-14 00:00:00";"2017-05-14 09:55:00";16;623;20;10;0;<FLG>
V6155621;V615562101;HIXnJ;1;"2017-05-15 00:00:00";"2017-05-15 00:00:00";16;618;20;10;0;<FLG>
V6155621;V615562101;HIXnJ;1;"2017-05-16 00:00:00";"2017-05-16 00:00:00";16;608;20;10;0;<FLG>
V6155621;V615562101;HIXnJ;1;"2017-05-17 00:00:00";"2017-05-17 00:00:00";16;600;20;10;0;<FLG>
V6155621;V615562101;HIXnJ;1;"2017-05-18 00:00:00";"2017-05-18 23:59:59";16;594;20;10;0;<FLG>
V6155621;V615562101;HIXnJ;1;"2017-05-19 00:00:00";"2017-05-19 06:55:00";16;600;20;10;0;<FLG>
V6155621;V615562101;HIXnJ;1;"2017-05-20 00:00:00";"2017-05-20 00:00:00";16;584;20;10;0;<FLG>
V6155621;V615562101;HIXnJ;1;"2017-05-21 00:00:00";"2017-05-21 21:45:00";16;590;20;10;0;<FLG>
V6155621;V615562101;HIXnJ;1;"2017-05-22 00:00:00";"2017-05-22 00:00:00";16;589;20;10;0;<FLG>
V6155621;V615562101;HIXnJ;1;"2017-05-23 00:00:00";"2017-05-23 00:00:00";16;574;20;10;0;<FLG>
V6155621;V615562101;HIXnJ;1;"2017-05-24 00:00:00";"2017-05-24 00:00:00";16;559;20;10;0;<FLG>
V6155621;V615562101;HIXnJ;1;"2017-05-25 00:00:00";"2017-05-25 00:00:00";16;550;20;10;0;<FLG>
V6155621;V615562101;HIXnJ;1;"2017-05-26 00:00:00";"2017-05-26 00:00:00";16;549;20;10;0;<FLG>
V6155621;V615562101;HIXnJ;1;"2017-05-27 00:00:00";"2017-05-27 00:00:00";16;547;20;10;0;<FLG>
V6155621;V615562101;HIXnJ;1;"2017-05-28 00:00:00";"2017-05-28 00:00:00";16;546;20;10;0;<FLG>
V6155621;V615562101;HIXnJ;1;"2017-05-29 00:00:00";"2017-05-29 00:00:00";16;544;20;10;0;<FLG>
V6155621;V615562101;HIXnJ;1;"2017-05-30 00:00:00";"2017-05-30 00:00:00";16;533;20;10;0;<FLG>
V6155621;V615562101;HIXnJ;1;"2017-05-31 00:00:00";"2017-05-31 00:00:00";16;527;20;10;0;<FLG>
V6155621;V615562101;HIXnJ;1;"2017-06-01 00:00:00";"2017-06-01 19:50:00";16;555;20;10;0;<FLG>
V6155621;V615562101;HIXnJ;1;"2017-06-02 00:00:00";"2017-06-02 00:00:00";16;537;20;10;0;<FLG>
V6155621;V615562101;HIXnJ;1;"2017-06-03 00:00:00";"2017-06-03 23:59:59";16;545;20;10;0;<FLG>
V6155621;V615562101;HIXnJ;1;"2017-06-04 00:00:00";"2017-06-04 01:05:00";16;548;20;10;0;<FLG>
V6155621;V615562101;HIXnJ;1;"2017-06-05 00:00:00";"2017-06-05 05:30:00";16;529;20;10;0;<FLG>
V6155621;V615562101;HIXnJ;1;"2017-06-06 00:00:00";"2017-06-06 00:00:00";16;525;20;10;0;<FLG>
V6155621;V615562101;HIXnJ;1;"2017-06-07 00:00:00";"2017-06-07 00:00:00";16;519;20;10;0;<FLG>
V6155621;V615562101;HIXnJ;1;"2017-06-08 00:00:00";"2017-06-08 00:00:00";16;513;20;10;0;<FLG>
V6155621;V615562101;HIXnJ;1;"2017-06-09 00:00:00";"2017-06-09 00:00:00";16;508;20;10;0;<FLG>
V6155621;V615562101;HIXnJ;1;"2017-06-10 00:00:00";"2017-06-10 12:55:00";16;516;20;10;0;<FLG>
V6155621;V615562101;HIXnJ;1;"2017-06-11 00:00:00";"2017-06-11 03:15:00";16;514;20;10;0;<FLG>
V6155621;V615562101;HIXnJ;1;"2017-06-12 00:00:00";"2017-06-12 00:00:00";16;505;20;10;0;<FLG>
V6155621;V615562101;HIXnJ;1;"2017-06-13 00:00:00";"2017-06-13 23:59:59";16;504;20;10;0;<FLG>
V6155621;V615562101;HIXnJ;1;"2017-06-14 00:00:00";"2017-06-14 05:05:00";16;505;20;10;0;<FLG>
V6155621;V615562101;HIXnJ;1;"2017-06-15 00:00:00";"2017-06-15 23:59:59";16;496;20;10;0;<FLG>
V6155621;V615562101;HIXnJ;1;"2017-06-16 00:00:00";"2017-06-16 08:05:00";16;497;20;10;0;<FLG>
V6155621;V615562101;HIXnJ;1;"2017-06-17 00:00:00";"2017-06-17 00:00:00";16;485;20;10;0;<FLG>
V6155621;V615562101;HIXnJ;1;"2017-06-18 00:00:00";"2017-06-18 00:00:00";16;485;20;10;0;<FLG>
V6155621;V615562101;HIXnJ;1;"2017-06-19 00:00:00";"2017-06-19 00:00:00";16;484;20;10;0;<FLG>
V6155621;V615562101;HIXnJ;1;"2017-06-20 00:00:00";"2017-06-20 00:00:00";16;484;20;10;0;<FLG>
V6155621;V615562101;HIXnJ;1;"2017-06-21 00:00:00";"2017-06-21 00:00:00";16;484;20;10;0;<FLG>
V6155621;V615562101;HIXnJ;1;"2017-06-22 00:00:00";"2017-06-22 00:00:00";16;484;20;10;0;<FLG>
V6155621;V615562101;HIXnJ;1;"2017-06-23 00:00:00";"2017-06-23 00:00:00";16;483;20;10;0;<FLG>
V6155621;V615562101;HIXnJ;1;"2017-06-24 00:00:00";"2017-06-24 00:00:00";16;483;20;10;0;<FLG>
V6155621;V615562101;HIXnJ;1;"2017-06-25 00:00:00";"2017-06-25 00:00:00";16;483;20;10;0;<FLG>
V6155621;V615562101;HIXnJ;1;"2017-06-26 00:00:00";"2017-06-26 00:00:00";16;482;20;10;0;<FLG>
V6155621;V615562101;HIXnJ;1;"2017-06-27 00:00:00";"2017-06-27 23:59:59";16;500;20;10;0;<FLG>
V6155621;V615562101;HIXnJ;1;"2017-06-28 00:00:00";"2017-06-28 23:45:00";16;524;20;10;0;<FLG>
V6155621;V615562101;HIXnJ;1;"2017-06-29 00:00:00";"2017-06-29 00:00:00";16;523;20;10;0;<FLG>
V6155621;V615562101;HIXnJ;1;"2017-06-30 00:00:00";"2017-06-30 00:00:00";16;496;20;10;0;<FLG>
V6155621;V615562101;HIXnJ;1;"2017-07-01 00:00:00";"2017-07-01 00:00:00";16;495;20;10;0;<FLG>
V6155621;V615562101;HIXnJ;1;"2017-07-02 00:00:00";"2017-07-02 00:00:00";16;495;20;10;0;<FLG>
V6155621;V615562101;HIXnJ;1;"2017-07-03 00:00:00";"2017-07-03 00:00:00";16;494;20;10;0;<FLG>
V6155621;V615562101;HIXnJ;1;"2017-07-04 00:00:00";"2017-07-04 00:00:00";16;488;20;10;0;<FLG>
V6155621;V615562101;HIXnJ;1;"2017-07-05 00:00:00";"2017-07-05 00:00:00";16;479;20;10;0;<FLG>
V6155621;V615562101;HIXnJ;1;"2017-07-06 00:00:00";"2017-07-06 19:20:00";16;482;20;10;0;<FLG>
V6155621;V615562101;HIXnJ;1;"2017-07-07 00:00:00";"2017-07-07 00:00:00";16;479;20;10;0;<FLG>
V6155621;V615562101;HIXnJ;1;"2017-07-08 00:00:00";"2017-07-08 23:59:59";16;473;20;10;0;<FLG>
V6155621;V615562101;HIXnJ;1;"2017-07-09 00:00:00";"2017-07-09 23:59:59";16;479;20;10;0;<FLG>
V6155621;V615562101;HIXnJ;1;"2017-07-10 00:00:00";"2017-07-10 10:15:00";16;482;20;10;0;<FLG>
V6155621;V615562101;HIXnJ;1;"2017-07-11 00:00:00";"2017-07-11 23:59:59";16;465;20;10;0;<FLG>
V6155621;V615562101;HIXnJ;1;"2017-07-12 00:00:00";"2017-07-12 23:59:59";16;469;20;10;0;<FLG>
V6155621;V615562101;HIXnJ;1;"2017-07-13 00:00:00";"2017-07-13 23:59:59";16;472;20;10;0;<FLG>
V6155621;V615562101;HIXnJ;1;"2017-07-14 00:00:00";"2017-07-14 23:59:59";16;476;20;10;0;<FLG>
V6155621;V615562101;HIXnJ;1;"2017-07-15 00:00:00";"2017-07-15 10:05:00";16;477;20;10;0;<FLG>
V6155621;V615562101;HIXnJ;1;"2017-07-16 00:00:00";"2017-07-16 00:00:00";16;465;20;10;0;<FLG>
V6155621;V615562101;HIXnJ;1;"2017-07-17 00:00:00";"2017-07-17 00:00:00";16;463;20;10;0;<FLG>
V6155621;V615562101;HIXnJ;1;"2017-07-18 00:00:00";"2017-07-18 00:00:00";16;461;20;10;0;<FLG>
V6155621;V615562101;HIXnJ;1;"2017-07-19 00:00:00";"2017-07-19 23:59:59";16;465;20;10;0;<FLG>
V6155621;V615562101;HIXnJ;1;"2017-07-20 00:00:00";"2017-07-20 12:00:00";16;474;20;10;0;<FLG>
V6155621;V615562101;HIXnJ;1;"2017-07-21 00:00:00";"2017-07-21 00:00:00";16;473;20;10;0;<FLG>
V6155621;V615562101;HIXnJ;1;"2017-07-22 00:00:00";"2017-07-22 00:00:00";16;471;20;10;0;<FLG>
V6155621;V615562101;HIXnJ;1;"2017-07-23 00:00:00";"2017-07-23 00:00:00";16;469;20;10;0;<FLG>
V6155621;V615562101;HIXnJ;1;"2017-07-24 00:00:00";"2017-07-24 08:25:00";16;480;20;10;0;<FLG>
V6155621;V615562101;HIXnJ;1;"2017-07-25 00:00:00";"2017-07-25 23:59:59";16;470;20;10;0;<FLG>
V6155621;V615562101;HIXnJ;1;"2017-07-26 00:00:00";"2017-07-26 09:10:00";16;472;20;10;0;<FLG>
V6155621;V615562101;HIXnJ;1;"2017-07-27 00:00:00";"2017-07-27 00:00:00";16;467;20;10;0;<FLG>
V6155621;V615562101;HIXnJ;1;"2017-07-28 00:00:00";"2017-07-28 23:59:59";16;466;20;10;0;<FLG>
V6155621;V615562101;HIXnJ;1;"2017-07-29 00:00:00";"2017-07-29 00:25:00";16;467;20;10;0;<FLG>
V6155621;V615562101;HIXnJ;1;"2017-07-30 00:00:00";"2017-07-30 15:10:00";16;467;20;10;0;<FLG>
V6155621;V615562101;HIXnJ;1;"2017-07-31 00:00:00";"2017-07-31 00:00:00";16;464;20;10;0;<FLG>
V6155621;V615562101;HIXnJ;1;"2017-08-01 00:00:00";"2017-08-01 00:00:00";16;454;20;10;0;<FLG>
V6155621;V615562101;HIXnJ;1;"2017-08-02 00:00:00";"2017-08-02 00:00:00";16;449;20;10;0;<FLG>
V6155621;V615562101;HIXnJ;1;"2017-08-03 00:00:00";"2017-08-03 00:00:00";16;448;20;10;0;<FLG>
V6155621;V615562101;HIXnJ;1;"2017-08-04 00:00:00";"2017-08-04 00:00:00";16;448;20;10;0;<FLG>
V6155621;V615562101;HIXnJ;1;"2017-08-05 00:00:00";"2017-08-05 23:59:59";16;448;20;10;0;<FLG>
V6155621;V615562101;HIXnJ;1;"2017-08-06 00:00:00";"2017-08-06 23:59:59";16;456;20;10;0;<FLG>
V6155621;V615562101;HIXnJ;1;"2017-08-07 00:00:00";"2017-08-07 23:59:59";16;463;20;10;0;<FLG>
V6155621;V615562101;HIXnJ;1;"2017-08-08 00:00:00";"2017-08-08 13:15:00";16;467;20;10;0;<FLG>
V6155621;V615562101;HIXnJ;1;"2017-08-09 00:00:00";"2017-08-09 00:00:00";16;462;20;10;0;<FLG>
V6155621;V615562101;HIXnJ;1;"2017-08-10 00:00:00";"2017-08-10 23:59:59";16;455;20;10;0;<FLG>
V6155621;V615562101;HIXnJ;1;"2017-08-11 00:00:00";"2017-08-11 23:59:59";16;455;20;10;0;<FLG>
V6155621;V615562101;HIXnJ;1;"2017-08-12 00:00:00";"2017-08-12 23:59:59";16;456;20;10;0;<FLG>
V6155621;V615562101;HIXnJ;1;"2017-08-13 00:00:00";"2017-08-13 23:59:59";16;456;20;10;0;<FLG>
V6155621;V615562101;HIXnJ;1;"2017-08-14 00:00:00";"2017-08-14 23:59:59";16;456;20;10;0;<FLG>
V6155621;V615562101;HIXnJ;1;"2017-08-15 00:00:00";"2017-08-15 23:59:59";16;456;20;10;0;<FLG>
V6155621;V615562101;HIXnJ;1;"2017-08-16 00:00:00";"2017-08-16 10:45:00";16;472;20;10;0;<FLG>
V6155621;V615562101;HIXnJ;1;"2017-08-17 00:00:00";"2017-08-17 00:00:00";16;467;20;10;0;<FLG>
V6155621;V615562101;HIXnJ;1;"2017-08-18 00:00:00";"2017-08-18 23:59:59";16;463;20;10;0;<FLG>
V6155621;V615562101;HIXnJ;1;"2017-08-19 00:00:00";"2017-08-19 23:59:59";16;465;20;10;0;<FLG>
V6155621;V615562101;HIXnJ;1;"2017-08-20 00:00:00";"2017-08-20 23:59:59";16;467;20;10;0;<FLG>
V6155621;V615562101;HIXnJ;1;"2017-08-21 00:00:00";"2017-08-21 23:59:59";16;469;20;10;0;<FLG>
V6155621;V615562101;HIXnJ;1;"2017-08-22 00:00:00";"2017-08-22 23:59:59";16;471;20;10;0;<FLG>
V6155621;V615562101;HIXnJ;1;"2017-08-23 00:00:00";"2017-08-23 23:59:59";16;473;20;10;0;<FLG>
V6155621;V615562101;HIXnJ;1;"2017-08-24 00:00:00";"2017-08-24 23:59:59";16;475;20;10;0;<FLG>
V6155621;V615562101;HIXnJ;1;"2017-08-25 00:00:00";"2017-08-25 23:59:59";16;477;20;10;0;<FLG>
V6155621;V615562101;HIXnJ;1;"2017-08-26 00:00:00";"2017-08-26 03:05:00";16;477;20;10;0;<FLG>
V6155621;V615562101;HIXnJ;1;"2017-08-27 00:00:00";"2017-08-27 00:00:00";16;475;20;10;0;<FLG>
V6155621;V615562101;HIXnJ;1;"2017-08-28 00:00:00";"2017-08-28 00:00:00";16;473;20;10;0;<FLG>
V6155621;V615562101;HIXnJ;1;"2017-08-29 00:00:00";"2017-08-29 00:00:00";16;471;20;10;0;<FLG>
V6155621;V615562101;HIXnJ;1;"2017-08-30 00:00:00";"2017-08-30 23:59:59";16;473;20;10;0;<FLG>
V6155621;V615562101;HIXnJ;1;"2017-08-31 00:00:00";"2017-08-31 18:45:00";16;488;20;10;0;<FLG>
V6155621;V615562101;HIXnJ;1;"2017-09-01 00:00:00";"2017-09-01 00:00:00";16;484;20;10;0;<FLG>
V6155621;V615562101;HIXnJ;1;"2017-09-02 00:00:00";"2017-09-02 23:59:59";16;482;20;10;0;<FLG>
V6155621;V615562101;HIXnJ;1;"2017-09-03 00:00:00";"2017-09-03 23:59:59";16;486;20;10;0;<FLG>
V6155621;V615562101;HIXnJ;1;"2017-09-04 00:00:00";"2017-09-04 04:35:00";16;487;20;10;0;<FLG>
V6155621;V615562101;HIXnJ;1;"2017-09-05 00:00:00";"2017-09-05 00:00:00";16;483;20;10;0;<FLG>
V6155621;V615562101;HIXnJ;1;"2017-09-06 00:00:00";"2017-09-06 00:00:00";16;478;20;10;0;<FLG>
V6155621;V615562101;HIXnJ;1;"2017-09-07 00:00:00";"2017-09-07 00:00:00";16;473;20;10;0;<FLG>
V6155621;V615562101;HIXnJ;1;"2017-09-08 00:00:00";"2017-09-08 23:59:59";16;481;20;10;0;<FLG>
V6155621;V615562101;HIXnJ;1;"2017-09-09 00:00:00";"2017-09-09 20:55:00";16;489;20;10;0;<FLG>
V6155621;V615562101;HIXnJ;1;"2017-09-10 00:00:00";"2017-09-10 00:00:00";16;486;20;10;0;<FLG>
V6155621;V615562101;HIXnJ;1;"2017-09-11 00:00:00";"2017-09-11 23:20:00";16;488;20;10;0;<FLG>
V6155621;V615562101;HIXnJ;1;"2017-09-12 00:00:00";"2017-09-12 00:00:00";16;488;20;10;0;<FLG>
V6155621;V615562101;HIXnJ;1;"2017-09-13 00:00:00";"2017-09-13 00:00:00";16;479;20;10;0;<FLG>
V6155621;V615562101;HIXnJ;1;"2017-09-14 00:00:00";"2017-09-14 16:50:00";16;488;20;10;0;<FLG>
V6155621;V615562101;HIXnJ;1;"2017-09-15 00:00:00";"2017-09-15 00:00:00";16;487;20;10;0;<FLG>
V6155621;V615562101;HIXnJ;1;"2017-09-16 00:00:00";"2017-09-16 00:00:00";16;483;20;10;0;<FLG>
V6155621;V615562101;HIXnJ;1;"2017-09-17 00:00:00";"2017-09-17 00:00:00";16;478;20;10;0;<FLG>
V6155621;V615562101;HIXnJ;1;"2017-09-18 00:00:00";"2017-09-18 23:59:59";16;482;20;10;0;<FLG>
V6155621;V615562101;HIXnJ;1;"2017-09-19 00:00:00";"2017-09-19 13:40:00";16;485;20;10;0;<FLG>
V6155621;V615562101;HIXnJ;1;"2017-09-20 00:00:00";"2017-09-20 00:00:00";16;474;20;10;0;<FLG>
V6155621;V615562101;HIXnJ;1;"2017-09-21 00:00:00";"2017-09-21 23:59:59";16;476;20;10;0;<FLG>
V6155621;V615562101;HIXnJ;1;"2017-09-22 00:00:00";"2017-09-22 23:59:59";16;478;20;10;0;<FLG>
V6155621;V615562101;HIXnJ;1;"2017-09-23 00:00:00";"2017-09-23 23:59:59";16;484;20;10;0;<FLG>
V6155621;V615562101;HIXnJ;1;"2017-09-24 00:00:00";"2017-09-24 23:59:59";16;488;20;10;0;<FLG>
V6155621;V615562101;HIXnJ;1;"2017-09-25 00:00:00";"2017-09-25 23:59:59";16;489;20;10;0;<FLG>
V6155621;V615562101;HIXnJ;1;"2017-09-26 00:00:00";"2017-09-26 23:59:59";16;490;20;10;0;<FLG>
V6155621;V615562101;HIXnJ;1;"2017-09-27 00:00:00";"2017-09-27 23:59:59";16;491;20;10;0;<FLG>
V6155621;V615562101;HIXnJ;1;"2017-09-28 00:00:00";"2017-09-28 23:59:59";16;491;20;10;0;<FLG>
V6155621;V615562101;HIXnJ;1;"2017-09-29 00:00:00";"2017-09-29 23:59:59";16;492;20;10;0;<FLG>
V6155621;V615562101;HIXnJ;1;"2017-09-30 00:00:00";"2017-09-30 23:55:00";16;493;20;10;0;<FLG>
V6155621;V615562101;HIXnJ;1;"2017-10-01 00:00:00";"2017-10-01 00:00:00";16;493;20;10;0;<FLG>
V6155621;V615562101;HIXnJ;1;"2017-10-02 00:00:00";"2017-10-02 00:00:00";16;488;20;10;0;<FLG>
V6155621;V615562101;HIXnJ;1;"2017-10-03 00:00:00";"2017-10-03 00:00:00";16;484;20;10;0;<FLG>
V6155621;V615562101;HIXnJ;1;"2017-10-04 00:00:00";"2017-10-04 00:00:00";16;479;20;10;0;<FLG>
V6155621;V615562101;HIXnJ;1;"2017-10-05 00:00:00";"2017-10-05 00:00:00";16;475;20;10;0;<FLG>
V6155621;V615562101;HIXnJ;1;"2017-10-06 00:00:00";"2017-10-06 23:59:59";16;477;20;10;0;<FLG>
V6155621;V615562101;HIXnJ;1;"2017-10-07 00:00:00";"2017-10-07 10:30:00";16;482;20;10;0;<FLG>
V6155621;V615562101;HIXnJ;1;"2017-10-08 00:00:00";"2017-10-08 00:00:00";16;481;20;10;0;<FLG>
V6155621;V615562101;HIXnJ;1;"2017-10-09 00:00:00";"2017-10-09 00:00:00";16;479;20;10;0;<FLG>
V6155621;V615562101;HIXnJ;1;"2017-10-10 00:00:00";"2017-10-10 00:00:00";16;478;20;10;0;<FLG>
V6155621;V615562101;HIXnJ;1;"2017-11-05 00:00:00";"2017-11-05 08:00:00";16;641;20;10;6;<FLG>
V6155621;V615562101;HIXnJ;1;"2017-11-06 00:00:00";"2017-11-06 00:00:00";16;497;20;10;0;<FLG>
V6155621;V615562101;HIXnJ;1;"2017-11-07 00:00:00";"2017-11-07 00:00:00";16;484;20;10;0;<FLG>
V6155621;V615562101;HIXnJ;1;"2017-11-08 00:00:00";"2017-11-08 00:00:00";16;483;20;10;0;<FLG>
V6155621;V615562101;HIXnJ;1;"2017-11-09 00:00:00";"2017-11-09 00:00:00";16;481;20;10;0;<FLG>
V6155621;V615562101;HIXnJ;1;"2017-11-10 00:00:00";"2017-11-10 00:00:00";16;480;20;10;0;<FLG>
V6155621;V615562101;HIXnJ;1;"2017-11-11 00:00:00";"2017-11-11 00:00:00";16;479;20;10;0;<FLG>
V6155621;V615562101;HIXnJ;1;"2017-11-12 00:00:00";"2017-11-12 00:00:00";16;478;20;10;0;<FLG>
V6155621;V615562101;HIXnJ;1;"2017-11-13 00:00:00";"2017-11-13 11:30:00";16;477;20;10;0;<FLG>
V6155621;V615562101;HIXnJ;1;"2017-11-14 00:00:00";"2017-11-14 00:00:00";16;477;20;10;0;<FLG>
V6155621;V615562101;HIXnJ;1;"2017-11-15 00:00:00";"2017-11-15 00:00:00";16;476;20;10;0;<FLG>
V6155621;V615562101;HIXnJ;1;"2017-11-16 00:00:00";"2017-11-16 00:00:00";16;475;20;10;0;<FLG>
V6155621;V615562101;HIXnJ;1;"2017-11-17 00:00:00";"2017-11-17 00:00:00";16;474;20;10;0;<FLG>
V6155621;V615562101;HIXnJ;1;"2017-11-18 00:00:00";"2017-11-18 00:00:00";16;473;20;10;0;<FLG>
V6155621;V615562101;HIXnJ;1;"2017-11-19 00:00:00";"2017-11-19 00:00:00";16;472;20;10;0;<FLG>
V6155621;V615562101;HIXnJ;1;"2017-11-20 00:00:00";"2017-11-20 00:00:00";16;471;20;10;0;<FLG>
V6155621;V615562101;HIXnJ;1;"2017-11-21 00:00:00";"2017-11-21 23:59:59";16;472;20;10;0;<FLG>
V6155621;V615562101;HIXnJ;1;"2017-11-22 00:00:00";"2017-11-22 23:59:59";16;473;20;10;0;<FLG>
V6155621;V615562101;HIXnJ;1;"2017-11-23 00:00:00";"2017-11-23 23:59:59";16;474;20;10;0;<FLG>
V6155621;V615562101;HIXnJ;1;"2017-11-24 00:00:00";"2017-11-24 23:59:59";16;476;20;10;0;<FLG>
V6155621;V615562101;HIXnJ;1;"2017-11-25 00:00:00";"2017-11-25 23:59:59";16;488;20;10;0;<FLG>
V6155621;V615562101;HIXnJ;1;"2017-11-26 00:00:00";"2017-11-26 23:59:59";16;492;20;10;0;<FLG>
V6155621;V615562101;HIXnJ;1;"2017-11-27 00:00:00";"2017-11-27 23:59:59";16;493;20;10;0;<FLG>
V6155621;V615562101;HIXnJ;1;"2017-11-28 00:00:00";"2017-11-28 23:59:59";16;495;20;10;0;<FLG>
V6155621;V615562101;HIXnJ;1;"2017-11-29 00:00:00";"2017-11-29 03:30:00";16;495;20;10;0;<FLG>
V6155621;V615562101;HIXnJ;1;"2017-11-30 00:00:00";"2017-11-30 23:59:59";16;460;20;10;0;<FLG>
V6155621;V615562101;HIXnJ;1;"2017-12-01 00:00:00";"2017-12-01 23:59:59";16;462;20;10;0;<FLG>
V6155621;V615562101;HIXnJ;1;"2017-12-02 00:00:00";"2017-12-02 23:59:59";16;464;20;10;0;<FLG>
V6155621;V615562101;HIXnJ;1;"2017-12-03 00:00:00";"2017-12-03 11:40:00";16;465;20;10;0;<FLG>
V6155621;V615562101;HIXnJ;1;"2017-12-04 00:00:00";"2017-12-04 22:25:00";16;458;20;10;0;<FLG>
V6155621;V615562101;HIXnJ;1;"2017-12-05 00:00:00";"2017-12-05 00:00:00";16;457;20;10;0;<FLG>
V6155621;V615562101;HIXnJ;1;"2017-12-06 00:00:00";"2017-12-06 00:00:00";16;457;20;10;0;<FLG>
V6155621;V615562101;HIXnJ;1;"2017-12-07 00:00:00";"2017-12-07 00:00:00";16;457;20;10;0;<FLG>
V6155621;V615562101;HIXnJ;1;"2017-12-08 00:00:00";"2017-12-08 00:00:00";16;456;20;10;0;<FLG>
V6155621;V615562101;HIXnJ;1;"2017-12-09 00:00:00";"2017-12-09 00:00:00";16;456;20;10;0;<FLG>
V6155621;V615562101;HIXnJ;1;"2017-12-10 00:00:00";"2017-12-10 23:59:59";16;464;20;10;0;<FLG>
V6155621;V615562101;HIXnJ;1;"2017-12-11 00:00:00";"2017-12-11 23:59:59";16;478;20;10;0;<FLG>
V6155621;V615562101;HIXnJ;1;"2017-12-12 00:00:00";"2017-12-12 23:59:59";16;551;20;10;0;<FLG>
V6155621;V615562101;HIXnJ;1;"2017-12-13 00:00:00";"2017-12-13 04:45:00";16;556;20;10;0;<FLG>
V6155621;V615562101;HIXnJ;1;"2017-12-14 00:00:00";"2017-12-14 00:00:00";16;547;20;10;0;<FLG>
V6155621;V615562101;HIXnJ;1;"2017-12-15 00:00:00";"2017-12-15 00:00:00";16;514;20;10;0;<FLG>
V6155621;V615562101;HIXnJ;1;"2017-12-16 00:00:00";"2017-12-16 00:00:00";16;470;20;10;0;<FLG>
V6155621;V615562101;HIXnJ;1;"2017-12-17 00:00:00";"2017-12-17 00:00:00";16;464;20;10;0;<FLG>
V6155621;V615562101;HIXnJ;1;"2017-12-18 00:00:00";"2017-12-18 23:20:00";16;471;20;10;0;<FLG>
V6155621;V615562101;HIXnJ;1;"2017-12-19 00:00:00";"2017-12-19 00:00:00";16;470;20;10;0;<FLG>
V6155621;V615562101;HIXnJ;1;"2017-12-20 00:00:00";"2017-12-20 10:28:20";16;634;20;10;0;<FLG>
V6155621;V615562101;HIXnJ;1;"2017-12-21 00:00:00";"2017-12-21 05:40:00";16;489;20;10;0;<FLG>
V6155621;V615562101;HIXnJ;1;"2017-12-22 00:00:00";"2017-12-22 13:55:00";16;496;20;10;0;<FLG>
V6155621;V615562101;HIXnJ;1;"2017-12-23 00:00:00";"2017-12-23 00:00:00";16;481;20;10;0;<FLG>
V6155621;V615562101;HIXnJ;1;"2017-12-24 00:00:00";"2017-12-24 00:00:00";16;479;20;10;0;<FLG>
V6155621;V615562101;HIXnJ;1;"2017-12-25 00:00:00";"2017-12-25 00:00:00";16;478;20;10;0;<FLG>
V6155621;V615562101;HIXnJ;1;"2017-12-26 00:00:00";"2017-12-26 13:25:00";16;498;20;10;0;<FLG>
V6155621;V615562101;HIXnJ;1;"2017-12-27 00:00:00";"2017-12-27 00:00:00";16;481;20;10;0;<FLG>
V6155621;V615562101;HIXnJ;1;"2017-12-28 00:00:00";"2017-12-28 23:59:59";16;483;20;10;0;<FLG>
V6155621;V615562101;HIXnJ;1;"2017-12-29 00:00:00";"2017-12-29 15:05:00";16;494;20;10;0;<FLG>
V6155621;V615562101;HIXnJ;1;"2017-12-30 00:00:00";"2017-12-30 00:00:00";16;493;20;10;0;<FLG>
V6155621;V615562101;HIXnJ;1;"2017-12-31 00:00:00";"2017-12-31 23:59:59";16;502;20;10;0;<FLG>
V6155621;V615562101;HIXnJ;1;"2018-01-01 00:00:00";"2018-01-01 17:35:00";16;517;20;10;0;<FLG>
V6155621;V615562101;HIXnJ;1;"2018-01-02 00:00:00";"2018-01-02 00:00:00";16;517;20;10;0;<FLG>
V6155621;V615562101;HIXnJ;1;"2018-01-03 00:00:00";"2018-01-03 00:00:00";16;516;20;10;0;<FLG>
V6155621;V615562101;HIXnJ;1;"2018-01-04 00:00:00";"2018-01-04 00:00:00";16;516;20;10;0;<FLG>
V6155621;V615562101;HIXnJ;1;"2018-01-05 00:00:00";"2018-01-05 19:20:00";16;545;20;10;0;<FLG>
V6155621;V615562101;HIXnJ;1;"2018-01-06 00:00:00";"2018-01-06 00:00:00";16;544;20;10;0;<FLG>
V6155621;V615562101;HIXnJ;1;"2018-01-07 00:00:00";"2018-01-07 00:00:00";16;541;20;10;0;<FLG>
V6155621;V615562101;HIXnJ;1;"2018-01-08 00:00:00";"2018-01-08 23:15:00";16;673;20;10;0;<FLG>
V6155621;V615562101;HIXnJ;1;"2018-01-09 00:00:00";"2018-01-09 00:00:00";16;668;20;10;0;<FLG>
V6155621;V615562101;HIXnJ;1;"2018-01-10 00:00:00";"2018-01-10 23:59:59";16;627;20;10;0;<FLG>
V6155621;V615562101;HIXnJ;1;"2018-01-11 00:00:00";"2018-01-11 16:05:00";16;639;20;10;0;<FLG>
V6155621;V615562101;HIXnJ;1;"2018-01-12 00:00:00";"2018-01-12 00:00:00";16;634;20;10;0;<FLG>
V6155621;V615562101;HIXnJ;1;"2018-01-13 00:00:00";"2018-01-13 00:00:00";16;619;20;10;0;<FLG>
V6155621;V615562101;HIXnJ;1;"2018-01-14 00:00:00";"2018-01-14 00:00:00";16;604;20;10;0;<FLG>
V6155621;V615562101;HIXnJ;1;"2018-01-15 00:00:00";"2018-01-15 00:00:00";16;588;20;10;0;<FLG>
V6155621;V615562101;HIXnJ;1;"2018-01-16 00:00:00";"2018-01-16 00:00:00";16;573;20;10;0;<FLG>
V6155621;V615562101;HIXnJ;1;"2018-01-17 00:00:00";"2018-01-17 00:00:00";16;563;20;10;0;<FLG>
V6155621;V615562101;HIXnJ;1;"2018-01-18 00:00:00";"2018-01-18 23:59:59";16;559;20;10;0;<FLG>
V6155621;V615562101;HIXnJ;1;"2018-01-19 00:00:00";"2018-01-19 23:25:00";16;560;20;10;0;<FLG>
V6155621;V615562101;HIXnJ;1;"2018-01-20 00:00:00";"2018-01-20 12:00:00";16;562;20;10;0;<FLG>
V6155621;V615562101;HIXnJ;1;"2018-01-21 00:00:00";"2018-01-21 00:00:00";16;556;20;10;0;<FLG>
V6155621;V615562101;HIXnJ;1;"2018-01-22 00:00:00";"2018-01-22 23:59:59";16;559;20;10;0;<FLG>
V6155621;V615562101;HIXnJ;1;"2018-01-23 00:00:00";"2018-01-23 19:05:00";16;569;20;10;0;<FLG>
V6155621;V615562101;HIXnJ;1;"2018-01-24 00:00:00";"2018-01-24 23:59:59";16;557;20;10;0;<FLG>
V6155621;V615562101;HIXnJ;1;"2018-01-25 00:00:00";"2018-01-25 23:59:59";16;559;20;10;0;<FLG>
V6155621;V615562101;HIXnJ;1;"2018-01-26 00:00:00";"2018-01-26 23:59:59";16;832;20;10;0;<FLG>
V6155621;V615562101;HIXnJ;1;"2018-01-27 00:00:00";"2018-01-27 02:45:00";16;889;20;10;0;<FLG>
V6155621;V615562101;HIXnJ;1;"2018-01-28 00:00:00";"2018-01-28 00:00:00";16;693;20;10;0;<FLG>
V6155621;V615562101;HIXnJ;1;"2018-01-29 00:00:00";"2018-01-29 00:00:00";16;655;20;10;0;<FLG>
V6155621;V615562101;HIXnJ;1;"2018-01-30 00:00:00";"2018-01-30 00:00:00";16;641;20;10;0;<FLG>
V6155621;V615562101;HIXnJ;1;"2018-01-31 00:00:00";"2018-01-31 00:00:00";16;635;20;10;0;<FLG>
V6155621;V615562101;HIXnJ;1;"2018-02-01 00:00:00";"2018-02-01 00:00:00";16;629;20;10;0;<FLG>
V6155621;V615562101;HIXnJ;1;"2018-02-02 00:00:00";"2018-02-02 00:00:00";16;617;20;10;0;<FLG>
V6155621;V615562101;HIXnJ;1;"2018-02-03 00:00:00";"2018-02-03 00:00:00";16;601;20;10;0;<FLG>
V6155621;V615562101;HIXnJ;1;"2018-02-04 00:00:00";"2018-02-04 00:00:00";16;593;20;10;0;<FLG>
V6155621;V615562101;HIXnJ;1;"2018-02-05 00:00:00";"2018-02-05 00:00:00";16;589;20;10;0;<FLG>
V6155621;V615562101;HIXnJ;1;"2018-02-06 00:00:00";"2018-02-06 00:00:00";16;584;20;10;0;<FLG>
V6155621;V615562101;HIXnJ;1;"2018-02-07 00:00:00";"2018-02-07 00:00:00";16;579;20;10;0;<FLG>
V6155621;V615562101;HIXnJ;1;"2018-02-08 00:00:00";"2018-02-08 00:00:00";16;574;20;10;0;<FLG>
V6155621;V615562101;HIXnJ;1;"2018-02-09 00:00:00";"2018-02-09 00:00:00";16;567;20;10;0;<FLG>
V6155621;V615562101;HIXnJ;1;"2018-02-10 00:00:00";"2018-02-10 00:00:00";16;543;20;10;0;<FLG>
V6155621;V615562101;HIXnJ;1;"2018-02-11 00:00:00";"2018-02-11 00:00:00";16;541;20;10;0;<FLG>
V6155621;V615562101;HIXnJ;1;"2018-02-12 00:00:00";"2018-02-12 23:59:59";16;547;20;10;0;<FLG>
V6155621;V615562101;HIXnJ;1;"2018-02-13 00:00:00";"2018-02-13 03:45:00";16;551;20;10;0;<FLG>
V6155621;V615562101;HIXnJ;1;"2018-02-14 00:00:00";"2018-02-14 00:00:00";16;546;20;10;0;<FLG>
V6155621;V615562101;HIXnJ;1;"2018-02-15 00:00:00";"2018-02-15 00:00:00";16;539;20;10;0;<FLG>
V6155621;V615562101;HIXnJ;1;"2018-02-16 00:00:00";"2018-02-16 23:59:59";16;546;20;10;0;<FLG>
V6155621;V615562101;HIXnJ;1;"2018-02-17 00:00:00";"2018-02-17 18:30:00";16;552;20;10;0;<FLG>
V6155621;V615562101;HIXnJ;1;"2018-02-18 00:00:00";"2018-02-18 09:25:00";16;554;20;10;0;<FLG>
V6155621;V615562101;HIXnJ;1;"2018-02-19 00:00:00";"2018-02-19 23:59:59";16;543;20;10;0;<FLG>
V6155621;V615562101;HIXnJ;1;"2018-02-20 00:00:00";"2018-02-20 02:00:00";16;544;20;10;0;<FLG>
V6155621;V615562101;HIXnJ;1;"2018-02-21 00:00:00";"2018-02-21 00:00:00";16;528;20;10;0;<FLG>
V6155621;V615562101;HIXnJ;1;"2018-02-22 00:00:00";"2018-02-22 00:00:00";16;525;20;10;0;<FLG>
V6155621;V615562101;HIXnJ;1;"2018-02-23 00:00:00";"2018-02-23 00:00:00";16;521;20;10;0;<FLG>
V6155621;V615562101;HIXnJ;1;"2018-02-24 00:00:00";"2018-02-24 23:59:59";16;518;20;10;0;<FLG>
V6155621;V615562101;HIXnJ;1;"2018-02-25 00:00:00";"2018-02-25 06:00:00";16;525;20;10;0;<FLG>
V6155621;V615562101;HIXnJ;1;"2018-02-26 00:00:00";"2018-02-26 23:59:59";16;517;20;10;0;<FLG>
V6155621;V615562101;HIXnJ;1;"2018-02-27 00:00:00";"2018-02-27 11:00:00";16;535;20;10;0;<FLG>
V6155621;V615562101;HIXnJ;1;"2018-02-28 00:00:00";"2018-02-28 00:00:00";16;520;20;10;0;<FLG>
V6155621;V615562101;HIXnJ;1;"2018-03-01 00:00:00";"2018-03-01 00:00:00";16;519;20;10;0;<FLG>
V6155621;V615562101;HIXnJ;1;"2018-03-02 00:00:00";"2018-03-02 13:45:00";16;571;20;10;0;<FLG>
V6155621;V615562101;HIXnJ;1;"2018-03-03 00:00:00";"2018-03-03 23:59:59";16;627;20;10;0;<FLG>
V6155621;V615562101;HIXnJ;1;"2018-03-04 00:00:00";"2018-03-04 23:59:59";16;740;20;10;0;<FLG>
V6155621;V615562101;HIXnJ;1;"2018-03-05 00:00:00";"2018-03-05 22:40:00";16;810;20;10;0;<FLG>
V6155621;V615562101;HIXnJ;1;"2018-03-06 00:00:00";"2018-03-06 00:00:00";16;808;20;10;0;<FLG>
V6155621;V615562101;HIXnJ;1;"2018-03-07 00:00:00";"2018-03-07 18:55:00";16;802;20;10;0;<FLG>
V6155621;V615562101;HIXnJ;1;"2018-03-08 00:00:00";"2018-03-08 00:00:00";16;800;20;10;0;<FLG>
V6155621;V615562101;HIXnJ;1;"2018-03-09 00:00:00";"2018-03-09 00:00:00";16;789;20;10;0;<FLG>
V6155621;V615562101;HIXnJ;1;"2018-03-10 00:00:00";"2018-03-10 00:00:00";16;778;20;10;0;<FLG>
V6155621;V615562101;HIXnJ;1;"2018-03-11 00:00:00";"2018-03-11 00:00:00";16;756;20;10;0;<FLG>
V6155621;V615562101;HIXnJ;1;"2018-03-12 00:00:00";"2018-03-12 23:59:59";16;781;20;10;0;<FLG>
V6155621;V615562101;HIXnJ;1;"2018-03-13 00:00:00";"2018-03-13 23:21:00";16;800;20;10;0;<FLG>
V6155621;V615562101;HIXnJ;1;"2018-03-14 00:00:00";"2018-03-14 00:00:00";16;800;20;10;0;<FLG>
V6155621;V615562101;HIXnJ;1;"2018-03-15 00:00:00";"2018-03-15 22:37:00";16;831;20;10;0;<FLG>
V6155621;V615562101;HIXnJ;1;"2018-03-16 00:00:00";"2018-03-16 23:59:59";16;858;20;10;0;<FLG>
V6155621;V615562101;HIXnJ;1;"2018-03-17 00:00:00";"2018-03-17 09:19:00";16;1029;20;10;0;<FLG>
V6155621;V615562101;HIXnJ;1;"2018-03-18 00:00:00";"2018-03-18 00:00:00";16;924;20;10;0;<FLG>
V6155621;V615562101;HIXnJ;1;"2018-03-19 00:00:00";"2018-03-19 00:00:00";16;903;20;10;0;<FLG>
V6155621;V615562101;HIXnJ;1;"2018-03-20 00:00:00";"2018-03-20 00:00:00";16;892;20;10;0;<FLG>
V6155621;V615562101;HIXnJ;1;"2018-03-21 00:00:00";"2018-03-21 00:00:00";16;877;20;10;0;<FLG>
V6155621;V615562101;HIXnJ;1;"2018-03-22 00:00:00";"2018-03-22 00:00:00";16;855;20;10;0;<FLG>
V6155621;V615562101;HIXnJ;1;"2018-03-23 00:00:00";"2018-03-23 00:00:00";16;834;20;10;0;<FLG>
V6155621;V615562101;HIXnJ;1;"2018-03-24 00:00:00";"2018-03-24 00:00:00";16;815;20;10;0;<FLG>
V6155621;V615562101;HIXnJ;1;"2018-03-25 00:00:00";"2018-03-25 00:00:00";16;795;20;10;0;<FLG>
V6155621;V615562101;HIXnJ;1;"2018-03-26 00:00:00";"2018-03-26 00:00:00";16;774;20;10;0;<FLG>
V6155621;V615562101;HIXnJ;1;"2018-03-27 00:00:00";"2018-03-27 00:00:00";16;751;20;10;0;<FLG>
V6155621;V615562101;HIXnJ;1;"2018-03-28 00:00:00";"2018-03-28 00:00:00";16;728;20;10;0;<FLG>
V6155621;V615562101;HIXnJ;1;"2018-03-29 00:00:00";"2018-03-29 00:00:00";16;697;20;10;0;<FLG>
V6155621;V615562101;HIXnJ;1;"2018-03-30 00:00:00";"2018-03-30 23:55:00";16;749;20;10;0;<FLG>
V6155621;V615562101;HIXnJ;1;"2018-03-31 00:00:00";"2018-03-31 00:00:00";16;748;20;10;0;<FLG>
V6155621;V615562101;HIXnJ;1;"2018-04-01 00:00:00";"2018-04-01 00:00:00";16;687;20;10;0;<FLG>
V6155621;V615562101;HIXnJ;1;"2018-04-02 00:00:00";"2018-04-02 00:00:00";16;672;20;10;0;<FLG>
V6155621;V615562101;HIXnJ;1;"2018-04-03 00:00:00";"2018-04-03 00:00:00";16;666;20;10;0;<FLG>
V6155621;V615562101;HIXnJ;1;"2018-04-04 00:00:00";"2018-04-04 00:00:00";16;660;20;10;0;<FLG>
V6155621;V615562101;HIXnJ;1;"2018-04-05 00:00:00";"2018-04-05 00:00:00";16;653;20;10;0;<FLG>
V6155621;V615562101;HIXnJ;1;"2018-04-06 00:00:00";"2018-04-06 00:00:00";16;647;20;10;0;<FLG>
V6155621;V615562101;HIXnJ;1;"2018-04-07 00:00:00";"2018-04-07 00:00:00";16;641;20;10;0;<FLG>
V6155621;V615562101;HIXnJ;1;"2018-04-08 00:00:00";"2018-04-08 19:45:00";16;653;20;10;0;<FLG>
V6155621;V615562101;HIXnJ;1;"2018-04-09 00:00:00";"2018-04-09 07:26:00";16;653;20;10;0;<FLG>
V6155621;V615562101;HIXnJ;1;"2018-04-10 00:00:00";"2018-04-10 07:25:00";16;700;20;10;0;<FLG>
V6155621;V615562101;HIXnJ;1;"2018-04-11 00:00:00";"2018-04-11 23:59:59";16;889;20;10;0;<FLG>
V6155621;V615562101;HIXnJ;1;"2018-04-12 00:00:00";"2018-04-12 03:54:00";16;940;20;10;0;<FLG>
V6155621;V615562101;HIXnJ;1;"2018-04-13 00:00:00";"2018-04-13 23:59:59";16;912;20;10;0;<FLG>
V6155621;V615562101;HIXnJ;1;"2018-04-14 00:00:00";"2018-04-14 23:59:59";16;947;20;10;0;<FLG>
V6155621;V615562101;HIXnJ;1;"2018-04-15 00:00:00";"2018-04-15 12:26:00";16;952;20;10;0;<FLG>
V6155621;V615562101;HIXnJ;1;"2018-04-16 00:00:00";"2018-04-16 00:10:00";16;947;20;10;0;<FLG>
V6155621;V615562101;HIXnJ;1;"2018-04-17 00:00:00";"2018-04-17 00:00:00";16;928;20;10;0;<FLG>
V6155621;V615562101;HIXnJ;1;"2018-04-18 00:00:00";"2018-04-18 00:00:00";16;908;20;10;0;<FLG>
V6155621;V615562101;HIXnJ;1;"2018-04-19 00:00:00";"2018-04-19 00:00:00";16;888;20;10;0;<FLG>
V6155621;V615562101;HIXnJ;1;"2018-04-20 00:00:00";"2018-04-20 00:00:00";16;869;20;10;0;<FLG>
V6155621;V615562101;HIXnJ;1;"2018-04-21 00:00:00";"2018-04-21 00:00:00";16;849;20;10;0;<FLG>
V6155621;V615562101;HIXnJ;1;"2018-04-22 00:00:00";"2018-04-22 04:52:00";16;828;20;10;0;<FLG>
V6155621;V615562101;HIXnJ;1;"2018-04-23 00:00:00";"2018-04-23 00:00:00";16;811;20;10;0;<FLG>
V6155621;V615562101;HIXnJ;1;"2018-04-24 00:00:00";"2018-04-24 00:00:00";16;788;20;10;0;<FLG>
V6155621;V615562101;HIXnJ;1;"2018-04-25 00:00:00";"2018-04-25 00:00:00";16;765;20;10;0;<FLG>
V6155621;V615562101;HIXnJ;1;"2018-04-26 00:00:00";"2018-04-26 00:30:00";16;744;20;10;0;<FLG>
V6155621;V615562101;HIXnJ;1;"2018-04-27 00:00:00";"2018-04-27 00:00:00";16;728;20;10;0;<FLG>
V6155621;V615562101;HIXnJ;1;"2018-04-28 00:00:00";"2018-04-28 00:00:00";16;715;20;10;0;<FLG>
V6155621;V615562101;HIXnJ;1;"2018-04-29 00:00:00";"2018-04-29 19:45:00";16;734;20;10;0;<FLG>
V6155621;V615562101;HIXnJ;1;"2018-04-30 00:00:00";"2018-04-30 00:00:00";16;723;20;10;0;<FLG>
V6155621;V615562101;HIXnJ;1;"2018-05-01 00:00:00";"2018-05-01 08:30:00";16;697;20;10;0;<FLG>
V6155621;V615562101;HIXnJ;1;"2018-05-02 00:00:00";"2018-05-02 00:00:00";16;675;20;10;0;<FLG>
V6155621;V615562101;HIXnJ;1;"2018-05-03 00:00:00";"2018-05-03 08:50:00";16;668;20;10;0;<FLG>
V6155621;V615562101;HIXnJ;1;"2018-05-04 00:00:00";"2018-05-04 00:00:00";16;662;20;10;0;<FLG>
V6155621;V615562101;HIXnJ;1;"2018-05-05 00:00:00";"2018-05-05 23:10:00";16;651;20;10;0;<FLG>
V6155621;V615562101;HIXnJ;1;"2018-05-06 00:00:00";"2018-05-06 01:45:00";16;652;20;10;0;<FLG>
V6155621;V615562101;HIXnJ;1;"2018-05-07 00:00:00";"2018-05-07 19:20:00";16;666;20;10;0;<FLG>
V6155621;V615562101;HIXnJ;1;"2018-05-08 00:00:00";"2018-05-08 13:10:00";16;687;20;10;0;<FLG>
V6155621;V615562101;HIXnJ;1;"2018-05-09 00:00:00";"2018-05-09 23:59:59";16;685;20;10;0;<FLG>
V6155621;V615562101;HIXnJ;1;"2018-05-10 00:00:00";"2018-05-10 03:20:00";16;694;20;10;0;<FLG>
V6155621;V615562101;HIXnJ;1;"2018-05-11 00:00:00";"2018-05-11 23:59:59";16;681;20;10;0;<FLG>
V6155621;V615562101;HIXnJ;1;"2018-05-12 00:00:00";"2018-05-12 23:59:59";16;688;20;10;0;<FLG>
V6155621;V615562101;HIXnJ;1;"2018-05-13 00:00:00";"2018-05-13 16:50:00";16;791;20;10;0;<FLG>
V6155621;V615562101;HIXnJ;1;"2018-05-14 00:00:00";"2018-05-14 00:00:00";16;750;20;10;0;<FLG>
V6155621;V615562101;HIXnJ;1;"2018-05-15 00:00:00";"2018-05-15 02:30:00";16;699;20;10;0;<FLG>
V6155621;V615562101;HIXnJ;1;"2018-05-16 00:00:00";"2018-05-16 09:30:00";16;699;20;10;0;<FLG>
V6155621;V615562101;HIXnJ;1;"2018-05-17 00:00:00";"2018-05-17 00:00:00";16;693;20;10;0;<FLG>
V6155621;V615562101;HIXnJ;1;"2018-05-18 00:00:00";"2018-05-18 00:00:00";16;684;20;10;0;<FLG>
V6155621;V615562101;HIXnJ;1;"2018-05-19 00:00:00";"2018-05-19 00:00:00";16;674;20;10;0;<FLG>
V6155621;V615562101;HIXnJ;1;"2018-05-20 00:00:00";"2018-05-20 23:59:59";16;671;20;10;0;<FLG>
V6155621;V615562101;HIXnJ;1;"2018-05-21 00:00:00";"2018-05-21 20:30:00";16;782;20;10;0;<FLG>
V6155621;V615562101;HIXnJ;1;"2018-05-22 00:00:00";"2018-05-22 00:00:00";16;748;20;10;0;<FLG>
V6155621;V615562101;HIXnJ;1;"2018-05-23 00:00:00";"2018-05-23 21:20:00";16;738;20;10;0;<FLG>
V6155621;V615562101;HIXnJ;1;"2018-05-24 00:00:00";"2018-05-24 11:20:00";16;747;20;10;0;<FLG>
V6155621;V615562101;HIXnJ;1;"2018-05-25 00:00:00";"2018-05-25 00:00:00";16;743;20;10;0;<FLG>
V6155621;V615562101;HIXnJ;1;"2018-05-26 00:00:00";"2018-05-26 00:00:00";16;736;20;10;0;<FLG>
V6155621;V615562101;HIXnJ;1;"2018-05-27 00:00:00";"2018-05-27 00:00:00";16;730;20;10;0;<FLG>
V6155621;V615562101;HIXnJ;1;"2018-05-28 00:00:00";"2018-05-28 21:25:00";16;829;20;10;0;<FLG>
V6155621;V615562101;HIXnJ;1;"2018-05-29 00:00:00";"2018-05-29 00:00:00";16;822;20;10;0;<FLG>
V6155621;V615562101;HIXnJ;1;"2018-05-30 00:00:00";"2018-05-30 00:00:00";16;737;20;10;0;<FLG>
V6155621;V615562101;HIXnJ;1;"2018-05-31 00:00:00";"2018-05-31 17:00:00";16;838;20;10;0;<FLG>
V6155621;V615562101;HIXnJ;1;"2018-06-01 00:00:00";"2018-06-01 00:00:00";16;788;20;10;0;<FLG>
V6155621;V615562101;HIXnJ;1;"2018-06-02 00:00:00";"2018-06-02 00:00:00";16;731;20;10;0;<FLG>
V6155621;V615562101;HIXnJ;1;"2018-06-03 00:00:00";"2018-06-03 21:05:00";16;857;20;10;0;<FLG>
V6155621;V615562101;HIXnJ;1;"2018-06-04 00:00:00";"2018-06-04 00:00:00";16;825;20;10;0;<FLG>
V6155621;V615562101;HIXnJ;1;"2018-06-05 00:00:00";"2018-06-05 00:00:00";16;745;20;10;0;<FLG>
V6155621;V615562101;HIXnJ;1;"2018-06-06 00:00:00";"2018-06-06 00:00:00";16;729;20;10;0;<FLG>
V6155621;V615562101;HIXnJ;1;"2018-06-07 00:00:00";"2018-06-07 21:45:00";16;752;20;10;0;<FLG>
V6155621;V615562101;HIXnJ;1;"2018-06-08 00:00:00";"2018-06-08 00:00:00";16;739;20;10;0;<FLG>
V6155621;V615562101;HIXnJ;1;"2018-06-09 00:00:00";"2018-06-09 00:00:00";16;695;20;10;0;<FLG>
V6155621;V615562101;HIXnJ;1;"2018-06-10 00:00:00";"2018-06-10 00:00:00";16;689;20;10;0;<FLG>
V6155621;V615562101;HIXnJ;1;"2018-06-11 00:00:00";"2018-06-11 23:59:59";16;864;20;10;0;<FLG>
V6155621;V615562101;HIXnJ;1;"2018-06-12 00:00:00";"2018-06-12 01:05:00";16;904;20;10;0;<FLG>
V6155621;V615562101;HIXnJ;1;"2018-06-13 00:00:00";"2018-06-13 00:00:00";16;731;20;10;0;<FLG>
V6155621;V615562101;HIXnJ;1;"2018-06-14 00:00:00";"2018-06-14 00:00:00";16;709;20;10;0;<FLG>
V6155621;V615562101;HIXnJ;1;"2018-06-15 00:00:00";"2018-06-15 17:15:00";16;692;20;10;0;<FLG>
V6155621;V615562101;HIXnJ;1;"2018-06-16 00:00:00";"2018-06-16 00:00:00";16;688;20;10;0;<FLG>
V6155621;V615562101;HIXnJ;1;"2018-06-17 00:00:00";"2018-06-17 00:00:00";16;674;20;10;0;<FLG>
V6155621;V615562101;HIXnJ;1;"2018-06-18 00:00:00";"2018-06-18 00:00:00";16;661;20;10;0;<FLG>
V6155621;V615562101;HIXnJ;1;"2018-06-19 00:00:00";"2018-06-19 00:00:00";16;661;20;10;0;<FLG>
V6155621;V615562101;HIXnJ;1;"2018-06-20 00:00:00";"2018-06-20 07:50:00";16;661;20;10;0;<FLG>
V6155621;V615562101;HIXnJ;1;"2018-06-21 00:00:00";"2018-06-21 00:00:00";16;650;20;10;0;<FLG>
V6155621;V615562101;HIXnJ;1;"2018-06-22 00:00:00";"2018-06-22 10:45:00";16;650;20;10;0;<FLG>
V6155621;V615562101;HIXnJ;1;"2018-06-23 00:00:00";"2018-06-23 23:59:59";16;638;20;10;0;<FLG>
V6155621;V615562101;HIXnJ;1;"2018-06-24 00:00:00";"2018-06-24 23:59:59";16;639;20;10;0;<FLG>
V6155621;V615562101;HIXnJ;1;"2018-06-25 00:00:00";"2018-06-25 13:25:00";16;639;20;10;0;<FLG>
V6155621;V615562101;HIXnJ;1;"2018-06-26 00:00:00";"2018-06-26 00:00:00";16;634;20;10;0;<FLG>
V6155621;V615562101;HIXnJ;1;"2018-06-27 00:00:00";"2018-06-27 00:00:00";16;622;20;10;0;<FLG>
V6155621;V615562101;HIXnJ;1;"2018-06-28 00:00:00";"2018-06-28 00:00:00";16;610;20;10;0;<FLG>
V6155621;V615562101;HIXnJ;1;"2018-06-29 00:00:00";"2018-06-29 23:59:59";16;606;20;10;0;<FLG>
V6155621;V615562101;HIXnJ;1;"2018-06-30 00:00:00";"2018-06-30 09:50:00";16;608;20;10;0;<FLG>
V6155621;V615562101;HIXnJ;1;"2018-07-01 00:00:00";"2018-07-01 00:00:00";16;593;20;10;0;<FLG>
V6155621;V615562101;HIXnJ;1;"2018-07-02 00:00:00";"2018-07-02 00:00:00";16;591;20;10;0;<FLG>
V6155621;V615562101;HIXnJ;1;"2018-07-03 00:00:00";"2018-07-03 00:00:00";16;588;20;10;0;<FLG>
V6155621;V615562101;HIXnJ;1;"2018-07-04 00:00:00";"2018-07-04 00:00:00";16;585;20;10;0;<FLG>
V6155621;V615562101;HIXnJ;1;"2018-07-05 00:00:00";"2018-07-05 00:00:00";16;583;20;10;0;<FLG>
V6155621;V615562101;HIXnJ;1;"2018-07-06 00:00:00";"2018-07-06 00:00:00";16;580;20;10;0;<FLG>
V6155621;V615562101;HIXnJ;1;"2018-07-07 00:00:00";"2018-07-07 23:59:59";16;574;20;10;0;<FLG>
V6155621;V615562101;HIXnJ;1;"2018-07-08 00:00:00";"2018-07-08 13:30:00";16;578;20;10;0;<FLG>
V6155621;V615562101;HIXnJ;1;"2018-07-09 00:00:00";"2018-07-09 00:00:00";16;564;20;10;0;<FLG>
V6155621;V615562101;HIXnJ;1;"2018-07-10 00:00:00";"2018-07-10 00:00:00";16;562;20;10;0;<FLG>
V6155621;V615562101;HIXnJ;1;"2018-07-11 00:00:00";"2018-07-11 00:00:00";16;560;20;10;0;<FLG>
V6155621;V615562101;HIXnJ;1;"2018-07-12 00:00:00";"2018-07-12 19:45:00";16;568;20;10;0;<FLG>
V6155621;V615562101;HIXnJ;1;"2018-07-13 00:00:00";"2018-07-13 12:40:00";16;560;20;10;0;<FLG>
V6155621;V615562101;HIXnJ;1;"2018-07-14 00:00:00";"2018-07-14 05:10:00";16;557;20;10;0;<FLG>
V6155621;V615562101;HIXnJ;1;"2018-07-15 00:00:00";"2018-07-15 11:35:00";16;568;20;10;0;<FLG>
V6155621;V615562101;HIXnJ;1;"2018-07-16 00:00:00";"2018-07-16 14:10:00";16;577;20;10;0;<FLG>
V6155621;V615562101;HIXnJ;1;"2018-07-17 00:00:00";"2018-07-17 00:00:00";16;565;20;10;0;<FLG>
V6155621;V615562101;HIXnJ;1;"2018-07-18 00:00:00";"2018-07-18 00:00:00";16;545;20;10;0;<FLG>
V6155621;V615562101;HIXnJ;1;"2018-07-19 00:00:00";"2018-07-19 00:00:00";16;537;20;10;0;<FLG>
V6155621;V615562101;HIXnJ;1;"2018-07-20 00:00:00";"2018-07-20 23:59:59";16;550;20;10;0;<FLG>
V6155621;V615562101;HIXnJ;1;"2018-07-21 00:00:00";"2018-07-21 04:00:00";16;586;20;10;0;<FLG>
V6155621;V615562101;HIXnJ;1;"2018-07-22 00:00:00";"2018-07-22 00:00:00";16;549;20;10;0;<FLG>
V6155621;V615562101;HIXnJ;1;"2018-07-23 00:00:00";"2018-07-23 10:10:00";16;538;20;10;0;<FLG>
V6155621;V615562101;HIXnJ;1;"2018-07-24 00:00:00";"2018-07-24 21:10:00";16;542;20;10;0;<FLG>
V6155621;V615562101;HIXnJ;1;"2018-07-25 00:00:00";"2018-07-25 00:00:00";16;540;20;10;0;<FLG>
V6155621;V615562101;HIXnJ;1;"2018-07-26 00:00:00";"2018-07-26 20:20:00";16;531;20;10;0;<FLG>
V6155621;V615562101;HIXnJ;1;"2018-07-27 00:00:00";"2018-07-27 00:00:00";16;530;20;10;0;<FLG>
V6155621;V615562101;HIXnJ;1;"2018-07-28 00:00:00";"2018-07-28 22:55:00";16;533;20;10;0;<FLG>
V6155621;V615562101;HIXnJ;1;"2018-07-29 00:00:00";"2018-07-29 00:00:00";16;533;20;10;0;<FLG>
V6155621;V615562101;HIXnJ;1;"2018-07-30 00:00:00";"2018-07-30 00:00:00";16;530;20;10;0;<FLG>
V6155621;V615562101;HIXnJ;1;"2018-07-31 00:00:00";"2018-07-31 00:00:00";16;527;20;10;0;<FLG>
V6155621;V615562101;HIXnJ;1;"2018-08-01 00:00:00";"2018-08-01 00:00:00";16;525;20;10;0;<FLG>
V6155621;V615562101;HIXnJ;1;"2018-08-02 00:00:00";"2018-08-02 00:00:00";16;522;20;10;0;<FLG>
V6155621;V615562101;HIXnJ;1;"2018-08-03 00:00:00";"2018-08-03 00:00:00";16;519;20;10;0;<FLG>
V6155621;V615562101;HIXnJ;1;"2018-08-04 00:00:00";"2018-08-04 02:35:00";16;518;20;10;0;<FLG>
V6155621;V615562101;HIXnJ;1;"2018-08-05 00:00:00";"2018-08-05 13:00:00";16;533;20;10;0;<FLG>
V6155621;V615562101;HIXnJ;1;"2018-08-06 00:00:00";"2018-08-06 00:00:00";16;530;20;10;0;<FLG>
V6155621;V615562101;HIXnJ;1;"2018-08-07 00:00:00";"2018-08-07 00:00:00";16;522;20;10;0;<FLG>
V6155621;V615562101;HIXnJ;1;"2018-08-08 00:00:00";"2018-08-08 18:50:00";16;529;20;10;0;<FLG>
V6155621;V615562101;HIXnJ;1;"2018-08-09 00:00:00";"2018-08-09 18:25:00";16;1027;20;10;0;<FLG>
V6155621;V615562101;HIXnJ;1;"2018-08-10 00:00:00";"2018-08-10 00:00:00";16;753;20;10;0;<FLG>
V6155621;V615562101;HIXnJ;1;"2018-08-11 00:00:00";"2018-08-11 00:00:00";16;584;20;10;0;<FLG>
V6155621;V615562101;HIXnJ;1;"2018-08-12 00:00:00";"2018-08-12 00:00:00";16;578;20;10;0;<FLG>
V6155621;V615562101;HIXnJ;1;"2018-08-13 00:00:00";"2018-08-13 07:10:00";16;619;20;10;0;<FLG>
V6155621;V615562101;HIXnJ;1;"2018-08-14 00:00:00";"2018-08-14 00:00:00";16;571;20;10;0;<FLG>
V6155621;V615562101;HIXnJ;1;"2018-08-15 00:00:00";"2018-08-15 15:00:00";16;548;20;10;0;<FLG>
V6155621;V615562101;HIXnJ;1;"2018-08-16 00:00:00";"2018-08-16 00:00:00";16;546;20;10;0;<FLG>
V6155621;V615562101;HIXnJ;1;"2018-08-17 00:00:00";"2018-08-17 00:00:00";16;542;20;10;0;<FLG>
V6155621;V615562101;HIXnJ;1;"2018-08-18 00:00:00";"2018-08-18 00:00:00";16;537;20;10;0;<FLG>
V6155621;V615562101;HIXnJ;1;"2018-08-19 00:00:00";"2018-08-19 00:00:00";16;533;20;10;0;<FLG>
V6155621;V615562101;HIXnJ;1;"2018-08-20 00:00:00";"2018-08-20 00:00:00";16;528;20;10;0;<FLG>
V6155621;V615562101;HIXnJ;1;"2018-08-21 00:00:00";"2018-08-21 23:59:59";16;526;20;10;0;<FLG>
V6155621;V615562101;HIXnJ;1;"2018-08-22 00:00:00";"2018-08-22 14:15:00";16;541;20;10;0;<FLG>
V6155621;V615562101;HIXnJ;1;"2018-08-23 00:00:00";"2018-08-23 00:00:00";16;538;20;10;0;<FLG>
V6155621;V615562101;HIXnJ;1;"2018-08-24 00:00:00";"2018-08-24 00:00:00";16;530;20;10;0;<FLG>
V6155621;V615562101;HIXnJ;1;"2018-08-25 00:00:00";"2018-08-25 23:59:59";16;533;20;10;0;<FLG>
V6155621;V615562101;HIXnJ;1;"2018-08-26 00:00:00";"2018-08-26 16:15:00";16;538;20;10;0;<FLG>
V6155621;V615562101;HIXnJ;1;"2018-08-27 00:00:00";"2018-08-27 00:00:00";16;532;20;10;0;<FLG>
V6155621;V615562101;HIXnJ;1;"2018-08-28 00:00:00";"2018-08-28 00:00:00";16;521;20;10;0;<FLG>
V6155621;V615562101;HIXnJ;1;"2018-08-29 00:00:00";"2018-08-29 20:10:00";16;538;20;10;0;<FLG>
V6155621;V615562101;HIXnJ;1;"2018-08-30 00:00:00";"2018-08-30 00:00:00";16;520;20;10;0;<FLG>
V6155621;V615562101;HIXnJ;1;"2018-08-31 00:00:00";"2018-08-31 00:00:00";16;515;20;10;0;<FLG>
V6155621;V615562101;HIXnJ;1;"2018-09-01 00:00:00";"2018-09-01 00:00:00";16;514;20;10;0;<FLG>
V6155621;V615562101;HIXnJ;1;"2018-09-02 00:00:00";"2018-09-02 00:00:00";16;513;20;10;0;<FLG>
V6155621;V615562101;HIXnJ;1;"2018-09-03 00:00:00";"2018-09-03 00:00:00";16;512;20;10;0;<FLG>
V6155621;V615562101;HIXnJ;1;"2018-09-04 00:00:00";"2018-09-04 00:00:00";16;511;20;10;0;<FLG>
V6155621;V615562101;HIXnJ;1;"2018-09-05 00:00:00";"2018-09-05 23:59:59";16;510;20;10;0;<FLG>
V6155621;V615562101;HIXnJ;1;"2018-09-06 00:00:00";"2018-09-06 17:25:00";16;532;20;10;0;<FLG>
V6155621;V615562101;HIXnJ;1;"2018-09-07 00:00:00";"2018-09-07 00:00:00";16;527;20;10;0;<FLG>
V6155621;V615562101;HIXnJ;1;"2018-09-08 00:00:00";"2018-09-08 00:00:00";16;513;20;10;0;<FLG>
V6155621;V615562101;HIXnJ;1;"2018-09-09 00:00:00";"2018-09-09 00:00:00";16;510;20;10;0;<FLG>
V6155621;V615562101;HIXnJ;1;"2018-09-10 00:00:00";"2018-09-10 00:00:00";16;506;20;10;0;<FLG>
V6155621;V615562101;HIXnJ;1;"2018-09-11 00:00:00";"2018-09-11 00:00:00";16;504;20;10;0;<FLG>
V6155621;V615562101;HIXnJ;1;"2018-09-12 00:00:00";"2018-09-12 20:25:00";16;519;20;10;0;<FLG>
V6155621;V615562101;HIXnJ;1;"2018-09-13 00:00:00";"2018-09-13 02:25:00";16;552;20;10;0;<FLG>
V6155621;V615562101;HIXnJ;1;"2018-09-14 00:00:00";"2018-09-14 09:10:00";16;516;20;10;0;<FLG>
V6155621;V615562101;HIXnJ;1;"2018-09-15 00:00:00";"2018-09-15 00:00:00";16;498;20;10;0;<FLG>
V6155621;V615562101;HIXnJ;1;"2018-09-16 00:00:00";"2018-09-16 00:00:00";16;497;20;10;0;<FLG>
V6155621;V615562101;HIXnJ;1;"2018-09-17 00:00:00";"2018-09-17 00:00:00";16;495;20;10;0;<FLG>
V6155621;V615562101;HIXnJ;1;"2018-09-18 00:00:00";"2018-09-18 00:00:00";16;494;20;10;0;<FLG>
V6155621;V615562101;HIXnJ;1;"2018-09-19 00:00:00";"2018-09-19 00:00:00";16;492;20;10;0;<FLG>
V6155621;V615562101;HIXnJ;1;"2018-09-20 00:00:00";"2018-09-20 00:00:00";16;491;20;10;0;<FLG>
V6155621;V615562101;HIXnJ;1;"2018-09-21 00:00:00";"2018-09-21 00:00:00";16;490;20;10;0;<FLG>
V6155621;V615562101;HIXnJ;1;"2018-09-22 00:00:00";"2018-09-22 12:05:00";16;553;20;10;0;<FLG>
V6155621;V615562101;HIXnJ;1;"2018-09-23 00:00:00";"2018-09-23 00:00:00";16;527;20;10;0;<FLG>
V6155621;V615562101;HIXnJ;1;"2018-09-24 00:00:00";"2018-09-24 23:59:59";16;523;20;10;0;<FLG>
V6155621;V615562101;HIXnJ;1;"2018-09-25 00:00:00";"2018-09-25 23:59:59";16;523;20;10;0;<FLG>
V6155621;V615562101;HIXnJ;1;"2018-09-26 00:00:00";"2018-09-26 23:59:59";16;524;20;10;0;<FLG>
V6155621;V615562101;HIXnJ;1;"2018-09-27 00:00:00";"2018-09-27 23:59:59";16;524;20;10;0;<FLG>
V6155621;V615562101;HIXnJ;1;"2018-09-28 00:00:00";"2018-09-28 23:59:59";16;525;20;10;0;<FLG>
V6155621;V615562101;HIXnJ;1;"2018-09-29 00:00:00";"2018-09-29 23:59:59";16;525;20;10;0;<FLG>
V6155621;V615562101;HIXnJ;1;"2018-09-30 00:00:00";"2018-09-30 23:59:59";16;526;20;10;0;<FLG>
V6155621;V615562101;HIXnJ;1;"2018-10-01 00:00:00";"2018-10-01 17:05:00";16;526;20;10;0;<FLG>
V6155621;V615562101;HIXnJ;1;"2018-10-02 00:00:00";"2018-10-02 23:50:00";16;526;20;10;0;<FLG>
V6155621;V615562101;HIXnJ;1;"2018-10-03 00:00:00";"2018-10-03 00:00:00";16;526;20;10;0;<FLG>
V6155621;V615562101;HIXnJ;1;"2018-10-04 00:00:00";"2018-10-04 00:00:00";16;525;20;10;0;<FLG>
V6155621;V615562101;HIXnJ;1;"2018-10-05 00:00:00";"2018-10-05 00:00:00";16;524;20;10;0;<FLG>
V6155621;V615562101;HIXnJ;1;"2018-10-06 00:00:00";"2018-10-06 00:00:00";16;523;20;10;0;<FLG>
V6155621;V615562101;HIXnJ;1;"2018-10-07 00:00:00";"2018-10-07 09:20:00";16;573;20;10;0;<FLG>
V6155621;V615562101;HIXnJ;1;"2018-10-08 00:00:00";"2018-10-08 14:05:00";16;582;20;10;0;<FLG>
V6155621;V615562101;HIXnJ;1;"2018-10-09 00:00:00";"2018-10-09 00:00:00";16;553;20;10;0;<FLG>
V6155621;V615562101;HIXnJ;1;"2018-10-10 00:00:00";"2018-10-10 23:59:59";16;628;20;10;0;<FLG>
V6155621;V615562101;HIXnJ;1;"2018-10-11 00:00:00";"2018-10-11 04:20:00";16;634;20;10;0;<FLG>
V6155621;V615562101;HIXnJ;1;"2018-10-12 00:00:00";"2018-10-12 00:00:00";16;550;20;10;0;<FLG>
V6155621;V615562101;HIXnJ;1;"2018-10-13 00:00:00";"2018-10-13 00:00:00";16;544;20;10;0;<FLG>
V6155621;V615562101;HIXnJ;1;"2018-10-14 00:00:00";"2018-10-14 00:00:00";16;519;20;10;0;<FLG>
V6155621;V615562101;HIXnJ;1;"2018-10-15 00:00:00";"2018-10-15 17:30:00";16;538;20;10;0;<FLG>
V6155621;V615562101;HIXnJ;1;"2018-10-16 00:00:00";"2018-10-16 00:00:00";16;537;20;10;0;<FLG>
V6155621;V615562101;HIXnJ;1;"2018-10-17 00:00:00";"2018-10-17 00:00:00";16;516;20;10;0;<FLG>
V6155621;V615562101;HIXnJ;1;"2018-10-18 00:00:00";"2018-10-18 00:00:00";16;514;20;10;0;<FLG>
V6155621;V615562101;HIXnJ;1;"2018-10-19 00:00:00";"2018-10-19 23:59:59";16;499;20;10;0;<FLG>
V6155621;V615562101;HIXnJ;1;"2018-10-20 00:00:00";"2018-10-20 23:59:59";16;500;20;10;0;<FLG>
V6155621;V615562101;HIXnJ;1;"2018-10-21 00:00:00";"2018-10-21 23:59:59";16;501;20;10;0;<FLG>
V6155621;V615562101;HIXnJ;1;"2018-10-22 00:00:00";"2018-10-22 12:40:00";16;502;20;10;0;<FLG>
V6155621;V615562101;HIXnJ;1;"2018-10-23 00:00:00";"2018-10-23 00:00:00";16;498;20;10;0;<FLG>
V6155621;V615562101;HIXnJ;1;"2018-10-24 00:00:00";"2018-10-24 13:25:00";16;502;20;10;0;<FLG>
V6155621;V615562101;HIXnJ;1;"2018-10-25 00:00:00";"2018-10-25 23:59:59";16;493;20;10;0;<FLG>
V6155621;V615562101;HIXnJ;1;"2018-10-26 00:00:00";"2018-10-26 23:59:59";16;501;20;10;0;<FLG>
V6155621;V615562101;HIXnJ;1;"2018-10-27 00:00:00";"2018-10-27 21:20:00";16;528;20;10;0;<FLG>
V6155621;V615562101;HIXnJ;1;"2018-10-28 00:00:00";"2018-10-28 22:40:00";16;539;20;10;0;<FLG>
V6155621;V615562101;HIXnJ;1;"2018-10-29 00:00:00";"2018-10-29 23:59:59";16;877;20;10;0;<FLG>
V6155621;V615562101;HIXnJ;1;"2018-10-30 00:00:00";"2018-10-30 00:15:00";16;878;20;10;0;<FLG>
V6155621;V615562101;HIXnJ;1;"2018-10-31 00:00:00";"2018-10-31 23:59:59";16;1057;20;10;0;<FLG>
V6155621;V615562101;HIXnJ;1;"2018-11-01 00:00:00";"2018-11-01 11:35:00";16;1951;20;10;0;<FLG>
V6155621;V615562101;HIXnJ;1;"2018-11-02 00:00:00";"2018-11-02 00:30:00";16;1531;20;10;0;<FLG>
V6155621;V615562101;HIXnJ;1;"2018-11-03 00:00:00";"2018-11-03 00:00:00";16;1063;20;10;0;<FLG>
V6155621;V615562101;HIXnJ;1;"2018-11-04 00:00:00";"2018-11-04 00:00:00";16;994;20;10;0;<FLG>
V6155621;V615562101;HIXnJ;1;"2018-11-05 00:00:00";"2018-11-05 00:20:00";16;963;20;10;0;<FLG>
V6155621;V615562101;HIXnJ;1;"2018-11-06 00:00:00";"2018-11-06 21:15:00";16;1380;20;10;0;<FLG>
V6155621;V615562101;HIXnJ;1;"2018-11-07 00:00:00";"2018-11-07 00:00:00";16;1227;20;10;0;<FLG>
V6155621;V615562101;HIXnJ;1;"2018-11-08 00:00:00";"2018-11-08 05:15:00";16;1178;20;10;0;<FLG>
V6155621;V615562101;HIXnJ;1;"2018-11-09 00:00:00";"2018-11-09 00:00:00";16;1072;20;10;0;<FLG>
V6155621;V615562101;HIXnJ;1;"2018-11-10 00:00:00";"2018-11-10 00:00:00";16;1010;20;10;0;<FLG>
V6155621;V615562101;HIXnJ;1;"2018-11-11 00:00:00";"2018-11-11 00:00:00";16;984;20;10;0;<FLG>
V6155621;V615562101;HIXnJ;1;"2018-11-12 00:00:00";"2018-11-12 00:00:00";16;951;20;10;0;<FLG>
V6155621;V615562101;HIXnJ;1;"2018-11-13 00:00:00";"2018-11-13 00:00:00";16;922;20;10;0;<FLG>
V6155621;V615562101;HIXnJ;1;"2018-11-14 00:00:00";"2018-11-14 00:00:00";16;894;20;10;0;<FLG>
V6155621;V615562101;HIXnJ;1;"2018-11-15 00:00:00";"2018-11-15 00:00:00";16;875;20;10;0;<FLG>
V6155621;V615562101;HIXnJ;1;"2018-11-16 00:00:00";"2018-11-16 00:00:00";16;856;20;10;0;<FLG>
V6155621;V615562101;HIXnJ;1;"2018-11-17 00:00:00";"2018-11-17 18:50:00";16;846;20;10;0;<FLG>
V6155621;V615562101;HIXnJ;1;"2018-11-18 00:00:00";"2018-11-18 00:00:00";16;836;20;10;0;<FLG>
V6155621;V615562101;HIXnJ;1;"2018-11-19 00:00:00";"2018-11-19 00:00:00";16;794;20;10;0;<FLG>
V6155621;V615562101;HIXnJ;1;"2018-11-20 00:00:00";"2018-11-20 00:00:00";16;781;20;10;0;<FLG>
V6155621;V615562101;HIXnJ;1;"2018-11-21 00:00:00";"2018-11-21 15:30:00";16;1148;20;10;0;<FLG>
V6155621;V615562101;HIXnJ;1;"2018-11-22 00:00:00";"2018-11-22 00:00:00";16;928;20;10;0;<FLG>
V6155621;V615562101;HIXnJ;1;"2018-11-23 00:00:00";"2018-11-23 23:45:00";16;996;20;10;0;<FLG>
V6155621;V615562101;HIXnJ;1;"2018-11-24 00:00:00";"2018-11-24 07:40:00";16;1332;20;10;0;<FLG>
V6155621;V615562101;HIXnJ;1;"2018-11-25 00:00:00";"2018-11-25 23:59:59";16;1564;20;10;0;<FLG>
V6155621;V615562101;HIXnJ;1;"2018-11-26 00:00:00";"2018-11-26 00:40:00";16;1577;20;10;0;<FLG>
V6155621;V615562101;HIXnJ;1;"2018-11-27 00:00:00";"2018-11-27 00:00:00";16;1110;20;10;0;<FLG>
V6155621;V615562101;HIXnJ;1;"2018-11-28 00:00:00";"2018-11-28 00:00:00";16;1028;20;10;0;<FLG>
V6155621;V615562101;HIXnJ;1;"2018-11-29 00:00:00";"2018-11-29 01:25:00";16;986;20;10;0;<FLG>
V6155621;V615562101;HIXnJ;1;"2018-11-30 00:00:00";"2018-11-30 19:05:00";16;1105;20;10;0;<FLG>
V6155621;V615562101;HIXnJ;1;"2018-12-01 00:00:00";"2018-12-01 00:00:00";16;1077;20;10;0;<FLG>
V6155621;V615562101;HIXnJ;1;"2018-12-02 00:00:00";"2018-12-02 00:00:00";16;959;20;10;0;<FLG>
V6155621;V615562101;HIXnJ;1;"2018-12-03 00:00:00";"2018-12-03 00:00:00";16;930;20;10;0;<FLG>
V6155621;V615562101;HIXnJ;1;"2018-12-04 00:00:00";"2018-12-04 00:00:00";16;902;20;10;0;<FLG>
V6155621;V615562101;HIXnJ;1;"2018-12-05 00:00:00";"2018-12-05 00:00:00";16;876;20;10;0;<FLG>
V6155621;V615562101;HIXnJ;1;"2018-12-06 00:00:00";"2018-12-06 00:00:00";16;852;20;10;0;<FLG>
V6155621;V615562101;HIXnJ;1;"2018-12-07 00:00:00";"2018-12-07 00:00:00";16;832;20;10;0;<FLG>
V6155621;V615562101;HIXnJ;1;"2018-12-08 00:00:00";"2018-12-08 00:00:00";16;815;20;10;0;<FLG>
V6155621;V615562101;HIXnJ;1;"2018-12-09 00:00:00";"2018-12-09 00:00:00";16;798;20;10;0;<FLG>
V6155621;V615562101;HIXnJ;1;"2018-12-10 00:00:00";"2018-12-10 00:00:00";16;790;20;10;0;<FLG>
V6155621;V615562101;HIXnJ;1;"2018-12-11 00:00:00";"2018-12-11 00:00:00";16;777;20;10;0;<FLG>
V6155621;V615562101;HIXnJ;1;"2018-12-12 00:00:00";"2018-12-12 00:00:00";16;757;20;10;0;<FLG>
V6155621;V615562101;HIXnJ;1;"2018-12-13 00:00:00";"2018-12-13 00:00:00";16;752;20;10;0;<FLG>
V6155621;V615562101;HIXnJ;1;"2018-12-14 00:00:00";"2018-12-14 00:00:00";16;742;20;10;0;<FLG>
V6155621;V615562101;HIXnJ;1;"2018-12-15 00:00:00";"2018-12-15 00:00:00";16;732;20;10;0;<FLG>
V6155621;V615562101;HIXnJ;1;"2018-12-16 00:00:00";"2018-12-16 23:59:59";16;756;20;10;0;<FLG>
V6155621;V615562101;HIXnJ;1;"2018-12-17 00:00:00";"2018-12-17 02:35:00";16;758;20;10;0;<FLG>
V6155621;V615562101;HIXnJ;1;"2018-12-18 00:00:00";"2018-12-18 00:00:00";16;732;20;10;0;<FLG>
V6155621;V615562101;HIXnJ;1;"2018-12-19 00:00:00";"2018-12-19 23:00:00";16;836;20;10;0;<FLG>
V6155621;V615562101;HIXnJ;1;"2018-12-20 00:00:00";"2018-12-20 23:59:59";16;863;20;10;0;<FLG>
V6155621;V615562101;HIXnJ;1;"2018-12-21 00:00:00";"2018-12-21 19:43:00";16;876;20;10;0;<FLG>
V6155621;V615562101;HIXnJ;1;"2018-12-22 00:00:00";"2018-12-22 13:09:00";16;877;20;10;0;<FLG>
V6155621;V615562101;HIXnJ;1;"2018-12-23 00:00:00";"2018-12-23 00:00:00";16;869;20;10;0;<FLG>
V6155621;V615562101;HIXnJ;1;"2018-12-24 00:00:00";"2018-12-24 00:00:00";16;858;20;10;0;<FLG>
V6155621;V615562101;HIXnJ;1;"2018-12-25 00:00:00";"2018-12-25 00:00:00";16;844;20;10;0;<FLG>
V6155621;V615562101;HIXnJ;1;"2018-12-26 00:00:00";"2018-12-26 00:00:00";16;827;20;10;0;<FLG>
V6155621;V615562101;HIXnJ;1;"2018-12-27 00:00:00";"2018-12-27 00:00:00";16;809;20;10;0;<FLG>
V6155621;V615562101;HIXnJ;1;"2018-12-28 00:00:00";"2018-12-28 00:00:00";16;790;20;10;0;<FLG>
V6155621;V615562101;HIXnJ;1;"2018-12-29 00:00:00";"2018-12-29 00:00:00";16;777;20;10;0;<FLG>
V6155621;V615562101;HIXnJ;1;"2018-12-30 00:00:00";"2018-12-30 00:00:00";16;764;20;10;0;<FLG>
V6155621;V615562101;HIXnJ;1;"2018-12-31 00:00:00";"2018-12-31 00:00:00";16;753;20;10;0;<FLG>
V6155621;V615562101;HIXnJ;1;"2019-01-01 00:00:00";"2019-01-01 00:00:00";16;741;20;10;0;<FLG>
V6155621;V615562101;HIXnJ;1;"2019-01-02 00:00:00";"2019-01-02 00:00:00";16;730;20;10;0;<FLG>
V6155621;V615562101;HIXnJ;1;"2019-01-03 00:00:00";"2019-01-03 00:00:00";16;722;20;10;0;<FLG>
V6155621;V615562101;HIXnJ;1;"2019-01-04 00:00:00";"2019-01-04 00:00:00";16;713;20;10;0;<FLG>
V6155621;V615562101;HIXnJ;1;"2019-01-05 00:00:00";"2019-01-05 14:05:00";16;702;20;10;0;<FLG>
V6155621;V615562101;HIXnJ;1;"2019-01-06 00:00:00";"2019-01-06 00:00:00";16;699;20;10;0;<FLG>
V6155621;V615562101;HIXnJ;1;"2019-01-07 00:00:00";"2019-01-07 00:00:00";16;692;20;10;0;<FLG>
V6155621;V615562101;HIXnJ;1;"2019-01-08 00:00:00";"2019-01-08 00:00:00";16;686;20;10;0;<FLG>
V6155621;V615562101;HIXnJ;1;"2019-01-09 00:00:00";"2019-01-09 00:00:00";16;679;20;10;0;<FLG>
V6155621;V615562101;HIXnJ;1;"2019-01-10 00:00:00";"2019-01-10 00:50:00";16;677;20;10;0;<FLG>
V6155621;V615562101;HIXnJ;1;"2019-01-11 00:00:00";"2019-01-11 00:00:00";16;670;20;10;0;<FLG>
V6155621;V615562101;HIXnJ;1;"2019-01-12 00:00:00";"2019-01-12 00:00:00";16;669;20;10;0;<FLG>
V6155621;V615562101;HIXnJ;1;"2019-01-13 00:00:00";"2019-01-13 23:59:59";16;665;20;10;0;<FLG>
V6155621;V615562101;HIXnJ;1;"2019-01-14 00:00:00";"2019-01-14 22:40:00";16;665;20;10;0;<FLG>
V6155621;V615562101;HIXnJ;1;"2019-01-15 00:00:00";"2019-01-15 00:00:00";16;665;20;10;0;<FLG>
V6155621;V615562101;HIXnJ;1;"2019-01-16 00:00:00";"2019-01-16 00:00:00";16;656;20;10;0;<FLG>
V6155621;V615562101;HIXnJ;1;"2019-01-17 00:00:00";"2019-01-17 00:00:00";16;651;20;10;0;<FLG>
V6155621;V615562101;HIXnJ;1;"2019-01-18 00:00:00";"2019-01-18 00:00:00";16;649;20;10;0;<FLG>
V6155621;V615562101;HIXnJ;1;"2019-01-19 00:00:00";"2019-01-19 00:00:00";16;648;20;10;0;<FLG>
V6155621;V615562101;HIXnJ;1;"2019-01-20 00:00:00";"2019-01-20 00:00:00";16;647;20;10;0;<FLG>
V6155621;V615562101;HIXnJ;1;"2019-01-21 00:00:00";"2019-01-21 00:00:00";16;646;20;10;0;<FLG>
V6155621;V615562101;HIXnJ;1;"2019-01-22 00:00:00";"2019-01-22 00:00:00";16;645;20;10;0;<FLG>
V6155621;V615562101;HIXnJ;1;"2019-01-23 00:00:00";"2019-01-23 00:00:00";16;644;20;10;0;<FLG>
V6155621;V615562101;HIXnJ;1;"2019-01-24 00:00:00";"2019-01-24 00:00:00";16;643;20;10;0;<FLG>
V6155621;V615562101;HIXnJ;1;"2019-01-25 00:00:00";"2019-01-25 00:00:00";16;640;20;10;0;<FLG>
V6155621;V615562101;HIXnJ;1;"2019-01-26 00:00:00";"2019-01-26 00:00:00";16;635;20;10;0;<FLG>
V6155621;V615562101;HIXnJ;1;"2019-01-27 00:00:00";"2019-01-27 00:00:00";16;630;20;10;0;<FLG>
V6155621;V615562101;HIXnJ;1;"2019-01-28 00:00:00";"2019-01-28 00:00:00";16;625;20;10;0;<FLG>
V6155621;V615562101;HIXnJ;1;"2019-01-29 00:00:00";"2019-01-29 00:00:00";16;620;20;10;0;<FLG>
V6155621;V615562101;HIXnJ;1;"2019-01-30 00:00:00";"2019-01-30 00:00:00";16;615;20;10;0;<FLG>
V6155621;V615562101;HIXnJ;1;"2019-01-31 00:00:00";"2019-01-31 23:59:59";16;623;20;10;0;<FLG>
V6155621;V615562101;HIXnJ;1;"2019-02-01 00:00:00";"2019-02-01 23:59:59";16;2005;20;10;0;<FLG>
V6155621;V615562101;HIXnJ;1;"2019-02-02 00:00:00";"2019-02-02 02:50:00";16;2224;20;10;0;<FLG>
V6155621;V615562101;HIXnJ;1;"2019-02-03 00:00:00";"2019-02-03 00:00:00";16;978;20;10;0;<FLG>
V6155621;V615562101;HIXnJ;1;"2019-02-04 00:00:00";"2019-02-04 00:15:00";16;880;20;10;0;<FLG>
V6155621;V615562101;HIXnJ;1;"2019-02-05 00:00:00";"2019-02-05 00:00:00";16;861;20;10;0;<FLG>
V6155621;V615562101;HIXnJ;1;"2019-02-06 00:00:00";"2019-02-06 00:00:00";16;832;20;10;0;<FLG>
V6155621;V615562101;HIXnJ;1;"2019-02-07 00:00:00";"2019-02-07 00:00:00";16;799;20;10;0;<FLG>
V6155621;V615562101;HIXnJ;1;"2019-02-08 00:00:00";"2019-02-08 00:00:00";16;780;20;10;0;<FLG>
V6155621;V615562101;HIXnJ;1;"2019-02-09 00:00:00";"2019-02-09 00:00:00";16;757;20;10;0;<FLG>
V6155621;V615562101;HIXnJ;1;"2019-02-10 00:00:00";"2019-02-10 00:00:00";16;738;20;10;0;<FLG>
V6155621;V615562101;HIXnJ;1;"2019-02-11 00:00:00";"2019-02-11 00:00:00";16;719;20;10;0;<FLG>
V6155621;V615562101;HIXnJ;1;"2019-02-12 00:00:00";"2019-02-12 00:00:00";16;701;20;10;0;<FLG>
V6155621;V615562101;HIXnJ;1;"2019-02-13 00:00:00";"2019-02-13 00:00:00";16;689;20;10;0;<FLG>
V6155621;V615562101;HIXnJ;1;"2019-02-14 00:00:00";"2019-02-14 00:00:00";16;683;20;10;0;<FLG>
V6155621;V615562101;HIXnJ;1;"2019-02-15 00:00:00";"2019-02-15 00:00:00";16;676;20;10;0;<FLG>
V6155621;V615562101;HIXnJ;1;"2019-02-16 00:00:00";"2019-02-16 00:00:00";16;670;20;10;0;<FLG>
V6155621;V615562101;HIXnJ;1;"2019-02-17 00:00:00";"2019-02-17 00:00:00";16;663;20;10;0;<FLG>
V6155621;V615562101;HIXnJ;1;"2019-02-18 00:00:00";"2019-02-18 23:59:59";16;659;20;10;0;<FLG>
V6155621;V615562101;HIXnJ;1;"2019-02-19 00:00:00";"2019-02-19 18:41:40";16;666;20;10;0;<FLG>
V6155621;V615562101;HIXnJ;1;"2019-02-20 00:00:00";"2019-02-20 00:00:00";16;664;20;10;0;<FLG>
V6155621;V615562101;HIXnJ;1;"2019-02-21 00:00:00";"2019-02-21 23:59:59";16;653;20;10;0;<FLG>
V6155621;V615562101;HIXnJ;1;"2019-02-22 00:00:00";"2019-02-22 14:50:00";16;663;20;10;0;<FLG>
V6155621;V615562101;HIXnJ;1;"2019-02-23 00:00:00";"2019-02-23 00:00:00";16;662;20;10;0;<FLG>
V6155621;V615562101;HIXnJ;1;"2019-02-24 00:00:00";"2019-02-24 00:00:00";16;659;20;10;0;<FLG>
V6155621;V615562101;HIXnJ;1;"2019-02-25 00:00:00";"2019-02-25 00:00:00";16;652;20;10;0;<FLG>
V6155621;V615562101;HIXnJ;1;"2019-02-26 00:00:00";"2019-02-26 00:00:00";16;637;20;10;0;<FLG>
V6155621;V615562101;HIXnJ;1;"2019-02-27 00:00:00";"2019-02-27 00:00:00";16;636;20;10;0;<FLG>
V6155621;V615562101;HIXnJ;1;"2019-02-28 00:00:00";"2019-02-28 00:00:00";16;635;20;10;0;<FLG>
V6155621;V615562101;HIXnJ;1;"2019-03-01 00:00:00";"2019-03-01 00:00:00";16;634;20;10;0;<FLG>
V6155621;V615562101;HIXnJ;1;"2019-03-02 00:00:00";"2019-03-02 15:20:00";16;630;20;10;0;<FLG>
V6155621;V615562101;HIXnJ;1;"2019-03-03 00:00:00";"2019-03-03 00:00:00";16;628;20;10;0;<FLG>
V6155621;V615562101;HIXnJ;1;"2019-03-04 00:00:00";"2019-03-04 21:10:00";16;635;20;10;0;<FLG>
V6155621;V615562101;HIXnJ;1;"2019-03-05 00:00:00";"2019-03-05 23:59:59";16;628;20;10;0;<FLG>
V6155621;V615562101;HIXnJ;1;"2019-03-06 00:00:00";"2019-03-06 23:59:59";16;634;20;10;0;<FLG>
V6155621;V615562101;HIXnJ;1;"2019-03-07 00:00:00";"2019-03-07 07:15:00";16;680;20;10;0;<FLG>
V6155621;V615562101;HIXnJ;1;"2019-03-08 00:00:00";"2019-03-08 00:00:00";16;632;20;10;0;<FLG>
V6155621;V615562101;HIXnJ;1;"2019-03-09 00:00:00";"2019-03-09 00:00:00";16;626;20;10;0;<FLG>
V6155621;V615562101;HIXnJ;1;"2019-03-10 00:00:00";"2019-03-10 00:00:00";16;620;20;10;0;<FLG>
V6155621;V615562101;HIXnJ;1;"2019-03-11 00:00:00";"2019-03-11 00:00:00";16;615;20;10;0;<FLG>
V6155621;V615562101;HIXnJ;1;"2019-03-12 00:00:00";"2019-03-12 00:00:00";16;610;20;10;0;<FLG>
V6155621;V615562101;HIXnJ;1;"2019-03-13 00:00:00";"2019-03-13 00:00:00";16;608;20;10;0;<FLG>
V6155621;V615562101;HIXnJ;1;"2019-03-14 00:00:00";"2019-03-14 00:00:00";16;605;20;10;0;<FLG>
V6155621;V615562101;HIXnJ;1;"2019-03-15 00:00:00";"2019-03-15 00:00:00";16;603;20;10;0;<FLG>
V6155621;V615562101;HIXnJ;1;"2019-03-16 00:00:00";"2019-03-16 00:00:00";16;600;20;10;0;<FLG>
V6155621;V615562101;HIXnJ;1;"2019-03-17 00:00:00";"2019-03-17 00:00:00";16;598;20;10;0;<FLG>
V6155621;V615562101;HIXnJ;1;"2019-03-18 00:00:00";"2019-03-18 00:00:00";16;595;20;10;0;<FLG>
V6155621;V615562101;HIXnJ;1;"2019-03-19 00:00:00";"2019-03-19 00:00:00";16;593;20;10;0;<FLG>
V6155621;V615562101;HIXnJ;1;"2019-03-20 00:00:00";"2019-03-20 00:00:00";16;591;20;10;0;<FLG>
V6155621;V615562101;HIXnJ;1;"2019-03-21 00:00:00";"2019-03-21 00:00:00";16;588;20;10;0;<FLG>
V6155621;V615562101;HIXnJ;1;"2019-03-22 00:00:00";"2019-03-22 00:00:00";16;586;20;10;0;<FLG>
V6155621;V615562101;HIXnJ;1;"2019-03-23 00:00:00";"2019-03-23 00:00:00";16;583;20;10;0;<FLG>
V6155621;V615562101;HIXnJ;1;"2019-03-24 00:00:00";"2019-03-24 00:00:00";16;581;20;10;0;<FLG>
V6155621;V615562101;HIXnJ;1;"2019-03-25 00:00:00";"2019-03-25 00:00:00";16;578;20;10;0;<FLG>
V6155621;V615562101;HIXnJ;1;"2019-03-26 00:00:00";"2019-03-26 00:00:00";16;576;20;10;0;<FLG>
V6155621;V615562101;HIXnJ;1;"2019-03-27 00:00:00";"2019-03-27 00:00:00";16;573;20;10;0;<FLG>
V6155621;V615562101;HIXnJ;1;"2019-03-28 00:00:00";"2019-03-28 00:00:00";16;571;20;10;0;<FLG>
V6155621;V615562101;HIXnJ;1;"2019-03-29 00:00:00";"2019-03-29 00:00:00";16;569;20;10;0;<FLG>
V6155621;V615562101;HIXnJ;1;"2019-03-30 00:00:00";"2019-03-30 00:00:00";16;566;20;10;0;<FLG>
V6155621;V615562101;HIXnJ;1;"2019-03-31 00:00:00";"2019-03-31 00:00:00";16;564;20;10;0;<FLG>
V6155621;V615562101;HIXnJ;1;"2019-04-01 00:00:00";"2019-04-01 00:00:00";16;561;20;10;0;<FLG>
V6155621;V615562101;HIXnJ;1;"2019-04-02 00:00:00";"2019-04-02 23:59:59";16;560;20;10;0;<FLG>
V6155621;V615562101;HIXnJ;1;"2019-04-03 00:00:00";"2019-04-03 18:40:00";16;668;20;10;0;<FLG>
V6155621;V615562101;HIXnJ;1;"2019-04-04 00:00:00";"2019-04-04 00:00:00";16;631;20;10;0;<FLG>
V6155621;V615562101;HIXnJ;1;"2019-04-05 00:00:00";"2019-04-05 00:00:00";16;595;20;10;0;<FLG>
V6155621;V615562101;HIXnJ;1;"2019-04-06 00:00:00";"2019-04-06 13:20:00";16;610;20;10;0;<FLG>
V6155621;V615562101;HIXnJ;1;"2019-04-07 00:00:00";"2019-04-07 00:00:00";16;608;20;10;0;<FLG>
V6155621;V615562101;HIXnJ;1;"2019-04-08 00:00:00";"2019-04-08 00:00:00";16;605;20;10;0;<FLG>
V6155621;V615562101;HIXnJ;1;"2019-04-09 00:00:00";"2019-04-09 00:00:00";16;601;20;10;0;<FLG>
V6155621;V615562101;HIXnJ;1;"2019-04-10 00:00:00";"2019-04-10 00:00:00";16;598;20;10;0;<FLG>
V6155621;V615562101;HIXnJ;1;"2019-04-11 00:00:00";"2019-04-11 23:59:59";16;583;20;10;0;<FLG>
V6155621;V615562101;HIXnJ;1;"2019-04-12 00:00:00";"2019-04-12 23:59:59";16;583;20;10;0;<FLG>
V6155621;V615562101;HIXnJ;1;"2019-04-13 00:00:00";"2019-04-13 23:59:59";16;583;20;10;0;<FLG>
V6155621;V615562101;HIXnJ;1;"2019-04-14 00:00:00";"2019-04-14 23:59:59";16;584;20;10;0;<FLG>
V6155621;V615562101;HIXnJ;1;"2019-04-15 00:00:00";"2019-04-15 23:00:00";16;597;20;10;0;<FLG>
V6155621;V615562101;HIXnJ;1;"2019-04-16 00:00:00";"2019-04-16 00:00:00";16;597;20;10;0;<FLG>
V6155621;V615562101;HIXnJ;1;"2019-04-17 00:00:00";"2019-04-17 00:00:00";16;590;20;10;0;<FLG>
V6155621;V615562101;HIXnJ;1;"2019-04-18 00:00:00";"2019-04-18 00:00:00";16;584;20;10;0;<FLG>
V6155621;V615562101;HIXnJ;1;"2019-04-19 00:00:00";"2019-04-19 00:00:00";16;578;20;10;0;<FLG>
V6155621;V615562101;HIXnJ;1;"2019-04-20 00:00:00";"2019-04-20 00:00:00";16;571;20;10;0;<FLG>
V6155621;V615562101;HIXnJ;1;"2019-04-21 00:00:00";"2019-04-21 23:59:59";16;567;20;10;0;<FLG>
V6155621;V615562101;HIXnJ;1;"2019-04-22 00:00:00";"2019-04-22 23:59:59";16;571;20;10;0;<FLG>
V6155621;V615562101;HIXnJ;1;"2019-04-23 00:00:00";"2019-04-23 23:59:59";16;583;20;10;0;<FLG>
V6155621;V615562101;HIXnJ;1;"2019-04-24 00:00:00";"2019-04-24 13:00:00";16;597;20;10;0;<FLG>
V6155621;V615562101;HIXnJ;1;"2019-04-25 00:00:00";"2019-04-25 23:59:59";16;614;20;10;0;<FLG>
V6155621;V615562101;HIXnJ;1;"2019-04-26 00:00:00";"2019-04-26 03:35:00";16;635;20;10;0;<FLG>
V6155621;V615562101;HIXnJ;1;"2019-04-27 00:00:00";"2019-04-27 00:00:00";16;627;20;10;0;<FLG>
V6155621;V615562101;HIXnJ;1;"2019-04-28 00:00:00";"2019-04-28 16:50:00";16;633;20;10;0;<FLG>
V6155621;V615562101;HIXnJ;1;"2019-04-29 00:00:00";"2019-04-29 10:10:00";16;633;20;10;0;<FLG>
V6155621;V615562101;HIXnJ;1;"2019-04-30 00:00:00";"2019-04-30 13:30:00";16;628;20;10;0;<FLG>
V6155621;V615562101;HIXnJ;1;"2019-05-01 00:00:00";"2019-05-01 09:05:00";16;629;20;10;0;<FLG>
V6155621;V615562101;HIXnJ;1;"2019-05-02 00:00:00";"2019-05-02 23:59:59";16;615;20;10;0;<FLG>
V6155621;V615562101;HIXnJ;1;"2019-05-03 00:00:00";"2019-05-03 23:59:59";16;618;20;10;0;<FLG>
V6155621;V615562101;HIXnJ;1;"2019-05-04 00:00:00";"2019-05-04 11:00:00";16;619;20;10;0;<FLG>
V6155621;V615562101;HIXnJ;1;"2019-05-05 00:00:00";"2019-05-05 23:59:59";16;618;20;10;0;<FLG>
V6155621;V615562101;HIXnJ;1;"2019-05-06 00:00:00";"2019-05-06 00:05:00";16;618;20;10;0;<FLG>
V6155621;V615562101;HIXnJ;1;"2019-05-07 00:00:00";"2019-05-07 00:00:00";16;611;20;10;0;<FLG>
V6155621;V615562101;HIXnJ;1;"2019-05-08 00:00:00";"2019-05-08 22:55:00";16;627;20;10;0;<FLG>
V6155621;V615562101;HIXnJ;1;"2019-05-09 00:00:00";"2019-05-09 00:00:00";16;625;20;10;0;<FLG>
V6155621;V615562101;HIXnJ;1;"2019-05-10 00:00:00";"2019-05-10 00:00:00";16;598;20;10;0;<FLG>
V6155621;V615562101;HIXnJ;1;"2019-05-11 00:00:00";"2019-05-11 23:59:59";16;591;20;10;0;<FLG>
V6155621;V615562101;HIXnJ;1;"2019-05-12 00:00:00";"2019-05-12 10:45:00";16;593;20;10;0;<FLG>
V6155621;V615562101;HIXnJ;1;"2019-05-13 00:00:00";"2019-05-13 00:00:00";16;584;20;10;0;<FLG>
V6155621;V615562101;HIXnJ;1;"2019-05-14 00:00:00";"2019-05-14 00:00:00";16;574;20;10;0;<FLG>
V6155621;V615562101;HIXnJ;1;"2019-05-15 00:00:00";"2019-05-15 00:00:00";16;570;20;10;0;<FLG>
V6155621;V615562101;HIXnJ;1;"2019-05-16 00:00:00";"2019-05-16 00:00:00";16;566;20;10;0;<FLG>
V6155621;V615562101;HIXnJ;1;"2019-05-17 00:00:00";"2019-05-17 23:59:59";16;568;20;10;0;<FLG>
V6155621;V615562101;HIXnJ;1;"2019-05-18 00:00:00";"2019-05-18 23:59:59";16;573;20;10;0;<FLG>
V6155621;V615562101;HIXnJ;1;"2019-05-19 00:00:00";"2019-05-19 23:59:59";16;577;20;10;0;<FLG>
V6155621;V615562101;HIXnJ;1;"2019-05-20 00:00:00";"2019-05-20 04:15:00";16;578;20;10;0;<FLG>
V6155621;V615562101;HIXnJ;1;"2019-05-21 00:00:00";"2019-05-21 00:00:00";16;561;20;10;0;<FLG>
V6155621;V615562101;HIXnJ;1;"2019-05-22 00:00:00";"2019-05-22 00:00:00";16;560;20;10;0;<FLG>
V6155621;V615562101;HIXnJ;1;"2019-05-23 00:00:00";"2019-05-23 03:25:00";16;559;20;10;0;<FLG>
V6155621;V615562101;HIXnJ;1;"2019-05-24 00:00:00";"2019-05-24 00:00:00";16;548;20;10;0;<FLG>
V6155621;V615562101;HIXnJ;1;"2019-05-25 00:00:00";"2019-05-25 10:55:00";16;552;20;10;0;<FLG>
V6155621;V615562101;HIXnJ;1;"2019-05-26 00:00:00";"2019-05-26 06:55:00";16;552;20;10;0;<FLG>
V6155621;V615562101;HIXnJ;1;"2019-05-27 00:00:00";"2019-05-27 17:45:00";16;550;20;10;0;<FLG>
V6155621;V615562101;HIXnJ;1;"2019-05-28 00:00:00";"2019-05-28 23:59:59";16;551;20;10;0;<FLG>
V6155621;V615562101;HIXnJ;1;"2019-05-29 00:00:00";"2019-05-29 00:50:00";16;555;20;10;0;<FLG>
V6155621;V615562101;HIXnJ;1;"2019-05-30 00:00:00";"2019-05-30 00:00:00";16;551;20;10;0;<FLG>
V6155621;V615562101;HIXnJ;1;"2019-05-31 00:00:00";"2019-05-31 00:00:00";16;547;20;10;0;<FLG>
V6155621;V615562101;HIXnJ;1;"2019-06-01 00:00:00";"2019-06-01 00:00:00";16;543;20;10;0;<FLG>
V6155621;V615562101;HIXnJ;1;"2019-06-02 00:00:00";"2019-06-02 00:00:00";16;540;20;10;0;<FLG>
V6155621;V615562101;HIXnJ;1;"2019-06-03 00:00:00";"2019-06-03 00:00:00";16;536;20;10;0;<FLG>
V6155621;V615562101;HIXnJ;1;"2019-06-04 00:00:00";"2019-06-04 00:00:00";16;532;20;10;0;<FLG>
V6155621;V615562101;HIXnJ;1;"2019-06-05 00:00:00";"2019-06-05 00:00:00";16;528;20;10;0;<FLG>
V6155621;V615562101;HIXnJ;1;"2019-06-06 00:00:00";"2019-06-06 00:00:00";16;524;20;10;0;<FLG>
V6155621;V615562101;HIXnJ;1;"2019-06-07 00:00:00";"2019-06-07 00:00:00";16;520;20;10;0;<FLG>
V6155621;V615562101;HIXnJ;1;"2019-06-08 00:00:00";"2019-06-08 00:00:00";16;516;20;10;0;<FLG>
V6155621;V615562101;HIXnJ;1;"2019-06-09 00:00:00";"2019-06-09 23:59:59";16;520;20;10;0;<FLG>
V6155621;V615562101;HIXnJ;1;"2019-06-10 00:00:00";"2019-06-10 23:59:59";16;527;20;10;0;<FLG>
V6155621;V615562101;HIXnJ;1;"2019-06-11 00:00:00";"2019-06-11 23:59:59";16;550;20;10;0;<FLG>
V6155621;V615562101;HIXnJ;1;"2019-06-12 00:00:00";"2019-06-12 03:25:00";16;557;20;10;0;<FLG>
V6155621;V615562101;HIXnJ;1;"2019-06-13 00:00:00";"2019-06-13 00:00:00";16;529;20;10;0;<FLG>
V6155621;V615562101;HIXnJ;1;"2019-06-14 00:00:00";"2019-06-14 23:59:59";16;521;20;10;0;<FLG>
V6155621;V615562101;HIXnJ;1;"2019-06-15 00:00:00";"2019-06-15 23:59:59";16;521;20;10;0;<FLG>
V6155621;V615562101;HIXnJ;1;"2019-06-16 00:00:00";"2019-06-16 12:00:00";16;521;20;10;0;<FLG>
V6155621;V615562101;HIXnJ;1;"2019-06-17 00:00:00";"2019-06-17 00:00:00";16;518;20;10;0;<FLG>
V6155621;V615562101;HIXnJ;1;"2019-06-18 00:00:00";"2019-06-18 00:00:00";16;512;20;10;0;<FLG>
V6155621;V615562101;HIXnJ;1;"2019-06-19 00:00:00";"2019-06-19 00:00:00";16;507;20;10;0;<FLG>
V6155621;V615562101;HIXnJ;1;"2019-06-20 00:00:00";"2019-06-20 23:59:59";16;508;20;10;0;<FLG>
V6155621;V615562101;HIXnJ;1;"2019-06-21 00:00:00";"2019-06-21 23:59:59";16;514;20;10;0;<FLG>
V6155621;V615562101;HIXnJ;1;"2019-06-22 00:00:00";"2019-06-22 06:05:00";16;515;20;10;0;<FLG>
V6155621;V615562101;HIXnJ;1;"2019-06-23 00:00:00";"2019-06-23 00:00:00";16;499;20;10;0;<FLG>
V6155621;V615562101;HIXnJ;1;"2019-06-24 00:00:00";"2019-06-24 09:20:00";16;499;20;10;0;<FLG>
V6155621;V615562101;HIXnJ;1;"2019-06-25 00:00:00";"2019-06-25 00:00:00";16;485;20;10;0;<FLG>
V6155621;V615562101;HIXnJ;1;"2019-06-26 00:00:00";"2019-06-26 00:00:00";16;485;20;10;0;<FLG>
V6155621;V615562101;HIXnJ;1;"2019-06-27 00:00:00";"2019-06-27 00:00:00";16;485;20;10;0;<FLG>
V6155621;V615562101;HIXnJ;1;"2019-06-28 00:00:00";"2019-06-28 00:00:00";16;484;20;10;0;<FLG>
V6155621;V615562101;HIXnJ;1;"2019-06-29 00:00:00";"2019-06-29 00:00:00";16;484;20;10;0;<FLG>
V6155621;V615562101;HIXnJ;1;"2019-06-30 00:00:00";"2019-06-30 00:00:00";16;484;20;10;0;<FLG>
V6155621;V615562101;HIXnJ;1;"2019-07-01 00:00:00";"2019-07-01 00:00:00";16;484;20;10;0;<FLG>
V6155621;V615562101;HIXnJ;1;"2019-07-02 00:00:00";"2019-07-02 00:00:00";16;484;20;10;0;<FLG>
V6155621;V615562101;HIXnJ;1;"2019-07-03 00:00:00";"2019-07-03 00:00:00";16;484;20;10;0;<FLG>
V6155621;V615562101;HIXnJ;1;"2019-07-04 00:00:00";"2019-07-04 00:00:00";16;483;20;10;0;<FLG>
V6155621;V615562101;HIXnJ;1;"2019-07-05 00:00:00";"2019-07-05 00:00:00";16;483;20;10;0;<FLG>
V6155621;V615562101;HIXnJ;1;"2019-07-06 00:00:00";"2019-07-06 00:00:00";16;483;20;10;0;<FLG>
V6155621;V615562101;HIXnJ;1;"2019-07-07 00:00:00";"2019-07-07 00:00:00";16;483;20;10;0;<FLG>
V6155621;V615562101;HIXnJ;1;"2019-07-08 00:00:00";"2019-07-08 00:00:00";16;483;20;10;0;<FLG>
V6155621;V615562101;HIXnJ;1;"2019-07-09 00:00:00";"2019-07-09 00:00:00";16;482;20;10;0;<FLG>
V6155621;V615562101;HIXnJ;1;"2019-07-10 00:00:00";"2019-07-10 00:00:00";16;482;20;10;0;<FLG>
V6155621;V615562101;HIXnJ;1;"2019-07-11 00:00:00";"2019-07-11 00:00:00";16;482;20;10;0;<FLG>
V6155621;V615562101;HIXnJ;1;"2019-07-12 00:00:00";"2019-07-12 00:00:00";16;482;20;10;0;<FLG>
V6155621;V615562101;HIXnJ;1;"2019-07-13 00:00:00";"2019-07-13 00:00:00";16;482;20;10;0;<FLG>
V6155621;V615562101;HIXnJ;1;"2019-07-14 00:00:00";"2019-07-14 00:00:00";16;482;20;10;0;<FLG>
V6155621;V615562101;HIXnJ;1;"2019-07-15 00:00:00";"2019-07-15 00:00:00";16;481;20;10;0;<FLG>
V6155621;V615562101;HIXnJ;1;"2019-07-16 00:00:00";"2019-07-16 00:00:00";16;481;20;10;0;<FLG>
V6155621;V615562101;HIXnJ;1;"2019-07-17 00:00:00";"2019-07-17 00:00:00";16;481;20;10;0;<FLG>
V6155621;V615562101;HIXnJ;1;"2019-07-18 00:00:00";"2019-07-18 00:00:00";16;478;20;10;0;<FLG>
V6155621;V615562101;HIXnJ;1;"2019-07-19 00:00:00";"2019-07-19 00:00:00";16;474;20;10;0;<FLG>
V6155621;V615562101;HIXnJ;1;"2019-07-20 00:00:00";"2019-07-20 22:25:00";16;488;20;10;0;<FLG>
V6155621;V615562101;HIXnJ;1;"2019-07-21 00:00:00";"2019-07-21 23:59:59";16;490;20;10;0;<FLG>
V6155621;V615562101;HIXnJ;1;"2019-07-22 00:00:00";"2019-07-22 21:45:00";16;494;20;10;0;<FLG>
V6155621;V615562101;HIXnJ;1;"2019-07-23 00:00:00";"2019-07-23 00:00:00";16;484;20;10;0;<FLG>
V6155621;V615562101;HIXnJ;1;"2019-07-24 00:00:00";"2019-07-24 00:00:00";16;475;20;10;0;<FLG>
V6155621;V615562101;HIXnJ;1;"2019-07-25 00:00:00";"2019-07-25 23:59:59";16;477;20;10;0;<FLG>
V6155621;V615562101;HIXnJ;1;"2019-07-26 00:00:00";"2019-07-26 23:59:59";16;482;20;10;0;<FLG>
V6155621;V615562101;HIXnJ;1;"2019-07-27 00:00:00";"2019-07-27 23:59:59";16;510;20;10;0;<FLG>
V6155621;V615562101;HIXnJ;1;"2019-07-28 00:00:00";"2019-07-28 02:15:00";16;511;20;10;0;<FLG>
V6155621;V615562101;HIXnJ;1;"2019-07-29 00:00:00";"2019-07-29 11:25:00";16;490;20;10;0;<FLG>
V6155621;V615562101;HIXnJ;1;"2019-07-30 00:00:00";"2019-07-30 13:25:00";16;485;20;10;0;<FLG>
V6155621;V615562101;HIXnJ;1;"2019-07-31 00:00:00";"2019-07-31 00:00:00";16;473;20;10;0;<FLG>
V6155621;V615562101;HIXnJ;1;"2019-08-01 00:00:00";"2019-08-01 00:00:00";16;472;20;10;0;<FLG>
V6155621;V615562101;HIXnJ;1;"2019-08-02 00:00:00";"2019-08-02 00:00:00";16;472;20;10;0;<FLG>
V6155621;V615562101;HIXnJ;1;"2019-08-03 00:00:00";"2019-08-03 00:00:00";16;472;20;10;0;<FLG>
V6155621;V615562101;HIXnJ;1;"2019-08-04 00:00:00";"2019-08-04 00:00:00";16;471;20;10;0;<FLG>
V6155621;V615562101;HIXnJ;1;"2019-08-05 00:00:00";"2019-08-05 00:00:00";16;471;20;10;0;<FLG>
V6155621;V615562101;HIXnJ;1;"2019-08-06 00:00:00";"2019-08-06 00:00:00";16;470;20;10;0;<FLG>
V6155621;V615562101;HIXnJ;1;"2019-08-07 00:00:00";"2019-08-07 00:00:00";16;470;20;10;0;<FLG>
V6155621;V615562101;HIXnJ;1;"2019-08-08 00:00:00";"2019-08-08 00:00:00";16;470;20;10;0;<FLG>
V6155621;V615562101;HIXnJ;1;"2019-08-09 00:00:00";"2019-08-09 00:00:00";16;469;20;10;0;<FLG>
V6155621;V615562101;HIXnJ;1;"2019-08-10 00:00:00";"2019-08-10 00:00:00";16;469;20;10;0;<FLG>
V6155621;V615562101;HIXnJ;1;"2019-08-11 00:00:00";"2019-08-11 23:59:59";16;485;20;10;0;<FLG>
V6155621;V615562101;HIXnJ;1;"2019-08-12 00:00:00";"2019-08-12 00:05:00";16;486;20;10;0;<FLG>
V6155621;V615562101;HIXnJ;1;"2019-08-13 00:00:00";"2019-08-13 00:00:00";16;476;20;10;0;<FLG>
V6155621;V615562101;HIXnJ;1;"2019-08-14 00:00:00";"2019-08-14 23:59:59";16;463;20;10;0;<FLG>
V6155621;V615562101;HIXnJ;1;"2019-08-15 00:00:00";"2019-08-15 23:59:59";16;465;20;10;0;<FLG>
V6155621;V615562101;HIXnJ;1;"2019-08-16 00:00:00";"2019-08-16 10:10:00";16;468;20;10;0;<FLG>
V6155621;V615562101;HIXnJ;1;"2019-08-17 00:00:00";"2019-08-17 23:59:59";16;466;20;10;0;<FLG>
V6155621;V615562101;HIXnJ;1;"2019-08-18 00:00:00";"2019-08-18 23:59:59";16;469;20;10;0;<FLG>
V6155621;V615562101;HIXnJ;1;"2019-08-19 00:00:00";"2019-08-19 23:59:59";16;472;20;10;0;<FLG>
V6155621;V615562101;HIXnJ;1;"2019-08-20 00:00:00";"2019-08-20 22:20:00";16;474;20;10;0;<FLG>
V6155621;V615562101;HIXnJ;1;"2019-08-21 00:00:00";"2019-08-21 00:00:00";16;474;20;10;0;<FLG>
V6155621;V615562101;HIXnJ;1;"2019-08-22 00:00:00";"2019-08-22 00:00:00";16;467;20;10;0;<FLG>
V6155621;V615562101;HIXnJ;1;"2019-08-23 00:00:00";"2019-08-23 00:00:00";16;460;20;10;0;<FLG>
V6155621;V615562101;HIXnJ;1;"2019-08-24 00:00:00";"2019-08-24 23:59:59";16;458;20;10;0;<FLG>
V6155621;V615562101;HIXnJ;1;"2019-08-25 00:00:00";"2019-08-25 23:59:59";16;462;20;10;0;<FLG>
V6155621;V615562101;HIXnJ;1;"2019-08-26 00:00:00";"2019-08-26 23:59:59";16;465;20;10;0;<FLG>
V6155621;V615562101;HIXnJ;1;"2019-08-27 00:00:00";"2019-08-27 23:59:59";16;469;20;10;0;<FLG>
V6155621;V615562101;HIXnJ;1;"2019-08-28 00:00:00";"2019-08-28 23:59:59";16;473;20;10;0;<FLG>
V6155621;V615562101;HIXnJ;1;"2019-08-29 00:00:00";"2019-08-29 01:45:00";16;473;20;10;0;<FLG>
V6155621;V615562101;HIXnJ;1;"2019-08-30 00:00:00";"2019-08-30 00:00:00";16;464;20;10;0;<FLG>
V6155621;V615562101;HIXnJ;1;"2019-08-31 00:00:00";"2019-08-31 22:45:00";16;481;20;10;0;<FLG>
V6155621;V615562101;HIXnJ;1;"2019-09-01 00:00:00";"2019-09-01 00:00:00";16;476;20;10;0;<FLG>
V6155621;V615562101;HIXnJ;1;"2019-09-02 00:00:00";"2019-09-02 07:20:00";16;477;20;10;0;<FLG>
V6155621;V615562101;HIXnJ;1;"2019-09-03 00:00:00";"2019-09-03 00:00:00";16;464;20;10;0;<FLG>
V6155621;V615562101;HIXnJ;1;"2019-09-04 00:00:00";"2019-09-04 00:00:00";16;461;20;10;0;<FLG>
V6155621;V615562101;HIXnJ;1;"2019-09-05 00:00:00";"2019-09-05 00:00:00";16;459;20;10;0;<FLG>
V6155621;V615562101;HIXnJ;1;"2019-09-06 00:00:00";"2019-09-06 00:00:00";16;456;20;10;0;<FLG>
V6155621;V615562101;HIXnJ;1;"2019-09-07 00:00:00";"2019-09-07 23:59:59";16;456;20;10;0;<FLG>
V6155621;V615562101;HIXnJ;1;"2019-09-08 00:00:00";"2019-09-08 23:59:59";16;461;20;10;0;<FLG>
V6155621;V615562101;HIXnJ;1;"2019-09-09 00:00:00";"2019-09-09 23:59:59";16;472;20;10;0;<FLG>
V6155621;V615562101;HIXnJ;1;"2019-09-10 00:00:00";"2019-09-10 21:05:00";16;483;20;10;0;<FLG>
V6155621;V615562101;HIXnJ;1;"2019-09-11 00:00:00";"2019-09-11 00:00:00";16;481;20;10;0;<FLG>
V6155621;V615562101;HIXnJ;1;"2019-09-12 00:00:00";"2019-09-12 00:00:00";16;469;20;10;0;<FLG>
V6155621;V615562101;HIXnJ;1;"2019-09-13 00:00:00";"2019-09-13 00:00:00";16;456;20;10;0;<FLG>
V6155621;V615562101;HIXnJ;1;"2019-09-14 00:00:00";"2019-09-14 23:59:59";16;454;20;10;0;<FLG>
V6155621;V615562101;HIXnJ;1;"2019-09-15 00:00:00";"2019-09-15 23:59:59";16;459;20;10;0;<FLG>
V6155621;V615562101;HIXnJ;1;"2019-09-16 00:00:00";"2019-09-16 15:05:00";16;462;20;10;0;<FLG>
V6155621;V615562101;HIXnJ;1;"2019-09-17 00:00:00";"2019-09-17 00:00:00";16;461;20;10;0;<FLG>
V6155621;V615562101;HIXnJ;1;"2019-09-18 00:00:00";"2019-09-18 00:00:00";16;457;20;10;0;<FLG>
V6155621;V615562101;HIXnJ;1;"2019-09-19 00:00:00";"2019-09-19 22:35:00";16;466;20;10;0;<FLG>
V6155621;V615562101;HIXnJ;1;"2019-09-20 00:00:00";"2019-09-20 23:59:59";16;471;20;10;0;<FLG>
V6155621;V615562101;HIXnJ;1;"2019-09-21 00:00:00";"2019-09-21 00:55:00";16;486;20;10;0;<FLG>
V6155621;V615562101;HIXnJ;1;"2019-09-22 00:00:00";"2019-09-22 23:00:00";16;508;20;10;0;<FLG>
V6155621;V615562101;HIXnJ;1;"2019-09-23 00:00:00";"2019-09-23 00:00:00";16;507;20;10;0;<FLG>
V6155621;V615562101;HIXnJ;1;"2019-09-24 00:00:00";"2019-09-24 23:59:59";16;484;20;10;0;<FLG>
V6155621;V615562101;HIXnJ;1;"2019-09-25 00:00:00";"2019-09-25 23:59:59";16;485;20;10;0;<FLG>
V6155621;V615562101;HIXnJ;1;"2019-09-26 00:00:00";"2019-09-26 23:59:59";16;485;20;10;0;<FLG>
V6155621;V615562101;HIXnJ;1;"2019-09-27 00:00:00";"2019-09-27 05:00:00";16;485;20;10;0;<FLG>
V6155621;V615562101;HIXnJ;1;"2019-09-28 00:00:00";"2019-09-28 20:35:00";16;477;20;10;0;<FLG>
V6155621;V615562101;HIXnJ;1;"2019-09-29 00:00:00";"2019-09-29 00:00:00";16;477;20;10;0;<FLG>
V6155621;V615562101;HIXnJ;1;"2019-09-30 00:00:00";"2019-09-30 00:00:00";16;474;20;10;0;<FLG>
V6155621;V615562101;HIXnJ;1;"2019-10-01 00:00:00";"2019-10-01 23:59:59";16;476;20;10;0;<FLG>
V6155621;V615562101;HIXnJ;1;"2019-10-02 00:00:00";"2019-10-02 09:50:00";16;483;20;10;0;<FLG>
V6155621;V615562101;HIXnJ;1;"2019-10-03 00:00:00";"2019-10-03 00:00:00";16;469;20;10;0;<FLG>
V6155621;V615562101;HIXnJ;1;"2019-10-04 00:00:00";"2019-10-04 00:00:00";16;469;20;10;0;<FLG>
V6155621;V615562101;HIXnJ;1;"2019-10-05 00:00:00";"2019-10-05 00:00:00";16;469;20;10;0;<FLG>
V6155621;V615562101;HIXnJ;1;"2019-10-06 00:00:00";"2019-10-06 00:00:00";16;468;20;10;0;<FLG>
V6155621;V615562101;HIXnJ;1;"2019-10-07 00:00:00";"2019-10-07 00:00:00";16;468;20;10;0;<FLG>
V6155621;V615562101;HIXnJ;1;"2020-03-14 00:00:00";"2020-03-14 00:00:00";16;702;20;10;1;<FLG>
V6155621;V615562101;HIXnJ;1;"2020-03-15 00:00:00";"2020-03-15 00:00:00";16;693;20;10;0;<FLG>
V6155621;V615562101;HIXnJ;1;"2020-03-16 00:00:00";"2020-03-16 00:00:00";16;683;20;10;0;<FLG>
V6155621;V615562101;HIXnJ;1;"2020-03-17 00:00:00";"2020-03-17 00:00:00";16;673;20;10;0;<FLG>
V6155621;V615562101;HIXnJ;1;"2020-03-18 00:00:00";"2020-03-18 00:00:00";16;664;20;10;0;<FLG>
V6155621;V615562101;HIXnJ;1;"2020-03-19 00:00:00";"2020-03-19 00:00:00";16;654;20;10;0;<FLG>
V6155621;V615562101;HIXnJ;1;"2020-03-20 00:00:00";"2020-03-20 00:00:00";16;647;20;10;0;<FLG>
V6155621;V615562101;HIXnJ;1;"2020-03-21 00:00:00";"2020-03-21 00:00:00";16;643;20;10;0;<FLG>
V6155621;V615562101;HIXnJ;1;"2020-03-22 00:00:00";"2020-03-22 00:00:00";16;640;20;10;0;<FLG>
V6155621;V615562101;HIXnJ;1;"2020-03-23 00:00:00";"2020-03-23 00:00:00";16;636;20;10;0;<FLG>
V6155621;V615562101;HIXnJ;1;"2020-03-24 00:00:00";"2020-03-24 00:00:00";16;633;20;10;0;<FLG>
V6155621;V615562101;HIXnJ;1;"2020-03-25 00:00:00";"2020-03-25 23:59:59";16;641;20;10;0;<FLG>
V6155621;V615562101;HIXnJ;1;"2020-03-26 00:00:00";"2020-03-26 01:15:00";16;642;20;10;0;<FLG>
V6155621;V615562101;HIXnJ;1;"2020-03-27 00:00:00";"2020-03-27 00:00:00";16;632;20;10;0;<FLG>
V6155621;V615562101;HIXnJ;1;"2020-03-28 00:00:00";"2020-03-28 00:00:00";16;622;20;10;0;<FLG>
V6155621;V615562101;HIXnJ;1;"2020-03-29 00:00:00";"2020-03-29 00:00:00";16;620;20;10;0;<FLG>
V6155621;V615562101;HIXnJ;1;"2020-03-30 00:00:00";"2020-03-30 00:00:00";16;617;20;10;0;<FLG>
V6155621;V615562101;HIXnJ;1;"2020-03-31 00:00:00";"2020-03-31 00:00:00";16;614;20;10;0;<FLG>
V6155621;V615562101;HIXnJ;1;"2020-04-01 00:00:00";"2020-04-01 00:00:00";16;612;20;10;0;<FLG>
V6155621;V615562101;HIXnJ;1;"2020-04-02 00:00:00";"2020-04-02 00:00:00";16;609;20;10;0;<FLG>
V6155621;V615562101;HIXnJ;1;"2020-04-03 00:00:00";"2020-04-03 00:00:00";16;606;20;10;0;<FLG>
V6155621;V615562101;HIXnJ;1;"2020-04-04 00:00:00";"2020-04-04 00:00:00";16;604;20;10;0;<FLG>
V6155621;V615562101;HIXnJ;1;"2020-04-05 00:00:00";"2020-04-05 00:00:00";16;601;20;10;0;<FLG>
V6155621;V615562101;HIXnJ;1;"2020-04-06 00:00:00";"2020-04-06 20:25:00";16;599;20;10;0;<FLG>
V6155621;V615562101;HIXnJ;1;"2020-04-07 00:00:00";"2020-04-07 00:00:00";16;597;20;10;0;<FLG>
V6155621;V615562101;HIXnJ;1;"2020-04-08 00:00:00";"2020-04-08 13:35:00";16;597;20;10;0;<FLG>
V6155621;V615562101;HIXnJ;1;"2020-04-09 00:00:00";"2020-04-09 00:00:00";16;596;20;10;0;<FLG>
V6155621;V615562101;HIXnJ;1;"2020-04-10 00:00:00";"2020-04-10 00:00:00";16;595;20;10;0;<FLG>
V6155621;V615562101;HIXnJ;1;"2020-04-11 00:00:00";"2020-04-11 00:00:00";16;592;20;10;0;<FLG>
V6155621;V615562101;HIXnJ;1;"2020-04-12 00:00:00";"2020-04-12 00:00:00";16;591;20;10;0;<FLG>
V6155621;V615562101;HIXnJ;1;"2020-04-13 00:00:00";"2020-04-13 00:00:00";16;590;20;10;0;<FLG>
V6155621;V615562101;HIXnJ;1;"2020-04-14 00:00:00";"2020-04-14 00:00:00";16;589;20;10;0;<FLG>
V6155621;V615562101;HIXnJ;1;"2020-04-15 00:00:00";"2020-04-15 00:00:00";16;586;20;10;0;<FLG>
V6155621;V615562101;HIXnJ;1;"2020-04-16 00:00:00";"2020-04-16 00:00:00";16;582;20;10;0;<FLG>
V6155621;V615562101;HIXnJ;1;"2020-04-17 00:00:00";"2020-04-17 00:00:00";16;577;20;10;0;<FLG>
V6155621;V615562101;HIXnJ;1;"2020-04-18 00:00:00";"2020-04-18 00:00:00";16;573;20;10;0;<FLG>
V6155621;V615562101;HIXnJ;1;"2020-04-19 00:00:00";"2020-04-19 23:59:59";16;579;20;10;0;<FLG>
V6155621;V615562101;HIXnJ;1;"2020-04-20 00:00:00";"2020-04-20 23:35:00";16;591;20;10;0;<FLG>
V6155621;V615562101;HIXnJ;1;"2020-04-21 00:00:00";"2020-04-21 00:00:00";16;591;20;10;0;<FLG>
V6155621;V615562101;HIXnJ;1;"2020-04-22 00:00:00";"2020-04-22 01:55:00";16;596;20;10;0;<FLG>
V6155621;V615562101;HIXnJ;1;"2020-04-23 00:00:00";"2020-04-23 12:40:00";16;590;20;10;0;<FLG>
V6155621;V615562101;HIXnJ;1;"2020-04-24 00:00:00";"2020-04-24 00:00:00";16;573;20;10;0;<FLG>
V6155621;V615562101;HIXnJ;1;"2020-04-25 00:00:00";"2020-04-25 23:59:59";16;572;20;10;0;<FLG>
V6155621;V615562101;HIXnJ;1;"2020-04-26 00:00:00";"2020-04-26 23:59:59";16;575;20;10;0;<FLG>
V6155621;V615562101;HIXnJ;1;"2020-04-27 00:00:00";"2020-04-27 23:59:59";16;579;20;10;0;<FLG>
V6155621;V615562101;HIXnJ;1;"2020-04-28 00:00:00";"2020-04-28 10:35:00";16;701;20;10;0;<FLG>
V6155621;V615562101;HIXnJ;1;"2020-04-29 00:00:00";"2020-04-29 00:00:00";16;616;20;10;0;<FLG>
V6155621;V615562101;HIXnJ;1;"2020-04-30 00:00:00";"2020-04-30 00:00:00";16;607;20;10;0;<FLG>
V6155621;V615562101;HIXnJ;1;"2020-05-01 00:00:00";"2020-05-01 00:00:00";16;603;20;10;0;<FLG>
V6155621;V615562101;HIXnJ;1;"2020-05-02 00:00:00";"2020-05-02 00:00:00";16;599;20;10;0;<FLG>
V6155621;V615562101;HIXnJ;1;"2020-05-03 00:00:00";"2020-05-03 00:00:00";16;595;20;10;0;<FLG>
V6155621;V615562101;HIXnJ;1;"2020-05-04 00:00:00";"2020-05-04 00:00:00";16;591;20;10;0;<FLG>
V6155621;V615562101;HIXnJ;1;"2020-05-05 00:00:00";"2020-05-05 00:00:00";16;588;20;10;0;<FLG>
V6155621;V615562101;HIXnJ;1;"2020-05-06 00:00:00";"2020-05-06 00:00:00";16;584;20;10;0;<FLG>
V6155621;V615562101;HIXnJ;1;"2020-05-07 00:00:00";"2020-05-07 00:00:00";16;581;20;10;0;<FLG>
V6155621;V615562101;HIXnJ;1;"2020-05-08 00:00:00";"2020-05-08 00:00:00";16;578;20;10;0;<FLG>
V6155621;V615562101;HIXnJ;1;"2020-05-09 00:00:00";"2020-05-09 23:59:59";16;580;20;10;0;<FLG>
V6155621;V615562101;HIXnJ;1;"2020-05-10 00:00:00";"2020-05-10 23:59:59";16;617;20;10;0;<FLG>
V6155621;V615562101;HIXnJ;1;"2020-05-11 00:00:00";"2020-05-11 01:05:00";16;619;20;10;0;<FLG>
V6155621;V615562101;HIXnJ;1;"2020-05-12 00:00:00";"2020-05-12 23:59:59";16;667;20;10;0;<FLG>
V6155621;V615562101;HIXnJ;1;"2020-05-13 00:00:00";"2020-05-13 23:59:59";16;708;20;10;0;<FLG>
V6155621;V615562101;HIXnJ;1;"2020-05-14 00:00:00";"2020-05-14 23:59:59";16;714;20;10;0;<FLG>
V6155621;V615562101;HIXnJ;1;"2020-05-15 00:00:00";"2020-05-15 03:25:00";16;715;20;10;0;<FLG>
V6155621;V615562101;HIXnJ;1;"2020-05-16 00:00:00";"2020-05-16 23:59:59";16;694;20;10;0;<FLG>
V6155621;V615562101;HIXnJ;1;"2020-05-17 00:00:00";"2020-05-17 00:45:00";16;697;20;10;0;<FLG>
V6155621;V615562101;HIXnJ;1;"2020-05-18 00:00:00";"2020-05-18 23:59:59";16;720;20;10;0;<FLG>
V6155621;V615562101;HIXnJ;1;"2020-05-19 00:00:00";"2020-05-19 23:59:59";16;730;20;10;0;<FLG>
V6155621;V615562101;HIXnJ;1;"2020-05-20 00:00:00";"2020-05-20 04:30:00";16;732;20;10;0;<FLG>
V6155621;V615562101;HIXnJ;1;"2020-05-21 00:00:00";"2020-05-21 00:00:00";16;720;20;10;0;<FLG>
V6155621;V615562101;HIXnJ;1;"2020-05-22 00:00:00";"2020-05-22 00:00:00";16;706;20;10;0;<FLG>
V6155621;V615562101;HIXnJ;1;"2020-05-23 00:00:00";"2020-05-23 00:00:00";16;692;20;10;0;<FLG>
V6155621;V615562101;HIXnJ;1;"2020-05-24 00:00:00";"2020-05-24 00:00:00";16;678;20;10;0;<FLG>
V6155621;V615562101;HIXnJ;1;"2020-05-25 00:00:00";"2020-05-25 00:00:00";16;664;20;10;0;<FLG>
V6155621;V615562101;HIXnJ;1;"2020-05-26 00:00:00";"2020-05-26 00:00:00";16;650;20;10;0;<FLG>
V6155621;V615562101;HIXnJ;1;"2020-05-27 00:00:00";"2020-05-27 00:00:00";16;635;20;10;0;<FLG>
V6155621;V615562101;HIXnJ;1;"2020-05-28 00:00:00";"2020-05-28 00:00:00";16;613;20;10;0;<FLG>
V6155621;V615562101;HIXnJ;1;"2020-05-29 00:00:00";"2020-05-29 23:59:59";16;617;20;10;0;<FLG>
V6155621;V615562101;HIXnJ;1;"2020-05-30 00:00:00";"2020-05-30 01:15:00";16;619;20;10;0;<FLG>
V6155621;V615562101;HIXnJ;1;"2020-05-31 00:00:00";"2020-05-31 00:00:00";16;612;20;10;0;<FLG>
V6155621;V615562101;HIXnJ;1;"2020-06-01 00:00:00";"2020-06-01 00:00:00";16;605;20;10;0;<FLG>
V6155621;V615562101;HIXnJ;1;"2020-06-02 00:00:00";"2020-06-02 00:00:00";16;597;20;10;0;<FLG>
V6155621;V615562101;HIXnJ;1;"2020-06-03 00:00:00";"2020-06-03 23:59:59";16;611;20;10;0;<FLG>
V6155621;V615562101;HIXnJ;1;"2020-06-04 00:00:00";"2020-06-04 07:20:00";16;648;20;10;0;<FLG>
V6155621;V615562101;HIXnJ;1;"2020-06-05 00:00:00";"2020-06-05 00:10:00";16;632;20;10;0;<FLG>
V6155621;V615562101;HIXnJ;1;"2020-06-06 00:00:00";"2020-06-06 23:59:59";16;614;20;10;0;<FLG>
V6155621;V615562101;HIXnJ;1;"2020-06-07 00:00:00";"2020-06-07 09:20:00";16;624;20;10;0;<FLG>
V6155621;V615562101;HIXnJ;1;"2020-06-08 00:00:00";"2020-06-08 00:00:00";16;589;20;10;0;<FLG>
V6155621;V615562101;HIXnJ;1;"2020-06-09 00:00:00";"2020-06-09 00:00:00";16;586;20;10;0;<FLG>
V6155621;V615562101;HIXnJ;1;"2020-06-10 00:00:00";"2020-06-10 00:00:00";16;585;20;10;0;<FLG>
V6155621;V615562101;HIXnJ;1;"2020-06-11 00:00:00";"2020-06-11 12:15:00";16;590;20;10;0;<FLG>
V6155621;V615562101;HIXnJ;1;"2020-06-12 00:00:00";"2020-06-12 23:59:59";16;575;20;10;0;<FLG>
V6155621;V615562101;HIXnJ;1;"2020-06-13 00:00:00";"2020-06-13 18:30:00";16;681;20;10;0;<FLG>
V6155621;V615562101;HIXnJ;1;"2020-06-14 00:00:00";"2020-06-14 00:00:00";16;615;20;10;0;<FLG>
V6155621;V615562101;HIXnJ;1;"2020-06-15 00:00:00";"2020-06-15 07:40:00";16;585;20;10;0;<FLG>
V6155621;V615562101;HIXnJ;1;"2020-06-16 00:00:00";"2020-06-16 00:00:00";16;582;20;10;0;<FLG>
V6155621;V615562101;HIXnJ;1;"2020-06-17 00:00:00";"2020-06-17 00:00:00";16;576;20;10;0;<FLG>
V6155621;V615562101;HIXnJ;1;"2020-06-18 00:00:00";"2020-06-18 00:00:00";16;571;20;10;0;<FLG>
V6155621;V615562101;HIXnJ;1;"2020-06-19 00:00:00";"2020-06-19 00:00:00";16;566;20;10;0;<FLG>
V6155621;V615562101;HIXnJ;1;"2020-06-20 00:00:00";"2020-06-20 00:00:00";16;561;20;10;0;<FLG>
V6155621;V615562101;HIXnJ;1;"2020-06-21 00:00:00";"2020-06-21 00:00:00";16;556;20;10;0;<FLG>
V6155621;V615562101;HIXnJ;1;"2020-06-22 00:00:00";"2020-06-22 00:00:00";16;551;20;10;0;<FLG>
V6155621;V615562101;HIXnJ;1;"2020-06-23 00:00:00";"2020-06-23 00:00:00";16;546;20;10;0;<FLG>
V6155621;V615562101;HIXnJ;1;"2020-06-24 00:00:00";"2020-06-24 00:00:00";16;541;20;10;0;<FLG>
V6155621;V615562101;HIXnJ;1;"2020-06-25 00:00:00";"2020-06-25 00:00:00";16;536;20;10;0;<FLG>
V6155621;V615562101;HIXnJ;1;"2020-06-26 00:00:00";"2020-06-26 00:00:00";16;531;20;10;0;<FLG>
V6155621;V615562101;HIXnJ;1;"2020-06-27 00:00:00";"2020-06-27 00:00:00";16;528;20;10;0;<FLG>
V6155621;V615562101;HIXnJ;1;"2020-06-28 00:00:00";"2020-06-28 00:00:00";16;527;20;10;0;<FLG>
V6155621;V615562101;HIXnJ;1;"2020-06-29 00:00:00";"2020-06-29 00:00:00";16;526;20;10;0;<FLG>
V6155621;V615562101;HIXnJ;1;"2020-06-30 00:00:00";"2020-06-30 00:00:00";16;525;20;10;0;<FLG>
V6155621;V615562101;HIXnJ;1;"2020-07-01 00:00:00";"2020-07-01 00:00:00";16;520;20;10;0;<FLG>
V6155621;V615562101;HIXnJ;1;"2020-07-02 00:00:00";"2020-07-02 00:00:00";16;519;20;10;0;<FLG>
V6155621;V615562101;HIXnJ;1;"2020-07-03 00:00:00";"2020-07-03 13:40:00";16;579;20;10;0;<FLG>
V6155621;V615562101;HIXnJ;1;"2020-07-04 00:00:00";"2020-07-04 00:00:00";16;578;20;10;0;<FLG>
V6155621;V615562101;HIXnJ;1;"2020-07-05 00:00:00";"2020-07-05 00:00:00";16;576;20;10;0;<FLG>
V6155621;V615562101;HIXnJ;1;"2020-07-06 00:00:00";"2020-07-06 00:00:00";16;574;20;10;0;<FLG>
V6155621;V615562101;HIXnJ;1;"2020-07-07 00:00:00";"2020-07-07 00:00:00";16;572;20;10;0;<FLG>
V6155621;V615562101;HIXnJ;1;"2020-07-08 00:00:00";"2020-07-08 00:00:00";16;569;20;10;0;<FLG>
V6155621;V615562101;HIXnJ;1;"2020-07-09 00:00:00";"2020-07-09 00:00:00";16;564;20;10;0;<FLG>
V6155621;V615562101;HIXnJ;1;"2020-07-10 00:00:00";"2020-07-10 00:00:00";16;559;20;10;0;<FLG>
V6155621;V615562101;HIXnJ;1;"2020-07-11 00:00:00";"2020-07-11 23:59:59";16;561;20;10;0;<FLG>
V6155621;V615562101;HIXnJ;1;"2020-07-12 00:00:00";"2020-07-12 23:59:59";16;565;20;10;0;<FLG>
V6155621;V615562101;HIXnJ;1;"2020-07-13 00:00:00";"2020-07-13 09:35:00";16;566;20;10;0;<FLG>
V6155621;V615562101;HIXnJ;1;"2020-07-14 00:00:00";"2020-07-14 23:59:59";16;564;20;10;0;<FLG>
V6155621;V615562101;HIXnJ;1;"2020-07-15 00:00:00";"2020-07-15 11:10:00";16;564;20;10;0;<FLG>
V6155621;V615562101;HIXnJ;1;"2020-07-16 00:00:00";"2020-07-16 00:00:00";16;562;20;10;0;<FLG>
V6155621;V615562101;HIXnJ;1;"2020-07-17 00:00:00";"2020-07-17 00:00:00";16;560;20;10;0;<FLG>
V6155621;V615562101;HIXnJ;1;"2020-07-18 00:00:00";"2020-07-18 05:30:00";16;552;20;10;0;<FLG>
V6155621;V615562101;HIXnJ;1;"2020-07-19 00:00:00";"2020-07-19 00:00:00";16;549;20;10;0;<FLG>
V6155621;V615562101;HIXnJ;1;"2020-07-20 00:00:00";"2020-07-20 00:00:00";16;545;20;10;0;<FLG>
V6155621;V615562101;HIXnJ;1;"2020-07-21 00:00:00";"2020-07-21 00:00:00";16;541;20;10;0;<FLG>
V6155621;V615562101;HIXnJ;1;"2020-07-22 00:00:00";"2020-07-22 06:50:00";16;547;20;10;0;<FLG>
V6155621;V615562101;HIXnJ;1;"2020-07-23 00:00:00";"2020-07-23 23:59:59";16;506;20;10;0;<FLG>
V6155621;V615562101;HIXnJ;1;"2020-07-24 00:00:00";"2020-07-24 23:59:59";16;507;20;10;0;<FLG>
V6155621;V615562101;HIXnJ;1;"2020-07-25 00:00:00";"2020-07-25 23:59:59";16;508;20;10;0;<FLG>
V6155621;V615562101;HIXnJ;1;"2020-07-26 00:00:00";"2020-07-26 23:59:59";16;510;20;10;0;<FLG>
V6155621;V615562101;HIXnJ;1;"2020-07-27 00:00:00";"2020-07-27 23:59:59";16;511;20;10;0;<FLG>
V6155621;V615562101;HIXnJ;1;"2020-07-28 00:00:00";"2020-07-28 23:59:59";16;513;20;10;0;<FLG>
V6155621;V615562101;HIXnJ;1;"2020-07-29 00:00:00";"2020-07-29 08:10:00";16;513;20;10;0;<FLG>
V6155621;V615562101;HIXnJ;1;"2020-07-30 00:00:00";"2020-07-30 16:55:00";16;504;20;10;0;<FLG>
V6155621;V615562101;HIXnJ;1;"2020-07-31 00:00:00";"2020-07-31 00:00:00";16;502;20;10;0;<FLG>
V6155621;V615562101;HIXnJ;1;"2020-08-01 00:00:00";"2020-08-01 21:00:00";16;549;20;10;0;<FLG>
V6155621;V615562101;HIXnJ;1;"2020-08-02 00:00:00";"2020-08-02 00:00:00";16;530;20;10;0;<FLG>
V6155621;V615562101;HIXnJ;1;"2020-08-03 00:00:00";"2020-08-03 00:00:00";16;501;20;10;0;<FLG>
V6155621;V615562101;HIXnJ;1;"2020-08-04 00:00:00";"2020-08-04 00:00:00";16;499;20;10;0;<FLG>
V6155621;V615562101;HIXnJ;1;"2020-08-05 00:00:00";"2020-08-05 11:25:00";16;499;20;10;0;<FLG>
V6155621;V615562101;HIXnJ;1;"2020-08-06 00:00:00";"2020-08-06 00:00:00";16;497;20;10;0;<FLG>
V6155621;V615562101;HIXnJ;1;"2020-08-07 00:00:00";"2020-08-07 00:00:00";16;495;20;10;0;<FLG>
V6155621;V615562101;HIXnJ;1;"2020-08-08 00:00:00";"2020-08-08 00:00:00";16;492;20;10;0;<FLG>
V6155621;V615562101;HIXnJ;1;"2020-08-09 00:00:00";"2020-08-09 00:00:00";16;489;20;10;0;<FLG>
V6155621;V615562101;HIXnJ;1;"2020-08-10 00:00:00";"2020-08-10 01:15:00";16;498;20;10;0;<FLG>
V6155621;V615562101;HIXnJ;1;"2020-08-11 00:00:00";"2020-08-11 00:00:00";16;494;20;10;0;<FLG>
V6155621;V615562101;HIXnJ;1;"2020-08-12 00:00:00";"2020-08-12 23:59:59";16;492;20;10;0;<FLG>
V6155621;V615562101;HIXnJ;1;"2020-08-13 00:00:00";"2020-08-13 23:59:59";16;497;20;10;0;<FLG>
V6155621;V615562101;HIXnJ;1;"2020-08-14 00:00:00";"2020-08-14 17:25:00";16;500;20;10;0;<FLG>
V6155621;V615562101;HIXnJ;1;"2020-08-15 00:00:00";"2020-08-15 00:00:00";16;497;20;10;0;<FLG>
V6155621;V615562101;HIXnJ;1;"2020-08-16 00:00:00";"2020-08-16 23:59:59";16;506;20;10;0;<FLG>
V6155621;V615562101;HIXnJ;1;"2020-08-17 00:00:00";"2020-08-17 03:25:00";16;520;20;10;0;<FLG>
V6155621;V615562101;HIXnJ;1;"2020-08-18 00:00:00";"2020-08-18 00:00:00";16;505;20;10;0;<FLG>
V6155621;V615562101;HIXnJ;1;"2020-08-19 00:00:00";"2020-08-19 00:00:00";16;502;20;10;0;<FLG>
V6155621;V615562101;HIXnJ;1;"2020-08-20 00:00:00";"2020-08-20 00:00:00";16;495;20;10;0;<FLG>
V6155621;V615562101;HIXnJ;1;"2020-08-21 00:00:00";"2020-08-21 23:59:59";16;489;20;10;0;<FLG>
V6155621;V615562101;HIXnJ;1;"2020-08-22 00:00:00";"2020-08-22 23:59:59";16;489;20;10;0;<FLG>
V6155621;V615562101;HIXnJ;1;"2020-08-23 00:00:00";"2020-08-23 23:59:59";16;489;20;10;0;<FLG>
V6155621;V615562101;HIXnJ;1;"2020-08-24 00:00:00";"2020-08-24 23:59:59";16;490;20;10;0;<FLG>
V6155621;V615562101;HIXnJ;1;"2020-08-25 00:00:00";"2020-08-25 23:59:59";16;490;20;10;0;<FLG>
V6155621;V615562101;HIXnJ;1;"2020-08-26 00:00:00";"2020-08-26 23:59:59";16;490;20;10;0;<FLG>
V6155621;V615562101;HIXnJ;1;"2020-08-27 00:00:00";"2020-08-27 23:59:59";16;490;20;10;0;<FLG>
V6155621;V615562101;HIXnJ;1;"2020-08-28 00:00:00";"2020-08-28 23:59:59";16;542;20;10;0;<FLG>
V6155621;V615562101;HIXnJ;1;"2020-08-29 00:00:00";"2020-08-29 01:05:00";16;550;20;10;0;<FLG>
V6155621;V615562101;HIXnJ;1;"2020-08-30 00:00:00";"2020-08-30 00:00:00";16;513;20;10;0;<FLG>
V6155621;V615562101;HIXnJ;1;"2020-08-31 00:00:00";"2020-08-31 00:00:00";16;503;20;10;0;<FLG>
V6155621;V615562101;HIXnJ;1;"2020-09-01 00:00:00";"2020-09-01 00:00:00";16;496;20;10;0;<FLG>
V6155621;V615562101;HIXnJ;1;"2020-09-02 00:00:00";"2020-09-02 00:00:00";16;494;20;10;0;<FLG>
V6155621;V615562101;HIXnJ;1;"2020-09-03 00:00:00";"2020-09-03 00:00:00";16;493;20;10;0;<FLG>
V6155621;V615562101;HIXnJ;1;"2020-09-04 00:00:00";"2020-09-04 00:00:00";16;491;20;10;0;<FLG>
V6155621;V615562101;HIXnJ;1;"2020-09-05 00:00:00";"2020-09-05 00:00:00";16;489;20;10;0;<FLG>
V6155621;V615562101;HIXnJ;1;"2020-09-06 00:00:00";"2020-09-06 00:00:00";16;488;20;10;0;<FLG>
V6155621;V615562101;HIXnJ;1;"2020-09-07 00:00:00";"2020-09-07 00:00:00";16;486;20;10;0;<FLG>
V6155621;V615562101;HIXnJ;1;"2020-09-08 00:00:00";"2020-09-08 00:00:00";16;485;20;10;0;<FLG>
V6155621;V615562101;HIXnJ;1;"2020-09-09 00:00:00";"2020-09-09 23:59:59";16;501;20;10;0;<FLG>
V6155621;V615562101;HIXnJ;1;"2020-09-10 00:00:00";"2020-09-10 01:55:00";16;503;20;10;0;<FLG>
V6155621;V615562101;HIXnJ;1;"2020-09-11 00:00:00";"2020-09-11 00:00:00";16;501;20;10;0;<FLG>
V6155621;V615562101;HIXnJ;1;"2020-09-12 00:00:00";"2020-09-12 23:59:59";16;484;20;10;0;<FLG>
V6155621;V615562101;HIXnJ;1;"2020-09-13 00:00:00";"2020-09-13 23:59:59";16;484;20;10;0;<FLG>
V6155621;V615562101;HIXnJ;1;"2020-09-14 00:00:00";"2020-09-14 23:59:59";16;485;20;10;0;<FLG>
V6155621;V615562101;HIXnJ;1;"2020-09-15 00:00:00";"2020-09-15 23:59:59";16;486;20;10;0;<FLG>
V6155621;V615562101;HIXnJ;1;"2020-09-16 00:00:00";"2020-09-16 13:45:00";16;486;20;10;0;<FLG>
V6155621;V615562101;HIXnJ;1;"2020-09-17 00:00:00";"2020-09-17 23:59:59";16;487;20;10;0;<FLG>
V6155621;V615562101;HIXnJ;1;"2020-09-18 00:00:00";"2020-09-18 23:59:59";16;488;20;10;0;<FLG>
V6155621;V615562101;HIXnJ;1;"2020-09-19 00:00:00";"2020-09-19 23:59:59";16;499;20;10;0;<FLG>
V6155621;V615562101;HIXnJ;1;"2020-09-20 00:00:00";"2020-09-20 12:40:00";16;560;20;10;0;<FLG>
V6155621;V615562101;HIXnJ;1;"2020-09-21 00:00:00";"2020-09-21 00:00:00";16;523;20;10;0;<FLG>
V6155621;V615562101;HIXnJ;1;"2020-09-22 00:00:00";"2020-09-22 13:10:00";16;548;20;10;0;<FLG>
V6155621;V615562101;HIXnJ;1;"2020-09-23 00:00:00";"2020-09-23 02:25:00";16;541;20;10;0;<FLG>
V6155621;V615562101;HIXnJ;1;"2020-09-24 00:00:00";"2020-09-24 00:00:00";16;524;20;10;0;<FLG>
V6155621;V615562101;HIXnJ;1;"2020-09-25 00:00:00";"2020-09-25 23:59:59";16;513;20;10;0;<FLG>
V6155621;V615562101;HIXnJ;1;"2020-09-26 00:00:00";"2020-09-26 23:59:59";16;537;20;10;0;<FLG>
V6155621;V615562101;HIXnJ;1;"2020-09-27 00:00:00";"2020-09-27 23:59:59";16;537;20;10;0;<FLG>
V6155621;V615562101;HIXnJ;1;"2020-09-28 00:00:00";"2020-09-28 23:59:59";16;537;20;10;0;<FLG>
V6155621;V615562101;HIXnJ;1;"2020-09-29 00:00:00";"2020-09-29 23:59:59";16;538;20;10;0;<FLG>
V6155621;V615562101;HIXnJ;1;"2020-09-30 00:00:00";"2020-09-30 23:59:59";16;538;20;10;0;<FLG>
V6155621;V615562101;HIXnJ;1;"2020-10-01 00:00:00";"2020-10-01 23:59:59";16;538;20;10;0;<FLG>
V6155621;V615562101;HIXnJ;1;"2020-10-02 00:00:00";"2020-10-02 22:30:00";16;581;20;10;0;<FLG>
V6155621;V615562101;HIXnJ;1;"2020-10-03 00:00:00";"2020-10-03 00:00:00";16;577;20;10;0;<FLG>
V6155621;V615562101;HIXnJ;1;"2020-10-04 00:00:00";"2020-10-04 23:59:59";16;565;20;10;0;<FLG>
V6155621;V615562101;HIXnJ;1;"2020-10-05 00:00:00";"2020-10-05 15:10:00";16;571;20;10;0;<FLG>
V6155621;V615562101;HIXnJ;1;"2020-10-06 00:00:00";"2020-10-06 23:59:59";16;567;20;10;0;<FLG>
V6155621;V615562101;HIXnJ;1;"2020-10-07 00:00:00";"2020-10-07 02:55:00";16;567;20;10;0;<FLG>
V6155621;V615562101;HIXnJ;1;"2020-10-08 00:00:00";"2020-10-08 23:59:59";16;555;20;10;0;<FLG>
V6155621;V615562101;HIXnJ;1;"2020-10-09 00:00:00";"2020-10-09 12:30:00";16;556;20;10;0;<FLG>
V6155621;V615562101;HIXnJ;1;"2020-10-10 00:00:00";"2020-10-10 12:35:00";16;548;20;10;0;<FLG>
V6155621;V615562101;HIXnJ;1;"2020-10-11 00:00:00";"2020-10-11 00:00:00";16;532;20;10;0;<FLG>
V6155621;V615562101;HIXnJ;1;"2020-10-12 00:00:00";"2020-10-12 00:00:00";16;531;20;10;0;<FLG>
V6155621;V615562101;HIXnJ;1;"2020-10-13 00:00:00";"2020-10-13 00:00:00";16;516;20;10;0;<FLG>
V6155621;V615562101;HIXnJ;1;"2020-10-14 00:00:00";"2020-10-14 00:00:00";16;516;20;10;0;<FLG>
V6155621;V615562101;HIXnJ;1;"2020-10-15 00:00:00";"2020-10-15 00:00:00";16;516;20;10;0;<FLG>
V6155621;V615562101;HIXnJ;1;"2020-10-16 00:00:00";"2020-10-16 00:00:00";16;515;20;10;0;<FLG>
V6155621;V615562101;HIXnJ;1;"2020-10-17 00:00:00";"2020-10-17 00:00:00";16;515;20;10;0;<FLG>
V6155621;V615562101;HIXnJ;1;"2020-10-18 00:00:00";"2020-10-18 00:00:00";16;515;20;10;0;<FLG>
V6155621;V615562101;HIXnJ;1;"2020-10-19 00:00:00";"2020-10-19 00:00:00";16;515;20;10;0;<FLG>
V6155621;V615562101;HIXnJ;1;"2020-10-20 00:00:00";"2020-10-20 00:00:00";16;509;20;10;0;<FLG>
V6155621;V615562101;HIXnJ;1;"2020-10-21 00:00:00";"2020-10-21 23:59:59";16;506;20;10;0;<FLG>
V6155621;V615562101;HIXnJ;1;"2020-10-22 00:00:00";"2020-10-22 23:59:59";16;512;20;10;0;<FLG>
V6155621;V615562101;HIXnJ;1;"2020-10-23 00:00:00";"2020-10-23 20:25:00";16;579;20;10;0;<FLG>
V6155621;V615562101;HIXnJ;1;"2020-10-24 00:00:00";"2020-10-24 00:00:00";16;563;20;10;0;<FLG>
V6155621;V615562101;HIXnJ;1;"2020-10-25 00:00:00";"2020-10-25 23:59:59";16;553;20;10;0;<FLG>
V6155621;V615562101;HIXnJ;1;"2020-10-26 00:00:00";"2020-10-26 09:50:00";16;558;20;10;0;<FLG>
V6155621;V615562101;HIXnJ;1;"2020-10-27 00:00:00";"2020-10-27 12:35:00";16;550;20;10;0;<FLG>
V6155621;V615562101;HIXnJ;1;"2020-10-28 00:00:00";"2020-10-28 00:00:00";16;549;20;10;0;<FLG>
V6155621;V615562101;HIXnJ;1;"2020-10-29 00:00:00";"2020-10-29 00:00:00";16;548;20;10;0;<FLG>
V6155621;V615562101;HIXnJ;1;"2020-10-30 00:00:00";"2020-10-30 00:00:00";16;546;20;10;0;<FLG>
V6155621;V615562101;HIXnJ;1;"2020-10-31 00:00:00";"2020-10-31 00:00:00";16;543;20;10;0;<FLG>
V6155621;V615562101;HIXnJ;1;"2020-11-01 00:00:00";"2020-11-01 00:00:00";16;538;20;10;0;<FLG>
V6155621;V615562101;HIXnJ;1;"2020-11-02 00:00:00";"2020-11-02 00:00:00";16;534;20;10;0;<FLG>
V6155621;V615562101;HIXnJ;1;"2020-11-03 00:00:00";"2020-11-03 00:00:00";16;529;20;10;0;<FLG>
V6155621;V615562101;HIXnJ;1;"2020-11-04 00:00:00";"2020-11-04 00:00:00";16;524;20;10;0;<FLG>
V6155621;V615562101;HIXnJ;1;"2020-11-05 00:00:00";"2020-11-05 17:55:00";16;534;20;10;0;<FLG>
V6155621;V615562101;HIXnJ;1;"2020-11-06 00:00:00";"2020-11-06 00:00:00";16;534;20;10;0;<FLG>
V6155621;V615562101;HIXnJ;1;"2020-11-07 00:00:00";"2020-11-07 23:59:59";16;553;20;10;0;<FLG>
V6155621;V615562101;HIXnJ;1;"2020-11-08 00:00:00";"2020-11-08 09:25:00";16;593;20;10;0;<FLG>
V6155621;V615562101;HIXnJ;1;"2020-11-09 00:00:00";"2020-11-09 23:59:59";16;546;20;10;0;<FLG>
V6155621;V615562101;HIXnJ;1;"2020-11-10 00:00:00";"2020-11-10 17:25:00";16;553;20;10;0;<FLG>
V6155621;V615562101;HIXnJ;1;"2020-11-11 00:00:00";"2020-11-11 00:00:00";16;552;20;10;0;<FLG>
V6155621;V615562101;HIXnJ;1;"2020-11-12 00:00:00";"2020-11-12 14:30:00";16;570;20;10;0;<FLG>
V6155621;V615562101;HIXnJ;1;"2020-11-13 00:00:00";"2020-11-13 00:00:00";16;560;20;10;0;<FLG>
V6155621;V615562101;HIXnJ;1;"2020-11-14 00:00:00";"2020-11-14 23:59:59";16;554;20;10;0;<FLG>
V6155621;V615562101;HIXnJ;1;"2020-11-15 00:00:00";"2020-11-15 23:59:59";16;557;20;10;0;<FLG>
V6155621;V615562101;HIXnJ;1;"2020-11-16 00:00:00";"2020-11-16 04:45:00";16;575;20;10;0;<FLG>
V6155621;V615562101;HIXnJ;1;"2020-11-17 00:00:00";"2020-11-17 00:00:00";16;562;20;10;0;<FLG>
V6155621;V615562101;HIXnJ;1;"2020-11-18 00:00:00";"2020-11-18 23:59:59";16;558;20;10;0;<FLG>
V6155621;V615562101;HIXnJ;1;"2020-11-19 00:00:00";"2020-11-19 23:59:59";16;559;20;10;0;<FLG>
V6155621;V615562101;HIXnJ;1;"2020-11-20 00:00:00";"2020-11-20 23:59:59";16;560;20;10;0;<FLG>
V6155621;V615562101;HIXnJ;1;"2020-11-21 00:00:00";"2020-11-21 23:59:59";16;561;20;10;0;<FLG>
V6155621;V615562101;HIXnJ;1;"2020-11-22 00:00:00";"2020-11-22 23:20:00";16;562;20;10;0;<FLG>
V6155621;V615562101;HIXnJ;1;"2020-11-23 00:00:00";"2020-11-23 00:00:00";16;562;20;10;0;<FLG>
V6155621;V615562101;HIXnJ;1;"2020-11-24 00:00:00";"2020-11-24 23:59:59";16;510;20;10;0;<FLG>
V6155621;V615562101;HIXnJ;1;"2020-11-25 00:00:00";"2020-11-25 23:59:59";16;511;20;10;0;<FLG>
V6155621;V615562101;HIXnJ;1;"2020-11-26 00:00:00";"2020-11-26 18:00:00";16;512;20;10;0;<FLG>
V6155621;V615562101;HIXnJ;1;"2020-11-27 00:00:00";"2020-11-27 00:00:00";16;511;20;10;0;<FLG>
V6155621;V615562101;HIXnJ;1;"2020-11-28 00:00:00";"2020-11-28 23:59:59";16;494;20;10;0;<FLG>
V6155621;V615562101;HIXnJ;1;"2020-11-29 00:00:00";"2020-11-29 21:05:00";16;494;20;10;0;<FLG>
V6155621;V615562101;HIXnJ;1;"2020-11-30 00:00:00";"2020-11-30 00:00:00";16;493;20;10;0;<FLG>
V6155621;V615562101;HIXnJ;1;"2020-12-01 00:00:00";"2020-12-01 00:00:00";16;483;20;10;0;<FLG>
V6155621;V615562101;HIXnJ;1;"2020-12-02 00:00:00";"2020-12-02 23:59:59";16;479;20;10;0;<FLG>
V6155621;V615562101;HIXnJ;1;"2020-12-03 00:00:00";"2020-12-03 14:35:00";16;486;20;10;0;<FLG>
V6155621;V615562101;HIXnJ;1;"2020-12-04 00:00:00";"2020-12-04 23:05:00";16;500;20;10;0;<FLG>
V6155621;V615562101;HIXnJ;1;"2020-12-05 00:00:00";"2020-12-05 00:00:00";16;500;20;10;0;<FLG>
V6155621;V615562101;HIXnJ;1;"2020-12-06 00:00:00";"2020-12-06 00:00:00";16;495;20;10;0;<FLG>
V6155621;V615562101;HIXnJ;1;"2020-12-07 00:00:00";"2020-12-07 00:00:00";16;491;20;10;0;<FLG>
V6155621;V615562101;HIXnJ;1;"2020-12-08 00:00:00";"2020-12-08 00:00:00";16;487;20;10;0;<FLG>
V6155621;V615562101;HIXnJ;1;"2020-12-09 00:00:00";"2020-12-09 23:59:59";16;485;20;10;0;<FLG>
V6155621;V615562101;HIXnJ;1;"2020-12-10 00:00:00";"2020-12-10 23:59:59";16;491;20;10;0;<FLG>
V6155621;V615562101;HIXnJ;1;"2020-12-11 00:00:00";"2020-12-11 22:05:00";16;496;20;10;0;<FLG>
V6155621;V615562101;HIXnJ;1;"2020-12-12 00:00:00";"2020-12-12 00:00:00";16;495;20;10;0;<FLG>
V6155621;V615562101;HIXnJ;1;"2020-12-13 00:00:00";"2020-12-13 23:59:59";16;492;20;10;0;<FLG>
V6155621;V615562101;HIXnJ;1;"2020-12-14 00:00:00";"2020-12-14 23:59:59";16;508;20;10;0;<FLG>
V6155621;V615562101;HIXnJ;1;"2020-12-15 00:00:00";"2020-12-15 23:59:59";16;509;20;10;0;<FLG>
V6155621;V615562101;HIXnJ;1;"2020-12-16 00:00:00";"2020-12-16 23:59:59";16;513;20;10;0;<FLG>
V6155621;V615562101;HIXnJ;1;"2020-12-17 00:00:00";"2020-12-17 20:35:00";16;532;20;10;0;<FLG>
V6155621;V615562101;HIXnJ;1;"2020-12-18 00:00:00";"2020-12-18 15:30:00";16;542;20;10;0;<FLG>
V6155621;V615562101;HIXnJ;1;"2020-12-19 00:00:00";"2020-12-19 00:00:00";16;541;20;10;0;<FLG>
V6155621;V615562101;HIXnJ;1;"2020-12-20 00:00:00";"2020-12-20 20:50:00";16;561;20;10;0;<FLG>
V6155621;V615562101;HIXnJ;1;"2020-12-21 00:00:00";"2020-12-21 00:00:00";16;558;20;10;0;<FLG>
V6155621;V615562101;HIXnJ;1;"2020-12-22 00:00:00";"2020-12-22 19:00:00";16;566;20;10;0;<FLG>
V6155621;V615562101;HIXnJ;1;"2020-12-23 00:00:00";"2020-12-23 00:00:00";16;565;20;10;0;<FLG>
V6155621;V615562101;HIXnJ;1;"2020-12-24 00:00:00";"2020-12-24 00:00:00";16;561;20;10;0;<FLG>
V6155621;V615562101;HIXnJ;1;"2020-12-25 00:00:00";"2020-12-25 00:00:00";16;557;20;10;0;<FLG>
V6155621;V615562101;HIXnJ;1;"2020-12-26 00:00:00";"2020-12-26 00:00:00";16;553;20;10;0;<FLG>
V6155621;V615562101;HIXnJ;1;"2020-12-27 00:00:00";"2020-12-27 00:00:00";16;548;20;10;0;<FLG>
V6155621;V615562101;HIXnJ;1;"2020-12-28 00:00:00";"2020-12-28 00:00:00";16;544;20;10;0;<FLG>
V6155621;V615562101;HIXnJ;1;"2020-12-29 00:00:00";"2020-12-29 00:00:00";16;540;20;10;0;<FLG>
V6155621;V615562101;HIXnJ;1;"2020-12-30 00:00:00";"2020-12-30 23:59:59";16;536;20;10;0;<FLG>
V6155621;V615562101;HIXnJ;1;"2020-12-31 00:00:00";"2020-12-31 23:59:59";16;540;20;10;0;<FLG>
V6155621;V615562101;HIXnJ;1;"2021-01-01 00:00:00";"2021-01-01 23:59:59";16;543;20;10;0;<FLG>
V6155621;V615562101;HIXnJ;1;"2021-01-02 00:00:00";"2021-01-02 18:20:00";16;546;20;10;0;<FLG>
V6155621;V615562101;HIXnJ;1;"2021-01-03 00:00:00";"2021-01-03 00:00:00";16;545;20;10;0;<FLG>
V6155621;V615562101;HIXnJ;1;"2021-01-04 00:00:00";"2021-01-04 00:00:00";16;540;20;10;0;<FLG>
V6155621;V615562101;HIXnJ;1;"2021-01-05 00:00:00";"2021-01-05 00:00:00";16;536;20;10;0;<FLG>
V6155621;V615562101;HIXnJ;1;"2021-01-06 00:00:00";"2021-01-06 00:00:00";16;531;20;10;0;<FLG>
V6155621;V615562101;HIXnJ;1;"2021-01-07 00:00:00";"2021-01-07 00:00:00";16;527;20;10;0;<FLG>
V6155621;V615562101;HIXnJ;1;"2021-01-08 00:00:00";"2021-01-08 00:00:00";16;522;20;10;0;<FLG>
V6155621;V615562101;HIXnJ;1;"2021-01-09 00:00:00";"2021-01-09 00:00:00";16;518;20;10;0;<FLG>
V6155621;V615562101;HIXnJ;1;"2021-01-10 00:00:00";"2021-01-10 00:00:00";16;513;20;10;0;<FLG>
V6155621;V615562101;HIXnJ;1;"2021-01-11 00:00:00";"2021-01-11 00:00:00";16;509;20;10;0;<FLG>
V6155621;V615562101;HIXnJ;1;"2021-01-12 00:00:00";"2021-01-12 23:59:59";16;505;20;10;0;<FLG>
V6155621;V615562101;HIXnJ;1;"2021-01-13 00:00:00";"2021-01-13 23:59:59";16;506;20;10;0;<FLG>
V6155621;V615562101;HIXnJ;1;"2021-01-14 00:00:00";"2021-01-14 23:59:59";16;507;20;10;0;<FLG>
V6155621;V615562101;HIXnJ;1;"2021-01-15 00:00:00";"2021-01-15 23:59:59";16;507;20;10;0;<FLG>
V6155621;V615562101;HIXnJ;1;"2021-01-16 00:00:00";"2021-01-16 22:10:00";16;508;20;10;0;<FLG>
V6155621;V615562101;HIXnJ;1;"2021-01-17 00:00:00";"2021-01-17 00:00:00";16;508;20;10;0;<FLG>
V6155621;V615562101;HIXnJ;1;"2021-01-18 00:00:00";"2021-01-18 00:00:00";16;508;20;10;0;<FLG>
V6155621;V615562101;HIXnJ;1;"2021-01-19 00:00:00";"2021-01-19 23:59:59";16;510;20;10;0;<FLG>
V6155621;V615562101;HIXnJ;1;"2021-01-20 00:00:00";"2021-01-20 17:05:00";16;512;20;10;0;<FLG>
V6155621;V615562101;HIXnJ;1;"2021-01-21 00:00:00";"2021-01-21 00:00:00";16;512;20;10;0;<FLG>
V6155621;V615562101;HIXnJ;1;"2021-01-22 00:00:00";"2021-01-22 23:20:00";16;561;20;10;0;<FLG>
V6155621;V615562101;HIXnJ;1;"2021-01-23 00:00:00";"2021-01-23 21:15:00";16;577;20;10;0;<FLG>
V6155621;V615562101;HIXnJ;1;"2021-01-24 00:00:00";"2021-01-24 23:59:59";16;609;20;10;0;<FLG>
V6155621;V615562101;HIXnJ;1;"2021-01-25 00:00:00";"2021-01-25 22:23:20";16;615;20;10;0;<FLG>
V6155621;V615562101;HIXnJ;1;"2021-01-26 00:00:00";"2021-01-26 00:00:00";16;615;20;10;0;<FLG>
V6155621;V615562101;HIXnJ;1;"2021-01-27 00:00:00";"2021-01-27 00:00:00";16;609;20;10;0;<FLG>
V6155621;V615562101;HIXnJ;1;"2021-01-28 00:00:00";"2021-01-28 00:00:00";16;604;20;10;0;<FLG>
V6155621;V615562101;HIXnJ;1;"2021-01-29 00:00:00";"2021-01-29 00:00:00";16;599;20;10;0;<FLG>
V6155621;V615562101;HIXnJ;1;"2021-01-30 00:00:00";"2021-01-30 20:16:40";16;630;20;10;0;<FLG>
V6155621;V615562101;HIXnJ;1;"2021-01-31 00:00:00";"2021-01-31 00:00:00";16;627;20;10;0;<FLG>
V6155621;V615562101;HIXnJ;1;"2021-02-01 00:00:00";"2021-02-01 23:59:59";16;613;20;10;0;<FLG>
V6155621;V615562101;HIXnJ;1;"2021-02-02 00:00:00";"2021-02-02 23:59:59";16;618;20;10;0;<FLG>
V6155621;V615562101;HIXnJ;1;"2021-02-03 00:00:00";"2021-02-03 23:59:59";16;623;20;10;0;<FLG>
V6155621;V615562101;HIXnJ;1;"2021-02-04 00:00:00";"2021-02-04 07:43:20";16;625;20;10;0;<FLG>
V6155621;V615562101;HIXnJ;1;"2021-02-05 00:00:00";"2021-02-05 00:00:00";16;624;20;10;0;<FLG>
V6155621;V615562101;HIXnJ;1;"2021-02-06 00:00:00";"2021-02-06 00:00:00";16;623;20;10;0;<FLG>
V6155621;V615562101;HIXnJ;1;"2021-02-07 00:00:00";"2021-02-07 06:35:00";16;659;20;10;0;<FLG>
V6155621;V615562101;HIXnJ;1;"2021-02-08 00:00:00";"2021-02-08 23:59:59";16;641;20;10;0;<FLG>
V6155621;V615562101;HIXnJ;1;"2021-02-09 00:00:00";"2021-02-09 01:55:00";16;645;20;10;0;<FLG>
V6155621;V615562101;HIXnJ;1;"2021-02-10 00:00:00";"2021-02-10 00:00:00";16;644;20;10;0;<FLG>
V6155621;V615562101;HIXnJ;1;"2021-02-11 00:00:00";"2021-02-11 23:59:59";16;646;20;10;0;<FLG>
V6155621;V615562101;HIXnJ;1;"2021-02-12 00:00:00";"2021-02-12 23:59:59";16;654;20;10;0;<FLG>
V6155621;V615562101;HIXnJ;1;"2021-02-13 00:00:00";"2021-02-13 04:38:20";16;655;20;10;0;<FLG>
V6155621;V615562101;HIXnJ;1;"2021-02-14 00:00:00";"2021-02-14 00:00:00";16;646;20;10;0;<FLG>
V6155621;V615562101;HIXnJ;1;"2021-02-15 00:00:00";"2021-02-15 00:00:00";16;636;20;10;0;<FLG>
V6155621;V615562101;HIXnJ;1;"2021-02-16 00:00:00";"2021-02-16 23:59:59";16;633;20;10;0;<FLG>
V6155621;V615562101;HIXnJ;1;"2021-02-17 00:00:00";"2021-02-17 02:28:20";16;633;20;10;0;<FLG>
V6155621;V615562101;HIXnJ;1;"2021-02-18 00:00:00";"2021-02-18 16:00:00";16;625;20;10;0;<FLG>
V6155621;V615562101;HIXnJ;1;"2021-02-19 00:00:00";"2021-02-19 00:00:00";16;624;20;10;0;<FLG>
V6155621;V615562101;HIXnJ;1;"2021-02-20 00:00:00";"2021-02-20 00:00:00";16;621;20;10;0;<FLG>
V6155621;V615562101;HIXnJ;1;"2021-02-21 00:00:00";"2021-02-21 00:00:00";16;617;20;10;0;<FLG>
V6155621;V615562101;HIXnJ;1;"2021-02-22 00:00:00";"2021-02-22 00:00:00";16;614;20;10;0;<FLG>
V6155621;V615562101;HIXnJ;1;"2021-02-23 00:00:00";"2021-02-23 00:00:00";16;611;20;10;0;<FLG>
V6155621;V615562101;HIXnJ;1;"2021-02-24 00:00:00";"2021-02-24 00:00:00";16;605;20;10;0;<FLG>
V6155621;V615562101;HIXnJ;1;"2021-02-25 00:00:00";"2021-02-25 00:00:00";16;601;20;10;0;<FLG>
V6155621;V615562101;HIXnJ;1;"2021-02-26 00:00:00";"2021-02-26 00:00:00";16;597;20;10;0;<FLG>
V6155621;V615562101;HIXnJ;1;"2021-02-27 00:00:00";"2021-02-27 00:00:00";16;593;20;10;0;<FLG>
V6155621;V615562101;HIXnJ;1;"2021-02-28 00:00:00";"2021-02-28 00:00:00";16;589;20;10;0;<FLG>
V6155621;V615562101;HIXnJ;1;"2021-03-01 00:00:00";"2021-03-01 00:00:00";16;586;20;10;0;<FLG>
V6155621;V615562101;HIXnJ;1;"2021-03-02 00:00:00";"2021-03-02 00:00:00";16;582;20;10;0;<FLG>
V6155621;V615562101;HIXnJ;1;"2021-03-03 00:00:00";"2021-03-03 00:00:00";16;578;20;10;0;<FLG>
V6155621;V615562101;HIXnJ;1;"2021-03-04 00:00:00";"2021-03-04 00:00:00";16;574;20;10;0;<FLG>
V6155621;V615562101;HIXnJ;1;"2021-03-05 00:00:00";"2021-03-05 00:00:00";16;571;20;10;0;<FLG>
V6155621;V615562101;HIXnJ;1;"2021-03-06 00:00:00";"2021-03-06 00:00:00";16;557;20;10;0;<FLG>
V6155621;V615562101;HIXnJ;1;"2021-03-07 00:00:00";"2021-03-07 00:00:00";16;557;20;10;0;<FLG>
V6155621;V615562101;HIXnJ;1;"2021-03-08 00:00:00";"2021-03-08 00:00:00";16;557;20;10;0;<FLG>
V6155621;V615562101;HIXnJ;1;"2021-03-09 00:00:00";"2021-03-09 00:00:00";16;557;20;10;0;<FLG>
V6155621;V615562101;HIXnJ;1;"2021-03-10 00:00:00";"2021-03-10 00:00:00";16;557;20;10;0;<FLG>
V6155621;V615562101;HIXnJ;1;"2021-03-11 00:00:00";"2021-03-11 19:10:00";16;557;20;10;0;<FLG>
V6155621;V615562101;HIXnJ;1;"2021-03-12 00:00:00";"2021-03-12 00:00:00";16;556;20;10;0;<FLG>
V6155621;V615562101;HIXnJ;1;"2021-03-13 00:00:00";"2021-03-13 00:00:00";16;551;20;10;0;<FLG>
V6155621;V615562101;HIXnJ;1;"2021-03-14 00:00:00";"2021-03-14 00:00:00";16;545;20;10;0;<FLG>
V6155621;V615562101;HIXnJ;1;"2021-03-15 00:00:00";"2021-03-15 00:00:00";16;540;20;10;0;<FLG>
V6155621;V615562101;HIXnJ;1;"2021-03-16 00:00:00";"2021-03-16 02:11:40";16;539;20;10;0;<FLG>
V6155621;V615562101;HIXnJ;1;"2021-03-17 00:00:00";"2021-03-17 00:00:00";16;538;20;10;0;<FLG>
V6155621;V615562101;HIXnJ;1;"2021-03-18 00:00:00";"2021-03-18 00:00:00";16;537;20;10;0;<FLG>
V6155621;V615562101;HIXnJ;1;"2021-03-19 00:00:00";"2021-03-19 00:00:00";16;536;20;10;0;<FLG>
V6155621;V615562101;HIXnJ;1;"2021-03-20 00:00:00";"2021-03-20 00:00:00";16;534;20;10;0;<FLG>
V6155621;V615562101;HIXnJ;1;"2021-03-21 00:00:00";"2021-03-21 00:00:00";16;533;20;10;0;<FLG>
V6155621;V615562101;HIXnJ;1;"2021-03-22 00:00:00";"2021-03-22 00:00:00";16;532;20;10;0;<FLG>
V6155621;V615562101;HIXnJ;1;"2021-03-23 00:00:00";"2021-03-23 00:00:00";16;531;20;10;0;<FLG>
V6155621;V615562101;HIXnJ;1;"2021-03-24 00:00:00";"2021-03-24 00:00:00";16;530;20;10;0;<FLG>
V6155621;V615562101;HIXnJ;1;"2021-03-25 00:00:00";"2021-03-25 00:00:00";16;529;20;10;0;<FLG>
V6155621;V615562101;HIXnJ;1;"2021-03-26 00:00:00";"2021-03-26 00:00:00";16;527;20;10;0;<FLG>
V6155621;V615562101;HIXnJ;1;"2021-03-27 00:00:00";"2021-03-27 00:00:00";16;526;20;10;0;<FLG>
V6155621;V615562101;HIXnJ;1;"2021-03-28 00:00:00";"2021-03-28 00:00:00";16;517;20;10;0;<FLG>
V6155621;V615562101;HIXnJ;1;"2021-03-29 00:00:00";"2021-03-29 00:00:00";16;507;20;10;0;<FLG>
V6155621;V615562101;HIXnJ;1;"2021-03-30 00:00:00";"2021-03-30 23:59:59";16;498;20;10;0;<FLG>
V6155621;V615562101;HIXnJ;1;"2021-03-31 00:00:00";"2021-03-31 23:59:59";16;498;20;10;0;<FLG>
V6155621;V615562101;HIXnJ;1;"2021-04-01 00:00:00";"2021-04-01 23:59:59";16;499;20;10;0;<FLG>
V6155621;V615562101;HIXnJ;1;"2021-04-02 00:00:00";"2021-04-02 23:59:59";16;499;20;10;0;<FLG>
V6155621;V615562101;HIXnJ;1;"2021-04-03 00:00:00";"2021-04-03 23:59:59";16;499;20;10;0;<FLG>
V6155621;V615562101;HIXnJ;1;"2021-04-04 00:00:00";"2021-04-04 23:59:59";16;499;20;10;0;<FLG>
V6155621;V615562101;HIXnJ;1;"2021-04-05 00:00:00";"2021-04-05 23:59:59";16;500;20;10;0;<FLG>
V6155621;V615562101;HIXnJ;1;"2021-04-06 00:00:00";"2021-04-06 23:59:59";16;500;20;10;0;<FLG>
V6155621;V615562101;HIXnJ;1;"2021-04-07 00:00:00";"2021-04-07 13:01:40";16;500;20;10;0;<FLG>
V6155621;V615562101;HIXnJ;1;"2021-04-08 00:00:00";"2021-04-08 00:00:00";16;494;20;10;0;<FLG>
V6155621;V615562101;HIXnJ;1;"2021-04-09 00:00:00";"2021-04-09 23:59:59";16;495;20;10;0;<FLG>
V6155621;V615562101;HIXnJ;1;"2021-04-10 00:00:00";"2021-04-10 23:59:59";16;500;20;10;0;<FLG>
V6155621;V615562101;HIXnJ;1;"2021-04-11 00:00:00";"2021-04-11 23:59:59";16;526;20;10;0;<FLG>
V6155621;V615562101;HIXnJ;1;"2021-04-12 00:00:00";"2021-04-12 02:25:00";16;534;20;10;0;<FLG>
V6155621;V615562101;HIXnJ;1;"2021-04-13 00:00:00";"2021-04-13 00:00:00";16;514;20;10;0;<FLG>
V6155621;V615562101;HIXnJ;1;"2021-04-14 00:00:00";"2021-04-14 23:59:59";16;509;20;10;0;<FLG>
V6155621;V615562101;HIXnJ;1;"2021-04-15 00:00:00";"2021-04-15 23:59:59";16;515;20;10;0;<FLG>
V6155621;V615562101;HIXnJ;1;"2021-04-16 00:00:00";"2021-04-16 08:50:00";16;517;20;10;0;<FLG>
V6155621;V615562101;HIXnJ;1;"2021-04-17 00:00:00";"2021-04-17 00:00:00";16;517;20;10;0;<FLG>
V6155621;V615562101;HIXnJ;1;"2021-04-18 00:00:00";"2021-04-18 00:00:00";16;517;20;10;0;<FLG>
V6155621;V615562101;HIXnJ;1;"2021-04-19 00:00:00";"2021-04-19 00:00:00";16;516;20;10;0;<FLG>
V6155621;V615562101;HIXnJ;1;"2021-04-20 00:00:00";"2021-04-20 00:00:00";16;516;20;10;0;<FLG>
V6155621;V615562101;HIXnJ;1;"2021-04-21 00:00:00";"2021-04-21 00:00:00";16;516;20;10;0;<FLG>
V6155621;V615562101;HIXnJ;1;"2021-04-22 00:00:00";"2021-04-22 00:00:00";16;516;20;10;0;<FLG>
V6155621;V615562101;HIXnJ;1;"2021-04-23 00:00:00";"2021-04-23 00:00:00";16;515;20;10;0;<FLG>
V6155621;V615562101;HIXnJ;1;"2021-04-24 00:00:00";"2021-04-24 00:00:00";16;515;20;10;0;<FLG>
V6155621;V615562101;HIXnJ;1;"2021-04-25 00:00:00";"2021-04-25 00:00:00";16;515;20;10;0;<FLG>
V6155621;V615562101;HIXnJ;1;"2021-04-26 00:00:00";"2021-04-26 00:00:00";16;515;20;10;0;<FLG>
V6155621;V615562101;HIXnJ;1;"2021-04-27 00:00:00";"2021-04-27 00:00:00";16;514;20;10;0;<FLG>
V6155621;V615562101;HIXnJ;1;"2021-04-28 00:00:00";"2021-04-28 16:50:00";16;530;20;10;0;<FLG>
V6155621;V615562101;HIXnJ;1;"2021-04-29 00:00:00";"2021-04-29 15:25:00";16;584;20;10;0;<FLG>
V6155621;V615562101;HIXnJ;1;"2021-04-30 00:00:00";"2021-04-30 22:35:00";16;651;20;10;0;<FLG>
V6155621;V615562101;HIXnJ;1;"2021-05-01 00:00:00";"2021-05-01 18:50:00";16;728;20;10;0;<FLG>
V6155621;V615562101;HIXnJ;1;"2021-05-02 00:00:00";"2021-05-02 23:59:59";16;745;20;10;0;<FLG>
V6155621;V615562101;HIXnJ;1;"2021-05-03 00:00:00";"2021-05-03 09:55:00";16;780;20;10;0;<FLG>
V6155621;V615562101;HIXnJ;1;"2021-05-04 00:00:00";"2021-05-04 00:00:00";16;773;20;10;0;<FLG>
V6155621;V615562101;HIXnJ;1;"2021-05-05 00:00:00";"2021-05-05 00:40:00";16;767;20;10;0;<FLG>
V6155621;V615562101;HIXnJ;1;"2021-05-06 00:00:00";"2021-05-06 00:00:00";16;738;20;10;0;<FLG>
V6155621;V615562101;HIXnJ;1;"2021-05-07 00:00:00";"2021-05-07 00:35:00";16;722;20;10;0;<FLG>
V6155621;V615562101;HIXnJ;1;"2021-05-08 00:00:00";"2021-05-08 00:00:00";16;697;20;10;0;<FLG>
V6155621;V615562101;HIXnJ;1;"2021-05-09 00:00:00";"2021-05-09 00:00:00";16;671;20;10;0;<FLG>
V6155621;V615562101;HIXnJ;1;"2021-05-10 00:00:00";"2021-05-10 00:00:00";16;649;20;10;0;<FLG>
V6155621;V615562101;HIXnJ;1;"2021-05-11 00:00:00";"2021-05-11 11:30:00";16;832;20;10;0;<FLG>
V6155621;V615562101;HIXnJ;1;"2021-05-12 00:00:00";"2021-05-12 23:59:59";16;821;20;10;0;<FLG>
V6155621;V615562101;HIXnJ;1;"2021-05-13 00:00:00";"2021-05-13 16:25:00";16;825;20;10;0;<FLG>
V6155621;V615562101;HIXnJ;1;"2021-05-14 00:00:00";"2021-05-14 00:00:00";16;822;20;10;0;<FLG>
V6155621;V615562101;HIXnJ;1;"2021-05-15 00:00:00";"2021-05-15 00:00:00";16;814;20;10;0;<FLG>
V6155621;V615562101;HIXnJ;1;"2021-05-16 00:00:00";"2021-05-16 00:00:00";16;806;20;10;0;<FLG>
V6155621;V615562101;HIXnJ;1;"2021-05-17 00:00:00";"2021-05-17 00:00:00";16;797;20;10;0;<FLG>
V6155621;V615562101;HIXnJ;1;"2021-05-18 00:00:00";"2021-05-18 15:03:20";16;756;20;10;0;<FLG>
V6155621;V615562101;HIXnJ;1;"2021-05-19 00:00:00";"2021-05-19 00:00:00";16;749;20;10;0;<FLG>
V6155621;V615562101;HIXnJ;1;"2021-05-20 00:00:00";"2021-05-20 00:00:00";16;731;20;10;0;<FLG>
V6155621;V615562101;HIXnJ;1;"2021-05-21 00:00:00";"2021-05-21 00:00:00";16;713;20;10;0;<FLG>
V6155621;V615562101;HIXnJ;1;"2021-05-22 00:00:00";"2021-05-22 04:33:20";16;717;20;10;0;<FLG>
V6155621;V615562101;HIXnJ;1;"2021-05-23 00:00:00";"2021-05-23 00:00:00";16;691;20;10;0;<FLG>
V6155621;V615562101;HIXnJ;1;"2021-05-24 00:00:00";"2021-05-24 00:00:00";16;676;20;10;0;<FLG>
V6155621;V615562101;HIXnJ;1;"2021-05-25 00:00:00";"2021-05-25 00:00:00";16;661;20;10;0;<FLG>
V6155621;V615562101;HIXnJ;1;"2021-05-26 00:00:00";"2021-05-26 00:00:00";16;646;20;10;0;<FLG>
V6155621;V615562101;HIXnJ;1;"2021-05-27 00:00:00";"2021-05-27 00:00:00";16;633;20;10;0;<FLG>
V6155621;V615562101;HIXnJ;1;"2021-05-28 00:00:00";"2021-05-28 00:00:00";16;630;20;10;0;<FLG>
V6155621;V615562101;HIXnJ;1;"2021-05-29 00:00:00";"2021-05-29 00:00:00";16;628;20;10;0;<FLG>
V6155621;V615562101;HIXnJ;1;"2021-05-30 00:00:00";"2021-05-30 00:00:00";16;625;20;10;0;<FLG>
V6155621;V615562101;HIXnJ;1;"2021-05-31 00:00:00";"2021-05-31 00:00:00";16;622;20;10;0;<FLG>
V6155621;V615562101;HIXnJ;1;"2021-06-01 00:00:00";"2021-06-01 00:00:00";16;618;20;10;0;<FLG>
V6155621;V615562101;HIXnJ;1;"2021-06-02 00:00:00";"2021-06-02 00:00:00";16;613;20;10;0;<FLG>
V6155621;V615562101;HIXnJ;1;"2021-06-03 00:00:00";"2021-06-03 00:00:00";16;609;20;10;0;<FLG>
V6155621;V615562101;HIXnJ;1;"2021-06-04 00:00:00";"2021-06-04 00:00:00";16;605;20;10;0;<FLG>
V6155621;V615562101;HIXnJ;1;"2021-06-05 00:00:00";"2021-06-05 00:00:00";16;601;20;10;0;<FLG>
V6155621;V615562101;HIXnJ;1;"2021-06-06 00:00:00";"2021-06-06 00:00:00";16;597;20;10;0;<FLG>
V6155621;V615562101;HIXnJ;1;"2021-06-07 00:00:00";"2021-06-07 00:00:00";16;593;20;10;0;<FLG>
V6155621;V615562101;HIXnJ;1;"2021-06-08 00:00:00";"2021-06-08 00:00:00";16;588;20;10;0;<FLG>
V6155621;V615562101;HIXnJ;1;"2021-06-09 00:00:00";"2021-06-09 00:00:00";16;584;20;10;0;<FLG>
V6155621;V615562101;HIXnJ;1;"2021-06-10 00:00:00";"2021-06-10 00:00:00";16;580;20;10;0;<FLG>
V6155621;V615562101;HIXnJ;1;"2021-06-11 00:00:00";"2021-06-11 00:00:00";16;576;20;10;0;<FLG>
V6155621;V615562101;HIXnJ;1;"2021-06-12 00:00:00";"2021-06-12 00:00:00";16;572;20;10;0;<FLG>
V6155621;V615562101;HIXnJ;1;"2021-06-13 00:00:00";"2021-06-13 00:00:00";16;568;20;10;0;<FLG>
V6155621;V615562101;HIXnJ;1;"2021-06-14 00:00:00";"2021-06-14 00:00:00";16;564;20;10;0;<FLG>
V6155621;V615562101;HIXnJ;1;"2021-06-15 00:00:00";"2021-06-15 00:00:00";16;559;20;10;0;<FLG>
V6155621;V615562101;HIXnJ;1;"2021-06-16 00:00:00";"2021-06-16 00:00:00";16;555;20;10;0;<FLG>
V6155621;V615562101;HIXnJ;1;"2021-06-17 00:00:00";"2021-06-17 00:00:00";16;551;20;10;0;<FLG>
V6155621;V615562101;HIXnJ;1;"2021-06-18 00:00:00";"2021-06-18 00:00:00";16;547;20;10;0;<FLG>
V6155621;V615562101;HIXnJ;1;"2021-06-19 00:00:00";"2021-06-19 00:00:00";16;543;20;10;0;<FLG>
V6155621;V615562101;HIXnJ;1;"2021-06-20 00:00:00";"2021-06-20 00:00:00";16;539;20;10;0;<FLG>
V6155621;V615562101;HIXnJ;1;"2021-06-21 00:00:00";"2021-06-21 00:00:00";16;534;20;10;0;<FLG>
V6155621;V615562101;HIXnJ;1;"2021-06-22 00:00:00";"2021-06-22 00:00:00";16;530;20;10;0;<FLG>
V6155621;V615562101;HIXnJ;1;"2021-06-23 00:00:00";"2021-06-23 07:45:00";16;529;20;10;0;<FLG>
V6155621;V615562101;HIXnJ;1;"2021-06-24 00:00:00";"2021-06-24 08:35:00";16;525;20;10;0;<FLG>
V6155621;V615562101;HIXnJ;1;"2021-06-25 00:00:00";"2021-06-25 08:55:00";16;516;20;10;0;<FLG>
V6155621;V615562101;HIXnJ;1;"2021-06-26 00:00:00";"2021-06-26 04:30:00";16;515;20;10;0;<FLG>
V6155621;V615562101;HIXnJ;1;"2021-06-27 00:00:00";"2021-06-27 09:50:00";16;512;20;10;0;<FLG>
V6155621;V615562101;HIXnJ;1;"2021-06-28 00:00:00";"2021-06-28 06:35:00";16;509;20;10;0;<FLG>
V6155621;V615562101;HIXnJ;1;"2021-06-29 00:00:00";"2021-06-29 02:30:00";16;507;20;10;0;<FLG>
V6155621;V615562101;HIXnJ;1;"2021-06-30 00:00:00";"2021-06-30 06:50:00";16;503;20;10;0;<FLG>
V6155621;V615562101;HIXnJ;1;"2021-07-01 00:00:00";"2021-07-01 08:05:00";16;497;20;10;0;<FLG>
V6155621;V615562101;HIXnJ;1;"2021-07-02 00:00:00";"2021-07-02 06:05:00";16;493;20;10;0;<FLG>
V6155621;V615562101;HIXnJ;1;"2021-07-03 00:00:00";"2021-07-03 07:20:00";16;493;20;10;0;<FLG>
V6155621;V615562101;HIXnJ;1;"2021-07-04 00:00:00";"2021-07-04 13:50:00";16;509;20;10;0;<FLG>
V6155621;V615562101;HIXnJ;1;"2021-07-05 00:00:00";"2021-07-05 00:00:00";16;500;20;10;0;<FLG>
V6155621;V615562101;HIXnJ;1;"2021-07-06 00:00:00";"2021-07-06 23:59:59";16;498;20;10;0;<FLG>
V6155621;V615562101;HIXnJ;1;"2021-07-07 00:00:00";"2021-07-07 03:20:00";16;506;20;10;0;<FLG>
V6155621;V615562101;HIXnJ;1;"2021-07-08 00:00:00";"2021-07-08 06:36:00";16;490;20;10;0;<FLG>
V6155621;V615562101;HIXnJ;1;"2021-07-09 00:00:00";"2021-07-09 07:00:00";16;491;20;10;0;<FLG>
V6155621;V615562101;HIXnJ;1;"2021-07-10 00:00:00";"2021-07-10 06:00:00";16;482;20;10;0;<FLG>
V6155621;V615562101;HIXnJ;1;"2021-07-11 00:00:00";"2021-07-11 06:20:00";16;484;20;10;0;<FLG>
V6155621;V615562101;HIXnJ;1;"2021-07-12 00:00:00";"2021-07-12 02:25:00";16;478;20;10;0;<FLG>
V6155621;V615562101;HIXnJ;1;"2021-07-13 00:00:00";"2021-07-13 12:00:00";16;482;20;10;0;<FLG>
V6155621;V615562101;HIXnJ;1;"2021-07-14 00:00:00";"2021-07-14 07:20:00";16;485;20;10;0;<FLG>
V6155621;V615562101;HIXnJ;1;"2021-07-15 00:00:00";"2021-07-15 05:40:00";16;483;20;10;0;<FLG>
V6155621;V615562101;HIXnJ;1;"2021-07-16 00:00:00";"2021-07-16 09:20:00";16;479;20;10;0;<FLG>
V6155621;V615562101;HIXnJ;1;"2021-07-17 00:00:00";"2021-07-17 19:35:00";16;473;20;10;0;<FLG>
V6155621;V615562101;HIXnJ;1;"2021-07-18 00:00:00";"2021-07-18 01:50:00";16;472;20;10;0;<FLG>
V6155621;V615562101;HIXnJ;1;"2021-07-19 00:00:00";"2021-07-19 03:36:00";16;468;20;10;0;<FLG>
V6155621;V615562101;HIXnJ;1;"2021-07-20 00:00:00";"2021-07-20 13:43:00";16;462;20;10;0;<FLG>
V6155621;V615562101;HIXnJ;1;"2021-07-21 00:00:00";"2021-07-21 07:10:00";16;461;20;10;0;<FLG>
V6155621;V615562101;HIXnJ;1;"2021-07-22 00:00:00";"2021-07-22 08:35:00";16;457;20;10;0;<FLG>
V6155621;V615562101;HIXnJ;1;"2021-07-23 00:00:00";"2021-07-23 07:40:00";16;457;20;10;0;<FLG>
V6155621;V615562101;HIXnJ;1;"2021-07-24 00:00:00";"2021-07-24 10:10:00";16;458;20;10;0;<FLG>
V6155621;V615562101;HIXnJ;1;"2021-07-25 00:00:00";"2021-07-25 23:20:00";16;462;20;10;0;<FLG>
V6155621;V615562101;HIXnJ;1;"2021-07-26 00:00:00";"2021-07-26 00:00:00";16;460;20;10;0;<FLG>
V6155621;V615562101;HIXnJ;1;"2021-07-27 00:00:00";"2021-07-27 13:05:00";16;458;20;10;0;<FLG>
V6155621;V615562101;HIXnJ;1;"2021-07-28 00:00:00";"2021-07-28 09:40:00";16;455;20;10;0;<FLG>
V6155621;V615562101;HIXnJ;1;"2021-07-29 00:00:00";"2021-07-29 08:00:00";16;455;20;10;0;<FLG>
V6155621;V615562101;HIXnJ;1;"2021-07-30 00:00:00";"2021-07-30 23:55:00";16;440;20;10;0;<FLG>
V6155621;V615562101;HIXnJ;1;"2021-07-31 00:00:00";"2021-07-31 23:59:59";16;443;20;10;0;<FLG>
V6155621;V615562101;HIXnJ;1;"2021-08-01 00:00:00";"2021-08-01 00:00:00";16;443;20;10;0;<FLG>
V6155621;V615562101;HIXnJ;1;"2021-08-02 00:00:00";"2021-08-02 07:55:00";16;442;20;10;0;<FLG>
V6155621;V615562101;HIXnJ;1;"2021-08-03 00:00:00";"2021-08-03 06:30:00";16;439;20;10;0;<FLG>
V6155621;V615562101;HIXnJ;1;"2021-08-04 00:00:00";"2021-08-04 22:15:00";16;468;20;10;0;<FLG>
V6155621;V615562101;HIXnJ;1;"2021-08-05 00:00:00";"2021-08-05 00:00:00";16;465;20;10;0;<FLG>
V6155621;V615562101;HIXnJ;1;"2021-08-06 00:00:00";"2021-08-06 13:55:00";16;455;20;10;0;<FLG>
V6155621;V615562101;HIXnJ;1;"2021-08-07 00:00:00";"2021-08-07 18:45:00";16;466;20;10;0;<FLG>
V6155621;V615562101;HIXnJ;1;"2021-08-08 00:00:00";"2021-08-08 01:40:00";16;469;20;10;0;<FLG>
V6155621;V615562101;HIXnJ;1;"2021-08-09 00:00:00";"2021-08-09 07:30:00";16;452;20;10;0;<FLG>
V6155621;V615562101;HIXnJ;1;"2021-08-10 00:00:00";"2021-08-10 13:40:00";16;450;20;10;0;<FLG>
V6155621;V615562101;HIXnJ;1;"2021-08-11 00:00:00";"2021-08-11 00:20:00";16;441;20;10;0;<FLG>
V6155621;V615562101;HIXnJ;1;"2021-08-12 00:00:00";"2021-08-12 05:55:00";16;433;20;10;0;<FLG>
V6155621;V615562101;HIXnJ;1;"2021-08-13 00:00:00";"2021-08-13 08:05:00";16;432;20;10;0;<FLG>
V6155621;V615562101;HIXnJ;1;"2021-08-14 00:00:00";"2021-08-14 09:00:00";16;425;20;10;0;<FLG>
V6155621;V615562101;HIXnJ;1;"2021-08-15 00:00:00";"2021-08-15 21:00:00";16;427;20;10;0;<FLG>
V6155621;V615562101;HIXnJ;1;"2021-08-16 00:00:00";"2021-08-16 10:50:00";16;448;20;10;0;<FLG>
V6155621;V615562101;HIXnJ;1;"2021-08-17 00:00:00";"2021-08-17 09:20:00";16;448;20;10;0;<FLG>
V6155621;V615562101;HIXnJ;1;"2021-08-18 00:00:00";"2021-08-18 07:35:00";16;454;20;10;0;<FLG>
V6155621;V615562101;HIXnJ;1;"2021-08-19 00:00:00";"2021-08-19 07:50:00";16;447;20;10;0;<FLG>
V6155621;V615562101;HIXnJ;1;"2021-08-20 00:00:00";"2021-08-20 11:10:00";16;443;20;10;0;<FLG>
V6155621;V615562101;HIXnJ;1;"2021-08-21 00:00:00";"2021-08-21 09:10:00";16;438;20;10;0;<FLG>
V6155621;V615562101;HIXnJ;1;"2021-08-22 00:00:00";"2021-08-22 09:15:00";16;438;20;10;0;<FLG>
V6155621;V615562101;HIXnJ;1;"2021-08-23 00:00:00";"2021-08-23 12:03:00";16;438;20;10;0;<FLG>
V6155621;V615562101;HIXnJ;1;"2021-08-24 00:00:00";"2021-08-24 16:15:00";16;444;20;10;0;<FLG>
V6155621;V615562101;HIXnJ;1;"2021-08-25 00:00:00";"2021-08-25 09:40:00";16;446;20;10;0;<FLG>
V6155621;V615562101;HIXnJ;1;"2021-08-26 00:00:00";"2021-08-26 09:00:00";16;443;20;10;0;<FLG>
V6155621;V615562101;HIXnJ;1;"2021-08-27 00:00:00";"2021-08-27 08:51:00";16;441;20;10;0;<FLG>
V6155621;V615562101;HIXnJ;1;"2021-08-28 00:00:00";"2021-08-28 10:10:00";16;441;20;10;0;<FLG>
V6155621;V615562101;HIXnJ;1;"2021-08-29 00:00:00";"2021-08-29 09:20:00";16;440;20;10;0;<FLG>
V6155621;V615562101;HIXnJ;1;"2021-08-30 00:00:00";"2021-08-30 12:19:00";16;439;20;10;0;<FLG>
V6155621;V615562101;HIXnJ;1;"2021-08-31 00:00:00";"2021-08-31 12:45:00";16;441;20;10;0;<FLG>
V6155621;V615562101;HIXnJ;1;"2021-09-01 00:00:00";"2021-09-01 12:25:00";16;439;20;10;0;<FLG>
V6155621;V615562101;HIXnJ;1;"2021-09-02 00:00:00";"2021-09-02 07:05:00";16;438;20;10;0;<FLG>
V6155621;V615562101;HIXnJ;1;"2021-09-03 00:00:00";"2021-09-03 23:59:59";16;449;20;10;0;<FLG>
V6155621;V615562101;HIXnJ;1;"2021-09-04 00:00:00";"2021-09-04 03:20:00";16;451;20;10;0;<FLG>
V6155621;V615562101;HIXnJ;1;"2021-09-05 00:00:00";"2021-09-05 11:52:00";16;443;20;10;0;<FLG>
V6155621;V615562101;HIXnJ;1;"2021-09-06 00:00:00";"2021-09-06 12:15:00";16;443;20;10;0;<FLG>
V6155621;V615562101;HIXnJ;1;"2021-09-07 00:00:00";"2021-09-07 10:35:00";16;440;20;10;0;<FLG>
V6155621;V615562101;HIXnJ;1;"2021-09-08 00:00:00";"2021-09-08 09:09:00";16;440;20;10;0;<FLG>
V6155621;V615562101;HIXnJ;1;"2021-09-09 00:00:00";"2021-09-09 09:45:00";16;442;20;10;0;<FLG>
V6155621;V615562101;HIXnJ;1;"2021-09-10 00:00:00";"2021-09-10 11:40:00";16;441;20;10;0;<FLG>
V6155621;V615562101;HIXnJ;1;"2021-09-11 00:00:00";"2021-09-11 10:25:00";16;441;20;10;0;<FLG>
V6155621;V615562101;HIXnJ;1;"2021-09-12 00:00:00";"2021-09-12 08:55:00";16;442;20;10;0;<FLG>
V6155621;V615562101;HIXnJ;1;"2021-09-13 00:00:00";"2021-09-13 13:35:00";16;440;20;10;0;<FLG>
V6155621;V615562101;HIXnJ;1;"2021-09-14 00:00:00";"2021-09-14 09:20:00";16;441;20;10;0;<FLG>
V6155621;V615562101;HIXnJ;1;"2021-09-15 00:00:00";"2021-09-15 23:59:59";16;655;20;10;0;<FLG>
V6155621;V615562101;HIXnJ;1;"2021-09-16 00:00:00";"2021-09-16 00:45:00";16;673;20;10;0;<FLG>
V6155621;V615562101;HIXnJ;1;"2021-09-17 00:00:00";"2021-09-17 02:50:00";16;471;20;10;0;<FLG>
V6155621;V615562101;HIXnJ;1;"2021-09-18 00:00:00";"2021-09-18 07:35:00";16;451;20;10;0;<FLG>
V6155621;V615562101;HIXnJ;1;"2021-09-19 00:00:00";"2021-09-19 12:30:00";16;455;20;10;0;<FLG>
V6155621;V615562101;HIXnJ;1;"2021-09-20 00:00:00";"2021-09-20 11:25:00";16;453;20;10;0;<FLG>
V6155621;V615562101;HIXnJ;1;"2021-09-21 00:00:00";"2021-09-21 14:50:00";16;448;20;10;0;<FLG>
V6155621;V615562101;HIXnJ;1;"2021-09-22 00:00:00";"2021-09-22 15:25:00";16;448;20;10;0;<FLG>
V6155621;V615562101;HIXnJ;1;"2021-09-23 00:00:00";"2021-09-23 10:50:00";16;440;20;10;0;<FLG>
V6155621;V615562101;HIXnJ;1;"2021-09-24 00:00:00";"2021-09-24 10:25:00";16;438;20;10;0;<FLG>
V6155621;V615562101;HIXnJ;1;"2021-09-25 00:00:00";"2021-09-25 19:50:00";16;451;20;10;0;<FLG>
V6155621;V615562101;HIXnJ;1;"2021-09-26 00:00:00";"2021-09-26 12:45:00";16;574;20;10;0;<FLG>
V6155621;V615562101;HIXnJ;1;"2021-09-27 00:00:00";"2021-09-27 00:00:00";16;495;20;10;0;<FLG>
V6155621;V615562101;HIXnJ;1;"2021-09-28 00:00:00";"2021-09-28 04:15:00";16;487;20;10;0;<FLG>
V6155621;V615562101;HIXnJ;1;"2021-09-29 00:00:00";"2021-09-29 22:30:00";16;484;20;10;0;<FLG>
V6155621;V615562101;HIXnJ;1;"2021-09-30 00:00:00";"2021-09-30 10:50:00";16;485;20;10;0;<FLG>
V6155621;V615562101;HIXnJ;1;"2021-10-01 00:00:00";"2021-10-01 11:50:00";16;481;20;10;0;<FLG>
V6155621;V615562101;HIXnJ;1;"2021-10-02 00:00:00";"2021-10-02 09:05:00";16;481;20;10;0;<FLG>
V6155621;V615562101;HIXnJ;1;"2021-10-03 00:00:00";"2021-10-03 23:30:00";16;585;20;10;0;<FLG>
V6155621;V615562101;HIXnJ;1;"2021-10-04 00:00:00";"2021-10-04 19:05:00";16;993;20;10;0;<FLG>
V6155621;V615562101;HIXnJ;1;"2021-10-05 00:00:00";"2021-10-05 00:00:00";16;977;20;10;0;<FLG>
V6155621;V615562101;HIXnJ;1;"2021-10-06 00:00:00";"2021-10-06 04:15:00";16;662;20;10;0;<FLG>
V6155621;V615562101;HIXnJ;1;"2021-10-07 00:00:00";"2021-10-07 01:00:00";16;630;20;10;0;<FLG>
V6155621;V615562101;HIXnJ;1;"2021-10-08 00:00:00";"2021-10-08 03:40:00";16;609;20;10;0;<FLG>
V6155621;V615562101;HIXnJ;1;"2021-10-09 00:00:00";"2021-10-09 00:00:00";16;586;20;10;0;<FLG>
V6155621;V615562101;HIXnJ;1;"2021-10-10 00:00:00";"2021-10-10 00:00:00";16;571;20;10;0;<FLG>
V6155621;V615562101;HIXnJ;1;"2021-10-11 00:00:00";"2021-10-11 23:25:00";16;576;20;10;0;<FLG>
V6155621;V615562101;HIXnJ;1;"2021-10-12 00:00:00";"2021-10-12 00:00:00";16;574;20;10;0;<FLG>
V6155621;V615562101;HIXnJ;1;"2021-10-13 00:00:00";"2021-10-13 01:05:00";16;532;20;10;0;<FLG>
V6155621;V615562101;HIXnJ;1;"2021-10-14 00:00:00";"2021-10-14 02:15:00";16;502;20;10;0;<FLG>
V6155621;V615562101;HIXnJ;1;"2021-10-15 00:00:00";"2021-10-15 09:35:00";16;507;20;10;0;<FLG>
V6155621;V615562101;HIXnJ;1;"2021-10-16 00:00:00";"2021-10-16 23:59:59";16;499;20;10;0;<FLG>
V6155621;V615562101;HIXnJ;1;"2021-10-17 00:00:00";"2021-10-17 09:00:00";16;500;20;10;0;<FLG>
V6155621;V615562101;HIXnJ;1;"2021-10-18 00:00:00";"2021-10-18 06:30:00";16;500;20;10;0;<FLG>
V6155621;V615562101;HIXnJ;1;"2021-10-19 00:00:00";"2021-10-19 00:00:00";16;486;20;10;0;<FLG>
V6155621;V615562101;HIXnJ;1;"2021-10-20 00:00:00";"2021-10-20 00:00:00";16;485;20;10;0;<FLG>
V6155621;V615562101;HIXnJ;1;"2021-10-21 00:00:00";"2021-10-21 10:20:00";16;506;20;10;0;<FLG>
V6155621;V615562101;HIXnJ;1;"2021-10-22 00:00:00";"2021-10-22 11:36:00";16;468;20;10;0;<FLG>
V6155621;V615562101;HIXnJ;1;"2021-10-23 00:00:00";"2021-10-23 08:05:00";16;471;20;10;0;<FLG>
V6155621;V615562101;HIXnJ;1;"2021-10-24 00:00:00";"2021-10-24 06:10:00";16;467;20;10;0;<FLG>
V6155621;V615562101;HIXnJ;1;"2021-10-25 00:00:00";"2021-10-25 10:40:00";16;466;20;10;0;<FLG>
V6155621;V615562101;HIXnJ;1;"2021-10-26 00:00:00";"2021-10-26 03:04:00";16;462;20;10;0;<FLG>
V6155621;V615562101;HIXnJ;1;"2021-10-27 00:00:00";"2021-10-27 13:45:00";16;466;20;10;0;<FLG>
V6155621;V615562101;HIXnJ;1;"2021-10-28 00:00:00";"2021-10-28 12:35:00";16;464;20;10;0;<FLG>
V6155621;V615562101;HIXnJ;1;"2021-10-29 00:00:00";"2021-10-29 23:59:59";16;459;20;10;0;<FLG>
V6155621;V615562101;HIXnJ;1;"2021-10-30 00:00:00";"2021-10-30 20:15:00";16;478;20;10;0;<FLG>
V6155621;V615562101;HIXnJ;1;"2021-10-31 00:00:00";"2021-10-31 19:40:00";16;475;20;10;0;<FLG>
V6155621;V615562101;HIXnJ;1;"2021-11-01 00:00:00";"2021-11-01 11:45:00";16;625;20;10;0;<FLG>
V6155621;V615562101;HIXnJ;1;"2021-11-02 00:00:00";"2021-11-02 22:40:00";16;575;20;10;0;<FLG>
V6155621;V615562101;HIXnJ;1;"2021-11-03 00:00:00";"2021-11-03 10:55:00";16;574;20;10;0;<FLG>
V6155621;V615562101;HIXnJ;1;"2021-11-04 00:00:00";"2021-11-04 10:10:00";16;568;20;10;0;<FLG>
V6155621;V615562101;HIXnJ;1;"2021-11-05 00:00:00";"2021-11-05 02:20:00";16;559;20;10;0;<FLG>
V6155621;V615562101;HIXnJ;1;"2021-11-06 00:00:00";"2021-11-06 00:00:00";16;546;20;10;0;<FLG>
V6155621;V615562101;HIXnJ;1;"2021-11-07 00:00:00";"2021-11-07 01:24:00";16;542;20;10;0;<FLG>
V6155621;V615562101;HIXnJ;1;"2021-11-08 00:00:00";"2021-11-08 00:01:00";16;538;20;10;0;<FLG>
V6155621;V615562101;HIXnJ;1;"2021-11-09 00:00:00";"2021-11-09 00:00:00";16;529;20;10;0;<FLG>
V6155621;V615562101;HIXnJ;1;"2021-11-10 00:00:00";"2021-11-10 01:41:00";16;518;20;10;0;<FLG>
V6155621;V615562101;HIXnJ;1;"2021-11-11 00:00:00";"2021-11-11 06:45:00";16;520;20;10;0;<FLG>
V6155621;V615562101;HIXnJ;1;"2021-11-12 00:00:00";"2021-11-12 00:00:00";16;510;20;10;0;<FLG>
V6155621;V615562101;HIXnJ;1;"2021-11-13 00:00:00";"2021-11-13 06:15:00";16;507;20;10;0;<FLG>
V6155621;V615562101;HIXnJ;1;"2021-11-14 00:00:00";"2021-11-14 23:59:59";16;506;20;10;0;<FLG>
V6155621;V615562101;HIXnJ;1;"2021-11-15 00:00:00";"2021-11-15 04:15:00";16;512;20;10;0;<FLG>
V6155621;V615562101;HIXnJ;1;"2021-11-16 00:00:00";"2021-11-16 00:00:00";16;509;20;10;0;<FLG>
V6155621;V615562101;HIXnJ;1;"2021-11-17 00:00:00";"2021-11-17 09:20:00";16;499;20;10;0;<FLG>
V6155621;V615562101;HIXnJ;1;"2021-11-18 00:00:00";"2021-11-18 04:10:00";16;501;20;10;0;<FLG>
V6155621;V615562101;HIXnJ;1;"2021-11-19 00:00:00";"2021-11-19 11:30:00";16;495;20;10;0;<FLG>
V6155621;V615562101;HIXnJ;1;"2021-11-20 00:00:00";"2021-11-20 23:59:59";16;485;20;10;0;<FLG>
V6155621;V615562101;HIXnJ;1;"2021-11-21 00:00:00";"2021-11-21 01:30:00";16;486;20;10;0;<FLG>
V6155621;V615562101;HIXnJ;1;"2021-11-22 00:00:00";"2021-11-22 21:40:00";16;484;20;10;0;<FLG>
V6155621;V615562101;HIXnJ;1;"2021-11-23 00:00:00";"2021-11-23 14:45:00";16;483;20;10;0;<FLG>
V6155621;V615562101;HIXnJ;1;"2021-11-24 00:00:00";"2021-11-24 23:59:59";16;492;20;10;0;<FLG>
V6155621;V615562101;HIXnJ;1;"2021-11-25 00:00:00";"2021-11-25 17:30:00";16;514;20;10;0;<FLG>
V6155621;V615562101;HIXnJ;1;"2021-11-26 00:00:00";"2021-11-26 00:00:00";16;499;20;10;0;<FLG>
V6155621;V615562101;HIXnJ;1;"2021-11-27 00:00:00";"2021-11-27 15:00:00";16;499;20;10;0;<FLG>
V6155621;V615562101;HIXnJ;1;"2021-11-28 00:00:00";"2021-11-28 23:59:59";16;499;20;10;0;<FLG>
V6155621;V615562101;HIXnJ;1;"2021-11-29 00:00:00";"2021-11-29 00:10:00";16;499;20;10;0;<FLG>
V6155621;V615562101;HIXnJ;1;"2021-11-30 00:00:00";"2021-11-30 11:10:00";16;479;20;10;0;<FLG>
V6155621;V615562101;HIXnJ;1;"2021-12-01 00:00:00";"2021-12-01 23:55:00";16;476;20;10;0;<FLG>
V6155621;V615562101;HIXnJ;1;"2021-12-02 00:00:00";"2021-12-02 00:00:00";16;476;20;10;0;<FLG>
V6155621;V615562101;HIXnJ;1;"2021-12-03 00:00:00";"2021-12-03 05:40:00";16;474;20;10;0;<FLG>
V6155621;V615562101;HIXnJ;1;"2021-12-04 00:00:00";"2021-12-04 19:25:00";16;476;20;10;0;<FLG>
V6155621;V615562101;HIXnJ;1;"2021-12-05 00:00:00";"2021-12-05 23:59:59";16;479;20;10;0;<FLG>
V6155621;V615562101;HIXnJ;1;"2021-12-06 00:00:00";"2021-12-06 23:59:59";16;484;20;10;0;<FLG>
V6155621;V615562101;HIXnJ;1;"2021-12-07 00:00:00";"2021-12-07 23:59:59";16;494;20;10;0;<FLG>
V6155621;V615562101;HIXnJ;1;"2021-12-08 00:00:00";"2021-12-08 12:35:00";16;608;20;10;0;<FLG>
V6155621;V615562101;HIXnJ;1;"2021-12-09 00:00:00";"2021-12-09 21:35:00";16;622;20;10;0;<FLG>
V6155621;V615562101;HIXnJ;1;"2021-12-10 00:00:00";"2021-12-10 12:15:00";16;649;20;10;0;<FLG>
V6155621;V615562101;HIXnJ;1;"2021-12-11 00:00:00";"2021-12-11 00:00:00";16;632;20;10;0;<FLG>
V6155621;V615562101;HIXnJ;1;"2021-12-12 00:00:00";"2021-12-12 00:00:00";16;616;20;10;0;<FLG>
V6155621;V615562101;HIXnJ;1;"2021-12-13 00:00:00";"2021-12-13 00:00:00";16;598;20;10;0;<FLG>
V6155621;V615562101;HIXnJ;1;"2021-12-14 00:00:00";"2021-12-14 00:40:00";16;538;20;10;0;<FLG>
V6155621;V615562101;HIXnJ;1;"2021-12-15 00:00:00";"2021-12-15 06:45:00";16;524;20;10;0;<FLG>
V6155621;V615562101;HIXnJ;1;"2021-12-16 00:00:00";"2021-12-16 00:00:00";16;516;20;10;0;<FLG>
V6155621;V615562101;HIXnJ;1;"2021-12-17 00:00:00";"2021-12-17 00:00:00";16;513;20;10;0;<FLG>
V6155621;V615562101;HIXnJ;1;"2021-12-18 00:00:00";"2021-12-18 07:40:00";16;503;20;10;0;<FLG>
V6155621;V615562101;HIXnJ;1;"2021-12-19 00:00:00";"2021-12-19 09:25:00";16;500;20;10;0;<FLG>
V6155621;V615562101;HIXnJ;1;"2021-12-20 00:00:00";"2021-12-20 01:20:00";16;501;20;10;0;<FLG>
V6155621;V615562101;HIXnJ;1;"2021-12-21 00:00:00";"2021-12-21 00:00:00";16;497;20;10;0;<FLG>
V6155621;V615562101;HIXnJ;1;"2021-12-22 00:00:00";"2021-12-22 04:55:00";16;497;20;10;0;<FLG>
V6155621;V615562101;HIXnJ;1;"2021-12-23 00:00:00";"2021-12-23 01:48:00";16;490;20;10;0;<FLG>
V6155621;V615562101;HIXnJ;1;"2021-12-24 00:00:00";"2021-12-24 20:06:00";16;486;20;10;0;<FLG>
V6155621;V615562101;HIXnJ;1;"2021-12-25 00:00:00";"2021-12-25 15:50:00";16;523;20;10;0;<FLG>
V6155621;V615562101;HIXnJ;1;"2021-12-26 00:00:00";"2021-12-26 23:59:59";16;582;20;10;0;<FLG>
V6155621;V615562101;HIXnJ;1;"2021-12-27 00:00:00";"2021-12-27 15:20:00";16;608;20;10;0;<FLG>
V6155621;V615562101;HIXnJ;1;"2021-12-28 00:00:00";"2021-12-28 09:45:00";16;606;20;10;0;<FLG>
V6155621;V615562101;HIXnJ;1;"2021-12-29 00:00:00";"2021-12-29 23:59:59";16;609;20;10;0;<FLG>
V6155621;V615562101;HIXnJ;1;"2021-12-30 00:00:00";"2021-12-30 23:59:59";16;633;20;10;0;<FLG>
V6155621;V615562101;HIXnJ;1;"2021-12-31 00:00:00";"2021-12-31 03:00:00";16;635;20;10;0;<FLG>
V6155621;V615562101;HIXnJ;1;"2022-01-01 00:00:00";"2022-01-01 00:00:00";16;625;20;10;0;<FLG>
V6155621;V615562101;HIXnJ;1;"2022-01-02 00:00:00";"2022-01-02 00:00:00";16;614;20;10;0;<FLG>
V6155621;V615562101;HIXnJ;1;"2022-01-03 00:00:00";"2022-01-03 00:00:00";16;603;20;10;0;<FLG>
V6155621;V615562101;HIXnJ;1;"2022-01-04 00:00:00";"2022-01-04 03:00:00";16;596;20;10;0;<FLG>
V6155621;V615562101;HIXnJ;1;"2022-01-05 00:00:00";"2022-01-05 00:00:00";16;586;20;10;0;<FLG>
V6155621;V615562101;HIXnJ;1;"2022-01-06 00:00:00";"2022-01-06 01:00:00";16;585;20;10;0;<FLG>
V6155621;V615562101;HIXnJ;1;"2022-01-07 00:00:00";"2022-01-07 00:00:00";16;576;20;10;0;<FLG>
V6155621;V615562101;HIXnJ;1;"2022-01-08 00:00:00";"2022-01-08 00:00:00";16;565;20;10;0;<FLG>
V6155621;V615562101;HIXnJ;1;"2022-01-09 00:00:00";"2022-01-09 00:00:00";16;560;20;10;0;<FLG>
V6155621;V615562101;HIXnJ;1;"2022-01-10 00:00:00";"2022-01-10 00:00:00";16;555;20;10;0;<FLG>
V6155621;V615562101;HIXnJ;1;"2022-01-11 00:00:00";"2022-01-11 00:00:00";16;551;20;10;0;<FLG>
V6155621;V615562101;HIXnJ;1;"2022-01-12 00:00:00";"2022-01-12 00:00:00";16;544;20;10;0;<FLG>
V6155621;V615562101;HIXnJ;1;"2022-01-13 00:00:00";"2022-01-13 00:00:00";16;543;20;10;0;<FLG>
V6155621;V615562101;HIXnJ;1;"2022-01-14 00:00:00";"2022-01-14 02:20:00";16;535;20;10;0;<FLG>
V6155621;V615562101;HIXnJ;1;"2022-01-15 00:00:00";"2022-01-15 00:00:00";16;523;20;10;0;<FLG>
V6155621;V615562101;HIXnJ;1;"2022-01-16 00:00:00";"2022-01-16 00:00:00";16;522;20;10;0;<FLG>
V6155621;V615562101;HIXnJ;1;"2022-01-17 00:00:00";"2022-01-17 00:00:00";16;519;20;10;0;<FLG>
V6155621;V615562101;HIXnJ;1;"2022-01-18 00:00:00";"2022-01-18 00:00:00";16;517;20;10;0;<FLG>
V6155621;V615562101;HIXnJ;1;"2022-01-19 00:00:00";"2022-01-19 00:00:00";16;505;20;10;0;<FLG>
V6155621;V615562101;HIXnJ;1;"2022-01-20 00:00:00";"2022-01-20 23:45:00";16;509;20;10;0;<FLG>
V6155621;V615562101;HIXnJ;1;"2022-01-21 00:00:00";"2022-01-21 00:00:00";16;509;20;10;0;<FLG>
V6155621;V615562101;HIXnJ;1;"2022-01-22 00:00:00";"2022-01-22 05:35:00";16;500;20;10;0;<FLG>
V6155621;V615562101;HIXnJ;1;"2022-01-23 00:00:00";"2022-01-23 00:00:00";16;493;20;10;0;<FLG>
V6155621;V615562101;HIXnJ;1;"2022-01-24 00:00:00";"2022-01-24 00:00:00";16;488;20;10;0;<FLG>
V6155621;V615562101;HIXnJ;1;"2022-01-25 00:00:00";"2022-01-25 00:00:00";16;486;20;10;0;<FLG>
V6155621;V615562101;HIXnJ;1;"2022-01-26 00:00:00";"2022-01-26 00:00:00";16;485;20;10;0;<FLG>
V6155621;V615562101;HIXnJ;1;"2022-01-27 00:00:00";"2022-01-27 23:59:59";16;479;20;10;0;<FLG>
V6155621;V615562101;HIXnJ;1;"2022-01-28 00:00:00";"2022-01-28 09:56:40";16;483;20;10;0;<FLG>
V6155621;V615562101;HIXnJ;1;"2022-01-29 00:00:00";"2022-01-29 03:35:00";16;477;20;10;0;<FLG>
V6155621;V615562101;HIXnJ;1;"2022-01-30 00:00:00";"2022-01-30 12:20:00";16;474;20;10;0;<FLG>
V6155621;V615562101;HIXnJ;1;"2022-01-31 00:00:00";"2022-01-31 01:58:20";16;473;20;10;0;<FLG>
V6155621;V615562101;HIXnJ;1;"2022-02-01 00:00:00";"2022-02-01 11:54:00";16;461;20;10;0;<FLG>
V6155621;V615562101;HIXnJ;1;"2022-02-02 00:00:00";"2022-02-02 00:00:00";16;459;20;10;0;<FLG>
V6155621;V615562101;HIXnJ;1;"2022-02-03 00:00:00";"2022-02-03 00:00:00";16;456;20;10;0;<FLG>
V6155621;V615562101;HIXnJ;1;"2022-02-04 00:00:00";"2022-02-04 00:00:00";16;453;20;10;0;<FLG>
V6155621;V615562101;HIXnJ;1;"2022-02-05 00:00:00";"2022-02-05 23:59:59";16;454;20;10;0;<FLG>
V6155621;V615562101;HIXnJ;1;"2022-02-06 00:00:00";"2022-02-06 03:12:00";16;454;20;10;0;<FLG>
V6155621;V615562101;HIXnJ;1;"2022-02-07 00:00:00";"2022-02-07 23:59:59";16;464;20;10;0;<FLG>
V6155621;V615562101;HIXnJ;1;"2022-02-08 00:00:00";"2022-02-08 14:35:00";16;469;20;10;0;<FLG>
V6155621;V615562101;HIXnJ;1;"2022-02-09 00:00:00";"2022-02-09 08:20:00";16;467;20;10;0;<FLG>
V6155621;V615562101;HIXnJ;1;"2022-02-10 00:00:00";"2022-02-10 23:59:59";16;476;20;10;0;<FLG>
V6155621;V615562101;HIXnJ;1;"2022-02-11 00:00:00";"2022-02-11 23:59:59";16;482;20;10;0;<FLG>
V6155621;V615562101;HIXnJ;1;"2022-02-12 00:00:00";"2022-02-12 05:28:00";16;483;20;10;0;<FLG>
V6155621;V615562101;HIXnJ;1;"2022-02-13 00:00:00";"2022-02-13 03:25:00";16;481;20;10;0;<FLG>
V6155621;V615562101;HIXnJ;1;"2022-02-14 00:00:00";"2022-02-14 16:50:00";16;524;20;10;0;<FLG>
V6155621;V615562101;HIXnJ;1;"2022-02-15 00:00:00";"2022-02-15 00:00:00";16;500;20;10;0;<FLG>
V6155621;V615562101;HIXnJ;1;"2022-02-16 00:00:00";"2022-02-16 08:25:00";16;495;20;10;0;<FLG>
V6155621;V615562101;HIXnJ;1;"2022-02-17 00:00:00";"2022-02-17 23:59:59";16;478;20;10;0;<FLG>
V6155621;V615562101;HIXnJ;1;"2022-02-18 00:00:00";"2022-02-18 23:59:59";16;482;20;10;0;<FLG>
V6155621;V615562101;HIXnJ;1;"2022-02-19 00:00:00";"2022-02-19 23:59:59";16;488;20;10;0;<FLG>
V6155621;V615562101;HIXnJ;1;"2022-02-20 00:00:00";"2022-02-20 09:30:00";16;492;20;10;0;<FLG>
V6155621;V615562101;HIXnJ;1;"2022-02-21 00:00:00";"2022-02-21 11:40:00";16;487;20;10;0;<FLG>
V6155621;V615562101;HIXnJ;1;"2022-02-22 00:00:00";"2022-02-22 23:55:00";16;497;20;10;0;<FLG>
V6155621;V615562101;HIXnJ;1;"2022-02-23 00:00:00";"2022-02-23 23:59:59";16;501;20;10;0;<FLG>
V6155621;V615562101;HIXnJ;1;"2022-02-24 00:00:00";"2022-02-24 02:05:00";16;504;20;10;0;<FLG>
V6155621;V615562101;HIXnJ;1;"2022-02-25 00:00:00";"2022-02-25 08:01:00";16;502;20;10;0;<FLG>
V6155621;V615562101;HIXnJ;1;"2022-02-26 00:00:00";"2022-02-26 04:56:00";16;503;20;10;0;<FLG>
V6155621;V615562101;HIXnJ;1;"2022-02-27 00:00:00";"2022-02-27 10:50:00";16;499;20;10;0;<FLG>
V6155621;V615562101;HIXnJ;1;"2022-02-28 00:00:00";"2022-02-28 10:35:00";16;500;20;10;0;<FLG>
V6155621;V615562101;HIXnJ;1;"2022-03-01 00:00:00";"2022-03-01 11:50:00";16;498;20;10;0;<FLG>
V6155621;V615562101;HIXnJ;1;"2022-03-02 00:00:00";"2022-03-02 12:50:00";16;495;20;10;0;<FLG>
V6155621;V615562101;HIXnJ;1;"2022-03-03 00:00:00";"2022-03-03 09:30:00";16;497;20;10;0;<FLG>
V6155621;V615562101;HIXnJ;1;"2022-03-04 00:00:00";"2022-03-04 08:25:00";16;496;20;10;0;<FLG>
V6155621;V615562101;HIXnJ;1;"2022-03-05 00:00:00";"2022-03-05 11:20:00";16;495;20;10;0;<FLG>
V6155621;V615562101;HIXnJ;1;"2022-03-06 00:00:00";"2022-03-06 03:10:00";16;496;20;10;0;<FLG>
V6155621;V615562101;HIXnJ;1;"2022-03-07 00:00:00";"2022-03-07 06:35:00";16;496;20;10;0;<FLG>
V6155621;V615562101;HIXnJ;1;"2022-03-08 00:00:00";"2022-03-08 23:59:59";16;493;20;10;0;<FLG>
V6155621;V615562101;HIXnJ;1;"2022-03-09 00:00:00";"2022-03-09 11:30:00";16;493;20;10;0;<FLG>
V6155621;V615562101;HIXnJ;1;"2022-03-10 00:00:00";"2022-03-10 06:55:00";16;492;20;10;0;<FLG>
V6155621;V615562101;HIXnJ;1;"2022-03-11 00:00:00";"2022-03-11 23:59:59";16;489;20;10;0;<FLG>
V6155621;V615562101;HIXnJ;1;"2022-03-12 00:00:00";"2022-03-12 02:55:00";16;490;20;10;0;<FLG>
V6155621;V615562101;HIXnJ;1;"2022-03-13 00:00:00";"2022-03-13 23:59:59";16;474;20;10;0;<FLG>
V6155621;V615562101;HIXnJ;1;"2022-03-14 00:00:00";"2022-03-14 10:05:00";16;474;20;10;0;<FLG>
V6155621;V615562101;HIXnJ;1;"2022-03-15 00:00:00";"2022-03-15 00:00:00";16;456;20;10;0;<FLG>
V6155621;V615562101;HIXnJ;1;"2022-03-16 00:00:00";"2022-03-16 07:30:00";16;461;20;10;0;<FLG>
V6155621;V615562101;HIXnJ;1;"2022-03-17 00:00:00";"2022-03-17 23:59:59";16;460;20;10;0;<FLG>
V6155621;V615562101;HIXnJ;1;"2022-03-18 00:00:00";"2022-03-18 06:10:00";16;462;20;10;0;<FLG>
V6155621;V615562101;HIXnJ;1;"2022-03-19 00:00:00";"2022-03-19 23:59:59";16;458;20;10;0;<FLG>
V6155621;V615562101;HIXnJ;1;"2022-03-20 00:00:00";"2022-03-20 22:15:00";16;463;20;10;0;<FLG>
V6155621;V615562101;HIXnJ;1;"2022-03-21 00:00:00";"2022-03-21 00:00:00";16;462;20;10;0;<FLG>
V6155621;V615562101;HIXnJ;1;"2022-03-22 00:00:00";"2022-03-22 13:05:00";16;459;20;10;0;<FLG>
V6155621;V615562101;HIXnJ;1;"2022-03-23 00:00:00";"2022-03-23 06:45:00";16;461;20;10;0;<FLG>
V6155621;V615562101;HIXnJ;1;"2022-03-24 00:00:00";"2022-03-24 03:40:00";16;461;20;10;0;<FLG>
V6155621;V615562101;HIXnJ;1;"2022-03-25 00:00:00";"2022-03-25 09:55:00";16;458;20;10;0;<FLG>
V6155621;V615562101;HIXnJ;1;"2022-03-26 00:00:00";"2022-03-26 07:20:00";16;457;20;10;0;<FLG>
V6155621;V615562101;HIXnJ;1;"2022-03-27 00:00:00";"2022-03-27 04:05:00";16;455;20;10;0;<FLG>
V6155621;V615562101;HIXnJ;1;"2022-03-28 00:00:00";"2022-03-28 08:50:00";16;457;20;10;0;<FLG>
V6155621;V615562101;HIXnJ;1;"2022-03-29 00:00:00";"2022-03-29 04:35:00";16;454;20;10;0;<FLG>
V6155621;V615562101;HIXnJ;1;"2022-03-30 00:00:00";"2022-03-30 19:05:00";16;461;20;10;0;<FLG>
V6155621;V615562101;HIXnJ;1;"2022-03-31 00:00:00";"2022-03-31 10:05:00";16;460;20;10;0;<FLG>
V6155621;V615562101;HIXnJ;1;"2022-04-01 00:00:00";"2022-04-01 06:15:00";16;465;20;10;0;<FLG>
V6155621;V615562101;HIXnJ;1;"2022-04-02 00:00:00";"2022-04-02 23:59:59";16;464;20;10;0;<FLG>
V6155621;V615562101;HIXnJ;1;"2022-04-03 00:00:00";"2022-04-03 06:49:00";16;465;20;10;0;<FLG>
V6155621;V615562101;HIXnJ;1;"2022-04-04 00:00:00";"2022-04-04 04:55:00";16;462;20;10;0;<FLG>
V6155621;V615562101;HIXnJ;1;"2022-04-05 00:00:00";"2022-04-05 07:20:00";16;460;20;10;0;<FLG>
V6155621;V615562101;HIXnJ;1;"2022-04-06 00:00:00";"2022-04-06 11:25:00";16;456;20;10;0;<FLG>
V6155621;V615562101;HIXnJ;1;"2022-04-07 00:00:00";"2022-04-07 19:15:00";16;455;20;10;0;<FLG>
V6155621;V615562101;HIXnJ;1;"2022-04-08 00:00:00";"2022-04-08 00:00:00";16;454;20;10;0;<FLG>
V6155621;V615562101;HIXnJ;1;"2022-04-09 00:00:00";"2022-04-09 07:20:00";16;459;20;10;0;<FLG>
V6155621;V615562101;HIXnJ;1;"2022-04-10 00:00:00";"2022-04-10 06:00:00";16;458;20;10;0;<FLG>
V6155621;V615562101;HIXnJ;1;"2022-04-11 00:00:00";"2022-04-11 05:50:00";16;454;20;10;0;<FLG>
V6155621;V615562101;HIXnJ;1;"2022-04-12 00:00:00";"2022-04-12 05:55:00";16;457;20;10;0;<FLG>
V6155621;V615562101;HIXnJ;1;"2022-04-13 00:00:00";"2022-04-13 08:05:00";16;452;20;10;0;<FLG>
V6155621;V615562101;HIXnJ;1;"2022-04-14 00:00:00";"2022-04-14 10:05:00";16;456;20;10;0;<FLG>
V6155621;V615562101;HIXnJ;1;"2022-04-15 00:00:00";"2022-04-15 10:35:00";16;453;20;10;0;<FLG>
V6155621;V615562101;HIXnJ;1;"2022-04-16 00:00:00";"2022-04-16 09:20:00";16;454;20;10;0;<FLG>
V6155621;V615562101;HIXnJ;1;"2022-04-17 00:00:00";"2022-04-17 10:50:00";16;450;20;10;0;<FLG>
V6155621;V615562101;HIXnJ;1;"2022-04-18 00:00:00";"2022-04-18 07:35:00";16;451;20;10;0;<FLG>
V6155621;V615562101;HIXnJ;1;"2022-04-19 00:00:00";"2022-04-19 09:45:00";16;455;20;10;0;<FLG>
V6155621;V615562101;HIXnJ;1;"2022-04-20 00:00:00";"2022-04-20 22:30:00";16;462;20;10;0;<FLG>
V6155621;V615562101;HIXnJ;1;"2022-04-21 00:00:00";"2022-04-21 23:59:59";16;464;20;10;0;<FLG>
V6155621;V615562101;HIXnJ;1;"2022-04-22 00:00:00";"2022-04-22 00:10:00";16;465;20;10;0;<FLG>
V6155621;V615562101;HIXnJ;1;"2022-04-23 00:00:00";"2022-04-23 19:40:00";16;507;20;10;0;<FLG>
V6155621;V615562101;HIXnJ;1;"2022-04-24 00:00:00";"2022-04-24 23:59:59";16;541;20;10;0;<FLG>
V6155621;V615562101;HIXnJ;1;"2022-04-25 00:00:00";"2022-04-25 23:59:59";16;580;20;10;0;<FLG>
V6155621;V615562101;HIXnJ;1;"2022-04-26 00:00:00";"2022-04-26 12:45:00";16;590;20;10;0;<FLG>
V6155621;V615562101;HIXnJ;1;"2022-04-27 00:00:00";"2022-04-27 11:53:00";16;581;20;10;0;<FLG>
V6155621;V615562101;HIXnJ;1;"2022-04-28 00:00:00";"2022-04-28 00:00:00";16;575;20;10;0;<FLG>
V6155621;V615562101;HIXnJ;1;"2022-04-29 00:00:00";"2022-04-29 02:13:00";16;568;20;10;0;<FLG>
V6155621;V615562101;HIXnJ;1;"2022-04-30 00:00:00";"2022-04-30 05:14:00";16;555;20;10;0;<FLG>
V6155621;V615562101;HIXnJ;1;"2022-05-01 00:00:00";"2022-05-01 04:02:00";16;546;20;10;0;<FLG>
V6155621;V615562101;HIXnJ;1;"2022-05-02 00:00:00";"2022-05-02 04:05:00";16;545;20;10;0;<FLG>
V6155621;V615562101;HIXnJ;1;"2022-05-03 00:00:00";"2022-05-03 21:10:00";16;538;20;10;0;<FLG>
V6155621;V615562101;HIXnJ;1;"2022-05-04 00:00:00";"2022-05-04 00:00:00";16;535;20;10;0;<FLG>
V6155621;V615562101;HIXnJ;1;"2022-05-05 00:00:00";"2022-05-05 01:21:00";16;525;20;10;0;<FLG>
V6155621;V615562101;HIXnJ;1;"2022-05-06 00:00:00";"2022-05-06 05:19:00";16;520;20;10;0;<FLG>
V6155621;V615562101;HIXnJ;1;"2022-05-07 00:00:00";"2022-05-07 00:00:00";16;513;20;10;0;<FLG>
V6155621;V615562101;HIXnJ;1;"2022-05-08 00:00:00";"2022-05-08 23:59:59";16;514;20;10;0;<FLG>
V6155621;V615562101;HIXnJ;1;"2022-05-09 00:00:00";"2022-05-09 23:59:59";16;520;20;10;0;<FLG>
V6155621;V615562101;HIXnJ;1;"2022-05-10 00:00:00";"2022-05-10 18:45:00";16;536;20;10;0;<FLG>
V6155621;V615562101;HIXnJ;1;"2022-05-11 00:00:00";"2022-05-11 08:45:00";16;543;20;10;0;<FLG>
V6155621;V615562101;HIXnJ;1;"2022-05-12 00:00:00";"2022-05-12 04:30:00";16;541;20;10;0;<FLG>
V6155621;V615562101;HIXnJ;1;"2022-05-13 00:00:00";"2022-05-13 03:05:00";16;535;20;10;0;<FLG>
V6155621;V615562101;HIXnJ;1;"2022-05-14 00:00:00";"2022-05-14 01:18:00";16;521;20;10;0;<FLG>
V6155621;V615562101;HIXnJ;1;"2022-05-15 00:00:00";"2022-05-15 06:41:00";16;520;20;10;0;<FLG>
V6155621;V615562101;HIXnJ;1;"2022-05-16 00:00:00";"2022-05-16 07:40:00";16;515;20;10;0;<FLG>
V6155621;V615562101;HIXnJ;1;"2022-05-17 00:00:00";"2022-05-17 07:40:00";16;511;20;10;0;<FLG>
V6155621;V615562101;HIXnJ;1;"2022-05-18 00:00:00";"2022-05-18 05:09:00";16;503;20;10;0;<FLG>
V6155621;V615562101;HIXnJ;1;"2022-05-19 00:00:00";"2022-05-19 03:50:00";16;501;20;10;0;<FLG>
V6155621;V615562101;HIXnJ;1;"2022-05-20 00:00:00";"2022-05-20 06:52:00";16;496;20;10;0;<FLG>
V6155621;V615562101;HIXnJ;1;"2022-05-21 00:00:00";"2022-05-21 09:25:00";16;494;20;10;0;<FLG>
V6155621;V615562101;HIXnJ;1;"2022-05-22 00:00:00";"2022-05-22 07:17:00";16;490;20;10;0;<FLG>
V6155621;V615562101;HIXnJ;1;"2022-05-23 00:00:00";"2022-05-23 06:41:00";16;488;20;10;0;<FLG>
V6155621;V615562101;HIXnJ;1;"2022-05-24 00:00:00";"2022-05-24 04:41:00";16;486;20;10;0;<FLG>
V6155621;V615562101;HIXnJ;1;"2022-05-25 00:00:00";"2022-05-25 12:25:00";16;489;20;10;0;<FLG>
V6155621;V615562101;HIXnJ;1;"2022-05-26 00:00:00";"2022-05-26 03:13:00";16;486;20;10;0;<FLG>
V6155621;V615562101;HIXnJ;1;"2022-05-27 00:00:00";"2022-05-27 09:15:00";16;483;20;10;0;<FLG>
V6155621;V615562101;HIXnJ;1;"2022-05-28 00:00:00";"2022-05-28 09:48:00";16;481;20;10;0;<FLG>
V6155621;V615562101;HIXnJ;1;"2022-05-29 00:00:00";"2022-05-29 06:13:00";16;482;20;10;0;<FLG>
V6155621;V615562101;HIXnJ;1;"2022-05-30 00:00:00";"2022-05-30 06:10:00";16;482;20;10;0;<FLG>
V6155621;V615562101;HIXnJ;1;"2022-05-31 00:00:00";"2022-05-31 07:53:00";16;472;20;10;0;<FLG>
V6155621;V615562101;HIXnJ;1;"2022-06-01 00:00:00";"2022-06-01 06:13:00";16;472;20;10;0;<FLG>
V6155621;V615562101;HIXnJ;1;"2022-06-02 00:00:00";"2022-06-02 08:06:00";16;470;20;10;0;<FLG>
V6155621;V615562101;HIXnJ;1;"2022-06-03 00:00:00";"2022-06-03 05:54:00";16;465;20;10;0;<FLG>
V6155621;V615562101;HIXnJ;1;"2022-06-04 00:00:00";"2022-06-04 10:10:00";16;467;20;10;0;<FLG>
V6155621;V615562101;HIXnJ;1;"2022-06-05 00:00:00";"2022-06-05 19:10:00";16;477;20;10;0;<FLG>
V6155621;V615562101;HIXnJ;1;"2022-06-06 00:00:00";"2022-06-06 07:54:00";16;473;20;10;0;<FLG>
V6155621;V615562101;HIXnJ;1;"2022-06-07 00:00:00";"2022-06-07 04:52:00";16;471;20;10;0;<FLG>
V6155621;V615562101;HIXnJ;1;"2022-06-08 00:00:00";"2022-06-08 09:25:00";16;471;20;10;0;<FLG>
V6155621;V615562101;HIXnJ;1;"2022-06-09 00:00:00";"2022-06-09 05:48:00";16;473;20;10;0;<FLG>
V6155621;V615562101;HIXnJ;1;"2022-06-10 00:00:00";"2022-06-10 08:30:00";16;476;20;10;0;<FLG>
V6155621;V615562101;HIXnJ;1;"2022-06-11 00:00:00";"2022-06-11 07:50:00";16;472;20;10;0;<FLG>
V6155621;V615562101;HIXnJ;1;"2022-06-12 00:00:00";"2022-06-12 09:01:00";16;461;20;10;0;<FLG>
V6155621;V615562101;HIXnJ;1;"2022-06-13 00:00:00";"2022-06-13 09:30:00";16;461;20;10;0;<FLG>
V6155621;V615562101;HIXnJ;1;"2022-06-14 00:00:00";"2022-06-14 05:40:00";16;463;20;10;0;<FLG>
V6155621;V615562101;HIXnJ;1;"2022-06-15 00:00:00";"2022-06-15 06:54:00";16;454;20;10;0;<FLG>
V6155621;V615562101;HIXnJ;1;"2022-06-16 00:00:00";"2022-06-16 20:33:00";16;454;20;10;0;<FLG>
V6155621;V615562101;HIXnJ;1;"2022-06-17 00:00:00";"2022-06-17 08:05:00";16;456;20;10;0;<FLG>
V6155621;V615562101;HIXnJ;1;"2022-06-18 00:00:00";"2022-06-18 08:29:00";16;451;20;10;0;<FLG>
V6155621;V615562101;HIXnJ;1;"2022-06-19 00:00:00";"2022-06-19 09:07:00";16;450;20;10;0;<FLG>
V6155621;V615562101;HIXnJ;1;"2022-06-20 00:00:00";"2022-06-20 08:00:00";16;454;20;10;0;<FLG>
V6155621;V615562101;HIXnJ;1;"2022-06-21 00:00:00";"2022-06-21 23:59:59";16;453;20;10;0;<FLG>
V6155621;V615562101;HIXnJ;1;"2022-06-22 00:00:00";"2022-06-22 22:45:00";16;466;20;10;0;<FLG>
V6155621;V615562101;HIXnJ;1;"2022-06-23 00:00:00";"2022-06-23 00:00:00";16;465;20;10;0;<FLG>
V6155621;V615562101;HIXnJ;1;"2022-06-24 00:00:00";"2022-06-24 13:10:00";16;505;20;10;0;<FLG>
V6155621;V615562101;HIXnJ;1;"2022-06-25 00:00:00";"2022-06-25 00:00:00";16;467;20;10;0;<FLG>
V6155621;V615562101;HIXnJ;1;"2022-06-26 00:00:00";"2022-06-26 03:05:00";16;464;20;10;0;<FLG>
V6155621;V615562101;HIXnJ;1;"2022-06-27 00:00:00";"2022-06-27 06:01:00";16;455;20;10;0;<FLG>
V6155621;V615562101;HIXnJ;1;"2022-06-28 00:00:00";"2022-06-28 09:50:00";16;462;20;10;0;<FLG>
V6155621;V615562101;HIXnJ;1;"2022-06-29 00:00:00";"2022-06-29 07:36:00";16;451;20;10;0;<FLG>
V6155621;V615562101;HIXnJ;1;"2022-06-30 00:00:00";"2022-06-30 09:25:00";16;447;20;10;0;<FLG>
V6155621;V615562101;HIXnJ;1;"2022-07-01 00:00:00";"2022-07-01 06:05:00";16;453;20;10;0;<FLG>
V6155621;V615562101;HIXnJ;1;"2022-07-02 00:00:00";"2022-07-02 08:50:00";16;454;20;10;0;<FLG>
V6155621;V615562101;HIXnJ;1;"2022-07-03 00:00:00";"2022-07-03 07:00:00";16;449;20;10;0;<FLG>
V6155621;V615562101;HIXnJ;1;"2022-07-04 00:00:00";"2022-07-04 08:20:00";16;447;20;10;0;<FLG>
V6155621;V615562101;HIXnJ;1;"2022-07-05 00:00:00";"2022-07-05 07:35:00";16;449;20;10;0;<FLG>
V6155621;V615562101;HIXnJ;1;"2022-07-06 00:00:00";"2022-07-06 10:25:00";16;448;20;10;0;<FLG>
V6155621;V615562101;HIXnJ;1;"2022-07-07 00:00:00";"2022-07-07 08:15:00";16;452;20;10;0;<FLG>
V6155621;V615562101;HIXnJ;1;"2022-07-08 00:00:00";"2022-07-08 07:30:00";16;448;20;10;0;<FLG>
V6155621;V615562101;HIXnJ;1;"2022-07-09 00:00:00";"2022-07-09 06:30:00";16;447;20;10;0;<FLG>
V6155621;V615562101;HIXnJ;1;"2022-07-10 00:00:00";"2022-07-10 04:10:00";16;446;20;10;0;<FLG>
V6155621;V615562101;HIXnJ;1;"2022-07-11 00:00:00";"2022-07-11 10:10:00";16;440;20;10;0;<FLG>
V6155621;V615562101;HIXnJ;1;"2022-07-12 00:00:00";"2022-07-12 06:15:00";16;440;20;10;0;<FLG>
V6155621;V615562101;HIXnJ;1;"2022-07-13 00:00:00";"2022-07-13 07:15:00";16;439;20;10;0;<FLG>
V6155621;V615562101;HIXnJ;1;"2022-07-14 00:00:00";"2022-07-14 07:25:00";16;434;20;10;0;<FLG>
V6155621;V615562101;HIXnJ;1;"2022-07-15 00:00:00";"2022-07-15 00:00:00";16;432;20;10;0;<FLG>
V6155621;V615562101;HIXnJ;1;"2022-07-16 00:00:00";"2022-07-16 08:05:00";16;432;20;10;0;<FLG>
V6155621;V615562101;HIXnJ;1;"2022-07-17 00:00:00";"2022-07-17 07:55:00";16;433;20;10;0;<FLG>
V6155621;V615562101;HIXnJ;1;"2022-07-18 00:00:00";"2022-07-18 11:20:00";16;430;20;10;0;<FLG>
V6155621;V615562101;HIXnJ;1;"2022-07-19 00:00:00";"2022-07-19 10:00:00";16;421;20;10;0;<FLG>
V6155621;V615562101;HIXnJ;1;"2022-07-20 00:00:00";"2022-07-20 08:40:00";16;418;20;10;0;<FLG>
V6155621;V615562101;HIXnJ;1;"2022-07-21 00:00:00";"2022-07-21 23:15:00";16;418;20;10;0;<FLG>
V6155621;V615562101;HIXnJ;1;"2022-07-22 00:00:00";"2022-07-22 09:10:00";16;420;20;10;0;<FLG>
V6155621;V615562101;HIXnJ;1;"2022-07-23 00:00:00";"2022-07-23 09:50:00";16;412;20;10;0;<FLG>
V6155621;V615562101;HIXnJ;1;"2022-07-24 00:00:00";"2022-07-24 08:40:00";16;419;20;10;0;<FLG>
V6155621;V615562101;HIXnJ;1;"2022-07-25 00:00:00";"2022-07-25 08:40:00";16;418;20;10;0;<FLG>
V6155621;V615562101;HIXnJ;1;"2022-07-26 00:00:00";"2022-07-26 10:10:00";16;415;20;10;0;<FLG>
V6155621;V615562101;HIXnJ;1;"2022-07-27 00:00:00";"2022-07-27 07:10:00";16;418;20;10;0;<FLG>
V6155621;V615562101;HIXnJ;1;"2022-07-28 00:00:00";"2022-07-28 09:15:00";16;415;20;10;0;<FLG>
V6155621;V615562101;HIXnJ;1;"2022-07-29 00:00:00";"2022-07-29 06:10:00";16;417;20;10;0;<FLG>
V6155621;V615562101;HIXnJ;1;"2022-07-30 00:00:00";"2022-07-30 06:30:00";16;423;20;10;0;<FLG>
V6155621;V615562101;HIXnJ;1;"2022-07-31 00:00:00";"2022-07-31 08:15:00";16;421;20;10;0;<FLG>
V6155621;V615562101;HIXnJ;1;"2022-08-01 00:00:00";"2022-08-01 07:25:00";16;419;20;10;0;<FLG>
V6155621;V615562101;HIXnJ;1;"2022-08-02 00:00:00";"2022-08-02 06:25:00";16;416;20;10;0;<FLG>
V6155621;V615562101;HIXnJ;1;"2022-08-03 00:00:00";"2022-08-03 11:20:00";16;406;20;10;0;<FLG>
V6155621;V615562101;HIXnJ;1;"2022-08-04 00:00:00";"2022-08-04 06:30:00";16;405;20;10;0;<FLG>
V6155621;V615562101;HIXnJ;1;"2022-08-05 00:00:00";"2022-08-05 06:30:00";16;414;20;10;0;<FLG>
V6155621;V615562101;HIXnJ;1;"2022-08-06 00:00:00";"2022-08-06 10:40:00";16;418;20;10;0;<FLG>
V6155621;V615562101;HIXnJ;1;"2022-08-07 00:00:00";"2022-08-07 09:20:00";16;417;20;10;0;<FLG>
V6155621;V615562101;HIXnJ;1;"2022-08-08 00:00:00";"2022-08-08 04:30:00";16;421;20;10;0;<FLG>
V6155621;V615562101;HIXnJ;1;"2022-08-09 00:00:00";"2022-08-09 17:30:00";16;418;20;10;0;<FLG>
V6155621;V615562101;HIXnJ;1;"2022-08-10 00:00:00";"2022-08-10 07:45:00";16;420;20;10;0;<FLG>
V6155621;V615562101;HIXnJ;1;"2022-08-11 00:00:00";"2022-08-11 05:35:00";16;424;20;10;0;<FLG>
V6155621;V615562101;HIXnJ;1;"2022-08-12 00:00:00";"2022-08-12 05:25:00";16;424;20;10;0;<FLG>
V6155621;V615562101;HIXnJ;1;"2022-08-13 00:00:00";"2022-08-13 23:59:59";16;420;20;10;0;<FLG>
V6155621;V615562101;HIXnJ;1;"2022-08-14 00:00:00";"2022-08-14 19:10:00";16;478;20;10;0;<FLG>
V6155621;V615562101;HIXnJ;1;"2022-08-15 00:00:00";"2022-08-15 01:10:00";16;470;20;10;0;<FLG>
V6155621;V615562101;HIXnJ;1;"2022-08-16 00:00:00";"2022-08-16 11:00:00";16;457;20;10;0;<FLG>
V6155621;V615562101;HIXnJ;1;"2022-08-17 00:00:00";"2022-08-17 23:45:00";16;538;20;10;0;<FLG>
V6155621;V615562101;HIXnJ;1;"2022-08-18 00:00:00";"2022-08-18 00:00:00";16;536;20;10;0;<FLG>
V6155621;V615562101;HIXnJ;1;"2022-08-19 00:00:00";"2022-08-19 13:35:00";16;438;20;10;0;<FLG>
V6155621;V615562101;HIXnJ;1;"2022-08-20 00:00:00";"2022-08-20 07:20:00";16;440;20;10;0;<FLG>
V6155621;V615562101;HIXnJ;1;"2022-08-21 00:00:00";"2022-08-21 09:50:00";16;432;20;10;0;<FLG>
V6155621;V615562101;HIXnJ;1;"2022-08-22 00:00:00";"2022-08-22 09:20:00";16;433;20;10;0;<FLG>
V6155621;V615562101;HIXnJ;1;"2022-08-23 00:00:00";"2022-08-23 06:35:00";16;427;20;10;0;<FLG>
V6155621;V615562101;HIXnJ;1;"2022-08-24 00:00:00";"2022-08-24 15:35:00";16;427;20;10;0;<FLG>
V6155621;V615562101;HIXnJ;1;"2022-08-25 00:00:00";"2022-08-25 18:20:00";16;314;20;10;0;<FLG>
V6155621;V615562101;HIXnJ;1;"2022-08-26 00:00:00";"2022-08-26 10:20:00";16;333;20;10;0;<FLG>
V6155621;V615562101;HIXnJ;1;"2022-08-27 00:00:00";"2022-08-27 11:10:00";16;321;20;10;0;<FLG>
V6155621;V615562101;HIXnJ;1;"2022-08-28 00:00:00";"2022-08-28 23:59:59";16;359;20;10;0;<FLG>
V6155621;V615562101;HIXnJ;1;"2022-08-29 00:00:00";"2022-08-29 06:00:00";16;385;20;10;0;<FLG>
V6155621;V615562101;HIXnJ;1;"2022-08-30 00:00:00";"2022-08-30 23:59:59";16;339;20;10;0;<FLG>
V6155621;V615562101;HIXnJ;1;"2022-08-31 00:00:00";"2022-08-31 10:20:00";16;351;20;10;0;<FLG>
V6155621;V615562101;HIXnJ;1;"2022-09-01 00:00:00";"2022-09-01 20:10:00";16;350;20;10;0;<FLG>
V6155621;V615562101;HIXnJ;1;"2022-09-02 00:00:00";"2022-09-02 21:40:00";16;428;20;10;0;<FLG>
V6155621;V615562101;HIXnJ;1;"2022-09-03 00:00:00";"2022-09-03 00:00:00";16;426;20;10;0;<FLG>
V6155621;V615562101;HIXnJ;1;"2022-09-04 00:00:00";"2022-09-04 00:00:00";16;399;20;10;0;<FLG>
V6155621;V615562101;HIXnJ;1;"2022-09-05 00:00:00";"2022-09-05 09:45:00";16;394;20;10;0;<FLG>
V6155621;V615562101;HIXnJ;1;"2022-09-06 00:00:00";"2022-09-06 23:59:59";16;377;20;10;0;<FLG>
V6155621;V615562101;HIXnJ;1;"2022-09-07 00:00:00";"2022-09-07 05:20:00";16;626;20;10;0;<FLG>
V6155621;V615562101;HIXnJ;1;"2022-09-08 00:00:00";"2022-09-08 04:05:00";16;655;20;10;0;<FLG>
V6155621;V615562101;HIXnJ;1;"2022-09-09 00:00:00";"2022-09-09 00:00:00";16;467;20;10;0;<FLG>
V6155621;V615562101;HIXnJ;1;"2022-09-10 00:00:00";"2022-09-10 10:23:00";16;445;20;10;0;<FLG>
V6155621;V615562101;HIXnJ;1;"2022-09-11 00:00:00";"2022-09-11 08:53:00";16;446;20;10;0;<FLG>
V6155621;V615562101;HIXnJ;1;"2022-09-12 00:00:00";"2022-09-12 10:46:00";16;448;20;10;0;<FLG>
V6155621;V615562101;HIXnJ;1;"2022-09-13 00:00:00";"2022-09-13 23:59:59";16;461;20;10;0;<FLG>
V6155621;V615562101;HIXnJ;1;"2022-09-14 00:00:00";"2022-09-14 15:50:00";16;469;20;10;0;<FLG>
V6155621;V615562101;HIXnJ;1;"2022-09-15 00:00:00";"2022-09-15 04:16:00";16;465;20;10;0;<FLG>
V6155621;V615562101;HIXnJ;1;"2022-09-16 00:00:00";"2022-09-16 23:59:59";16;450;20;10;0;<FLG>
V6155621;V615562101;HIXnJ;1;"2022-09-17 00:00:00";"2022-09-17 23:59:59";16;459;20;10;0;<FLG>
V6155621;V615562101;HIXnJ;1;"2022-09-18 00:00:00";"2022-09-18 13:14:00";16;465;20;10;0;<FLG>
V6155621;V615562101;HIXnJ;1;"2022-09-19 00:00:00";"2022-09-19 06:25:00";16;488;20;10;0;<FLG>
V6155621;V615562101;HIXnJ;1;"2022-09-20 00:00:00";"2022-09-20 02:05:00";16;448;20;10;0;<FLG>
V6155621;V615562101;HIXnJ;1;"2022-09-21 00:00:00";"2022-09-21 08:40:00";16;450;20;10;0;<FLG>
V6155621;V615562101;HIXnJ;1;"2022-09-22 00:00:00";"2022-09-22 23:59:59";16;447;20;10;0;<FLG>
V6155621;V615562101;HIXnJ;1;"2022-09-23 00:00:00";"2022-09-23 09:06:00";16;447;20;10;0;<FLG>
V6155621;V615562101;HIXnJ;1;"2022-09-24 00:00:00";"2022-09-24 14:55:00";16;572;20;10;0;<FLG>
V6155621;V615562101;HIXnJ;1;"2022-09-25 00:00:00";"2022-09-25 00:00:00";16;490;20;10;0;<FLG>
V6155621;V615562101;HIXnJ;1;"2022-09-26 00:00:00";"2022-09-26 10:55:00";16;469;20;10;0;<FLG>
V6155621;V615562101;HIXnJ;1;"2022-09-27 00:00:00";"2022-09-27 08:04:00";16;465;20;10;0;<FLG>
V6155621;V615562101;HIXnJ;1;"2022-09-28 00:00:00";"2022-09-28 04:32:00";16;463;20;10;0;<FLG>
V6155621;V615562101;HIXnJ;1;"2022-09-29 00:00:00";"2022-09-29 09:40:00";16;460;20;10;0;<FLG>
V6155621;V615562101;HIXnJ;1;"2022-09-30 00:00:00";"2022-09-30 00:40:00";16;458;20;10;0;<FLG>
V6155621;V615562101;HIXnJ;1;"2022-10-01 00:00:00";"2022-10-01 12:02:00";16;456;20;10;0;<FLG>
V6155621;V615562101;HIXnJ;1;"2022-10-02 00:00:00";"2022-10-02 09:45:00";16;455;20;10;0;<FLG>
V6155621;V615562101;HIXnJ;1;"2022-10-03 00:00:00";"2022-10-03 08:37:00";16;453;20;10;0;<FLG>
V6155621;V615562101;HIXnJ;1;"2022-10-04 00:00:00";"2022-10-04 09:45:00";16;450;20;10;0;<FLG>
V6155621;V615562101;HIXnJ;1;"2022-10-05 00:00:00";"2022-10-05 23:59:59";16;450;20;10;0;<FLG>
V6155621;V615562101;HIXnJ;1;"2022-10-06 00:00:00";"2022-10-06 08:54:00";16;455;20;10;0;<FLG>
V6155621;V615562101;HIXnJ;1;"2022-10-07 00:00:00";"2022-10-07 07:28:00";16;448;20;10;0;<FLG>
V6155621;V615562101;HIXnJ;1;"2022-10-08 00:00:00";"2022-10-08 23:59:59";16;452;20;10;0;<FLG>
V6155621;V615562101;HIXnJ;1;"2022-10-09 00:00:00";"2022-10-09 23:59:59";16;459;20;10;0;<FLG>
V6155621;V615562101;HIXnJ;1;"2022-10-10 00:00:00";"2022-10-10 12:35:00";16;463;20;10;0;<FLG>
V6155621;V615562101;HIXnJ;1;"2022-10-11 00:00:00";"2022-10-11 00:00:00";16;461;20;10;0;<FLG>
V6155621;V615562101;HIXnJ;1;"2022-10-12 00:00:00";"2022-10-12 00:00:00";16;453;20;10;0;<FLG>
V6155621;V615562101;HIXnJ;1;"2022-10-13 00:00:00";"2022-10-13 09:28:00";16;453;20;10;0;<FLG>
V6155621;V615562101;HIXnJ;1;"2022-10-14 00:00:00";"2022-10-14 00:00:00";16;430;20;10;0;<FLG>
V6155621;V615562101;HIXnJ;1;"2022-10-15 00:00:00";"2022-10-15 13:46:00";16;429;20;10;0;<FLG>
V6155621;V615562101;HIXnJ;1;"2022-10-16 00:00:00";"2022-10-16 14:20:00";16;428;20;10;0;<FLG>
V6155621;V615562101;HIXnJ;1;"2022-10-17 00:00:00";"2022-10-17 15:46:00";16;432;20;10;0;<FLG>
V6155621;V615562101;HIXnJ;1;"2022-10-18 00:00:00";"2022-10-18 16:34:00";16;435;20;10;0;<FLG>
V6155621;V615562101;HIXnJ;1;"2022-10-19 00:00:00";"2022-10-19 22:34:00";16;435;20;10;0;<FLG>
V6155621;V615562101;HIXnJ;1;"2022-10-20 00:00:00";"2022-10-20 00:00:00";16;435;20;10;0;<FLG>
V6155621;V615562101;HIXnJ;1;"2022-10-21 00:00:00";"2022-10-21 18:16:00";16;437;20;10;0;<FLG>
V6155621;V615562101;HIXnJ;1;"2022-10-22 00:00:00";"2022-10-22 00:00:00";16;434;20;10;0;<FLG>
V6155621;V615562101;HIXnJ;1;"2022-10-23 00:00:00";"2022-10-23 23:59:59";16;437;20;10;0;<FLG>
V6155621;V615562101;HIXnJ;1;"2022-10-24 00:00:00";"2022-10-24 00:34:00";16;437;20;10;0;<FLG>
V6155621;V615562101;HIXnJ;1;"2022-10-25 00:00:00";"2022-10-25 15:25:00";16;436;20;10;0;<FLG>
V6155621;V615562101;HIXnJ;1;"2022-10-26 00:00:00";"2022-10-26 17:59:00";16;438;20;10;0;<FLG>
V6155621;V615562101;HIXnJ;1;"2022-10-27 00:00:00";"2022-10-27 00:00:00";16;436;20;10;0;<FLG>
V6155621;V615562101;HIXnJ;1;"2022-10-28 00:00:00";"2022-10-28 16:06:00";16;435;20;10;0;<FLG>
V6155621;V615562101;HIXnJ;1;"2022-10-29 00:00:00";"2022-10-29 23:59:59";16;433;20;10;0;<FLG>
V6155621;V615562101;HIXnJ;1;"2022-10-30 00:00:00";"2022-10-30 23:59:59";16;436;20;10;0;<FLG>
V6155621;V615562101;HIXnJ;1;"2022-10-31 00:00:00";"2022-10-31 00:06:00";16;436;20;10;0;<FLG>
V6155621;V615562101;HIXnJ;1;"2022-11-01 00:00:00";"2022-11-01 09:35:00";16;727;20;10;0;<FLG>
V6155621;V615562101;HIXnJ;1;"2022-11-02 00:00:00";"2022-11-02 00:00:00";16;482;20;10;0;<FLG>
V6155621;V615562101;HIXnJ;1;"2022-11-03 00:00:00";"2022-11-03 22:05:00";16;525;20;10;0;<FLG>
V6155621;V615562101;HIXnJ;1;"2022-11-04 00:00:00";"2022-11-04 00:00:00";16;523;20;10;0;<FLG>
V6155621;V615562101;HIXnJ;1;"2022-11-05 00:00:00";"2022-11-05 13:55:00";16;508;20;10;0;<FLG>
V6155621;V615562101;HIXnJ;1;"2022-11-06 00:00:00";"2022-11-06 02:13:00";16;495;20;10;0;<FLG>
V6155621;V615562101;HIXnJ;1;"2022-11-07 00:00:00";"2022-11-07 17:22:00";16;485;20;10;0;<FLG>
V6155621;V615562101;HIXnJ;1;"2022-11-08 00:00:00";"2022-11-08 00:00:00";16;480;20;10;0;<FLG>
V6155621;V615562101;HIXnJ;1;"2022-11-09 00:00:00";"2022-11-09 20:30:00";16;665;20;10;0;<FLG>
V6155621;V615562101;HIXnJ;1;"2022-11-10 00:00:00";"2022-11-10 00:00:00";16;620;20;10;0;<FLG>
V6155621;V615562101;HIXnJ;1;"2022-11-11 00:00:00";"2022-11-11 07:41:00";16;498;20;10;0;<FLG>
V6155621;V615562101;HIXnJ;1;"2022-11-12 00:00:00";"2022-11-12 09:24:00";16;493;20;10;0;<FLG>
V6155621;V615562101;HIXnJ;1;"2022-11-13 00:00:00";"2022-11-13 00:00:00";16;487;20;10;0;<FLG>
V6155621;V615562101;HIXnJ;1;"2022-11-14 00:00:00";"2022-11-14 21:06:00";16;493;20;10;0;<FLG>
V6155621;V615562101;HIXnJ;1;"2022-11-15 00:00:00";"2022-11-15 00:00:00";16;490;20;10;0;<FLG>
V6155621;V615562101;HIXnJ;1;"2022-11-16 00:00:00";"2022-11-16 07:05:00";16;538;20;10;0;<FLG>
V6155621;V615562101;HIXnJ;1;"2022-11-17 00:00:00";"2022-11-17 00:00:00";16;489;20;10;0;<FLG>
V6155621;V615562101;HIXnJ;1;"2022-11-18 00:00:00";"2022-11-18 02:15:00";16;487;20;10;0;<FLG>
V6155621;V615562101;HIXnJ;1;"2022-11-19 00:00:00";"2022-11-19 00:00:00";16;487;20;10;0;<FLG>
V6155621;V615562101;HIXnJ;1;"2022-11-20 00:00:00";"2022-11-20 12:32:00";16;487;20;10;0;<FLG>
V6155621;V615562101;HIXnJ;1;"2022-11-21 00:00:00";"2022-11-21 23:59:59";16;496;20;10;0;<FLG>
V6155621;V615562101;HIXnJ;1;"2022-11-22 00:00:00";"2022-11-22 00:50:00";16;499;20;10;0;<FLG>
V6155621;V615562101;HIXnJ;1;"2022-11-23 00:00:00";"2022-11-23 23:59:59";16;473;20;10;0;<FLG>
V6155621;V615562101;HIXnJ;1;"2022-11-24 00:00:00";"2022-11-24 03:02:00";16;473;20;10;0;<FLG>
V6155621;V615562101;HIXnJ;1;"2022-11-25 00:00:00";"2022-11-25 23:59:59";16;473;20;10;0;<FLG>
V6155621;V615562101;HIXnJ;1;"2022-11-26 00:00:00";"2022-11-26 01:31:00";16;474;20;10;0;<FLG>
V6155621;V615562101;HIXnJ;1;"2022-11-27 00:00:00";"2022-11-27 00:00:00";16;473;20;10;0;<FLG>
V6155621;V615562101;HIXnJ;1;"2022-11-28 00:00:00";"2022-11-28 20:00:00";16;533;20;10;0;<FLG>
V6155621;V615562101;HIXnJ;1;"2022-11-29 00:00:00";"2022-11-29 00:00:00";16;526;20;10;0;<FLG>
V6155621;V615562101;HIXnJ;1;"2022-11-30 00:00:00";"2022-11-30 14:57:00";16;503;20;10;0;<FLG>
V6155621;V615562101;HIXnJ;1;"2022-12-01 00:00:00";"2022-12-01 00:00:00";16;502;20;10;0;<FLG>
V6155621;V615562101;HIXnJ;1;"2022-12-02 00:00:00";"2022-12-02 00:00:00";16;491;20;10;0;<FLG>
V6155621;V615562101;HIXnJ;1;"2022-12-03 00:00:00";"2022-12-03 23:59:59";16;510;20;10;0;<FLG>
V6155621;V615562101;HIXnJ;1;"2022-12-04 00:00:00";"2022-12-04 19:10:00";16;797;20;10;0;<FLG>
V6155621;V615562101;HIXnJ;1;"2022-12-05 00:00:00";"2022-12-05 00:00:00";16;756;20;10;0;<FLG>
V6155621;V615562101;HIXnJ;1;"2022-12-06 00:00:00";"2022-12-06 23:00:00";16;687;20;10;0;<FLG>
V6155621;V615562101;HIXnJ;1;"2022-12-07 00:00:00";"2022-12-07 00:00:00";16;686;20;10;0;<FLG>
V6155621;V615562101;HIXnJ;1;"2022-12-08 00:00:00";"2022-12-08 00:00:00";16;666;20;10;0;<FLG>
V6155621;V615562101;HIXnJ;1;"2022-12-09 00:00:00";"2022-12-09 18:25:00";16;1557;20;10;0;<FLG>
V6155621;V615562101;HIXnJ;1;"2022-12-10 00:00:00";"2022-12-10 00:00:00";16;880;20;10;0;<FLG>
V6155621;V615562101;HIXnJ;1;"2022-12-11 00:00:00";"2022-12-11 00:00:00";16;825;20;10;0;<FLG>
V6155621;V615562101;HIXnJ;1;"2022-12-12 00:00:00";"2022-12-12 00:00:00";16;804;20;10;0;<FLG>
V6155621;V615562101;HIXnJ;1;"2022-12-13 00:00:00";"2022-12-13 13:47:00";16;771;20;10;0;<FLG>
V6155621;V615562101;HIXnJ;1;"2022-12-14 00:00:00";"2022-12-14 23:59:59";16;779;20;10;0;<FLG>
V6155621;V615562101;HIXnJ;1;"2022-12-15 00:00:00";"2022-12-15 22:45:00";16;1964;20;10;0;<FLG>
V6155621;V615562101;HIXnJ;1;"2022-12-16 00:00:00";"2022-12-16 00:00:00";16;1930;20;10;0;<FLG>
V6155621;V615562101;HIXnJ;1;"2022-12-17 00:00:00";"2022-12-17 00:00:00";16;1090;20;10;0;<FLG>
V6155621;V615562101;HIXnJ;1;"2022-12-18 00:00:00";"2022-12-18 00:00:00";16;990;20;10;0;<FLG>
V6155621;V615562101;HIXnJ;1;"2022-12-19 00:00:00";"2022-12-19 00:00:00";16;946;20;10;0;<FLG>
V6155621;V615562101;HIXnJ;1;"2022-12-20 00:00:00";"2022-12-20 00:00:00";16;910;20;10;0;<FLG>
V6155621;V615562101;HIXnJ;1;"2022-12-21 00:00:00";"2022-12-21 00:00:00";16;889;20;10;0;<FLG>
V6155621;V615562101;HIXnJ;1;"2022-12-22 00:00:00";"2022-12-22 00:00:00";16;855;20;10;0;<FLG>
V6155621;V615562101;HIXnJ;1;"2022-12-23 00:00:00";"2022-12-23 00:00:00";16;803;20;10;0;<FLG>
V6155621;V615562101;HIXnJ;1;"2022-12-24 00:00:00";"2022-12-24 00:00:00";16;779;20;10;0;<FLG>
V6155621;V615562101;HIXnJ;1;"2022-12-25 00:00:00";"2022-12-25 00:00:00";16;757;20;10;0;<FLG>
V6155621;V615562101;HIXnJ;1;"2022-12-26 00:00:00";"2022-12-26 00:00:00";16;735;20;10;0;<FLG>
V6155621;V615562101;HIXnJ;1;"2022-12-27 00:00:00";"2022-12-27 00:00:00";16;704;20;10;0;<FLG>
V6155621;V615562101;HIXnJ;1;"2022-12-28 00:00:00";"2022-12-28 00:00:00";16;679;20;10;0;<FLG>
V6155621;V615562101;HIXnJ;1;"2022-12-29 00:00:00";"2022-12-29 00:00:00";16;666;20;10;0;<FLG>
V6155621;V615562101;HIXnJ;1;"2022-12-30 00:00:00";"2022-12-30 00:00:00";16;652;20;10;0;<FLG>
V6155621;V615562101;HIXnJ;1;"2022-12-31 00:00:00";"2022-12-31 00:00:00";12;640;20;10;0;<FLG>
V6155621;V615562101;HIXnJ;1;"2023-01-01 00:00:00";"2023-01-01 00:00:00";12;629;20;10;0;<FLG>
V6155621;V615562101;HIXnJ;1;"2023-01-02 00:00:00";"2023-01-02 00:00:00";16;620;20;10;0;<FLG>
V6155621;V615562101;HIXnJ;1;"2023-01-03 00:00:00";"2023-01-03 02:17:00";16;619;20;10;0;<FLG>
V6155621;V615562101;HIXnJ;1;"2023-01-04 00:00:00";"2023-01-04 03:20:00";16;615;20;10;0;<FLG>
V6155621;V615562101;HIXnJ;1;"2023-01-05 00:00:00";"2023-01-05 00:00:00";16;605;20;10;0;<FLG>
V6155621;V615562101;HIXnJ;1;"2023-01-06 00:00:00";"2023-01-06 00:00:00";16;601;20;10;0;<FLG>
V6155621;V615562101;HIXnJ;1;"2023-01-07 00:00:00";"2023-01-07 19:40:00";16;599;20;10;0;<FLG>
V6155621;V615562101;HIXnJ;1;"2023-01-08 00:00:00";"2023-01-08 00:00:00";16;595;20;10;0;<FLG>
V6155621;V615562101;HIXnJ;1;"2023-01-09 00:00:00";"2023-01-09 00:00:00";16;589;20;10;0;<FLG>
V6155621;V615562101;HIXnJ;1;"2023-01-10 00:00:00";"2023-01-10 23:59:59";16;589;20;10;0;<FLG>
V6155621;V615562101;HIXnJ;1;"2023-01-11 00:00:00";"2023-01-11 11:45:00";16;591;20;10;0;<FLG>
V6155621;V615562101;HIXnJ;1;"2023-01-12 00:00:00";"2023-01-12 00:00:00";16;585;20;10;0;<FLG>
V6155621;V615562101;HIXnJ;1;"2023-01-13 00:00:00";"2023-01-13 13:53:00";16;582;20;10;0;<FLG>
V6155621;V615562101;HIXnJ;1;"2023-01-14 00:00:00";"2023-01-14 03:45:00";16;581;20;10;0;<FLG>
V6155621;V615562101;HIXnJ;1;"2023-01-15 00:00:00";"2023-01-15 01:23:00";16;576;20;10;0;<FLG>
V6155621;V615562101;HIXnJ;1;"2023-01-16 00:00:00";"2023-01-16 13:55:00";16;588;20;10;0;<FLG>
V6155621;V615562101;HIXnJ;1;"2023-01-17 00:00:00";"2023-01-17 02:47:00";16;577;20;10;0;<FLG>
V6155621;V615562101;HIXnJ;1;"2023-01-18 00:00:00";"2023-01-18 23:59:59";16;578;20;10;0;<FLG>
V6155621;V615562101;HIXnJ;1;"2023-01-19 00:00:00";"2023-01-19 00:58:00";16;579;20;10;0;<FLG>
V6155621;V615562101;HIXnJ;1;"2023-01-20 00:00:00";"2023-01-20 00:00:00";16;572;20;10;0;<FLG>
V6155621;V615562101;HIXnJ;1;"2023-01-21 00:00:00";"2023-01-21 00:00:00";16;569;20;10;0;<FLG>
V6155621;V615562101;HIXnJ;1;"2023-01-22 00:00:00";"2023-01-22 08:20:00";16;569;20;10;0;<FLG>
V6155621;V615562101;HIXnJ;1;"2023-01-23 00:00:00";"2023-01-23 12:40:00";16;566;20;10;0;<FLG>
V6155621;V615562101;HIXnJ;1;"2023-01-24 00:00:00";"2023-01-24 00:00:00";16;558;20;10;0;<FLG>
V6155621;V615562101;HIXnJ;1;"2023-01-25 00:00:00";"2023-01-25 23:59:59";16;548;20;10;0;<FLG>
V6155621;V615562101;HIXnJ;1;"2023-01-26 00:00:00";"2023-01-26 23:59:59";16;551;20;10;0;<FLG>
V6155621;V615562101;HIXnJ;1;"2023-01-27 00:00:00";"2023-01-27 08:10:00";16;552;20;10;0;<FLG>
V6155621;V615562101;HIXnJ;1;"2023-01-28 00:00:00";"2023-01-28 00:00:00";16;541;20;10;0;<FLG>
V6155621;V615562101;HIXnJ;1;"2023-01-29 00:00:00";"2023-01-29 00:00:00";16;536;20;10;0;<FLG>
V6155621;V615562101;HIXnJ;1;"2023-01-30 00:00:00";"2023-01-30 08:13:00";16;533;20;10;0;<FLG>
V6155621;V615562101;HIXnJ;1;"2023-01-31 00:00:00";"2023-01-31 00:00:00";16;524;20;10;0;<FLG>
V6155621;V615562101;HIXnJ;1;"2023-02-01 00:00:00";"2023-02-01 00:00:00";16;520;20;10;0;<FLG>
V6155621;V615562101;HIXnJ;1;"2023-02-02 00:00:00";"2023-02-02 05:36:00";16;519;20;10;0;<FLG>
V6155621;V615562101;HIXnJ;1;"2023-02-03 00:00:00";"2023-02-03 11:16:00";16;519;20;10;0;<FLG>
V6155621;V615562101;HIXnJ;1;"2023-02-04 00:00:00";"2023-02-04 08:55:00";16;517;20;10;0;<FLG>
V6155621;V615562101;HIXnJ;1;"2023-02-05 00:00:00";"2023-02-05 00:00:00";16;511;20;10;0;<FLG>
V6155621;V615562101;HIXnJ;1;"2023-02-06 00:00:00";"2023-02-06 02:40:00";16;510;20;10;0;<FLG>
V6155621;V615562101;HIXnJ;1;"2023-02-07 00:00:00";"2023-02-07 05:39:00";16;507;20;10;0;<FLG>
V6155621;V615562101;HIXnJ;1;"2023-02-08 00:00:00";"2023-02-08 06:15:00";16;510;20;10;0;<FLG>
V6155621;V615562101;HIXnJ;1;"2023-02-09 00:00:00";"2023-02-09 04:40:00";16;507;20;10;0;<FLG>
V6155621;V615562101;HIXnJ;1;"2023-02-10 00:00:00";"2023-02-10 04:00:00";16;505;20;10;0;<FLG>
V6155621;V615562101;HIXnJ;1;"2023-02-11 00:00:00";"2023-02-11 06:01:00";16;498;20;10;0;<FLG>
V6155621;V615562101;HIXnJ;1;"2023-02-12 00:00:00";"2023-02-12 05:29:00";16;497;20;10;0;<FLG>
V6155621;V615562101;HIXnJ;1;"2023-02-13 00:00:00";"2023-02-13 23:59:59";16;500;20;10;0;<FLG>
V6155621;V615562101;HIXnJ;1;"2023-02-14 00:00:00";"2023-02-14 08:54:00";16;503;20;10;0;<FLG>
V6155621;V615562101;HIXnJ;1;"2023-02-15 00:00:00";"2023-02-15 08:10:00";16;503;20;10;0;<FLG>
V6155621;V615562101;HIXnJ;1;"2023-02-16 00:00:00";"2023-02-16 23:59:59";16;507;20;10;0;<FLG>
V6155621;V615562101;HIXnJ;1;"2023-02-17 00:00:00";"2023-02-17 19:16:00";16;517;20;10;0;<FLG>
V6155621;V615562101;HIXnJ;1;"2023-02-18 00:00:00";"2023-02-18 07:05:00";16;518;20;10;0;<FLG>
V6155621;V615562101;HIXnJ;1;"2023-02-19 00:00:00";"2023-02-19 11:10:00";16;523;20;10;0;<FLG>
V6155621;V615562101;HIXnJ;1;"2023-02-20 00:00:00";"2023-02-20 01:30:00";16;517;20;10;0;<FLG>
V6155621;V615562101;HIXnJ;1;"2023-02-21 00:00:00";"2023-02-21 01:58:00";16;503;20;10;0;<FLG>
V6155621;V615562101;HIXnJ;1;"2023-02-22 00:00:00";"2023-02-22 06:45:00";16;497;20;10;0;<FLG>
V6155621;V615562101;HIXnJ;1;"2023-02-23 00:00:00";"2023-02-23 00:00:00";16;486;20;10;0;<FLG>
V6155621;V615562101;HIXnJ;1;"2023-02-24 00:00:00";"2023-02-24 12:30:00";16;490;20;10;0;<FLG>
V6155621;V615562101;HIXnJ;1;"2023-02-25 00:00:00";"2023-02-25 08:33:00";16;486;20;10;0;<FLG>
V6155621;V615562101;HIXnJ;1;"2023-02-26 00:00:00";"2023-02-26 19:33:00";16;496;20;10;0;<FLG>
V6155621;V615562101;HIXnJ;1;"2023-02-27 00:00:00";"2023-02-27 05:25:00";16;501;20;10;0;<FLG>
V6155621;V615562101;HIXnJ;1;"2023-02-28 00:00:00";"2023-02-28 00:00:00";16;499;20;10;0;<FLG>
V6155621;V615562101;HIXnJ;1;"2023-03-01 00:00:00";"2023-03-01 10:25:00";16;499;20;10;0;<FLG>
V6155621;V615562101;HIXnJ;1;"2023-03-02 00:00:00";"2023-03-02 03:24:00";16;498;20;10;0;<FLG>
V6155621;V615562101;HIXnJ;1;"2023-03-03 00:00:00";"2023-03-03 06:03:00";16;493;20;10;0;<FLG>
V6155621;V615562101;HIXnJ;1;"2023-03-04 00:00:00";"2023-03-04 11:11:00";16;491;20;10;0;<FLG>
V6155621;V615562101;HIXnJ;1;"2023-03-05 00:00:00";"2023-03-05 06:25:00";16;489;20;10;0;<FLG>
V6155621;V615562101;HIXnJ;1;"2023-03-06 00:00:00";"2023-03-06 08:36:00";16;488;20;10;0;<FLG>
V6155621;V615562101;HIXnJ;1;"2023-03-07 00:00:00";"2023-03-07 23:59:59";16;489;20;10;0;<FLG>
V6155621;V615562101;HIXnJ;1;"2023-03-08 00:00:00";"2023-03-08 01:17:00";16;490;20;10;0;<FLG>
V6155621;V615562101;HIXnJ;1;"2023-03-09 00:00:00";"2023-03-09 17:20:00";16;493;20;10;0;<FLG>
V6155621;V615562101;HIXnJ;1;"2023-03-10 00:00:00";"2023-03-10 04:35:00";16;495;20;10;0;<FLG>
V6155621;V615562101;HIXnJ;1;"2023-03-11 00:00:00";"2023-03-11 05:44:00";16;485;20;10;0;<FLG>
V6155621;V615562101;HIXnJ;1;"2023-03-12 00:00:00";"2023-03-12 08:10:00";16;482;20;10;0;<FLG>
V6155621;V615562101;HIXnJ;1;"2023-03-13 00:00:00";"2023-03-13 23:59:59";16;491;20;10;0;<FLG>
V6155621;V615562101;HIXnJ;1;"2023-03-14 00:00:00";"2023-03-14 04:00:00";16;542;20;10;0;<FLG>
V6155621;V615562101;HIXnJ;1;"2023-03-15 00:00:00";"2023-03-15 13:59:00";16;499;20;10;0;<FLG>
V6155621;V615562101;HIXnJ;1;"2023-03-16 00:00:00";"2023-03-16 08:30:00";16;501;20;10;0;<FLG>
V6155621;V615562101;HIXnJ;1;"2023-03-17 00:00:00";"2023-03-17 05:44:00";16;493;20;10;0;<FLG>
V6155621;V615562101;HIXnJ;1;"2023-03-18 00:00:00";"2023-03-18 11:21:00";16;489;20;10;0;<FLG>
V6155621;V615562101;HIXnJ;1;"2023-03-19 00:00:00";"2023-03-19 09:03:00";16;486;20;10;0;<FLG>
V6155621;V615562101;HIXnJ;1;"2023-03-20 00:00:00";"2023-03-20 08:46:00";16;484;20;10;0;<FLG>
V6155621;V615562101;HIXnJ;1;"2023-03-21 00:00:00";"2023-03-21 09:04:00";16;483;20;10;0;<FLG>
V6155621;V615562101;HIXnJ;1;"2023-03-22 00:00:00";"2023-03-22 10:30:00";16;487;20;10;0;<FLG>
V6155621;V615562101;HIXnJ;1;"2023-03-23 00:00:00";"2023-03-23 07:06:00";16;481;20;10;0;<FLG>
V6155621;V615562101;HIXnJ;1;"2023-03-24 00:00:00";"2023-03-24 08:56:00";16;476;20;10;0;<FLG>
V6155621;V615562101;HIXnJ;1;"2023-03-25 00:00:00";"2023-03-25 06:31:00";16;475;20;10;0;<FLG>
V6155621;V615562101;HIXnJ;1;"2023-03-26 00:00:00";"2023-03-26 23:59:59";16;473;20;10;0;<FLG>
V6155621;V615562101;HIXnJ;1;"2023-03-27 00:00:00";"2023-03-27 08:57:00";16;477;20;10;0;<FLG>
V6155621;V615562101;HIXnJ;1;"2023-03-28 00:00:00";"2023-03-28 05:20:00";16;477;20;10;0;<FLG>
V6155621;V615562101;HIXnJ;1;"2023-03-29 00:00:00";"2023-03-29 11:40:00";16;481;20;10;0;<FLG>
V6155621;V615562101;HIXnJ;1;"2023-03-30 00:00:00";"2023-03-30 15:00:00";16;474;20;10;0;<FLG>
V6155621;V615562101;HIXnJ;1;"2023-03-31 00:00:00";"2023-03-31 20:35:00";16;476;20;10;0;<FLG>
V6155621;V615562101;HIXnJ;1;"2023-04-01 00:00:00";"2023-04-01 11:00:00";16;478;20;10;0;<FLG>
V6155621;V615562101;HIXnJ;1;"2023-04-02 00:00:00";"2023-04-02 06:05:00";16;483;20;10;0;<FLG>
V6155621;V615562101;HIXnJ;1;"2023-04-03 00:00:00";"2023-04-03 08:05:00";16;475;20;10;0;<FLG>
V6155621;V615562101;HIXnJ;1;"2023-04-04 00:00:00";"2023-04-04 23:59:59";16;478;20;10;0;<FLG>
V6155621;V615562101;HIXnJ;1;"2023-04-05 00:00:00";"2023-04-05 08:25:00";16;482;20;10;0;<FLG>
V6155621;V615562101;HIXnJ;1;"2023-04-06 00:00:00";"2023-04-06 09:55:00";16;481;20;10;0;<FLG>
V6155621;V615562101;HIXnJ;1;"2023-04-07 00:00:00";"2023-04-07 12:35:00";16;474;20;10;0;<FLG>
V6155621;V615562101;HIXnJ;1;"2023-04-08 00:00:00";"2023-04-08 08:04:00";16;475;20;10;0;<FLG>
V6155621;V615562101;HIXnJ;1;"2023-04-09 00:00:00";"2023-04-09 08:00:00";16;471;20;10;0;<FLG>
V6155621;V615562101;HIXnJ;1;"2023-04-10 00:00:00";"2023-04-10 09:00:00";16;471;20;10;0;<FLG>
V6155621;V615562101;HIXnJ;1;"2023-04-11 00:00:00";"2023-04-11 09:30:00";16;468;20;10;0;<FLG>
V6155621;V615562101;HIXnJ;1;"2023-04-12 00:00:00";"2023-04-12 09:35:00";16;471;20;10;0;<FLG>
V6155621;V615562101;HIXnJ;1;"2023-04-13 00:00:00";"2023-04-13 06:55:00";16;468;20;10;0;<FLG>
V6155621;V615562101;HIXnJ;1;"2023-04-14 00:00:00";"2023-04-14 05:20:00";16;469;20;10;0;<FLG>
V6155621;V615562101;HIXnJ;1;"2023-04-15 00:00:00";"2023-04-15 05:30:00";16;474;20;10;0;<FLG>
V6155621;V615562101;HIXnJ;1;"2023-04-16 00:00:00";"2023-04-16 07:29:00";16;471;20;10;0;<FLG>
V6155621;V615562101;HIXnJ;1;"2023-04-17 00:00:00";"2023-04-17 08:30:00";16;473;20;10;0;<FLG>
V6155621;V615562101;HIXnJ;1;"2023-04-18 00:00:00";"2023-04-18 08:05:00";16;469;20;10;0;<FLG>
V6155621;V615562101;HIXnJ;1;"2023-04-19 00:00:00";"2023-04-19 08:45:00";16;469;20;10;0;<FLG>
V6155621;V615562101;HIXnJ;1;"2023-04-20 00:00:00";"2023-04-20 07:40:00";16;466;20;10;0;<FLG>
V6155621;V615562101;HIXnJ;1;"2023-04-21 00:00:00";"2023-04-21 10:40:00";16;467;20;10;0;<FLG>
V6155621;V615562101;HIXnJ;1;"2023-04-22 00:00:00";"2023-04-22 05:10:00";16;465;20;10;0;<FLG>
V6155621;V615562101;HIXnJ;1;"2023-04-23 00:00:00";"2023-04-23 23:59:59";16;465;20;10;0;<FLG>
V6155621;V615562101;HIXnJ;1;"2023-04-24 00:00:00";"2023-04-24 02:35:00";16;468;20;10;0;<FLG>
V6155621;V615562101;HIXnJ;1;"2023-04-25 00:00:00";"2023-04-25 07:00:00";16;470;20;10;0;<FLG>
V6155621;V615562101;HIXnJ;1;"2023-04-26 00:00:00";"2023-04-26 10:45:00";16;466;20;10;0;<FLG>
V6155621;V615562101;HIXnJ;1;"2023-04-27 00:00:00";"2023-04-27 09:15:00";16;461;20;10;0;<FLG>
V6155621;V615562101;HIXnJ;1;"2023-04-28 00:00:00";"2023-04-28 08:05:00";16;461;20;10;0;<FLG>
V6155621;V615562101;HIXnJ;1;"2023-04-29 00:00:00";"2023-04-29 09:50:00";16;461;20;10;0;<FLG>
V6155621;V615562101;HIXnJ;1;"2023-04-30 00:00:00";"2023-04-30 07:50:00";16;464;20;10;0;<FLG>
V6155621;V615562101;HIXnJ;1;"2023-05-01 00:00:00";"2023-05-01 09:05:00";16;465;20;10;0;<FLG>
V6155621;V615562101;HIXnJ;1;"2023-05-02 00:00:00";"2023-05-02 12:15:00";16;463;20;10;0;<FLG>
V6155621;V615562101;HIXnJ;1;"2023-05-03 00:00:00";"2023-05-03 06:55:00";16;457;20;10;0;<FLG>
V6155621;V615562101;HIXnJ;1;"2023-05-04 00:00:00";"2023-05-04 09:30:00";16;453;20;10;0;<FLG>
V6155621;V615562101;HIXnJ;1;"2023-05-05 00:00:00";"2023-05-05 09:17:00";16;453;20;10;0;<FLG>
V6155621;V615562101;HIXnJ;1;"2023-05-06 00:00:00";"2023-05-06 08:10:00";16;447;20;10;0;<FLG>
V6155621;V615562101;HIXnJ;1;"2023-05-07 00:00:00";"2023-05-07 08:53:00";16;442;20;10;0;<FLG>
V6155621;V615562101;HIXnJ;1;"2023-05-08 00:00:00";"2023-05-08 09:40:00";16;444;20;10;0;<FLG>
V6155621;V615562101;HIXnJ;1;"2023-05-09 00:00:00";"2023-05-09 07:21:00";16;441;20;10;0;<FLG>
V6155621;V615562101;HIXnJ;1;"2023-05-10 00:00:00";"2023-05-10 08:10:00";16;440;20;10;0;<FLG>
V6155621;V615562101;HIXnJ;1;"2023-05-11 00:00:00";"2023-05-11 13:05:00";16;437;20;10;0;<FLG>
V6155621;V615562101;HIXnJ;1;"2023-05-12 00:00:00";"2023-05-12 04:40:00";16;441;20;10;0;<FLG>
V6155621;V615562101;HIXnJ;1;"2023-05-13 00:00:00";"2023-05-13 02:10:00";16;441;20;10;0;<FLG>
V6155621;V615562101;HIXnJ;1;"2023-05-14 00:00:00";"2023-05-14 08:00:00";16;437;20;10;0;<FLG>
V6155621;V615562101;HIXnJ;1;"2023-05-15 00:00:00";"2023-05-15 08:25:00";16;441;20;10;0;<FLG>
V6155621;V615562101;HIXnJ;1;"2023-05-16 00:00:00";"2023-05-16 07:45:00";16;441;20;10;0;<FLG>
V6155621;V615562101;HIXnJ;1;"2023-05-17 00:00:00";"2023-05-17 07:15:00";16;445;20;10;0;<FLG>
V6155621;V615562101;HIXnJ;1;"2023-05-18 00:00:00";"2023-05-18 23:59:59";16;449;20;10;0;<FLG>
V6155621;V615562101;HIXnJ;1;"2023-05-19 00:00:00";"2023-05-19 01:15:00";16;451;20;10;0;<FLG>
V6155621;V615562101;HIXnJ;1;"2023-05-20 00:00:00";"2023-05-20 12:40:00";16;451;20;10;0;<FLG>
V6155621;V615562101;HIXnJ;1;"2023-05-21 00:00:00";"2023-05-21 16:35:00";16;456;20;10;0;<FLG>
V6155621;V615562101;HIXnJ;1;"2023-05-22 00:00:00";"2023-05-22 23:59:59";16;456;20;10;0;<FLG>
V6155621;V615562101;HIXnJ;1;"2023-05-23 00:00:00";"2023-05-23 06:15:00";16;460;20;10;0;<FLG>
V6155621;V615562101;HIXnJ;1;"2023-05-24 00:00:00";"2023-05-24 11:10:00";16;453;20;10;0;<FLG>
V6155621;V615562101;HIXnJ;1;"2023-05-25 00:00:00";"2023-05-25 20:42:00";16;481;20;10;0;<FLG>
V6155621;V615562101;HIXnJ;1;"2023-05-26 00:00:00";"2023-05-26 23:59:59";16;510;20;10;0;<FLG>
V6155621;V615562101;HIXnJ;1;"2023-05-27 00:00:00";"2023-05-27 21:50:00";16;529;20;10;0;<FLG>
V6155621;V615562101;HIXnJ;1;"2023-05-28 00:00:00";"2023-05-28 00:00:00";16;525;20;10;0;<FLG>
V6155621;V615562101;HIXnJ;1;"2023-05-29 00:00:00";"2023-05-29 21:10:00";16;604;20;10;0;<FLG>
V6155621;V615562101;HIXnJ;1;"2023-05-30 00:00:00";"2023-05-30 00:00:00";16;590;20;10;0;<FLG>
V6155621;V615562101;HIXnJ;1;"2023-05-31 00:00:00";"2023-05-31 17:15:00";16;611;20;10;0;<FLG>
V6155621;V615562101;HIXnJ;1;"2023-06-01 00:00:00";"2023-06-01 00:00:00";16;583;20;10;0;<FLG>
V6155621;V615562101;HIXnJ;1;"2023-06-02 00:00:00";"2023-06-02 02:45:00";16;560;20;10;0;<FLG>
V6155621;V615562101;HIXnJ;1;"2023-06-03 00:00:00";"2023-06-03 23:59:59";16;580;20;10;0;<FLG>
V6155621;V615562101;HIXnJ;1;"2023-06-04 00:00:00";"2023-06-04 00:20:00";16;583;20;10;0;<FLG>
V6155621;V615562101;HIXnJ;1;"2023-06-05 00:00:00";"2023-06-05 23:59:59";16;588;20;10;0;<FLG>
V6155621;V615562101;HIXnJ;1;"2023-06-06 00:00:00";"2023-06-06 23:59:59";16;628;20;10;0;<FLG>
V6155621;V615562101;HIXnJ;1;"2023-06-07 00:00:00";"2023-06-07 23:59:59";16;635;20;10;0;<FLG>
V6155621;V615562101;HIXnJ;1;"2023-06-08 00:00:00";"2023-06-08 12:00:00";16;649;20;10;0;<FLG>
V6155621;V615562101;HIXnJ;1;"2023-06-09 00:00:00";"2023-06-09 20:30:00";16;647;20;10;0;<FLG>
V6155621;V615562101;HIXnJ;1;"2023-06-10 00:00:00";"2023-06-10 06:55:00";16;664;20;10;0;<FLG>
V6155621;V615562101;HIXnJ;1;"2023-06-11 00:00:00";"2023-06-11 09:05:00";16;634;20;10;0;<FLG>
V6155621;V615562101;HIXnJ;1;"2023-06-12 00:00:00";"2023-06-12 23:59:59";16;936;20;10;0;<FLG>
V6155621;V615562101;HIXnJ;1;"2023-06-13 00:00:00";"2023-06-13 00:20:00";16;949;20;10;0;<FLG>
V6155621;V615562101;HIXnJ;1;"2023-06-14 00:00:00";"2023-06-14 23:59:59";16;732;20;10;0;<FLG>
V6155621;V615562101;HIXnJ;1;"2023-06-15 00:00:00";"2023-06-15 13:23:00";16;755;20;10;0;<FLG>
V6155621;V615562101;HIXnJ;1;"2023-06-16 00:00:00";"2023-06-16 02:18:00";16;755;20;10;0;<FLG>
V6155621;V615562101;HIXnJ;1;"2023-06-17 00:00:00";"2023-06-17 00:00:00";16;735;20;10;0;<FLG>
V6155621;V615562101;HIXnJ;1;"2023-06-18 00:00:00";"2023-06-18 00:00:00";16;711;20;10;0;<FLG>
V6155621;V615562101;HIXnJ;1;"2023-06-19 00:00:00";"2023-06-19 00:00:00";16;682;20;10;0;<FLG>
V6155621;V615562101;HIXnJ;1;"2023-06-20 00:00:00";"2023-06-20 02:05:00";16;648;20;10;0;<FLG>
V6155621;V615562101;HIXnJ;1;"2023-06-21 00:00:00";"2023-06-21 01:51:00";16;621;20;10;0;<FLG>
V6155621;V615562101;HIXnJ;1;"2023-06-22 00:00:00";"2023-06-22 17:55:00";16;641;20;10;0;<FLG>
V6155621;V615562101;HIXnJ;1;"2023-06-23 00:00:00";"2023-06-23 04:00:00";16;622;20;10;0;<FLG>
V6155621;V615562101;HIXnJ;1;"2023-06-24 00:00:00";"2023-06-24 04:55:00";16;596;20;10;0;<FLG>
V6155621;V615562101;HIXnJ;1;"2023-06-25 00:00:00";"2023-06-25 02:38:00";16;585;20;10;0;<FLG>
V6155621;V615562101;HIXnJ;1;"2023-06-26 00:00:00";"2023-06-26 03:05:00";16;579;20;10;0;<FLG>
V6155621;V615562101;HIXnJ;1;"2023-06-27 00:00:00";"2023-06-27 05:48:00";16;568;20;10;0;<FLG>
V6155621;V615562101;HIXnJ;1;"2023-06-28 00:00:00";"2023-06-28 08:35:00";16;563;20;10;0;<FLG>
V6155621;V615562101;HIXnJ;1;"2023-06-29 00:00:00";"2023-06-29 23:59:59";16;571;20;10;0;<FLG>
V6155621;V615562101;HIXnJ;1;"2023-06-30 00:00:00";"2023-06-30 13:35:00";16;622;20;10;0;<FLG>
V6155621;V615562101;HIXnJ;1;"2023-07-01 00:00:00";"2023-07-01 00:00:00";16;576;20;10;0;<FLG>
V6155621;V615562101;HIXnJ;1;"2023-07-02 00:00:00";"2023-07-02 03:05:00";16;559;20;10;0;<FLG>
V6155621;V615562101;HIXnJ;1;"2023-07-03 00:00:00";"2023-07-03 07:50:00";16;552;20;10;0;<FLG>
V6155621;V615562101;HIXnJ;1;"2023-07-04 00:00:00";"2023-07-04 08:00:00";16;539;20;10;0;<FLG>
V6155621;V615562101;HIXnJ;1;"2023-07-05 00:00:00";"2023-07-05 07:10:00";16;526;20;10;0;<FLG>
V6155621;V615562101;HIXnJ;1;"2023-07-06 00:00:00";"2023-07-06 04:20:00";16;521;20;10;0;<FLG>
V6155621;V615562101;HIXnJ;1;"2023-07-07 00:00:00";"2023-07-07 06:50:00";16;512;20;10;0;<FLG>
V6155621;V615562101;HIXnJ;1;"2023-07-08 00:00:00";"2023-07-08 00:00:00";16;510;20;10;0;<FLG>
V6155621;V615562101;HIXnJ;1;"2023-07-09 00:00:00";"2023-07-09 08:00:00";16;505;20;10;0;<FLG>
V6155621;V615562101;HIXnJ;1;"2023-07-10 00:00:00";"2023-07-10 05:15:00";16;505;20;10;0;<FLG>
V6155621;V615562101;HIXnJ;1;"2023-07-11 00:00:00";"2023-07-11 04:35:00";16;498;20;10;0;<FLG>
V6155621;V615562101;HIXnJ;1;"2023-07-12 00:00:00";"2023-07-12 07:15:00";16;494;20;10;0;<FLG>
V6155621;V615562101;HIXnJ;1;"2023-07-13 00:00:00";"2023-07-13 04:10:00";16;489;20;10;0;<FLG>
V6155621;V615562101;HIXnJ;1;"2023-07-14 00:00:00";"2023-07-14 05:30:00";16;487;20;10;0;<FLG>
V6155621;V615562101;HIXnJ;1;"2023-07-15 00:00:00";"2023-07-15 08:40:00";16;486;20;10;0;<FLG>
V6155621;V615562101;HIXnJ;1;"2023-07-16 00:00:00";"2023-07-16 07:20:00";16;479;20;10;0;<FLG>
V6155621;V615562101;HIXnJ;1;"2023-07-17 00:00:00";"2023-07-17 11:20:00";16;480;20;10;0;<FLG>
V6155621;V615562101;HIXnJ;1;"2023-07-18 00:00:00";"2023-07-18 06:50:00";16;475;20;10;0;<FLG>
V6155621;V615562101;HIXnJ;1;"2023-07-19 00:00:00";"2023-07-19 06:55:00";16;471;20;10;0;<FLG>
V6155621;V615562101;HIXnJ;1;"2023-07-20 00:00:00";"2023-07-20 08:30:00";16;470;20;10;0;<FLG>
V6155621;V615562101;HIXnJ;1;"2023-07-21 00:00:00";"2023-07-21 07:20:00";16;469;20;10;0;<FLG>
V6155621;V615562101;HIXnJ;1;"2023-07-22 00:00:00";"2023-07-22 08:35:00";16;467;20;10;0;<FLG>
V6155621;V615562101;HIXnJ;1;"2023-07-23 00:00:00";"2023-07-23 17:00:00";16;470;20;10;0;<FLG>
V6155621;V615562101;HIXnJ;1;"2023-07-24 00:00:00";"2023-07-24 07:05:00";16;472;20;10;0;<FLG>
V6155621;V615562101;HIXnJ;1;"2023-07-25 00:00:00";"2023-07-25 10:10:00";16;465;20;10;0;<FLG>
V6155621;V615562101;HIXnJ;1;"2023-07-26 00:00:00";"2023-07-26 08:05:00";16;467;20;10;0;<FLG>
V6155621;V615562101;HIXnJ;1;"2023-07-27 00:00:00";"2023-07-27 06:50:00";16;462;20;10;0;<FLG>
V6155621;V615562101;HIXnJ;1;"2023-07-28 00:00:00";"2023-07-28 05:25:00";16;487;20;10;0;<FLG>
V6155621;V615562101;HIXnJ;1;"2023-07-29 00:00:00";"2023-07-29 08:15:00";16;460;20;10;0;<FLG>
V6155621;V615562101;HIXnJ;1;"2023-07-30 00:00:00";"2023-07-30 12:05:00";16;459;20;10;0;<FLG>
V6155621;V615562101;HIXnJ;1;"2023-07-31 00:00:00";"2023-07-31 09:25:00";16;461;20;10;0;<FLG>
V6155621;V615562101;HIXnJ;1;"2023-08-01 00:00:00";"2023-08-01 12:30:00";16;461;20;10;0;<FLG>
V6155621;V615562101;HIXnJ;1;"2023-08-02 00:00:00";"2023-08-02 11:50:00";16;455;20;10;0;<FLG>
V6155621;V615562101;HIXnJ;1;"2023-08-03 00:00:00";"2023-08-03 08:25:00";16;449;20;10;0;<FLG>
V6155621;V615562101;HIXnJ;1;"2023-08-04 00:00:00";"2023-08-04 23:59:59";16;449;20;10;0;<FLG>
V6155621;V615562101;HIXnJ;1;"2023-08-05 00:00:00";"2023-08-05 09:20:00";16;460;20;10;0;<FLG>
V6155621;V615562101;HIXnJ;1;"2023-08-06 00:00:00";"2023-08-06 10:32:00";16;450;20;10;0;<FLG>
V6155621;V615562101;HIXnJ;1;"2023-08-07 00:00:00";"2023-08-07 08:20:00";16;453;20;10;0;<FLG>
V6155621;V615562101;HIXnJ;1;"2023-08-08 00:00:00";"2023-08-08 10:55:00";16;454;20;10;0;<FLG>
V6155621;V615562101;HIXnJ;1;"2023-08-09 00:00:00";"2023-08-09 10:05:00";16;448;20;10;0;<FLG>
V6155621;V615562101;HIXnJ;1;"2023-08-10 00:00:00";"2023-08-10 10:05:00";16;442;20;10;0;<FLG>
V6155621;V615562101;HIXnJ;1;"2023-08-11 00:00:00";"2023-08-11 07:25:00";16;447;20;10;0;<FLG>
V6155621;V615562101;HIXnJ;1;"2023-08-12 00:00:00";"2023-08-12 13:18:00";16;439;20;10;0;<FLG>
V6155621;V615562101;HIXnJ;1;"2023-08-13 00:00:00";"2023-08-13 09:48:00";16;440;20;10;0;<FLG>
V6155621;V615562101;HIXnJ;1;"2023-08-14 00:00:00";"2023-08-14 12:43:00";16;440;20;10;0;<FLG>
V6155621;V615562101;HIXnJ;1;"2023-08-15 00:00:00";"2023-08-15 17:34:00";16;439;20;10;0;<FLG>
V6155621;V615562101;HIXnJ;1;"2023-08-16 00:00:00";"2023-08-16 10:35:00";16;442;20;10;0;<FLG>
V6155621;V615562101;HIXnJ;1;"2023-08-17 00:00:00";"2023-08-17 10:35:00";16;438;20;10;0;<FLG>
V6155621;V615562101;HIXnJ;1;"2023-08-18 00:00:00";"2023-08-18 10:35:00";16;438;20;10;0;<FLG>
V6155621;V615562101;HIXnJ;1;"2023-08-19 00:00:00";"2023-08-19 10:35:00";16;436;20;10;0;<FLG>
V6155621;V615562101;HIXnJ;1;"2023-08-20 00:00:00";"2023-08-20 10:35:00";16;436;20;10;0;<FLG>
V6155621;V615562101;HIXnJ;1;"2023-08-21 00:00:00";"2023-08-21 00:00:00";16;435;20;10;0;<FLG>
V6155621;V615562101;HIXnJ;1;"2023-08-22 00:00:00";"2023-08-22 00:00:00";16;431;20;10;0;<FLG>
V6155621;V615562101;HIXnJ;1;"2023-08-23 00:00:00";"2023-08-23 10:35:00";16;431;20;10;0;<FLG>
V6155621;V615562101;HIXnJ;1;"2023-08-24 00:00:00";"2023-08-24 10:35:00";16;431;20;10;0;<FLG>
V6155621;V615562101;HIXnJ;1;"2023-08-25 00:00:00";"2023-08-25 08:55:00";16;437;20;10;0;<FLG>
V6155621;V615562101;HIXnJ;1;"2023-08-26 00:00:00";"2023-08-26 23:59:59";16;438;20;10;0;<FLG>
V6155621;V615562101;HIXnJ;1;"2023-08-27 00:00:00";"2023-08-27 09:10:00";16;475;20;10;0;<FLG>
V6155621;V615562101;HIXnJ;1;"2023-08-28 00:00:00";"2023-08-28 00:00:00";16;456;20;10;0;<FLG>
V6155621;V615562101;HIXnJ;1;"2023-08-29 00:00:00";"2023-08-29 08:30:00";16;453;20;10;0;<FLG>
V6155621;V615562101;HIXnJ;1;"2023-08-30 00:00:00";"2023-08-30 04:35:00";16;454;20;10;0;<FLG>
V6155621;V615562101;HIXnJ;1;"2023-08-31 00:00:00";"2023-08-31 05:31:00";16;443;20;10;0;<FLG>
V6155621;V615562101;HIXnJ;1;"2023-09-01 00:00:00";"2023-09-01 12:35:00";16;446;20;10;0;<FLG>
V6155621;V615562101;HIXnJ;1;"2023-09-02 00:00:00";"2023-09-02 09:48:00";16;436;20;10;0;<FLG>
V6155621;V615562101;HIXnJ;1;"2023-09-03 00:00:00";"2023-09-03 06:50:00";16;438;20;10;0;<FLG>
V6155621;V615562101;HIXnJ;1;"2023-09-04 00:00:00";"2023-09-04 06:50:00";16;433;20;10;0;<FLG>
V6155621;V615562101;HIXnJ;1;"2023-09-05 00:00:00";"2023-09-05 06:50:00";16;431;20;10;0;<FLG>
V6155621;V615562101;HIXnJ;1;"2023-09-06 00:00:00";"2023-09-06 07:40:00";16;437;20;10;0;<FLG>
V6155621;V615562101;HIXnJ;1;"2023-09-07 00:00:00";"2023-09-07 07:40:00";16;433;20;10;0;<FLG>
V6155621;V615562101;HIXnJ;1;"2023-09-08 00:00:00";"2023-09-08 07:40:00";16;432;20;10;0;<FLG>
V6155621;V615562101;HIXnJ;1;"2023-09-09 00:00:00";"2023-09-09 07:40:00";16;429;20;10;0;<FLG>
V6155621;V615562101;HIXnJ;1;"2023-09-10 00:00:00";"2023-09-10 23:59:59";16;430;20;10;0;<FLG>
V6155621;V615562101;HIXnJ;1;"2023-09-11 00:00:00";"2023-09-11 06:55:00";16;437;20;10;0;<FLG>
V6155621;V615562101;HIXnJ;1;"2023-09-12 00:00:00";"2023-09-12 17:55:00";16;437;20;10;0;<FLG>
V6155621;V615562101;HIXnJ;1;"2023-09-13 00:00:00";"2023-09-13 23:50:00";16;440;20;10;0;<FLG>
V6155621;V615562101;HIXnJ;1;"2023-09-14 00:00:00";"2023-09-14 00:00:00";16;440;20;10;0;<FLG>
V6155621;V615562101;HIXnJ;1;"2023-09-15 00:00:00";"2023-09-15 05:15:00";16;437;20;10;0;<FLG>
V6155621;V615562101;HIXnJ;1;"2023-09-16 00:00:00";"2023-09-16 13:15:00";16;436;20;10;0;<FLG>
V6155621;V615562101;HIXnJ;1;"2023-09-17 00:00:00";"2023-09-17 00:00:00";16;433;20;10;0;<FLG>
V6155621;V615562101;HIXnJ;1;"2023-09-18 00:00:00";"2023-09-18 20:05:00";16;445;20;10;0;<FLG>
V6155621;V615562101;HIXnJ;1;"2023-09-19 00:00:00";"2023-09-19 00:00:00";16;436;20;10;0;<FLG>
V6155621;V615562101;HIXnJ;1;"2023-09-20 00:00:00";"2023-09-20 20:25:00";16;482;20;10;0;<FLG>
V6155621;V615562101;HIXnJ;1;"2023-09-21 00:00:00";"2023-09-21 00:00:00";16;472;20;10;0;<FLG>
V6155621;V615562101;HIXnJ;1;"2023-09-22 00:00:00";"2023-09-22 01:10:00";16;469;20;10;0;<FLG>
V6155621;V615562101;HIXnJ;1;"2023-09-23 00:00:00";"2023-09-23 14:25:00";16;461;20;10;0;<FLG>
V6155621;V615562101;HIXnJ;1;"2023-09-24 00:00:00";"2023-09-24 11:15:00";16;463;20;10;0;<FLG>
V6155621;V615562101;HIXnJ;1;"2023-09-25 00:00:00";"2023-09-25 12:05:00";16;472;20;10;0;<FLG>
V6155621;V615562101;HIXnJ;1;"2023-09-26 00:00:00";"2023-09-26 11:05:00";16;467;20;10;0;<FLG>
V6155621;V615562101;HIXnJ;1;"2023-09-27 00:00:00";"2023-09-27 12:10:00";16;469;20;10;0;<FLG>
V6155621;V615562101;HIXnJ;1;"2023-09-28 00:00:00";"2023-09-28 23:59:59";16;454;20;10;0;<FLG>
V6155621;V615562101;HIXnJ;1;"2023-09-29 00:00:00";"2023-09-29 12:27:00";16;454;20;10;0;<FLG>
V6155621;V615562101;HIXnJ;1;"2023-09-30 00:00:00";"2023-09-30 09:50:00";16;455;20;10;0;<FLG>
V6155621;V615562101;HIXnJ;1;"2023-10-01 00:00:00";"2023-10-01 23:59:59";16;451;20;10;0;<FLG>
V6155621;V615562101;HIXnJ;1;"2023-10-02 00:00:00";"2023-10-02 10:50:00";16;455;20;10;0;<FLG>
V6155621;V615562101;HIXnJ;1;"2023-10-03 00:00:00";"2023-10-03 12:41:00";16;453;20;10;0;<FLG>
V6155621;V615562101;HIXnJ;1;"2023-10-04 00:00:00";"2023-10-04 10:20:00";16;455;20;10;0;<FLG>
V6155621;V615562101;HIXnJ;1;"2023-10-05 00:00:00";"2023-10-05 10:20:00";16;450;20;10;0;<FLG>
V6155621;V615562101;HIXnJ;1;"2023-10-06 00:00:00";"2023-10-06 11:55:00";16;452;20;10;0;<FLG>
V6155621;V615562101;HIXnJ;1;"2023-10-07 00:00:00";"2023-10-07 00:38:00";16;451;20;10;0;<FLG>
V6155621;V615562101;HIXnJ;1;"2023-10-08 00:00:00";"2023-10-08 23:59:59";16;451;20;10;0;<FLG>
V6155621;V615562101;HIXnJ;1;"2023-10-09 00:00:00";"2023-10-09 08:35:00";16;452;20;10;0;<FLG>
V6155621;V615562101;HIXnJ;1;"2023-10-10 00:00:00";"2023-10-10 16:25:00";16;423;20;10;0;<FLG>
V6155621;V615562101;HIXnJ;1;"2023-10-11 00:00:00";"2023-10-11 11:44:00";16;420;20;10;0;<FLG>
V6155621;V615562101;HIXnJ;1;"2023-10-12 00:00:00";"2023-10-12 10:00:00";16;425;20;10;0;<FLG>
V6155621;V615562101;HIXnJ;1;"2023-10-13 00:00:00";"2023-10-13 10:00:00";16;422;20;10;0;<FLG>
V6155621;V615562101;HIXnJ;1;"2023-10-14 00:00:00";"2023-10-14 13:45:00";16;432;20;10;0;<FLG>
V6155621;V615562101;HIXnJ;1;"2023-10-15 00:00:00";"2023-10-15 13:35:00";16;435;20;10;0;<FLG>
V6155621;V615562101;HIXnJ;1;"2023-10-16 00:00:00";"2023-10-16 23:59:59";16;436;20;10;0;<FLG>
V6155621;V615562101;HIXnJ;1;"2023-10-17 00:00:00";"2023-10-17 14:00:00";16;439;20;10;0;<FLG>
V6155621;V615562101;HIXnJ;1;"2023-10-18 00:00:00";"2023-10-18 00:00:00";16;431;20;10;0;<FLG>
V6155621;V615562101;HIXnJ;1;"2023-10-19 00:00:00";"2023-10-19 23:59:59";16;432;20;10;0;<FLG>
V6155621;V615562101;HIXnJ;1;"2023-10-20 00:00:00";"2023-10-20 05:15:00";16;446;20;10;0;<FLG>
V6155621;V615562101;HIXnJ;1;"2023-10-21 00:00:00";"2023-10-21 23:59:59";16;456;20;10;0;<FLG>
V6155621;V615562101;HIXnJ;1;"2023-10-22 00:00:00";"2023-10-22 23:59:59";16;458;20;10;0;<FLG>
V6155621;V615562101;HIXnJ;1;"2023-10-23 00:00:00";"2023-10-23 11:20:00";16;463;20;10;0;<FLG>
V6155621;V615562101;HIXnJ;1;"2023-10-24 00:00:00";"2023-10-24 23:08:00";16;458;20;10;0;<FLG>
V6155621;V615562101;HIXnJ;1;"2023-10-25 00:00:00";"2023-10-25 00:00:00";16;458;20;10;0;<FLG>
V6155621;V615562101;HIXnJ;1;"2023-10-26 00:00:00";"2023-10-26 23:59:59";16;465;20;10;0;<FLG>
V6155621;V615562101;HIXnJ;1;"2023-10-27 00:00:00";"2023-10-27 00:20:00";16;465;20;10;0;<FLG>
V6155621;V615562101;HIXnJ;1;"2023-10-28 00:00:00";"2023-10-28 18:22:00";16;464;20;10;0;<FLG>
V6155621;V615562101;HIXnJ;1;"2023-10-29 00:00:00";"2023-10-29 16:00:00";16;465;20;10;0;<FLG>
V6155621;V615562101;HIXnJ;1;"2023-10-30 00:00:00";"2023-10-30 15:00:00";16;551;20;10;0;<FLG>
V6155621;V615562101;HIXnJ;1;"2023-10-31 00:00:00";"2023-10-31 00:00:00";16;536;20;10;0;<FLG>
V6155621;V615562101;HIXnJ;1;"2023-11-01 00:00:00";"2023-11-01 17:55:00";16;527;20;10;0;<FLG>
V6155621;V615562101;HIXnJ;1;"2023-11-02 00:00:00";"2023-11-02 14:30:00";16;536;20;10;0;<FLG>
V6155621;V615562101;HIXnJ;1;"2023-11-03 00:00:00";"2023-11-03 21:10:00";16;553;20;10;0;<FLG>
V6155621;V615562101;HIXnJ;1;"2023-11-04 00:00:00";"2023-11-04 23:59:59";16;571;20;10;0;<FLG>
V6155621;V615562101;HIXnJ;1;"2023-11-05 00:00:00";"2023-11-05 01:15:00";16;575;20;10;0;<FLG>
V6155621;V615562101;HIXnJ;1;"2023-11-06 00:00:00";"2023-11-06 23:59:59";16;591;20;10;0;<FLG>
V6155621;V615562101;HIXnJ;1;"2023-11-07 00:00:00";"2023-11-07 02:35:00";16;595;20;10;0;<FLG>
V6155621;V615562101;HIXnJ;1;"2023-11-08 00:00:00";"2023-11-08 04:00:00";16;587;20;10;0;<FLG>
V6155621;V615562101;HIXnJ;1;"2023-11-09 00:00:00";"2023-11-09 19:10:00";16;603;20;10;0;<FLG>
V6155621;V615562101;HIXnJ;1;"2023-11-10 00:00:00";"2023-11-10 00:00:00";16;587;20;10;0;<FLG>
V6155621;V615562101;HIXnJ;1;"2023-11-11 00:00:00";"2023-11-11 23:59:59";16;591;20;10;0;<FLG>
V6155621;V615562101;HIXnJ;1;"2023-11-12 00:00:00";"2023-11-12 05:51:00";16;596;20;10;0;<FLG>
V6155621;V615562101;HIXnJ;1;"2023-11-13 00:00:00";"2023-11-13 01:05:00";16;594;20;10;0;<FLG>
V6155621;V615562101;HIXnJ;1;"2023-11-14 00:00:00";"2023-11-14 00:00:00";16;581;20;10;0;<FLG>
V6155621;V615562101;HIXnJ;1;"2023-11-15 00:00:00";"2023-11-15 12:02:00";16;574;20;10;0;<FLG>
V6155621;V615562101;HIXnJ;1;"2023-11-16 00:00:00";"2023-11-16 02:50:00";16;575;20;10;0;<FLG>
V6155621;V615562101;HIXnJ;1;"2023-11-17 00:00:00";"2023-11-17 02:25:00";16;574;20;10;0;<FLG>
V6155621;V615562101;HIXnJ;1;"2023-11-18 00:00:00";"2023-11-18 02:25:00";16;560;20;10;0;<FLG>
V6155621;V615562101;HIXnJ;1;"2023-11-19 00:00:00";"2023-11-19 05:13:00";16;552;20;10;0;<FLG>
V6155621;V615562101;HIXnJ;1;"2023-11-20 00:00:00";"2023-11-20 03:31:00";16;548;20;10;0;<FLG>
V6155621;V615562101;HIXnJ;1;"2023-11-21 00:00:00";"2023-11-21 09:55:00";16;546;20;10;0;<FLG>
V6155621;V615562101;HIXnJ;1;"2023-11-22 00:00:00";"2023-11-22 01:05:00";16;535;20;10;0;<FLG>
V6155621;V615562101;HIXnJ;1;"2023-11-23 00:00:00";"2023-11-23 09:45:00";16;523;20;10;0;<FLG>
V6155621;V615562101;HIXnJ;1;"2023-11-24 00:00:00";"2023-11-24 02:13:00";16;518;20;10;0;<FLG>
V6155621;V615562101;HIXnJ;1;"2023-11-25 00:00:00";"2023-11-25 04:05:00";16;506;20;10;0;<FLG>
V6155621;V615562101;HIXnJ;1;"2023-11-26 00:00:00";"2023-11-26 04:45:00";16;504;20;10;0;<FLG>
V6155621;V615562101;HIXnJ;1;"2023-11-27 00:00:00";"2023-11-27 01:04:00";16;501;20;10;0;<FLG>
V6155621;V615562101;HIXnJ;1;"2023-11-28 00:00:00";"2023-11-28 00:00:00";16;493;20;10;0;<FLG>
V6155621;V615562101;HIXnJ;1;"2023-11-29 00:00:00";"2023-11-29 10:30:00";16;491;20;10;0;<FLG>
V6155621;V615562101;HIXnJ;1;"2023-11-30 00:00:00";"2023-11-30 07:16:00";16;480;20;10;0;<FLG>
V6155621;V615562101;HIXnJ;1;"2023-12-01 00:00:00";"2023-12-01 19:15:00";16;495;20;10;0;<FLG>
V6155621;V615562101;HIXnJ;1;"2023-12-02 00:00:00";"2023-12-02 23:59:59";16;517;20;10;0;<FLG>
V6155621;V615562101;HIXnJ;1;"2023-12-03 00:00:00";"2023-12-03 23:59:59";16;551;20;10;0;<FLG>
V6155621;V615562101;HIXnJ;1;"2023-12-04 00:00:00";"2023-12-04 16:10:00";16;566;20;10;0;<FLG>
V6155621;V615562101;HIXnJ;1;"2023-12-05 00:00:00";"2023-12-05 23:59:59";16;561;20;10;0;<FLG>
V6155621;V615562101;HIXnJ;1;"2023-12-06 00:00:00";"2023-12-06 16:20:00";16;566;20;10;0;<FLG>
V6155621;V615562101;HIXnJ;1;"2023-12-07 00:00:00";"2023-12-07 18:06:00";16;594;20;10;0;<FLG>
V6155621;V615562101;HIXnJ;1;"2023-12-08 00:00:00";"2023-12-08 13:25:00";16;636;20;10;0;<FLG>
V6155621;V615562101;HIXnJ;1;"2023-12-09 00:00:00";"2023-12-09 23:59:59";16;686;20;10;0;<FLG>
V6155621;V615562101;HIXnJ;1;"2023-12-10 00:00:00";"2023-12-10 12:30:00";16;699;20;10;0;<FLG>
V6155621;V615562101;HIXnJ;1;"2023-12-11 00:00:00";"2023-12-11 16:01:00";16;694;20;10;0;<FLG>
V6155621;V615562101;HIXnJ;1;"2023-12-12 00:00:00";"2023-12-12 08:00:00";16;691;20;10;0;<FLG>
V6155621;V615562101;HIXnJ;1;"2023-12-13 00:00:00";"2023-12-13 01:50:00";16;687;20;10;0;<FLG>
V6155621;V615562101;HIXnJ;1;"2023-12-14 00:00:00";"2023-12-14 00:26:00";16;675;20;10;0;<FLG>
V6155621;V615562101;HIXnJ;1;"2023-12-15 00:00:00";"2023-12-15 00:35:00";16;666;20;10;0;<FLG>
V6155621;V615562101;HIXnJ;1;"2023-12-16 00:00:00";"2023-12-16 00:00:00";16;641;20;10;0;<FLG>
V6155621;V615562101;HIXnJ;1;"2023-12-17 00:00:00";"2023-12-17 00:00:00";16;627;20;10;0;<FLG>
V6155621;V615562101;HIXnJ;1;"2023-12-18 00:00:00";"2023-12-18 00:30:00";16;621;20;10;0;<FLG>
V6155621;V615562101;HIXnJ;1;"2023-12-19 00:00:00";"2023-12-19 00:00:00";16;601;20;10;0;<FLG>
V6155621;V615562101;HIXnJ;1;"2023-12-20 00:00:00";"2023-12-20 09:25:00";16;594;20;10;0;<FLG>
V6155621;V615562101;HIXnJ;1;"2023-12-21 00:00:00";"2023-12-21 18:05:00";16;592;20;10;0;<FLG>
V6155621;V615562101;HIXnJ;1;"2023-12-22 00:00:00";"2023-12-22 00:00:00";16;579;20;10;0;<FLG>
V6155621;V615562101;HIXnJ;1;"2023-12-23 00:00:00";"2023-12-23 02:12:00";16;575;20;10;0;<FLG>
V6155621;V615562101;HIXnJ;1;"2023-12-24 00:00:00";"2023-12-24 08:04:00";16;572;20;10;0;<FLG>
V6155621;V615562101;HIXnJ;1;"2023-12-25 00:00:00";"2023-12-25 07:33:00";16;566;20;10;0;<FLG>
V6155621;V615562101;HIXnJ;1;"2023-12-26 00:00:00";"2023-12-26 11:13:00";16;565;20;10;0;<FLG>
V6155621;V615562101;HIXnJ;1;"2023-12-27 00:00:00";"2023-12-27 07:26:00";16;562;20;10;0;<FLG>
V6155621;V615562101;HIXnJ;1;"2023-12-28 00:00:00";"2023-12-28 02:28:00";16;558;20;10;0;<FLG>
V6155621;V615562101;HIXnJ;1;"2023-12-29 00:00:00";"2023-12-29 00:00:00";16;553;20;10;0;<FLG>
V6155621;V615562101;HIXnJ;1;"2023-12-30 00:00:00";"2023-12-30 10:06:00";16;550;20;10;0;<FLG>
V6155621;V615562101;HIXnJ;1;"2023-12-31 00:00:00";"2023-12-31 02:42:00";16;546;20;10;0;<FLG>
V6155621;V615562101;HIXnJ;1;"2024-01-01 00:00:00";"2024-01-01 23:59:59";16;544;20;10;0;<FLG>
V6155621;V615562101;HIXnJ;1;"2024-01-02 00:00:00";"2024-01-02 09:40:00";16;546;20;10;0;<FLG>
V6155621;V615562101;HIXnJ;1;"2024-01-03 00:00:00";"2024-01-03 00:00:00";16;527;20;10;0;<FLG>
V6155621;V615562101;HIXnJ;1;"2024-01-04 00:00:00";"2024-01-04 03:40:00";16;521;20;10;0;<FLG>
V6155621;V615562101;HIXnJ;1;"2024-01-05 00:00:00";"2024-01-05 17:29:00";16;534;20;10;0;<FLG>
V6155621;V615562101;HIXnJ;1;"2024-01-06 00:00:00";"2024-01-06 23:59:59";16;545;20;10;0;<FLG>
V6155621;V615562101;HIXnJ;1;"2024-01-07 00:00:00";"2024-01-07 23:59:59";16;555;20;10;0;<FLG>
V6155621;V615562101;HIXnJ;1;"2024-01-08 00:00:00";"2024-01-08 13:42:00";16;558;20;10;0;<FLG>
V6155621;V615562101;HIXnJ;1;"2024-01-09 00:00:00";"2024-01-09 00:32:00";16;558;20;10;0;<FLG>
V6155621;V615562101;HIXnJ;1;"2024-01-10 00:00:00";"2024-01-10 18:18:00";16;550;20;10;0;<FLG>
V6155621;V615562101;HIXnJ;1;"2024-01-11 00:00:00";"2024-01-11 23:06:00";16;554;20;10;0;<FLG>
V6155621;V615562101;HIXnJ;1;"2024-01-12 00:00:00";"2024-01-12 00:00:00";16;554;20;10;0;<FLG>
V6155621;V615562101;HIXnJ;1;"2024-01-13 00:00:00";"2024-01-13 23:30:00";16;553;20;10;0;<FLG>
V6155621;V615562101;HIXnJ;1;"2024-01-14 00:00:00";"2024-01-14 00:00:00";16;553;20;10;0;<FLG>
V6155621;V615562101;HIXnJ;1;"2024-01-15 00:00:00";"2024-01-15 02:27:00";16;552;20;10;0;<FLG>
V6155621;V615562101;HIXnJ;1;"2024-01-16 00:00:00";"2024-01-16 02:26:00";16;550;20;10;0;<FLG>
V6155621;V615562101;HIXnJ;1;"2024-01-17 00:00:00";"2024-01-17 22:05:00";16;564;20;10;0;<FLG>
V6155621;V615562101;HIXnJ;1;"2024-01-18 00:00:00";"2024-01-18 00:00:00";16;561;20;10;0;<FLG>
V6155621;V615562101;HIXnJ;1;"2024-01-19 00:00:00";"2024-01-19 23:59:59";16;584;20;10;0;<FLG>
V6155621;V615562101;HIXnJ;1;"2024-01-20 00:00:00";"2024-01-20 23:59:59";16;587;20;10;0;<FLG>
V6155621;V615562101;HIXnJ;1;"2024-01-21 00:00:00";"2024-01-21 07:47:00";16;588;20;10;0;<FLG>
V6155621;V615562101;HIXnJ;1;"2024-01-22 00:00:00";"2024-01-22 00:00:00";16;586;20;10;0;<FLG>
V6155621;V615562101;HIXnJ;1;"2024-01-23 00:00:00";"2024-01-23 00:00:00";16;577;20;10;0;<FLG>
V6155621;V615562101;HIXnJ;1;"2024-01-24 00:00:00";"2024-01-24 12:00:00";16;581;20;10;0;<FLG>
V6155621;V615562101;HIXnJ;1;"2024-01-25 00:00:00";"2024-01-25 00:00:00";16;570;20;10;0;<FLG>
V6155621;V615562101;HIXnJ;1;"2024-01-26 00:00:00";"2024-01-26 00:00:00";16;564;20;10;0;<FLG>
V6155621;V615562101;HIXnJ;1;"2024-01-27 00:00:00";"2024-01-27 00:00:00";16;562;20;10;0;<FLG>
V6155621;V615562101;HIXnJ;1;"2024-01-28 00:00:00";"2024-01-28 00:00:00";16;560;20;10;0;<FLG>
V6155621;V615562101;HIXnJ;1;"2024-01-29 00:00:00";"2024-01-29 00:00:00";16;558;20;10;0;<FLG>
V6155621;V615562101;HIXnJ;1;"2024-01-30 00:00:00";"2024-01-30 01:49:00";16;551;20;10;0;<FLG>
V6155621;V615562101;HIXnJ;1;"2024-01-31 00:00:00";"2024-01-31 00:00:00";16;549;20;10;0;<FLG>
V6155621;V615562101;HIXnJ;1;"2024-02-01 00:00:00";"2024-02-01 06:29:00";16;546;20;10;0;<FLG>
V6155621;V615562101;HIXnJ;1;"2024-02-02 00:00:00";"2024-02-02 00:00:00";16;542;20;10;0;<FLG>
V6155621;V615562101;HIXnJ;1;"2024-02-03 00:00:00";"2024-02-03 06:58:20";16;541;20;10;0;<FLG>
V6155621;V615562101;HIXnJ;1;"2024-02-04 00:00:00";"2024-02-04 06:58:20";16;541;20;10;0;<FLG>
V6155621;V615562101;HIXnJ;1;"2024-02-05 00:00:00";"2024-02-05 06:50:00";16;536;20;10;0;<FLG>
V6155621;V615562101;HIXnJ;1;"2024-02-06 00:00:00";"2024-02-06 06:20:00";16;533;20;10;0;<FLG>
V6155621;V615562101;HIXnJ;1;"2024-02-07 00:00:00";"2024-02-07 10:40:00";16;527;20;10;0;<FLG>
V6155621;V615562101;HIXnJ;1;"2024-02-08 00:00:00";"2024-02-08 19:37:00";16;527;20;10;0;<FLG>
V6155621;V615562101;HIXnJ;1;"2024-02-09 00:00:00";"2024-02-09 18:25:00";16;553;20;10;0;<FLG>
V6155621;V615562101;HIXnJ;1;"2024-02-10 00:00:00";"2024-02-10 23:59:59";16;659;20;10;0;<FLG>
V6155621;V615562101;HIXnJ;1;"2024-02-11 00:00:00";"2024-02-11 23:59:59";16;823;20;10;0;<FLG>
V6155621;V615562101;HIXnJ;1;"2024-02-12 00:00:00";"2024-02-12 19:30:00";16;854;20;10;0;<FLG>
V6155621;V615562101;HIXnJ;1;"2024-02-13 00:00:00";"2024-02-13 00:00:00";16;852;20;10;0;<FLG>
V6155621;V615562101;HIXnJ;1;"2024-02-14 00:00:00";"2024-02-14 00:00:00";16;842;20;10;0;<FLG>
V6155621;V615562101;HIXnJ;1;"2024-02-15 00:00:00";"2024-02-15 06:30:00";16;813;20;10;0;<FLG>
V6155621;V615562101;HIXnJ;1;"2024-02-16 00:00:00";"2024-02-16 00:00:00";16;798;20;10;0;<FLG>
V6155621;V615562101;HIXnJ;1;"2024-02-17 00:00:00";"2024-02-17 00:00:00";16;769;20;10;0;<FLG>
V6155621;V615562101;HIXnJ;1;"2024-02-18 00:00:00";"2024-02-18 00:00:00";16;739;20;10;0;<FLG>
V6155621;V615562101;HIXnJ;1;"2024-02-19 00:00:00";"2024-02-19 08:40:00";16;713;20;10;0;<FLG>
V6155621;V615562101;HIXnJ;1;"2024-02-20 00:00:00";"2024-02-20 10:10:00";16;672;20;10;0;<FLG>
V6155621;V615562101;HIXnJ;1;"2024-02-21 00:00:00";"2024-02-21 00:00:00";16;648;20;10;0;<FLG>
V6155621;V615562101;HIXnJ;1;"2024-02-22 00:00:00";"2024-02-22 00:00:00";16;625;20;10;0;<FLG>
V6155621;V615562101;HIXnJ;1;"2024-02-23 00:00:00";"2024-02-23 02:25:00";16;624;20;10;0;<FLG>
V6155621;V615562101;HIXnJ;1;"2024-02-24 00:00:00";"2024-02-24 00:00:00";16;616;20;10;0;<FLG>
V6155621;V615562101;HIXnJ;1;"2024-02-25 00:00:00";"2024-02-25 23:59:59";16;638;20;10;0;<FLG>
V6155621;V615562101;HIXnJ;1;"2024-02-26 00:00:00";"2024-02-26 07:40:00";16;692;20;10;0;<FLG>
V6155621;V615562101;HIXnJ;1;"2024-02-27 00:00:00";"2024-02-27 23:59:59";16;699;20;10;0;<FLG>
V6155621;V615562101;HIXnJ;1;"2024-02-28 00:00:00";"2024-02-28 15:55:00";16;725;20;10;0;<FLG>
V6155621;V615562101;HIXnJ;1;"2024-02-29 00:00:00";"2024-02-29 00:00:00";16;721;20;10;0;<FLG>
V6155621;V615562101;HIXnJ;1;"2024-03-01 00:00:00";"2024-03-01 21:10:00";16;721;20;10;0;<FLG>
V6155621;V615562101;HIXnJ;1;"2024-03-02 00:00:00";"2024-03-02 19:20:00";16;716;20;10;0;<FLG>
V6155621;V615562101;HIXnJ;1;"2024-03-03 00:00:00";"2024-03-03 23:59:59";16;869;20;10;0;<FLG>
V6155621;V615562101;HIXnJ;1;"2024-03-04 00:00:00";"2024-03-04 23:59:59";16;908;20;10;0;<FLG>
V6155621;V615562101;HIXnJ;1;"2024-03-05 00:00:00";"2024-03-05 08:40:00";16;918;20;10;0;<FLG>
V6155621;V615562101;HIXnJ;1;"2024-03-06 00:00:00";"2024-03-06 07:05:00";16;910;20;10;0;<FLG>
V6155621;V615562101;HIXnJ;1;"2024-03-07 00:00:00";"2024-03-07 00:00:00";16;889;20;10;0;<FLG>
V6155621;V615562101;HIXnJ;1;"2024-03-08 00:00:00";"2024-03-08 00:00:00";16;889;20;10;0;<FLG>
V6155621;V615562101;HIXnJ;1;"2024-03-09 00:00:00";"2024-03-09 23:59:59";16;959;20;10;0;<FLG>
V6155621;V615562101;HIXnJ;1;"2024-03-10 00:00:00";"2024-03-10 13:45:00";16;2842;20;10;0;<FLG>
V6155621;V615562101;HIXnJ;1;"2024-03-11 00:00:00";"2024-03-11 00:00:00";16;1925;20;10;0;<FLG>
V6155621;V615562101;HIXnJ;1;"2024-03-12 00:00:00";"2024-03-12 00:00:00";16;1275;20;10;0;<FLG>
V6155621;V615562101;HIXnJ;1;"2024-03-13 00:00:00";"2024-03-13 00:00:00";16;1106;20;10;0;<FLG>
V6155621;V615562101;HIXnJ;1;"2024-03-14 00:00:00";"2024-03-14 09:20:00";16;1054;20;10;0;<FLG>
V6155621;V615562101;HIXnJ;1;"2024-03-15 00:00:00";"2024-03-15 08:10:00";16;1017;20;10;0;<FLG>
V6155621;V615562101;HIXnJ;1;"2024-03-16 00:00:00";"2024-03-16 08:25:00";16;987;20;10;0;<FLG>
V6155621;V615562101;HIXnJ;1;"2024-03-17 00:00:00";"2024-03-17 05:50:00";16;965;20;10;0;<FLG>
V6155621;V615562101;HIXnJ;1;"2024-03-18 00:00:00";"2024-03-18 03:05:00";16;947;20;10;0;<FLG>
V6155621;V615562101;HIXnJ;1;"2024-03-19 00:00:00";"2024-03-19 00:00:00";16;920;20;10;0;<FLG>
V6155621;V615562101;HIXnJ;1;"2024-03-20 00:00:00";"2024-03-20 08:55:00";16;896;20;10;0;<FLG>
V6155621;V615562101;HIXnJ;1;"2024-03-21 00:00:00";"2024-03-21 07:25:00";16;870;20;10;0;<FLG>
V6155621;V615562101;HIXnJ;1;"2024-03-22 00:00:00";"2024-03-22 00:00:00";16;851;20;10;0;<FLG>
V6155621;V615562101;HIXnJ;1;"2024-03-23 00:00:00";"2024-03-23 07:15:00";16;831;20;10;0;<FLG>
V6155621;V615562101;HIXnJ;1;"2024-03-24 00:00:00";"2024-03-24 05:45:00";16;815;20;10;0;<FLG>
V6155621;V615562101;HIXnJ;1;"2024-03-25 00:00:00";"2024-03-25 07:19:00";16;797;20;10;0;<FLG>
V6155621;V615562101;HIXnJ;1;"2024-03-26 00:00:00";"2024-03-26 00:00:00";16;777;20;10;0;<FLG>
V6155621;V615562101;HIXnJ;1;"2024-03-27 00:00:00";"2024-03-27 14:20:00";16;934;20;10;0;<FLG>
V6155621;V615562101;HIXnJ;1;"2024-03-28 00:00:00";"2024-03-28 23:59:59";16;857;20;10;0;<FLG>
V6155621;V615562101;HIXnJ;1;"2024-03-29 00:00:00";"2024-03-29 06:25:00";16;867;20;10;0;<FLG>
V6155621;V615562101;HIXnJ;1;"2024-03-30 00:00:00";"2024-03-30 03:03:00";16;862;20;10;0;<FLG>
V6155621;V615562101;HIXnJ;1;"2024-03-31 00:00:00";"2024-03-31 16:55:00";16;1302;20;10;0;<FLG>
V6155621;V615562101;HIXnJ;1;"2024-04-01 00:00:00";"2024-04-01 11:17:00";16;2780;20;10;0;<FLG>
V6155621;V615562101;HIXnJ;1;"2024-04-02 00:00:00";"2024-04-02 00:00:00";16;1818;20;10;0;<FLG>
V6155621;V615562101;HIXnJ;1;"2024-04-03 00:00:00";"2024-04-03 00:00:00";16;1342;20;10;0;<FLG>
V6155621;V615562101;HIXnJ;1;"2024-04-04 00:00:00";"2024-04-04 00:00:00";16;1222;20;10;0;<FLG>
V6155621;V615562101;HIXnJ;1;"2024-04-05 00:00:00";"2024-04-05 00:00:00";16;1151;20;10;0;<FLG>
V6155621;V615562101;HIXnJ;1;"2024-04-06 00:00:00";"2024-04-06 04:25:00";16;1105;20;10;0;<FLG>
V6155621;V615562101;HIXnJ;1;"2024-04-07 00:00:00";"2024-04-07 03:30:00";16;1083;20;10;0;<FLG>
V6155621;V615562101;HIXnJ;1;"2024-04-08 00:00:00";"2024-04-08 08:35:00";16;1062;20;10;0;<FLG>
V6155621;V615562101;HIXnJ;1;"2024-04-09 00:00:00";"2024-04-09 11:05:00";16;1033;20;10;0;<FLG>
V6155621;V615562101;HIXnJ;1;"2024-04-10 00:00:00";"2024-04-10 00:00:00";16;1015;20;10;0;<FLG>
V6155621;V615562101;HIXnJ;1;"2024-04-11 00:00:00";"2024-04-11 00:00:00";16;988;20;10;0;<FLG>
V6155621;V615562101;HIXnJ;1;"2024-04-12 00:00:00";"2024-04-12 00:00:00";16;960;20;10;0;<FLG>
V6155621;V615562101;HIXnJ;1;"2024-04-13 00:00:00";"2024-04-13 08:20:00";16;934;20;10;0;<FLG>
V6155621;V615562101;HIXnJ;1;"2024-04-14 00:00:00";"2024-04-14 07:25:00";16;910;20;10;0;<FLG>
V6155621;V615562101;HIXnJ;1;"2024-04-15 00:00:00";"2024-04-15 07:10:00";16;886;20;10;0;<FLG>
V6155621;V615562101;HIXnJ;1;"2024-04-16 00:00:00";"2024-04-16 07:06:40";16;866;20;10;0;<FLG>
V6155621;V615562101;HIXnJ;1;"2024-04-17 00:00:00";"2024-04-17 07:15:00";16;847;20;10;0;<FLG>
V6155621;V615562101;HIXnJ;1;"2024-04-18 00:00:00";"2024-04-18 07:55:00";16;829;20;10;0;<FLG>
V6155621;V615562101;HIXnJ;1;"2024-04-19 00:00:00";"2024-04-19 05:45:00";16;807;20;10;0;<FLG>
V6155621;V615562101;HIXnJ;1;"2024-04-20 00:00:00";"2024-04-20 10:20:00";16;783;20;10;0;<FLG>
V6155621;V615562101;HIXnJ;1;"2024-04-21 00:00:00";"2024-04-21 00:00:00";16;777;20;10;0;<FLG>
V6155621;V615562101;HIXnJ;1;"2024-04-22 00:00:00";"2024-04-22 08:45:00";16;770;20;10;0;<FLG>
V6155621;V615562101;HIXnJ;1;"2024-04-23 00:00:00";"2024-04-23 09:45:00";16;754;20;10;0;<FLG>
V6155621;V615562101;HIXnJ;1;"2024-04-24 00:00:00";"2024-04-24 09:30:00";16;742;20;10;0;<FLG>
V6155621;V615562101;HIXnJ;1;"2024-04-25 00:00:00";"2024-04-25 08:55:00";16;727;20;10;0;<FLG>
V6155621;V615562101;HIXnJ;1;"2024-04-26 00:00:00";"2024-04-26 06:50:00";16;714;20;10;0;<FLG>
V6155621;V615562101;HIXnJ;1;"2024-04-27 00:00:00";"2024-04-27 06:30:00";16;707;20;10;0;<FLG>
V6155621;V615562101;HIXnJ;1;"2024-04-28 00:00:00";"2024-04-28 22:15:00";16;705;20;10;0;<FLG>
V6155621;V615562101;HIXnJ;1;"2024-04-29 00:00:00";"2024-04-29 00:00:00";16;704;20;10;0;<FLG>
V6155621;V615562101;HIXnJ;1;"2024-04-30 00:00:00";"2024-04-30 15:34:00";16;688;20;10;0;<FLG>
V6155621;V615562101;HIXnJ;1;"2024-05-01 00:00:00";"2024-05-01 12:00:00";16;697;20;10;0;<FLG>
V6155621;V615562101;HIXnJ;1;"2024-05-02 00:00:00";"2024-05-02 18:35:00";16;709;20;10;0;<FLG>
V6155621;V615562101;HIXnJ;1;"2024-05-03 00:00:00";"2024-05-03 00:00:00";16;701;20;10;0;<FLG>
V6155621;V615562101;HIXnJ;1;"2024-05-04 00:00:00";"2024-05-04 09:02:00";16;697;20;10;0;<FLG>
V6155621;V615562101;HIXnJ;1;"2024-05-05 00:00:00";"2024-05-05 07:00:00";16;700;20;10;0;<FLG>
V6155621;V615562101;HIXnJ;1;"2024-05-06 00:00:00";"2024-05-06 11:05:00";16;689;20;10;0;<FLG>
V6155621;V615562101;HIXnJ;1;"2024-05-07 00:00:00";"2024-05-07 00:00:00";16;686;20;10;0;<FLG>
V6155621;V615562101;HIXnJ;1;"2024-05-08 00:00:00";"2024-05-08 07:45:00";16;671;20;10;0;<FLG>
V6155621;V615562101;HIXnJ;1;"2024-05-09 00:00:00";"2024-05-09 08:25:00";16;659;20;10;0;<FLG>
V6155621;V615562101;HIXnJ;1;"2024-05-10 00:00:00";"2024-05-10 06:45:00";16;653;20;10;0;<FLG>
V6155621;V615562101;HIXnJ;1;"2024-05-11 00:00:00";"2024-05-11 09:05:00";16;645;20;10;0;<FLG>
V6155621;V615562101;HIXnJ;1;"2024-05-12 00:00:00";"2024-05-12 08:25:00";16;634;20;10;0;<FLG>
V6155621;V615562101;HIXnJ;1;"2024-05-13 00:00:00";"2024-05-13 09:55:00";16;634;20;10;0;<FLG>
V6155621;V615562101;HIXnJ;1;"2024-05-14 00:00:00";"2024-05-14 23:59:59";16;666;20;10;0;<FLG>
V6155621;V615562101;HIXnJ;1;"2024-05-15 00:00:00";"2024-05-15 01:35:00";16;672;20;10;0;<FLG>
V6155621;V615562101;HIXnJ;1;"2024-05-16 00:00:00";"2024-05-16 21:55:00";16;685;20;10;0;<FLG>
V6155621;V615562101;HIXnJ;1;"2024-05-17 00:00:00";"2024-05-17 00:00:00";16;683;20;10;0;<FLG>
V6155621;V615562101;HIXnJ;1;"2024-05-18 00:00:00";"2024-05-18 23:59:59";16;673;20;10;0;<FLG>
V6155621;V615562101;HIXnJ;1;"2024-05-19 00:00:00";"2024-05-19 06:55:00";16;678;20;10;0;<FLG>
V6155621;V615562101;HIXnJ;1;"2024-05-20 00:00:00";"2024-05-20 07:57:00";16;668;20;10;0;<FLG>
V6155621;V615562101;HIXnJ;1;"2024-05-21 00:00:00";"2024-05-21 07:20:00";16;664;20;10;0;<FLG>
V6155621;V615562101;HIXnJ;1;"2024-05-22 00:00:00";"2024-05-22 08:30:00";16;650;20;10;0;<FLG>
V6155621;V615562101;HIXnJ;1;"2024-05-23 00:00:00";"2024-05-23 08:10:00";16;639;20;10;0;<FLG>
V6155621;V615562101;HIXnJ;1;"2024-05-24 00:00:00";"2024-05-24 05:25:00";16;628;20;10;0;<FLG>
V6155621;V615562101;HIXnJ;1;"2024-05-25 00:00:00";"2024-05-25 01:15:00";16;623;20;10;0;<FLG>
V6155621;V615562101;HIXnJ;1;"2024-05-26 00:00:00";"2024-05-26 09:26:00";16;609;20;10;0;<FLG>
V6155621;V615562101;HIXnJ;1;"2024-05-27 00:00:00";"2024-05-27 20:30:00";16;640;20;10;0;<FLG>
V6155621;V615562101;HIXnJ;1;"2024-05-28 00:00:00";"2024-05-28 00:00:00";16;632;20;10;0;<FLG>
V6155621;V615562101;HIXnJ;1;"2024-05-29 00:00:00";"2024-05-29 04:55:00";16;609;20;10;0;<FLG>
V6155621;V615562101;HIXnJ;1;"2024-05-30 00:00:00";"2024-05-30 02:20:00";16;606;20;10;0;<FLG>
V6155621;V615562101;HIXnJ;1;"2024-05-31 00:00:00";"2024-05-31 09:20:00";16;598;20;10;0;<FLG>
V6155621;V615562101;HIXnJ;1;"2024-06-01 00:00:00";"2024-06-01 01:40:00";16;596;20;10;0;<FLG>
V6155621;V615562101;HIXnJ;1;"2024-06-02 00:00:00";"2024-06-02 22:18:00";16;583;20;10;0;<FLG>
V6155621;V615562101;HIXnJ;1;"2024-06-03 00:00:00";"2024-06-03 06:10:00";16;584;20;10;0;<FLG>
V6155621;V615562101;HIXnJ;1;"2024-06-04 00:00:00";"2024-06-04 00:00:00";16;575;20;10;0;<FLG>
V6155621;V615562101;HIXnJ;1;"2024-06-05 00:00:00";"2024-06-05 05:13:00";16;570;20;10;0;<FLG>
V6155621;V615562101;HIXnJ;1;"2024-06-06 00:00:00";"2024-06-06 08:55:00";16;572;20;10;0;<FLG>
V6155621;V615562101;HIXnJ;1;"2024-06-07 00:00:00";"2024-06-07 09:55:00";16;584;20;10;0;<FLG>
V6155621;V615562101;HIXnJ;1;"2024-06-08 00:00:00";"2024-06-08 23:59:59";16;586;20;10;0;<FLG>
V6155621;V615562101;HIXnJ;1;"2024-06-09 00:00:00";"2024-06-09 19:35:00";16;606;20;10;0;<FLG>
V6155621;V615562101;HIXnJ;1;"2024-06-10 00:00:00";"2024-06-10 00:30:00";16;607;20;10;0;<FLG>
V6155621;V615562101;HIXnJ;1;"2024-06-11 00:00:00";"2024-06-11 02:27:00";16;566;20;10;0;<FLG>
V6155621;V615562101;HIXnJ;1;"2024-06-12 00:00:00";"2024-06-12 07:25:00";16;567;20;10;0;<FLG>
V6155621;V615562101;HIXnJ;1;"2024-06-13 00:00:00";"2024-06-13 07:45:00";16;562;20;10;0;<FLG>
V6155621;V615562101;HIXnJ;1;"2024-06-14 00:00:00";"2024-06-14 02:38:00";16;552;20;10;0;<FLG>
V6155621;V615562101;HIXnJ;1;"2024-06-15 00:00:00";"2024-06-15 23:59:59";16;553;20;10;0;<FLG>
V6155621;V615562101;HIXnJ;1;"2024-06-16 00:00:00";"2024-06-16 06:40:00";16;556;20;10;0;<FLG>
V6155621;V615562101;HIXnJ;1;"2024-06-17 00:00:00";"2024-06-17 05:10:00";16;546;20;10;0;<FLG>
V6155621;V615562101;HIXnJ;1;"2024-06-18 00:00:00";"2024-06-18 04:25:00";16;538;20;10;0;<FLG>
V6155621;V615562101;HIXnJ;1;"2024-06-19 00:00:00";"2024-06-19 23:59:59";16;537;20;10;0;<FLG>
V6155621;V615562101;HIXnJ;1;"2024-06-20 00:00:00";"2024-06-20 17:54:00";16;557;20;10;0;<FLG>
V6155621;V615562101;HIXnJ;1;"2024-06-21 00:00:00";"2024-06-21 20:00:00";16;560;20;10;0;<FLG>
V6155621;V615562101;HIXnJ;1;"2024-06-22 00:00:00";"2024-06-22 00:50:00";16;562;20;10;0;<FLG>
V6155621;V615562101;HIXnJ;1;"2024-06-23 00:00:00";"2024-06-23 03:50:00";16;548;20;10;0;<FLG>
V6155621;V615562101;HIXnJ;1;"2024-06-24 00:00:00";"2024-06-24 06:50:00";16;543;20;10;0;<FLG>
V6155621;V615562101;HIXnJ;1;"2024-06-25 00:00:00";"2024-06-25 00:40:00";16;533;20;10;0;<FLG>
V6155621;V615562101;HIXnJ;1;"2024-06-26 00:00:00";"2024-06-26 00:04:00";16;531;20;10;0;<FLG>
V6155621;V615562101;HIXnJ;1;"2024-06-27 00:00:00";"2024-06-27 02:40:00";16;512;20;10;0;<FLG>
V6155621;V615562101;HIXnJ;1;"2024-06-28 00:00:00";"2024-06-28 03:55:00";16;509;20;10;0;<FLG>
V6155621;V615562101;HIXnJ;1;"2024-06-29 00:00:00";"2024-06-29 23:59:59";16;511;20;10;0;<FLG>
V6155621;V615562101;HIXnJ;1;"2024-06-30 00:00:00";"2024-06-30 00:05:00";16;511;20;10;0;<FLG>
V6155621;V615562101;HIXnJ;1;"2024-07-01 00:00:00";"2024-07-01 09:00:00";16;507;20;10;0;<FLG>
V6155621;V615562101;HIXnJ;1;"2024-07-02 00:00:00";"2024-07-02 02:55:00";16;504;20;10;0;<FLG>
V6155621;V615562101;HIXnJ;1;"2024-07-03 00:00:00";"2024-07-03 08:30:00";16;504;20;10;0;<FLG>
V6155621;V615562101;HIXnJ;1;"2024-07-04 00:00:00";"2024-07-04 01:40:00";16;499;20;10;0;<FLG>
V6155621;V615562101;HIXnJ;1;"2024-07-05 00:00:00";"2024-07-05 06:20:00";16;492;20;10;0;<FLG>
V6155621;V615562101;HIXnJ;1;"2024-07-06 00:00:00";"2024-07-06 23:59:59";16;498;20;10;0;<FLG>
V6155621;V615562101;HIXnJ;1;"2024-07-07 00:00:00";"2024-07-07 08:55:00";16;501;20;10;0;<FLG>
V6155621;V615562101;HIXnJ;1;"2024-07-08 00:00:00";"2024-07-08 08:00:00";16;491;20;10;0;<FLG>
V6155621;V615562101;HIXnJ;1;"2024-07-09 00:00:00";"2024-07-09 08:15:00";16;479;20;10;0;<FLG>
V6155621;V615562101;HIXnJ;1;"2024-07-10 00:00:00";"2024-07-10 04:35:00";16;477;20;10;0;<FLG>
V6155621;V615562101;HIXnJ;1;"2024-07-11 00:00:00";"2024-07-11 07:40:00";16;470;20;10;0;<FLG>
V6155621;V615562101;HIXnJ;1;"2024-07-12 00:00:00";"2024-07-12 07:00:00";16;480;20;10;0;<FLG>
V6155621;V615562101;HIXnJ;1;"2024-07-13 00:00:00";"2024-07-13 03:55:00";16;470;20;10;0;<FLG>
V6155621;V615562101;HIXnJ;1;"2024-07-14 00:00:00";"2024-07-14 06:05:00";16;475;20;10;0;<FLG>
V6155621;V615562101;HIXnJ;1;"2024-07-15 00:00:00";"2024-07-15 09:55:00";16;480;20;10;0;<FLG>
V6155621;V615562101;HIXnJ;1;"2024-07-16 00:00:00";"2024-07-16 08:12:00";16;476;20;10;0;<FLG>
V6155621;V615562101;HIXnJ;1;"2024-07-17 00:00:00";"2024-07-17 08:05:00";16;476;20;10;0;<FLG>
V6155621;V615562101;HIXnJ;1;"2024-07-18 00:00:00";"2024-07-18 08:00:00";16;468;20;10;0;<FLG>
V6155621;V615562101;HIXnJ;1;"2024-07-19 00:00:00";"2024-07-19 09:10:00";16;465;20;10;0;<FLG>
V6155621;V615562101;HIXnJ;1;"2024-07-20 00:00:00";"2024-07-20 07:25:00";16;450;20;10;0;<FLG>
V6155621;V615562101;HIXnJ;1;"2024-07-21 00:00:00";"2024-07-21 20:45:00";16;493;20;10;0;<FLG>
V6155621;V615562101;HIXnJ;1;"2024-07-22 00:00:00";"2024-07-22 00:00:00";16;486;20;10;0;<FLG>
V6155621;V615562101;HIXnJ;1;"2024-07-23 00:00:00";"2024-07-23 06:45:00";16;468;20;10;0;<FLG>
V6155621;V615562101;HIXnJ;1;"2024-07-24 00:00:00";"2024-07-24 09:20:00";16;459;20;10;0;<FLG>
V6155621;V615562101;HIXnJ;1;"2024-07-25 00:00:00";"2024-07-25 06:35:00";16;457;20;10;0;<FLG>
V6155621;V615562101;HIXnJ;1;"2024-07-26 00:00:00";"2024-07-26 07:47:00";16;450;20;10;0;<FLG>
V6155621;V615562101;HIXnJ;1;"2024-07-27 00:00:00";"2024-07-27 07:30:00";16;446;20;10;0;<FLG>
V6155621;V615562101;HIXnJ;1;"2024-07-28 00:00:00";"2024-07-28 09:45:00";16;444;20;10;0;<FLG>
V6155621;V615562101;HIXnJ;1;"2024-07-29 00:00:00";"2024-07-29 08:00:00";16;443;20;10;0;<FLG>
V6155621;V615562101;HIXnJ;1;"2024-07-30 00:00:00";"2024-07-30 07:40:00";16;432;20;10;0;<FLG>
V6155621;V615562101;HIXnJ;1;"2024-07-31 00:00:00";"2024-07-31 07:05:00";16;434;20;10;0;<FLG>
V6155621;V615562101;HIXnJ;1;"2024-08-01 00:00:00";"2024-08-01 09:05:00";16;431;20;10;0;<FLG>
V6155621;V615562101;HIXnJ;1;"2024-08-02 00:00:00";"2024-08-02 23:59:59";16;436;20;10;0;<FLG>
V6155621;V615562101;HIXnJ;1;"2024-08-03 00:00:00";"2024-08-03 05:30:00";16;444;20;10;0;<FLG>
V6155621;V615562101;HIXnJ;1;"2024-08-04 00:00:00";"2024-08-04 06:45:00";16;447;20;10;0;<FLG>
V6155621;V615562101;HIXnJ;1;"2024-08-05 00:00:00";"2024-08-05 07:10:00";16;445;20;10;0;<FLG>
V6155621;V615562101;HIXnJ;1;"2024-08-06 00:00:00";"2024-08-06 10:25:00";16;429;20;10;0;<FLG>
V6155621;V615562101;HIXnJ;1;"2024-08-07 00:00:00";"2024-08-07 02:55:00";16;421;20;10;0;<FLG>
V6155621;V615562101;HIXnJ;1;"2024-08-08 00:00:00";"2024-08-08 08:45:00";16;428;20;10;0;<FLG>
V6155621;V615562101;HIXnJ;1;"2024-08-09 00:00:00";"2024-08-09 05:05:00";16;425;20;10;0;<FLG>
V6155621;V615562101;HIXnJ;1;"2024-08-10 00:00:00";"2024-08-10 01:30:00";16;417;20;10;0;<FLG>
V6155621;V615562101;HIXnJ;1;"2024-08-11 00:00:00";"2024-08-11 09:55:00";16;422;20;10;0;<FLG>
V6155621;V615562101;HIXnJ;1;"2024-08-12 00:00:00";"2024-08-12 07:20:00";16;420;20;10;0;<FLG>
V6155621;V615562101;HIXnJ;1;"2024-08-13 00:00:00";"2024-08-13 09:00:00";16;420;20;10;0;<FLG>
V6155621;V615562101;HIXnJ;1;"2024-08-14 00:00:00";"2024-08-14 23:59:59";16;429;20;10;0;<FLG>
V6155621;V615562101;HIXnJ;1;"2024-08-15 00:00:00";"2024-08-15 23:59:59";16;443;20;10;0;<FLG>
V6155621;V615562101;HIXnJ;1;"2024-08-16 00:00:00";"2024-08-16 01:55:00";16;445;20;10;0;<FLG>
V6155621;V615562101;HIXnJ;1;"2024-08-17 00:00:00";"2024-08-17 01:55:00";16;442;20;10;0;<FLG>
V6155621;V615562101;HIXnJ;1;"2024-08-18 00:00:00";"2024-08-18 23:59:59";16;449;20;10;0;<FLG>
V6155621;V615562101;HIXnJ;1;"2024-08-19 00:00:00";"2024-08-19 08:50:00";16;455;20;10;0;<FLG>
V6155621;V615562101;HIXnJ;1;"2024-08-20 00:00:00";"2024-08-20 07:15:00";16;438;20;10;0;<FLG>
V6155621;V615562101;HIXnJ;1;"2024-08-21 00:00:00";"2024-08-21 08:00:00";16;434;20;10;0;<FLG>
V6155621;V615562101;HIXnJ;1;"2024-08-22 00:00:00";"2024-08-22 08:55:00";16;439;20;10;0;<FLG>
V6155621;V615562101;HIXnJ;1;"2024-08-23 00:00:00";"2024-08-23 08:55:00";16;431;20;10;0;<FLG>
V6155621;V615562101;HIXnJ;1;"2024-08-24 00:00:00";"2024-08-24 06:02:00";16;436;20;10;0;<FLG>
V6155621;V615562101;HIXnJ;1;"2024-08-25 00:00:00";"2024-08-25 23:35:00";16;438;20;10;0;<FLG>
V6155621;V615562101;HIXnJ;1;"2024-08-26 00:00:00";"2024-08-26 09:00:00";16;438;20;10;0;<FLG>
V6155621;V615562101;HIXnJ;1;"2024-08-27 00:00:00";"2024-08-27 07:15:00";16;440;20;10;0;<FLG>
V6155621;V615562101;HIXnJ;1;"2024-08-28 00:00:00";"2024-08-28 06:25:00";16;433;20;10;0;<FLG>
V6155621;V615562101;HIXnJ;1;"2024-08-29 00:00:00";"2024-08-29 07:40:00";16;433;20;10;0;<FLG>
V6155621;V615562101;HIXnJ;1;"2024-08-30 00:00:00";"2024-08-30 08:15:00";16;429;20;10;0;<FLG>
V6155621;V615562101;HIXnJ;1;"2024-08-31 00:00:00";"2024-08-31 09:05:00";16;426;20;10;0;<FLG>
V6155621;V615562101;HIXnJ;1;"2024-09-01 00:00:00";"2024-09-01 23:59:59";16;429;20;10;0;<FLG>
V6155621;V615562101;HIXnJ;1;"2024-09-02 00:00:00";"2024-09-02 08:50:00";16;433;20;10;0;<FLG>
V6155621;V615562101;HIXnJ;1;"2024-09-03 00:00:00";"2024-09-03 19:15:00";16;501;20;10;0;<FLG>
V6155621;V615562101;HIXnJ;1;"2024-09-04 00:00:00";"2024-09-04 23:59:59";16;616;20;10;0;<FLG>
V6155621;V615562101;HIXnJ;1;"2024-09-05 00:00:00";"2024-09-05 01:30:00";16;638;20;10;0;<FLG>
V6155621;V615562101;HIXnJ;1;"2024-09-06 00:00:00";"2024-09-06 06:55:00";16;487;20;10;0;<FLG>
V6155621;V615562101;HIXnJ;1;"2024-09-07 00:00:00";"2024-09-07 06:30:00";16;478;20;10;0;<FLG>
V6155621;V615562101;HIXnJ;1;"2024-09-08 00:00:00";"2024-09-08 17:40:00";16;531;20;10;0;<FLG>
V6155621;V615562101;HIXnJ;1;"2024-09-09 00:00:00";"2024-09-09 00:00:00";16;521;20;10;0;<FLG>
V6155621;V615562101;HIXnJ;1;"2024-09-10 00:00:00";"2024-09-10 08:10:00";16;480;20;10;0;<FLG>
V6155621;V615562101;HIXnJ;1;"2024-09-11 00:00:00";"2024-09-11 08:30:00";16;478;20;10;0;<FLG>
V6155621;V615562101;HIXnJ;1;"2024-09-12 00:00:00";"2024-09-12 03:25:00";16;474;20;10;0;<FLG>
V6155621;V615562101;HIXnJ;1;"2024-09-13 00:00:00";"2024-09-13 08:30:00";16;484;20;10;0;<FLG>
V6155621;V615562101;HIXnJ;1;"2024-09-14 00:00:00";"2024-09-14 08:30:00";16;488;20;10;0;<FLG>
V6155621;V615562101;HIXnJ;1;"2024-09-15 00:00:00";"2024-09-15 09:05:00";16;486;20;10;0;<FLG>
V6155621;V615562101;HIXnJ;1;"2024-09-16 00:00:00";"2024-09-16 09:05:00";16;482;20;10;0;<FLG>
V6155621;V615562101;HIXnJ;1;"2024-09-17 00:00:00";"2024-09-17 08:40:00";16;474;20;10;0;<FLG>
V6155621;V615562101;HIXnJ;1;"2024-09-18 00:00:00";"2024-09-18 07:55:00";16;471;20;10;0;<FLG>
V6155621;V615562101;HIXnJ;1;"2024-09-19 00:00:00";"2024-09-19 09:35:00";16;464;20;10;0;<FLG>
V6155621;V615562101;HIXnJ;1;"2024-09-20 00:00:00";"2024-09-20 07:10:00";16;469;20;10;0;<FLG>
V6155621;V615562101;HIXnJ;1;"2024-09-21 00:00:00";"2024-09-21 23:59:59";16;477;20;10;0;<FLG>
V6155621;V615562101;HIXnJ;1;"2024-09-22 00:00:00";"2024-09-22 23:59:59";16;523;20;10;0;<FLG>
V6155621;V615562101;HIXnJ;1;"2024-09-23 00:00:00";"2024-09-23 02:20:00";16;580;20;10;0;<FLG>
V6155621;V615562101;HIXnJ;1;"2024-09-24 00:00:00";"2024-09-24 21:50:00";16;524;20;10;0;<FLG>
V6155621;V615562101;HIXnJ;1;"2024-09-25 00:00:00";"2024-09-25 00:00:00";16;523;20;10;0;<FLG>
V6155621;V615562101;HIXnJ;1;"2024-09-26 00:00:00";"2024-09-26 23:59:59";16;523;20;10;0;<FLG>
V6155621;V615562101;HIXnJ;1;"2024-09-27 00:00:00";"2024-09-27 01:20:00";16;524;20;10;0;<FLG>
V6155621;V615562101;HIXnJ;1;"2024-09-28 00:00:00";"2024-09-28 23:59:59";16;528;20;10;0;<FLG>
V6155621;V615562101;HIXnJ;1;"2024-09-29 00:00:00";"2024-09-29 08:25:00";16;534;20;10;0;<FLG>
V6155621;V615562101;HIXnJ;1;"2024-09-30 00:00:00";"2024-09-30 23:59:59";16;525;20;10;0;<FLG>
V6155621;V615562101;HIXnJ;1;"2024-10-01 00:00:00";"2024-10-01 06:25:00";16;526;20;10;0;<FLG>
V6155621;V615562101;HIXnJ;1;"2024-10-02 00:00:00";"2024-10-02 23:59:59";16;508;20;10;0;<FLG>
V6155621;V615562101;HIXnJ;1;"2024-10-03 00:00:00";"2024-10-03 12:35:00";16;513;20;10;0;<FLG>
V6155621;V615562101;HIXnJ;1;"2024-10-04 00:00:00";"2024-10-04 10:20:00";16;519;20;10;0;<FLG>
V6155621;V615562101;HIXnJ;1;"2024-10-05 00:00:00";"2024-10-05 08:14:00";16;517;20;10;0;<FLG>
V6155621;V615562101;HIXnJ;1;"2024-10-06 00:00:00";"2024-10-06 17:35:00";16;517;20;10;0;<FLG>
V6155621;V615562101;HIXnJ;1;"2024-10-07 00:00:00";"2024-10-07 00:00:00";16;509;20;10;0;<FLG>
V6155621;V615562101;HIXnJ;1;"2024-10-08 00:00:00";"2024-10-08 14:25:00";16;561;20;10;0;<FLG>
V6155621;V615562101;HIXnJ;1;"2024-10-09 00:00:00";"2024-10-09 09:55:00";16;519;20;10;0;<FLG>
V6155621;V615562101;HIXnJ;1;"2024-10-10 00:00:00";"2024-10-10 05:25:00";16;538;20;10;0;<FLG>
V6155621;V615562101;HIXnJ;1;"2024-10-11 00:00:00";"2024-10-11 09:10:00";16;514;20;10;0;<FLG>
V6155621;V615562101;HIXnJ;1;"2024-10-12 00:00:00";"2024-10-12 10:50:00";16;519;20;10;0;<FLG>
V6155621;V615562101;HIXnJ;1;"2024-10-13 00:00:00";"2024-10-13 00:00:00";16;510;20;10;0;<FLG>
V6155621;V615562101;HIXnJ;1;"2024-10-14 00:00:00";"2024-10-14 10:06:00";16;505;20;10;0;<FLG>
V6155621;V615562101;HIXnJ;1;"2024-10-15 00:00:00";"2024-10-15 10:25:00";16;507;20;10;0;<FLG>
V6155621;V615562101;HIXnJ;1;"2024-10-16 00:00:00";"2024-10-16 08:15:00";16;543;20;10;0;<FLG>
V6155621;V615562101;HIXnJ;1;"2024-10-17 00:00:00";"2024-10-17 22:50:00";16;569;20;10;0;<FLG>
V6155621;V615562101;HIXnJ;1;"2024-10-18 00:00:00";"2024-10-18 03:05:00";16;580;20;10;0;<FLG>
V6155621;V615562101;HIXnJ;1;"2024-10-19 00:00:00";"2024-10-19 23:59:59";16;600;20;10;0;<FLG>
V6155621;V615562101;HIXnJ;1;"2024-10-20 00:00:00";"2024-10-20 07:05:00";16;612;20;10;0;<FLG>
V6155621;V615562101;HIXnJ;1;"2024-10-21 00:00:00";"2024-10-21 16:05:00";16;604;20;10;0;<FLG>
V6155621;V615562101;HIXnJ;1;"2024-10-22 00:00:00";"2024-10-22 00:00:00";16;596;20;10;0;<FLG>
V6155621;V615562101;HIXnJ;1;"2024-10-23 00:00:00";"2024-10-23 00:00:00";16;583;20;10;0;<FLG>
V6155621;V615562101;HIXnJ;1;"2024-10-24 00:00:00";"2024-10-24 22:30:00";16;603;20;10;0;<FLG>
V6155621;V615562101;HIXnJ;1;"2024-10-25 00:00:00";"2024-10-25 00:00:00";16;599;20;10;0;<FLG>
V6155621;V615562101;HIXnJ;1;"2024-10-26 00:00:00";"2024-10-26 23:59:59";16;580;20;10;0;<FLG>
V6155621;V615562101;HIXnJ;1;"2024-10-27 00:00:00";"2024-10-27 00:40:00";16;582;20;10;0;<FLG>
V6155621;V615562101;HIXnJ;1;"2024-10-28 00:00:00";"2024-10-28 23:59:59";16;602;20;10;0;<FLG>
V6155621;V615562101;HIXnJ;1;"2024-10-29 00:00:00";"2024-10-29 23:59:59";16;614;20;10;0;<FLG>
V6155621;V615562101;HIXnJ;1;"2024-10-30 00:00:00";"2024-10-30 07:45:00";16;615;20;10;0;<FLG>
V6155621;V615562101;HIXnJ;1;"2024-10-31 00:00:00";"2024-10-31 11:45:00";16;609;20;10;0;<FLG>
V6155621;V615562101;HIXnJ;1;"2024-11-01 00:00:00";"2024-11-01 00:20:00";16;603;20;10;0;<FLG>
V6155621;V615562101;HIXnJ;1;"2024-11-02 00:00:00";"2024-11-02 07:49:00";16;599;20;10;0;<FLG>
V6155621;V615562101;HIXnJ;1;"2024-11-03 00:00:00";"2024-11-03 05:45:00";16;596;20;10;0;<FLG>
V6155621;V615562101;HIXnJ;1;"2024-11-04 00:00:00";"2024-11-04 08:25:00";16;590;20;10;0;<FLG>
V6155621;V615562101;HIXnJ;1;"2024-11-05 00:00:00";"2024-11-05 09:41:00";16;570;20;10;0;<FLG>
V6155621;V615562101;HIXnJ;1;"2024-11-06 00:00:00";"2024-11-06 00:00:00";16;559;20;10;0;<FLG>
V6155621;V615562101;HIXnJ;1;"2024-11-07 00:00:00";"2024-11-07 10:00:00";16;554;20;10;0;<FLG>
V6155621;V615562101;HIXnJ;1;"2024-11-08 00:00:00";"2024-11-08 14:10:00";16;547;20;10;0;<FLG>
V6155621;V615562101;HIXnJ;1;"2024-11-09 00:00:00";"2024-11-09 00:00:00";16;539;20;10;0;<FLG>
V6155621;V615562101;HIXnJ;1;"2024-11-10 00:00:00";"2024-11-10 23:59:59";16;535;20;10;0;<FLG>
V6155621;V615562101;HIXnJ;1;"2024-11-11 00:00:00";"2024-11-11 23:59:59";16;541;20;10;0;<FLG>
V6155621;V615562101;HIXnJ;1;"2024-11-12 00:00:00";"2024-11-12 13:08:00";16;544;20;10;0;<FLG>
V6155621;V615562101;HIXnJ;1;"2024-11-13 00:00:00";"2024-11-13 00:00:00";16;542;20;10;0;<FLG>
V6155621;V615562101;HIXnJ;1;"2024-11-14 00:00:00";"2024-11-14 14:10:00";16;541;20;10;0;<FLG>
V6155621;V615562101;HIXnJ;1;"2024-11-15 00:00:00";"2024-11-15 11:26:00";16;530;20;10;0;<FLG>
V6155621;V615562101;HIXnJ;1;"2024-11-16 00:00:00";"2024-11-16 07:35:00";16;528;20;10;0;<FLG>
V6155621;V615562101;HIXnJ;1;"2024-11-17 00:00:00";"2024-11-17 00:00:00";16;519;20;10;0;<FLG>
V6155621;V615562101;HIXnJ;1;"2024-11-18 00:00:00";"2024-11-18 05:57:00";16;516;20;10;0;<FLG>
V6155621;V615562101;HIXnJ;1;"2024-11-19 00:00:00";"2024-11-19 00:00:00";16;514;20;10;0;<FLG>
V6155621;V615562101;HIXnJ;1;"2024-11-20 00:00:00";"2024-11-20 10:59:00";16;510;20;10;0;<FLG>
V6155621;V615562101;HIXnJ;1;"2024-11-21 00:00:00";"2024-11-21 15:25:00";16;513;20;10;0;<FLG>
V6155621;V615562101;HIXnJ;1;"2024-11-22 00:00:00";"2024-11-22 23:59:59";16;524;20;10;0;<FLG>
V6155621;V615562101;HIXnJ;1;"2024-11-23 00:00:00";"2024-11-23 20:45:00";16;541;20;10;0;<FLG>
V6155621;V615562101;HIXnJ;1;"2024-11-24 00:00:00";"2024-11-24 00:00:00";16;534;20;10;0;<FLG>
V6155621;V615562101;HIXnJ;1;"2024-11-25 00:00:00";"2024-11-25 23:59:59";16;569;20;10;0;<FLG>
V6155621;V615562101;HIXnJ;1;"2024-11-26 00:00:00";"2024-11-26 02:20:00";16;590;20;10;0;<FLG>
V6155621;V615562101;HIXnJ;1;"2024-11-27 00:00:00";"2024-11-27 23:59:59";16;595;20;10;0;<FLG>
V6155621;V615562101;HIXnJ;1;"2024-11-28 00:00:00";"2024-11-28 12:55:00";16;608;20;10;0;<FLG>
V6155621;V615562101;HIXnJ;1;"2024-11-29 00:00:00";"2024-11-29 04:30:00";16;606;20;10;0;<FLG>
V6155621;V615562101;HIXnJ;1;"2024-11-30 00:00:00";"2024-11-30 03:50:00";16;592;20;10;0;<FLG>
V6155621;V615562101;HIXnJ;1;"2024-12-01 00:00:00";"2024-12-01 00:00:00";16;582;20;10;0;<FLG>
V6155621;V615562101;HIXnJ;1;"2024-12-02 00:00:00";"2024-12-02 00:00:00";16;575;20;10;0;<FLG>
V6155621;V615562101;HIXnJ;1;"2024-12-03 00:00:00";"2024-12-03 23:59:59";16;566;20;10;0;<FLG>
V6155621;V615562101;HIXnJ;1;"2024-12-04 00:00:00";"2024-12-04 08:19:00";16;568;20;10;0;<FLG>
V6155621;V615562101;HIXnJ;1;"2024-12-05 00:00:00";"2024-12-05 12:00:00";16;564;20;10;0;<FLG>
V6155621;V615562101;HIXnJ;1;"2024-12-06 00:00:00";"2024-12-06 00:00:00";16;558;20;10;0;<FLG>
V6155621;V615562101;HIXnJ;1;"2024-12-07 00:00:00";"2024-12-07 00:00:00";16;545;20;10;0;<FLG>
V6155621;V615562101;HIXnJ;1;"2024-12-08 00:00:00";"2024-12-08 00:00:00";16;533;20;10;0;<FLG>
V6155621;V615562101;HIXnJ;1;"2024-12-09 00:00:00";"2024-12-09 00:00:00";16;520;20;10;0;<FLG>
V6155621;V615562101;HIXnJ;1;"2024-12-10 00:00:00";"2024-12-10 00:00:00";16;509;20;10;0;<FLG>
V6155621;V615562101;HIXnJ;1;"2024-12-11 00:00:00";"2024-12-11 00:00:00";16;500;20;10;0;<FLG>
V6155621;V615562101;HIXnJ;1;"2024-12-12 00:00:00";"2024-12-12 00:00:00";16;498;20;10;0;<FLG>
V6155621;V615562101;HIXnJ;1;"2024-12-13 00:00:00";"2024-12-13 00:00:00";16;497;20;10;0;<FLG>
V6155621;V615562101;HIXnJ;1;"2024-12-14 00:00:00";"2024-12-14 00:00:00";16;495;20;10;0;<FLG>
V6155621;V615562101;HIXnJ;1;"2024-12-15 00:00:00";"2024-12-15 00:00:00";16;491;20;10;0;<FLG>
V6155621;V615562101;HIXnJ;1;"2024-12-16 00:00:00";"2024-12-16 00:00:00";16;488;20;10;0;<FLG>
V6155621;V615562101;HIXnJ;1;"2024-12-17 00:00:00";"2024-12-17 20:01:00";16;487;20;10;0;<FLG>
V6155621;V615562101;HIXnJ;1;"2024-12-18 00:00:00";"2024-12-18 23:59:59";16;488;20;10;0;<FLG>
V6155621;V615562101;HIXnJ;1;"2024-12-19 00:00:00";"2024-12-19 01:02:00";16;488;20;10;0;<FLG>
V6155621;V615562101;HIXnJ;1;"2024-12-20 00:00:00";"2024-12-20 00:00:00";16;486;20;10;0;<FLG>
V6155621;V615562101;HIXnJ;1;"2024-12-21 00:00:00";"2024-12-21 00:00:00";16;482;20;10;0;<FLG>
V6155621;V615562101;HIXnJ;1;"2024-12-22 00:00:00";"2024-12-22 21:09:00";16;484;20;10;0;<FLG>
V6155621;V615562101;HIXnJ;1;"2024-12-23 00:00:00";"2024-12-23 00:00:00";16;483;20;10;0;<FLG>
V6155621;V615562101;HIXnJ;1;"2024-12-24 00:00:00";"2024-12-24 01:33:00";16;482;20;10;0;<FLG>
V6155621;V615562101;HIXnJ;1;"2024-12-25 00:00:00";"2024-12-25 00:00:00";16;480;20;10;0;<FLG>
V6155621;V615562101;HIXnJ;1;"2024-12-26 00:00:00";"2024-12-26 00:00:00";16;479;20;10;0;<FLG>
V6155621;V615562101;HIXnJ;1;"2024-12-27 00:00:00";"2024-12-27 00:00:00";16;478;20;10;0;<FLG>
V6155621;V615562101;HIXnJ;1;"2024-12-28 00:00:00";"2024-12-28 00:00:00";16;477;20;10;0;<FLG>
V6155621;V615562101;HIXnJ;1;"2024-12-29 00:00:00";"2024-12-29 19:44:00";16;475;20;10;0;<FLG>
V6155621;V615562101;HIXnJ;1;"2024-12-30 00:00:00";"2024-12-30 19:05:00";16;474;20;10;0;<FLG>
V6155621;V615562101;HIXnJ;1;"2024-12-31 00:00:00";"2024-12-31 00:00:00";16;472;20;10;0;<FLG>
V6155020;V615502002;HIXnJ;1;"2016-03-03 00:00:00";"2016-03-03 23:59:59";16;16374;20;10;0;<FLG>
V6155020;V615502002;HIXnJ;1;"2016-03-04 00:00:00";"2016-03-04 23:59:59";16;16416;20;10;0;<FLG>
V6155020;V615502002;HIXnJ;1;"2016-03-05 00:00:00";"2016-03-05 23:59:59";16;16459;20;10;0;<FLG>
V6155020;V615502002;HIXnJ;1;"2016-03-06 00:00:00";"2016-03-06 23:59:59";16;16645;20;10;0;<FLG>
V6155020;V615502002;HIXnJ;1;"2016-03-07 00:00:00";"2016-03-07 23:59:59";16;16975;20;10;0;<FLG>
V6155020;V615502002;HIXnJ;1;"2016-03-08 00:00:00";"2016-03-08 23:59:59";16;17305;20;10;0;<FLG>
V6155020;V615502002;HIXnJ;1;"2016-03-09 00:00:00";"2016-03-09 12:00:00";16;17470;20;10;0;<FLG>
V6155020;V615502002;HIXnJ;1;"2016-03-10 00:00:00";"2016-03-10 00:00:00";16;17150;20;10;0;<FLG>
V6155020;V615502002;HIXnJ;1;"2016-03-11 00:00:00";"2016-03-11 00:00:00";16;16510;20;10;0;<FLG>
V6155020;V615502002;HIXnJ;1;"2016-03-12 00:00:00";"2016-03-12 00:00:00";16;15870;20;10;0;<FLG>
V6155020;V615502002;HIXnJ;1;"2016-03-13 00:00:00";"2016-03-13 00:00:00";16;15276;20;10;0;<FLG>
V6155020;V615502002;HIXnJ;1;"2016-03-14 00:00:00";"2016-03-14 00:00:00";16;14728;20;10;0;<FLG>
V6155020;V615502002;HIXnJ;1;"2016-03-15 00:00:00";"2016-03-15 00:00:00";16;14180;20;10;0;<FLG>
V6155020;V615502002;HIXnJ;1;"2016-03-16 00:00:00";"2016-03-16 00:00:00";16;13632;20;10;0;<FLG>
V6155020;V615502002;HIXnJ;1;"2016-03-17 00:00:00";"2016-03-17 00:00:00";16;13084;20;10;0;<FLG>
V6155020;V615502002;HIXnJ;1;"2016-03-18 00:00:00";"2016-03-18 00:00:00";16;12745;20;10;0;<FLG>
V6155020;V615502002;HIXnJ;1;"2016-03-19 00:00:00";"2016-03-19 23:59:59";16;12752;20;10;0;<FLG>
V6155020;V615502002;HIXnJ;1;"2016-03-20 00:00:00";"2016-03-20 23:59:59";16;12800;20;10;0;<FLG>
V6155020;V615502002;HIXnJ;1;"2016-03-21 00:00:00";"2016-03-21 23:59:59";16;12848;20;10;0;<FLG>
V6155020;V615502002;HIXnJ;1;"2016-03-22 00:00:00";"2016-03-22 23:59:59";16;12896;20;10;0;<FLG>
V6155020;V615502002;HIXnJ;1;"2016-03-23 00:00:00";"2016-03-23 12:00:00";16;12920;20;10;0;<FLG>
V6155020;V615502002;HIXnJ;1;"2016-03-24 00:00:00";"2016-03-24 00:00:00";16;12738;20;10;0;<FLG>
V6155020;V615502002;HIXnJ;1;"2016-03-25 00:00:00";"2016-03-25 00:00:00";16;12372;20;10;0;<FLG>
V6155020;V615502002;HIXnJ;1;"2016-03-26 00:00:00";"2016-03-26 00:00:00";16;12008;20;10;0;<FLG>
V6155020;V615502002;HIXnJ;1;"2016-03-27 00:00:00";"2016-03-27 00:00:00";16;11642;20;10;0;<FLG>
V6155020;V615502002;HIXnJ;1;"2016-03-28 00:00:00";"2016-03-28 00:00:00";16;11278;20;10;0;<FLG>
V6155020;V615502002;HIXnJ;1;"2016-03-29 00:00:00";"2016-03-29 00:00:00";16;10912;20;10;0;<FLG>
V6155020;V615502002;HIXnJ;1;"2016-03-30 00:00:00";"2016-03-30 00:00:00";16;10614;20;10;0;<FLG>
V6155020;V615502002;HIXnJ;1;"2016-03-31 00:00:00";"2016-03-31 00:00:00";16;10382;20;10;0;<FLG>
V6155020;V615502002;HIXnJ;1;"2016-04-01 00:00:00";"2016-04-01 00:00:00";16;10150;20;10;0;<FLG>
V6155020;V615502002;HIXnJ;1;"2016-04-02 00:00:00";"2016-04-02 00:00:00";16;9918;20;10;0;<FLG>
V6155020;V615502002;HIXnJ;1;"2016-04-03 00:00:00";"2016-04-03 00:00:00";16;9686;20;10;0;<FLG>
V6155020;V615502002;HIXnJ;1;"2016-04-04 00:00:00";"2016-04-04 00:00:00";16;9458;20;10;0;<FLG>
V6155020;V615502002;HIXnJ;1;"2016-04-05 00:00:00";"2016-04-05 00:00:00";16;9235;20;10;0;<FLG>
V6155020;V615502002;HIXnJ;1;"2016-04-06 00:00:00";"2016-04-06 00:00:00";16;9012;20;10;0;<FLG>
V6155020;V615502002;HIXnJ;1;"2016-04-07 00:00:00";"2016-04-07 00:00:00";16;8800;20;10;0;<FLG>
V6155020;V615502002;HIXnJ;1;"2016-04-08 00:00:00";"2016-04-08 00:00:00";16;8600;20;10;0;<FLG>
V6155020;V615502002;HIXnJ;1;"2016-04-09 00:00:00";"2016-04-09 00:00:00";16;8400;20;10;0;<FLG>
V6155020;V615502002;HIXnJ;1;"2016-04-10 00:00:00";"2016-04-10 00:00:00";16;8200;20;10;0;<FLG>
V6155020;V615502002;HIXnJ;1;"2016-04-11 00:00:00";"2016-04-11 00:00:00";16;7999;20;10;0;<FLG>
V6155020;V615502002;HIXnJ;1;"2016-04-12 00:00:00";"2016-04-12 00:00:00";16;7796;20;10;0;<FLG>
V6155020;V615502002;HIXnJ;1;"2016-04-13 00:00:00";"2016-04-13 00:00:00";16;7593;20;10;0;<FLG>
V6155020;V615502002;HIXnJ;1;"2016-04-14 00:00:00";"2016-04-14 00:00:00";16;7390;20;10;0;<FLG>
V6155020;V615502002;HIXnJ;1;"2016-04-15 00:00:00";"2016-04-15 00:00:00";16;7187;20;10;0;<FLG>
V6155020;V615502002;HIXnJ;1;"2016-04-16 00:00:00";"2016-04-16 00:00:00";16;6984;20;10;0;<FLG>
V6155020;V615502002;HIXnJ;1;"2016-04-17 00:00:00";"2016-04-17 00:00:00";16;6781;20;10;0;<FLG>
V6155020;V615502002;HIXnJ;1;"2016-04-18 00:00:00";"2016-04-18 00:00:00";16;6578;20;10;0;<FLG>
V6155020;V615502002;HIXnJ;1;"2016-04-19 00:00:00";"2016-04-19 00:00:00";16;6375;20;10;0;<FLG>
V6155020;V615502002;HIXnJ;1;"2016-04-20 00:00:00";"2016-04-20 00:00:00";16;6172;20;10;0;<FLG>
V6155020;V615502002;HIXnJ;1;"2016-04-21 00:00:00";"2016-04-21 00:00:00";16;5969;20;10;0;<FLG>
V6155020;V615502002;HIXnJ;1;"2016-04-22 00:00:00";"2016-04-22 00:00:00";16;5766;20;10;0;<FLG>
V6155020;V615502002;HIXnJ;1;"2016-04-23 00:00:00";"2016-04-23 00:00:00";16;5563;20;10;0;<FLG>
V6155020;V615502002;HIXnJ;1;"2016-04-24 00:00:00";"2016-04-24 00:00:00";16;5360;20;10;0;<FLG>
V6155020;V615502002;HIXnJ;1;"2016-04-25 00:00:00";"2016-04-25 00:00:00";16;5157;20;10;0;<FLG>
V6155020;V615502002;HIXnJ;1;"2016-04-26 00:00:00";"2016-04-26 00:00:00";16;4954;20;10;0;<FLG>
V6155020;V615502002;HIXnJ;1;"2016-04-27 00:00:00";"2016-04-27 00:00:00";16;4751;20;10;0;<FLG>
V6155020;V615502002;HIXnJ;1;"2016-04-28 00:00:00";"2016-04-28 00:00:00";16;4579;20;10;0;<FLG>
V6155020;V615502002;HIXnJ;1;"2016-04-29 00:00:00";"2016-04-29 00:00:00";16;4438;20;10;0;<FLG>
V6155020;V615502002;HIXnJ;1;"2016-04-30 00:00:00";"2016-04-30 00:00:00";16;4296;20;10;0;<FLG>
V6155020;V615502002;HIXnJ;1;"2016-05-01 00:00:00";"2016-05-01 00:00:00";16;4154;20;10;0;<FLG>
V6155020;V615502002;HIXnJ;1;"2016-05-02 00:00:00";"2016-05-02 00:00:00";16;4012;20;10;0;<FLG>
V6155020;V615502002;HIXnJ;1;"2016-05-03 00:00:00";"2016-05-03 00:00:00";16;3871;20;10;0;<FLG>
V6155020;V615502002;HIXnJ;1;"2016-05-04 00:00:00";"2016-05-04 00:00:00";16;3754;20;10;0;<FLG>
V6155020;V615502002;HIXnJ;1;"2016-05-05 00:00:00";"2016-05-05 00:00:00";16;3661;20;10;0;<FLG>
V6155020;V615502002;HIXnJ;1;"2016-05-06 00:00:00";"2016-05-06 00:00:00";16;3568;20;10;0;<FLG>
V6155020;V615502002;HIXnJ;1;"2016-05-07 00:00:00";"2016-05-07 00:00:00";16;3475;20;10;0;<FLG>
V6155020;V615502002;HIXnJ;1;"2016-05-08 00:00:00";"2016-05-08 00:00:00";16;3382;20;10;0;<FLG>
V6155020;V615502002;HIXnJ;1;"2016-05-09 00:00:00";"2016-05-09 00:00:00";16;3289;20;10;0;<FLG>
V6155020;V615502002;HIXnJ;1;"2016-05-10 00:00:00";"2016-05-10 23:59:59";16;4125;20;10;0;<FLG>
V6155020;V615502002;HIXnJ;1;"2016-05-11 00:00:00";"2016-05-11 23:59:59";16;6075;20;10;0;<FLG>
V6155020;V615502002;HIXnJ;1;"2016-05-12 00:00:00";"2016-05-12 23:59:59";16;7808;20;10;0;<FLG>
V6155020;V615502002;HIXnJ;1;"2016-05-13 00:00:00";"2016-05-13 23:59:59";16;9322;20;10;0;<FLG>
V6155020;V615502002;HIXnJ;1;"2016-05-14 00:00:00";"2016-05-14 12:00:00";16;10080;20;10;0;<FLG>
V6155020;V615502002;HIXnJ;1;"2016-05-15 00:00:00";"2016-05-15 00:00:00";16;9790;20;10;0;<FLG>
V6155020;V615502002;HIXnJ;1;"2016-05-16 00:00:00";"2016-05-16 00:00:00";16;9210;20;10;0;<FLG>
V6155020;V615502002;HIXnJ;1;"2016-05-17 00:00:00";"2016-05-17 00:00:00";16;8630;20;10;0;<FLG>
V6155020;V615502002;HIXnJ;1;"2016-05-18 00:00:00";"2016-05-18 00:00:00";16;8050;20;10;0;<FLG>
V6155020;V615502002;HIXnJ;1;"2016-05-19 00:00:00";"2016-05-19 00:00:00";16;7470;20;10;0;<FLG>
V6155020;V615502002;HIXnJ;1;"2016-05-20 00:00:00";"2016-05-20 00:00:00";16;7026;20;10;0;<FLG>
V6155020;V615502002;HIXnJ;1;"2016-05-21 00:00:00";"2016-05-21 00:00:00";16;6717;20;10;0;<FLG>
V6155020;V615502002;HIXnJ;1;"2016-05-22 00:00:00";"2016-05-22 00:00:00";16;6408;20;10;0;<FLG>
V6155020;V615502002;HIXnJ;1;"2016-05-23 00:00:00";"2016-05-23 00:00:00";16;6099;20;10;0;<FLG>
V6155020;V615502002;HIXnJ;1;"2016-05-24 00:00:00";"2016-05-24 00:00:00";16;5790;20;10;0;<FLG>
V6155020;V615502002;HIXnJ;1;"2016-05-25 00:00:00";"2016-05-25 00:00:00";16;5481;20;10;0;<FLG>
V6155020;V615502002;HIXnJ;1;"2016-05-26 00:00:00";"2016-05-26 00:00:00";16;5172;20;10;0;<FLG>
V6155020;V615502002;HIXnJ;1;"2016-05-27 00:00:00";"2016-05-27 00:00:00";16;4863;20;10;0;<FLG>
V6155020;V615502002;HIXnJ;1;"2016-05-28 00:00:00";"2016-05-28 00:00:00";16;4554;20;10;0;<FLG>
V6155020;V615502002;HIXnJ;1;"2016-05-29 00:00:00";"2016-05-29 00:00:00";16;4338;20;10;0;<FLG>
V6155020;V615502002;HIXnJ;1;"2016-05-30 00:00:00";"2016-05-30 00:00:00";16;4212;20;10;0;<FLG>
V6155020;V615502002;HIXnJ;1;"2016-05-31 00:00:00";"2016-05-31 00:00:00";16;4096;20;10;0;<FLG>
V6155020;V615502002;HIXnJ;1;"2016-06-01 00:00:00";"2016-06-01 00:00:00";16;3988;20;10;0;<FLG>
V6155020;V615502002;HIXnJ;1;"2016-06-02 00:00:00";"2016-06-02 00:00:00";16;3879;20;10;0;<FLG>
V6155020;V615502002;HIXnJ;1;"2016-06-03 00:00:00";"2016-06-03 00:00:00";16;3771;20;10;0;<FLG>
V6155020;V615502002;HIXnJ;1;"2016-06-04 00:00:00";"2016-06-04 00:00:00";16;3662;20;10;0;<FLG>
V6155020;V615502002;HIXnJ;1;"2016-06-05 00:00:00";"2016-06-05 00:00:00";16;3554;20;10;0;<FLG>
V6155020;V615502002;HIXnJ;1;"2016-06-06 00:00:00";"2016-06-06 00:00:00";16;3500;20;10;0;<FLG>
V6155020;V615502002;HIXnJ;1;"2016-06-07 00:00:00";"2016-06-07 00:00:00";16;3500;20;10;0;<FLG>
V6155020;V615502002;HIXnJ;1;"2016-06-08 00:00:00";"2016-06-08 00:00:00";16;3500;20;10;0;<FLG>
V6155020;V615502002;HIXnJ;1;"2016-06-09 00:00:00";"2016-06-09 12:00:00";16;3500;20;10;0;<FLG>
V6155020;V615502002;HIXnJ;1;"2016-06-10 00:00:00";"2016-06-10 00:00:00";16;3433;20;10;0;<FLG>
V6155020;V615502002;HIXnJ;1;"2016-06-11 00:00:00";"2016-06-11 00:00:00";16;3300;20;10;0;<FLG>
V6155020;V615502002;HIXnJ;1;"2016-06-12 00:00:00";"2016-06-12 00:00:00";16;3167;20;10;0;<FLG>
V6155020;V615502002;HIXnJ;1;"2016-06-13 00:00:00";"2016-06-13 00:00:00";16;3057;20;10;0;<FLG>
V6155020;V615502002;HIXnJ;1;"2016-06-14 00:00:00";"2016-06-14 00:00:00";16;2971;20;10;0;<FLG>
V6155020;V615502002;HIXnJ;1;"2016-06-15 00:00:00";"2016-06-15 00:00:00";16;2886;20;10;0;<FLG>
V6155020;V615502002;HIXnJ;1;"2016-06-16 00:00:00";"2016-06-16 00:00:00";16;2800;20;10;0;<FLG>
V6155020;V615502002;HIXnJ;1;"2016-06-17 00:00:00";"2016-06-17 00:00:00";16;2714;20;10;0;<FLG>
V6155020;V615502002;HIXnJ;1;"2016-06-18 00:00:00";"2016-06-18 00:00:00";16;2629;20;10;0;<FLG>
V6155020;V615502002;HIXnJ;1;"2016-06-19 00:00:00";"2016-06-19 00:00:00";16;2543;20;10;0;<FLG>
V6155020;V615502002;HIXnJ;1;"2016-06-20 00:00:00";"2016-06-20 00:00:00";16;2457;20;10;0;<FLG>
V6155020;V615502002;HIXnJ;1;"2016-06-21 00:00:00";"2016-06-21 00:00:00";16;2371;20;10;0;<FLG>
V6155020;V615502002;HIXnJ;1;"2016-06-22 00:00:00";"2016-06-22 00:00:00";16;2286;20;10;0;<FLG>
V6155020;V615502002;HIXnJ;1;"2016-06-23 00:00:00";"2016-06-23 00:00:00";16;2200;20;10;0;<FLG>
V6155020;V615502002;HIXnJ;1;"2016-06-24 00:00:00";"2016-06-24 00:00:00";16;2114;20;10;0;<FLG>
V6155020;V615502002;HIXnJ;1;"2016-06-25 00:00:00";"2016-06-25 00:00:00";16;2029;20;10;0;<FLG>
V6155020;V615502002;HIXnJ;1;"2016-06-26 00:00:00";"2016-06-26 00:00:00";16;1943;20;10;0;<FLG>
V6155020;V615502002;HIXnJ;1;"2016-06-27 00:00:00";"2016-06-27 00:00:00";16;1861;20;10;0;<FLG>
V6155020;V615502002;HIXnJ;1;"2016-06-28 00:00:00";"2016-06-28 00:00:00";16;1782;20;10;0;<FLG>
V6155020;V615502002;HIXnJ;1;"2016-06-29 00:00:00";"2016-06-29 00:00:00";16;1704;20;10;0;<FLG>
V6155020;V615502002;HIXnJ;1;"2016-06-30 00:00:00";"2016-06-30 00:00:00";16;1625;20;10;0;<FLG>
V6155020;V615502002;HIXnJ;1;"2016-07-01 00:00:00";"2016-07-01 00:00:00";16;1546;20;10;0;<FLG>
V6155020;V615502002;HIXnJ;1;"2016-07-02 00:00:00";"2016-07-02 00:00:00";16;1468;20;10;0;<FLG>
V6155020;V615502002;HIXnJ;1;"2016-07-03 00:00:00";"2016-07-03 00:00:00";16;1389;20;10;0;<FLG>
V6155020;V615502002;HIXnJ;1;"2016-07-04 00:00:00";"2016-07-04 00:00:00";16;1321;20;10;0;<FLG>
V6155020;V615502002;HIXnJ;1;"2016-07-05 00:00:00";"2016-07-05 00:00:00";16;1262;20;10;0;<FLG>
V6155020;V615502002;HIXnJ;1;"2016-07-06 00:00:00";"2016-07-06 00:00:00";16;1204;20;10;0;<FLG>
V6155020;V615502002;HIXnJ;1;"2016-07-07 00:00:00";"2016-07-07 00:00:00";16;1146;20;10;0;<FLG>
V6155020;V615502002;HIXnJ;1;"2016-07-08 00:00:00";"2016-07-08 00:00:00";16;1100;20;10;0;<FLG>
V6155020;V615502002;HIXnJ;1;"2016-07-09 00:00:00";"2016-07-09 00:00:00";16;1100;20;10;0;<FLG>
V6155020;V615502002;HIXnJ;1;"2016-07-10 00:00:00";"2016-07-10 00:00:00";16;1100;20;10;0;<FLG>
V6155020;V615502002;HIXnJ;1;"2016-07-11 00:00:00";"2016-07-11 00:00:00";16;1067;20;10;0;<FLG>
V6155020;V615502002;HIXnJ;1;"2016-07-12 00:00:00";"2016-07-12 00:00:00";16;1033;20;10;0;<FLG>
V6155020;V615502002;HIXnJ;1;"2016-07-13 00:00:00";"2016-07-13 00:00:00";16;1000;20;10;0;<FLG>
V6155020;V615502002;HIXnJ;1;"2016-07-14 00:00:00";"2016-07-14 00:00:00";16;967;20;10;0;<FLG>
V6155020;V615502002;HIXnJ;1;"2016-07-15 00:00:00";"2016-07-15 00:00:00";16;931;20;10;0;<FLG>
V6155020;V615502002;HIXnJ;1;"2016-07-16 00:00:00";"2016-07-16 00:00:00";16;894;20;10;0;<FLG>
V6155020;V615502002;HIXnJ;1;"2016-07-17 00:00:00";"2016-07-17 00:00:00";16;856;20;10;0;<FLG>
V6155020;V615502002;HIXnJ;1;"2016-07-18 00:00:00";"2016-07-18 00:00:00";16;819;20;10;0;<FLG>
V6155020;V615502002;HIXnJ;1;"2016-07-19 00:00:00";"2016-07-19 00:00:00";16;781;20;10;0;<FLG>
V6155020;V615502002;HIXnJ;1;"2016-07-20 00:00:00";"2016-07-20 00:00:00";16;744;20;10;0;<FLG>
V6155020;V615502002;HIXnJ;1;"2016-07-21 00:00:00";"2016-07-21 00:00:00";16;706;20;10;0;<FLG>
V6155020;V615502002;HIXnJ;1;"2016-07-22 00:00:00";"2016-07-22 00:00:00";16;669;20;10;0;<FLG>
V6155020;V615502002;HIXnJ;1;"2016-07-23 00:00:00";"2016-07-23 00:00:00";16;638;20;10;0;<FLG>
V6155020;V615502002;HIXnJ;1;"2016-07-24 00:00:00";"2016-07-24 00:00:00";16;612;20;10;0;<FLG>
V6155020;V615502002;HIXnJ;1;"2016-07-25 00:00:00";"2016-07-25 00:00:00";16;588;20;10;0;<FLG>
V6155020;V615502002;HIXnJ;1;"2016-07-26 00:00:00";"2016-07-26 00:00:00";16;562;20;10;0;<FLG>
V6155020;V615502002;HIXnJ;1;"2016-07-27 00:00:00";"2016-07-27 00:00:00";16;538;20;10;0;<FLG>
V6155020;V615502002;HIXnJ;1;"2016-07-28 00:00:00";"2016-07-28 00:00:00";16;512;20;10;0;<FLG>
V6155020;V615502002;HIXnJ;1;"2016-07-29 00:00:00";"2016-07-29 00:00:00";16;485;20;10;0;<FLG>
V6155020;V615502002;HIXnJ;1;"2016-07-30 00:00:00";"2016-07-30 00:00:00";16;455;20;10;0;<FLG>
V6155020;V615502002;HIXnJ;1;"2016-07-31 00:00:00";"2016-07-31 00:00:00";16;425;20;10;0;<FLG>
V6155020;V615502002;HIXnJ;1;"2016-08-01 00:00:00";"2016-08-01 00:00:00";16;395;20;10;0;<FLG>
V6155020;V615502002;HIXnJ;1;"2016-08-02 00:00:00";"2016-08-02 00:00:00";16;365;20;10;0;<FLG>
V6155020;V615502002;HIXnJ;1;"2016-08-03 00:00:00";"2016-08-03 00:00:00";16;335;20;10;0;<FLG>
V6155020;V615502002;HIXnJ;1;"2016-08-04 00:00:00";"2016-08-04 00:00:00";16;305;20;10;0;<FLG>
V6155020;V615502002;HIXnJ;1;"2016-08-05 00:00:00";"2016-08-05 00:00:00";16;275;20;10;0;<FLG>
V6155020;V615502002;HIXnJ;1;"2016-08-06 00:00:00";"2016-08-06 00:00:00";16;245;20;10;0;<FLG>
V6155020;V615502002;HIXnJ;1;"2016-08-07 00:00:00";"2016-08-07 00:00:00";16;215;20;10;0;<FLG>
V6155020;V615502002;HIXnJ;1;"2016-08-08 00:00:00";"2016-08-08 00:00:00";16;188;20;10;0;<FLG>
V6155020;V615502002;HIXnJ;1;"2016-08-09 00:00:00";"2016-08-09 00:00:00";16;162;20;10;0;<FLG>
V6155020;V615502002;HIXnJ;1;"2016-08-10 00:00:00";"2016-08-10 00:00:00";16;138;20;10;0;<FLG>
V6155020;V615502002;HIXnJ;1;"2016-08-11 00:00:00";"2016-08-11 00:00:00";16;112;20;10;0;<FLG>
V6155020;V615502002;HIXnJ;1;"2016-08-12 00:00:00";"2016-08-12 00:00:00";16;88;20;10;0;<FLG>
V6155020;V615502002;HIXnJ;1;"2016-08-13 00:00:00";"2016-08-13 00:00:00";16;62;20;10;0;<FLG>
V6155020;V615502002;HIXnJ;1;"2016-08-14 00:00:00";"2016-08-14 00:00:00";16;38;20;10;0;<FLG>
V6155020;V615502002;HIXnJ;1;"2016-08-15 00:00:00";"2016-08-15 00:00:00";16;12;20;10;0;<FLG>
V6155020;V615502002;HIXnJ;1;"2016-08-16 00:00:00";"2016-08-16 00:00:00";16;-10;20;10;0;<FLG>
V6155020;V615502002;HIXnJ;1;"2016-08-17 00:00:00";"2016-08-17 00:00:00";16;-30;20;10;0;<FLG>
V6155020;V615502002;HIXnJ;1;"2016-08-18 00:00:00";"2016-08-18 00:00:00";16;-50;20;10;0;<FLG>
V6155020;V615502002;HIXnJ;1;"2016-08-19 00:00:00";"2016-08-19 00:00:00";16;-70;20;10;0;<FLG>
V6155020;V615502002;HIXnJ;1;"2016-08-20 00:00:00";"2016-08-20 00:00:00";16;-90;20;10;0;<FLG>
V6155020;V615502002;HIXnJ;1;"2016-08-21 00:00:00";"2016-08-21 00:00:00";16;-110;20;10;0;<FLG>
V6155020;V615502002;HIXnJ;1;"2016-08-22 00:00:00";"2016-08-22 00:00:00";16;-160;20;10;0;<FLG>
V6155020;V615502002;HIXnJ;1;"2016-08-23 00:00:00";"2016-08-23 00:00:00";16;-202;20;10;0;<FLG>
V6155020;V615502002;HIXnJ;1;"2016-08-24 00:00:00";"2016-08-24 00:00:00";16;-208;20;10;0;<FLG>
V6155020;V615502002;HIXnJ;1;"2016-08-25 00:00:00";"2016-08-25 00:00:00";16;-212;20;10;0;<FLG>
V6155020;V615502002;HIXnJ;1;"2016-08-26 00:00:00";"2016-08-26 00:00:00";16;-218;20;10;0;<FLG>
V6155020;V615502002;HIXnJ;1;"2016-08-27 00:00:00";"2016-08-27 00:00:00";16;-230;20;10;0;<FLG>
V6155020;V615502002;HIXnJ;1;"2016-08-28 00:00:00";"2016-08-28 00:00:00";16;-250;20;10;0;<FLG>
V6155020;V615502002;HIXnJ;1;"2016-08-29 00:00:00";"2016-08-29 00:00:00";16;-270;20;10;0;<FLG>
V6155020;V615502002;HIXnJ;1;"2016-08-30 00:00:00";"2016-08-30 00:00:00";16;-290;20;10;0;<FLG>
V6155020;V615502002;HIXnJ;1;"2016-08-31 00:00:00";"2016-08-31 00:00:00";16;-310;20;10;0;<FLG>
V6155020;V615502002;HIXnJ;1;"2016-09-01 00:00:00";"2016-09-01 00:00:00";16;-328;20;10;0;<FLG>
V6155020;V615502002;HIXnJ;1;"2016-09-02 00:00:00";"2016-09-02 00:00:00";16;-344;20;10;0;<FLG>
V6155020;V615502002;HIXnJ;1;"2016-09-03 00:00:00";"2016-09-03 00:00:00";16;-360;20;10;0;<FLG>
V6155020;V615502002;HIXnJ;1;"2016-09-04 00:00:00";"2016-09-04 00:00:00";16;-376;20;10;0;<FLG>
V6155020;V615502002;HIXnJ;1;"2016-09-05 00:00:00";"2016-09-05 00:00:00";16;-392;20;10;0;<FLG>
V6155020;V615502002;HIXnJ;1;"2016-09-06 00:00:00";"2016-09-06 00:00:00";16;-406;20;10;0;<FLG>
V6155020;V615502002;HIXnJ;1;"2016-09-07 00:00:00";"2016-09-07 00:00:00";16;-417;20;10;0;<FLG>
V6155020;V615502002;HIXnJ;1;"2016-09-08 00:00:00";"2016-09-08 00:00:00";16;-429;20;10;0;<FLG>
V6155020;V615502002;HIXnJ;1;"2016-09-09 00:00:00";"2016-09-09 00:00:00";16;-440;20;10;0;<FLG>
V6155020;V615502002;HIXnJ;1;"2016-09-10 00:00:00";"2016-09-10 00:00:00";16;-451;20;10;0;<FLG>
V6155020;V615502002;HIXnJ;1;"2016-09-11 00:00:00";"2016-09-11 00:00:00";16;-463;20;10;0;<FLG>
V6155020;V615502002;HIXnJ;1;"2016-09-12 00:00:00";"2016-09-12 00:00:00";16;-474;20;10;0;<FLG>
V6155020;V615502002;HIXnJ;1;"2016-09-13 00:00:00";"2016-09-13 00:00:00";16;-480;20;10;0;<FLG>
V6155020;V615502002;HIXnJ;1;"2016-09-14 00:00:00";"2016-09-14 00:00:00";16;-480;20;10;0;<FLG>
V6155020;V615502002;HIXnJ;1;"2016-09-15 00:00:00";"2016-09-15 23:59:59";16;-435;20;10;0;<FLG>
V6155020;V615502002;HIXnJ;1;"2016-09-16 00:00:00";"2016-09-16 23:59:59";16;-345;20;10;0;<FLG>
V6155020;V615502002;HIXnJ;1;"2016-09-17 00:00:00";"2016-09-17 12:00:00";16;-300;20;10;0;<FLG>
V6155020;V615502002;HIXnJ;1;"2016-09-18 00:00:00";"2016-09-18 00:00:00";16;-320;20;10;0;<FLG>
V6155020;V615502002;HIXnJ;1;"2016-09-19 00:00:00";"2016-09-19 00:00:00";16;-360;20;10;0;<FLG>
V6155020;V615502002;HIXnJ;1;"2016-09-20 00:00:00";"2016-09-20 00:00:00";16;-400;20;10;0;<FLG>
V6155020;V615502002;HIXnJ;1;"2016-09-21 00:00:00";"2016-09-21 00:00:00";16;-440;20;10;0;<FLG>
V6155020;V615502002;HIXnJ;1;"2016-09-22 00:00:00";"2016-09-22 00:00:00";16;-480;20;10;0;<FLG>
V6155020;V615502002;HIXnJ;1;"2016-09-23 00:00:00";"2016-09-23 00:00:00";16;-516;20;10;0;<FLG>
V6155020;V615502002;HIXnJ;1;"2016-09-24 00:00:00";"2016-09-24 00:00:00";16;-549;20;10;0;<FLG>
V6155020;V615502002;HIXnJ;1;"2016-09-25 00:00:00";"2016-09-25 00:00:00";16;-581;20;10;0;<FLG>
V6155020;V615502002;HIXnJ;1;"2016-09-26 00:00:00";"2016-09-26 00:00:00";16;-614;20;10;0;<FLG>
V6155020;V615502002;HIXnJ;1;"2016-09-27 00:00:00";"2016-09-27 00:00:00";16;-630;20;10;0;<FLG>
V6155020;V615502002;HIXnJ;1;"2016-09-28 00:00:00";"2016-09-28 00:00:00";16;-630;20;10;0;<FLG>
V6155020;V615502002;HIXnJ;1;"2016-09-29 00:00:00";"2016-09-29 12:00:00";16;-630;20;10;0;<FLG>
V6155020;V615502002;HIXnJ;1;"2016-09-30 00:00:00";"2016-09-30 00:00:00";16;-630;20;10;0;<FLG>
V6155020;V615502002;HIXnJ;1;"2016-10-01 00:00:00";"2016-10-01 00:00:00";16;-630;20;10;0;<FLG>
V6155020;V615502002;HIXnJ;1;"2016-10-02 00:00:00";"2016-10-02 12:00:00";16;-630;20;10;0;<FLG>
V6155020;V615502002;HIXnJ;1;"2016-10-03 00:00:00";"2016-10-03 23:59:59";16;-622;20;10;0;<FLG>
V6155020;V615502002;HIXnJ;1;"2016-10-04 00:00:00";"2016-10-04 23:59:59";16;-608;20;10;0;<FLG>
V6155020;V615502002;HIXnJ;1;"2016-10-05 00:00:00";"2016-10-05 12:00:00";16;-600;20;10;0;<FLG>
V6155020;V615502002;HIXnJ;1;"2016-10-06 00:00:00";"2016-10-06 00:00:00";16;-612;20;10;0;<FLG>
V6155020;V615502002;HIXnJ;1;"2016-10-07 00:00:00";"2016-10-07 00:00:00";16;-638;20;10;0;<FLG>
V6155020;V615502002;HIXnJ;1;"2016-10-08 00:00:00";"2016-10-08 00:00:00";16;-662;20;10;0;<FLG>
V6155020;V615502002;HIXnJ;1;"2016-10-09 00:00:00";"2016-10-09 00:00:00";16;-688;20;10;0;<FLG>
V6155020;V615502002;HIXnJ;1;"2016-10-10 00:00:00";"2016-10-10 00:00:00";16;-705;20;10;0;<FLG>
V6155020;V615502002;HIXnJ;1;"2016-10-11 00:00:00";"2016-10-11 23:59:59";16;-218;20;10;0;<FLG>
V6155020;V615502002;HIXnJ;1;"2016-10-12 00:00:00";"2016-10-12 23:59:59";16;788;20;10;0;<FLG>
V6155020;V615502002;HIXnJ;1;"2016-10-13 00:00:00";"2016-10-13 23:59:59";16;1792;20;10;0;<FLG>
V6155020;V615502002;HIXnJ;1;"2016-10-14 00:00:00";"2016-10-14 23:59:59";16;2798;20;10;0;<FLG>
V6155020;V615502002;HIXnJ;1;"2016-10-15 00:00:00";"2016-10-15 23:59:59";16;4100;20;10;0;<FLG>
V6155020;V615502002;HIXnJ;1;"2016-10-16 00:00:00";"2016-10-16 23:59:59";16;5000;20;10;0;<FLG>
V6155020;V615502002;HIXnJ;1;"2016-10-17 00:00:00";"2016-10-17 23:59:59";16;5450;20;10;0;<FLG>
V6155020;V615502002;HIXnJ;1;"2016-10-18 00:00:00";"2016-10-18 12:00:00";16;5800;20;10;0;<FLG>
V6155020;V615502002;HIXnJ;1;"2016-10-19 00:00:00";"2016-10-19 00:00:00";16;5550;20;10;0;<FLG>
V6155020;V615502002;HIXnJ;1;"2016-10-20 00:00:00";"2016-10-20 00:00:00";16;4775;20;10;0;<FLG>
V6155020;V615502002;HIXnJ;1;"2016-10-21 00:00:00";"2016-10-21 00:00:00";16;3825;20;10;0;<FLG>
V6155020;V615502002;HIXnJ;1;"2016-10-22 00:00:00";"2016-10-22 00:00:00";16;2975;20;10;0;<FLG>
V6155020;V615502002;HIXnJ;1;"2016-10-23 00:00:00";"2016-10-23 23:59:59";16;2738;20;10;0;<FLG>
V6155020;V615502002;HIXnJ;1;"2016-10-24 00:00:00";"2016-10-24 12:00:00";16;2800;20;10;0;<FLG>
V6155020;V615502002;HIXnJ;1;"2016-10-25 00:00:00";"2016-10-25 00:00:00";16;2800;20;10;0;<FLG>
V6155020;V615502002;HIXnJ;1;"2016-10-26 00:00:00";"2016-10-26 12:00:00";16;2800;20;10;0;<FLG>
V6155020;V615502002;HIXnJ;1;"2016-10-27 00:00:00";"2016-10-27 00:00:00";16;2675;20;10;0;<FLG>
V6155020;V615502002;HIXnJ;1;"2016-10-28 00:00:00";"2016-10-28 00:00:00";16;2375;20;10;0;<FLG>
V6155020;V615502002;HIXnJ;1;"2016-10-29 00:00:00";"2016-10-29 00:00:00";16;2025;20;10;0;<FLG>
V6155020;V615502002;HIXnJ;1;"2016-10-30 00:00:00";"2016-10-30 00:00:00";16;1750;20;10;0;<FLG>
V6155020;V615502002;HIXnJ;1;"2016-10-31 00:00:00";"2016-10-31 00:00:00";16;1550;20;10;0;<FLG>
V6155020;V615502002;HIXnJ;1;"2016-11-01 00:00:00";"2016-11-01 00:00:00";16;1350;20;10;0;<FLG>
V6155020;V615502002;HIXnJ;1;"2016-11-02 00:00:00";"2016-11-02 00:00:00";16;1150;20;10;0;<FLG>
V6155020;V615502002;HIXnJ;1;"2016-11-03 00:00:00";"2016-11-03 00:00:00";16;988;20;10;0;<FLG>
V6155020;V615502002;HIXnJ;1;"2016-11-04 00:00:00";"2016-11-04 23:59:59";16;1075;20;10;0;<FLG>
V6155020;V615502002;HIXnJ;1;"2016-11-05 00:00:00";"2016-11-05 23:59:59";16;3475;20;10;0;<FLG>
V6155020;V615502002;HIXnJ;1;"2016-11-06 00:00:00";"2016-11-06 23:59:59";16;7725;20;10;0;<FLG>
V6155020;V615502002;HIXnJ;1;"2016-11-07 00:00:00";"2016-11-07 23:59:59";16;9875;20;10;0;<FLG>
V6155020;V615502002;HIXnJ;1;"2016-11-08 00:00:00";"2016-11-08 12:00:00";16;9900;20;10;0;<FLG>
V6155020;V615502002;HIXnJ;1;"2016-11-09 00:00:00";"2016-11-09 00:00:00";16;9365;20;10;0;<FLG>
V6155020;V615502002;HIXnJ;1;"2016-11-10 00:00:00";"2016-11-10 00:00:00";16;8295;20;10;0;<FLG>
V6155020;V615502002;HIXnJ;1;"2016-11-11 00:00:00";"2016-11-11 00:00:00";16;7258;20;10;0;<FLG>
V6155020;V615502002;HIXnJ;1;"2016-11-12 00:00:00";"2016-11-12 00:00:00";16;6252;20;10;0;<FLG>
V6155020;V615502002;HIXnJ;1;"2016-11-13 00:00:00";"2016-11-13 00:00:00";16;5475;20;10;0;<FLG>
V6155020;V615502002;HIXnJ;1;"2016-11-14 00:00:00";"2016-11-14 00:00:00";16;4925;20;10;0;<FLG>
V6155020;V615502002;HIXnJ;1;"2016-11-15 00:00:00";"2016-11-15 00:00:00";16;4456;20;10;0;<FLG>
V6155020;V615502002;HIXnJ;1;"2016-11-16 00:00:00";"2016-11-16 00:00:00";16;4069;20;10;0;<FLG>
V6155020;V615502002;HIXnJ;1;"2016-11-17 00:00:00";"2016-11-17 00:00:00";16;3681;20;10;0;<FLG>
V6155020;V615502002;HIXnJ;1;"2016-11-18 00:00:00";"2016-11-18 23:59:59";16;5512;20;10;0;<FLG>
V6155020;V615502002;HIXnJ;1;"2016-11-19 00:00:00";"2016-11-19 23:59:59";16;10338;20;10;0;<FLG>
V6155020;V615502002;HIXnJ;1;"2016-11-20 00:00:00";"2016-11-20 23:59:59";16;15162;20;10;0;<FLG>
V6155020;V615502002;HIXnJ;1;"2016-11-21 00:00:00";"2016-11-21 23:59:59";16;19988;20;10;0;<FLG>
V6155020;V615502002;HIXnJ;1;"2016-11-22 00:00:00";"2016-11-22 23:59:59";16;22780;20;10;0;<FLG>
V6155020;V615502002;HIXnJ;1;"2016-11-23 00:00:00";"2016-11-23 23:59:59";16;23205;20;10;0;<FLG>
V6155020;V615502002;HIXnJ;1;"2016-11-24 00:00:00";"2016-11-24 23:59:59";16;23360;20;10;0;<FLG>
V6155020;V615502002;HIXnJ;1;"2016-11-25 00:00:00";"2016-11-25 23:59:59";16;23500;20;10;0;<FLG>
V6155020;V615502002;HIXnJ;1;"2016-11-26 00:00:00";"2016-11-26 12:00:00";16;23530;20;10;0;<FLG>
V6155020;V615502002;HIXnJ;1;"2016-11-27 00:00:00";"2016-11-27 00:00:00";16;23525;20;10;0;<FLG>
V6155020;V615502002;HIXnJ;1;"2016-11-28 00:00:00";"2016-11-28 00:00:00";16;23495;20;10;0;<FLG>
V6155020;V615502002;HIXnJ;1;"2016-11-29 00:00:00";"2016-11-29 00:00:00";16;23445;20;10;0;<FLG>
V6155020;V615502002;HIXnJ;1;"2016-11-30 00:00:00";"2016-11-30 00:00:00";16;23395;20;10;0;<FLG>
V6155020;V615502002;HIXnJ;1;"2016-12-01 00:00:00";"2016-12-01 00:00:00";16;23352;20;10;0;<FLG>
V6155020;V615502002;HIXnJ;1;"2016-12-02 00:00:00";"2016-12-02 00:00:00";16;23318;20;10;0;<FLG>
V6155020;V615502002;HIXnJ;1;"2016-12-03 00:00:00";"2016-12-03 00:00:00";16;23255;20;10;0;<FLG>
V6155020;V615502002;HIXnJ;1;"2016-12-04 00:00:00";"2016-12-04 00:00:00";16;23165;20;10;0;<FLG>
V6155020;V615502002;HIXnJ;1;"2016-12-05 00:00:00";"2016-12-05 00:00:00";16;23075;20;10;0;<FLG>
V6155020;V615502002;HIXnJ;1;"2016-12-06 00:00:00";"2016-12-06 00:00:00";16;22985;20;10;0;<FLG>
V6155020;V615502002;HIXnJ;1;"2016-12-07 00:00:00";"2016-12-07 00:00:00";16;22895;20;10;0;<FLG>
V6155020;V615502002;HIXnJ;1;"2016-12-08 00:00:00";"2016-12-08 00:00:00";16;22805;20;10;0;<FLG>
V6155020;V615502002;HIXnJ;1;"2016-12-09 00:00:00";"2016-12-09 00:00:00";16;22715;20;10;0;<FLG>
V6155020;V615502002;HIXnJ;1;"2016-12-10 00:00:00";"2016-12-10 00:00:00";16;22618;20;10;0;<FLG>
V6155020;V615502002;HIXnJ;1;"2016-12-11 00:00:00";"2016-12-11 00:00:00";16;22514;20;10;0;<FLG>
V6155020;V615502002;HIXnJ;1;"2016-12-12 00:00:00";"2016-12-12 00:00:00";16;22410;20;10;0;<FLG>
V6155020;V615502002;HIXnJ;1;"2016-12-13 00:00:00";"2016-12-13 00:00:00";16;22306;20;10;0;<FLG>
V6155020;V615502002;HIXnJ;1;"2016-12-14 00:00:00";"2016-12-14 00:00:00";16;22202;20;10;0;<FLG>
V6155020;V615502002;HIXnJ;1;"2016-12-15 00:00:00";"2016-12-15 00:00:00";16;22092;20;10;0;<FLG>
V6155020;V615502002;HIXnJ;1;"2016-12-16 00:00:00";"2016-12-16 00:00:00";16;21975;20;10;0;<FLG>
V6155020;V615502002;HIXnJ;1;"2016-12-17 00:00:00";"2016-12-17 00:00:00";16;21858;20;10;0;<FLG>
V6155020;V615502002;HIXnJ;1;"2016-12-18 00:00:00";"2016-12-18 00:00:00";16;21650;20;10;0;<FLG>
V6155020;V615502002;HIXnJ;1;"2016-12-19 00:00:00";"2016-12-19 00:00:00";16;21350;20;10;0;<FLG>
V6155020;V615502002;HIXnJ;1;"2016-12-20 00:00:00";"2016-12-20 00:00:00";16;21050;20;10;0;<FLG>
V6155020;V615502002;HIXnJ;1;"2016-12-21 00:00:00";"2016-12-21 00:00:00";16;20800;20;10;0;<FLG>
V6155020;V615502002;HIXnJ;1;"2016-12-22 00:00:00";"2016-12-22 00:00:00";16;20625;20;10;0;<FLG>
V6155020;V615502002;HIXnJ;1;"2016-12-23 00:00:00";"2016-12-23 00:00:00";16;20475;20;10;0;<FLG>
V6155020;V615502002;HIXnJ;1;"2016-12-24 00:00:00";"2016-12-24 00:00:00";16;20167;20;10;0;<FLG>
V6155020;V615502002;HIXnJ;1;"2016-12-25 00:00:00";"2016-12-25 00:00:00";16;19700;20;10;0;<FLG>
V6155020;V615502002;HIXnJ;1;"2016-12-26 00:00:00";"2016-12-26 00:00:00";16;19233;20;10;0;<FLG>
V6155020;V615502002;HIXnJ;1;"2016-12-27 00:00:00";"2016-12-27 00:00:00";16;18717;20;10;0;<FLG>
V6155020;V615502002;HIXnJ;1;"2016-12-28 00:00:00";"2016-12-28 00:00:00";16;18150;20;10;0;<FLG>
V6155020;V615502002;HIXnJ;1;"2016-12-29 00:00:00";"2016-12-29 00:00:00";16;17583;20;10;0;<FLG>
V6155020;V615502002;HIXnJ;1;"2016-12-30 00:00:00";"2016-12-30 00:00:00";16;17025;20;10;0;<FLG>
V6155020;V615502002;HIXnJ;1;"2016-12-31 00:00:00";"2016-12-31 00:00:00";16;16475;20;10;0;<FLG>
V6155020;V615502002;HIXnJ;1;"2017-01-01 00:00:00";"2017-01-01 00:00:00";16;15925;20;10;0;<FLG>
V6155020;V615502002;HIXnJ;1;"2017-01-02 00:00:00";"2017-01-02 00:00:00";16;15375;20;10;0;<FLG>
V6155020;V615502002;HIXnJ;1;"2017-01-03 00:00:00";"2017-01-03 00:00:00";16;14879;20;10;0;<FLG>
V6155020;V615502002;HIXnJ;1;"2017-01-04 00:00:00";"2017-01-04 00:00:00";16;14436;20;10;0;<FLG>
V6155020;V615502002;HIXnJ;1;"2017-01-05 00:00:00";"2017-01-05 00:00:00";16;13993;20;10;0;<FLG>
V6155020;V615502002;HIXnJ;1;"2017-01-06 00:00:00";"2017-01-06 00:00:00";16;13550;20;10;0;<FLG>
V6155020;V615502002;HIXnJ;1;"2017-01-07 00:00:00";"2017-01-07 00:00:00";16;13107;20;10;0;<FLG>
V6155020;V615502002;HIXnJ;1;"2017-01-08 00:00:00";"2017-01-08 00:00:00";16;12664;20;10;0;<FLG>
V6155020;V615502002;HIXnJ;1;"2017-01-09 00:00:00";"2017-01-09 00:00:00";16;12221;20;10;0;<FLG>
V6155020;V615502002;HIXnJ;1;"2017-01-10 00:00:00";"2017-01-10 00:00:00";16;11820;20;10;0;<FLG>
V6155020;V615502002;HIXnJ;1;"2017-01-11 00:00:00";"2017-01-11 00:00:00";16;11460;20;10;0;<FLG>
V6155020;V615502002;HIXnJ;1;"2017-01-12 00:00:00";"2017-01-12 00:00:00";16;11100;20;10;0;<FLG>
V6155020;V615502002;HIXnJ;1;"2017-01-13 00:00:00";"2017-01-13 00:00:00";16;10740;20;10;0;<FLG>
V6155020;V615502002;HIXnJ;1;"2017-01-14 00:00:00";"2017-01-14 00:00:00";16;10380;20;10;0;<FLG>
V6155020;V615502002;HIXnJ;1;"2017-01-15 00:00:00";"2017-01-15 00:00:00";16;10044;20;10;0;<FLG>
V6155020;V615502002;HIXnJ;1;"2017-01-16 00:00:00";"2017-01-16 00:00:00";16;9731;20;10;0;<FLG>
V6155020;V615502002;HIXnJ;1;"2017-01-17 00:00:00";"2017-01-17 00:00:00";16;9419;20;10;0;<FLG>
V6155020;V615502002;HIXnJ;1;"2017-01-18 00:00:00";"2017-01-18 00:00:00";16;9106;20;10;0;<FLG>
V6155020;V615502002;HIXnJ;1;"2017-01-19 00:00:00";"2017-01-19 00:00:00";16;8794;20;10;0;<FLG>
V6155020;V615502002;HIXnJ;1;"2017-01-20 00:00:00";"2017-01-20 00:00:00";16;8481;20;10;0;<FLG>
V6155020;V615502002;HIXnJ;1;"2017-01-21 00:00:00";"2017-01-21 00:00:00";16;8169;20;10;0;<FLG>
V6155020;V615502002;HIXnJ;1;"2017-01-22 00:00:00";"2017-01-22 00:00:00";16;7856;20;10;0;<FLG>
V6155020;V615502002;HIXnJ;1;"2017-01-23 00:00:00";"2017-01-23 00:00:00";16;7588;20;10;0;<FLG>
V6155020;V615502002;HIXnJ;1;"2017-01-24 00:00:00";"2017-01-24 00:00:00";16;7362;20;10;0;<FLG>
V6155020;V615502002;HIXnJ;1;"2017-01-25 00:00:00";"2017-01-25 00:00:00";16;7142;20;10;0;<FLG>
V6155020;V615502002;HIXnJ;1;"2017-01-26 00:00:00";"2017-01-26 00:00:00";16;6925;20;10;0;<FLG>
V6155020;V615502002;HIXnJ;1;"2017-01-27 00:00:00";"2017-01-27 00:00:00";16;6708;20;10;0;<FLG>
V6155020;V615502002;HIXnJ;1;"2017-01-28 00:00:00";"2017-01-28 00:00:00";16;6525;20;10;0;<FLG>
V6155020;V615502002;HIXnJ;1;"2017-01-29 00:00:00";"2017-01-29 00:00:00";16;6375;20;10;0;<FLG>
V6155020;V615502002;HIXnJ;1;"2017-01-30 00:00:00";"2017-01-30 23:59:59";16;6518;20;10;0;<FLG>
V6155020;V615502002;HIXnJ;1;"2017-01-31 00:00:00";"2017-01-31 23:59:59";16;6662;20;10;0;<FLG>
V6155020;V615502002;HIXnJ;1;"2017-02-01 00:00:00";"2017-02-01 23:59:59";16;6808;20;10;0;<FLG>
V6155020;V615502002;HIXnJ;1;"2017-02-02 00:00:00";"2017-02-02 23:59:59";16;6952;20;10;0;<FLG>
V6155020;V615502002;HIXnJ;1;"2017-02-03 00:00:00";"2017-02-03 23:59:59";16;7098;20;10;0;<FLG>
V6155020;V615502002;HIXnJ;1;"2017-02-04 00:00:00";"2017-02-04 23:59:59";16;8902;20;10;0;<FLG>
V6155020;V615502002;HIXnJ;1;"2017-02-05 00:00:00";"2017-02-05 23:59:59";16;12368;20;10;0;<FLG>
V6155020;V615502002;HIXnJ;1;"2017-02-06 00:00:00";"2017-02-06 23:59:59";16;15900;20;10;0;<FLG>
V6155020;V615502002;HIXnJ;1;"2017-02-07 00:00:00";"2017-02-07 12:00:00";16;17700;20;10;0;<FLG>
V6155020;V615502002;HIXnJ;1;"2017-02-08 00:00:00";"2017-02-08 00:00:00";16;17625;20;10;0;<FLG>
V6155020;V615502002;HIXnJ;1;"2017-02-09 00:00:00";"2017-02-09 00:00:00";16;17475;20;10;0;<FLG>
V6155020;V615502002;HIXnJ;1;"2017-02-10 00:00:00";"2017-02-10 00:00:00";16;16950;20;10;0;<FLG>
V6155020;V615502002;HIXnJ;1;"2017-02-11 00:00:00";"2017-02-11 00:00:00";16;16050;20;10;0;<FLG>
V6155020;V615502002;HIXnJ;1;"2017-02-12 00:00:00";"2017-02-12 00:00:00";16;15312;20;10;0;<FLG>
V6155020;V615502002;HIXnJ;1;"2017-02-13 00:00:00";"2017-02-13 00:00:00";16;14738;20;10;0;<FLG>
V6155020;V615502002;HIXnJ;1;"2017-02-14 00:00:00";"2017-02-14 00:00:00";16;14162;20;10;0;<FLG>
V6155020;V615502002;HIXnJ;1;"2017-02-15 00:00:00";"2017-02-15 00:00:00";16;13588;20;10;0;<FLG>
V6155020;V615502002;HIXnJ;1;"2017-02-16 00:00:00";"2017-02-16 00:00:00";16;13140;20;10;0;<FLG>
V6155020;V615502002;HIXnJ;1;"2017-02-17 00:00:00";"2017-02-17 00:00:00";16;12820;20;10;0;<FLG>
V6155020;V615502002;HIXnJ;1;"2017-02-18 00:00:00";"2017-02-18 00:00:00";16;12500;20;10;0;<FLG>
V6155020;V615502002;HIXnJ;1;"2017-02-19 00:00:00";"2017-02-19 00:00:00";16;12180;20;10;0;<FLG>
V6155020;V615502002;HIXnJ;1;"2017-02-20 00:00:00";"2017-02-20 00:00:00";16;11860;20;10;0;<FLG>
V6155020;V615502002;HIXnJ;1;"2017-02-21 00:00:00";"2017-02-21 00:00:00";16;11533;20;10;0;<FLG>
V6155020;V615502002;HIXnJ;1;"2017-02-22 00:00:00";"2017-02-22 00:00:00";16;11199;20;10;0;<FLG>
V6155020;V615502002;HIXnJ;1;"2017-02-23 00:00:00";"2017-02-23 00:00:00";16;10866;20;10;0;<FLG>
V6155020;V615502002;HIXnJ;1;"2017-02-24 00:00:00";"2017-02-24 00:00:00";16;10532;20;10;0;<FLG>
V6155020;V615502002;HIXnJ;1;"2017-02-25 00:00:00";"2017-02-25 00:00:00";16;10198;20;10;0;<FLG>
V6155020;V615502002;HIXnJ;1;"2017-02-26 00:00:00";"2017-02-26 00:00:00";16;9864;20;10;0;<FLG>
V6155020;V615502002;HIXnJ;1;"2017-02-27 00:00:00";"2017-02-27 00:00:00";16;9531;20;10;0;<FLG>
V6155020;V615502002;HIXnJ;1;"2017-02-28 00:00:00";"2017-02-28 00:00:00";16;9197;20;10;0;<FLG>
V6155020;V615502002;HIXnJ;1;"2017-03-01 00:00:00";"2017-03-01 00:00:00";16;9011;20;10;0;<FLG>
V6155020;V615502002;HIXnJ;1;"2017-03-02 00:00:00";"2017-03-02 00:00:00";16;8973;20;10;0;<FLG>
V6155020;V615502002;HIXnJ;1;"2017-03-03 00:00:00";"2017-03-03 00:00:00";16;8935;20;10;0;<FLG>
V6155020;V615502002;HIXnJ;1;"2017-03-04 00:00:00";"2017-03-04 00:00:00";16;8897;20;10;0;<FLG>
V6155020;V615502002;HIXnJ;1;"2017-03-05 00:00:00";"2017-03-05 23:59:59";16;9120;20;10;0;<FLG>
V6155020;V615502002;HIXnJ;1;"2017-03-06 00:00:00";"2017-03-06 23:59:59";16;10500;20;10;0;<FLG>
V6155020;V615502002;HIXnJ;1;"2017-03-07 00:00:00";"2017-03-07 23:59:59";16;12750;20;10;0;<FLG>
V6155020;V615502002;HIXnJ;1;"2017-03-08 00:00:00";"2017-03-08 23:59:59";16;14150;20;10;0;<FLG>
V6155020;V615502002;HIXnJ;1;"2017-03-09 00:00:00";"2017-03-09 23:59:59";16;14900;20;10;0;<FLG>
V6155020;V615502002;HIXnJ;1;"2017-03-10 00:00:00";"2017-03-10 23:59:59";16;15600;20;10;0;<FLG>
V6155020;V615502002;HIXnJ;1;"2017-03-11 00:00:00";"2017-03-11 12:00:00";16;15800;20;10;0;<FLG>
V6155020;V615502002;HIXnJ;1;"2017-03-12 00:00:00";"2017-03-12 00:00:00";16;15675;20;10;0;<FLG>
V6155020;V615502002;HIXnJ;1;"2017-03-13 00:00:00";"2017-03-13 00:00:00";16;15425;20;10;0;<FLG>
V6155020;V615502002;HIXnJ;1;"2017-03-14 00:00:00";"2017-03-14 00:00:00";16;14950;20;10;0;<FLG>
V6155020;V615502002;HIXnJ;1;"2017-03-15 00:00:00";"2017-03-15 00:00:00";16;14367;20;10;0;<FLG>
V6155020;V615502002;HIXnJ;1;"2017-03-16 00:00:00";"2017-03-16 00:00:00";16;13900;20;10;0;<FLG>
V6155020;V615502002;HIXnJ;1;"2017-03-17 00:00:00";"2017-03-17 00:00:00";16;13433;20;10;0;<FLG>
V6155020;V615502002;HIXnJ;1;"2017-03-18 00:00:00";"2017-03-18 00:00:00";16;12967;20;10;0;<FLG>
V6155020;V615502002;HIXnJ;1;"2017-03-19 00:00:00";"2017-03-19 00:00:00";16;12500;20;10;0;<FLG>
V6155020;V615502002;HIXnJ;1;"2017-03-20 00:00:00";"2017-03-20 00:00:00";16;12033;20;10;0;<FLG>
V6155020;V615502002;HIXnJ;1;"2017-03-21 00:00:00";"2017-03-21 00:00:00";16;11575;20;10;0;<FLG>
V6155020;V615502002;HIXnJ;1;"2017-03-22 00:00:00";"2017-03-22 00:00:00";16;11125;20;10;0;<FLG>
V6155020;V615502002;HIXnJ;1;"2017-03-23 00:00:00";"2017-03-23 00:00:00";16;10750;20;10;0;<FLG>
V6155020;V615502002;HIXnJ;1;"2017-03-24 00:00:00";"2017-03-24 23:59:59";16;14875;20;10;0;<FLG>
V6155020;V615502002;HIXnJ;1;"2017-03-25 00:00:00";"2017-03-25 23:59:59";16;21050;20;10;0;<FLG>
V6155020;V615502002;HIXnJ;1;"2017-03-26 00:00:00";"2017-03-26 23:59:59";16;22300;20;10;0;<FLG>
V6155020;V615502002;HIXnJ;1;"2017-03-27 00:00:00";"2017-03-27 12:00:00";16;22400;20;10;0;<FLG>
V6155020;V615502002;HIXnJ;1;"2017-03-28 00:00:00";"2017-03-28 12:00:00";16;22400;20;10;0;<FLG>
V6155020;V615502002;HIXnJ;1;"2017-03-29 00:00:00";"2017-03-29 00:00:00";16;22350;20;10;0;<FLG>
V6155020;V615502002;HIXnJ;1;"2017-03-30 00:00:00";"2017-03-30 00:00:00";16;22250;20;10;0;<FLG>
V6155020;V615502002;HIXnJ;1;"2017-03-31 00:00:00";"2017-03-31 00:00:00";16;22100;20;10;0;<FLG>
V6155020;V615502002;HIXnJ;1;"2017-04-01 00:00:00";"2017-04-01 00:00:00";16;21925;20;10;0;<FLG>
V6155020;V615502002;HIXnJ;1;"2017-04-02 00:00:00";"2017-04-02 00:00:00";16;21775;20;10;0;<FLG>
V6155020;V615502002;HIXnJ;1;"2017-04-03 00:00:00";"2017-04-03 00:00:00";16;21650;20;10;0;<FLG>
V6155020;V615502002;HIXnJ;1;"2017-04-04 00:00:00";"2017-04-04 12:00:00";16;21600;20;10;0;<FLG>
V6155020;V615502002;HIXnJ;1;"2017-04-05 00:00:00";"2017-04-05 12:00:00";16;21600;20;10;0;<FLG>
V6155020;V615502002;HIXnJ;1;"2017-04-06 00:00:00";"2017-04-06 00:00:00";16;21500;20;10;0;<FLG>
V6155020;V615502002;HIXnJ;1;"2017-04-07 00:00:00";"2017-04-07 00:00:00";16;21300;20;10;0;<FLG>
V6155020;V615502002;HIXnJ;1;"2017-04-08 00:00:00";"2017-04-08 00:00:00";16;20975;20;10;0;<FLG>
V6155020;V615502002;HIXnJ;1;"2017-04-09 00:00:00";"2017-04-09 00:00:00";16;20525;20;10;0;<FLG>
V6155020;V615502002;HIXnJ;1;"2017-04-10 00:00:00";"2017-04-10 00:00:00";16;19850;20;10;0;<FLG>
V6155020;V615502002;HIXnJ;1;"2017-04-11 00:00:00";"2017-04-11 00:00:00";16;19138;20;10;0;<FLG>
V6155020;V615502002;HIXnJ;1;"2017-04-12 00:00:00";"2017-04-12 00:00:00";16;18612;20;10;0;<FLG>
V6155020;V615502002;HIXnJ;1;"2017-04-13 00:00:00";"2017-04-13 00:00:00";16;18088;20;10;0;<FLG>
V6155020;V615502002;HIXnJ;1;"2017-04-14 00:00:00";"2017-04-14 00:00:00";16;17562;20;10;0;<FLG>
V6155020;V615502002;HIXnJ;1;"2017-04-15 00:00:00";"2017-04-15 00:00:00";16;17039;20;10;0;<FLG>
V6155020;V615502002;HIXnJ;1;"2017-04-16 00:00:00";"2017-04-16 00:00:00";16;16517;20;10;0;<FLG>
V6155020;V615502002;HIXnJ;1;"2017-04-17 00:00:00";"2017-04-17 00:00:00";16;15994;20;10;0;<FLG>
V6155020;V615502002;HIXnJ;1;"2017-04-18 00:00:00";"2017-04-18 00:00:00";16;15472;20;10;0;<FLG>
V6155020;V615502002;HIXnJ;1;"2017-04-19 00:00:00";"2017-04-19 00:00:00";16;14950;20;10;0;<FLG>
V6155020;V615502002;HIXnJ;1;"2017-04-20 00:00:00";"2017-04-20 00:00:00";16;14428;20;10;0;<FLG>
V6155020;V615502002;HIXnJ;1;"2017-04-21 00:00:00";"2017-04-21 00:00:00";16;13906;20;10;0;<FLG>
V6155020;V615502002;HIXnJ;1;"2017-04-22 00:00:00";"2017-04-22 00:00:00";16;13383;20;10;0;<FLG>
V6155020;V615502002;HIXnJ;1;"2017-04-23 00:00:00";"2017-04-23 00:00:00";16;12861;20;10;0;<FLG>
V6155020;V615502002;HIXnJ;1;"2017-04-24 00:00:00";"2017-04-24 00:00:00";16;12400;20;10;0;<FLG>
V6155020;V615502002;HIXnJ;1;"2017-04-25 00:00:00";"2017-04-25 00:00:00";16;12000;20;10;0;<FLG>
V6155020;V615502002;HIXnJ;1;"2017-04-26 00:00:00";"2017-04-26 23:59:59";16;11800;20;10;0;<FLG>
V6155020;V615502002;HIXnJ;1;"2017-04-27 00:00:00";"2017-04-27 23:59:59";16;12100;20;10;0;<FLG>
V6155020;V615502002;HIXnJ;1;"2017-04-28 00:00:00";"2017-04-28 12:00:00";16;12200;20;10;0;<FLG>
V6155020;V615502002;HIXnJ;1;"2017-04-29 00:00:00";"2017-04-29 00:00:00";16;12100;20;10;0;<FLG>
V6155020;V615502002;HIXnJ;1;"2017-04-30 00:00:00";"2017-04-30 00:00:00";16;11900;20;10;0;<FLG>
V6155020;V615502002;HIXnJ;1;"2017-05-01 00:00:00";"2017-05-01 23:59:59";16;11950;20;10;0;<FLG>
V6155020;V615502002;HIXnJ;1;"2017-05-02 00:00:00";"2017-05-02 23:59:59";16;12850;20;10;0;<FLG>
V6155020;V615502002;HIXnJ;1;"2017-05-03 00:00:00";"2017-05-03 23:59:59";16;14250;20;10;0;<FLG>
V6155020;V615502002;HIXnJ;1;"2017-05-04 00:00:00";"2017-05-04 23:59:59";16;15350;20;10;0;<FLG>
V6155020;V615502002;HIXnJ;1;"2017-05-05 00:00:00";"2017-05-05 23:59:59";16;15850;20;10;0;<FLG>
V6155020;V615502002;HIXnJ;1;"2017-05-06 00:00:00";"2017-05-06 23:59:59";16;16650;20;10;0;<FLG>
V6155020;V615502002;HIXnJ;1;"2017-05-07 00:00:00";"2017-05-07 23:59:59";16;17750;20;10;0;<FLG>
V6155020;V615502002;HIXnJ;1;"2017-05-08 00:00:00";"2017-05-08 23:59:59";16;18700;20;10;0;<FLG>
V6155020;V615502002;HIXnJ;1;"2017-05-09 00:00:00";"2017-05-09 12:00:00";16;19100;20;10;0;<FLG>
V6155020;V615502002;HIXnJ;1;"2017-05-10 00:00:00";"2017-05-10 12:00:00";16;19100;20;10;0;<FLG>
V6155020;V615502002;HIXnJ;1;"2017-05-11 00:00:00";"2017-05-11 00:00:00";16;18850;20;10;0;<FLG>
V6155020;V615502002;HIXnJ;1;"2017-05-12 00:00:00";"2017-05-12 00:00:00";16;18350;20;10;0;<FLG>
V6155020;V615502002;HIXnJ;1;"2017-05-13 00:00:00";"2017-05-13 00:00:00";16;17825;20;10;0;<FLG>
V6155020;V615502002;HIXnJ;1;"2017-05-14 00:00:00";"2017-05-14 00:00:00";16;17275;20;10;0;<FLG>
V6155020;V615502002;HIXnJ;1;"2017-05-15 00:00:00";"2017-05-15 00:00:00";16;16600;20;10;0;<FLG>
V6155020;V615502002;HIXnJ;1;"2017-05-16 00:00:00";"2017-05-16 00:00:00";16;15900;20;10;0;<FLG>
V6155020;V615502002;HIXnJ;1;"2017-05-17 00:00:00";"2017-05-17 00:00:00";16;15300;20;10;0;<FLG>
V6155020;V615502002;HIXnJ;1;"2017-05-18 00:00:00";"2017-05-18 00:00:00";16;14700;20;10;0;<FLG>
V6155020;V615502002;HIXnJ;1;"2017-05-19 00:00:00";"2017-05-19 00:00:00";16;14200;20;10;0;<FLG>
V6155020;V615502002;HIXnJ;1;"2017-05-20 00:00:00";"2017-05-20 00:00:00";16;13750;20;10;0;<FLG>
V6155020;V615502002;HIXnJ;1;"2017-05-21 00:00:00";"2017-05-21 00:00:00";16;13250;20;10;0;<FLG>
V6155020;V615502002;HIXnJ;1;"2017-05-22 00:00:00";"2017-05-22 00:00:00";16;12775;20;10;0;<FLG>
V6155020;V615502002;HIXnJ;1;"2017-05-23 00:00:00";"2017-05-23 00:00:00";16;12325;20;10;0;<FLG>
V6155020;V615502002;HIXnJ;1;"2017-05-24 00:00:00";"2017-05-24 00:00:00";16;11875;20;10;0;<FLG>
V6155020;V615502002;HIXnJ;1;"2017-05-25 00:00:00";"2017-05-25 00:00:00";16;11425;20;10;0;<FLG>
V6155020;V615502002;HIXnJ;1;"2017-05-26 00:00:00";"2017-05-26 00:00:00";16;10994;20;10;0;<FLG>
V6155020;V615502002;HIXnJ;1;"2017-05-27 00:00:00";"2017-05-27 00:00:00";16;10581;20;10;0;<FLG>
V6155020;V615502002;HIXnJ;1;"2017-05-28 00:00:00";"2017-05-28 00:00:00";16;10169;20;10;0;<FLG>
V6155020;V615502002;HIXnJ;1;"2017-05-29 00:00:00";"2017-05-29 00:00:00";16;9756;20;10;0;<FLG>
V6155020;V615502002;HIXnJ;1;"2017-05-30 00:00:00";"2017-05-30 00:00:00";16;9385;20;10;0;<FLG>
V6155020;V615502002;HIXnJ;1;"2017-05-31 00:00:00";"2017-05-31 00:00:00";16;9055;20;10;0;<FLG>
V6155020;V615502002;HIXnJ;1;"2017-06-01 00:00:00";"2017-06-01 00:00:00";16;8725;20;10;0;<FLG>
V6155020;V615502002;HIXnJ;1;"2017-06-02 00:00:00";"2017-06-02 00:00:00";16;8395;20;10;0;<FLG>
V6155020;V615502002;HIXnJ;1;"2017-06-03 00:00:00";"2017-06-03 00:00:00";16;8075;20;10;0;<FLG>
V6155020;V615502002;HIXnJ;1;"2017-06-04 00:00:00";"2017-06-04 00:00:00";16;7810;20;10;0;<FLG>
V6155020;V615502002;HIXnJ;1;"2017-06-05 00:00:00";"2017-06-05 00:00:00";16;7550;20;10;0;<FLG>
V6155020;V615502002;HIXnJ;1;"2017-06-06 00:00:00";"2017-06-06 00:00:00";16;7250;20;10;0;<FLG>
V6155020;V615502002;HIXnJ;1;"2017-06-07 00:00:00";"2017-06-07 00:00:00";16;6993;20;10;0;<FLG>
V6155020;V615502002;HIXnJ;1;"2017-06-08 00:00:00";"2017-06-08 00:00:00";16;6779;20;10;0;<FLG>
V6155020;V615502002;HIXnJ;1;"2017-06-09 00:00:00";"2017-06-09 00:00:00";16;6564;20;10;0;<FLG>
V6155020;V615502002;HIXnJ;1;"2017-06-10 00:00:00";"2017-06-10 00:00:00";16;6350;20;10;0;<FLG>
V6155020;V615502002;HIXnJ;1;"2017-06-11 00:00:00";"2017-06-11 00:00:00";16;6136;20;10;0;<FLG>
V6155020;V615502002;HIXnJ;1;"2017-06-12 00:00:00";"2017-06-12 00:00:00";16;5921;20;10;0;<FLG>
V6155020;V615502002;HIXnJ;1;"2017-06-13 00:00:00";"2017-06-13 00:00:00";16;5707;20;10;0;<FLG>
V6155020;V615502002;HIXnJ;1;"2017-06-14 00:00:00";"2017-06-14 00:00:00";16;5529;20;10;0;<FLG>
V6155020;V615502002;HIXnJ;1;"2017-06-15 00:00:00";"2017-06-15 00:00:00";16;5386;20;10;0;<FLG>
V6155020;V615502002;HIXnJ;1;"2017-06-16 00:00:00";"2017-06-16 00:00:00";16;5243;20;10;0;<FLG>
V6155020;V615502002;HIXnJ;1;"2017-06-17 00:00:00";"2017-06-17 00:00:00";16;5100;20;10;0;<FLG>
V6155020;V615502002;HIXnJ;1;"2017-06-18 00:00:00";"2017-06-18 00:00:00";16;4957;20;10;0;<FLG>
V6155020;V615502002;HIXnJ;1;"2017-06-19 00:00:00";"2017-06-19 00:00:00";16;4814;20;10;0;<FLG>
V6155020;V615502002;HIXnJ;1;"2017-06-20 00:00:00";"2017-06-20 00:00:00";16;4671;20;10;0;<FLG>
V6155020;V615502002;HIXnJ;1;"2017-06-21 00:00:00";"2017-06-21 00:00:00";16;4529;20;10;0;<FLG>
V6155020;V615502002;HIXnJ;1;"2017-06-22 00:00:00";"2017-06-22 00:00:00";16;4386;20;10;0;<FLG>
V6155020;V615502002;HIXnJ;1;"2017-06-23 00:00:00";"2017-06-23 00:00:00";16;4243;20;10;0;<FLG>
V6155020;V615502002;HIXnJ;1;"2017-06-24 00:00:00";"2017-06-24 00:00:00";16;4100;20;10;0;<FLG>
V6155020;V615502002;HIXnJ;1;"2017-06-25 00:00:00";"2017-06-25 00:00:00";16;3957;20;10;0;<FLG>
V6155020;V615502002;HIXnJ;1;"2017-06-26 00:00:00";"2017-06-26 00:00:00";16;3814;20;10;0;<FLG>
V6155020;V615502002;HIXnJ;1;"2017-06-27 00:00:00";"2017-06-27 00:00:00";16;3671;20;10;0;<FLG>
V6155020;V615502002;HIXnJ;1;"2017-06-28 00:00:00";"2017-06-28 00:00:00";16;3558;20;10;0;<FLG>
V6155020;V615502002;HIXnJ;1;"2017-06-29 00:00:00";"2017-06-29 00:00:00";16;3475;20;10;0;<FLG>
V6155020;V615502002;HIXnJ;1;"2017-06-30 00:00:00";"2017-06-30 00:00:00";16;3392;20;10;0;<FLG>
V6155020;V615502002;HIXnJ;1;"2017-07-01 00:00:00";"2017-07-01 00:00:00";16;3312;20;10;0;<FLG>
V6155020;V615502002;HIXnJ;1;"2017-07-02 00:00:00";"2017-07-02 00:00:00";16;3238;20;10;0;<FLG>
V6155020;V615502002;HIXnJ;1;"2017-07-03 00:00:00";"2017-07-03 00:00:00";16;3120;20;10;0;<FLG>
V6155020;V615502002;HIXnJ;1;"2017-07-04 00:00:00";"2017-07-04 00:00:00";16;2960;20;10;0;<FLG>
V6155020;V615502002;HIXnJ;1;"2017-07-05 00:00:00";"2017-07-05 00:00:00";16;2800;20;10;0;<FLG>
V6155020;V615502002;HIXnJ;1;"2017-07-06 00:00:00";"2017-07-06 00:00:00";16;2733;20;10;0;<FLG>
V6155020;V615502002;HIXnJ;1;"2017-07-07 00:00:00";"2017-07-07 00:00:00";16;2667;20;10;0;<FLG>
V6155020;V615502002;HIXnJ;1;"2017-07-08 00:00:00";"2017-07-08 00:00:00";16;2600;20;10;0;<FLG>
V6155020;V615502002;HIXnJ;1;"2017-07-09 00:00:00";"2017-07-09 00:00:00";16;2533;20;10;0;<FLG>
V6155020;V615502002;HIXnJ;1;"2017-07-10 00:00:00";"2017-07-10 00:00:00";16;2462;20;10;0;<FLG>
V6155020;V615502002;HIXnJ;1;"2017-07-11 00:00:00";"2017-07-11 00:00:00";16;2388;20;10;0;<FLG>
V6155020;V615502002;HIXnJ;1;"2017-07-12 00:00:00";"2017-07-12 00:00:00";16;2312;20;10;0;<FLG>
V6155020;V615502002;HIXnJ;1;"2017-07-13 00:00:00";"2017-07-13 00:00:00";16;2238;20;10;0;<FLG>
V6155020;V615502002;HIXnJ;1;"2017-07-14 00:00:00";"2017-07-14 00:00:00";16;2170;20;10;0;<FLG>
V6155020;V615502002;HIXnJ;1;"2017-07-15 00:00:00";"2017-07-15 00:00:00";16;2110;20;10;0;<FLG>
V6155020;V615502002;HIXnJ;1;"2017-07-16 00:00:00";"2017-07-16 00:00:00";16;2050;20;10;0;<FLG>
V6155020;V615502002;HIXnJ;1;"2017-07-17 00:00:00";"2017-07-17 00:00:00";16;1990;20;10;0;<FLG>
V6155020;V615502002;HIXnJ;1;"2017-07-18 00:00:00";"2017-07-18 00:00:00";16;1930;20;10;0;<FLG>
V6155020;V615502002;HIXnJ;1;"2017-07-19 00:00:00";"2017-07-19 00:00:00";16;1875;20;10;0;<FLG>
V6155020;V615502002;HIXnJ;1;"2017-07-20 00:00:00";"2017-07-20 00:00:00";16;1825;20;10;0;<FLG>
V6155020;V615502002;HIXnJ;1;"2017-07-21 00:00:00";"2017-07-21 00:00:00";16;1775;20;10;0;<FLG>
V6155020;V615502002;HIXnJ;1;"2017-07-22 00:00:00";"2017-07-22 00:00:00";16;1725;20;10;0;<FLG>
V6155020;V615502002;HIXnJ;1;"2017-07-23 00:00:00";"2017-07-23 00:00:00";16;1675;20;10;0;<FLG>
V6155020;V615502002;HIXnJ;1;"2017-07-24 00:00:00";"2017-07-24 00:00:00";16;1625;20;10;0;<FLG>
V6155020;V615502002;HIXnJ;1;"2017-07-25 00:00:00";"2017-07-25 00:00:00";16;1575;20;10;0;<FLG>
V6155020;V615502002;HIXnJ;1;"2017-07-26 00:00:00";"2017-07-26 00:00:00";16;1525;20;10;0;<FLG>
V6155020;V615502002;HIXnJ;1;"2017-07-27 00:00:00";"2017-07-27 00:00:00";16;1460;20;10;0;<FLG>
V6155020;V615502002;HIXnJ;1;"2017-07-28 00:00:00";"2017-07-28 00:00:00";16;1380;20;10;0;<FLG>
V6155020;V615502002;HIXnJ;1;"2017-07-29 00:00:00";"2017-07-29 00:00:00";16;1300;20;10;0;<FLG>
V6155020;V615502002;HIXnJ;1;"2017-07-30 00:00:00";"2017-07-30 00:00:00";16;1220;20;10;0;<FLG>
V6155020;V615502002;HIXnJ;1;"2017-07-31 00:00:00";"2017-07-31 00:00:00";16;1140;20;10;0;<FLG>
V6155020;V615502002;HIXnJ;1;"2017-08-01 00:00:00";"2017-08-01 00:00:00";16;1092;20;10;0;<FLG>
V6155020;V615502002;HIXnJ;1;"2017-08-02 00:00:00";"2017-08-02 00:00:00";16;1078;20;10;0;<FLG>
V6155020;V615502002;HIXnJ;1;"2017-08-03 00:00:00";"2017-08-03 00:00:00";16;1062;20;10;0;<FLG>
V6155020;V615502002;HIXnJ;1;"2017-08-04 00:00:00";"2017-08-04 00:00:00";16;1048;20;10;0;<FLG>
V6155020;V615502002;HIXnJ;1;"2017-08-05 00:00:00";"2017-08-05 00:00:00";16;1032;20;10;0;<FLG>
V6155020;V615502002;HIXnJ;1;"2017-08-06 00:00:00";"2017-08-06 00:00:00";16;1018;20;10;0;<FLG>
V6155020;V615502002;HIXnJ;1;"2017-08-07 00:00:00";"2017-08-07 00:00:00";16;1002;20;10;0;<FLG>
V6155020;V615502002;HIXnJ;1;"2017-08-08 00:00:00";"2017-08-08 00:00:00";16;988;20;10;0;<FLG>
V6155020;V615502002;HIXnJ;1;"2017-08-09 00:00:00";"2017-08-09 00:00:00";16;975;20;10;0;<FLG>
V6155020;V615502002;HIXnJ;1;"2017-08-10 00:00:00";"2017-08-10 00:00:00";16;965;20;10;0;<FLG>
V6155020;V615502002;HIXnJ;1;"2017-08-11 00:00:00";"2017-08-11 00:00:00";16;955;20;10;0;<FLG>
V6155020;V615502002;HIXnJ;1;"2017-08-12 00:00:00";"2017-08-12 00:00:00";16;933;20;10;0;<FLG>
V6155020;V615502002;HIXnJ;1;"2017-08-13 00:00:00";"2017-08-13 00:00:00";16;900;20;10;0;<FLG>
V6155020;V615502002;HIXnJ;1;"2017-08-14 00:00:00";"2017-08-14 00:00:00";16;867;20;10;0;<FLG>
V6155020;V615502002;HIXnJ;1;"2017-08-15 00:00:00";"2017-08-15 00:00:00";16;829;20;10;0;<FLG>
V6155020;V615502002;HIXnJ;1;"2017-08-16 00:00:00";"2017-08-16 00:00:00";16;788;20;10;0;<FLG>
V6155020;V615502002;HIXnJ;1;"2017-08-17 00:00:00";"2017-08-17 00:00:00";16;746;20;10;0;<FLG>
V6155020;V615502002;HIXnJ;1;"2017-08-18 00:00:00";"2017-08-18 00:00:00";16;704;20;10;0;<FLG>
V6155020;V615502002;HIXnJ;1;"2017-08-19 00:00:00";"2017-08-19 00:00:00";16;662;20;10;0;<FLG>
V6155020;V615502002;HIXnJ;1;"2017-08-20 00:00:00";"2017-08-20 00:00:00";16;621;20;10;0;<FLG>
V6155020;V615502002;HIXnJ;1;"2017-08-21 00:00:00";"2017-08-21 12:00:00";16;600;20;10;0;<FLG>
V6155020;V615502002;HIXnJ;1;"2017-08-22 00:00:00";"2017-08-22 00:00:00";16;583;20;10;0;<FLG>
V6155020;V615502002;HIXnJ;1;"2017-08-23 00:00:00";"2017-08-23 00:00:00";16;550;20;10;0;<FLG>
V6155020;V615502002;HIXnJ;1;"2017-08-24 00:00:00";"2017-08-24 00:00:00";16;517;20;10;0;<FLG>
V6155020;V615502002;HIXnJ;1;"2017-08-25 00:00:00";"2017-08-25 00:00:00";16;483;20;10;0;<FLG>
V6155020;V615502002;HIXnJ;1;"2017-08-26 00:00:00";"2017-08-26 00:00:00";16;450;20;10;0;<FLG>
V6155020;V615502002;HIXnJ;1;"2017-08-27 00:00:00";"2017-08-27 00:00:00";16;417;20;10;0;<FLG>
V6155020;V615502002;HIXnJ;1;"2017-08-28 00:00:00";"2017-08-28 00:00:00";16;388;20;10;0;<FLG>
V6155020;V615502002;HIXnJ;1;"2017-08-29 00:00:00";"2017-08-29 00:00:00";16;362;20;10;0;<FLG>
V6155020;V615502002;HIXnJ;1;"2017-08-30 00:00:00";"2017-08-30 00:00:00";16;338;20;10;0;<FLG>
V6155020;V615502002;HIXnJ;1;"2017-08-31 00:00:00";"2017-08-31 00:00:00";16;312;20;10;0;<FLG>
V6155020;V615502002;HIXnJ;1;"2017-09-01 00:00:00";"2017-09-01 00:00:00";16;300;20;10;0;<FLG>
V6155020;V615502002;HIXnJ;1;"2017-09-02 00:00:00";"2017-09-02 12:00:00";16;300;20;10;0;<FLG>
V6155020;V615502002;HIXnJ;1;"2017-09-03 00:00:00";"2017-09-03 12:00:00";16;300;20;10;0;<FLG>
V6155020;V615502002;HIXnJ;1;"2017-09-04 00:00:00";"2017-09-04 00:00:00";16;290;20;10;0;<FLG>
V6155020;V615502002;HIXnJ;1;"2017-09-05 00:00:00";"2017-09-05 00:00:00";16;270;20;10;0;<FLG>
V6155020;V615502002;HIXnJ;1;"2017-09-06 00:00:00";"2017-09-06 00:00:00";16;250;20;10;0;<FLG>
V6155020;V615502002;HIXnJ;1;"2017-09-07 00:00:00";"2017-09-07 00:00:00";16;230;20;10;0;<FLG>
V6155020;V615502002;HIXnJ;1;"2017-09-08 00:00:00";"2017-09-08 00:00:00";16;210;20;10;0;<FLG>
V6155020;V615502002;HIXnJ;1;"2017-09-09 00:00:00";"2017-09-09 00:00:00";16;200;20;10;0;<FLG>
V6155020;V615502002;HIXnJ;1;"2017-09-10 00:00:00";"2017-09-10 12:00:00";16;200;20;10;0;<FLG>
V6155020;V615502002;HIXnJ;1;"2017-09-11 00:00:00";"2017-09-11 12:00:00";16;200;20;10;0;<FLG>
V6155020;V615502002;HIXnJ;1;"2017-09-12 00:00:00";"2017-09-12 00:00:00";16;175;20;10;0;<FLG>
V6155020;V615502002;HIXnJ;1;"2017-09-13 00:00:00";"2017-09-13 00:00:00";16;125;20;10;0;<FLG>
V6155020;V615502002;HIXnJ;1;"2017-09-14 00:00:00";"2017-09-14 00:00:00";16;75;20;10;0;<FLG>
V6155020;V615502002;HIXnJ;1;"2017-09-15 00:00:00";"2017-09-15 00:00:00";16;25;20;10;0;<FLG>
V6155020;V615502002;HIXnJ;1;"2017-09-16 00:00:00";"2017-09-16 00:00:00";16;-5;20;10;0;<FLG>
V6155020;V615502002;HIXnJ;1;"2017-09-17 00:00:00";"2017-09-17 00:00:00";16;-15;20;10;0;<FLG>
V6155020;V615502002;HIXnJ;1;"2017-09-18 00:00:00";"2017-09-18 00:00:00";16;-35;20;10;0;<FLG>
V6155020;V615502002;HIXnJ;1;"2017-09-19 00:00:00";"2017-09-19 00:00:00";16;-65;20;10;0;<FLG>
V6155020;V615502002;HIXnJ;1;"2017-09-20 00:00:00";"2017-09-20 00:00:00";16;-92;20;10;0;<FLG>
V6155020;V615502002;HIXnJ;1;"2017-09-21 00:00:00";"2017-09-21 00:00:00";16;-115;20;10;0;<FLG>
V6155020;V615502002;HIXnJ;1;"2017-09-22 00:00:00";"2017-09-22 00:00:00";16;-138;20;10;0;<FLG>
V6155020;V615502002;HIXnJ;1;"2017-09-23 00:00:00";"2017-09-23 00:00:00";16;-160;20;10;0;<FLG>
V6155020;V615502002;HIXnJ;1;"2017-09-24 00:00:00";"2017-09-24 00:00:00";16;-180;20;10;0;<FLG>
V6155020;V615502002;HIXnJ;1;"2017-09-25 00:00:00";"2017-09-25 00:00:00";16;-200;20;10;0;<FLG>
V6155020;V615502002;HIXnJ;1;"2017-09-26 00:00:00";"2017-09-26 00:00:00";16;-220;20;10;0;<FLG>
V6155020;V615502002;HIXnJ;1;"2017-09-27 00:00:00";"2017-09-27 00:00:00";16;-240;20;10;0;<FLG>
V6155020;V615502002;HIXnJ;1;"2017-09-28 00:00:00";"2017-09-28 00:00:00";16;-259;20;10;0;<FLG>
V6155020;V615502002;HIXnJ;1;"2017-09-29 00:00:00";"2017-09-29 00:00:00";16;-276;20;10;0;<FLG>
V6155020;V615502002;HIXnJ;1;"2017-09-30 00:00:00";"2017-09-30 00:00:00";16;-294;20;10;0;<FLG>
V6155020;V615502002;HIXnJ;1;"2017-10-01 00:00:00";"2017-10-01 00:00:00";16;-311;20;10;0;<FLG>
V6155020;V615502002;HIXnJ;1;"2017-10-02 00:00:00";"2017-10-02 00:00:00";16;-328;20;10;0;<FLG>
V6155020;V615502002;HIXnJ;1;"2017-10-03 00:00:00";"2017-10-03 00:00:00";16;-344;20;10;0;<FLG>
V6155020;V615502002;HIXnJ;1;"2017-10-04 00:00:00";"2017-10-04 00:00:00";16;-360;20;10;0;<FLG>
V6155020;V615502002;HIXnJ;1;"2017-10-05 00:00:00";"2017-10-05 00:00:00";16;-376;20;10;0;<FLG>
V6155020;V615502002;HIXnJ;1;"2017-10-06 00:00:00";"2017-10-06 00:00:00";16;-392;20;10;0;<FLG>
V6155020;V615502002;HIXnJ;1;"2017-10-07 00:00:00";"2017-10-07 00:00:00";16;-408;20;10;0;<FLG>
V6155020;V615502002;HIXnJ;1;"2017-10-08 00:00:00";"2017-10-08 00:00:00";16;-425;20;10;0;<FLG>
V6155020;V615502002;HIXnJ;1;"2017-10-09 00:00:00";"2017-10-09 00:00:00";16;-442;20;10;0;<FLG>
V6155020;V615502002;HIXnJ;1;"2017-10-10 00:00:00";"2017-10-10 00:00:00";16;-458;20;10;0;<FLG>
V6155020;V615502002;HIXnJ;1;"2017-10-11 00:00:00";"2017-10-11 00:00:00";16;-475;20;10;0;<FLG>
V6155020;V615502002;HIXnJ;1;"2017-10-12 00:00:00";"2017-10-12 00:00:00";16;-492;20;10;0;<FLG>
V6155020;V615502002;HIXnJ;1;"2017-10-13 00:00:00";"2017-10-13 00:00:00";16;-507;20;10;0;<FLG>
V6155020;V615502002;HIXnJ;1;"2017-10-14 00:00:00";"2017-10-14 00:00:00";16;-520;20;10;0;<FLG>
V6155020;V615502002;HIXnJ;1;"2017-10-15 00:00:00";"2017-10-15 00:00:00";16;-533;20;10;0;<FLG>
V6155020;V615502002;HIXnJ;1;"2017-10-16 00:00:00";"2017-10-16 00:00:00";16;-547;20;10;0;<FLG>
V6155020;V615502002;HIXnJ;1;"2017-10-17 00:00:00";"2017-10-17 00:00:00";16;-560;20;10;0;<FLG>
V6155020;V615502002;HIXnJ;1;"2017-10-18 00:00:00";"2017-10-18 00:00:00";16;-573;20;10;0;<FLG>
V6155020;V615502002;HIXnJ;1;"2017-10-19 00:00:00";"2017-10-19 00:00:00";16;-584;20;10;0;<FLG>
V6155020;V615502002;HIXnJ;1;"2017-10-20 00:00:00";"2017-10-20 00:00:00";16;-592;20;10;0;<FLG>
V6155020;V615502002;HIXnJ;1;"2017-10-21 00:00:00";"2017-10-21 00:00:00";16;-600;20;10;0;<FLG>
V6155020;V615502002;HIXnJ;1;"2017-10-22 00:00:00";"2017-10-22 00:00:00";16;-608;20;10;0;<FLG>
V6155020;V615502002;HIXnJ;1;"2017-10-23 00:00:00";"2017-10-23 00:00:00";16;-616;20;10;0;<FLG>
V6155020;V615502002;HIXnJ;1;"2017-10-24 00:00:00";"2017-10-24 00:00:00";16;-626;20;10;0;<FLG>
V6155020;V615502002;HIXnJ;1;"2017-10-25 00:00:00";"2017-10-25 00:00:00";16;-638;20;10;0;<FLG>
V6155020;V615502002;HIXnJ;1;"2017-10-26 00:00:00";"2017-10-26 00:00:00";16;-650;20;10;0;<FLG>
V6155020;V615502002;HIXnJ;1;"2017-10-27 00:00:00";"2017-10-27 00:00:00";16;-662;20;10;0;<FLG>
V6155020;V615502002;HIXnJ;1;"2017-10-28 00:00:00";"2017-10-28 00:00:00";16;-674;20;10;0;<FLG>
V6155020;V615502002;HIXnJ;1;"2017-10-29 00:00:00";"2017-10-29 00:00:00";16;-686;20;10;0;<FLG>
V6155020;V615502002;HIXnJ;1;"2017-10-30 00:00:00";"2017-10-30 00:00:00";16;-699;20;10;0;<FLG>
V6155020;V615502002;HIXnJ;1;"2017-10-31 00:00:00";"2017-10-31 00:00:00";16;-711;20;10;0;<FLG>
V6155020;V615502002;HIXnJ;1;"2017-11-01 00:00:00";"2017-11-01 00:00:00";16;-724;20;10;0;<FLG>
V6155020;V615502002;HIXnJ;1;"2017-11-02 00:00:00";"2017-11-02 00:00:00";16;-730;20;10;0;<FLG>
V6155020;V615502002;HIXnJ;1;"2017-11-03 00:00:00";"2017-11-03 00:00:00";16;-730;20;10;0;<FLG>
V6155020;V615502002;HIXnJ;1;"2017-11-04 00:00:00";"2017-11-04 12:00:00";16;-730;20;10;0;<FLG>
V6155020;V615502002;HIXnJ;1;"2017-11-05 00:00:00";"2017-11-05 00:00:00";16;-734;20;10;0;<FLG>
V6155020;V615502002;HIXnJ;1;"2017-11-06 00:00:00";"2017-11-06 00:00:00";16;-743;20;10;0;<FLG>
V6155020;V615502002;HIXnJ;1;"2017-11-07 00:00:00";"2017-11-07 00:00:00";16;-752;20;10;0;<FLG>
V6155020;V615502002;HIXnJ;1;"2017-11-08 00:00:00";"2017-11-08 00:00:00";16;-761;20;10;0;<FLG>
V6155020;V615502002;HIXnJ;1;"2017-11-09 00:00:00";"2017-11-09 00:00:00";16;-769;20;10;0;<FLG>
V6155020;V615502002;HIXnJ;1;"2017-11-10 00:00:00";"2017-11-10 00:00:00";16;-778;20;10;0;<FLG>
V6155020;V615502002;HIXnJ;1;"2017-11-11 00:00:00";"2017-11-11 00:00:00";16;-787;20;10;0;<FLG>
V6155020;V615502002;HIXnJ;1;"2017-11-12 00:00:00";"2017-11-12 00:00:00";16;-796;20;10;0;<FLG>
V6155020;V615502002;HIXnJ;1;"2017-11-13 00:00:00";"2017-11-13 00:00:00";16;-800;20;10;0;<FLG>
V6155020;V615502002;HIXnJ;1;"2017-11-14 00:00:00";"2017-11-14 00:00:00";16;-800;20;10;0;<FLG>
V6155020;V615502002;HIXnJ;1;"2017-11-15 00:00:00";"2017-11-15 12:00:00";16;-800;20;10;0;<FLG>
V6155020;V615502002;HIXnJ;1;"2017-11-16 00:00:00";"2017-11-16 00:00:00";16;-808;20;10;0;<FLG>
V6155020;V615502002;HIXnJ;1;"2017-11-17 00:00:00";"2017-11-17 00:00:00";16;-824;20;10;0;<FLG>
V6155020;V615502002;HIXnJ;1;"2017-11-18 00:00:00";"2017-11-18 00:00:00";16;-840;20;10;0;<FLG>
V6155020;V615502002;HIXnJ;1;"2017-11-19 00:00:00";"2017-11-19 00:00:00";16;-856;20;10;0;<FLG>
V6155020;V615502002;HIXnJ;1;"2017-11-20 00:00:00";"2017-11-20 00:00:00";16;-872;20;10;0;<FLG>
V6155020;V615502002;HIXnJ;1;"2017-11-21 00:00:00";"2017-11-21 00:00:00";16;-882;20;10;0;<FLG>
V6155020;V615502002;HIXnJ;1;"2017-11-22 00:00:00";"2017-11-22 00:00:00";16;-886;20;10;0;<FLG>
V6155020;V615502002;HIXnJ;1;"2017-11-23 00:00:00";"2017-11-23 00:00:00";16;-890;20;10;0;<FLG>
V6155020;V615502002;HIXnJ;1;"2017-11-24 00:00:00";"2017-11-24 00:00:00";16;-894;20;10;0;<FLG>
V6155020;V615502002;HIXnJ;1;"2017-11-25 00:00:00";"2017-11-25 00:00:00";16;-898;20;10;0;<FLG>
V6155020;V615502002;HIXnJ;1;"2017-11-26 00:00:00";"2017-11-26 00:00:00";16;-900;20;10;0;<FLG>
V6155020;V615502002;HIXnJ;1;"2017-11-27 00:00:00";"2017-11-27 00:00:00";16;-900;20;10;0;<FLG>
V6155020;V615502002;HIXnJ;1;"2017-11-28 00:00:00";"2017-11-28 00:00:00";16;-900;20;10;0;<FLG>
V6155020;V615502002;HIXnJ;1;"2017-11-29 00:00:00";"2017-11-29 00:00:00";16;-900;20;10;0;<FLG>
V6155020;V615502002;HIXnJ;1;"2017-11-30 00:00:00";"2017-11-30 00:00:00";16;-900;20;10;0;<FLG>
V6155020;V615502002;HIXnJ;1;"2017-12-01 00:00:00";"2017-12-01 00:00:00";16;-900;20;10;0;<FLG>
V6155020;V615502002;HIXnJ;1;"2017-12-02 00:00:00";"2017-12-02 12:00:00";16;-900;20;10;0;<FLG>
V6155020;V615502002;HIXnJ;1;"2017-12-03 00:00:00";"2017-12-03 00:00:00";16;-906;20;10;0;<FLG>
V6155020;V615502002;HIXnJ;1;"2017-12-04 00:00:00";"2017-12-04 00:00:00";16;-917;20;10;0;<FLG>
V6155020;V615502002;HIXnJ;1;"2017-12-05 00:00:00";"2017-12-05 00:00:00";16;-929;20;10;0;<FLG>
V6155020;V615502002;HIXnJ;1;"2017-12-06 00:00:00";"2017-12-06 00:00:00";16;-940;20;10;0;<FLG>
V6155020;V615502002;HIXnJ;1;"2017-12-07 00:00:00";"2017-12-07 00:00:00";16;-951;20;10;0;<FLG>
V6155020;V615502002;HIXnJ;1;"2017-12-08 00:00:00";"2017-12-08 00:00:00";16;-963;20;10;0;<FLG>
V6155020;V615502002;HIXnJ;1;"2017-12-09 00:00:00";"2017-12-09 23:59:59";16;983;20;10;0;<FLG>
V6155020;V615502002;HIXnJ;1;"2017-12-10 00:00:00";"2017-12-10 23:59:59";16;4910;20;10;0;<FLG>
V6155020;V615502002;HIXnJ;1;"2017-12-11 00:00:00";"2017-12-11 23:59:59";16;8837;20;10;0;<FLG>
V6155020;V615502002;HIXnJ;1;"2017-12-12 00:00:00";"2017-12-12 23:59:59";16;11800;20;10;0;<FLG>
V6155020;V615502002;HIXnJ;1;"2017-12-13 00:00:00";"2017-12-13 12:00:00";16;12800;20;10;0;<FLG>
V6155020;V615502002;HIXnJ;1;"2017-12-14 00:00:00";"2017-12-14 00:00:00";16;11412;20;10;0;<FLG>
V6155020;V615502002;HIXnJ;1;"2017-12-15 00:00:00";"2017-12-15 00:00:00";16;8638;20;10;0;<FLG>
V6155020;V615502002;HIXnJ;1;"2017-12-16 00:00:00";"2017-12-16 00:00:00";16;6612;20;10;0;<FLG>
V6155020;V615502002;HIXnJ;1;"2017-12-17 00:00:00";"2017-12-17 00:00:00";16;5338;20;10;0;<FLG>
V6155020;V615502002;HIXnJ;1;"2017-12-18 00:00:00";"2017-12-18 00:00:00";16;4450;20;10;0;<FLG>
V6155020;V615502002;HIXnJ;1;"2017-12-19 00:00:00";"2017-12-19 00:00:00";16;3950;20;10;0;<FLG>
V6155020;V615502002;HIXnJ;1;"2017-12-20 00:00:00";"2017-12-20 00:00:00";16;3450;20;10;0;<FLG>
V6155020;V615502002;HIXnJ;1;"2017-12-21 00:00:00";"2017-12-21 00:00:00";16;2950;20;10;0;<FLG>
V6155020;V615502002;HIXnJ;1;"2017-12-22 00:00:00";"2017-12-22 00:00:00";16;2450;20;10;0;<FLG>
V6155020;V615502002;HIXnJ;1;"2017-12-23 00:00:00";"2017-12-23 00:00:00";16;1950;20;10;0;<FLG>
V6155020;V615502002;HIXnJ;1;"2017-12-24 00:00:00";"2017-12-24 23:59:59";16;1910;20;10;0;<FLG>
V6155020;V615502002;HIXnJ;1;"2017-12-25 00:00:00";"2017-12-25 23:59:59";16;2050;20;10;0;<FLG>
V6155020;V615502002;HIXnJ;1;"2017-12-26 00:00:00";"2017-12-26 23:59:59";16;2190;20;10;0;<FLG>
V6155020;V615502002;HIXnJ;1;"2017-12-27 00:00:00";"2017-12-27 23:59:59";16;2330;20;10;0;<FLG>
V6155020;V615502002;HIXnJ;1;"2017-12-28 00:00:00";"2017-12-28 23:59:59";16;2500;20;10;0;<FLG>
V6155020;V615502002;HIXnJ;1;"2017-12-29 00:00:00";"2017-12-29 12:00:00";16;2600;20;10;0;<FLG>
V6155020;V615502002;HIXnJ;1;"2017-12-30 00:00:00";"2017-12-30 23:59:59";16;3638;20;10;0;<FLG>
V6155020;V615502002;HIXnJ;1;"2017-12-31 00:00:00";"2017-12-31 23:59:59";16;5912;20;10;0;<FLG>
V6155020;V615502002;HIXnJ;1;"2018-01-01 00:00:00";"2018-01-01 12:00:00";16;7050;20;10;0;<FLG>
V6155020;V615502002;HIXnJ;1;"2018-01-02 00:00:00";"2018-01-02 00:00:00";16;6962;20;10;0;<FLG>
V6155020;V615502002;HIXnJ;1;"2018-01-03 00:00:00";"2018-01-03 00:00:00";16;6788;20;10;0;<FLG>
V6155020;V615502002;HIXnJ;1;"2018-01-04 00:00:00";"2018-01-04 23:59:59";16;7445;20;10;0;<FLG>
V6155020;V615502002;HIXnJ;1;"2018-01-05 00:00:00";"2018-01-05 23:59:59";16;8220;20;10;0;<FLG>
V6155020;V615502002;HIXnJ;1;"2018-01-06 00:00:00";"2018-01-06 12:00:00";16;8250;20;10;0;<FLG>
V6155020;V615502002;HIXnJ;1;"2018-01-07 00:00:00";"2018-01-07 00:00:00";16;7925;20;10;0;<FLG>
V6155020;V615502002;HIXnJ;1;"2018-01-08 00:00:00";"2018-01-08 23:59:59";16;9325;20;10;0;<FLG>
V6155020;V615502002;HIXnJ;1;"2018-01-09 00:00:00";"2018-01-09 23:59:59";16;16500;20;10;0;<FLG>
V6155020;V615502002;HIXnJ;1;"2018-01-10 00:00:00";"2018-01-10 23:59:59";16;21450;20;10;0;<FLG>
V6155020;V615502002;HIXnJ;1;"2018-01-11 00:00:00";"2018-01-11 12:00:00";16;21800;20;10;0;<FLG>
V6155020;V615502002;HIXnJ;1;"2018-01-12 00:00:00";"2018-01-12 00:00:00";16;21450;20;10;0;<FLG>
V6155020;V615502002;HIXnJ;1;"2018-01-13 00:00:00";"2018-01-13 00:00:00";16;19800;20;10;0;<FLG>
V6155020;V615502002;HIXnJ;1;"2018-01-14 00:00:00";"2018-01-14 00:00:00";16;17567;20;10;0;<FLG>
V6155020;V615502002;HIXnJ;1;"2018-01-15 00:00:00";"2018-01-15 00:00:00";16;15700;20;10;0;<FLG>
V6155020;V615502002;HIXnJ;1;"2018-01-16 00:00:00";"2018-01-16 00:00:00";16;13833;20;10;0;<FLG>
V6155020;V615502002;HIXnJ;1;"2018-01-17 00:00:00";"2018-01-17 00:00:00";16;12775;20;10;0;<FLG>
V6155020;V615502002;HIXnJ;1;"2018-01-18 00:00:00";"2018-01-18 00:00:00";16;12525;20;10;0;<FLG>
V6155020;V615502002;HIXnJ;1;"2018-01-19 00:00:00";"2018-01-19 00:00:00";16;12275;20;10;0;<FLG>
V6155020;V615502002;HIXnJ;1;"2018-01-20 00:00:00";"2018-01-20 00:00:00";16;12025;20;10;0;<FLG>
V6155020;V615502002;HIXnJ;1;"2018-01-21 00:00:00";"2018-01-21 00:00:00";16;11775;20;10;0;<FLG>
V6155020;V615502002;HIXnJ;1;"2018-01-22 00:00:00";"2018-01-22 23:59:59";16;11700;20;10;0;<FLG>
V6155020;V615502002;HIXnJ;1;"2018-01-23 00:00:00";"2018-01-23 23:59:59";16;12300;20;10;0;<FLG>
V6155020;V615502002;HIXnJ;1;"2018-01-24 00:00:00";"2018-01-24 23:59:59";16;13110;20;10;0;<FLG>
V6155020;V615502002;HIXnJ;1;"2018-01-25 00:00:00";"2018-01-25 23:59:59";16;14130;20;10;0;<FLG>
V6155020;V615502002;HIXnJ;1;"2018-01-26 00:00:00";"2018-01-26 23:59:59";16;15150;20;10;0;<FLG>
V6155020;V615502002;HIXnJ;1;"2018-01-27 00:00:00";"2018-01-27 23:59:59";16;16170;20;10;0;<FLG>
V6155020;V615502002;HIXnJ;1;"2018-01-28 00:00:00";"2018-01-28 23:59:59";16;17190;20;10;0;<FLG>
V6155020;V615502002;HIXnJ;1;"2018-01-29 00:00:00";"2018-01-29 12:00:00";16;17700;20;10;0;<FLG>
V6155020;V615502002;HIXnJ;1;"2018-01-30 00:00:00";"2018-01-30 00:00:00";16;17450;20;10;0;<FLG>
V6155020;V615502002;HIXnJ;1;"2018-01-31 00:00:00";"2018-01-31 00:00:00";16;16950;20;10;0;<FLG>
V6155020;V615502002;HIXnJ;1;"2018-02-01 00:00:00";"2018-02-01 00:00:00";16;16200;20;10;0;<FLG>
V6155020;V615502002;HIXnJ;1;"2018-02-02 00:00:00";"2018-02-02 00:00:00";16;15200;20;10;0;<FLG>
V6155020;V615502002;HIXnJ;1;"2018-02-03 00:00:00";"2018-02-03 00:00:00";16;14288;20;10;0;<FLG>
V6155020;V615502002;HIXnJ;1;"2018-02-04 00:00:00";"2018-02-04 00:00:00";16;13462;20;10;0;<FLG>
V6155020;V615502002;HIXnJ;1;"2018-02-05 00:00:00";"2018-02-05 00:00:00";16;12638;20;10;0;<FLG>
V6155020;V615502002;HIXnJ;1;"2018-02-06 00:00:00";"2018-02-06 00:00:00";16;11812;20;10;0;<FLG>
V6155020;V615502002;HIXnJ;1;"2018-02-07 00:00:00";"2018-02-07 00:00:00";16;11088;20;10;0;<FLG>
V6155020;V615502002;HIXnJ;1;"2018-02-08 00:00:00";"2018-02-08 00:00:00";16;10462;20;10;0;<FLG>
V6155020;V615502002;HIXnJ;1;"2018-02-09 00:00:00";"2018-02-09 00:00:00";16;9838;20;10;0;<FLG>
V6155020;V615502002;HIXnJ;1;"2018-02-10 00:00:00";"2018-02-10 00:00:00";16;9212;20;10;0;<FLG>
V6155020;V615502002;HIXnJ;1;"2018-02-11 00:00:00";"2018-02-11 00:00:00";16;8683;20;10;0;<FLG>
V6155020;V615502002;HIXnJ;1;"2018-02-12 00:00:00";"2018-02-12 00:00:00";16;8250;20;10;0;<FLG>
V6155020;V615502002;HIXnJ;1;"2018-02-13 00:00:00";"2018-02-13 00:00:00";16;7817;20;10;0;<FLG>
V6155020;V615502002;HIXnJ;1;"2018-02-14 00:00:00";"2018-02-14 00:00:00";16;7383;20;10;0;<FLG>
V6155020;V615502002;HIXnJ;1;"2018-02-15 00:00:00";"2018-02-15 00:00:00";16;6950;20;10;0;<FLG>
V6155020;V615502002;HIXnJ;1;"2018-02-16 00:00:00";"2018-02-16 00:00:00";16;6517;20;10;0;<FLG>
V6155020;V615502002;HIXnJ;1;"2018-02-17 00:00:00";"2018-02-17 23:59:59";16;6705;20;10;0;<FLG>
V6155020;V615502002;HIXnJ;1;"2018-02-18 00:00:00";"2018-02-18 23:59:59";16;6975;20;10;0;<FLG>
V6155020;V615502002;HIXnJ;1;"2018-02-19 00:00:00";"2018-02-19 23:59:59";16;7245;20;10;0;<FLG>
V6155020;V615502002;HIXnJ;1;"2018-02-20 00:00:00";"2018-02-20 23:59:59";16;7515;20;10;0;<FLG>
V6155020;V615502002;HIXnJ;1;"2018-02-21 00:00:00";"2018-02-21 12:00:00";16;7650;20;10;0;<FLG>
V6155020;V615502002;HIXnJ;1;"2018-02-22 00:00:00";"2018-02-22 00:00:00";16;7515;20;10;0;<FLG>
V6155020;V615502002;HIXnJ;1;"2018-02-23 00:00:00";"2018-02-23 00:00:00";16;7245;20;10;0;<FLG>
V6155020;V615502002;HIXnJ;1;"2018-02-24 00:00:00";"2018-02-24 00:00:00";16;6975;20;10;0;<FLG>
V6155020;V615502002;HIXnJ;1;"2018-02-25 00:00:00";"2018-02-25 00:00:00";16;6705;20;10;0;<FLG>
V6155020;V615502002;HIXnJ;1;"2018-02-26 00:00:00";"2018-02-26 23:59:59";16;7310;20;10;0;<FLG>
V6155020;V615502002;HIXnJ;1;"2018-02-27 00:00:00";"2018-02-27 23:59:59";16;9330;20;10;0;<FLG>
V6155020;V615502002;HIXnJ;1;"2018-02-28 00:00:00";"2018-02-28 23:59:59";16;11350;20;10;0;<FLG>
V6155020;V615502002;HIXnJ;1;"2018-03-01 00:00:00";"2018-03-01 23:59:59";16;13370;20;10;0;<FLG>
V6155020;V615502002;HIXnJ;1;"2018-03-02 00:00:00";"2018-03-02 23:59:59";16;15390;20;10;0;<FLG>
V6155020;V615502002;HIXnJ;1;"2018-03-03 00:00:00";"2018-03-03 23:59:59";16;19350;20;10;0;<FLG>
V6155020;V615502002;HIXnJ;1;"2018-03-04 00:00:00";"2018-03-04 23:59:59";16;22400;20;10;0;<FLG>
V6155020;V615502002;HIXnJ;1;"2018-03-05 00:00:00";"2018-03-05 23:59:59";16;22512;20;10;0;<FLG>
V6155020;V615502002;HIXnJ;1;"2018-03-06 00:00:00";"2018-03-06 23:59:59";16;22538;20;10;0;<FLG>
V6155020;V615502002;HIXnJ;1;"2018-03-07 00:00:00";"2018-03-07 23:59:59";16;22562;20;10;0;<FLG>
V6155020;V615502002;HIXnJ;1;"2018-03-08 00:00:00";"2018-03-08 23:59:59";16;22588;20;10;0;<FLG>
V6155020;V615502002;HIXnJ;1;"2018-03-09 00:00:00";"2018-03-09 12:00:00";16;22600;20;10;0;<FLG>
V6155020;V615502002;HIXnJ;1;"2018-03-10 00:00:00";"2018-03-10 00:00:00";16;22525;20;10;0;<FLG>
V6155020;V615502002;HIXnJ;1;"2018-04-21 00:00:00";"2018-04-21 00:00:00";16;22767;20;10;6;<FLG>
V6155020;V615502002;HIXnJ;1;"2018-04-22 00:00:00";"2018-04-22 00:00:00";16;22700;20;10;0;<FLG>
V6155020;V615502002;HIXnJ;1;"2018-04-23 00:00:00";"2018-04-23 00:00:00";16;22633;20;10;0;<FLG>
V6155020;V615502002;HIXnJ;1;"2018-04-24 00:00:00";"2018-04-24 00:00:00";16;22575;20;10;0;<FLG>
V6155020;V615502002;HIXnJ;1;"2018-04-25 00:00:00";"2018-04-25 00:00:00";16;22525;20;10;0;<FLG>
V6155020;V615502002;HIXnJ;1;"2018-04-26 00:00:00";"2018-04-26 00:00:00";16;22450;20;10;0;<FLG>
V6155020;V615502002;HIXnJ;1;"2018-04-27 00:00:00";"2018-04-27 00:00:00";16;22350;20;10;0;<FLG>
V6155020;V615502002;HIXnJ;1;"2018-04-28 00:00:00";"2018-04-28 00:00:00";16;22250;20;10;0;<FLG>
V6155020;V615502002;HIXnJ;1;"2018-04-29 00:00:00";"2018-04-29 00:00:00";16;22150;20;10;0;<FLG>
V6155020;V615502002;HIXnJ;1;"2018-04-30 00:00:00";"2018-04-30 00:00:00";16;22050;20;10;0;<FLG>
V6155020;V615502002;HIXnJ;1;"2018-05-01 00:00:00";"2018-05-01 00:00:00";16;21950;20;10;0;<FLG>
V6155020;V615502002;HIXnJ;1;"2018-05-02 00:00:00";"2018-05-02 12:00:00";16;21900;20;10;0;<FLG>
V6155020;V615502002;HIXnJ;1;"2018-05-03 00:00:00";"2018-05-03 00:00:00";16;21850;20;10;0;<FLG>
V6155020;V615502002;HIXnJ;1;"2018-05-04 00:00:00";"2018-05-04 00:00:00";16;21700;20;10;0;<FLG>
V6155020;V615502002;HIXnJ;1;"2018-05-05 00:00:00";"2018-05-05 00:00:00";16;21525;20;10;0;<FLG>
V6155020;V615502002;HIXnJ;1;"2018-05-06 00:00:00";"2018-05-06 00:00:00";16;21375;20;10;0;<FLG>
V6155020;V615502002;HIXnJ;1;"2018-05-07 00:00:00";"2018-05-07 23:59:59";16;21200;20;10;0;<FLG>
V6155020;V615502002;HIXnJ;1;"2018-05-08 00:00:00";"2018-05-08 23:59:59";16;21600;20;10;0;<FLG>
V6155020;V615502002;HIXnJ;1;"2018-05-09 00:00:00";"2018-05-09 23:59:59";16;21750;20;10;0;<FLG>
V6155020;V615502002;HIXnJ;1;"2018-05-10 00:00:00";"2018-05-10 23:59:59";16;21900;20;10;0;<FLG>
V6155020;V615502002;HIXnJ;1;"2018-05-11 00:00:00";"2018-05-11 12:00:00";16;22000;20;10;0;<FLG>
V6155020;V615502002;HIXnJ;1;"2018-05-12 00:00:00";"2018-05-12 12:00:00";16;22000;20;10;0;<FLG>
V6155020;V615502002;HIXnJ;1;"2018-05-13 00:00:00";"2018-05-13 00:00:00";16;21975;20;10;0;<FLG>
V6155020;V615502002;HIXnJ;1;"2018-05-14 00:00:00";"2018-05-14 23:59:59";16;21950;20;10;0;<FLG>
V6155020;V615502002;HIXnJ;1;"2018-05-15 00:00:00";"2018-05-15 23:59:59";16;22050;20;10;0;<FLG>
V6155020;V615502002;HIXnJ;1;"2018-05-16 00:00:00";"2018-05-16 12:00:00";16;22100;20;10;0;<FLG>
V6155020;V615502002;HIXnJ;1;"2018-05-17 00:00:00";"2018-05-17 00:00:00";16;22050;20;10;0;<FLG>
V6155020;V615502002;HIXnJ;1;"2018-05-18 00:00:00";"2018-05-18 00:00:00";16;21950;20;10;0;<FLG>
V6155020;V615502002;HIXnJ;1;"2018-05-19 00:00:00";"2018-05-19 00:00:00";16;21900;20;10;0;<FLG>
V6155020;V615502002;HIXnJ;1;"2018-05-20 00:00:00";"2018-05-20 12:00:00";16;21900;20;10;0;<FLG>
V6155020;V615502002;HIXnJ;1;"2018-05-21 00:00:00";"2018-05-21 12:00:00";16;21900;20;10;0;<FLG>
V6155020;V615502002;HIXnJ;1;"2018-05-22 00:00:00";"2018-05-22 23:59:59";16;22050;20;10;0;<FLG>
V6155020;V615502002;HIXnJ;1;"2018-05-23 00:00:00";"2018-05-23 23:59:59";16;22300;20;10;0;<FLG>
V6155020;V615502002;HIXnJ;1;"2018-05-24 00:00:00";"2018-05-24 12:00:00";16;22400;20;10;0;<FLG>
V6155020;V615502002;HIXnJ;1;"2018-05-25 00:00:00";"2018-05-25 12:00:00";16;22400;20;10;0;<FLG>
V6155020;V615502002;HIXnJ;1;"2018-05-26 00:00:00";"2018-05-26 00:00:00";16;22350;20;10;0;<FLG>
V6155020;V615502002;HIXnJ;1;"2018-05-27 00:00:00";"2018-05-27 00:00:00";16;22250;20;10;0;<FLG>
V6155020;V615502002;HIXnJ;1;"2018-05-28 00:00:00";"2018-05-28 12:00:00";16;22200;20;10;0;<FLG>
V6155020;V615502002;HIXnJ;1;"2018-05-29 00:00:00";"2018-05-29 12:00:00";16;22200;20;10;0;<FLG>
V6155020;V615502002;HIXnJ;1;"2018-05-30 00:00:00";"2018-05-30 00:00:00";16;22150;20;10;0;<FLG>
V6155020;V615502002;HIXnJ;1;"2018-05-31 00:00:00";"2018-05-31 12:00:00";16;22100;20;10;0;<FLG>
V6155020;V615502002;HIXnJ;1;"2018-06-01 00:00:00";"2018-06-01 12:00:00";16;22100;20;10;0;<FLG>
V6155020;V615502002;HIXnJ;1;"2018-06-02 00:00:00";"2018-06-02 12:00:00";16;22100;20;10;0;<FLG>
V6155020;V615502002;HIXnJ;1;"2018-06-03 00:00:00";"2018-06-03 00:00:00";16;22100;20;10;0;<FLG>
V6155020;V615502002;HIXnJ;1;"2018-06-04 00:00:00";"2018-06-04 12:00:00";16;22100;20;10;0;<FLG>
V6155020;V615502002;HIXnJ;1;"2018-06-05 00:00:00";"2018-06-05 12:00:00";16;22100;20;10;0;<FLG>
V6155020;V615502002;HIXnJ;1;"2018-06-06 00:00:00";"2018-06-06 12:00:00";16;22100;20;10;0;<FLG>
V6155020;V615502002;HIXnJ;1;"2018-06-07 00:00:00";"2018-06-07 12:00:00";16;22100;20;10;0;<FLG>
V6155020;V615502002;HIXnJ;1;"2018-06-08 00:00:00";"2018-06-08 00:00:00";16;22050;20;10;0;<FLG>
V6155020;V615502002;HIXnJ;1;"2018-06-09 00:00:00";"2018-06-09 12:00:00";16;22000;20;10;0;<FLG>
V6155020;V615502002;HIXnJ;1;"2018-06-10 00:00:00";"2018-06-10 00:00:00";16;21975;20;10;0;<FLG>
V6155020;V615502002;HIXnJ;1;"2018-06-11 00:00:00";"2018-06-11 00:00:00";16;21925;20;10;0;<FLG>
V6155020;V615502002;HIXnJ;1;"2018-06-12 00:00:00";"2018-06-12 12:00:00";16;21900;20;10;0;<FLG>
V6155020;V615502002;HIXnJ;1;"2018-06-13 00:00:00";"2018-06-13 12:00:00";16;21900;20;10;0;<FLG>
V6155020;V615502002;HIXnJ;1;"2018-06-14 00:00:00";"2018-06-14 00:00:00";16;21875;20;10;0;<FLG>
V6155020;V615502002;HIXnJ;1;"2018-06-15 00:00:00";"2018-06-15 00:00:00";16;21825;20;10;0;<FLG>
V6155020;V615502002;HIXnJ;1;"2018-06-16 00:00:00";"2018-06-16 00:00:00";16;21725;20;10;0;<FLG>
V6155020;V615502002;HIXnJ;1;"2018-06-17 00:00:00";"2018-06-17 00:00:00";16;21575;20;10;0;<FLG>
V6155020;V615502002;HIXnJ;1;"2018-06-18 00:00:00";"2018-06-18 00:00:00";16;21333;20;10;0;<FLG>
V6155020;V615502002;HIXnJ;1;"2018-06-19 00:00:00";"2018-06-19 00:00:00";16;21000;20;10;0;<FLG>
V6155020;V615502002;HIXnJ;1;"2018-06-20 00:00:00";"2018-06-20 00:00:00";16;20667;20;10;0;<FLG>
V6155020;V615502002;HIXnJ;1;"2018-06-21 00:00:00";"2018-06-21 00:00:00";16;20250;20;10;0;<FLG>
V6155020;V615502002;HIXnJ;1;"2018-06-22 00:00:00";"2018-06-22 00:00:00";16;19750;20;10;0;<FLG>
V6155020;V615502002;HIXnJ;1;"2018-06-23 00:00:00";"2018-06-23 00:00:00";16;19250;20;10;0;<FLG>
V6155020;V615502002;HIXnJ;1;"2018-06-24 00:00:00";"2018-06-24 00:00:00";16;18750;20;10;0;<FLG>
V6155020;V615502002;HIXnJ;1;"2018-06-25 00:00:00";"2018-06-25 00:00:00";16;18250;20;10;0;<FLG>
V6155020;V615502002;HIXnJ;1;"2018-06-26 00:00:00";"2018-06-26 00:00:00";16;17975;20;10;0;<FLG>
V6155020;V615502002;HIXnJ;1;"2018-06-27 00:00:00";"2018-06-27 00:00:00";16;17925;20;10;0;<FLG>
V6155020;V615502002;HIXnJ;1;"2018-06-28 00:00:00";"2018-06-28 00:00:00";16;17643;20;10;0;<FLG>
V6155020;V615502002;HIXnJ;1;"2018-06-29 00:00:00";"2018-06-29 00:00:00";16;17129;20;10;0;<FLG>
V6155020;V615502002;HIXnJ;1;"2018-06-30 00:00:00";"2018-06-30 00:00:00";16;16614;20;10;0;<FLG>
V6155020;V615502002;HIXnJ;1;"2018-07-01 00:00:00";"2018-07-01 00:00:00";16;16100;20;10;0;<FLG>
V6155020;V615502002;HIXnJ;1;"2018-07-02 00:00:00";"2018-07-02 00:00:00";16;15586;20;10;0;<FLG>
V6155020;V615502002;HIXnJ;1;"2018-07-03 00:00:00";"2018-07-03 00:00:00";16;15071;20;10;0;<FLG>
V6155020;V615502002;HIXnJ;1;"2018-07-04 00:00:00";"2018-07-04 00:00:00";16;14557;20;10;0;<FLG>
V6155020;V615502002;HIXnJ;1;"2018-07-05 00:00:00";"2018-07-05 00:00:00";16;14043;20;10;0;<FLG>
V6155020;V615502002;HIXnJ;1;"2018-07-06 00:00:00";"2018-07-06 00:00:00";16;13529;20;10;0;<FLG>
V6155020;V615502002;HIXnJ;1;"2018-07-07 00:00:00";"2018-07-07 00:00:00";16;13014;20;10;0;<FLG>
V6155020;V615502002;HIXnJ;1;"2018-07-08 00:00:00";"2018-07-08 00:00:00";16;12500;20;10;0;<FLG>
V6155020;V615502002;HIXnJ;1;"2018-07-09 00:00:00";"2018-07-09 00:00:00";16;11986;20;10;0;<FLG>
V6155020;V615502002;HIXnJ;1;"2018-07-10 00:00:00";"2018-07-10 00:00:00";16;11471;20;10;0;<FLG>
V6155020;V615502002;HIXnJ;1;"2018-07-11 00:00:00";"2018-07-11 00:00:00";16;10957;20;10;0;<FLG>
V6155020;V615502002;HIXnJ;1;"2018-07-12 00:00:00";"2018-07-12 00:00:00";16;10555;20;10;0;<FLG>
V6155020;V615502002;HIXnJ;1;"2018-07-13 00:00:00";"2018-07-13 00:00:00";16;10264;20;10;0;<FLG>
V6155020;V615502002;HIXnJ;1;"2018-07-14 00:00:00";"2018-07-14 00:00:00";16;9973;20;10;0;<FLG>
V6155020;V615502002;HIXnJ;1;"2018-07-15 00:00:00";"2018-07-15 00:00:00";16;9682;20;10;0;<FLG>
V6155020;V615502002;HIXnJ;1;"2018-07-16 00:00:00";"2018-07-16 00:00:00";16;9391;20;10;0;<FLG>
V6155020;V615502002;HIXnJ;1;"2018-07-17 00:00:00";"2018-07-17 00:00:00";16;9100;20;10;0;<FLG>
V6155020;V615502002;HIXnJ;1;"2018-07-18 00:00:00";"2018-07-18 00:00:00";16;8809;20;10;0;<FLG>
V6155020;V615502002;HIXnJ;1;"2018-07-19 00:00:00";"2018-07-19 00:00:00";16;8518;20;10;0;<FLG>
V6155020;V615502002;HIXnJ;1;"2018-07-20 00:00:00";"2018-07-20 00:00:00";16;8227;20;10;0;<FLG>
V6155020;V615502002;HIXnJ;1;"2018-07-21 00:00:00";"2018-07-21 00:00:00";16;7936;20;10;0;<FLG>
V6155020;V615502002;HIXnJ;1;"2018-07-22 00:00:00";"2018-07-22 00:00:00";16;7645;20;10;0;<FLG>
V6155020;V615502002;HIXnJ;1;"2018-07-23 00:00:00";"2018-07-23 00:00:00";16;7412;20;10;0;<FLG>
V6155020;V615502002;HIXnJ;1;"2018-07-24 00:00:00";"2018-07-24 00:00:00";16;7238;20;10;0;<FLG>
V6155020;V615502002;HIXnJ;1;"2018-07-25 00:00:00";"2018-07-25 00:00:00";16;7062;20;10;0;<FLG>
V6155020;V615502002;HIXnJ;1;"2018-07-26 00:00:00";"2018-07-26 00:00:00";16;6888;20;10;0;<FLG>
V6155020;V615502002;HIXnJ;1;"2018-07-27 00:00:00";"2018-07-27 00:00:00";16;6728;20;10;0;<FLG>
V6155020;V615502002;HIXnJ;1;"2018-07-28 00:00:00";"2018-07-28 00:00:00";16;6585;20;10;0;<FLG>
V6155020;V615502002;HIXnJ;1;"2018-07-29 00:00:00";"2018-07-29 00:00:00";16;6442;20;10;0;<FLG>
V6155020;V615502002;HIXnJ;1;"2018-07-30 00:00:00";"2018-07-30 00:00:00";16;6346;20;10;0;<FLG>
V6155020;V615502002;HIXnJ;1;"2018-07-31 00:00:00";"2018-07-31 00:00:00";16;6299;20;10;0;<FLG>
V6155020;V615502002;HIXnJ;1;"2018-08-01 00:00:00";"2018-08-01 00:00:00";16;6251;20;10;0;<FLG>
V6155020;V615502002;HIXnJ;1;"2018-08-02 00:00:00";"2018-08-02 00:00:00";16;6204;20;10;0;<FLG>
V6155020;V615502002;HIXnJ;1;"2018-08-03 00:00:00";"2018-08-03 00:00:00";16;6156;20;10;0;<FLG>
V6155020;V615502002;HIXnJ;1;"2018-08-04 00:00:00";"2018-08-04 00:00:00";16;6109;20;10;0;<FLG>
V6155020;V615502002;HIXnJ;1;"2018-08-05 00:00:00";"2018-08-05 00:00:00";16;6061;20;10;0;<FLG>
V6155020;V615502002;HIXnJ;1;"2018-08-06 00:00:00";"2018-08-06 00:00:00";16;6014;20;10;0;<FLG>
V6155020;V615502002;HIXnJ;1;"2018-08-07 00:00:00";"2018-08-07 00:00:00";16;5966;20;10;0;<FLG>
V6155020;V615502002;HIXnJ;1;"2018-08-08 00:00:00";"2018-08-08 00:00:00";16;5919;20;10;0;<FLG>
V6155020;V615502002;HIXnJ;1;"2018-08-09 00:00:00";"2018-08-09 00:00:00";16;5871;20;10;0;<FLG>
V6155020;V615502002;HIXnJ;1;"2018-08-10 00:00:00";"2018-08-10 23:59:59";16;5900;20;10;0;<FLG>
V6155020;V615502002;HIXnJ;1;"2018-08-11 00:00:00";"2018-08-11 12:00:00";16;6000;20;10;0;<FLG>
V6155020;V615502002;HIXnJ;1;"2018-08-12 00:00:00";"2018-08-12 00:00:00";16;5967;20;10;0;<FLG>
V6155020;V615502002;HIXnJ;1;"2018-08-13 00:00:00";"2018-08-13 00:00:00";16;5900;20;10;0;<FLG>
V6155020;V615502002;HIXnJ;1;"2018-08-14 00:00:00";"2018-08-14 00:00:00";16;5833;20;10;0;<FLG>
V6155020;V615502002;HIXnJ;1;"2018-08-15 00:00:00";"2018-08-15 00:00:00";16;5633;20;10;0;<FLG>
V6155020;V615502002;HIXnJ;1;"2018-08-16 00:00:00";"2018-08-16 00:00:00";16;5300;20;10;0;<FLG>
V6155020;V615502002;HIXnJ;1;"2018-08-17 00:00:00";"2018-08-17 00:00:00";16;4967;20;10;0;<FLG>
V6155020;V615502002;HIXnJ;1;"2018-08-18 00:00:00";"2018-08-18 00:00:00";16;4762;20;10;0;<FLG>
V6155020;V615502002;HIXnJ;1;"2018-08-19 00:00:00";"2018-08-19 00:00:00";16;4688;20;10;0;<FLG>
V6155020;V615502002;HIXnJ;1;"2018-08-20 00:00:00";"2018-08-20 00:00:00";16;4588;20;10;0;<FLG>
V6155020;V615502002;HIXnJ;1;"2018-08-21 00:00:00";"2018-08-21 23:59:59";16;4488;20;10;0;<FLG>
V6155020;V615502002;HIXnJ;1;"2018-08-22 00:00:00";"2018-08-22 23:59:59";16;4662;20;10;0;<FLG>
V6155020;V615502002;HIXnJ;1;"2018-08-23 00:00:00";"2018-08-23 12:00:00";16;4750;20;10;0;<FLG>
V6155020;V615502002;HIXnJ;1;"2018-08-24 00:00:00";"2018-08-24 00:00:00";16;4725;20;10;0;<FLG>
V6155020;V615502002;HIXnJ;1;"2018-08-25 00:00:00";"2018-08-25 00:00:00";16;4562;20;10;0;<FLG>
V6155020;V615502002;HIXnJ;1;"2018-08-26 00:00:00";"2018-08-26 00:00:00";16;4288;20;10;0;<FLG>
V6155020;V615502002;HIXnJ;1;"2018-08-27 00:00:00";"2018-08-27 00:00:00";16;4069;20;10;0;<FLG>
V6155020;V615502002;HIXnJ;1;"2018-08-28 00:00:00";"2018-08-28 00:00:00";16;3906;20;10;0;<FLG>
V6155020;V615502002;HIXnJ;1;"2018-08-29 00:00:00";"2018-08-29 00:00:00";16;3744;20;10;0;<FLG>
V6155020;V615502002;HIXnJ;1;"2018-08-30 00:00:00";"2018-08-30 00:00:00";16;3581;20;10;0;<FLG>
V6155020;V615502002;HIXnJ;1;"2018-08-31 00:00:00";"2018-08-31 00:00:00";16;3455;20;10;0;<FLG>
V6155020;V615502002;HIXnJ;1;"2018-09-01 00:00:00";"2018-09-01 00:00:00";16;3364;20;10;0;<FLG>
V6155020;V615502002;HIXnJ;1;"2018-09-02 00:00:00";"2018-09-02 00:00:00";16;3273;20;10;0;<FLG>
V6155020;V615502002;HIXnJ;1;"2018-09-03 00:00:00";"2018-09-03 00:00:00";16;3182;20;10;0;<FLG>
V6155020;V615502002;HIXnJ;1;"2018-09-04 00:00:00";"2018-09-04 00:00:00";16;3091;20;10;0;<FLG>
V6155020;V615502002;HIXnJ;1;"2018-09-05 00:00:00";"2018-09-05 00:00:00";16;3000;20;10;0;<FLG>
V6155020;V615502002;HIXnJ;1;"2018-09-06 00:00:00";"2018-09-06 00:00:00";16;2909;20;10;0;<FLG>
V6155020;V615502002;HIXnJ;1;"2018-09-07 00:00:00";"2018-09-07 00:00:00";16;2818;20;10;0;<FLG>
V6155020;V615502002;HIXnJ;1;"2018-09-08 00:00:00";"2018-09-08 00:00:00";16;2727;20;10;0;<FLG>
V6155020;V615502002;HIXnJ;1;"2018-09-09 00:00:00";"2018-09-09 00:00:00";16;2636;20;10;0;<FLG>
V6155020;V615502002;HIXnJ;1;"2018-09-10 00:00:00";"2018-09-10 00:00:00";16;2545;20;10;0;<FLG>
V6155020;V615502002;HIXnJ;1;"2018-09-11 00:00:00";"2018-09-11 00:00:00";16;2462;20;10;0;<FLG>
V6155020;V615502002;HIXnJ;1;"2018-09-12 00:00:00";"2018-09-12 00:00:00";16;2388;20;10;0;<FLG>
V6155020;V615502002;HIXnJ;1;"2018-09-13 00:00:00";"2018-09-13 00:00:00";16;2300;20;10;0;<FLG>
V6155020;V615502002;HIXnJ;1;"2018-09-14 00:00:00";"2018-09-14 00:00:00";16;2200;20;10;0;<FLG>
V6155020;V615502002;HIXnJ;1;"2018-09-15 00:00:00";"2018-09-15 00:00:00";16;2100;20;10;0;<FLG>
V6155020;V615502002;HIXnJ;1;"2018-09-16 00:00:00";"2018-09-16 00:00:00";16;2000;20;10;0;<FLG>
V6155020;V615502002;HIXnJ;1;"2018-09-17 00:00:00";"2018-09-17 00:00:00";16;1940;20;10;0;<FLG>
V6155020;V615502002;HIXnJ;1;"2018-09-18 00:00:00";"2018-09-18 00:00:00";16;1920;20;10;0;<FLG>
V6155020;V615502002;HIXnJ;1;"2018-09-19 00:00:00";"2018-09-19 00:00:00";16;1900;20;10;0;<FLG>
V6155020;V615502002;HIXnJ;1;"2018-09-20 00:00:00";"2018-09-20 00:00:00";16;1880;20;10;0;<FLG>
V6155020;V615502002;HIXnJ;1;"2018-09-21 00:00:00";"2018-09-21 00:00:00";16;1860;20;10;0;<FLG>
V6155020;V615502002;HIXnJ;1;"2018-09-22 00:00:00";"2018-09-22 00:00:00";16;1831;20;10;0;<FLG>
V6155020;V615502002;HIXnJ;1;"2018-09-23 00:00:00";"2018-09-23 00:00:00";16;1794;20;10;0;<FLG>
V6155020;V615502002;HIXnJ;1;"2018-09-24 00:00:00";"2018-09-24 00:00:00";16;1756;20;10;0;<FLG>
V6155020;V615502002;HIXnJ;1;"2018-09-25 00:00:00";"2018-09-25 00:00:00";16;1719;20;10;0;<FLG>
V6155020;V615502002;HIXnJ;1;"2018-09-26 00:00:00";"2018-09-26 00:00:00";16;1685;20;10;0;<FLG>
V6155020;V615502002;HIXnJ;1;"2018-09-27 00:00:00";"2018-09-27 00:00:00";16;1655;20;10;0;<FLG>
V6155020;V615502002;HIXnJ;1;"2018-09-28 00:00:00";"2018-09-28 00:00:00";16;1625;20;10;0;<FLG>
V6155020;V615502002;HIXnJ;1;"2018-09-29 00:00:00";"2018-09-29 00:00:00";16;1595;20;10;0;<FLG>
V6155020;V615502002;HIXnJ;1;"2018-09-30 00:00:00";"2018-09-30 00:00:00";16;1565;20;10;0;<FLG>
V6155020;V615502002;HIXnJ;1;"2018-10-01 00:00:00";"2018-10-01 00:00:00";16;1506;20;10;0;<FLG>
V6155020;V615502002;HIXnJ;1;"2018-10-02 00:00:00";"2018-10-02 00:00:00";16;1419;20;10;0;<FLG>
V6155020;V615502002;HIXnJ;1;"2018-10-03 00:00:00";"2018-10-03 00:00:00";16;1331;20;10;0;<FLG>
V6155020;V615502002;HIXnJ;1;"2018-10-04 00:00:00";"2018-10-04 00:00:00";16;1244;20;10;0;<FLG>
V6155020;V615502002;HIXnJ;1;"2018-10-05 00:00:00";"2018-10-05 00:00:00";16;1200;20;10;0;<FLG>
V6155020;V615502002;HIXnJ;1;"2018-10-06 00:00:00";"2018-10-06 00:00:00";16;1200;20;10;0;<FLG>
V6155020;V615502002;HIXnJ;1;"2018-10-07 00:00:00";"2018-10-07 00:00:00";16;1200;20;10;0;<FLG>
V6155020;V615502002;HIXnJ;1;"2018-10-08 00:00:00";"2018-10-08 00:00:00";16;1200;20;10;0;<FLG>
V6155020;V615502002;HIXnJ;1;"2018-10-09 00:00:00";"2018-10-09 23:59:59";16;1375;20;10;0;<FLG>
V6155020;V615502002;HIXnJ;1;"2018-10-10 00:00:00";"2018-10-10 23:59:59";16;1725;20;10;0;<FLG>
V6155020;V615502002;HIXnJ;1;"2018-10-11 00:00:00";"2018-10-11 23:59:59";16;2300;20;10;0;<FLG>
V6155020;V615502002;HIXnJ;1;"2018-10-12 00:00:00";"2018-10-12 12:00:00";16;2700;20;10;0;<FLG>
V6155020;V615502002;HIXnJ;1;"2018-10-13 00:00:00";"2018-10-13 00:00:00";16;2550;20;10;0;<FLG>
V6155020;V615502002;HIXnJ;1;"2018-10-14 00:00:00";"2018-10-14 00:00:00";16;2262;20;10;0;<FLG>
V6155020;V615502002;HIXnJ;1;"2018-10-15 00:00:00";"2018-10-15 00:00:00";16;1988;20;10;0;<FLG>
V6155020;V615502002;HIXnJ;1;"2018-10-16 00:00:00";"2018-10-16 00:00:00";16;1712;20;10;0;<FLG>
V6155020;V615502002;HIXnJ;1;"2018-10-17 00:00:00";"2018-10-17 00:00:00";16;1438;20;10;0;<FLG>
V6155020;V615502002;HIXnJ;1;"2018-10-18 00:00:00";"2018-10-18 00:00:00";16;1281;20;10;0;<FLG>
V6155020;V615502002;HIXnJ;1;"2018-10-19 00:00:00";"2018-10-19 00:00:00";16;1244;20;10;0;<FLG>
V6155020;V615502002;HIXnJ;1;"2018-10-20 00:00:00";"2018-10-20 00:00:00";16;1206;20;10;0;<FLG>
V6155020;V615502002;HIXnJ;1;"2018-10-21 00:00:00";"2018-10-21 00:00:00";16;1169;20;10;0;<FLG>
V6155020;V615502002;HIXnJ;1;"2018-10-22 00:00:00";"2018-10-22 00:00:00";16;1131;20;10;0;<FLG>
V6155020;V615502002;HIXnJ;1;"2018-10-23 00:00:00";"2018-10-23 00:00:00";16;1094;20;10;0;<FLG>
V6155020;V615502002;HIXnJ;1;"2018-10-24 00:00:00";"2018-10-24 00:00:00";16;1056;20;10;0;<FLG>
V6155020;V615502002;HIXnJ;1;"2018-10-25 00:00:00";"2018-10-25 00:00:00";16;1019;20;10;0;<FLG>
V6155020;V615502002;HIXnJ;1;"2018-10-26 00:00:00";"2018-10-26 00:00:00";16;992;20;10;0;<FLG>
V6155020;V615502002;HIXnJ;1;"2018-10-27 00:00:00";"2018-10-27 00:00:00";16;975;20;10;0;<FLG>
V6155020;V615502002;HIXnJ;1;"2018-10-28 00:00:00";"2018-10-28 23:59:59";16;5238;20;10;0;<FLG>
V6155020;V615502002;HIXnJ;1;"2018-10-29 00:00:00";"2018-10-29 23:59:59";16;13812;20;10;0;<FLG>
V6155020;V615502002;HIXnJ;1;"2018-10-30 00:00:00";"2018-10-30 23:59:59";16;20000;20;10;0;<FLG>
V6155020;V615502002;HIXnJ;1;"2018-10-31 00:00:00";"2018-10-31 23:59:59";16;22500;20;10;0;<FLG>
V6155020;V615502002;HIXnJ;1;"2018-11-01 00:00:00";"2018-11-01 23:59:59";16;23150;20;10;0;<FLG>
V6155020;V615502002;HIXnJ;1;"2018-11-02 00:00:00";"2018-11-02 12:00:00";16;23200;20;10;0;<FLG>
V6155020;V615502002;HIXnJ;1;"2018-11-03 00:00:00";"2018-11-03 12:00:00";16;23200;20;10;0;<FLG>
V6155020;V615502002;HIXnJ;1;"2018-11-04 00:00:00";"2018-11-04 00:00:00";16;23175;20;10;0;<FLG>
V6155020;V615502002;HIXnJ;1;"2018-11-05 00:00:00";"2018-11-05 00:00:00";16;23125;20;10;0;<FLG>
V6155020;V615502002;HIXnJ;1;"2018-11-06 00:00:00";"2018-11-06 00:00:00";16;23100;20;10;0;<FLG>
V6155020;V615502002;HIXnJ;1;"2018-11-07 00:00:00";"2018-11-07 12:00:00";16;23100;20;10;0;<FLG>
V6155020;V615502002;HIXnJ;1;"2018-11-08 00:00:00";"2018-11-08 12:00:00";16;23100;20;10;0;<FLG>
V6155020;V615502002;HIXnJ;1;"2018-11-09 00:00:00";"2018-11-09 00:00:00";16;23100;20;10;0;<FLG>
V6155020;V615502002;HIXnJ;1;"2018-11-10 00:00:00";"2018-11-10 12:00:00";16;23100;20;10;0;<FLG>
V6155020;V615502002;HIXnJ;1;"2018-11-11 00:00:00";"2018-11-11 00:00:00";16;23075;20;10;0;<FLG>
V6155020;V615502002;HIXnJ;1;"2018-11-12 00:00:00";"2018-11-12 00:00:00";16;23025;20;10;0;<FLG>
V6155020;V615502002;HIXnJ;1;"2018-11-13 00:00:00";"2018-11-13 00:00:00";16;22975;20;10;0;<FLG>
V6155020;V615502002;HIXnJ;1;"2018-11-14 00:00:00";"2018-11-14 00:00:00";16;22925;20;10;0;<FLG>
V6155020;V615502002;HIXnJ;1;"2018-11-15 00:00:00";"2018-11-15 00:00:00";16;22858;20;10;0;<FLG>
V6155020;V615502002;HIXnJ;1;"2018-11-16 00:00:00";"2018-11-16 00:00:00";16;22775;20;10;0;<FLG>
V6155020;V615502002;HIXnJ;1;"2018-11-17 00:00:00";"2018-11-17 00:00:00";16;22692;20;10;0;<FLG>
V6155020;V615502002;HIXnJ;1;"2018-11-18 00:00:00";"2018-11-18 00:00:00";16;22608;20;10;0;<FLG>
V6155020;V615502002;HIXnJ;1;"2018-11-19 00:00:00";"2018-11-19 00:00:00";16;22525;20;10;0;<FLG>
V6155020;V615502002;HIXnJ;1;"2018-11-20 00:00:00";"2018-11-20 00:00:00";16;22442;20;10;0;<FLG>
V6155020;V615502002;HIXnJ;1;"2018-11-21 00:00:00";"2018-11-21 23:59:59";16;22383;20;10;0;<FLG>
V6155020;V615502002;HIXnJ;1;"2018-11-22 00:00:00";"2018-11-22 23:59:59";16;22550;20;10;0;<FLG>
V6155020;V615502002;HIXnJ;1;"2018-11-23 00:00:00";"2018-11-23 23:59:59";16;22717;20;10;0;<FLG>
V6155020;V615502002;HIXnJ;1;"2018-11-24 00:00:00";"2018-11-24 23:59:59";16;22900;20;10;0;<FLG>
V6155020;V615502002;HIXnJ;1;"2018-11-25 00:00:00";"2018-11-25 23:59:59";16;23050;20;10;0;<FLG>
V6155020;V615502002;HIXnJ;1;"2018-11-26 00:00:00";"2018-11-26 12:00:00";16;23100;20;10;0;<FLG>
V6155020;V615502002;HIXnJ;1;"2018-11-27 00:00:00";"2018-11-27 12:00:00";16;23100;20;10;0;<FLG>
V6155020;V615502002;HIXnJ;1;"2018-11-28 00:00:00";"2018-11-28 00:00:00";16;23100;20;10;0;<FLG>
V6155020;V615502002;HIXnJ;1;"2018-11-29 00:00:00";"2018-11-29 12:00:00";16;23100;20;10;0;<FLG>
V6155020;V615502002;HIXnJ;1;"2018-11-30 00:00:00";"2018-11-30 00:00:00";16;23075;20;10;0;<FLG>
V6155020;V615502002;HIXnJ;1;"2018-12-01 00:00:00";"2018-12-01 00:00:00";16;23025;20;10;0;<FLG>
V6155020;V615502002;HIXnJ;1;"2018-12-02 00:00:00";"2018-12-02 00:00:00";16;22950;20;10;0;<FLG>
V6155020;V615502002;HIXnJ;1;"2018-12-03 00:00:00";"2018-12-03 00:00:00";16;22875;20;10;0;<FLG>
V6155020;V615502002;HIXnJ;1;"2018-12-04 00:00:00";"2018-12-04 00:00:00";16;22825;20;10;0;<FLG>
V6155020;V615502002;HIXnJ;1;"2018-12-05 00:00:00";"2018-12-05 00:00:00";16;22762;20;10;0;<FLG>
V6155020;V615502002;HIXnJ;1;"2018-12-06 00:00:00";"2018-12-06 00:00:00";16;22688;20;10;0;<FLG>
V6155020;V615502002;HIXnJ;1;"2018-12-07 00:00:00";"2018-12-07 00:00:00";16;22612;20;10;0;<FLG>
V6155020;V615502002;HIXnJ;1;"2018-12-08 00:00:00";"2018-12-08 00:00:00";16;22538;20;10;0;<FLG>
V6155020;V615502002;HIXnJ;1;"2018-12-09 00:00:00";"2018-12-09 00:00:00";16;22480;20;10;0;<FLG>
V6155020;V615502002;HIXnJ;1;"2018-12-10 00:00:00";"2018-12-10 00:00:00";16;22440;20;10;0;<FLG>
V6155020;V615502002;HIXnJ;1;"2018-12-11 00:00:00";"2018-12-11 00:00:00";16;22400;20;10;0;<FLG>
V6155020;V615502002;HIXnJ;1;"2018-12-12 00:00:00";"2018-12-12 00:00:00";16;22360;20;10;0;<FLG>
V6155020;V615502002;HIXnJ;1;"2018-12-13 00:00:00";"2018-12-13 00:00:00";16;22320;20;10;0;<FLG>
V6155020;V615502002;HIXnJ;1;"2018-12-14 00:00:00";"2018-12-14 00:00:00";16;22262;20;10;0;<FLG>
V6155020;V615502002;HIXnJ;1;"2018-12-15 00:00:00";"2018-12-15 00:00:00";16;22188;20;10;0;<FLG>
V6155020;V615502002;HIXnJ;1;"2018-12-16 00:00:00";"2018-12-16 00:00:00";16;22112;20;10;0;<FLG>
V6155020;V615502002;HIXnJ;1;"2018-12-17 00:00:00";"2018-12-17 23:59:59";16;22100;20;10;0;<FLG>
V6155020;V615502002;HIXnJ;1;"2018-12-18 00:00:00";"2018-12-18 23:59:59";16;22300;20;10;0;<FLG>
V6155020;V615502002;HIXnJ;1;"2018-12-19 00:00:00";"2018-12-19 23:59:59";16;22500;20;10;0;<FLG>
V6155020;V615502002;HIXnJ;1;"2018-12-20 00:00:00";"2018-12-20 23:59:59";16;22700;20;10;0;<FLG>
V6155020;V615502002;HIXnJ;1;"2018-12-21 00:00:00";"2018-12-21 12:00:00";16;22800;20;10;0;<FLG>
V6155020;V615502002;HIXnJ;1;"2018-12-22 00:00:00";"2018-12-22 12:00:00";16;22800;20;10;0;<FLG>
V6155020;V615502002;HIXnJ;1;"2018-12-23 00:00:00";"2018-12-23 00:00:00";16;22783;20;10;0;<FLG>
V6155020;V615502002;HIXnJ;1;"2018-12-24 00:00:00";"2018-12-24 00:00:00";16;22750;20;10;0;<FLG>
V6155020;V615502002;HIXnJ;1;"2018-12-25 00:00:00";"2018-12-25 00:00:00";16;22717;20;10;0;<FLG>
V6155020;V615502002;HIXnJ;1;"2018-12-26 00:00:00";"2018-12-26 00:00:00";16;22650;20;10;0;<FLG>
V6155020;V615502002;HIXnJ;1;"2018-12-27 00:00:00";"2018-12-27 00:00:00";16;22550;20;10;0;<FLG>
V6155020;V615502002;HIXnJ;1;"2018-12-28 00:00:00";"2018-12-28 00:00:00";16;22450;20;10;0;<FLG>
V6155020;V615502002;HIXnJ;1;"2018-12-29 00:00:00";"2018-12-29 00:00:00";16;22375;20;10;0;<FLG>
V6155020;V615502002;HIXnJ;1;"2018-12-30 00:00:00";"2018-12-30 00:00:00";16;22325;20;10;0;<FLG>
V6155020;V615502002;HIXnJ;1;"2018-12-31 00:00:00";"2018-12-31 00:00:00";16;22267;20;10;0;<FLG>
V6155020;V615502002;HIXnJ;1;"2019-01-01 00:00:00";"2019-01-01 00:00:00";16;22200;20;10;0;<FLG>
V6155020;V615502002;HIXnJ;1;"2019-01-02 00:00:00";"2019-01-02 00:00:00";16;22133;20;10;0;<FLG>
V6155020;V615502002;HIXnJ;1;"2019-01-03 00:00:00";"2019-01-03 00:00:00";16;22075;20;10;0;<FLG>
V6155020;V615502002;HIXnJ;1;"2019-01-04 00:00:00";"2019-01-04 00:00:00";16;22025;20;10;0;<FLG>
V6155020;V615502002;HIXnJ;1;"2019-01-05 00:00:00";"2019-01-05 00:00:00";16;21960;20;10;0;<FLG>
V6155020;V615502002;HIXnJ;1;"2019-01-06 00:00:00";"2019-01-06 00:00:00";16;21880;20;10;0;<FLG>
V6155020;V615502002;HIXnJ;1;"2019-01-07 00:00:00";"2019-01-07 00:00:00";16;21800;20;10;0;<FLG>
V6155020;V615502002;HIXnJ;1;"2019-01-08 00:00:00";"2019-01-08 00:00:00";16;21720;20;10;0;<FLG>
V6155020;V615502002;HIXnJ;1;"2019-01-09 00:00:00";"2019-01-09 00:00:00";16;21640;20;10;0;<FLG>
V6155020;V615502002;HIXnJ;1;"2019-01-10 00:00:00";"2019-01-10 00:00:00";16;21440;20;10;0;<FLG>
V6155020;V615502002;HIXnJ;1;"2019-01-11 00:00:00";"2019-01-11 00:00:00";16;21120;20;10;0;<FLG>
V6155020;V615502002;HIXnJ;1;"2019-01-12 00:00:00";"2019-01-12 00:00:00";16;20800;20;10;0;<FLG>
V6155020;V615502002;HIXnJ;1;"2019-01-13 00:00:00";"2019-01-13 00:00:00";16;20480;20;10;0;<FLG>
V6155020;V615502002;HIXnJ;1;"2019-01-14 00:00:00";"2019-01-14 00:00:00";16;20160;20;10;0;<FLG>
V6155020;V615502002;HIXnJ;1;"2019-01-15 00:00:00";"2019-01-15 00:00:00";16;19780;20;10;0;<FLG>
V6155020;V615502002;HIXnJ;1;"2019-01-16 00:00:00";"2019-01-16 00:00:00";16;19340;20;10;0;<FLG>
V6155020;V615502002;HIXnJ;1;"2019-01-17 00:00:00";"2019-01-17 00:00:00";16;18900;20;10;0;<FLG>
V6155020;V615502002;HIXnJ;1;"2019-01-18 00:00:00";"2019-01-18 00:00:00";16;18460;20;10;0;<FLG>
V6155020;V615502002;HIXnJ;1;"2019-01-19 00:00:00";"2019-01-19 00:00:00";16;18020;20;10;0;<FLG>
V6155020;V615502002;HIXnJ;1;"2019-01-20 00:00:00";"2019-01-20 00:00:00";16;17608;20;10;0;<FLG>
V6155020;V615502002;HIXnJ;1;"2019-01-21 00:00:00";"2019-01-21 00:00:00";16;17225;20;10;0;<FLG>
V6155020;V615502002;HIXnJ;1;"2019-01-22 00:00:00";"2019-01-22 00:00:00";16;16842;20;10;0;<FLG>
V6155020;V615502002;HIXnJ;1;"2019-01-23 00:00:00";"2019-01-23 00:00:00";16;16458;20;10;0;<FLG>
V6155020;V615502002;HIXnJ;1;"2019-01-24 00:00:00";"2019-01-24 00:00:00";16;16075;20;10;0;<FLG>
V6155020;V615502002;HIXnJ;1;"2019-01-25 00:00:00";"2019-01-25 00:00:00";16;15692;20;10;0;<FLG>
V6155020;V615502002;HIXnJ;1;"2019-01-26 00:00:00";"2019-01-26 00:00:00";16;15312;20;10;0;<FLG>
V6155020;V615502002;HIXnJ;1;"2019-01-27 00:00:00";"2019-01-27 00:00:00";16;14938;20;10;0;<FLG>
V6155020;V615502002;HIXnJ;1;"2019-01-28 00:00:00";"2019-01-28 00:00:00";16;14562;20;10;0;<FLG>
V6155020;V615502002;HIXnJ;1;"2019-01-29 00:00:00";"2019-01-29 23:59:59";16;15050;20;10;0;<FLG>
V6155020;V615502002;HIXnJ;1;"2019-01-30 00:00:00";"2019-01-30 23:59:59";16;17150;20;10;0;<FLG>
V6155020;V615502002;HIXnJ;1;"2019-01-31 00:00:00";"2019-01-31 23:59:59";16;19250;20;10;0;<FLG>
V6155020;V615502002;HIXnJ;1;"2019-02-01 00:00:00";"2019-02-01 23:59:59";16;21350;20;10;0;<FLG>
V6155020;V615502002;HIXnJ;1;"2019-02-02 00:00:00";"2019-02-02 23:59:59";16;22550;20;10;0;<FLG>
V6155020;V615502002;HIXnJ;1;"2019-02-03 00:00:00";"2019-02-03 12:00:00";16;22700;20;10;0;<FLG>
V6155020;V615502002;HIXnJ;1;"2019-02-04 00:00:00";"2019-02-04 00:00:00";16;22675;20;10;0;<FLG>
V6155020;V615502002;HIXnJ;1;"2019-02-05 00:00:00";"2019-02-05 00:00:00";16;22625;20;10;0;<FLG>
V6155020;V615502002;HIXnJ;1;"2019-02-06 00:00:00";"2019-02-06 00:00:00";16;22550;20;10;0;<FLG>
V6155020;V615502002;HIXnJ;1;"2019-02-07 00:00:00";"2019-02-07 00:00:00";16;22450;20;10;0;<FLG>
V6155020;V615502002;HIXnJ;1;"2019-02-08 00:00:00";"2019-02-08 00:00:00";16;22350;20;10;0;<FLG>
V6155020;V615502002;HIXnJ;1;"2019-02-09 00:00:00";"2019-02-09 00:00:00";16;22250;20;10;0;<FLG>
V6155020;V615502002;HIXnJ;1;"2019-02-10 00:00:00";"2019-02-10 00:00:00";16;22150;20;10;0;<FLG>
V6155020;V615502002;HIXnJ;1;"2019-02-11 00:00:00";"2019-02-11 00:00:00";16;22050;20;10;0;<FLG>
V6155020;V615502002;HIXnJ;1;"2019-02-12 00:00:00";"2019-02-12 00:00:00";16;21950;20;10;0;<FLG>
V6155020;V615502002;HIXnJ;1;"2019-02-13 00:00:00";"2019-02-13 00:00:00";16;21850;20;10;0;<FLG>
V6155020;V615502002;HIXnJ;1;"2019-02-14 00:00:00";"2019-02-14 00:00:00";16;21750;20;10;0;<FLG>
V6155020;V615502002;HIXnJ;1;"2019-02-15 00:00:00";"2019-02-15 00:00:00";16;21650;20;10;0;<FLG>
V6155020;V615502002;HIXnJ;1;"2019-02-16 00:00:00";"2019-02-16 00:00:00";16;21500;20;10;0;<FLG>
V6155020;V615502002;HIXnJ;1;"2019-02-17 00:00:00";"2019-02-17 00:00:00";16;21250;20;10;0;<FLG>
V6155020;V615502002;HIXnJ;1;"2019-02-18 00:00:00";"2019-02-18 00:00:00";16;20900;20;10;0;<FLG>
V6155020;V615502002;HIXnJ;1;"2019-02-19 00:00:00";"2019-02-19 00:00:00";16;20475;20;10;0;<FLG>
V6155020;V615502002;HIXnJ;1;"2019-02-20 00:00:00";"2019-02-20 00:00:00";16;20025;20;10;0;<FLG>
V6155020;V615502002;HIXnJ;1;"2019-02-21 00:00:00";"2019-02-21 00:00:00";16;19530;20;10;0;<FLG>
V6155020;V615502002;HIXnJ;1;"2019-02-22 00:00:00";"2019-02-22 00:00:00";16;18990;20;10;0;<FLG>
V6155020;V615502002;HIXnJ;1;"2019-02-23 00:00:00";"2019-02-23 00:00:00";16;18450;20;10;0;<FLG>
V6155020;V615502002;HIXnJ;1;"2019-02-24 00:00:00";"2019-02-24 00:00:00";16;17910;20;10;0;<FLG>
V6155020;V615502002;HIXnJ;1;"2019-02-25 00:00:00";"2019-02-25 00:00:00";16;17370;20;10;0;<FLG>
V6155020;V615502002;HIXnJ;1;"2019-02-26 00:00:00";"2019-02-26 00:00:00";16;16923;20;10;0;<FLG>
V6155020;V615502002;HIXnJ;1;"2019-02-27 00:00:00";"2019-02-27 00:00:00";16;16569;20;10;0;<FLG>
V6155020;V615502002;HIXnJ;1;"2019-02-28 00:00:00";"2019-02-28 00:00:00";16;16215;20;10;0;<FLG>
V6155020;V615502002;HIXnJ;1;"2019-03-01 00:00:00";"2019-03-01 00:00:00";16;15861;20;10;0;<FLG>
V6155020;V615502002;HIXnJ;1;"2019-03-02 00:00:00";"2019-03-02 00:00:00";16;15507;20;10;0;<FLG>
V6155020;V615502002;HIXnJ;1;"2019-03-03 00:00:00";"2019-03-03 00:00:00";16;15143;20;10;0;<FLG>
V6155020;V615502002;HIXnJ;1;"2019-03-04 00:00:00";"2019-03-04 00:00:00";16;14766;20;10;0;<FLG>
V6155020;V615502002;HIXnJ;1;"2019-03-05 00:00:00";"2019-03-05 00:00:00";16;14389;20;10;0;<FLG>
V6155020;V615502002;HIXnJ;1;"2019-03-06 00:00:00";"2019-03-06 00:00:00";16;14050;20;10;0;<FLG>
V6155020;V615502002;HIXnJ;1;"2019-03-07 00:00:00";"2019-03-07 00:00:00";16;13750;20;10;0;<FLG>
V6155020;V615502002;HIXnJ;1;"2019-03-08 00:00:00";"2019-03-08 00:00:00";16;13459;20;10;0;<FLG>
V6155020;V615502002;HIXnJ;1;"2019-03-09 00:00:00";"2019-03-09 00:00:00";16;13177;20;10;0;<FLG>
V6155020;V615502002;HIXnJ;1;"2019-03-10 00:00:00";"2019-03-10 00:00:00";16;12895;20;10;0;<FLG>
V6155020;V615502002;HIXnJ;1;"2019-03-11 00:00:00";"2019-03-11 00:00:00";16;12614;20;10;0;<FLG>
V6155020;V615502002;HIXnJ;1;"2019-03-12 00:00:00";"2019-03-12 00:00:00";16;12332;20;10;0;<FLG>
V6155020;V615502002;HIXnJ;1;"2019-03-13 00:00:00";"2019-03-13 00:00:00";16;12050;20;10;0;<FLG>
V6155020;V615502002;HIXnJ;1;"2019-03-14 00:00:00";"2019-03-14 00:00:00";16;11768;20;10;0;<FLG>
V6155020;V615502002;HIXnJ;1;"2019-03-15 00:00:00";"2019-03-15 00:00:00";16;11486;20;10;0;<FLG>
V6155020;V615502002;HIXnJ;1;"2019-03-16 00:00:00";"2019-03-16 00:00:00";16;11205;20;10;0;<FLG>
V6155020;V615502002;HIXnJ;1;"2019-03-17 00:00:00";"2019-03-17 00:00:00";16;10923;20;10;0;<FLG>
V6155020;V615502002;HIXnJ;1;"2019-03-18 00:00:00";"2019-03-18 00:00:00";16;10641;20;10;0;<FLG>
V6155020;V615502002;HIXnJ;1;"2019-03-19 00:00:00";"2019-03-19 00:00:00";16;10350;20;10;0;<FLG>
V6155020;V615502002;HIXnJ;1;"2019-03-20 00:00:00";"2019-03-20 00:00:00";16;10050;20;10;0;<FLG>
V6155020;V615502002;HIXnJ;1;"2019-03-21 00:00:00";"2019-03-21 00:00:00";16;9750;20;10;0;<FLG>
V6155020;V615502002;HIXnJ;1;"2019-03-22 00:00:00";"2019-03-22 00:00:00";16;9488;20;10;0;<FLG>
V6155020;V615502002;HIXnJ;1;"2019-03-23 00:00:00";"2019-03-23 00:00:00";16;9262;20;10;0;<FLG>
V6155020;V615502002;HIXnJ;1;"2019-03-24 00:00:00";"2019-03-24 00:00:00";16;9038;20;10;0;<FLG>
V6155020;V615502002;HIXnJ;1;"2019-03-25 00:00:00";"2019-03-25 00:00:00";16;8812;20;10;0;<FLG>
V6155020;V615502002;HIXnJ;1;"2019-03-26 00:00:00";"2019-03-26 00:00:00";16;8604;20;10;0;<FLG>
V6155020;V615502002;HIXnJ;1;"2019-03-27 00:00:00";"2019-03-27 00:00:00";16;8412;20;10;0;<FLG>
V6155020;V615502002;HIXnJ;1;"2019-03-28 00:00:00";"2019-03-28 00:00:00";16;8221;20;10;0;<FLG>
V6155020;V615502002;HIXnJ;1;"2019-03-29 00:00:00";"2019-03-29 00:00:00";16;8029;20;10;0;<FLG>
V6155020;V615502002;HIXnJ;1;"2019-03-30 00:00:00";"2019-03-30 00:00:00";16;7838;20;10;0;<FLG>
V6155020;V615502002;HIXnJ;1;"2019-03-31 00:00:00";"2019-03-31 00:00:00";16;7646;20;10;0;<FLG>
V6155020;V615502002;HIXnJ;1;"2019-04-01 00:00:00";"2019-04-01 00:00:00";16;7475;20;10;0;<FLG>
V6155020;V615502002;HIXnJ;1;"2019-04-02 00:00:00";"2019-04-02 23:59:59";16;7438;20;10;0;<FLG>
V6155020;V615502002;HIXnJ;1;"2019-04-03 00:00:00";"2019-04-03 23:59:59";16;7812;20;10;0;<FLG>
V6155020;V615502002;HIXnJ;1;"2019-04-04 00:00:00";"2019-04-04 23:59:59";16;9050;20;10;0;<FLG>
V6155020;V615502002;HIXnJ;1;"2019-04-05 00:00:00";"2019-04-05 23:59:59";16;10350;20;10;0;<FLG>
V6155020;V615502002;HIXnJ;1;"2019-04-06 00:00:00";"2019-04-06 23:59:59";16;10650;20;10;0;<FLG>
V6155020;V615502002;HIXnJ;1;"2019-04-07 00:00:00";"2019-04-07 23:59:59";16;10800;20;10;0;<FLG>
V6155020;V615502002;HIXnJ;1;"2019-04-08 00:00:00";"2019-04-08 23:59:59";16;11000;20;10;0;<FLG>
V6155020;V615502002;HIXnJ;1;"2019-04-09 00:00:00";"2019-04-09 23:59:59";16;11250;20;10;0;<FLG>
V6155020;V615502002;HIXnJ;1;"2019-04-10 00:00:00";"2019-04-10 23:59:59";16;11450;20;10;0;<FLG>
V6155020;V615502002;HIXnJ;1;"2019-04-11 00:00:00";"2019-04-11 23:59:59";16;11600;20;10;0;<FLG>
V6155020;V615502002;HIXnJ;1;"2019-04-12 00:00:00";"2019-04-12 23:59:59";16;11725;20;10;0;<FLG>
V6155020;V615502002;HIXnJ;1;"2019-04-13 00:00:00";"2019-04-13 23:59:59";16;11775;20;10;0;<FLG>
V6155020;V615502002;HIXnJ;1;"2019-04-14 00:00:00";"2019-04-14 12:00:00";16;11800;20;10;0;<FLG>
V6155020;V615502002;HIXnJ;1;"2019-04-15 00:00:00";"2019-04-15 00:00:00";16;11650;20;10;0;<FLG>
V6155020;V615502002;HIXnJ;1;"2019-04-16 00:00:00";"2019-04-16 00:00:00";16;11350;20;10;0;<FLG>
V6155020;V615502002;HIXnJ;1;"2019-04-17 00:00:00";"2019-04-17 00:00:00";16;11050;20;10;0;<FLG>
V6155020;V615502002;HIXnJ;1;"2019-04-18 00:00:00";"2019-04-18 00:00:00";16;10750;20;10;0;<FLG>
V6155020;V615502002;HIXnJ;1;"2019-04-19 00:00:00";"2019-04-19 00:00:00";16;10420;20;10;0;<FLG>
V6155020;V615502002;HIXnJ;1;"2019-04-20 00:00:00";"2019-04-20 00:00:00";16;10060;20;10;0;<FLG>
V6155020;V615502002;HIXnJ;1;"2019-04-21 00:00:00";"2019-04-21 00:00:00";16;9800;20;10;0;<FLG>
V6155020;V615502002;HIXnJ;1;"2019-04-22 00:00:00";"2019-04-22 00:00:00";16;9640;20;10;0;<FLG>
V6155020;V615502002;HIXnJ;1;"2019-04-23 00:00:00";"2019-04-23 00:00:00";16;9480;20;10;0;<FLG>
V6155020;V615502002;HIXnJ;1;"2019-04-24 00:00:00";"2019-04-24 23:59:59";16;10250;20;10;0;<FLG>
V6155020;V615502002;HIXnJ;1;"2019-04-25 00:00:00";"2019-04-25 23:59:59";16;12250;20;10;0;<FLG>
V6155020;V615502002;HIXnJ;1;"2019-04-26 00:00:00";"2019-04-26 23:59:59";16;14300;20;10;0;<FLG>
V6155020;V615502002;HIXnJ;1;"2019-04-27 00:00:00";"2019-04-27 23:59:59";16;16250;20;10;0;<FLG>
V6155020;V615502002;HIXnJ;1;"2019-04-28 00:00:00";"2019-04-28 12:00:00";16;17100;20;10;0;<FLG>
V6155020;V615502002;HIXnJ;1;"2019-04-29 00:00:00";"2019-04-29 00:00:00";16;17100;20;10;0;<FLG>
V6155020;V615502002;HIXnJ;1;"2019-04-30 00:00:00";"2019-04-30 12:00:00";16;17100;20;10;0;<FLG>
V6155020;V615502002;HIXnJ;1;"2019-05-01 00:00:00";"2019-05-01 00:00:00";16;16775;20;10;0;<FLG>
V6155020;V615502002;HIXnJ;1;"2019-05-02 00:00:00";"2019-05-02 00:00:00";16;16125;20;10;0;<FLG>
V6155020;V615502002;HIXnJ;1;"2019-05-03 00:00:00";"2019-05-03 00:00:00";16;15500;20;10;0;<FLG>
V6155020;V615502002;HIXnJ;1;"2019-05-04 00:00:00";"2019-05-04 00:00:00";16;14883;20;10;0;<FLG>
V6155020;V615502002;HIXnJ;1;"2019-05-05 00:00:00";"2019-05-05 00:00:00";16;14250;20;10;0;<FLG>
V6155020;V615502002;HIXnJ;1;"2019-05-06 00:00:00";"2019-05-06 00:00:00";16;13617;20;10;0;<FLG>
V6155020;V615502002;HIXnJ;1;"2019-05-07 00:00:00";"2019-05-07 00:00:00";16;13000;20;10;0;<FLG>
V6155020;V615502002;HIXnJ;1;"2019-05-08 00:00:00";"2019-05-08 00:00:00";16;12527;20;10;0;<FLG>
V6155020;V615502002;HIXnJ;1;"2019-05-09 00:00:00";"2019-05-09 00:00:00";16;12181;20;10;0;<FLG>
V6155020;V615502002;HIXnJ;1;"2019-05-10 00:00:00";"2019-05-10 00:00:00";16;11835;20;10;0;<FLG>
V6155020;V615502002;HIXnJ;1;"2019-05-11 00:00:00";"2019-05-11 00:00:00";16;11488;20;10;0;<FLG>
V6155020;V615502002;HIXnJ;1;"2019-05-12 00:00:00";"2019-05-12 00:00:00";16;11142;20;10;0;<FLG>
V6155020;V615502002;HIXnJ;1;"2019-05-13 00:00:00";"2019-05-13 00:00:00";16;10796;20;10;0;<FLG>
V6155020;V615502002;HIXnJ;1;"2019-05-14 00:00:00";"2019-05-14 00:00:00";16;10450;20;10;0;<FLG>
V6155020;V615502002;HIXnJ;1;"2019-05-15 00:00:00";"2019-05-15 00:00:00";16;10104;20;10;0;<FLG>
V6155020;V615502002;HIXnJ;1;"2019-05-16 00:00:00";"2019-05-16 00:00:00";16;9758;20;10;0;<FLG>
V6155020;V615502002;HIXnJ;1;"2019-05-17 00:00:00";"2019-05-17 00:00:00";16;9412;20;10;0;<FLG>
V6155020;V615502002;HIXnJ;1;"2019-05-18 00:00:00";"2019-05-18 00:00:00";16;9065;20;10;0;<FLG>
V6155020;V615502002;HIXnJ;1;"2019-05-19 00:00:00";"2019-05-19 00:00:00";16;8719;20;10;0;<FLG>
V6155020;V615502002;HIXnJ;1;"2019-05-20 00:00:00";"2019-05-20 00:00:00";16;8373;20;10;0;<FLG>
V6155020;V615502002;HIXnJ;1;"2019-05-21 00:00:00";"2019-05-21 12:00:00";16;8300;20;10;0;<FLG>
V6155020;V615502002;HIXnJ;1;"2019-05-22 00:00:00";"2019-05-22 00:00:00";16;8230;20;10;0;<FLG>
V6155020;V615502002;HIXnJ;1;"2019-05-23 00:00:00";"2019-05-23 00:00:00";16;8090;20;10;0;<FLG>
V6155020;V615502002;HIXnJ;1;"2019-05-24 00:00:00";"2019-05-24 00:00:00";16;7940;20;10;0;<FLG>
V6155020;V615502002;HIXnJ;1;"2019-05-25 00:00:00";"2019-05-25 00:00:00";16;7780;20;10;0;<FLG>
V6155020;V615502002;HIXnJ;1;"2019-05-26 00:00:00";"2019-05-26 23:59:59";16;7825;20;10;0;<FLG>
V6155020;V615502002;HIXnJ;1;"2019-05-27 00:00:00";"2019-05-27 23:59:59";16;7908;20;10;0;<FLG>
V6155020;V615502002;HIXnJ;1;"2019-05-28 00:00:00";"2019-05-28 12:00:00";16;7950;20;10;0;<FLG>
V6155020;V615502002;HIXnJ;1;"2019-05-29 00:00:00";"2019-05-29 00:00:00";16;7808;20;10;0;<FLG>
V6155020;V615502002;HIXnJ;1;"2019-05-30 00:00:00";"2019-05-30 00:00:00";16;7525;20;10;0;<FLG>
V6155020;V615502002;HIXnJ;1;"2019-05-31 00:00:00";"2019-05-31 00:00:00";16;7242;20;10;0;<FLG>
V6155020;V615502002;HIXnJ;1;"2019-06-01 00:00:00";"2019-06-01 00:00:00";16;7000;20;10;0;<FLG>
V6155020;V615502002;HIXnJ;1;"2019-06-02 00:00:00";"2019-06-02 00:00:00";16;6800;20;10;0;<FLG>
V6155020;V615502002;HIXnJ;1;"2019-06-03 00:00:00";"2019-06-03 00:00:00";16;6600;20;10;0;<FLG>
V6155020;V615502002;HIXnJ;1;"2019-06-04 00:00:00";"2019-06-04 00:00:00";16;6400;20;10;0;<FLG>
V6155020;V615502002;HIXnJ;1;"2019-06-05 00:00:00";"2019-06-05 00:00:00";16;6200;20;10;0;<FLG>
V6155020;V615502002;HIXnJ;1;"2019-06-06 00:00:00";"2019-06-06 00:00:00";16;6000;20;10;0;<FLG>
V6155020;V615502002;HIXnJ;1;"2019-06-07 00:00:00";"2019-06-07 00:00:00";16;5800;20;10;0;<FLG>
V6155020;V615502002;HIXnJ;1;"2019-06-08 00:00:00";"2019-06-08 00:00:00";16;5592;20;10;0;<FLG>
V6155020;V615502002;HIXnJ;1;"2019-06-09 00:00:00";"2019-06-09 00:00:00";16;5375;20;10;0;<FLG>
V6155020;V615502002;HIXnJ;1;"2019-06-10 00:00:00";"2019-06-10 00:00:00";16;5158;20;10;0;<FLG>
V6155020;V615502002;HIXnJ;1;"2019-06-11 00:00:00";"2019-06-11 00:00:00";16;5017;20;10;0;<FLG>
V6155020;V615502002;HIXnJ;1;"2019-06-12 00:00:00";"2019-06-12 00:00:00";16;4950;20;10;0;<FLG>
V6155020;V615502002;HIXnJ;1;"2019-06-13 00:00:00";"2019-06-13 00:00:00";16;4883;20;10;0;<FLG>
V6155020;V615502002;HIXnJ;1;"2019-06-14 00:00:00";"2019-06-14 00:00:00";16;4817;20;10;0;<FLG>
V6155020;V615502002;HIXnJ;1;"2019-06-15 00:00:00";"2019-06-15 00:00:00";16;4750;20;10;0;<FLG>
V6155020;V615502002;HIXnJ;1;"2019-06-16 00:00:00";"2019-06-16 00:00:00";16;4683;20;10;0;<FLG>
V6155020;V615502002;HIXnJ;1;"2019-06-17 00:00:00";"2019-06-17 00:00:00";16;4512;20;10;0;<FLG>
V6155020;V615502002;HIXnJ;1;"2019-06-18 00:00:00";"2019-06-18 00:00:00";16;4238;20;10;0;<FLG>
V6155020;V615502002;HIXnJ;1;"2019-06-19 00:00:00";"2019-06-19 00:00:00";16;4031;20;10;0;<FLG>
V6155020;V615502002;HIXnJ;1;"2019-06-20 00:00:00";"2019-06-20 00:00:00";16;3894;20;10;0;<FLG>
V6155020;V615502002;HIXnJ;1;"2019-06-21 00:00:00";"2019-06-21 00:00:00";16;3756;20;10;0;<FLG>
V6155020;V615502002;HIXnJ;1;"2019-06-22 00:00:00";"2019-06-22 00:00:00";16;3619;20;10;0;<FLG>
V6155020;V615502002;HIXnJ;1;"2019-06-23 00:00:00";"2019-06-23 00:00:00";16;3512;20;10;0;<FLG>
V6155020;V615502002;HIXnJ;1;"2019-06-24 00:00:00";"2019-06-24 00:00:00";16;3434;20;10;0;<FLG>
V6155020;V615502002;HIXnJ;1;"2019-06-25 00:00:00";"2019-06-25 00:00:00";16;3358;20;10;0;<FLG>
V6155020;V615502002;HIXnJ;1;"2019-06-26 00:00:00";"2019-06-26 00:00:00";16;3280;20;10;0;<FLG>
V6155020;V615502002;HIXnJ;1;"2019-06-27 00:00:00";"2019-06-27 00:00:00";16;3204;20;10;0;<FLG>
V6155020;V615502002;HIXnJ;1;"2019-06-28 00:00:00";"2019-06-28 00:00:00";16;3126;20;10;0;<FLG>
V6155020;V615502002;HIXnJ;1;"2019-06-29 00:00:00";"2019-06-29 00:00:00";16;3050;20;10;0;<FLG>
V6155020;V615502002;HIXnJ;1;"2019-06-30 00:00:00";"2019-06-30 00:00:00";16;2972;20;10;0;<FLG>
V6155020;V615502002;HIXnJ;1;"2019-07-01 00:00:00";"2019-07-01 00:00:00";16;2896;20;10;0;<FLG>
V6155020;V615502002;HIXnJ;1;"2019-07-02 00:00:00";"2019-07-02 00:00:00";16;2818;20;10;0;<FLG>
V6155020;V615502002;HIXnJ;1;"2019-07-03 00:00:00";"2019-07-03 00:00:00";16;2742;20;10;0;<FLG>
V6155020;V615502002;HIXnJ;1;"2019-07-04 00:00:00";"2019-07-04 00:00:00";16;2666;20;10;0;<FLG>
V6155020;V615502002;HIXnJ;1;"2019-07-05 00:00:00";"2019-07-05 00:00:00";16;2591;20;10;0;<FLG>
V6155020;V615502002;HIXnJ;1;"2019-07-06 00:00:00";"2019-07-06 00:00:00";16;2515;20;10;0;<FLG>
V6155020;V615502002;HIXnJ;1;"2019-07-07 00:00:00";"2019-07-07 00:00:00";16;2439;20;10;0;<FLG>
V6155020;V615502002;HIXnJ;1;"2019-07-08 00:00:00";"2019-07-08 00:00:00";16;2364;20;10;0;<FLG>
V6155020;V615502002;HIXnJ;1;"2019-07-09 00:00:00";"2019-07-09 00:00:00";16;2288;20;10;0;<FLG>
V6155020;V615502002;HIXnJ;1;"2019-07-10 00:00:00";"2019-07-10 00:00:00";16;2238;20;10;0;<FLG>
V6155020;V615502002;HIXnJ;1;"2019-07-11 00:00:00";"2019-07-11 00:00:00";16;2212;20;10;0;<FLG>
V6155020;V615502002;HIXnJ;1;"2019-07-12 00:00:00";"2019-07-12 00:00:00";16;2172;20;10;0;<FLG>
V6155020;V615502002;HIXnJ;1;"2019-07-13 00:00:00";"2019-07-13 00:00:00";16;2117;20;10;0;<FLG>
V6155020;V615502002;HIXnJ;1;"2019-07-14 00:00:00";"2019-07-14 00:00:00";16;2061;20;10;0;<FLG>
V6155020;V615502002;HIXnJ;1;"2019-07-15 00:00:00";"2019-07-15 00:00:00";16;2006;20;10;0;<FLG>
V6155020;V615502002;HIXnJ;1;"2019-07-16 00:00:00";"2019-07-16 00:00:00";16;1950;20;10;0;<FLG>
V6155020;V615502002;HIXnJ;1;"2019-07-17 00:00:00";"2019-07-17 00:00:00";16;1894;20;10;0;<FLG>
V6155020;V615502002;HIXnJ;1;"2019-07-18 00:00:00";"2019-07-18 00:00:00";16;1839;20;10;0;<FLG>
V6155020;V615502002;HIXnJ;1;"2019-07-19 00:00:00";"2019-07-19 00:00:00";16;1783;20;10;0;<FLG>
V6155020;V615502002;HIXnJ;1;"2019-07-20 00:00:00";"2019-07-20 00:00:00";16;1728;20;10;0;<FLG>
V6155020;V615502002;HIXnJ;1;"2019-07-21 00:00:00";"2019-07-21 00:00:00";16;1682;20;10;0;<FLG>
V6155020;V615502002;HIXnJ;1;"2019-07-22 00:00:00";"2019-07-22 00:00:00";16;1645;20;10;0;<FLG>
V6155020;V615502002;HIXnJ;1;"2019-07-23 00:00:00";"2019-07-23 00:00:00";16;1608;20;10;0;<FLG>
V6155020;V615502002;HIXnJ;1;"2019-07-24 00:00:00";"2019-07-24 00:00:00";16;1572;20;10;0;<FLG>
V6155020;V615502002;HIXnJ;1;"2019-07-25 00:00:00";"2019-07-25 00:00:00";16;1535;20;10;0;<FLG>
V6155020;V615502002;HIXnJ;1;"2019-07-26 00:00:00";"2019-07-26 00:00:00";16;1498;20;10;0;<FLG>
V6155020;V615502002;HIXnJ;1;"2019-07-27 00:00:00";"2019-07-27 23:59:59";16;1532;20;10;0;<FLG>
V6155020;V615502002;HIXnJ;1;"2019-07-28 00:00:00";"2019-07-28 12:00:00";16;1550;20;10;0;<FLG>
V6155020;V615502002;HIXnJ;1;"2019-07-29 00:00:00";"2019-07-29 00:00:00";16;1520;20;10;0;<FLG>
V6155020;V615502002;HIXnJ;1;"2019-07-30 00:00:00";"2019-07-30 00:00:00";16;1460;20;10;0;<FLG>
V6155020;V615502002;HIXnJ;1;"2019-07-31 00:00:00";"2019-07-31 00:00:00";16;1410;20;10;0;<FLG>
V6155020;V615502002;HIXnJ;1;"2019-08-01 00:00:00";"2019-08-01 00:00:00";16;1370;20;10;0;<FLG>
V6155020;V615502002;HIXnJ;1;"2019-08-02 00:00:00";"2019-08-02 00:00:00";16;1332;20;10;0;<FLG>
V6155020;V615502002;HIXnJ;1;"2019-08-03 00:00:00";"2019-08-03 00:00:00";16;1294;20;10;0;<FLG>
V6155020;V615502002;HIXnJ;1;"2019-08-04 00:00:00";"2019-08-04 00:00:00";16;1258;20;10;0;<FLG>
V6155020;V615502002;HIXnJ;1;"2019-08-05 00:00:00";"2019-08-05 00:00:00";16;1220;20;10;0;<FLG>
V6155020;V615502002;HIXnJ;1;"2019-08-06 00:00:00";"2019-08-06 00:00:00";16;1184;20;10;0;<FLG>
V6155020;V615502002;HIXnJ;1;"2019-08-07 00:00:00";"2019-08-07 00:00:00";16;1146;20;10;0;<FLG>
V6155020;V615502002;HIXnJ;1;"2019-08-08 00:00:00";"2019-08-08 00:00:00";16;1110;20;10;0;<FLG>
V6155020;V615502002;HIXnJ;1;"2019-08-09 00:00:00";"2019-08-09 00:00:00";16;1072;20;10;0;<FLG>
V6155020;V615502002;HIXnJ;1;"2019-08-10 00:00:00";"2019-08-10 00:00:00";16;1036;20;10;0;<FLG>
V6155020;V615502002;HIXnJ;1;"2019-08-11 00:00:00";"2019-08-11 00:00:00";16;998;20;10;0;<FLG>
V6155020;V615502002;HIXnJ;1;"2019-08-12 00:00:00";"2019-08-12 00:00:00";16;970;20;10;0;<FLG>
V6155020;V615502002;HIXnJ;1;"2019-08-13 00:00:00";"2019-08-13 00:00:00";16;950;20;10;0;<FLG>
V6155020;V615502002;HIXnJ;1;"2019-08-14 00:00:00";"2019-08-14 00:00:00";16;930;20;10;0;<FLG>
V6155020;V615502002;HIXnJ;1;"2019-08-15 00:00:00";"2019-08-15 00:00:00";16;910;20;10;0;<FLG>
V6155020;V615502002;HIXnJ;1;"2019-08-16 00:00:00";"2019-08-16 00:00:00";16;882;20;10;0;<FLG>
V6155020;V615502002;HIXnJ;1;"2019-08-17 00:00:00";"2019-08-17 00:00:00";16;846;20;10;0;<FLG>
V6155020;V615502002;HIXnJ;1;"2019-08-18 00:00:00";"2019-08-18 00:00:00";16;810;20;10;0;<FLG>
V6155020;V615502002;HIXnJ;1;"2019-08-19 00:00:00";"2019-08-19 00:00:00";16;774;20;10;0;<FLG>
V6155020;V615502002;HIXnJ;1;"2019-08-20 00:00:00";"2019-08-20 00:00:00";16;738;20;10;0;<FLG>
V6155020;V615502002;HIXnJ;1;"2019-08-21 00:00:00";"2019-08-21 00:00:00";16;703;20;10;0;<FLG>
V6155020;V615502002;HIXnJ;1;"2019-08-22 00:00:00";"2019-08-22 00:00:00";16;670;20;10;0;<FLG>
V6155020;V615502002;HIXnJ;1;"2019-08-23 00:00:00";"2019-08-23 00:00:00";16;637;20;10;0;<FLG>
V6155020;V615502002;HIXnJ;1;"2019-08-24 00:00:00";"2019-08-24 00:00:00";16;612;20;10;0;<FLG>
V6155020;V615502002;HIXnJ;1;"2019-08-25 00:00:00";"2019-08-25 00:00:00";16;595;20;10;0;<FLG>
V6155020;V615502002;HIXnJ;1;"2019-08-26 00:00:00";"2019-08-26 00:00:00";16;578;20;10;0;<FLG>
V6155020;V615502002;HIXnJ;1;"2019-08-27 00:00:00";"2019-08-27 00:00:00";16;561;20;10;0;<FLG>
V6155020;V615502002;HIXnJ;1;"2019-08-28 00:00:00";"2019-08-28 00:00:00";16;543;20;10;0;<FLG>
V6155020;V615502002;HIXnJ;1;"2019-08-29 00:00:00";"2019-08-29 00:00:00";16;525;20;10;0;<FLG>
V6155020;V615502002;HIXnJ;1;"2019-08-30 00:00:00";"2019-08-30 00:00:00";16;507;20;10;0;<FLG>
V6155020;V615502002;HIXnJ;1;"2019-08-31 00:00:00";"2019-08-31 23:59:59";16;490;20;10;0;<FLG>
V6155020;V615502002;HIXnJ;1;"2019-09-01 00:00:00";"2019-09-01 12:00:00";16;500;20;10;0;<FLG>
V6155020;V615502002;HIXnJ;1;"2019-09-02 00:00:00";"2019-09-02 00:00:00";16;490;20;10;0;<FLG>
V6155020;V615502002;HIXnJ;1;"2019-09-03 00:00:00";"2019-09-03 00:00:00";16;469;20;10;0;<FLG>
V6155020;V615502002;HIXnJ;1;"2019-09-04 00:00:00";"2019-09-04 00:00:00";16;446;20;10;0;<FLG>
V6155020;V615502002;HIXnJ;1;"2019-09-05 00:00:00";"2019-09-05 00:00:00";16;423;20;10;0;<FLG>
V6155020;V615502002;HIXnJ;1;"2019-09-06 00:00:00";"2019-09-06 00:00:00";16;400;20;10;0;<FLG>
V6155020;V615502002;HIXnJ;1;"2019-09-07 00:00:00";"2019-09-07 00:00:00";16;377;20;10;0;<FLG>
V6155020;V615502002;HIXnJ;1;"2019-09-08 00:00:00";"2019-09-08 00:00:00";16;354;20;10;0;<FLG>
V6155020;V615502002;HIXnJ;1;"2019-09-09 00:00:00";"2019-09-09 00:00:00";16;331;20;10;0;<FLG>
V6155020;V615502002;HIXnJ;1;"2019-09-10 00:00:00";"2019-09-10 00:00:00";16;300;20;10;0;<FLG>
V6155020;V615502002;HIXnJ;1;"2019-09-11 00:00:00";"2019-09-11 00:00:00";16;260;20;10;0;<FLG>
V6155020;V615502002;HIXnJ;1;"2019-09-12 00:00:00";"2019-09-12 00:00:00";16;220;20;10;0;<FLG>
V6155020;V615502002;HIXnJ;1;"2019-09-13 00:00:00";"2019-09-13 00:00:00";16;192;20;10;0;<FLG>
V6155020;V615502002;HIXnJ;1;"2019-09-14 00:00:00";"2019-09-14 00:00:00";16;178;20;10;0;<FLG>
V6155020;V615502002;HIXnJ;1;"2019-09-15 00:00:00";"2019-09-15 00:00:00";16;163;20;10;0;<FLG>
V6155020;V615502002;HIXnJ;1;"2019-09-16 00:00:00";"2019-09-16 00:00:00";16;150;20;10;0;<FLG>
V6155020;V615502002;HIXnJ;1;"2019-09-17 00:00:00";"2019-09-17 00:00:00";16;137;20;10;0;<FLG>
V6155020;V615502002;HIXnJ;1;"2019-09-18 00:00:00";"2019-09-18 00:00:00";16;121;20;10;0;<FLG>
V6155020;V615502002;HIXnJ;1;"2019-09-19 00:00:00";"2019-09-19 00:00:00";16;104;20;10;0;<FLG>
V6155020;V615502002;HIXnJ;1;"2019-09-20 00:00:00";"2019-09-20 00:00:00";16;86;20;10;0;<FLG>
V6155020;V615502002;HIXnJ;1;"2019-09-21 00:00:00";"2019-09-21 23:59:59";16;80;20;10;0;<FLG>
V6155020;V615502002;HIXnJ;1;"2019-09-22 00:00:00";"2019-09-22 23:59:59";16;110;20;10;0;<FLG>
V6155020;V615502002;HIXnJ;1;"2019-09-23 00:00:00";"2019-09-23 23:59:59";16;170;20;10;0;<FLG>
V6155020;V615502002;HIXnJ;1;"2019-09-24 00:00:00";"2019-09-24 12:00:00";16;220;20;10;0;<FLG>
V6155020;V615502002;HIXnJ;1;"2019-09-25 00:00:00";"2019-09-25 00:00:00";16;197;20;10;0;<FLG>
V6155020;V615502002;HIXnJ;1;"2019-09-26 00:00:00";"2019-09-26 00:00:00";16;150;20;10;0;<FLG>
V6155020;V615502002;HIXnJ;1;"2019-09-27 00:00:00";"2019-09-27 00:00:00";16;103;20;10;0;<FLG>
V6155020;V615502002;HIXnJ;1;"2019-09-28 00:00:00";"2019-09-28 00:00:00";16;72;20;10;0;<FLG>
V6155020;V615502002;HIXnJ;1;"2019-09-29 00:00:00";"2019-09-29 00:00:00";16;58;20;10;0;<FLG>
V6155020;V615502002;HIXnJ;1;"2019-09-30 00:00:00";"2019-09-30 00:00:00";16;38;20;10;0;<FLG>
V6155020;V615502002;HIXnJ;1;"2019-10-01 00:00:00";"2019-10-01 23:59:59";16;15;20;10;0;<FLG>
V6155020;V615502002;HIXnJ;1;"2019-10-02 00:00:00";"2019-10-02 12:00:00";16;30;20;10;0;<FLG>
V6155020;V615502002;HIXnJ;1;"2019-10-03 00:00:00";"2019-10-03 00:00:00";16;15;20;10;0;<FLG>
V6155020;V615502002;HIXnJ;1;"2019-10-04 00:00:00";"2019-10-04 00:00:00";16;-15;20;10;0;<FLG>
V6155020;V615502002;HIXnJ;1;"2019-10-05 00:00:00";"2019-10-05 00:00:00";16;-42;20;10;0;<FLG>
V6155020;V615502002;HIXnJ;1;"2019-10-06 00:00:00";"2019-10-06 00:00:00";16;-65;20;10;0;<FLG>
V6155020;V615502002;HIXnJ;1;"2019-10-07 00:00:00";"2019-10-07 00:00:00";16;-88;20;10;0;<FLG>
V6155020;V615502002;HIXnJ;1;"2019-10-08 00:00:00";"2019-10-08 23:59:59";16;-67;20;10;0;<FLG>
V6155020;V615502002;HIXnJ;1;"2019-10-09 00:00:00";"2019-10-09 23:59:59";16;40;20;10;0;<FLG>
V6155020;V615502002;HIXnJ;1;"2019-10-10 00:00:00";"2019-10-10 23:59:59";16;147;20;10;0;<FLG>
V6155020;V615502002;HIXnJ;1;"2019-10-11 00:00:00";"2019-10-11 12:00:00";16;200;20;10;0;<FLG>
V6155020;V615502002;HIXnJ;1;"2019-10-12 00:00:00";"2019-10-12 00:00:00";16;122;20;10;0;<FLG>
V6155020;V615502002;HIXnJ;1;"2019-10-13 00:00:00";"2019-10-13 00:00:00";16;-35;20;10;0;<FLG>
V6155020;V615502002;HIXnJ;1;"2019-10-14 00:00:00";"2019-10-14 00:00:00";16;-192;20;10;0;<FLG>
V6155020;V615502002;HIXnJ;1;"2019-10-15 00:00:00";"2019-10-15 23:59:59";16;-102;20;10;0;<FLG>
V6155020;V615502002;HIXnJ;1;"2019-10-16 00:00:00";"2019-10-16 23:59:59";16;-48;20;10;0;<FLG>
V6155020;V615502002;HIXnJ;1;"2019-10-17 00:00:00";"2019-10-17 12:00:00";16;-20;20;10;0;<FLG>
V6155020;V615502002;HIXnJ;1;"2019-10-18 00:00:00";"2019-10-18 00:00:00";16;-40;20;10;0;<FLG>
V6155020;V615502002;HIXnJ;1;"2019-10-19 00:00:00";"2019-10-19 23:59:59";16;-70;20;10;0;<FLG>
V6155020;V615502002;HIXnJ;1;"2019-10-20 00:00:00";"2019-10-20 23:59:59";16;-10;20;10;0;<FLG>
V6155020;V615502002;HIXnJ;1;"2019-10-21 00:00:00";"2019-10-21 23:59:59";16;1710;20;10;0;<FLG>
V6155020;V615502002;HIXnJ;1;"2019-10-22 00:00:00";"2019-10-22 12:00:00";16;3400;20;10;0;<FLG>
V6155020;V615502002;HIXnJ;1;"2019-10-23 00:00:00";"2019-10-23 23:59:59";16;9235;20;10;0;<FLG>
V6155020;V615502002;HIXnJ;1;"2019-10-24 00:00:00";"2019-10-24 23:59:59";16;19250;20;10;0;<FLG>
V6155020;V615502002;HIXnJ;1;"2019-10-25 00:00:00";"2019-10-25 12:00:00";16;22200;20;10;0;<FLG>
V6155020;V615502002;HIXnJ;1;"2019-10-26 00:00:00";"2019-10-26 00:00:00";16;22150;20;10;0;<FLG>
V6155020;V615502002;HIXnJ;1;"2019-10-27 00:00:00";"2019-10-27 00:00:00";16;21950;20;10;0;<FLG>
V6155020;V615502002;HIXnJ;1;"2019-10-28 00:00:00";"2019-10-28 00:00:00";16;21400;20;10;0;<FLG>
V6155020;V615502002;HIXnJ;1;"2019-10-29 00:00:00";"2019-10-29 00:00:00";16;19050;20;10;0;<FLG>
V6155020;V615502002;HIXnJ;1;"2019-10-30 00:00:00";"2019-10-30 00:00:00";16;15800;20;10;0;<FLG>
V6155020;V615502002;HIXnJ;1;"2019-10-31 00:00:00";"2019-10-31 00:00:00";16;13450;20;10;0;<FLG>
V6155020;V615502002;HIXnJ;1;"2019-11-01 00:00:00";"2019-11-01 00:00:00";16;11715;20;10;0;<FLG>
V6155020;V615502002;HIXnJ;1;"2019-11-02 00:00:00";"2019-11-02 23:59:59";16;10730;20;10;0;<FLG>
V6155020;V615502002;HIXnJ;1;"2019-11-03 00:00:00";"2019-11-03 23:59:59";16;16100;20;10;0;<FLG>
V6155020;V615502002;HIXnJ;1;"2019-11-04 00:00:00";"2019-11-04 23:59:59";16;21150;20;10;0;<FLG>
V6155020;V615502002;HIXnJ;1;"2019-11-05 00:00:00";"2019-11-05 23:59:59";16;21917;20;10;0;<FLG>
V6155020;V615502002;HIXnJ;1;"2019-11-06 00:00:00";"2019-11-06 23:59:59";16;21950;20;10;0;<FLG>
V6155020;V615502002;HIXnJ;1;"2019-11-07 00:00:00";"2019-11-07 23:59:59";16;21983;20;10;0;<FLG>
V6155020;V615502002;HIXnJ;1;"2019-11-08 00:00:00";"2019-11-08 12:00:00";16;22000;20;10;0;<FLG>
V6155020;V615502002;HIXnJ;1;"2019-11-09 00:00:00";"2019-11-09 00:00:00";16;21925;20;10;0;<FLG>
V6155020;V615502002;HIXnJ;1;"2019-11-10 00:00:00";"2019-11-10 00:00:00";16;21775;20;10;0;<FLG>
V6155020;V615502002;HIXnJ;1;"2019-11-11 00:00:00";"2019-11-11 00:00:00";16;21350;20;10;0;<FLG>
V6155020;V615502002;HIXnJ;1;"2019-11-12 00:00:00";"2019-11-12 00:00:00";16;20525;20;10;0;<FLG>
V6155020;V615502002;HIXnJ;1;"2019-11-13 00:00:00";"2019-11-13 23:59:59";16;19950;20;10;0;<FLG>
V6155020;V615502002;HIXnJ;1;"2019-11-14 00:00:00";"2019-11-14 23:59:59";16;21650;20;10;0;<FLG>
V6155020;V615502002;HIXnJ;1;"2019-11-15 00:00:00";"2019-11-15 23:59:59";16;22600;20;10;0;<FLG>
V6155020;V615502002;HIXnJ;1;"2019-11-16 00:00:00";"2019-11-16 12:00:00";16;22700;20;10;0;<FLG>
V6155020;V615502002;HIXnJ;1;"2019-11-17 00:00:00";"2019-11-17 12:00:00";16;22700;20;10;0;<FLG>
V6155020;V615502002;HIXnJ;1;"2019-11-18 00:00:00";"2019-11-18 12:00:00";16;22700;20;10;0;<FLG>
V6155020;V615502002;HIXnJ;1;"2019-11-19 00:00:00";"2019-11-19 00:00:00";16;22625;20;10;0;<FLG>
V6155020;V615502002;HIXnJ;1;"2019-11-20 00:00:00";"2019-11-20 00:00:00";16;22475;20;10;0;<FLG>
V6155020;V615502002;HIXnJ;1;"2019-11-21 00:00:00";"2019-11-21 23:59:59";16;22475;20;10;0;<FLG>
V6155020;V615502002;HIXnJ;1;"2019-11-22 00:00:00";"2019-11-22 23:59:59";16;22800;20;10;0;<FLG>
V6155020;V615502002;HIXnJ;1;"2019-11-23 00:00:00";"2019-11-23 23:59:59";16;23309;20;10;0;<FLG>
V6155020;V615502002;HIXnJ;1;"2019-11-24 00:00:00";"2019-11-24 23:59:59";16;23552;20;10;0;<FLG>
V6155020;V615502002;HIXnJ;1;"2019-11-25 00:00:00";"2019-11-25 12:00:00";16;23600;20;10;0;<FLG>
V6155020;V615502002;HIXnJ;1;"2019-11-26 00:00:00";"2019-11-26 12:00:00";16;23600;20;10;0;<FLG>
V6155020;V615502002;HIXnJ;1;"2019-11-27 00:00:00";"2019-11-27 12:00:00";16;23600;20;10;0;<FLG>
V6155020;V615502002;HIXnJ;1;"2019-11-28 00:00:00";"2019-11-28 12:00:00";16;23600;20;10;0;<FLG>
V6155020;V615502002;HIXnJ;1;"2019-11-29 00:00:00";"2019-11-29 00:00:00";16;23575;20;10;0;<FLG>
V6155020;V615502002;HIXnJ;1;"2019-11-30 00:00:00";"2019-11-30 00:00:00";16;23525;20;10;0;<FLG>
V6155020;V615502002;HIXnJ;1;"2019-12-01 00:00:00";"2019-12-01 23:59:59";16;23600;20;10;0;<FLG>
V6155020;V615502002;HIXnJ;1;"2019-12-02 00:00:00";"2019-12-02 12:00:00";16;23700;20;10;0;<FLG>
V6155020;V615502002;HIXnJ;1;"2019-12-03 00:00:00";"2019-12-03 12:00:00";16;23700;20;10;0;<FLG>
V6155020;V615502002;HIXnJ;1;"2019-12-04 00:00:00";"2019-12-04 00:00:00";16;23689;20;10;0;<FLG>
V6155020;V615502002;HIXnJ;1;"2019-12-05 00:00:00";"2019-12-05 00:00:00";16;23667;20;10;0;<FLG>
V6155020;V615502002;HIXnJ;1;"2019-12-06 00:00:00";"2019-12-06 00:00:00";16;23644;20;10;0;<FLG>
V6155020;V615502002;HIXnJ;1;"2019-12-07 00:00:00";"2019-12-07 00:00:00";16;23615;20;10;0;<FLG>
V6155020;V615502002;HIXnJ;1;"2019-12-08 00:00:00";"2019-12-08 12:00:00";16;23600;20;10;0;<FLG>
V6155020;V615502002;HIXnJ;1;"2019-12-09 00:00:00";"2019-12-09 00:00:00";16;23574;20;10;0;<FLG>
V6155020;V615502002;HIXnJ;1;"2019-12-10 00:00:00";"2019-12-10 00:00:00";16;23524;20;10;0;<FLG>
V6155020;V615502002;HIXnJ;1;"2019-12-11 00:00:00";"2019-12-11 00:00:00";16;23500;20;10;0;<FLG>
V6155020;V615502002;HIXnJ;1;"2019-12-12 00:00:00";"2019-12-12 12:00:00";16;23500;20;10;0;<FLG>
V6155020;V615502002;HIXnJ;1;"2019-12-13 00:00:00";"2019-12-13 00:00:00";16;23450;20;10;0;<FLG>
V6155020;V615502002;HIXnJ;1;"2019-12-14 00:00:00";"2019-12-14 00:00:00";16;23350;20;10;0;<FLG>
V6155020;V615502002;HIXnJ;1;"2019-12-15 00:00:00";"2019-12-15 12:00:00";16;23300;20;10;0;<FLG>
V6155020;V615502002;HIXnJ;1;"2019-12-16 00:00:00";"2019-12-16 00:00:00";16;23283;20;10;0;<FLG>
V6155020;V615502002;HIXnJ;1;"2019-12-17 00:00:00";"2019-12-17 00:00:00";16;23250;20;10;0;<FLG>
V6155020;V615502002;HIXnJ;1;"2019-12-18 00:00:00";"2019-12-18 00:00:00";16;23217;20;10;0;<FLG>
V6155020;V615502002;HIXnJ;1;"2019-12-19 00:00:00";"2019-12-19 23:59:59";16;23300;20;10;0;<FLG>
V6155020;V615502002;HIXnJ;1;"2019-12-20 00:00:00";"2019-12-20 23:59:59";16;23500;20;10;0;<FLG>
V6155020;V615502002;HIXnJ;1;"2019-12-21 00:00:00";"2019-12-21 23:59:59";16;23650;20;10;0;<FLG>
V6155020;V615502002;HIXnJ;1;"2019-12-22 00:00:00";"2019-12-22 12:00:00";16;23700;20;10;0;<FLG>
V6155020;V615502002;HIXnJ;1;"2019-12-23 00:00:00";"2019-12-23 12:00:00";16;23700;20;10;0;<FLG>
V6155020;V615502002;HIXnJ;1;"2019-12-24 00:00:00";"2019-12-24 12:00:00";16;23700;20;10;0;<FLG>
V6155020;V615502002;HIXnJ;1;"2019-12-25 00:00:00";"2019-12-25 00:00:00";16;23675;20;10;0;<FLG>
V6155020;V615502002;HIXnJ;1;"2019-12-26 00:00:00";"2019-12-26 00:00:00";16;23625;20;10;0;<FLG>
V6155020;V615502002;HIXnJ;1;"2019-12-27 00:00:00";"2019-12-27 00:00:00";16;23600;20;10;0;<FLG>
V6155020;V615502002;HIXnJ;1;"2019-12-28 00:00:00";"2019-12-28 12:00:00";16;23600;20;10;0;<FLG>
V6155020;V615502002;HIXnJ;1;"2019-12-29 00:00:00";"2019-12-29 12:00:00";16;23600;20;10;0;<FLG>
V6155020;V615502002;HIXnJ;1;"2019-12-30 00:00:00";"2019-12-30 00:00:00";16;23550;20;10;0;<FLG>
V6155020;V615502002;HIXnJ;1;"2019-12-31 00:00:00";"2019-12-31 00:00:00";16;23450;20;10;0;<FLG>
V6155020;V615502002;HIXnJ;1;"2020-01-01 00:00:00";"2020-01-01 00:00:00";16;23375;20;10;0;<FLG>
V6155020;V615502002;HIXnJ;1;"2020-01-02 00:00:00";"2020-01-02 00:00:00";16;23325;20;10;0;<FLG>
V6155020;V615502002;HIXnJ;1;"2020-01-03 00:00:00";"2020-01-03 00:00:00";16;23300;20;10;0;<FLG>
V6155020;V615502002;HIXnJ;1;"2020-01-04 00:00:00";"2020-01-04 12:00:00";16;23300;20;10;0;<FLG>
V6155020;V615502002;HIXnJ;1;"2020-01-05 00:00:00";"2020-01-05 00:00:00";16;23250;20;10;0;<FLG>
V6155020;V615502002;HIXnJ;1;"2020-01-06 00:00:00";"2020-01-06 00:00:00";16;23175;20;10;0;<FLG>
V6155020;V615502002;HIXnJ;1;"2020-01-07 00:00:00";"2020-01-07 00:00:00";16;23125;20;10;0;<FLG>
V6155020;V615502002;HIXnJ;1;"2020-01-08 00:00:00";"2020-01-08 00:00:00";16;23050;20;10;0;<FLG>
V6155020;V615502002;HIXnJ;1;"2020-01-09 00:00:00";"2020-01-09 00:00:00";16;22975;20;10;0;<FLG>
V6155020;V615502002;HIXnJ;1;"2020-01-10 00:00:00";"2020-01-10 00:00:00";16;22925;20;10;0;<FLG>
V6155020;V615502002;HIXnJ;1;"2020-01-11 00:00:00";"2020-01-11 00:00:00";16;22850;20;10;0;<FLG>
V6155020;V615502002;HIXnJ;1;"2020-01-12 00:00:00";"2020-01-12 00:00:00";16;22775;20;10;0;<FLG>
V6155020;V615502002;HIXnJ;1;"2020-01-13 00:00:00";"2020-01-13 00:00:00";16;22725;20;10;0;<FLG>
V6155020;V615502002;HIXnJ;1;"2020-01-14 00:00:00";"2020-01-14 00:00:00";16;22685;20;10;0;<FLG>
V6155020;V615502002;HIXnJ;1;"2020-01-15 00:00:00";"2020-01-15 00:00:00";16;22655;20;10;0;<FLG>
V6155020;V615502002;HIXnJ;1;"2020-01-16 00:00:00";"2020-01-16 00:00:00";16;22625;20;10;0;<FLG>
V6155020;V615502002;HIXnJ;1;"2020-01-17 00:00:00";"2020-01-17 00:00:00";16;22595;20;10;0;<FLG>
V6155020;V615502002;HIXnJ;1;"2020-01-18 00:00:00";"2020-01-18 00:00:00";16;22575;20;10;0;<FLG>
V6155020;V615502002;HIXnJ;1;"2020-01-19 00:00:00";"2020-01-19 00:00:00";16;22562;20;10;0;<FLG>
V6155020;V615502002;HIXnJ;1;"2020-01-20 00:00:00";"2020-01-20 00:00:00";16;22545;20;10;0;<FLG>
V6155020;V615502002;HIXnJ;1;"2020-01-21 00:00:00";"2020-01-21 00:00:00";16;22528;20;10;0;<FLG>
V6155020;V615502002;HIXnJ;1;"2020-01-22 00:00:00";"2020-01-22 00:00:00";16;22505;20;10;0;<FLG>
V6155020;V615502002;HIXnJ;1;"2020-01-23 00:00:00";"2020-01-23 00:00:00";16;22475;20;10;0;<FLG>
V6155020;V615502002;HIXnJ;1;"2020-01-24 00:00:00";"2020-01-24 00:00:00";16;22445;20;10;0;<FLG>
V6155020;V615502002;HIXnJ;1;"2020-01-25 00:00:00";"2020-01-25 00:00:00";16;22415;20;10;0;<FLG>
V6155020;V615502002;HIXnJ;1;"2020-01-26 00:00:00";"2020-01-26 00:00:00";16;22385;20;10;0;<FLG>
V6155020;V615502002;HIXnJ;1;"2020-01-27 00:00:00";"2020-01-27 00:00:00";16;22360;20;10;0;<FLG>
V6155020;V615502002;HIXnJ;1;"2020-01-28 00:00:00";"2020-01-28 00:00:00";16;22340;20;10;0;<FLG>
V6155020;V615502002;HIXnJ;1;"2020-01-29 00:00:00";"2020-01-29 00:00:00";16;22317;20;10;0;<FLG>
V6155020;V615502002;HIXnJ;1;"2020-01-30 00:00:00";"2020-01-30 00:00:00";16;22290;20;10;0;<FLG>
V6155020;V615502002;HIXnJ;1;"2020-01-31 00:00:00";"2020-01-31 00:00:00";16;22263;20;10;0;<FLG>
V6155020;V615502002;HIXnJ;1;"2020-02-01 00:00:00";"2020-02-01 00:00:00";16;22233;20;10;0;<FLG>
V6155020;V615502002;HIXnJ;1;"2020-02-02 00:00:00";"2020-02-02 00:00:00";16;22200;20;10;0;<FLG>
V6155020;V615502002;HIXnJ;1;"2020-02-03 00:00:00";"2020-02-03 00:00:00";16;22167;20;10;0;<FLG>
V6155020;V615502002;HIXnJ;1;"2020-02-04 00:00:00";"2020-02-04 00:00:00";16;22138;20;10;0;<FLG>
V6155020;V615502002;HIXnJ;1;"2020-02-05 00:00:00";"2020-02-05 00:00:00";16;22112;20;10;0;<FLG>
V6155020;V615502002;HIXnJ;1;"2020-02-06 00:00:00";"2020-02-06 00:00:00";16;22097;20;10;0;<FLG>
V6155020;V615502002;HIXnJ;1;"2020-02-07 00:00:00";"2020-02-07 00:00:00";16;22090;20;10;0;<FLG>
V6155020;V615502002;HIXnJ;1;"2020-02-08 00:00:00";"2020-02-08 00:00:00";16;22083;20;10;0;<FLG>
V6155020;V615502002;HIXnJ;1;"2020-02-09 00:00:00";"2020-02-09 00:00:00";16;22038;20;10;0;<FLG>
V6155020;V615502002;HIXnJ;1;"2020-02-10 00:00:00";"2020-02-10 00:00:00";16;21952;20;10;0;<FLG>
V6155020;V615502002;HIXnJ;1;"2020-02-11 00:00:00";"2020-02-11 00:00:00";16;21882;20;10;0;<FLG>
V6155020;V615502002;HIXnJ;1;"2020-02-12 00:00:00";"2020-02-12 00:00:00";16;21825;20;10;0;<FLG>
V6155020;V615502002;HIXnJ;1;"2020-02-13 00:00:00";"2020-02-13 00:00:00";16;21768;20;10;0;<FLG>
V6155020;V615502002;HIXnJ;1;"2020-02-14 00:00:00";"2020-02-14 00:00:00";16;21740;20;10;0;<FLG>
V6155020;V615502002;HIXnJ;1;"2020-02-15 00:00:00";"2020-02-15 12:00:00";16;21740;20;10;0;<FLG>
V6155020;V615502002;HIXnJ;1;"2020-02-16 00:00:00";"2020-02-16 00:00:00";16;21635;20;10;0;<FLG>
V6155020;V615502002;HIXnJ;1;"2020-02-17 00:00:00";"2020-02-17 00:00:00";16;21458;20;10;0;<FLG>
V6155020;V615502002;HIXnJ;1;"2020-02-18 00:00:00";"2020-02-18 00:00:00";16;21312;20;10;0;<FLG>
V6155020;V615502002;HIXnJ;1;"2020-02-19 00:00:00";"2020-02-19 00:00:00";16;21110;20;10;0;<FLG>
V6155020;V615502002;HIXnJ;1;"2020-02-20 00:00:00";"2020-02-20 00:00:00";16;20810;20;10;0;<FLG>
V6155020;V615502002;HIXnJ;1;"2020-02-21 00:00:00";"2020-02-21 00:00:00";16;20470;20;10;0;<FLG>
V6155020;V615502002;HIXnJ;1;"2020-02-22 00:00:00";"2020-02-22 00:00:00";16;20118;20;10;0;<FLG>
V6155020;V615502002;HIXnJ;1;"2020-02-23 00:00:00";"2020-02-23 00:00:00";16;19752;20;10;0;<FLG>
V6155020;V615502002;HIXnJ;1;"2020-02-24 00:00:00";"2020-02-24 00:00:00";16;19390;20;10;0;<FLG>
V6155020;V615502002;HIXnJ;1;"2020-02-25 00:00:00";"2020-02-25 00:00:00";16;19088;20;10;0;<FLG>
V6155020;V615502002;HIXnJ;1;"2020-02-26 00:00:00";"2020-02-26 00:00:00";16;18842;20;10;0;<FLG>
V6155020;V615502002;HIXnJ;1;"2020-02-27 00:00:00";"2020-02-27 00:00:00";16;18563;20;10;0;<FLG>
V6155020;V615502002;HIXnJ;1;"2020-02-28 00:00:00";"2020-02-28 00:00:00";16;18250;20;10;0;<FLG>
V6155020;V615502002;HIXnJ;1;"2020-02-29 00:00:00";"2020-02-29 00:00:00";16;17937;20;10;0;<FLG>
V6155020;V615502002;HIXnJ;1;"2020-03-01 00:00:00";"2020-03-01 23:59:59";16;17800;20;10;0;<FLG>
V6155020;V615502002;HIXnJ;1;"2020-03-02 00:00:00";"2020-03-02 23:59:59";16;20713;20;10;0;<FLG>
V6155020;V615502002;HIXnJ;1;"2020-03-03 00:00:00";"2020-03-03 23:59:59";16;22260;20;10;0;<FLG>
V6155020;V615502002;HIXnJ;1;"2020-03-04 00:00:00";"2020-03-04 23:59:59";16;22360;20;10;0;<FLG>
V6155020;V615502002;HIXnJ;1;"2020-03-05 00:00:00";"2020-03-05 23:59:59";16;22380;20;10;0;<FLG>
V6155020;V615502002;HIXnJ;1;"2020-03-06 00:00:00";"2020-03-06 23:59:59";16;22435;20;10;0;<FLG>
V6155020;V615502002;HIXnJ;1;"2020-03-07 00:00:00";"2020-03-07 23:59:59";16;22488;20;10;0;<FLG>
V6155020;V615502002;HIXnJ;1;"2020-03-08 00:00:00";"2020-03-08 23:59:59";16;22502;20;10;0;<FLG>
V6155020;V615502002;HIXnJ;1;"2020-03-09 00:00:00";"2020-03-09 12:00:00";16;22510;20;10;0;<FLG>
V6155020;V615502002;HIXnJ;1;"2020-03-10 00:00:00";"2020-03-10 00:00:00";16;22472;20;10;0;<FLG>
V6155020;V615502002;HIXnJ;1;"2020-03-11 00:00:00";"2020-03-11 00:00:00";16;22398;20;10;0;<FLG>
V6155020;V615502002;HIXnJ;1;"2020-03-12 00:00:00";"2020-03-12 00:00:00";16;22305;20;10;0;<FLG>
V6155020;V615502002;HIXnJ;1;"2020-03-13 00:00:00";"2020-03-13 00:00:00";16;22215;20;10;0;<FLG>
V6155020;V615502002;HIXnJ;1;"2020-03-14 00:00:00";"2020-03-14 00:00:00";16;22150;20;10;0;<FLG>
V6155020;V615502002;HIXnJ;1;"2020-03-15 00:00:00";"2020-03-15 00:00:00";16;22090;20;10;0;<FLG>
V6155020;V615502002;HIXnJ;1;"2020-03-16 00:00:00";"2020-03-16 00:00:00";16;22025;20;10;0;<FLG>
V6155020;V615502002;HIXnJ;1;"2020-03-17 00:00:00";"2020-03-17 00:00:00";16;21939;20;10;0;<FLG>
V6155020;V615502002;HIXnJ;1;"2020-03-18 00:00:00";"2020-03-18 00:00:00";16;21837;20;10;0;<FLG>
V6155020;V615502002;HIXnJ;1;"2020-03-19 00:00:00";"2020-03-19 00:00:00";16;21735;20;10;0;<FLG>
V6155020;V615502002;HIXnJ;1;"2020-03-20 00:00:00";"2020-03-20 00:00:00";16;21633;20;10;0;<FLG>
V6155020;V615502002;HIXnJ;1;"2020-03-21 00:00:00";"2020-03-21 00:00:00";16;21531;20;10;0;<FLG>
V6155020;V615502002;HIXnJ;1;"2020-03-22 00:00:00";"2020-03-22 00:00:00";16;21300;20;10;0;<FLG>
V6155020;V615502002;HIXnJ;1;"2020-03-23 00:00:00";"2020-03-23 00:00:00";16;20940;20;10;0;<FLG>
V6155020;V615502002;HIXnJ;1;"2020-03-24 00:00:00";"2020-03-24 00:00:00";16;20580;20;10;0;<FLG>
V6155020;V615502002;HIXnJ;1;"2020-03-25 00:00:00";"2020-03-25 00:00:00";16;20150;20;10;0;<FLG>
V6155020;V615502002;HIXnJ;1;"2020-03-26 00:00:00";"2020-03-26 00:00:00";16;19705;20;10;0;<FLG>
V6155020;V615502002;HIXnJ;1;"2020-03-27 00:00:00";"2020-03-27 00:00:00";16;19330;20;10;0;<FLG>
V6155020;V615502002;HIXnJ;1;"2020-03-28 00:00:00";"2020-03-28 00:00:00";16;18945;20;10;0;<FLG>
V6155020;V615502002;HIXnJ;1;"2020-03-29 00:00:00";"2020-03-29 00:00:00";16;18530;20;10;0;<FLG>
V6155020;V615502002;HIXnJ;1;"2020-03-30 00:00:00";"2020-03-30 00:00:00";16;18110;20;10;0;<FLG>
V6155020;V615502002;HIXnJ;1;"2020-03-31 00:00:00";"2020-03-31 00:00:00";16;17690;20;10;0;<FLG>
V6155020;V615502002;HIXnJ;1;"2020-04-01 00:00:00";"2020-04-01 00:00:00";16;17270;20;10;0;<FLG>
V6155020;V615502002;HIXnJ;1;"2020-04-02 00:00:00";"2020-04-02 00:00:00";16;16925;20;10;0;<FLG>
V6155020;V615502002;HIXnJ;1;"2020-04-03 00:00:00";"2020-04-03 00:00:00";16;16655;20;10;0;<FLG>
V6155020;V615502002;HIXnJ;1;"2020-04-04 00:00:00";"2020-04-04 00:00:00";16;16385;20;10;0;<FLG>
V6155020;V615502002;HIXnJ;1;"2020-04-05 00:00:00";"2020-04-05 00:00:00";16;15885;20;10;0;<FLG>
V6155020;V615502002;HIXnJ;1;"2020-04-06 00:00:00";"2020-04-06 00:00:00";16;15317;20;10;0;<FLG>
V6155020;V615502002;HIXnJ;1;"2020-04-07 00:00:00";"2020-04-07 00:00:00";16;14910;20;10;0;<FLG>
V6155020;V615502002;HIXnJ;1;"2020-04-08 00:00:00";"2020-04-08 00:00:00";16;14503;20;10;0;<FLG>
V6155020;V615502002;HIXnJ;1;"2020-04-09 00:00:00";"2020-04-09 00:00:00";16;14142;20;10;0;<FLG>
V6155020;V615502002;HIXnJ;1;"2020-04-10 00:00:00";"2020-04-10 00:00:00";16;13825;20;10;0;<FLG>
V6155020;V615502002;HIXnJ;1;"2020-04-11 00:00:00";"2020-04-11 00:00:00";16;13508;20;10;0;<FLG>
V6155020;V615502002;HIXnJ;1;"2020-04-12 00:00:00";"2020-04-12 00:00:00";16;13245;20;10;0;<FLG>
V6155020;V615502002;HIXnJ;1;"2020-04-13 00:00:00";"2020-04-13 00:00:00";16;13035;20;10;0;<FLG>
V6155020;V615502002;HIXnJ;1;"2020-04-14 00:00:00";"2020-04-14 00:00:00";16;12825;20;10;0;<FLG>
V6155020;V615502002;HIXnJ;1;"2020-04-15 00:00:00";"2020-04-15 00:00:00";16;12520;20;10;0;<FLG>
V6155020;V615502002;HIXnJ;1;"2020-04-16 00:00:00";"2020-04-16 00:00:00";16;12210;20;10;0;<FLG>
V6155020;V615502002;HIXnJ;1;"2020-04-17 00:00:00";"2020-04-17 00:00:00";16;11990;20;10;0;<FLG>
V6155020;V615502002;HIXnJ;1;"2020-04-18 00:00:00";"2020-04-18 00:00:00";16;11770;20;10;0;<FLG>
V6155020;V615502002;HIXnJ;1;"2020-04-19 00:00:00";"2020-04-19 00:00:00";16;11605;20;10;0;<FLG>
V6155020;V615502002;HIXnJ;1;"2020-04-20 00:00:00";"2020-04-20 00:00:00";16;11495;20;10;0;<FLG>
V6155020;V615502002;HIXnJ;1;"2020-04-21 00:00:00";"2020-04-21 00:00:00";16;11385;20;10;0;<FLG>
V6155020;V615502002;HIXnJ;1;"2020-04-22 00:00:00";"2020-04-22 00:00:00";16;11275;20;10;0;<FLG>
V6155020;V615502002;HIXnJ;1;"2020-04-23 00:00:00";"2020-04-23 00:00:00";16;11110;20;10;0;<FLG>
V6155020;V615502002;HIXnJ;1;"2020-04-24 00:00:00";"2020-04-24 23:59:59";16;11158;20;10;0;<FLG>
V6155020;V615502002;HIXnJ;1;"2020-04-25 00:00:00";"2020-04-25 23:59:59";16;11262;20;10;0;<FLG>
V6155020;V615502002;HIXnJ;1;"2020-04-26 00:00:00";"2020-04-26 23:59:59";16;11368;20;10;0;<FLG>
V6155020;V615502002;HIXnJ;1;"2020-04-27 00:00:00";"2020-04-27 23:59:59";16;11680;20;10;0;<FLG>
V6155020;V615502002;HIXnJ;1;"2020-04-28 00:00:00";"2020-04-28 23:59:59";16;12325;20;10;0;<FLG>
V6155020;V615502002;HIXnJ;1;"2020-04-29 00:00:00";"2020-04-29 23:59:59";16;13155;20;10;0;<FLG>
V6155020;V615502002;HIXnJ;1;"2020-04-30 00:00:00";"2020-04-30 23:59:59";16;13700;20;10;0;<FLG>
V6155020;V615502002;HIXnJ;1;"2020-05-01 00:00:00";"2020-05-01 12:00:00";16;13800;20;10;0;<FLG>
V6155020;V615502002;HIXnJ;1;"2020-05-02 00:00:00";"2020-05-02 00:00:00";16;13682;20;10;0;<FLG>
V6155020;V615502002;HIXnJ;1;"2020-05-03 00:00:00";"2020-05-03 00:00:00";16;13448;20;10;0;<FLG>
V6155020;V615502002;HIXnJ;1;"2020-05-04 00:00:00";"2020-05-04 00:00:00";16;13163;20;10;0;<FLG>
V6155020;V615502002;HIXnJ;1;"2020-05-05 00:00:00";"2020-05-05 00:00:00";16;12830;20;10;0;<FLG>
V6155020;V615502002;HIXnJ;1;"2020-05-06 00:00:00";"2020-05-06 00:00:00";16;12497;20;10;0;<FLG>
V6155020;V615502002;HIXnJ;1;"2020-05-07 00:00:00";"2020-05-07 00:00:00";16;12152;20;10;0;<FLG>
V6155020;V615502002;HIXnJ;1;"2020-05-08 00:00:00";"2020-05-08 00:00:00";16;11795;20;10;0;<FLG>
V6155020;V615502002;HIXnJ;1;"2020-05-09 00:00:00";"2020-05-09 23:59:59";16;13552;20;10;0;<FLG>
V6155020;V615502002;HIXnJ;1;"2020-05-10 00:00:00";"2020-05-10 23:59:59";16;18138;20;10;0;<FLG>
V6155020;V615502002;HIXnJ;1;"2020-05-11 00:00:00";"2020-05-11 23:59:59";16;21325;20;10;0;<FLG>
V6155020;V615502002;HIXnJ;1;"2020-05-12 00:00:00";"2020-05-12 23:59:59";16;22235;20;10;0;<FLG>
V6155020;V615502002;HIXnJ;1;"2020-05-13 00:00:00";"2020-05-13 23:59:59";16;22265;20;10;0;<FLG>
V6155020;V615502002;HIXnJ;1;"2020-05-14 00:00:00";"2020-05-14 12:00:00";16;22280;20;10;0;<FLG>
V6155020;V615502002;HIXnJ;1;"2020-05-15 00:00:00";"2020-05-15 00:00:00";16;22235;20;10;0;<FLG>
V6155020;V615502002;HIXnJ;1;"2020-05-16 00:00:00";"2020-05-16 00:00:00";16;22145;20;10;0;<FLG>
V6155020;V615502002;HIXnJ;1;"2020-05-17 00:00:00";"2020-05-17 23:59:59";16;22210;20;10;0;<FLG>
V6155020;V615502002;HIXnJ;1;"2020-05-18 00:00:00";"2020-05-18 23:59:59";16;22420;20;10;0;<FLG>
V6155020;V615502002;HIXnJ;1;"2020-05-19 00:00:00";"2020-05-19 12:00:00";16;22500;20;10;0;<FLG>
V6155020;V615502002;HIXnJ;1;"2020-05-20 00:00:00";"2020-05-20 12:00:00";16;22500;20;10;0;<FLG>
V6155020;V615502002;HIXnJ;1;"2020-05-21 00:00:00";"2020-05-21 00:00:00";16;22455;20;10;0;<FLG>
V6155020;V615502002;HIXnJ;1;"2020-05-22 00:00:00";"2020-05-22 00:00:00";16;22365;20;10;0;<FLG>
V6155020;V615502002;HIXnJ;1;"2020-05-23 00:00:00";"2020-05-23 00:00:00";16;22280;20;10;0;<FLG>
V6155020;V615502002;HIXnJ;1;"2020-05-24 00:00:00";"2020-05-24 00:00:00";16;22170;20;10;0;<FLG>
V6155020;V615502002;HIXnJ;1;"2020-05-25 00:00:00";"2020-05-25 00:00:00";16;22030;20;10;0;<FLG>
V6155020;V615502002;HIXnJ;1;"2020-05-26 00:00:00";"2020-05-26 00:00:00";16;21863;20;10;0;<FLG>
V6155020;V615502002;HIXnJ;1;"2020-05-27 00:00:00";"2020-05-27 00:00:00";16;21670;20;10;0;<FLG>
V6155020;V615502002;HIXnJ;1;"2020-05-28 00:00:00";"2020-05-28 00:00:00";16;21477;20;10;0;<FLG>
V6155020;V615502002;HIXnJ;1;"2020-05-29 00:00:00";"2020-05-29 00:00:00";16;21140;20;10;0;<FLG>
V6155020;V615502002;HIXnJ;1;"2020-05-30 00:00:00";"2020-05-30 00:00:00";16;20660;20;10;0;<FLG>
V6155020;V615502002;HIXnJ;1;"2020-05-31 00:00:00";"2020-05-31 00:00:00";16;20100;20;10;0;<FLG>
V6155020;V615502002;HIXnJ;1;"2020-06-01 00:00:00";"2020-06-01 00:00:00";16;19440;20;10;0;<FLG>
V6155020;V615502002;HIXnJ;1;"2020-06-02 00:00:00";"2020-06-02 00:00:00";16;18745;20;10;0;<FLG>
V6155020;V615502002;HIXnJ;1;"2020-06-03 00:00:00";"2020-06-03 00:00:00";16;18095;20;10;0;<FLG>
V6155020;V615502002;HIXnJ;1;"2020-06-04 00:00:00";"2020-06-04 00:00:00";16;17485;20;10;0;<FLG>
V6155020;V615502002;HIXnJ;1;"2020-06-05 00:00:00";"2020-06-05 00:00:00";16;17110;20;10;0;<FLG>
V6155020;V615502002;HIXnJ;1;"2020-06-06 00:00:00";"2020-06-06 00:00:00";16;16950;20;10;0;<FLG>
V6155020;V615502002;HIXnJ;1;"2020-06-07 00:00:00";"2020-06-07 00:00:00";16;16625;20;10;0;<FLG>
V6155020;V615502002;HIXnJ;1;"2020-06-08 00:00:00";"2020-06-08 00:00:00";16;16150;20;10;0;<FLG>
V6155020;V615502002;HIXnJ;1;"2020-06-09 00:00:00";"2020-06-09 00:00:00";16;15670;20;10;0;<FLG>
V6155020;V615502002;HIXnJ;1;"2020-06-10 00:00:00";"2020-06-10 00:00:00";16;15210;20;10;0;<FLG>
V6155020;V615502002;HIXnJ;1;"2020-06-11 00:00:00";"2020-06-11 00:00:00";16;14755;20;10;0;<FLG>
V6155020;V615502002;HIXnJ;1;"2020-06-12 00:00:00";"2020-06-12 00:00:00";16;14428;20;10;0;<FLG>
V6155020;V615502002;HIXnJ;1;"2020-06-13 00:00:00";"2020-06-13 00:00:00";16;14225;20;10;0;<FLG>
V6155020;V615502002;HIXnJ;1;"2020-06-14 00:00:00";"2020-06-14 23:59:59";16;14410;20;10;0;<FLG>
V6155020;V615502002;HIXnJ;1;"2020-06-15 00:00:00";"2020-06-15 12:00:00";16;14900;20;10;0;<FLG>
V6155020;V615502002;HIXnJ;1;"2020-06-16 00:00:00";"2020-06-16 00:00:00";16;14725;20;10;0;<FLG>
V6155020;V615502002;HIXnJ;1;"2020-06-17 00:00:00";"2020-06-17 00:00:00";16;14375;20;10;0;<FLG>
V6155020;V615502002;HIXnJ;1;"2020-06-18 00:00:00";"2020-06-18 00:00:00";16;13953;20;10;0;<FLG>
V6155020;V615502002;HIXnJ;1;"2020-06-19 00:00:00";"2020-06-19 00:00:00";16;13460;20;10;0;<FLG>
V6155020;V615502002;HIXnJ;1;"2020-06-20 00:00:00";"2020-06-20 00:00:00";16;12967;20;10;0;<FLG>
V6155020;V615502002;HIXnJ;1;"2020-06-21 00:00:00";"2020-06-21 00:00:00";16;12495;20;10;0;<FLG>
V6155020;V615502002;HIXnJ;1;"2020-06-22 00:00:00";"2020-06-22 00:00:00";16;12052;20;10;0;<FLG>
V6155020;V615502002;HIXnJ;1;"2020-06-23 00:00:00";"2020-06-23 00:00:00";16;11618;20;10;0;<FLG>
V6155020;V615502002;HIXnJ;1;"2020-06-24 00:00:00";"2020-06-24 00:00:00";16;11200;20;10;0;<FLG>
V6155020;V615502002;HIXnJ;1;"2020-06-25 00:00:00";"2020-06-25 00:00:00";16;10825;20;10;0;<FLG>
V6155020;V615502002;HIXnJ;1;"2020-06-26 00:00:00";"2020-06-26 00:00:00";16;10475;20;10;0;<FLG>
V6155020;V615502002;HIXnJ;1;"2020-06-27 00:00:00";"2020-06-27 00:00:00";16;10138;20;10;0;<FLG>
V6155020;V615502002;HIXnJ;1;"2020-06-28 00:00:00";"2020-06-28 00:00:00";16;9812;20;10;0;<FLG>
V6155020;V615502002;HIXnJ;1;"2020-06-29 00:00:00";"2020-06-29 00:00:00";16;9521;20;10;0;<FLG>
V6155020;V615502002;HIXnJ;1;"2020-06-30 00:00:00";"2020-06-30 00:00:00";16;9264;20;10;0;<FLG>
V6155020;V615502002;HIXnJ;1;"2020-07-01 00:00:00";"2020-07-01 00:00:00";16;9006;20;10;0;<FLG>
V6155020;V615502002;HIXnJ;1;"2020-07-02 00:00:00";"2020-07-02 00:00:00";16;8749;20;10;0;<FLG>
V6155020;V615502002;HIXnJ;1;"2020-07-03 00:00:00";"2020-07-03 00:00:00";16;8490;20;10;0;<FLG>
V6155020;V615502002;HIXnJ;1;"2020-07-04 00:00:00";"2020-07-04 00:00:00";16;8230;20;10;0;<FLG>
V6155020;V615502002;HIXnJ;1;"2020-07-05 00:00:00";"2020-07-05 00:00:00";16;8000;20;10;0;<FLG>
V6155020;V615502002;HIXnJ;1;"2020-07-06 00:00:00";"2020-07-06 00:00:00";16;7800;20;10;0;<FLG>
V6155020;V615502002;HIXnJ;1;"2020-07-07 00:00:00";"2020-07-07 00:00:00";16;7600;20;10;0;<FLG>
V6155020;V615502002;HIXnJ;1;"2020-07-08 00:00:00";"2020-07-08 00:00:00";16;7325;20;10;0;<FLG>
V6155020;V615502002;HIXnJ;1;"2020-07-09 00:00:00";"2020-07-09 00:00:00";16;6975;20;10;0;<FLG>
V6155020;V615502002;HIXnJ;1;"2020-07-10 00:00:00";"2020-07-10 12:00:00";16;6850;20;10;0;<FLG>
V6155020;V615502002;HIXnJ;1;"2020-07-11 00:00:00";"2020-07-11 00:00:00";16;6808;20;10;0;<FLG>
V6155020;V615502002;HIXnJ;1;"2020-07-12 00:00:00";"2020-07-12 00:00:00";16;6722;20;10;0;<FLG>
V6155020;V615502002;HIXnJ;1;"2020-07-13 00:00:00";"2020-07-13 00:00:00";16;6590;20;10;0;<FLG>
V6155020;V615502002;HIXnJ;1;"2020-07-14 00:00:00";"2020-07-14 00:00:00";16;6410;20;10;0;<FLG>
V6155020;V615502002;HIXnJ;1;"2020-07-15 00:00:00";"2020-07-15 00:00:00";16;6230;20;10;0;<FLG>
V6155020;V615502002;HIXnJ;1;"2020-07-16 00:00:00";"2020-07-16 00:00:00";16;6050;20;10;0;<FLG>
V6155020;V615502002;HIXnJ;1;"2020-07-17 00:00:00";"2020-07-17 00:00:00";16;5870;20;10;0;<FLG>
V6155020;V615502002;HIXnJ;1;"2020-07-18 00:00:00";"2020-07-18 00:00:00";16;5690;20;10;0;<FLG>
V6155020;V615502002;HIXnJ;1;"2020-07-19 00:00:00";"2020-07-19 00:00:00";16;5531;20;10;0;<FLG>
V6155020;V615502002;HIXnJ;1;"2020-07-20 00:00:00";"2020-07-20 00:00:00";16;5394;20;10;0;<FLG>
V6155020;V615502002;HIXnJ;1;"2020-07-21 00:00:00";"2020-07-21 00:00:00";16;5256;20;10;0;<FLG>
V6155020;V615502002;HIXnJ;1;"2020-07-22 00:00:00";"2020-07-22 00:00:00";16;5119;20;10;0;<FLG>
V6155020;V615502002;HIXnJ;1;"2020-07-23 00:00:00";"2020-07-23 00:00:00";16;5000;20;10;0;<FLG>
V6155020;V615502002;HIXnJ;1;"2020-07-24 00:00:00";"2020-07-24 00:00:00";16;4900;20;10;0;<FLG>
V6155020;V615502002;HIXnJ;1;"2020-07-25 00:00:00";"2020-07-25 00:00:00";16;4800;20;10;0;<FLG>
V6155020;V615502002;HIXnJ;1;"2020-07-26 00:00:00";"2020-07-26 00:00:00";16;4708;20;10;0;<FLG>
V6155020;V615502002;HIXnJ;1;"2020-07-27 00:00:00";"2020-07-27 00:00:00";16;4622;20;10;0;<FLG>
V6155020;V615502002;HIXnJ;1;"2020-07-28 00:00:00";"2020-07-28 00:00:00";16;4520;20;10;0;<FLG>
V6155020;V615502002;HIXnJ;1;"2020-07-29 00:00:00";"2020-07-29 00:00:00";16;4400;20;10;0;<FLG>
V6155020;V615502002;HIXnJ;1;"2020-07-30 00:00:00";"2020-07-30 00:00:00";16;4280;20;10;0;<FLG>
V6155020;V615502002;HIXnJ;1;"2020-07-31 00:00:00";"2020-07-31 00:00:00";16;4160;20;10;0;<FLG>
V6155020;V615502002;HIXnJ;1;"2020-08-01 00:00:00";"2020-08-01 00:00:00";16;4075;20;10;0;<FLG>
V6155020;V615502002;HIXnJ;1;"2020-08-02 00:00:00";"2020-08-02 00:00:00";16;4025;20;10;0;<FLG>
V6155020;V615502002;HIXnJ;1;"2020-08-03 00:00:00";"2020-08-03 00:00:00";16;3975;20;10;0;<FLG>
V6155020;V615502002;HIXnJ;1;"2020-08-04 00:00:00";"2020-08-04 00:00:00";16;3917;20;10;0;<FLG>
V6155020;V615502002;HIXnJ;1;"2020-08-05 00:00:00";"2020-08-05 00:00:00";16;3850;20;10;0;<FLG>
V6155020;V615502002;HIXnJ;1;"2020-08-06 00:00:00";"2020-08-06 00:00:00";16;3783;20;10;0;<FLG>
V6155020;V615502002;HIXnJ;1;"2020-08-07 00:00:00";"2020-08-07 00:00:00";16;3688;20;10;0;<FLG>
V6155020;V615502002;HIXnJ;1;"2020-08-08 00:00:00";"2020-08-08 00:00:00";16;3562;20;10;0;<FLG>
V6155020;V615502002;HIXnJ;1;"2020-08-09 00:00:00";"2020-08-09 00:00:00";16;3458;20;10;0;<FLG>
V6155020;V615502002;HIXnJ;1;"2020-08-10 00:00:00";"2020-08-10 00:00:00";16;3375;20;10;0;<FLG>
V6155020;V615502002;HIXnJ;1;"2020-08-11 00:00:00";"2020-08-11 00:00:00";16;3292;20;10;0;<FLG>
V6155020;V615502002;HIXnJ;1;"2020-08-12 00:00:00";"2020-08-12 00:00:00";16;3212;20;10;0;<FLG>
V6155020;V615502002;HIXnJ;1;"2020-08-13 00:00:00";"2020-08-13 00:00:00";16;3138;20;10;0;<FLG>
V6155020;V615502002;HIXnJ;1;"2020-08-14 00:00:00";"2020-08-14 00:00:00";16;3062;20;10;0;<FLG>
V6155020;V615502002;HIXnJ;1;"2020-08-15 00:00:00";"2020-08-15 00:00:00";16;2988;20;10;0;<FLG>
V6155020;V615502002;HIXnJ;1;"2020-08-16 00:00:00";"2020-08-16 00:00:00";16;2935;20;10;0;<FLG>
V6155020;V615502002;HIXnJ;1;"2020-08-17 00:00:00";"2020-08-17 00:00:00";16;2905;20;10;0;<FLG>
V6155020;V615502002;HIXnJ;1;"2020-08-18 00:00:00";"2020-08-18 00:00:00";16;2875;20;10;0;<FLG>
V6155020;V615502002;HIXnJ;1;"2020-08-19 00:00:00";"2020-08-19 00:00:00";16;2845;20;10;0;<FLG>
V6155020;V615502002;HIXnJ;1;"2020-08-20 00:00:00";"2020-08-20 00:00:00";16;2815;20;10;0;<FLG>
V6155020;V615502002;HIXnJ;1;"2020-08-21 00:00:00";"2020-08-21 00:00:00";16;2775;20;10;0;<FLG>
V6155020;V615502002;HIXnJ;1;"2020-08-22 00:00:00";"2020-08-22 00:00:00";16;2725;20;10;0;<FLG>
V6155020;V615502002;HIXnJ;1;"2020-08-23 00:00:00";"2020-08-23 00:00:00";16;2687;20;10;0;<FLG>
V6155020;V615502002;HIXnJ;1;"2020-08-24 00:00:00";"2020-08-24 00:00:00";16;2660;20;10;0;<FLG>
V6155020;V615502002;HIXnJ;1;"2020-08-25 00:00:00";"2020-08-25 00:00:00";16;2633;20;10;0;<FLG>
V6155020;V615502002;HIXnJ;1;"2020-08-26 00:00:00";"2020-08-26 00:00:00";16;2570;20;10;0;<FLG>
V6155020;V615502002;HIXnJ;1;"2020-08-27 00:00:00";"2020-08-27 00:00:00";16;2470;20;10;0;<FLG>
V6155020;V615502002;HIXnJ;1;"2020-08-28 00:00:00";"2020-08-28 00:00:00";16;2420;20;10;0;<FLG>
V6155020;V615502002;HIXnJ;1;"2020-08-29 00:00:00";"2020-08-29 12:00:00";16;2420;20;10;0;<FLG>
V6155020;V615502002;HIXnJ;1;"2020-08-30 00:00:00";"2020-08-30 12:00:00";16;2420;20;10;0;<FLG>
V6155020;V615502002;HIXnJ;1;"2020-08-31 00:00:00";"2020-08-31 00:00:00";16;2360;20;10;0;<FLG>
V6155020;V615502002;HIXnJ;1;"2020-09-01 00:00:00";"2020-09-01 00:00:00";16;2260;20;10;0;<FLG>
V6155020;V615502002;HIXnJ;1;"2020-09-02 00:00:00";"2020-09-02 00:00:00";16;2198;20;10;0;<FLG>
V6155020;V615502002;HIXnJ;1;"2020-09-03 00:00:00";"2020-09-03 00:00:00";16;2154;20;10;0;<FLG>
V6155020;V615502002;HIXnJ;1;"2020-09-04 00:00:00";"2020-09-04 00:00:00";16;2110;20;10;0;<FLG>
V6155020;V615502002;HIXnJ;1;"2020-09-05 00:00:00";"2020-09-05 00:00:00";16;2066;20;10;0;<FLG>
V6155020;V615502002;HIXnJ;1;"2020-09-06 00:00:00";"2020-09-06 00:00:00";16;2022;20;10;0;<FLG>
V6155020;V615502002;HIXnJ;1;"2020-09-07 00:00:00";"2020-09-07 00:00:00";16;1981;20;10;0;<FLG>
V6155020;V615502002;HIXnJ;1;"2020-09-08 00:00:00";"2020-09-08 00:00:00";16;1944;20;10;0;<FLG>
V6155020;V615502002;HIXnJ;1;"2020-09-09 00:00:00";"2020-09-09 00:00:00";16;1906;20;10;0;<FLG>
V6155020;V615502002;HIXnJ;1;"2020-09-10 00:00:00";"2020-09-10 00:00:00";16;1869;20;10;0;<FLG>
V6155020;V615502002;HIXnJ;1;"2020-09-11 00:00:00";"2020-09-11 00:00:00";16;1838;20;10;0;<FLG>
V6155020;V615502002;HIXnJ;1;"2020-09-12 00:00:00";"2020-09-12 00:00:00";16;1812;20;10;0;<FLG>
V6155020;V615502002;HIXnJ;1;"2020-09-13 00:00:00";"2020-09-13 00:00:00";16;1780;20;10;0;<FLG>
V6155020;V615502002;HIXnJ;1;"2020-09-14 00:00:00";"2020-09-14 00:00:00";16;1740;20;10;0;<FLG>
V6155020;V615502002;HIXnJ;1;"2020-09-15 00:00:00";"2020-09-15 00:00:00";16;1700;20;10;0;<FLG>
V6155020;V615502002;HIXnJ;1;"2020-09-16 00:00:00";"2020-09-16 00:00:00";16;1660;20;10;0;<FLG>
V6155020;V615502002;HIXnJ;1;"2020-09-17 00:00:00";"2020-09-17 00:00:00";16;1620;20;10;0;<FLG>
V6155020;V615502002;HIXnJ;1;"2020-09-18 00:00:00";"2020-09-18 23:59:59";16;1645;20;10;0;<FLG>
V6155020;V615502002;HIXnJ;1;"2020-09-19 00:00:00";"2020-09-19 23:59:59";16;1675;20;10;0;<FLG>
V6155020;V615502002;HIXnJ;1;"2020-09-20 00:00:00";"2020-09-20 23:59:59";16;1705;20;10;0;<FLG>
V6155020;V615502002;HIXnJ;1;"2020-09-21 00:00:00";"2020-09-21 23:59:59";16;1735;20;10;0;<FLG>
V6155020;V615502002;HIXnJ;1;"2020-09-22 00:00:00";"2020-09-22 23:59:59";16;1825;20;10;0;<FLG>
V6155020;V615502002;HIXnJ;1;"2020-09-23 00:00:00";"2020-09-23 12:00:00";16;1900;20;10;0;<FLG>
V6155020;V615502002;HIXnJ;1;"2020-09-24 00:00:00";"2020-09-24 00:00:00";16;1900;20;10;0;<FLG>
V6155020;V615502002;HIXnJ;1;"2020-09-25 00:00:00";"2020-09-25 12:00:00";16;1900;20;10;0;<FLG>
V6155020;V615502002;HIXnJ;1;"2020-09-26 00:00:00";"2020-09-26 00:00:00";16;1900;20;10;0;<FLG>
V6155020;V615502002;HIXnJ;1;"2020-09-27 00:00:00";"2020-09-27 00:00:00";16;1900;20;10;0;<FLG>
V6155020;V615502002;HIXnJ;1;"2020-09-28 00:00:00";"2020-09-28 12:00:00";16;1900;20;10;0;<FLG>
V6155020;V615502002;HIXnJ;1;"2020-09-29 00:00:00";"2020-09-29 00:00:00";16;1860;20;10;0;<FLG>
V6155020;V615502002;HIXnJ;1;"2020-09-30 00:00:00";"2020-09-30 00:00:00";16;1802;20;10;0;<FLG>
V6155020;V615502002;HIXnJ;1;"2020-10-01 00:00:00";"2020-10-01 23:59:59";16;2088;20;10;0;<FLG>
V6155020;V615502002;HIXnJ;1;"2020-10-02 00:00:00";"2020-10-02 23:59:59";16;2762;20;10;0;<FLG>
V6155020;V615502002;HIXnJ;1;"2020-10-03 00:00:00";"2020-10-03 23:59:59";16;3740;20;10;0;<FLG>
V6155020;V615502002;HIXnJ;1;"2020-10-04 00:00:00";"2020-10-04 23:59:59";16;4440;20;10;0;<FLG>
V6155020;V615502002;HIXnJ;1;"2020-10-05 00:00:00";"2020-10-05 12:00:00";16;4500;20;10;0;<FLG>
V6155020;V615502002;HIXnJ;1;"2020-10-06 00:00:00";"2020-10-06 00:00:00";16;4433;20;10;0;<FLG>
V6155020;V615502002;HIXnJ;1;"2020-10-07 00:00:00";"2020-10-07 00:00:00";16;4300;20;10;0;<FLG>
V6155020;V615502002;HIXnJ;1;"2020-10-08 00:00:00";"2020-10-08 00:00:00";16;4167;20;10;0;<FLG>
V6155020;V615502002;HIXnJ;1;"2020-10-09 00:00:00";"2020-10-09 00:00:00";16;4012;20;10;0;<FLG>
V6155020;V615502002;HIXnJ;1;"2020-10-10 00:00:00";"2020-10-10 00:00:00";16;3838;20;10;0;<FLG>
V6155020;V615502002;HIXnJ;1;"2020-10-11 00:00:00";"2020-10-11 00:00:00";16;3650;20;10;0;<FLG>
V6155020;V615502002;HIXnJ;1;"2020-10-12 00:00:00";"2020-10-12 00:00:00";16;3450;20;10;0;<FLG>
V6155020;V615502002;HIXnJ;1;"2020-10-13 00:00:00";"2020-10-13 00:00:00";16;3250;20;10;0;<FLG>
V6155020;V615502002;HIXnJ;1;"2020-10-14 00:00:00";"2020-10-14 00:00:00";16;3065;20;10;0;<FLG>
V6155020;V615502002;HIXnJ;1;"2020-10-15 00:00:00";"2020-10-15 00:00:00";16;2895;20;10;0;<FLG>
V6155020;V615502002;HIXnJ;1;"2020-10-16 00:00:00";"2020-10-16 00:00:00";16;2725;20;10;0;<FLG>
V6155020;V615502002;HIXnJ;1;"2020-10-17 00:00:00";"2020-10-17 00:00:00";16;2555;20;10;0;<FLG>
V6155020;V615502002;HIXnJ;1;"2020-10-18 00:00:00";"2020-10-18 00:00:00";16;2385;20;10;0;<FLG>
V6155020;V615502002;HIXnJ;1;"2020-10-19 00:00:00";"2020-10-19 00:00:00";16;2250;20;10;0;<FLG>
V6155020;V615502002;HIXnJ;1;"2020-10-20 00:00:00";"2020-10-20 00:00:00";16;2150;20;10;0;<FLG>
V6155020;V615502002;HIXnJ;1;"2020-10-21 00:00:00";"2020-10-21 00:00:00";16;2050;20;10;0;<FLG>
V6155020;V615502002;HIXnJ;1;"2020-10-22 00:00:00";"2020-10-22 23:59:59";16;2275;20;10;0;<FLG>
V6155020;V615502002;HIXnJ;1;"2020-10-23 00:00:00";"2020-10-23 23:59:59";16;3025;20;10;0;<FLG>
V6155020;V615502002;HIXnJ;1;"2020-10-24 00:00:00";"2020-10-24 23:59:59";16;4050;20;10;0;<FLG>
V6155020;V615502002;HIXnJ;1;"2020-10-25 00:00:00";"2020-10-25 12:00:00";16;4700;20;10;0;<FLG>
V6155020;V615502002;HIXnJ;1;"2020-10-26 00:00:00";"2020-10-26 23:59:59";16;4800;20;10;0;<FLG>
V6155020;V615502002;HIXnJ;1;"2020-10-27 00:00:00";"2020-10-27 23:59:59";16;5200;20;10;0;<FLG>
V6155020;V615502002;HIXnJ;1;"2020-10-28 00:00:00";"2020-10-28 12:00:00";16;5400;20;10;0;<FLG>
V6155020;V615502002;HIXnJ;1;"2020-10-29 00:00:00";"2020-10-29 00:00:00";16;5125;20;10;0;<FLG>
V6155020;V615502002;HIXnJ;1;"2020-10-30 00:00:00";"2020-10-30 00:00:00";16;4650;20;10;0;<FLG>
V6155020;V615502002;HIXnJ;1;"2020-10-31 00:00:00";"2020-10-31 00:00:00";16;4250;20;10;0;<FLG>
V6155020;V615502002;HIXnJ;1;"2020-11-01 00:00:00";"2020-11-01 00:00:00";16;3908;20;10;0;<FLG>
V6155020;V615502002;HIXnJ;1;"2020-11-02 00:00:00";"2020-11-02 00:00:00";16;3625;20;10;0;<FLG>
V6155020;V615502002;HIXnJ;1;"2020-11-03 00:00:00";"2020-11-03 00:00:00";16;3342;20;10;0;<FLG>
V6155020;V615502002;HIXnJ;1;"2020-11-04 00:00:00";"2020-11-04 00:00:00";16;3100;20;10;0;<FLG>
V6155020;V615502002;HIXnJ;1;"2020-11-05 00:00:00";"2020-11-05 00:00:00";16;2900;20;10;0;<FLG>
V6155020;V615502002;HIXnJ;1;"2020-11-06 00:00:00";"2020-11-06 00:00:00";16;2700;20;10;0;<FLG>
V6155020;V615502002;HIXnJ;1;"2020-11-07 00:00:00";"2020-11-07 23:59:59";16;2675;20;10;0;<FLG>
V6155020;V615502002;HIXnJ;1;"2020-11-08 00:00:00";"2020-11-08 23:59:59";16;3225;20;10;0;<FLG>
V6155020;V615502002;HIXnJ;1;"2020-11-09 00:00:00";"2020-11-09 23:59:59";16;3638;20;10;0;<FLG>
V6155020;V615502002;HIXnJ;1;"2020-11-10 00:00:00";"2020-11-10 23:59:59";16;3912;20;10;0;<FLG>
V6155020;V615502002;HIXnJ;1;"2020-11-11 00:00:00";"2020-11-11 12:00:00";16;4050;20;10;0;<FLG>
V6155020;V615502002;HIXnJ;1;"2020-11-12 00:00:00";"2020-11-12 00:00:00";16;3925;20;10;0;<FLG>
V6155020;V615502002;HIXnJ;1;"2020-11-13 00:00:00";"2020-11-13 00:00:00";16;3700;20;10;0;<FLG>
V6155020;V615502002;HIXnJ;1;"2020-11-14 00:00:00";"2020-11-14 00:00:00";16;3500;20;10;0;<FLG>
V6155020;V615502002;HIXnJ;1;"2020-11-15 00:00:00";"2020-11-15 00:00:00";16;3375;20;10;0;<FLG>
V6155020;V615502002;HIXnJ;1;"2020-11-16 00:00:00";"2020-11-16 00:00:00";16;3338;20;10;0;<FLG>
V6155020;V615502002;HIXnJ;1;"2020-11-17 00:00:00";"2020-11-17 23:59:59";16;3350;20;10;0;<FLG>
V6155020;V615502002;HIXnJ;1;"2020-11-18 00:00:00";"2020-11-18 12:00:00";16;3400;20;10;0;<FLG>
V6155020;V615502002;HIXnJ;1;"2020-11-19 00:00:00";"2020-11-19 00:00:00";16;3350;20;10;0;<FLG>
V6155020;V615502002;HIXnJ;1;"2020-11-20 00:00:00";"2020-11-20 00:00:00";16;3250;20;10;0;<FLG>
V6155020;V615502002;HIXnJ;1;"2020-11-21 00:00:00";"2020-11-21 00:00:00";16;3150;20;10;0;<FLG>
V6155020;V615502002;HIXnJ;1;"2020-11-22 00:00:00";"2020-11-22 00:00:00";16;3075;20;10;0;<FLG>
V6155020;V615502002;HIXnJ;1;"2020-11-23 00:00:00";"2020-11-23 00:00:00";16;2983;20;10;0;<FLG>
V6155020;V615502002;HIXnJ;1;"2020-11-24 00:00:00";"2020-11-24 00:00:00";16;2850;20;10;0;<FLG>
V6155020;V615502002;HIXnJ;1;"2020-11-25 00:00:00";"2020-11-25 00:00:00";16;2717;20;10;0;<FLG>
V6155020;V615502002;HIXnJ;1;"2020-11-26 00:00:00";"2020-11-26 00:00:00";16;2595;20;10;0;<FLG>
V6155020;V615502002;HIXnJ;1;"2020-11-27 00:00:00";"2020-11-27 00:00:00";16;2485;20;10;0;<FLG>
V6155020;V615502002;HIXnJ;1;"2020-11-28 00:00:00";"2020-11-28 00:00:00";16;2375;20;10;0;<FLG>
V6155020;V615502002;HIXnJ;1;"2020-11-29 00:00:00";"2020-11-29 00:00:00";16;2265;20;10;0;<FLG>
V6155020;V615502002;HIXnJ;1;"2020-11-30 00:00:00";"2020-11-30 00:00:00";16;2155;20;10;0;<FLG>
V6155020;V615502002;HIXnJ;1;"2020-12-01 00:00:00";"2020-12-01 00:00:00";16;2050;20;10;0;<FLG>
V6155020;V615502002;HIXnJ;1;"2020-12-02 00:00:00";"2020-12-02 00:00:00";16;1983;20;10;0;<FLG>
V6155020;V615502002;HIXnJ;1;"2020-12-03 00:00:00";"2020-12-03 00:00:00";16;1950;20;10;0;<FLG>
V6155020;V615502002;HIXnJ;1;"2020-12-04 00:00:00";"2020-12-04 00:00:00";16;1917;20;10;0;<FLG>
V6155020;V615502002;HIXnJ;1;"2020-12-05 00:00:00";"2020-12-05 00:00:00";16;1890;20;10;0;<FLG>
V6155020;V615502002;HIXnJ;1;"2020-12-06 00:00:00";"2020-12-06 00:00:00";16;1860;20;10;0;<FLG>
V6155020;V615502002;HIXnJ;1;"2020-12-07 00:00:00";"2020-12-07 00:00:00";16;1820;20;10;0;<FLG>
V6155020;V615502002;HIXnJ;1;"2020-12-08 00:00:00";"2020-12-08 00:00:00";16;1783;20;10;0;<FLG>
V6155020;V615502002;HIXnJ;1;"2020-12-09 00:00:00";"2020-12-09 00:00:00";16;1750;20;10;0;<FLG>
V6155020;V615502002;HIXnJ;1;"2020-12-10 00:00:00";"2020-12-10 00:00:00";16;1717;20;10;0;<FLG>
V6155020;V615502002;HIXnJ;1;"2020-12-11 00:00:00";"2020-12-11 00:00:00";16;1700;20;10;0;<FLG>
V6155020;V615502002;HIXnJ;1;"2020-12-12 00:00:00";"2020-12-12 23:59:59";16;2250;20;10;0;<FLG>
V6155020;V615502002;HIXnJ;1;"2020-12-13 00:00:00";"2020-12-13 23:59:59";16;3125;20;10;0;<FLG>
V6155020;V615502002;HIXnJ;1;"2020-12-14 00:00:00";"2020-12-14 23:59:59";16;3500;20;10;0;<FLG>
V6155020;V615502002;HIXnJ;1;"2020-12-15 00:00:00";"2020-12-15 23:59:59";16;3825;20;10;0;<FLG>
V6155020;V615502002;HIXnJ;1;"2020-12-16 00:00:00";"2020-12-16 23:59:59";16;5290;20;10;0;<FLG>
V6155020;V615502002;HIXnJ;1;"2020-12-17 00:00:00";"2020-12-17 23:59:59";16;6990;20;10;0;<FLG>
V6155020;V615502002;HIXnJ;1;"2020-12-18 00:00:00";"2020-12-18 12:00:00";16;7500;20;10;0;<FLG>
V6155020;V615502002;HIXnJ;1;"2020-12-19 00:00:00";"2020-12-19 12:00:00";16;7500;20;10;0;<FLG>
V6155020;V615502002;HIXnJ;1;"2020-12-20 00:00:00";"2020-12-20 23:59:59";16;7725;20;10;0;<FLG>
V6155020;V615502002;HIXnJ;1;"2020-12-21 00:00:00";"2020-12-21 23:59:59";16;8825;20;10;0;<FLG>
V6155020;V615502002;HIXnJ;1;"2020-12-22 00:00:00";"2020-12-22 23:59:59";16;9800;20;10;0;<FLG>
V6155020;V615502002;HIXnJ;1;"2020-12-23 00:00:00";"2020-12-23 12:00:00";16;9900;20;10;0;<FLG>
V6155020;V615502002;HIXnJ;1;"2020-12-24 00:00:00";"2020-12-24 00:00:00";16;9600;20;10;0;<FLG>
V6155020;V615502002;HIXnJ;1;"2020-12-25 00:00:00";"2020-12-25 00:00:00";16;9190;20;10;0;<FLG>
V6155020;V615502002;HIXnJ;1;"2020-12-26 00:00:00";"2020-12-26 00:00:00";16;8990;20;10;0;<FLG>
V6155020;V615502002;HIXnJ;1;"2020-12-27 00:00:00";"2020-12-27 00:00:00";16;8698;20;10;0;<FLG>
V6155020;V615502002;HIXnJ;1;"2020-12-28 00:00:00";"2020-12-28 00:00:00";16;8292;20;10;0;<FLG>
V6155020;V615502002;HIXnJ;1;"2020-12-29 00:00:00";"2020-12-29 00:00:00";16;7888;20;10;0;<FLG>
V6155020;V615502002;HIXnJ;1;"2020-12-30 00:00:00";"2020-12-30 00:00:00";16;7482;20;10;0;<FLG>
V6155020;V615502002;HIXnJ;1;"2020-12-31 00:00:00";"2020-12-31 00:00:00";16;7098;20;10;0;<FLG>
V6155020;V615502002;HIXnJ;1;"2021-01-01 00:00:00";"2021-01-01 00:00:00";16;6732;20;10;0;<FLG>
V6155020;V615502002;HIXnJ;1;"2021-01-02 00:00:00";"2021-01-02 23:59:59";16;6700;20;10;0;<FLG>
V6155020;V615502002;HIXnJ;1;"2021-01-03 00:00:00";"2021-01-03 12:00:00";16;6800;20;10;0;<FLG>
V6155020;V615502002;HIXnJ;1;"2021-01-04 00:00:00";"2021-01-04 00:00:00";16;6700;20;10;0;<FLG>
V6155020;V615502002;HIXnJ;1;"2021-01-05 00:00:00";"2021-01-05 00:00:00";16;6460;20;10;0;<FLG>
V6155020;V615502002;HIXnJ;1;"2021-01-06 00:00:00";"2021-01-06 00:00:00";16;6180;20;10;0;<FLG>
V6155020;V615502002;HIXnJ;1;"2021-01-07 00:00:00";"2021-01-07 00:00:00";16;5900;20;10;0;<FLG>
V6155020;V615502002;HIXnJ;1;"2021-01-08 00:00:00";"2021-01-08 00:00:00";16;5620;20;10;0;<FLG>
V6155020;V615502002;HIXnJ;1;"2021-01-09 00:00:00";"2021-01-09 00:00:00";16;5340;20;10;0;<FLG>
V6155020;V615502002;HIXnJ;1;"2021-01-10 00:00:00";"2021-01-10 00:00:00";16;5075;20;10;0;<FLG>
V6155020;V615502002;HIXnJ;1;"2021-01-11 00:00:00";"2021-01-11 00:00:00";16;4842;20;10;0;<FLG>
V6155020;V615502002;HIXnJ;1;"2021-01-12 00:00:00";"2021-01-12 00:00:00";16;4625;20;10;0;<FLG>
V6155020;V615502002;HIXnJ;1;"2021-01-13 00:00:00";"2021-01-13 00:00:00";16;4408;20;10;0;<FLG>
V6155020;V615502002;HIXnJ;1;"2021-01-14 00:00:00";"2021-01-14 23:59:59";16;4545;20;10;0;<FLG>
V6155020;V615502002;HIXnJ;1;"2021-01-15 00:00:00";"2021-01-15 23:59:59";16;4708;20;10;0;<FLG>
V6155020;V615502002;HIXnJ;1;"2021-01-16 00:00:00";"2021-01-16 23:59:59";16;4805;20;10;0;<FLG>
V6155020;V615502002;HIXnJ;1;"2021-01-17 00:00:00";"2021-01-17 23:59:59";16;4835;20;10;0;<FLG>
V6155020;V615502002;HIXnJ;1;"2021-01-18 00:00:00";"2021-01-18 12:00:00";16;4850;20;10;0;<FLG>
V6155020;V615502002;HIXnJ;1;"2021-01-19 00:00:00";"2021-01-19 00:00:00";16;4808;20;10;0;<FLG>
V6155020;V615502002;HIXnJ;1;"2021-01-20 00:00:00";"2021-01-20 00:00:00";16;4725;20;10;0;<FLG>
V6155020;V615502002;HIXnJ;1;"2021-01-21 00:00:00";"2021-01-21 23:59:59";16;5700;20;10;0;<FLG>
V6155020;V615502002;HIXnJ;1;"2021-01-22 00:00:00";"2021-01-22 23:59:59";16;9250;20;10;0;<FLG>
V6155020;V615502002;HIXnJ;1;"2021-01-23 00:00:00";"2021-01-23 23:59:59";16;14200;20;10;0;<FLG>
V6155020;V615502002;HIXnJ;1;"2021-01-24 00:00:00";"2021-01-24 23:59:59";16;17265;20;10;0;<FLG>
V6155020;V615502002;HIXnJ;1;"2021-01-25 00:00:00";"2021-01-25 12:00:00";16;17830;20;10;0;<FLG>
V6155020;V615502002;HIXnJ;1;"2021-01-26 00:00:00";"2021-01-26 00:00:00";16;17565;20;10;0;<FLG>
V6155020;V615502002;HIXnJ;1;"2021-01-27 00:00:00";"2021-01-27 00:00:00";16;16650;20;10;0;<FLG>
V6155020;V615502002;HIXnJ;1;"2021-01-28 00:00:00";"2021-01-28 00:00:00";16;15325;20;10;0;<FLG>
V6155020;V615502002;HIXnJ;1;"2021-01-29 00:00:00";"2021-01-29 00:00:00";16;14612;20;10;0;<FLG>
V6155020;V615502002;HIXnJ;1;"2021-01-30 00:00:00";"2021-01-30 23:59:59";16;14775;20;10;0;<FLG>
V6155020;V615502002;HIXnJ;1;"2021-01-31 00:00:00";"2021-01-31 23:59:59";16;15500;20;10;0;<FLG>
V6155020;V615502002;HIXnJ;1;"2021-02-01 00:00:00";"2021-02-01 23:59:59";16;16465;20;10;0;<FLG>
V6155020;V615502002;HIXnJ;1;"2021-02-02 00:00:00";"2021-02-02 23:59:59";16;17935;20;10;0;<FLG>
V6155020;V615502002;HIXnJ;1;"2021-02-03 00:00:00";"2021-02-03 23:59:59";16;19295;20;10;0;<FLG>
V6155020;V615502002;HIXnJ;1;"2021-02-04 00:00:00";"2021-02-04 12:00:00";16;19700;20;10;0;<FLG>
V6155020;V615502002;HIXnJ;1;"2021-02-05 00:00:00";"2021-02-05 00:00:00";16;19620;20;10;0;<FLG>
V6155020;V615502002;HIXnJ;1;"2021-02-06 00:00:00";"2021-02-06 00:00:00";16;19250;20;10;0;<FLG>
V6155020;V615502002;HIXnJ;1;"2021-02-07 00:00:00";"2021-02-07 00:00:00";16;18490;20;10;0;<FLG>
V6155020;V615502002;HIXnJ;1;"2021-02-08 00:00:00";"2021-02-08 23:59:59";16;18025;20;10;0;<FLG>
V6155020;V615502002;HIXnJ;1;"2021-02-09 00:00:00";"2021-02-09 23:59:59";16;18235;20;10;0;<FLG>
V6155020;V615502002;HIXnJ;1;"2021-02-10 00:00:00";"2021-02-10 23:59:59";16;19060;20;10;0;<FLG>
V6155020;V615502002;HIXnJ;1;"2021-02-11 00:00:00";"2021-02-11 23:59:59";16;20475;20;10;0;<FLG>
V6155020;V615502002;HIXnJ;1;"2021-02-12 00:00:00";"2021-02-12 23:59:59";16;21170;20;10;0;<FLG>
V6155020;V615502002;HIXnJ;1;"2021-02-13 00:00:00";"2021-02-13 12:00:00";16;21220;20;10;0;<FLG>
V6155020;V615502002;HIXnJ;1;"2021-02-14 00:00:00";"2021-02-14 00:00:00";16;20950;20;10;0;<FLG>
V6155020;V615502002;HIXnJ;1;"2021-02-15 00:00:00";"2021-02-15 00:00:00";16;20220;20;10;0;<FLG>
V6155020;V615502002;HIXnJ;1;"2021-02-16 00:00:00";"2021-02-16 00:00:00";16;19360;20;10;0;<FLG>
V6155020;V615502002;HIXnJ;1;"2021-02-17 00:00:00";"2021-02-17 00:00:00";16;18560;20;10;0;<FLG>
V6155020;V615502002;HIXnJ;1;"2021-02-18 00:00:00";"2021-02-18 00:00:00";16;17855;20;10;0;<FLG>
V6155020;V615502002;HIXnJ;1;"2021-02-19 00:00:00";"2021-02-19 00:00:00";16;17185;20;10;0;<FLG>
V6155020;V615502002;HIXnJ;1;"2021-02-20 00:00:00";"2021-02-20 23:59:59";16;17740;20;10;0;<FLG>
V6155020;V615502002;HIXnJ;1;"2021-02-21 00:00:00";"2021-02-21 12:00:00";16;19400;20;10;0;<FLG>
V6155020;V615502002;HIXnJ;1;"2021-02-22 00:00:00";"2021-02-22 00:00:00";16;17085;20;10;0;<FLG>
V6155020;V615502002;HIXnJ;1;"2021-02-23 00:00:00";"2021-02-23 00:00:00";16;14425;20;10;0;<FLG>
V6155020;V615502002;HIXnJ;1;"2021-02-24 00:00:00";"2021-02-24 00:00:00";16;13890;20;10;0;<FLG>
V6155020;V615502002;HIXnJ;1;"2021-02-25 00:00:00";"2021-02-25 00:00:00";16;13550;20;10;0;<FLG>
V6155020;V615502002;HIXnJ;1;"2021-02-26 00:00:00";"2021-02-26 00:00:00";16;13200;20;10;0;<FLG>
V6155020;V615502002;HIXnJ;1;"2021-02-27 00:00:00";"2021-02-27 00:00:00";16;12835;20;10;0;<FLG>
V6155020;V615502002;HIXnJ;1;"2021-02-28 00:00:00";"2021-02-28 00:00:00";16;12465;20;10;0;<FLG>
V6155020;V615502002;HIXnJ;1;"2021-03-01 00:00:00";"2021-03-01 00:00:00";16;12015;20;10;0;<FLG>
V6155020;V615502002;HIXnJ;1;"2021-03-02 00:00:00";"2021-03-02 00:00:00";16;11535;20;10;0;<FLG>
V6155020;V615502002;HIXnJ;1;"2021-03-03 00:00:00";"2021-03-03 00:00:00";16;11050;20;10;0;<FLG>
V6155020;V615502002;HIXnJ;1;"2021-03-04 00:00:00";"2021-03-04 00:00:00";16;10575;20;10;0;<FLG>
V6155020;V615502002;HIXnJ;1;"2021-03-05 00:00:00";"2021-03-05 00:00:00";16;10167;20;10;0;<FLG>
V6155020;V615502002;HIXnJ;1;"2021-03-06 00:00:00";"2021-03-06 00:00:00";16;9800;20;10;0;<FLG>
V6155020;V615502002;HIXnJ;1;"2021-03-07 00:00:00";"2021-03-07 00:00:00";16;9433;20;10;0;<FLG>
V6155020;V615502002;HIXnJ;1;"2021-03-08 00:00:00";"2021-03-08 00:00:00";16;9085;20;10;0;<FLG>
V6155020;V615502002;HIXnJ;1;"2021-03-09 00:00:00";"2021-03-09 00:00:00";16;8810;20;10;0;<FLG>
V6155020;V615502002;HIXnJ;1;"2021-03-10 00:00:00";"2021-03-10 00:00:00";16;8575;20;10;0;<FLG>
V6155020;V615502002;HIXnJ;1;"2021-03-11 00:00:00";"2021-03-11 00:00:00";16;8262;20;10;0;<FLG>
V6155020;V615502002;HIXnJ;1;"2021-03-12 00:00:00";"2021-03-12 00:00:00";16;7888;20;10;0;<FLG>
V6155020;V615502002;HIXnJ;1;"2021-03-13 00:00:00";"2021-03-13 00:00:00";16;7588;20;10;0;<FLG>
V6155020;V615502002;HIXnJ;1;"2021-03-14 00:00:00";"2021-03-14 00:00:00";16;7362;20;10;0;<FLG>
V6155020;V615502002;HIXnJ;1;"2021-03-15 00:00:00";"2021-03-15 00:00:00";16;7108;20;10;0;<FLG>
V6155020;V615502002;HIXnJ;1;"2021-03-16 00:00:00";"2021-03-16 00:00:00";16;6825;20;10;0;<FLG>
V6155020;V615502002;HIXnJ;1;"2021-03-17 00:00:00";"2021-03-17 00:00:00";16;6542;20;10;0;<FLG>
V6155020;V615502002;HIXnJ;1;"2021-03-18 00:00:00";"2021-03-18 00:00:00";16;6308;20;10;0;<FLG>
V6155020;V615502002;HIXnJ;1;"2021-03-19 00:00:00";"2021-03-19 00:00:00";16;6125;20;10;0;<FLG>
V6155020;V615502002;HIXnJ;1;"2021-03-20 00:00:00";"2021-03-20 00:00:00";16;5942;20;10;0;<FLG>
V6155020;V615502002;HIXnJ;1;"2021-03-21 00:00:00";"2021-03-21 00:00:00";16;5750;20;10;0;<FLG>
V6155020;V615502002;HIXnJ;1;"2021-03-22 00:00:00";"2021-03-22 00:00:00";16;5550;20;10;0;<FLG>
V6155020;V615502002;HIXnJ;1;"2021-03-23 00:00:00";"2021-03-23 00:00:00";16;5356;20;10;0;<FLG>
V6155020;V615502002;HIXnJ;1;"2021-03-24 00:00:00";"2021-03-24 00:00:00";16;5169;20;10;0;<FLG>
V6155020;V615502002;HIXnJ;1;"2021-03-25 00:00:00";"2021-03-25 00:00:00";16;4981;20;10;0;<FLG>
V6155020;V615502002;HIXnJ;1;"2021-03-26 00:00:00";"2021-03-26 00:00:00";16;4794;20;10;0;<FLG>
V6155020;V615502002;HIXnJ;1;"2021-03-27 00:00:00";"2021-03-27 00:00:00";16;4575;20;10;0;<FLG>
V6155020;V615502002;HIXnJ;1;"2021-03-28 00:00:00";"2021-03-28 00:00:00";16;4325;20;10;0;<FLG>
V6155020;V615502002;HIXnJ;1;"2021-03-29 00:00:00";"2021-03-29 00:00:00";16;4162;20;10;0;<FLG>
V6155020;V615502002;HIXnJ;1;"2021-03-30 00:00:00";"2021-03-30 00:00:00";16;4088;20;10;0;<FLG>
V6155020;V615502002;HIXnJ;1;"2021-03-31 00:00:00";"2021-03-31 00:00:00";16;4017;20;10;0;<FLG>
V6155020;V615502002;HIXnJ;1;"2021-04-01 00:00:00";"2021-04-01 00:00:00";16;3950;20;10;0;<FLG>
V6155020;V615502002;HIXnJ;1;"2021-04-02 00:00:00";"2021-04-02 00:00:00";16;3883;20;10;0;<FLG>
V6155020;V615502002;HIXnJ;1;"2021-04-03 00:00:00";"2021-04-03 00:00:00";16;3715;20;10;0;<FLG>
V6155020;V615502002;HIXnJ;1;"2021-04-04 00:00:00";"2021-04-04 00:00:00";16;3532;20;10;0;<FLG>
V6155020;V615502002;HIXnJ;1;"2021-04-05 00:00:00";"2021-04-05 00:00:00";16;3435;20;10;0;<FLG>
V6155020;V615502002;HIXnJ;1;"2021-04-06 00:00:00";"2021-04-06 00:00:00";16;3338;20;10;0;<FLG>
V6155020;V615502002;HIXnJ;1;"2021-04-07 00:00:00";"2021-04-07 00:00:00";16;3242;20;10;0;<FLG>
V6155020;V615502002;HIXnJ;1;"2021-04-08 00:00:00";"2021-04-08 00:00:00";16;3145;20;10;0;<FLG>
V6155020;V615502002;HIXnJ;1;"2021-04-09 00:00:00";"2021-04-09 00:00:00";16;3048;20;10;0;<FLG>
V6155020;V615502002;HIXnJ;1;"2021-04-10 00:00:00";"2021-04-10 00:00:00";16;2975;20;10;0;<FLG>
V6155020;V615502002;HIXnJ;1;"2021-04-11 00:00:00";"2021-04-11 23:59:59";16;2950;20;10;0;<FLG>
V6155020;V615502002;HIXnJ;1;"2021-04-12 00:00:00";"2021-04-12 23:59:59";16;3935;20;10;0;<FLG>
V6155020;V615502002;HIXnJ;1;"2021-04-13 00:00:00";"2021-04-13 23:59:59";16;4985;20;10;0;<FLG>
V6155020;V615502002;HIXnJ;1;"2021-04-14 00:00:00";"2021-04-14 12:00:00";16;5100;20;10;0;<FLG>
V6155020;V615502002;HIXnJ;1;"2021-04-15 00:00:00";"2021-04-15 00:00:00";16;5095;20;10;0;<FLG>
V6155020;V615502002;HIXnJ;1;"2021-04-16 00:00:00";"2021-04-16 00:00:00";16;5085;20;10;0;<FLG>
V6155020;V615502002;HIXnJ;1;"2021-04-17 00:00:00";"2021-04-17 00:00:00";16;5027;20;10;0;<FLG>
V6155020;V615502002;HIXnJ;1;"2021-04-18 00:00:00";"2021-04-18 00:00:00";16;4920;20;10;0;<FLG>
V6155020;V615502002;HIXnJ;1;"2021-04-19 00:00:00";"2021-04-19 00:00:00";16;4813;20;10;0;<FLG>
V6155020;V615502002;HIXnJ;1;"2021-04-20 00:00:00";"2021-04-20 00:00:00";16;4745;20;10;0;<FLG>
V6155020;V615502002;HIXnJ;1;"2021-04-21 00:00:00";"2021-04-21 00:00:00";16;4715;20;10;0;<FLG>
V6155020;V615502002;HIXnJ;1;"2021-04-22 00:00:00";"2021-04-22 00:00:00";16;4658;20;10;0;<FLG>
V6155020;V615502002;HIXnJ;1;"2021-04-23 00:00:00";"2021-04-23 00:00:00";16;4575;20;10;0;<FLG>
V6155020;V615502002;HIXnJ;1;"2021-04-24 00:00:00";"2021-04-24 00:00:00";16;4492;20;10;0;<FLG>
V6155020;V615502002;HIXnJ;1;"2021-04-25 00:00:00";"2021-04-25 00:00:00";16;4400;20;10;0;<FLG>
V6155020;V615502002;HIXnJ;1;"2021-04-26 00:00:00";"2021-04-26 00:00:00";16;4300;20;10;0;<FLG>
V6155020;V615502002;HIXnJ;1;"2021-04-27 00:00:00";"2021-04-27 00:00:00";16;4200;20;10;0;<FLG>
V6155020;V615502002;HIXnJ;1;"2021-04-28 00:00:00";"2021-04-28 23:59:59";16;4625;20;10;0;<FLG>
V6155020;V615502002;HIXnJ;1;"2021-04-29 00:00:00";"2021-04-29 23:59:59";16;8435;20;10;0;<FLG>
V6155020;V615502002;HIXnJ;1;"2021-04-30 00:00:00";"2021-04-30 23:59:59";16;13235;20;10;0;<FLG>
V6155020;V615502002;HIXnJ;1;"2021-05-01 00:00:00";"2021-05-01 23:59:59";16;18425;20;10;0;<FLG>
V6155020;V615502002;HIXnJ;1;"2021-05-02 00:00:00";"2021-05-02 23:59:59";16;22300;20;10;0;<FLG>
V6155020;V615502002;HIXnJ;1;"2021-05-03 00:00:00";"2021-05-03 12:00:00";16;22550;20;10;0;<FLG>
V6155020;V615502002;HIXnJ;1;"2021-05-04 00:00:00";"2021-05-04 12:00:00";16;22550;20;10;0;<FLG>
V6155020;V615502002;HIXnJ;1;"2021-05-05 00:00:00";"2021-05-05 00:00:00";16;22490;20;10;0;<FLG>
V6155020;V615502002;HIXnJ;1;"2021-05-06 00:00:00";"2021-05-06 00:00:00";16;22378;20;10;0;<FLG>
V6155020;V615502002;HIXnJ;1;"2021-05-07 00:00:00";"2021-05-07 00:00:00";16;22272;20;10;0;<FLG>
V6155020;V615502002;HIXnJ;1;"2021-05-08 00:00:00";"2021-05-08 00:00:00";16;22105;20;10;0;<FLG>
V6155020;V615502002;HIXnJ;1;"2021-05-09 00:00:00";"2021-05-09 00:00:00";16;21840;20;10;0;<FLG>
V6155020;V615502002;HIXnJ;1;"2021-05-10 00:00:00";"2021-05-10 23:59:59";16;21360;20;10;0;<FLG>
V6155020;V615502002;HIXnJ;1;"2021-05-11 00:00:00";"2021-05-11 23:59:59";16;22185;20;10;0;<FLG>
V6155020;V615502002;HIXnJ;1;"2021-05-12 00:00:00";"2021-05-12 23:59:59";16;22735;20;10;0;<FLG>
V6155020;V615502002;HIXnJ;1;"2021-05-13 00:00:00";"2021-05-13 12:00:00";16;22800;20;10;0;<FLG>
V6155020;V615502002;HIXnJ;1;"2021-05-14 00:00:00";"2021-05-14 00:00:00";16;22780;20;10;0;<FLG>
V6155020;V615502002;HIXnJ;1;"2021-05-15 00:00:00";"2021-05-15 00:00:00";16;22730;20;10;0;<FLG>
V6155020;V615502002;HIXnJ;1;"2021-05-16 00:00:00";"2021-05-16 00:00:00";16;22660;20;10;0;<FLG>
V6155020;V615502002;HIXnJ;1;"2021-05-17 00:00:00";"2021-05-17 00:00:00";16;22585;20;10;0;<FLG>
V6155020;V615502002;HIXnJ;1;"2021-05-18 00:00:00";"2021-05-18 12:00:00";16;22620;20;10;0;<FLG>
V6155020;V615502002;HIXnJ;1;"2021-05-19 00:00:00";"2021-05-19 00:00:00";16;22515;20;10;0;<FLG>
V6155020;V615502002;HIXnJ;1;"2021-05-20 00:00:00";"2021-05-20 00:00:00";16;22358;20;10;0;<FLG>
V6155020;V615502002;HIXnJ;1;"2021-05-21 00:00:00";"2021-05-21 00:00:00";16;22252;20;10;0;<FLG>
V6155020;V615502002;HIXnJ;1;"2021-05-22 00:00:00";"2021-05-22 00:00:00";16;22135;20;10;0;<FLG>
V6155020;V615502002;HIXnJ;1;"2021-05-23 00:00:00";"2021-05-23 00:00:00";16;22030;20;10;0;<FLG>
V6155020;V615502002;HIXnJ;1;"2021-05-24 00:00:00";"2021-05-24 00:00:00";16;21940;20;10;0;<FLG>
V6155020;V615502002;HIXnJ;1;"2021-05-25 00:00:00";"2021-05-25 00:00:00";16;21810;20;10;0;<FLG>
V6155020;V615502002;HIXnJ;1;"2021-05-26 00:00:00";"2021-05-26 00:00:00";16;21640;20;10;0;<FLG>
V6155020;V615502002;HIXnJ;1;"2021-05-27 00:00:00";"2021-05-27 00:00:00";16;21400;20;10;0;<FLG>
V6155020;V615502002;HIXnJ;1;"2021-05-28 00:00:00";"2021-05-28 00:00:00";16;20955;20;10;0;<FLG>
V6155020;V615502002;HIXnJ;1;"2021-05-29 00:00:00";"2021-05-29 00:00:00";16;20280;20;10;0;<FLG>
V6155020;V615502002;HIXnJ;1;"2021-05-30 00:00:00";"2021-05-30 00:00:00";16;19550;20;10;0;<FLG>
V6155020;V615502002;HIXnJ;1;"2021-05-31 00:00:00";"2021-05-31 00:00:00";16;18750;20;10;0;<FLG>
V6155020;V615502002;HIXnJ;1;"2021-06-01 00:00:00";"2021-06-01 00:00:00";16;18090;20;10;0;<FLG>
V6155020;V615502002;HIXnJ;1;"2021-06-02 00:00:00";"2021-06-02 00:00:00";16;17550;20;10;0;<FLG>
V6155020;V615502002;HIXnJ;1;"2021-06-03 00:00:00";"2021-06-03 00:00:00";16;16860;20;10;0;<FLG>
V6155020;V615502002;HIXnJ;1;"2021-06-04 00:00:00";"2021-06-04 00:00:00";16;16150;20;10;0;<FLG>
V6155020;V615502002;HIXnJ;1;"2021-06-05 00:00:00";"2021-06-05 00:00:00";16;15518;20;10;0;<FLG>
V6155020;V615502002;HIXnJ;1;"2021-06-06 00:00:00";"2021-06-06 00:00:00";16;14952;20;10;0;<FLG>
V6155020;V615502002;HIXnJ;1;"2021-06-07 00:00:00";"2021-06-07 00:00:00";16;14385;20;10;0;<FLG>
V6155020;V615502002;HIXnJ;1;"2021-06-08 00:00:00";"2021-06-08 00:00:00";16;13850;20;10;0;<FLG>
V6155020;V615502002;HIXnJ;1;"2021-06-09 00:00:00";"2021-06-09 00:00:00";16;13350;20;10;0;<FLG>
V6155020;V615502002;HIXnJ;1;"2021-06-10 00:00:00";"2021-06-10 00:00:00";16;12908;20;10;0;<FLG>
V6155020;V615502002;HIXnJ;1;"2021-06-11 00:00:00";"2021-06-11 00:00:00";16;12525;20;10;0;<FLG>
V6155020;V615502002;HIXnJ;1;"2021-06-12 00:00:00";"2021-06-12 00:00:00";16;12142;20;10;0;<FLG>
V6155020;V615502002;HIXnJ;1;"2021-06-13 00:00:00";"2021-06-13 00:00:00";16;11725;20;10;0;<FLG>
V6155020;V615502002;HIXnJ;1;"2021-06-14 00:00:00";"2021-06-14 00:00:00";16;11275;20;10;0;<FLG>
V6155020;V615502002;HIXnJ;1;"2021-06-15 00:00:00";"2021-06-15 00:00:00";16;10886;20;10;0;<FLG>
V6155020;V615502002;HIXnJ;1;"2021-06-16 00:00:00";"2021-06-16 00:00:00";16;10559;20;10;0;<FLG>
V6155020;V615502002;HIXnJ;1;"2021-06-17 00:00:00";"2021-06-17 00:00:00";16;10231;20;10;0;<FLG>
V6155020;V615502002;HIXnJ;1;"2021-06-18 00:00:00";"2021-06-18 00:00:00";16;9904;20;10;0;<FLG>
V6155020;V615502002;HIXnJ;1;"2021-06-19 00:00:00";"2021-06-19 00:00:00";16;9562;20;10;0;<FLG>
V6155020;V615502002;HIXnJ;1;"2021-06-20 00:00:00";"2021-06-20 00:00:00";16;9208;20;10;0;<FLG>
V6155020;V615502002;HIXnJ;1;"2021-06-21 00:00:00";"2021-06-21 00:00:00";16;8852;20;10;0;<FLG>
V6155020;V615502002;HIXnJ;1;"2021-06-22 00:00:00";"2021-06-22 00:00:00";16;8498;20;10;0;<FLG>
V6155020;V615502002;HIXnJ;1;"2021-06-23 00:00:00";"2021-06-23 00:00:00";16;8160;20;10;0;<FLG>
V6155020;V615502002;HIXnJ;1;"2021-06-24 00:00:00";"2021-06-24 00:00:00";16;7817;20;10;0;<FLG>
V6155020;V615502002;HIXnJ;1;"2021-06-25 00:00:00";"2021-06-25 00:00:00";16;7450;20;10;0;<FLG>
V6155020;V615502002;HIXnJ;1;"2021-06-26 00:00:00";"2021-06-26 00:00:00";16;7083;20;10;0;<FLG>
V6155020;V615502002;HIXnJ;1;"2021-06-27 00:00:00";"2021-06-27 00:00:00";16;6815;20;10;0;<FLG>
V6155020;V615502002;HIXnJ;1;"2021-06-28 00:00:00";"2021-06-28 00:00:00";16;6645;20;10;0;<FLG>
V6155020;V615502002;HIXnJ;1;"2021-06-29 00:00:00";"2021-06-29 00:00:00";16;6475;20;10;0;<FLG>
V6155020;V615502002;HIXnJ;1;"2021-06-30 00:00:00";"2021-06-30 00:00:00";16;6195;20;10;0;<FLG>
V6155020;V615502002;HIXnJ;1;"2021-07-01 00:00:00";"2021-07-01 00:00:00";16;5919;20;10;0;<FLG>
V6155020;V615502002;HIXnJ;1;"2021-07-02 00:00:00";"2021-07-02 00:00:00";16;5756;20;10;0;<FLG>
V6155020;V615502002;HIXnJ;1;"2021-07-03 00:00:00";"2021-07-03 00:00:00";16;5593;20;10;0;<FLG>
V6155020;V615502002;HIXnJ;1;"2021-07-04 00:00:00";"2021-07-04 00:00:00";16;5431;20;10;0;<FLG>
V6155020;V615502002;HIXnJ;1;"2021-07-05 00:00:00";"2021-07-05 00:00:00";16;5268;20;10;0;<FLG>
V6155020;V615502002;HIXnJ;1;"2021-07-06 00:00:00";"2021-07-06 00:00:00";16;5112;20;10;0;<FLG>
V6155020;V615502002;HIXnJ;1;"2021-07-07 00:00:00";"2021-07-07 00:00:00";16;4962;20;10;0;<FLG>
V6155020;V615502002;HIXnJ;1;"2021-07-08 00:00:00";"2021-07-08 00:00:00";16;4812;20;10;0;<FLG>
V6155020;V615502002;HIXnJ;1;"2021-07-09 00:00:00";"2021-07-09 00:00:00";16;4662;20;10;0;<FLG>
V6155020;V615502002;HIXnJ;1;"2021-07-10 00:00:00";"2021-07-10 00:00:00";16;4512;20;10;0;<FLG>
V6155020;V615502002;HIXnJ;1;"2021-07-11 00:00:00";"2021-07-11 00:00:00";16;4362;20;10;0;<FLG>
V6155020;V615502002;HIXnJ;1;"2021-07-12 00:00:00";"2021-07-12 00:00:00";16;4242;20;10;0;<FLG>
V6155020;V615502002;HIXnJ;1;"2021-07-13 00:00:00";"2021-07-13 00:00:00";16;4142;20;10;0;<FLG>
V6155020;V615502002;HIXnJ;1;"2021-07-14 00:00:00";"2021-07-14 00:00:00";16;4042;20;10;0;<FLG>
V6155020;V615502002;HIXnJ;1;"2021-07-15 00:00:00";"2021-07-15 00:00:00";16;3942;20;10;0;<FLG>
V6155020;V615502002;HIXnJ;1;"2021-07-16 00:00:00";"2021-07-16 00:00:00";16;3842;20;10;0;<FLG>
V6155020;V615502002;HIXnJ;1;"2021-07-17 00:00:00";"2021-07-17 00:00:00";16;3721;20;10;0;<FLG>
V6155020;V615502002;HIXnJ;1;"2021-07-18 00:00:00";"2021-07-18 00:00:00";16;3585;20;10;0;<FLG>
V6155020;V615502002;HIXnJ;1;"2021-07-19 00:00:00";"2021-07-19 00:00:00";16;3449;20;10;0;<FLG>
V6155020;V615502002;HIXnJ;1;"2021-07-20 00:00:00";"2021-07-20 00:00:00";16;3313;20;10;0;<FLG>
V6155020;V615502002;HIXnJ;1;"2021-07-21 00:00:00";"2021-07-21 00:00:00";16;3177;20;10;0;<FLG>
V6155020;V615502002;HIXnJ;1;"2021-07-22 00:00:00";"2021-07-22 00:00:00";16;3073;20;10;0;<FLG>
V6155020;V615502002;HIXnJ;1;"2021-07-23 00:00:00";"2021-07-23 00:00:00";16;2993;20;10;0;<FLG>
V6155020;V615502002;HIXnJ;1;"2021-07-24 00:00:00";"2021-07-24 00:00:00";16;2912;20;10;0;<FLG>
V6155020;V615502002;HIXnJ;1;"2021-07-25 00:00:00";"2021-07-25 00:00:00";16;2832;20;10;0;<FLG>
V6155020;V615502002;HIXnJ;1;"2021-07-26 00:00:00";"2021-07-26 00:00:00";16;2752;20;10;0;<FLG>
V6155020;V615502002;HIXnJ;1;"2021-07-27 00:00:00";"2021-07-27 00:00:00";16;2672;20;10;0;<FLG>
V6155020;V615502002;HIXnJ;1;"2021-07-28 00:00:00";"2021-07-28 00:00:00";16;2591;20;10;0;<FLG>
V6155020;V615502002;HIXnJ;1;"2021-07-29 00:00:00";"2021-07-29 00:00:00";16;2511;20;10;0;<FLG>
V6155020;V615502002;HIXnJ;1;"2021-07-30 00:00:00";"2021-07-30 00:00:00";16;2431;20;10;0;<FLG>
V6155020;V615502002;HIXnJ;1;"2021-07-31 00:00:00";"2021-07-31 00:00:00";16;2350;20;10;0;<FLG>
V6155020;V615502002;HIXnJ;1;"2021-08-01 00:00:00";"2021-08-01 00:00:00";16;2278;20;10;0;<FLG>
V6155020;V615502002;HIXnJ;1;"2021-08-02 00:00:00";"2021-08-02 00:00:00";16;2218;20;10;0;<FLG>
V6155020;V615502002;HIXnJ;1;"2021-08-03 00:00:00";"2021-08-03 00:00:00";16;2158;20;10;0;<FLG>
V6155020;V615502002;HIXnJ;1;"2021-08-04 00:00:00";"2021-08-04 00:00:00";16;2098;20;10;0;<FLG>
V6155020;V615502002;HIXnJ;1;"2021-08-05 00:00:00";"2021-08-05 00:00:00";16;2038;20;10;0;<FLG>
V6155020;V615502002;HIXnJ;1;"2021-08-06 00:00:00";"2021-08-06 00:00:00";16;1973;20;10;0;<FLG>
V6155020;V615502002;HIXnJ;1;"2021-08-07 00:00:00";"2021-08-07 00:00:00";16;1901;20;10;0;<FLG>
V6155020;V615502002;HIXnJ;1;"2021-08-08 00:00:00";"2021-08-08 00:00:00";16;1830;20;10;0;<FLG>
V6155020;V615502002;HIXnJ;1;"2021-08-09 00:00:00";"2021-08-09 00:00:00";16;1771;20;10;0;<FLG>
V6155020;V615502002;HIXnJ;1;"2021-08-10 00:00:00";"2021-08-10 00:00:00";16;1721;20;10;0;<FLG>
V6155020;V615502002;HIXnJ;1;"2021-08-11 00:00:00";"2021-08-11 00:00:00";16;1671;20;10;0;<FLG>
V6155020;V615502002;HIXnJ;1;"2021-08-12 00:00:00";"2021-08-12 00:00:00";16;1621;20;10;0;<FLG>
V6155020;V615502002;HIXnJ;1;"2021-08-13 00:00:00";"2021-08-13 00:00:00";16;1571;20;10;0;<FLG>
V6155020;V615502002;HIXnJ;1;"2021-08-14 00:00:00";"2021-08-14 00:00:00";16;1521;20;10;0;<FLG>
V6155020;V615502002;HIXnJ;1;"2021-08-15 00:00:00";"2021-08-15 00:00:00";16;1484;20;10;0;<FLG>
V6155020;V615502002;HIXnJ;1;"2021-08-16 00:00:00";"2021-08-16 00:00:00";16;1456;20;10;0;<FLG>
V6155020;V615502002;HIXnJ;1;"2021-08-17 00:00:00";"2021-08-17 00:00:00";16;1428;20;10;0;<FLG>
V6155020;V615502002;HIXnJ;1;"2021-08-18 00:00:00";"2021-08-18 00:00:00";16;1401;20;10;0;<FLG>
V6155020;V615502002;HIXnJ;1;"2021-08-19 00:00:00";"2021-08-19 00:00:00";16;1373;20;10;0;<FLG>
V6155020;V615502002;HIXnJ;1;"2021-08-20 00:00:00";"2021-08-20 00:00:00";16;1345;20;10;0;<FLG>
V6155020;V615502002;HIXnJ;1;"2021-08-21 00:00:00";"2021-08-21 00:00:00";16;1317;20;10;0;<FLG>
V6155020;V615502002;HIXnJ;1;"2021-08-22 00:00:00";"2021-08-22 00:00:00";16;1289;20;10;0;<FLG>
V6155020;V615502002;HIXnJ;1;"2021-08-23 00:00:00";"2021-08-23 00:00:00";16;1261;20;10;0;<FLG>
V6155020;V615502002;HIXnJ;1;"2021-08-24 00:00:00";"2021-08-24 00:00:00";16;1232;20;10;0;<FLG>
V6155020;V615502002;HIXnJ;1;"2021-08-25 00:00:00";"2021-08-25 00:00:00";16;1204;20;10;0;<FLG>
V6155020;V615502002;HIXnJ;1;"2021-08-26 00:00:00";"2021-08-26 00:00:00";16;1175;20;10;0;<FLG>
V6155020;V615502002;HIXnJ;1;"2021-08-27 00:00:00";"2021-08-27 00:00:00";16;1146;20;10;0;<FLG>
V6155020;V615502002;HIXnJ;1;"2021-08-28 00:00:00";"2021-08-28 00:00:00";16;1118;20;10;0;<FLG>
V6155020;V615502002;HIXnJ;1;"2021-08-29 00:00:00";"2021-08-29 00:00:00";16;1075;20;10;0;<FLG>
V6155020;V615502002;HIXnJ;1;"2021-08-30 00:00:00";"2021-08-30 00:00:00";16;1008;20;10;0;<FLG>
V6155020;V615502002;HIXnJ;1;"2021-08-31 00:00:00";"2021-08-31 00:00:00";16;942;20;10;0;<FLG>
V6155020;V615502002;HIXnJ;1;"2021-09-01 00:00:00";"2021-09-01 00:00:00";16;886;20;10;0;<FLG>
V6155020;V615502002;HIXnJ;1;"2021-09-02 00:00:00";"2021-09-02 00:00:00";16;848;20;10;0;<FLG>
V6155020;V615502002;HIXnJ;1;"2021-09-03 00:00:00";"2021-09-03 00:00:00";16;811;20;10;0;<FLG>
V6155020;V615502002;HIXnJ;1;"2021-09-04 00:00:00";"2021-09-04 00:00:00";16;773;20;10;0;<FLG>
V6155020;V615502002;HIXnJ;1;"2021-09-05 00:00:00";"2021-09-05 00:00:00";16;741;20;10;0;<FLG>
V6155020;V615502002;HIXnJ;1;"2021-09-06 00:00:00";"2021-09-06 00:00:00";16;716;20;10;0;<FLG>
V6155020;V615502002;HIXnJ;1;"2021-09-07 00:00:00";"2021-09-07 00:00:00";16;691;20;10;0;<FLG>
V6155020;V615502002;HIXnJ;1;"2021-09-08 00:00:00";"2021-09-08 00:00:00";16;666;20;10;0;<FLG>
V6155020;V615502002;HIXnJ;1;"2021-09-09 00:00:00";"2021-09-09 00:00:00";16;641;20;10;0;<FLG>
V6155020;V615502002;HIXnJ;1;"2021-09-10 00:00:00";"2021-09-10 00:00:00";16;618;20;10;0;<FLG>
V6155020;V615502002;HIXnJ;1;"2021-09-11 00:00:00";"2021-09-11 23:59:59";16;601;20;10;0;<FLG>
V6155020;V615502002;HIXnJ;1;"2021-09-12 00:00:00";"2021-09-12 23:59:59";16;657;20;10;0;<FLG>
V6155020;V615502002;HIXnJ;1;"2021-09-13 00:00:00";"2021-09-13 23:59:59";16;714;20;10;0;<FLG>
V6155020;V615502002;HIXnJ;1;"2021-09-14 00:00:00";"2021-09-14 23:59:59";16;770;20;10;0;<FLG>
V6155020;V615502002;HIXnJ;1;"2021-09-15 00:00:00";"2021-09-15 23:59:59";16;827;20;10;0;<FLG>
V6155020;V615502002;HIXnJ;1;"2021-09-16 00:00:00";"2021-09-16 23:59:59";16;879;20;10;0;<FLG>
V6155020;V615502002;HIXnJ;1;"2021-09-17 00:00:00";"2021-09-17 10:00:00";16;900;20;10;0;<FLG>
V6155020;V615502002;HIXnJ;1;"2021-09-18 00:00:00";"2021-09-18 00:00:00";16;894;20;10;0;<FLG>
V6155020;V615502002;HIXnJ;1;"2021-09-19 00:00:00";"2021-09-19 00:00:00";16;884;20;10;0;<FLG>
V6155020;V615502002;HIXnJ;1;"2021-09-20 00:00:00";"2021-09-20 00:00:00";16;813;20;10;0;<FLG>
V6155020;V615502002;HIXnJ;1;"2021-09-21 00:00:00";"2021-09-21 00:00:00";16;699;20;10;0;<FLG>
V6155020;V615502002;HIXnJ;1;"2021-09-22 00:00:00";"2021-09-22 00:00:00";16;585;20;10;0;<FLG>
V6155020;V615502002;HIXnJ;1;"2021-09-23 00:00:00";"2021-09-23 23:59:59";16;489;20;10;0;<FLG>
V6155020;V615502002;HIXnJ;1;"2021-09-24 00:00:00";"2021-09-24 23:59:59";16;727;20;10;0;<FLG>
V6155020;V615502002;HIXnJ;1;"2021-09-25 00:00:00";"2021-09-25 23:59:59";16;964;20;10;0;<FLG>
V6155020;V615502002;HIXnJ;1;"2021-09-26 00:00:00";"2021-09-26 23:59:59";16;1202;20;10;0;<FLG>
V6155020;V615502002;HIXnJ;1;"2021-09-27 00:00:00";"2021-09-27 15:00:00";16;1350;20;10;0;<FLG>
V6155020;V615502002;HIXnJ;1;"2021-09-28 00:00:00";"2021-09-28 00:00:00";16;1302;20;10;0;<FLG>
V6155020;V615502002;HIXnJ;1;"2021-09-29 00:00:00";"2021-09-29 00:00:00";16;1173;20;10;0;<FLG>
V6155020;V615502002;HIXnJ;1;"2021-09-30 00:00:00";"2021-09-30 00:00:00";16;1043;20;10;0;<FLG>
V6155020;V615502002;HIXnJ;1;"2021-10-01 00:00:00";"2021-10-01 00:00:00";16;911;20;10;0;<FLG>
V6155020;V615502002;HIXnJ;1;"2021-10-02 00:00:00";"2021-10-02 01:00:00";16;780;20;10;0;<FLG>
V6155020;V615502002;HIXnJ;1;"2021-10-03 00:00:00";"2021-10-03 17:45:00";16;680;20;10;0;<FLG>
V6155020;V615502002;HIXnJ;1;"2021-10-04 00:00:00";"2021-10-04 23:59:59";16;14680;20;10;0;<FLG>
V6155020;V615502002;HIXnJ;1;"2021-10-05 00:00:00";"2021-10-05 22:00:00";16;18630;20;10;0;<FLG>
V6155020;V615502002;HIXnJ;1;"2021-10-06 00:00:00";"2021-10-06 00:15:00";16;18630;20;10;0;<FLG>
V6155020;V615502002;HIXnJ;1;"2021-10-07 00:00:00";"2021-10-07 00:00:00";16;16150;20;10;0;<FLG>
V6155020;V615502002;HIXnJ;1;"2021-10-08 00:00:00";"2021-10-08 00:00:00";16;12890;20;10;0;<FLG>
V6155020;V615502002;HIXnJ;1;"2021-10-09 00:00:00";"2021-10-09 00:00:00";16;10910;20;10;0;<FLG>
V6155020;V615502002;HIXnJ;1;"2021-10-10 00:00:00";"2021-10-10 00:00:00";16;9230;20;10;0;<FLG>
V6155020;V615502002;HIXnJ;1;"2021-10-11 00:00:00";"2021-10-11 00:00:00";16;7950;20;10;0;<FLG>
V6155020;V615502002;HIXnJ;1;"2021-10-12 00:00:00";"2021-10-12 00:00:00";16;7070;20;10;0;<FLG>
V6155020;V615502002;HIXnJ;1;"2021-10-13 00:00:00";"2021-10-13 00:00:00";16;6360;20;10;0;<FLG>
V6155020;V615502002;HIXnJ;1;"2021-10-14 00:00:00";"2021-10-14 00:00:00";16;5670;20;10;0;<FLG>
V6155020;V615502002;HIXnJ;1;"2021-10-15 00:00:00";"2021-10-15 00:00:00";16;5110;20;10;0;<FLG>
V6155020;V615502002;HIXnJ;1;"2021-10-16 00:00:00";"2021-10-16 00:00:00";16;4670;20;10;0;<FLG>
V6155020;V615502002;HIXnJ;1;"2021-10-17 00:00:00";"2021-10-17 00:00:00";16;4290;20;10;0;<FLG>
V6155020;V615502002;HIXnJ;1;"2021-10-18 00:00:00";"2021-10-18 00:15:00";16;3930;20;10;0;<FLG>
V6155020;V615502002;HIXnJ;1;"2021-10-19 00:00:00";"2021-10-19 00:15:00";16;3560;20;10;0;<FLG>
V6155020;V615502002;HIXnJ;1;"2021-10-20 00:00:00";"2021-10-20 00:15:00";16;3300;20;10;0;<FLG>
V6155020;V615502002;HIXnJ;1;"2021-10-21 00:00:00";"2021-10-21 00:15:00";16;3130;20;10;0;<FLG>
V6155020;V615502002;HIXnJ;1;"2021-10-22 00:00:00";"2021-10-22 00:30:00";16;2930;20;10;0;<FLG>
V6155020;V615502002;HIXnJ;1;"2021-10-23 00:00:00";"2021-10-23 00:00:00";16;2750;20;10;0;<FLG>
V6155020;V615502002;HIXnJ;1;"2021-10-24 00:00:00";"2021-10-24 00:15:00";16;2560;20;10;0;<FLG>
V6155020;V615502002;HIXnJ;1;"2021-10-25 00:00:00";"2021-10-25 00:15:00";16;2380;20;10;0;<FLG>
V6155020;V615502002;HIXnJ;1;"2021-10-26 00:00:00";"2021-10-26 00:15:00";16;2230;20;10;0;<FLG>
V6155020;V615502002;HIXnJ;1;"2021-10-27 00:00:00";"2021-10-27 00:00:00";16;2100;20;10;0;<FLG>
V6155020;V615502002;HIXnJ;1;"2021-10-28 00:00:00";"2021-10-28 00:15:00";16;1970;20;10;0;<FLG>
V6155020;V615502002;HIXnJ;1;"2021-10-29 00:00:00";"2021-10-29 00:15:00";16;1880;20;10;0;<FLG>
V6155020;V615502002;HIXnJ;1;"2021-10-30 00:00:00";"2021-10-30 00:15:00";16;1810;20;10;0;<FLG>
V6155020;V615502002;HIXnJ;1;"2021-10-31 00:00:00";"2021-10-31 23:59:59";16;2860;20;10;0;<FLG>
V6155020;V615502002;HIXnJ;1;"2021-11-01 00:00:00";"2021-11-01 23:59:59";16;8650;20;10;0;<FLG>
V6155020;V615502002;HIXnJ;1;"2021-11-02 00:00:00";"2021-11-02 23:59:59";16;12540;20;10;0;<FLG>
V6155020;V615502002;HIXnJ;1;"2021-11-03 00:00:00";"2021-11-03 02:45:00";16;12560;20;10;0;<FLG>
V6155020;V615502002;HIXnJ;1;"2021-11-04 00:00:00";"2021-11-04 00:00:00";16;12130;20;10;0;<FLG>
V6155020;V615502002;HIXnJ;1;"2021-11-05 00:00:00";"2021-11-05 00:00:00";16;10870;20;10;0;<FLG>
V6155020;V615502002;HIXnJ;1;"2021-11-06 00:00:00";"2021-11-06 00:00:00";16;9500;20;10;0;<FLG>
V6155020;V615502002;HIXnJ;1;"2021-11-07 00:00:00";"2021-11-07 00:00:00";16;8420;20;10;0;<FLG>
V6155020;V615502002;HIXnJ;1;"2021-11-08 00:00:00";"2021-11-08 00:15:00";16;7560;20;10;0;<FLG>
V6155020;V615502002;HIXnJ;1;"2021-11-09 00:00:00";"2021-11-09 00:00:00";16;6830;20;10;0;<FLG>
V6155020;V615502002;HIXnJ;1;"2021-11-10 00:00:00";"2021-11-10 00:00:00";16;6180;20;10;0;<FLG>
V6155020;V615502002;HIXnJ;1;"2021-11-11 00:00:00";"2021-11-11 00:15:00";16;5670;20;10;0;<FLG>
V6155020;V615502002;HIXnJ;1;"2021-11-12 00:00:00";"2021-11-12 00:15:00";16;5220;20;10;0;<FLG>
V6155020;V615502002;HIXnJ;1;"2021-11-13 00:00:00";"2021-11-13 00:30:00";16;4890;20;10;0;<FLG>
V6155020;V615502002;HIXnJ;1;"2021-11-14 00:00:00";"2021-11-14 01:00:00";16;4590;20;10;0;<FLG>
V6155020;V615502002;HIXnJ;1;"2021-11-15 00:00:00";"2021-11-15 00:15:00";16;4310;20;10;0;<FLG>
V6155020;V615502002;HIXnJ;1;"2021-11-16 00:00:00";"2021-11-16 00:15:00";16;4070;20;10;0;<FLG>
V6155020;V615502002;HIXnJ;1;"2021-11-17 00:00:00";"2021-11-17 00:15:00";16;3900;20;10;0;<FLG>
V6155020;V615502002;HIXnJ;1;"2021-11-18 00:00:00";"2021-11-18 00:15:00";16;3720;20;10;0;<FLG>
V6155020;V615502002;HIXnJ;1;"2021-11-19 00:00:00";"2021-11-19 00:15:00";16;3520;20;10;0;<FLG>
V6155020;V615502002;HIXnJ;1;"2021-11-20 00:00:00";"2021-11-20 00:15:00";16;3330;20;10;0;<FLG>
V6155020;V615502002;HIXnJ;1;"2021-11-21 00:00:00";"2021-11-21 00:15:00";16;3210;20;10;0;<FLG>
V6155020;V615502002;HIXnJ;1;"2021-11-22 00:00:00";"2021-11-22 00:15:00";16;3140;20;10;0;<FLG>
V6155020;V615502002;HIXnJ;1;"2021-11-23 00:00:00";"2021-11-23 00:15:00";16;3020;20;10;0;<FLG>
V6155020;V615502002;HIXnJ;1;"2021-11-24 00:00:00";"2021-11-24 00:15:00";16;2860;20;10;0;<FLG>
V6155020;V615502002;HIXnJ;1;"2021-11-25 00:00:00";"2021-11-25 23:00:00";16;2770;20;10;0;<FLG>
V6155020;V615502002;HIXnJ;1;"2021-11-26 00:00:00";"2021-11-26 23:45:00";16;3010;20;10;0;<FLG>
V6155020;V615502002;HIXnJ;1;"2021-11-27 00:00:00";"2021-11-27 15:00:00";16;3100;20;10;0;<FLG>
V6155020;V615502002;HIXnJ;1;"2021-11-28 00:00:00";"2021-11-28 02:00:00";16;3130;20;10;0;<FLG>
V6155020;V615502002;HIXnJ;1;"2021-11-29 00:00:00";"2021-11-29 00:30:00";16;3100;20;10;0;<FLG>
V6155020;V615502002;HIXnJ;1;"2021-11-30 00:00:00";"2021-11-30 00:15:00";16;2940;20;10;0;<FLG>
V6155020;V615502002;HIXnJ;1;"2021-12-01 00:00:00";"2021-12-01 04:15:00";16;2780;20;10;0;<FLG>
V6155020;V615502002;HIXnJ;1;"2021-12-02 00:00:00";"2021-12-02 03:45:00";16;2730;20;10;0;<FLG>
V6155020;V615502002;HIXnJ;1;"2021-12-03 00:00:00";"2021-12-03 01:45:00";16;2700;20;10;0;<FLG>
V6155020;V615502002;HIXnJ;1;"2021-12-04 00:00:00";"2021-12-04 23:59:59";16;2780;20;10;0;<FLG>
V6155020;V615502002;HIXnJ;1;"2021-12-05 00:00:00";"2021-12-05 23:45:00";16;4180;20;10;0;<FLG>
V6155020;V615502002;HIXnJ;1;"2021-12-06 00:00:00";"2021-12-06 23:15:00";16;4630;20;10;0;<FLG>
V6155020;V615502002;HIXnJ;1;"2021-12-07 00:00:00";"2021-12-07 15:30:00";16;4690;20;10;0;<FLG>
V6155020;V615502002;HIXnJ;1;"2021-12-08 00:00:00";"2021-12-08 23:59:59";16;10920;20;10;0;<FLG>
V6155020;V615502002;HIXnJ;1;"2021-12-09 00:00:00";"2021-12-09 23:59:59";16;15140;20;10;0;<FLG>
V6155020;V615502002;HIXnJ;1;"2021-12-10 00:00:00";"2021-12-10 11:00:00";16;15400;20;10;0;<FLG>
V6155020;V615502002;HIXnJ;1;"2021-12-11 00:00:00";"2021-12-11 01:15:00";16;15220;20;10;0;<FLG>
V6155020;V615502002;HIXnJ;1;"2021-12-12 00:00:00";"2021-12-12 00:00:00";16;13950;20;10;0;<FLG>
V6155020;V615502002;HIXnJ;1;"2021-12-13 00:00:00";"2021-12-13 00:00:00";16;12510;20;10;0;<FLG>
V6155020;V615502002;HIXnJ;1;"2021-12-14 00:00:00";"2021-12-14 00:00:00";16;11520;20;10;0;<FLG>
V6155020;V615502002;HIXnJ;1;"2021-12-15 00:00:00";"2021-12-15 00:15:00";16;10640;20;10;0;<FLG>
V6155020;V615502002;HIXnJ;1;"2021-12-16 00:00:00";"2021-12-16 00:15:00";16;9870;20;10;0;<FLG>
V6155020;V615502002;HIXnJ;1;"2021-12-17 00:00:00";"2021-12-17 00:15:00";16;9270;20;10;0;<FLG>
V6155020;V615502002;HIXnJ;1;"2021-12-18 00:00:00";"2021-12-18 00:00:00";16;8860;20;10;0;<FLG>
V6155020;V615502002;HIXnJ;1;"2021-12-19 00:00:00";"2021-12-19 00:15:00";16;8540;20;10;0;<FLG>
V6155020;V615502002;HIXnJ;1;"2021-12-20 00:00:00";"2021-12-20 00:15:00";16;8290;20;10;0;<FLG>
V6155020;V615502002;HIXnJ;1;"2021-12-21 00:00:00";"2021-12-21 00:15:00";16;8070;20;10;0;<FLG>
V6155020;V615502002;HIXnJ;1;"2021-12-22 00:00:00";"2021-12-22 00:15:00";16;7730;20;10;0;<FLG>
V6155020;V615502002;HIXnJ;1;"2021-12-23 00:00:00";"2021-12-23 00:15:00";16;7360;20;10;0;<FLG>
V6155020;V615502002;HIXnJ;1;"2021-12-24 00:00:00";"2021-12-24 00:15:00";16;7040;20;10;0;<FLG>
V6155020;V615502002;HIXnJ;1;"2021-12-25 00:00:00";"2021-12-25 23:59:59";16;12030;20;10;0;<FLG>
V6155020;V615502002;HIXnJ;1;"2021-12-26 00:00:00";"2021-12-26 23:59:59";16;17700;20;10;0;<FLG>
V6155020;V615502002;HIXnJ;1;"2021-12-27 00:00:00";"2021-12-27 23:45:00";16;18790;20;10;0;<FLG>
V6155020;V615502002;HIXnJ;1;"2021-12-28 00:00:00";"2021-12-28 23:59:59";16;19860;20;10;0;<FLG>
V6155020;V615502002;HIXnJ;1;"2021-12-29 00:00:00";"2021-12-29 23:45:00";16;21800;20;10;0;<FLG>
V6155020;V615502002;HIXnJ;1;"2021-12-30 00:00:00";"2021-12-30 17:15:00";16;21980;20;10;0;<FLG>
V6155020;V615502002;HIXnJ;1;"2021-12-31 00:00:00";"2021-12-31 01:45:00";16;21990;20;10;0;<FLG>
V6155020;V615502002;HIXnJ;1;"2022-01-01 00:00:00";"2022-01-01 00:15:00";16;21860;20;10;0;<FLG>
V6155020;V615502002;HIXnJ;1;"2022-01-02 00:00:00";"2022-01-02 00:00:00";16;21640;20;10;0;<FLG>
V6155020;V615502002;HIXnJ;1;"2022-01-03 00:00:00";"2022-01-03 00:00:00";16;21020;20;10;0;<FLG>
V6155020;V615502002;HIXnJ;1;"2022-01-04 00:00:00";"2022-01-04 00:00:00";16;19970;20;10;0;<FLG>
V6155020;V615502002;HIXnJ;1;"2022-01-05 00:00:00";"2022-01-05 00:00:00";16;19000;20;10;0;<FLG>
V6155020;V615502002;HIXnJ;1;"2022-01-06 00:00:00";"2022-01-06 00:00:00";16;18080;20;10;0;<FLG>
V6155020;V615502002;HIXnJ;1;"2022-01-07 00:00:00";"2022-01-07 00:00:00";16;17160;20;10;0;<FLG>
V6155020;V615502002;HIXnJ;1;"2022-01-08 00:00:00";"2022-01-08 00:00:00";16;16160;20;10;0;<FLG>
V6155020;V615502002;HIXnJ;1;"2022-01-09 00:00:00";"2022-01-09 00:00:00";16;15230;20;10;0;<FLG>
V6155020;V615502002;HIXnJ;1;"2022-01-10 00:00:00";"2022-01-10 00:15:00";16;14470;20;10;0;<FLG>
V6155020;V615502002;HIXnJ;1;"2022-01-11 00:00:00";"2022-01-11 00:00:00";16;13690;20;10;0;<FLG>
V6155020;V615502002;HIXnJ;1;"2022-01-12 00:00:00";"2022-01-12 00:00:00";16;12880;20;10;0;<FLG>
V6155020;V615502002;HIXnJ;1;"2022-01-13 00:00:00";"2022-01-13 00:00:00";16;12160;20;10;0;<FLG>
V6155020;V615502002;HIXnJ;1;"2022-01-14 00:00:00";"2022-01-14 00:15:00";16;11450;20;10;0;<FLG>
V6155020;V615502002;HIXnJ;1;"2022-01-15 00:00:00";"2022-01-15 00:00:00";16;10860;20;10;0;<FLG>
V6155020;V615502002;HIXnJ;1;"2022-01-16 00:00:00";"2022-01-16 00:15:00";16;10360;20;10;0;<FLG>
V6155020;V615502002;HIXnJ;1;"2022-01-17 00:00:00";"2022-01-17 00:00:00";16;9870;20;10;0;<FLG>
V6155020;V615502002;HIXnJ;1;"2022-01-18 00:00:00";"2022-01-18 00:15:00";16;9400;20;10;0;<FLG>
V6155020;V615502002;HIXnJ;1;"2022-01-19 00:00:00";"2022-01-19 00:00:00";16;8960;20;10;0;<FLG>
V6155020;V615502002;HIXnJ;1;"2022-01-20 00:00:00";"2022-01-20 01:00:00";16;8570;20;10;0;<FLG>
V6155020;V615502002;HIXnJ;1;"2022-01-21 00:00:00";"2022-01-21 00:00:00";16;8280;20;10;0;<FLG>
V6155020;V615502002;HIXnJ;1;"2022-01-22 00:00:00";"2022-01-22 00:15:00";16;7930;20;10;0;<FLG>
V6155020;V615502002;HIXnJ;1;"2022-01-23 00:00:00";"2022-01-23 00:30:00";16;7590;20;10;0;<FLG>
V6155020;V615502002;HIXnJ;1;"2022-01-24 00:00:00";"2022-01-24 00:15:00";16;7230;20;10;0;<FLG>
V6155020;V615502002;HIXnJ;1;"2022-01-25 00:00:00";"2022-01-25 00:15:00";16;6910;20;10;0;<FLG>
V6155020;V615502002;HIXnJ;1;"2022-01-26 00:00:00";"2022-01-26 00:00:00";16;6620;20;10;0;<FLG>
V6155020;V615502002;HIXnJ;1;"2022-01-27 00:00:00";"2022-01-27 00:15:00";16;6370;20;10;0;<FLG>
V6155020;V615502002;HIXnJ;1;"2022-01-28 00:00:00";"2022-01-28 00:15:00";16;6130;20;10;0;<FLG>
V6155020;V615502002;HIXnJ;1;"2022-01-29 00:00:00";"2022-01-29 00:00:00";16;5880;20;10;0;<FLG>
V6155020;V615502002;HIXnJ;1;"2022-01-30 00:00:00";"2022-01-30 00:15:00";16;5660;20;10;0;<FLG>
V6155020;V615502002;HIXnJ;1;"2022-01-31 00:00:00";"2022-01-31 00:15:00";16;5490;20;10;0;<FLG>
V6155020;V615502002;HIXnJ;1;"2022-02-01 00:00:00";"2022-02-01 00:00:00";16;5350;20;10;0;<FLG>
V6155020;V615502002;HIXnJ;1;"2022-02-02 00:00:00";"2022-02-02 00:15:00";16;5170;20;10;0;<FLG>
V6155020;V615502002;HIXnJ;1;"2022-02-03 00:00:00";"2022-02-03 00:00:00";16;5000;20;10;0;<FLG>
V6155020;V615502002;HIXnJ;1;"2022-02-04 00:00:00";"2022-02-04 00:00:00";16;4800;20;10;0;<FLG>
V6155020;V615502002;HIXnJ;1;"2022-02-05 00:00:00";"2022-02-05 00:15:00";16;4620;20;10;0;<FLG>
V6155020;V615502002;HIXnJ;1;"2022-02-06 00:00:00";"2022-02-06 00:15:00";16;4450;20;10;0;<FLG>
V6155020;V615502002;HIXnJ;1;"2022-02-07 00:00:00";"2022-02-07 00:15:00";16;4280;20;10;0;<FLG>
V6155020;V615502002;HIXnJ;1;"2022-02-08 00:00:00";"2022-02-08 00:15:00";16;4120;20;10;0;<FLG>
V6155020;V615502002;HIXnJ;1;"2022-02-09 00:00:00";"2022-02-09 00:15:00";16;3940;20;10;0;<FLG>
V6155020;V615502002;HIXnJ;1;"2022-02-10 00:00:00";"2022-02-10 00:15:00";16;3790;20;10;0;<FLG>
V6155020;V615502002;HIXnJ;1;"2022-02-11 00:00:00";"2022-02-11 00:15:00";16;3680;20;10;0;<FLG>
V6155020;V615502002;HIXnJ;1;"2022-02-12 00:00:00";"2022-02-12 00:15:00";16;3580;20;10;0;<FLG>
V6155020;V615502002;HIXnJ;1;"2022-02-13 00:00:00";"2022-02-13 00:15:00";16;3470;20;10;0;<FLG>
V6155020;V615502002;HIXnJ;1;"2022-02-14 00:00:00";"2022-02-14 23:59:59";16;3500;20;10;0;<FLG>
V6155020;V615502002;HIXnJ;1;"2022-02-15 00:00:00";"2022-02-15 23:59:59";16;5240;20;10;0;<FLG>
V6155020;V615502002;HIXnJ;1;"2022-02-16 00:00:00";"2022-02-16 22:45:00";16;5630;20;10;0;<FLG>
V6155020;V615502002;HIXnJ;1;"2022-02-17 00:00:00";"2022-02-17 23:59:59";16;5970;20;10;0;<FLG>
V6155020;V615502002;HIXnJ;1;"2022-02-18 00:00:00";"2022-02-18 23:45:00";16;6880;20;10;0;<FLG>
V6155020;V615502002;HIXnJ;1;"2022-02-19 00:00:00";"2022-02-19 21:45:00";16;7110;20;10;0;<FLG>
V6155020;V615502002;HIXnJ;1;"2022-02-20 00:00:00";"2022-02-20 02:30:00";16;7110;20;10;0;<FLG>
V6155020;V615502002;HIXnJ;1;"2022-02-21 00:00:00";"2022-02-21 00:15:00";16;6930;20;10;0;<FLG>
V6155020;V615502002;HIXnJ;1;"2022-02-22 00:00:00";"2022-02-22 00:00:00";16;6580;20;10;0;<FLG>
V6155020;V615502002;HIXnJ;1;"2022-02-23 00:00:00";"2022-02-23 00:15:00";16;6220;20;10;0;<FLG>
V6155020;V615502002;HIXnJ;1;"2022-02-24 00:00:00";"2022-02-24 00:00:00";16;5860;20;10;0;<FLG>
V6155020;V615502002;HIXnJ;1;"2022-02-25 00:00:00";"2022-02-25 00:15:00";16;5560;20;10;0;<FLG>
V6155020;V615502002;HIXnJ;1;"2022-02-26 00:00:00";"2022-02-26 00:45:00";16;5330;20;10;0;<FLG>
V6155020;V615502002;HIXnJ;1;"2022-02-27 00:00:00";"2022-02-27 00:00:00";16;5070;20;10;0;<FLG>
V6155020;V615502002;HIXnJ;1;"2022-02-28 00:00:00";"2022-02-28 00:15:00";16;4810;20;10;0;<FLG>
V6155020;V615502002;HIXnJ;1;"2022-03-01 00:00:00";"2022-03-01 00:15:00";16;4610;20;10;0;<FLG>
V6155020;V615502002;HIXnJ;1;"2022-03-02 00:00:00";"2022-03-02 00:15:00";16;4400;20;10;0;<FLG>
V6155020;V615502002;HIXnJ;1;"2022-03-03 00:00:00";"2022-03-03 00:30:00";16;4250;20;10;0;<FLG>
V6155020;V615502002;HIXnJ;1;"2022-03-04 00:00:00";"2022-03-04 00:15:00";16;4140;20;10;0;<FLG>
V6155020;V615502002;HIXnJ;1;"2022-03-05 00:00:00";"2022-03-05 00:15:00";16;4030;20;10;0;<FLG>
V6155020;V615502002;HIXnJ;1;"2022-03-06 00:00:00";"2022-03-06 00:15:00";16;3890;20;10;0;<FLG>
V6155020;V615502002;HIXnJ;1;"2022-03-07 00:00:00";"2022-03-07 00:15:00";16;3750;20;10;0;<FLG>
V6155020;V615502002;HIXnJ;1;"2022-03-08 00:00:00";"2022-03-08 00:15:00";16;3610;20;10;0;<FLG>
V6155020;V615502002;HIXnJ;1;"2022-03-09 00:00:00";"2022-03-09 00:15:00";16;3450;20;10;0;<FLG>
V6155020;V615502002;HIXnJ;1;"2022-03-10 00:00:00";"2022-03-10 00:15:00";16;3290;20;10;0;<FLG>
V6155020;V615502002;HIXnJ;1;"2022-03-11 00:00:00";"2022-03-11 00:30:00";16;3170;20;10;0;<FLG>
V6155020;V615502002;HIXnJ;1;"2022-03-12 00:00:00";"2022-03-12 00:15:00";16;3060;20;10;0;<FLG>
V6155020;V615502002;HIXnJ;1;"2022-03-13 00:00:00";"2022-03-13 00:15:00";16;2960;20;10;0;<FLG>
V6155020;V615502002;HIXnJ;1;"2022-03-14 00:00:00";"2022-03-14 03:45:00";16;2860;20;10;0;<FLG>
V6155020;V615502002;HIXnJ;1;"2022-03-15 00:00:00";"2022-03-15 23:45:00";16;2890;20;10;0;<FLG>
V6155020;V615502002;HIXnJ;1;"2022-03-16 00:00:00";"2022-03-16 23:59:59";16;3120;20;10;0;<FLG>
V6155020;V615502002;HIXnJ;1;"2022-03-17 00:00:00";"2022-03-17 23:45:00";16;3290;20;10;0;<FLG>
V6155020;V615502002;HIXnJ;1;"2022-03-18 00:00:00";"2022-03-18 16:15:00";16;3350;20;10;0;<FLG>
V6155020;V615502002;HIXnJ;1;"2022-03-19 00:00:00";"2022-03-19 07:45:00";16;3360;20;10;0;<FLG>
V6155020;V615502002;HIXnJ;1;"2022-03-20 00:00:00";"2022-03-20 07:15:00";16;3350;20;10;0;<FLG>
V6155020;V615502002;HIXnJ;1;"2022-03-21 00:00:00";"2022-03-21 00:15:00";16;3250;20;10;0;<FLG>
V6155020;V615502002;HIXnJ;1;"2022-03-22 00:00:00";"2022-03-22 00:15:00";16;3100;20;10;0;<FLG>
V6155020;V615502002;HIXnJ;1;"2022-03-23 00:00:00";"2022-03-23 00:15:00";16;2940;20;10;0;<FLG>
V6155020;V615502002;HIXnJ;1;"2022-03-24 00:00:00";"2022-03-24 00:15:00";16;2830;20;10;0;<FLG>
V6155020;V615502002;HIXnJ;1;"2022-03-25 00:00:00";"2022-03-25 00:15:00";16;2730;20;10;0;<FLG>
V6155020;V615502002;HIXnJ;1;"2022-03-26 00:00:00";"2022-03-26 00:15:00";16;2640;20;10;0;<FLG>
V6155020;V615502002;HIXnJ;1;"2022-03-27 00:00:00";"2022-03-27 00:15:00";16;2540;20;10;0;<FLG>
V6155020;V615502002;HIXnJ;1;"2022-03-28 00:00:00";"2022-03-28 00:30:00";16;2440;20;10;0;<FLG>
V6155020;V615502002;HIXnJ;1;"2022-03-29 00:00:00";"2022-03-29 03:30:00";16;2370;20;10;0;<FLG>
V6155020;V615502002;HIXnJ;1;"2022-03-30 00:00:00";"2022-03-30 17:15:00";16;2360;20;10;0;<FLG>
V6155020;V615502002;HIXnJ;1;"2022-03-31 00:00:00";"2022-03-31 05:30:00";16;2360;20;10;0;<FLG>
V6155020;V615502002;HIXnJ;1;"2022-04-01 00:00:00";"2022-04-01 05:15:00";16;2350;20;10;0;<FLG>
V6155020;V615502002;HIXnJ;1;"2022-04-02 00:00:00";"2022-04-02 00:15:00";16;2290;20;10;0;<FLG>
V6155020;V615502002;HIXnJ;1;"2022-04-03 00:00:00";"2022-04-03 00:15:00";16;2170;20;10;0;<FLG>
V6155020;V615502002;HIXnJ;1;"2022-04-04 00:00:00";"2022-04-04 00:15:00";16;2030;20;10;0;<FLG>
V6155020;V615502002;HIXnJ;1;"2022-04-05 00:00:00";"2022-04-05 00:15:00";16;1920;20;10;0;<FLG>
V6155020;V615502002;HIXnJ;1;"2022-04-06 00:00:00";"2022-04-06 00:15:00";16;1850;20;10;0;<FLG>
V6155020;V615502002;HIXnJ;1;"2022-04-07 00:00:00";"2022-04-07 02:30:00";16;1800;20;10;0;<FLG>
V6155020;V615502002;HIXnJ;1;"2022-04-08 00:00:00";"2022-04-08 02:45:00";16;1740;20;10;0;<FLG>
V6155020;V615502002;HIXnJ;1;"2022-04-09 00:00:00";"2022-04-09 00:30:00";16;1690;20;10;0;<FLG>
V6155020;V615502002;HIXnJ;1;"2022-04-10 00:00:00";"2022-04-10 03:30:00";16;1660;20;10;0;<FLG>
V6155020;V615502002;HIXnJ;1;"2022-04-11 00:00:00";"2022-04-11 00:15:00";16;1580;20;10;0;<FLG>
V6155020;V615502002;HIXnJ;1;"2022-04-12 00:00:00";"2022-04-12 05:45:00";16;1520;20;10;0;<FLG>
V6155020;V615502002;HIXnJ;1;"2022-04-13 00:00:00";"2022-04-13 01:45:00";16;1460;20;10;0;<FLG>
V6155020;V615502002;HIXnJ;1;"2022-04-14 00:00:00";"2022-04-14 02:15:00";16;1410;20;10;0;<FLG>
V6155020;V615502002;HIXnJ;1;"2022-04-15 00:00:00";"2022-04-15 02:00:00";16;1360;20;10;0;<FLG>
V6155020;V615502002;HIXnJ;1;"2022-04-16 00:00:00";"2022-04-16 05:30:00";16;1320;20;10;0;<FLG>
V6155020;V615502002;HIXnJ;1;"2022-04-17 00:00:00";"2022-04-17 00:15:00";16;1270;20;10;0;<FLG>
V6155020;V615502002;HIXnJ;1;"2022-04-18 00:00:00";"2022-04-18 00:15:00";16;1250;20;10;0;<FLG>
V6155020;V615502002;HIXnJ;1;"2022-04-19 00:00:00";"2022-04-19 03:15:00";16;1220;20;10;0;<FLG>
V6155020;V615502002;HIXnJ;1;"2022-04-20 00:00:00";"2022-04-20 05:30:00";16;1210;20;10;0;<FLG>
V6155020;V615502002;HIXnJ;1;"2022-04-21 00:00:00";"2022-04-21 07:30:00";16;1170;20;10;0;<FLG>
V6155020;V615502002;HIXnJ;1;"2022-04-22 00:00:00";"2022-04-22 23:59:59";16;1800;20;10;0;<FLG>
V6155020;V615502002;HIXnJ;1;"2022-04-23 00:00:00";"2022-04-23 23:59:59";16;3350;20;10;0;<FLG>
V6155020;V615502002;HIXnJ;1;"2022-04-24 00:00:00";"2022-04-24 23:59:59";16;14700;20;10;0;<FLG>
V6155020;V615502002;HIXnJ;1;"2022-04-25 00:00:00";"2022-04-25 23:59:59";16;17810;20;10;0;<FLG>
V6155020;V615502002;HIXnJ;1;"2022-04-26 00:00:00";"2022-04-26 18:15:00";16;18350;20;10;0;<FLG>
V6155020;V615502002;HIXnJ;1;"2022-04-27 00:00:00";"2022-04-27 00:45:00";16;18340;20;10;0;<FLG>
V6155020;V615502002;HIXnJ;1;"2022-04-28 00:00:00";"2022-04-28 00:00:00";16;17610;20;10;0;<FLG>
V6155020;V615502002;HIXnJ;1;"2022-04-29 00:00:00";"2022-04-29 00:00:00";16;15570;20;10;0;<FLG>
V6155020;V615502002;HIXnJ;1;"2022-04-30 00:00:00";"2022-04-30 00:00:00";16;13710;20;10;0;<FLG>
V6155020;V615502002;HIXnJ;1;"2022-05-01 00:00:00";"2022-05-01 00:00:00";12;12360;20;10;0;<FLG>
V6155020;V615502002;HIXnJ;1;"2022-05-02 00:00:00";"2022-05-02 00:00:00";12;11232;20;10;0;<FLG>
V6155020;V615502002;HIXnJ;1;"2022-05-03 00:00:00";"2022-05-03 00:00:00";12;10297;20;10;0;<FLG>
V6155020;V615502002;HIXnJ;1;"2022-05-04 00:00:00";"2022-05-04 00:00:00";12;9317;20;10;0;<FLG>
V6155020;V615502002;HIXnJ;1;"2022-05-05 00:00:00";"2022-05-05 00:00:00";12;8573;20;10;0;<FLG>
V6155020;V615502002;HIXnJ;1;"2022-05-06 00:00:00";"2022-05-06 00:00:00";12;8103;20;10;0;<FLG>
V6155020;V615502002;HIXnJ;1;"2022-05-07 00:00:00";"2022-05-07 00:00:00";12;7663;20;10;0;<FLG>
V6155020;V615502002;HIXnJ;1;"2022-05-08 00:00:00";"2022-05-08 23:59:59";12;7550;20;10;0;<FLG>
V6155020;V615502002;HIXnJ;1;"2022-05-09 00:00:00";"2022-05-09 23:59:59";12;10330;20;10;0;<FLG>
V6155020;V615502002;HIXnJ;1;"2022-05-10 00:00:00";"2022-05-10 23:59:59";12;11330;20;10;0;<FLG>
V6155020;V615502002;HIXnJ;1;"2022-05-11 00:00:00";"2022-05-11 14:30:00";12;11390;20;10;0;<FLG>
V6155020;V615502002;HIXnJ;1;"2022-05-12 00:00:00";"2022-05-12 00:00:00";12;11308;20;10;0;<FLG>
V6155020;V615502002;HIXnJ;1;"2022-05-13 00:00:00";"2022-05-13 00:00:00";12;10778;20;10;0;<FLG>
V6155020;V615502002;HIXnJ;1;"2022-05-14 00:00:00";"2022-05-14 00:00:00";12;10143;20;10;0;<FLG>
V6155020;V615502002;HIXnJ;1;"2022-05-15 00:00:00";"2022-05-15 00:00:00";12;9508;20;10;0;<FLG>
V6155020;V615502002;HIXnJ;1;"2022-05-16 00:00:00";"2022-05-16 00:00:00";12;8895;20;10;0;<FLG>
V6155020;V615502002;HIXnJ;1;"2022-05-17 00:00:00";"2022-05-17 00:00:00";12;8295;20;10;0;<FLG>
V6155020;V615502002;HIXnJ;1;"2022-05-18 00:00:00";"2022-05-18 00:00:00";12;7713;20;10;0;<FLG>
V6155020;V615502002;HIXnJ;1;"2022-05-19 00:00:00";"2022-05-19 00:00:00";12;7170;20;10;0;<FLG>
V6155020;V615502002;HIXnJ;1;"2022-05-20 00:00:00";"2022-05-20 00:00:00";12;6673;20;10;0;<FLG>
V6155020;V615502002;HIXnJ;1;"2022-05-21 00:00:00";"2022-05-21 00:00:00";12;6249;20;10;0;<FLG>
V6155020;V615502002;HIXnJ;1;"2022-05-22 00:00:00";"2022-05-22 00:00:00";12;5933;20;10;0;<FLG>
V6155020;V615502002;HIXnJ;1;"2022-05-23 00:00:00";"2022-05-23 00:00:00";12;5658;20;10;0;<FLG>
V6155020;V615502002;HIXnJ;1;"2022-05-24 00:00:00";"2022-05-24 00:00:00";12;5381;20;10;0;<FLG>
V6155020;V615502002;HIXnJ;1;"2022-05-25 00:00:00";"2022-05-25 00:00:00";12;5091;20;10;0;<FLG>
V6155020;V615502002;HIXnJ;1;"2022-05-26 00:00:00";"2022-05-26 00:00:00";12;4786;20;10;0;<FLG>
V6155020;V615502002;HIXnJ;1;"2022-05-27 00:00:00";"2022-05-27 00:00:00";12;4491;20;10;0;<FLG>
V6155020;V615502002;HIXnJ;1;"2022-05-28 00:00:00";"2022-05-28 00:00:00";12;4253;20;10;0;<FLG>
V6155020;V615502002;HIXnJ;1;"2022-05-29 00:00:00";"2022-05-29 00:00:00";12;4074;20;10;0;<FLG>
V6155020;V615502002;HIXnJ;1;"2022-05-30 00:00:00";"2022-05-30 00:00:00";12;3907;20;10;0;<FLG>
V6155020;V615502002;HIXnJ;1;"2022-05-31 00:00:00";"2022-05-31 00:00:00";12;3691;20;10;0;<FLG>
V6155020;V615502002;HIXnJ;1;"2022-06-01 00:00:00";"2022-06-01 00:00:00";12;3462;20;10;0;<FLG>
V6155020;V615502002;HIXnJ;1;"2022-06-02 00:00:00";"2022-06-02 00:00:00";12;3256;20;10;0;<FLG>
V6155020;V615502002;HIXnJ;1;"2022-06-03 00:00:00";"2022-06-03 00:00:00";12;3077;20;10;0;<FLG>
V6155020;V615502002;HIXnJ;1;"2022-06-04 00:00:00";"2022-06-04 00:00:00";12;2913;20;10;0;<FLG>
V6155020;V615502002;HIXnJ;1;"2022-06-05 00:00:00";"2022-06-05 00:00:00";12;2758;20;10;0;<FLG>
V6155020;V615502002;HIXnJ;1;"2022-06-06 00:00:00";"2022-06-06 00:00:00";12;2619;20;10;0;<FLG>
V6155020;V615502002;HIXnJ;1;"2022-06-07 00:00:00";"2022-06-07 01:15:00";12;2490;20;10;0;<FLG>
V6155020;V615502002;HIXnJ;1;"2022-06-08 00:00:00";"2022-06-08 00:00:00";12;2381;20;10;0;<FLG>
V6155020;V615502002;HIXnJ;1;"2022-06-09 00:00:00";"2022-06-09 00:00:00";12;2268;20;10;0;<FLG>
V6155020;V615502002;HIXnJ;1;"2022-06-10 00:00:00";"2022-06-10 00:00:00";12;2158;20;10;0;<FLG>
V6155020;V615502002;HIXnJ;1;"2022-06-11 00:00:00";"2022-06-11 00:00:00";12;2052;20;10;0;<FLG>
V6155020;V615502002;HIXnJ;1;"2022-06-12 00:00:00";"2022-06-12 00:00:00";12;1920;20;10;0;<FLG>
V6155020;V615502002;HIXnJ;1;"2022-06-13 00:00:00";"2022-06-13 03:45:00";12;1830;20;10;0;<FLG>
V6155020;V615502002;HIXnJ;1;"2022-06-14 00:00:00";"2022-06-14 00:00:00";12;1752;20;10;0;<FLG>
V6155020;V615502002;HIXnJ;1;"2022-06-15 00:00:00";"2022-06-15 00:00:00";12;1675;20;10;0;<FLG>
V6155020;V615502002;HIXnJ;1;"2022-06-16 00:00:00";"2022-06-16 00:00:00";12;1603;20;10;0;<FLG>
V6155020;V615502002;HIXnJ;1;"2022-06-17 00:00:00";"2022-06-17 00:00:00";12;1512;20;10;0;<FLG>
V6155020;V615502002;HIXnJ;1;"2022-06-18 00:00:00";"2022-06-18 00:00:00";12;1432;20;10;0;<FLG>
V6155020;V615502002;HIXnJ;1;"2022-06-19 00:00:00";"2022-06-19 06:30:00";12;1370;20;10;0;<FLG>
V6155020;V615502002;HIXnJ;1;"2022-06-20 00:00:00";"2022-06-20 00:00:00";12;1315;20;10;0;<FLG>
V6155020;V615502002;HIXnJ;1;"2022-06-21 00:00:00";"2022-06-21 00:00:00";12;1266;20;10;0;<FLG>
V6155020;V615502002;HIXnJ;1;"2022-06-22 00:00:00";"2022-06-22 02:30:00";12;1203;20;10;0;<FLG>
V6155020;V615502002;HIXnJ;1;"2022-06-23 00:00:00";"2022-06-23 05:30:00";12;1180;20;10;0;<FLG>
V6155020;V615502002;HIXnJ;1;"2022-06-24 00:00:00";"2022-06-24 04:00:00";12;1117;20;10;0;<FLG>
V6155020;V615502002;HIXnJ;1;"2022-06-25 00:00:00";"2022-06-25 05:00:00";12;1080;20;10;0;<FLG>
V6155020;V615502002;HIXnJ;1;"2022-06-26 00:00:00";"2022-06-26 00:00:00";12;1034;20;10;0;<FLG>
V6155020;V615502002;HIXnJ;1;"2022-06-27 00:00:00";"2022-06-27 00:00:00";12;966;20;10;0;<FLG>
V6155020;V615502002;HIXnJ;1;"2022-06-28 00:00:00";"2022-06-28 06:00:00";12;903;20;10;0;<FLG>
V6155020;V615502002;HIXnJ;1;"2022-06-29 00:00:00";"2022-06-29 00:45:00";12;863;20;10;0;<FLG>
V6155020;V615502002;HIXnJ;1;"2022-06-30 00:00:00";"2022-06-30 06:30:00";12;827;20;10;0;<FLG>
V6155020;V615502002;HIXnJ;1;"2022-07-01 00:00:00";"2022-07-01 07:15:00";12;760;20;10;0;<FLG>
V6155020;V615502002;HIXnJ;1;"2022-07-02 00:00:00";"2022-07-02 00:00:00";12;710;20;10;0;<FLG>
V6155020;V615502002;HIXnJ;1;"2022-07-03 00:00:00";"2022-07-03 02:30:00";12;660;20;10;0;<FLG>
V6155020;V615502002;HIXnJ;1;"2022-07-04 00:00:00";"2022-07-04 00:00:00";12;610;20;10;0;<FLG>
V6155020;V615502002;HIXnJ;1;"2022-07-05 00:00:00";"2022-07-05 00:00:00";12;569;20;10;0;<FLG>
V6155020;V615502002;HIXnJ;1;"2022-07-06 00:00:00";"2022-07-06 00:00:00";12;522;20;10;0;<FLG>
V6155020;V615502002;HIXnJ;1;"2022-07-07 00:00:00";"2022-07-07 00:00:00";12;494;20;10;0;<FLG>
V6155020;V615502002;HIXnJ;1;"2022-07-08 00:00:00";"2022-07-08 00:00:00";12;456;20;10;0;<FLG>
V6155020;V615502002;HIXnJ;1;"2022-07-09 00:00:00";"2022-07-09 00:00:00";12;418;20;10;0;<FLG>
V6155020;V615502002;HIXnJ;1;"2022-07-10 00:00:00";"2022-07-10 20:45:00";12;380;20;10;0;<FLG>
V6155020;V615502002;HIXnJ;1;"2022-07-11 00:00:00";"2022-07-11 00:00:00";12;373;20;10;0;<FLG>
V6155020;V615502002;HIXnJ;1;"2022-07-12 00:00:00";"2022-07-12 03:45:00";12;313;20;10;0;<FLG>
V6155020;V615502002;HIXnJ;1;"2022-07-13 00:00:00";"2022-07-13 05:00:00";12;290;20;10;0;<FLG>
V6155020;V615502002;HIXnJ;1;"2022-07-14 00:00:00";"2022-07-14 19:45:00";12;247;20;10;0;<FLG>
V6155020;V615502002;HIXnJ;1;"2022-07-15 00:00:00";"2022-07-15 00:00:00";12;233;20;10;0;<FLG>
V6155020;V615502002;HIXnJ;1;"2022-07-16 00:00:00";"2022-07-16 09:30:00";12;210;20;10;0;<FLG>
V6155020;V615502002;HIXnJ;1;"2022-07-17 00:00:00";"2022-07-17 00:00:00";12;166;20;10;0;<FLG>
V6155020;V615502002;HIXnJ;1;"2022-07-18 00:00:00";"2022-07-18 06:30:00";12;147;20;10;0;<FLG>
V6155020;V615502002;HIXnJ;1;"2022-07-19 00:00:00";"2022-07-19 18:30:00";12;103;20;10;0;<FLG>
V6155020;V615502002;HIXnJ;1;"2022-07-20 00:00:00";"2022-07-20 00:00:00";12;96;20;10;0;<FLG>
V6155020;V615502002;HIXnJ;1;"2022-07-21 00:00:00";"2022-07-21 09:00:00";12;67;20;10;0;<FLG>
V6155020;V615502002;HIXnJ;1;"2022-07-22 00:00:00";"2022-07-22 22:45:00";12;37;20;10;0;<FLG>
V6155020;V615502002;HIXnJ;1;"2022-07-23 00:00:00";"2022-07-23 03:00:00";12;30;20;10;0;<FLG>
V6155020;V615502002;HIXnJ;1;"2022-07-24 00:00:00";"2022-07-24 15:45:00";12;-10;20;10;0;<FLG>
V6155020;V615502002;HIXnJ;1;"2022-07-25 00:00:00";"2022-07-25 00:00:00";12;-31;20;10;0;<FLG>
V6155020;V615502002;HIXnJ;1;"2022-07-26 00:00:00";"2022-07-26 08:15:00";4;-30;16;0;0;<FLG>
V6155020;V615502002;HIXnJ;1;"2022-07-27 00:00:00";"2022-07-27 18:00:00";4;-50;16;0;0;<FLG>
V6155020;V615502002;HIXnJ;1;"2022-07-28 00:00:00";"2022-07-28 00:00:00";4;-60;16;0;0;<FLG>
V6155020;V615502002;HIXnJ;1;"2022-07-29 00:00:00";"2022-07-29 06:00:00";4;-110;16;0;0;<FLG>
V6155020;V615502002;HIXnJ;1;"2022-07-30 00:00:00";"2022-07-30 00:15:00";4;-150;16;0;0;<FLG>
V6155020;V615502002;HIXnJ;1;"2022-07-31 00:00:00";"2022-07-31 07:00:00";4;-150;16;0;0;<FLG>
V6155020;V615502002;HIXnJ;1;"2022-08-01 00:00:00";"2022-08-01 14:15:00";4;-180;16;0;0;<FLG>
V6155020;V615502002;HIXnJ;1;"2022-08-02 00:00:00";"2022-08-02 00:15:00";4;-200;16;0;0;<FLG>
V6155020;V615502002;HIXnJ;1;"2022-08-03 00:00:00";"2022-08-03 10:00:00";4;-220;16;0;0;<FLG>
V6155020;V615502002;HIXnJ;1;"2022-08-04 00:00:00";"2022-08-04 02:00:00";4;-250;16;0;0;<FLG>
V6155020;V615502002;HIXnJ;1;"2022-08-05 00:00:00";"2022-08-05 00:15:00";4;-260;16;0;0;<FLG>
V6155020;V615502002;HIXnJ;1;"2022-08-06 00:00:00";"2022-08-06 12:45:00";4;-270;16;0;0;<FLG>
V6155020;V615502002;HIXnJ;1;"2022-08-07 00:00:00";"2022-08-07 00:00:00";4;-290;16;0;0;<FLG>
V6155020;V615502002;HIXnJ;1;"2022-08-08 00:00:00";"2022-08-08 00:00:00";4;-300;16;0;0;<FLG>
V6155020;V615502002;HIXnJ;1;"2022-08-09 00:00:00";"2022-08-09 16:30:00";4;-330;16;0;0;<FLG>
V6155020;V615502002;HIXnJ;1;"2022-08-10 00:00:00";"2022-08-10 00:15:00";4;-350;16;0;0;<FLG>
V6155020;V615502002;HIXnJ;1;"2022-08-11 00:00:00";"2022-08-11 18:45:00";4;-360;16;0;0;<FLG>
V6155020;V615502002;HIXnJ;1;"2022-08-12 00:00:00";"2022-08-12 07:45:00";4;-380;16;0;0;<FLG>
V6155020;V615502002;HIXnJ;1;"2022-08-13 00:00:00";"2022-08-13 02:30:00";4;-390;16;0;0;<FLG>
V6155020;V615502002;HIXnJ;1;"2022-08-14 00:00:00";"2022-08-14 06:15:00";4;-380;16;0;0;<FLG>
V6155020;V615502002;HIXnJ;1;"2022-08-15 00:00:00";"2022-08-15 09:45:00";4;-410;16;0;0;<FLG>
V6155020;V615502002;HIXnJ;1;"2022-08-16 00:00:00";"2022-08-16 08:30:00";4;-400;16;0;0;<FLG>
V6155020;V615502002;HIXnJ;1;"2022-08-17 00:00:00";"2022-08-17 00:15:00";4;-420;16;0;0;<FLG>
V6155020;V615502002;HIXnJ;1;"2022-08-18 00:00:00";"2022-08-18 13:30:00";4;-450;16;0;0;<FLG>
V6155020;V615502002;HIXnJ;1;"2022-08-19 00:00:00";"2022-08-19 19:00:00";4;-450;16;0;0;<FLG>
V6155020;V615502002;HIXnJ;1;"2022-08-20 00:00:00";"2022-08-20 00:45:00";4;-460;16;0;0;<FLG>
V6155020;V615502002;HIXnJ;1;"2022-08-21 00:00:00";"2022-08-21 04:00:00";4;-490;16;0;0;<FLG>
V6155020;V615502002;HIXnJ;1;"2022-08-22 00:00:00";"2022-08-22 17:15:00";4;-500;16;0;0;<FLG>
V6155020;V615502002;HIXnJ;1;"2022-08-23 00:00:00";"2022-08-23 00:30:00";4;-500;16;0;0;<FLG>
V6155020;V615502002;HIXnJ;1;"2022-08-24 00:00:00";"2022-08-24 02:30:00";4;-540;16;0;0;<FLG>
V6155020;V615502002;HIXnJ;1;"2022-08-25 00:00:00";"2022-08-25 00:45:00";4;-580;16;0;0;<FLG>
V6155020;V615502002;HIXnJ;1;"2022-08-26 00:00:00";"2022-08-26 19:15:00";4;-550;16;0;0;<FLG>
V6155020;V615502002;HIXnJ;1;"2022-08-27 00:00:00";"2022-08-27 06:00:00";4;-570;16;0;0;<FLG>
V6155020;V615502002;HIXnJ;1;"2022-08-28 00:00:00";"2022-08-28 01:45:00";4;-610;16;0;0;<FLG>
V6155020;V615502002;HIXnJ;1;"2022-08-29 00:00:00";"2022-08-29 05:45:00";4;-600;16;0;0;<FLG>
V6155020;V615502002;HIXnJ;1;"2022-08-30 00:00:00";"2022-08-30 06:30:00";4;-600;16;0;0;<FLG>
V6155020;V615502002;HIXnJ;1;"2022-08-31 00:00:00";"2022-08-31 09:15:00";4;-630;16;0;0;<FLG>
V6155020;V615502002;HIXnJ;1;"2022-09-01 00:00:00";"2022-09-01 17:15:00";4;-600;16;0;0;<FLG>
V6155020;V615502002;HIXnJ;1;"2022-09-02 00:00:00";"2022-09-02 07:00:00";4;-600;16;0;0;<FLG>
V6155020;V615502002;HIXnJ;1;"2022-09-03 00:00:00";"2022-09-03 00:00:00";4;-630;16;0;0;<FLG>
V6155020;V615502002;HIXnJ;1;"2022-09-04 00:00:00";"2022-09-04 22:00:00";4;-550;16;0;0;<FLG>
V6155020;V615502002;HIXnJ;1;"2022-09-05 00:00:00";"2022-09-05 00:15:00";4;-550;16;0;0;<FLG>
V6155020;V615502002;HIXnJ;1;"2022-09-06 00:00:00";"2022-09-06 01:30:00";4;-556;20;0;0;<FLG>
V6155020;V615502002;HIXnJ;1;"2022-09-07 00:00:00";"2022-09-07 04:30:00";4;-580;16;0;0;<FLG>
V6155020;V615502002;HIXnJ;1;"2022-09-08 00:00:00";"2022-09-08 20:00:00";4;-430;16;0;0;<FLG>
V6155020;V615502002;HIXnJ;1;"2022-09-09 00:00:00";"2022-09-09 03:45:00";4;-400;16;0;0;<FLG>
V6155020;V615502002;HIXnJ;1;"2022-09-10 00:00:00";"2022-09-10 00:30:00";4;-450;16;0;0;<FLG>
V6155020;V615502002;HIXnJ;1;"2022-09-11 00:00:00";"2022-09-11 04:45:00";4;-510;16;0;0;<FLG>
V6155020;V615502002;HIXnJ;1;"2022-09-12 00:00:00";"2022-09-12 06:30:00";4;-530;16;0;0;<FLG>
V6155020;V615502002;HIXnJ;1;"2022-09-13 00:00:00";"2022-09-13 01:30:00";4;-600;16;0;0;<FLG>
V6155020;V615502002;HIXnJ;1;"2022-09-14 00:00:00";"2022-09-14 00:15:00";4;-640;16;0;0;<FLG>
V6155020;V615502002;HIXnJ;1;"2022-09-15 00:00:00";"2022-09-15 09:15:00";4;-650;16;0;0;<FLG>
V6155020;V615502002;HIXnJ;1;"2022-09-16 00:00:00";"2022-09-16 00:30:00";4;-670;16;0;0;<FLG>
V6155020;V615502002;HIXnJ;1;"2022-09-17 00:00:00";"2022-09-17 00:45:00";4;-720;16;0;0;<FLG>
V6155020;V615502002;HIXnJ;1;"2022-09-18 00:00:00";"2022-09-18 15:00:00";4;-730;16;0;0;<FLG>
V6155020;V615502002;HIXnJ;1;"2022-09-19 00:00:00";"2022-09-19 01:15:00";4;-740;16;0;0;<FLG>
V6155020;V615502002;HIXnJ;1;"2022-09-20 00:00:00";"2022-09-20 00:15:00";4;-780;16;0;0;<FLG>
V6155020;V615502002;HIXnJ;1;"2022-09-21 00:00:00";"2022-09-21 23:15:00";4;-800;16;0;0;<FLG>
V6155020;V615502002;HIXnJ;1;"2022-09-22 00:00:00";"2022-09-22 03:00:00";4;-790;16;0;0;<FLG>
V6155020;V615502002;HIXnJ;1;"2022-09-23 00:00:00";"2022-09-23 04:15:00";4;-820;16;0;0;<FLG>
V6155020;V615502002;HIXnJ;1;"2022-09-24 00:00:00";"2022-09-24 23:45:00";4;-510;20;0;0;<FLG>
V6155020;V615502002;HIXnJ;1;"2022-09-25 00:00:00";"2022-09-25 18:30:00";4;-350;20;0;0;<FLG>
V6155020;V615502002;HIXnJ;1;"2022-09-26 00:00:00";"2022-09-26 04:45:00";4;-340;20;0;0;<FLG>
V6155020;V615502002;HIXnJ;1;"2022-09-27 00:00:00";"2022-09-27 02:45:00";4;-380;20;0;0;<FLG>
V6155020;V615502002;HIXnJ;1;"2022-09-28 00:00:00";"2022-09-28 05:45:00";4;-440;20;0;0;<FLG>
V6155020;V615502002;HIXnJ;1;"2022-09-29 00:00:00";"2022-09-29 06:45:00";4;-480;20;0;0;<FLG>
V6155020;V615502002;HIXnJ;1;"2022-09-30 00:00:00";"2022-09-30 00:15:00";4;-580;20;0;0;<FLG>
V6155020;V615502002;HIXnJ;1;"2022-10-01 00:00:00";"2022-10-01 00:15:00";4;-690;20;0;0;<FLG>
V6155020;V615502002;HIXnJ;1;"2022-10-02 00:00:00";"2022-10-02 01:00:00";4;-710;20;0;0;<FLG>
V6155020;V615502002;HIXnJ;1;"2022-10-03 00:00:00";"2022-10-03 00:15:00";4;-760;20;0;0;<FLG>
V6155020;V615502002;HIXnJ;1;"2022-10-04 00:00:00";"2022-10-04 01:00:00";4;-790;20;0;0;<FLG>
V6155020;V615502002;HIXnJ;1;"2022-10-05 00:00:00";"2022-10-05 00:45:00";4;-810;20;0;0;<FLG>
V6155020;V615502002;HIXnJ;1;"2022-10-06 00:00:00";"2022-10-06 00:45:00";4;-830;20;0;0;<FLG>
V6155020;V615502002;HIXnJ;1;"2022-10-07 00:00:00";"2022-10-07 16:45:00";4;-860;20;0;0;<FLG>
V6155020;V615502002;HIXnJ;1;"2022-10-08 00:00:00";"2022-10-08 19:15:00";4;-840;20;0;0;<FLG>
V6155020;V615502002;HIXnJ;1;"2022-10-09 00:00:00";"2022-10-09 05:00:00";4;-840;20;0;0;<FLG>
V6155020;V615502002;HIXnJ;1;"2022-10-10 00:00:00";"2022-10-10 05:15:00";4;-880;20;0;0;<FLG>
V6155020;V615502002;HIXnJ;1;"2022-10-11 00:00:00";"2022-10-11 19:15:00";4;-900;20;0;0;<FLG>
V6155020;V615502002;HIXnJ;1;"2022-10-12 00:00:00";"2022-10-12 15:30:00";4;-890;20;0;0;<FLG>
V6155020;V615502002;HIXnJ;1;"2022-10-13 00:00:00";"2022-10-13 00:15:00";4;-930;20;0;0;<FLG>
V6155020;V615502002;HIXnJ;1;"2022-10-14 00:00:00";"2022-10-14 13:45:00";4;-930;20;0;0;<FLG>
V6155020;V615502002;HIXnJ;1;"2022-10-15 00:00:00";"2022-10-15 13:45:00";4;-910;20;0;0;<FLG>
V6155020;V615502002;HIXnJ;1;"2022-10-16 00:00:00";"2022-10-16 00:15:00";4;-930;20;0;0;<FLG>
V6155020;V615502002;HIXnJ;1;"2022-10-17 00:00:00";"2022-10-17 00:30:00";4;-980;20;0;0;<FLG>
V6155020;V615502002;HIXnJ;1;"2022-10-18 00:00:00";"2022-10-18 21:45:00";4;-980;20;0;0;<FLG>
V6155020;V615502002;HIXnJ;1;"2022-10-19 00:00:00";"2022-10-19 17:15:00";4;-960;20;0;0;<FLG>
V6155020;V615502002;HIXnJ;1;"2022-10-20 00:00:00";"2022-10-20 00:15:00";4;-980;20;0;0;<FLG>
V6155020;V615502002;HIXnJ;1;"2022-10-21 00:00:00";"2022-10-21 01:30:00";4;-990;20;0;0;<FLG>
V6155020;V615502002;HIXnJ;1;"2022-10-22 00:00:00";"2022-10-22 15:30:00";4;-980;20;0;0;<FLG>
V6155020;V615502002;HIXnJ;1;"2022-10-23 00:00:00";"2022-10-23 02:15:00";4;-990;20;0;0;<FLG>
V6155020;V615502002;HIXnJ;1;"2022-10-24 00:00:00";"2022-10-24 03:45:00";4;-1030;20;0;0;<FLG>
V6155020;V615502002;HIXnJ;1;"2022-10-25 00:00:00";"2022-10-25 16:00:00";4;-1030;20;0;0;<FLG>
V6155020;V615502002;HIXnJ;1;"2022-10-26 00:00:00";"2022-10-26 06:15:00";4;-1030;20;0;0;<FLG>
V6155020;V615502002;HIXnJ;1;"2022-10-27 00:00:00";"2022-10-27 07:00:00";4;-1080;20;0;0;<FLG>
V6155020;V615502002;HIXnJ;1;"2022-10-28 00:00:00";"2022-10-28 11:45:00";4;-1100;20;0;0;<FLG>
V6155020;V615502002;HIXnJ;1;"2022-10-29 00:00:00";"2022-10-29 17:00:00";4;-1060;20;0;0;<FLG>
V6155020;V615502002;HIXnJ;1;"2022-10-30 00:00:00";"2022-10-30 07:15:00";4;-1080;20;0;0;<FLG>
V6155020;V615502002;HIXnJ;1;"2022-10-31 00:00:00";"2022-10-31 14:30:00";4;-1090;20;0;0;<FLG>
V6155020;V615502002;HIXnJ;1;"2022-11-01 00:00:00";"2022-11-01 23:45:00";4;-640;20;0;0;<FLG>
V6155020;V615502002;HIXnJ;1;"2022-11-02 00:00:00";"2022-11-02 13:45:00";4;-590;20;0;0;<FLG>
V6155020;V615502002;HIXnJ;1;"2022-11-03 00:00:00";"2022-11-03 23:59:59";4;1440;20;0;0;<FLG>
V6155020;V615502002;HIXnJ;1;"2022-11-04 00:00:00";"2022-11-04 18:45:00";4;2790;20;0;0;<FLG>
V6155020;V615502002;HIXnJ;1;"2022-11-05 00:00:00";"2022-11-05 01:30:00";4;2780;20;0;0;<FLG>
V6155020;V615502002;HIXnJ;1;"2022-11-06 00:00:00";"2022-11-06 00:00:00";4;2290;20;0;0;<FLG>
V6155020;V615502002;HIXnJ;1;"2022-11-07 00:00:00";"2022-11-07 00:15:00";4;1740;20;0;0;<FLG>
V6155020;V615502002;HIXnJ;1;"2022-11-08 00:00:00";"2022-11-08 00:15:00";4;1140;20;0;0;<FLG>
V6155020;V615502002;HIXnJ;1;"2022-11-09 00:00:00";"2022-11-09 23:59:59";4;890;20;0;0;<FLG>
V6155020;V615502002;HIXnJ;1;"2022-11-10 00:00:00";"2022-11-10 23:59:59";4;2890;20;0;0;<FLG>
V6155020;V615502002;HIXnJ;1;"2022-11-11 00:00:00";"2022-11-11 07:30:00";4;3010;20;0;0;<FLG>
V6155020;V615502002;HIXnJ;1;"2022-11-12 00:00:00";"2022-11-12 00:00:00";4;2790;20;0;0;<FLG>
V6155020;V615502002;HIXnJ;1;"2022-11-13 00:00:00";"2022-11-13 00:00:00";4;2390;20;0;0;<FLG>
V6155020;V615502002;HIXnJ;1;"2022-11-14 00:00:00";"2022-11-14 00:15:00";4;1940;20;0;0;<FLG>
V6155020;V615502002;HIXnJ;1;"2022-11-15 00:00:00";"2022-11-15 23:59:59";4;1923;20;8;0;<FLG>
V6155020;V615502002;HIXnJ;1;"2022-11-16 00:00:00";"2022-11-16 23:59:59";4;1990;20;8;0;<FLG>
V6155020;V615502002;HIXnJ;1;"2022-11-17 00:00:00";"2022-11-17 23:59:59";4;2058;20;8;0;<FLG>
V6155020;V615502002;HIXnJ;1;"2022-11-18 00:00:00";"2022-11-18 13:00:00";4;2100;20;0;0;<FLG>
V6155020;V615502002;HIXnJ;1;"2022-11-19 00:00:00";"2022-11-19 01:15:00";4;2010;20;0;0;<FLG>
V6155020;V615502002;HIXnJ;1;"2022-11-20 00:00:00";"2022-11-20 00:00:00";4;1740;20;0;0;<FLG>
V6155020;V615502002;HIXnJ;1;"2022-11-21 00:00:00";"2022-11-21 00:15:00";4;1480;20;0;0;<FLG>
V6155020;V615502002;HIXnJ;1;"2022-11-22 00:00:00";"2022-11-22 20:15:00";4;1350;20;0;0;<FLG>
V6155020;V615502002;HIXnJ;1;"2022-11-23 00:00:00";"2022-11-23 14:30:00";4;1460;20;0;0;<FLG>
V6155020;V615502002;HIXnJ;1;"2022-11-24 00:00:00";"2022-11-24 04:15:00";4;1420;20;0;0;<FLG>
V6155020;V615502002;HIXnJ;1;"2022-11-25 00:00:00";"2022-11-25 00:30:00";4;1340;20;0;0;<FLG>
V6155020;V615502002;HIXnJ;1;"2022-11-26 00:00:00";"2022-11-26 00:15:00";4;1190;20;0;0;<FLG>
V6155020;V615502002;HIXnJ;1;"2022-11-27 00:00:00";"2022-11-27 00:15:00";4;1030;20;0;0;<FLG>
V6155020;V615502002;HIXnJ;1;"2022-11-28 00:00:00";"2022-11-28 00:15:00";4;910;20;0;0;<FLG>
V6155020;V615502002;HIXnJ;1;"2022-11-29 00:00:00";"2022-11-29 23:45:00";4;1390;20;0;0;<FLG>
V6155020;V615502002;HIXnJ;1;"2022-11-30 00:00:00";"2022-11-30 22:00:00";4;1620;20;0;0;<FLG>
V6155020;V615502002;HIXnJ;1;"2022-12-01 00:00:00";"2022-12-01 13:00:00";4;1650;20;0;0;<FLG>
V6155020;V615502002;HIXnJ;1;"2022-12-02 00:00:00";"2022-12-02 01:00:00";4;1620;20;0;0;<FLG>
V6155020;V615502002;HIXnJ;1;"2022-12-03 00:00:00";"2022-12-03 00:45:00";4;1540;20;0;0;<FLG>
V6155020;V615502002;HIXnJ;1;"2022-12-04 00:00:00";"2022-12-04 23:59:59";4;12560;20;0;0;<FLG>
V6155020;V615502002;HIXnJ;1;"2022-12-05 00:00:00";"2022-12-05 23:59:59";4;20000;20;0;0;<FLG>
V6155020;V615502002;HIXnJ;1;"2022-12-06 00:00:00";"2022-12-06 05:30:00";4;20190;20;0;0;<FLG>
V6155020;V615502002;HIXnJ;1;"2022-12-07 00:00:00";"2022-12-07 00:00:00";4;19360;20;0;0;<FLG>
V6155020;V615502002;HIXnJ;1;"2022-12-08 00:00:00";"2022-12-08 00:00:00";4;16730;20;0;0;<FLG>
V6155020;V615502002;HIXnJ;1;"2022-12-09 00:00:00";"2022-12-09 23:59:59";4;22260;20;0;0;<FLG>
V6155020;V615502002;HIXnJ;1;"2022-12-10 00:00:00";"2022-12-10 23:30:00";4;22650;20;0;0;<FLG>
V6155020;V615502002;HIXnJ;1;"2022-12-11 00:00:00";"2022-12-11 03:30:00";4;22660;20;0;0;<FLG>
V6155020;V615502002;HIXnJ;1;"2022-12-12 00:00:00";"2022-12-12 00:45:00";4;22590;20;0;0;<FLG>
V6155020;V615502002;HIXnJ;1;"2022-12-13 00:00:00";"2022-12-13 00:30:00";4;22400;20;0;0;<FLG>
V6155020;V615502002;HIXnJ;1;"2022-12-14 00:00:00";"2022-12-14 20:45:00";4;22560;20;0;0;<FLG>
V6155020;V615502002;HIXnJ;1;"2022-12-15 00:00:00";"2022-12-15 23:15:00";4;23080;20;0;0;<FLG>
V6155020;V615502002;HIXnJ;1;"2022-12-16 00:00:00";"2022-12-16 19:45:00";4;23440;20;0;0;<FLG>
V6155020;V615502002;HIXnJ;1;"2022-12-17 00:00:00";"2022-12-17 07:45:00";4;23450;20;0;0;<FLG>
V6155020;V615502002;HIXnJ;1;"2022-12-18 00:00:00";"2022-12-18 02:45:00";4;23390;20;0;0;<FLG>
V6155020;V615502002;HIXnJ;1;"2022-12-19 00:00:00";"2022-12-19 05:15:00";4;23270;20;0;0;<FLG>
V6155020;V615502002;HIXnJ;1;"2022-12-20 00:00:00";"2022-12-20 01:45:00";4;23130;20;0;0;<FLG>
V6155020;V615502002;HIXnJ;1;"2022-12-21 00:00:00";"2022-12-21 01:30:00";4;22960;20;0;0;<FLG>
V6155020;V615502002;HIXnJ;1;"2022-12-22 00:00:00";"2022-12-22 01:00:00";4;22800;20;0;0;<FLG>
V6155020;V615502002;HIXnJ;1;"2022-12-23 00:00:00";"2022-12-23 01:30:00";4;22640;20;0;0;<FLG>
V6155020;V615502002;HIXnJ;1;"2022-12-24 00:00:00";"2022-12-24 00:15:00";4;22510;20;0;0;<FLG>
V6155020;V615502002;HIXnJ;1;"2022-12-25 00:00:00";"2022-12-25 00:15:00";4;22400;20;0;0;<FLG>
V6155020;V615502002;HIXnJ;1;"2022-12-26 00:00:00";"2022-12-26 00:15:00";4;22290;20;0;0;<FLG>
V6155020;V615502002;HIXnJ;1;"2022-12-27 00:00:00";"2022-12-27 00:15:00";4;22180;20;0;0;<FLG>
V6155020;V615502002;HIXnJ;1;"2022-12-28 00:00:00";"2022-12-28 00:15:00";4;22060;20;0;0;<FLG>
V6155020;V615502002;HIXnJ;1;"2022-12-29 00:00:00";"2022-12-29 00:00:00";4;21960;20;0;0;<FLG>
V6155020;V615502002;HIXnJ;1;"2022-12-30 00:00:00";"2022-12-30 00:15:00";4;21840;20;0;0;<FLG>
V6155020;V615502002;HIXnJ;1;"2022-12-31 00:00:00";"2022-12-31 00:00:00";4;21700;20;0;0;<FLG>
V6155020;V615502002;HIXnJ;1;"2023-01-01 00:00:00";"2023-01-01 00:15:00";8;21500;20;0;0;<FLG>
V6155020;V615502002;HIXnJ;1;"2023-01-02 00:00:00";"2023-01-02 00:00:00";8;21190;20;0;0;<FLG>
V6155020;V615502002;HIXnJ;1;"2023-01-03 00:00:00";"2023-01-03 00:00:00";8;20610;20;0;0;<FLG>
V6155020;V615502002;HIXnJ;1;"2023-01-04 00:00:00";"2023-01-04 00:15:00";8;19890;20;0;0;<FLG>
V6155020;V615502002;HIXnJ;1;"2023-01-05 00:00:00";"2023-01-05 00:00:00";8;19140;20;0;0;<FLG>
V6155020;V615502002;HIXnJ;1;"2023-01-06 00:00:00";"2023-01-06 00:15:00";8;18470;20;0;0;<FLG>
V6155020;V615502002;HIXnJ;1;"2023-01-07 00:00:00";"2023-01-07 00:15:00";8;17790;20;0;0;<FLG>
V6155020;V615502002;HIXnJ;1;"2023-01-08 00:00:00";"2023-01-08 00:00:00";8;17190;20;0;0;<FLG>
V6155020;V615502002;HIXnJ;1;"2023-01-09 00:00:00";"2023-01-09 23:00:00";8;16920;20;0;0;<FLG>
V6155020;V615502002;HIXnJ;1;"2023-01-10 00:00:00";"2023-01-10 12:00:00";8;17020;20;0;0;<FLG>
V6155020;V615502002;HIXnJ;1;"2023-01-11 00:00:00";"2023-01-11 00:00:00";8;16948;20;8;0;<FLG>
V6155020;V615502002;HIXnJ;1;"2023-01-12 00:00:00";"2023-01-12 00:00:00";8;16602;20;8;0;<FLG>
V6155020;V615502002;HIXnJ;1;"2023-01-13 00:00:00";"2023-01-13 00:00:00";8;16232;20;8;0;<FLG>
V6155020;V615502002;HIXnJ;1;"2023-01-14 00:00:00";"2023-01-14 00:00:00";8;15884;20;8;0;<FLG>
V6155020;V615502002;HIXnJ;1;"2023-01-15 00:00:00";"2023-01-15 00:00:00";8;15550;20;8;0;<FLG>
V6155020;V615502002;HIXnJ;1;"2023-01-16 00:00:00";"2023-01-16 00:00:00";8;15216;20;8;0;<FLG>
V6155020;V615502002;HIXnJ;1;"2023-01-17 00:00:00";"2023-01-17 00:00:00";8;14890;20;0;0;<FLG>
V6155020;V615502002;HIXnJ;1;"2023-01-18 00:00:00";"2023-01-18 00:15:00";8;14620;20;0;0;<FLG>
V6155020;V615502002;HIXnJ;1;"2023-01-19 00:00:00";"2023-01-19 00:00:00";8;14240;20;0;0;<FLG>
V6155020;V615502002;HIXnJ;1;"2023-01-20 00:00:00";"2023-01-20 00:15:00";8;13760;20;0;0;<FLG>
V6155020;V615502002;HIXnJ;1;"2023-01-21 00:00:00";"2023-01-21 00:15:00";8;13290;20;0;0;<FLG>
V6155020;V615502002;HIXnJ;1;"2023-01-22 00:00:00";"2023-01-22 00:00:00";8;12850;20;0;0;<FLG>
V6155020;V615502002;HIXnJ;1;"2023-01-23 00:00:00";"2023-01-23 00:00:00";8;12440;20;0;0;<FLG>
V6155020;V615502002;HIXnJ;1;"2023-01-24 00:00:00";"2023-01-24 00:15:00";8;12010;20;0;0;<FLG>
V6155020;V615502002;HIXnJ;1;"2023-01-25 00:00:00";"2023-01-25 00:15:00";8;11570;20;0;0;<FLG>
V6155020;V615502002;HIXnJ;1;"2023-01-26 00:00:00";"2023-01-26 00:00:00";8;11180;20;0;0;<FLG>
V6155020;V615502002;HIXnJ;1;"2023-01-27 00:00:00";"2023-01-27 00:15:00";8;10850;20;0;0;<FLG>
V6155020;V615502002;HIXnJ;1;"2023-01-28 00:00:00";"2023-01-28 00:15:00";8;10540;20;0;0;<FLG>
V6155020;V615502002;HIXnJ;1;"2023-01-29 00:00:00";"2023-01-29 00:15:00";8;10070;20;0;0;<FLG>
V6155020;V615502002;HIXnJ;1;"2023-01-30 00:00:00";"2023-01-30 00:45:00";8;9690;20;0;0;<FLG>
V6155020;V615502002;HIXnJ;1;"2023-01-31 00:00:00";"2023-01-31 00:00:00";8;9350;20;0;0;<FLG>
V6155020;V615502002;HIXnJ;1;"2023-02-01 00:00:00";"2023-02-01 00:15:00";8;9010;20;0;0;<FLG>
V6155020;V615502002;HIXnJ;1;"2023-02-02 00:00:00";"2023-02-02 00:00:00";8;8640;20;0;0;<FLG>
V6155020;V615502002;HIXnJ;1;"2023-02-03 00:00:00";"2023-02-03 00:00:00";8;8360;20;0;0;<FLG>
V6155020;V615502002;HIXnJ;1;"2023-02-04 00:00:00";"2023-02-04 00:00:00";8;8080;20;0;0;<FLG>
V6155020;V615502002;HIXnJ;1;"2023-02-05 00:00:00";"2023-02-05 00:15:00";8;7810;20;0;0;<FLG>
V6155020;V615502002;HIXnJ;1;"2023-02-06 00:00:00";"2023-02-06 00:15:00";8;7470;20;0;0;<FLG>
V6155020;V615502002;HIXnJ;1;"2023-02-07 00:00:00";"2023-02-07 00:15:00";8;7260;20;0;0;<FLG>
V6155020;V615502002;HIXnJ;1;"2023-02-08 00:00:00";"2023-02-08 00:15:00";8;7090;20;0;0;<FLG>
V6155020;V615502002;HIXnJ;1;"2023-02-09 00:00:00";"2023-02-09 00:15:00";8;6840;20;0;0;<FLG>
V6155020;V615502002;HIXnJ;1;"2023-02-10 00:00:00";"2023-02-10 00:00:00";8;6580;20;0;0;<FLG>
V6155020;V615502002;HIXnJ;1;"2023-02-11 00:00:00";"2023-02-11 03:45:00";8;6300;20;0;0;<FLG>
V6155020;V615502002;HIXnJ;1;"2023-02-12 00:00:00";"2023-02-12 00:00:00";8;6170;20;0;0;<FLG>
V6155020;V615502002;HIXnJ;1;"2023-02-13 00:00:00";"2023-02-13 00:15:00";8;5890;20;0;0;<FLG>
V6155020;V615502002;HIXnJ;1;"2023-02-14 00:00:00";"2023-02-14 00:15:00";4;5660;20;0;0;<FLG>
V6155020;V615502002;HIXnJ;1;"2023-02-15 00:00:00";"2023-02-15 00:00:00";4;5490;20;0;0;<FLG>
V6155020;V615502002;HIXnJ;1;"2023-02-16 00:00:00";"2023-02-16 00:15:00";4;5340;20;0;0;<FLG>
V6155020;V615502002;HIXnJ;1;"2023-02-17 00:00:00";"2023-02-17 00:15:00";4;5170;20;0;0;<FLG>
V6155020;V615502002;HIXnJ;1;"2023-02-18 00:00:00";"2023-02-18 00:15:00";4;5030;20;0;0;<FLG>
V6155020;V615502002;HIXnJ;1;"2023-02-19 00:00:00";"2023-02-19 00:45:00";4;4910;20;0;0;<FLG>
V6155020;V615502002;HIXnJ;1;"2023-02-20 00:00:00";"2023-02-20 00:00:00";4;4790;20;0;0;<FLG>
V6155020;V615502002;HIXnJ;1;"2023-02-21 00:00:00";"2023-02-21 00:15:00";4;4650;20;0;0;<FLG>
V6155020;V615502002;HIXnJ;1;"2023-02-22 00:00:00";"2023-02-22 00:30:00";4;4550;20;0;0;<FLG>
V6155020;V615502002;HIXnJ;1;"2023-02-23 00:00:00";"2023-02-23 00:15:00";4;4460;20;0;0;<FLG>
V6155020;V615502002;HIXnJ;1;"2023-02-24 00:00:00";"2023-02-24 00:15:00";4;4390;20;0;0;<FLG>
V6155020;V615502002;HIXnJ;1;"2023-02-25 00:00:00";"2023-02-25 00:15:00";4;4300;20;0;0;<FLG>
V6155020;V615502002;HIXnJ;1;"2023-02-26 00:00:00";"2023-02-26 00:15:00";4;4240;20;0;0;<FLG>
V6155020;V615502002;HIXnJ;1;"2023-02-27 00:00:00";"2023-02-27 00:15:00";4;4150;20;0;0;<FLG>
V6155020;V615502002;HIXnJ;1;"2023-02-28 00:00:00";"2023-02-28 00:00:00";4;4010;20;0;0;<FLG>
V6155020;V615502002;HIXnJ;1;"2023-03-01 00:00:00";"2023-03-01 00:30:00";4;3850;20;0;0;<FLG>
V6155020;V615502002;HIXnJ;1;"2023-03-02 00:00:00";"2023-03-02 00:15:00";4;3710;20;0;0;<FLG>
V6155020;V615502002;HIXnJ;1;"2023-03-03 00:00:00";"2023-03-03 00:15:00";4;3610;20;0;0;<FLG>
V6155020;V615502002;HIXnJ;1;"2023-03-04 00:00:00";"2023-03-04 00:15:00";4;3480;20;0;0;<FLG>
V6155020;V615502002;HIXnJ;1;"2023-03-05 00:00:00";"2023-03-05 00:15:00";4;3380;20;0;0;<FLG>
V6155020;V615502002;HIXnJ;1;"2023-03-06 00:00:00";"2023-03-06 00:00:00";4;3310;20;0;0;<FLG>
V6155020;V615502002;HIXnJ;1;"2023-03-07 00:00:00";"2023-03-07 00:15:00";4;3250;20;0;0;<FLG>
V6155020;V615502002;HIXnJ;1;"2023-03-08 00:00:00";"2023-03-08 00:15:00";4;3180;20;0;0;<FLG>
V6155020;V615502002;HIXnJ;1;"2023-03-09 00:00:00";"2023-03-09 00:15:00";4;3090;20;0;0;<FLG>
V6155020;V615502002;HIXnJ;1;"2023-03-10 00:00:00";"2023-03-10 00:15:00";4;3020;20;0;0;<FLG>
V6155020;V615502002;HIXnJ;1;"2023-03-11 00:00:00";"2023-03-11 07:15:00";4;2990;20;0;0;<FLG>
V6155020;V615502002;HIXnJ;1;"2023-03-12 00:00:00";"2023-03-12 23:15:00";4;3130;20;0;0;<FLG>
V6155020;V615502002;HIXnJ;1;"2023-03-13 00:00:00";"2023-03-13 20:45:00";4;3180;20;0;0;<FLG>
V6155020;V615502002;HIXnJ;1;"2023-03-14 00:00:00";"2023-03-14 23:59:59";4;3610;20;0;0;<FLG>
V6155020;V615502002;HIXnJ;1;"2023-03-15 00:00:00";"2023-03-15 23:59:59";4;4260;20;0;0;<FLG>
V6155020;V615502002;HIXnJ;1;"2023-03-16 00:00:00";"2023-03-16 12:30:00";4;4370;20;0;0;<FLG>
V6155020;V615502002;HIXnJ;1;"2023-03-17 00:00:00";"2023-03-17 02:30:00";4;4380;20;0;0;<FLG>
V6155020;V615502002;HIXnJ;1;"2023-03-18 00:00:00";"2023-03-18 00:15:00";4;4210;20;0;0;<FLG>
V6155020;V615502002;HIXnJ;1;"2023-03-19 00:00:00";"2023-03-19 00:00:00";4;4050;20;0;0;<FLG>
V6155020;V615502002;HIXnJ;1;"2023-03-20 00:00:00";"2023-03-20 00:45:00";4;3900;20;0;0;<FLG>
V6155020;V615502002;HIXnJ;1;"2023-03-21 00:00:00";"2023-03-21 00:15:00";4;3740;20;0;0;<FLG>
V6155020;V615502002;HIXnJ;1;"2023-03-22 00:00:00";"2023-03-22 00:15:00";4;3630;20;0;0;<FLG>
V6155020;V615502002;HIXnJ;1;"2023-03-23 00:00:00";"2023-03-23 00:00:00";4;3500;20;0;0;<FLG>
V6155020;V615502002;HIXnJ;1;"2023-03-24 00:00:00";"2023-03-24 00:15:00";4;3380;20;0;0;<FLG>
V6155020;V615502002;HIXnJ;1;"2023-03-25 00:00:00";"2023-03-25 00:15:00";4;3250;20;0;0;<FLG>
V6155020;V615502002;HIXnJ;1;"2023-03-26 00:00:00";"2023-03-26 00:30:00";4;3150;20;0;0;<FLG>
V6155020;V615502002;HIXnJ;1;"2023-03-27 00:00:00";"2023-03-27 00:15:00";4;3070;20;0;0;<FLG>
V6155020;V615502002;HIXnJ;1;"2023-03-28 00:00:00";"2023-03-28 00:15:00";4;2950;20;0;0;<FLG>
V6155020;V615502002;HIXnJ;1;"2023-03-29 00:00:00";"2023-03-29 00:15:00";4;2820;20;0;0;<FLG>
V6155020;V615502002;HIXnJ;1;"2023-03-30 00:00:00";"2023-03-30 03:15:00";4;2720;20;0;0;<FLG>
V6155020;V615502002;HIXnJ;1;"2023-03-31 00:00:00";"2023-03-31 00:15:00";4;2640;20;0;0;<FLG>
V6155020;V615502002;HIXnJ;1;"2023-04-01 00:00:00";"2023-04-01 00:15:00";4;2580;20;0;0;<FLG>
V6155020;V615502002;HIXnJ;1;"2023-04-02 00:00:00";"2023-04-02 00:15:00";4;2520;20;0;0;<FLG>
V6155020;V615502002;HIXnJ;1;"2023-04-03 00:00:00";"2023-04-03 00:15:00";4;2440;20;0;0;<FLG>
V6155020;V615502002;HIXnJ;1;"2023-04-04 00:00:00";"2023-04-04 00:15:00";4;2350;20;0;0;<FLG>
V6155020;V615502002;HIXnJ;1;"2023-04-05 00:00:00";"2023-04-05 00:15:00";4;2260;20;0;0;<FLG>
V6155020;V615502002;HIXnJ;1;"2023-04-06 00:00:00";"2023-04-06 00:15:00";4;2180;20;0;0;<FLG>
V6155020;V615502002;HIXnJ;1;"2023-04-07 00:00:00";"2023-04-07 00:15:00";4;2120;20;0;0;<FLG>
V6155020;V615502002;HIXnJ;1;"2023-04-08 00:00:00";"2023-04-08 00:00:00";4;2050;20;0;0;<FLG>
V6155020;V615502002;HIXnJ;1;"2023-04-09 00:00:00";"2023-04-09 00:15:00";4;1980;20;0;0;<FLG>
V6155020;V615502002;HIXnJ;1;"2023-04-10 00:00:00";"2023-04-10 01:45:00";4;1900;20;0;0;<FLG>
V6155020;V615502002;HIXnJ;1;"2023-04-11 00:00:00";"2023-04-11 00:30:00";4;1830;20;0;0;<FLG>
V6155020;V615502002;HIXnJ;1;"2023-04-12 00:00:00";"2023-04-12 03:45:00";4;1800;20;0;0;<FLG>
V6155020;V615502002;HIXnJ;1;"2023-04-13 00:00:00";"2023-04-13 03:45:00";4;1760;20;0;0;<FLG>
V6155020;V615502002;HIXnJ;1;"2023-04-14 00:00:00";"2023-04-14 04:15:00";4;1730;20;0;0;<FLG>
V6155020;V615502002;HIXnJ;1;"2023-04-15 00:00:00";"2023-04-15 01:15:00";4;1680;20;0;0;<FLG>
V6155020;V615502002;HIXnJ;1;"2023-04-16 00:00:00";"2023-04-16 04:45:00";4;1630;20;0;0;<FLG>
V6155020;V615502002;HIXnJ;1;"2023-04-17 00:00:00";"2023-04-17 02:45:00";4;1570;20;0;0;<FLG>
V6155020;V615502002;HIXnJ;1;"2023-04-18 00:00:00";"2023-04-18 03:45:00";4;1500;20;0;0;<FLG>
V6155020;V615502002;HIXnJ;1;"2023-04-19 00:00:00";"2023-04-19 03:30:00";4;1450;20;0;0;<FLG>
V6155020;V615502002;HIXnJ;1;"2023-04-20 00:00:00";"2023-04-20 04:30:00";4;1430;20;0;0;<FLG>
V6155020;V615502002;HIXnJ;1;"2023-04-21 00:00:00";"2023-04-21 04:30:00";4;1400;20;0;0;<FLG>
V6155020;V615502002;HIXnJ;1;"2023-04-22 00:00:00";"2023-04-22 00:30:00";4;1360;20;0;0;<FLG>
V6155020;V615502002;HIXnJ;1;"2023-04-23 00:00:00";"2023-04-23 00:15:00";4;1310;20;0;0;<FLG>
V6155020;V615502002;HIXnJ;1;"2023-04-24 00:00:00";"2023-04-24 09:15:00";4;1320;20;0;0;<FLG>
V6155020;V615502002;HIXnJ;1;"2023-04-25 00:00:00";"2023-04-25 00:15:00";4;1310;20;0;0;<FLG>
V6155020;V615502002;HIXnJ;1;"2023-04-26 00:00:00";"2023-04-26 00:15:00";4;1260;20;0;0;<FLG>
V6155020;V615502002;HIXnJ;1;"2023-04-27 00:00:00";"2023-04-27 03:45:00";4;1220;20;0;0;<FLG>
V6155020;V615502002;HIXnJ;1;"2023-04-28 00:00:00";"2023-04-28 00:15:00";4;1160;20;0;0;<FLG>
V6155020;V615502002;HIXnJ;1;"2023-04-29 00:00:00";"2023-04-29 02:45:00";4;1130;20;0;0;<FLG>
V6155020;V615502002;HIXnJ;1;"2023-04-30 00:00:00";"2023-04-30 00:15:00";4;1090;20;0;0;<FLG>
V6155020;V615502002;HIXnJ;1;"2023-05-01 00:00:00";"2023-05-01 22:30:00";4;1260;20;0;0;<FLG>
V6155020;V615502002;HIXnJ;1;"2023-05-02 00:00:00";"2023-05-02 16:00:00";4;1320;20;0;0;<FLG>
V6155020;V615502002;HIXnJ;1;"2023-05-03 00:00:00";"2023-05-03 01:30:00";4;1300;20;0;0;<FLG>
V6155020;V615502002;HIXnJ;1;"2023-05-04 00:00:00";"2023-05-04 05:30:00";4;1250;20;0;0;<FLG>
V6155020;V615502002;HIXnJ;1;"2023-05-05 00:00:00";"2023-05-05 01:00:00";4;1180;20;0;0;<FLG>
V6155020;V615502002;HIXnJ;1;"2023-05-06 00:00:00";"2023-05-06 02:30:00";4;1130;20;0;0;<FLG>
V6155020;V615502002;HIXnJ;1;"2023-05-07 00:00:00";"2023-05-07 03:00:00";4;1100;20;0;0;<FLG>
V6155020;V615502002;HIXnJ;1;"2023-05-08 00:00:00";"2023-05-08 00:15:00";4;1040;20;0;0;<FLG>
V6155020;V615502002;HIXnJ;1;"2023-05-09 00:00:00";"2023-05-09 00:15:00";4;990;20;0;0;<FLG>
V6155020;V615502002;HIXnJ;1;"2023-05-10 00:00:00";"2023-05-10 07:00:00";4;960;20;0;0;<FLG>
V6155020;V615502002;HIXnJ;1;"2023-05-11 00:00:00";"2023-05-11 01:15:00";4;940;20;0;0;<FLG>
V6155020;V615502002;HIXnJ;1;"2023-05-12 00:00:00";"2023-05-12 00:15:00";4;900;20;0;0;<FLG>
V6155020;V615502002;HIXnJ;1;"2023-05-13 00:00:00";"2023-05-13 01:00:00";4;860;20;0;0;<FLG>
V6155020;V615502002;HIXnJ;1;"2023-05-14 00:00:00";"2023-05-14 01:45:00";4;840;20;0;0;<FLG>
V6155020;V615502002;HIXnJ;1;"2023-05-15 00:00:00";"2023-05-15 13:30:00";4;850;20;0;0;<FLG>
V6155020;V615502002;HIXnJ;1;"2023-05-16 00:00:00";"2023-05-16 00:30:00";4;850;20;0;0;<FLG>
V6155020;V615502002;HIXnJ;1;"2023-05-17 00:00:00";"2023-05-17 00:45:00";4;800;20;0;0;<FLG>
V6155020;V615502002;HIXnJ;1;"2023-05-18 00:00:00";"2023-05-18 01:30:00";4;750;20;0;0;<FLG>
V6155020;V615502002;HIXnJ;1;"2023-05-19 00:00:00";"2023-05-19 23:59:59";4;1180;20;0;0;<FLG>
V6155020;V615502002;HIXnJ;1;"2023-05-20 00:00:00";"2023-05-20 23:30:00";4;1710;20;0;0;<FLG>
V6155020;V615502002;HIXnJ;1;"2023-05-21 00:00:00";"2023-05-21 23:30:00";4;1990;20;0;0;<FLG>
V6155020;V615502002;HIXnJ;1;"2023-05-22 00:00:00";"2023-05-22 20:15:00";4;2060;20;0;0;<FLG>
V6155020;V615502002;HIXnJ;1;"2023-05-23 00:00:00";"2023-05-23 23:15:00";4;2300;20;0;0;<FLG>
V6155020;V615502002;HIXnJ;1;"2023-05-24 00:00:00";"2023-05-24 23:45:00";4;2800;20;0;0;<FLG>
V6155020;V615502002;HIXnJ;1;"2023-05-25 00:00:00";"2023-05-25 23:59:59";4;6890;20;0;0;<FLG>
V6155020;V615502002;HIXnJ;1;"2023-05-26 00:00:00";"2023-05-26 23:59:59";4;10430;20;0;0;<FLG>
V6155020;V615502002;HIXnJ;1;"2023-05-27 00:00:00";"2023-05-27 11:00:00";4;10830;20;0;0;<FLG>
V6155020;V615502002;HIXnJ;1;"2023-05-28 00:00:00";"2023-05-28 00:00:00";4;10630;20;0;0;<FLG>
V6155020;V615502002;HIXnJ;1;"2023-05-29 00:00:00";"2023-05-29 23:59:59";4;10800;20;0;0;<FLG>
V6155020;V615502002;HIXnJ;1;"2023-05-30 00:00:00";"2023-05-30 16:45:00";4;11480;20;0;0;<FLG>
V6155020;V615502002;HIXnJ;1;"2023-05-31 00:00:00";"2023-05-31 00:15:00";4;11390;20;0;0;<FLG>
V6155020;V615502002;HIXnJ;1;"2023-06-01 00:00:00";"2023-06-01 00:15:00";4;11170;20;0;0;<FLG>
V6155020;V615502002;HIXnJ;1;"2023-06-02 00:00:00";"2023-06-02 00:15:00";4;10820;20;0;0;<FLG>
V6155020;V615502002;HIXnJ;1;"2023-06-03 00:00:00";"2023-06-03 23:45:00";4;11200;20;0;0;<FLG>
V6155020;V615502002;HIXnJ;1;"2023-06-04 00:00:00";"2023-06-04 23:59:59";4;12800;20;0;0;<FLG>
V6155020;V615502002;HIXnJ;1;"2023-06-05 00:00:00";"2023-06-05 23:59:59";4;15490;20;0;0;<FLG>
V6155020;V615502002;HIXnJ;1;"2023-06-06 00:00:00";"2023-06-06 23:59:59";4;20640;20;0;0;<FLG>
V6155020;V615502002;HIXnJ;1;"2023-06-07 00:00:00";"2023-06-07 23:45:00";4;21580;20;0;0;<FLG>
V6155020;V615502002;HIXnJ;1;"2023-06-08 00:00:00";"2023-06-08 10:45:00";4;21680;20;0;0;<FLG>
V6155020;V615502002;HIXnJ;1;"2023-06-09 00:00:00";"2023-06-09 00:00:00";4;21600;20;0;0;<FLG>
V6155020;V615502002;HIXnJ;1;"2023-06-10 00:00:00";"2023-06-10 00:00:00";4;20980;20;0;0;<FLG>
V6155020;V615502002;HIXnJ;1;"2023-06-11 00:00:00";"2023-06-11 00:00:00";4;19760;20;0;0;<FLG>
V6155020;V615502002;HIXnJ;1;"2023-06-12 00:00:00";"2023-06-12 23:59:59";4;18600;20;0;0;<FLG>
V6155020;V615502002;HIXnJ;1;"2023-06-13 00:00:00";"2023-06-13 23:59:59";4;21600;20;0;0;<FLG>
V6155020;V615502002;HIXnJ;1;"2023-06-14 00:00:00";"2023-06-14 23:45:00";4;22410;20;0;0;<FLG>
V6155020;V615502002;HIXnJ;1;"2023-06-15 00:00:00";"2023-06-15 10:30:00";4;22480;20;0;0;<FLG>
V6155020;V615502002;HIXnJ;1;"2023-06-16 00:00:00";"2023-06-16 02:45:00";4;22470;20;0;0;<FLG>
V6155020;V615502002;HIXnJ;1;"2023-06-17 00:00:00";"2023-06-17 00:15:00";4;22380;20;0;0;<FLG>
V6155020;V615502002;HIXnJ;1;"2023-06-18 00:00:00";"2023-06-18 00:15:00";4;22230;20;0;0;<FLG>
V6155020;V615502002;HIXnJ;1;"2023-06-19 00:00:00";"2023-06-19 00:00:00";4;22030;20;0;0;<FLG>
V6155020;V615502002;HIXnJ;1;"2023-06-20 00:00:00";"2023-06-20 00:15:00";4;21780;20;0;0;<FLG>
V6155020;V615502002;HIXnJ;1;"2023-06-21 00:00:00";"2023-06-21 00:15:00";4;21440;20;0;0;<FLG>
V6155020;V615502002;HIXnJ;1;"2023-06-22 00:00:00";"2023-06-22 00:00:00";4;20700;20;0;0;<FLG>
V6155020;V615502002;HIXnJ;1;"2023-06-23 00:00:00";"2023-06-23 00:00:00";4;19700;20;0;0;<FLG>
V6155020;V615502002;HIXnJ;1;"2023-06-24 00:00:00";"2023-06-24 00:00:00";4;18660;20;0;0;<FLG>
V6155020;V615502002;HIXnJ;1;"2023-06-25 00:00:00";"2023-06-25 00:15:00";4;17640;20;0;0;<FLG>
V6155020;V615502002;HIXnJ;1;"2023-06-26 00:00:00";"2023-06-26 00:00:00";4;16700;20;0;0;<FLG>
V6155020;V615502002;HIXnJ;1;"2023-06-27 00:00:00";"2023-06-27 00:15:00";4;15810;20;0;0;<FLG>
V6155020;V615502002;HIXnJ;1;"2023-06-28 00:00:00";"2023-06-28 00:00:00";4;14960;20;0;0;<FLG>
V6155020;V615502002;HIXnJ;1;"2023-06-29 00:00:00";"2023-06-29 00:15:00";4;14130;20;0;0;<FLG>
V6155020;V615502002;HIXnJ;1;"2023-06-30 00:00:00";"2023-06-30 00:00:00";4;13380;20;0;0;<FLG>
V6155020;V615502002;HIXnJ;1;"2023-07-01 00:00:00";"2023-07-01 00:00:00";4;12790;20;0;0;<FLG>
V6155020;V615502002;HIXnJ;1;"2023-07-02 00:00:00";"2023-07-02 00:00:00";4;12220;20;0;0;<FLG>
V6155020;V615502002;HIXnJ;1;"2023-07-03 00:00:00";"2023-07-03 00:00:00";4;11670;20;0;0;<FLG>
V6155020;V615502002;HIXnJ;1;"2023-07-04 00:00:00";"2023-07-04 00:15:00";4;11100;20;0;0;<FLG>
V6155020;V615502002;HIXnJ;1;"2023-07-05 00:00:00";"2023-07-05 00:15:00";4;10480;20;0;0;<FLG>
V6155020;V615502002;HIXnJ;1;"2023-07-06 00:00:00";"2023-07-06 00:15:00";4;9960;20;0;0;<FLG>
V6155020;V615502002;HIXnJ;1;"2023-07-07 00:00:00";"2023-07-07 00:15:00";4;9440;20;0;0;<FLG>
V6155020;V615502002;HIXnJ;1;"2023-07-08 00:00:00";"2023-07-08 00:15:00";4;8970;20;0;0;<FLG>
V6155020;V615502002;HIXnJ;1;"2023-07-09 00:00:00";"2023-07-09 00:15:00";4;8470;20;0;0;<FLG>
V6155020;V615502002;HIXnJ;1;"2023-07-10 00:00:00";"2023-07-10 00:15:00";4;7950;20;0;0;<FLG>
V6155020;V615502002;HIXnJ;1;"2023-07-11 00:00:00";"2023-07-11 00:15:00";4;7680;20;0;0;<FLG>
V6155020;V615502002;HIXnJ;1;"2023-07-12 00:00:00";"2023-07-12 00:00:00";4;7190;20;0;0;<FLG>
V6155020;V615502002;HIXnJ;1;"2023-07-13 00:00:00";"2023-07-13 03:45:00";4;6910;20;0;0;<FLG>
V6155020;V615502002;HIXnJ;1;"2023-07-14 00:00:00";"2023-07-14 00:15:00";4;6750;20;0;0;<FLG>
V6155020;V615502002;HIXnJ;1;"2023-07-15 00:00:00";"2023-07-15 00:00:00";4;6440;20;0;0;<FLG>
V6155020;V615502002;HIXnJ;1;"2023-07-16 00:00:00";"2023-07-16 00:15:00";4;6180;20;0;0;<FLG>
V6155020;V615502002;HIXnJ;1;"2023-07-17 00:00:00";"2023-07-17 00:15:00";4;5880;20;0;0;<FLG>
V6155020;V615502002;HIXnJ;1;"2023-07-18 00:00:00";"2023-07-18 00:15:00";4;5530;20;0;0;<FLG>
V6155020;V615502002;HIXnJ;1;"2023-07-19 00:00:00";"2023-07-19 00:00:00";4;5310;20;0;0;<FLG>
V6155020;V615502002;HIXnJ;1;"2023-07-20 00:00:00";"2023-07-20 00:00:00";4;5030;20;0;0;<FLG>
V6155020;V615502002;HIXnJ;1;"2023-07-21 00:00:00";"2023-07-21 00:15:00";4;4820;20;0;0;<FLG>
V6155020;V615502002;HIXnJ;1;"2023-07-22 00:00:00";"2023-07-22 00:15:00";4;4630;20;0;0;<FLG>
V6155020;V615502002;HIXnJ;1;"2023-07-23 00:00:00";"2023-07-23 00:00:00";4;4420;20;0;0;<FLG>
V6155020;V615502002;HIXnJ;1;"2023-07-24 00:00:00";"2023-07-24 00:30:00";4;4240;20;0;0;<FLG>
V6155020;V615502002;HIXnJ;1;"2023-07-25 00:00:00";"2023-07-25 00:15:00";4;4090;20;0;0;<FLG>
V6155020;V615502002;HIXnJ;1;"2023-07-26 00:00:00";"2023-07-26 00:15:00";8;3910;20;0;0;<FLG>
V6155020;V615502002;HIXnJ;1;"2023-07-27 00:00:00";"2023-07-27 00:15:00";8;3740;20;0;0;<FLG>
V6155020;V615502002;HIXnJ;1;"2023-07-28 00:00:00";"2023-07-28 00:15:00";8;3590;20;0;0;<FLG>
V6155020;V615502002;HIXnJ;1;"2023-07-29 00:00:00";"2023-07-29 00:15:00";8;3460;20;0;0;<FLG>
V6155020;V615502002;HIXnJ;1;"2023-07-30 00:00:00";"2023-07-30 00:15:00";8;3320;20;0;0;<FLG>
V6155020;V615502002;HIXnJ;1;"2023-07-31 00:00:00";"2023-07-31 00:15:00";8;3180;20;0;0;<FLG>
V6155020;V615502002;HIXnJ;1;"2023-08-01 00:00:00";"2023-08-01 03:45:00";8;3110;20;0;0;<FLG>
V6155020;V615502002;HIXnJ;1;"2023-08-02 00:00:00";"2023-08-02 00:00:00";8;2970;20;0;0;<FLG>
V6155020;V615502002;HIXnJ;1;"2023-08-03 00:00:00";"2023-08-03 00:15:00";8;2850;20;0;0;<FLG>
V6155020;V615502002;HIXnJ;1;"2023-08-04 00:00:00";"2023-08-04 00:15:00";8;2740;20;0;0;<FLG>
V6155020;V615502002;HIXnJ;1;"2023-08-05 00:00:00";"2023-08-05 00:15:00";8;2630;20;0;0;<FLG>
V6155020;V615502002;HIXnJ;1;"2023-08-06 00:00:00";"2023-08-06 00:15:00";8;2520;20;0;0;<FLG>
V6155020;V615502002;HIXnJ;1;"2023-08-07 00:00:00";"2023-08-07 00:15:00";8;2420;20;0;0;<FLG>
V6155020;V615502002;HIXnJ;1;"2023-08-08 00:00:00";"2023-08-08 00:15:00";8;2320;20;0;0;<FLG>
V6155020;V615502002;HIXnJ;1;"2023-08-09 00:00:00";"2023-08-09 00:15:00";8;2210;20;0;0;<FLG>
V6155020;V615502002;HIXnJ;1;"2023-08-10 00:00:00";"2023-08-10 00:15:00";8;2120;20;0;0;<FLG>
V6155020;V615502002;HIXnJ;1;"2023-08-11 00:00:00";"2023-08-11 00:15:00";8;2040;20;0;0;<FLG>
V6155020;V615502002;HIXnJ;1;"2023-08-12 00:00:00";"2023-08-12 00:30:00";8;1940;20;0;0;<FLG>
V6155020;V615502002;HIXnJ;1;"2023-08-13 00:00:00";"2023-08-13 00:15:00";8;1860;20;0;0;<FLG>
V6155020;V615502002;HIXnJ;1;"2023-08-14 00:00:00";"2023-08-14 01:30:00";8;1790;20;0;0;<FLG>
V6155020;V615502002;HIXnJ;1;"2023-08-15 00:00:00";"2023-08-15 00:15:00";8;1730;20;0;0;<FLG>
V6155020;V615502002;HIXnJ;1;"2023-08-16 00:00:00";"2023-08-16 01:45:00";8;1650;20;0;0;<FLG>
V6155020;V615502002;HIXnJ;1;"2023-08-17 00:00:00";"2023-08-17 00:15:00";8;1600;20;0;0;<FLG>
V6155020;V615502002;HIXnJ;1;"2023-08-18 00:00:00";"2023-08-18 09:45:00";8;1520;20;0;0;<FLG>
V6155020;V615502002;HIXnJ;1;"2023-08-19 00:00:00";"2023-08-19 00:15:00";8;1480;20;0;0;<FLG>
V6155020;V615502002;HIXnJ;1;"2023-08-20 00:00:00";"2023-08-20 00:30:00";8;1390;20;0;0;<FLG>
V6155020;V615502002;HIXnJ;1;"2023-08-21 00:00:00";"2023-08-21 00:15:00";8;1330;20;0;0;<FLG>
V6155020;V615502002;HIXnJ;1;"2023-08-22 00:00:00";"2023-08-22 00:15:00";8;1290;20;0;0;<FLG>
V6155020;V615502002;HIXnJ;1;"2023-08-23 00:00:00";"2023-08-23 03:30:00";8;1230;20;0;0;<FLG>
V6155020;V615502002;HIXnJ;1;"2023-08-24 00:00:00";"2023-08-24 00:15:00";8;1190;20;0;0;<FLG>
V6155020;V615502002;HIXnJ;1;"2023-08-25 00:00:00";"2023-08-25 00:30:00";4;1130;20;0;0;<FLG>
V6155020;V615502002;HIXnJ;1;"2023-08-26 00:00:00";"2023-08-26 00:15:00";4;1090;20;0;0;<FLG>
V6155020;V615502002;HIXnJ;1;"2023-08-27 00:00:00";"2023-08-27 20:15:00";4;1110;20;0;0;<FLG>
V6155020;V615502002;HIXnJ;1;"2023-08-28 00:00:00";"2023-08-28 20:30:00";4;1120;20;0;0;<FLG>
V6155020;V615502002;HIXnJ;1;"2023-08-29 00:00:00";"2023-08-29 06:45:00";4;1130;20;0;0;<FLG>
V6155020;V615502002;HIXnJ;1;"2023-08-30 00:00:00";"2023-08-30 04:30:00";4;1100;20;0;0;<FLG>
V6155020;V615502002;HIXnJ;1;"2023-08-31 00:00:00";"2023-08-31 00:15:00";4;1030;20;0;0;<FLG>
V6155020;V615502002;HIXnJ;1;"2023-09-01 00:00:00";"2023-09-01 04:15:00";4;930;20;0;0;<FLG>
V6155020;V615502002;HIXnJ;1;"2023-09-02 00:00:00";"2023-09-02 00:15:00";4;850;20;0;0;<FLG>
V6155020;V615502002;HIXnJ;1;"2023-09-03 00:00:00";"2023-09-03 02:00:00";4;800;20;0;0;<FLG>
V6155020;V615502002;HIXnJ;1;"2023-09-04 00:00:00";"2023-09-04 10:15:00";4;740;20;0;0;<FLG>
V6155020;V615502002;HIXnJ;1;"2023-09-05 00:00:00";"2023-09-05 00:00:00";4;700;20;0;0;<FLG>
V6155020;V615502002;HIXnJ;1;"2023-09-06 00:00:00";"2023-09-06 04:15:00";4;670;20;0;0;<FLG>
V6155020;V615502002;HIXnJ;1;"2023-09-07 00:00:00";"2023-09-07 16:00:00";4;620;20;0;0;<FLG>
V6155020;V615502002;HIXnJ;1;"2023-09-08 00:00:00";"2023-09-08 00:15:00";4;590;20;0;0;<FLG>
V6155020;V615502002;HIXnJ;1;"2023-09-09 00:00:00";"2023-09-09 00:15:00";4;550;20;0;0;<FLG>
V6155020;V615502002;HIXnJ;1;"2023-09-10 00:00:00";"2023-09-10 00:15:00";4;510;20;0;0;<FLG>
V6155020;V615502002;HIXnJ;1;"2023-09-11 00:00:00";"2023-09-11 02:15:00";4;490;20;0;0;<FLG>
V6155020;V615502002;HIXnJ;1;"2023-09-12 00:00:00";"2023-09-12 04:45:00";4;450;20;0;0;<FLG>
V6155020;V615502002;HIXnJ;1;"2023-09-13 00:00:00";"2023-09-13 00:15:00";4;410;20;0;0;<FLG>
V6155020;V615502002;HIXnJ;1;"2023-09-14 00:00:00";"2023-09-14 06:45:00";4;420;20;0;0;<FLG>
V6155020;V615502002;HIXnJ;1;"2023-09-15 00:00:00";"2023-09-15 05:45:00";4;370;20;0;0;<FLG>
V6155020;V615502002;HIXnJ;1;"2023-09-16 00:00:00";"2023-09-16 00:45:00";4;350;20;0;0;<FLG>
V6155020;V615502002;HIXnJ;1;"2023-09-17 00:00:00";"2023-09-17 06:15:00";4;320;20;0;0;<FLG>
V6155020;V615502002;HIXnJ;1;"2023-09-18 00:00:00";"2023-09-18 02:15:00";4;290;20;0;0;<FLG>
V6155020;V615502002;HIXnJ;1;"2023-09-19 00:00:00";"2023-09-19 22:15:00";4;360;20;0;0;<FLG>
V6155020;V615502002;HIXnJ;1;"2023-09-20 00:00:00";"2023-09-20 10:45:00";4;360;20;0;0;<FLG>
V6155020;V615502002;HIXnJ;1;"2023-09-21 00:00:00";"2023-09-21 23:59:59";4;650;20;0;0;<FLG>
V6155020;V615502002;HIXnJ;1;"2023-09-22 00:00:00";"2023-09-22 23:45:00";4;1290;20;0;0;<FLG>
V6155020;V615502002;HIXnJ;1;"2023-09-23 00:00:00";"2023-09-23 03:45:00";4;1320;20;0;0;<FLG>
V6155020;V615502002;HIXnJ;1;"2023-09-24 00:00:00";"2023-09-24 00:15:00";4;1220;20;0;0;<FLG>
V6155020;V615502002;HIXnJ;1;"2023-09-25 00:00:00";"2023-09-25 00:15:00";4;920;20;0;0;<FLG>
V6155020;V615502002;HIXnJ;1;"2023-09-26 00:00:00";"2023-09-26 00:15:00";4;660;20;0;0;<FLG>
V6155020;V615502002;HIXnJ;1;"2023-09-27 00:00:00";"2023-09-27 00:15:00";4;490;20;0;0;<FLG>
V6155020;V615502002;HIXnJ;1;"2023-09-28 00:00:00";"2023-09-28 03:00:00";4;390;20;0;0;<FLG>
V6155020;V615502002;HIXnJ;1;"2023-09-29 00:00:00";"2023-09-29 04:15:00";4;310;20;0;0;<FLG>
V6155020;V615502002;HIXnJ;1;"2023-09-30 00:00:00";"2023-09-30 00:00:00";4;230;20;0;0;<FLG>
V6155020;V615502002;HIXnJ;1;"2023-10-01 00:00:00";"2023-10-01 02:30:00";4;150;20;0;0;<FLG>
V6155020;V615502002;HIXnJ;1;"2023-10-02 00:00:00";"2023-10-02 04:00:00";4;120;20;0;0;<FLG>
V6155020;V615502002;HIXnJ;1;"2023-10-03 00:00:00";"2023-10-03 01:15:00";4;50;20;0;0;<FLG>
V6155020;V615502002;HIXnJ;1;"2023-10-04 00:00:00";"2023-10-04 00:30:00";4;10;20;0;0;<FLG>
V6155020;V615502002;HIXnJ;1;"2023-10-05 00:00:00";"2023-10-05 12:00:00";4;0;20;0;0;<FLG>
V6155020;V615502002;HIXnJ;1;"2023-10-06 00:00:00";"2023-10-06 00:15:00";4;-30;20;0;0;<FLG>
V6155020;V615502002;HIXnJ;1;"2023-10-07 00:00:00";"2023-10-07 00:15:00";4;-90;20;0;0;<FLG>
V6155020;V615502002;HIXnJ;1;"2023-10-08 00:00:00";"2023-10-08 16:15:00";4;-100;20;0;0;<FLG>
V6155020;V615502002;HIXnJ;1;"2023-10-09 00:00:00";"2023-10-09 01:00:00";4;-120;20;0;0;<FLG>
V6155020;V615502002;HIXnJ;1;"2023-10-10 00:00:00";"2023-10-10 01:30:00";4;-170;20;0;0;<FLG>
V6155020;V615502002;HIXnJ;1;"2023-10-11 00:00:00";"2023-10-11 04:15:00";4;-190;20;0;0;<FLG>
V6155020;V615502002;HIXnJ;1;"2023-10-12 00:00:00";"2023-10-12 03:45:00";4;-190;20;0;0;<FLG>
V6155020;V615502002;HIXnJ;1;"2023-10-13 00:00:00";"2023-10-13 03:15:00";4;-230;20;0;0;<FLG>
V6155020;V615502002;HIXnJ;1;"2023-10-14 00:00:00";"2023-10-14 06:30:00";4;-250;20;0;0;<FLG>
V6155020;V615502002;HIXnJ;1;"2023-10-15 00:00:00";"2023-10-15 17:45:00";4;-250;20;0;0;<FLG>
V6155020;V615502002;HIXnJ;1;"2023-10-16 00:00:00";"2023-10-16 06:00:00";4;-260;20;0;0;<FLG>
V6155020;V615502002;HIXnJ;1;"2023-10-17 00:00:00";"2023-10-17 08:30:00";4;-300;20;0;0;<FLG>
V6155020;V615502002;HIXnJ;1;"2023-10-18 00:00:00";"2023-10-18 18:00:00";4;-290;20;0;0;<FLG>
V6155020;V615502002;HIXnJ;1;"2023-10-19 00:00:00";"2023-10-19 08:45:00";4;-270;20;0;0;<FLG>
V6155020;V615502002;HIXnJ;1;"2023-10-20 00:00:00";"2023-10-20 23:59:59";4;1980;20;0;0;<FLG>
V6155020;V615502002;HIXnJ;1;"2023-10-21 00:00:00";"2023-10-21 18:00:00";4;2980;20;0;0;<FLG>
V6155020;V615502002;HIXnJ;1;"2023-10-22 00:00:00";"2023-10-22 00:00:00";4;2870;20;0;0;<FLG>
V6155020;V615502002;HIXnJ;1;"2023-10-23 00:00:00";"2023-10-23 00:00:00";4;2220;20;0;0;<FLG>
V6155020;V615502002;HIXnJ;1;"2023-10-24 00:00:00";"2023-10-24 23:59:59";4;1960;20;0;0;<FLG>
V6155020;V615502002;HIXnJ;1;"2023-10-25 00:00:00";"2023-10-25 23:59:59";4;3560;20;0;0;<FLG>
V6155020;V615502002;HIXnJ;1;"2023-10-26 00:00:00";"2023-10-26 07:15:00";4;3690;20;0;0;<FLG>
V6155020;V615502002;HIXnJ;1;"2023-10-27 00:00:00";"2023-10-27 00:15:00";4;3510;20;0;0;<FLG>
V6155020;V615502002;HIXnJ;1;"2023-10-28 00:00:00";"2023-10-28 07:45:00";4;3330;20;0;0;<FLG>
V6155020;V615502002;HIXnJ;1;"2023-10-29 00:00:00";"2023-10-29 00:15:00";4;3200;20;0;0;<FLG>
V6155020;V615502002;HIXnJ;1;"2023-10-30 00:00:00";"2023-10-30 23:59:59";4;3050;20;0;0;<FLG>
V6155020;V615502002;HIXnJ;1;"2023-10-31 00:00:00";"2023-10-31 23:59:59";4;8130;20;0;0;<FLG>
V6155020;V615502002;HIXnJ;1;"2023-11-01 00:00:00";"2023-11-01 11:45:00";4;8830;20;0;0;<FLG>
V6155020;V615502002;HIXnJ;1;"2023-11-02 00:00:00";"2023-11-02 00:00:00";4;8560;20;0;0;<FLG>
V6155020;V615502002;HIXnJ;1;"2023-11-03 00:00:00";"2023-11-03 23:59:59";4;11570;20;0;0;<FLG>
V6155020;V615502002;HIXnJ;1;"2023-11-04 00:00:00";"2023-11-04 23:59:59";4;12970;20;0;0;<FLG>
V6155020;V615502002;HIXnJ;1;"2023-11-05 00:00:00";"2023-11-05 23:59:59";4;15410;20;0;0;<FLG>
V6155020;V615502002;HIXnJ;1;"2023-11-06 00:00:00";"2023-11-06 07:45:00";4;16270;20;0;0;<FLG>
V6155020;V615502002;HIXnJ;1;"2023-11-07 00:00:00";"2023-11-07 00:00:00";4;15609;20;8;0;<FLG>
V6155020;V615502002;HIXnJ;1;"2023-11-08 00:00:00";"2023-11-08 00:00:00";4;14633;20;8;0;<FLG>
V6155020;V615502002;HIXnJ;1;"2023-11-09 00:00:00";"2023-11-09 00:00:00";4;13656;20;8;0;<FLG>
V6155020;V615502002;HIXnJ;1;"2023-11-10 00:00:00";"2023-11-10 23:59:59";4;13350;20;0;0;<FLG>
V6155020;V615502002;HIXnJ;1;"2023-11-11 00:00:00";"2023-11-11 23:59:59";4;14790;20;0;0;<FLG>
V6155020;V615502002;HIXnJ;1;"2023-11-12 00:00:00";"2023-11-12 06:15:00";4;14910;20;0;0;<FLG>
V6155020;V615502002;HIXnJ;1;"2023-11-13 00:00:00";"2023-11-13 00:15:00";4;14640;20;0;0;<FLG>
V6155020;V615502002;HIXnJ;1;"2023-11-14 00:00:00";"2023-11-14 00:00:00";4;13920;20;0;0;<FLG>
V6155020;V615502002;HIXnJ;1;"2023-11-15 00:00:00";"2023-11-15 00:15:00";4;13150;20;0;0;<FLG>
V6155020;V615502002;HIXnJ;1;"2023-11-16 00:00:00";"2023-11-16 00:00:00";4;12160;20;0;0;<FLG>
V6155020;V615502002;HIXnJ;1;"2023-11-17 00:00:00";"2023-11-17 00:00:00";4;11270;20;0;0;<FLG>
V6155020;V615502002;HIXnJ;1;"2023-11-18 00:00:00";"2023-11-18 00:00:00";4;10330;20;0;0;<FLG>
V6155020;V615502002;HIXnJ;1;"2023-11-19 00:00:00";"2023-11-19 00:00:00";4;9350;20;0;0;<FLG>
V6155020;V615502002;HIXnJ;1;"2023-11-20 00:00:00";"2023-11-20 00:00:00";4;8550;20;0;0;<FLG>
V6155020;V615502002;HIXnJ;1;"2023-11-21 00:00:00";"2023-11-21 00:00:00";4;7870;20;0;0;<FLG>
V6155020;V615502002;HIXnJ;1;"2023-11-22 00:00:00";"2023-11-22 00:00:00";4;7250;20;0;0;<FLG>
V6155020;V615502002;HIXnJ;1;"2023-11-23 00:00:00";"2023-11-23 00:00:00";4;6650;20;0;0;<FLG>
V6155020;V615502002;HIXnJ;1;"2023-11-24 00:00:00";"2023-11-24 00:15:00";4;6140;20;0;0;<FLG>
V6155020;V615502002;HIXnJ;1;"2023-11-25 00:00:00";"2023-11-25 00:15:00";4;5740;20;0;0;<FLG>
V6155020;V615502002;HIXnJ;1;"2023-11-26 00:00:00";"2023-11-26 00:30:00";4;5350;20;0;0;<FLG>
V6155020;V615502002;HIXnJ;1;"2023-11-27 00:00:00";"2023-11-27 00:15:00";4;4980;20;0;0;<FLG>
V6155020;V615502002;HIXnJ;1;"2023-11-28 00:00:00";"2023-11-28 00:15:00";4;4680;20;0;0;<FLG>
V6155020;V615502002;HIXnJ;1;"2023-11-29 00:00:00";"2023-11-29 00:00:00";4;4410;20;0;0;<FLG>
V6155020;V615502002;HIXnJ;1;"2023-11-30 00:00:00";"2023-11-30 00:15:00";4;4160;20;0;0;<FLG>
V6155020;V615502002;HIXnJ;1;"2023-12-01 00:00:00";"2023-12-01 23:59:59";4;4880;20;0;0;<FLG>
V6155020;V615502002;HIXnJ;1;"2023-12-02 00:00:00";"2023-12-02 23:59:59";4;10470;20;0;0;<FLG>
V6155020;V615502002;HIXnJ;1;"2023-12-03 00:00:00";"2023-12-03 23:59:59";4;12720;20;0;0;<FLG>
V6155020;V615502002;HIXnJ;1;"2023-12-04 00:00:00";"2023-12-04 19:15:00";4;13220;20;0;0;<FLG>
V6155020;V615502002;HIXnJ;1;"2023-12-05 00:00:00";"2023-12-05 23:45:00";4;13550;20;0;0;<FLG>
V6155020;V615502002;HIXnJ;1;"2023-12-06 00:00:00";"2023-12-06 21:45:00";4;13920;20;0;0;<FLG>
V6155020;V615502002;HIXnJ;1;"2023-12-07 00:00:00";"2023-12-07 00:45:00";4;13930;20;0;0;<FLG>
V6155020;V615502002;HIXnJ;1;"2023-12-08 00:00:00";"2023-12-08 23:59:59";4;20030;20;0;0;<FLG>
V6155020;V615502002;HIXnJ;1;"2023-12-09 00:00:00";"2023-12-09 23:30:00";4;22170;20;0;0;<FLG>
V6155020;V615502002;HIXnJ;1;"2023-12-10 00:00:00";"2023-12-10 07:15:00";4;22190;20;0;0;<FLG>
V6155020;V615502002;HIXnJ;1;"2023-12-11 00:00:00";"2023-12-11 02:30:00";4;22180;20;0;0;<FLG>
V6155020;V615502002;HIXnJ;1;"2023-12-12 00:00:00";"2023-12-12 00:45:00";4;22130;20;0;0;<FLG>
V6155020;V615502002;HIXnJ;1;"2023-12-13 00:00:00";"2023-12-13 00:15:00";4;22070;20;0;0;<FLG>
V6155020;V615502002;HIXnJ;1;"2023-12-14 00:00:00";"2023-12-14 00:00:00";4;21970;20;0;0;<FLG>
V6155020;V615502002;HIXnJ;1;"2023-12-15 00:00:00";"2023-12-15 00:00:00";4;21770;20;0;0;<FLG>
V6155020;V615502002;HIXnJ;1;"2023-12-16 00:00:00";"2023-12-16 00:15:00";4;21320;20;0;0;<FLG>
V6155020;V615502002;HIXnJ;1;"2023-12-17 00:00:00";"2023-12-17 00:00:00";4;20070;20;0;0;<FLG>
V6155020;V615502002;HIXnJ;1;"2023-12-18 00:00:00";"2023-12-18 00:00:00";4;18740;20;0;0;<FLG>
V6155020;V615502002;HIXnJ;1;"2023-12-19 00:00:00";"2023-12-19 00:00:00";4;17700;20;0;0;<FLG>
V6155020;V615502002;HIXnJ;1;"2023-12-20 00:00:00";"2023-12-20 00:00:00";4;16750;20;0;0;<FLG>
V6155020;V615502002;HIXnJ;1;"2023-12-21 00:00:00";"2023-12-21 00:15:00";4;15900;20;0;0;<FLG>
V6155020;V615502002;HIXnJ;1;"2023-12-22 00:00:00";"2023-12-22 00:00:00";4;15090;20;0;0;<FLG>
V6155020;V615502002;HIXnJ;1;"2023-12-23 00:00:00";"2023-12-23 00:00:00";4;14290;20;0;0;<FLG>
V6155020;V615502002;HIXnJ;1;"2023-12-24 00:00:00";"2023-12-24 00:00:00";4;13450;20;0;0;<FLG>
V6155020;V615502002;HIXnJ;1;"2023-12-25 00:00:00";"2023-12-25 00:15:00";4;12670;20;0;0;<FLG>
V6155020;V615502002;HIXnJ;1;"2023-12-26 00:00:00";"2023-12-26 00:00:00";4;11970;20;0;0;<FLG>
V6155020;V615502002;HIXnJ;1;"2023-12-27 00:00:00";"2023-12-27 00:15:00";4;11270;20;0;0;<FLG>
V6155020;V615502002;HIXnJ;1;"2023-12-28 00:00:00";"2023-12-28 00:15:00";4;10580;20;0;0;<FLG>
V6155020;V615502002;HIXnJ;1;"2023-12-29 00:00:00";"2023-12-29 00:00:00";4;9940;20;0;0;<FLG>
V6155020;V615502002;HIXnJ;1;"2023-12-30 00:00:00";"2023-12-30 00:00:00";4;9420;20;0;0;<FLG>
V6155020;V615502002;HIXnJ;1;"2023-12-31 00:00:00";"2023-12-31 00:00:00";4;9000;20;0;0;<FLG>
V6155020;V615502002;HIXnJ;1;"2024-01-01 00:00:00";"2024-01-01 00:15:00";4;8590;20;0;0;<FLG>
V6155020;V615502002;HIXnJ;1;"2024-01-02 00:00:00";"2024-01-02 00:15:00";4;8160;20;0;0;<FLG>
V6155020;V615502002;HIXnJ;1;"2024-01-03 00:00:00";"2024-01-03 00:15:00";4;7800;20;0;0;<FLG>
V6155020;V615502002;HIXnJ;1;"2024-01-04 00:00:00";"2024-01-04 00:00:00";4;7430;20;0;0;<FLG>
V6155020;V615502002;HIXnJ;1;"2024-01-05 00:00:00";"2024-01-05 23:59:59";4;7500;20;0;0;<FLG>
V6155020;V615502002;HIXnJ;1;"2024-01-06 00:00:00";"2024-01-06 23:59:59";4;10090;20;0;0;<FLG>
V6155020;V615502002;HIXnJ;1;"2024-01-07 00:00:00";"2024-01-07 23:45:00";4;11170;20;0;0;<FLG>
V6155020;V615502002;HIXnJ;1;"2024-01-08 00:00:00";"2024-01-08 13:30:00";4;11340;20;0;0;<FLG>
V6155020;V615502002;HIXnJ;1;"2024-01-09 00:00:00";"2024-01-09 00:15:00";4;11270;20;0;0;<FLG>
V6155020;V615502002;HIXnJ;1;"2024-01-10 00:00:00";"2024-01-10 00:00:00";4;10960;20;0;0;<FLG>
V6155020;V615502002;HIXnJ;1;"2024-01-11 00:00:00";"2024-01-11 23:59:59";4;10680;20;0;0;<FLG>
V6155020;V615502002;HIXnJ;1;"2024-01-12 00:00:00";"2024-01-12 22:45:00";4;10960;20;0;0;<FLG>
V6155020;V615502002;HIXnJ;1;"2024-01-13 00:00:00";"2024-01-13 20:30:00";4;11100;20;0;0;<FLG>
V6155020;V615502002;HIXnJ;1;"2024-01-14 00:00:00";"2024-01-14 14:45:00";4;11150;20;0;0;<FLG>
V6155020;V615502002;HIXnJ;1;"2024-01-15 00:00:00";"2024-01-15 00:15:00";4;11140;20;0;0;<FLG>
V6155020;V615502002;HIXnJ;1;"2024-01-16 00:00:00";"2024-01-16 00:00:00";4;11060;20;0;0;<FLG>
V6155020;V615502002;HIXnJ;1;"2024-01-17 00:00:00";"2024-01-17 00:45:00";4;10780;20;0;0;<FLG>
V6155020;V615502002;HIXnJ;1;"2024-01-18 00:00:00";"2024-01-18 23:59:59";4;13450;20;0;0;<FLG>
V6155020;V615502002;HIXnJ;1;"2024-01-19 00:00:00";"2024-01-19 23:59:59";4;16200;20;0;0;<FLG>
V6155020;V615502002;HIXnJ;1;"2024-01-20 00:00:00";"2024-01-20 23:45:00";4;17490;20;0;0;<FLG>
V6155020;V615502002;HIXnJ;1;"2024-01-21 00:00:00";"2024-01-21 05:45:00";4;17590;20;0;0;<FLG>
V6155020;V615502002;HIXnJ;1;"2024-01-22 00:00:00";"2024-01-22 00:00:00";4;17400;20;0;0;<FLG>
V6155020;V615502002;HIXnJ;1;"2024-01-23 00:00:00";"2024-01-23 00:00:00";4;16760;20;0;0;<FLG>
V6155020;V615502002;HIXnJ;1;"2024-01-24 00:00:00";"2024-01-24 00:00:00";4;16097;20;8;0;<FLG>
V6155020;V615502002;HIXnJ;1;"2024-01-25 00:00:00";"2024-01-25 00:00:00";4;15370;20;0;0;<FLG>
V6155020;V615502002;HIXnJ;1;"2024-01-26 00:00:00";"2024-01-26 00:00:00";4;14750;20;0;0;<FLG>
V6155020;V615502002;HIXnJ;1;"2024-01-27 00:00:00";"2024-01-27 00:00:00";4;14080;20;0;0;<FLG>
V6155020;V615502002;HIXnJ;1;"2024-01-28 00:00:00";"2024-01-28 00:00:00";4;13420;20;0;0;<FLG>
V6155020;V615502002;HIXnJ;1;"2024-01-29 00:00:00";"2024-01-29 00:00:00";4;12750;20;0;0;<FLG>
V6155020;V615502002;HIXnJ;1;"2024-01-30 00:00:00";"2024-01-30 00:15:00";4;12080;20;0;0;<FLG>
V6155020;V615502002;HIXnJ;1;"2024-01-31 00:00:00";"2024-01-31 00:00:00";4;11430;20;0;0;<FLG>
V6155020;V615502002;HIXnJ;1;"2024-02-01 00:00:00";"2024-02-01 00:00:00";4;10820;20;0;0;<FLG>
V6155020;V615502002;HIXnJ;1;"2024-02-02 00:00:00";"2024-02-02 00:00:00";4;10280;20;0;0;<FLG>
V6155020;V615502002;HIXnJ;1;"2024-02-03 00:00:00";"2024-02-03 00:30:00";4;9740;20;0;0;<FLG>
V6155020;V615502002;HIXnJ;1;"2024-02-04 00:00:00";"2024-02-04 00:00:00";4;9260;20;0;0;<FLG>
V6155020;V615502002;HIXnJ;1;"2024-02-05 00:00:00";"2024-02-05 00:15:00";4;8840;20;0;0;<FLG>
V6155020;V615502002;HIXnJ;1;"2024-02-06 00:00:00";"2024-02-06 00:00:00";4;8470;20;0;0;<FLG>
V6155020;V615502002;HIXnJ;1;"2024-02-07 00:00:00";"2024-02-07 00:15:00";4;8120;20;0;0;<FLG>
V6155020;V615502002;HIXnJ;1;"2024-02-08 00:00:00";"2024-02-08 00:15:00";4;7840;20;0;0;<FLG>
V6155020;V615502002;HIXnJ;1;"2024-02-09 00:00:00";"2024-02-09 23:59:59";4;7800;20;0;0;<FLG>
V6155020;V615502002;HIXnJ;1;"2024-02-10 00:00:00";"2024-02-10 23:59:59";4;22320;20;0;0;<FLG>
V6155020;V615502002;HIXnJ;1;"2024-02-11 00:00:00";"2024-02-11 21:30:00";4;23020;20;0;0;<FLG>
V6155020;V615502002;HIXnJ;1;"2024-02-12 00:00:00";"2024-02-12 13:30:00";4;23100;20;0;0;<FLG>
V6155020;V615502002;HIXnJ;1;"2024-02-13 00:00:00";"2024-02-13 00:45:00";4;23100;20;0;0;<FLG>
V6155020;V615502002;HIXnJ;1;"2024-02-14 00:00:00";"2024-02-14 01:15:00";4;22990;20;0;0;<FLG>
V6155020;V615502002;HIXnJ;1;"2024-02-15 00:00:00";"2024-02-15 06:00:00";4;22920;20;0;0;<FLG>
V6155020;V615502002;HIXnJ;1;"2024-02-16 00:00:00";"2024-02-16 01:00:00";4;22780;20;0;0;<FLG>
V6155020;V615502002;HIXnJ;1;"2024-02-17 00:00:00";"2024-02-17 00:30:00";4;22610;20;0;0;<FLG>
V6155020;V615502002;HIXnJ;1;"2024-02-18 00:00:00";"2024-02-18 00:15:00";4;22440;20;0;0;<FLG>
V6155020;V615502002;HIXnJ;1;"2024-02-19 00:00:00";"2024-02-19 00:15:00";4;22280;20;0;0;<FLG>
V6155020;V615502002;HIXnJ;1;"2024-02-20 00:00:00";"2024-02-20 00:00:00";4;22100;20;0;0;<FLG>
V6155020;V615502002;HIXnJ;1;"2024-02-21 00:00:00";"2024-02-21 00:15:00";4;21880;20;0;0;<FLG>
V6155020;V615502002;HIXnJ;1;"2024-02-22 00:00:00";"2024-02-22 00:15:00";4;21640;20;0;0;<FLG>
V6155020;V615502002;HIXnJ;1;"2024-02-23 00:00:00";"2024-02-23 00:15:00";4;21370;20;0;0;<FLG>
V6155020;V615502002;HIXnJ;1;"2024-02-24 00:00:00";"2024-02-24 00:15:00";4;20980;20;0;0;<FLG>
V6155020;V615502002;HIXnJ;1;"2024-02-25 00:00:00";"2024-02-25 00:15:00";4;20330;20;0;0;<FLG>
V6155020;V615502002;HIXnJ;1;"2024-02-26 00:00:00";"2024-02-26 23:59:59";4;21900;20;0;0;<FLG>
V6155020;V615502002;HIXnJ;1;"2024-02-27 00:00:00";"2024-02-27 23:45:00";4;22320;20;0;0;<FLG>
V6155020;V615502002;HIXnJ;1;"2024-02-28 00:00:00";"2024-02-28 15:30:00";4;22390;20;0;0;<FLG>
V6155020;V615502002;HIXnJ;1;"2024-02-29 00:00:00";"2024-02-29 00:30:00";4;22400;20;0;0;<FLG>
V6155020;V615502002;HIXnJ;1;"2024-03-01 00:00:00";"2024-03-01 01:00:00";4;22370;20;0;0;<FLG>
V6155020;V615502002;HIXnJ;1;"2024-03-02 00:00:00";"2024-03-02 01:30:00";4;22310;20;0;0;<FLG>
V6155020;V615502002;HIXnJ;1;"2024-03-03 00:00:00";"2024-03-03 23:45:00";4;22940;20;0;0;<FLG>
V6155020;V615502002;HIXnJ;1;"2024-03-04 00:00:00";"2024-03-04 19:30:00";4;23330;20;0;0;<FLG>
V6155020;V615502002;HIXnJ;1;"2024-03-05 00:00:00";"2024-03-05 09:00:00";4;23410;20;0;0;<FLG>
V6155020;V615502002;HIXnJ;1;"2024-03-06 00:00:00";"2024-03-06 01:45:00";4;23350;20;0;0;<FLG>
V6155020;V615502002;HIXnJ;1;"2024-03-07 00:00:00";"2024-03-07 00:45:00";4;23320;20;0;0;<FLG>
V6155020;V615502002;HIXnJ;1;"2024-03-08 00:00:00";"2024-03-08 01:00:00";4;23240;20;0;0;<FLG>
V6155020;V615502002;HIXnJ;1;"2024-03-09 00:00:00";"2024-03-09 00:30:00";4;23130;20;0;0;<FLG>
V6155020;V615502002;HIXnJ;1;"2024-03-10 00:00:00";"2024-03-10 18:45:00";4;23870;20;0;0;<FLG>
V6155020;V615502002;HIXnJ;1;"2024-03-11 00:00:00";"2024-03-11 00:00:00";4;23685;20;8;0;<FLG>
V6155020;V615502002;HIXnJ;1;"2024-03-12 00:00:00";"2024-03-12 07:40:00";4;23400;20;0;0;<FLG>
V6155020;V615502002;HIXnJ;1;"2024-03-13 00:00:00";"2024-03-13 00:00:00";4;23393;20;8;0;<FLG>
V6155020;V615502002;HIXnJ;1;"2024-03-14 00:00:00";"2024-03-14 00:00:00";4;23383;20;8;0;<FLG>
V6155020;V615502002;HIXnJ;1;"2024-03-15 00:00:00";"2024-03-15 00:00:00";4;23339;20;8;0;<FLG>
V6155020;V615502002;HIXnJ;1;"2024-03-16 00:00:00";"2024-03-16 00:00:00";4;23293;20;8;0;<FLG>
V6155020;V615502002;HIXnJ;1;"2024-03-17 00:00:00";"2024-03-17 00:00:00";4;23242;20;8;0;<FLG>
V6155020;V615502002;HIXnJ;1;"2024-03-18 00:00:00";"2024-03-18 00:00:00";4;23187;20;8;0;<FLG>
V6155020;V615502002;HIXnJ;1;"2024-03-19 00:00:00";"2024-03-19 00:00:00";4;23129;20;8;0;<FLG>
V6155020;V615502002;HIXnJ;1;"2024-03-20 00:00:00";"2024-03-20 00:00:00";4;23071;20;8;0;<FLG>
V6155020;V615502002;HIXnJ;1;"2024-03-21 00:00:00";"2024-03-21 00:00:00";4;23002;20;8;0;<FLG>
V6155020;V615502002;HIXnJ;1;"2024-03-22 00:00:00";"2024-03-22 00:00:00";4;22927;20;8;0;<FLG>
V6155020;V615502002;HIXnJ;1;"2024-03-23 00:00:00";"2024-03-23 00:00:00";4;22858;20;8;0;<FLG>
V6155020;V615502002;HIXnJ;1;"2024-03-24 00:00:00";"2024-03-24 00:00:00";4;22792;20;8;0;<FLG>
V6155020;V615502002;HIXnJ;1;"2024-03-25 00:00:00";"2024-03-25 00:00:00";4;22722;20;8;0;<FLG>
V6155020;V615502002;HIXnJ;1;"2024-03-26 00:00:00";"2024-03-26 23:59:59";8;22740;20;0;0;<FLG>
V6155020;V615502002;HIXnJ;1;"2024-03-27 00:00:00";"2024-03-27 23:59:59";8;22870;20;0;0;<FLG>
V6155020;V615502002;HIXnJ;1;"2024-03-28 00:00:00";"2024-03-28 23:59:59";8;23010;20;0;0;<FLG>
V6155020;V615502002;HIXnJ;1;"2024-03-29 00:00:00";"2024-03-29 23:59:59";8;23140;20;0;0;<FLG>
V6155020;V615502002;HIXnJ;1;"2024-03-30 00:00:00";"2024-03-30 23:59:59";8;23270;20;0;0;<FLG>
V6155020;V615502002;HIXnJ;1;"2024-03-31 00:00:00";"2024-03-31 23:59:59";8;23400;20;0;0;<FLG>
V6155020;V615502002;HIXnJ;1;"2024-04-01 00:00:00";"2024-04-01 23:59:59";8;23550;20;0;0;<FLG>
V6155020;V615502002;HIXnJ;1;"2024-04-02 00:00:00";"2024-04-02 00:00:00";8;23550;20;0;0;<FLG>
V6155020;V615502002;HIXnJ;1;"2024-04-03 00:00:00";"2024-04-03 00:00:00";8;23540;20;0;0;<FLG>
V6155020;V615502002;HIXnJ;1;"2024-04-04 00:00:00";"2024-04-04 00:00:00";8;23530;20;0;0;<FLG>
V6155020;V615502002;HIXnJ;1;"2024-04-05 00:00:00";"2024-04-05 00:00:00";8;23470;20;0;0;<FLG>
V6155020;V615502002;HIXnJ;1;"2024-04-06 00:00:00";"2024-04-06 00:00:00";8;23420;20;0;0;<FLG>
V6155020;V615502002;HIXnJ;1;"2024-04-07 00:00:00";"2024-04-07 00:00:00";8;23360;20;0;0;<FLG>
V6155020;V615502002;HIXnJ;1;"2024-04-08 00:00:00";"2024-04-08 00:00:00";8;23300;20;0;0;<FLG>
V6155020;V615502002;HIXnJ;1;"2024-04-09 00:00:00";"2024-04-09 00:00:00";8;23250;20;0;0;<FLG>
V6155020;V615502002;HIXnJ;1;"2024-04-10 00:00:00";"2024-04-10 00:00:00";8;23200;20;0;0;<FLG>
V6155020;V615502002;HIXnJ;1;"2024-04-11 00:00:00";"2024-04-11 00:00:00";8;23160;20;0;0;<FLG>
V6155020;V615502002;HIXnJ;1;"2024-04-12 00:00:00";"2024-04-12 00:00:00";8;23110;20;0;0;<FLG>
V6155020;V615502002;HIXnJ;1;"2024-04-13 00:00:00";"2024-04-13 00:00:00";8;23060;20;0;0;<FLG>
V6155020;V615502002;HIXnJ;1;"2024-04-14 00:00:00";"2024-04-14 00:00:00";8;23000;20;0;0;<FLG>
V6155020;V615502002;HIXnJ;1;"2024-04-15 00:00:00";"2024-04-15 00:00:00";8;22930;20;0;0;<FLG>
V6155020;V615502002;HIXnJ;1;"2024-04-16 00:00:00";"2024-04-16 00:00:00";8;22870;20;0;0;<FLG>
V6155020;V615502002;HIXnJ;1;"2024-04-17 00:00:00";"2024-04-17 00:00:00";8;22800;20;0;0;<FLG>
V6155020;V615502002;HIXnJ;1;"2024-04-18 00:00:00";"2024-04-18 00:00:00";8;22740;20;0;0;<FLG>
V6155020;V615502002;HIXnJ;1;"2024-04-19 00:00:00";"2024-04-19 00:00:00";8;22680;20;0;0;<FLG>
V6155020;V615502002;HIXnJ;1;"2024-04-20 00:00:00";"2024-04-20 00:00:00";8;22620;20;0;0;<FLG>
V6155020;V615502002;HIXnJ;1;"2024-04-21 00:00:00";"2024-04-21 00:00:00";8;22560;20;0;0;<FLG>
V6155020;V615502002;HIXnJ;1;"2024-04-22 00:00:00";"2024-04-22 00:00:00";8;22500;20;0;0;<FLG>
V6155020;V615502002;HIXnJ;1;"2024-04-23 00:00:00";"2024-04-23 00:00:00";8;22450;20;0;0;<FLG>
V6155020;V615502002;HIXnJ;1;"2024-04-24 00:00:00";"2024-04-24 00:00:00";8;22400;20;0;0;<FLG>
V6155020;V615502002;HIXnJ;1;"2024-04-25 00:00:00";"2024-04-25 00:00:00";8;22350;20;0;0;<FLG>
V6155020;V615502002;HIXnJ;1;"2024-04-26 00:00:00";"2024-04-26 00:00:00";8;22310;20;0;0;<FLG>
V6155020;V615502002;HIXnJ;1;"2024-04-27 00:00:00";"2024-04-27 00:00:00";8;22270;20;0;0;<FLG>
V6155020;V615502002;HIXnJ;1;"2024-04-28 00:00:00";"2024-04-28 00:00:00";8;22240;20;0;0;<FLG>
V6155020;V615502002;HIXnJ;1;"2024-04-29 00:00:00";"2024-04-29 00:00:00";8;22200;20;0;0;<FLG>
V6155020;V615502002;HIXnJ;1;"2024-04-30 00:00:00";"2024-04-30 07:45:00";4;22160;20;0;0;<FLG>
V6155020;V615502002;HIXnJ;1;"2024-05-01 00:00:00";"2024-05-01 00:00:00";4;22154;20;8;0;<FLG>
V6155020;V615502002;HIXnJ;1;"2024-05-02 00:00:00";"2024-05-02 00:00:00";4;22146;20;8;0;<FLG>
V6155020;V615502002;HIXnJ;1;"2024-05-03 00:00:00";"2024-05-03 00:00:00";4;22137;20;8;0;<FLG>
V6155020;V615502002;HIXnJ;1;"2024-05-04 00:00:00";"2024-05-04 00:00:00";4;22128;20;8;0;<FLG>
V6155020;V615502002;HIXnJ;1;"2024-05-05 00:00:00";"2024-05-05 00:00:00";4;22120;20;8;0;<FLG>
V6155020;V615502002;HIXnJ;1;"2024-05-06 00:00:00";"2024-05-06 00:00:00";4;22111;20;8;0;<FLG>
V6155020;V615502002;HIXnJ;1;"2024-05-07 00:00:00";"2024-05-07 00:00:00";4;22103;20;8;0;<FLG>
V6155020;V615502002;HIXnJ;1;"2024-05-08 00:00:00";"2024-05-08 00:00:00";4;22057;20;8;0;<FLG>
V6155020;V615502002;HIXnJ;1;"2024-05-09 00:00:00";"2024-05-09 00:00:00";4;21994;20;8;0;<FLG>
V6155020;V615502002;HIXnJ;1;"2024-05-10 00:00:00";"2024-05-10 00:00:00";4;21931;20;8;0;<FLG>
V6155020;V615502002;HIXnJ;1;"2024-05-11 00:00:00";"2024-05-11 00:00:00";4;21868;20;8;0;<FLG>
V6155020;V615502002;HIXnJ;1;"2024-05-12 00:00:00";"2024-05-12 00:00:00";4;21805;20;8;0;<FLG>
V6155020;V615502002;HIXnJ;1;"2024-05-13 00:00:00";"2024-05-13 00:00:00";4;21742;20;8;0;<FLG>
V6155020;V615502002;HIXnJ;1;"2024-05-14 00:00:00";"2024-05-14 00:00:00";4;21695;20;8;0;<FLG>
V6155020;V615502002;HIXnJ;1;"2024-05-15 00:00:00";"2024-05-15 00:00:00";4;21665;20;8;0;<FLG>
V6155020;V615502002;HIXnJ;1;"2024-05-16 00:00:00";"2024-05-16 23:59:59";4;21683;20;8;0;<FLG>
V6155020;V615502002;HIXnJ;1;"2024-05-17 00:00:00";"2024-05-17 23:59:59";4;21808;20;8;0;<FLG>
V6155020;V615502002;HIXnJ;1;"2024-05-18 00:00:00";"2024-05-18 23:59:59";4;21933;20;8;0;<FLG>
V6155020;V615502002;HIXnJ;1;"2024-05-19 00:00:00";"2024-05-19 23:59:59";4;22058;20;8;0;<FLG>
V6155020;V615502002;HIXnJ;1;"2024-05-20 00:00:00";"2024-05-20 08:00:00";4;22100;20;0;0;<FLG>
V6155020;V615502002;HIXnJ;1;"2024-05-21 00:00:00";"2024-05-21 00:00:00";4;22047;20;8;0;<FLG>
V6155020;V615502002;HIXnJ;1;"2024-05-22 00:00:00";"2024-05-22 00:00:00";4;21967;20;8;0;<FLG>
V6155020;V615502002;HIXnJ;1;"2024-05-23 00:00:00";"2024-05-23 00:00:00";4;21887;20;8;0;<FLG>
V6155020;V615502002;HIXnJ;1;"2024-05-24 00:00:00";"2024-05-24 00:00:00";4;21806;20;8;0;<FLG>
V6155020;V615502002;HIXnJ;1;"2024-05-25 00:00:00";"2024-05-25 00:00:00";4;21726;20;8;0;<FLG>
V6155020;V615502002;HIXnJ;1;"2024-05-26 00:00:00";"2024-05-26 00:00:00";4;21479;20;8;0;<FLG>
V6155020;V615502002;HIXnJ;1;"2024-05-27 00:00:00";"2024-05-27 00:00:00";4;21150;20;8;0;<FLG>
V6155020;V615502002;HIXnJ;1;"2024-05-28 00:00:00";"2024-05-28 00:00:00";4;20821;20;8;0;<FLG>
V6155020;V615502002;HIXnJ;1;"2024-05-29 00:00:00";"2024-05-29 00:00:00";4;20512;20;8;0;<FLG>
V6155020;V615502002;HIXnJ;1;"2024-05-30 00:00:00";"2024-05-30 00:00:00";4;20212;20;8;0;<FLG>
V6155020;V615502002;HIXnJ;1;"2024-05-31 00:00:00";"2024-05-31 00:00:00";4;19913;20;8;0;<FLG>
V6155020;V615502002;HIXnJ;1;"2024-06-01 00:00:00";"2024-06-01 00:00:00";4;19613;20;8;0;<FLG>
V6155020;V615502002;HIXnJ;1;"2024-06-02 00:00:00";"2024-06-02 00:00:00";4;19314;20;8;0;<FLG>
V6155020;V615502002;HIXnJ;1;"2024-06-03 00:00:00";"2024-06-03 00:00:00";4;18994;20;8;0;<FLG>
V6155020;V615502002;HIXnJ;1;"2024-06-04 00:00:00";"2024-06-04 00:00:00";4;18665;20;8;0;<FLG>
V6155020;V615502002;HIXnJ;1;"2024-06-05 00:00:00";"2024-06-05 00:00:00";4;18336;20;8;0;<FLG>
V6155020;V615502002;HIXnJ;1;"2024-06-06 00:00:00";"2024-06-06 00:00:00";4;18006;20;8;0;<FLG>
V6155020;V615502002;HIXnJ;1;"2024-06-07 00:00:00";"2024-06-07 00:00:00";4;17677;20;8;0;<FLG>
V6155020;V615502002;HIXnJ;1;"2024-06-08 00:00:00";"2024-06-08 00:00:00";4;17348;20;8;0;<FLG>
V6155020;V615502002;HIXnJ;1;"2024-06-09 00:00:00";"2024-06-09 00:00:00";4;16979;20;8;0;<FLG>
V6155020;V615502002;HIXnJ;1;"2024-06-10 00:00:00";"2024-06-10 00:00:00";4;16593;20;8;0;<FLG>
V6155020;V615502002;HIXnJ;1;"2024-06-11 00:00:00";"2024-06-11 00:00:00";4;16206;20;8;0;<FLG>
V6155020;V615502002;HIXnJ;1;"2024-06-12 00:00:00";"2024-06-12 00:00:00";4;15778;20;8;0;<FLG>
V6155020;V615502002;HIXnJ;1;"2024-06-13 00:00:00";"2024-06-13 00:00:00";4;15330;20;8;0;<FLG>
V6155020;V615502002;HIXnJ;1;"2024-06-14 00:00:00";"2024-06-14 00:00:00";4;14882;20;8;0;<FLG>
V6155020;V615502002;HIXnJ;1;"2024-06-15 00:00:00";"2024-06-15 00:00:00";4;14433;20;8;0;<FLG>
V6155020;V615502002;HIXnJ;1;"2024-06-16 00:00:00";"2024-06-16 00:00:00";4;13985;20;8;0;<FLG>
V6155020;V615502002;HIXnJ;1;"2024-06-17 00:00:00";"2024-06-17 00:00:00";4;13537;20;8;0;<FLG>
V6155020;V615502002;HIXnJ;1;"2024-06-18 00:00:00";"2024-06-18 00:00:00";4;13200;20;8;0;<FLG>
V6155020;V615502002;HIXnJ;1;"2024-06-19 00:00:00";"2024-06-19 00:00:00";4;12913;20;8;0;<FLG>
V6155020;V615502002;HIXnJ;1;"2024-06-20 00:00:00";"2024-06-20 00:00:00";4;12625;20;8;0;<FLG>
V6155020;V615502002;HIXnJ;1;"2024-06-21 00:00:00";"2024-06-21 00:00:00";4;12337;20;8;0;<FLG>
V6155020;V615502002;HIXnJ;1;"2024-06-22 00:00:00";"2024-06-22 00:00:00";4;12049;20;8;0;<FLG>
V6155020;V615502002;HIXnJ;1;"2024-06-23 00:00:00";"2024-06-23 00:00:00";4;11762;20;8;0;<FLG>
V6155020;V615502002;HIXnJ;1;"2024-06-24 00:00:00";"2024-06-24 00:00:00";4;11474;20;8;0;<FLG>
V6155020;V615502002;HIXnJ;1;"2024-06-25 00:00:00";"2024-06-25 00:00:00";4;11186;20;8;0;<FLG>
V6155020;V615502002;HIXnJ;1;"2024-06-26 00:00:00";"2024-06-26 00:00:00";4;10899;20;8;0;<FLG>
V6155020;V615502002;HIXnJ;1;"2024-06-27 00:00:00";"2024-06-27 00:00:00";4;10611;20;8;0;<FLG>
V6155020;V615502002;HIXnJ;1;"2024-06-28 00:00:00";"2024-06-28 00:00:00";4;10323;20;8;0;<FLG>
V6155020;V615502002;HIXnJ;1;"2024-06-29 00:00:00";"2024-06-29 00:00:00";4;10036;20;8;0;<FLG>
V6155020;V615502002;HIXnJ;1;"2024-06-30 00:00:00";"2024-06-30 00:00:00";4;9748;20;8;0;<FLG>
V6155020;V615502002;HIXnJ;1;"2024-07-01 00:00:00";"2024-07-01 00:00:00";4;9472;20;8;0;<FLG>
V6155020;V615502002;HIXnJ;1;"2024-07-02 00:00:00";"2024-07-02 00:00:00";4;9202;20;8;0;<FLG>
V6155020;V615502002;HIXnJ;1;"2024-07-03 00:00:00";"2024-07-03 00:00:00";4;8932;20;8;0;<FLG>
V6155020;V615502002;HIXnJ;1;"2024-07-04 00:00:00";"2024-07-04 00:00:00";4;8662;20;8;0;<FLG>
V6155020;V615502002;HIXnJ;1;"2024-07-05 00:00:00";"2024-07-05 00:00:00";4;8392;20;8;0;<FLG>
V6155020;V615502002;HIXnJ;1;"2024-07-06 00:00:00";"2024-07-06 00:00:00";4;8122;20;8;0;<FLG>
V6155020;V615502002;HIXnJ;1;"2024-07-07 00:00:00";"2024-07-07 00:00:00";4;7852;20;8;0;<FLG>
V6155020;V615502002;HIXnJ;1;"2024-07-08 00:00:00";"2024-07-08 00:00:00";4;7582;20;8;0;<FLG>
V6155020;V615502002;HIXnJ;1;"2024-07-09 00:00:00";"2024-07-09 00:00:00";4;7378;20;8;0;<FLG>
V6155020;V615502002;HIXnJ;1;"2024-07-10 00:00:00";"2024-07-10 00:00:00";4;7203;20;8;0;<FLG>
V6155020;V615502002;HIXnJ;1;"2024-07-11 00:00:00";"2024-07-11 00:00:00";4;7028;20;8;0;<FLG>
V6155020;V615502002;HIXnJ;1;"2024-07-12 00:00:00";"2024-07-12 00:00:00";4;6852;20;8;0;<FLG>
V6155020;V615502002;HIXnJ;1;"2024-07-13 00:00:00";"2024-07-13 00:00:00";4;6677;20;8;0;<FLG>
V6155020;V615502002;HIXnJ;1;"2024-07-14 00:00:00";"2024-07-14 00:00:00";4;6502;20;8;0;<FLG>
V6155020;V615502002;HIXnJ;1;"2024-07-15 00:00:00";"2024-07-15 00:00:00";4;6326;20;8;0;<FLG>
V6155020;V615502002;HIXnJ;1;"2024-07-16 00:00:00";"2024-07-16 00:00:00";4;6151;20;8;0;<FLG>
V6155020;V615502002;HIXnJ;1;"2024-07-17 00:00:00";"2024-07-17 00:00:00";4;6029;20;8;0;<FLG>
V6155020;V615502002;HIXnJ;1;"2024-07-18 00:00:00";"2024-07-18 00:00:00";4;5930;20;8;0;<FLG>
V6155020;V615502002;HIXnJ;1;"2024-07-19 00:00:00";"2024-07-19 00:00:00";4;5830;20;8;0;<FLG>
V6155020;V615502002;HIXnJ;1;"2024-07-20 00:00:00";"2024-07-20 00:00:00";4;5730;20;8;0;<FLG>
V6155020;V615502002;HIXnJ;1;"2024-07-21 00:00:00";"2024-07-21 00:00:00";4;5631;20;8;0;<FLG>
V6155020;V615502002;HIXnJ;1;"2024-07-22 00:00:00";"2024-07-22 00:00:00";4;5531;20;8;0;<FLG>
V6155020;V615502002;HIXnJ;1;"2024-07-23 00:00:00";"2024-07-23 00:00:00";4;5454;20;8;0;<FLG>
V6155020;V615502002;HIXnJ;1;"2024-07-24 00:00:00";"2024-07-24 00:00:00";4;5388;20;8;0;<FLG>
V6155020;V615502002;HIXnJ;1;"2024-07-25 00:00:00";"2024-07-25 00:00:00";4;5321;20;8;0;<FLG>
V6155020;V615502002;HIXnJ;1;"2024-07-26 00:00:00";"2024-07-26 00:00:00";4;5206;20;8;0;<FLG>
V6155020;V615502002;HIXnJ;1;"2024-07-27 00:00:00";"2024-07-27 00:00:00";4;5058;20;8;0;<FLG>
V6155020;V615502002;HIXnJ;1;"2024-07-28 00:00:00";"2024-07-28 00:00:00";4;4911;20;8;0;<FLG>
V6155020;V615502002;HIXnJ;1;"2024-07-29 00:00:00";"2024-07-29 00:00:00";4;4763;20;8;0;<FLG>
V6155020;V615502002;HIXnJ;1;"2024-07-30 00:00:00";"2024-07-30 00:00:00";4;4615;20;8;0;<FLG>
V6155020;V615502002;HIXnJ;1;"2024-07-31 00:00:00";"2024-07-31 00:00:00";4;4468;20;8;0;<FLG>
V6155020;V615502002;HIXnJ;1;"2024-08-01 00:00:00";"2024-08-01 00:00:00";4;4320;20;0;0;<FLG>
V6155020;V615502002;HIXnJ;1;"2024-08-02 00:00:00";"2024-08-02 00:00:00";4;4180;20;0;0;<FLG>
V6155020;V615502002;HIXnJ;1;"2024-08-03 00:00:00";"2024-08-03 00:00:00";4;4040;20;0;0;<FLG>
V6155020;V615502002;HIXnJ;1;"2024-08-04 00:00:00";"2024-08-04 09:00:00";4;3900;20;0;0;<FLG>
V6155020;V615502002;HIXnJ;1;"2024-08-05 00:00:00";"2024-08-05 00:00:00";4;3830;20;0;0;<FLG>
V6155020;V615502002;HIXnJ;1;"2024-08-06 00:00:00";"2024-08-06 00:00:00";4;3760;20;0;0;<FLG>
V6155020;V615502002;HIXnJ;1;"2024-08-07 00:00:00";"2024-08-07 00:00:00";4;3690;20;0;0;<FLG>
V6155020;V615502002;HIXnJ;1;"2024-08-08 00:00:00";"2024-08-08 00:00:00";4;3610;20;0;0;<FLG>
V6155020;V615502002;HIXnJ;1;"2024-08-09 00:00:00";"2024-08-09 00:00:00";4;3540;20;0;0;<FLG>
V6155020;V615502002;HIXnJ;1;"2024-08-10 00:00:00";"2024-08-10 00:00:00";4;3470;20;0;0;<FLG>
V6155020;V615502002;HIXnJ;1;"2024-08-11 00:00:00";"2024-08-11 00:00:00";4;3400;20;0;0;<FLG>
V6155020;V615502002;HIXnJ;1;"2024-08-12 00:00:00";"2024-08-12 00:00:00";4;3330;20;0;0;<FLG>
V6155020;V615502002;HIXnJ;1;"2024-08-13 00:00:00";"2024-08-13 00:00:00";4;3260;20;0;0;<FLG>
V6155020;V615502002;HIXnJ;1;"2024-08-14 00:00:00";"2024-08-14 00:00:00";4;3190;20;0;0;<FLG>
V6155020;V615502002;HIXnJ;1;"2024-08-15 00:00:00";"2024-08-15 00:00:00";4;3110;20;0;0;<FLG>
V6155020;V615502002;HIXnJ;1;"2024-08-16 00:00:00";"2024-08-16 00:00:00";4;3040;20;0;0;<FLG>
V6155020;V615502002;HIXnJ;1;"2024-08-17 00:00:00";"2024-08-17 00:00:00";4;2970;20;0;0;<FLG>
V6155020;V615502002;HIXnJ;1;"2024-08-18 00:00:00";"2024-08-18 08:00:00";4;2900;20;0;0;<FLG>
V6155020;V615502002;HIXnJ;1;"2024-08-19 00:00:00";"2024-08-19 00:00:00";4;2840;20;0;0;<FLG>
V6155020;V615502002;HIXnJ;1;"2024-08-20 00:00:00";"2024-08-20 00:00:00";4;2780;20;0;0;<FLG>
V6155020;V615502002;HIXnJ;1;"2024-08-21 00:00:00";"2024-08-21 00:00:00";4;2730;20;0;0;<FLG>
V6155020;V615502002;HIXnJ;1;"2024-08-22 00:00:00";"2024-08-22 00:00:00";4;2670;20;0;0;<FLG>
V6155020;V615502002;HIXnJ;1;"2024-08-23 00:00:00";"2024-08-23 00:00:00";4;2610;20;0;0;<FLG>
V6155020;V615502002;HIXnJ;1;"2024-08-24 00:00:00";"2024-08-24 00:00:00";4;2550;20;0;0;<FLG>
V6155020;V615502002;HIXnJ;1;"2024-08-25 00:00:00";"2024-08-25 00:00:00";4;2500;20;0;0;<FLG>
V6155020;V615502002;HIXnJ;1;"2024-08-26 00:00:00";"2024-08-26 00:00:00";4;2440;20;0;0;<FLG>
V6155020;V615502002;HIXnJ;1;"2024-08-27 00:00:00";"2024-08-27 00:00:00";4;2380;20;0;0;<FLG>
V6155020;V615502002;HIXnJ;1;"2024-08-28 00:00:00";"2024-08-28 00:00:00";4;2320;20;0;0;<FLG>
V6155020;V615502002;HIXnJ;1;"2024-08-29 00:00:00";"2024-08-29 00:00:00";4;2270;20;0;0;<FLG>
V6155020;V615502002;HIXnJ;1;"2024-08-30 00:00:00";"2024-08-30 00:00:00";4;2210;20;0;0;<FLG>
V6155020;V615502002;HIXnJ;1;"2024-08-31 00:00:00";"2024-08-31 23:59:59";4;2180;20;0;0;<FLG>
V6155020;V615502002;HIXnJ;1;"2024-09-01 00:00:00";"2024-09-01 23:59:59";4;2200;20;0;0;<FLG>
V6155020;V615502002;HIXnJ;1;"2024-09-02 00:00:00";"2024-09-02 23:59:59";4;2230;20;0;0;<FLG>
V6155020;V615502002;HIXnJ;1;"2024-09-03 00:00:00";"2024-09-03 23:59:59";4;2250;20;0;0;<FLG>
V6155020;V615502002;HIXnJ;1;"2024-09-04 00:00:00";"2024-09-04 23:59:59";4;2280;20;0;0;<FLG>
V6155020;V615502002;HIXnJ;1;"2024-09-05 00:00:00";"2024-09-05 23:59:59";4;2300;20;0;0;<FLG>
V6155020;V615502002;HIXnJ;1;"2024-09-06 00:00:00";"2024-09-06 23:59:59";4;2340;20;0;0;<FLG>
V6155020;V615502002;HIXnJ;1;"2024-09-07 00:00:00";"2024-09-07 23:59:59";4;2370;20;0;0;<FLG>
V6155020;V615502002;HIXnJ;1;"2024-09-08 00:00:00";"2024-09-08 23:59:59";4;2400;20;0;0;<FLG>
V6155020;V615502002;HIXnJ;1;"2024-09-09 00:00:00";"2024-09-09 23:59:59";4;2440;20;0;0;<FLG>
V6155020;V615502002;HIXnJ;1;"2024-09-10 00:00:00";"2024-09-10 23:59:59";4;2470;20;0;0;<FLG>
V6155020;V615502002;HIXnJ;1;"2024-09-11 00:00:00";"2024-09-11 23:59:59";4;2500;20;0;0;<FLG>
V6155020;V615502002;HIXnJ;1;"2024-09-12 00:00:00";"2024-09-12 00:00:00";4;2500;20;0;0;<FLG>
V6155020;V615502002;HIXnJ;1;"2024-09-13 00:00:00";"2024-09-13 00:00:00";4;2450;20;0;0;<FLG>
V6155020;V615502002;HIXnJ;1;"2024-09-14 00:00:00";"2024-09-14 00:00:00";4;2390;20;0;0;<FLG>
V6155020;V615502002;HIXnJ;1;"2024-09-15 00:00:00";"2024-09-15 00:00:00";4;2330;20;0;0;<FLG>
V6155020;V615502002;HIXnJ;1;"2024-09-16 00:00:00";"2024-09-16 00:00:00";4;2270;20;0;0;<FLG>
V6155020;V615502002;HIXnJ;1;"2024-09-17 00:00:00";"2024-09-17 00:00:00";4;2210;20;0;0;<FLG>
V6155020;V615502002;HIXnJ;1;"2024-09-18 00:00:00";"2024-09-18 00:00:00";4;2150;20;0;0;<FLG>
V6155020;V615502002;HIXnJ;1;"2024-09-19 00:00:00";"2024-09-19 00:00:00";4;2100;20;0;0;<FLG>
V6155020;V615502002;HIXnJ;1;"2024-09-20 00:00:00";"2024-09-20 00:00:00";4;2040;20;0;0;<FLG>
V6155020;V615502002;HIXnJ;1;"2024-09-21 00:00:00";"2024-09-21 00:00:00";4;1980;20;0;0;<FLG>
V6155020;V615502002;HIXnJ;1;"2024-09-22 00:00:00";"2024-09-22 00:00:00";4;1920;20;0;0;<FLG>
V6155020;V615502002;HIXnJ;1;"2024-09-23 00:00:00";"2024-09-23 00:00:00";4;1860;20;0;0;<FLG>
V6155020;V615502002;HIXnJ;1;"2024-09-24 00:00:00";"2024-09-24 08:40:00";4;1800;20;0;0;<FLG>
V6155020;V615502002;HIXnJ;1;"2024-09-25 00:00:00";"2024-09-25 00:00:00";4;1765;20;8;0;<FLG>
V6155020;V615502002;HIXnJ;1;"2024-09-26 00:00:00";"2024-09-26 00:00:00";4;1710;20;8;0;<FLG>
V6155020;V615502002;HIXnJ;1;"2024-09-27 00:00:00";"2024-09-27 00:00:00";4;1656;20;8;0;<FLG>
V6155020;V615502002;HIXnJ;1;"2024-09-28 00:00:00";"2024-09-28 00:00:00";4;1601;20;8;0;<FLG>
V6155020;V615502002;HIXnJ;1;"2024-09-29 00:00:00";"2024-09-29 00:00:00";4;1546;20;8;0;<FLG>
V6155020;V615502002;HIXnJ;1;"2024-09-30 00:00:00";"2024-09-30 00:00:00";4;1492;20;8;0;<FLG>
V6155020;V615502002;HIXnJ;1;"2024-10-01 00:00:00";"2024-10-01 00:00:00";4;1437;20;8;0;<FLG>
V6155020;V615502002;HIXnJ;1;"2024-10-02 00:00:00";"2024-10-02 00:00:00";4;1382;20;8;0;<FLG>
V6155020;V615502002;HIXnJ;1;"2024-10-03 00:00:00";"2024-10-03 00:00:00";4;1327;20;8;0;<FLG>
V6155020;V615502002;HIXnJ;1;"2024-10-04 00:00:00";"2024-10-04 23:59:59";4;1634;20;8;0;<FLG>
V6155020;V615502002;HIXnJ;1;"2024-10-05 00:00:00";"2024-10-05 23:59:59";4;2294;20;8;0;<FLG>
V6155020;V615502002;HIXnJ;1;"2024-10-06 00:00:00";"2024-10-06 23:59:59";4;2953;20;8;0;<FLG>
V6155020;V615502002;HIXnJ;1;"2024-10-07 00:00:00";"2024-10-07 23:59:59";4;3612;20;8;0;<FLG>
V6155020;V615502002;HIXnJ;1;"2024-10-08 00:00:00";"2024-10-08 23:59:59";4;4271;20;8;0;<FLG>
V6155020;V615502002;HIXnJ;1;"2024-10-09 00:00:00";"2024-10-09 23:59:59";4;4930;20;8;0;<FLG>
V6155020;V615502002;HIXnJ;1;"2024-10-10 00:00:00";"2024-10-10 23:59:59";4;5786;20;8;0;<FLG>
V6155020;V615502002;HIXnJ;1;"2024-10-11 00:00:00";"2024-10-11 23:59:59";4;6410;20;8;0;<FLG>
V6155020;V615502002;HIXnJ;1;"2024-10-12 00:00:00";"2024-10-12 23:59:59";4;6769;20;8;0;<FLG>
V6155020;V615502002;HIXnJ;1;"2024-10-13 00:00:00";"2024-10-13 23:59:59";4;7128;20;8;0;<FLG>
V6155020;V615502002;HIXnJ;1;"2024-10-14 00:00:00";"2024-10-14 23:59:59";4;7487;20;8;0;<FLG>
V6155020;V615502002;HIXnJ;1;"2024-10-15 00:00:00";"2024-10-15 23:59:59";4;7847;20;8;0;<FLG>
V6155020;V615502002;HIXnJ;1;"2024-10-16 00:00:00";"2024-10-16 23:59:59";4;8206;20;8;0;<FLG>
V6155020;V615502002;HIXnJ;1;"2024-10-17 00:00:00";"2024-10-17 23:59:59";4;8565;20;8;0;<FLG>
V6155020;V615502002;HIXnJ;1;"2024-10-18 00:00:00";"2024-10-18 23:59:59";4;12166;20;8;0;<FLG>
V6155020;V615502002;HIXnJ;1;"2024-10-19 00:00:00";"2024-10-19 23:59:59";4;15196;20;8;0;<FLG>
V6155020;V615502002;HIXnJ;1;"2024-10-20 00:00:00";"2024-10-20 09:05:00";4;15700;20;0;0;<FLG>
V6155020;V615502002;HIXnJ;1;"2024-10-21 00:00:00";"2024-10-21 00:00:00";4;14899;20;8;0;<FLG>
V6155020;V615502002;HIXnJ;1;"2024-10-22 00:00:00";"2024-10-22 00:00:00";4;13610;20;8;0;<FLG>
V6155020;V615502002;HIXnJ;1;"2024-10-23 00:00:00";"2024-10-23 23:59:59";4;13317;20;8;0;<FLG>
V6155020;V615502002;HIXnJ;1;"2024-10-24 00:00:00";"2024-10-24 23:59:59";4;13452;20;8;0;<FLG>
V6155020;V615502002;HIXnJ;1;"2024-10-25 00:00:00";"2024-10-25 23:59:59";4;13587;20;8;0;<FLG>
V6155020;V615502002;HIXnJ;1;"2024-10-26 00:00:00";"2024-10-26 23:59:59";4;13722;20;8;0;<FLG>
V6155020;V615502002;HIXnJ;1;"2024-10-27 00:00:00";"2024-10-27 23:59:59";4;13857;20;8;0;<FLG>
V6155020;V615502002;HIXnJ;1;"2024-10-28 00:00:00";"2024-10-28 23:59:59";4;14509;20;8;0;<FLG>
V6155020;V615502002;HIXnJ;1;"2024-10-29 00:00:00";"2024-10-29 23:59:59";4;15405;20;8;0;<FLG>
V6155020;V615502002;HIXnJ;1;"2024-10-30 00:00:00";"2024-10-30 07:55:00";4;15700;20;0;0;<FLG>
V6155020;V615502002;HIXnJ;1;"2024-10-31 00:00:00";"2024-10-31 00:00:00";4;15012;20;8;0;<FLG>
V6155020;V615502002;HIXnJ;1;"2024-11-01 00:00:00";"2024-11-01 00:00:00";4;13986;20;8;0;<FLG>
V6155020;V615502002;HIXnJ;1;"2024-11-02 00:00:00";"2024-11-02 00:00:00";4;12960;20;8;0;<FLG>
V6155020;V615502002;HIXnJ;1;"2024-11-03 00:00:00";"2024-11-03 00:00:00";4;11934;20;8;0;<FLG>
V6155020;V615502002;HIXnJ;1;"2024-11-04 00:00:00";"2024-11-04 00:00:00";4;10907;20;8;0;<FLG>
V6155020;V615502002;HIXnJ;1;"2024-11-05 00:00:00";"2024-11-05 00:00:00";4;9881;20;8;0;<FLG>
V6155020;V615502002;HIXnJ;1;"2024-11-06 00:00:00";"2024-11-06 23:59:59";4;9815;20;8;0;<FLG>
V6155020;V615502002;HIXnJ;1;"2024-11-07 00:00:00";"2024-11-07 23:59:59";4;10087;20;8;0;<FLG>
V6155020;V615502002;HIXnJ;1;"2024-11-08 00:00:00";"2024-11-08 23:59:59";4;10358;20;8;0;<FLG>
V6155020;V615502002;HIXnJ;1;"2024-11-09 00:00:00";"2024-11-09 23:59:59";4;10629;20;8;0;<FLG>
V6155020;V615502002;HIXnJ;1;"2024-11-10 00:00:00";"2024-11-10 23:59:59";4;10901;20;8;0;<FLG>
V6155020;V615502002;HIXnJ;1;"2024-11-11 00:00:00";"2024-11-11 23:59:59";4;11172;20;8;0;<FLG>
V6155020;V615502002;HIXnJ;1;"2024-11-12 00:00:00";"2024-11-12 23:59:59";4;11443;20;8;0;<FLG>
V6155020;V615502002;HIXnJ;1;"2024-11-13 00:00:00";"2024-11-13 23:59:59";4;11715;20;8;0;<FLG>
V6155020;V615502002;HIXnJ;1;"2024-11-14 00:00:00";"2024-11-14 23:59:59";4;11986;20;8;0;<FLG>
V6155020;V615502002;HIXnJ;1;"2024-11-15 00:00:00";"2024-11-15 23:59:59";4;12257;20;8;0;<FLG>
V6155020;V615502002;HIXnJ;1;"2024-11-16 00:00:00";"2024-11-16 23:59:59";4;12529;20;8;0;<FLG>
V6155020;V615502002;HIXnJ;1;"2024-11-17 00:00:00";"2024-11-17 23:59:59";4;12800;20;8;0;<FLG>
V6155020;V615502002;HIXnJ;1;"2024-11-18 00:00:00";"2024-11-18 23:59:59";4;13071;20;8;0;<FLG>
V6155020;V615502002;HIXnJ;1;"2024-11-19 00:00:00";"2024-11-19 23:59:59";4;13343;20;8;0;<FLG>
V6155020;V615502002;HIXnJ;1;"2024-11-20 00:00:00";"2024-11-20 23:59:59";4;13614;20;8;0;<FLG>
V6155020;V615502002;HIXnJ;1;"2024-11-21 00:00:00";"2024-11-21 23:59:59";4;13885;20;8;0;<FLG>
V6155020;V615502002;HIXnJ;1;"2024-11-22 00:00:00";"2024-11-22 23:59:59";4;14157;20;8;0;<FLG>
V6155020;V615502002;HIXnJ;1;"2024-11-23 00:00:00";"2024-11-23 23:59:59";4;14428;20;8;0;<FLG>
V6155020;V615502002;HIXnJ;1;"2024-11-24 00:00:00";"2024-11-24 23:59:59";4;14699;20;8;0;<FLG>
V6155020;V615502002;HIXnJ;1;"2024-11-25 00:00:00";"2024-11-25 23:59:59";4;14971;20;8;0;<FLG>
V6155020;V615502002;HIXnJ;1;"2024-11-26 00:00:00";"2024-11-26 23:59:59";4;15242;20;8;0;<FLG>
V6155020;V615502002;HIXnJ;1;"2024-11-27 00:00:00";"2024-11-27 23:59:59";4;15513;20;8;0;<FLG>
V6155020;V615502002;HIXnJ;1;"2024-11-28 00:00:00";"2024-11-28 16:30:00";4;15700;20;0;0;<FLG>
V6155020;V615502002;HIXnJ;1;"2024-11-29 00:00:00";"2024-11-29 00:00:00";4;15475;20;8;0;<FLG>
V6155020;V615502002;HIXnJ;1;"2024-11-30 00:00:00";"2024-11-30 00:00:00";4;14756;20;8;0;<FLG>
V6155020;V615502002;HIXnJ;1;"2024-12-01 00:00:00";"2024-12-01 00:00:00";4;14037;20;8;0;<FLG>
V6155020;V615502002;HIXnJ;1;"2024-12-02 00:00:00";"2024-12-02 00:00:00";4;13318;20;8;0;<FLG>
V6155020;V615502002;HIXnJ;1;"2024-12-03 00:00:00";"2024-12-03 00:00:00";4;12599;20;8;0;<FLG>
V6155020;V615502002;HIXnJ;1;"2024-12-04 00:00:00";"2024-12-04 00:00:00";4;11880;20;8;0;<FLG>
V6155020;V615502002;HIXnJ;1;"2024-12-05 00:00:00";"2024-12-05 00:00:00";4;11161;20;8;0;<FLG>
V6155020;V615502002;HIXnJ;1;"2024-12-06 00:00:00";"2024-12-06 00:00:00";4;10443;20;8;0;<FLG>
V6155020;V615502002;HIXnJ;1;"2024-12-07 00:00:00";"2024-12-07 00:00:00";4;9724;20;8;0;<FLG>
V6155020;V615502002;HIXnJ;1;"2024-12-08 00:00:00";"2024-12-08 00:00:00";4;9005;20;8;0;<FLG>
V6155020;V615502002;HIXnJ;1;"2024-12-09 00:00:00";"2024-12-09 00:00:00";4;8566;20;8;0;<FLG>
V6155020;V615502002;HIXnJ;1;"2024-12-10 00:00:00";"2024-12-10 00:00:00";4;8332;20;8;0;<FLG>
V6155020;V615502002;HIXnJ;1;"2024-12-11 00:00:00";"2024-12-11 00:00:00";4;8099;20;8;0;<FLG>
V6155020;V615502002;HIXnJ;1;"2024-12-12 00:00:00";"2024-12-12 00:00:00";4;7865;20;8;0;<FLG>
V6155020;V615502002;HIXnJ;1;"2024-12-13 00:00:00";"2024-12-13 00:00:00";4;7632;20;8;0;<FLG>
V6155020;V615502002;HIXnJ;1;"2024-12-14 00:00:00";"2024-12-14 00:00:00";4;7399;20;8;0;<FLG>
V6155020;V615502002;HIXnJ;1;"2024-12-15 00:00:00";"2024-12-15 00:00:00";4;7165;20;8;0;<FLG>
V6155020;V615502002;HIXnJ;1;"2024-12-16 00:00:00";"2024-12-16 00:00:00";4;6932;20;8;0;<FLG>
V6155020;V615502002;HIXnJ;1;"2024-12-17 00:00:00";"2024-12-17 00:00:00";4;6699;20;8;0;<FLG>
V6155020;V615502002;HIXnJ;1;"2024-12-18 00:00:00";"2024-12-18 00:00:00";4;6465;20;8;0;<FLG>
V6155020;V615502002;HIXnJ;1;"2024-12-19 00:00:00";"2024-12-19 00:00:00";4;6232;20;8;0;<FLG>
V6155020;V615502002;HIXnJ;1;"2024-12-20 00:00:00";"2024-12-20 00:00:00";4;5999;20;8;0;<FLG>
V6155020;V615502002;HIXnJ;1;"2024-12-21 00:00:00";"2024-12-21 00:00:00";4;5765;20;8;0;<FLG>
V6155020;V615502002;HIXnJ;1;"2024-12-22 00:00:00";"2024-12-22 00:00:00";4;5532;20;8;0;<FLG>
V6155020;V615502002;HIXnJ;1;"2024-12-23 00:00:00";"2024-12-23 00:00:00";4;5299;20;8;0;<FLG>
V6155020;V615502002;HIXnJ;1;"2024-12-24 00:00:00";"2024-12-24 00:00:00";4;5065;20;8;0;<FLG>
V6155020;V615502002;HIXnJ;1;"2024-12-25 00:00:00";"2024-12-25 00:00:00";4;4875;20;8;0;<FLG>
V6155020;V615502002;HIXnJ;1;"2024-12-26 00:00:00";"2024-12-26 00:00:00";4;4787;20;8;0;<FLG>
V6155020;V615502002;HIXnJ;1;"2024-12-27 00:00:00";"2024-12-27 00:00:00";4;4700;20;8;0;<FLG>
V6155020;V615502002;HIXnJ;1;"2024-12-28 00:00:00";"2024-12-28 00:00:00";4;4613;20;8;0;<FLG>
V6155020;V615502002;HIXnJ;1;"2024-12-29 00:00:00";"2024-12-29 00:00:00";4;4526;20;8;0;<FLG>
V6155020;V615502002;HIXnJ;1;"2024-12-30 00:00:00";"2024-12-30 00:00:00";4;4439;20;8;0;<FLG>
V6155020;V615502002;HIXnJ;1;"2024-12-31 00:00:00";"2024-12-31 00:00:00";4;4352;20;8;0;<FLG>
