<CdSiteHydro>;<CdStationHydro>;<TypDeGrdSerieObsElaborHydro>;<PDTSerieObsElaborHydro>;<DtObsElaborHydro>;<DtResObsElaborHydro>;<StObsElaborHydro>;<ResObsElaborHydro>;<QualifObsElaborHydro>;<MethObsElaborHydro>;<ContObsElaborHydro>;<FLG>
"Code du site hydrométrique";"Code de la station hydrométrique";"Type de grandeur de la série d'observations élaborées hydrométriques";"Pas de temps de la série d'observations élaborées hydrométriques";"Date d'observation élaborée hydrométrique";"Date du résultat de l'observation élaborée hydrométrique";"Statut de l'observation élaborée hydrométrique";"Résultat de l'observation élaborée hydrométrique";"Qualification de l'observation élaborée hydrométrique";"Méthode d'obtention du résultat de l'observation élaborée hydrométrique";"Continuité de la donnée de l'observation élaborée hydrométrique";<FLG>
V6155020;V615502001;HINnJ;1;"2002-04-02 00:00:00";"2002-04-02 23:59:59";16;850;20;10;0;<FLG>
V6155020;V615502001;HINnJ;1;"2002-04-03 00:00:00";"2002-04-03 23:59:59";16;844;20;10;0;<FLG>
V6155020;V615502001;HINnJ;1;"2002-04-04 00:00:00";"2002-04-04 23:59:59";16;839;20;10;0;<FLG>
V6155020;V615502001;HINnJ;1;"2002-04-05 00:00:00";"2002-04-05 23:59:59";16;833;20;10;0;<FLG>
V6155020;V615502001;HINnJ;1;"2002-04-06 00:00:00";"2002-04-06 23:59:59";16;828;20;10;0;<FLG>
V6155020;V615502001;HINnJ;1;"2002-04-07 00:00:00";"2002-04-07 23:59:59";16;822;20;10;0;<FLG>
V6155020;V615502001;HINnJ;1;"2002-04-08 00:00:00";"2002-04-08 23:59:59";16;819;20;10;0;<FLG>
V6155020;V615502001;HINnJ;1;"2002-04-09 00:00:00";"2002-04-09 23:59:59";16;816;20;10;0;<FLG>
V6155020;V615502001;HINnJ;1;"2002-04-10 00:00:00";"2002-04-10 23:59:59";16;813;20;10;0;<FLG>
V6155020;V615502001;HINnJ;1;"2002-04-11 00:00:00";"2002-04-11 20:30:00";16;810;20;10;0;<FLG>
V6155020;V615502001;HINnJ;1;"2002-04-12 00:00:00";"2002-04-12 00:00:00";16;814;20;10;0;<FLG>
V6155020;V615502001;HINnJ;1;"2002-04-13 00:00:00";"2002-04-13 00:00:00";16;839;20;10;0;<FLG>
V6155020;V615502001;HINnJ;1;"2002-04-14 00:00:00";"2002-04-14 00:00:00";16;907;20;10;0;<FLG>
V6155020;V615502001;HINnJ;1;"2002-04-15 00:00:00";"2002-04-15 00:00:00";16;981;20;10;0;<FLG>
V6155020;V615502001;HINnJ;1;"2002-04-16 00:00:00";"2002-04-16 00:00:00";16;1003;20;10;0;<FLG>
V6155020;V615502001;HINnJ;1;"2002-04-17 00:00:00";"2002-04-17 23:59:59";16;992;20;10;0;<FLG>
V6155020;V615502001;HINnJ;1;"2002-04-18 00:00:00";"2002-04-18 23:59:59";16;980;20;10;0;<FLG>
V6155020;V615502001;HINnJ;1;"2002-04-19 00:00:00";"2002-04-19 23:59:59";16;968;20;10;0;<FLG>
V6155020;V615502001;HINnJ;1;"2002-04-20 00:00:00";"2002-04-20 23:59:59";16;955;20;10;0;<FLG>
V6155020;V615502001;HINnJ;1;"2002-04-21 00:00:00";"2002-04-21 23:59:59";16;942;20;10;0;<FLG>
V6155020;V615502001;HINnJ;1;"2002-04-22 00:00:00";"2002-04-22 23:59:59";16;930;20;10;0;<FLG>
V6155020;V615502001;HINnJ;1;"2002-04-23 00:00:00";"2002-04-23 23:59:59";16;917;20;10;0;<FLG>
V6155020;V615502001;HINnJ;1;"2002-04-24 00:00:00";"2002-04-24 23:59:59";16;908;20;10;0;<FLG>
V6155020;V615502001;HINnJ;1;"2002-04-25 00:00:00";"2002-04-25 23:59:59";16;900;20;10;0;<FLG>
V6155020;V615502001;HINnJ;1;"2002-04-26 00:00:00";"2002-04-26 23:59:59";16;891;20;10;0;<FLG>
V6155020;V615502001;HINnJ;1;"2002-04-27 00:00:00";"2002-04-27 23:59:59";16;882;20;10;0;<FLG>
V6155020;V615502001;HINnJ;1;"2002-04-28 00:00:00";"2002-04-28 23:59:59";16;874;20;10;0;<FLG>
V6155020;V615502001;HINnJ;1;"2002-04-29 00:00:00";"2002-04-29 23:59:59";16;868;20;10;0;<FLG>
V6155020;V615502001;HINnJ;1;"2002-04-30 00:00:00";"2002-04-30 23:59:59";16;862;20;10;0;<FLG>
V6155020;V615502001;HINnJ;1;"2002-05-01 00:00:00";"2002-05-01 23:59:59";16;855;20;10;0;<FLG>
V6155020;V615502001;HINnJ;1;"2002-05-02 00:00:00";"2002-05-02 20:00:00";16;850;20;10;0;<FLG>
V6155020;V615502001;HINnJ;1;"2002-05-03 00:00:00";"2002-05-03 00:00:00";16;870;20;10;0;<FLG>
V6155020;V615502001;HINnJ;1;"2002-05-04 00:00:00";"2002-05-04 00:00:00";16;991;20;10;0;<FLG>
V6155020;V615502001;HINnJ;1;"2002-05-05 00:00:00";"2002-05-05 00:00:00";16;1112;20;10;0;<FLG>
V6155020;V615502001;HINnJ;1;"2002-05-06 00:00:00";"2002-05-06 23:59:59";16;1165;20;10;0;<FLG>
V6155020;V615502001;HINnJ;1;"2002-05-07 00:00:00";"2002-05-07 23:59:59";16;1137;20;10;0;<FLG>
V6155020;V615502001;HINnJ;1;"2002-05-08 00:00:00";"2002-05-08 23:59:59";16;1129;20;10;0;<FLG>
V6155020;V615502001;HINnJ;1;"2002-05-09 00:00:00";"2002-05-09 23:59:59";16;1118;20;10;0;<FLG>
V6155020;V615502001;HINnJ;1;"2002-05-10 00:00:00";"2002-05-10 10:30:00";16;1110;20;10;0;<FLG>
V6155020;V615502001;HINnJ;1;"2002-05-11 00:00:00";"2002-05-11 00:00:00";16;1140;20;10;0;<FLG>
V6155020;V615502001;HINnJ;1;"2002-05-12 00:00:00";"2002-05-12 00:00:00";16;1328;20;10;0;<FLG>
V6155020;V615502001;HINnJ;1;"2002-05-13 00:00:00";"2002-05-13 23:59:59";16;1328;20;10;0;<FLG>
V6155020;V615502001;HINnJ;1;"2002-05-14 00:00:00";"2002-05-14 23:59:59";16;1303;20;10;0;<FLG>
V6155020;V615502001;HINnJ;1;"2002-05-15 00:00:00";"2002-05-15 23:59:59";16;1264;20;10;0;<FLG>
V6155020;V615502001;HINnJ;1;"2002-05-16 00:00:00";"2002-05-16 23:59:59";16;1225;20;10;0;<FLG>
V6155020;V615502001;HINnJ;1;"2002-05-17 00:00:00";"2002-05-17 23:59:59";16;1186;20;10;0;<FLG>
V6155020;V615502001;HINnJ;1;"2002-05-18 00:00:00";"2002-05-18 23:59:59";16;1149;20;10;0;<FLG>
V6155020;V615502001;HINnJ;1;"2002-05-19 00:00:00";"2002-05-19 23:59:59";16;1140;20;10;0;<FLG>
V6155020;V615502001;HINnJ;1;"2002-05-20 00:00:00";"2002-05-20 23:59:59";16;1130;20;10;0;<FLG>
V6155020;V615502001;HINnJ;1;"2002-05-21 00:00:00";"2002-05-21 23:59:59";16;1121;20;10;0;<FLG>
V6155020;V615502001;HINnJ;1;"2002-05-22 00:00:00";"2002-05-22 23:59:59";16;1111;20;10;0;<FLG>
V6155020;V615502001;HINnJ;1;"2002-05-23 00:00:00";"2002-05-23 23:59:59";16;1102;20;10;0;<FLG>
V6155020;V615502001;HINnJ;1;"2002-05-24 00:00:00";"2002-05-24 23:59:59";16;1092;20;10;0;<FLG>
V6155020;V615502001;HINnJ;1;"2002-05-25 00:00:00";"2002-05-25 23:59:59";16;1083;20;10;0;<FLG>
V6155020;V615502001;HINnJ;1;"2002-05-26 00:00:00";"2002-05-26 23:59:59";16;1073;20;10;0;<FLG>
V6155020;V615502001;HINnJ;1;"2002-05-27 00:00:00";"2002-05-27 23:59:59";16;1063;20;10;0;<FLG>
V6155020;V615502001;HINnJ;1;"2002-05-28 00:00:00";"2002-05-28 23:59:59";16;1054;20;10;0;<FLG>
V6155020;V615502001;HINnJ;1;"2002-05-29 00:00:00";"2002-05-29 23:59:59";16;1044;20;10;0;<FLG>
V6155020;V615502001;HINnJ;1;"2002-05-30 00:00:00";"2002-05-30 23:59:59";16;1035;20;10;0;<FLG>
V6155020;V615502001;HINnJ;1;"2002-05-31 00:00:00";"2002-05-31 23:59:59";16;1025;20;10;0;<FLG>
V6155020;V615502001;HINnJ;1;"2002-06-01 00:00:00";"2002-06-01 23:59:59";16;1016;20;10;0;<FLG>
V6155020;V615502001;HINnJ;1;"2002-06-02 00:00:00";"2002-06-02 23:59:59";16;1006;20;10;0;<FLG>
V6155020;V615502001;HINnJ;1;"2002-06-03 00:00:00";"2002-06-03 23:59:59";16;997;20;10;0;<FLG>
V6155020;V615502001;HINnJ;1;"2002-06-04 00:00:00";"2002-06-04 23:59:59";16;987;20;10;0;<FLG>
V6155020;V615502001;HINnJ;1;"2002-06-05 00:00:00";"2002-06-05 17:30:00";16;980;20;10;0;<FLG>
V6155020;V615502001;HINnJ;1;"2002-06-06 00:00:00";"2002-06-06 00:00:00";16;982;20;10;0;<FLG>
V6155020;V615502001;HINnJ;1;"2002-06-07 00:00:00";"2002-06-07 00:00:00";16;988;20;10;0;<FLG>
V6155020;V615502001;HINnJ;1;"2002-06-08 00:00:00";"2002-06-08 00:00:00";16;995;20;10;0;<FLG>
V6155020;V615502001;HINnJ;1;"2002-06-09 00:00:00";"2002-06-09 23:59:59";16;990;20;10;0;<FLG>
V6155020;V615502001;HINnJ;1;"2002-06-10 00:00:00";"2002-06-10 23:59:59";16;984;20;10;0;<FLG>
V6155020;V615502001;HINnJ;1;"2002-06-11 00:00:00";"2002-06-11 23:59:59";16;977;20;10;0;<FLG>
V6155020;V615502001;HINnJ;1;"2002-06-12 00:00:00";"2002-06-12 23:59:59";16;971;20;10;0;<FLG>
V6155020;V615502001;HINnJ;1;"2002-06-13 00:00:00";"2002-06-13 23:59:59";16;964;20;10;0;<FLG>
V6155020;V615502001;HINnJ;1;"2002-06-14 00:00:00";"2002-06-14 23:59:59";16;958;20;10;0;<FLG>
V6155020;V615502001;HINnJ;1;"2002-06-15 00:00:00";"2002-06-15 23:59:59";16;952;20;10;0;<FLG>
V6155020;V615502001;HINnJ;1;"2002-06-16 00:00:00";"2002-06-16 23:59:59";16;945;20;10;0;<FLG>
V6155020;V615502001;HINnJ;1;"2002-06-17 00:00:00";"2002-06-17 23:59:59";16;939;20;10;0;<FLG>
V6155020;V615502001;HINnJ;1;"2002-06-18 00:00:00";"2002-06-18 23:59:59";16;932;20;10;0;<FLG>
V6155020;V615502001;HINnJ;1;"2002-06-19 00:00:00";"2002-06-19 23:59:59";16;926;20;10;0;<FLG>
V6155020;V615502001;HINnJ;1;"2002-06-20 00:00:00";"2002-06-20 23:59:59";16;920;20;10;0;<FLG>
V6155020;V615502001;HINnJ;1;"2002-06-21 00:00:00";"2002-06-21 23:59:59";16;913;20;10;0;<FLG>
V6155020;V615502001;HINnJ;1;"2002-06-22 00:00:00";"2002-06-22 23:59:59";16;907;20;10;0;<FLG>
V6155020;V615502001;HINnJ;1;"2002-06-23 00:00:00";"2002-06-23 23:59:59";16;900;20;10;0;<FLG>
V6155020;V615502001;HINnJ;1;"2002-06-24 00:00:00";"2002-06-24 23:59:59";16;894;20;10;0;<FLG>
V6155020;V615502001;HINnJ;1;"2002-06-25 00:00:00";"2002-06-25 23:59:59";16;889;20;10;0;<FLG>
V6155020;V615502001;HINnJ;1;"2002-06-26 00:00:00";"2002-06-26 23:59:59";16;884;20;10;0;<FLG>
V6155020;V615502001;HINnJ;1;"2002-06-27 00:00:00";"2002-06-27 23:59:59";16;880;20;10;0;<FLG>
V6155020;V615502001;HINnJ;1;"2002-06-28 00:00:00";"2002-06-28 23:59:59";16;876;20;10;0;<FLG>
V6155020;V615502001;HINnJ;1;"2002-06-29 00:00:00";"2002-06-29 23:59:59";16;871;20;10;0;<FLG>
V6155020;V615502001;HINnJ;1;"2002-06-30 00:00:00";"2002-06-30 23:59:59";16;867;20;10;0;<FLG>
V6155020;V615502001;HINnJ;1;"2002-07-01 00:00:00";"2002-07-01 23:59:59";16;863;20;10;0;<FLG>
V6155020;V615502001;HINnJ;1;"2002-07-02 00:00:00";"2002-07-02 23:59:59";16;858;20;10;0;<FLG>
V6155020;V615502001;HINnJ;1;"2002-07-03 00:00:00";"2002-07-03 23:59:59";16;854;20;10;0;<FLG>
V6155020;V615502001;HINnJ;1;"2002-07-04 00:00:00";"2002-07-04 23:59:59";16;850;20;10;0;<FLG>
V6155020;V615502001;HINnJ;1;"2002-07-05 00:00:00";"2002-07-05 23:59:59";16;845;20;10;0;<FLG>
V6155020;V615502001;HINnJ;1;"2002-07-06 00:00:00";"2002-07-06 23:59:59";16;841;20;10;0;<FLG>
V6155020;V615502001;HINnJ;1;"2002-07-07 00:00:00";"2002-07-07 23:59:59";16;837;20;10;0;<FLG>
V6155020;V615502001;HINnJ;1;"2002-07-08 00:00:00";"2002-07-08 23:59:59";16;832;20;10;0;<FLG>
V6155020;V615502001;HINnJ;1;"2002-07-09 00:00:00";"2002-07-09 23:59:59";16;828;20;10;0;<FLG>
V6155020;V615502001;HINnJ;1;"2002-07-10 00:00:00";"2002-07-10 23:59:59";16;824;20;10;0;<FLG>
V6155020;V615502001;HINnJ;1;"2002-08-27 00:00:00";"2002-08-27 00:00:00";16;801;20;10;1;<FLG>
V6155020;V615502001;HINnJ;1;"2002-08-28 00:00:00";"2002-08-28 23:59:59";16;852;20;10;0;<FLG>
V6155020;V615502001;HINnJ;1;"2002-08-29 00:00:00";"2002-08-29 23:59:59";16;847;20;10;0;<FLG>
V6155020;V615502001;HINnJ;1;"2002-08-30 00:00:00";"2002-08-30 23:59:59";16;841;20;10;0;<FLG>
V6155020;V615502001;HINnJ;1;"2002-08-31 00:00:00";"2002-08-31 06:00:00";16;840;20;10;0;<FLG>
V6155020;V615502001;HINnJ;1;"2002-09-01 00:00:00";"2002-09-01 00:00:00";16;863;20;10;0;<FLG>
V6155020;V615502001;HINnJ;1;"2002-09-02 00:00:00";"2002-09-02 00:00:00";16;895;20;10;0;<FLG>
V6155020;V615502001;HINnJ;1;"2002-09-03 00:00:00";"2002-09-03 00:00:00";16;926;20;10;0;<FLG>
V6155020;V615502001;HINnJ;1;"2002-09-04 00:00:00";"2002-09-04 00:00:00";16;957;20;10;0;<FLG>
V6155020;V615502001;HINnJ;1;"2002-09-05 00:00:00";"2002-09-05 00:00:00";16;989;20;10;0;<FLG>
V6155020;V615502001;HINnJ;1;"2002-09-06 00:00:00";"2002-09-06 00:00:00";16;1020;20;10;0;<FLG>
V6155020;V615502001;HINnJ;1;"2002-09-07 00:00:00";"2002-09-07 00:00:00";16;1051;20;10;0;<FLG>
V6155020;V615502001;HINnJ;1;"2002-09-08 00:00:00";"2002-09-08 23:59:59";16;1057;20;10;0;<FLG>
V6155020;V615502001;HINnJ;1;"2002-09-09 00:00:00";"2002-09-09 16:00:00";16;1040;20;10;0;<FLG>
V6155020;V615502001;HINnJ;1;"2002-09-10 00:00:00";"2002-09-10 00:00:00";16;1100;20;10;0;<FLG>
V6155020;V615502001;HINnJ;1;"2002-09-11 00:00:00";"2002-09-11 00:00:00";16;1281;20;10;0;<FLG>
V6155020;V615502001;HINnJ;1;"2002-09-12 00:00:00";"2002-09-12 23:59:59";16;1292;20;10;0;<FLG>
V6155020;V615502001;HINnJ;1;"2002-09-13 00:00:00";"2002-09-13 07:12:00";16;1280;20;10;0;<FLG>
V6155020;V615502001;HINnJ;1;"2002-09-14 00:00:00";"2002-09-14 00:00:00";16;1286;20;10;0;<FLG>
V6155020;V615502001;HINnJ;1;"2002-09-15 00:00:00";"2002-09-15 23:59:59";16;1250;20;10;0;<FLG>
V6155020;V615502001;HINnJ;1;"2002-09-16 00:00:00";"2002-09-16 23:59:59";16;1201;20;10;0;<FLG>
V6155020;V615502001;HINnJ;1;"2002-09-17 00:00:00";"2002-09-17 23:59:59";16;1161;20;10;0;<FLG>
V6155020;V615502001;HINnJ;1;"2002-09-18 00:00:00";"2002-09-18 23:59:59";16;1139;20;10;0;<FLG>
V6155020;V615502001;HINnJ;1;"2002-09-19 00:00:00";"2002-09-19 23:59:59";16;1123;20;10;0;<FLG>
V6155020;V615502001;HINnJ;1;"2002-09-20 00:00:00";"2002-09-20 23:59:59";16;1111;20;10;0;<FLG>
V6155020;V615502001;HINnJ;1;"2002-09-21 00:00:00";"2002-09-21 23:59:59";16;1099;20;10;0;<FLG>
V6155020;V615502001;HINnJ;1;"2002-09-22 00:00:00";"2002-09-22 23:59:59";16;1087;20;10;0;<FLG>
V6155020;V615502001;HINnJ;1;"2002-09-23 00:00:00";"2002-09-23 23:59:59";16;1074;20;10;0;<FLG>
V6155020;V615502001;HINnJ;1;"2002-09-24 00:00:00";"2002-09-24 23:59:59";16;1062;20;10;0;<FLG>
V6155020;V615502001;HINnJ;1;"2002-09-25 00:00:00";"2002-09-25 23:59:59";16;1050;20;10;0;<FLG>
V6155020;V615502001;HINnJ;1;"2002-09-26 00:00:00";"2002-09-26 23:59:59";16;1038;20;10;0;<FLG>
V6155020;V615502001;HINnJ;1;"2002-09-27 00:00:00";"2002-09-27 23:59:59";16;1026;20;10;0;<FLG>
V6155020;V615502001;HINnJ;1;"2002-09-28 00:00:00";"2002-09-28 23:59:59";16;1015;20;10;0;<FLG>
V6155020;V615502001;HINnJ;1;"2002-09-29 00:00:00";"2002-09-29 23:59:59";16;1004;20;10;0;<FLG>
V6155020;V615502001;HINnJ;1;"2002-09-30 00:00:00";"2002-09-30 23:59:59";16;993;20;10;0;<FLG>
V6155020;V615502001;HINnJ;1;"2002-10-01 00:00:00";"2002-10-01 23:59:59";16;982;20;10;0;<FLG>
V6155020;V615502001;HINnJ;1;"2002-10-02 00:00:00";"2002-10-02 23:59:59";16;971;20;10;0;<FLG>
V6155020;V615502001;HINnJ;1;"2002-10-03 00:00:00";"2002-10-03 23:59:59";16;960;20;10;0;<FLG>
V6155020;V615502001;HINnJ;1;"2002-10-04 00:00:00";"2002-10-04 23:59:59";16;950;20;10;0;<FLG>
V6155020;V615502001;HINnJ;1;"2002-10-05 00:00:00";"2002-10-05 23:59:59";16;944;20;10;0;<FLG>
V6155020;V615502001;HINnJ;1;"2002-10-06 00:00:00";"2002-10-06 23:59:59";16;939;20;10;0;<FLG>
V6155020;V615502001;HINnJ;1;"2002-10-07 00:00:00";"2002-10-07 23:59:59";16;934;20;10;0;<FLG>
V6155020;V615502001;HINnJ;1;"2002-10-08 00:00:00";"2002-10-08 23:59:59";16;928;20;10;0;<FLG>
V6155020;V615502001;HINnJ;1;"2002-10-09 00:00:00";"2002-10-09 23:59:59";16;923;20;10;0;<FLG>
V6155020;V615502001;HINnJ;1;"2002-10-10 00:00:00";"2002-10-10 14:00:00";16;920;20;10;0;<FLG>
V6155020;V615502001;HINnJ;1;"2002-10-11 00:00:00";"2002-10-11 00:00:00";16;940;20;10;0;<FLG>
V6155020;V615502001;HINnJ;1;"2002-10-12 00:00:00";"2002-10-12 00:00:00";16;989;20;10;0;<FLG>
V6155020;V615502001;HINnJ;1;"2002-10-13 00:00:00";"2002-10-13 23:59:59";16;992;20;10;0;<FLG>
V6155020;V615502001;HINnJ;1;"2002-10-14 00:00:00";"2002-10-14 23:59:59";16;981;20;10;0;<FLG>
V6155020;V615502001;HINnJ;1;"2002-10-15 00:00:00";"2002-10-15 23:59:59";16;969;20;10;0;<FLG>
V6155020;V615502001;HINnJ;1;"2002-10-16 00:00:00";"2002-10-16 23:59:59";16;958;20;10;0;<FLG>
V6155020;V615502001;HINnJ;1;"2002-10-17 00:00:00";"2002-10-17 23:59:59";16;949;20;10;0;<FLG>
V6155020;V615502001;HINnJ;1;"2002-10-18 00:00:00";"2002-10-18 23:59:59";16;945;20;10;0;<FLG>
V6155020;V615502001;HINnJ;1;"2002-10-19 00:00:00";"2002-10-19 23:59:59";16;941;20;10;0;<FLG>
V6155020;V615502001;HINnJ;1;"2002-10-20 00:00:00";"2002-10-20 23:59:59";16;937;20;10;0;<FLG>
V6155020;V615502001;HINnJ;1;"2002-10-21 00:00:00";"2002-10-21 23:59:59";16;933;20;10;0;<FLG>
V6155020;V615502001;HINnJ;1;"2002-10-22 00:00:00";"2002-10-22 00:59:00";16;933;20;10;0;<FLG>
V6155020;V615502001;HINnJ;1;"2002-10-23 00:00:00";"2002-10-23 00:00:00";16;946;20;10;0;<FLG>
V6155020;V615502001;HINnJ;1;"2002-10-24 00:00:00";"2002-10-24 00:00:00";16;960;20;10;0;<FLG>
V6155020;V615502001;HINnJ;1;"2002-10-25 00:00:00";"2002-10-25 23:59:59";16;972;20;10;0;<FLG>
V6155020;V615502001;HINnJ;1;"2002-10-26 00:00:00";"2002-10-26 23:59:59";16;965;20;10;0;<FLG>
V6155020;V615502001;HINnJ;1;"2002-10-27 00:00:00";"2002-10-27 23:59:59";16;957;20;10;0;<FLG>
V6155020;V615502001;HINnJ;1;"2002-10-28 00:00:00";"2002-10-28 23:59:59";16;949;20;10;0;<FLG>
V6155020;V615502001;HINnJ;1;"2002-10-29 00:00:00";"2002-10-29 23:59:59";16;942;20;10;0;<FLG>
V6155020;V615502001;HINnJ;1;"2002-10-30 00:00:00";"2002-10-30 23:59:59";16;934;20;10;0;<FLG>
V6155020;V615502001;HINnJ;1;"2002-10-31 00:00:00";"2002-10-31 23:59:59";16;927;20;10;0;<FLG>
V6155020;V615502001;HINnJ;1;"2002-11-01 00:00:00";"2002-11-01 23:59:59";16;921;20;10;0;<FLG>
V6155020;V615502001;HINnJ;1;"2002-11-02 00:00:00";"2002-11-02 23:59:59";16;916;20;10;0;<FLG>
V6155020;V615502001;HINnJ;1;"2002-11-03 00:00:00";"2002-11-03 23:59:59";16;910;20;10;0;<FLG>
V6155020;V615502001;HINnJ;1;"2002-11-04 00:00:00";"2002-11-04 23:59:59";16;904;20;10;0;<FLG>
V6155020;V615502001;HINnJ;1;"2002-11-05 00:00:00";"2002-11-05 23:59:59";16;898;20;10;0;<FLG>
V6155020;V615502001;HINnJ;1;"2002-11-06 00:00:00";"2002-11-06 23:59:59";16;893;20;10;0;<FLG>
V6155020;V615502001;HINnJ;1;"2002-11-07 00:00:00";"2002-11-07 23:59:59";16;887;20;10;0;<FLG>
V6155020;V615502001;HINnJ;1;"2002-11-08 00:00:00";"2002-11-08 23:59:59";16;881;20;10;0;<FLG>
V6155020;V615502001;HINnJ;1;"2002-11-09 00:00:00";"2002-11-09 23:59:59";16;875;20;10;0;<FLG>
V6155020;V615502001;HINnJ;1;"2003-11-20 00:00:00";"2003-11-20 23:59:59";16;1275;20;10;4;<FLG>
V6155020;V615502001;HINnJ;1;"2003-11-21 00:00:00";"2003-11-21 23:59:59";16;1247;20;10;0;<FLG>
V6155020;V615502001;HINnJ;1;"2003-11-22 00:00:00";"2003-11-22 23:59:59";16;1217;20;10;0;<FLG>
V6155020;V615502001;HINnJ;1;"2003-11-23 00:00:00";"2003-11-23 23:59:59";16;1197;20;10;0;<FLG>
V6155020;V615502001;HINnJ;1;"2003-11-24 00:00:00";"2003-11-24 16:58:00";16;1184;20;10;0;<FLG>
V6155020;V615502001;HINnJ;1;"2003-11-25 00:00:00";"2003-11-25 00:00:00";16;1214;20;10;0;<FLG>
V6155020;V615502001;HINnJ;1;"2003-11-26 00:00:00";"2003-11-26 00:00:00";16;1277;20;10;0;<FLG>
V6155020;V615502001;HINnJ;1;"2003-11-27 00:00:00";"2003-11-27 00:00:00";16;1292;20;10;0;<FLG>
V6155020;V615502001;HINnJ;1;"2003-11-28 00:00:00";"2003-11-28 00:00:00";16;1304;20;10;0;<FLG>
V6155020;V615502001;HINnJ;1;"2003-11-29 00:00:00";"2003-11-29 00:00:00";16;1361;20;10;0;<FLG>
V6155020;V615502001;HINnJ;1;"2003-11-30 00:00:00";"2003-11-30 23:59:59";16;1363;20;10;0;<FLG>
V6155020;V615502001;HINnJ;1;"2003-12-01 00:00:00";"2003-12-01 08:36:00";16;1360;20;10;0;<FLG>
V6155020;V615502001;HINnJ;1;"2003-12-02 00:00:00";"2003-12-02 00:00:00";16;1494;20;10;0;<FLG>
V6155020;V615502001;HINnJ;1;"2003-12-03 00:00:00";"2003-12-03 00:00:00";16;1778;20;10;0;<FLG>
V6155020;V615502001;HINnJ;1;"2003-12-04 00:00:00";"2003-12-04 00:00:00";16;1792;20;10;0;<FLG>
V6155020;V615502001;HINnJ;1;"2003-12-05 00:00:00";"2003-12-05 00:00:00";16;1796;20;10;0;<FLG>
V6155020;V615502001;HINnJ;1;"2003-12-06 00:00:00";"2003-12-06 23:59:59";16;1800;20;10;0;<FLG>
V6155020;V615502001;HINnJ;1;"2003-12-07 00:00:00";"2003-12-07 23:59:59";16;1784;20;10;0;<FLG>
V6155020;V615502001;HINnJ;1;"2003-12-08 00:00:00";"2003-12-08 23:59:59";16;1771;20;10;0;<FLG>
V6155020;V615502001;HINnJ;1;"2003-12-09 00:00:00";"2003-12-09 23:59:59";16;1751;20;10;0;<FLG>
V6155020;V615502001;HINnJ;1;"2003-12-10 00:00:00";"2003-12-10 23:59:59";16;1733;20;10;0;<FLG>
V6155020;V615502001;HINnJ;1;"2003-12-11 00:00:00";"2003-12-11 23:59:59";16;1724;20;10;0;<FLG>
V6155020;V615502001;HINnJ;1;"2003-12-12 00:00:00";"2003-12-12 23:59:59";16;1702;20;10;0;<FLG>
V6155020;V615502001;HINnJ;1;"2003-12-13 00:00:00";"2003-12-13 23:59:59";16;1676;20;10;0;<FLG>
V6155020;V615502001;HINnJ;1;"2003-12-14 00:00:00";"2003-12-14 23:59:59";16;1648;20;10;0;<FLG>
V6155020;V615502001;HINnJ;1;"2003-12-15 00:00:00";"2003-12-15 23:59:59";16;1620;20;10;0;<FLG>
V6155020;V615502001;HINnJ;1;"2003-12-16 00:00:00";"2003-12-16 23:59:59";16;1591;20;10;0;<FLG>
V6155020;V615502001;HINnJ;1;"2003-12-17 00:00:00";"2003-12-17 23:59:59";16;1562;20;10;0;<FLG>
V6155020;V615502001;HINnJ;1;"2003-12-18 00:00:00";"2003-12-18 23:59:59";16;1532;20;10;0;<FLG>
V6155020;V615502001;HINnJ;1;"2003-12-19 00:00:00";"2003-12-19 23:59:59";16;1500;20;10;0;<FLG>
V6155020;V615502001;HINnJ;1;"2003-12-20 00:00:00";"2003-12-20 23:59:59";16;1469;20;10;0;<FLG>
V6155020;V615502001;HINnJ;1;"2003-12-21 00:00:00";"2003-12-21 23:59:59";16;1439;20;10;0;<FLG>
V6155020;V615502001;HINnJ;1;"2003-12-22 00:00:00";"2003-12-22 23:59:59";16;1408;20;10;0;<FLG>
V6155020;V615502001;HINnJ;1;"2003-12-23 00:00:00";"2003-12-23 23:59:59";16;1386;20;10;0;<FLG>
V6155020;V615502001;HINnJ;1;"2003-12-24 00:00:00";"2003-12-24 23:59:59";16;1367;20;10;0;<FLG>
V6155020;V615502001;HINnJ;1;"2003-12-25 00:00:00";"2003-12-25 23:59:59";16;1350;20;10;0;<FLG>
V6155020;V615502001;HINnJ;1;"2003-12-26 00:00:00";"2003-12-26 23:59:59";16;1335;20;10;0;<FLG>
V6155020;V615502001;HINnJ;1;"2003-12-27 00:00:00";"2003-12-27 23:59:59";16;1323;20;10;0;<FLG>
V6155020;V615502001;HINnJ;1;"2003-12-28 00:00:00";"2003-12-28 14:38:00";16;1318;20;10;0;<FLG>
V6155020;V615502001;HINnJ;1;"2003-12-29 00:00:00";"2003-12-29 00:00:00";16;1322;20;10;0;<FLG>
V6155020;V615502001;HINnJ;1;"2003-12-30 00:00:00";"2003-12-30 23:59:59";16;1332;20;10;0;<FLG>
V6155020;V615502001;HINnJ;1;"2003-12-31 00:00:00";"2003-12-31 23:59:59";16;1320;20;10;0;<FLG>
V6155020;V615502001;HINnJ;1;"2004-01-01 00:00:00";"2004-01-01 20:07:00";16;1310;20;10;0;<FLG>
V6155020;V615502001;HINnJ;1;"2004-01-02 00:00:00";"2004-01-02 23:59:59";16;1302;20;10;0;<FLG>
V6155020;V615502001;HINnJ;1;"2004-01-03 00:00:00";"2004-01-03 23:59:59";16;1286;20;10;0;<FLG>
V6155020;V615502001;HINnJ;1;"2004-01-04 00:00:00";"2004-01-04 18:52:00";16;1270;20;10;0;<FLG>
V6155020;V615502001;HINnJ;1;"2004-01-05 00:00:00";"2004-01-05 15:55:00";16;1260;20;10;0;<FLG>
V6155020;V615502001;HINnJ;1;"2004-01-06 00:00:00";"2004-01-06 08:51:00";16;1250;20;10;0;<FLG>
V6155020;V615502001;HINnJ;1;"2004-01-07 00:00:00";"2004-01-07 10:15:00";16;1240;20;10;0;<FLG>
V6155020;V615502001;HINnJ;1;"2004-01-08 00:00:00";"2004-01-08 07:25:00";16;1230;20;10;0;<FLG>
V6155020;V615502001;HINnJ;1;"2004-01-09 00:00:00";"2004-01-09 08:49:00";16;1220;20;10;0;<FLG>
V6155020;V615502001;HINnJ;1;"2004-01-10 00:00:00";"2004-01-10 18:41:00";16;1210;20;10;0;<FLG>
V6155020;V615502001;HINnJ;1;"2004-01-11 00:00:00";"2004-01-11 19:38:00";16;1200;20;10;0;<FLG>
V6155020;V615502001;HINnJ;1;"2004-01-12 00:00:00";"2004-01-12 23:59:59";16;1193;20;10;0;<FLG>
V6155020;V615502001;HINnJ;1;"2004-01-13 00:00:00";"2004-01-13 03:25:00";16;1190;20;10;0;<FLG>
V6155020;V615502001;HINnJ;1;"2004-01-14 00:00:00";"2004-01-14 00:35:00";16;1200;20;10;0;<FLG>
V6155020;V615502001;HINnJ;1;"2004-01-15 00:00:00";"2004-01-15 01:59:00";16;1210;20;10;0;<FLG>
V6155020;V615502001;HINnJ;1;"2004-01-16 00:00:00";"2004-01-16 00:00:00";16;1210;20;10;0;<FLG>
V6155020;V615502001;HINnJ;1;"2004-01-17 00:00:00";"2004-01-17 09:01:00";16;1210;20;10;0;<FLG>
V6155020;V615502001;HINnJ;1;"2004-01-18 00:00:00";"2004-01-18 01:57:00";16;1210;20;10;0;<FLG>
V6155020;V615502001;HINnJ;1;"2004-01-19 00:00:00";"2004-01-19 00:00:00";16;1236;20;10;0;<FLG>
V6155020;V615502001;HINnJ;1;"2004-01-20 00:00:00";"2004-01-20 02:40:00";16;1250;20;10;0;<FLG>
V6155020;V615502001;HINnJ;1;"2004-01-21 00:00:00";"2004-01-21 23:59:59";16;1241;20;10;0;<FLG>
V6155020;V615502001;HINnJ;1;"2004-01-22 00:00:00";"2004-01-22 18:10:00";16;1230;20;10;0;<FLG>
V6155020;V615502001;HINnJ;1;"2004-01-23 00:00:00";"2004-01-23 15:20:00";16;1220;20;10;0;<FLG>
V6155020;V615502001;HINnJ;1;"2004-01-24 00:00:00";"2004-01-24 08:16:00";16;1210;20;10;0;<FLG>
V6155020;V615502001;HINnJ;1;"2004-01-25 00:00:00";"2004-01-25 09:40:00";16;1200;20;10;0;<FLG>
V6155020;V615502001;HINnJ;1;"2004-01-26 00:00:00";"2004-01-26 20:09:00";16;1190;20;10;0;<FLG>
V6155020;V615502001;HINnJ;1;"2004-01-27 00:00:00";"2004-01-27 00:23:00";16;1190;20;10;0;<FLG>
V6155020;V615502001;HINnJ;1;"2004-01-28 00:00:00";"2004-01-28 23:59:59";16;1179;20;10;0;<FLG>
V6155020;V615502001;HINnJ;1;"2004-01-29 00:00:00";"2004-01-29 15:53:00";16;1170;20;10;0;<FLG>
V6155020;V615502001;HINnJ;1;"2004-01-30 00:00:00";"2004-01-30 13:03:00";16;1160;20;10;0;<FLG>
V6155020;V615502001;HINnJ;1;"2004-01-31 00:00:00";"2004-01-31 23:59:59";16;1159;20;10;0;<FLG>
V6155020;V615502001;HINnJ;1;"2004-02-01 00:00:00";"2004-02-01 07:23:00";16;1150;20;10;0;<FLG>
V6155020;V615502001;HINnJ;1;"2004-02-02 00:00:00";"2004-02-02 12:37:00";16;1150;20;10;0;<FLG>
V6155020;V615502001;HINnJ;1;"2004-02-03 00:00:00";"2004-02-03 00:00:00";16;1161;20;10;0;<FLG>
V6155020;V615502001;HINnJ;1;"2004-02-04 00:00:00";"2004-02-04 00:00:00";16;1169;20;10;0;<FLG>
V6155020;V615502001;HINnJ;1;"2004-02-05 00:00:00";"2004-02-05 04:07:00";16;1170;20;10;0;<FLG>
V6155020;V615502001;HINnJ;1;"2004-02-06 00:00:00";"2004-02-06 00:00:00";16;1171;20;10;0;<FLG>
V6155020;V615502001;HINnJ;1;"2004-02-07 00:00:00";"2004-02-07 00:00:00";16;1182;20;10;0;<FLG>
V6155020;V615502001;HINnJ;1;"2004-02-08 00:00:00";"2004-02-08 08:19:00";16;1190;20;10;0;<FLG>
V6155020;V615502001;HINnJ;1;"2004-02-09 00:00:00";"2004-02-09 23:59:59";16;1187;20;10;0;<FLG>
V6155020;V615502001;HINnJ;1;"2004-02-10 00:00:00";"2004-02-10 08:51:00";16;1180;20;10;0;<FLG>
V6155020;V615502001;HINnJ;1;"2004-02-11 00:00:00";"2004-02-11 23:59:59";16;1169;20;10;0;<FLG>
V6155020;V615502001;HINnJ;1;"2004-02-12 00:00:00";"2004-02-12 15:53:00";16;1160;20;10;0;<FLG>
V6155020;V615502001;HINnJ;1;"2004-02-13 00:00:00";"2004-02-13 23:59:59";16;1158;20;10;0;<FLG>
V6155020;V615502001;HINnJ;1;"2004-02-14 00:00:00";"2004-02-14 10:13:00";16;1150;20;10;0;<FLG>
V6155020;V615502001;HINnJ;1;"2004-02-15 00:00:00";"2004-02-15 11:09:00";16;1150;20;10;0;<FLG>
V6155020;V615502001;HINnJ;1;"2004-02-16 00:00:00";"2004-02-16 23:59:59";16;1142;20;10;0;<FLG>
V6155020;V615502001;HINnJ;1;"2004-02-17 00:00:00";"2004-02-17 04:37:00";16;1140;20;10;0;<FLG>
V6155020;V615502001;HINnJ;1;"2004-02-18 00:00:00";"2004-02-18 23:59:59";16;1139;20;10;0;<FLG>
V6155020;V615502001;HINnJ;1;"2004-02-19 00:00:00";"2004-02-19 11:39:00";16;1130;20;10;0;<FLG>
V6155020;V615502001;HINnJ;1;"2004-02-20 00:00:00";"2004-02-20 17:17:00";16;1130;20;10;0;<FLG>
V6155020;V615502001;HINnJ;1;"2004-02-21 00:00:00";"2004-02-21 05:59:00";16;1130;20;10;0;<FLG>
V6155020;V615502001;HINnJ;1;"2004-02-22 00:00:00";"2004-02-22 00:00:00";16;1143;20;10;0;<FLG>
V6155020;V615502001;HINnJ;1;"2004-02-23 00:00:00";"2004-02-23 00:00:00";16;1381;20;10;0;<FLG>
V6155020;V615502001;HINnJ;1;"2004-02-24 00:00:00";"2004-02-24 00:00:00";16;1518;20;10;0;<FLG>
V6155020;V615502001;HINnJ;1;"2004-02-25 00:00:00";"2004-02-25 01:47:00";16;1550;20;10;0;<FLG>
V6155020;V615502001;HINnJ;1;"2004-02-26 00:00:00";"2004-02-26 11:39:00";16;1540;20;10;0;<FLG>
V6155020;V615502001;HINnJ;1;"2004-02-27 00:00:00";"2004-02-27 23:59:59";16;1523;20;10;0;<FLG>
V6155020;V615502001;HINnJ;1;"2004-02-28 00:00:00";"2004-02-28 23:59:59";16;1500;20;10;0;<FLG>
V6155020;V615502001;HINnJ;1;"2004-02-29 00:00:00";"2004-02-29 22:58:00";16;1460;20;10;0;<FLG>
V6155020;V615502001;HINnJ;1;"2004-03-01 00:00:00";"2004-03-01 23:59:59";16;1428;20;10;0;<FLG>
V6155020;V615502001;HINnJ;1;"2004-03-02 00:00:00";"2004-03-02 23:59:59";16;1393;20;10;0;<FLG>
V6155020;V615502001;HINnJ;1;"2004-03-03 00:00:00";"2004-03-03 23:59:59";16;1361;20;10;0;<FLG>
V6155020;V615502001;HINnJ;1;"2004-03-04 00:00:00";"2004-03-04 23:59:59";16;1328;20;10;0;<FLG>
V6155020;V615502001;HINnJ;1;"2004-03-05 00:00:00";"2004-03-05 23:59:59";16;1309;20;10;0;<FLG>
V6155020;V615502001;HINnJ;1;"2004-03-06 00:00:00";"2004-03-06 23:59:59";16;1290;20;10;0;<FLG>
V6155020;V615502001;HINnJ;1;"2004-03-07 00:00:00";"2004-03-07 23:59:59";16;1270;20;10;0;<FLG>
V6155020;V615502001;HINnJ;1;"2004-03-08 00:00:00";"2004-03-08 23:59:59";16;1251;20;10;0;<FLG>
V6155020;V615502001;HINnJ;1;"2004-03-09 00:00:00";"2004-03-09 23:59:59";16;1234;20;10;0;<FLG>
V6155020;V615502001;HINnJ;1;"2004-03-10 00:00:00";"2004-03-10 23:59:59";16;1222;20;10;0;<FLG>
V6155020;V615502001;HINnJ;1;"2004-03-11 00:00:00";"2004-03-11 23:59:59";16;1210;20;10;0;<FLG>
V6155020;V615502001;HINnJ;1;"2004-03-12 00:00:00";"2004-03-12 23:59:59";16;1197;20;10;0;<FLG>
V6155020;V615502001;HINnJ;1;"2004-03-13 00:00:00";"2004-03-13 14:27:00";16;1190;20;10;0;<FLG>
V6155020;V615502001;HINnJ;1;"2004-03-14 00:00:00";"2004-03-14 23:59:59";16;1175;20;10;0;<FLG>
V6155020;V615502001;HINnJ;1;"2004-03-15 00:00:00";"2004-03-15 23:59:59";16;1166;20;10;0;<FLG>
V6155020;V615502001;HINnJ;1;"2004-03-16 00:00:00";"2004-03-16 23:59:59";16;1160;20;10;0;<FLG>
V6155020;V615502001;HINnJ;1;"2004-03-17 00:00:00";"2004-03-17 23:59:59";16;1156;20;10;0;<FLG>
V6155020;V615502001;HINnJ;1;"2004-03-18 00:00:00";"2004-03-18 23:59:59";16;1153;20;10;0;<FLG>
V6155020;V615502001;HINnJ;1;"2004-03-19 00:00:00";"2004-03-19 23:59:59";16;1150;20;10;0;<FLG>
V6155020;V615502001;HINnJ;1;"2004-03-20 00:00:00";"2004-03-20 23:59:59";16;1147;20;10;0;<FLG>
V6155020;V615502001;HINnJ;1;"2004-03-21 00:00:00";"2004-03-21 23:59:59";16;1143;20;10;0;<FLG>
V6155020;V615502001;HINnJ;1;"2004-03-22 00:00:00";"2004-03-22 23:59:59";16;1140;20;10;0;<FLG>
V6155020;V615502001;HINnJ;1;"2004-03-23 00:00:00";"2004-03-23 23:59:59";16;1137;20;10;0;<FLG>
V6155020;V615502001;HINnJ;1;"2004-03-24 00:00:00";"2004-03-24 23:59:59";16;1133;20;10;0;<FLG>
V6155020;V615502001;HINnJ;1;"2004-03-25 00:00:00";"2004-03-25 23:59:59";16;1130;20;10;0;<FLG>
V6155020;V615502001;HINnJ;1;"2004-03-26 00:00:00";"2004-03-26 23:59:59";16;1126;20;10;0;<FLG>
V6155020;V615502001;HINnJ;1;"2004-03-27 00:00:00";"2004-03-27 23:59:59";16;1121;20;10;0;<FLG>
V6155020;V615502001;HINnJ;1;"2004-03-28 00:00:00";"2004-03-28 10:41:00";16;1119;20;10;0;<FLG>
V6155020;V615502001;HINnJ;1;"2004-03-29 00:00:00";"2004-03-29 23:59:59";16;1116;20;10;0;<FLG>
V6155020;V615502001;HINnJ;1;"2004-03-30 00:00:00";"2004-03-30 13:05:00";16;1108;20;10;0;<FLG>
V6155020;V615502001;HINnJ;1;"2004-03-31 00:00:00";"2004-03-31 23:59:59";16;1108;20;10;0;<FLG>
V6155020;V615502001;HINnJ;1;"2004-04-01 00:00:00";"2004-04-01 23:59:59";16;1098;20;10;0;<FLG>
V6155020;V615502001;HINnJ;1;"2004-04-02 00:00:00";"2004-04-02 23:59:59";16;1093;20;10;0;<FLG>
V6155020;V615502001;HINnJ;1;"2004-04-03 00:00:00";"2004-04-03 23:59:59";16;1089;20;10;0;<FLG>
V6155020;V615502001;HINnJ;1;"2004-04-04 00:00:00";"2004-04-04 07:41:00";16;1087;20;10;0;<FLG>
V6155020;V615502001;HINnJ;1;"2004-04-05 00:00:00";"2004-04-05 23:59:59";16;1086;20;10;0;<FLG>
V6155020;V615502001;HINnJ;1;"2004-04-06 00:00:00";"2004-04-06 13:17:00";16;1076;20;10;0;<FLG>
V6155020;V615502001;HINnJ;1;"2004-04-07 00:00:00";"2004-04-07 23:09:00";16;1076;20;10;0;<FLG>
V6155020;V615502001;HINnJ;1;"2004-04-08 00:00:00";"2004-04-08 23:59:59";16;1074;20;10;0;<FLG>
V6155020;V615502001;HINnJ;1;"2004-04-09 00:00:00";"2004-04-09 23:59:59";16;1069;20;10;0;<FLG>
V6155020;V615502001;HINnJ;1;"2004-04-10 00:00:00";"2004-04-10 23:59:59";16;1065;20;10;0;<FLG>
V6155020;V615502001;HINnJ;1;"2004-04-11 00:00:00";"2004-04-11 23:59:59";16;1058;20;10;0;<FLG>
V6155020;V615502001;HINnJ;1;"2004-04-12 00:00:00";"2004-04-12 23:59:59";16;1052;20;10;0;<FLG>
V6155020;V615502001;HINnJ;1;"2004-04-13 00:00:00";"2004-04-13 23:59:59";16;1049;20;10;0;<FLG>
V6155020;V615502001;HINnJ;1;"2004-04-14 00:00:00";"2004-04-14 23:59:59";16;1046;20;10;0;<FLG>
V6155020;V615502001;HINnJ;1;"2004-04-15 00:00:00";"2004-04-15 23:59:59";16;1043;20;10;0;<FLG>
V6155020;V615502001;HINnJ;1;"2004-04-16 00:00:00";"2004-04-16 23:59:59";16;1040;20;10;0;<FLG>
V6155020;V615502001;HINnJ;1;"2004-04-17 00:00:00";"2004-04-17 23:59:59";16;1037;20;10;0;<FLG>
V6155020;V615502001;HINnJ;1;"2004-04-18 00:00:00";"2004-04-18 23:59:59";16;1034;20;10;0;<FLG>
V6155020;V615502001;HINnJ;1;"2004-04-19 00:00:00";"2004-04-19 23:59:59";16;1032;20;10;0;<FLG>
V6155020;V615502001;HINnJ;1;"2004-04-20 00:00:00";"2004-04-20 23:59:59";16;1031;20;10;0;<FLG>
V6155020;V615502001;HINnJ;1;"2004-04-21 00:00:00";"2004-04-21 16:08:00";16;1021;20;10;0;<FLG>
V6155020;V615502001;HINnJ;1;"2004-04-22 00:00:00";"2004-04-22 00:00:00";16;1021;20;10;0;<FLG>
V6155020;V615502001;HINnJ;1;"2004-04-23 00:00:00";"2004-04-23 14:42:00";16;1021;20;10;0;<FLG>
V6155020;V615502001;HINnJ;1;"2004-04-24 00:00:00";"2004-04-24 00:00:00";16;1023;20;10;0;<FLG>
V6155020;V615502001;HINnJ;1;"2004-04-25 00:00:00";"2004-04-25 23:59:59";16;1024;20;10;0;<FLG>
V6155020;V615502001;HINnJ;1;"2004-04-26 00:00:00";"2004-04-26 23:00:00";16;1019;20;10;0;<FLG>
V6155020;V615502001;HINnJ;1;"2004-04-27 00:00:00";"2004-04-27 08:51:00";16;1019;20;10;0;<FLG>
V6155020;V615502001;HINnJ;1;"2004-04-28 00:00:00";"2004-04-28 23:59:59";16;1015;20;10;0;<FLG>
V6155020;V615502001;HINnJ;1;"2004-04-29 00:00:00";"2004-04-29 23:17:00";16;1008;20;10;0;<FLG>
V6155020;V615502001;HINnJ;1;"2004-04-30 00:00:00";"2004-04-30 07:45:00";16;1008;20;10;0;<FLG>
V6155020;V615502001;HINnJ;1;"2004-05-01 00:00:00";"2004-05-01 00:00:00";16;1051;20;10;0;<FLG>
V6155020;V615502001;HINnJ;1;"2004-05-02 00:00:00";"2004-05-02 00:00:00";16;1119;20;10;0;<FLG>
V6155020;V615502001;HINnJ;1;"2004-05-03 00:00:00";"2004-05-03 00:00:00";16;1148;20;10;0;<FLG>
V6155020;V615502001;HINnJ;1;"2004-05-04 00:00:00";"2004-05-04 00:00:00";16;1161;20;10;0;<FLG>
V6155020;V615502001;HINnJ;1;"2004-05-05 00:00:00";"2004-05-05 01:47:00";16;1177;20;10;0;<FLG>
V6155020;V615502001;HINnJ;1;"2004-05-06 00:00:00";"2004-05-06 23:59:59";16;1171;20;10;0;<FLG>
V6155020;V615502001;HINnJ;1;"2004-05-07 00:00:00";"2004-05-07 13:03:00";16;1156;20;10;0;<FLG>
V6155020;V615502001;HINnJ;1;"2004-05-08 00:00:00";"2004-05-08 23:59:59";16;1154;20;10;0;<FLG>
V6155020;V615502001;HINnJ;1;"2004-05-09 00:00:00";"2004-05-09 23:59:59";16;1145;20;10;0;<FLG>
V6155020;V615502001;HINnJ;1;"2004-05-10 00:00:00";"2004-05-10 23:59:59";16;1133;20;10;0;<FLG>
V6155020;V615502001;HINnJ;1;"2004-05-11 00:00:00";"2004-05-11 23:59:59";16;1123;20;10;0;<FLG>
V6155020;V615502001;HINnJ;1;"2004-05-12 00:00:00";"2004-05-12 23:59:59";16;1116;20;10;0;<FLG>
V6155020;V615502001;HINnJ;1;"2004-05-13 00:00:00";"2004-05-13 23:59:59";16;1113;20;10;0;<FLG>
V6155020;V615502001;HINnJ;1;"2004-05-14 00:00:00";"2004-05-14 23:59:59";16;1104;20;10;0;<FLG>
V6155020;V615502001;HINnJ;1;"2004-05-15 00:00:00";"2004-05-15 23:59:59";16;1102;20;10;0;<FLG>
V6155020;V615502001;HINnJ;1;"2004-05-16 00:00:00";"2004-05-16 07:23:00";16;1093;20;10;0;<FLG>
V6155020;V615502001;HINnJ;1;"2004-05-17 00:00:00";"2004-05-17 23:59:59";16;1082;20;10;0;<FLG>
V6155020;V615502001;HINnJ;1;"2004-05-18 00:00:00";"2004-05-18 23:59:59";16;1077;20;10;0;<FLG>
V6155020;V615502001;HINnJ;1;"2004-05-19 00:00:00";"2004-05-19 06:01:00";16;1072;20;10;0;<FLG>
V6155020;V615502001;HINnJ;1;"2004-05-20 00:00:00";"2004-05-20 23:59:59";16;1067;20;10;0;<FLG>
V6155020;V615502001;HINnJ;1;"2004-05-21 00:00:00";"2004-05-21 23:59:59";16;1059;20;10;0;<FLG>
V6155020;V615502001;HINnJ;1;"2004-05-22 00:00:00";"2004-05-22 23:00:00";16;1051;20;10;0;<FLG>
V6155020;V615502001;HINnJ;1;"2004-05-23 00:00:00";"2004-05-23 23:59:59";16;1047;20;10;0;<FLG>
V6155020;V615502001;HINnJ;1;"2004-05-24 00:00:00";"2004-05-24 23:59:59";16;1037;20;10;0;<FLG>
V6155020;V615502001;HINnJ;1;"2004-05-25 00:00:00";"2004-05-25 23:59:59";16;1030;20;10;0;<FLG>
V6155020;V615502001;HINnJ;1;"2004-05-26 00:00:00";"2004-05-26 23:59:59";16;1026;20;10;0;<FLG>
V6155020;V615502001;HINnJ;1;"2004-05-27 00:00:00";"2004-05-27 23:59:59";16;1022;20;10;0;<FLG>
V6155020;V615502001;HINnJ;1;"2004-05-28 00:00:00";"2004-05-28 23:59:59";16;1019;20;10;0;<FLG>
V6155020;V615502001;HINnJ;1;"2004-05-29 00:00:00";"2004-05-29 14:27:00";16;1010;20;10;0;<FLG>
V6155020;V615502001;HINnJ;1;"2004-05-30 00:00:00";"2004-05-30 23:59:59";16;1004;20;10;0;<FLG>
V6155020;V615502001;HINnJ;1;"2004-05-31 00:00:00";"2004-05-31 07:27:00";16;1000;20;10;0;<FLG>
V6155020;V615502001;HINnJ;1;"2004-06-01 00:00:00";"2004-06-01 22:28:00";16;990;20;10;0;<FLG>
V6155020;V615502001;HINnJ;1;"2004-06-02 00:00:00";"2004-06-02 13:41:00";16;990;20;10;0;<FLG>
V6155020;V615502001;HINnJ;1;"2004-06-03 00:00:00";"2004-06-03 23:59:59";16;979;20;10;0;<FLG>
V6155020;V615502001;HINnJ;1;"2004-06-04 00:00:00";"2004-06-04 23:59:59";16;978;20;10;0;<FLG>
V6155020;V615502001;HINnJ;1;"2004-06-05 00:00:00";"2004-06-05 23:59:59";16;972;20;10;0;<FLG>
V6155020;V615502001;HINnJ;1;"2004-06-06 00:00:00";"2004-06-06 23:59:59";16;965;20;10;0;<FLG>
V6155020;V615502001;HINnJ;1;"2004-06-07 00:00:00";"2004-06-07 23:59:59";16;960;20;10;0;<FLG>
V6155020;V615502001;HINnJ;1;"2004-06-08 00:00:00";"2004-06-08 23:59:59";16;956;20;10;0;<FLG>
V6155020;V615502001;HINnJ;1;"2004-06-09 00:00:00";"2004-06-09 23:59:59";16;951;20;10;0;<FLG>
V6155020;V615502001;HINnJ;1;"2004-06-10 00:00:00";"2004-06-10 23:59:59";16;947;20;10;0;<FLG>
V6155020;V615502001;HINnJ;1;"2004-06-11 00:00:00";"2004-06-11 23:59:59";16;941;20;10;0;<FLG>
V6155020;V615502001;HINnJ;1;"2004-06-12 00:00:00";"2004-06-12 23:59:59";16;935;20;10;0;<FLG>
V6155020;V615502001;HINnJ;1;"2004-06-13 00:00:00";"2004-06-13 23:59:59";16;931;20;10;0;<FLG>
V6155020;V615502001;HINnJ;1;"2004-06-14 00:00:00";"2004-06-14 23:59:59";16;927;20;10;0;<FLG>
V6155020;V615502001;HINnJ;1;"2004-06-15 00:00:00";"2004-06-15 23:59:59";16;923;20;10;0;<FLG>
V6155020;V615502001;HINnJ;1;"2004-06-16 00:00:00";"2004-06-16 23:59:59";16;920;20;10;0;<FLG>
V6155020;V615502001;HINnJ;1;"2004-06-17 00:00:00";"2004-06-17 23:59:59";16;915;20;10;0;<FLG>
V6155020;V615502001;HINnJ;1;"2004-06-18 00:00:00";"2004-06-18 23:59:59";16;910;20;10;0;<FLG>
V6155020;V615502001;HINnJ;1;"2004-06-19 00:00:00";"2004-06-19 23:59:59";16;907;20;10;0;<FLG>
V6155020;V615502001;HINnJ;1;"2004-06-20 00:00:00";"2004-06-20 23:59:59";16;904;20;10;0;<FLG>
V6155020;V615502001;HINnJ;1;"2004-06-21 00:00:00";"2004-06-21 23:59:59";16;902;20;10;0;<FLG>
V6155020;V615502001;HINnJ;1;"2004-06-22 00:00:00";"2004-06-22 23:59:59";16;899;20;10;0;<FLG>
V6155020;V615502001;HINnJ;1;"2004-06-23 00:00:00";"2004-06-23 23:59:59";16;894;20;10;0;<FLG>
V6155020;V615502001;HINnJ;1;"2004-06-24 00:00:00";"2004-06-24 23:59:59";16;890;20;10;0;<FLG>
V6155020;V615502001;HINnJ;1;"2004-06-25 00:00:00";"2004-06-25 23:59:59";16;886;20;10;0;<FLG>
V6155020;V615502001;HINnJ;1;"2004-06-26 00:00:00";"2004-06-26 23:59:59";16;882;20;10;0;<FLG>
V6155020;V615502001;HINnJ;1;"2004-06-27 00:00:00";"2004-06-27 23:59:59";16;877;20;10;0;<FLG>
V6155020;V615502001;HINnJ;1;"2004-06-28 00:00:00";"2004-06-28 23:59:59";16;873;20;10;0;<FLG>
V6155020;V615502001;HINnJ;1;"2004-06-29 00:00:00";"2004-06-29 23:59:59";16;870;20;10;0;<FLG>
V6155020;V615502001;HINnJ;1;"2004-06-30 00:00:00";"2004-06-30 23:59:59";16;867;20;10;0;<FLG>
V6155020;V615502001;HINnJ;1;"2004-07-01 00:00:00";"2004-07-01 23:59:59";16;865;20;10;0;<FLG>
V6155020;V615502001;HINnJ;1;"2004-07-02 00:00:00";"2004-07-02 23:59:59";16;862;20;10;0;<FLG>
V6155020;V615502001;HINnJ;1;"2004-07-03 00:00:00";"2004-07-03 23:59:59";16;860;20;10;0;<FLG>
V6155020;V615502001;HINnJ;1;"2004-07-04 00:00:00";"2004-07-04 23:59:59";16;858;20;10;0;<FLG>
V6155020;V615502001;HINnJ;1;"2004-07-05 00:00:00";"2004-07-05 23:59:59";16;855;20;10;0;<FLG>
V6155020;V615502001;HINnJ;1;"2004-07-06 00:00:00";"2004-07-06 23:59:59";16;851;20;10;0;<FLG>
V6155020;V615502001;HINnJ;1;"2004-07-07 00:00:00";"2004-07-07 23:59:59";16;848;20;10;0;<FLG>
V6155020;V615502001;HINnJ;1;"2004-07-08 00:00:00";"2004-07-08 23:59:59";16;844;20;10;0;<FLG>
V6155020;V615502001;HINnJ;1;"2004-07-09 00:00:00";"2004-07-09 23:59:59";16;842;20;10;0;<FLG>
V6155020;V615502001;HINnJ;1;"2004-07-10 00:00:00";"2004-07-10 23:59:59";16;841;20;10;0;<FLG>
V6155020;V615502001;HINnJ;1;"2004-07-11 00:00:00";"2004-07-11 23:59:59";16;840;20;10;0;<FLG>
V6155020;V615502001;HINnJ;1;"2004-07-12 00:00:00";"2004-07-12 23:59:59";16;839;20;10;0;<FLG>
V6155020;V615502001;HINnJ;1;"2004-07-13 00:00:00";"2004-07-13 23:59:59";16;837;20;10;0;<FLG>
V6155020;V615502001;HINnJ;1;"2004-07-14 00:00:00";"2004-07-14 23:59:59";16;834;20;10;0;<FLG>
V6155020;V615502001;HINnJ;1;"2004-07-15 00:00:00";"2004-07-15 23:59:59";16;832;20;10;0;<FLG>
V6155020;V615502001;HINnJ;1;"2004-07-16 00:00:00";"2004-07-16 23:59:59";16;829;20;10;0;<FLG>
V6155020;V615502001;HINnJ;1;"2004-07-17 00:00:00";"2004-07-17 23:59:59";16;827;20;10;0;<FLG>
V6155020;V615502001;HINnJ;1;"2004-07-18 00:00:00";"2004-07-18 23:59:59";16;824;20;10;0;<FLG>
V6155020;V615502001;HINnJ;1;"2004-07-19 00:00:00";"2004-07-19 23:59:59";16;822;20;10;0;<FLG>
V6155020;V615502001;HINnJ;1;"2004-07-20 00:00:00";"2004-07-20 23:59:59";16;820;20;10;0;<FLG>
V6155020;V615502001;HINnJ;1;"2004-07-21 00:00:00";"2004-07-21 23:59:59";16;817;20;10;0;<FLG>
V6155020;V615502001;HINnJ;1;"2004-07-22 00:00:00";"2004-07-22 23:59:59";16;815;20;10;0;<FLG>
V6155020;V615502001;HINnJ;1;"2004-07-23 00:00:00";"2004-07-23 23:59:59";16;813;20;10;0;<FLG>
V6155020;V615502001;HINnJ;1;"2004-07-24 00:00:00";"2004-07-24 23:59:59";16;811;20;10;0;<FLG>
V6155020;V615502001;HINnJ;1;"2004-07-25 00:00:00";"2004-07-25 23:59:59";16;810;20;10;0;<FLG>
V6155020;V615502001;HINnJ;1;"2004-07-26 00:00:00";"2004-07-26 23:59:59";16;808;20;10;0;<FLG>
V6155020;V615502001;HINnJ;1;"2004-07-27 00:00:00";"2004-07-27 23:59:59";16;807;20;10;0;<FLG>
V6155020;V615502001;HINnJ;1;"2004-07-28 00:00:00";"2004-07-28 23:59:59";16;805;20;10;0;<FLG>
V6155020;V615502001;HINnJ;1;"2004-07-29 00:00:00";"2004-07-29 23:59:59";16;804;20;10;0;<FLG>
V6155020;V615502001;HINnJ;1;"2004-07-30 00:00:00";"2004-07-30 23:59:59";16;802;20;10;0;<FLG>
V6155020;V615502001;HINnJ;1;"2004-07-31 00:00:00";"2004-07-31 23:59:59";16;801;20;10;0;<FLG>
V6155020;V615502001;HINnJ;1;"2004-08-01 00:00:00";"2004-08-01 23:59:59";16;800;20;10;0;<FLG>
V6155020;V615502001;HINnJ;1;"2004-08-02 00:00:00";"2004-08-02 23:59:59";16;798;20;10;0;<FLG>
V6155020;V615502001;HINnJ;1;"2004-08-03 00:00:00";"2004-08-03 04:37:00";16;798;20;10;0;<FLG>
V6155020;V615502001;HINnJ;1;"2004-08-04 00:00:00";"2004-08-04 10:00:00";16;790;20;10;0;<FLG>
V6155020;V615502001;HINnJ;1;"2004-08-05 00:00:00";"2004-08-05 15:30:00";16;789;20;10;0;<FLG>
V6155020;V615502001;HINnJ;1;"2004-08-06 00:00:00";"2004-08-06 00:00:00";16;791;20;10;0;<FLG>
V6155020;V615502001;HINnJ;1;"2004-08-07 00:00:00";"2004-08-07 23:59:59";16;790;20;10;0;<FLG>
V6155020;V615502001;HINnJ;1;"2004-08-08 00:00:00";"2004-08-08 23:59:59";16;787;20;10;0;<FLG>
V6155020;V615502001;HINnJ;1;"2004-08-09 00:00:00";"2004-08-09 23:59:59";16;784;20;10;0;<FLG>
V6155020;V615502001;HINnJ;1;"2004-08-10 00:00:00";"2004-08-10 23:15:00";16;779;20;10;0;<FLG>
V6155020;V615502001;HINnJ;1;"2004-08-11 00:00:00";"2004-08-11 22:30:00";16;779;20;10;0;<FLG>
V6155020;V615502001;HINnJ;1;"2004-08-12 00:00:00";"2004-08-12 00:00:00";16;779;20;10;0;<FLG>
V6155020;V615502001;HINnJ;1;"2004-08-13 00:00:00";"2004-08-13 23:59:59";16;781;20;10;0;<FLG>
V6155020;V615502001;HINnJ;1;"2004-08-14 00:00:00";"2004-08-14 23:59:59";16;777;20;10;0;<FLG>
V6155020;V615502001;HINnJ;1;"2004-08-15 00:00:00";"2004-08-15 23:59:59";16;772;20;10;0;<FLG>
V6155020;V615502001;HINnJ;1;"2004-08-16 00:00:00";"2004-08-16 12:00:00";16;769;20;10;0;<FLG>
V6155020;V615502001;HINnJ;1;"2004-08-17 00:00:00";"2004-08-17 15:30:00";16;769;20;10;0;<FLG>
V6155020;V615502001;HINnJ;1;"2004-08-18 00:00:00";"2004-08-18 00:00:00";16;781;20;10;0;<FLG>
V6155020;V615502001;HINnJ;1;"2004-08-19 00:00:00";"2004-08-19 23:00:00";16;841;20;10;0;<FLG>
V6155020;V615502001;HINnJ;1;"2004-08-20 00:00:00";"2004-08-20 04:45:00";16;839;20;10;0;<FLG>
V6155020;V615502001;HINnJ;1;"2004-08-21 00:00:00";"2004-08-21 23:59:59";16;842;20;10;0;<FLG>
V6155020;V615502001;HINnJ;1;"2004-08-22 00:00:00";"2004-08-22 22:00:00";16;829;20;10;0;<FLG>
V6155020;V615502001;HINnJ;1;"2004-08-23 00:00:00";"2004-08-23 23:59:59";16;823;20;10;0;<FLG>
V6155020;V615502001;HINnJ;1;"2004-08-24 00:00:00";"2004-08-24 23:59:59";16;814;20;10;0;<FLG>
V6155020;V615502001;HINnJ;1;"2004-08-25 00:00:00";"2004-08-25 23:59:59";16;806;20;10;0;<FLG>
V6155020;V615502001;HINnJ;1;"2004-08-26 00:00:00";"2004-08-26 23:59:59";16;799;20;10;0;<FLG>
V6155020;V615502001;HINnJ;1;"2004-08-27 00:00:00";"2004-08-27 23:59:59";16;796;20;10;0;<FLG>
V6155020;V615502001;HINnJ;1;"2004-08-28 00:00:00";"2004-08-28 23:59:59";16;792;20;10;0;<FLG>
V6155020;V615502001;HINnJ;1;"2004-08-29 00:00:00";"2004-08-29 23:59:59";16;780;20;10;0;<FLG>
V6155020;V615502001;HINnJ;1;"2004-08-30 00:00:00";"2004-08-30 00:54:00";16;780;20;10;0;<FLG>
V6155020;V615502001;HINnJ;1;"2004-08-31 00:00:00";"2004-08-31 23:59:59";16;773;20;10;0;<FLG>
V6155020;V615502001;HINnJ;1;"2004-09-01 00:00:00";"2004-09-01 13:10:00";16;762;20;10;0;<FLG>
V6155020;V615502001;HINnJ;1;"2004-09-02 00:00:00";"2004-09-02 22:57:00";16;762;20;10;0;<FLG>
V6155020;V615502001;HINnJ;1;"2004-09-03 00:00:00";"2004-09-03 00:00:00";16;762;20;10;0;<FLG>
V6155020;V615502001;HINnJ;1;"2004-09-04 00:00:00";"2004-09-04 00:00:00";16;763;20;10;0;<FLG>
V6155020;V615502001;HINnJ;1;"2004-09-05 00:00:00";"2004-09-05 23:59:59";16;763;20;10;0;<FLG>
V6155020;V615502001;HINnJ;1;"2004-09-06 00:00:00";"2004-09-06 23:59:59";16;762;20;10;0;<FLG>
V6155020;V615502001;HINnJ;1;"2004-09-07 00:00:00";"2004-09-07 23:59:59";16;762;20;10;0;<FLG>
V6155020;V615502001;HINnJ;1;"2004-09-08 00:00:00";"2004-09-08 23:59:59";16;761;20;10;0;<FLG>
V6155020;V615502001;HINnJ;1;"2004-09-09 00:00:00";"2004-09-09 23:59:59";16;761;20;10;0;<FLG>
V6155020;V615502001;HINnJ;1;"2004-09-10 00:00:00";"2004-09-10 23:59:59";16;760;20;10;0;<FLG>
V6155020;V615502001;HINnJ;1;"2004-09-11 00:00:00";"2004-09-11 23:59:59";16;760;20;10;0;<FLG>
V6155020;V615502001;HINnJ;1;"2004-09-12 00:00:00";"2004-09-12 23:59:59";16;759;20;10;0;<FLG>
V6155020;V615502001;HINnJ;1;"2004-09-13 00:00:00";"2004-09-13 23:59:59";16;758;20;10;0;<FLG>
V6155020;V615502001;HINnJ;1;"2004-09-14 00:00:00";"2004-09-14 23:59:59";16;758;20;10;0;<FLG>
V6155020;V615502001;HINnJ;1;"2004-09-15 00:00:00";"2004-09-15 23:59:59";16;757;20;10;0;<FLG>
V6155020;V615502001;HINnJ;1;"2004-09-16 00:00:00";"2004-09-16 23:59:59";16;757;20;10;0;<FLG>
V6155020;V615502001;HINnJ;1;"2004-09-17 00:00:00";"2004-09-17 23:59:59";16;756;20;10;0;<FLG>
V6155020;V615502001;HINnJ;1;"2004-09-18 00:00:00";"2004-09-18 23:59:59";16;756;20;10;0;<FLG>
V6155020;V615502001;HINnJ;1;"2004-09-19 00:00:00";"2004-09-19 23:59:59";16;755;20;10;0;<FLG>
V6155020;V615502001;HINnJ;1;"2004-09-20 00:00:00";"2004-09-20 23:59:59";16;751;20;10;0;<FLG>
V6155020;V615502001;HINnJ;1;"2004-09-21 00:00:00";"2004-09-21 23:59:59";16;749;20;10;0;<FLG>
V6155020;V615502001;HINnJ;1;"2004-09-22 00:00:00";"2004-09-22 23:59:59";16;748;20;10;0;<FLG>
V6155020;V615502001;HINnJ;1;"2004-09-23 00:00:00";"2004-09-23 23:59:59";16;748;20;10;0;<FLG>
V6155020;V615502001;HINnJ;1;"2004-09-24 00:00:00";"2004-09-24 23:59:59";16;746;20;10;0;<FLG>
V6155020;V615502001;HINnJ;1;"2004-09-25 00:00:00";"2004-09-25 23:59:59";16;743;20;10;0;<FLG>
V6155020;V615502001;HINnJ;1;"2004-09-26 00:00:00";"2004-09-26 23:59:59";16;741;20;10;0;<FLG>
V6155020;V615502001;HINnJ;1;"2004-09-27 00:00:00";"2004-09-27 23:59:59";16;738;20;10;0;<FLG>
V6155020;V615502001;HINnJ;1;"2004-09-28 00:00:00";"2004-09-28 23:59:59";16;737;20;10;0;<FLG>
V6155020;V615502001;HINnJ;1;"2004-09-29 00:00:00";"2004-09-29 23:59:59";16;736;20;10;0;<FLG>
V6155020;V615502001;HINnJ;1;"2004-09-30 00:00:00";"2004-09-30 23:01:00";16;735;20;10;0;<FLG>
V6155020;V615502001;HINnJ;1;"2004-10-01 00:00:00";"2004-10-01 00:00:00";16;735;20;10;0;<FLG>
V6155020;V615502001;HINnJ;1;"2004-10-02 00:00:00";"2004-10-02 00:00:00";16;735;20;10;0;<FLG>
V6155020;V615502001;HINnJ;1;"2004-10-03 00:00:00";"2004-10-03 00:00:00";16;735;20;10;0;<FLG>
V6155020;V615502001;HINnJ;1;"2004-10-04 00:00:00";"2004-10-04 00:00:00";16;735;20;10;0;<FLG>
V6155020;V615502001;HINnJ;1;"2004-10-05 00:00:00";"2004-10-05 23:59:59";16;734;20;10;0;<FLG>
V6155020;V615502001;HINnJ;1;"2004-10-06 00:00:00";"2004-10-06 18:12:00";16;733;20;10;0;<FLG>
V6155020;V615502001;HINnJ;1;"2004-10-07 00:00:00";"2004-10-07 23:59:59";16;733;20;10;0;<FLG>
V6155020;V615502001;HINnJ;1;"2004-10-08 00:00:00";"2004-10-08 23:59:59";16;731;20;10;0;<FLG>
V6155020;V615502001;HINnJ;1;"2004-10-09 00:00:00";"2004-10-09 23:59:59";16;731;20;10;0;<FLG>
V6155020;V615502001;HINnJ;1;"2004-10-10 00:00:00";"2004-10-10 23:59:59";16;730;20;10;0;<FLG>
V6155020;V615502001;HINnJ;1;"2004-10-11 00:00:00";"2004-10-11 22:58:00";16;725;20;10;0;<FLG>
V6155020;V615502001;HINnJ;1;"2004-10-12 00:00:00";"2004-10-12 00:00:00";16;725;20;10;0;<FLG>
V6155020;V615502001;HINnJ;1;"2004-10-13 00:00:00";"2004-10-13 23:59:59";16;723;20;10;0;<FLG>
V6155020;V615502001;HINnJ;1;"2004-10-14 00:00:00";"2004-10-14 23:59:59";16;722;20;10;0;<FLG>
V6155020;V615502001;HINnJ;1;"2004-10-15 00:00:00";"2004-10-15 03:51:00";16;722;20;10;0;<FLG>
V6155020;V615502001;HINnJ;1;"2004-10-16 00:00:00";"2004-10-16 00:00:00";16;723;20;10;0;<FLG>
V6155020;V615502001;HINnJ;1;"2004-10-17 00:00:00";"2004-10-17 23:59:59";16;723;20;10;0;<FLG>
V6155020;V615502001;HINnJ;1;"2004-10-18 00:00:00";"2004-10-18 18:36:00";16;719;20;10;0;<FLG>
V6155020;V615502001;HINnJ;1;"2004-10-19 00:00:00";"2004-10-19 00:00:00";16;719;20;10;0;<FLG>
V6155020;V615502001;HINnJ;1;"2004-10-20 00:00:00";"2004-10-20 09:43:00";16;719;20;10;0;<FLG>
V6155020;V615502001;HINnJ;1;"2004-10-21 00:00:00";"2004-10-21 23:59:59";16;717;20;10;0;<FLG>
V6155020;V615502001;HINnJ;1;"2004-10-22 00:00:00";"2004-10-22 18:41:00";16;715;20;10;0;<FLG>
V6155020;V615502001;HINnJ;1;"2004-10-23 00:00:00";"2004-10-23 00:00:00";16;715;20;10;0;<FLG>
V6155020;V615502001;HINnJ;1;"2004-10-24 00:00:00";"2004-10-24 23:59:59";16;715;20;10;0;<FLG>
V6155020;V615502001;HINnJ;1;"2004-10-25 00:00:00";"2004-10-25 23:59:59";16;711;20;10;0;<FLG>
V6155020;V615502001;HINnJ;1;"2004-10-26 00:00:00";"2004-10-26 00:38:00";16;711;20;10;0;<FLG>
V6155020;V615502001;HINnJ;1;"2004-10-27 00:00:00";"2004-10-27 00:00:00";16;747;20;10;0;<FLG>
V6155020;V615502001;HINnJ;1;"2004-10-28 00:00:00";"2004-10-28 06:08:00";16;779;20;10;0;<FLG>
V6155020;V615502001;HINnJ;1;"2004-10-29 00:00:00";"2004-10-29 00:00:00";16;969;20;10;0;<FLG>
V6155020;V615502001;HINnJ;1;"2004-10-30 00:00:00";"2004-10-30 00:00:00";16;1137;20;10;0;<FLG>
V6155020;V615502001;HINnJ;1;"2004-10-31 00:00:00";"2004-10-31 20:55:00";16;1219;20;10;0;<FLG>
V6155020;V615502001;HINnJ;1;"2004-11-01 00:00:00";"2004-11-01 02:11:00";16;1219;20;10;0;<FLG>
V6155020;V615502001;HINnJ;1;"2004-11-02 00:00:00";"2004-11-02 23:59:59";16;1312;20;10;0;<FLG>
V6155020;V615502001;HINnJ;1;"2004-11-03 00:00:00";"2004-11-03 23:59:59";16;1243;20;10;0;<FLG>
V6155020;V615502001;HINnJ;1;"2004-11-04 00:00:00";"2004-11-04 23:59:59";16;1196;20;10;0;<FLG>
V6155020;V615502001;HINnJ;1;"2004-11-05 00:00:00";"2004-11-05 23:59:59";16;1151;20;10;0;<FLG>
V6155020;V615502001;HINnJ;1;"2004-11-06 00:00:00";"2004-11-06 23:59:59";16;1125;20;10;0;<FLG>
V6155020;V615502001;HINnJ;1;"2004-11-07 00:00:00";"2004-11-07 23:59:59";16;1110;20;10;0;<FLG>
V6155020;V615502001;HINnJ;1;"2004-11-08 00:00:00";"2004-11-08 14:09:00";16;1089;20;10;0;<FLG>
V6155020;V615502001;HINnJ;1;"2004-11-09 00:00:00";"2004-11-09 18:32:00";16;1069;20;10;0;<FLG>
V6155020;V615502001;HINnJ;1;"2004-11-10 00:00:00";"2004-11-10 23:59:59";16;1051;20;10;0;<FLG>
V6155020;V615502001;HINnJ;1;"2004-11-11 00:00:00";"2004-11-11 23:59:59";16;1034;20;10;0;<FLG>
V6155020;V615502001;HINnJ;1;"2004-11-12 00:00:00";"2004-11-12 23:59:59";16;1017;20;10;0;<FLG>
V6155020;V615502001;HINnJ;1;"2004-11-13 00:00:00";"2004-11-13 11:56:00";16;1009;20;10;0;<FLG>
V6155020;V615502001;HINnJ;1;"2004-11-14 00:00:00";"2004-11-14 21:49:00";16;989;20;10;0;<FLG>
V6155020;V615502001;HINnJ;1;"2004-11-15 00:00:00";"2004-11-15 23:59:59";16;971;20;10;0;<FLG>
V6155020;V615502001;HINnJ;1;"2004-11-16 00:00:00";"2004-11-16 23:59:59";16;959;20;10;0;<FLG>
V6155020;V615502001;HINnJ;1;"2004-11-17 00:00:00";"2004-11-17 23:59:59";16;949;20;10;0;<FLG>
V6155020;V615502001;HINnJ;1;"2004-11-18 00:00:00";"2004-11-18 23:59:59";16;941;20;10;0;<FLG>
V6155020;V615502001;HINnJ;1;"2004-11-19 00:00:00";"2004-11-19 23:59:59";16;932;20;10;0;<FLG>
V6155020;V615502001;HINnJ;1;"2004-11-20 00:00:00";"2004-11-20 23:59:59";16;922;20;10;0;<FLG>
V6155020;V615502001;HINnJ;1;"2004-11-21 00:00:00";"2004-11-21 23:59:59";16;913;20;10;0;<FLG>
V6155020;V615502001;HINnJ;1;"2004-11-22 00:00:00";"2004-11-22 23:59:59";16;900;20;10;0;<FLG>
V6155020;V615502001;HINnJ;1;"2004-11-23 00:00:00";"2004-11-23 23:59:59";16;891;20;10;0;<FLG>
V6155020;V615502001;HINnJ;1;"2004-11-24 00:00:00";"2004-11-24 23:59:59";16;885;20;10;0;<FLG>
V6155020;V615502001;HINnJ;1;"2004-11-25 00:00:00";"2004-11-25 23:59:59";16;878;20;10;0;<FLG>
V6155020;V615502001;HINnJ;1;"2004-11-26 00:00:00";"2004-11-26 23:59:59";16;872;20;10;0;<FLG>
V6155020;V615502001;HINnJ;1;"2004-11-27 00:00:00";"2004-11-27 23:59:59";16;868;20;10;0;<FLG>
V6155020;V615502001;HINnJ;1;"2004-11-28 00:00:00";"2004-11-28 23:59:59";16;865;20;10;0;<FLG>
V6155020;V615502001;HINnJ;1;"2004-11-29 00:00:00";"2004-11-29 23:59:59";16;862;20;10;0;<FLG>
V6155020;V615502001;HINnJ;1;"2004-11-30 00:00:00";"2004-11-30 23:59:59";16;854;20;10;0;<FLG>
V6155020;V615502001;HINnJ;1;"2004-12-01 00:00:00";"2004-12-01 23:59:59";16;852;20;10;0;<FLG>
V6155020;V615502001;HINnJ;1;"2004-12-02 00:00:00";"2004-12-02 23:59:59";16;849;20;10;0;<FLG>
V6155020;V615502001;HINnJ;1;"2004-12-03 00:00:00";"2004-12-03 00:15:00";16;849;20;10;0;<FLG>
V6155020;V615502001;HINnJ;1;"2004-12-04 00:00:00";"2004-12-04 00:00:00";16;852;20;10;0;<FLG>
V6155020;V615502001;HINnJ;1;"2004-12-05 00:00:00";"2004-12-05 23:59:59";16;857;20;10;0;<FLG>
V6155020;V615502001;HINnJ;1;"2004-12-06 00:00:00";"2004-12-06 23:59:59";16;851;20;10;0;<FLG>
V6155020;V615502001;HINnJ;1;"2004-12-07 00:00:00";"2004-12-07 23:59:59";16;846;20;10;0;<FLG>
V6155020;V615502001;HINnJ;1;"2004-12-08 00:00:00";"2004-12-08 23:59:59";16;841;20;10;0;<FLG>
V6155020;V615502001;HINnJ;1;"2004-12-09 00:00:00";"2004-12-09 23:59:59";16;836;20;10;0;<FLG>
V6155020;V615502001;HINnJ;1;"2004-12-10 00:00:00";"2004-12-10 23:59:59";16;832;20;10;0;<FLG>
V6155020;V615502001;HINnJ;1;"2004-12-11 00:00:00";"2004-12-11 23:59:59";16;826;20;10;0;<FLG>
V6155020;V615502001;HINnJ;1;"2004-12-12 00:00:00";"2004-12-12 23:59:59";16;820;20;10;0;<FLG>
V6155020;V615502001;HINnJ;1;"2004-12-13 00:00:00";"2004-12-13 23:59:59";16;810;20;10;0;<FLG>
V6155020;V615502001;HINnJ;1;"2004-12-14 00:00:00";"2004-12-14 23:59:59";16;806;20;10;0;<FLG>
V6155020;V615502001;HINnJ;1;"2004-12-15 00:00:00";"2004-12-15 23:59:59";16;803;20;10;0;<FLG>
V6155020;V615502001;HINnJ;1;"2004-12-16 00:00:00";"2004-12-16 15:53:00";16;802;20;10;0;<FLG>
V6155020;V615502001;HINnJ;1;"2004-12-17 00:00:00";"2004-12-17 23:59:59";16;801;20;10;0;<FLG>
V6155020;V615502001;HINnJ;1;"2004-12-18 00:00:00";"2004-12-18 10:13:00";16;799;20;10;0;<FLG>
V6155020;V615502001;HINnJ;1;"2004-12-19 00:00:00";"2004-12-19 03:09:00";16;799;20;10;0;<FLG>
V6155020;V615502001;HINnJ;1;"2004-12-20 00:00:00";"2004-12-20 00:00:00";16;802;20;10;0;<FLG>
V6155020;V615502001;HINnJ;1;"2004-12-21 00:00:00";"2004-12-21 00:00:00";16;806;20;10;0;<FLG>
V6155020;V615502001;HINnJ;1;"2004-12-22 00:00:00";"2004-12-22 10:15:00";16;808;20;10;0;<FLG>
V6155020;V615502001;HINnJ;1;"2004-12-23 00:00:00";"2004-12-23 00:00:00";16;810;20;10;0;<FLG>
V6155020;V615502001;HINnJ;1;"2004-12-24 00:00:00";"2004-12-24 00:21:00";16;815;20;10;0;<FLG>
V6155020;V615502001;HINnJ;1;"2004-12-25 00:00:00";"2004-12-25 00:00:00";16;816;20;10;0;<FLG>
V6155020;V615502001;HINnJ;1;"2004-12-26 00:00:00";"2004-12-26 00:00:00";16;818;20;10;0;<FLG>
V6155020;V615502001;HINnJ;1;"2004-12-27 00:00:00";"2004-12-27 00:00:00";16;905;20;10;0;<FLG>
V6155020;V615502001;HINnJ;1;"2004-12-28 00:00:00";"2004-12-28 00:00:00";16;939;20;10;0;<FLG>
V6155020;V615502001;HINnJ;1;"2004-12-29 00:00:00";"2004-12-29 23:59:59";16;929;20;10;0;<FLG>
V6155020;V615502001;HINnJ;1;"2004-12-30 00:00:00";"2004-12-30 23:59:59";16;917;20;10;0;<FLG>
V6155020;V615502001;HINnJ;1;"2004-12-31 00:00:00";"2004-12-31 23:59:59";16;908;20;10;0;<FLG>
V6155020;V615502001;HINnJ;1;"2005-01-01 00:00:00";"2005-01-01 23:59:59";16;901;20;10;0;<FLG>
V6155020;V615502001;HINnJ;1;"2005-01-02 00:00:00";"2005-01-02 22:59:00";16;895;20;10;0;<FLG>
V6155020;V615502001;HINnJ;1;"2005-01-03 00:00:00";"2005-01-03 00:00:00";16;895;20;10;0;<FLG>
V6155020;V615502001;HINnJ;1;"2005-01-04 00:00:00";"2005-01-04 00:00:00";16;903;20;10;0;<FLG>
V6155020;V615502001;HINnJ;1;"2005-01-05 00:00:00";"2005-01-05 23:59:59";16;905;20;10;0;<FLG>
V6155020;V615502001;HINnJ;1;"2005-01-06 00:00:00";"2005-01-06 23:59:59";16;901;20;10;0;<FLG>
V6155020;V615502001;HINnJ;1;"2005-01-07 00:00:00";"2005-01-07 11:12:00";16;900;20;10;0;<FLG>
V6155020;V615502001;HINnJ;1;"2005-01-08 00:00:00";"2005-01-08 00:00:00";16;903;20;10;0;<FLG>
V6155020;V615502001;HINnJ;1;"2005-01-09 00:00:00";"2005-01-09 23:59:59";16;906;20;10;0;<FLG>
V6155020;V615502001;HINnJ;1;"2005-01-10 00:00:00";"2005-01-10 23:59:59";16;905;20;10;0;<FLG>
V6155020;V615502001;HINnJ;1;"2005-01-11 00:00:00";"2005-01-11 23:59:59";16;900;20;10;0;<FLG>
V6155020;V615502001;HINnJ;1;"2005-01-12 00:00:00";"2005-01-12 23:59:59";16;896;20;10;0;<FLG>
V6155020;V615502001;HINnJ;1;"2005-01-13 00:00:00";"2005-01-13 23:59:59";16;892;20;10;0;<FLG>
V6155020;V615502001;HINnJ;1;"2005-01-14 00:00:00";"2005-01-14 23:59:59";16;885;20;10;0;<FLG>
V6155020;V615502001;HINnJ;1;"2005-01-15 00:00:00";"2005-01-15 23:59:59";16;879;20;10;0;<FLG>
V6155020;V615502001;HINnJ;1;"2005-01-16 00:00:00";"2005-01-16 23:59:59";16;867;20;10;0;<FLG>
V6155020;V615502001;HINnJ;1;"2005-01-17 00:00:00";"2005-01-17 23:59:59";16;862;20;10;0;<FLG>
V6155020;V615502001;HINnJ;1;"2005-01-18 00:00:00";"2005-01-18 23:59:59";16;859;20;10;0;<FLG>
V6155020;V615502001;HINnJ;1;"2005-01-19 00:00:00";"2005-01-19 23:59:59";16;856;20;10;0;<FLG>
V6155020;V615502001;HINnJ;1;"2005-01-20 00:00:00";"2005-01-20 23:59:59";16;853;20;10;0;<FLG>
V6155020;V615502001;HINnJ;1;"2005-01-21 00:00:00";"2005-01-21 22:18:00";16;850;20;10;0;<FLG>
V6155020;V615502001;HINnJ;1;"2005-01-22 00:00:00";"2005-01-22 00:00:00";16;850;20;10;0;<FLG>
V6155020;V615502001;HINnJ;1;"2005-01-23 00:00:00";"2005-01-23 00:00:00";16;855;20;10;0;<FLG>
V6155020;V615502001;HINnJ;1;"2005-01-24 00:00:00";"2005-01-24 00:00:00";16;866;20;10;0;<FLG>
V6155020;V615502001;HINnJ;1;"2005-01-25 00:00:00";"2005-01-25 00:00:00";16;876;20;10;0;<FLG>
V6155020;V615502001;HINnJ;1;"2005-01-26 00:00:00";"2005-01-26 23:59:59";16;878;20;10;0;<FLG>
V6155020;V615502001;HINnJ;1;"2005-01-27 00:00:00";"2005-01-27 23:59:59";16;872;20;10;0;<FLG>
V6155020;V615502001;HINnJ;1;"2005-01-28 00:00:00";"2005-01-28 23:59:59";16;866;20;10;0;<FLG>
V6155020;V615502001;HINnJ;1;"2005-01-29 00:00:00";"2005-01-29 23:59:59";16;859;20;10;0;<FLG>
V6155020;V615502001;HINnJ;1;"2005-01-30 00:00:00";"2005-01-30 23:59:59";16;849;20;10;0;<FLG>
V6155020;V615502001;HINnJ;1;"2005-01-31 00:00:00";"2005-01-31 23:59:59";16;843;20;10;0;<FLG>
V6155020;V615502001;HINnJ;1;"2005-02-01 00:00:00";"2005-02-01 23:59:59";16;842;20;10;0;<FLG>
V6155020;V615502001;HINnJ;1;"2005-02-02 00:00:00";"2005-02-02 23:59:59";16;827;20;10;0;<FLG>
V6155020;V615502001;HINnJ;1;"2005-02-03 00:00:00";"2005-02-03 23:59:59";16;822;20;10;0;<FLG>
V6155020;V615502001;HINnJ;1;"2005-02-04 00:00:00";"2005-02-04 23:59:59";16;817;20;10;0;<FLG>
V6155020;V615502001;HINnJ;1;"2005-02-05 00:00:00";"2005-02-05 23:59:59";16;813;20;10;0;<FLG>
V6155020;V615502001;HINnJ;1;"2005-02-06 00:00:00";"2005-02-06 23:59:59";16;809;20;10;0;<FLG>
V6155020;V615502001;HINnJ;1;"2005-02-07 00:00:00";"2005-02-07 23:59:59";16;805;20;10;0;<FLG>
V6155020;V615502001;HINnJ;1;"2005-02-08 00:00:00";"2005-02-08 23:59:59";16;802;20;10;0;<FLG>
V6155020;V615502001;HINnJ;1;"2005-02-09 00:00:00";"2005-02-09 23:59:59";16;798;20;10;0;<FLG>
V6155020;V615502001;HINnJ;1;"2005-02-10 00:00:00";"2005-02-10 23:59:59";16;795;20;10;0;<FLG>
V6155020;V615502001;HINnJ;1;"2005-02-11 00:00:00";"2005-02-11 12:36:00";16;793;20;10;0;<FLG>
V6155020;V615502001;HINnJ;1;"2005-02-12 00:00:00";"2005-02-12 18:14:00";16;793;20;10;0;<FLG>
V6155020;V615502001;HINnJ;1;"2005-02-13 00:00:00";"2005-02-13 00:00:00";16;794;20;10;0;<FLG>
V6155020;V615502001;HINnJ;1;"2005-02-14 00:00:00";"2005-02-14 00:00:00";16;796;20;10;0;<FLG>
V6155020;V615502001;HINnJ;1;"2005-02-15 00:00:00";"2005-02-15 23:59:59";16;790;20;10;0;<FLG>
V6155020;V615502001;HINnJ;1;"2005-02-16 00:00:00";"2005-02-16 23:59:59";16;787;20;10;0;<FLG>
V6155020;V615502001;HINnJ;1;"2005-02-17 00:00:00";"2005-02-17 23:59:59";16;782;20;10;0;<FLG>
V6155020;V615502001;HINnJ;1;"2005-02-18 00:00:00";"2005-02-18 23:59:59";16;778;20;10;0;<FLG>
V6155020;V615502001;HINnJ;1;"2005-02-19 00:00:00";"2005-02-19 23:59:59";16;776;20;10;0;<FLG>
V6155020;V615502001;HINnJ;1;"2005-02-20 00:00:00";"2005-02-20 22:59:00";16;775;20;10;0;<FLG>
V6155020;V615502001;HINnJ;1;"2005-02-21 00:00:00";"2005-02-21 00:00:00";16;775;20;10;0;<FLG>
V6155020;V615502001;HINnJ;1;"2005-02-22 00:00:00";"2005-02-22 23:59:59";16;769;20;10;0;<FLG>
V6155020;V615502001;HINnJ;1;"2005-02-23 00:00:00";"2005-02-23 23:59:59";16;765;20;10;0;<FLG>
V6155020;V615502001;HINnJ;1;"2005-02-24 00:00:00";"2005-02-24 23:59:59";16;762;20;10;0;<FLG>
V6155020;V615502001;HINnJ;1;"2005-02-25 00:00:00";"2005-02-25 23:59:59";16;761;20;10;0;<FLG>
V6155020;V615502001;HINnJ;1;"2005-02-26 00:00:00";"2005-02-26 23:59:59";16;759;20;10;0;<FLG>
V6155020;V615502001;HINnJ;1;"2005-02-27 00:00:00";"2005-02-27 23:59:59";16;759;20;10;0;<FLG>
V6155020;V615502001;HINnJ;1;"2005-02-28 00:00:00";"2005-02-28 23:59:59";16;758;20;10;0;<FLG>
V6155020;V615502001;HINnJ;1;"2005-03-01 00:00:00";"2005-03-01 23:59:59";16;751;20;10;0;<FLG>
V6155020;V615502001;HINnJ;1;"2005-03-02 00:00:00";"2005-03-02 09:48:00";16;750;20;10;0;<FLG>
V6155020;V615502001;HINnJ;1;"2005-03-03 00:00:00";"2005-03-03 23:59:59";16;749;20;10;0;<FLG>
V6155020;V615502001;HINnJ;1;"2005-03-04 00:00:00";"2005-03-04 23:59:59";16;748;20;10;0;<FLG>
V6155020;V615502001;HINnJ;1;"2005-03-05 00:00:00";"2005-03-05 23:59:59";16;748;20;10;0;<FLG>
V6155020;V615502001;HINnJ;1;"2005-03-06 00:00:00";"2005-03-06 19:11:00";16;746;20;10;0;<FLG>
V6155020;V615502001;HINnJ;1;"2005-03-07 00:00:00";"2005-03-07 13:47:00";16;740;20;10;0;<FLG>
V6155020;V615502001;HINnJ;1;"2005-03-08 00:00:00";"2005-03-08 23:59:59";16;739;20;10;0;<FLG>
V6155020;V615502001;HINnJ;1;"2005-03-09 00:00:00";"2005-03-09 09:50:00";16;739;20;10;0;<FLG>
V6155020;V615502001;HINnJ;1;"2005-03-10 00:00:00";"2005-03-10 23:59:59";16;734;20;10;0;<FLG>
V6155020;V615502001;HINnJ;1;"2005-03-11 00:00:00";"2005-03-11 04:10:00";16;733;20;10;0;<FLG>
V6155020;V615502001;HINnJ;1;"2005-03-12 00:00:00";"2005-03-12 00:00:00";16;734;20;10;0;<FLG>
V6155020;V615502001;HINnJ;1;"2005-03-13 00:00:00";"2005-03-13 15:26:00";16;734;20;10;0;<FLG>
V6155020;V615502001;HINnJ;1;"2005-03-14 00:00:00";"2005-03-14 23:59:59";16;732;20;10;0;<FLG>
V6155020;V615502001;HINnJ;1;"2005-03-15 00:00:00";"2005-03-15 20:09:00";16;730;20;10;0;<FLG>
V6155020;V615502001;HINnJ;1;"2005-03-16 00:00:00";"2005-03-16 09:48:00";16;730;20;10;0;<FLG>
V6155020;V615502001;HINnJ;1;"2005-03-17 00:00:00";"2005-03-17 11:12:00";16;730;20;10;0;<FLG>
V6155020;V615502001;HINnJ;1;"2005-03-18 00:00:00";"2005-03-18 00:00:00";16;730;20;10;0;<FLG>
V6155020;V615502001;HINnJ;1;"2005-03-19 00:00:00";"2005-03-19 00:00:00";16;734;20;10;0;<FLG>
V6155020;V615502001;HINnJ;1;"2005-03-20 00:00:00";"2005-03-20 00:00:00";16;739;20;10;0;<FLG>
V6155020;V615502001;HINnJ;1;"2005-03-21 00:00:00";"2005-03-21 00:00:00";16;744;20;10;0;<FLG>
V6155020;V615502001;HINnJ;1;"2005-03-22 00:00:00";"2005-03-22 00:00:00";16;746;20;10;0;<FLG>
V6155020;V615502001;HINnJ;1;"2005-03-23 00:00:00";"2005-03-23 00:00:00";16;748;20;10;0;<FLG>
V6155020;V615502001;HINnJ;1;"2005-03-24 00:00:00";"2005-03-24 00:00:00";16;761;20;10;0;<FLG>
V6155020;V615502001;HINnJ;1;"2005-03-25 00:00:00";"2005-03-25 00:00:00";16;764;20;10;0;<FLG>
V6155020;V615502001;HINnJ;1;"2005-03-26 00:00:00";"2005-03-26 00:00:00";16;781;20;10;0;<FLG>
V6155020;V615502001;HINnJ;1;"2005-03-27 00:00:00";"2005-03-27 13:16:00";16;790;20;10;0;<FLG>
V6155020;V615502001;HINnJ;1;"2005-03-28 00:00:00";"2005-03-28 00:00:00";16;801;20;10;0;<FLG>
V6155020;V615502001;HINnJ;1;"2005-03-29 00:00:00";"2005-03-29 00:00:00";16;828;20;10;0;<FLG>
V6155020;V615502001;HINnJ;1;"2005-03-30 00:00:00";"2005-03-30 09:50:00";16;831;20;10;0;<FLG>
V6155020;V615502001;HINnJ;1;"2005-03-31 00:00:00";"2005-03-31 23:59:59";16;826;20;10;0;<FLG>
V6155020;V615502001;HINnJ;1;"2005-04-01 00:00:00";"2005-04-01 23:59:59";16;820;20;10;0;<FLG>
V6155020;V615502001;HINnJ;1;"2005-04-02 00:00:00";"2005-04-02 23:59:59";16;816;20;10;0;<FLG>
V6155020;V615502001;HINnJ;1;"2005-04-03 00:00:00";"2005-04-03 23:59:59";16;804;20;10;0;<FLG>
V6155020;V615502001;HINnJ;1;"2005-04-04 00:00:00";"2005-04-04 23:59:59";16;800;20;10;0;<FLG>
V6155020;V615502001;HINnJ;1;"2005-04-05 00:00:00";"2005-04-05 23:59:59";16;794;20;10;0;<FLG>
V6155020;V615502001;HINnJ;1;"2005-04-06 00:00:00";"2005-04-06 11:10:00";16;792;20;10;0;<FLG>
V6155020;V615502001;HINnJ;1;"2005-04-07 00:00:00";"2005-04-07 23:59:59";16;792;20;10;0;<FLG>
V6155020;V615502001;HINnJ;1;"2005-04-08 00:00:00";"2005-04-08 01:16:00";16;792;20;10;0;<FLG>
V6155020;V615502001;HINnJ;1;"2005-04-09 00:00:00";"2005-04-09 00:00:00";16;799;20;10;0;<FLG>
V6155020;V615502001;HINnJ;1;"2005-04-10 00:00:00";"2005-04-10 00:00:00";16;815;20;10;0;<FLG>
V6155020;V615502001;HINnJ;1;"2005-04-11 00:00:00";"2005-04-11 11:41:00";16;832;20;10;0;<FLG>
V6155020;V615502001;HINnJ;1;"2005-04-12 00:00:00";"2005-04-12 00:00:00";16;833;20;10;0;<FLG>
V6155020;V615502001;HINnJ;1;"2005-04-13 00:00:00";"2005-04-13 23:59:59";16;833;20;10;0;<FLG>
V6155020;V615502001;HINnJ;1;"2005-04-14 00:00:00";"2005-04-14 23:59:59";16;831;20;10;0;<FLG>
V6155020;V615502001;HINnJ;1;"2005-04-15 00:00:00";"2005-04-15 13:03:00";16;830;20;10;0;<FLG>
V6155020;V615502001;HINnJ;1;"2005-04-16 00:00:00";"2005-04-16 00:00:00";16;836;20;10;0;<FLG>
V6155020;V615502001;HINnJ;1;"2005-04-17 00:00:00";"2005-04-17 00:00:00";16;1045;20;10;0;<FLG>
V6155020;V615502001;HINnJ;1;"2005-04-18 00:00:00";"2005-04-18 00:00:00";16;1108;20;10;0;<FLG>
V6155020;V615502001;HINnJ;1;"2005-04-19 00:00:00";"2005-04-19 00:00:00";16;1146;20;10;0;<FLG>
V6155020;V615502001;HINnJ;1;"2005-04-20 00:00:00";"2005-04-20 00:00:00";16;1250;20;10;0;<FLG>
V6155020;V615502001;HINnJ;1;"2005-04-21 00:00:00";"2005-04-21 23:59:59";16;1265;20;10;0;<FLG>
V6155020;V615502001;HINnJ;1;"2005-04-22 00:00:00";"2005-04-22 23:59:59";16;1230;20;10;0;<FLG>
V6155020;V615502001;HINnJ;1;"2005-04-23 00:00:00";"2005-04-23 23:59:59";16;1205;20;10;0;<FLG>
V6155020;V615502001;HINnJ;1;"2005-04-24 00:00:00";"2005-04-24 23:59:59";16;1176;20;10;0;<FLG>
V6155020;V615502001;HINnJ;1;"2005-04-25 00:00:00";"2005-04-25 07:27:00";16;1167;20;10;0;<FLG>
V6155020;V615502001;HINnJ;1;"2005-04-26 00:00:00";"2005-04-26 23:59:59";16;1166;20;10;0;<FLG>
V6155020;V615502001;HINnJ;1;"2005-04-27 00:00:00";"2005-04-27 23:59:59";16;1161;20;10;0;<FLG>
V6155020;V615502001;HINnJ;1;"2005-04-28 00:00:00";"2005-04-28 23:59:59";16;1155;20;10;0;<FLG>
V6155020;V615502001;HINnJ;1;"2005-04-29 00:00:00";"2005-04-29 23:59:59";16;1143;20;10;0;<FLG>
V6155020;V615502001;HINnJ;1;"2005-04-30 00:00:00";"2005-04-30 10:34:00";16;1137;20;10;0;<FLG>
V6155020;V615502001;HINnJ;1;"2005-05-01 00:00:00";"2005-05-01 23:59:59";16;1127;20;10;0;<FLG>
V6155020;V615502001;HINnJ;1;"2005-05-02 00:00:00";"2005-05-02 10:50:00";16;1117;20;10;0;<FLG>
V6155020;V615502001;HINnJ;1;"2005-05-03 00:00:00";"2005-05-03 20:42:00";16;1107;20;10;0;<FLG>
V6155020;V615502001;HINnJ;1;"2005-05-04 00:00:00";"2005-05-04 22:06:00";16;1098;20;10;0;<FLG>
V6155020;V615502001;HINnJ;1;"2005-05-05 00:00:00";"2005-05-05 23:30:00";16;1088;20;10;0;<FLG>
V6155020;V615502001;HINnJ;1;"2005-05-06 00:00:00";"2005-05-06 12:10:00";16;1078;20;10;0;<FLG>
V6155020;V615502001;HINnJ;1;"2005-05-07 00:00:00";"2005-05-07 09:22:00";16;1068;20;10;0;<FLG>
V6155020;V615502001;HINnJ;1;"2005-05-08 00:00:00";"2005-05-08 10:46:00";16;1058;20;10;0;<FLG>
V6155020;V615502001;HINnJ;1;"2005-05-09 00:00:00";"2005-05-09 12:41:00";16;1048;20;10;0;<FLG>
V6155020;V615502001;HINnJ;1;"2005-05-10 00:00:00";"2005-05-10 14:05:00";16;1038;20;10;0;<FLG>
V6155020;V615502001;HINnJ;1;"2005-05-11 00:00:00";"2005-05-11 11:15:00";16;1028;20;10;0;<FLG>
V6155020;V615502001;HINnJ;1;"2005-05-12 00:00:00";"2005-05-12 12:39:00";16;1018;20;10;0;<FLG>
V6155020;V615502001;HINnJ;1;"2005-05-13 00:00:00";"2005-05-13 14:03:00";16;1008;20;10;0;<FLG>
V6155020;V615502001;HINnJ;1;"2005-05-14 00:00:00";"2005-05-14 23:59:59";16;999;20;10;0;<FLG>
V6155020;V615502001;HINnJ;1;"2005-05-15 00:00:00";"2005-05-15 00:13:00";16;998;20;10;0;<FLG>
V6155020;V615502001;HINnJ;1;"2005-05-16 00:00:00";"2005-05-16 23:59:59";16;986;20;10;0;<FLG>
V6155020;V615502001;HINnJ;1;"2005-05-17 00:00:00";"2005-05-17 10:27:00";16;985;20;10;0;<FLG>
V6155020;V615502001;HINnJ;1;"2005-05-18 00:00:00";"2005-05-18 00:43:00";16;1009;20;10;0;<FLG>
V6155020;V615502001;HINnJ;1;"2005-05-19 00:00:00";"2005-05-19 00:00:00";16;1039;20;10;0;<FLG>
V6155020;V615502001;HINnJ;1;"2005-05-20 00:00:00";"2005-05-20 00:00:00";16;1039;20;10;0;<FLG>
V6155020;V615502001;HINnJ;1;"2005-05-21 00:00:00";"2005-05-21 23:59:59";16;1034;20;10;0;<FLG>
V6155020;V615502001;HINnJ;1;"2005-05-22 00:00:00";"2005-05-22 02:07:00";16;1029;20;10;0;<FLG>
V6155020;V615502001;HINnJ;1;"2005-05-23 00:00:00";"2005-05-23 08:27:00";16;1019;20;10;0;<FLG>
V6155020;V615502001;HINnJ;1;"2005-05-24 00:00:00";"2005-05-24 09:51:00";16;1009;20;10;0;<FLG>
V6155020;V615502001;HINnJ;1;"2005-05-25 00:00:00";"2005-05-25 11:22:00";16;999;20;10;0;<FLG>
V6155020;V615502001;HINnJ;1;"2005-05-26 00:00:00";"2005-05-26 13:42:00";16;989;20;10;0;<FLG>
V6155020;V615502001;HINnJ;1;"2005-05-27 00:00:00";"2005-05-27 23:59:59";16;981;20;10;0;<FLG>
V6155020;V615502001;HINnJ;1;"2005-05-28 00:00:00";"2005-05-28 23:59:59";16;971;20;10;0;<FLG>
V6155020;V615502001;HINnJ;1;"2005-05-29 00:00:00";"2005-05-29 23:59:59";16;962;20;10;0;<FLG>
V6155020;V615502001;HINnJ;1;"2005-05-30 00:00:00";"2005-05-30 23:59:59";16;956;20;10;0;<FLG>
V6155020;V615502001;HINnJ;1;"2005-05-31 00:00:00";"2005-05-31 23:59:59";16;950;20;10;0;<FLG>
V6155020;V615502001;HINnJ;1;"2005-06-01 00:00:00";"2005-06-01 23:59:59";16;943;20;10;0;<FLG>
V6155020;V615502001;HINnJ;1;"2005-06-02 00:00:00";"2005-06-02 23:59:59";16;934;20;10;0;<FLG>
V6155020;V615502001;HINnJ;1;"2005-06-03 00:00:00";"2005-06-03 23:59:59";16;922;20;10;0;<FLG>
V6155020;V615502001;HINnJ;1;"2005-06-04 00:00:00";"2005-06-04 23:59:59";16;912;20;10;0;<FLG>
V6155020;V615502001;HINnJ;1;"2005-06-05 00:00:00";"2005-06-05 23:59:59";16;905;20;10;0;<FLG>
V6155020;V615502001;HINnJ;1;"2005-06-06 00:00:00";"2005-06-06 23:59:59";16;900;20;10;0;<FLG>
V6155020;V615502001;HINnJ;1;"2005-06-07 00:00:00";"2005-06-07 23:59:59";16;894;20;10;0;<FLG>
V6155020;V615502001;HINnJ;1;"2005-06-08 00:00:00";"2005-06-08 23:59:59";16;888;20;10;0;<FLG>
V6155020;V615502001;HINnJ;1;"2005-06-09 00:00:00";"2005-06-09 23:59:59";16;883;20;10;0;<FLG>
V6155020;V615502001;HINnJ;1;"2005-06-10 00:00:00";"2005-06-10 23:59:59";16;878;20;10;0;<FLG>
V6155020;V615502001;HINnJ;1;"2005-06-11 00:00:00";"2005-06-11 23:59:59";16;873;20;10;0;<FLG>
V6155020;V615502001;HINnJ;1;"2005-06-12 00:00:00";"2005-06-12 23:59:59";16;867;20;10;0;<FLG>
V6155020;V615502001;HINnJ;1;"2005-06-13 00:00:00";"2005-06-13 23:59:59";16;862;20;10;0;<FLG>
V6155020;V615502001;HINnJ;1;"2005-06-14 00:00:00";"2005-06-14 23:59:59";16;856;20;10;0;<FLG>
V6155020;V615502001;HINnJ;1;"2005-06-15 00:00:00";"2005-06-15 23:59:59";16;852;20;10;0;<FLG>
V6155020;V615502001;HINnJ;1;"2005-06-16 00:00:00";"2005-06-16 23:59:59";16;848;20;10;0;<FLG>
V6155020;V615502001;HINnJ;1;"2005-06-17 00:00:00";"2005-06-17 23:59:59";16;845;20;10;0;<FLG>
V6155020;V615502001;HINnJ;1;"2005-06-18 00:00:00";"2005-06-18 23:59:59";16;841;20;10;0;<FLG>
V6155020;V615502001;HINnJ;1;"2005-06-19 00:00:00";"2005-06-19 23:59:59";16;838;20;10;0;<FLG>
V6155020;V615502001;HINnJ;1;"2005-06-20 00:00:00";"2005-06-20 23:59:59";16;834;20;10;0;<FLG>
V6155020;V615502001;HINnJ;1;"2005-06-21 00:00:00";"2005-06-21 23:59:59";16;831;20;10;0;<FLG>
V6155020;V615502001;HINnJ;1;"2005-06-22 00:00:00";"2005-06-22 23:59:59";16;828;20;10;0;<FLG>
V6155020;V615502001;HINnJ;1;"2005-06-23 00:00:00";"2005-06-23 23:59:59";16;825;20;10;0;<FLG>
V6155020;V615502001;HINnJ;1;"2005-06-24 00:00:00";"2005-06-24 23:59:59";16;822;20;10;0;<FLG>
V6155020;V615502001;HINnJ;1;"2005-06-25 00:00:00";"2005-06-25 23:59:59";16;819;20;10;0;<FLG>
V6155020;V615502001;HINnJ;1;"2005-06-26 00:00:00";"2005-06-26 23:59:59";16;816;20;10;0;<FLG>
V6155020;V615502001;HINnJ;1;"2005-06-27 00:00:00";"2005-06-27 23:59:59";16;812;20;10;0;<FLG>
V6155020;V615502001;HINnJ;1;"2005-06-28 00:00:00";"2005-06-28 23:59:59";16;809;20;10;0;<FLG>
V6155020;V615502001;HINnJ;1;"2005-06-29 00:00:00";"2005-06-29 23:59:59";16;806;20;10;0;<FLG>
V6155020;V615502001;HINnJ;1;"2005-06-30 00:00:00";"2005-06-30 23:59:59";16;803;20;10;0;<FLG>
V6155020;V615502001;HINnJ;1;"2005-07-01 00:00:00";"2005-07-01 23:59:59";16;800;20;10;0;<FLG>
V6155020;V615502001;HINnJ;1;"2005-07-02 00:00:00";"2005-07-02 23:59:59";16;797;20;10;0;<FLG>
V6155020;V615502001;HINnJ;1;"2005-07-03 00:00:00";"2005-07-03 23:59:59";16;793;20;10;0;<FLG>
V6155020;V615502001;HINnJ;1;"2005-07-04 00:00:00";"2005-07-04 23:59:59";16;790;20;10;0;<FLG>
V6155020;V615502001;HINnJ;1;"2005-07-05 00:00:00";"2005-07-05 23:59:59";16;787;20;10;0;<FLG>
V6155020;V615502001;HINnJ;1;"2005-07-06 00:00:00";"2005-07-06 23:59:59";16;784;20;10;0;<FLG>
V6155020;V615502001;HINnJ;1;"2005-07-07 00:00:00";"2005-07-07 23:59:59";16;781;20;10;0;<FLG>
V6155020;V615502001;HINnJ;1;"2005-07-08 00:00:00";"2005-07-08 23:59:59";16;779;20;10;0;<FLG>
V6155020;V615502001;HINnJ;1;"2005-07-09 00:00:00";"2005-07-09 23:59:59";16;777;20;10;0;<FLG>
V6155020;V615502001;HINnJ;1;"2005-07-10 00:00:00";"2005-07-10 23:59:59";16;774;20;10;0;<FLG>
V6155020;V615502001;HINnJ;1;"2005-07-11 00:00:00";"2005-07-11 23:59:59";16;772;20;10;0;<FLG>
V6155020;V615502001;HINnJ;1;"2005-07-12 00:00:00";"2005-07-12 23:59:59";16;770;20;10;0;<FLG>
V6155020;V615502001;HINnJ;1;"2005-07-13 00:00:00";"2005-07-13 23:59:59";16;768;20;10;0;<FLG>
V6155020;V615502001;HINnJ;1;"2005-07-14 00:00:00";"2005-07-14 23:59:59";16;765;20;10;0;<FLG>
V6155020;V615502001;HINnJ;1;"2005-07-15 00:00:00";"2005-07-15 23:59:59";16;763;20;10;0;<FLG>
V6155020;V615502001;HINnJ;1;"2005-07-16 00:00:00";"2005-07-16 23:59:59";16;761;20;10;0;<FLG>
V6155020;V615502001;HINnJ;1;"2005-07-17 00:00:00";"2005-07-17 23:59:59";16;759;20;10;0;<FLG>
V6155020;V615502001;HINnJ;1;"2005-07-18 00:00:00";"2005-07-18 23:59:59";16;757;20;10;0;<FLG>
V6155020;V615502001;HINnJ;1;"2005-07-19 00:00:00";"2005-07-19 23:59:59";16;755;20;10;0;<FLG>
V6155020;V615502001;HINnJ;1;"2005-07-20 00:00:00";"2005-07-20 23:59:59";16;753;20;10;0;<FLG>
V6155020;V615502001;HINnJ;1;"2005-07-21 00:00:00";"2005-07-21 23:59:59";16;752;20;10;0;<FLG>
V6155020;V615502001;HINnJ;1;"2005-07-22 00:00:00";"2005-07-22 23:59:59";16;750;20;10;0;<FLG>
V6155020;V615502001;HINnJ;1;"2005-07-23 00:00:00";"2005-07-23 23:59:59";16;748;20;10;0;<FLG>
V6155020;V615502001;HINnJ;1;"2005-07-24 00:00:00";"2005-07-24 23:59:59";16;746;20;10;0;<FLG>
V6155020;V615502001;HINnJ;1;"2005-07-25 00:00:00";"2005-07-25 23:59:59";16;745;20;10;0;<FLG>
V6155020;V615502001;HINnJ;1;"2005-07-26 00:00:00";"2005-07-26 23:59:59";16;743;20;10;0;<FLG>
V6155020;V615502001;HINnJ;1;"2005-07-27 00:00:00";"2005-07-27 23:59:59";16;742;20;10;0;<FLG>
V6155020;V615502001;HINnJ;1;"2005-07-28 00:00:00";"2005-07-28 23:59:59";16;740;20;10;0;<FLG>
V6155020;V615502001;HINnJ;1;"2005-07-29 00:00:00";"2005-07-29 23:59:59";16;738;20;10;0;<FLG>
V6155020;V615502001;HINnJ;1;"2005-07-30 00:00:00";"2005-07-30 23:59:59";16;737;20;10;0;<FLG>
V6155020;V615502001;HINnJ;1;"2005-07-31 00:00:00";"2005-07-31 23:59:59";16;735;20;10;0;<FLG>
V6155020;V615502001;HINnJ;1;"2005-08-01 00:00:00";"2005-08-01 23:59:59";16;733;20;10;0;<FLG>
V6155020;V615502001;HINnJ;1;"2005-08-02 00:00:00";"2005-08-02 23:59:59";16;731;20;10;0;<FLG>
V6155020;V615502001;HINnJ;1;"2005-08-03 00:00:00";"2005-08-03 23:59:59";16;729;20;10;0;<FLG>
V6155020;V615502001;HINnJ;1;"2005-08-04 00:00:00";"2005-08-04 23:59:59";16;728;20;10;0;<FLG>
V6155020;V615502001;HINnJ;1;"2005-08-05 00:00:00";"2005-08-05 23:59:59";16;726;20;10;0;<FLG>
V6155020;V615502001;HINnJ;1;"2005-08-06 00:00:00";"2005-08-06 23:59:59";16;724;20;10;0;<FLG>
V6155020;V615502001;HINnJ;1;"2005-08-07 00:00:00";"2005-08-07 23:59:59";16;723;20;10;0;<FLG>
V6155020;V615502001;HINnJ;1;"2005-08-08 00:00:00";"2005-08-08 23:59:59";16;721;20;10;0;<FLG>
V6155020;V615502001;HINnJ;1;"2005-08-09 00:00:00";"2005-08-09 23:59:59";16;720;20;10;0;<FLG>
V6155020;V615502001;HINnJ;1;"2005-08-10 00:00:00";"2005-08-10 23:59:59";16;719;20;10;0;<FLG>
V6155020;V615502001;HINnJ;1;"2005-08-11 00:00:00";"2005-08-11 23:59:59";16;717;20;10;0;<FLG>
V6155020;V615502001;HINnJ;1;"2005-08-12 00:00:00";"2005-08-12 23:59:59";16;716;20;10;0;<FLG>
V6155020;V615502001;HINnJ;1;"2005-08-13 00:00:00";"2005-08-13 23:59:59";16;714;20;10;0;<FLG>
V6155020;V615502001;HINnJ;1;"2005-08-14 00:00:00";"2005-08-14 23:59:59";16;713;20;10;0;<FLG>
V6155020;V615502001;HINnJ;1;"2005-08-15 00:00:00";"2005-08-15 23:59:59";16;712;20;10;0;<FLG>
V6155020;V615502001;HINnJ;1;"2005-08-16 00:00:00";"2005-08-16 23:59:59";16;711;20;10;0;<FLG>
V6155020;V615502001;HINnJ;1;"2005-08-17 00:00:00";"2005-08-17 23:59:59";16;710;20;10;0;<FLG>
V6155020;V615502001;HINnJ;1;"2005-08-18 00:00:00";"2005-08-18 23:59:59";16;709;20;10;0;<FLG>
V6155020;V615502001;HINnJ;1;"2005-08-19 00:00:00";"2005-08-19 23:59:59";16;708;20;10;0;<FLG>
V6155020;V615502001;HINnJ;1;"2005-08-20 00:00:00";"2005-08-20 23:59:59";16;707;20;10;0;<FLG>
V6155020;V615502001;HINnJ;1;"2005-08-21 00:00:00";"2005-08-21 23:59:59";16;705;20;10;0;<FLG>
V6155020;V615502001;HINnJ;1;"2005-08-22 00:00:00";"2005-08-22 23:59:59";16;704;20;10;0;<FLG>
V6155020;V615502001;HINnJ;1;"2005-08-23 00:00:00";"2005-08-23 23:59:59";16;703;20;10;0;<FLG>
V6155020;V615502001;HINnJ;1;"2005-08-24 00:00:00";"2005-08-24 23:59:59";16;702;20;10;0;<FLG>
V6155020;V615502001;HINnJ;1;"2005-08-25 00:00:00";"2005-08-25 23:59:59";16;701;20;10;0;<FLG>
V6155020;V615502001;HINnJ;1;"2005-08-26 00:00:00";"2005-08-26 23:59:59";16;700;20;10;0;<FLG>
V6155020;V615502001;HINnJ;1;"2005-08-27 00:00:00";"2005-08-27 23:59:59";16;699;20;10;0;<FLG>
V6155020;V615502001;HINnJ;1;"2005-08-28 00:00:00";"2005-08-28 23:59:59";16;698;20;10;0;<FLG>
V6155020;V615502001;HINnJ;1;"2005-08-29 00:00:00";"2005-08-29 23:59:59";16;697;20;10;0;<FLG>
V6155020;V615502001;HINnJ;1;"2005-08-30 00:00:00";"2005-08-30 23:59:59";16;696;20;10;0;<FLG>
V6155020;V615502001;HINnJ;1;"2005-08-31 00:00:00";"2005-08-31 23:59:59";16;695;20;10;0;<FLG>
V6155020;V615502001;HINnJ;1;"2005-09-01 00:00:00";"2005-09-01 23:59:59";16;694;20;10;0;<FLG>
V6155020;V615502001;HINnJ;1;"2005-09-02 00:00:00";"2005-09-02 23:59:59";16;693;20;10;0;<FLG>
V6155020;V615502001;HINnJ;1;"2005-09-03 00:00:00";"2005-09-03 23:59:59";16;692;20;10;0;<FLG>
V6155020;V615502001;HINnJ;1;"2005-09-04 00:00:00";"2005-09-04 23:59:59";16;691;20;10;0;<FLG>
V6155020;V615502001;HINnJ;1;"2005-09-05 00:00:00";"2005-09-05 23:59:59";16;690;20;10;0;<FLG>
V6155020;V615502001;HINnJ;1;"2005-09-06 00:00:00";"2005-09-06 00:49:00";16;690;20;10;0;<FLG>
V6155020;V615502001;HINnJ;1;"2005-09-07 00:00:00";"2005-09-07 00:00:00";16;694;20;10;0;<FLG>
V6155020;V615502001;HINnJ;1;"2005-09-08 00:00:00";"2005-09-08 00:00:00";16;699;20;10;0;<FLG>
V6155020;V615502001;HINnJ;1;"2005-09-09 00:00:00";"2005-09-09 00:00:00";16;715;20;10;0;<FLG>
V6155020;V615502001;HINnJ;1;"2005-09-10 00:00:00";"2005-09-10 00:00:00";16;758;20;10;0;<FLG>
V6155020;V615502001;HINnJ;1;"2005-09-11 00:00:00";"2005-09-11 23:59:59";16;753;20;10;0;<FLG>
V6155020;V615502001;HINnJ;1;"2005-09-12 00:00:00";"2005-09-12 01:28:00";16;752;20;10;0;<FLG>
V6155020;V615502001;HINnJ;1;"2005-09-13 00:00:00";"2005-09-13 23:59:59";16;754;20;10;0;<FLG>
V6155020;V615502001;HINnJ;1;"2005-09-14 00:00:00";"2005-09-14 23:59:59";16;744;20;10;0;<FLG>
V6155020;V615502001;HINnJ;1;"2005-09-15 00:00:00";"2005-09-15 23:59:59";16;735;20;10;0;<FLG>
V6155020;V615502001;HINnJ;1;"2005-09-16 00:00:00";"2005-09-16 23:59:59";16;727;20;10;0;<FLG>
V6155020;V615502001;HINnJ;1;"2005-09-17 00:00:00";"2005-09-17 23:59:59";16;720;20;10;0;<FLG>
V6155020;V615502001;HINnJ;1;"2005-09-18 00:00:00";"2005-09-18 23:59:59";16;714;20;10;0;<FLG>
V6155020;V615502001;HINnJ;1;"2005-09-19 00:00:00";"2005-09-19 15:13:00";16;711;20;10;0;<FLG>
V6155020;V615502001;HINnJ;1;"2005-09-20 00:00:00";"2005-09-20 00:00:00";16;716;20;10;0;<FLG>
V6155020;V615502001;HINnJ;1;"2005-09-21 00:00:00";"2005-09-21 23:59:59";16;714;20;10;0;<FLG>
V6155020;V615502001;HINnJ;1;"2005-09-22 00:00:00";"2005-09-22 23:59:59";16;708;20;10;0;<FLG>
V6155020;V615502001;HINnJ;1;"2005-09-23 00:00:00";"2005-09-23 23:59:59";16;703;20;10;0;<FLG>
V6155020;V615502001;HINnJ;1;"2005-09-24 00:00:00";"2005-09-24 23:59:59";16;700;20;10;0;<FLG>
V6155020;V615502001;HINnJ;1;"2005-09-25 00:00:00";"2005-09-25 20:09:00";16;699;20;10;0;<FLG>
V6155020;V615502001;HINnJ;1;"2005-09-26 00:00:00";"2005-09-26 00:00:00";16;704;20;10;0;<FLG>
V6155020;V615502001;HINnJ;1;"2005-09-27 00:00:00";"2005-09-27 23:59:59";16;724;20;10;0;<FLG>
V6155020;V615502001;HINnJ;1;"2005-09-28 00:00:00";"2005-09-28 23:59:59";16;712;20;10;0;<FLG>
V6155020;V615502001;HINnJ;1;"2005-09-29 00:00:00";"2005-09-29 23:59:59";16;705;20;10;0;<FLG>
V6155020;V615502001;HINnJ;1;"2005-09-30 00:00:00";"2005-09-30 23:59:59";16;701;20;10;0;<FLG>
V6155020;V615502001;HINnJ;1;"2005-10-01 00:00:00";"2005-10-01 23:59:59";16;700;20;10;0;<FLG>
V6155020;V615502001;HINnJ;1;"2005-10-02 00:00:00";"2005-10-02 23:59:59";16;699;20;10;0;<FLG>
V6155020;V615502001;HINnJ;1;"2005-10-03 00:00:00";"2005-10-03 23:59:59";16;699;20;10;0;<FLG>
V6155020;V615502001;HINnJ;1;"2005-10-04 00:00:00";"2005-10-04 23:59:59";16;698;20;10;0;<FLG>
V6155020;V615502001;HINnJ;1;"2005-10-05 00:00:00";"2005-10-05 05:33:00";16;698;20;10;0;<FLG>
V6155020;V615502001;HINnJ;1;"2005-10-06 00:00:00";"2005-10-06 10:53:00";16;698;20;10;0;<FLG>
V6155020;V615502001;HINnJ;1;"2005-10-07 00:00:00";"2005-10-07 23:59:59";16;697;20;10;0;<FLG>
V6155020;V615502001;HINnJ;1;"2005-10-08 00:00:00";"2005-10-08 23:59:59";16;693;20;10;0;<FLG>
V6155020;V615502001;HINnJ;1;"2005-10-09 00:00:00";"2005-10-09 23:59:59";16;690;20;10;0;<FLG>
V6155020;V615502001;HINnJ;1;"2005-10-10 00:00:00";"2005-10-10 03:14:00";16;689;20;10;0;<FLG>
V6155020;V615502001;HINnJ;1;"2005-10-11 00:00:00";"2005-10-11 23:59:59";16;687;20;10;0;<FLG>
V6155020;V615502001;HINnJ;1;"2005-10-12 00:00:00";"2005-10-12 11:11:00";16;685;20;10;0;<FLG>
V6155020;V615502001;HINnJ;1;"2005-10-13 00:00:00";"2005-10-13 08:21:00";16;684;20;10;0;<FLG>
V6155020;V615502001;HINnJ;1;"2005-10-14 00:00:00";"2005-10-14 23:59:59";16;682;20;10;0;<FLG>
V6155020;V615502001;HINnJ;1;"2005-10-15 00:00:00";"2005-10-15 23:59:59";16;678;20;10;0;<FLG>
V6155020;V615502001;HINnJ;1;"2005-10-16 00:00:00";"2005-10-16 03:31:00";16;677;20;10;0;<FLG>
V6155020;V615502001;HINnJ;1;"2005-10-17 00:00:00";"2005-10-17 03:46:00";16;676;20;10;0;<FLG>
V6155020;V615502001;HINnJ;1;"2005-10-18 00:00:00";"2005-10-18 22:06:00";16;676;20;10;0;<FLG>
V6155020;V615502001;HINnJ;1;"2005-10-19 00:00:00";"2005-10-19 00:00:00";16;678;20;10;0;<FLG>
V6155020;V615502001;HINnJ;1;"2005-10-20 00:00:00";"2005-10-20 00:00:00";16;871;20;10;0;<FLG>
V6155020;V615502001;HINnJ;1;"2005-10-21 00:00:00";"2005-10-21 23:59:59";16;910;20;10;0;<FLG>
V6155020;V615502001;HINnJ;1;"2005-10-22 00:00:00";"2005-10-22 23:59:59";16;895;20;10;0;<FLG>
V6155020;V615502001;HINnJ;1;"2005-10-23 00:00:00";"2005-10-23 16:24:00";16;885;20;10;0;<FLG>
V6155020;V615502001;HINnJ;1;"2005-10-24 00:00:00";"2005-10-24 00:00:00";16;891;20;10;0;<FLG>
V6155020;V615502001;HINnJ;1;"2005-10-25 00:00:00";"2005-10-25 23:59:59";16;935;20;10;0;<FLG>
V6155020;V615502001;HINnJ;1;"2005-10-26 00:00:00";"2005-10-26 23:59:59";16;918;20;10;0;<FLG>
V6155020;V615502001;HINnJ;1;"2005-10-27 00:00:00";"2005-10-27 23:59:59";16;899;20;10;0;<FLG>
V6155020;V615502001;HINnJ;1;"2005-10-28 00:00:00";"2005-10-28 23:59:59";16;878;20;10;0;<FLG>
V6155020;V615502001;HINnJ;1;"2005-10-29 00:00:00";"2005-10-29 23:59:59";16;858;20;10;0;<FLG>
V6155020;V615502001;HINnJ;1;"2005-10-30 00:00:00";"2005-10-30 23:59:59";16;840;20;10;0;<FLG>
V6155020;V615502001;HINnJ;1;"2005-10-31 00:00:00";"2005-10-31 23:59:59";16;823;20;10;0;<FLG>
V6155020;V615502001;HINnJ;1;"2005-11-01 00:00:00";"2005-11-01 06:16:00";16;822;20;10;0;<FLG>
V6155020;V615502001;HINnJ;1;"2005-11-02 00:00:00";"2005-11-02 00:00:00";16;874;20;10;0;<FLG>
V6155020;V615502001;HINnJ;1;"2005-11-03 00:00:00";"2005-11-03 23:59:59";16;917;20;10;0;<FLG>
V6155020;V615502001;HINnJ;1;"2005-11-04 00:00:00";"2005-11-04 23:59:59";16;909;20;10;0;<FLG>
V6155020;V615502001;HINnJ;1;"2005-11-05 00:00:00";"2005-11-05 00:28:00";16;909;20;10;0;<FLG>
V6155020;V615502001;HINnJ;1;"2005-11-06 00:00:00";"2005-11-06 00:00:00";16;1033;20;10;0;<FLG>
V6155020;V615502001;HINnJ;1;"2005-11-07 00:00:00";"2005-11-07 00:00:00";16;1060;20;10;0;<FLG>
V6155020;V615502001;HINnJ;1;"2005-11-08 00:00:00";"2005-11-08 23:59:59";16;1027;20;10;0;<FLG>
V6155020;V615502001;HINnJ;1;"2005-11-09 00:00:00";"2005-11-09 23:59:59";16;998;20;10;0;<FLG>
V6155020;V615502001;HINnJ;1;"2005-11-10 00:00:00";"2005-11-10 23:59:59";16;983;20;10;0;<FLG>
V6155020;V615502001;HINnJ;1;"2005-11-11 00:00:00";"2005-11-11 23:59:59";16;955;20;10;0;<FLG>
V6155020;V615502001;HINnJ;1;"2005-11-12 00:00:00";"2005-11-12 23:59:59";16;938;20;10;0;<FLG>
V6155020;V615502001;HINnJ;1;"2005-11-13 00:00:00";"2005-11-13 08:00:00";16;934;20;10;0;<FLG>
V6155020;V615502001;HINnJ;1;"2005-11-14 00:00:00";"2005-11-14 00:00:00";16;944;20;10;0;<FLG>
V6155020;V615502001;HINnJ;1;"2005-11-15 00:00:00";"2005-11-15 23:59:59";16;949;20;10;0;<FLG>
V6155020;V615502001;HINnJ;1;"2005-11-16 00:00:00";"2005-11-16 23:59:59";16;941;20;10;0;<FLG>
V6155020;V615502001;HINnJ;1;"2005-11-17 00:00:00";"2005-11-17 23:59:59";16;936;20;10;0;<FLG>
V6155020;V615502001;HINnJ;1;"2005-11-18 00:00:00";"2005-11-18 23:59:59";16;929;20;10;0;<FLG>
V6155020;V615502001;HINnJ;1;"2005-11-19 00:00:00";"2005-11-19 23:59:59";16;919;20;10;0;<FLG>
V6155020;V615502001;HINnJ;1;"2005-11-20 00:00:00";"2005-11-20 23:59:59";16;902;20;10;0;<FLG>
V6155020;V615502001;HINnJ;1;"2005-11-21 00:00:00";"2005-11-21 23:59:59";16;891;20;10;0;<FLG>
V6155020;V615502001;HINnJ;1;"2005-11-22 00:00:00";"2005-11-22 23:59:59";16;882;20;10;0;<FLG>
V6155020;V615502001;HINnJ;1;"2005-11-23 00:00:00";"2005-11-23 23:59:59";16;871;20;10;0;<FLG>
V6155020;V615502001;HINnJ;1;"2005-11-24 00:00:00";"2005-11-24 23:59:59";16;864;20;10;0;<FLG>
V6155020;V615502001;HINnJ;1;"2005-11-25 00:00:00";"2005-11-25 23:59:59";16;860;20;10;0;<FLG>
V6155020;V615502001;HINnJ;1;"2005-11-26 00:00:00";"2005-11-26 23:59:59";16;854;20;10;0;<FLG>
V6155020;V615502001;HINnJ;1;"2005-11-27 00:00:00";"2005-11-27 23:59:59";16;846;20;10;0;<FLG>
V6155020;V615502001;HINnJ;1;"2005-11-28 00:00:00";"2005-11-28 23:59:59";16;838;20;10;0;<FLG>
V6155020;V615502001;HINnJ;1;"2005-11-29 00:00:00";"2005-11-29 23:59:59";16;830;20;10;0;<FLG>
V6155020;V615502001;HINnJ;1;"2005-11-30 00:00:00";"2005-11-30 23:59:59";16;821;20;10;0;<FLG>
V6155020;V615502001;HINnJ;1;"2005-12-01 00:00:00";"2005-12-01 23:59:59";16;814;20;10;0;<FLG>
V6155020;V615502001;HINnJ;1;"2005-12-02 00:00:00";"2005-12-02 00:47:00";16;814;20;10;0;<FLG>
V6155020;V615502001;HINnJ;1;"2005-12-03 00:00:00";"2005-12-03 00:00:00";16;971;20;10;0;<FLG>
V6155020;V615502001;HINnJ;1;"2005-12-04 00:00:00";"2005-12-04 00:00:00";16;1296;20;10;0;<FLG>
V6155020;V615502001;HINnJ;1;"2005-12-05 00:00:00";"2005-12-05 22:58:00";16;1320;20;10;0;<FLG>
V6155020;V615502001;HINnJ;1;"2005-12-06 00:00:00";"2005-12-06 22:13:00";16;1290;20;10;0;<FLG>
V6155020;V615502001;HINnJ;1;"2005-12-07 00:00:00";"2005-12-07 23:35:00";16;1240;20;10;0;<FLG>
V6155020;V615502001;HINnJ;1;"2005-12-08 00:00:00";"2005-12-08 21:39:00";16;1170;20;10;0;<FLG>
V6155020;V615502001;HINnJ;1;"2005-12-09 00:00:00";"2005-12-09 23:59:59";16;1133;20;10;0;<FLG>
V6155020;V615502001;HINnJ;1;"2005-12-10 00:00:00";"2005-12-10 23:59:00";16;1120;20;10;0;<FLG>
V6155020;V615502001;HINnJ;1;"2005-12-11 00:00:00";"2005-12-11 08:27:00";16;1110;20;10;0;<FLG>
V6155020;V615502001;HINnJ;1;"2005-12-12 00:00:00";"2005-12-12 23:59:59";16;1091;20;10;0;<FLG>
V6155020;V615502001;HINnJ;1;"2005-12-13 00:00:00";"2005-12-13 13:40:00";16;1080;20;10;0;<FLG>
V6155020;V615502001;HINnJ;1;"2005-12-14 00:00:00";"2005-12-14 23:59:59";16;1063;20;10;0;<FLG>
V6155020;V615502001;HINnJ;1;"2005-12-15 00:00:00";"2005-12-15 23:59:59";16;1052;20;10;0;<FLG>
V6155020;V615502001;HINnJ;1;"2005-12-16 00:00:00";"2005-12-16 13:36:00";16;1040;20;10;0;<FLG>
V6155020;V615502001;HINnJ;1;"2005-12-17 00:00:00";"2005-12-17 23:30:00";16;1030;20;10;0;<FLG>
V6155020;V615502001;HINnJ;1;"2005-12-18 00:00:00";"2005-12-18 16:24:00";16;1020;20;10;0;<FLG>
V6155020;V615502001;HINnJ;1;"2005-12-19 00:00:00";"2005-12-19 23:59:59";16;1002;20;10;0;<FLG>
V6155020;V615502001;HINnJ;1;"2005-12-20 00:00:00";"2005-12-20 23:59:59";16;993;20;10;0;<FLG>
V6155020;V615502001;HINnJ;1;"2005-12-21 00:00:00";"2005-12-21 23:59:59";16;982;20;10;0;<FLG>
V6155020;V615502001;HINnJ;1;"2005-12-22 00:00:00";"2005-12-22 23:59:59";16;972;20;10;0;<FLG>
V6155020;V615502001;HINnJ;1;"2005-12-23 00:00:00";"2005-12-23 23:59:59";16;965;20;10;0;<FLG>
V6155020;V615502001;HINnJ;1;"2005-12-24 00:00:00";"2005-12-24 23:59:59";16;957;20;10;0;<FLG>
V6155020;V615502001;HINnJ;1;"2005-12-25 00:00:00";"2005-12-25 23:59:59";16;951;20;10;0;<FLG>
V6155020;V615502001;HINnJ;1;"2005-12-26 00:00:00";"2005-12-26 23:59:59";16;944;20;10;0;<FLG>
V6155020;V615502001;HINnJ;1;"2005-12-27 00:00:00";"2005-12-27 23:59:59";16;939;20;10;0;<FLG>
V6155020;V615502001;HINnJ;1;"2005-12-28 00:00:00";"2005-12-28 23:59:59";16;929;20;10;0;<FLG>
V6155020;V615502001;HINnJ;1;"2005-12-29 00:00:00";"2005-12-29 23:59:59";16;921;20;10;0;<FLG>
V6155020;V615502001;HINnJ;1;"2005-12-30 00:00:00";"2005-12-30 23:59:59";16;913;20;10;0;<FLG>
V6155020;V615502001;HINnJ;1;"2005-12-31 00:00:00";"2005-12-31 19:41:00";16;908;20;10;0;<FLG>
V6155020;V615502001;HINnJ;1;"2006-01-01 00:00:00";"2006-01-01 04:09:00";16;908;20;10;0;<FLG>
V6155020;V615502001;HINnJ;1;"2006-01-02 00:00:00";"2006-01-02 04:13:00";16;911;20;10;0;<FLG>
V6155020;V615502001;HINnJ;1;"2006-01-03 00:00:00";"2006-01-03 23:59:59";16;911;20;10;0;<FLG>
V6155020;V615502001;HINnJ;1;"2006-01-04 00:00:00";"2006-01-04 23:59:59";16;907;20;10;0;<FLG>
V6155020;V615502001;HINnJ;1;"2006-01-05 00:00:00";"2006-01-05 23:59:59";16;904;20;10;0;<FLG>
V6155020;V615502001;HINnJ;1;"2006-01-06 00:00:00";"2006-01-06 23:59:59";16;901;20;10;0;<FLG>
V6155020;V615502001;HINnJ;1;"2006-01-07 00:00:00";"2006-01-07 23:59:59";16;896;20;10;0;<FLG>
V6155020;V615502001;HINnJ;1;"2006-01-08 00:00:00";"2006-01-08 23:59:59";16;891;20;10;0;<FLG>
V6155020;V615502001;HINnJ;1;"2006-01-09 00:00:00";"2006-01-09 21:09:00";16;885;20;10;0;<FLG>
V6155020;V615502001;HINnJ;1;"2006-01-10 00:00:00";"2006-01-10 23:59:59";16;879;20;10;0;<FLG>
V6155020;V615502001;HINnJ;1;"2006-01-11 00:00:00";"2006-01-11 20:04:00";16;874;20;10;0;<FLG>
V6155020;V615502001;HINnJ;1;"2006-01-12 00:00:00";"2006-01-12 23:59:59";16;870;20;10;0;<FLG>
V6155020;V615502001;HINnJ;1;"2006-01-13 00:00:00";"2006-01-13 20:04:00";16;865;20;10;0;<FLG>
V6155020;V615502001;HINnJ;1;"2006-01-14 00:00:00";"2006-01-14 15:51:00";16;861;20;10;0;<FLG>
V6155020;V615502001;HINnJ;1;"2006-01-15 00:00:00";"2006-01-15 15:50:00";16;851;20;10;0;<FLG>
V6155020;V615502001;HINnJ;1;"2006-01-16 00:00:00";"2006-01-16 11:36:00";16;849;20;10;0;<FLG>
V6155020;V615502001;HINnJ;1;"2006-01-17 00:00:00";"2006-01-17 20:04:00";16;846;20;10;0;<FLG>
V6155020;V615502001;HINnJ;1;"2006-01-18 00:00:00";"2006-01-18 00:18:00";16;846;20;10;0;<FLG>
V6155020;V615502001;HINnJ;1;"2006-01-19 00:00:00";"2006-01-19 00:00:00";16;869;20;10;0;<FLG>
V6155020;V615502001;HINnJ;1;"2006-01-20 00:00:00";"2006-01-20 00:00:00";16;904;20;10;0;<FLG>
V6155020;V615502001;HINnJ;1;"2006-01-21 00:00:00";"2006-01-21 00:00:00";16;923;20;10;0;<FLG>
V6155020;V615502001;HINnJ;1;"2006-01-22 00:00:00";"2006-01-22 00:00:00";16;932;20;10;0;<FLG>
V6155020;V615502001;HINnJ;1;"2006-01-23 00:00:00";"2006-01-23 20:03:00";16;933;20;10;0;<FLG>
V6155020;V615502001;HINnJ;1;"2006-01-24 00:00:00";"2006-01-24 20:05:00";16;928;20;10;0;<FLG>
V6155020;V615502001;HINnJ;1;"2006-01-25 00:00:00";"2006-01-25 15:49:00";16;925;20;10;0;<FLG>
V6155020;V615502001;HINnJ;1;"2006-01-26 00:00:00";"2006-01-26 03:11:00";16;922;20;10;0;<FLG>
V6155020;V615502001;HINnJ;1;"2006-01-27 00:00:00";"2006-01-27 23:59:59";16;919;20;10;0;<FLG>
V6155020;V615502001;HINnJ;1;"2006-01-28 00:00:00";"2006-01-28 00:17:00";16;918;20;10;0;<FLG>
V6155020;V615502001;HINnJ;1;"2006-01-29 00:00:00";"2006-01-29 00:00:00";16;969;20;10;0;<FLG>
V6155020;V615502001;HINnJ;1;"2006-01-30 00:00:00";"2006-01-30 00:00:00";16;1090;20;10;0;<FLG>
V6155020;V615502001;HINnJ;1;"2006-01-31 00:00:00";"2006-01-31 00:00:00";16;1260;20;10;0;<FLG>
V6155020;V615502001;HINnJ;1;"2006-02-01 00:00:00";"2006-02-01 00:00:00";16;1290;20;10;0;<FLG>
V6155020;V615502001;HINnJ;1;"2006-02-02 00:00:00";"2006-02-02 22:02:00";16;1280;20;10;0;<FLG>
V6155020;V615502001;HINnJ;1;"2006-02-03 00:00:00";"2006-02-03 21:06:00";16;1250;20;10;0;<FLG>
V6155020;V615502001;HINnJ;1;"2006-02-04 00:00:00";"2006-02-04 23:44:00";16;1210;20;10;0;<FLG>
V6155020;V615502001;HINnJ;1;"2006-02-05 00:00:00";"2006-02-05 22:40:00";16;1170;20;10;0;<FLG>
V6155020;V615502001;HINnJ;1;"2006-02-06 00:00:00";"2006-02-06 22:10:00";16;1140;20;10;0;<FLG>
V6155020;V615502001;HINnJ;1;"2006-02-07 00:00:00";"2006-02-07 23:59:59";16;1124;20;10;0;<FLG>
V6155020;V615502001;HINnJ;1;"2006-02-08 00:00:00";"2006-02-08 23:59:59";16;1118;20;10;0;<FLG>
V6155020;V615502001;HINnJ;1;"2006-02-09 00:00:00";"2006-02-09 07:21:00";16;1110;20;10;0;<FLG>
V6155020;V615502001;HINnJ;1;"2006-02-10 00:00:00";"2006-02-10 23:59:59";16;1099;20;10;0;<FLG>
V6155020;V615502001;HINnJ;1;"2006-02-11 00:00:00";"2006-02-11 23:59:59";16;1085;20;10;0;<FLG>
V6155020;V615502001;HINnJ;1;"2006-02-12 00:00:00";"2006-02-12 23:59:59";16;1079;20;10;0;<FLG>
V6155020;V615502001;HINnJ;1;"2006-02-13 00:00:00";"2006-02-13 11:21:00";16;1070;20;10;0;<FLG>
V6155020;V615502001;HINnJ;1;"2006-02-14 00:00:00";"2006-02-14 03:36:00";16;1060;20;10;0;<FLG>
V6155020;V615502001;HINnJ;1;"2006-02-15 00:00:00";"2006-02-15 10:42:00";16;1050;20;10;0;<FLG>
V6155020;V615502001;HINnJ;1;"2006-02-16 00:00:00";"2006-02-16 00:50:00";16;1050;20;10;0;<FLG>
V6155020;V615502001;HINnJ;1;"2006-02-17 00:00:00";"2006-02-17 00:00:00";16;1067;20;10;0;<FLG>
V6155020;V615502001;HINnJ;1;"2006-02-18 00:00:00";"2006-02-18 01:01:00";16;1080;20;10;0;<FLG>
V6155020;V615502001;HINnJ;1;"2006-02-19 00:00:00";"2006-02-19 02:25:00";16;1080;20;10;0;<FLG>
V6155020;V615502001;HINnJ;1;"2006-02-20 00:00:00";"2006-02-20 01:01:00";16;1100;20;10;0;<FLG>
V6155020;V615502001;HINnJ;1;"2006-02-21 00:00:00";"2006-02-21 00:00:00";16;1232;20;10;0;<FLG>
V6155020;V615502001;HINnJ;1;"2006-02-22 00:00:00";"2006-02-22 23:59:59";16;1255;20;10;0;<FLG>
V6155020;V615502001;HINnJ;1;"2006-02-23 00:00:00";"2006-02-23 23:58:00";16;1220;20;10;0;<FLG>
V6155020;V615502001;HINnJ;1;"2006-02-24 00:00:00";"2006-02-24 23:59:59";16;1198;20;10;0;<FLG>
V6155020;V615502001;HINnJ;1;"2006-02-25 00:00:00";"2006-02-25 22:31:00";16;1170;20;10;0;<FLG>
V6155020;V615502001;HINnJ;1;"2006-02-26 00:00:00";"2006-02-26 17:35:00";16;1150;20;10;0;<FLG>
V6155020;V615502001;HINnJ;1;"2006-02-27 00:00:00";"2006-02-27 23:21:00";16;1130;20;10;0;<FLG>
V6155020;V615502001;HINnJ;1;"2006-02-28 00:00:00";"2006-02-28 12:03:00";16;1130;20;10;0;<FLG>
V6155020;V615502001;HINnJ;1;"2006-03-01 00:00:00";"2006-03-01 23:59:59";16;1117;20;10;0;<FLG>
V6155020;V615502001;HINnJ;1;"2006-03-02 00:00:00";"2006-03-02 14:51:00";16;1110;20;10;0;<FLG>
V6155020;V615502001;HINnJ;1;"2006-03-03 00:00:00";"2006-03-03 23:59:59";16;1106;20;10;0;<FLG>
V6155020;V615502001;HINnJ;1;"2006-03-04 00:00:00";"2006-03-04 16:01:00";16;1100;20;10;0;<FLG>
V6155020;V615502001;HINnJ;1;"2006-03-05 00:00:00";"2006-03-05 13:11:00";16;1100;20;10;0;<FLG>
V6155020;V615502001;HINnJ;1;"2006-03-06 00:00:00";"2006-03-06 23:59:59";16;1090;20;10;0;<FLG>
V6155020;V615502001;HINnJ;1;"2006-03-07 00:00:00";"2006-03-07 00:18:00";16;1090;20;10;0;<FLG>
V6155020;V615502001;HINnJ;1;"2006-03-08 00:00:00";"2006-03-08 15:50:00";16;1080;20;10;0;<FLG>
V6155020;V615502001;HINnJ;1;"2006-03-09 00:00:00";"2006-03-09 01:34:00";16;1080;20;10;0;<FLG>
V6155020;V615502001;HINnJ;1;"2006-03-10 00:00:00";"2006-03-10 01:33:00";16;1080;20;10;0;<FLG>
V6155020;V615502001;HINnJ;1;"2006-03-11 00:00:00";"2006-03-11 01:33:00";16;1090;20;10;0;<FLG>
V6155020;V615502001;HINnJ;1;"2006-03-12 00:00:00";"2006-03-12 10:09:00";16;1080;20;10;0;<FLG>
V6155020;V615502001;HINnJ;1;"2006-03-13 00:00:00";"2006-03-13 23:59:59";16;1067;20;10;0;<FLG>
V6155020;V615502001;HINnJ;1;"2006-03-14 00:00:00";"2006-03-14 03:48:00";16;1060;20;10;0;<FLG>
V6155020;V615502001;HINnJ;1;"2006-03-15 00:00:00";"2006-03-15 15:48:00";16;1050;20;10;0;<FLG>
V6155020;V615502001;HINnJ;1;"2006-03-16 00:00:00";"2006-03-16 01:34:00";16;1050;20;10;0;<FLG>
V6155020;V615502001;HINnJ;1;"2006-03-17 00:00:00";"2006-03-17 07:20:00";16;1040;20;10;0;<FLG>
V6155020;V615502001;HINnJ;1;"2006-03-18 00:00:00";"2006-03-18 04:30:00";16;1040;20;10;0;<FLG>
V6155020;V615502001;HINnJ;1;"2006-03-19 00:00:00";"2006-03-19 14:22:00";16;1030;20;10;0;<FLG>
V6155020;V615502001;HINnJ;1;"2006-03-20 00:00:00";"2006-03-20 08:27:00";16;1030;20;10;0;<FLG>
V6155020;V615502001;HINnJ;1;"2006-03-21 00:00:00";"2006-03-21 01:34:00";16;1030;20;10;0;<FLG>
V6155020;V615502001;HINnJ;1;"2006-03-22 00:00:00";"2006-03-22 00:00:00";16;1048;20;10;0;<FLG>
V6155020;V615502001;HINnJ;1;"2006-03-23 00:00:00";"2006-03-23 00:08:00";16;1080;20;10;0;<FLG>
V6155020;V615502001;HINnJ;1;"2006-03-24 00:00:00";"2006-03-24 00:00:00";16;1097;20;10;0;<FLG>
V6155020;V615502001;HINnJ;1;"2006-03-25 00:00:00";"2006-03-25 03:48:00";16;1110;20;10;0;<FLG>
V6155020;V615502001;HINnJ;1;"2006-03-26 00:00:00";"2006-03-26 00:00:00";16;1128;20;10;0;<FLG>
V6155020;V615502001;HINnJ;1;"2006-03-27 00:00:00";"2006-03-27 00:00:00";16;1166;20;10;0;<FLG>
V6155020;V615502001;HINnJ;1;"2006-03-28 00:00:00";"2006-03-28 23:59:59";16;1189;20;10;0;<FLG>
V6155020;V615502001;HINnJ;1;"2006-03-29 00:00:00";"2006-03-29 23:59:59";16;1174;20;10;0;<FLG>
V6155020;V615502001;HINnJ;1;"2006-03-30 00:00:00";"2006-03-30 23:59:59";16;1158;20;10;0;<FLG>
V6155020;V615502001;HINnJ;1;"2006-03-31 00:00:00";"2006-03-31 23:51:00";16;1150;20;10;0;<FLG>
V6155020;V615502001;HINnJ;1;"2006-04-01 00:00:00";"2006-04-01 23:13:00";16;1140;20;10;0;<FLG>
V6155020;V615502001;HINnJ;1;"2006-04-02 00:00:00";"2006-04-02 23:59:59";16;1138;20;10;0;<FLG>
V6155020;V615502001;HINnJ;1;"2006-04-03 00:00:00";"2006-04-03 15:44:00";16;1130;20;10;0;<FLG>
V6155020;V615502001;HINnJ;1;"2006-04-04 00:00:00";"2006-04-04 23:59:59";16;1120;20;10;0;<FLG>
V6155020;V615502001;HINnJ;1;"2006-04-05 00:00:00";"2006-04-05 23:59:59";16;1119;20;10;0;<FLG>
V6155020;V615502001;HINnJ;1;"2006-04-06 00:00:00";"2006-04-06 20:39:00";16;1110;20;10;0;<FLG>
V6155020;V615502001;HINnJ;1;"2006-04-07 00:00:00";"2006-04-07 23:59:59";16;1109;20;10;0;<FLG>
V6155020;V615502001;HINnJ;1;"2006-04-08 00:00:00";"2006-04-08 09:48:00";16;1100;20;10;0;<FLG>
V6155020;V615502001;HINnJ;1;"2006-04-09 00:00:00";"2006-04-09 21:28:00";16;1090;20;10;0;<FLG>
V6155020;V615502001;HINnJ;1;"2006-04-10 00:00:00";"2006-04-10 23:59:59";16;1084;20;10;0;<FLG>
V6155020;V615502001;HINnJ;1;"2006-04-11 00:00:00";"2006-04-11 16:46:00";16;1070;20;10;0;<FLG>
V6155020;V615502001;HINnJ;1;"2006-04-12 00:00:00";"2006-04-12 23:59:59";16;1066;20;10;0;<FLG>
V6155020;V615502001;HINnJ;1;"2006-04-13 00:00:00";"2006-04-13 11:32:00";16;1060;20;10;0;<FLG>
V6155020;V615502001;HINnJ;1;"2006-04-14 00:00:00";"2006-04-14 21:48:00";16;1050;20;10;0;<FLG>
V6155020;V615502001;HINnJ;1;"2006-04-15 00:00:00";"2006-04-15 23:59:59";16;1048;20;10;0;<FLG>
V6155020;V615502001;HINnJ;1;"2006-04-16 00:00:00";"2006-04-16 11:32:00";16;1040;20;10;0;<FLG>
V6155020;V615502001;HINnJ;1;"2006-04-17 00:00:00";"2006-04-17 00:00:00";16;1040;20;10;0;<FLG>
V6155020;V615502001;HINnJ;1;"2006-04-18 00:00:00";"2006-04-18 16:52:00";16;1030;20;10;0;<FLG>
V6155020;V615502001;HINnJ;1;"2006-04-19 00:00:00";"2006-04-19 23:59:59";16;1028;20;10;0;<FLG>
V6155020;V615502001;HINnJ;1;"2006-04-20 00:00:00";"2006-04-20 16:52:00";16;1020;20;10;0;<FLG>
V6155020;V615502001;HINnJ;1;"2006-04-21 00:00:00";"2006-04-21 23:59:59";16;1011;20;10;0;<FLG>
V6155020;V615502001;HINnJ;1;"2006-04-22 00:00:00";"2006-04-22 23:59:59";16;1009;20;10;0;<FLG>
V6155020;V615502001;HINnJ;1;"2006-04-23 00:00:00";"2006-04-23 23:59:59";16;999;20;10;0;<FLG>
V6155020;V615502001;HINnJ;1;"2006-04-24 00:00:00";"2006-04-24 23:59:59";16;996;20;10;0;<FLG>
V6155020;V615502001;HINnJ;1;"2006-04-25 00:00:00";"2006-04-25 23:59:59";16;992;20;10;0;<FLG>
V6155020;V615502001;HINnJ;1;"2006-04-26 00:00:00";"2006-04-26 23:59:59";16;988;20;10;0;<FLG>
V6155020;V615502001;HINnJ;1;"2006-04-27 00:00:00";"2006-04-27 23:59:59";16;985;20;10;0;<FLG>
V6155020;V615502001;HINnJ;1;"2006-04-28 00:00:00";"2006-04-28 23:59:59";16;981;20;10;0;<FLG>
V6155020;V615502001;HINnJ;1;"2006-04-29 00:00:00";"2006-04-29 23:59:59";16;976;20;10;0;<FLG>
V6155020;V615502001;HINnJ;1;"2006-04-30 00:00:00";"2006-04-30 23:59:59";16;971;20;10;0;<FLG>
V6155020;V615502001;HINnJ;1;"2006-05-01 00:00:00";"2006-05-01 23:59:59";16;965;20;10;0;<FLG>
V6155020;V615502001;HINnJ;1;"2006-05-02 00:00:00";"2006-05-02 23:59:59";16;958;20;10;0;<FLG>
V6155020;V615502001;HINnJ;1;"2006-05-03 00:00:00";"2006-05-03 23:59:59";16;952;20;10;0;<FLG>
V6155020;V615502001;HINnJ;1;"2006-05-04 00:00:00";"2006-05-04 23:59:59";16;946;20;10;0;<FLG>
V6155020;V615502001;HINnJ;1;"2006-05-05 00:00:00";"2006-05-05 23:59:59";16;941;20;10;0;<FLG>
V6155020;V615502001;HINnJ;1;"2006-05-06 00:00:00";"2006-05-06 23:59:59";16;936;20;10;0;<FLG>
V6155020;V615502001;HINnJ;1;"2006-05-07 00:00:00";"2006-05-07 23:59:59";16;933;20;10;0;<FLG>
V6155020;V615502001;HINnJ;1;"2006-05-08 00:00:00";"2006-05-08 23:59:59";16;929;20;10;0;<FLG>
V6155020;V615502001;HINnJ;1;"2006-05-09 00:00:00";"2006-05-09 06:32:00";16;928;20;10;0;<FLG>
V6155020;V615502001;HINnJ;1;"2006-05-10 00:00:00";"2006-05-10 00:00:00";16;931;20;10;0;<FLG>
V6155020;V615502001;HINnJ;1;"2006-05-11 00:00:00";"2006-05-11 23:59:59";16;931;20;10;0;<FLG>
V6155020;V615502001;HINnJ;1;"2006-05-12 00:00:00";"2006-05-12 23:59:59";16;926;20;10;0;<FLG>
V6155020;V615502001;HINnJ;1;"2006-05-13 00:00:00";"2006-05-13 23:59:59";16;921;20;10;0;<FLG>
V6155020;V615502001;HINnJ;1;"2006-05-14 00:00:00";"2006-05-14 23:59:59";16;916;20;10;0;<FLG>
V6155020;V615502001;HINnJ;1;"2006-05-15 00:00:00";"2006-05-15 23:59:59";16;912;20;10;0;<FLG>
V6155020;V615502001;HINnJ;1;"2006-05-16 00:00:00";"2006-05-16 23:59:59";16;907;20;10;0;<FLG>
V6155020;V615502001;HINnJ;1;"2006-05-17 00:00:00";"2006-05-17 23:59:59";16;903;20;10;0;<FLG>
V6155020;V615502001;HINnJ;1;"2006-05-18 00:00:00";"2006-05-18 23:59:59";16;899;20;10;0;<FLG>
V6155020;V615502001;HINnJ;1;"2006-05-19 00:00:00";"2006-05-19 23:59:59";16;895;20;10;0;<FLG>
V6155020;V615502001;HINnJ;1;"2006-05-20 00:00:00";"2006-05-20 23:59:59";16;892;20;10;0;<FLG>
V6155020;V615502001;HINnJ;1;"2006-05-21 00:00:00";"2006-05-21 23:59:59";16;889;20;10;0;<FLG>
V6155020;V615502001;HINnJ;1;"2006-05-22 00:00:00";"2006-05-22 23:59:59";16;884;20;10;0;<FLG>
V6155020;V615502001;HINnJ;1;"2006-05-23 00:00:00";"2006-05-23 23:59:59";16;879;20;10;0;<FLG>
V6155020;V615502001;HINnJ;1;"2006-05-24 00:00:00";"2006-05-24 23:59:59";16;874;20;10;0;<FLG>
V6155020;V615502001;HINnJ;1;"2006-05-25 00:00:00";"2006-05-25 23:59:59";16;870;20;10;0;<FLG>
V6155020;V615502001;HINnJ;1;"2006-05-26 00:00:00";"2006-05-26 23:59:59";16;867;20;10;0;<FLG>
V6155020;V615502001;HINnJ;1;"2006-05-27 00:00:00";"2006-05-27 23:59:59";16;863;20;10;0;<FLG>
V6155020;V615502001;HINnJ;1;"2006-05-28 00:00:00";"2006-05-28 23:59:59";16;859;20;10;0;<FLG>
V6155020;V615502001;HINnJ;1;"2006-05-29 00:00:00";"2006-05-29 23:59:59";16;854;20;10;0;<FLG>
V6155020;V615502001;HINnJ;1;"2006-05-30 00:00:00";"2006-05-30 23:59:59";16;851;20;10;0;<FLG>
V6155020;V615502001;HINnJ;1;"2006-05-31 00:00:00";"2006-05-31 23:59:59";16;847;20;10;0;<FLG>
V6155020;V615502001;HINnJ;1;"2006-06-01 00:00:00";"2006-06-01 23:59:59";16;844;20;10;0;<FLG>
V6155020;V615502001;HINnJ;1;"2006-06-02 00:00:00";"2006-06-02 23:59:59";16;840;20;10;0;<FLG>
V6155020;V615502001;HINnJ;1;"2006-06-03 00:00:00";"2006-06-03 23:59:59";16;838;20;10;0;<FLG>
V6155020;V615502001;HINnJ;1;"2006-06-04 00:00:00";"2006-06-04 23:59:59";16;836;20;10;0;<FLG>
V6155020;V615502001;HINnJ;1;"2006-06-05 00:00:00";"2006-06-05 23:59:59";16;832;20;10;0;<FLG>
V6155020;V615502001;HINnJ;1;"2006-06-06 00:00:00";"2006-06-06 23:59:59";16;829;20;10;0;<FLG>
V6155020;V615502001;HINnJ;1;"2006-06-07 00:00:00";"2006-06-07 23:59:59";16;825;20;10;0;<FLG>
V6155020;V615502001;HINnJ;1;"2006-06-08 00:00:00";"2006-06-08 23:59:59";16;821;20;10;0;<FLG>
V6155020;V615502001;HINnJ;1;"2006-06-09 00:00:00";"2006-06-09 23:59:59";16;819;20;10;0;<FLG>
V6155020;V615502001;HINnJ;1;"2006-06-10 00:00:00";"2006-06-10 23:59:59";16;817;20;10;0;<FLG>
V6155020;V615502001;HINnJ;1;"2006-06-11 00:00:00";"2006-06-11 23:59:59";16;813;20;10;0;<FLG>
V6155020;V615502001;HINnJ;1;"2006-06-12 00:00:00";"2006-06-12 23:59:59";16;810;20;10;0;<FLG>
V6155020;V615502001;HINnJ;1;"2006-06-13 00:00:00";"2006-06-13 16:52:00";16;808;20;10;0;<FLG>
V6155020;V615502001;HINnJ;1;"2006-06-14 00:00:00";"2006-06-14 23:59:59";16;807;20;10;0;<FLG>
V6155020;V615502001;HINnJ;1;"2006-06-15 00:00:00";"2006-06-15 23:59:59";16;805;20;10;0;<FLG>
V6155020;V615502001;HINnJ;1;"2006-06-16 00:00:00";"2006-06-16 23:59:59";16;804;20;10;0;<FLG>
V6155020;V615502001;HINnJ;1;"2006-06-17 00:00:00";"2006-06-17 23:59:59";16;803;20;10;0;<FLG>
V6155020;V615502001;HINnJ;1;"2006-06-18 00:00:00";"2006-06-18 23:59:59";16;800;20;10;0;<FLG>
V6155020;V615502001;HINnJ;1;"2006-06-19 00:00:00";"2006-06-19 23:59:59";16;798;20;10;0;<FLG>
V6155020;V615502001;HINnJ;1;"2006-06-20 00:00:00";"2006-06-20 23:59:59";16;795;20;10;0;<FLG>
V6155020;V615502001;HINnJ;1;"2006-06-21 00:00:00";"2006-06-21 23:59:59";16;795;20;10;0;<FLG>
V6155020;V615502001;HINnJ;1;"2006-06-22 00:00:00";"2006-06-22 23:59:59";16;794;20;10;0;<FLG>
V6155020;V615502001;HINnJ;1;"2006-06-23 00:00:00";"2006-06-23 23:59:59";16;790;20;10;0;<FLG>
V6155020;V615502001;HINnJ;1;"2006-06-24 00:00:00";"2006-06-24 16:50:00";16;788;20;10;0;<FLG>
V6155020;V615502001;HINnJ;1;"2006-06-25 00:00:00";"2006-06-25 00:00:00";16;788;20;10;0;<FLG>
V6155020;V615502001;HINnJ;1;"2006-06-26 00:00:00";"2006-06-26 23:59:59";16;785;20;10;0;<FLG>
V6155020;V615502001;HINnJ;1;"2006-06-27 00:00:00";"2006-06-27 23:59:59";16;781;20;10;0;<FLG>
V6155020;V615502001;HINnJ;1;"2006-06-28 00:00:00";"2006-06-28 23:59:59";16;779;20;10;0;<FLG>
V6155020;V615502001;HINnJ;1;"2006-06-29 00:00:00";"2006-06-29 23:59:59";16;776;20;10;0;<FLG>
V6155020;V615502001;HINnJ;1;"2006-06-30 00:00:00";"2006-06-30 23:59:59";16;775;20;10;0;<FLG>
V6155020;V615502001;HINnJ;1;"2006-07-01 00:00:00";"2006-07-01 23:59:59";16;773;20;10;0;<FLG>
V6155020;V615502001;HINnJ;1;"2006-07-02 00:00:00";"2006-07-02 23:59:59";16;771;20;10;0;<FLG>
V6155020;V615502001;HINnJ;1;"2006-07-03 00:00:00";"2006-07-03 23:59:59";16;768;20;10;0;<FLG>
V6155020;V615502001;HINnJ;1;"2006-07-04 00:00:00";"2006-07-04 23:59:59";16;766;20;10;0;<FLG>
V6155020;V615502001;HINnJ;1;"2006-07-05 00:00:00";"2006-07-05 23:59:59";16;764;20;10;0;<FLG>
V6155020;V615502001;HINnJ;1;"2006-07-06 00:00:00";"2006-07-06 23:59:59";16;762;20;10;0;<FLG>
V6155020;V615502001;HINnJ;1;"2006-07-07 00:00:00";"2006-07-07 23:59:59";16;761;20;10;0;<FLG>
V6155020;V615502001;HINnJ;1;"2006-07-08 00:00:00";"2006-07-08 23:59:59";16;759;20;10;0;<FLG>
V6155020;V615502001;HINnJ;1;"2006-07-09 00:00:00";"2006-07-09 23:59:59";16;756;20;10;0;<FLG>
V6155020;V615502001;HINnJ;1;"2006-07-10 00:00:00";"2006-07-10 23:59:59";16;753;20;10;0;<FLG>
V6155020;V615502001;HINnJ;1;"2006-07-11 00:00:00";"2006-07-11 23:59:59";16;751;20;10;0;<FLG>
V6155020;V615502001;HINnJ;1;"2006-07-12 00:00:00";"2006-07-12 13:20:00";16;751;20;10;0;<FLG>
V6155020;V615502001;HINnJ;1;"2006-07-13 00:00:00";"2006-07-13 00:00:00";16;751;20;10;0;<FLG>
V6155020;V615502001;HINnJ;1;"2006-07-14 00:00:00";"2006-07-14 00:00:00";16;752;20;10;0;<FLG>
V6155020;V615502001;HINnJ;1;"2006-07-15 00:00:00";"2006-07-15 23:59:59";16;750;20;10;0;<FLG>
V6155020;V615502001;HINnJ;1;"2006-07-16 00:00:00";"2006-07-16 23:59:59";16;748;20;10;0;<FLG>
V6155020;V615502001;HINnJ;1;"2006-07-17 00:00:00";"2006-07-17 20:00:00";16;746;20;10;0;<FLG>
V6155020;V615502001;HINnJ;1;"2006-07-18 00:00:00";"2006-07-18 00:00:00";16;746;20;10;0;<FLG>
V6155020;V615502001;HINnJ;1;"2006-07-19 00:00:00";"2006-07-19 23:59:59";16;747;20;10;0;<FLG>
V6155020;V615502001;HINnJ;1;"2006-07-20 00:00:00";"2006-07-20 23:59:59";16;743;20;10;0;<FLG>
V6155020;V615502001;HINnJ;1;"2006-07-21 00:00:00";"2006-07-21 23:59:59";16;740;20;10;0;<FLG>
V6155020;V615502001;HINnJ;1;"2006-07-22 00:00:00";"2006-07-22 23:59:59";16;739;20;10;0;<FLG>
V6155020;V615502001;HINnJ;1;"2006-07-23 00:00:00";"2006-07-23 12:23:00";16;739;20;10;0;<FLG>
V6155020;V615502001;HINnJ;1;"2006-07-24 00:00:00";"2006-07-24 23:59:59";16;740;20;10;0;<FLG>
V6155020;V615502001;HINnJ;1;"2006-07-25 00:00:00";"2006-07-25 23:59:59";16;737;20;10;0;<FLG>
V6155020;V615502001;HINnJ;1;"2006-07-26 00:00:00";"2006-07-26 23:59:59";16;736;20;10;0;<FLG>
V6155020;V615502001;HINnJ;1;"2006-07-27 00:00:00";"2006-07-27 23:59:59";16;733;20;10;0;<FLG>
V6155020;V615502001;HINnJ;1;"2006-07-28 00:00:00";"2006-07-28 11:51:00";16;732;20;10;0;<FLG>
V6155020;V615502001;HINnJ;1;"2006-07-29 00:00:00";"2006-07-29 23:59:59";16;736;20;10;0;<FLG>
V6155020;V615502001;HINnJ;1;"2006-07-30 00:00:00";"2006-07-30 23:59:59";16;732;20;10;0;<FLG>
V6155020;V615502001;HINnJ;1;"2006-07-31 00:00:00";"2006-07-31 23:59:59";16;727;20;10;0;<FLG>
V6155020;V615502001;HINnJ;1;"2006-08-01 00:00:00";"2006-08-01 23:59:59";16;726;20;10;0;<FLG>
V6155020;V615502001;HINnJ;1;"2006-08-02 00:00:00";"2006-08-02 23:59:59";16;725;20;10;0;<FLG>
V6155020;V615502001;HINnJ;1;"2006-08-03 00:00:00";"2006-08-03 23:59:59";16;722;20;10;0;<FLG>
V6155020;V615502001;HINnJ;1;"2006-08-04 00:00:00";"2006-08-04 23:59:59";16;722;20;10;0;<FLG>
V6155020;V615502001;HINnJ;1;"2006-08-05 00:00:00";"2006-08-05 23:59:59";16;719;20;10;0;<FLG>
V6155020;V615502001;HINnJ;1;"2006-08-06 00:00:00";"2006-08-06 23:59:59";16;716;20;10;0;<FLG>
V6155020;V615502001;HINnJ;1;"2006-08-07 00:00:00";"2006-08-07 10:39:00";16;715;20;10;0;<FLG>
V6155020;V615502001;HINnJ;1;"2006-08-08 00:00:00";"2006-08-08 23:59:59";16;716;20;10;0;<FLG>
V6155020;V615502001;HINnJ;1;"2006-08-09 00:00:00";"2006-08-09 23:59:59";16;712;20;10;0;<FLG>
V6155020;V615502001;HINnJ;1;"2006-08-10 00:00:00";"2006-08-10 16:50:00";16;710;20;10;0;<FLG>
V6155020;V615502001;HINnJ;1;"2006-08-11 00:00:00";"2006-08-11 00:00:00";16;710;20;10;0;<FLG>
V6155020;V615502001;HINnJ;1;"2006-08-12 00:00:00";"2006-08-12 23:59:59";16;710;20;10;0;<FLG>
V6155020;V615502001;HINnJ;1;"2006-08-13 00:00:00";"2006-08-13 23:59:59";16;707;20;10;0;<FLG>
V6155020;V615502001;HINnJ;1;"2006-08-14 00:00:00";"2006-08-14 06:31:00";16;706;20;10;0;<FLG>
V6155020;V615502001;HINnJ;1;"2006-08-15 00:00:00";"2006-08-15 00:00:00";16;707;20;10;0;<FLG>
V6155020;V615502001;HINnJ;1;"2006-08-16 00:00:00";"2006-08-16 23:59:59";16;708;20;10;0;<FLG>
V6155020;V615502001;HINnJ;1;"2006-08-17 00:00:00";"2006-08-17 23:59:59";16;707;20;10;0;<FLG>
V6155020;V615502001;HINnJ;1;"2006-08-18 00:00:00";"2006-08-18 04:50:00";16;707;20;10;0;<FLG>
V6155020;V615502001;HINnJ;1;"2006-08-19 00:00:00";"2006-08-19 23:59:59";16;706;20;10;0;<FLG>
V6155020;V615502001;HINnJ;1;"2006-08-20 00:00:00";"2006-08-20 23:59:59";16;703;20;10;0;<FLG>
V6155020;V615502001;HINnJ;1;"2006-08-21 00:00:00";"2006-08-21 09:42:00";16;701;20;10;0;<FLG>
V6155020;V615502001;HINnJ;1;"2006-08-22 00:00:00";"2006-08-22 23:59:59";16;700;20;10;0;<FLG>
V6155020;V615502001;HINnJ;1;"2006-08-23 00:00:00";"2006-08-23 23:59:59";16;698;20;10;0;<FLG>
V6155020;V615502001;HINnJ;1;"2006-08-24 00:00:00";"2006-08-24 23:59:59";16;697;20;10;0;<FLG>
V6155020;V615502001;HINnJ;1;"2006-08-25 00:00:00";"2006-08-25 23:59:59";16;695;20;10;0;<FLG>
V6155020;V615502001;HINnJ;1;"2006-08-26 00:00:00";"2006-08-26 23:59:59";16;693;20;10;0;<FLG>
V6155020;V615502001;HINnJ;1;"2006-08-27 00:00:00";"2006-08-27 17:49:00";16;691;20;10;0;<FLG>
V6155020;V615502001;HINnJ;1;"2006-08-28 00:00:00";"2006-08-28 23:59:59";16;691;20;10;0;<FLG>
V6155020;V615502001;HINnJ;1;"2006-08-29 00:00:00";"2006-08-29 23:59:59";16;687;20;10;0;<FLG>
V6155020;V615502001;HINnJ;1;"2006-08-30 00:00:00";"2006-08-30 14:43:00";16;684;20;10;0;<FLG>
V6155020;V615502001;HINnJ;1;"2006-08-31 00:00:00";"2006-08-31 00:00:00";16;684;20;10;0;<FLG>
V6155020;V615502001;HINnJ;1;"2006-09-01 00:00:00";"2006-09-01 23:59:59";16;683;20;10;0;<FLG>
V6155020;V615502001;HINnJ;1;"2006-09-02 00:00:00";"2006-09-02 16:50:00";16;681;20;10;0;<FLG>
V6155020;V615502001;HINnJ;1;"2006-09-03 00:00:00";"2006-09-03 23:59:59";16;681;20;10;0;<FLG>
V6155020;V615502001;HINnJ;1;"2006-09-04 00:00:00";"2006-09-04 23:59:59";16;678;20;10;0;<FLG>
V6155020;V615502001;HINnJ;1;"2006-09-05 00:00:00";"2006-09-05 23:32:00";16;676;20;10;0;<FLG>
V6155020;V615502001;HINnJ;1;"2006-09-06 00:00:00";"2006-09-06 00:00:00";16;676;20;10;0;<FLG>
V6155020;V615502001;HINnJ;1;"2006-09-07 00:00:00";"2006-09-07 00:00:00";16;679;20;10;0;<FLG>
V6155020;V615502001;HINnJ;1;"2006-09-08 00:00:00";"2006-09-08 23:59:59";16;675;20;10;0;<FLG>
V6155020;V615502001;HINnJ;1;"2006-09-09 00:00:00";"2006-09-09 12:56:00";16;673;20;10;0;<FLG>
V6155020;V615502001;HINnJ;1;"2006-09-10 00:00:00";"2006-09-10 00:00:00";16;673;20;10;0;<FLG>
V6155020;V615502001;HINnJ;1;"2006-09-11 00:00:00";"2006-09-11 23:59:59";16;670;20;10;0;<FLG>
V6155020;V615502001;HINnJ;1;"2006-09-12 00:00:00";"2006-09-12 23:59:59";16;670;20;10;0;<FLG>
V6155020;V615502001;HINnJ;1;"2006-09-13 00:00:00";"2006-09-13 11:32:00";16;667;20;10;0;<FLG>
V6155020;V615502001;HINnJ;1;"2006-09-14 00:00:00";"2006-09-14 00:00:00";16;669;20;10;0;<FLG>
V6155020;V615502001;HINnJ;1;"2006-09-15 00:00:00";"2006-09-15 00:00:00";16;674;20;10;0;<FLG>
V6155020;V615502001;HINnJ;1;"2006-09-16 00:00:00";"2006-09-16 00:00:00";16;682;20;10;0;<FLG>
V6155020;V615502001;HINnJ;1;"2006-09-17 00:00:00";"2006-09-17 23:59:59";16;715;20;10;0;<FLG>
V6155020;V615502001;HINnJ;1;"2006-09-18 00:00:00";"2006-09-18 23:59:59";16;702;20;10;0;<FLG>
V6155020;V615502001;HINnJ;1;"2006-09-19 00:00:00";"2006-09-19 23:59:59";16;693;20;10;0;<FLG>
V6155020;V615502001;HINnJ;1;"2006-09-20 00:00:00";"2006-09-20 23:59:59";16;686;20;10;0;<FLG>
V6155020;V615502001;HINnJ;1;"2006-09-21 00:00:00";"2006-09-21 23:59:59";16;679;20;10;0;<FLG>
V6155020;V615502001;HINnJ;1;"2006-09-22 00:00:00";"2006-09-22 23:59:59";16;674;20;10;0;<FLG>
V6155020;V615502001;HINnJ;1;"2006-09-23 00:00:00";"2006-09-23 22:47:00";16;673;20;10;0;<FLG>
V6155020;V615502001;HINnJ;1;"2006-09-24 00:00:00";"2006-09-24 00:00:00";16;673;20;10;0;<FLG>
V6155020;V615502001;HINnJ;1;"2006-09-25 00:00:00";"2006-09-25 00:00:00";16;675;20;10;0;<FLG>
V6155020;V615502001;HINnJ;1;"2006-09-26 00:00:00";"2006-09-26 00:00:00";16;805;20;10;0;<FLG>
V6155020;V615502001;HINnJ;1;"2006-09-27 00:00:00";"2006-09-27 23:59:59";16;777;20;10;0;<FLG>
V6155020;V615502001;HINnJ;1;"2006-09-28 00:00:00";"2006-09-28 23:59:59";16;754;20;10;0;<FLG>
V6155020;V615502001;HINnJ;1;"2006-09-29 00:00:00";"2006-09-29 23:59:59";16;740;20;10;0;<FLG>
V6155020;V615502001;HINnJ;1;"2006-09-30 00:00:00";"2006-09-30 22:06:00";16;729;20;10;0;<FLG>
V6155020;V615502001;HINnJ;1;"2006-10-01 00:00:00";"2006-10-01 23:59:59";16;715;20;10;0;<FLG>
V6155020;V615502001;HINnJ;1;"2006-10-02 00:00:00";"2006-10-02 23:59:59";16;708;20;10;0;<FLG>
V6155020;V615502001;HINnJ;1;"2006-10-03 00:00:00";"2006-10-03 23:59:59";16;702;20;10;0;<FLG>
V6155020;V615502001;HINnJ;1;"2006-10-04 00:00:00";"2006-10-04 23:59:59";16;696;20;10;0;<FLG>
V6155020;V615502001;HINnJ;1;"2006-10-05 00:00:00";"2006-10-05 23:59:59";16;691;20;10;0;<FLG>
V6155020;V615502001;HINnJ;1;"2006-10-06 00:00:00";"2006-10-06 23:59:59";16;689;20;10;0;<FLG>
V6155020;V615502001;HINnJ;1;"2006-10-07 00:00:00";"2006-10-07 23:59:59";16;684;20;10;0;<FLG>
V6155020;V615502001;HINnJ;1;"2006-10-08 00:00:00";"2006-10-08 23:59:59";16;677;20;10;0;<FLG>
V6155020;V615502001;HINnJ;1;"2006-10-09 00:00:00";"2006-10-09 23:59:59";16;675;20;10;0;<FLG>
V6155020;V615502001;HINnJ;1;"2006-10-10 00:00:00";"2006-10-10 23:59:59";16;673;20;10;0;<FLG>
V6155020;V615502001;HINnJ;1;"2006-10-11 00:00:00";"2006-10-11 23:59:59";16;667;20;10;0;<FLG>
V6155020;V615502001;HINnJ;1;"2006-10-12 00:00:00";"2006-10-12 23:59:59";16;661;20;10;0;<FLG>
V6155020;V615502001;HINnJ;1;"2006-10-13 00:00:00";"2006-10-13 01:32:00";16;661;20;10;0;<FLG>
V6155020;V615502001;HINnJ;1;"2006-10-14 00:00:00";"2006-10-14 23:59:59";16;657;20;10;0;<FLG>
V6155020;V615502001;HINnJ;1;"2006-10-15 00:00:00";"2006-10-15 23:59:59";16;653;20;10;0;<FLG>
V6155020;V615502001;HINnJ;1;"2006-10-16 00:00:00";"2006-10-16 11:51:00";16;652;20;10;0;<FLG>
V6155020;V615502001;HINnJ;1;"2006-10-17 00:00:00";"2006-10-17 23:59:59";16;651;20;10;0;<FLG>
V6155020;V615502001;HINnJ;1;"2006-10-18 00:00:00";"2006-10-18 15:45:00";16;650;20;10;0;<FLG>
V6155020;V615502001;HINnJ;1;"2006-10-19 00:00:00";"2006-10-19 00:00:00";16;651;20;10;0;<FLG>
V6155020;V615502001;HINnJ;1;"2006-10-20 00:00:00";"2006-10-20 00:00:00";16;674;20;10;0;<FLG>
V6155020;V615502001;HINnJ;1;"2006-10-21 00:00:00";"2006-10-21 00:00:00";16;695;20;10;0;<FLG>
V6155020;V615502001;HINnJ;1;"2006-10-22 00:00:00";"2006-10-22 00:00:00";16;894;20;10;0;<FLG>
V6155020;V615502001;HINnJ;1;"2006-10-23 00:00:00";"2006-10-23 23:59:59";16;879;20;10;0;<FLG>
V6155020;V615502001;HINnJ;1;"2006-10-24 00:00:00";"2006-10-24 03:44:00";16;872;20;10;0;<FLG>
V6155020;V615502001;HINnJ;1;"2006-10-25 00:00:00";"2006-10-25 00:00:00";16;951;20;10;0;<FLG>
V6155020;V615502001;HINnJ;1;"2006-10-26 00:00:00";"2006-10-26 23:59:59";16;947;20;10;0;<FLG>
V6155020;V615502001;HINnJ;1;"2006-10-27 00:00:00";"2006-10-27 23:59:59";16;926;20;10;0;<FLG>
V6155020;V615502001;HINnJ;1;"2006-10-28 00:00:00";"2006-10-28 23:59:59";16;897;20;10;0;<FLG>
V6155020;V615502001;HINnJ;1;"2006-10-29 00:00:00";"2006-10-29 23:59:59";16;876;20;10;0;<FLG>
V6155020;V615502001;HINnJ;1;"2006-10-30 00:00:00";"2006-10-30 23:59:59";16;857;20;10;0;<FLG>
V6155020;V615502001;HINnJ;1;"2006-10-31 00:00:00";"2006-10-31 23:59:59";16;843;20;10;0;<FLG>
V6155020;V615502001;HINnJ;1;"2006-11-01 00:00:00";"2006-11-01 23:59:59";16;819;20;10;0;<FLG>
V6155020;V615502001;HINnJ;1;"2006-11-02 00:00:00";"2006-11-02 23:59:59";16;802;20;10;0;<FLG>
V6155020;V615502001;HINnJ;1;"2006-11-03 00:00:00";"2006-11-03 23:59:59";16;792;20;10;0;<FLG>
V6155020;V615502001;HINnJ;1;"2006-11-04 00:00:00";"2006-11-04 23:59:59";16;776;20;10;0;<FLG>
V6155020;V615502001;HINnJ;1;"2006-11-05 00:00:00";"2006-11-05 23:59:59";16;765;20;10;0;<FLG>
V6155020;V615502001;HINnJ;1;"2006-11-06 00:00:00";"2006-11-06 23:59:59";16;756;20;10;0;<FLG>
V6155020;V615502001;HINnJ;1;"2006-11-07 00:00:00";"2006-11-07 23:59:59";16;750;20;10;0;<FLG>
V6155020;V615502001;HINnJ;1;"2006-11-08 00:00:00";"2006-11-08 23:59:59";16;742;20;10;0;<FLG>
V6155020;V615502001;HINnJ;1;"2006-11-09 00:00:00";"2006-11-09 23:59:59";16;735;20;10;0;<FLG>
V6155020;V615502001;HINnJ;1;"2006-11-10 00:00:00";"2006-11-10 23:59:59";16;727;20;10;0;<FLG>
V6155020;V615502001;HINnJ;1;"2006-11-11 00:00:00";"2006-11-11 23:59:59";16;722;20;10;0;<FLG>
V6155020;V615502001;HINnJ;1;"2006-11-12 00:00:00";"2006-11-12 23:59:59";16;718;20;10;0;<FLG>
V6155020;V615502001;HINnJ;1;"2006-11-13 00:00:00";"2006-11-13 23:59:59";16;714;20;10;0;<FLG>
V6155020;V615502001;HINnJ;1;"2006-11-14 00:00:00";"2006-11-14 23:59:59";16;711;20;10;0;<FLG>
V6155020;V615502001;HINnJ;1;"2006-11-15 00:00:00";"2006-11-15 23:59:59";16;705;20;10;0;<FLG>
V6155020;V615502001;HINnJ;1;"2006-11-16 00:00:00";"2006-11-16 23:59:59";16;702;20;10;0;<FLG>
V6155020;V615502001;HINnJ;1;"2006-11-17 00:00:00";"2006-11-17 01:32:00";16;702;20;10;0;<FLG>
V6155020;V615502001;HINnJ;1;"2006-11-18 00:00:00";"2006-11-18 00:00:00";16;704;20;10;0;<FLG>
V6155020;V615502001;HINnJ;1;"2006-11-19 00:00:00";"2006-11-19 00:00:00";16;880;20;10;0;<FLG>
V6155020;V615502001;HINnJ;1;"2006-11-20 00:00:00";"2006-11-20 23:59:59";16;878;20;10;0;<FLG>
V6155020;V615502001;HINnJ;1;"2006-11-21 00:00:00";"2006-11-21 23:59:59";16;868;20;10;0;<FLG>
V6155020;V615502001;HINnJ;1;"2006-11-22 00:00:00";"2006-11-22 15:48:00";16;864;20;10;0;<FLG>
V6155020;V615502001;HINnJ;1;"2006-11-23 00:00:00";"2006-11-23 00:00:00";16;868;20;10;0;<FLG>
V6155020;V615502001;HINnJ;1;"2006-11-24 00:00:00";"2006-11-24 23:59:59";16;863;20;10;0;<FLG>
V6155020;V615502001;HINnJ;1;"2006-11-25 00:00:00";"2006-11-25 23:59:59";16;857;20;10;0;<FLG>
V6155020;V615502001;HINnJ;1;"2006-11-26 00:00:00";"2006-11-26 23:59:59";16;843;20;10;0;<FLG>
V6155020;V615502001;HINnJ;1;"2006-11-27 00:00:00";"2006-11-27 23:59:59";16;831;20;10;0;<FLG>
V6155020;V615502001;HINnJ;1;"2006-11-28 00:00:00";"2006-11-28 23:59:59";16;818;20;10;0;<FLG>
V6155020;V615502001;HINnJ;1;"2006-11-29 00:00:00";"2006-11-29 23:59:59";16;809;20;10;0;<FLG>
V6155020;V615502001;HINnJ;1;"2006-11-30 00:00:00";"2006-11-30 23:59:59";16;800;20;10;0;<FLG>
V6155020;V615502001;HINnJ;1;"2006-12-01 00:00:00";"2006-12-01 23:59:59";16;791;20;10;0;<FLG>
V6155020;V615502001;HINnJ;1;"2006-12-02 00:00:00";"2006-12-02 23:59:59";16;784;20;10;0;<FLG>
V6155020;V615502001;HINnJ;1;"2006-12-03 00:00:00";"2006-12-03 01:32:00";16;784;20;10;0;<FLG>
V6155020;V615502001;HINnJ;1;"2006-12-04 00:00:00";"2006-12-04 00:00:00";16;842;20;10;0;<FLG>
V6155020;V615502001;HINnJ;1;"2006-12-05 00:00:00";"2006-12-05 00:00:00";16;893;20;10;0;<FLG>
V6155020;V615502001;HINnJ;1;"2006-12-06 00:00:00";"2006-12-06 00:00:00";16;913;20;10;0;<FLG>
V6155020;V615502001;HINnJ;1;"2006-12-07 00:00:00";"2006-12-07 00:00:00";16;944;20;10;0;<FLG>
V6155020;V615502001;HINnJ;1;"2006-12-08 00:00:00";"2006-12-08 00:00:00";16;1059;20;10;0;<FLG>
V6155020;V615502001;HINnJ;1;"2006-12-09 00:00:00";"2006-12-09 00:00:00";16;1119;20;10;0;<FLG>
V6155020;V615502001;HINnJ;1;"2006-12-10 00:00:00";"2006-12-10 00:00:00";16;1314;20;10;0;<FLG>
V6155020;V615502001;HINnJ;1;"2006-12-11 00:00:00";"2006-12-11 23:59:59";16;1282;20;10;0;<FLG>
V6155020;V615502001;HINnJ;1;"2006-12-12 00:00:00";"2006-12-12 23:59:59";16;1236;20;10;0;<FLG>
V6155020;V615502001;HINnJ;1;"2006-12-13 00:00:00";"2006-12-13 23:59:59";16;1187;20;10;0;<FLG>
V6155020;V615502001;HINnJ;1;"2006-12-14 00:00:00";"2006-12-14 23:59:59";16;1138;20;10;0;<FLG>
V6155020;V615502001;HINnJ;1;"2006-12-15 00:00:00";"2006-12-15 23:59:59";16;1115;20;10;0;<FLG>
V6155020;V615502001;HINnJ;1;"2006-12-16 00:00:00";"2006-12-16 23:59:59";16;1094;20;10;0;<FLG>
V6155020;V615502001;HINnJ;1;"2006-12-17 00:00:00";"2006-12-17 23:59:59";16;1078;20;10;0;<FLG>
V6155020;V615502001;HINnJ;1;"2006-12-18 00:00:00";"2006-12-18 23:59:59";16;1061;20;10;0;<FLG>
V6155020;V615502001;HINnJ;1;"2006-12-19 00:00:00";"2006-12-19 23:59:59";16;1047;20;10;0;<FLG>
V6155020;V615502001;HINnJ;1;"2006-12-20 00:00:00";"2006-12-20 23:59:59";16;1032;20;10;0;<FLG>
V6155020;V615502001;HINnJ;1;"2006-12-21 00:00:00";"2006-12-21 23:59:59";16;1018;20;10;0;<FLG>
V6155020;V615502001;HINnJ;1;"2006-12-22 00:00:00";"2006-12-22 23:59:59";16;1003;20;10;0;<FLG>
V6155020;V615502001;HINnJ;1;"2006-12-23 00:00:00";"2006-12-23 23:59:59";16;989;20;10;0;<FLG>
V6155020;V615502001;HINnJ;1;"2006-12-24 00:00:00";"2006-12-24 23:59:59";16;978;20;10;0;<FLG>
V6155020;V615502001;HINnJ;1;"2006-12-25 00:00:00";"2006-12-25 23:59:59";16;968;20;10;0;<FLG>
V6155020;V615502001;HINnJ;1;"2006-12-26 00:00:00";"2006-12-26 23:59:59";16;957;20;10;0;<FLG>
V6155020;V615502001;HINnJ;1;"2006-12-27 00:00:00";"2006-12-27 23:59:59";16;948;20;10;0;<FLG>
V6155020;V615502001;HINnJ;1;"2006-12-28 00:00:00";"2006-12-28 23:59:59";16;939;20;10;0;<FLG>
V6155020;V615502001;HINnJ;1;"2006-12-29 00:00:00";"2006-12-29 23:59:59";16;931;20;10;0;<FLG>
V6155020;V615502001;HINnJ;1;"2006-12-30 00:00:00";"2006-12-30 23:59:59";16;922;20;10;0;<FLG>
V6155020;V615502001;HINnJ;1;"2006-12-31 00:00:00";"2006-12-31 23:59:59";16;914;20;10;0;<FLG>
V6155020;V615502001;HINnJ;1;"2007-01-01 00:00:00";"2007-01-01 23:59:59";16;906;20;10;0;<FLG>
V6155020;V615502001;HINnJ;1;"2007-01-02 00:00:00";"2007-01-02 23:59:59";16;900;20;10;0;<FLG>
V6155020;V615502001;HINnJ;1;"2007-01-03 00:00:00";"2007-01-03 23:59:59";16;893;20;10;0;<FLG>
V6155020;V615502001;HINnJ;1;"2007-01-04 00:00:00";"2007-01-04 23:59:59";16;880;20;10;0;<FLG>
V6155020;V615502001;HINnJ;1;"2007-01-05 00:00:00";"2007-01-05 23:59:59";16;873;20;10;0;<FLG>
V6155020;V615502001;HINnJ;1;"2007-01-06 00:00:00";"2007-01-06 23:59:59";16;868;20;10;0;<FLG>
V6155020;V615502001;HINnJ;1;"2007-01-07 00:00:00";"2007-01-07 23:59:59";16;861;20;10;0;<FLG>
V6155020;V615502001;HINnJ;1;"2007-01-08 00:00:00";"2007-01-08 23:59:59";16;855;20;10;0;<FLG>
V6155020;V615502001;HINnJ;1;"2007-01-09 00:00:00";"2007-01-09 23:59:59";16;850;20;10;0;<FLG>
V6155020;V615502001;HINnJ;1;"2007-01-10 00:00:00";"2007-01-10 23:59:59";16;846;20;10;0;<FLG>
V6155020;V615502001;HINnJ;1;"2007-01-11 00:00:00";"2007-01-11 23:59:59";16;838;20;10;0;<FLG>
V6155020;V615502001;HINnJ;1;"2007-01-12 00:00:00";"2007-01-12 23:59:59";16;835;20;10;0;<FLG>
V6155020;V615502001;HINnJ;1;"2007-01-13 00:00:00";"2007-01-13 23:59:59";16;827;20;10;0;<FLG>
V6155020;V615502001;HINnJ;1;"2007-01-14 00:00:00";"2007-01-14 23:59:59";16;822;20;10;0;<FLG>
V6155020;V615502001;HINnJ;1;"2007-01-15 00:00:00";"2007-01-15 23:59:59";16;818;20;10;0;<FLG>
V6155020;V615502001;HINnJ;1;"2007-01-16 00:00:00";"2007-01-16 23:59:59";16;814;20;10;0;<FLG>
V6155020;V615502001;HINnJ;1;"2007-01-17 00:00:00";"2007-01-17 22:15:00";16;804;20;10;0;<FLG>
V6155020;V615502001;HINnJ;1;"2007-01-18 00:00:00";"2007-01-18 23:59:59";16;802;20;10;0;<FLG>
V6155020;V615502001;HINnJ;1;"2007-01-19 00:00:00";"2007-01-19 23:59:59";16;799;20;10;0;<FLG>
V6155020;V615502001;HINnJ;1;"2007-01-20 00:00:00";"2007-01-20 23:59:59";16;794;20;10;0;<FLG>
V6155020;V615502001;HINnJ;1;"2007-01-21 00:00:00";"2007-01-21 23:59:59";16;792;20;10;0;<FLG>
V6155020;V615502001;HINnJ;1;"2007-01-22 00:00:00";"2007-01-22 12:31:00";16;790;20;10;0;<FLG>
V6155020;V615502001;HINnJ;1;"2007-01-23 00:00:00";"2007-01-23 13:49:00";16;788;20;10;0;<FLG>
V6155020;V615502001;HINnJ;1;"2007-01-24 00:00:00";"2007-01-24 00:00:00";16;790;20;10;0;<FLG>
V6155020;V615502001;HINnJ;1;"2007-01-25 00:00:00";"2007-01-25 23:59:59";16;802;20;10;0;<FLG>
V6155020;V615502001;HINnJ;1;"2007-01-26 00:00:00";"2007-01-26 23:59:59";16;799;20;10;0;<FLG>
V6155020;V615502001;HINnJ;1;"2007-01-27 00:00:00";"2007-01-27 23:59:59";16;796;20;10;0;<FLG>
V6155020;V615502001;HINnJ;1;"2007-01-28 00:00:00";"2007-01-28 23:59:59";16;793;20;10;0;<FLG>
V6155020;V615502001;HINnJ;1;"2007-01-29 00:00:00";"2007-01-29 23:59:59";16;789;20;10;0;<FLG>
V6155020;V615502001;HINnJ;1;"2007-01-30 00:00:00";"2007-01-30 23:59:59";16;788;20;10;0;<FLG>
V6155020;V615502001;HINnJ;1;"2007-01-31 00:00:00";"2007-01-31 23:59:59";16;785;20;10;0;<FLG>
V6155020;V615502001;HINnJ;1;"2007-02-01 00:00:00";"2007-02-01 23:59:59";16;782;20;10;0;<FLG>
V6155020;V615502001;HINnJ;1;"2007-02-02 00:00:00";"2007-02-02 23:59:59";16;779;20;10;0;<FLG>
V6155020;V615502001;HINnJ;1;"2007-02-03 00:00:00";"2007-02-03 12:02:00";16;778;20;10;0;<FLG>
V6155020;V615502001;HINnJ;1;"2007-02-04 00:00:00";"2007-02-04 16:17:00";16;774;20;10;0;<FLG>
V6155020;V615502001;HINnJ;1;"2007-02-05 00:00:00";"2007-02-05 12:00:00";16;772;20;10;0;<FLG>
V6155020;V615502001;HINnJ;1;"2007-02-06 00:00:00";"2007-02-06 00:00:00";16;774;20;10;0;<FLG>
V6155020;V615502001;HINnJ;1;"2007-02-07 00:00:00";"2007-02-07 23:16:00";16;773;20;10;0;<FLG>
V6155020;V615502001;HINnJ;1;"2007-02-08 00:00:00";"2007-02-08 20:26:00";16;771;20;10;0;<FLG>
V6155020;V615502001;HINnJ;1;"2007-02-09 00:00:00";"2007-02-09 17:36:00";16;770;20;10;0;<FLG>
V6155020;V615502001;HINnJ;1;"2007-02-10 00:00:00";"2007-02-10 23:59:59";16;764;20;10;0;<FLG>
V6155020;V615502001;HINnJ;1;"2007-02-11 00:00:00";"2007-02-11 20:24:00";16;762;20;10;0;<FLG>
V6155020;V615502001;HINnJ;1;"2007-02-12 00:00:00";"2007-02-12 00:00:00";16;764;20;10;0;<FLG>
V6155020;V615502001;HINnJ;1;"2007-02-13 00:00:00";"2007-02-13 00:00:00";16;768;20;10;0;<FLG>
V6155020;V615502001;HINnJ;1;"2007-02-14 00:00:00";"2007-02-14 00:00:00";16;797;20;10;0;<FLG>
V6155020;V615502001;HINnJ;1;"2007-02-15 00:00:00";"2007-02-15 00:00:00";16;820;20;10;0;<FLG>
V6155020;V615502001;HINnJ;1;"2007-02-16 00:00:00";"2007-02-16 00:00:00";16;839;20;10;0;<FLG>
V6155020;V615502001;HINnJ;1;"2007-02-17 00:00:00";"2007-02-17 00:00:00";16;870;20;10;0;<FLG>
V6155020;V615502001;HINnJ;1;"2007-02-18 00:00:00";"2007-02-18 20:37:00";16;880;20;10;0;<FLG>
V6155020;V615502001;HINnJ;1;"2007-02-19 00:00:00";"2007-02-19 16:15:00";16;877;20;10;0;<FLG>
V6155020;V615502001;HINnJ;1;"2007-02-20 00:00:00";"2007-02-20 23:59:59";16;871;20;10;0;<FLG>
V6155020;V615502001;HINnJ;1;"2007-02-21 00:00:00";"2007-02-21 23:59:59";16;864;20;10;0;<FLG>
V6155020;V615502001;HINnJ;1;"2007-02-22 00:00:00";"2007-02-22 23:59:59";16;858;20;10;0;<FLG>
V6155020;V615502001;HINnJ;1;"2007-02-23 00:00:00";"2007-02-23 23:59:59";16;851;20;10;0;<FLG>
V6155020;V615502001;HINnJ;1;"2007-02-24 00:00:00";"2007-02-24 23:59:59";16;845;20;10;0;<FLG>
V6155020;V615502001;HINnJ;1;"2007-02-25 00:00:00";"2007-02-25 12:23:00";16;842;20;10;0;<FLG>
V6155020;V615502001;HINnJ;1;"2007-02-26 00:00:00";"2007-02-26 00:00:00";16;843;20;10;0;<FLG>
V6155020;V615502001;HINnJ;1;"2007-02-27 00:00:00";"2007-02-27 00:00:00";16;863;20;10;0;<FLG>
V6155020;V615502001;HINnJ;1;"2007-02-28 00:00:00";"2007-02-28 00:00:00";16;875;20;10;0;<FLG>
V6155020;V615502001;HINnJ;1;"2007-03-01 00:00:00";"2007-03-01 00:00:00";16;879;20;10;0;<FLG>
V6155020;V615502001;HINnJ;1;"2007-03-02 00:00:00";"2007-03-02 23:59:59";16;880;20;10;0;<FLG>
V6155020;V615502001;HINnJ;1;"2007-03-03 00:00:00";"2007-03-03 05:03:00";16;878;20;10;0;<FLG>
V6155020;V615502001;HINnJ;1;"2007-03-04 00:00:00";"2007-03-04 23:59:59";16;876;20;10;0;<FLG>
V6155020;V615502001;HINnJ;1;"2007-03-05 00:00:00";"2007-03-05 23:59:59";16;869;20;10;0;<FLG>
V6155020;V615502001;HINnJ;1;"2007-03-06 00:00:00";"2007-03-06 23:59:59";16;864;20;10;0;<FLG>
V6155020;V615502001;HINnJ;1;"2007-03-07 00:00:00";"2007-03-07 12:23:00";16;862;20;10;0;<FLG>
V6155020;V615502001;HINnJ;1;"2007-03-08 00:00:00";"2007-03-08 00:00:00";16;863;20;10;0;<FLG>
V6155020;V615502001;HINnJ;1;"2007-03-09 00:00:00";"2007-03-09 23:13:00";16;865;20;10;0;<FLG>
V6155020;V615502001;HINnJ;1;"2007-03-10 00:00:00";"2007-03-10 00:00:00";16;865;20;10;0;<FLG>
V6155020;V615502001;HINnJ;1;"2007-03-11 00:00:00";"2007-03-11 23:59:59";16;859;20;10;0;<FLG>
V6155020;V615502001;HINnJ;1;"2007-03-12 00:00:00";"2007-03-12 23:59:59";16;856;20;10;0;<FLG>
V6155020;V615502001;HINnJ;1;"2007-03-13 00:00:00";"2007-03-13 23:59:59";16;852;20;10;0;<FLG>
V6155020;V615502001;HINnJ;1;"2007-03-14 00:00:00";"2007-03-14 23:59:59";16;848;20;10;0;<FLG>
V6155020;V615502001;HINnJ;1;"2007-03-15 00:00:00";"2007-03-15 23:59:59";16;843;20;10;0;<FLG>
V6155020;V615502001;HINnJ;1;"2007-03-16 00:00:00";"2007-03-16 23:59:59";16;839;20;10;0;<FLG>
V6155020;V615502001;HINnJ;1;"2007-03-17 00:00:00";"2007-03-17 23:59:59";16;834;20;10;0;<FLG>
V6155020;V615502001;HINnJ;1;"2007-03-18 00:00:00";"2007-03-18 12:13:00";16;832;20;10;0;<FLG>
V6155020;V615502001;HINnJ;1;"2007-03-19 00:00:00";"2007-03-19 14:43:00";16;832;20;10;0;<FLG>
V6155020;V615502001;HINnJ;1;"2007-03-20 00:00:00";"2007-03-20 13:20:00";16;831;20;10;0;<FLG>
V6155020;V615502001;HINnJ;1;"2007-03-21 00:00:00";"2007-03-21 23:59:59";16;827;20;10;0;<FLG>
V6155020;V615502001;HINnJ;1;"2007-03-22 00:00:00";"2007-03-22 23:59:59";16;816;20;10;0;<FLG>
V6155020;V615502001;HINnJ;1;"2007-03-23 00:00:00";"2007-03-23 23:59:59";16;811;20;10;0;<FLG>
V6155020;V615502001;HINnJ;1;"2007-03-24 00:00:00";"2007-03-24 23:59:59";16;807;20;10;0;<FLG>
V6155020;V615502001;HINnJ;1;"2007-03-25 00:00:00";"2007-03-25 23:59:59";16;801;20;10;0;<FLG>
V6155020;V615502001;HINnJ;1;"2007-03-26 00:00:00";"2007-03-26 23:59:59";16;795;20;10;0;<FLG>
V6155020;V615502001;HINnJ;1;"2007-03-27 00:00:00";"2007-03-27 23:59:59";16;791;20;10;0;<FLG>
V6155020;V615502001;HINnJ;1;"2007-03-28 00:00:00";"2007-03-28 23:59:59";16;787;20;10;0;<FLG>
V6155020;V615502001;HINnJ;1;"2007-03-29 00:00:00";"2007-03-29 23:59:59";16;784;20;10;0;<FLG>
V6155020;V615502001;HINnJ;1;"2007-03-30 00:00:00";"2007-03-30 23:59:59";16;782;20;10;0;<FLG>
V6155020;V615502001;HINnJ;1;"2007-03-31 00:00:00";"2007-03-31 23:45:00";16;777;20;10;0;<FLG>
V6155020;V615502001;HINnJ;1;"2007-04-01 00:00:00";"2007-04-01 23:59:59";16;774;20;10;0;<FLG>
V6155020;V615502001;HINnJ;1;"2007-04-02 00:00:00";"2007-04-02 06:35:00";16;774;20;10;0;<FLG>
V6155020;V615502001;HINnJ;1;"2007-04-03 00:00:00";"2007-04-03 00:00:00";16;779;20;10;0;<FLG>
V6155020;V615502001;HINnJ;1;"2007-04-04 00:00:00";"2007-04-04 00:00:00";16;787;20;10;0;<FLG>
V6155020;V615502001;HINnJ;1;"2007-04-05 00:00:00";"2007-04-05 00:00:00";16;796;20;10;0;<FLG>
V6155020;V615502001;HINnJ;1;"2007-04-06 00:00:00";"2007-04-06 00:00:00";16;809;20;10;0;<FLG>
V6155020;V615502001;HINnJ;1;"2007-04-07 00:00:00";"2007-04-07 00:00:00";16;818;20;10;0;<FLG>
V6155020;V615502001;HINnJ;1;"2007-04-08 00:00:00";"2007-04-08 00:00:00";16;822;20;10;0;<FLG>
V6155020;V615502001;HINnJ;1;"2007-04-09 00:00:00";"2007-04-09 00:00:00";16;822;20;10;0;<FLG>
V6155020;V615502001;HINnJ;1;"2007-04-10 00:00:00";"2007-04-10 00:00:00";16;826;20;10;0;<FLG>
V6155020;V615502001;HINnJ;1;"2007-04-11 00:00:00";"2007-04-11 23:59:59";16;830;20;10;0;<FLG>
V6155020;V615502001;HINnJ;1;"2007-04-12 00:00:00";"2007-04-12 23:59:59";16;826;20;10;0;<FLG>
V6155020;V615502001;HINnJ;1;"2007-04-13 00:00:00";"2007-04-13 23:59:59";16;824;20;10;0;<FLG>
V6155020;V615502001;HINnJ;1;"2007-04-14 00:00:00";"2007-04-14 02:08:00";16;824;20;10;0;<FLG>
V6155020;V615502001;HINnJ;1;"2007-04-15 00:00:00";"2007-04-15 00:00:00";16;833;20;10;0;<FLG>
V6155020;V615502001;HINnJ;1;"2007-04-16 00:00:00";"2007-04-16 00:00:00";16;847;20;10;0;<FLG>
V6155020;V615502001;HINnJ;1;"2007-04-17 00:00:00";"2007-04-17 23:59:59";16;852;20;10;0;<FLG>
V6155020;V615502001;HINnJ;1;"2007-04-18 00:00:00";"2007-04-18 14:35:00";16;850;20;10;0;<FLG>
V6155020;V615502001;HINnJ;1;"2007-04-19 00:00:00";"2007-04-19 23:59:59";16;846;20;10;0;<FLG>
V6155020;V615502001;HINnJ;1;"2007-04-20 00:00:00";"2007-04-20 23:59:59";16;840;20;10;0;<FLG>
V6155020;V615502001;HINnJ;1;"2007-04-21 00:00:00";"2007-04-21 13:37:00";16;837;20;10;0;<FLG>
V6155020;V615502001;HINnJ;1;"2007-04-22 00:00:00";"2007-04-22 23:59:59";16;831;20;10;0;<FLG>
V6155020;V615502001;HINnJ;1;"2007-04-23 00:00:00";"2007-04-23 13:36:00";16;830;20;10;0;<FLG>
V6155020;V615502001;HINnJ;1;"2007-04-24 00:00:00";"2007-04-24 20:49:00";16;827;20;10;0;<FLG>
V6155020;V615502001;HINnJ;1;"2007-04-25 00:00:00";"2007-04-25 23:59:59";16;823;20;10;0;<FLG>
V6155020;V615502001;HINnJ;1;"2007-04-26 00:00:00";"2007-04-26 23:59:59";16;817;20;10;0;<FLG>
V6155020;V615502001;HINnJ;1;"2007-04-27 00:00:00";"2007-04-27 23:59:59";16;813;20;10;0;<FLG>
V6155020;V615502001;HINnJ;1;"2007-04-28 00:00:00";"2007-04-28 23:59:59";16;807;20;10;0;<FLG>
V6155020;V615502001;HINnJ;1;"2007-04-29 00:00:00";"2007-04-29 17:09:00";16;803;20;10;0;<FLG>
V6155020;V615502001;HINnJ;1;"2007-04-30 00:00:00";"2007-04-30 23:30:00";16;799;20;10;0;<FLG>
V6155020;V615502001;HINnJ;1;"2007-05-01 00:00:00";"2007-05-01 23:59:59";16;798;20;10;0;<FLG>
V6155020;V615502001;HINnJ;1;"2007-05-02 00:00:00";"2007-05-02 05:02:00";16;798;20;10;0;<FLG>
V6155020;V615502001;HINnJ;1;"2007-05-03 00:00:00";"2007-05-03 00:00:00";16;860;20;10;0;<FLG>
V6155020;V615502001;HINnJ;1;"2007-05-04 00:00:00";"2007-05-04 00:00:00";16;1002;20;10;0;<FLG>
V6155020;V615502001;HINnJ;1;"2007-05-05 00:00:00";"2007-05-05 00:00:00";16;1080;20;10;0;<FLG>
V6155020;V615502001;HINnJ;1;"2007-05-06 00:00:00";"2007-05-06 00:00:00";16;1151;20;10;0;<FLG>
V6155020;V615502001;HINnJ;1;"2007-05-07 00:00:00";"2007-05-07 23:59:59";16;1146;20;10;0;<FLG>
V6155020;V615502001;HINnJ;1;"2007-05-08 00:00:00";"2007-05-08 22:38:00";16;1130;20;10;0;<FLG>
V6155020;V615502001;HINnJ;1;"2007-05-09 00:00:00";"2007-05-09 23:59:59";16;1106;20;10;0;<FLG>
V6155020;V615502001;HINnJ;1;"2007-05-10 00:00:00";"2007-05-10 23:59:59";16;1080;20;10;0;<FLG>
V6155020;V615502001;HINnJ;1;"2007-05-11 00:00:00";"2007-05-11 23:59:59";16;1062;20;10;0;<FLG>
V6155020;V615502001;HINnJ;1;"2007-05-12 00:00:00";"2007-05-12 23:59:59";16;1048;20;10;0;<FLG>
V6155020;V615502001;HINnJ;1;"2007-05-13 00:00:00";"2007-05-13 23:59:59";16;1031;20;10;0;<FLG>
V6155020;V615502001;HINnJ;1;"2007-05-14 00:00:00";"2007-05-14 23:59:59";16;1014;20;10;0;<FLG>
V6155020;V615502001;HINnJ;1;"2007-05-15 00:00:00";"2007-05-15 23:59:59";16;998;20;10;0;<FLG>
V6155020;V615502001;HINnJ;1;"2007-05-16 00:00:00";"2007-05-16 23:59:59";16;984;20;10;0;<FLG>
V6155020;V615502001;HINnJ;1;"2007-05-17 00:00:00";"2007-05-17 23:59:59";16;972;20;10;0;<FLG>
V6155020;V615502001;HINnJ;1;"2007-05-18 00:00:00";"2007-05-18 23:59:59";16;961;20;10;0;<FLG>
V6155020;V615502001;HINnJ;1;"2007-05-19 00:00:00";"2007-05-19 23:59:59";16;948;20;10;0;<FLG>
V6155020;V615502001;HINnJ;1;"2007-05-20 00:00:00";"2007-05-20 23:59:59";16;937;20;10;0;<FLG>
V6155020;V615502001;HINnJ;1;"2007-05-21 00:00:00";"2007-05-21 23:59:59";16;925;20;10;0;<FLG>
V6155020;V615502001;HINnJ;1;"2007-05-22 00:00:00";"2007-05-22 23:59:59";16;914;20;10;0;<FLG>
V6155020;V615502001;HINnJ;1;"2007-05-23 00:00:00";"2007-05-23 23:59:59";16;907;20;10;0;<FLG>
V6155020;V615502001;HINnJ;1;"2007-05-24 00:00:00";"2007-05-24 23:59:59";16;898;20;10;0;<FLG>
V6155020;V615502001;HINnJ;1;"2007-05-25 00:00:00";"2007-05-25 23:59:59";16;892;20;10;0;<FLG>
V6155020;V615502001;HINnJ;1;"2007-05-26 00:00:00";"2007-05-26 23:59:59";16;885;20;10;0;<FLG>
V6155020;V615502001;HINnJ;1;"2007-05-27 00:00:00";"2007-05-27 23:59:59";16;878;20;10;0;<FLG>
V6155020;V615502001;HINnJ;1;"2007-05-28 00:00:00";"2007-05-28 23:59:59";16;873;20;10;0;<FLG>
V6155020;V615502001;HINnJ;1;"2007-05-29 00:00:00";"2007-05-29 12:13:00";16;871;20;10;0;<FLG>
V6155020;V615502001;HINnJ;1;"2007-05-30 00:00:00";"2007-05-30 23:59:59";16;866;20;10;0;<FLG>
V6155020;V615502001;HINnJ;1;"2007-05-31 00:00:00";"2007-05-31 23:59:59";16;859;20;10;0;<FLG>
V6155020;V615502001;HINnJ;1;"2007-06-01 00:00:00";"2007-06-01 01:39:00";16;858;20;10;0;<FLG>
V6155020;V615502001;HINnJ;1;"2007-06-02 00:00:00";"2007-06-02 00:00:00";16;872;20;10;0;<FLG>
V6155020;V615502001;HINnJ;1;"2007-06-03 00:00:00";"2007-06-03 23:59:59";16;871;20;10;0;<FLG>
V6155020;V615502001;HINnJ;1;"2007-06-04 00:00:00";"2007-06-04 20:34:00";16;864;20;10;0;<FLG>
V6155020;V615502001;HINnJ;1;"2007-06-05 00:00:00";"2007-06-05 00:48:00";16;864;20;10;0;<FLG>
V6155020;V615502001;HINnJ;1;"2007-06-06 00:00:00";"2007-06-06 00:00:00";16;873;20;10;0;<FLG>
V6155020;V615502001;HINnJ;1;"2007-06-07 00:00:00";"2007-06-07 00:00:00";16;883;20;10;0;<FLG>
V6155020;V615502001;HINnJ;1;"2007-06-08 00:00:00";"2007-06-08 00:00:00";16;897;20;10;0;<FLG>
V6155020;V615502001;HINnJ;1;"2007-06-09 00:00:00";"2007-06-09 00:00:00";16;907;20;10;0;<FLG>
V6155020;V615502001;HINnJ;1;"2007-06-10 00:00:00";"2007-06-10 00:00:00";16;958;20;10;0;<FLG>
V6155020;V615502001;HINnJ;1;"2007-06-11 00:00:00";"2007-06-11 23:59:59";16;994;20;10;0;<FLG>
V6155020;V615502001;HINnJ;1;"2007-06-12 00:00:00";"2007-06-12 23:59:59";16;968;20;10;0;<FLG>
V6155020;V615502001;HINnJ;1;"2007-06-13 00:00:00";"2007-06-13 23:59:59";16;943;20;10;0;<FLG>
V6155020;V615502001;HINnJ;1;"2007-06-14 00:00:00";"2007-06-14 23:59:59";16;925;20;10;0;<FLG>
V6155020;V615502001;HINnJ;1;"2007-06-15 00:00:00";"2007-06-15 12:38:00";16;918;20;10;0;<FLG>
V6155020;V615502001;HINnJ;1;"2007-06-16 00:00:00";"2007-06-16 00:00:00";16;942;20;10;0;<FLG>
V6155020;V615502001;HINnJ;1;"2007-06-17 00:00:00";"2007-06-17 23:59:59";16;996;20;10;0;<FLG>
V6155020;V615502001;HINnJ;1;"2007-06-18 00:00:00";"2007-06-18 23:59:59";16;980;20;10;0;<FLG>
V6155020;V615502001;HINnJ;1;"2007-06-19 00:00:00";"2007-06-19 23:59:59";16;963;20;10;0;<FLG>
V6155020;V615502001;HINnJ;1;"2007-06-20 00:00:00";"2007-06-20 23:59:59";16;951;20;10;0;<FLG>
V6155020;V615502001;HINnJ;1;"2007-06-21 00:00:00";"2007-06-21 23:59:59";16;937;20;10;0;<FLG>
V6155020;V615502001;HINnJ;1;"2007-06-22 00:00:00";"2007-06-22 23:59:59";16;925;20;10;0;<FLG>
V6155020;V615502001;HINnJ;1;"2007-06-23 00:00:00";"2007-06-23 23:59:59";16;913;20;10;0;<FLG>
V6155020;V615502001;HINnJ;1;"2007-06-24 00:00:00";"2007-06-24 23:59:59";16;905;20;10;0;<FLG>
V6155020;V615502001;HINnJ;1;"2007-06-25 00:00:00";"2007-06-25 23:59:59";16;894;20;10;0;<FLG>
V6155020;V615502001;HINnJ;1;"2007-06-26 00:00:00";"2007-06-26 23:59:59";16;885;20;10;0;<FLG>
V6155020;V615502001;HINnJ;1;"2007-06-27 00:00:00";"2007-06-27 23:59:59";16;877;20;10;0;<FLG>
V6155020;V615502001;HINnJ;1;"2007-06-28 00:00:00";"2007-06-28 23:59:59";16;869;20;10;0;<FLG>
V6155020;V615502001;HINnJ;1;"2007-06-29 00:00:00";"2007-06-29 23:59:59";16;860;20;10;0;<FLG>
V6155020;V615502001;HINnJ;1;"2007-06-30 00:00:00";"2007-06-30 23:59:59";16;854;20;10;0;<FLG>
V6155020;V615502001;HINnJ;1;"2007-07-01 00:00:00";"2007-07-01 19:55:00";16;848;20;10;0;<FLG>
V6155020;V615502001;HINnJ;1;"2007-07-02 00:00:00";"2007-07-02 23:59:59";16;841;20;10;0;<FLG>
V6155020;V615502001;HINnJ;1;"2007-07-03 00:00:00";"2007-07-03 23:59:59";16;836;20;10;0;<FLG>
V6155020;V615502001;HINnJ;1;"2007-07-04 00:00:00";"2007-07-04 23:59:59";16;830;20;10;0;<FLG>
V6155020;V615502001;HINnJ;1;"2007-07-05 00:00:00";"2007-07-05 15:08:00";16;822;20;10;0;<FLG>
V6155020;V615502001;HINnJ;1;"2007-07-06 00:00:00";"2007-07-06 23:59:59";16;820;20;10;0;<FLG>
V6155020;V615502001;HINnJ;1;"2007-07-07 00:00:00";"2007-07-07 23:59:59";16;814;20;10;0;<FLG>
V6155020;V615502001;HINnJ;1;"2007-07-08 00:00:00";"2007-07-08 23:59:59";16;807;20;10;0;<FLG>
V6155020;V615502001;HINnJ;1;"2007-07-09 00:00:00";"2007-07-09 23:59:59";16;803;20;10;0;<FLG>
V6155020;V615502001;HINnJ;1;"2007-07-10 00:00:00";"2007-07-10 23:59:59";16;798;20;10;0;<FLG>
V6155020;V615502001;HINnJ;1;"2007-07-11 00:00:00";"2007-07-11 23:59:59";16;793;20;10;0;<FLG>
V6155020;V615502001;HINnJ;1;"2007-07-12 00:00:00";"2007-07-12 23:59:59";16;789;20;10;0;<FLG>
V6155020;V615502001;HINnJ;1;"2007-07-13 00:00:00";"2007-07-13 23:59:59";16;785;20;10;0;<FLG>
V6155020;V615502001;HINnJ;1;"2007-07-14 00:00:00";"2007-07-14 23:59:59";16;781;20;10;0;<FLG>
V6155020;V615502001;HINnJ;1;"2007-07-15 00:00:00";"2007-07-15 23:59:59";16;777;20;10;0;<FLG>
V6155020;V615502001;HINnJ;1;"2007-07-16 00:00:00";"2007-07-16 23:59:59";16;774;20;10;0;<FLG>
V6155020;V615502001;HINnJ;1;"2007-07-17 00:00:00";"2007-07-17 23:59:59";16;770;20;10;0;<FLG>
V6155020;V615502001;HINnJ;1;"2007-07-18 00:00:00";"2007-07-18 23:59:59";16;768;20;10;0;<FLG>
V6155020;V615502001;HINnJ;1;"2007-07-19 00:00:00";"2007-07-19 23:59:59";16;764;20;10;0;<FLG>
V6155020;V615502001;HINnJ;1;"2007-07-20 00:00:00";"2007-07-20 23:59:59";16;762;20;10;0;<FLG>
V6155020;V615502001;HINnJ;1;"2007-07-21 00:00:00";"2007-07-21 23:59:59";16;758;20;10;0;<FLG>
V6155020;V615502001;HINnJ;1;"2007-07-22 00:00:00";"2007-07-22 23:59:59";16;756;20;10;0;<FLG>
V6155020;V615502001;HINnJ;1;"2007-07-23 00:00:00";"2007-07-23 23:59:59";16;752;20;10;0;<FLG>
V6155020;V615502001;HINnJ;1;"2007-07-24 00:00:00";"2007-07-24 23:59:59";16;750;20;10;0;<FLG>
V6155020;V615502001;HINnJ;1;"2007-07-25 00:00:00";"2007-07-25 23:59:59";16;746;20;10;0;<FLG>
V6155020;V615502001;HINnJ;1;"2007-07-26 00:00:00";"2007-07-26 23:59:59";16;743;20;10;0;<FLG>
V6155020;V615502001;HINnJ;1;"2007-07-27 00:00:00";"2007-07-27 23:59:59";16;740;20;10;0;<FLG>
V6155020;V615502001;HINnJ;1;"2007-07-28 00:00:00";"2007-07-28 23:59:59";16;737;20;10;0;<FLG>
V6155020;V615502001;HINnJ;1;"2007-07-29 00:00:00";"2007-07-29 23:59:59";16;734;20;10;0;<FLG>
V6155020;V615502001;HINnJ;1;"2007-07-30 00:00:00";"2007-07-30 23:59:59";16;730;20;10;0;<FLG>
V6155020;V615502001;HINnJ;1;"2007-07-31 00:00:00";"2007-07-31 23:59:59";16;727;20;10;0;<FLG>
V6155020;V615502001;HINnJ;1;"2007-08-01 00:00:00";"2007-08-01 23:59:59";16;724;20;10;0;<FLG>
V6155020;V615502001;HINnJ;1;"2007-08-02 00:00:00";"2007-08-02 23:59:59";16;720;20;10;0;<FLG>
V6155020;V615502001;HINnJ;1;"2007-08-03 00:00:00";"2007-08-03 23:59:59";16;718;20;10;0;<FLG>
V6155020;V615502001;HINnJ;1;"2007-08-04 00:00:00";"2007-08-04 23:59:59";16;714;20;10;0;<FLG>
V6155020;V615502001;HINnJ;1;"2007-08-05 00:00:00";"2007-08-05 23:59:59";16;712;20;10;0;<FLG>
V6155020;V615502001;HINnJ;1;"2007-08-06 00:00:00";"2007-08-06 23:59:59";16;708;20;10;0;<FLG>
V6155020;V615502001;HINnJ;1;"2007-08-07 00:00:00";"2007-08-07 23:59:59";16;706;20;10;0;<FLG>
V6155020;V615502001;HINnJ;1;"2007-08-08 00:00:00";"2007-08-08 23:59:59";16;702;20;10;0;<FLG>
V6155020;V615502001;HINnJ;1;"2007-08-09 00:00:00";"2007-08-09 23:59:59";16;700;20;10;0;<FLG>
V6155020;V615502001;HINnJ;1;"2007-08-10 00:00:00";"2007-08-10 23:59:59";16;696;20;10;0;<FLG>
V6155020;V615502001;HINnJ;1;"2007-08-11 00:00:00";"2007-08-11 23:59:59";16;694;20;10;0;<FLG>
V6155020;V615502001;HINnJ;1;"2007-08-12 00:00:00";"2007-08-12 23:59:59";16;690;20;10;0;<FLG>
V6155020;V615502001;HINnJ;1;"2007-08-13 00:00:00";"2007-08-13 23:59:59";16;688;20;10;0;<FLG>
V6155020;V615502001;HINnJ;1;"2007-08-14 00:00:00";"2007-08-14 23:59:59";16;684;20;10;0;<FLG>
V6155020;V615502001;HINnJ;1;"2007-08-15 00:00:00";"2007-08-15 23:59:59";16;682;20;10;0;<FLG>
V6155020;V615502001;HINnJ;1;"2007-08-16 00:00:00";"2007-08-16 23:59:59";16;679;20;10;0;<FLG>
V6155020;V615502001;HINnJ;1;"2007-08-17 00:00:00";"2007-08-17 23:59:59";16;677;20;10;0;<FLG>
V6155020;V615502001;HINnJ;1;"2007-08-18 00:00:00";"2007-08-18 23:59:59";16;675;20;10;0;<FLG>
V6155020;V615502001;HINnJ;1;"2007-08-19 00:00:00";"2007-08-19 23:59:59";16;673;20;10;0;<FLG>
V6155020;V615502001;HINnJ;1;"2007-08-20 00:00:00";"2007-08-20 23:59:59";16;671;20;10;0;<FLG>
V6155020;V615502001;HINnJ;1;"2007-08-21 00:00:00";"2007-08-21 23:59:59";16;669;20;10;0;<FLG>
V6155020;V615502001;HINnJ;1;"2007-08-22 00:00:00";"2007-08-22 23:59:59";16;667;20;10;0;<FLG>
V6155020;V615502001;HINnJ;1;"2007-08-23 00:00:00";"2007-08-23 23:59:59";16;665;20;10;0;<FLG>
V6155020;V615502001;HINnJ;1;"2007-08-24 00:00:00";"2007-08-24 23:59:59";16;663;20;10;0;<FLG>
V6155020;V615502001;HINnJ;1;"2007-08-25 00:00:00";"2007-08-25 23:59:59";16;661;20;10;0;<FLG>
V6155020;V615502001;HINnJ;1;"2007-08-26 00:00:00";"2007-08-26 23:59:59";16;659;20;10;0;<FLG>
V6155020;V615502001;HINnJ;1;"2007-08-27 00:00:00";"2007-08-27 23:59:59";16;658;20;10;0;<FLG>
V6155020;V615502001;HINnJ;1;"2007-08-28 00:00:00";"2007-08-28 23:59:59";16;656;20;10;0;<FLG>
V6155020;V615502001;HINnJ;1;"2007-08-29 00:00:00";"2007-08-29 23:59:59";16;654;20;10;0;<FLG>
V6155020;V615502001;HINnJ;1;"2007-08-30 00:00:00";"2007-08-30 23:59:59";16;653;20;10;0;<FLG>
V6155020;V615502001;HINnJ;1;"2007-08-31 00:00:00";"2007-08-31 23:59:59";16;651;20;10;0;<FLG>
V6155020;V615502001;HINnJ;1;"2007-09-01 00:00:00";"2007-09-01 23:59:59";16;649;20;10;0;<FLG>
V6155020;V615502001;HINnJ;1;"2007-09-02 00:00:00";"2007-09-02 23:59:59";16;647;20;10;0;<FLG>
V6155020;V615502001;HINnJ;1;"2007-09-03 00:00:00";"2007-09-03 23:59:59";16;645;20;10;0;<FLG>
V6155020;V615502001;HINnJ;1;"2007-09-04 00:00:00";"2007-09-04 23:59:59";16;644;20;10;0;<FLG>
V6155020;V615502001;HINnJ;1;"2007-09-05 00:00:00";"2007-09-05 23:59:59";16;642;20;10;0;<FLG>
V6155020;V615502001;HINnJ;1;"2007-09-06 00:00:00";"2007-09-06 23:59:59";16;640;20;10;0;<FLG>
V6155020;V615502001;HINnJ;1;"2007-09-07 00:00:00";"2007-09-07 10:19:00";16;639;20;10;0;<FLG>
V6155020;V615502001;HINnJ;1;"2007-09-08 00:00:00";"2007-09-08 23:59:59";16;637;20;10;0;<FLG>
V6155020;V615502001;HINnJ;1;"2007-09-09 00:00:00";"2007-09-09 23:50:00";16;634;20;10;0;<FLG>
V6155020;V615502001;HINnJ;1;"2007-09-10 00:00:00";"2007-09-10 00:00:00";16;634;20;10;0;<FLG>
V6155020;V615502001;HINnJ;1;"2007-09-11 00:00:00";"2007-09-11 23:59:59";16;633;20;10;0;<FLG>
V6155020;V615502001;HINnJ;1;"2007-09-12 00:00:00";"2007-09-12 23:59:59";16;630;20;10;0;<FLG>
V6155020;V615502001;HINnJ;1;"2007-09-13 00:00:00";"2007-09-13 01:47:00";16;630;20;10;0;<FLG>
V6155020;V615502001;HINnJ;1;"2007-09-14 00:00:00";"2007-09-14 23:59:59";16;630;20;10;0;<FLG>
V6155020;V615502001;HINnJ;1;"2007-09-15 00:00:00";"2007-09-15 23:59:59";16;628;20;10;0;<FLG>
V6155020;V615502001;HINnJ;1;"2007-09-16 00:00:00";"2007-09-16 23:50:00";16;625;20;10;0;<FLG>
V6155020;V615502001;HINnJ;1;"2007-09-17 00:00:00";"2007-09-17 02:06:00";16;625;20;10;0;<FLG>
V6155020;V615502001;HINnJ;1;"2007-09-18 00:00:00";"2007-09-18 22:33:00";16;625;20;10;0;<FLG>
V6155020;V615502001;HINnJ;1;"2007-09-19 00:00:00";"2007-09-19 12:40:00";16;624;20;10;0;<FLG>
V6155020;V615502001;HINnJ;1;"2007-09-20 00:00:00";"2007-09-20 04:54:00";16;624;20;10;0;<FLG>
V6155020;V615502001;HINnJ;1;"2007-09-21 00:00:00";"2007-09-21 23:59:59";16;621;20;10;0;<FLG>
V6155020;V615502001;HINnJ;1;"2007-09-22 00:00:00";"2007-09-22 08:28:00";16;620;20;10;0;<FLG>
V6155020;V615502001;HINnJ;1;"2007-09-23 00:00:00";"2007-09-23 00:00:00";16;620;20;10;0;<FLG>
V6155020;V615502001;HINnJ;1;"2007-09-24 00:00:00";"2007-09-24 23:59:59";16;622;20;10;0;<FLG>
V6155020;V615502001;HINnJ;1;"2007-09-25 00:00:00";"2007-09-25 12:40:00";16;619;20;10;0;<FLG>
V6155020;V615502001;HINnJ;1;"2007-09-26 00:00:00";"2007-09-26 12:40:00";16;618;20;10;0;<FLG>
V6155020;V615502001;HINnJ;1;"2007-09-27 00:00:00";"2007-09-27 00:00:00";16;620;20;10;0;<FLG>
V6155020;V615502001;HINnJ;1;"2007-09-28 00:00:00";"2007-09-28 23:59:59";16;618;20;10;0;<FLG>
V6155020;V615502001;HINnJ;1;"2007-09-29 00:00:00";"2007-09-29 23:59:59";16;617;20;10;0;<FLG>
V6155020;V615502001;HINnJ;1;"2007-09-30 00:00:00";"2007-09-30 02:27:00";16;616;20;10;0;<FLG>
V6155020;V615502001;HINnJ;1;"2007-10-01 00:00:00";"2007-10-01 23:59:59";16;625;20;10;0;<FLG>
V6155020;V615502001;HINnJ;1;"2007-10-02 00:00:00";"2007-10-02 23:59:59";16;623;20;10;0;<FLG>
V6155020;V615502001;HINnJ;1;"2007-10-03 00:00:00";"2007-10-03 07:29:00";16;620;20;10;0;<FLG>
V6155020;V615502001;HINnJ;1;"2007-10-04 00:00:00";"2007-10-04 23:59:59";16;621;20;10;0;<FLG>
V6155020;V615502001;HINnJ;1;"2007-10-05 00:00:00";"2007-10-05 21:43:00";16;617;20;10;0;<FLG>
V6155020;V615502001;HINnJ;1;"2007-10-06 00:00:00";"2007-10-06 00:00:00";16;617;20;10;0;<FLG>
V6155020;V615502001;HINnJ;1;"2007-10-07 00:00:00";"2007-10-07 07:26:00";16;617;20;10;0;<FLG>
V6155020;V615502001;HINnJ;1;"2007-10-08 00:00:00";"2007-10-08 23:59:59";16;616;20;10;0;<FLG>
V6155020;V615502001;HINnJ;1;"2007-10-09 00:00:00";"2007-10-09 23:59:59";16;612;20;10;0;<FLG>
V6155020;V615502001;HINnJ;1;"2007-10-10 00:00:00";"2007-10-10 00:34:00";16;612;20;10;0;<FLG>
V6155020;V615502001;HINnJ;1;"2007-10-11 00:00:00";"2007-10-11 01:48:00";16;612;20;10;0;<FLG>
V6155020;V615502001;HINnJ;1;"2007-10-12 00:00:00";"2007-10-12 23:59:59";16;610;20;10;0;<FLG>
V6155020;V615502001;HINnJ;1;"2007-10-13 00:00:00";"2007-10-13 23:59:59";16;609;20;10;0;<FLG>
V6155020;V615502001;HINnJ;1;"2007-10-14 00:00:00";"2007-10-14 01:48:00";16;608;20;10;0;<FLG>
V6155020;V615502001;HINnJ;1;"2007-10-15 00:00:00";"2007-10-15 23:59:59";16;607;20;10;0;<FLG>
V6155020;V615502001;HINnJ;1;"2007-10-16 00:00:00";"2007-10-16 23:59:59";16;603;20;10;0;<FLG>
V6155020;V615502001;HINnJ;1;"2007-10-17 00:00:00";"2007-10-17 01:48:00";16;603;20;10;0;<FLG>
V6155020;V615502001;HINnJ;1;"2007-10-18 00:00:00";"2007-10-18 00:00:00";16;605;20;10;0;<FLG>
V6155020;V615502001;HINnJ;1;"2007-10-19 00:00:00";"2007-10-19 23:59:59";16;602;20;10;0;<FLG>
V6155020;V615502001;HINnJ;1;"2007-10-20 00:00:00";"2007-10-20 23:59:59";16;599;20;10;0;<FLG>
V6155020;V615502001;HINnJ;1;"2007-10-21 00:00:00";"2007-10-21 10:16:00";16;598;20;10;0;<FLG>
V6155020;V615502001;HINnJ;1;"2007-10-22 00:00:00";"2007-10-22 00:00:00";16;602;20;10;0;<FLG>
V6155020;V615502001;HINnJ;1;"2007-10-23 00:00:00";"2007-10-23 11:41:00";16;601;20;10;0;<FLG>
V6155020;V615502001;HINnJ;1;"2007-10-24 00:00:00";"2007-10-24 23:41:00";16;598;20;10;0;<FLG>
V6155020;V615502001;HINnJ;1;"2007-10-25 00:00:00";"2007-10-25 00:00:00";16;598;20;10;0;<FLG>
V6155020;V615502001;HINnJ;1;"2007-10-26 00:00:00";"2007-10-26 23:59:59";16;597;20;10;0;<FLG>
V6155020;V615502001;HINnJ;1;"2007-10-27 00:00:00";"2007-10-27 23:59:59";16;591;20;10;0;<FLG>
V6155020;V615502001;HINnJ;1;"2007-10-28 00:00:00";"2007-10-28 01:50:00";16;591;20;10;0;<FLG>
V6155020;V615502001;HINnJ;1;"2007-10-29 00:00:00";"2007-10-29 02:06:00";16;598;20;10;0;<FLG>
V6155020;V615502001;HINnJ;1;"2007-10-30 00:00:00";"2007-10-30 04:05:00";16;598;20;10;0;<FLG>
V6155020;V615502001;HINnJ;1;"2007-10-31 00:00:00";"2007-10-31 21:44:00";16;595;20;10;0;<FLG>
V6155020;V615502001;HINnJ;1;"2007-11-01 00:00:00";"2007-11-01 23:59:59";16;595;20;10;0;<FLG>
V6155020;V615502001;HINnJ;1;"2007-11-02 00:00:00";"2007-11-02 23:59:59";16;591;20;10;0;<FLG>
V6155020;V615502001;HINnJ;1;"2007-11-03 00:00:00";"2007-11-03 01:50:00";16;591;20;10;0;<FLG>
V6155020;V615502001;HINnJ;1;"2007-11-04 00:00:00";"2007-11-04 00:00:00";16;592;20;10;0;<FLG>
V6155020;V615502001;HINnJ;1;"2007-11-05 00:00:00";"2007-11-05 23:59:59";16;592;20;10;0;<FLG>
V6155020;V615502001;HINnJ;1;"2007-11-06 00:00:00";"2007-11-06 21:29:00";16;588;20;10;0;<FLG>
V6155020;V615502001;HINnJ;1;"2007-11-07 00:00:00";"2007-11-07 00:00:00";16;588;20;10;0;<FLG>
V6155020;V615502001;HINnJ;1;"2007-11-08 00:00:00";"2007-11-08 00:00:00";16;592;20;10;0;<FLG>
V6155020;V615502001;HINnJ;1;"2007-11-09 00:00:00";"2007-11-09 23:59:59";16;589;20;10;0;<FLG>
V6155020;V615502001;HINnJ;1;"2007-11-10 00:00:00";"2007-11-10 02:58:00";16;589;20;10;0;<FLG>
V6155020;V615502001;HINnJ;1;"2007-11-11 00:00:00";"2007-11-11 01:50:00";16;589;20;10;0;<FLG>
V6155020;V615502001;HINnJ;1;"2007-11-12 00:00:00";"2007-11-12 02:06:00";16;589;20;10;0;<FLG>
V6155020;V615502001;HINnJ;1;"2007-11-13 00:00:00";"2007-11-13 06:29:00";16;590;20;10;0;<FLG>
V6155020;V615502001;HINnJ;1;"2007-11-14 00:00:00";"2007-11-14 23:59:59";16;591;20;10;0;<FLG>
V6155020;V615502001;HINnJ;1;"2007-11-15 00:00:00";"2007-11-15 03:36:00";16;590;20;10;0;<FLG>
V6155020;V615502001;HINnJ;1;"2007-11-16 00:00:00";"2007-11-16 23:59:59";16;590;20;10;0;<FLG>
V6155020;V615502001;HINnJ;1;"2007-11-17 00:00:00";"2007-11-17 03:33:00";16;590;20;10;0;<FLG>
V6155020;V615502001;HINnJ;1;"2007-11-18 00:00:00";"2007-11-18 00:00:00";16;592;20;10;0;<FLG>
V6155020;V615502001;HINnJ;1;"2007-11-19 00:00:00";"2007-11-19 00:00:00";16;594;20;10;0;<FLG>
V6155020;V615502001;HINnJ;1;"2007-11-20 00:00:00";"2007-11-20 22:05:00";16;590;20;10;0;<FLG>
V6155020;V615502001;HINnJ;1;"2007-11-21 00:00:00";"2007-11-21 00:00:00";16;590;20;10;0;<FLG>
V6155020;V615502001;HINnJ;1;"2007-11-22 00:00:00";"2007-11-22 00:00:00";16;591;20;10;0;<FLG>
V6155020;V615502001;HINnJ;1;"2007-11-23 00:00:00";"2007-11-23 00:00:00";16;637;20;10;0;<FLG>
V6155020;V615502001;HINnJ;1;"2007-11-24 00:00:00";"2007-11-24 00:00:00";16;989;20;10;0;<FLG>
V6155020;V615502001;HINnJ;1;"2007-11-25 00:00:00";"2007-11-25 23:59:59";16;1000;20;10;0;<FLG>
V6155020;V615502001;HINnJ;1;"2007-11-26 00:00:00";"2007-11-26 23:59:59";16;933;20;10;0;<FLG>
V6155020;V615502001;HINnJ;1;"2007-11-27 00:00:00";"2007-11-27 23:59:59";16;889;20;10;0;<FLG>
V6155020;V615502001;HINnJ;1;"2007-11-28 00:00:00";"2007-11-28 23:59:59";16;857;20;10;0;<FLG>
V6155020;V615502001;HINnJ;1;"2007-11-29 00:00:00";"2007-11-29 23:59:59";16;824;20;10;0;<FLG>
V6155020;V615502001;HINnJ;1;"2007-11-30 00:00:00";"2007-11-30 23:59:59";16;802;20;10;0;<FLG>
V6155020;V615502001;HINnJ;1;"2007-12-01 00:00:00";"2007-12-01 23:59:59";16;781;20;10;0;<FLG>
V6155020;V615502001;HINnJ;1;"2007-12-02 00:00:00";"2007-12-02 23:59:59";16;771;20;10;0;<FLG>
V6155020;V615502001;HINnJ;1;"2007-12-03 00:00:00";"2007-12-03 23:59:59";16;752;20;10;0;<FLG>
V6155020;V615502001;HINnJ;1;"2007-12-04 00:00:00";"2007-12-04 23:59:59";16;740;20;10;0;<FLG>
V6155020;V615502001;HINnJ;1;"2007-12-05 00:00:00";"2007-12-05 23:59:59";16;731;20;10;0;<FLG>
V6155020;V615502001;HINnJ;1;"2007-12-06 00:00:00";"2007-12-06 23:59:59";16;720;20;10;0;<FLG>
V6155020;V615502001;HINnJ;1;"2007-12-07 00:00:00";"2007-12-07 23:59:59";16;712;20;10;0;<FLG>
V6155020;V615502001;HINnJ;1;"2007-12-08 00:00:00";"2007-12-08 23:59:59";16;708;20;10;0;<FLG>
V6155020;V615502001;HINnJ;1;"2007-12-09 00:00:00";"2007-12-09 01:31:00";16;708;20;10;0;<FLG>
V6155020;V615502001;HINnJ;1;"2007-12-10 00:00:00";"2007-12-10 00:00:00";16;717;20;10;0;<FLG>
V6155020;V615502001;HINnJ;1;"2007-12-11 00:00:00";"2007-12-11 00:00:00";16;738;20;10;0;<FLG>
V6155020;V615502001;HINnJ;1;"2007-12-12 00:00:00";"2007-12-12 23:59:59";16;736;20;10;0;<FLG>
V6155020;V615502001;HINnJ;1;"2007-12-13 00:00:00";"2007-12-13 23:59:59";16;731;20;10;0;<FLG>
V6155020;V615502001;HINnJ;1;"2007-12-14 00:00:00";"2007-12-14 03:00:00";16;730;20;10;0;<FLG>
V6155020;V615502001;HINnJ;1;"2007-12-15 00:00:00";"2007-12-15 23:59:59";16;733;20;10;0;<FLG>
V6155020;V615502001;HINnJ;1;"2007-12-16 00:00:00";"2007-12-16 23:59:59";16;728;20;10;0;<FLG>
V6155020;V615502001;HINnJ;1;"2007-12-17 00:00:00";"2007-12-17 23:59:59";16;720;20;10;0;<FLG>
V6155020;V615502001;HINnJ;1;"2007-12-18 00:00:00";"2007-12-18 23:59:59";16;715;20;10;0;<FLG>
V6155020;V615502001;HINnJ;1;"2007-12-19 00:00:00";"2007-12-19 23:59:59";16;708;20;10;0;<FLG>
V6155020;V615502001;HINnJ;1;"2007-12-20 00:00:00";"2007-12-20 23:59:59";16;698;20;10;0;<FLG>
V6155020;V615502001;HINnJ;1;"2007-12-21 00:00:00";"2007-12-21 23:59:59";16;696;20;10;0;<FLG>
V6155020;V615502001;HINnJ;1;"2007-12-22 00:00:00";"2007-12-22 23:59:59";16;692;20;10;0;<FLG>
V6155020;V615502001;HINnJ;1;"2007-12-23 00:00:00";"2007-12-23 23:59:59";16;686;20;10;0;<FLG>
V6155020;V615502001;HINnJ;1;"2007-12-24 00:00:00";"2007-12-24 23:59:59";16;685;20;10;0;<FLG>
V6155020;V615502001;HINnJ;1;"2007-12-25 00:00:00";"2007-12-25 23:59:59";16;683;20;10;0;<FLG>
V6155020;V615502001;HINnJ;1;"2007-12-26 00:00:00";"2007-12-26 23:59:59";16;676;20;10;0;<FLG>
V6155020;V615502001;HINnJ;1;"2007-12-27 00:00:00";"2007-12-27 23:59:59";16;673;20;10;0;<FLG>
V6155020;V615502001;HINnJ;1;"2007-12-28 00:00:00";"2007-12-28 03:44:00";16;672;20;10;0;<FLG>
V6155020;V615502001;HINnJ;1;"2007-12-29 00:00:00";"2007-12-29 23:59:59";16;669;20;10;0;<FLG>
V6155020;V615502001;HINnJ;1;"2007-12-30 00:00:00";"2007-12-30 23:59:59";16;665;20;10;0;<FLG>
V6155020;V615502001;HINnJ;1;"2007-12-31 00:00:00";"2007-12-31 03:38:00";16;664;20;10;0;<FLG>
V6155020;V615502001;HINnJ;1;"2008-01-01 00:00:00";"2008-01-01 23:59:59";16;662;20;10;0;<FLG>
V6155020;V615502001;HINnJ;1;"2008-01-02 00:00:00";"2008-01-02 01:31:00";16;662;20;10;0;<FLG>
V6155020;V615502001;HINnJ;1;"2008-01-03 00:00:00";"2008-01-03 00:00:00";16;662;20;10;0;<FLG>
V6155020;V615502001;HINnJ;1;"2008-01-04 00:00:00";"2008-01-04 00:00:00";16;666;20;10;0;<FLG>
V6155020;V615502001;HINnJ;1;"2008-01-05 00:00:00";"2008-01-05 00:00:00";16;783;20;10;0;<FLG>
V6155020;V615502001;HINnJ;1;"2008-01-06 00:00:00";"2008-01-06 00:00:00";16;940;20;10;0;<FLG>
V6155020;V615502001;HINnJ;1;"2008-01-07 00:00:00";"2008-01-07 00:00:00";16;1090;20;10;0;<FLG>
V6155020;V615502001;HINnJ;1;"2008-01-08 00:00:00";"2008-01-08 23:59:59";16;1128;20;10;0;<FLG>
V6155020;V615502001;HINnJ;1;"2008-01-09 00:00:00";"2008-01-09 23:59:59";16;1102;20;10;0;<FLG>
V6155020;V615502001;HINnJ;1;"2008-01-10 00:00:00";"2008-01-10 23:59:59";16;1070;20;10;0;<FLG>
V6155020;V615502001;HINnJ;1;"2008-01-11 00:00:00";"2008-01-11 19:52:00";16;1040;20;10;0;<FLG>
V6155020;V615502001;HINnJ;1;"2008-01-12 00:00:00";"2008-01-12 00:48:00";16;1040;20;10;0;<FLG>
V6155020;V615502001;HINnJ;1;"2008-01-13 00:00:00";"2008-01-13 00:00:00";16;1169;20;10;0;<FLG>
V6155020;V615502001;HINnJ;1;"2008-01-14 00:00:00";"2008-01-14 23:59:59";16;1259;20;10;0;<FLG>
V6155020;V615502001;HINnJ;1;"2008-01-15 00:00:00";"2008-01-15 01:31:00";16;1258;20;10;0;<FLG>
V6155020;V615502001;HINnJ;1;"2008-01-16 00:00:00";"2008-01-16 00:00:00";16;1299;20;10;0;<FLG>
V6155020;V615502001;HINnJ;1;"2008-01-17 00:00:00";"2008-01-17 00:00:00";16;1329;20;10;0;<FLG>
V6155020;V615502001;HINnJ;1;"2008-01-18 00:00:00";"2008-01-18 23:59:59";16;1341;20;10;0;<FLG>
V6155020;V615502001;HINnJ;1;"2008-01-19 00:00:00";"2008-01-19 23:59:59";16;1292;20;10;0;<FLG>
V6155020;V615502001;HINnJ;1;"2008-01-20 00:00:00";"2008-01-20 23:59:59";16;1250;20;10;0;<FLG>
V6155020;V615502001;HINnJ;1;"2008-01-21 00:00:00";"2008-01-21 23:59:59";16;1203;20;10;0;<FLG>
V6155020;V615502001;HINnJ;1;"2008-01-22 00:00:00";"2008-01-22 23:59:59";16;1163;20;10;0;<FLG>
V6155020;V615502001;HINnJ;1;"2008-01-23 00:00:00";"2008-01-23 23:59:59";16;1148;20;10;0;<FLG>
V6155020;V615502001;HINnJ;1;"2008-01-24 00:00:00";"2008-01-24 23:59:59";16;1135;20;10;0;<FLG>
V6155020;V615502001;HINnJ;1;"2008-01-25 00:00:00";"2008-01-25 23:59:59";16;1120;20;10;0;<FLG>
V6155020;V615502001;HINnJ;1;"2008-01-26 00:00:00";"2008-01-26 23:59:59";16;1106;20;10;0;<FLG>
V6155020;V615502001;HINnJ;1;"2008-01-27 00:00:00";"2008-01-27 23:59:59";16;1092;20;10;0;<FLG>
V6155020;V615502001;HINnJ;1;"2008-01-28 00:00:00";"2008-01-28 23:59:59";16;1079;20;10;0;<FLG>
V6155020;V615502001;HINnJ;1;"2008-01-29 00:00:00";"2008-01-29 23:59:59";16;1065;20;10;0;<FLG>
V6155020;V615502001;HINnJ;1;"2008-01-30 00:00:00";"2008-01-30 23:59:59";16;1053;20;10;0;<FLG>
V6155020;V615502001;HINnJ;1;"2008-01-31 00:00:00";"2008-01-31 23:59:59";16;1043;20;10;0;<FLG>
V6155020;V615502001;HINnJ;1;"2008-02-01 00:00:00";"2008-02-01 19:58:00";16;1034;20;10;0;<FLG>
V6155020;V615502001;HINnJ;1;"2008-02-02 00:00:00";"2008-02-02 23:59:59";16;1021;20;10;0;<FLG>
V6155020;V615502001;HINnJ;1;"2008-02-03 00:00:00";"2008-02-03 23:59:59";16;1009;20;10;0;<FLG>
V6155020;V615502001;HINnJ;1;"2008-02-04 00:00:00";"2008-02-04 11:30:00";16;1006;20;10;0;<FLG>
V6155020;V615502001;HINnJ;1;"2008-02-05 00:00:00";"2008-02-05 00:00:00";16;1028;20;10;0;<FLG>
V6155020;V615502001;HINnJ;1;"2008-02-06 00:00:00";"2008-02-06 00:00:00";16;1054;20;10;0;<FLG>
V6155020;V615502001;HINnJ;1;"2008-02-07 00:00:00";"2008-02-07 00:12:00";16;1059;20;10;0;<FLG>
V6155020;V615502001;HINnJ;1;"2008-02-08 00:00:00";"2008-02-08 00:00:00";16;1065;20;10;0;<FLG>
V6155020;V615502001;HINnJ;1;"2008-02-09 00:00:00";"2008-02-09 00:00:00";16;1069;20;10;0;<FLG>
V6155020;V615502001;HINnJ;1;"2008-02-10 00:00:00";"2008-02-10 23:59:59";16;1066;20;10;0;<FLG>
V6155020;V615502001;HINnJ;1;"2008-02-11 00:00:00";"2008-02-11 19:58:00";16;1062;20;10;0;<FLG>
V6155020;V615502001;HINnJ;1;"2008-02-12 00:00:00";"2008-02-12 23:59:59";16;1055;20;10;0;<FLG>
V6155020;V615502001;HINnJ;1;"2008-02-13 00:00:00";"2008-02-13 23:59:59";16;1046;20;10;0;<FLG>
V6155020;V615502001;HINnJ;1;"2008-02-14 00:00:00";"2008-02-14 23:59:59";16;1038;20;10;0;<FLG>
V6155020;V615502001;HINnJ;1;"2008-02-15 00:00:00";"2008-02-15 23:59:59";16;1032;20;10;0;<FLG>
V6155020;V615502001;HINnJ;1;"2008-02-16 00:00:00";"2008-02-16 23:59:59";16;1024;20;10;0;<FLG>
V6155020;V615502001;HINnJ;1;"2008-02-17 00:00:00";"2008-02-17 19:59:00";16;1015;20;10;0;<FLG>
V6155020;V615502001;HINnJ;1;"2008-02-18 00:00:00";"2008-02-18 15:45:00";16;1008;20;10;0;<FLG>
V6155020;V615502001;HINnJ;1;"2008-02-19 00:00:00";"2008-02-19 19:59:00";16;1001;20;10;0;<FLG>
V6155020;V615502001;HINnJ;1;"2008-02-20 00:00:00";"2008-02-20 23:59:59";16;993;20;10;0;<FLG>
V6155020;V615502001;HINnJ;1;"2008-02-21 00:00:00";"2008-02-21 23:59:59";16;985;20;10;0;<FLG>
V6155020;V615502001;HINnJ;1;"2008-02-22 00:00:00";"2008-02-22 19:59:00";16;977;20;10;0;<FLG>
V6155020;V615502001;HINnJ;1;"2008-02-23 00:00:00";"2008-02-23 23:59:59";16;973;20;10;0;<FLG>
V6155020;V615502001;HINnJ;1;"2008-02-24 00:00:00";"2008-02-24 07:17:00";16;971;20;10;0;<FLG>
V6155020;V615502001;HINnJ;1;"2008-02-25 00:00:00";"2008-02-25 00:00:00";16;971;20;10;0;<FLG>
V6155020;V615502001;HINnJ;1;"2008-02-26 00:00:00";"2008-02-26 19:59:00";16;970;20;10;0;<FLG>
V6155020;V615502001;HINnJ;1;"2008-02-27 00:00:00";"2008-02-27 23:59:59";16;970;20;10;0;<FLG>
V6155020;V615502001;HINnJ;1;"2008-02-28 00:00:00";"2008-02-28 00:13:00";16;970;20;10;0;<FLG>
V6155020;V615502001;HINnJ;1;"2008-02-29 00:00:00";"2008-02-29 23:59:59";16;973;20;10;0;<FLG>
V6155020;V615502001;HINnJ;1;"2008-03-01 00:00:00";"2008-03-01 15:45:00";16;971;20;10;0;<FLG>
V6155020;V615502001;HINnJ;1;"2008-03-02 00:00:00";"2008-03-02 23:59:59";16;970;20;10;0;<FLG>
V6155020;V615502001;HINnJ;1;"2008-03-03 00:00:00";"2008-03-03 23:59:59";16;965;20;10;0;<FLG>
V6155020;V615502001;HINnJ;1;"2008-03-04 00:00:00";"2008-03-04 23:59:59";16;959;20;10;0;<FLG>
V6155020;V615502001;HINnJ;1;"2008-03-05 00:00:00";"2008-03-05 23:59:59";16;952;20;10;0;<FLG>
V6155020;V615502001;HINnJ;1;"2008-03-06 00:00:00";"2008-03-06 23:59:59";16;943;20;10;0;<FLG>
V6155020;V615502001;HINnJ;1;"2008-03-07 00:00:00";"2008-03-07 23:59:59";16;934;20;10;0;<FLG>
V6155020;V615502001;HINnJ;1;"2008-03-08 00:00:00";"2008-03-08 23:59:59";16;918;20;10;0;<FLG>
V6155020;V615502001;HINnJ;1;"2008-03-09 00:00:00";"2008-03-09 23:59:59";16;911;20;10;0;<FLG>
V6155020;V615502001;HINnJ;1;"2008-03-10 00:00:00";"2008-03-10 23:59:59";16;904;20;10;0;<FLG>
V6155020;V615502001;HINnJ;1;"2008-03-11 00:00:00";"2008-03-11 23:59:59";16;899;20;10;0;<FLG>
V6155020;V615502001;HINnJ;1;"2008-03-12 00:00:00";"2008-03-12 15:46:00";16;896;20;10;0;<FLG>
V6155020;V615502001;HINnJ;1;"2008-03-13 00:00:00";"2008-03-13 00:00:00";16;896;20;10;0;<FLG>
V6155020;V615502001;HINnJ;1;"2008-03-14 00:00:00";"2008-03-14 00:00:00";16;910;20;10;0;<FLG>
V6155020;V615502001;HINnJ;1;"2008-03-15 00:00:00";"2008-03-15 00:00:00";16;916;20;10;0;<FLG>
V6155020;V615502001;HINnJ;1;"2008-03-16 00:00:00";"2008-03-16 01:32:00";16;916;20;10;0;<FLG>
V6155020;V615502001;HINnJ;1;"2008-03-17 00:00:00";"2008-03-17 23:59:59";16;913;20;10;0;<FLG>
V6155020;V615502001;HINnJ;1;"2008-03-18 00:00:00";"2008-03-18 23:59:59";16;909;20;10;0;<FLG>
V6155020;V615502001;HINnJ;1;"2008-03-19 00:00:00";"2008-03-19 23:59:59";16;898;20;10;0;<FLG>
V6155020;V615502001;HINnJ;1;"2008-03-20 00:00:00";"2008-03-20 23:59:59";16;892;20;10;0;<FLG>
V6155020;V615502001;HINnJ;1;"2008-03-21 00:00:00";"2008-03-21 23:59:59";16;888;20;10;0;<FLG>
V6155020;V615502001;HINnJ;1;"2008-03-22 00:00:00";"2008-03-22 23:59:59";16;884;20;10;0;<FLG>
V6155020;V615502001;HINnJ;1;"2008-03-23 00:00:00";"2008-03-23 23:59:59";16;879;20;10;0;<FLG>
V6155020;V615502001;HINnJ;1;"2008-03-24 00:00:00";"2008-03-24 23:59:59";16;875;20;10;0;<FLG>
V6155020;V615502001;HINnJ;1;"2008-03-25 00:00:00";"2008-03-25 23:59:59";16;871;20;10;0;<FLG>
V6155020;V615502001;HINnJ;1;"2008-03-26 00:00:00";"2008-03-26 23:59:59";16;867;20;10;0;<FLG>
V6155020;V615502001;HINnJ;1;"2008-03-27 00:00:00";"2008-03-27 23:59:59";16;863;20;10;0;<FLG>
V6155020;V615502001;HINnJ;1;"2008-03-28 00:00:00";"2008-03-28 23:59:59";16;859;20;10;0;<FLG>
V6155020;V615502001;HINnJ;1;"2008-03-29 00:00:00";"2008-03-29 23:59:59";16;855;20;10;0;<FLG>
V6155020;V615502001;HINnJ;1;"2008-03-30 00:00:00";"2008-03-30 23:59:59";16;851;20;10;0;<FLG>
V6155020;V615502001;HINnJ;1;"2008-03-31 00:00:00";"2008-03-31 23:59:59";16;847;20;10;0;<FLG>
V6155020;V615502001;HINnJ;1;"2008-04-01 00:00:00";"2008-04-01 16:45:00";16;841;20;10;0;<FLG>
V6155020;V615502001;HINnJ;1;"2008-04-02 00:00:00";"2008-04-02 10:52:00";16;840;20;10;0;<FLG>
V6155020;V615502001;HINnJ;1;"2008-04-03 00:00:00";"2008-04-03 00:00:00";16;842;20;10;0;<FLG>
V6155020;V615502001;HINnJ;1;"2008-04-04 00:00:00";"2008-04-04 00:00:00";16;846;20;10;0;<FLG>
V6155020;V615502001;HINnJ;1;"2008-04-05 00:00:00";"2008-04-05 23:59:59";16;845;20;10;0;<FLG>
V6155020;V615502001;HINnJ;1;"2008-04-06 00:00:00";"2008-04-06 23:59:59";16;844;20;10;0;<FLG>
V6155020;V615502001;HINnJ;1;"2008-04-07 00:00:00";"2008-04-07 13:52:00";16;841;20;10;0;<FLG>
V6155020;V615502001;HINnJ;1;"2008-04-08 00:00:00";"2008-04-08 23:59:59";16;837;20;10;0;<FLG>
V6155020;V615502001;HINnJ;1;"2008-04-09 00:00:00";"2008-04-09 01:12:00";16;837;20;10;0;<FLG>
V6155020;V615502001;HINnJ;1;"2008-04-10 00:00:00";"2008-04-10 00:00:00";16;839;20;10;0;<FLG>
V6155020;V615502001;HINnJ;1;"2008-04-11 00:00:00";"2008-04-11 00:00:00";16;871;20;10;0;<FLG>
V6155020;V615502001;HINnJ;1;"2008-04-12 00:00:00";"2008-04-12 00:00:00";16;903;20;10;0;<FLG>
V6155020;V615502001;HINnJ;1;"2008-04-13 00:00:00";"2008-04-13 00:00:00";16;962;20;10;0;<FLG>
V6155020;V615502001;HINnJ;1;"2008-04-14 00:00:00";"2008-04-14 00:00:00";16;977;20;10;0;<FLG>
V6155020;V615502001;HINnJ;1;"2008-04-15 00:00:00";"2008-04-15 23:59:59";16;973;20;10;0;<FLG>
V6155020;V615502001;HINnJ;1;"2008-04-16 00:00:00";"2008-04-16 23:59:59";16;968;20;10;0;<FLG>
V6155020;V615502001;HINnJ;1;"2008-04-17 00:00:00";"2008-04-17 21:41:00";16;964;20;10;0;<FLG>
V6155020;V615502001;HINnJ;1;"2008-04-18 00:00:00";"2008-04-18 10:53:00";16;964;20;10;0;<FLG>
V6155020;V615502001;HINnJ;1;"2008-04-19 00:00:00";"2008-04-19 00:00:00";16;968;20;10;0;<FLG>
V6155020;V615502001;HINnJ;1;"2008-04-20 00:00:00";"2008-04-20 00:00:00";16;1102;20;10;0;<FLG>
V6155020;V615502001;HINnJ;1;"2008-04-21 00:00:00";"2008-04-21 00:00:00";16;1142;20;10;0;<FLG>
V6155020;V615502001;HINnJ;1;"2008-04-22 00:00:00";"2008-04-22 00:00:00";16;1393;20;10;0;<FLG>
V6155020;V615502001;HINnJ;1;"2008-04-23 00:00:00";"2008-04-23 00:00:00";16;1450;20;10;0;<FLG>
V6155020;V615502001;HINnJ;1;"2008-04-24 00:00:00";"2008-04-24 23:59:59";16;1441;20;10;0;<FLG>
V6155020;V615502001;HINnJ;1;"2008-04-25 00:00:00";"2008-04-25 23:59:59";16;1415;20;10;0;<FLG>
V6155020;V615502001;HINnJ;1;"2008-04-26 00:00:00";"2008-04-26 23:59:59";16;1372;20;10;0;<FLG>
V6155020;V615502001;HINnJ;1;"2008-04-27 00:00:00";"2008-04-27 23:59:59";16;1318;20;10;0;<FLG>
V6155020;V615502001;HINnJ;1;"2008-04-28 00:00:00";"2008-04-28 23:59:59";16;1275;20;10;0;<FLG>
V6155020;V615502001;HINnJ;1;"2008-04-29 00:00:00";"2008-04-29 23:59:59";16;1227;20;10;0;<FLG>
V6155020;V615502001;HINnJ;1;"2008-04-30 00:00:00";"2008-04-30 23:47:00";16;1187;20;10;0;<FLG>
V6155020;V615502001;HINnJ;1;"2008-05-01 00:00:00";"2008-05-01 23:59:59";16;1166;20;10;0;<FLG>
V6155020;V615502001;HINnJ;1;"2008-05-02 00:00:00";"2008-05-02 23:59:59";16;1153;20;10;0;<FLG>
V6155020;V615502001;HINnJ;1;"2008-05-03 00:00:00";"2008-05-03 23:59:59";16;1145;20;10;0;<FLG>
V6155020;V615502001;HINnJ;1;"2008-05-04 00:00:00";"2008-05-04 23:59:59";16;1138;20;10;0;<FLG>
V6155020;V615502001;HINnJ;1;"2008-05-05 00:00:00";"2008-05-05 23:59:59";16;1131;20;10;0;<FLG>
V6155020;V615502001;HINnJ;1;"2008-05-06 00:00:00";"2008-05-06 23:59:59";16;1123;20;10;0;<FLG>
V6155020;V615502001;HINnJ;1;"2008-05-07 00:00:00";"2008-05-07 23:59:59";16;1118;20;10;0;<FLG>
V6155020;V615502001;HINnJ;1;"2008-05-08 00:00:00";"2008-05-08 23:59:59";16;1112;20;10;0;<FLG>
V6155020;V615502001;HINnJ;1;"2008-05-09 00:00:00";"2008-05-09 23:59:59";16;1101;20;10;0;<FLG>
V6155020;V615502001;HINnJ;1;"2008-05-10 00:00:00";"2008-05-10 23:59:59";16;1093;20;10;0;<FLG>
V6155020;V615502001;HINnJ;1;"2008-05-11 00:00:00";"2008-05-11 23:59:59";16;1086;20;10;0;<FLG>
V6155020;V615502001;HINnJ;1;"2008-05-12 00:00:00";"2008-05-12 23:59:59";16;1079;20;10;0;<FLG>
V6155020;V615502001;HINnJ;1;"2008-05-13 00:00:00";"2008-05-13 23:59:59";16;1071;20;10;0;<FLG>
V6155020;V615502001;HINnJ;1;"2008-05-14 00:00:00";"2008-05-14 23:59:59";16;1061;20;10;0;<FLG>
V6155020;V615502001;HINnJ;1;"2008-05-15 00:00:00";"2008-05-15 23:59:59";16;1052;20;10;0;<FLG>
V6155020;V615502001;HINnJ;1;"2008-05-16 00:00:00";"2008-05-16 23:59:59";16;1044;20;10;0;<FLG>
V6155020;V615502001;HINnJ;1;"2008-05-17 00:00:00";"2008-05-17 10:38:00";16;1040;20;10;0;<FLG>
V6155020;V615502001;HINnJ;1;"2008-05-18 00:00:00";"2008-05-18 00:00:00";16;1041;20;10;0;<FLG>
V6155020;V615502001;HINnJ;1;"2008-05-19 00:00:00";"2008-05-19 23:59:59";16;1044;20;10;0;<FLG>
V6155020;V615502001;HINnJ;1;"2008-05-20 00:00:00";"2008-05-20 01:27:00";16;1044;20;10;0;<FLG>
V6155020;V615502001;HINnJ;1;"2008-05-21 00:00:00";"2008-05-21 23:59:59";16;1046;20;10;0;<FLG>
V6155020;V615502001;HINnJ;1;"2008-05-22 00:00:00";"2008-05-22 23:59:59";16;1043;20;10;0;<FLG>
V6155020;V615502001;HINnJ;1;"2008-05-23 00:00:00";"2008-05-23 21:33:00";16;1038;20;10;0;<FLG>
V6155020;V615502001;HINnJ;1;"2008-05-24 00:00:00";"2008-05-24 23:59:59";16;1031;20;10;0;<FLG>
V6155020;V615502001;HINnJ;1;"2008-05-25 00:00:00";"2008-05-25 23:40:00";16;1027;20;10;0;<FLG>
V6155020;V615502001;HINnJ;1;"2008-05-26 00:00:00";"2008-05-26 00:00:00";16;1027;20;10;0;<FLG>
V6155020;V615502001;HINnJ;1;"2008-05-27 00:00:00";"2008-05-27 00:00:00";16;1300;20;10;0;<FLG>
V6155020;V615502001;HINnJ;1;"2008-05-28 00:00:00";"2008-05-28 00:00:00";16;1424;20;10;0;<FLG>
V6155020;V615502001;HINnJ;1;"2008-05-29 00:00:00";"2008-05-29 00:00:00";16;1444;20;10;0;<FLG>
V6155020;V615502001;HINnJ;1;"2008-05-30 00:00:00";"2008-05-30 00:00:00";16;1464;20;10;0;<FLG>
V6155020;V615502001;HINnJ;1;"2008-05-31 00:00:00";"2008-05-31 00:00:00";16;1519;20;10;0;<FLG>
V6155020;V615502001;HINnJ;1;"2008-06-01 00:00:00";"2008-06-01 23:59:59";16;1530;20;10;0;<FLG>
V6155020;V615502001;HINnJ;1;"2008-06-02 00:00:00";"2008-06-02 21:30:00";16;1522;20;10;0;<FLG>
V6155020;V615502001;HINnJ;1;"2008-06-03 00:00:00";"2008-06-03 00:12:00";16;1522;20;10;0;<FLG>
V6155020;V615502001;HINnJ;1;"2008-06-04 00:00:00";"2008-06-04 23:59:59";16;1523;20;10;0;<FLG>
V6155020;V615502001;HINnJ;1;"2008-06-05 00:00:00";"2008-06-05 23:59:59";16;1510;20;10;0;<FLG>
V6155020;V615502001;HINnJ;1;"2008-06-06 00:00:00";"2008-06-06 23:59:59";16;1488;20;10;0;<FLG>
V6155020;V615502001;HINnJ;1;"2008-06-07 00:00:00";"2008-06-07 23:59:59";16;1465;20;10;0;<FLG>
V6155020;V615502001;HINnJ;1;"2008-06-08 00:00:00";"2008-06-08 23:59:59";16;1438;20;10;0;<FLG>
V6155020;V615502001;HINnJ;1;"2008-06-09 00:00:00";"2008-06-09 23:59:59";16;1406;20;10;0;<FLG>
V6155020;V615502001;HINnJ;1;"2008-06-10 00:00:00";"2008-06-10 23:59:59";16;1383;20;10;0;<FLG>
V6155020;V615502001;HINnJ;1;"2008-06-11 00:00:00";"2008-06-11 23:59:59";16;1370;20;10;0;<FLG>
V6155020;V615502001;HINnJ;1;"2008-06-12 00:00:00";"2008-06-12 00:50:00";16;1370;20;10;0;<FLG>
V6155020;V615502001;HINnJ;1;"2008-06-13 00:00:00";"2008-06-13 23:59:59";16;1367;20;10;0;<FLG>
V6155020;V615502001;HINnJ;1;"2008-06-14 00:00:00";"2008-06-14 23:59:59";16;1353;20;10;0;<FLG>
V6155020;V615502001;HINnJ;1;"2008-06-15 00:00:00";"2008-06-15 23:59:59";16;1325;20;10;0;<FLG>
V6155020;V615502001;HINnJ;1;"2008-06-16 00:00:00";"2008-06-16 23:59:59";16;1296;20;10;0;<FLG>
V6155020;V615502001;HINnJ;1;"2008-06-17 00:00:00";"2008-06-17 23:59:59";16;1271;20;10;0;<FLG>
V6155020;V615502001;HINnJ;1;"2008-06-18 00:00:00";"2008-06-18 23:59:59";16;1252;20;10;0;<FLG>
V6155020;V615502001;HINnJ;1;"2008-06-19 00:00:00";"2008-06-19 23:59:59";16;1234;20;10;0;<FLG>
V6155020;V615502001;HINnJ;1;"2008-06-20 00:00:00";"2008-06-20 23:59:59";16;1216;20;10;0;<FLG>
V6155020;V615502001;HINnJ;1;"2008-06-21 00:00:00";"2008-06-21 23:59:59";16;1198;20;10;0;<FLG>
V6155020;V615502001;HINnJ;1;"2008-06-22 00:00:00";"2008-06-22 23:59:59";16;1183;20;10;0;<FLG>
V6155020;V615502001;HINnJ;1;"2008-06-23 00:00:00";"2008-06-23 23:59:59";16;1167;20;10;0;<FLG>
V6155020;V615502001;HINnJ;1;"2008-06-24 00:00:00";"2008-06-24 23:59:59";16;1151;20;10;0;<FLG>
V6155020;V615502001;HINnJ;1;"2008-06-25 00:00:00";"2008-06-25 23:59:59";16;1140;20;10;0;<FLG>
V6155020;V615502001;HINnJ;1;"2008-06-26 00:00:00";"2008-06-26 14:28:00";16;1131;20;10;0;<FLG>
V6155020;V615502001;HINnJ;1;"2008-06-27 00:00:00";"2008-06-27 23:59:59";16;1123;20;10;0;<FLG>
V6155020;V615502001;HINnJ;1;"2008-06-28 00:00:00";"2008-06-28 23:59:59";16;1118;20;10;0;<FLG>
V6155020;V615502001;HINnJ;1;"2008-06-29 00:00:00";"2008-06-29 23:59:59";16;1111;20;10;0;<FLG>
V6155020;V615502001;HINnJ;1;"2008-06-30 00:00:00";"2008-06-30 23:59:59";16;1103;20;10;0;<FLG>
V6155020;V615502001;HINnJ;1;"2008-07-01 00:00:00";"2008-07-01 10:57:00";16;1100;20;10;0;<FLG>
V6155020;V615502001;HINnJ;1;"2008-07-02 00:00:00";"2008-07-02 23:59:59";16;1091;20;10;0;<FLG>
V6155020;V615502001;HINnJ;1;"2008-07-03 00:00:00";"2008-07-03 23:20:00";16;1082;20;10;0;<FLG>
V6155020;V615502001;HINnJ;1;"2008-07-04 00:00:00";"2008-07-04 23:59:59";16;1076;20;10;0;<FLG>
V6155020;V615502001;HINnJ;1;"2008-07-05 00:00:00";"2008-07-05 23:59:59";16;1071;20;10;0;<FLG>
V6155020;V615502001;HINnJ;1;"2008-07-06 00:00:00";"2008-07-06 23:59:59";16;1062;20;10;0;<FLG>
V6155020;V615502001;HINnJ;1;"2008-07-07 00:00:00";"2008-07-07 23:59:59";16;1057;20;10;0;<FLG>
V6155020;V615502001;HINnJ;1;"2008-07-08 00:00:00";"2008-07-08 23:59:59";16;1050;20;10;0;<FLG>
V6155020;V615502001;HINnJ;1;"2008-07-09 00:00:00";"2008-07-09 23:59:59";16;1043;20;10;0;<FLG>
V6155020;V615502001;HINnJ;1;"2008-07-10 00:00:00";"2008-07-10 23:59:59";16;1033;20;10;0;<FLG>
V6155020;V615502001;HINnJ;1;"2008-07-11 00:00:00";"2008-07-11 17:20:00";16;1030;20;10;0;<FLG>
V6155020;V615502001;HINnJ;1;"2008-07-12 00:00:00";"2008-07-12 16:20:00";16;1022;20;10;0;<FLG>
V6155020;V615502001;HINnJ;1;"2008-07-13 00:00:00";"2008-07-13 23:59:59";16;1018;20;10;0;<FLG>
V6155020;V615502001;HINnJ;1;"2008-07-14 00:00:00";"2008-07-14 23:59:59";16;1011;20;10;0;<FLG>
V6155020;V615502001;HINnJ;1;"2008-07-15 00:00:00";"2008-07-15 23:59:59";16;1005;20;10;0;<FLG>
V6155020;V615502001;HINnJ;1;"2008-07-16 00:00:00";"2008-07-16 23:59:59";16;998;20;10;0;<FLG>
V6155020;V615502001;HINnJ;1;"2008-07-17 00:00:00";"2008-07-17 23:59:59";16;992;20;10;0;<FLG>
V6155020;V615502001;HINnJ;1;"2008-07-18 00:00:00";"2008-07-18 23:59:59";16;985;20;10;0;<FLG>
V6155020;V615502001;HINnJ;1;"2008-07-19 00:00:00";"2008-07-19 23:59:59";16;981;20;10;0;<FLG>
V6155020;V615502001;HINnJ;1;"2008-07-20 00:00:00";"2008-07-20 22:42:00";16;970;20;10;0;<FLG>
V6155020;V615502001;HINnJ;1;"2008-07-21 00:00:00";"2008-07-21 23:59:59";16;970;20;10;0;<FLG>
V6155020;V615502001;HINnJ;1;"2008-07-22 00:00:00";"2008-07-22 17:50:00";16;961;20;10;0;<FLG>
V6155020;V615502001;HINnJ;1;"2008-07-23 00:00:00";"2008-07-23 23:59:59";16;959;20;10;0;<FLG>
V6155020;V615502001;HINnJ;1;"2008-07-24 00:00:00";"2008-07-24 12:22:00";16;954;20;10;0;<FLG>
V6155020;V615502001;HINnJ;1;"2008-07-25 00:00:00";"2008-07-25 23:59:59";16;947;20;10;0;<FLG>
V6155020;V615502001;HINnJ;1;"2008-07-26 00:00:00";"2008-07-26 16:57:00";16;940;20;10;0;<FLG>
V6155020;V615502001;HINnJ;1;"2008-07-27 00:00:00";"2008-07-27 23:59:59";16;938;20;10;0;<FLG>
V6155020;V615502001;HINnJ;1;"2008-07-28 00:00:00";"2008-07-28 23:59:59";16;931;20;10;0;<FLG>
V6155020;V615502001;HINnJ;1;"2008-07-29 00:00:00";"2008-07-29 23:59:59";16;926;20;10;0;<FLG>
V6155020;V615502001;HINnJ;1;"2008-07-30 00:00:00";"2008-07-30 23:59:59";16;921;20;10;0;<FLG>
V6155020;V615502001;HINnJ;1;"2008-07-31 00:00:00";"2008-07-31 23:59:59";16;915;20;10;0;<FLG>
V6155020;V615502001;HINnJ;1;"2008-08-01 00:00:00";"2008-08-01 23:59:59";16;910;20;10;0;<FLG>
V6155020;V615502001;HINnJ;1;"2008-08-02 00:00:00";"2008-08-02 23:59:59";16;907;20;10;0;<FLG>
V6155020;V615502001;HINnJ;1;"2008-08-03 00:00:00";"2008-08-03 23:59:59";16;903;20;10;0;<FLG>
V6155020;V615502001;HINnJ;1;"2008-08-04 00:00:00";"2008-08-04 23:59:59";16;900;20;10;0;<FLG>
V6155020;V615502001;HINnJ;1;"2008-08-05 00:00:00";"2008-08-05 23:59:59";16;897;20;10;0;<FLG>
V6155020;V615502001;HINnJ;1;"2008-08-06 00:00:00";"2008-08-06 23:59:59";16;893;20;10;0;<FLG>
V6155020;V615502001;HINnJ;1;"2008-08-07 00:00:00";"2008-08-07 23:59:59";16;890;20;10;0;<FLG>
V6155020;V615502001;HINnJ;1;"2008-08-08 00:00:00";"2008-08-08 23:59:59";16;887;20;10;0;<FLG>
V6155020;V615502001;HINnJ;1;"2008-08-09 00:00:00";"2008-08-09 23:59:59";16;883;20;10;0;<FLG>
V6155020;V615502001;HINnJ;1;"2008-08-10 00:00:00";"2008-08-10 23:59:59";16;880;20;10;0;<FLG>
V6155020;V615502001;HINnJ;1;"2008-08-11 00:00:00";"2008-08-11 23:59:59";16;877;20;10;0;<FLG>
V6155020;V615502001;HINnJ;1;"2008-08-12 00:00:00";"2008-08-12 23:59:59";16;873;20;10;0;<FLG>
V6155020;V615502001;HINnJ;1;"2008-08-13 00:00:00";"2008-08-13 23:59:59";16;870;20;10;0;<FLG>
V6155020;V615502001;HINnJ;1;"2008-08-14 00:00:00";"2008-08-14 23:59:59";16;867;20;10;0;<FLG>
V6155020;V615502001;HINnJ;1;"2008-08-15 00:00:00";"2008-08-15 23:59:59";16;863;20;10;0;<FLG>
V6155020;V615502001;HINnJ;1;"2008-08-16 00:00:00";"2008-08-16 23:59:59";16;860;20;10;0;<FLG>
V6155020;V615502001;HINnJ;1;"2008-08-17 00:00:00";"2008-08-17 23:59:59";16;857;20;10;0;<FLG>
V6155020;V615502001;HINnJ;1;"2008-08-18 00:00:00";"2008-08-18 23:59:59";16;853;20;10;0;<FLG>
V6155020;V615502001;HINnJ;1;"2008-08-19 00:00:00";"2008-08-19 23:59:59";16;850;20;10;0;<FLG>
V6155020;V615502001;HINnJ;1;"2008-08-20 00:00:00";"2008-08-20 23:59:59";16;847;20;10;0;<FLG>
V6155020;V615502001;HINnJ;1;"2008-08-21 00:00:00";"2008-08-21 23:59:59";16;843;20;10;0;<FLG>
V6155020;V615502001;HINnJ;1;"2008-08-22 00:00:00";"2008-08-22 23:59:59";16;840;20;10;0;<FLG>
V6155020;V615502001;HINnJ;1;"2008-08-23 00:00:00";"2008-08-23 23:59:59";16;837;20;10;0;<FLG>
V6155020;V615502001;HINnJ;1;"2008-08-24 00:00:00";"2008-08-24 23:59:59";16;833;20;10;0;<FLG>
V6155020;V615502001;HINnJ;1;"2008-08-25 00:00:00";"2008-08-25 23:59:59";16;830;20;10;0;<FLG>
V6155020;V615502001;HINnJ;1;"2008-08-26 00:00:00";"2008-08-26 23:59:59";16;827;20;10;0;<FLG>
V6155020;V615502001;HINnJ;1;"2008-08-27 00:00:00";"2008-08-27 23:59:59";16;823;20;10;0;<FLG>
V6155020;V615502001;HINnJ;1;"2008-08-28 00:00:00";"2008-08-28 23:59:59";16;820;20;10;0;<FLG>
V6155020;V615502001;HINnJ;1;"2008-08-29 00:00:00";"2008-08-29 23:59:59";16;817;20;10;0;<FLG>
V6155020;V615502001;HINnJ;1;"2008-08-30 00:00:00";"2008-08-30 23:59:59";16;813;20;10;0;<FLG>
V6155020;V615502001;HINnJ;1;"2008-08-31 00:00:00";"2008-08-31 23:25:00";16;810;20;10;0;<FLG>
V6155020;V615502001;HINnJ;1;"2008-09-01 00:00:00";"2008-09-01 00:05:00";16;810;20;10;0;<FLG>
V6155020;V615502001;HINnJ;1;"2008-09-02 00:00:00";"2008-09-02 00:00:00";16;810;20;10;0;<FLG>
V6155020;V615502001;HINnJ;1;"2008-09-03 00:00:00";"2008-09-03 19:00:00";16;800;20;10;0;<FLG>
V6155020;V615502001;HINnJ;1;"2008-09-04 00:00:00";"2008-09-04 20:15:00";16;810;20;10;0;<FLG>
V6155020;V615502001;HINnJ;1;"2008-09-05 00:00:00";"2008-09-05 00:20:00";16;810;20;10;0;<FLG>
V6155020;V615502001;HINnJ;1;"2008-09-06 00:00:00";"2008-09-06 00:00:00";16;820;20;10;0;<FLG>
V6155020;V615502001;HINnJ;1;"2008-09-07 00:00:00";"2008-09-07 11:55:00";16;820;20;10;0;<FLG>
V6155020;V615502001;HINnJ;1;"2008-09-08 00:00:00";"2008-09-08 00:00:00";16;820;20;10;0;<FLG>
V6155020;V615502001;HINnJ;1;"2008-09-09 00:00:00";"2008-09-09 16:20:00";16;810;20;10;0;<FLG>
V6155020;V615502001;HINnJ;1;"2008-09-10 00:00:00";"2008-09-10 00:00:00";16;810;20;10;0;<FLG>
V6155020;V615502001;HINnJ;1;"2008-09-11 00:00:00";"2008-09-11 21:25:00";16;810;20;10;0;<FLG>
V6155020;V615502001;HINnJ;1;"2008-09-12 00:00:00";"2008-09-12 02:55:00";16;840;20;10;0;<FLG>
V6155020;V615502001;HINnJ;1;"2008-09-13 00:00:00";"2008-09-13 22:35:00";16;920;20;10;0;<FLG>
V6155020;V615502001;HINnJ;1;"2008-09-14 00:00:00";"2008-09-14 11:40:00";16;910;20;10;0;<FLG>
V6155020;V615502001;HINnJ;1;"2008-09-15 00:00:00";"2008-09-15 11:25:00";16;890;20;10;0;<FLG>
V6155020;V615502001;HINnJ;1;"2008-09-16 00:00:00";"2008-09-16 16:30:00";16;870;20;10;0;<FLG>
V6155020;V615502001;HINnJ;1;"2008-09-17 00:00:00";"2008-09-17 10:25:00";16;860;20;10;0;<FLG>
V6155020;V615502001;HINnJ;1;"2008-09-18 00:00:00";"2008-09-18 03:10:00";16;850;20;10;0;<FLG>
V6155020;V615502001;HINnJ;1;"2008-09-19 00:00:00";"2008-09-19 22:05:00";16;880;20;10;0;<FLG>
V6155020;V615502001;HINnJ;1;"2008-09-20 00:00:00";"2008-09-20 22:15:00";16;860;20;10;0;<FLG>
V6155020;V615502001;HINnJ;1;"2008-09-21 00:00:00";"2008-09-21 11:30:00";16;850;20;10;0;<FLG>
V6155020;V615502001;HINnJ;1;"2008-09-22 00:00:00";"2008-09-22 15:10:00";16;840;20;10;0;<FLG>
V6155020;V615502001;HINnJ;1;"2008-09-23 00:00:00";"2008-09-23 18:30:00";16;830;20;10;0;<FLG>
V6155020;V615502001;HINnJ;1;"2008-09-24 00:00:00";"2008-09-24 23:10:00";16;825;20;10;0;<FLG>
V6155020;V615502001;HINnJ;1;"2008-09-25 00:00:00";"2008-09-25 02:10:00";16;820;20;10;0;<FLG>
V6155020;V615502001;HINnJ;1;"2008-09-26 00:00:00";"2008-09-26 20:00:00";16;810;20;10;0;<FLG>
V6155020;V615502001;HINnJ;1;"2008-09-27 00:00:00";"2008-09-27 00:00:00";16;810;20;10;0;<FLG>
V6155020;V615502001;HINnJ;1;"2008-09-28 00:00:00";"2008-09-28 00:00:00";16;810;20;10;0;<FLG>
V6155020;V615502001;HINnJ;1;"2008-09-29 00:00:00";"2008-09-29 21:45:00";16;800;20;10;0;<FLG>
V6155020;V615502001;HINnJ;1;"2008-09-30 00:00:00";"2008-09-30 00:00:00";16;800;20;10;0;<FLG>
V6155020;V615502001;HINnJ;1;"2008-10-01 00:00:00";"2008-10-01 00:00:00";16;800;20;10;0;<FLG>
V6155020;V615502001;HINnJ;1;"2008-10-02 00:00:00";"2008-10-02 08:15:00";16;790;20;10;0;<FLG>
V6155020;V615502001;HINnJ;1;"2008-10-03 00:00:00";"2008-10-03 00:00:00";16;790;20;10;0;<FLG>
V6155020;V615502001;HINnJ;1;"2008-10-04 00:00:00";"2008-10-04 15:05:00";16;780;20;10;0;<FLG>
V6155020;V615502001;HINnJ;1;"2008-10-05 00:00:00";"2008-10-05 08:45:00";16;780;20;10;0;<FLG>
V6155020;V615502001;HINnJ;1;"2008-10-06 00:00:00";"2008-10-06 00:00:00";16;780;20;10;0;<FLG>
V6155020;V615502001;HINnJ;1;"2008-10-07 00:00:00";"2008-10-07 18:05:00";16;770;20;10;0;<FLG>
V6155020;V615502001;HINnJ;1;"2008-10-08 00:00:00";"2008-10-08 00:55:00";16;770;20;10;0;<FLG>
V6155020;V615502001;HINnJ;1;"2008-10-09 00:00:00";"2008-10-09 00:45:00";16;790;20;10;0;<FLG>
V6155020;V615502001;HINnJ;1;"2008-10-10 00:00:00";"2008-10-10 04:35:00";16;830;20;10;0;<FLG>
V6155020;V615502001;HINnJ;1;"2008-10-11 00:00:00";"2008-10-11 00:00:00";16;830;20;10;0;<FLG>
V6155020;V615502001;HINnJ;1;"2008-10-12 00:00:00";"2008-10-12 14:50:00";16;820;20;10;0;<FLG>
V6155020;V615502001;HINnJ;1;"2008-10-13 00:00:00";"2008-10-13 22:25:00";16;810;20;10;0;<FLG>
V6155020;V615502001;HINnJ;1;"2008-10-14 00:00:00";"2008-10-14 02:50:00";16;810;20;10;0;<FLG>
V6155020;V615502001;HINnJ;1;"2008-10-15 00:00:00";"2008-10-15 18:00:00";16;800;20;10;0;<FLG>
V6155020;V615502001;HINnJ;1;"2008-10-16 00:00:00";"2008-10-16 00:00:00";16;800;20;10;0;<FLG>
V6155020;V615502001;HINnJ;1;"2008-10-17 00:00:00";"2008-10-17 20:45:00";16;790;20;10;0;<FLG>
V6155020;V615502001;HINnJ;1;"2008-10-18 00:00:00";"2008-10-18 00:00:00";16;790;20;10;0;<FLG>
V6155020;V615502001;HINnJ;1;"2008-10-19 00:00:00";"2008-10-19 07:50:00";16;780;20;10;0;<FLG>
V6155020;V615502001;HINnJ;1;"2008-10-20 00:00:00";"2008-10-20 00:00:00";16;780;20;10;0;<FLG>
V6155020;V615502001;HINnJ;1;"2008-10-21 00:00:00";"2008-10-21 20:45:00";16;770;20;10;0;<FLG>
V6155020;V615502001;HINnJ;1;"2008-10-22 00:00:00";"2008-10-22 09:40:00";16;770;20;10;0;<FLG>
V6155020;V615502001;HINnJ;1;"2008-10-23 00:00:00";"2008-10-23 00:40:00";16;790;20;10;0;<FLG>
V6155020;V615502001;HINnJ;1;"2008-10-24 00:00:00";"2008-10-24 00:00:00";16;851;20;10;0;<FLG>
V6155020;V615502001;HINnJ;1;"2008-10-25 00:00:00";"2008-10-25 15:30:00";16;850;20;10;0;<FLG>
V6155020;V615502001;HINnJ;1;"2008-10-26 00:00:00";"2008-10-26 00:00:00";16;850;20;10;0;<FLG>
V6155020;V615502001;HINnJ;1;"2008-10-27 00:00:00";"2008-10-27 14:10:00";16;840;20;10;0;<FLG>
V6155020;V615502001;HINnJ;1;"2008-10-28 00:00:00";"2008-10-28 00:00:00";16;840;20;10;0;<FLG>
V6155020;V615502001;HINnJ;1;"2008-10-29 00:00:00";"2008-10-29 08:45:00";16;840;20;10;0;<FLG>
V6155020;V615502001;HINnJ;1;"2008-10-30 00:00:00";"2008-10-30 01:40:00";16;890;20;10;0;<FLG>
V6155020;V615502001;HINnJ;1;"2008-10-31 00:00:00";"2008-10-31 03:35:00";16;960;20;10;0;<FLG>
V6155020;V615502001;HINnJ;1;"2008-11-01 00:00:00";"2008-11-01 00:00:00";16;990;20;10;0;<FLG>
V6155020;V615502001;HINnJ;1;"2008-11-02 00:00:00";"2008-11-02 00:00:00";16;1071;20;10;0;<FLG>
V6155020;V615502001;HINnJ;1;"2008-11-03 00:00:00";"2008-11-03 00:00:00";16;1091;20;10;0;<FLG>
V6155020;V615502001;HINnJ;1;"2008-11-04 00:00:00";"2008-11-04 00:00:00";16;1218;20;10;0;<FLG>
V6155020;V615502001;HINnJ;1;"2008-11-05 00:00:00";"2008-11-05 00:00:00";16;1379;20;10;0;<FLG>
V6155020;V615502001;HINnJ;1;"2008-11-06 00:00:00";"2008-11-06 00:00:00";16;1504;20;10;0;<FLG>
V6155020;V615502001;HINnJ;1;"2008-11-07 00:00:00";"2008-11-07 23:59:59";16;1550;20;10;0;<FLG>
V6155020;V615502001;HINnJ;1;"2008-11-08 00:00:00";"2008-11-08 23:59:59";16;1531;20;10;0;<FLG>
V6155020;V615502001;HINnJ;1;"2008-11-09 00:00:00";"2008-11-09 23:59:59";16;1499;20;10;0;<FLG>
V6155020;V615502001;HINnJ;1;"2008-11-10 00:00:00";"2008-11-10 23:59:59";16;1462;20;10;0;<FLG>
V6155020;V615502001;HINnJ;1;"2008-11-11 00:00:00";"2008-11-11 23:59:59";16;1405;20;10;0;<FLG>
V6155020;V615502001;HINnJ;1;"2008-11-12 00:00:00";"2008-11-12 23:59:59";16;1358;20;10;0;<FLG>
V6155020;V615502001;HINnJ;1;"2008-11-13 00:00:00";"2008-11-13 22:38:00";16;1345;20;10;0;<FLG>
V6155020;V615502001;HINnJ;1;"2008-11-14 00:00:00";"2008-11-14 23:59:59";16;1332;20;10;0;<FLG>
V6155020;V615502001;HINnJ;1;"2008-11-15 00:00:00";"2008-11-15 23:59:59";16;1305;20;10;0;<FLG>
V6155020;V615502001;HINnJ;1;"2008-11-16 00:00:00";"2008-11-16 23:59:59";16;1277;20;10;0;<FLG>
V6155020;V615502001;HINnJ;1;"2008-11-17 00:00:00";"2008-11-17 23:59:59";16;1249;20;10;0;<FLG>
V6155020;V615502001;HINnJ;1;"2008-11-18 00:00:00";"2008-11-18 23:59:59";16;1223;20;10;0;<FLG>
V6155020;V615502001;HINnJ;1;"2008-11-19 00:00:00";"2008-11-19 23:59:59";16;1200;20;10;0;<FLG>
V6155020;V615502001;HINnJ;1;"2008-11-20 00:00:00";"2008-11-20 23:59:59";16;1178;20;10;0;<FLG>
V6155020;V615502001;HINnJ;1;"2008-11-21 00:00:00";"2008-11-21 23:59:59";16;1160;20;10;0;<FLG>
V6155020;V615502001;HINnJ;1;"2008-11-22 00:00:00";"2008-11-22 23:59:59";16;1149;20;10;0;<FLG>
V6155020;V615502001;HINnJ;1;"2008-11-23 00:00:00";"2008-11-23 10:20:00";16;1141;20;10;0;<FLG>
V6155020;V615502001;HINnJ;1;"2008-11-24 00:00:00";"2008-11-24 23:59:59";16;1136;20;10;0;<FLG>
V6155020;V615502001;HINnJ;1;"2008-11-25 00:00:00";"2008-11-25 23:59:59";16;1125;20;10;0;<FLG>
V6155020;V615502001;HINnJ;1;"2008-11-26 00:00:00";"2008-11-26 23:59:59";16;1114;20;10;0;<FLG>
V6155020;V615502001;HINnJ;1;"2008-11-27 00:00:00";"2008-11-27 05:52:00";16;1110;20;10;0;<FLG>
V6155020;V615502001;HINnJ;1;"2008-11-28 00:00:00";"2008-11-28 23:59:59";16;1102;20;10;0;<FLG>
V6155020;V615502001;HINnJ;1;"2008-11-29 00:00:00";"2008-11-29 06:32:00";16;1100;20;10;0;<FLG>
V6155020;V615502001;HINnJ;1;"2008-11-30 00:00:00";"2008-11-30 00:00:00";16;1115;20;10;0;<FLG>
V6155020;V615502001;HINnJ;1;"2008-12-01 00:00:00";"2008-12-01 00:00:00";16;1210;20;10;0;<FLG>
V6155020;V615502001;HINnJ;1;"2008-12-02 00:00:00";"2008-12-02 23:59:59";16;1215;20;10;0;<FLG>
V6155020;V615502001;HINnJ;1;"2008-12-03 00:00:00";"2008-12-03 23:59:59";16;1199;20;10;0;<FLG>
V6155020;V615502001;HINnJ;1;"2008-12-04 00:00:00";"2008-12-04 09:40:00";16;1190;20;10;0;<FLG>
V6155020;V615502001;HINnJ;1;"2008-12-05 00:00:00";"2008-12-05 06:32:00";16;1190;20;10;0;<FLG>
V6155020;V615502001;HINnJ;1;"2008-12-06 00:00:00";"2008-12-06 00:00:00";16;1270;20;10;0;<FLG>
V6155020;V615502001;HINnJ;1;"2008-12-07 00:00:00";"2008-12-07 23:38:00";16;1312;20;10;0;<FLG>
V6155020;V615502001;HINnJ;1;"2008-12-08 00:00:00";"2008-12-08 23:59:59";16;1287;20;10;0;<FLG>
V6155020;V615502001;HINnJ;1;"2008-12-09 00:00:00";"2008-12-09 23:59:59";16;1262;20;10;0;<FLG>
V6155020;V615502001;HINnJ;1;"2008-12-10 00:00:00";"2008-12-10 01:48:00";16;1260;20;10;0;<FLG>
V6155020;V615502001;HINnJ;1;"2008-12-11 00:00:00";"2008-12-11 23:59:59";16;1304;20;10;0;<FLG>
V6155020;V615502001;HINnJ;1;"2008-12-12 00:00:00";"2008-12-12 23:59:59";16;1291;20;10;0;<FLG>
V6155020;V615502001;HINnJ;1;"2008-12-13 00:00:00";"2008-12-13 22:20:00";16;1271;20;10;0;<FLG>
V6155020;V615502001;HINnJ;1;"2008-12-14 00:00:00";"2008-12-14 00:10:00";16;1270;20;10;0;<FLG>
V6155020;V615502001;HINnJ;1;"2008-12-15 00:00:00";"2008-12-15 00:00:00";16;1584;20;10;0;<FLG>
V6155020;V615502001;HINnJ;1;"2008-12-16 00:00:00";"2008-12-16 00:00:00";16;1640;20;10;0;<FLG>
V6155020;V615502001;HINnJ;1;"2008-12-17 00:00:00";"2008-12-17 23:59:59";16;1627;20;10;0;<FLG>
V6155020;V615502001;HINnJ;1;"2008-12-18 00:00:00";"2008-12-18 23:59:59";16;1605;20;10;0;<FLG>
V6155020;V615502001;HINnJ;1;"2008-12-19 00:00:00";"2008-12-19 22:50:00";16;1580;20;10;0;<FLG>
V6155020;V615502001;HINnJ;1;"2008-12-20 00:00:00";"2008-12-20 23:59:59";16;1556;20;10;0;<FLG>
V6155020;V615502001;HINnJ;1;"2008-12-21 00:00:00";"2008-12-21 23:59:59";16;1535;20;10;0;<FLG>
V6155020;V615502001;HINnJ;1;"2008-12-22 00:00:00";"2008-12-22 23:59:59";16;1516;20;10;0;<FLG>
V6155020;V615502001;HINnJ;1;"2008-12-23 00:00:00";"2008-12-23 23:59:59";16;1502;20;10;0;<FLG>
V6155020;V615502001;HINnJ;1;"2008-12-24 00:00:00";"2008-12-24 23:59:59";16;1483;20;10;0;<FLG>
V6155020;V615502001;HINnJ;1;"2008-12-25 00:00:00";"2008-12-25 23:59:59";16;1463;20;10;0;<FLG>
V6155020;V615502001;HINnJ;1;"2008-12-26 00:00:00";"2008-12-26 21:10:00";16;1440;20;10;0;<FLG>
V6155020;V615502001;HINnJ;1;"2008-12-27 00:00:00";"2008-12-27 23:59:59";16;1421;20;10;0;<FLG>
V6155020;V615502001;HINnJ;1;"2008-12-28 00:00:00";"2008-12-28 23:59:59";16;1398;20;10;0;<FLG>
V6155020;V615502001;HINnJ;1;"2008-12-29 00:00:00";"2008-12-29 23:02:00";16;1371;20;10;0;<FLG>
V6155020;V615502001;HINnJ;1;"2008-12-30 00:00:00";"2008-12-30 22:28:00";16;1351;20;10;0;<FLG>
V6155020;V615502001;HINnJ;1;"2008-12-31 00:00:00";"2008-12-31 17:00:00";16;1340;20;10;0;<FLG>
V6155020;V615502001;HINnJ;1;"2009-01-01 00:00:00";"2009-01-01 01:00:00";16;1340;20;10;0;<FLG>
V6155020;V615502001;HINnJ;1;"2009-01-02 00:00:00";"2009-01-02 01:00:00";16;1350;20;10;0;<FLG>
V6155020;V615502001;HINnJ;1;"2009-01-03 00:00:00";"2009-01-03 11:00:00";16;1350;20;10;0;<FLG>
V6155020;V615502001;HINnJ;1;"2009-01-04 00:00:00";"2009-01-04 09:00:00";16;1340;20;10;0;<FLG>
V6155020;V615502001;HINnJ;1;"2009-01-05 00:00:00";"2009-01-05 19:00:00";16;1320;20;10;0;<FLG>
V6155020;V615502001;HINnJ;1;"2009-01-06 00:00:00";"2009-01-06 13:00:00";16;1310;20;10;0;<FLG>
V6155020;V615502001;HINnJ;1;"2009-01-07 00:00:00";"2009-01-07 18:00:00";16;1290;20;10;0;<FLG>
V6155020;V615502001;HINnJ;1;"2009-01-08 00:00:00";"2009-01-08 20:00:00";16;1270;20;10;0;<FLG>
V6155020;V615502001;HINnJ;1;"2009-01-09 00:00:00";"2009-01-09 12:00:00";16;1260;20;10;0;<FLG>
V6155020;V615502001;HINnJ;1;"2009-01-10 00:00:00";"2009-01-10 18:00:00";16;1240;20;10;0;<FLG>
V6155020;V615502001;HINnJ;1;"2009-01-11 00:00:00";"2009-01-11 15:00:00";16;1230;20;10;0;<FLG>
V6155020;V615502001;HINnJ;1;"2009-01-12 00:00:00";"2009-01-12 07:00:00";16;1220;20;10;0;<FLG>
V6155020;V615502001;HINnJ;1;"2009-01-13 00:00:00";"2009-01-13 07:00:00";16;1210;20;10;0;<FLG>
V6155020;V615502001;HINnJ;1;"2009-01-14 00:00:00";"2009-01-14 17:00:00";16;1200;20;10;0;<FLG>
V6155020;V615502001;HINnJ;1;"2009-01-15 00:00:00";"2009-01-15 19:00:00";16;1190;20;10;0;<FLG>
V6155020;V615502001;HINnJ;1;"2009-01-16 00:00:00";"2009-01-16 17:00:00";16;1180;20;10;0;<FLG>
V6155020;V615502001;HINnJ;1;"2009-01-17 00:00:00";"2009-01-17 17:00:00";16;1170;20;10;0;<FLG>
V6155020;V615502001;HINnJ;1;"2009-01-18 00:00:00";"2009-01-18 01:00:00";16;1170;20;10;0;<FLG>
V6155020;V615502001;HINnJ;1;"2009-01-19 00:00:00";"2009-01-19 02:00:00";16;1160;20;10;0;<FLG>
V6155020;V615502001;HINnJ;1;"2009-01-20 00:00:00";"2009-01-20 01:00:00";16;1160;20;10;0;<FLG>
V6155020;V615502001;HINnJ;1;"2009-01-21 00:00:00";"2009-01-21 00:00:00";16;1200;20;10;0;<FLG>
V6155020;V615502001;HINnJ;1;"2009-01-22 00:00:00";"2009-01-22 01:00:00";16;1240;20;10;0;<FLG>
V6155020;V615502001;HINnJ;1;"2009-01-23 00:00:00";"2009-01-23 01:00:00";16;1250;20;10;0;<FLG>
V6155020;V615502001;HINnJ;1;"2009-01-24 00:00:00";"2009-01-24 01:00:00";16;1290;20;10;0;<FLG>
V6155020;V615502001;HINnJ;1;"2009-01-25 00:00:00";"2009-01-25 01:00:00";16;1360;20;10;0;<FLG>
V6155020;V615502001;HINnJ;1;"2009-01-26 00:00:00";"2009-01-26 01:00:00";16;1400;20;10;0;<FLG>
V6155020;V615502001;HINnJ;1;"2009-01-27 00:00:00";"2009-01-27 18:00:00";16;1390;20;10;0;<FLG>
V6155020;V615502001;HINnJ;1;"2009-01-28 00:00:00";"2009-01-28 18:00:00";16;1370;20;10;0;<FLG>
V6155020;V615502001;HINnJ;1;"2009-01-29 00:00:00";"2009-01-29 18:00:00";16;1350;20;10;0;<FLG>
V6155020;V615502001;HINnJ;1;"2009-01-30 00:00:00";"2009-01-30 15:00:00";16;1330;20;10;0;<FLG>
V6155020;V615502001;HINnJ;1;"2009-01-31 00:00:00";"2009-01-31 16:00:00";16;1310;20;10;0;<FLG>
V6155020;V615502001;HINnJ;1;"2009-02-01 00:00:00";"2009-02-01 11:00:00";16;1300;20;10;0;<FLG>
V6155020;V615502001;HINnJ;1;"2009-02-02 00:00:00";"2009-02-02 02:00:00";16;1290;20;10;0;<FLG>
V6155020;V615502001;HINnJ;1;"2009-02-03 00:00:00";"2009-02-03 01:00:00";16;1300;20;10;0;<FLG>
V6155020;V615502001;HINnJ;1;"2009-02-04 00:00:00";"2009-02-04 01:00:00";16;1340;20;10;0;<FLG>
V6155020;V615502001;HINnJ;1;"2009-02-05 00:00:00";"2009-02-05 01:00:00";16;1420;20;10;0;<FLG>
V6155020;V615502001;HINnJ;1;"2009-02-06 00:00:00";"2009-02-06 01:00:00";16;1460;20;10;0;<FLG>
V6155020;V615502001;HINnJ;1;"2009-02-07 00:00:00";"2009-02-07 00:00:00";16;1530;20;10;0;<FLG>
V6155020;V615502001;HINnJ;1;"2009-02-08 00:00:00";"2009-02-08 01:00:00";16;1610;20;10;0;<FLG>
V6155020;V615502001;HINnJ;1;"2009-02-09 00:00:00";"2009-02-09 12:00:00";16;1610;20;10;0;<FLG>
V6155020;V615502001;HINnJ;1;"2009-02-10 00:00:00";"2009-02-10 23:00:00";16;1590;20;10;0;<FLG>
V6155020;V615502001;HINnJ;1;"2009-02-11 00:00:00";"2009-02-11 15:00:00";16;1580;20;10;0;<FLG>
V6155020;V615502001;HINnJ;1;"2009-02-12 00:00:00";"2009-02-12 19:00:00";16;1560;20;10;0;<FLG>
V6155020;V615502001;HINnJ;1;"2009-02-13 00:00:00";"2009-02-13 18:00:00";16;1540;20;10;0;<FLG>
V6155020;V615502001;HINnJ;1;"2009-02-14 00:00:00";"2009-02-14 16:00:00";16;1520;20;10;0;<FLG>
V6155020;V615502001;HINnJ;1;"2009-02-15 00:00:00";"2009-02-15 22:00:00";16;1480;20;10;0;<FLG>
V6155020;V615502001;HINnJ;1;"2009-02-16 00:00:00";"2009-02-16 21:00:00";16;1450;20;10;0;<FLG>
V6155020;V615502001;HINnJ;1;"2009-02-17 00:00:00";"2009-02-17 21:00:00";16;1420;20;10;0;<FLG>
V6155020;V615502001;HINnJ;1;"2009-02-18 00:00:00";"2009-02-18 23:00:00";16;1390;20;10;0;<FLG>
V6155020;V615502001;HINnJ;1;"2009-02-19 00:00:00";"2009-02-19 19:00:00";16;1370;20;10;0;<FLG>
V6155020;V615502001;HINnJ;1;"2009-02-20 00:00:00";"2009-02-20 16:00:00";16;1350;20;10;0;<FLG>
V6155020;V615502001;HINnJ;1;"2009-02-21 00:00:00";"2009-02-21 17:00:00";16;1330;20;10;0;<FLG>
V6155020;V615502001;HINnJ;1;"2009-02-22 00:00:00";"2009-02-22 19:00:00";16;1310;20;10;0;<FLG>
V6155020;V615502001;HINnJ;1;"2009-02-23 00:00:00";"2009-02-23 16:00:00";16;1300;20;10;0;<FLG>
V6155020;V615502001;HINnJ;1;"2009-02-24 00:00:00";"2009-02-24 23:59:59";16;1284;20;10;0;<FLG>
V6155020;V615502001;HINnJ;1;"2009-02-25 00:00:00";"2009-02-25 13:00:00";16;1270;20;10;0;<FLG>
V6155020;V615502001;HINnJ;1;"2009-02-26 00:00:00";"2009-02-26 09:00:00";16;1260;20;10;0;<FLG>
V6155020;V615502001;HINnJ;1;"2009-02-27 00:00:00";"2009-02-27 19:00:00";16;1250;20;10;0;<FLG>
V6155020;V615502001;HINnJ;1;"2009-02-28 00:00:00";"2009-02-28 01:00:00";16;1250;20;10;0;<FLG>
V6155020;V615502001;HINnJ;1;"2009-03-01 00:00:00";"2009-03-01 01:00:00";16;1250;20;10;0;<FLG>
V6155020;V615502001;HINnJ;1;"2009-03-02 00:00:00";"2009-03-02 01:00:00";16;1260;20;10;0;<FLG>
V6155020;V615502001;HINnJ;1;"2009-03-03 00:00:00";"2009-03-03 01:00:00";16;1260;20;10;0;<FLG>
V6155020;V615502001;HINnJ;1;"2009-03-04 00:00:00";"2009-03-04 01:00:00";16;1270;20;10;0;<FLG>
V6155020;V615502001;HINnJ;1;"2009-03-05 00:00:00";"2009-03-05 22:00:00";16;1260;20;10;0;<FLG>
V6155020;V615502001;HINnJ;1;"2009-03-06 00:00:00";"2009-03-06 21:00:00";16;1250;20;10;0;<FLG>
V6155020;V615502001;HINnJ;1;"2009-03-07 00:00:00";"2009-03-07 14:00:00";16;1240;20;10;0;<FLG>
V6155020;V615502001;HINnJ;1;"2009-03-08 00:00:00";"2009-03-08 21:00:00";16;1220;20;10;0;<FLG>
V6155020;V615502001;HINnJ;1;"2009-03-09 00:00:00";"2009-03-09 22:00:00";16;1210;20;10;0;<FLG>
V6155020;V615502001;HINnJ;1;"2009-03-10 00:00:00";"2009-03-10 01:00:00";16;1210;20;10;0;<FLG>
V6155020;V615502001;HINnJ;1;"2009-03-11 00:00:00";"2009-03-11 19:00:00";16;1200;20;10;0;<FLG>
V6155020;V615502001;HINnJ;1;"2009-03-12 00:00:00";"2009-03-12 01:00:00";16;1200;20;10;0;<FLG>
V6155020;V615502001;HINnJ;1;"2009-03-13 00:00:00";"2009-03-13 01:00:00";16;1200;20;10;0;<FLG>
V6155020;V615502001;HINnJ;1;"2009-03-14 00:00:00";"2009-03-14 01:00:00";16;1200;20;10;0;<FLG>
V6155020;V615502001;HINnJ;1;"2009-03-15 00:00:00";"2009-03-15 01:00:00";16;1210;20;10;0;<FLG>
V6155020;V615502001;HINnJ;1;"2009-03-16 00:00:00";"2009-03-16 01:00:00";16;1220;20;10;0;<FLG>
V6155020;V615502001;HINnJ;1;"2009-03-17 00:00:00";"2009-03-17 01:00:00";16;1240;20;10;0;<FLG>
V6155020;V615502001;HINnJ;1;"2009-03-18 00:00:00";"2009-03-18 01:00:00";16;1240;20;10;0;<FLG>
V6155020;V615502001;HINnJ;1;"2009-03-19 00:00:00";"2009-03-19 10:00:00";16;1230;20;10;0;<FLG>
V6155020;V615502001;HINnJ;1;"2009-03-20 00:00:00";"2009-03-20 01:00:00";16;1230;20;10;0;<FLG>
V6155020;V615502001;HINnJ;1;"2009-03-21 00:00:00";"2009-03-21 23:00:00";16;1210;20;10;0;<FLG>
V6155020;V615502001;HINnJ;1;"2009-03-22 00:00:00";"2009-03-22 18:00:00";16;1200;20;10;0;<FLG>
V6155020;V615502001;HINnJ;1;"2009-03-23 00:00:00";"2009-03-23 10:00:00";16;1190;20;10;0;<FLG>
V6155020;V615502001;HINnJ;1;"2009-03-24 00:00:00";"2009-03-24 10:00:00";16;1180;20;10;0;<FLG>
V6155020;V615502001;HINnJ;1;"2009-03-25 00:00:00";"2009-03-25 19:00:00";16;1170;20;10;0;<FLG>
V6155020;V615502001;HINnJ;1;"2009-03-26 00:00:00";"2009-03-26 19:00:00";16;1160;20;10;0;<FLG>
V6155020;V615502001;HINnJ;1;"2009-03-27 00:00:00";"2009-03-27 19:00:00";16;1150;20;10;0;<FLG>
V6155020;V615502001;HINnJ;1;"2009-03-28 00:00:00";"2009-03-28 01:00:00";16;1150;20;10;0;<FLG>
V6155020;V615502001;HINnJ;1;"2009-03-29 00:00:00";"2009-03-29 01:00:00";16;1150;20;10;0;<FLG>
V6155020;V615502001;HINnJ;1;"2009-03-30 00:00:00";"2009-03-30 01:00:00";16;1160;20;10;0;<FLG>
V6155020;V615502001;HINnJ;1;"2009-03-31 00:00:00";"2009-03-31 16:00:00";16;1150;20;10;0;<FLG>
V6155020;V615502001;HINnJ;1;"2009-04-01 00:00:00";"2009-04-01 01:00:00";16;1150;20;10;0;<FLG>
V6155020;V615502001;HINnJ;1;"2009-04-02 00:00:00";"2009-04-02 01:00:00";16;1150;20;10;0;<FLG>
V6155020;V615502001;HINnJ;1;"2009-04-03 00:00:00";"2009-04-03 01:00:00";16;1170;20;10;0;<FLG>
V6155020;V615502001;HINnJ;1;"2009-04-04 00:00:00";"2009-04-04 01:00:00";16;1210;20;10;0;<FLG>
V6155020;V615502001;HINnJ;1;"2009-04-05 00:00:00";"2009-04-05 01:00:00";16;1220;20;10;0;<FLG>
V6155020;V615502001;HINnJ;1;"2009-04-06 00:00:00";"2009-04-06 01:00:00";16;1220;20;10;0;<FLG>
V6155020;V615502001;HINnJ;1;"2009-04-07 00:00:00";"2009-04-07 01:00:00";16;1230;20;10;0;<FLG>
V6155020;V615502001;HINnJ;1;"2009-04-08 00:00:00";"2009-04-08 12:00:00";16;1230;20;10;0;<FLG>
V6155020;V615502001;HINnJ;1;"2009-04-09 00:00:00";"2009-04-09 17:00:00";16;1220;20;10;0;<FLG>
V6155020;V615502001;HINnJ;1;"2009-04-10 00:00:00";"2009-04-10 18:00:00";16;1210;20;10;0;<FLG>
V6155020;V615502001;HINnJ;1;"2009-04-11 00:00:00";"2009-04-11 01:00:00";16;1210;20;10;0;<FLG>
V6155020;V615502001;HINnJ;1;"2009-04-12 00:00:00";"2009-04-12 10:00:00";16;1200;20;10;0;<FLG>
V6155020;V615502001;HINnJ;1;"2009-04-13 00:00:00";"2009-04-13 09:00:00";16;1190;20;10;0;<FLG>
V6155020;V615502001;HINnJ;1;"2009-04-14 00:00:00";"2009-04-14 19:00:00";16;1180;20;10;0;<FLG>
V6155020;V615502001;HINnJ;1;"2009-04-15 00:00:00";"2009-04-15 23:59:59";16;1170;20;10;0;<FLG>
V6155020;V615502001;HINnJ;1;"2009-04-16 00:00:00";"2009-04-16 03:00:00";16;1170;20;10;0;<FLG>
V6155020;V615502001;HINnJ;1;"2009-04-17 00:00:00";"2009-04-17 00:00:00";16;1220;20;10;0;<FLG>
V6155020;V615502001;HINnJ;1;"2009-04-18 00:00:00";"2009-04-18 00:00:00";16;1308;20;10;0;<FLG>
V6155020;V615502001;HINnJ;1;"2009-04-19 00:00:00";"2009-04-19 01:00:00";16;1330;20;10;0;<FLG>
V6155020;V615502001;HINnJ;1;"2009-04-20 00:00:00";"2009-04-20 01:00:00";16;1340;20;10;0;<FLG>
V6155020;V615502001;HINnJ;1;"2009-04-21 00:00:00";"2009-04-21 01:00:00";16;1350;20;10;0;<FLG>
V6155020;V615502001;HINnJ;1;"2009-04-22 00:00:00";"2009-04-22 01:00:00";16;1360;20;10;0;<FLG>
V6155020;V615502001;HINnJ;1;"2009-04-23 00:00:00";"2009-04-23 01:00:00";16;1370;20;10;0;<FLG>
V6155020;V615502001;HINnJ;1;"2009-04-24 00:00:00";"2009-04-24 23:59:59";16;1350;20;10;0;<FLG>
V6155020;V615502001;HINnJ;1;"2009-04-25 00:00:00";"2009-04-25 17:00:00";16;1340;20;10;0;<FLG>
V6155020;V615502001;HINnJ;1;"2009-04-26 00:00:00";"2009-04-26 08:00:00";16;1330;20;10;0;<FLG>
V6155020;V615502001;HINnJ;1;"2009-04-27 00:00:00";"2009-04-27 00:00:00";16;1330;20;10;0;<FLG>
V6155020;V615502001;HINnJ;1;"2009-04-28 00:00:00";"2009-04-28 00:00:00";16;1470;20;10;0;<FLG>
V6155020;V615502001;HINnJ;1;"2009-04-29 00:00:00";"2009-04-29 01:00:00";16;1510;20;10;0;<FLG>
V6155020;V615502001;HINnJ;1;"2009-04-30 00:00:00";"2009-04-30 20:00:00";16;1500;20;10;0;<FLG>
V6155020;V615502001;HINnJ;1;"2009-05-01 00:00:00";"2009-05-01 23:00:00";16;1480;20;10;0;<FLG>
V6155020;V615502001;HINnJ;1;"2009-05-02 00:00:00";"2009-05-02 19:00:00";16;1460;20;10;0;<FLG>
V6155020;V615502001;HINnJ;1;"2009-05-03 00:00:00";"2009-05-03 21:00:00";16;1430;20;10;0;<FLG>
V6155020;V615502001;HINnJ;1;"2009-05-04 00:00:00";"2009-05-04 22:00:00";16;1400;20;10;0;<FLG>
V6155020;V615502001;HINnJ;1;"2009-05-05 00:00:00";"2009-05-05 23:00:00";16;1370;20;10;0;<FLG>
V6155020;V615502001;HINnJ;1;"2009-05-06 00:00:00";"2009-05-06 20:00:00";16;1340;20;10;0;<FLG>
V6155020;V615502001;HINnJ;1;"2009-05-07 00:00:00";"2009-05-07 22:00:00";16;1310;20;10;0;<FLG>
V6155020;V615502001;HINnJ;1;"2009-05-08 00:00:00";"2009-05-08 20:00:00";16;1290;20;10;0;<FLG>
V6155020;V615502001;HINnJ;1;"2009-05-09 00:00:00";"2009-05-09 20:00:00";16;1270;20;10;0;<FLG>
V6155020;V615502001;HINnJ;1;"2009-05-10 00:00:00";"2009-05-10 11:00:00";16;1260;20;10;0;<FLG>
V6155020;V615502001;HINnJ;1;"2009-05-11 00:00:00";"2009-05-11 18:00:00";16;1240;20;10;0;<FLG>
V6155020;V615502001;HINnJ;1;"2009-05-12 00:00:00";"2009-05-12 23:00:00";16;1220;20;10;0;<FLG>
V6155020;V615502001;HINnJ;1;"2009-05-13 00:00:00";"2009-05-13 20:00:00";16;1210;20;10;0;<FLG>
V6155020;V615502001;HINnJ;1;"2009-05-14 00:00:00";"2009-05-14 16:00:00";16;1200;20;10;0;<FLG>
V6155020;V615502001;HINnJ;1;"2009-05-15 00:00:00";"2009-05-15 19:00:00";16;1190;20;10;0;<FLG>
V6155020;V615502001;HINnJ;1;"2009-05-16 00:00:00";"2009-05-16 01:00:00";16;1190;20;10;0;<FLG>
V6155020;V615502001;HINnJ;1;"2009-05-17 00:00:00";"2009-05-17 13:00:00";16;1180;20;10;0;<FLG>
V6155020;V615502001;HINnJ;1;"2009-05-18 00:00:00";"2009-05-18 14:00:00";16;1170;20;10;0;<FLG>
V6155020;V615502001;HINnJ;1;"2009-05-19 00:00:00";"2009-05-19 18:00:00";16;1160;20;10;0;<FLG>
V6155020;V615502001;HINnJ;1;"2009-05-20 00:00:00";"2009-05-20 20:00:00";16;1150;20;10;0;<FLG>
V6155020;V615502001;HINnJ;1;"2009-05-21 00:00:00";"2009-05-21 20:00:00";16;1140;20;10;0;<FLG>
V6155020;V615502001;HINnJ;1;"2009-05-22 00:00:00";"2009-05-22 01:00:00";16;1140;20;10;0;<FLG>
V6155020;V615502001;HINnJ;1;"2009-05-23 00:00:00";"2009-05-23 15:00:00";16;1130;20;10;0;<FLG>
V6155020;V615502001;HINnJ;1;"2009-05-24 00:00:00";"2009-05-24 01:00:00";16;1130;20;10;0;<FLG>
V6155020;V615502001;HINnJ;1;"2009-05-25 00:00:00";"2009-05-25 18:00:00";16;1120;20;10;0;<FLG>
V6155020;V615502001;HINnJ;1;"2009-05-26 00:00:00";"2009-05-26 01:00:00";16;1120;20;10;0;<FLG>
V6155020;V615502001;HINnJ;1;"2009-05-27 00:00:00";"2009-05-27 20:00:00";16;1110;20;10;0;<FLG>
V6155020;V615502001;HINnJ;1;"2009-05-28 00:00:00";"2009-05-28 01:00:00";16;1110;20;10;0;<FLG>
V6155020;V615502001;HINnJ;1;"2009-05-29 00:00:00";"2009-05-29 01:00:00";16;1110;20;10;0;<FLG>
V6155020;V615502001;HINnJ;1;"2009-05-30 00:00:00";"2009-05-30 02:00:00";16;1100;20;10;0;<FLG>
V6155020;V615502001;HINnJ;1;"2009-05-31 00:00:00";"2009-05-31 01:00:00";16;1100;20;10;0;<FLG>
V6155020;V615502001;HINnJ;1;"2009-06-01 00:00:00";"2009-06-01 13:00:00";16;1090;20;10;0;<FLG>
V6155020;V615502001;HINnJ;1;"2009-06-02 00:00:00";"2009-06-02 01:00:00";16;1090;20;10;0;<FLG>
V6155020;V615502001;HINnJ;1;"2009-06-03 00:00:00";"2009-06-03 21:00:00";16;1080;20;10;0;<FLG>
V6155020;V615502001;HINnJ;1;"2009-06-04 00:00:00";"2009-06-04 01:00:00";16;1080;20;10;0;<FLG>
V6155020;V615502001;HINnJ;1;"2009-06-05 00:00:00";"2009-06-05 14:00:00";16;1070;20;10;0;<FLG>
V6155020;V615502001;HINnJ;1;"2009-06-06 00:00:00";"2009-06-06 01:00:00";16;1070;20;10;0;<FLG>
V6155020;V615502001;HINnJ;1;"2009-06-07 00:00:00";"2009-06-07 01:00:00";16;1070;20;10;0;<FLG>
V6155020;V615502001;HINnJ;1;"2009-06-08 00:00:00";"2009-06-08 08:00:00";16;1060;20;10;0;<FLG>
V6155020;V615502001;HINnJ;1;"2009-06-09 00:00:00";"2009-06-09 19:00:00";16;1050;20;10;0;<FLG>
V6155020;V615502001;HINnJ;1;"2009-06-10 00:00:00";"2009-06-10 01:00:00";16;1050;20;10;0;<FLG>
V6155020;V615502001;HINnJ;1;"2009-06-11 00:00:00";"2009-06-11 01:00:00";16;1050;20;10;0;<FLG>
V6155020;V615502001;HINnJ;1;"2009-06-12 00:00:00";"2009-06-12 23:59:59";16;1040;20;10;0;<FLG>
V6155020;V615502001;HINnJ;1;"2009-06-13 00:00:00";"2009-06-13 01:00:00";16;1040;20;10;0;<FLG>
V6155020;V615502001;HINnJ;1;"2009-06-14 00:00:00";"2009-06-14 20:00:00";16;1030;20;10;0;<FLG>
V6155020;V615502001;HINnJ;1;"2009-06-15 00:00:00";"2009-06-15 01:00:00";16;1030;20;10;0;<FLG>
V6155020;V615502001;HINnJ;1;"2009-06-16 00:00:00";"2009-06-16 23:59:59";16;1025;20;10;0;<FLG>
V6155020;V615502001;HINnJ;1;"2009-06-17 00:00:00";"2009-06-17 17:00:00";16;1020;20;10;0;<FLG>
V6155020;V615502001;HINnJ;1;"2009-06-18 00:00:00";"2009-06-18 22:00:00";16;1010;20;10;0;<FLG>
V6155020;V615502001;HINnJ;1;"2009-06-19 00:00:00";"2009-06-19 23:59:59";16;1007;20;10;0;<FLG>
V6155020;V615502001;HINnJ;1;"2009-06-20 00:00:00";"2009-06-20 23:59:59";16;1003;20;10;0;<FLG>
V6155020;V615502001;HINnJ;1;"2009-06-21 00:00:00";"2009-06-21 18:00:00";16;1000;20;10;0;<FLG>
V6155020;V615502001;HINnJ;1;"2009-06-22 00:00:00";"2009-06-22 01:00:00";16;1000;20;10;0;<FLG>
V6155020;V615502001;HINnJ;1;"2009-06-23 00:00:00";"2009-06-23 21:00:00";16;990;20;10;0;<FLG>
V6155020;V615502001;HINnJ;1;"2009-06-24 00:00:00";"2009-06-24 01:00:00";16;990;20;10;0;<FLG>
V6155020;V615502001;HINnJ;1;"2009-06-25 00:00:00";"2009-06-25 01:00:00";16;990;20;10;0;<FLG>
V6155020;V615502001;HINnJ;1;"2009-06-26 00:00:00";"2009-06-26 12:00:00";16;980;20;10;0;<FLG>
V6155020;V615502001;HINnJ;1;"2009-06-27 00:00:00";"2009-06-27 01:00:00";16;980;20;10;0;<FLG>
V6155020;V615502001;HINnJ;1;"2009-06-28 00:00:00";"2009-06-28 18:00:00";16;970;20;10;0;<FLG>
V6155020;V615502001;HINnJ;1;"2009-06-29 00:00:00";"2009-06-29 01:00:00";16;970;20;10;0;<FLG>
V6155020;V615502001;HINnJ;1;"2009-06-30 00:00:00";"2009-06-30 12:00:00";16;960;20;10;0;<FLG>
V6155020;V615502001;HINnJ;1;"2009-07-01 00:00:00";"2009-07-01 22:00:00";16;950;20;10;0;<FLG>
V6155020;V615502001;HINnJ;1;"2009-07-02 00:00:00";"2009-07-02 01:00:00";16;950;20;10;0;<FLG>
V6155020;V615502001;HINnJ;1;"2009-07-03 00:00:00";"2009-07-03 01:00:00";16;950;20;10;0;<FLG>
V6155020;V615502001;HINnJ;1;"2009-07-04 00:00:00";"2009-07-04 21:00:00";16;940;20;10;0;<FLG>
V6155020;V615502001;HINnJ;1;"2009-07-05 00:00:00";"2009-07-05 01:00:00";16;940;20;10;0;<FLG>
V6155020;V615502001;HINnJ;1;"2009-07-06 00:00:00";"2009-07-06 01:00:00";16;940;20;10;0;<FLG>
V6155020;V615502001;HINnJ;1;"2009-07-07 00:00:00";"2009-07-07 21:00:00";16;930;20;10;0;<FLG>
V6155020;V615502001;HINnJ;1;"2009-07-08 00:00:00";"2009-07-08 01:00:00";16;930;20;10;0;<FLG>
V6155020;V615502001;HINnJ;1;"2009-07-09 00:00:00";"2009-07-09 01:00:00";16;930;20;10;0;<FLG>
V6155020;V615502001;HINnJ;1;"2009-07-10 00:00:00";"2009-07-10 13:00:00";16;920;20;10;0;<FLG>
V6155020;V615502001;HINnJ;1;"2009-07-11 00:00:00";"2009-07-11 01:00:00";16;920;20;10;0;<FLG>
V6155020;V615502001;HINnJ;1;"2009-07-12 00:00:00";"2009-07-12 01:00:00";16;920;20;10;0;<FLG>
V6155020;V615502001;HINnJ;1;"2009-07-13 00:00:00";"2009-07-13 11:00:00";16;910;20;10;0;<FLG>
V6155020;V615502001;HINnJ;1;"2009-07-14 00:00:00";"2009-07-14 01:00:00";16;910;20;10;0;<FLG>
V6155020;V615502001;HINnJ;1;"2009-07-15 00:00:00";"2009-07-15 01:00:00";16;910;20;10;0;<FLG>
V6155020;V615502001;HINnJ;1;"2009-07-16 00:00:00";"2009-07-16 20:00:00";16;900;20;10;0;<FLG>
V6155020;V615502001;HINnJ;1;"2009-07-17 00:00:00";"2009-07-17 01:00:00";16;900;20;10;0;<FLG>
V6155020;V615502001;HINnJ;1;"2009-07-18 00:00:00";"2009-07-18 01:00:00";16;900;20;10;0;<FLG>
V6155020;V615502001;HINnJ;1;"2009-07-19 00:00:00";"2009-07-19 23:00:00";16;890;20;10;0;<FLG>
V6155020;V615502001;HINnJ;1;"2009-07-20 00:00:00";"2009-07-20 01:00:00";16;890;20;10;0;<FLG>
V6155020;V615502001;HINnJ;1;"2009-07-21 00:00:00";"2009-07-21 01:00:00";16;890;20;10;0;<FLG>
V6155020;V615502001;HINnJ;1;"2009-07-22 00:00:00";"2009-07-22 08:00:00";16;880;20;10;0;<FLG>
V6155020;V615502001;HINnJ;1;"2009-07-23 00:00:00";"2009-07-23 22:00:00";16;870;20;10;0;<FLG>
V6155020;V615502001;HINnJ;1;"2009-07-24 00:00:00";"2009-07-24 01:00:00";16;870;20;10;0;<FLG>
V6155020;V615502001;HINnJ;1;"2009-07-25 00:00:00";"2009-07-25 01:00:00";16;870;20;10;0;<FLG>
V6155020;V615502001;HINnJ;1;"2009-07-26 00:00:00";"2009-07-26 21:00:00";16;860;20;10;0;<FLG>
V6155020;V615502001;HINnJ;1;"2009-07-27 00:00:00";"2009-07-27 01:00:00";16;860;20;10;0;<FLG>
V6155020;V615502001;HINnJ;1;"2009-07-28 00:00:00";"2009-07-28 01:00:00";16;860;20;10;0;<FLG>
V6155020;V615502001;HINnJ;1;"2009-07-29 00:00:00";"2009-07-29 16:00:00";16;850;20;10;0;<FLG>
V6155020;V615502001;HINnJ;1;"2009-07-30 00:00:00";"2009-07-30 01:00:00";16;850;20;10;0;<FLG>
V6155020;V615502001;HINnJ;1;"2009-07-31 00:00:00";"2009-07-31 01:00:00";16;850;20;10;0;<FLG>
V6155020;V615502001;HINnJ;1;"2009-08-01 00:00:00";"2009-08-01 01:00:00";16;850;20;10;0;<FLG>
V6155020;V615502001;HINnJ;1;"2009-08-02 00:00:00";"2009-08-02 10:00:00";16;840;20;10;0;<FLG>
V6155020;V615502001;HINnJ;1;"2009-08-03 00:00:00";"2009-08-03 01:00:00";16;840;20;10;0;<FLG>
V6155020;V615502001;HINnJ;1;"2009-08-04 00:00:00";"2009-08-04 01:00:00";16;840;20;10;0;<FLG>
V6155020;V615502001;HINnJ;1;"2009-08-05 00:00:00";"2009-08-05 01:00:00";16;840;20;10;0;<FLG>
V6155020;V615502001;HINnJ;1;"2009-08-06 00:00:00";"2009-08-06 20:00:00";16;830;20;10;0;<FLG>
V6155020;V615502001;HINnJ;1;"2009-08-07 00:00:00";"2009-08-07 01:00:00";16;830;20;10;0;<FLG>
V6155020;V615502001;HINnJ;1;"2009-08-08 00:00:00";"2009-08-08 01:00:00";16;830;20;10;0;<FLG>
V6155020;V615502001;HINnJ;1;"2009-08-09 00:00:00";"2009-08-09 01:00:00";16;830;20;10;0;<FLG>
V6155020;V615502001;HINnJ;1;"2009-08-10 00:00:00";"2009-08-10 01:00:00";16;830;20;10;0;<FLG>
V6155020;V615502001;HINnJ;1;"2009-08-11 00:00:00";"2009-08-11 15:00:00";16;820;20;10;0;<FLG>
V6155020;V615502001;HINnJ;1;"2009-08-12 00:00:00";"2009-08-12 01:00:00";16;820;20;10;0;<FLG>
V6155020;V615502001;HINnJ;1;"2009-08-13 00:00:00";"2009-08-13 01:00:00";16;820;20;10;0;<FLG>
V6155020;V615502001;HINnJ;1;"2009-08-14 00:00:00";"2009-08-14 01:00:00";16;820;20;10;0;<FLG>
V6155020;V615502001;HINnJ;1;"2009-08-15 00:00:00";"2009-08-15 01:00:00";16;820;20;10;0;<FLG>
V6155020;V615502001;HINnJ;1;"2009-08-16 00:00:00";"2009-08-16 23:00:00";16;810;20;10;0;<FLG>
V6155020;V615502001;HINnJ;1;"2009-08-17 00:00:00";"2009-08-17 09:00:00";16;810;20;10;0;<FLG>
V6155020;V615502001;HINnJ;1;"2009-08-18 00:00:00";"2009-08-18 01:00:00";16;810;20;10;0;<FLG>
V6155020;V615502001;HINnJ;1;"2009-08-19 00:00:00";"2009-08-19 01:00:00";16;810;20;10;0;<FLG>
V6155020;V615502001;HINnJ;1;"2009-08-20 00:00:00";"2009-08-20 01:00:00";16;810;20;10;0;<FLG>
V6155020;V615502001;HINnJ;1;"2009-08-21 00:00:00";"2009-08-21 01:00:00";16;810;20;10;0;<FLG>
V6155020;V615502001;HINnJ;1;"2009-08-22 00:00:00";"2009-08-22 01:00:00";16;810;20;10;0;<FLG>
V6155020;V615502001;HINnJ;1;"2009-08-23 00:00:00";"2009-08-23 01:00:00";16;810;20;10;0;<FLG>
V6155020;V615502001;HINnJ;1;"2009-08-24 00:00:00";"2009-08-24 01:00:00";16;810;20;10;0;<FLG>
V6155020;V615502001;HINnJ;1;"2009-08-25 00:00:00";"2009-08-25 01:00:00";16;800;20;10;0;<FLG>
V6155020;V615502001;HINnJ;1;"2009-08-26 00:00:00";"2009-08-26 01:00:00";16;800;20;10;0;<FLG>
V6155020;V615502001;HINnJ;1;"2009-08-27 00:00:00";"2009-08-27 01:00:00";16;800;20;10;0;<FLG>
V6155020;V615502001;HINnJ;1;"2009-08-28 00:00:00";"2009-08-28 01:00:00";16;800;20;10;0;<FLG>
V6155020;V615502001;HINnJ;1;"2009-08-29 00:00:00";"2009-08-29 01:00:00";16;800;20;10;0;<FLG>
V6155020;V615502001;HINnJ;1;"2009-08-30 00:00:00";"2009-08-30 01:00:00";16;800;20;10;0;<FLG>
V6155020;V615502001;HINnJ;1;"2009-08-31 00:00:00";"2009-08-31 02:00:00";16;790;20;10;0;<FLG>
V6155020;V615502001;HINnJ;1;"2009-09-01 00:00:00";"2009-09-01 01:00:00";16;790;20;10;0;<FLG>
V6155020;V615502001;HINnJ;1;"2009-09-02 00:00:00";"2009-09-02 01:00:00";16;790;20;10;0;<FLG>
V6155020;V615502001;HINnJ;1;"2009-09-03 00:00:00";"2009-09-03 01:00:00";16;790;20;10;0;<FLG>
V6155020;V615502001;HINnJ;1;"2009-09-04 00:00:00";"2009-09-04 01:00:00";16;790;20;10;0;<FLG>
V6155020;V615502001;HINnJ;1;"2009-09-05 00:00:00";"2009-09-05 01:00:00";16;790;20;10;0;<FLG>
V6155020;V615502001;HINnJ;1;"2009-09-06 00:00:00";"2009-09-06 01:00:00";16;790;20;10;0;<FLG>
V6155020;V615502001;HINnJ;1;"2009-09-07 00:00:00";"2009-09-07 01:00:00";16;790;20;10;0;<FLG>
V6155020;V615502001;HINnJ;1;"2009-09-08 00:00:00";"2009-09-08 01:00:00";16;790;20;10;0;<FLG>
V6155020;V615502001;HINnJ;1;"2009-09-09 00:00:00";"2009-09-09 01:00:00";16;790;20;10;0;<FLG>
V6155020;V615502001;HINnJ;1;"2009-09-10 00:00:00";"2009-09-10 01:00:00";16;790;20;10;0;<FLG>
V6155020;V615502001;HINnJ;1;"2009-09-11 00:00:00";"2009-09-11 02:00:00";16;780;20;10;0;<FLG>
V6155020;V615502001;HINnJ;1;"2009-09-12 00:00:00";"2009-09-12 00:00:00";16;790;20;10;0;<FLG>
V6155020;V615502001;HINnJ;1;"2009-09-13 00:00:00";"2009-09-13 19:00:00";16;780;20;10;0;<FLG>
V6155020;V615502001;HINnJ;1;"2009-09-14 00:00:00";"2009-09-14 01:00:00";16;780;20;10;0;<FLG>
V6155020;V615502001;HINnJ;1;"2009-09-15 00:00:00";"2009-09-15 01:00:00";16;780;20;10;0;<FLG>
V6155020;V615502001;HINnJ;1;"2009-09-16 00:00:00";"2009-09-16 01:00:00";16;790;20;10;0;<FLG>
V6155020;V615502001;HINnJ;1;"2009-09-17 00:00:00";"2009-09-17 01:00:00";16;840;20;10;0;<FLG>
V6155020;V615502001;HINnJ;1;"2009-09-18 00:00:00";"2009-09-18 01:00:00";16;850;20;10;0;<FLG>
V6155020;V615502001;HINnJ;1;"2009-09-19 00:00:00";"2009-09-19 23:59:59";16;890;20;10;0;<FLG>
V6155020;V615502001;HINnJ;1;"2009-09-20 00:00:00";"2009-09-20 01:00:00";16;890;20;10;0;<FLG>
V6155020;V615502001;HINnJ;1;"2009-09-21 00:00:00";"2009-09-21 01:00:00";16;890;20;10;0;<FLG>
V6155020;V615502001;HINnJ;1;"2009-09-22 00:00:00";"2009-09-22 10:00:00";16;880;20;10;0;<FLG>
V6155020;V615502001;HINnJ;1;"2009-09-23 00:00:00";"2009-09-23 10:00:00";16;870;20;10;0;<FLG>
V6155020;V615502001;HINnJ;1;"2009-09-24 00:00:00";"2009-09-24 08:00:00";16;860;20;10;0;<FLG>
V6155020;V615502001;HINnJ;1;"2009-09-25 00:00:00";"2009-09-25 05:00:00";16;850;20;10;0;<FLG>
V6155020;V615502001;HINnJ;1;"2009-09-26 00:00:00";"2009-09-26 13:00:00";16;840;20;10;0;<FLG>
V6155020;V615502001;HINnJ;1;"2009-09-27 00:00:00";"2009-09-27 01:00:00";16;840;20;10;0;<FLG>
V6155020;V615502001;HINnJ;1;"2009-09-28 00:00:00";"2009-09-28 01:00:00";16;840;20;10;0;<FLG>
V6155020;V615502001;HINnJ;1;"2009-09-29 00:00:00";"2009-09-29 18:00:00";16;830;20;10;0;<FLG>
V6155020;V615502001;HINnJ;1;"2009-09-30 00:00:00";"2009-09-30 01:00:00";16;830;20;10;0;<FLG>
V6155020;V615502001;HINnJ;1;"2009-10-01 00:00:00";"2009-10-01 19:00:00";16;820;20;10;0;<FLG>
V6155020;V615502001;HINnJ;1;"2009-10-02 00:00:00";"2009-10-02 01:00:00";16;820;20;10;0;<FLG>
V6155020;V615502001;HINnJ;1;"2009-10-03 00:00:00";"2009-10-03 18:00:00";16;810;20;10;0;<FLG>
V6155020;V615502001;HINnJ;1;"2009-10-04 00:00:00";"2009-10-04 01:00:00";16;810;20;10;0;<FLG>
V6155020;V615502001;HINnJ;1;"2009-10-05 00:00:00";"2009-10-05 13:00:00";16;800;20;10;0;<FLG>
V6155020;V615502001;HINnJ;1;"2009-10-06 00:00:00";"2009-10-06 01:00:00";16;800;20;10;0;<FLG>
V6155020;V615502001;HINnJ;1;"2009-10-07 00:00:00";"2009-10-07 03:00:00";16;790;20;10;0;<FLG>
V6155020;V615502001;HINnJ;1;"2009-10-08 00:00:00";"2009-10-08 01:00:00";16;790;20;10;0;<FLG>
V6155020;V615502001;HINnJ;1;"2009-10-09 00:00:00";"2009-10-09 01:00:00";16;790;20;10;0;<FLG>
V6155020;V615502001;HINnJ;1;"2009-10-10 00:00:00";"2009-10-10 01:00:00";16;790;20;10;0;<FLG>
V6155020;V615502001;HINnJ;1;"2009-10-11 00:00:00";"2009-10-11 01:00:00";16;790;20;10;0;<FLG>
V6155020;V615502001;HINnJ;1;"2009-10-12 00:00:00";"2009-10-12 18:00:00";16;780;20;10;0;<FLG>
V6155020;V615502001;HINnJ;1;"2009-10-13 00:00:00";"2009-10-13 01:00:00";16;780;20;10;0;<FLG>
V6155020;V615502001;HINnJ;1;"2009-10-14 00:00:00";"2009-10-14 01:00:00";16;780;20;10;0;<FLG>
V6155020;V615502001;HINnJ;1;"2009-10-15 00:00:00";"2009-10-15 01:00:00";16;780;20;10;0;<FLG>
V6155020;V615502001;HINnJ;1;"2009-10-16 00:00:00";"2009-10-16 23:00:00";16;770;20;10;0;<FLG>
V6155020;V615502001;HINnJ;1;"2009-10-17 00:00:00";"2009-10-17 04:00:00";16;770;20;10;0;<FLG>
V6155020;V615502001;HINnJ;1;"2009-10-18 00:00:00";"2009-10-18 01:00:00";16;770;20;10;0;<FLG>
V6155020;V615502001;HINnJ;1;"2009-10-19 00:00:00";"2009-10-19 01:00:00";16;770;20;10;0;<FLG>
V6155020;V615502001;HINnJ;1;"2009-10-20 00:00:00";"2009-10-20 01:00:00";16;770;20;10;0;<FLG>
V6155020;V615502001;HINnJ;1;"2009-10-21 00:00:00";"2009-10-21 01:00:00";16;770;20;10;0;<FLG>
V6155020;V615502001;HINnJ;1;"2009-10-22 00:00:00";"2009-10-22 00:00:00";16;830;20;10;0;<FLG>
V6155020;V615502001;HINnJ;1;"2009-10-23 00:00:00";"2009-10-23 00:00:00";16;960;20;10;0;<FLG>
V6155020;V615502001;HINnJ;1;"2009-10-24 00:00:00";"2009-10-24 23:59:59";16;1040;20;10;0;<FLG>
V6155020;V615502001;HINnJ;1;"2009-10-25 00:00:00";"2009-10-25 18:00:00";16;1020;20;10;0;<FLG>
V6155020;V615502001;HINnJ;1;"2009-10-26 00:00:00";"2009-10-26 21:00:00";16;990;20;10;0;<FLG>
V6155020;V615502001;HINnJ;1;"2009-10-27 00:00:00";"2009-10-27 20:00:00";16;970;20;10;0;<FLG>
V6155020;V615502001;HINnJ;1;"2009-10-28 00:00:00";"2009-10-28 18:00:00";16;950;20;10;0;<FLG>
V6155020;V615502001;HINnJ;1;"2009-10-29 00:00:00";"2009-10-29 17:00:00";16;930;20;10;0;<FLG>
V6155020;V615502001;HINnJ;1;"2009-10-30 00:00:00";"2009-10-30 20:00:00";16;910;20;10;0;<FLG>
V6155020;V615502001;HINnJ;1;"2009-10-31 00:00:00";"2009-10-31 18:00:00";16;900;20;10;0;<FLG>
V6155020;V615502001;HINnJ;1;"2009-11-01 00:00:00";"2009-11-01 19:00:00";16;890;20;10;0;<FLG>
V6155020;V615502001;HINnJ;1;"2009-11-02 00:00:00";"2009-11-02 01:00:00";16;890;20;10;0;<FLG>
V6155020;V615502001;HINnJ;1;"2009-11-03 00:00:00";"2009-11-03 00:00:00";16;940;20;10;0;<FLG>
V6155020;V615502001;HINnJ;1;"2009-11-04 00:00:00";"2009-11-04 01:00:00";16;990;20;10;0;<FLG>
V6155020;V615502001;HINnJ;1;"2009-11-05 00:00:00";"2009-11-05 01:00:00";16;1020;20;10;0;<FLG>
V6155020;V615502001;HINnJ;1;"2009-11-06 00:00:00";"2009-11-06 23:59:59";16;1007;20;10;0;<FLG>
V6155020;V615502001;HINnJ;1;"2009-11-07 00:00:00";"2009-11-07 18:00:00";16;990;20;10;0;<FLG>
V6155020;V615502001;HINnJ;1;"2009-11-08 00:00:00";"2009-11-08 18:00:00";16;980;20;10;0;<FLG>
V6155020;V615502001;HINnJ;1;"2009-11-09 00:00:00";"2009-11-09 16:00:00";16;970;20;10;0;<FLG>
V6155020;V615502001;HINnJ;1;"2009-11-10 00:00:00";"2009-11-10 10:00:00";16;960;20;10;0;<FLG>
V6155020;V615502001;HINnJ;1;"2009-11-11 00:00:00";"2009-11-11 09:00:00";16;950;20;10;0;<FLG>
V6155020;V615502001;HINnJ;1;"2009-11-12 00:00:00";"2009-11-12 06:00:00";16;940;20;10;0;<FLG>
V6155020;V615502001;HINnJ;1;"2009-11-13 00:00:00";"2009-11-13 08:00:00";16;930;20;10;0;<FLG>
V6155020;V615502001;HINnJ;1;"2009-11-14 00:00:00";"2009-11-14 05:00:00";16;920;20;10;0;<FLG>
V6155020;V615502001;HINnJ;1;"2009-11-15 00:00:00";"2009-11-15 11:00:00";16;910;20;10;0;<FLG>
V6155020;V615502001;HINnJ;1;"2009-11-16 00:00:00";"2009-11-16 17:00:00";16;900;20;10;0;<FLG>
V6155020;V615502001;HINnJ;1;"2009-11-17 00:00:00";"2009-11-17 19:00:00";16;890;20;10;0;<FLG>
V6155020;V615502001;HINnJ;1;"2009-11-18 00:00:00";"2009-11-18 22:00:00";16;880;20;10;0;<FLG>
V6155020;V615502001;HINnJ;1;"2009-11-19 00:00:00";"2009-11-19 01:00:00";16;880;20;10;0;<FLG>
V6155020;V615502001;HINnJ;1;"2009-11-20 00:00:00";"2009-11-20 06:00:00";16;870;20;10;0;<FLG>
V6155020;V615502001;HINnJ;1;"2009-11-21 00:00:00";"2009-11-21 17:00:00";16;860;20;10;0;<FLG>
V6155020;V615502001;HINnJ;1;"2009-11-22 00:00:00";"2009-11-22 01:00:00";16;860;20;10;0;<FLG>
V6155020;V615502001;HINnJ;1;"2009-11-23 00:00:00";"2009-11-23 15:00:00";16;850;20;10;0;<FLG>
V6155020;V615502001;HINnJ;1;"2009-11-24 00:00:00";"2009-11-24 01:00:00";16;850;20;10;0;<FLG>
V6155020;V615502001;HINnJ;1;"2009-11-25 00:00:00";"2009-11-25 04:00:00";16;840;20;10;0;<FLG>
V6155020;V615502001;HINnJ;1;"2009-11-26 00:00:00";"2009-11-26 01:00:00";16;840;20;10;0;<FLG>
V6155020;V615502001;HINnJ;1;"2009-11-27 00:00:00";"2009-11-27 16:00:00";16;830;20;10;0;<FLG>
V6155020;V615502001;HINnJ;1;"2009-11-28 00:00:00";"2009-11-28 01:00:00";16;830;20;10;0;<FLG>
V6155020;V615502001;HINnJ;1;"2009-11-29 00:00:00";"2009-11-29 01:00:00";16;830;20;10;0;<FLG>
V6155020;V615502001;HINnJ;1;"2009-11-30 00:00:00";"2009-11-30 01:00:00";16;840;20;10;0;<FLG>
V6155020;V615502001;HINnJ;1;"2009-12-01 00:00:00";"2009-12-01 01:00:00";16;1100;20;10;0;<FLG>
V6155020;V615502001;HINnJ;1;"2009-12-02 00:00:00";"2009-12-02 16:00:00";16;1140;20;10;0;<FLG>
V6155020;V615502001;HINnJ;1;"2009-12-03 00:00:00";"2009-12-03 01:00:00";16;1140;20;10;0;<FLG>
V6155020;V615502001;HINnJ;1;"2009-12-04 00:00:00";"2009-12-04 00:00:00";16;1300;20;10;0;<FLG>
V6155020;V615502001;HINnJ;1;"2009-12-05 00:00:00";"2009-12-05 23:59:59";16;1360;20;10;0;<FLG>
V6155020;V615502001;HINnJ;1;"2009-12-06 00:00:00";"2009-12-06 20:00:00";16;1320;20;10;0;<FLG>
V6155020;V615502001;HINnJ;1;"2009-12-07 00:00:00";"2009-12-07 21:00:00";16;1260;20;10;0;<FLG>
V6155020;V615502001;HINnJ;1;"2009-12-08 00:00:00";"2009-12-08 21:00:00";16;1210;20;10;0;<FLG>
V6155020;V615502001;HINnJ;1;"2009-12-09 00:00:00";"2009-12-09 23:00:00";16;1170;20;10;0;<FLG>
V6155020;V615502001;HINnJ;1;"2009-12-10 00:00:00";"2009-12-10 17:00:00";16;1150;20;10;0;<FLG>
V6155020;V615502001;HINnJ;1;"2009-12-11 00:00:00";"2009-12-11 06:00:00";16;1140;20;10;0;<FLG>
V6155020;V615502001;HINnJ;1;"2009-12-12 00:00:00";"2009-12-12 17:00:00";16;1130;20;10;0;<FLG>
V6155020;V615502001;HINnJ;1;"2009-12-13 00:00:00";"2009-12-13 17:00:00";16;1120;20;10;0;<FLG>
V6155020;V615502001;HINnJ;1;"2009-12-14 00:00:00";"2009-12-14 17:00:00";16;1110;20;10;0;<FLG>
V6155020;V615502001;HINnJ;1;"2009-12-15 00:00:00";"2009-12-15 23:59:59";16;1100;20;10;0;<FLG>
V6155020;V615502001;HINnJ;1;"2009-12-16 00:00:00";"2009-12-16 01:00:00";16;1100;20;10;0;<FLG>
V6155020;V615502001;HINnJ;1;"2009-12-17 00:00:00";"2009-12-17 04:00:00";16;1090;20;10;0;<FLG>
V6155020;V615502001;HINnJ;1;"2009-12-18 00:00:00";"2009-12-18 02:00:00";16;1080;20;10;0;<FLG>
V6155020;V615502001;HINnJ;1;"2009-12-19 00:00:00";"2009-12-19 02:00:00";16;1070;20;10;0;<FLG>
V6155020;V615502001;HINnJ;1;"2009-12-20 00:00:00";"2009-12-20 02:00:00";16;1060;20;10;0;<FLG>
V6155020;V615502001;HINnJ;1;"2009-12-21 00:00:00";"2009-12-21 01:00:00";16;1050;20;10;0;<FLG>
V6155020;V615502001;HINnJ;1;"2009-12-22 00:00:00";"2009-12-22 01:00:00";16;1050;20;10;0;<FLG>
V6155020;V615502001;HINnJ;1;"2009-12-23 00:00:00";"2009-12-23 00:00:00";16;1120;20;10;0;<FLG>
V6155020;V615502001;HINnJ;1;"2009-12-24 00:00:00";"2009-12-24 01:00:00";16;1490;20;10;0;<FLG>
V6155020;V615502001;HINnJ;1;"2009-12-25 00:00:00";"2009-12-25 01:00:00";16;1610;20;10;0;<FLG>
V6155020;V615502001;HINnJ;1;"2009-12-26 00:00:00";"2009-12-26 01:00:00";16;1660;20;10;0;<FLG>
V6155020;V615502001;HINnJ;1;"2009-12-27 00:00:00";"2009-12-27 21:00:00";16;1650;20;10;0;<FLG>
V6155020;V615502001;HINnJ;1;"2009-12-28 00:00:00";"2009-12-28 23:00:00";16;1610;20;10;0;<FLG>
V6155020;V615502001;HINnJ;1;"2009-12-29 00:00:00";"2009-12-29 17:00:00";16;1600;20;10;0;<FLG>
V6155020;V615502001;HINnJ;1;"2009-12-30 00:00:00";"2009-12-30 22:00:00";16;1580;20;10;0;<FLG>
V6155020;V615502001;HINnJ;1;"2009-12-31 00:00:00";"2009-12-31 19:00:00";16;1560;20;10;0;<FLG>
V6155020;V615502001;HINnJ;1;"2010-01-01 00:00:00";"2010-01-01 07:00:00";16;1550;20;10;0;<FLG>
V6155020;V615502001;HINnJ;1;"2010-01-02 00:00:00";"2010-01-02 17:00:00";16;1530;20;10;0;<FLG>
V6155020;V615502001;HINnJ;1;"2010-01-03 00:00:00";"2010-01-03 18:00:00";16;1510;20;10;0;<FLG>
V6155020;V615502001;HINnJ;1;"2010-01-04 00:00:00";"2010-01-04 18:00:00";16;1490;20;10;0;<FLG>
V6155020;V615502001;HINnJ;1;"2010-01-05 00:00:00";"2010-01-05 19:00:00";16;1470;20;10;0;<FLG>
V6155020;V615502001;HINnJ;1;"2010-01-06 00:00:00";"2010-01-06 16:00:00";16;1450;20;10;0;<FLG>
V6155020;V615502001;HINnJ;1;"2010-01-07 00:00:00";"2010-01-07 21:00:00";16;1420;20;10;0;<FLG>
V6155020;V615502001;HINnJ;1;"2010-01-08 00:00:00";"2010-01-08 01:00:00";16;1420;20;10;0;<FLG>
V6155020;V615502001;HINnJ;1;"2010-01-09 00:00:00";"2010-01-09 01:00:00";16;1460;20;10;0;<FLG>
V6155020;V615502001;HINnJ;1;"2010-01-10 00:00:00";"2010-01-10 18:00:00";16;1470;20;10;0;<FLG>
V6155020;V615502001;HINnJ;1;"2010-01-11 00:00:00";"2010-01-11 17:00:00";16;1460;20;10;0;<FLG>
V6155020;V615502001;HINnJ;1;"2010-01-12 00:00:00";"2010-01-12 21:00:00";16;1440;20;10;0;<FLG>
V6155020;V615502001;HINnJ;1;"2010-01-13 00:00:00";"2010-01-13 01:00:00";16;1440;20;10;0;<FLG>
V6155020;V615502001;HINnJ;1;"2010-01-14 00:00:00";"2010-01-14 20:00:00";16;1430;20;10;0;<FLG>
V6155020;V615502001;HINnJ;1;"2010-01-15 00:00:00";"2010-01-15 01:00:00";16;1430;20;10;0;<FLG>
V6155020;V615502001;HINnJ;1;"2010-01-16 00:00:00";"2010-01-16 03:00:00";16;1420;20;10;0;<FLG>
V6155020;V615502001;HINnJ;1;"2010-01-17 00:00:00";"2010-01-17 17:00:00";16;1410;20;10;0;<FLG>
V6155020;V615502001;HINnJ;1;"2010-01-18 00:00:00";"2010-01-18 10:00:00";16;1400;20;10;0;<FLG>
V6155020;V615502001;HINnJ;1;"2010-01-19 00:00:00";"2010-01-19 01:00:00";16;1400;20;10;0;<FLG>
V6155020;V615502001;HINnJ;1;"2010-01-20 00:00:00";"2010-01-20 16:00:00";16;1390;20;10;0;<FLG>
V6155020;V615502001;HINnJ;1;"2010-01-21 00:00:00";"2010-01-21 23:59:59";16;1384;20;10;0;<FLG>
V6155020;V615502001;HINnJ;1;"2010-01-22 00:00:00";"2010-01-22 22:00:00";16;1360;20;10;0;<FLG>
V6155020;V615502001;HINnJ;1;"2010-01-23 00:00:00";"2010-01-23 18:00:00";16;1350;20;10;0;<FLG>
V6155020;V615502001;HINnJ;1;"2010-01-24 00:00:00";"2010-01-24 15:00:00";16;1340;20;10;0;<FLG>
V6155020;V615502001;HINnJ;1;"2010-01-25 00:00:00";"2010-01-25 10:00:00";16;1330;20;10;0;<FLG>
V6155020;V615502001;HINnJ;1;"2010-01-26 00:00:00";"2010-01-26 23:00:00";16;1310;20;10;0;<FLG>
V6155020;V615502001;HINnJ;1;"2010-01-27 00:00:00";"2010-01-27 01:00:00";16;1310;20;10;0;<FLG>
V6155020;V615502001;HINnJ;1;"2010-01-28 00:00:00";"2010-01-28 02:00:00";16;1300;20;10;0;<FLG>
V6155020;V615502001;HINnJ;1;"2010-01-29 00:00:00";"2010-01-29 20:00:00";16;1290;20;10;0;<FLG>
V6155020;V615502001;HINnJ;1;"2010-01-30 00:00:00";"2010-01-30 01:00:00";16;1290;20;10;0;<FLG>
V6155020;V615502001;HINnJ;1;"2010-01-31 00:00:00";"2010-01-31 21:00:00";16;1270;20;10;0;<FLG>
V6155020;V615502001;HINnJ;1;"2010-02-01 00:00:00";"2010-02-01 16:00:00";16;1260;20;10;0;<FLG>
V6155020;V615502001;HINnJ;1;"2010-02-02 00:00:00";"2010-02-02 06:00:00";16;1250;20;10;0;<FLG>
V6155020;V615502001;HINnJ;1;"2010-02-03 00:00:00";"2010-02-03 01:00:00";16;1240;20;10;0;<FLG>
V6155020;V615502001;HINnJ;1;"2010-02-04 00:00:00";"2010-02-04 20:00:00";16;1220;20;10;0;<FLG>
V6155020;V615502001;HINnJ;1;"2010-02-05 00:00:00";"2010-02-05 01:00:00";16;1220;20;10;0;<FLG>
V6155020;V615502001;HINnJ;1;"2010-02-06 00:00:00";"2010-02-06 00:00:00";16;1340;20;10;0;<FLG>
V6155020;V615502001;HINnJ;1;"2010-02-07 00:00:00";"2010-02-07 01:00:00";16;1410;20;10;0;<FLG>
V6155020;V615502001;HINnJ;1;"2010-02-08 00:00:00";"2010-02-08 01:00:00";16;1420;20;10;0;<FLG>
V6155020;V615502001;HINnJ;1;"2010-02-09 00:00:00";"2010-02-09 16:00:00";16;1410;20;10;0;<FLG>
V6155020;V615502001;HINnJ;1;"2010-02-10 00:00:00";"2010-02-10 16:00:00";16;1400;20;10;0;<FLG>
V6155020;V615502001;HINnJ;1;"2010-02-11 00:00:00";"2010-02-11 17:00:00";16;1390;20;10;0;<FLG>
V6155020;V615502001;HINnJ;1;"2010-02-12 00:00:00";"2010-02-12 22:00:00";16;1370;20;10;0;<FLG>
V6155020;V615502001;HINnJ;1;"2010-02-13 00:00:00";"2010-02-13 20:00:00";16;1350;20;10;0;<FLG>
V6155020;V615502001;HINnJ;1;"2010-02-14 00:00:00";"2010-02-14 22:00:00";16;1330;20;10;0;<FLG>
V6155020;V615502001;HINnJ;1;"2010-02-15 00:00:00";"2010-02-15 14:00:00";16;1320;20;10;0;<FLG>
V6155020;V615502001;HINnJ;1;"2010-02-16 00:00:00";"2010-02-16 23:00:00";16;1300;20;10;0;<FLG>
V6155020;V615502001;HINnJ;1;"2010-02-17 00:00:00";"2010-02-17 01:00:00";16;1300;20;10;0;<FLG>
V6155020;V615502001;HINnJ;1;"2010-02-18 00:00:00";"2010-02-18 00:00:00";16;1320;20;10;0;<FLG>
V6155020;V615502001;HINnJ;1;"2010-02-19 00:00:00";"2010-02-19 01:00:00";16;1450;20;10;0;<FLG>
V6155020;V615502001;HINnJ;1;"2010-02-20 00:00:00";"2010-02-20 01:00:00";16;1550;20;10;0;<FLG>
V6155020;V615502001;HINnJ;1;"2010-02-21 00:00:00";"2010-02-21 01:00:00";16;1590;20;10;0;<FLG>
V6155020;V615502001;HINnJ;1;"2010-02-22 00:00:00";"2010-02-22 11:00:00";16;1580;20;10;0;<FLG>
V6155020;V615502001;HINnJ;1;"2010-02-23 00:00:00";"2010-02-23 01:00:00";16;1580;20;10;0;<FLG>
V6155020;V615502001;HINnJ;1;"2010-02-24 00:00:00";"2010-02-24 01:00:00";16;1590;20;10;0;<FLG>
V6155020;V615502001;HINnJ;1;"2010-02-25 00:00:00";"2010-02-25 01:00:00";16;1600;20;10;0;<FLG>
V6155020;V615502001;HINnJ;1;"2010-02-26 00:00:00";"2010-02-26 01:00:00";16;1600;20;10;0;<FLG>
V6155020;V615502001;HINnJ;1;"2010-02-27 00:00:00";"2010-02-27 01:00:00";16;1600;20;10;0;<FLG>
V6155020;V615502001;HINnJ;1;"2010-02-28 00:00:00";"2010-02-28 01:00:00";16;1590;20;10;0;<FLG>
V6155020;V615502001;HINnJ;1;"2010-03-01 00:00:00";"2010-03-01 12:00:00";16;1580;20;10;0;<FLG>
V6155020;V615502001;HINnJ;1;"2010-03-02 00:00:00";"2010-03-02 18:00:00";16;1570;20;10;0;<FLG>
V6155020;V615502001;HINnJ;1;"2010-03-03 00:00:00";"2010-03-03 13:00:00";16;1560;20;10;0;<FLG>
V6155020;V615502001;HINnJ;1;"2010-03-04 00:00:00";"2010-03-04 01:00:00";16;1560;20;10;0;<FLG>
V6155020;V615502001;HINnJ;1;"2010-03-05 00:00:00";"2010-03-05 01:00:00";16;1570;20;10;0;<FLG>
V6155020;V615502001;HINnJ;1;"2010-03-06 00:00:00";"2010-03-06 09:00:00";16;1560;20;10;0;<FLG>
V6155020;V615502001;HINnJ;1;"2010-03-07 00:00:00";"2010-03-07 15:00:00";16;1550;20;10;0;<FLG>
V6155020;V615502001;HINnJ;1;"2010-03-08 00:00:00";"2010-03-08 22:00:00";16;1530;20;10;0;<FLG>
V6155020;V615502001;HINnJ;1;"2010-03-09 00:00:00";"2010-03-09 20:00:00";16;1510;20;10;0;<FLG>
V6155020;V615502001;HINnJ;1;"2010-03-10 00:00:00";"2010-03-10 17:00:00";16;1490;20;10;0;<FLG>
V6155020;V615502001;HINnJ;1;"2010-03-11 00:00:00";"2010-03-11 21:00:00";16;1460;20;10;0;<FLG>
V6155020;V615502001;HINnJ;1;"2010-03-12 00:00:00";"2010-03-12 17:00:00";16;1440;20;10;0;<FLG>
V6155020;V615502001;HINnJ;1;"2010-03-13 00:00:00";"2010-03-13 22:00:00";16;1410;20;10;0;<FLG>
V6155020;V615502001;HINnJ;1;"2010-03-14 00:00:00";"2010-03-14 22:00:00";16;1390;20;10;0;<FLG>
V6155020;V615502001;HINnJ;1;"2010-03-15 00:00:00";"2010-03-15 18:00:00";16;1380;20;10;0;<FLG>
V6155020;V615502001;HINnJ;1;"2010-03-16 00:00:00";"2010-03-16 10:00:00";16;1370;20;10;0;<FLG>
V6155020;V615502001;HINnJ;1;"2010-03-17 00:00:00";"2010-03-17 03:00:00";16;1360;20;10;0;<FLG>
V6155020;V615502001;HINnJ;1;"2010-03-18 00:00:00";"2010-03-18 01:00:00";16;1350;20;10;0;<FLG>
V6155020;V615502001;HINnJ;1;"2010-03-19 00:00:00";"2010-03-19 19:00:00";16;1340;20;10;0;<FLG>
V6155020;V615502001;HINnJ;1;"2010-03-20 00:00:00";"2010-03-20 01:00:00";16;1340;20;10;0;<FLG>
V6155020;V615502001;HINnJ;1;"2010-03-21 00:00:00";"2010-03-21 00:00:00";16;1350;20;10;0;<FLG>
V6155020;V615502001;HINnJ;1;"2010-03-22 00:00:00";"2010-03-22 01:00:00";16;1370;20;10;0;<FLG>
V6155020;V615502001;HINnJ;1;"2010-03-23 00:00:00";"2010-03-23 01:00:00";16;1390;20;10;0;<FLG>
V6155020;V615502001;HINnJ;1;"2010-03-24 00:00:00";"2010-03-24 00:00:00";16;1420;20;10;0;<FLG>
V6155020;V615502001;HINnJ;1;"2010-03-25 00:00:00";"2010-03-25 01:00:00";16;1440;20;10;0;<FLG>
V6155020;V615502001;HINnJ;1;"2010-03-26 00:00:00";"2010-03-26 01:00:00";16;1440;20;10;0;<FLG>
V6155020;V615502001;HINnJ;1;"2010-03-27 00:00:00";"2010-03-27 00:00:00";16;1440;20;10;0;<FLG>
V6155020;V615502001;HINnJ;1;"2010-03-28 00:00:00";"2010-03-28 01:00:00";16;1450;20;10;0;<FLG>
V6155020;V615502001;HINnJ;1;"2010-03-29 00:00:00";"2010-03-29 01:00:00";16;1450;20;10;0;<FLG>
V6155020;V615502001;HINnJ;1;"2010-03-30 00:00:00";"2010-03-30 05:00:00";16;1440;20;10;0;<FLG>
V6155020;V615502001;HINnJ;1;"2010-03-31 00:00:00";"2010-03-31 01:00:00";16;1440;20;10;0;<FLG>
V6155020;V615502001;HINnJ;1;"2010-04-01 00:00:00";"2010-04-01 01:00:00";16;1440;20;10;0;<FLG>
V6155020;V615502001;HINnJ;1;"2010-04-02 00:00:00";"2010-04-02 01:00:00";16;1450;20;10;0;<FLG>
V6155020;V615502001;HINnJ;1;"2010-04-03 00:00:00";"2010-04-03 00:00:00";16;1455;20;10;0;<FLG>
V6155020;V615502001;HINnJ;1;"2010-04-04 00:00:00";"2010-04-04 00:00:00";16;1468;20;10;0;<FLG>
V6155020;V615502001;HINnJ;1;"2010-04-05 00:00:00";"2010-04-05 00:00:00";16;1481;20;10;0;<FLG>
V6155020;V615502001;HINnJ;1;"2010-04-06 00:00:00";"2010-04-06 01:00:00";16;1490;20;10;0;<FLG>
V6155020;V615502001;HINnJ;1;"2010-04-07 00:00:00";"2010-04-07 19:00:00";16;1490;20;10;0;<FLG>
V6155020;V615502001;HINnJ;1;"2010-04-08 00:00:00";"2010-04-08 19:00:00";16;1480;20;10;0;<FLG>
V6155020;V615502001;HINnJ;1;"2010-04-09 00:00:00";"2010-04-09 01:00:00";16;1480;20;10;0;<FLG>
V6155020;V615502001;HINnJ;1;"2010-04-10 00:00:00";"2010-04-10 20:00:00";16;1470;20;10;0;<FLG>
V6155020;V615502001;HINnJ;1;"2010-04-11 00:00:00";"2010-04-11 02:00:00";16;1470;20;10;0;<FLG>
V6155020;V615502001;HINnJ;1;"2010-04-12 00:00:00";"2010-04-12 11:00:00";16;1460;20;10;0;<FLG>
V6155020;V615502001;HINnJ;1;"2010-04-13 00:00:00";"2010-04-13 08:00:00";16;1450;20;10;0;<FLG>
V6155020;V615502001;HINnJ;1;"2010-04-14 00:00:00";"2010-04-14 18:00:00";16;1430;20;10;0;<FLG>
V6155020;V615502001;HINnJ;1;"2010-04-15 00:00:00";"2010-04-15 21:00:00";16;1410;20;10;0;<FLG>
V6155020;V615502001;HINnJ;1;"2010-04-16 00:00:00";"2010-04-16 13:00:00";16;1400;20;10;0;<FLG>
V6155020;V615502001;HINnJ;1;"2010-04-17 00:00:00";"2010-04-17 17:00:00";16;1380;20;10;0;<FLG>
V6155020;V615502001;HINnJ;1;"2010-04-18 00:00:00";"2010-04-18 01:00:00";16;1380;20;10;0;<FLG>
V6155020;V615502001;HINnJ;1;"2010-04-19 00:00:00";"2010-04-19 01:00:00";16;1380;20;10;0;<FLG>
V6155020;V615502001;HINnJ;1;"2010-04-20 00:00:00";"2010-04-20 19:00:00";16;1370;20;10;0;<FLG>
V6155020;V615502001;HINnJ;1;"2010-04-21 00:00:00";"2010-04-21 01:00:00";16;1370;20;10;0;<FLG>
V6155020;V615502001;HINnJ;1;"2010-04-22 00:00:00";"2010-04-22 17:00:00";16;1360;20;10;0;<FLG>
V6155020;V615502001;HINnJ;1;"2010-04-23 00:00:00";"2010-04-23 19:00:00";16;1350;20;10;0;<FLG>
V6155020;V615502001;HINnJ;1;"2010-04-24 00:00:00";"2010-04-24 19:00:00";16;1340;20;10;0;<FLG>
V6155020;V615502001;HINnJ;1;"2010-04-25 00:00:00";"2010-04-25 13:00:00";16;1330;20;10;0;<FLG>
V6155020;V615502001;HINnJ;1;"2010-04-26 00:00:00";"2010-04-26 13:00:00";16;1320;20;10;0;<FLG>
V6155020;V615502001;HINnJ;1;"2010-04-27 00:00:00";"2010-04-27 20:00:00";16;1310;20;10;0;<FLG>
V6155020;V615502001;HINnJ;1;"2010-04-28 00:00:00";"2010-04-28 21:00:00";16;1300;20;10;0;<FLG>
V6155020;V615502001;HINnJ;1;"2010-04-29 00:00:00";"2010-04-29 22:00:00";16;1290;20;10;0;<FLG>
V6155020;V615502001;HINnJ;1;"2010-04-30 00:00:00";"2010-04-30 01:00:00";16;1290;20;10;0;<FLG>
V6155020;V615502001;HINnJ;1;"2010-05-01 00:00:00";"2010-05-01 04:00:00";16;1280;20;10;0;<FLG>
V6155020;V615502001;HINnJ;1;"2010-05-02 00:00:00";"2010-05-02 10:00:00";16;1270;20;10;0;<FLG>
V6155020;V615502001;HINnJ;1;"2010-05-03 00:00:00";"2010-05-03 15:00:00";16;1260;20;10;0;<FLG>
V6155020;V615502001;HINnJ;1;"2010-05-04 00:00:00";"2010-05-04 01:00:00";16;1260;20;10;0;<FLG>
V6155020;V615502001;HINnJ;1;"2010-05-05 00:00:00";"2010-05-05 01:00:00";16;1260;20;10;0;<FLG>
V6155020;V615502001;HINnJ;1;"2010-05-06 00:00:00";"2010-05-06 01:00:00";16;1270;20;10;0;<FLG>
V6155020;V615502001;HINnJ;1;"2010-05-07 00:00:00";"2010-05-07 01:00:00";16;1280;20;10;0;<FLG>
V6155020;V615502001;HINnJ;1;"2010-05-08 00:00:00";"2010-05-08 01:00:00";16;1290;20;10;0;<FLG>
V6155020;V615502001;HINnJ;1;"2010-05-09 00:00:00";"2010-05-09 20:00:00";16;1280;20;10;0;<FLG>
V6155020;V615502001;HINnJ;1;"2010-05-10 00:00:00";"2010-05-10 01:00:00";16;1280;20;10;0;<FLG>
V6155020;V615502001;HINnJ;1;"2010-05-11 00:00:00";"2010-05-11 01:00:00";16;1300;20;10;0;<FLG>
V6155020;V615502001;HINnJ;1;"2010-05-12 00:00:00";"2010-05-12 01:00:00";16;1320;20;10;0;<FLG>
V6155020;V615502001;HINnJ;1;"2010-05-13 00:00:00";"2010-05-13 01:00:00";16;1340;20;10;0;<FLG>
V6155020;V615502001;HINnJ;1;"2010-05-14 00:00:00";"2010-05-14 00:00:00";16;1360;20;10;0;<FLG>
V6155020;V615502001;HINnJ;1;"2010-05-15 00:00:00";"2010-05-15 23:59:59";16;1375;20;10;0;<FLG>
V6155020;V615502001;HINnJ;1;"2010-05-16 00:00:00";"2010-05-16 23:59:59";16;1363;20;10;0;<FLG>
V6155020;V615502001;HINnJ;1;"2010-05-17 00:00:00";"2010-05-17 15:00:00";16;1350;20;10;0;<FLG>
V6155020;V615502001;HINnJ;1;"2010-05-18 00:00:00";"2010-05-18 23:00:00";16;1320;20;10;0;<FLG>
V6155020;V615502001;HINnJ;1;"2010-05-19 00:00:00";"2010-05-19 23:59:59";16;1300;20;10;0;<FLG>
V6155020;V615502001;HINnJ;1;"2010-05-20 00:00:00";"2010-05-20 17:00:00";16;1290;20;10;0;<FLG>
V6155020;V615502001;HINnJ;1;"2010-05-21 00:00:00";"2010-05-21 21:00:00";16;1270;20;10;0;<FLG>
V6155020;V615502001;HINnJ;1;"2010-05-22 00:00:00";"2010-05-22 23:59:59";16;1260;20;10;0;<FLG>
V6155020;V615502001;HINnJ;1;"2010-05-23 00:00:00";"2010-05-23 23:59:59";16;1249;20;10;0;<FLG>
V6155020;V615502001;HINnJ;1;"2010-05-24 00:00:00";"2010-05-24 19:00:00";16;1240;20;10;0;<FLG>
V6155020;V615502001;HINnJ;1;"2010-05-25 00:00:00";"2010-05-25 20:00:00";16;1220;20;10;0;<FLG>
V6155020;V615502001;HINnJ;1;"2010-05-26 00:00:00";"2010-05-26 20:00:00";16;1210;20;10;0;<FLG>
V6155020;V615502001;HINnJ;1;"2010-05-27 00:00:00";"2010-05-27 20:00:00";16;1200;20;10;0;<FLG>
V6155020;V615502001;HINnJ;1;"2010-05-28 00:00:00";"2010-05-28 20:00:00";16;1190;20;10;0;<FLG>
V6155020;V615502001;HINnJ;1;"2010-05-29 00:00:00";"2010-05-29 19:00:00";16;1180;20;10;0;<FLG>
V6155020;V615502001;HINnJ;1;"2010-05-30 00:00:00";"2010-05-30 19:00:00";16;1170;20;10;0;<FLG>
V6155020;V615502001;HINnJ;1;"2010-05-31 00:00:00";"2010-05-31 21:00:00";16;1160;20;10;0;<FLG>
V6155020;V615502001;HINnJ;1;"2010-06-01 00:00:00";"2010-06-01 22:00:00";16;1156;20;10;0;<FLG>
V6155020;V615502001;HINnJ;1;"2010-06-02 00:00:00";"2010-06-02 23:00:00";16;1150;20;10;0;<FLG>
V6155020;V615502001;HINnJ;1;"2010-06-03 00:00:00";"2010-06-03 23:59:59";16;1144;20;10;0;<FLG>
V6155020;V615502001;HINnJ;1;"2010-06-04 00:00:00";"2010-06-04 21:00:00";16;1141;20;10;0;<FLG>
V6155020;V615502001;HINnJ;1;"2010-06-05 00:00:00";"2010-06-05 21:00:00";16;1137;20;10;0;<FLG>
V6155020;V615502001;HINnJ;1;"2010-06-06 00:00:00";"2010-06-06 21:00:00";16;1133;20;10;0;<FLG>
V6155020;V615502001;HINnJ;1;"2010-06-07 00:00:00";"2010-06-07 22:00:00";16;1130;20;10;0;<FLG>
V6155020;V615502001;HINnJ;1;"2010-06-08 00:00:00";"2010-06-08 21:00:00";16;1126;20;10;0;<FLG>
V6155020;V615502001;HINnJ;1;"2010-06-09 00:00:00";"2010-06-09 21:00:00";16;1122;20;10;0;<FLG>
V6155020;V615502001;HINnJ;1;"2010-06-10 00:00:00";"2010-06-10 22:00:00";16;1118;20;10;0;<FLG>
V6155020;V615502001;HINnJ;1;"2010-06-11 00:00:00";"2010-06-11 20:00:00";16;1114;20;10;0;<FLG>
V6155020;V615502001;HINnJ;1;"2010-06-12 00:00:00";"2010-06-12 23:59:59";16;1109;20;10;0;<FLG>
V6155020;V615502001;HINnJ;1;"2010-06-13 00:00:00";"2010-06-13 21:00:00";16;1105;20;10;0;<FLG>
V6155020;V615502001;HINnJ;1;"2010-06-14 00:00:00";"2010-06-14 21:00:00";16;1103;20;10;0;<FLG>
V6155020;V615502001;HINnJ;1;"2010-06-15 00:00:00";"2010-06-15 01:00:00";16;1103;20;10;0;<FLG>
V6155020;V615502001;HINnJ;1;"2010-06-16 00:00:00";"2010-06-16 00:00:00";16;1119;20;10;0;<FLG>
V6155020;V615502001;HINnJ;1;"2010-06-17 00:00:00";"2010-06-17 00:00:00";16;1271;20;10;0;<FLG>
V6155020;V615502001;HINnJ;1;"2010-06-18 00:00:00";"2010-06-18 00:00:00";16;1321;20;10;0;<FLG>
V6155020;V615502001;HINnJ;1;"2010-06-19 00:00:00";"2010-06-19 23:59:59";16;1340;20;10;0;<FLG>
V6155020;V615502001;HINnJ;1;"2010-06-20 00:00:00";"2010-06-20 23:00:00";16;1329;20;10;0;<FLG>
V6155020;V615502001;HINnJ;1;"2010-06-21 00:00:00";"2010-06-21 23:59:59";16;1305;20;10;0;<FLG>
V6155020;V615502001;HINnJ;1;"2010-06-22 00:00:00";"2010-06-22 23:59:59";16;1274;20;10;0;<FLG>
V6155020;V615502001;HINnJ;1;"2010-06-23 00:00:00";"2010-06-23 23:59:59";16;1239;20;10;0;<FLG>
V6155020;V615502001;HINnJ;1;"2010-06-24 00:00:00";"2010-06-24 23:59:59";16;1214;20;10;0;<FLG>
V6155020;V615502001;HINnJ;1;"2010-06-25 00:00:00";"2010-06-25 23:00:00";16;1197;20;10;0;<FLG>
V6155020;V615502001;HINnJ;1;"2010-06-26 00:00:00";"2010-06-26 23:00:00";16;1183;20;10;0;<FLG>
V6155020;V615502001;HINnJ;1;"2010-06-27 00:00:00";"2010-06-27 23:59:59";16;1168;20;10;0;<FLG>
V6155020;V615502001;HINnJ;1;"2010-06-28 00:00:00";"2010-06-28 23:59:59";16;1155;20;10;0;<FLG>
V6155020;V615502001;HINnJ;1;"2010-06-29 00:00:00";"2010-06-29 22:00:00";16;1147;20;10;0;<FLG>
V6155020;V615502001;HINnJ;1;"2010-06-30 00:00:00";"2010-06-30 01:00:00";16;1146;20;10;0;<FLG>
V6155020;V615502001;HINnJ;1;"2010-07-01 00:00:00";"2010-07-01 23:00:00";16;1150;20;10;0;<FLG>
V6155020;V615502001;HINnJ;1;"2010-07-02 00:00:00";"2010-07-02 22:00:00";16;1144;20;10;0;<FLG>
V6155020;V615502001;HINnJ;1;"2010-07-03 00:00:00";"2010-07-03 21:00:00";16;1138;20;10;0;<FLG>
V6155020;V615502001;HINnJ;1;"2010-07-04 00:00:00";"2010-07-04 22:00:00";16;1133;20;10;0;<FLG>
V6155020;V615502001;HINnJ;1;"2010-07-05 00:00:00";"2010-07-05 22:00:00";16;1127;20;10;0;<FLG>
V6155020;V615502001;HINnJ;1;"2010-07-06 00:00:00";"2010-07-06 21:00:00";16;1121;20;10;0;<FLG>
V6155020;V615502001;HINnJ;1;"2010-07-07 00:00:00";"2010-07-07 22:00:00";16;1114;20;10;0;<FLG>
V6155020;V615502001;HINnJ;1;"2010-07-08 00:00:00";"2010-07-08 21:00:00";16;1108;20;10;0;<FLG>
V6155020;V615502001;HINnJ;1;"2010-07-09 00:00:00";"2010-07-09 23:00:00";16;1101;20;10;0;<FLG>
V6155020;V615502001;HINnJ;1;"2010-07-10 00:00:00";"2010-07-10 23:00:00";16;1094;20;10;0;<FLG>
V6155020;V615502001;HINnJ;1;"2010-07-11 00:00:00";"2010-07-11 23:59:59";16;1088;20;10;0;<FLG>
V6155020;V615502001;HINnJ;1;"2010-07-12 00:00:00";"2010-07-12 22:00:00";16;1082;20;10;0;<FLG>
V6155020;V615502001;HINnJ;1;"2010-07-13 00:00:00";"2010-07-13 22:00:00";16;1077;20;10;0;<FLG>
V6155020;V615502001;HINnJ;1;"2010-07-14 00:00:00";"2010-07-14 23:59:59";16;1069;20;10;0;<FLG>
V6155020;V615502001;HINnJ;1;"2010-07-15 00:00:00";"2010-07-15 21:00:00";16;1064;20;10;0;<FLG>
V6155020;V615502001;HINnJ;1;"2010-07-16 00:00:00";"2010-07-16 23:00:00";16;1057;20;10;0;<FLG>
V6155020;V615502001;HINnJ;1;"2010-07-17 00:00:00";"2010-07-17 23:59:59";16;1054;20;10;0;<FLG>
V6155020;V615502001;HINnJ;1;"2010-07-18 00:00:00";"2010-07-18 21:00:00";16;1045;20;10;0;<FLG>
V6155020;V615502001;HINnJ;1;"2010-07-19 00:00:00";"2010-07-19 21:00:00";16;1039;20;10;0;<FLG>
V6155020;V615502001;HINnJ;1;"2010-07-20 00:00:00";"2010-07-20 23:00:00";16;1033;20;10;0;<FLG>
V6155020;V615502001;HINnJ;1;"2010-07-21 00:00:00";"2010-07-21 21:00:00";16;1028;20;10;0;<FLG>
V6155020;V615502001;HINnJ;1;"2010-07-22 00:00:00";"2010-07-22 20:00:00";16;1023;20;10;0;<FLG>
V6155020;V615502001;HINnJ;1;"2010-07-23 00:00:00";"2010-07-23 23:00:00";16;1017;20;10;0;<FLG>
V6155020;V615502001;HINnJ;1;"2010-07-24 00:00:00";"2010-07-24 22:00:00";16;1013;20;10;0;<FLG>
V6155020;V615502001;HINnJ;1;"2010-07-25 00:00:00";"2010-07-25 20:00:00";16;1010;20;10;0;<FLG>
V6155020;V615502001;HINnJ;1;"2010-07-26 00:00:00";"2010-07-26 21:00:00";16;1005;20;10;0;<FLG>
V6155020;V615502001;HINnJ;1;"2010-07-27 00:00:00";"2010-07-27 21:00:00";16;1000;20;10;0;<FLG>
V6155020;V615502001;HINnJ;1;"2010-07-28 00:00:00";"2010-07-28 23:59:59";16;995;20;10;0;<FLG>
V6155020;V615502001;HINnJ;1;"2010-07-29 00:00:00";"2010-07-29 22:00:00";16;991;20;10;0;<FLG>
V6155020;V615502001;HINnJ;1;"2010-07-30 00:00:00";"2010-07-30 20:00:00";16;988;20;10;0;<FLG>
V6155020;V615502001;HINnJ;1;"2010-07-31 00:00:00";"2010-07-31 21:00:00";16;983;20;10;0;<FLG>
V6155020;V615502001;HINnJ;1;"2010-08-01 00:00:00";"2010-08-01 20:00:00";16;978;20;10;0;<FLG>
V6155020;V615502001;HINnJ;1;"2010-08-02 00:00:00";"2010-08-02 20:00:00";16;975;20;10;0;<FLG>
V6155020;V615502001;HINnJ;1;"2010-08-03 00:00:00";"2010-08-03 20:00:00";16;972;20;10;0;<FLG>
V6155020;V615502001;HINnJ;1;"2010-08-04 00:00:00";"2010-08-04 21:00:00";16;969;20;10;0;<FLG>
V6155020;V615502001;HINnJ;1;"2010-08-05 00:00:00";"2010-08-05 21:00:00";16;965;20;10;0;<FLG>
V6155020;V615502001;HINnJ;1;"2010-08-06 00:00:00";"2010-08-06 20:00:00";16;962;20;10;0;<FLG>
V6155020;V615502001;HINnJ;1;"2010-08-07 00:00:00";"2010-08-07 23:00:00";16;957;20;10;0;<FLG>
V6155020;V615502001;HINnJ;1;"2010-08-08 00:00:00";"2010-08-08 22:00:00";16;953;20;10;0;<FLG>
V6155020;V615502001;HINnJ;1;"2010-08-09 00:00:00";"2010-08-09 20:00:00";16;950;20;10;0;<FLG>
V6155020;V615502001;HINnJ;1;"2010-08-10 00:00:00";"2010-08-10 22:00:00";16;946;20;10;0;<FLG>
V6155020;V615502001;HINnJ;1;"2010-08-11 00:00:00";"2010-08-11 20:00:00";16;943;20;10;0;<FLG>
V6155020;V615502001;HINnJ;1;"2010-08-12 00:00:00";"2010-08-12 21:00:00";16;940;20;10;0;<FLG>
V6155020;V615502001;HINnJ;1;"2010-08-13 00:00:00";"2010-08-13 23:59:59";16;937;20;10;0;<FLG>
V6155020;V615502001;HINnJ;1;"2010-08-14 00:00:00";"2010-08-14 21:00:00";16;935;20;10;0;<FLG>
V6155020;V615502001;HINnJ;1;"2010-08-15 00:00:00";"2010-08-15 23:59:59";16;931;20;10;0;<FLG>
V6155020;V615502001;HINnJ;1;"2010-08-16 00:00:00";"2010-08-16 20:00:00";16;928;20;10;0;<FLG>
V6155020;V615502001;HINnJ;1;"2010-08-17 00:00:00";"2010-08-17 20:00:00";16;926;20;10;0;<FLG>
V6155020;V615502001;HINnJ;1;"2010-08-18 00:00:00";"2010-08-18 21:00:00";16;922;20;10;0;<FLG>
V6155020;V615502001;HINnJ;1;"2010-08-19 00:00:00";"2010-08-19 20:00:00";16;919;20;10;0;<FLG>
V6155020;V615502001;HINnJ;1;"2010-08-20 00:00:00";"2010-08-20 20:00:00";16;916;20;10;0;<FLG>
V6155020;V615502001;HINnJ;1;"2010-08-21 00:00:00";"2010-08-21 22:00:00";16;913;20;10;0;<FLG>
V6155020;V615502001;HINnJ;1;"2010-08-22 00:00:00";"2010-08-22 20:00:00";16;911;20;10;0;<FLG>
V6155020;V615502001;HINnJ;1;"2010-08-23 00:00:00";"2010-08-23 20:00:00";16;909;20;10;0;<FLG>
V6155020;V615502001;HINnJ;1;"2010-08-24 00:00:00";"2010-08-24 20:00:00";16;906;20;10;0;<FLG>
V6155020;V615502001;HINnJ;1;"2010-08-25 00:00:00";"2010-08-25 21:00:00";16;903;20;10;0;<FLG>
V6155020;V615502001;HINnJ;1;"2010-08-26 00:00:00";"2010-08-26 20:00:00";16;901;20;10;0;<FLG>
V6155020;V615502001;HINnJ;1;"2010-08-27 00:00:00";"2010-08-27 20:00:00";16;899;20;10;0;<FLG>
V6155020;V615502001;HINnJ;1;"2010-08-28 00:00:00";"2010-08-28 20:00:00";16;896;20;10;0;<FLG>
V6155020;V615502001;HINnJ;1;"2010-08-29 00:00:00";"2010-08-29 20:00:00";16;894;20;10;0;<FLG>
V6155020;V615502001;HINnJ;1;"2010-08-30 00:00:00";"2010-08-30 19:00:00";16;892;20;10;0;<FLG>
V6155020;V615502001;HINnJ;1;"2010-08-31 00:00:00";"2010-08-31 20:00:00";16;890;20;10;0;<FLG>
V6155020;V615502001;HINnJ;1;"2010-09-01 00:00:00";"2010-09-01 19:00:00";16;888;20;10;0;<FLG>
V6155020;V615502001;HINnJ;1;"2010-09-02 00:00:00";"2010-09-02 19:00:00";16;885;20;10;0;<FLG>
V6155020;V615502001;HINnJ;1;"2010-09-03 00:00:00";"2010-09-03 20:00:00";16;882;20;10;0;<FLG>
V6155020;V615502001;HINnJ;1;"2010-09-04 00:00:00";"2010-09-04 20:00:00";16;880;20;10;0;<FLG>
V6155020;V615502001;HINnJ;1;"2010-09-05 00:00:00";"2010-09-05 09:00:00";16;880;20;10;0;<FLG>
V6155020;V615502001;HINnJ;1;"2010-09-06 00:00:00";"2010-09-06 19:00:00";16;878;20;10;0;<FLG>
V6155020;V615502001;HINnJ;1;"2010-09-07 00:00:00";"2010-09-07 00:00:00";16;879;20;10;0;<FLG>
V6155020;V615502001;HINnJ;1;"2010-09-08 00:00:00";"2010-09-08 00:00:00";16;901;20;10;0;<FLG>
V6155020;V615502001;HINnJ;1;"2010-09-09 00:00:00";"2010-09-09 23:59:59";16;910;20;10;0;<FLG>
V6155020;V615502001;HINnJ;1;"2010-09-10 00:00:00";"2010-09-10 21:00:00";16;901;20;10;0;<FLG>
V6155020;V615502001;HINnJ;1;"2010-09-11 00:00:00";"2010-09-11 23:00:00";16;892;20;10;0;<FLG>
V6155020;V615502001;HINnJ;1;"2010-09-12 00:00:00";"2010-09-12 22:00:00";16;888;20;10;0;<FLG>
V6155020;V615502001;HINnJ;1;"2010-09-13 00:00:00";"2010-09-13 22:00:00";16;883;20;10;0;<FLG>
V6155020;V615502001;HINnJ;1;"2010-09-14 00:00:00";"2010-09-14 19:00:00";16;878;20;10;0;<FLG>
V6155020;V615502001;HINnJ;1;"2010-09-15 00:00:00";"2010-09-15 20:00:00";16;876;20;10;0;<FLG>
V6155020;V615502001;HINnJ;1;"2010-09-16 00:00:00";"2010-09-16 19:00:00";16;875;20;10;0;<FLG>
V6155020;V615502001;HINnJ;1;"2010-09-17 00:00:00";"2010-09-17 19:00:00";16;872;20;10;0;<FLG>
V6155020;V615502001;HINnJ;1;"2010-09-18 00:00:00";"2010-09-18 20:00:00";16;869;20;10;0;<FLG>
V6155020;V615502001;HINnJ;1;"2010-09-19 00:00:00";"2010-09-19 21:00:00";16;868;20;10;0;<FLG>
V6155020;V615502001;HINnJ;1;"2010-09-20 00:00:00";"2010-09-20 19:00:00";16;865;20;10;0;<FLG>
V6155020;V615502001;HINnJ;1;"2010-09-21 00:00:00";"2010-09-21 20:00:00";16;862;20;10;0;<FLG>
V6155020;V615502001;HINnJ;1;"2010-09-22 00:00:00";"2010-09-22 19:00:00";16;862;20;10;0;<FLG>
V6155020;V615502001;HINnJ;1;"2010-09-23 00:00:00";"2010-09-23 22:00:00";16;859;20;10;0;<FLG>
V6155020;V615502001;HINnJ;1;"2010-09-24 00:00:00";"2010-09-24 20:00:00";16;859;20;10;0;<FLG>
V6155020;V615502001;HINnJ;1;"2010-09-25 00:00:00";"2010-09-25 01:00:00";16;860;20;10;0;<FLG>
V6155020;V615502001;HINnJ;1;"2010-09-26 00:00:00";"2010-09-26 19:00:00";16;861;20;10;0;<FLG>
V6155020;V615502001;HINnJ;1;"2010-09-27 00:00:00";"2010-09-27 23:59:59";16;859;20;10;0;<FLG>
V6155020;V615502001;HINnJ;1;"2010-09-28 00:00:00";"2010-09-28 19:00:00";16;858;20;10;0;<FLG>
V6155020;V615502001;HINnJ;1;"2010-09-29 00:00:00";"2010-09-29 19:00:00";16;855;20;10;0;<FLG>
V6155020;V615502001;HINnJ;1;"2010-09-30 00:00:00";"2010-09-30 18:00:00";16;852;20;10;0;<FLG>
V6155020;V615502001;HINnJ;1;"2010-10-01 00:00:00";"2010-10-01 03:00:00";16;850;20;10;0;<FLG>
V6155020;V615502001;HINnJ;1;"2010-10-02 00:00:00";"2010-10-02 18:00:00";16;849;20;10;0;<FLG>
V6155020;V615502001;HINnJ;1;"2010-10-03 00:00:00";"2010-10-03 20:00:00";16;846;20;10;0;<FLG>
V6155020;V615502001;HINnJ;1;"2010-10-04 00:00:00";"2010-10-04 03:00:00";16;846;20;10;0;<FLG>
V6155020;V615502001;HINnJ;1;"2010-10-05 00:00:00";"2010-10-05 01:00:00";16;848;20;10;0;<FLG>
V6155020;V615502001;HINnJ;1;"2010-10-06 00:00:00";"2010-10-06 23:59:59";16;847;20;10;0;<FLG>
V6155020;V615502001;HINnJ;1;"2010-10-07 00:00:00";"2010-10-07 20:00:00";16;843;20;10;0;<FLG>
V6155020;V615502001;HINnJ;1;"2010-10-08 00:00:00";"2010-10-08 19:00:00";16;842;20;10;0;<FLG>
V6155020;V615502001;HINnJ;1;"2010-10-09 00:00:00";"2010-10-09 21:00:00";16;839;20;10;0;<FLG>
V6155020;V615502001;HINnJ;1;"2010-10-10 00:00:00";"2010-10-10 18:00:00";16;838;20;10;0;<FLG>
V6155020;V615502001;HINnJ;1;"2010-10-11 00:00:00";"2010-10-11 02:00:00";16;838;20;10;0;<FLG>
V6155020;V615502001;HINnJ;1;"2010-10-12 00:00:00";"2010-10-12 18:00:00";16;837;20;10;0;<FLG>
V6155020;V615502001;HINnJ;1;"2010-10-13 00:00:00";"2010-10-13 18:00:00";16;833;20;10;0;<FLG>
V6155020;V615502001;HINnJ;1;"2010-10-14 00:00:00";"2010-10-14 18:00:00";16;830;20;10;0;<FLG>
V6155020;V615502001;HINnJ;1;"2010-10-15 00:00:00";"2010-10-15 01:00:00";16;830;20;10;0;<FLG>
V6155020;V615502001;HINnJ;1;"2010-10-16 00:00:00";"2010-10-16 18:00:00";16;826;20;10;0;<FLG>
V6155020;V615502001;HINnJ;1;"2010-10-17 00:00:00";"2010-10-17 18:00:00";16;825;20;10;0;<FLG>
V6155020;V615502001;HINnJ;1;"2010-10-18 00:00:00";"2010-10-18 18:00:00";16;824;20;10;0;<FLG>
V6155020;V615502001;HINnJ;1;"2010-10-19 00:00:00";"2010-10-19 22:00:00";16;819;20;10;0;<FLG>
V6155020;V615502001;HINnJ;1;"2010-10-20 00:00:00";"2010-10-20 19:00:00";16;816;20;10;0;<FLG>
V6155020;V615502001;HINnJ;1;"2010-10-21 00:00:00";"2010-10-21 22:00:00";16;815;20;10;0;<FLG>
V6155020;V615502001;HINnJ;1;"2010-10-22 00:00:00";"2010-10-22 21:00:00";16;813;20;10;0;<FLG>
V6155020;V615502001;HINnJ;1;"2010-10-23 00:00:00";"2010-10-23 18:00:00";16;810;20;10;0;<FLG>
V6155020;V615502001;HINnJ;1;"2010-10-24 00:00:00";"2010-10-24 01:00:00";16;811;20;10;0;<FLG>
V6155020;V615502001;HINnJ;1;"2010-10-25 00:00:00";"2010-10-25 00:00:00";16;816;20;10;0;<FLG>
V6155020;V615502001;HINnJ;1;"2010-10-26 00:00:00";"2010-10-26 23:00:00";16;859;20;10;0;<FLG>
V6155020;V615502001;HINnJ;1;"2010-10-27 00:00:00";"2010-10-27 23:59:59";16;846;20;10;0;<FLG>
V6155020;V615502001;HINnJ;1;"2010-10-28 00:00:00";"2010-10-28 20:00:00";16;839;20;10;0;<FLG>
V6155020;V615502001;HINnJ;1;"2010-10-29 00:00:00";"2010-10-29 18:00:00";16;835;20;10;0;<FLG>
V6155020;V615502001;HINnJ;1;"2010-10-30 00:00:00";"2010-10-30 05:00:00";16;833;20;10;0;<FLG>
V6155020;V615502001;HINnJ;1;"2010-10-31 00:00:00";"2010-10-31 00:00:00";16;834;20;10;0;<FLG>
V6155020;V615502001;HINnJ;1;"2010-11-01 00:00:00";"2010-11-01 00:00:00";16;1105;20;10;0;<FLG>
V6155020;V615502001;HINnJ;1;"2010-11-02 00:00:00";"2010-11-02 00:00:00";16;1365;20;10;0;<FLG>
V6155020;V615502001;HINnJ;1;"2010-11-03 00:00:00";"2010-11-03 23:59:59";16;1368;20;10;0;<FLG>
V6155020;V615502001;HINnJ;1;"2010-11-04 00:00:00";"2010-11-04 23:59:59";16;1311;20;10;0;<FLG>
V6155020;V615502001;HINnJ;1;"2010-11-05 00:00:00";"2010-11-05 23:59:59";16;1247;20;10;0;<FLG>
V6155020;V615502001;HINnJ;1;"2010-11-06 00:00:00";"2010-11-06 23:59:59";16;1174;20;10;0;<FLG>
V6155020;V615502001;HINnJ;1;"2010-11-07 00:00:00";"2010-11-07 23:59:59";16;1144;20;10;0;<FLG>
V6155020;V615502001;HINnJ;1;"2010-11-08 00:00:00";"2010-11-08 19:00:00";16;1131;20;10;0;<FLG>
V6155020;V615502001;HINnJ;1;"2010-11-09 00:00:00";"2010-11-09 21:00:00";16;1115;20;10;0;<FLG>
V6155020;V615502001;HINnJ;1;"2010-11-10 00:00:00";"2010-11-10 23:59:59";16;1097;20;10;0;<FLG>
V6155020;V615502001;HINnJ;1;"2010-11-11 00:00:00";"2010-11-11 22:00:00";16;1086;20;10;0;<FLG>
V6155020;V615502001;HINnJ;1;"2010-11-12 00:00:00";"2010-11-12 22:00:00";16;1080;20;10;0;<FLG>
V6155020;V615502001;HINnJ;1;"2010-11-13 00:00:00";"2010-11-13 23:59:59";16;1072;20;10;0;<FLG>
V6155020;V615502001;HINnJ;1;"2010-11-14 00:00:00";"2010-11-14 23:59:59";16;1068;20;10;0;<FLG>
V6155020;V615502001;HINnJ;1;"2010-11-15 00:00:00";"2010-11-15 17:00:00";16;1058;20;10;0;<FLG>
V6155020;V615502001;HINnJ;1;"2010-11-16 00:00:00";"2010-11-16 00:00:00";16;1068;20;10;0;<FLG>
V6155020;V615502001;HINnJ;1;"2010-11-17 00:00:00";"2010-11-17 00:00:00";16;1100;20;10;0;<FLG>
V6155020;V615502001;HINnJ;1;"2010-11-18 00:00:00";"2010-11-18 19:00:00";16;1104;20;10;0;<FLG>
V6155020;V615502001;HINnJ;1;"2010-11-19 00:00:00";"2010-11-19 23:59:59";16;1094;20;10;0;<FLG>
V6155020;V615502001;HINnJ;1;"2010-11-20 00:00:00";"2010-11-20 17:00:00";16;1090;20;10;0;<FLG>
V6155020;V615502001;HINnJ;1;"2010-11-21 00:00:00";"2010-11-21 00:00:00";16;1097;20;10;0;<FLG>
V6155020;V615502001;HINnJ;1;"2010-11-22 00:00:00";"2010-11-22 00:00:00";16;1253;20;10;0;<FLG>
V6155020;V615502001;HINnJ;1;"2010-11-23 00:00:00";"2010-11-23 23:59:59";16;1263;20;10;0;<FLG>
V6155020;V615502001;HINnJ;1;"2010-11-24 00:00:00";"2010-11-24 23:59:59";16;1221;20;10;0;<FLG>
V6155020;V615502001;HINnJ;1;"2010-11-25 00:00:00";"2010-11-25 23:59:59";16;1181;20;10;0;<FLG>
V6155020;V615502001;HINnJ;1;"2010-11-26 00:00:00";"2010-11-26 23:59:59";16;1152;20;10;0;<FLG>
V6155020;V615502001;HINnJ;1;"2010-11-27 00:00:00";"2010-11-27 21:00:00";16;1145;20;10;0;<FLG>
V6155020;V615502001;HINnJ;1;"2010-11-28 00:00:00";"2010-11-28 23:59:59";16;1134;20;10;0;<FLG>
V6155020;V615502001;HINnJ;1;"2010-11-29 00:00:00";"2010-11-29 22:00:00";16;1123;20;10;0;<FLG>
V6155020;V615502001;HINnJ;1;"2010-11-30 00:00:00";"2010-11-30 22:00:00";16;1115;20;10;0;<FLG>
V6155020;V615502001;HINnJ;1;"2010-12-01 00:00:00";"2010-12-01 05:00:00";16;1113;20;10;0;<FLG>
V6155020;V615502001;HINnJ;1;"2010-12-02 00:00:00";"2010-12-02 00:00:00";16;1121;20;10;0;<FLG>
V6155020;V615502001;HINnJ;1;"2010-12-03 00:00:00";"2010-12-03 00:00:00";16;1138;20;10;0;<FLG>
V6155020;V615502001;HINnJ;1;"2010-12-04 00:00:00";"2010-12-04 23:00:00";16;1141;20;10;0;<FLG>
V6155020;V615502001;HINnJ;1;"2010-12-05 00:00:00";"2010-12-05 23:00:00";16;1140;20;10;0;<FLG>
V6155020;V615502001;HINnJ;1;"2010-12-06 00:00:00";"2010-12-06 01:00:00";16;1140;20;10;0;<FLG>
V6155020;V615502001;HINnJ;1;"2010-12-07 00:00:00";"2010-12-07 00:00:00";16;1181;20;10;0;<FLG>
V6155020;V615502001;HINnJ;1;"2010-12-08 00:00:00";"2010-12-08 00:00:00";16;1302;20;10;0;<FLG>
V6155020;V615502001;HINnJ;1;"2010-12-09 00:00:00";"2010-12-09 00:00:00";16;1343;20;10;0;<FLG>
V6155020;V615502001;HINnJ;1;"2010-12-10 00:00:00";"2010-12-10 23:59:59";16;1339;20;10;0;<FLG>
V6155020;V615502001;HINnJ;1;"2010-12-11 00:00:00";"2010-12-11 23:59:59";16;1322;20;10;0;<FLG>
V6155020;V615502001;HINnJ;1;"2010-12-12 00:00:00";"2010-12-12 23:59:59";16;1299;20;10;0;<FLG>
V6155020;V615502001;HINnJ;1;"2010-12-13 00:00:00";"2010-12-13 23:59:59";16;1267;20;10;0;<FLG>
V6155020;V615502001;HINnJ;1;"2010-12-14 00:00:00";"2010-12-14 23:59:59";16;1232;20;10;0;<FLG>
V6155020;V615502001;HINnJ;1;"2010-12-15 00:00:00";"2010-12-15 23:00:00";16;1206;20;10;0;<FLG>
V6155020;V615502001;HINnJ;1;"2010-12-16 00:00:00";"2010-12-16 23:59:59";16;1184;20;10;0;<FLG>
V6155020;V615502001;HINnJ;1;"2010-12-17 00:00:00";"2010-12-17 23:00:00";16;1168;20;10;0;<FLG>
V6155020;V615502001;HINnJ;1;"2010-12-18 00:00:00";"2010-12-18 22:00:00";16;1149;20;10;0;<FLG>
V6155020;V615502001;HINnJ;1;"2010-12-19 00:00:00";"2010-12-19 23:59:59";16;1140;20;10;0;<FLG>
V6155020;V615502001;HINnJ;1;"2010-12-20 00:00:00";"2010-12-20 21:00:00";16;1132;20;10;0;<FLG>
V6155020;V615502001;HINnJ;1;"2010-12-21 00:00:00";"2010-12-21 17:00:00";16;1126;20;10;0;<FLG>
V6155020;V615502001;HINnJ;1;"2010-12-22 00:00:00";"2010-12-22 00:00:00";16;1127;20;10;0;<FLG>
V6155020;V615502001;HINnJ;1;"2010-12-23 00:00:00";"2010-12-23 00:00:00";16;1309;20;10;0;<FLG>
V6155020;V615502001;HINnJ;1;"2010-12-24 00:00:00";"2010-12-24 00:00:00";16;1423;20;10;0;<FLG>
V6155020;V615502001;HINnJ;1;"2010-12-25 00:00:00";"2010-12-25 00:00:00";16;1509;20;10;0;<FLG>
V6155020;V615502001;HINnJ;1;"2010-12-26 00:00:00";"2010-12-26 23:59:59";16;1510;20;10;0;<FLG>
V6155020;V615502001;HINnJ;1;"2010-12-27 00:00:00";"2010-12-27 23:59:59";16;1493;20;10;0;<FLG>
V6155020;V615502001;HINnJ;1;"2010-12-28 00:00:00";"2010-12-28 23:59:59";16;1466;20;10;0;<FLG>
V6155020;V615502001;HINnJ;1;"2010-12-29 00:00:00";"2010-12-29 23:59:59";16;1439;20;10;0;<FLG>
V6155020;V615502001;HINnJ;1;"2010-12-30 00:00:00";"2010-12-30 23:00:00";16;1411;20;10;0;<FLG>
V6155020;V615502001;HINnJ;1;"2010-12-31 00:00:00";"2010-12-31 23:59:59";16;1375;20;10;0;<FLG>
V6155020;V615502001;HINnJ;1;"2011-01-01 00:00:00";"2011-01-01 23:59:59";16;1343;20;10;0;<FLG>
V6155020;V615502001;HINnJ;1;"2011-01-02 00:00:00";"2011-01-02 23:59:59";16;1308;20;10;0;<FLG>
V6155020;V615502001;HINnJ;1;"2011-01-03 00:00:00";"2011-01-03 23:59:59";16;1275;20;10;0;<FLG>
V6155020;V615502001;HINnJ;1;"2011-01-04 00:00:00";"2011-01-04 23:59:59";16;1250;20;10;0;<FLG>
V6155020;V615502001;HINnJ;1;"2011-01-05 00:00:00";"2011-01-05 23:00:00";16;1230;20;10;0;<FLG>
V6155020;V615502001;HINnJ;1;"2011-01-06 00:00:00";"2011-01-06 23:00:00";16;1213;20;10;0;<FLG>
V6155020;V615502001;HINnJ;1;"2011-01-07 00:00:00";"2011-01-07 17:00:00";16;1211;20;10;0;<FLG>
V6155020;V615502001;HINnJ;1;"2011-01-08 00:00:00";"2011-01-08 03:00:00";16;1212;20;10;0;<FLG>
V6155020;V615502001;HINnJ;1;"2011-01-09 00:00:00";"2011-01-09 01:00:00";16;1217;20;10;0;<FLG>
V6155020;V615502001;HINnJ;1;"2011-01-10 00:00:00";"2011-01-10 01:00:00";16;1219;20;10;0;<FLG>
V6155020;V615502001;HINnJ;1;"2011-01-11 00:00:00";"2011-01-11 00:00:00";16;1237;20;10;0;<FLG>
V6155020;V615502001;HINnJ;1;"2011-01-12 00:00:00";"2011-01-12 00:00:00";16;1266;20;10;0;<FLG>
V6155020;V615502001;HINnJ;1;"2011-01-13 00:00:00";"2011-01-13 01:00:00";16;1278;20;10;0;<FLG>
V6155020;V615502001;HINnJ;1;"2011-01-14 00:00:00";"2011-01-14 23:59:59";16;1275;20;10;0;<FLG>
V6155020;V615502001;HINnJ;1;"2011-01-15 00:00:00";"2011-01-15 22:00:00";16;1264;20;10;0;<FLG>
V6155020;V615502001;HINnJ;1;"2011-01-16 00:00:00";"2011-01-16 23:00:00";16;1248;20;10;0;<FLG>
V6155020;V615502001;HINnJ;1;"2011-01-17 00:00:00";"2011-01-17 23:00:00";16;1232;20;10;0;<FLG>
V6155020;V615502001;HINnJ;1;"2011-01-18 00:00:00";"2011-01-18 23:59:59";16;1217;20;10;0;<FLG>
V6155020;V615502001;HINnJ;1;"2011-01-19 00:00:00";"2011-01-19 23:00:00";16;1204;20;10;0;<FLG>
V6155020;V615502001;HINnJ;1;"2011-01-20 00:00:00";"2011-01-20 23:00:00";16;1191;20;10;0;<FLG>
V6155020;V615502001;HINnJ;1;"2011-01-21 00:00:00";"2011-01-21 23:00:00";16;1178;20;10;0;<FLG>
V6155020;V615502001;HINnJ;1;"2011-01-22 00:00:00";"2011-01-22 22:00:00";16;1167;20;10;0;<FLG>
V6155020;V615502001;HINnJ;1;"2011-01-23 00:00:00";"2011-01-23 23:00:00";16;1155;20;10;0;<FLG>
V6155020;V615502001;HINnJ;1;"2011-01-24 00:00:00";"2011-01-24 22:00:00";16;1144;20;10;0;<FLG>
V6155020;V615502001;HINnJ;1;"2011-01-25 00:00:00";"2011-01-25 19:00:00";16;1137;20;10;0;<FLG>
V6155020;V615502001;HINnJ;1;"2011-01-26 00:00:00";"2011-01-26 20:00:00";16;1133;20;10;0;<FLG>
V6155020;V615502001;HINnJ;1;"2011-01-27 00:00:00";"2011-01-27 23:59:59";16;1128;20;10;0;<FLG>
V6155020;V615502001;HINnJ;1;"2011-01-28 00:00:00";"2011-01-28 22:00:00";16;1123;20;10;0;<FLG>
V6155020;V615502001;HINnJ;1;"2011-01-29 00:00:00";"2011-01-29 23:59:59";16;1117;20;10;0;<FLG>
V6155020;V615502001;HINnJ;1;"2011-01-30 00:00:00";"2011-01-30 22:00:00";16;1113;20;10;0;<FLG>
V6155020;V615502001;HINnJ;1;"2011-01-31 00:00:00";"2011-01-31 22:00:00";16;1106;20;10;0;<FLG>
V6155020;V615502001;HINnJ;1;"2011-02-01 00:00:00";"2011-02-01 23:59:59";16;1101;20;10;0;<FLG>
V6155020;V615502001;HINnJ;1;"2011-02-02 00:00:00";"2011-02-02 23:59:59";16;1096;20;10;0;<FLG>
V6155020;V615502001;HINnJ;1;"2011-02-03 00:00:00";"2011-02-03 23:00:00";16;1092;20;10;0;<FLG>
V6155020;V615502001;HINnJ;1;"2011-02-04 00:00:00";"2011-02-04 22:00:00";16;1087;20;10;0;<FLG>
V6155020;V615502001;HINnJ;1;"2011-02-05 00:00:00";"2011-02-05 20:00:00";16;1082;20;10;0;<FLG>
V6155020;V615502001;HINnJ;1;"2011-02-06 00:00:00";"2011-02-06 19:00:00";16;1077;20;10;0;<FLG>
V6155020;V615502001;HINnJ;1;"2011-02-07 00:00:00";"2011-02-07 20:00:00";16;1072;20;10;0;<FLG>
V6155020;V615502001;HINnJ;1;"2011-02-08 00:00:00";"2011-02-08 18:00:00";16;1068;20;10;0;<FLG>
V6155020;V615502001;HINnJ;1;"2011-02-09 00:00:00";"2011-02-09 23:59:59";16;1064;20;10;0;<FLG>
V6155020;V615502001;HINnJ;1;"2011-02-10 00:00:00";"2011-02-10 20:00:00";16;1058;20;10;0;<FLG>
V6155020;V615502001;HINnJ;1;"2011-02-11 00:00:00";"2011-02-11 22:00:00";16;1053;20;10;0;<FLG>
V6155020;V615502001;HINnJ;1;"2011-02-12 00:00:00";"2011-02-12 21:00:00";16;1049;20;10;0;<FLG>
V6155020;V615502001;HINnJ;1;"2011-02-13 00:00:00";"2011-02-13 23:00:00";16;1045;20;10;0;<FLG>
V6155020;V615502001;HINnJ;1;"2011-02-14 00:00:00";"2011-02-14 18:00:00";16;1039;20;10;0;<FLG>
V6155020;V615502001;HINnJ;1;"2011-02-15 00:00:00";"2011-02-15 04:00:00";16;1038;20;10;0;<FLG>
V6155020;V615502001;HINnJ;1;"2011-02-16 00:00:00";"2011-02-16 00:00:00";16;1056;20;10;0;<FLG>
V6155020;V615502001;HINnJ;1;"2011-02-17 00:00:00";"2011-02-17 00:00:00";16;1086;20;10;0;<FLG>
V6155020;V615502001;HINnJ;1;"2011-02-18 00:00:00";"2011-02-18 01:00:00";16;1105;20;10;0;<FLG>
V6155020;V615502001;HINnJ;1;"2011-02-19 00:00:00";"2011-02-19 19:00:00";16;1107;20;10;0;<FLG>
V6155020;V615502001;HINnJ;1;"2011-02-20 00:00:00";"2011-02-20 22:00:00";16;1104;20;10;0;<FLG>
V6155020;V615502001;HINnJ;1;"2011-02-21 00:00:00";"2011-02-21 18:00:00";16;1102;20;10;0;<FLG>
V6155020;V615502001;HINnJ;1;"2011-02-22 00:00:00";"2011-02-22 18:00:00";16;1098;20;10;0;<FLG>
V6155020;V615502001;HINnJ;1;"2011-02-23 00:00:00";"2011-02-23 23:00:00";16;1092;20;10;0;<FLG>
V6155020;V615502001;HINnJ;1;"2011-02-24 00:00:00";"2011-02-24 23:59:59";16;1086;20;10;0;<FLG>
V6155020;V615502001;HINnJ;1;"2011-02-25 00:00:00";"2011-02-25 19:00:00";16;1081;20;10;0;<FLG>
V6155020;V615502001;HINnJ;1;"2011-02-26 00:00:00";"2011-02-26 20:00:00";16;1078;20;10;0;<FLG>
V6155020;V615502001;HINnJ;1;"2011-02-27 00:00:00";"2011-02-27 19:00:00";16;1074;20;10;0;<FLG>
V6155020;V615502001;HINnJ;1;"2011-02-28 00:00:00";"2011-02-28 20:00:00";16;1066;20;10;0;<FLG>
V6155020;V615502001;HINnJ;1;"2011-03-01 00:00:00";"2011-03-01 19:00:00";16;1061;20;10;0;<FLG>
V6155020;V615502001;HINnJ;1;"2011-03-02 00:00:00";"2011-03-02 20:00:00";16;1056;20;10;0;<FLG>
V6155020;V615502001;HINnJ;1;"2011-03-03 00:00:00";"2011-03-03 19:00:00";16;1050;20;10;0;<FLG>
V6155020;V615502001;HINnJ;1;"2011-03-04 00:00:00";"2011-03-04 23:59:59";16;1043;20;10;0;<FLG>
V6155020;V615502001;HINnJ;1;"2011-03-05 00:00:00";"2011-03-05 19:00:00";16;1039;20;10;0;<FLG>
V6155020;V615502001;HINnJ;1;"2011-03-06 00:00:00";"2011-03-06 22:00:00";16;1034;20;10;0;<FLG>
V6155020;V615502001;HINnJ;1;"2011-03-07 00:00:00";"2011-03-07 23:59:59";16;1028;20;10;0;<FLG>
V6155020;V615502001;HINnJ;1;"2011-03-08 00:00:00";"2011-03-08 21:00:00";16;1023;20;10;0;<FLG>
V6155020;V615502001;HINnJ;1;"2011-03-09 00:00:00";"2011-03-09 19:00:00";16;1020;20;10;0;<FLG>
V6155020;V615502001;HINnJ;1;"2011-03-10 00:00:00";"2011-03-10 23:59:59";16;1015;20;10;0;<FLG>
V6155020;V615502001;HINnJ;1;"2011-03-11 00:00:00";"2011-03-11 23:59:59";16;1012;20;10;0;<FLG>
V6155020;V615502001;HINnJ;1;"2011-03-12 00:00:00";"2011-03-12 02:00:00";16;1012;20;10;0;<FLG>
V6155020;V615502001;HINnJ;1;"2011-03-13 00:00:00";"2011-03-13 02:00:00";16;1013;20;10;0;<FLG>
V6155020;V615502001;HINnJ;1;"2011-03-14 00:00:00";"2011-03-14 00:00:00";16;1034;20;10;0;<FLG>
V6155020;V615502001;HINnJ;1;"2011-03-15 00:00:00";"2011-03-15 00:00:00";16;1096;20;10;0;<FLG>
V6155020;V615502001;HINnJ;1;"2011-03-16 00:00:00";"2011-03-16 00:00:00";16;1125;20;10;0;<FLG>
V6155020;V615502001;HINnJ;1;"2011-03-17 00:00:00";"2011-03-17 00:00:00";16;1251;20;10;0;<FLG>
V6155020;V615502001;HINnJ;1;"2011-03-18 00:00:00";"2011-03-18 00:00:00";16;1326;20;10;0;<FLG>
V6155020;V615502001;HINnJ;1;"2011-03-19 00:00:00";"2011-03-19 23:59:59";16;1326;20;10;0;<FLG>
V6155020;V615502001;HINnJ;1;"2011-03-20 00:00:00";"2011-03-20 23:59:59";16;1304;20;10;0;<FLG>
V6155020;V615502001;HINnJ;1;"2011-03-21 00:00:00";"2011-03-21 23:59:59";16;1273;20;10;0;<FLG>
V6155020;V615502001;HINnJ;1;"2011-03-22 00:00:00";"2011-03-22 23:59:59";16;1236;20;10;0;<FLG>
V6155020;V615502001;HINnJ;1;"2011-03-23 00:00:00";"2011-03-23 23:59:59";16;1202;20;10;0;<FLG>
V6155020;V615502001;HINnJ;1;"2011-03-24 00:00:00";"2011-03-24 23:00:00";16;1178;20;10;0;<FLG>
V6155020;V615502001;HINnJ;1;"2011-03-25 00:00:00";"2011-03-25 22:00:00";16;1160;20;10;0;<FLG>
V6155020;V615502001;HINnJ;1;"2011-03-26 00:00:00";"2011-03-26 23:59:59";16;1146;20;10;0;<FLG>
V6155020;V615502001;HINnJ;1;"2011-03-27 00:00:00";"2011-03-27 19:00:00";16;1140;20;10;0;<FLG>
V6155020;V615502001;HINnJ;1;"2011-03-28 00:00:00";"2011-03-28 00:00:00";16;1151;20;10;0;<FLG>
V6155020;V615502001;HINnJ;1;"2011-03-29 00:00:00";"2011-03-29 00:00:00";16;1280;20;10;0;<FLG>
V6155020;V615502001;HINnJ;1;"2011-03-30 00:00:00";"2011-03-30 01:00:00";16;1310;20;10;0;<FLG>
V6155020;V615502001;HINnJ;1;"2011-03-31 00:00:00";"2011-03-31 23:00:00";16;1305;20;10;0;<FLG>
V6155020;V615502001;HINnJ;1;"2011-04-01 00:00:00";"2011-04-01 23:00:00";16;1290;20;10;0;<FLG>
V6155020;V615502001;HINnJ;1;"2011-04-02 00:00:00";"2011-04-02 23:59:59";16;1276;20;10;0;<FLG>
V6155020;V615502001;HINnJ;1;"2011-04-03 00:00:00";"2011-04-03 23:59:59";16;1255;20;10;0;<FLG>
V6155020;V615502001;HINnJ;1;"2011-04-04 00:00:00";"2011-04-04 23:59:59";16;1233;20;10;0;<FLG>
V6155020;V615502001;HINnJ;1;"2011-04-05 00:00:00";"2011-04-05 23:00:00";16;1211;20;10;0;<FLG>
V6155020;V615502001;HINnJ;1;"2011-04-06 00:00:00";"2011-04-06 23:59:59";16;1192;20;10;0;<FLG>
V6155020;V615502001;HINnJ;1;"2011-04-07 00:00:00";"2011-04-07 23:59:59";16;1176;20;10;0;<FLG>
V6155020;V615502001;HINnJ;1;"2011-04-08 00:00:00";"2011-04-08 23:59:59";16;1163;20;10;0;<FLG>
V6155020;V615502001;HINnJ;1;"2011-04-09 00:00:00";"2011-04-09 23:59:59";16;1151;20;10;0;<FLG>
V6155020;V615502001;HINnJ;1;"2011-04-10 00:00:00";"2011-04-10 22:00:00";16;1140;20;10;0;<FLG>
V6155020;V615502001;HINnJ;1;"2011-04-11 00:00:00";"2011-04-11 22:00:00";16;1129;20;10;0;<FLG>
V6155020;V615502001;HINnJ;1;"2011-04-12 00:00:00";"2011-04-12 23:00:00";16;1125;20;10;0;<FLG>
V6155020;V615502001;HINnJ;1;"2011-04-13 00:00:00";"2011-04-13 20:00:00";16;1121;20;10;0;<FLG>
V6155020;V615502001;HINnJ;1;"2011-04-14 00:00:00";"2011-04-14 21:00:00";16;1116;20;10;0;<FLG>
V6155020;V615502001;HINnJ;1;"2011-04-15 00:00:00";"2011-04-15 23:59:59";16;1109;20;10;0;<FLG>
V6155020;V615502001;HINnJ;1;"2011-04-16 00:00:00";"2011-04-16 23:59:59";16;1102;20;10;0;<FLG>
V6155020;V615502001;HINnJ;1;"2011-04-17 00:00:00";"2011-04-17 23:00:00";16;1096;20;10;0;<FLG>
V6155020;V615502001;HINnJ;1;"2011-04-18 00:00:00";"2011-04-18 23:00:00";16;1090;20;10;0;<FLG>
V6155020;V615502001;HINnJ;1;"2011-04-19 00:00:00";"2011-04-19 23:59:59";16;1084;20;10;0;<FLG>
V6155020;V615502001;HINnJ;1;"2011-04-20 00:00:00";"2011-04-20 20:00:00";16;1079;20;10;0;<FLG>
V6155020;V615502001;HINnJ;1;"2011-04-21 00:00:00";"2011-04-21 21:00:00";16;1072;20;10;0;<FLG>
V6155020;V615502001;HINnJ;1;"2011-04-22 00:00:00";"2011-04-22 21:00:00";16;1068;20;10;0;<FLG>
V6155020;V615502001;HINnJ;1;"2011-04-23 00:00:00";"2011-04-23 21:00:00";16;1063;20;10;0;<FLG>
V6155020;V615502001;HINnJ;1;"2011-04-24 00:00:00";"2011-04-24 23:00:00";16;1055;20;10;0;<FLG>
V6155020;V615502001;HINnJ;1;"2011-04-25 00:00:00";"2011-04-25 23:00:00";16;1050;20;10;0;<FLG>
V6155020;V615502001;HINnJ;1;"2011-04-26 00:00:00";"2011-04-26 21:00:00";16;1047;20;10;0;<FLG>
V6155020;V615502001;HINnJ;1;"2011-04-27 00:00:00";"2011-04-27 21:00:00";16;1041;20;10;0;<FLG>
V6155020;V615502001;HINnJ;1;"2011-04-28 00:00:00";"2011-04-28 23:00:00";16;1036;20;10;0;<FLG>
V6155020;V615502001;HINnJ;1;"2011-04-29 00:00:00";"2011-04-29 21:00:00";16;1034;20;10;0;<FLG>
V6155020;V615502001;HINnJ;1;"2011-04-30 00:00:00";"2011-04-30 01:00:00";16;1035;20;10;0;<FLG>
V6155020;V615502001;HINnJ;1;"2011-05-01 00:00:00";"2011-05-01 20:00:00";16;1036;20;10;0;<FLG>
V6155020;V615502001;HINnJ;1;"2011-05-02 00:00:00";"2011-05-02 20:00:00";16;1033;20;10;0;<FLG>
V6155020;V615502001;HINnJ;1;"2011-05-03 00:00:00";"2011-05-03 20:00:00";16;1029;20;10;0;<FLG>
V6155020;V615502001;HINnJ;1;"2011-05-04 00:00:00";"2011-05-04 21:00:00";16;1024;20;10;0;<FLG>
V6155020;V615502001;HINnJ;1;"2011-05-05 00:00:00";"2011-05-05 23:00:00";16;1017;20;10;0;<FLG>
V6155020;V615502001;HINnJ;1;"2011-05-06 00:00:00";"2011-05-06 23:59:59";16;1011;20;10;0;<FLG>
V6155020;V615502001;HINnJ;1;"2011-05-07 00:00:00";"2011-05-07 20:00:00";16;1006;20;10;0;<FLG>
V6155020;V615502001;HINnJ;1;"2011-05-08 00:00:00";"2011-05-08 20:00:00";16;1001;20;10;0;<FLG>
V6155020;V615502001;HINnJ;1;"2011-05-09 00:00:00";"2011-05-09 23:59:59";16;994;20;10;0;<FLG>
V6155020;V615502001;HINnJ;1;"2011-05-10 00:00:00";"2011-05-10 21:00:00";16;989;20;10;0;<FLG>
V6155020;V615502001;HINnJ;1;"2011-05-11 00:00:00";"2011-05-11 21:00:00";16;985;20;10;0;<FLG>
V6155020;V615502001;HINnJ;1;"2011-05-12 00:00:00";"2011-05-12 21:00:00";16;981;20;10;0;<FLG>
V6155020;V615502001;HINnJ;1;"2011-05-13 00:00:00";"2011-05-13 23:59:59";16;975;20;10;0;<FLG>
V6155020;V615502001;HINnJ;1;"2011-05-14 00:00:00";"2011-05-14 21:00:00";16;972;20;10;0;<FLG>
V6155020;V615502001;HINnJ;1;"2011-05-15 00:00:00";"2011-05-15 23:00:00";16;967;20;10;0;<FLG>
V6155020;V615502001;HINnJ;1;"2011-05-16 00:00:00";"2011-05-16 22:00:00";16;963;20;10;0;<FLG>
V6155020;V615502001;HINnJ;1;"2011-05-17 00:00:00";"2011-05-17 21:00:00";16;959;20;10;0;<FLG>
V6155020;V615502001;HINnJ;1;"2011-05-18 00:00:00";"2011-05-18 23:00:00";16;954;20;10;0;<FLG>
V6155020;V615502001;HINnJ;1;"2011-05-19 00:00:00";"2011-05-19 21:00:00";16;951;20;10;0;<FLG>
V6155020;V615502001;HINnJ;1;"2011-05-20 00:00:00";"2011-05-20 22:00:00";16;947;20;10;0;<FLG>
V6155020;V615502001;HINnJ;1;"2011-05-21 00:00:00";"2011-05-21 21:00:00";16;945;20;10;0;<FLG>
V6155020;V615502001;HINnJ;1;"2011-05-22 00:00:00";"2011-05-22 23:00:00";16;939;20;10;0;<FLG>
V6155020;V615502001;HINnJ;1;"2011-05-23 00:00:00";"2011-05-23 22:00:00";16;935;20;10;0;<FLG>
V6155020;V615502001;HINnJ;1;"2011-05-24 00:00:00";"2011-05-24 22:00:00";16;931;20;10;0;<FLG>
V6155020;V615502001;HINnJ;1;"2011-05-25 00:00:00";"2011-05-25 22:00:00";16;927;20;10;0;<FLG>
V6155020;V615502001;HINnJ;1;"2011-05-26 00:00:00";"2011-05-26 23:00:00";16;923;20;10;0;<FLG>
V6155020;V615502001;HINnJ;1;"2011-05-27 00:00:00";"2011-05-27 23:00:00";16;920;20;10;0;<FLG>
V6155020;V615502001;HINnJ;1;"2011-05-28 00:00:00";"2011-05-28 21:00:00";16;917;20;10;0;<FLG>
V6155020;V615502001;HINnJ;1;"2011-05-29 00:00:00";"2011-05-29 21:00:00";16;913;20;10;0;<FLG>
V6155020;V615502001;HINnJ;1;"2011-05-30 00:00:00";"2011-05-30 21:00:00";16;910;20;10;0;<FLG>
V6155020;V615502001;HINnJ;1;"2011-05-31 00:00:00";"2011-05-31 22:00:00";16;908;20;10;0;<FLG>
V6155020;V615502001;HINnJ;1;"2011-06-01 00:00:00";"2011-06-01 13:00:00";16;906;20;10;0;<FLG>
V6155020;V615502001;HINnJ;1;"2011-06-02 00:00:00";"2011-06-02 22:00:00";16;903;20;10;0;<FLG>
V6155020;V615502001;HINnJ;1;"2011-06-03 00:00:00";"2011-06-03 12:00:00";16;901;20;10;0;<FLG>
V6155020;V615502001;HINnJ;1;"2011-06-04 00:00:00";"2011-06-04 02:00:00";16;901;20;10;0;<FLG>
V6155020;V615502001;HINnJ;1;"2011-06-05 00:00:00";"2011-06-05 01:00:00";16;902;20;10;0;<FLG>
V6155020;V615502001;HINnJ;1;"2011-06-06 00:00:00";"2011-06-06 00:00:00";16;911;20;10;0;<FLG>
V6155020;V615502001;HINnJ;1;"2011-06-07 00:00:00";"2011-06-07 13:00:00";16;923;20;10;0;<FLG>
V6155020;V615502001;HINnJ;1;"2011-06-08 00:00:00";"2011-06-08 23:00:00";16;919;20;10;0;<FLG>
V6155020;V615502001;HINnJ;1;"2011-06-09 00:00:00";"2011-06-09 22:00:00";16;914;20;10;0;<FLG>
V6155020;V615502001;HINnJ;1;"2011-06-10 00:00:00";"2011-06-10 19:00:00";16;909;20;10;0;<FLG>
V6155020;V615502001;HINnJ;1;"2011-06-11 00:00:00";"2011-06-11 22:00:00";16;901;20;10;0;<FLG>
V6155020;V615502001;HINnJ;1;"2011-06-12 00:00:00";"2011-06-12 21:00:00";16;896;20;10;0;<FLG>
V6155020;V615502001;HINnJ;1;"2011-06-13 00:00:00";"2011-06-13 23:00:00";16;891;20;10;0;<FLG>
V6155020;V615502001;HINnJ;1;"2011-06-14 00:00:00";"2011-06-14 22:00:00";16;887;20;10;0;<FLG>
V6155020;V615502001;HINnJ;1;"2011-06-15 00:00:00";"2011-06-15 23:00:00";16;883;20;10;0;<FLG>
V6155020;V615502001;HINnJ;1;"2011-06-16 00:00:00";"2011-06-16 23:00:00";16;879;20;10;0;<FLG>
V6155020;V615502001;HINnJ;1;"2011-06-17 00:00:00";"2011-06-17 21:00:00";16;878;20;10;0;<FLG>
V6155020;V615502001;HINnJ;1;"2011-06-18 00:00:00";"2011-06-18 22:00:00";16;874;20;10;0;<FLG>
V6155020;V615502001;HINnJ;1;"2011-06-19 00:00:00";"2011-06-19 22:00:00";16;870;20;10;0;<FLG>
V6155020;V615502001;HINnJ;1;"2011-06-20 00:00:00";"2011-06-20 22:00:00";16;866;20;10;0;<FLG>
V6155020;V615502001;HINnJ;1;"2011-06-21 00:00:00";"2011-06-21 21:00:00";16;862;20;10;0;<FLG>
V6155020;V615502001;HINnJ;1;"2011-06-22 00:00:00";"2011-06-22 22:00:00";16;859;20;10;0;<FLG>
V6155020;V615502001;HINnJ;1;"2011-06-23 00:00:00";"2011-06-23 23:00:00";16;855;20;10;0;<FLG>
V6155020;V615502001;HINnJ;1;"2011-06-24 00:00:00";"2011-06-24 21:00:00";16;852;20;10;0;<FLG>
V6155020;V615502001;HINnJ;1;"2011-06-25 00:00:00";"2011-06-25 22:00:00";16;848;20;10;0;<FLG>
V6155020;V615502001;HINnJ;1;"2011-06-26 00:00:00";"2011-06-26 22:00:00";16;844;20;10;0;<FLG>
V6155020;V615502001;HINnJ;1;"2011-06-27 00:00:00";"2011-06-27 22:00:00";16;842;20;10;0;<FLG>
V6155020;V615502001;HINnJ;1;"2011-06-28 00:00:00";"2011-06-28 22:00:00";16;840;20;10;0;<FLG>
V6155020;V615502001;HINnJ;1;"2011-06-29 00:00:00";"2011-06-29 21:00:00";16;839;20;10;0;<FLG>
V6155020;V615502001;HINnJ;1;"2011-06-30 00:00:00";"2011-06-30 22:00:00";16;837;20;10;0;<FLG>
V6155020;V615502001;HINnJ;1;"2011-07-01 00:00:00";"2011-07-01 23:00:00";16;835;20;10;0;<FLG>
V6155020;V615502001;HINnJ;1;"2011-07-02 00:00:00";"2011-07-02 23:00:00";16;834;20;10;0;<FLG>
V6155020;V615502001;HINnJ;1;"2011-07-03 00:00:00";"2011-07-03 23:00:00";16;831;20;10;0;<FLG>
V6155020;V615502001;HINnJ;1;"2011-07-04 00:00:00";"2011-07-04 21:00:00";16;830;20;10;0;<FLG>
V6155020;V615502001;HINnJ;1;"2011-07-05 00:00:00";"2011-07-05 22:00:00";16;826;20;10;0;<FLG>
V6155020;V615502001;HINnJ;1;"2011-07-06 00:00:00";"2011-07-06 22:00:00";16;824;20;10;0;<FLG>
V6155020;V615502001;HINnJ;1;"2011-07-07 00:00:00";"2011-07-07 21:00:00";16;822;20;10;0;<FLG>
V6155020;V615502001;HINnJ;1;"2011-07-08 00:00:00";"2011-07-08 22:00:00";16;820;20;10;0;<FLG>
V6155020;V615502001;HINnJ;1;"2011-07-09 00:00:00";"2011-07-09 22:00:00";16;818;20;10;0;<FLG>
V6155020;V615502001;HINnJ;1;"2011-07-10 00:00:00";"2011-07-10 21:00:00";16;817;20;10;0;<FLG>
V6155020;V615502001;HINnJ;1;"2011-07-11 00:00:00";"2011-07-11 21:00:00";16;815;20;10;0;<FLG>
V6155020;V615502001;HINnJ;1;"2011-07-12 00:00:00";"2011-07-12 23:00:00";16;813;20;10;0;<FLG>
V6155020;V615502001;HINnJ;1;"2011-07-13 00:00:00";"2011-07-13 01:00:00";16;815;20;10;0;<FLG>
V6155020;V615502001;HINnJ;1;"2011-07-14 00:00:00";"2011-07-14 23:00:00";16;814;20;10;0;<FLG>
V6155020;V615502001;HINnJ;1;"2011-07-15 00:00:00";"2011-07-15 23:59:59";16;814;20;10;0;<FLG>
V6155020;V615502001;HINnJ;1;"2011-07-16 00:00:00";"2011-07-16 22:00:00";16;811;20;10;0;<FLG>
V6155020;V615502001;HINnJ;1;"2011-07-17 00:00:00";"2011-07-17 02:00:00";16;811;20;10;0;<FLG>
V6155020;V615502001;HINnJ;1;"2011-07-18 00:00:00";"2011-07-18 23:00:00";16;810;20;10;0;<FLG>
V6155020;V615502001;HINnJ;1;"2011-07-19 00:00:00";"2011-07-19 01:00:00";16;811;20;10;0;<FLG>
V6155020;V615502001;HINnJ;1;"2011-07-20 00:00:00";"2011-07-20 00:00:00";16;812;20;10;0;<FLG>
V6155020;V615502001;HINnJ;1;"2011-07-21 00:00:00";"2011-07-21 23:00:00";16;811;20;10;0;<FLG>
V6155020;V615502001;HINnJ;1;"2011-07-22 00:00:00";"2011-07-22 23:59:59";16;810;20;10;0;<FLG>
V6155020;V615502001;HINnJ;1;"2011-07-23 00:00:00";"2011-07-23 23:59:59";16;808;20;10;0;<FLG>
V6155020;V615502001;HINnJ;1;"2011-07-24 00:00:00";"2011-07-24 21:00:00";16;806;20;10;0;<FLG>
V6155020;V615502001;HINnJ;1;"2011-07-25 00:00:00";"2011-07-25 23:59:59";16;805;20;10;0;<FLG>
V6155020;V615502001;HINnJ;1;"2011-07-26 00:00:00";"2011-07-26 21:00:00";16;802;20;10;0;<FLG>
V6155020;V615502001;HINnJ;1;"2011-07-27 00:00:00";"2011-07-27 01:00:00";16;802;20;10;0;<FLG>
V6155020;V615502001;HINnJ;1;"2011-07-28 00:00:00";"2011-07-28 01:00:00";16;804;20;10;0;<FLG>
V6155020;V615502001;HINnJ;1;"2011-07-29 00:00:00";"2011-07-29 22:00:00";16;809;20;10;0;<FLG>
V6155020;V615502001;HINnJ;1;"2011-07-30 00:00:00";"2011-07-30 22:00:00";16;806;20;10;0;<FLG>
V6155020;V615502001;HINnJ;1;"2011-07-31 00:00:00";"2011-07-31 23:00:00";16;803;20;10;0;<FLG>
V6155020;V615502001;HINnJ;1;"2011-08-01 00:00:00";"2011-08-01 23:59:59";16;801;20;10;0;<FLG>
V6155020;V615502001;HINnJ;1;"2011-08-02 00:00:00";"2011-08-02 23:59:59";16;798;20;10;0;<FLG>
V6155020;V615502001;HINnJ;1;"2011-08-03 00:00:00";"2011-08-03 04:00:00";16;797;20;10;0;<FLG>
V6155020;V615502001;HINnJ;1;"2011-08-04 00:00:00";"2011-08-04 04:00:00";16;796;20;10;0;<FLG>
V6155020;V615502001;HINnJ;1;"2011-08-05 00:00:00";"2011-08-05 21:00:00";16;794;20;10;0;<FLG>
V6155020;V615502001;HINnJ;1;"2011-08-06 00:00:00";"2011-08-06 01:00:00";16;794;20;10;0;<FLG>
V6155020;V615502001;HINnJ;1;"2011-08-07 00:00:00";"2011-08-07 00:00:00";16;794;20;10;0;<FLG>
V6155020;V615502001;HINnJ;1;"2011-08-08 00:00:00";"2011-08-08 04:00:00";16;796;20;10;0;<FLG>
V6155020;V615502001;HINnJ;1;"2011-08-09 00:00:00";"2011-08-09 23:59:59";16;795;20;10;0;<FLG>
V6155020;V615502001;HINnJ;1;"2011-08-10 00:00:00";"2011-08-10 23:59:59";16;792;20;10;0;<FLG>
V6155020;V615502001;HINnJ;1;"2011-08-11 00:00:00";"2011-08-11 22:00:00";16;788;20;10;0;<FLG>
V6155020;V615502001;HINnJ;1;"2011-08-12 00:00:00";"2011-08-12 21:00:00";16;786;20;10;0;<FLG>
V6155020;V615502001;HINnJ;1;"2011-08-13 00:00:00";"2011-08-13 21:00:00";16;785;20;10;0;<FLG>
V6155020;V615502001;HINnJ;1;"2011-08-14 00:00:00";"2011-08-14 21:00:00";16;781;20;10;0;<FLG>
V6155020;V615502001;HINnJ;1;"2011-08-15 00:00:00";"2011-08-15 21:00:00";16;778;20;10;0;<FLG>
V6155020;V615502001;HINnJ;1;"2011-08-16 00:00:00";"2011-08-16 23:59:59";16;776;20;10;0;<FLG>
V6155020;V615502001;HINnJ;1;"2011-08-17 00:00:00";"2011-08-17 21:00:00";16;773;20;10;0;<FLG>
V6155020;V615502001;HINnJ;1;"2011-08-18 00:00:00";"2011-08-18 21:00:00";16;769;20;10;0;<FLG>
V6155020;V615502001;HINnJ;1;"2011-08-19 00:00:00";"2011-08-19 02:00:00";16;768;20;10;0;<FLG>
V6155020;V615502001;HINnJ;1;"2011-08-20 00:00:00";"2011-08-20 20:00:00";16;765;20;10;0;<FLG>
V6155020;V615502001;HINnJ;1;"2011-08-21 00:00:00";"2011-08-21 21:00:00";16;764;20;10;0;<FLG>
V6155020;V615502001;HINnJ;1;"2011-08-22 00:00:00";"2011-08-22 21:00:00";16;761;20;10;0;<FLG>
V6155020;V615502001;HINnJ;1;"2011-08-23 00:00:00";"2011-08-23 20:00:00";16;759;20;10;0;<FLG>
V6155020;V615502001;HINnJ;1;"2011-08-24 00:00:00";"2011-08-24 04:00:00";16;759;20;10;0;<FLG>
V6155020;V615502001;HINnJ;1;"2011-08-25 00:00:00";"2011-08-25 20:00:00";16;757;20;10;0;<FLG>
V6155020;V615502001;HINnJ;1;"2011-08-26 00:00:00";"2011-08-26 20:00:00";16;754;20;10;0;<FLG>
V6155020;V615502001;HINnJ;1;"2011-08-27 00:00:00";"2011-08-27 03:00:00";16;754;20;10;0;<FLG>
V6155020;V615502001;HINnJ;1;"2011-08-28 00:00:00";"2011-08-28 23:00:00";16;751;20;10;0;<FLG>
V6155020;V615502001;HINnJ;1;"2011-08-29 00:00:00";"2011-08-29 21:00:00";16;750;20;10;0;<FLG>
V6155020;V615502001;HINnJ;1;"2011-08-30 00:00:00";"2011-08-30 01:00:00";16;750;20;10;0;<FLG>
V6155020;V615502001;HINnJ;1;"2011-08-31 00:00:00";"2011-08-31 23:59:59";16;748;20;10;0;<FLG>
V6155020;V615502001;HINnJ;1;"2011-09-01 00:00:00";"2011-09-01 21:00:00";16;745;20;10;0;<FLG>
V6155020;V615502001;HINnJ;1;"2011-09-02 00:00:00";"2011-09-02 23:59:59";16;744;20;10;0;<FLG>
V6155020;V615502001;HINnJ;1;"2011-09-03 00:00:00";"2011-09-03 21:00:00";16;743;20;10;0;<FLG>
V6155020;V615502001;HINnJ;1;"2011-09-04 00:00:00";"2011-09-04 01:00:00";16;744;20;10;0;<FLG>
V6155020;V615502001;HINnJ;1;"2011-09-05 00:00:00";"2011-09-05 01:00:00";16;747;20;10;0;<FLG>
V6155020;V615502001;HINnJ;1;"2011-09-06 00:00:00";"2011-09-06 23:59:59";16;747;20;10;0;<FLG>
V6155020;V615502001;HINnJ;1;"2011-09-07 00:00:00";"2011-09-07 23:59:59";16;744;20;10;0;<FLG>
V6155020;V615502001;HINnJ;1;"2011-09-08 00:00:00";"2011-09-08 23:59:59";16;742;20;10;0;<FLG>
V6155020;V615502001;HINnJ;1;"2011-09-09 00:00:00";"2011-09-09 23:59:59";16;740;20;10;0;<FLG>
V6155020;V615502001;HINnJ;1;"2011-09-10 00:00:00";"2011-09-10 23:59:59";16;736;20;10;0;<FLG>
V6155020;V615502001;HINnJ;1;"2011-09-11 00:00:00";"2011-09-11 23:59:59";16;733;20;10;0;<FLG>
V6155020;V615502001;HINnJ;1;"2011-09-12 00:00:00";"2011-09-12 05:00:00";16;731;20;10;0;<FLG>
V6155020;V615502001;HINnJ;1;"2011-09-13 00:00:00";"2011-09-13 23:59:59";16;730;20;10;0;<FLG>
V6155020;V615502001;HINnJ;1;"2011-09-14 00:00:00";"2011-09-14 20:00:00";16;726;20;10;0;<FLG>
V6155020;V615502001;HINnJ;1;"2011-09-15 00:00:00";"2011-09-15 01:00:00";16;726;20;10;0;<FLG>
V6155020;V615502001;HINnJ;1;"2011-09-16 00:00:00";"2011-09-16 23:59:59";16;725;20;10;0;<FLG>
V6155020;V615502001;HINnJ;1;"2011-09-17 00:00:00";"2011-09-17 20:00:00";16;721;20;10;0;<FLG>
V6155020;V615502001;HINnJ;1;"2011-09-18 00:00:00";"2011-09-18 01:00:00";16;722;20;10;0;<FLG>
V6155020;V615502001;HINnJ;1;"2011-09-19 00:00:00";"2011-09-19 00:00:00";16;728;20;10;0;<FLG>
V6155020;V615502001;HINnJ;1;"2011-09-20 00:00:00";"2011-09-20 22:00:00";16;725;20;10;0;<FLG>
V6155020;V615502001;HINnJ;1;"2011-09-21 00:00:00";"2011-09-21 22:00:00";16;722;20;10;0;<FLG>
V6155020;V615502001;HINnJ;1;"2011-09-22 00:00:00";"2011-09-22 05:00:00";16;721;20;10;0;<FLG>
V6155020;V615502001;HINnJ;1;"2011-09-23 00:00:00";"2011-09-23 23:59:59";16;721;20;10;0;<FLG>
V6155020;V615502001;HINnJ;1;"2011-09-24 00:00:00";"2011-09-24 22:00:00";16;713;20;10;0;<FLG>
V6155020;V615502001;HINnJ;1;"2011-09-25 00:00:00";"2011-09-25 10:00:00";16;713;20;10;0;<FLG>
V6155020;V615502001;HINnJ;1;"2011-09-26 00:00:00";"2011-09-26 21:00:00";16;712;20;10;0;<FLG>
V6155020;V615502001;HINnJ;1;"2011-09-27 00:00:00";"2011-09-27 23:00:00";16;707;20;10;0;<FLG>
V6155020;V615502001;HINnJ;1;"2011-09-28 00:00:00";"2011-09-28 23:59:59";16;704;20;10;0;<FLG>
V6155020;V615502001;HINnJ;1;"2011-09-29 00:00:00";"2011-09-29 01:00:00";16;704;20;10;0;<FLG>
V6155020;V615502001;HINnJ;1;"2011-09-30 00:00:00";"2011-09-30 23:59:59";16;703;20;10;0;<FLG>
V6155020;V615502001;HINnJ;1;"2011-10-01 00:00:00";"2011-10-01 23:59:59";16;702;20;10;0;<FLG>
V6155020;V615502001;HINnJ;1;"2011-10-02 00:00:00";"2011-10-02 23:59:59";16;700;20;10;0;<FLG>
V6155020;V615502001;HINnJ;1;"2011-10-03 00:00:00";"2011-10-03 23:59:59";16;699;20;10;0;<FLG>
V6155020;V615502001;HINnJ;1;"2011-10-04 00:00:00";"2011-10-04 23:59:59";16;697;20;10;0;<FLG>
V6155020;V615502001;HINnJ;1;"2011-10-05 00:00:00";"2011-10-05 23:59:59";16;696;20;10;0;<FLG>
V6155020;V615502001;HINnJ;1;"2011-10-06 00:00:00";"2011-10-06 22:00:00";16;694;20;10;0;<FLG>
V6155020;V615502001;HINnJ;1;"2011-10-07 00:00:00";"2011-10-07 23:59:59";16;693;20;10;0;<FLG>
V6155020;V615502001;HINnJ;1;"2011-10-08 00:00:00";"2011-10-08 23:59:59";16;692;20;10;0;<FLG>
V6155020;V615502001;HINnJ;1;"2011-10-09 00:00:00";"2011-10-09 23:59:59";16;690;20;10;0;<FLG>
V6155020;V615502001;HINnJ;1;"2011-10-10 00:00:00";"2011-10-10 23:59:59";16;689;20;10;0;<FLG>
V6155020;V615502001;HINnJ;1;"2011-10-11 00:00:00";"2011-10-11 23:00:00";16;684;20;10;0;<FLG>
V6155020;V615502001;HINnJ;1;"2011-10-12 00:00:00";"2011-10-12 01:00:00";16;684;20;10;0;<FLG>
V6155020;V615502001;HINnJ;1;"2011-10-13 00:00:00";"2011-10-13 22:00:00";16;680;20;10;0;<FLG>
V6155020;V615502001;HINnJ;1;"2011-10-14 00:00:00";"2011-10-14 23:59:59";16;676;20;10;0;<FLG>
V6155020;V615502001;HINnJ;1;"2011-10-15 00:00:00";"2011-10-15 01:00:00";16;676;20;10;0;<FLG>
V6155020;V615502001;HINnJ;1;"2011-10-16 00:00:00";"2011-10-16 04:00:00";16;676;20;10;0;<FLG>
V6155020;V615502001;HINnJ;1;"2011-10-17 00:00:00";"2011-10-17 23:59:59";16;673;20;10;0;<FLG>
V6155020;V615502001;HINnJ;1;"2011-10-18 00:00:00";"2011-10-18 23:59:59";16;671;20;10;0;<FLG>
V6155020;V615502001;HINnJ;1;"2011-10-19 00:00:00";"2011-10-19 04:00:00";16;671;20;10;0;<FLG>
V6155020;V615502001;HINnJ;1;"2011-10-20 00:00:00";"2011-10-20 23:59:59";16;671;20;10;0;<FLG>
V6155020;V615502001;HINnJ;1;"2011-10-21 00:00:00";"2011-10-21 23:59:59";16;669;20;10;0;<FLG>
V6155020;V615502001;HINnJ;1;"2011-10-22 00:00:00";"2011-10-22 04:00:00";16;669;20;10;0;<FLG>
V6155020;V615502001;HINnJ;1;"2011-10-23 00:00:00";"2011-10-23 21:00:00";16;668;20;10;0;<FLG>
V6155020;V615502001;HINnJ;1;"2011-10-24 00:00:00";"2011-10-24 01:00:00";16;670;20;10;0;<FLG>
V6155020;V615502001;HINnJ;1;"2011-10-25 00:00:00";"2011-10-25 01:00:00";16;673;20;10;0;<FLG>
V6155020;V615502001;HINnJ;1;"2011-10-26 00:00:00";"2011-10-26 00:00:00";16;732;20;10;0;<FLG>
V6155020;V615502001;HINnJ;1;"2011-10-27 00:00:00";"2011-10-27 23:59:59";16;746;20;10;0;<FLG>
V6155020;V615502001;HINnJ;1;"2011-10-28 00:00:00";"2011-10-28 23:59:59";16;731;20;10;0;<FLG>
V6155020;V615502001;HINnJ;1;"2011-10-29 00:00:00";"2011-10-29 23:59:59";16;726;20;10;0;<FLG>
V6155020;V615502001;HINnJ;1;"2011-10-30 00:00:00";"2011-10-30 23:59:59";16;716;20;10;0;<FLG>
V6155020;V615502001;HINnJ;1;"2011-10-31 00:00:00";"2011-10-31 23:59:59";16;712;20;10;0;<FLG>
V6155020;V615502001;HINnJ;1;"2011-11-01 00:00:00";"2011-11-01 17:00:00";16;710;20;10;0;<FLG>
V6155020;V615502001;HINnJ;1;"2011-11-02 00:00:00";"2011-11-02 11:00:00";16;706;20;10;0;<FLG>
V6155020;V615502001;HINnJ;1;"2011-11-03 00:00:00";"2011-11-03 00:00:00";16;718;20;10;0;<FLG>
V6155020;V615502001;HINnJ;1;"2011-11-04 00:00:00";"2011-11-04 00:00:00";16;783;20;10;0;<FLG>
V6155020;V615502001;HINnJ;1;"2011-11-05 00:00:00";"2011-11-05 00:00:00";16;993;20;10;0;<FLG>
V6155020;V615502001;HINnJ;1;"2011-11-06 00:00:00";"2011-11-06 00:00:00";16;1351;20;10;0;<FLG>
V6155020;V615502001;HINnJ;1;"2011-11-07 00:00:00";"2011-11-07 00:00:00";16;1536;20;10;0;<FLG>
V6155020;V615502001;HINnJ;1;"2011-11-08 00:00:00";"2011-11-08 23:59:59";16;1551;20;10;0;<FLG>
V6155020;V615502001;HINnJ;1;"2011-11-09 00:00:00";"2011-11-09 23:59:59";16;1534;20;10;0;<FLG>
V6155020;V615502001;HINnJ;1;"2011-11-10 00:00:00";"2011-11-10 23:59:59";16;1506;20;10;0;<FLG>
V6155020;V615502001;HINnJ;1;"2011-11-11 00:00:00";"2011-11-11 23:59:59";16;1480;20;10;0;<FLG>
V6155020;V615502001;HINnJ;1;"2011-11-12 00:00:00";"2011-11-12 23:59:59";16;1446;20;10;0;<FLG>
V6155020;V615502001;HINnJ;1;"2011-11-13 00:00:00";"2011-11-13 23:59:59";16;1411;20;10;0;<FLG>
V6155020;V615502001;HINnJ;1;"2011-11-14 00:00:00";"2011-11-14 23:59:59";16;1375;20;10;0;<FLG>
V6155020;V615502001;HINnJ;1;"2011-11-15 00:00:00";"2011-11-15 23:59:59";16;1338;20;10;0;<FLG>
V6155020;V615502001;HINnJ;1;"2011-11-16 00:00:00";"2011-11-16 23:59:59";16;1297;20;10;0;<FLG>
V6155020;V615502001;HINnJ;1;"2011-11-17 00:00:00";"2011-11-17 23:59:59";16;1253;20;10;0;<FLG>
V6155020;V615502001;HINnJ;1;"2011-11-18 00:00:00";"2011-11-18 23:59:59";16;1211;20;10;0;<FLG>
V6155020;V615502001;HINnJ;1;"2011-11-19 00:00:00";"2011-11-19 23:59:59";16;1173;20;10;0;<FLG>
V6155020;V615502001;HINnJ;1;"2011-11-20 00:00:00";"2011-11-20 23:59:59";16;1145;20;10;0;<FLG>
V6155020;V615502001;HINnJ;1;"2011-11-21 00:00:00";"2011-11-21 23:59:59";16;1135;20;10;0;<FLG>
V6155020;V615502001;HINnJ;1;"2011-11-22 00:00:00";"2011-11-22 23:59:59";16;1124;20;10;0;<FLG>
V6155020;V615502001;HINnJ;1;"2011-11-23 00:00:00";"2011-11-23 23:00:00";16;1114;20;10;0;<FLG>
V6155020;V615502001;HINnJ;1;"2011-11-24 00:00:00";"2011-11-24 23:59:59";16;1103;20;10;0;<FLG>
V6155020;V615502001;HINnJ;1;"2011-11-25 00:00:00";"2011-11-25 23:59:59";16;1093;20;10;0;<FLG>
V6155020;V615502001;HINnJ;1;"2011-11-26 00:00:00";"2011-11-26 23:00:00";16;1084;20;10;0;<FLG>
V6155020;V615502001;HINnJ;1;"2011-11-27 00:00:00";"2011-11-27 23:00:00";16;1074;20;10;0;<FLG>
V6155020;V615502001;HINnJ;1;"2011-11-28 00:00:00";"2011-11-28 23:59:59";16;1063;20;10;0;<FLG>
V6155020;V615502001;HINnJ;1;"2011-11-29 00:00:00";"2011-11-29 23:59:59";16;1055;20;10;0;<FLG>
V6155020;V615502001;HINnJ;1;"2011-11-30 00:00:00";"2011-11-30 23:59:59";16;1046;20;10;0;<FLG>
V6155020;V615502001;HINnJ;1;"2011-12-01 00:00:00";"2011-12-01 22:00:00";16;1038;20;10;0;<FLG>
V6155020;V615502001;HINnJ;1;"2011-12-02 00:00:00";"2011-12-02 23:00:00";16;1031;20;10;0;<FLG>
V6155020;V615502001;HINnJ;1;"2011-12-03 00:00:00";"2011-12-03 23:00:00";16;1024;20;10;0;<FLG>
V6155020;V615502001;HINnJ;1;"2011-12-04 00:00:00";"2011-12-04 21:00:00";16;1012;20;10;0;<FLG>
V6155020;V615502001;HINnJ;1;"2011-12-05 00:00:00";"2011-12-05 17:00:00";16;1008;20;10;0;<FLG>
V6155020;V615502001;HINnJ;1;"2011-12-06 00:00:00";"2011-12-06 19:00:00";16;1005;20;10;0;<FLG>
V6155020;V615502001;HINnJ;1;"2011-12-07 00:00:00";"2011-12-07 23:59:59";16;989;20;10;0;<FLG>
V6155020;V615502001;HINnJ;1;"2011-12-08 00:00:00";"2011-12-08 23:59:59";16;982;20;10;0;<FLG>
V6155020;V615502001;HINnJ;1;"2011-12-09 00:00:00";"2011-12-09 22:00:00";16;976;20;10;0;<FLG>
V6155020;V615502001;HINnJ;1;"2011-12-10 00:00:00";"2011-12-10 20:00:00";16;970;20;10;0;<FLG>
V6155020;V615502001;HINnJ;1;"2011-12-11 00:00:00";"2011-12-11 23:00:00";16;963;20;10;0;<FLG>
V6155020;V615502001;HINnJ;1;"2011-12-12 00:00:00";"2011-12-12 22:00:00";16;957;20;10;0;<FLG>
V6155020;V615502001;HINnJ;1;"2011-12-13 00:00:00";"2011-12-13 21:00:00";16;952;20;10;0;<FLG>
V6155020;V615502001;HINnJ;1;"2011-12-14 00:00:00";"2011-12-14 21:00:00";16;942;20;10;0;<FLG>
V6155020;V615502001;HINnJ;1;"2011-12-15 00:00:00";"2011-12-15 23:00:00";16;935;20;10;0;<FLG>
V6155020;V615502001;HINnJ;1;"2011-12-16 00:00:00";"2011-12-16 19:00:00";16;933;20;10;0;<FLG>
V6155020;V615502001;HINnJ;1;"2011-12-17 00:00:00";"2011-12-17 06:00:00";16;932;20;10;0;<FLG>
V6155020;V615502001;HINnJ;1;"2011-12-18 00:00:00";"2011-12-18 01:00:00";16;935;20;10;0;<FLG>
V6155020;V615502001;HINnJ;1;"2011-12-19 00:00:00";"2011-12-19 19:00:00";16;932;20;10;0;<FLG>
V6155020;V615502001;HINnJ;1;"2011-12-20 00:00:00";"2011-12-20 23:00:00";16;928;20;10;0;<FLG>
V6155020;V615502001;HINnJ;1;"2011-12-21 00:00:00";"2011-12-21 21:00:00";16;925;20;10;0;<FLG>
V6155020;V615502001;HINnJ;1;"2011-12-22 00:00:00";"2011-12-22 19:00:00";16;921;20;10;0;<FLG>
V6155020;V615502001;HINnJ;1;"2011-12-23 00:00:00";"2011-12-23 18:00:00";16;919;20;10;0;<FLG>
V6155020;V615502001;HINnJ;1;"2011-12-24 00:00:00";"2011-12-24 22:00:00";16;916;20;10;0;<FLG>
V6155020;V615502001;HINnJ;1;"2011-12-25 00:00:00";"2011-12-25 23:59:59";16;913;20;10;0;<FLG>
V6155020;V615502001;HINnJ;1;"2011-12-26 00:00:00";"2011-12-26 23:00:00";16;909;20;10;0;<FLG>
V6155020;V615502001;HINnJ;1;"2011-12-27 00:00:00";"2011-12-27 22:00:00";16;905;20;10;0;<FLG>
V6155020;V615502001;HINnJ;1;"2011-12-28 00:00:00";"2011-12-28 17:00:00";16;902;20;10;0;<FLG>
V6155020;V615502001;HINnJ;1;"2011-12-29 00:00:00";"2011-12-29 23:00:00";16;898;20;10;0;<FLG>
V6155020;V615502001;HINnJ;1;"2011-12-30 00:00:00";"2011-12-30 18:00:00";16;895;20;10;0;<FLG>
V6155020;V615502001;HINnJ;1;"2011-12-31 00:00:00";"2011-12-31 17:00:00";16;884;20;10;0;<FLG>
V6155020;V615502001;HINnJ;1;"2012-01-01 00:00:00";"2012-01-01 20:00:00";16;879;20;10;0;<FLG>
V6155020;V615502001;HINnJ;1;"2012-01-02 00:00:00";"2012-01-02 04:00:00";16;878;20;10;0;<FLG>
V6155020;V615502001;HINnJ;1;"2012-01-03 00:00:00";"2012-01-03 00:00:00";16;878;20;10;0;<FLG>
V6155020;V615502001;HINnJ;1;"2012-01-04 00:00:00";"2012-01-04 00:00:00";16;897;20;10;0;<FLG>
V6155020;V615502001;HINnJ;1;"2012-01-05 00:00:00";"2012-01-05 01:00:00";16;909;20;10;0;<FLG>
V6155020;V615502001;HINnJ;1;"2012-01-06 00:00:00";"2012-01-06 06:00:00";16;913;20;10;0;<FLG>
V6155020;V615502001;HINnJ;1;"2012-01-07 00:00:00";"2012-01-07 23:59:59";16;912;20;10;0;<FLG>
V6155020;V615502001;HINnJ;1;"2012-01-08 00:00:00";"2012-01-08 21:00:00";16;909;20;10;0;<FLG>
V6155020;V615502001;HINnJ;1;"2012-01-09 00:00:00";"2012-01-09 22:00:00";16;906;20;10;0;<FLG>
V6155020;V615502001;HINnJ;1;"2012-01-10 00:00:00";"2012-01-10 22:00:00";16;901;20;10;0;<FLG>
V6155020;V615502001;HINnJ;1;"2012-01-11 00:00:00";"2012-01-11 23:59:59";16;895;20;10;0;<FLG>
V6155020;V615502001;HINnJ;1;"2012-01-12 00:00:00";"2012-01-12 22:00:00";16;891;20;10;0;<FLG>
V6155020;V615502001;HINnJ;1;"2012-01-13 00:00:00";"2012-01-13 18:00:00";16;888;20;10;0;<FLG>
V6155020;V615502001;HINnJ;1;"2012-01-14 00:00:00";"2012-01-14 19:00:00";16;885;20;10;0;<FLG>
V6155020;V615502001;HINnJ;1;"2012-01-15 00:00:00";"2012-01-15 18:00:00";16;881;20;10;0;<FLG>
V6155020;V615502001;HINnJ;1;"2012-01-16 00:00:00";"2012-01-16 23:59:59";16;869;20;10;0;<FLG>
V6155020;V615502001;HINnJ;1;"2012-01-17 00:00:00";"2012-01-17 18:00:00";16;864;20;10;0;<FLG>
V6155020;V615502001;HINnJ;1;"2012-01-18 00:00:00";"2012-01-18 21:00:00";16;858;20;10;0;<FLG>
V6155020;V615502001;HINnJ;1;"2012-01-19 00:00:00";"2012-01-19 19:00:00";16;854;20;10;0;<FLG>
V6155020;V615502001;HINnJ;1;"2012-01-20 00:00:00";"2012-01-20 20:00:00";16;851;20;10;0;<FLG>
V6155020;V615502001;HINnJ;1;"2012-01-21 00:00:00";"2012-01-21 23:00:00";16;848;20;10;0;<FLG>
V6155020;V615502001;HINnJ;1;"2012-01-22 00:00:00";"2012-01-22 21:00:00";16;845;20;10;0;<FLG>
V6155020;V615502001;HINnJ;1;"2012-01-23 00:00:00";"2012-01-23 23:59:59";16;841;20;10;0;<FLG>
V6155020;V615502001;HINnJ;1;"2012-01-24 00:00:00";"2012-01-24 23:00:00";16;837;20;10;0;<FLG>
V6155020;V615502001;HINnJ;1;"2012-01-25 00:00:00";"2012-01-25 23:59:59";16;834;20;10;0;<FLG>
V6155020;V615502001;HINnJ;1;"2012-01-26 00:00:00";"2012-01-26 21:00:00";16;830;20;10;0;<FLG>
V6155020;V615502001;HINnJ;1;"2012-01-27 00:00:00";"2012-01-27 23:00:00";16;825;20;10;0;<FLG>
V6155020;V615502001;HINnJ;1;"2012-01-28 00:00:00";"2012-01-28 18:00:00";16;822;20;10;0;<FLG>
V6155020;V615502001;HINnJ;1;"2012-01-29 00:00:00";"2012-01-29 18:00:00";16;818;20;10;0;<FLG>
V6155020;V615502001;HINnJ;1;"2012-01-30 00:00:00";"2012-01-30 21:00:00";16;814;20;10;0;<FLG>
V6155020;V615502001;HINnJ;1;"2012-01-31 00:00:00";"2012-01-31 23:00:00";16;811;20;10;0;<FLG>
V6155020;V615502001;HINnJ;1;"2012-02-01 00:00:00";"2012-02-01 18:00:00";16;810;20;10;0;<FLG>
V6155020;V615502001;HINnJ;1;"2012-02-02 00:00:00";"2012-02-02 20:00:00";16;807;20;10;0;<FLG>
V6155020;V615502001;HINnJ;1;"2012-02-03 00:00:00";"2012-02-03 23:59:59";16;805;20;10;0;<FLG>
V6155020;V615502001;HINnJ;1;"2012-02-04 00:00:00";"2012-02-04 23:59:59";16;798;20;10;0;<FLG>
V6155020;V615502001;HINnJ;1;"2012-02-05 00:00:00";"2012-02-05 23:59:59";16;795;20;10;0;<FLG>
V6155020;V615502001;HINnJ;1;"2012-02-06 00:00:00";"2012-02-06 20:00:00";16;793;20;10;0;<FLG>
V6155020;V615502001;HINnJ;1;"2012-02-07 00:00:00";"2012-02-07 18:00:00";16;791;20;10;0;<FLG>
V6155020;V615502001;HINnJ;1;"2012-02-08 00:00:00";"2012-02-08 23:00:00";16;787;20;10;0;<FLG>
V6155020;V615502001;HINnJ;1;"2012-02-09 00:00:00";"2012-02-09 23:00:00";16;786;20;10;0;<FLG>
V6155020;V615502001;HINnJ;1;"2012-02-10 00:00:00";"2012-02-10 18:00:00";16;785;20;10;0;<FLG>
V6155020;V615502001;HINnJ;1;"2012-02-11 00:00:00";"2012-02-11 18:00:00";16;783;20;10;0;<FLG>
V6155020;V615502001;HINnJ;1;"2012-02-12 00:00:00";"2012-02-12 23:59:59";16;779;20;10;0;<FLG>
V6155020;V615502001;HINnJ;1;"2012-02-13 00:00:00";"2012-02-13 02:00:00";16;778;20;10;0;<FLG>
V6155020;V615502001;HINnJ;1;"2012-02-14 00:00:00";"2012-02-14 18:00:00";16;776;20;10;0;<FLG>
V6155020;V615502001;HINnJ;1;"2012-02-15 00:00:00";"2012-02-15 18:00:00";16;773;20;10;0;<FLG>
V6155020;V615502001;HINnJ;1;"2012-02-16 00:00:00";"2012-02-16 23:59:59";16;770;20;10;0;<FLG>
V6155020;V615502001;HINnJ;1;"2012-02-17 00:00:00";"2012-02-17 23:00:00";16;766;20;10;0;<FLG>
V6155020;V615502001;HINnJ;1;"2012-02-18 00:00:00";"2012-02-18 20:00:00";16;764;20;10;0;<FLG>
V6155020;V615502001;HINnJ;1;"2012-02-19 00:00:00";"2012-02-19 23:00:00";16;761;20;10;0;<FLG>
V6155020;V615502001;HINnJ;1;"2012-02-20 00:00:00";"2012-02-20 22:00:00";16;759;20;10;0;<FLG>
V6155020;V615502001;HINnJ;1;"2012-02-21 00:00:00";"2012-02-21 20:00:00";16;757;20;10;0;<FLG>
V6155020;V615502001;HINnJ;1;"2012-02-22 00:00:00";"2012-02-22 20:00:00";16;751;20;10;0;<FLG>
V6155020;V615502001;HINnJ;1;"2012-02-23 00:00:00";"2012-02-23 02:00:00";16;750;20;10;0;<FLG>
V6155020;V615502001;HINnJ;1;"2012-02-24 00:00:00";"2012-02-24 23:00:00";16;748;20;10;0;<FLG>
V6155020;V615502001;HINnJ;1;"2012-02-25 00:00:00";"2012-02-25 01:00:00";16;748;20;10;0;<FLG>
V6155020;V615502001;HINnJ;1;"2012-02-26 00:00:00";"2012-02-26 20:00:00";16;748;20;10;0;<FLG>
V6155020;V615502001;HINnJ;1;"2012-02-27 00:00:00";"2012-02-27 23:59:59";16;746;20;10;0;<FLG>
V6155020;V615502001;HINnJ;1;"2012-02-28 00:00:00";"2012-02-28 19:00:00";16;744;20;10;0;<FLG>
V6155020;V615502001;HINnJ;1;"2012-02-29 00:00:00";"2012-02-29 19:00:00";16;743;20;10;0;<FLG>
V6155020;V615502001;HINnJ;1;"2012-03-01 00:00:00";"2012-03-01 21:00:00";16;737;20;10;0;<FLG>
V6155020;V615502001;HINnJ;1;"2012-03-02 00:00:00";"2012-03-02 19:00:00";16;736;20;10;0;<FLG>
V6155020;V615502001;HINnJ;1;"2012-03-03 00:00:00";"2012-03-03 19:00:00";16;735;20;10;0;<FLG>
V6155020;V615502001;HINnJ;1;"2012-03-04 00:00:00";"2012-03-04 20:00:00";16;734;20;10;0;<FLG>
V6155020;V615502001;HINnJ;1;"2012-03-05 00:00:00";"2012-03-05 21:00:00";16;732;20;10;0;<FLG>
V6155020;V615502001;HINnJ;1;"2012-03-06 00:00:00";"2012-03-06 23:00:00";16;731;20;10;0;<FLG>
V6155020;V615502001;HINnJ;1;"2012-03-07 00:00:00";"2012-03-07 20:00:00";16;730;20;10;0;<FLG>
V6155020;V615502001;HINnJ;1;"2012-03-08 00:00:00";"2012-03-08 20:00:00";16;728;20;10;0;<FLG>
V6155020;V615502001;HINnJ;1;"2012-03-09 00:00:00";"2012-03-09 23:59:59";16;723;20;10;0;<FLG>
V6155020;V615502001;HINnJ;1;"2012-03-10 00:00:00";"2012-03-10 02:00:00";16;723;20;10;0;<FLG>
V6155020;V615502001;HINnJ;1;"2012-03-11 00:00:00";"2012-03-11 21:00:00";16;723;20;10;0;<FLG>
V6155020;V615502001;HINnJ;1;"2012-03-12 00:00:00";"2012-03-12 19:00:00";16;722;20;10;0;<FLG>
V6155020;V615502001;HINnJ;1;"2012-03-13 00:00:00";"2012-03-13 19:00:00";16;720;20;10;0;<FLG>
V6155020;V615502001;HINnJ;1;"2012-03-14 00:00:00";"2012-03-14 20:00:00";16;716;20;10;0;<FLG>
V6155020;V615502001;HINnJ;1;"2012-03-15 00:00:00";"2012-03-15 19:00:00";16;715;20;10;0;<FLG>
V6155020;V615502001;HINnJ;1;"2012-03-16 00:00:00";"2012-03-16 10:00:00";16;714;20;10;0;<FLG>
V6155020;V615502001;HINnJ;1;"2012-03-17 00:00:00";"2012-03-17 00:00:00";16;714;20;10;0;<FLG>
V6155020;V615502001;HINnJ;1;"2012-03-18 00:00:00";"2012-03-18 21:00:00";16;712;20;10;0;<FLG>
V6155020;V615502001;HINnJ;1;"2012-03-19 00:00:00";"2012-03-19 00:00:00";16;712;20;10;0;<FLG>
V6155020;V615502001;HINnJ;1;"2012-03-20 00:00:00";"2012-03-20 22:00:00";16;712;20;10;0;<FLG>
V6155020;V615502001;HINnJ;1;"2012-03-21 00:00:00";"2012-03-21 23:00:00";16;709;20;10;0;<FLG>
V6155020;V615502001;HINnJ;1;"2012-03-22 00:00:00";"2012-03-22 01:00:00";16;711;20;10;0;<FLG>
V6155020;V615502001;HINnJ;1;"2012-03-23 00:00:00";"2012-03-23 01:00:00";16;711;20;10;0;<FLG>
V6155020;V615502001;HINnJ;1;"2012-03-24 00:00:00";"2012-03-24 20:00:00";16;709;20;10;0;<FLG>
V6155020;V615502001;HINnJ;1;"2012-03-25 00:00:00";"2012-03-25 20:00:00";16;707;20;10;0;<FLG>
V6155020;V615502001;HINnJ;1;"2012-03-26 00:00:00";"2012-03-26 01:00:00";16;708;20;10;0;<FLG>
V6155020;V615502001;HINnJ;1;"2012-03-27 00:00:00";"2012-03-27 23:59:59";16;711;20;10;0;<FLG>
V6155020;V615502001;HINnJ;1;"2012-03-28 00:00:00";"2012-03-28 04:00:00";16;710;20;10;0;<FLG>
V6155020;V615502001;HINnJ;1;"2012-03-29 00:00:00";"2012-03-29 00:00:00";16;710;20;10;0;<FLG>
V6155020;V615502001;HINnJ;1;"2012-03-30 00:00:00";"2012-03-30 20:00:00";16;712;20;10;0;<FLG>
V6155020;V615502001;HINnJ;1;"2012-03-31 00:00:00";"2012-03-31 20:00:00";16;709;20;10;0;<FLG>
V6155020;V615502001;HINnJ;1;"2012-04-01 00:00:00";"2012-04-01 21:00:00";16;708;20;10;0;<FLG>
V6155020;V615502001;HINnJ;1;"2012-04-02 00:00:00";"2012-04-02 21:00:00";16;708;20;10;0;<FLG>
V6155020;V615502001;HINnJ;1;"2012-04-03 00:00:00";"2012-04-03 20:00:00";16;707;20;10;0;<FLG>
V6155020;V615502001;HINnJ;1;"2012-04-04 00:00:00";"2012-04-04 01:00:00";16;708;20;10;0;<FLG>
V6155020;V615502001;HINnJ;1;"2012-04-05 00:00:00";"2012-04-05 00:00:00";16;715;20;10;0;<FLG>
V6155020;V615502001;HINnJ;1;"2012-04-06 00:00:00";"2012-04-06 00:00:00";16;751;20;10;0;<FLG>
V6155020;V615502001;HINnJ;1;"2012-04-07 00:00:00";"2012-04-07 00:00:00";16;783;20;10;0;<FLG>
V6155020;V615502001;HINnJ;1;"2012-04-08 00:00:00";"2012-04-08 01:00:00";16;803;20;10;0;<FLG>
V6155020;V615502001;HINnJ;1;"2012-04-09 00:00:00";"2012-04-09 21:00:00";16;798;20;10;0;<FLG>
V6155020;V615502001;HINnJ;1;"2012-04-10 00:00:00";"2012-04-10 20:00:00";16;795;20;10;0;<FLG>
V6155020;V615502001;HINnJ;1;"2012-04-11 00:00:00";"2012-04-11 01:00:00";16;795;20;10;0;<FLG>
V6155020;V615502001;HINnJ;1;"2012-04-12 00:00:00";"2012-04-12 00:00:00";16;920;20;10;0;<FLG>
V6155020;V615502001;HINnJ;1;"2012-04-13 00:00:00";"2012-04-13 00:00:00";16;967;20;10;0;<FLG>
V6155020;V615502001;HINnJ;1;"2012-04-14 00:00:00";"2012-04-14 00:00:00";16;980;20;10;0;<FLG>
V6155020;V615502001;HINnJ;1;"2012-04-15 00:00:00";"2012-04-15 22:00:00";16;978;20;10;0;<FLG>
V6155020;V615502001;HINnJ;1;"2012-04-16 00:00:00";"2012-04-16 23:00:00";16;969;20;10;0;<FLG>
V6155020;V615502001;HINnJ;1;"2012-04-17 00:00:00";"2012-04-17 23:00:00";16;957;20;10;0;<FLG>
V6155020;V615502001;HINnJ;1;"2012-04-18 00:00:00";"2012-04-18 21:00:00";16;943;20;10;0;<FLG>
V6155020;V615502001;HINnJ;1;"2012-04-19 00:00:00";"2012-04-19 21:00:00";16;938;20;10;0;<FLG>
V6155020;V615502001;HINnJ;1;"2012-04-20 00:00:00";"2012-04-20 21:00:00";16;934;20;10;0;<FLG>
V6155020;V615502001;HINnJ;1;"2012-04-21 00:00:00";"2012-04-21 20:00:00";16;933;20;10;0;<FLG>
V6155020;V615502001;HINnJ;1;"2012-04-22 00:00:00";"2012-04-22 00:00:00";16;933;20;10;0;<FLG>
V6155020;V615502001;HINnJ;1;"2012-04-23 00:00:00";"2012-04-23 00:00:00";16;947;20;10;0;<FLG>
V6155020;V615502001;HINnJ;1;"2012-04-24 00:00:00";"2012-04-24 01:00:00";16;961;20;10;0;<FLG>
V6155020;V615502001;HINnJ;1;"2012-04-25 00:00:00";"2012-04-25 00:00:00";16;991;20;10;0;<FLG>
V6155020;V615502001;HINnJ;1;"2012-04-26 00:00:00";"2012-04-26 01:00:00";16;1025;20;10;0;<FLG>
V6155020;V615502001;HINnJ;1;"2012-04-27 00:00:00";"2012-04-27 23:00:00";16;1037;20;10;0;<FLG>
V6155020;V615502001;HINnJ;1;"2012-04-28 00:00:00";"2012-04-28 21:00:00";16;1032;20;10;0;<FLG>
V6155020;V615502001;HINnJ;1;"2012-04-29 00:00:00";"2012-04-29 04:00:00";16;1033;20;10;0;<FLG>
V6155020;V615502001;HINnJ;1;"2012-04-30 00:00:00";"2012-04-30 00:00:00";16;1108;20;10;0;<FLG>
V6155020;V615502001;HINnJ;1;"2012-05-01 00:00:00";"2012-05-01 00:00:00";16;1285;20;10;0;<FLG>
V6155020;V615502001;HINnJ;1;"2012-05-02 00:00:00";"2012-05-02 00:00:00";16;1387;20;10;0;<FLG>
V6155020;V615502001;HINnJ;1;"2012-05-03 00:00:00";"2012-05-03 23:59:59";16;1371;20;10;0;<FLG>
V6155020;V615502001;HINnJ;1;"2012-05-04 00:00:00";"2012-05-04 23:59:59";16;1336;20;10;0;<FLG>
V6155020;V615502001;HINnJ;1;"2012-05-05 00:00:00";"2012-05-05 23:59:59";16;1304;20;10;0;<FLG>
V6155020;V615502001;HINnJ;1;"2012-05-06 00:00:00";"2012-05-06 23:59:59";16;1271;20;10;0;<FLG>
V6155020;V615502001;HINnJ;1;"2012-05-07 00:00:00";"2012-05-07 23:59:59";16;1232;20;10;0;<FLG>
V6155020;V615502001;HINnJ;1;"2012-05-08 00:00:00";"2012-05-08 23:59:59";16;1192;20;10;0;<FLG>
V6155020;V615502001;HINnJ;1;"2012-05-09 00:00:00";"2012-05-09 23:59:59";16;1160;20;10;0;<FLG>
V6155020;V615502001;HINnJ;1;"2012-05-10 00:00:00";"2012-05-10 23:00:00";16;1143;20;10;0;<FLG>
V6155020;V615502001;HINnJ;1;"2012-05-11 00:00:00";"2012-05-11 23:59:59";16;1132;20;10;0;<FLG>
V6155020;V615502001;HINnJ;1;"2012-05-12 00:00:00";"2012-05-12 23:59:59";16;1122;20;10;0;<FLG>
V6155020;V615502001;HINnJ;1;"2012-05-13 00:00:00";"2012-05-13 21:00:00";16;1111;20;10;0;<FLG>
V6155020;V615502001;HINnJ;1;"2012-05-14 00:00:00";"2012-05-14 23:59:59";16;1101;20;10;0;<FLG>
V6155020;V615502001;HINnJ;1;"2012-05-15 00:00:00";"2012-05-15 23:00:00";16;1093;20;10;0;<FLG>
V6155020;V615502001;HINnJ;1;"2012-05-16 00:00:00";"2012-05-16 22:00:00";16;1084;20;10;0;<FLG>
V6155020;V615502001;HINnJ;1;"2012-05-17 00:00:00";"2012-05-17 23:59:59";16;1073;20;10;0;<FLG>
V6155020;V615502001;HINnJ;1;"2012-05-18 00:00:00";"2012-05-18 23:59:59";16;1064;20;10;0;<FLG>
V6155020;V615502001;HINnJ;1;"2012-05-19 00:00:00";"2012-05-19 21:00:00";16;1055;20;10;0;<FLG>
V6155020;V615502001;HINnJ;1;"2012-05-20 00:00:00";"2012-05-20 20:00:00";16;1050;20;10;0;<FLG>
V6155020;V615502001;HINnJ;1;"2012-05-21 00:00:00";"2012-05-21 00:00:00";16;1050;20;10;0;<FLG>
V6155020;V615502001;HINnJ;1;"2012-05-22 00:00:00";"2012-05-22 00:00:00";16;1140;20;10;0;<FLG>
V6155020;V615502001;HINnJ;1;"2012-05-23 00:00:00";"2012-05-23 00:00:00";16;1223;20;10;0;<FLG>
V6155020;V615502001;HINnJ;1;"2012-05-24 00:00:00";"2012-05-24 00:00:00";16;1261;20;10;0;<FLG>
V6155020;V615502001;HINnJ;1;"2012-05-25 00:00:00";"2012-05-25 00:00:00";16;1274;20;10;0;<FLG>
V6155020;V615502001;HINnJ;1;"2012-05-26 00:00:00";"2012-05-26 23:59:59";16;1272;20;10;0;<FLG>
V6155020;V615502001;HINnJ;1;"2012-05-27 00:00:00";"2012-05-27 23:59:59";16;1234;20;10;0;<FLG>
V6155020;V615502001;HINnJ;1;"2012-05-28 00:00:00";"2012-05-28 23:59:59";16;1210;20;10;0;<FLG>
V6155020;V615502001;HINnJ;1;"2012-05-29 00:00:00";"2012-05-29 23:59:59";16;1190;20;10;0;<FLG>
V6155020;V615502001;HINnJ;1;"2012-05-30 00:00:00";"2012-05-30 23:00:00";16;1169;20;10;0;<FLG>
V6155020;V615502001;HINnJ;1;"2012-05-31 00:00:00";"2012-05-31 22:00:00";16;1152;20;10;0;<FLG>
V6155020;V615502001;HINnJ;1;"2012-06-01 00:00:00";"2012-06-01 23:00:00";16;1143;20;10;0;<FLG>
V6155020;V615502001;HINnJ;1;"2012-06-02 00:00:00";"2012-06-02 23:59:59";16;1135;20;10;0;<FLG>
V6155020;V615502001;HINnJ;1;"2012-06-03 00:00:00";"2012-06-03 18:00:00";16;1127;20;10;0;<FLG>
V6155020;V615502001;HINnJ;1;"2012-06-04 00:00:00";"2012-06-04 23:59:59";16;1118;20;10;0;<FLG>
V6155020;V615502001;HINnJ;1;"2012-06-05 00:00:00";"2012-06-05 23:00:00";16;1110;20;10;0;<FLG>
V6155020;V615502001;HINnJ;1;"2012-06-06 00:00:00";"2012-06-06 23:00:00";16;1102;20;10;0;<FLG>
V6155020;V615502001;HINnJ;1;"2012-06-07 00:00:00";"2012-06-07 22:00:00";16;1094;20;10;0;<FLG>
V6155020;V615502001;HINnJ;1;"2012-06-08 00:00:00";"2012-06-08 21:00:00";16;1086;20;10;0;<FLG>
V6155020;V615502001;HINnJ;1;"2012-06-09 00:00:00";"2012-06-09 21:00:00";16;1077;20;10;0;<FLG>
V6155020;V615502001;HINnJ;1;"2012-06-10 00:00:00";"2012-06-10 21:00:00";16;1069;20;10;0;<FLG>
V6155020;V615502001;HINnJ;1;"2012-06-11 00:00:00";"2012-06-11 22:00:00";16;1060;20;10;0;<FLG>
V6155020;V615502001;HINnJ;1;"2012-06-12 00:00:00";"2012-06-12 23:59:59";16;1052;20;10;0;<FLG>
V6155020;V615502001;HINnJ;1;"2012-06-13 00:00:00";"2012-06-13 23:00:00";16;1044;20;10;0;<FLG>
V6155020;V615502001;HINnJ;1;"2012-06-14 00:00:00";"2012-06-14 23:00:00";16;1036;20;10;0;<FLG>
V6155020;V615502001;HINnJ;1;"2012-06-15 00:00:00";"2012-06-15 22:00:00";16;1027;20;10;0;<FLG>
V6155020;V615502001;HINnJ;1;"2012-06-16 00:00:00";"2012-06-16 21:00:00";16;1020;20;10;0;<FLG>
V6155020;V615502001;HINnJ;1;"2012-06-17 00:00:00";"2012-06-17 21:00:00";16;1012;20;10;0;<FLG>
V6155020;V615502001;HINnJ;1;"2012-06-18 00:00:00";"2012-06-18 22:00:00";16;1004;20;10;0;<FLG>
V6155020;V615502001;HINnJ;1;"2012-06-19 00:00:00";"2012-06-19 21:00:00";16;997;20;10;0;<FLG>
V6155020;V615502001;HINnJ;1;"2012-06-20 00:00:00";"2012-06-20 23:59:59";16;991;20;10;0;<FLG>
V6155020;V615502001;HINnJ;1;"2012-06-21 00:00:00";"2012-06-21 21:00:00";16;985;20;10;0;<FLG>
V6155020;V615502001;HINnJ;1;"2012-06-22 00:00:00";"2012-06-22 21:00:00";16;978;20;10;0;<FLG>
V6155020;V615502001;HINnJ;1;"2012-06-23 00:00:00";"2012-06-23 19:00:00";16;971;20;10;0;<FLG>
V6155020;V615502001;HINnJ;1;"2012-06-24 00:00:00";"2012-06-24 13:00:00";16;965;20;10;0;<FLG>
V6155020;V615502001;HINnJ;1;"2012-06-25 00:00:00";"2012-06-25 14:00:00";16;958;20;10;0;<FLG>
V6155020;V615502001;HINnJ;1;"2012-06-26 00:00:00";"2012-06-26 15:00:00";16;952;20;10;0;<FLG>
V6155020;V615502001;HINnJ;1;"2012-06-27 00:00:00";"2012-06-27 13:00:00";16;947;20;10;0;<FLG>
V6155020;V615502001;HINnJ;1;"2012-06-28 00:00:00";"2012-06-28 14:00:00";16;941;20;10;0;<FLG>
V6155020;V615502001;HINnJ;1;"2012-06-29 00:00:00";"2012-06-29 19:00:00";16;936;20;10;0;<FLG>
V6155020;V615502001;HINnJ;1;"2012-06-30 00:00:00";"2012-06-30 14:00:00";16;931;20;10;0;<FLG>
V6155020;V615502001;HINnJ;1;"2012-07-01 00:00:00";"2012-07-01 21:00:00";16;924;20;10;0;<FLG>
V6155020;V615502001;HINnJ;1;"2012-07-02 00:00:00";"2012-07-02 13:00:00";16;921;20;10;0;<FLG>
V6155020;V615502001;HINnJ;1;"2012-07-03 00:00:00";"2012-07-03 15:00:00";16;917;20;10;0;<FLG>
V6155020;V615502001;HINnJ;1;"2012-07-04 00:00:00";"2012-07-04 10:00:00";16;913;20;10;0;<FLG>
V6155020;V615502001;HINnJ;1;"2012-07-05 00:00:00";"2012-07-05 10:00:00";16;909;20;10;0;<FLG>
V6155020;V615502001;HINnJ;1;"2012-07-06 00:00:00";"2012-07-06 14:00:00";16;904;20;10;0;<FLG>
V6155020;V615502001;HINnJ;1;"2012-07-07 00:00:00";"2012-07-07 16:00:00";16;899;20;10;0;<FLG>
V6155020;V615502001;HINnJ;1;"2012-07-08 00:00:00";"2012-07-08 16:00:00";16;894;20;10;0;<FLG>
V6155020;V615502001;HINnJ;1;"2012-07-09 00:00:00";"2012-07-09 11:00:00";16;890;20;10;0;<FLG>
V6155020;V615502001;HINnJ;1;"2012-07-10 00:00:00";"2012-07-10 11:00:00";16;886;20;10;0;<FLG>
V6155020;V615502001;HINnJ;1;"2012-07-11 00:00:00";"2012-07-11 12:00:00";16;881;20;10;0;<FLG>
V6155020;V615502001;HINnJ;1;"2012-07-12 00:00:00";"2012-07-12 14:00:00";16;876;20;10;0;<FLG>
V6155020;V615502001;HINnJ;1;"2012-07-13 00:00:00";"2012-07-13 10:00:00";16;873;20;10;0;<FLG>
V6155020;V615502001;HINnJ;1;"2012-07-14 00:00:00";"2012-07-14 18:00:00";16;869;20;10;0;<FLG>
V6155020;V615502001;HINnJ;1;"2012-07-15 00:00:00";"2012-07-15 09:00:00";16;865;20;10;0;<FLG>
V6155020;V615502001;HINnJ;1;"2012-07-16 00:00:00";"2012-07-16 10:00:00";16;860;20;10;0;<FLG>
V6155020;V615502001;HINnJ;1;"2012-07-17 00:00:00";"2012-07-17 08:00:00";16;856;20;10;0;<FLG>
V6155020;V615502001;HINnJ;1;"2012-07-18 00:00:00";"2012-07-18 11:00:00";16;853;20;10;0;<FLG>
V6155020;V615502001;HINnJ;1;"2012-07-19 00:00:00";"2012-07-19 13:00:00";16;849;20;10;0;<FLG>
V6155020;V615502001;HINnJ;1;"2012-07-20 00:00:00";"2012-07-20 16:00:00";16;846;20;10;0;<FLG>
V6155020;V615502001;HINnJ;1;"2012-07-21 00:00:00";"2012-07-21 15:00:00";16;841;20;10;0;<FLG>
V6155020;V615502001;HINnJ;1;"2012-07-22 00:00:00";"2012-07-22 14:00:00";16;838;20;10;0;<FLG>
V6155020;V615502001;HINnJ;1;"2012-07-23 00:00:00";"2012-07-23 21:00:00";16;834;20;10;0;<FLG>
V6155020;V615502001;HINnJ;1;"2012-07-24 00:00:00";"2012-07-24 19:00:00";16;831;20;10;0;<FLG>
V6155020;V615502001;HINnJ;1;"2012-07-25 00:00:00";"2012-07-25 15:00:00";16;827;20;10;0;<FLG>
V6155020;V615502001;HINnJ;1;"2012-07-26 00:00:00";"2012-07-26 17:00:00";16;823;20;10;0;<FLG>
V6155020;V615502001;HINnJ;1;"2012-07-27 00:00:00";"2012-07-27 18:00:00";16;819;20;10;0;<FLG>
V6155020;V615502001;HINnJ;1;"2012-07-28 00:00:00";"2012-07-28 12:00:00";16;816;20;10;0;<FLG>
V6155020;V615502001;HINnJ;1;"2012-07-29 00:00:00";"2012-07-29 11:00:00";16;812;20;10;0;<FLG>
V6155020;V615502001;HINnJ;1;"2012-07-30 00:00:00";"2012-07-30 10:00:00";16;808;20;10;0;<FLG>
V6155020;V615502001;HINnJ;1;"2012-07-31 00:00:00";"2012-07-31 10:00:00";16;805;20;10;0;<FLG>
V6155020;V615502001;HINnJ;1;"2012-08-01 00:00:00";"2012-08-01 10:00:00";16;803;20;10;0;<FLG>
V6155020;V615502001;HINnJ;1;"2012-08-02 00:00:00";"2012-08-02 09:00:00";16;801;20;10;0;<FLG>
V6155020;V615502001;HINnJ;1;"2012-08-03 00:00:00";"2012-08-03 11:00:00";16;798;20;10;0;<FLG>
V6155020;V615502001;HINnJ;1;"2012-08-04 00:00:00";"2012-08-04 11:00:00";16;795;20;10;0;<FLG>
V6155020;V615502001;HINnJ;1;"2012-08-05 00:00:00";"2012-08-05 08:00:00";16;794;20;10;0;<FLG>
V6155020;V615502001;HINnJ;1;"2012-08-06 00:00:00";"2012-08-06 13:00:00";16;790;20;10;0;<FLG>
V6155020;V615502001;HINnJ;1;"2012-08-07 00:00:00";"2012-08-07 12:00:00";16;787;20;10;0;<FLG>
V6155020;V615502001;HINnJ;1;"2012-08-08 00:00:00";"2012-08-08 06:00:00";16;785;20;10;0;<FLG>
V6155020;V615502001;HINnJ;1;"2012-08-09 00:00:00";"2012-08-09 21:00:00";16;782;20;10;0;<FLG>
V6155020;V615502001;HINnJ;1;"2012-08-10 00:00:00";"2012-08-10 05:00:00";16;781;20;10;0;<FLG>
V6155020;V615502001;HINnJ;1;"2012-08-11 00:00:00";"2012-08-11 09:00:00";16;778;20;10;0;<FLG>
V6155020;V615502001;HINnJ;1;"2012-08-12 00:00:00";"2012-08-12 06:00:00";16;777;20;10;0;<FLG>
V6155020;V615502001;HINnJ;1;"2012-08-13 00:00:00";"2012-08-13 08:00:00";16;774;20;10;0;<FLG>
V6155020;V615502001;HINnJ;1;"2012-08-14 00:00:00";"2012-08-14 08:00:00";16;772;20;10;0;<FLG>
V6155020;V615502001;HINnJ;1;"2012-08-15 00:00:00";"2012-08-15 10:00:00";16;769;20;10;0;<FLG>
V6155020;V615502001;HINnJ;1;"2012-08-16 00:00:00";"2012-08-16 10:00:00";16;767;20;10;0;<FLG>
V6155020;V615502001;HINnJ;1;"2012-08-17 00:00:00";"2012-08-17 09:00:00";16;764;20;10;0;<FLG>
V6155020;V615502001;HINnJ;1;"2012-08-18 00:00:00";"2012-08-18 11:00:00";16;761;20;10;0;<FLG>
V6155020;V615502001;HINnJ;1;"2012-08-19 00:00:00";"2012-08-19 05:00:00";16;761;20;10;0;<FLG>
V6155020;V615502001;HINnJ;1;"2012-08-20 00:00:00";"2012-08-20 05:00:00";16;758;20;10;0;<FLG>
V6155020;V615502001;HINnJ;1;"2012-08-21 00:00:00";"2012-08-21 12:00:00";16;757;20;10;0;<FLG>
V6155020;V615502001;HINnJ;1;"2012-08-22 00:00:00";"2012-08-22 05:00:00";16;754;20;10;0;<FLG>
V6155020;V615502001;HINnJ;1;"2012-08-23 00:00:00";"2012-08-23 10:00:00";16;753;20;10;0;<FLG>
V6155020;V615502001;HINnJ;1;"2012-08-24 00:00:00";"2012-08-24 09:00:00";16;751;20;10;0;<FLG>
V6155020;V615502001;HINnJ;1;"2012-08-25 00:00:00";"2012-08-25 06:00:00";16;749;20;10;0;<FLG>
V6155020;V615502001;HINnJ;1;"2012-08-26 00:00:00";"2012-08-26 08:00:00";16;746;20;10;0;<FLG>
V6155020;V615502001;HINnJ;1;"2012-08-27 00:00:00";"2012-08-27 23:59:59";16;741;20;10;0;<FLG>
V6155020;V615502001;HINnJ;1;"2012-08-28 00:00:00";"2012-08-28 10:00:00";16;739;20;10;0;<FLG>
V6155020;V615502001;HINnJ;1;"2012-08-29 00:00:00";"2012-08-29 21:00:00";16;737;20;10;0;<FLG>
V6155020;V615502001;HINnJ;1;"2012-08-30 00:00:00";"2012-08-30 20:00:00";16;735;20;10;0;<FLG>
V6155020;V615502001;HINnJ;1;"2012-08-31 00:00:00";"2012-08-31 11:00:00";16;734;20;10;0;<FLG>
V6155020;V615502001;HINnJ;1;"2012-09-01 00:00:00";"2012-09-01 20:00:00";16;735;20;10;0;<FLG>
V6155020;V615502001;HINnJ;1;"2012-09-02 00:00:00";"2012-09-02 21:00:00";16;731;20;10;0;<FLG>
V6155020;V615502001;HINnJ;1;"2012-09-03 00:00:00";"2012-09-03 13:00:00";16;730;20;10;0;<FLG>
V6155020;V615502001;HINnJ;1;"2012-09-04 00:00:00";"2012-09-04 01:00:00";16;730;20;10;0;<FLG>
V6155020;V615502001;HINnJ;1;"2012-09-05 00:00:00";"2012-09-05 23:59:59";16;726;20;10;0;<FLG>
V6155020;V615502001;HINnJ;1;"2012-09-06 00:00:00";"2012-09-06 20:00:00";16;722;20;10;0;<FLG>
V6155020;V615502001;HINnJ;1;"2012-09-07 00:00:00";"2012-09-07 01:00:00";16;722;20;10;0;<FLG>
V6155020;V615502001;HINnJ;1;"2012-09-08 00:00:00";"2012-09-08 21:00:00";16;719;20;10;0;<FLG>
V6155020;V615502001;HINnJ;1;"2012-09-09 00:00:00";"2012-09-09 23:00:00";16;716;20;10;0;<FLG>
V6155020;V615502001;HINnJ;1;"2012-09-10 00:00:00";"2012-09-10 21:00:00";16;715;20;10;0;<FLG>
V6155020;V615502001;HINnJ;1;"2012-09-11 00:00:00";"2012-09-11 21:00:00";16;713;20;10;0;<FLG>
V6155020;V615502001;HINnJ;1;"2012-09-12 00:00:00";"2012-09-12 20:00:00";16;711;20;10;0;<FLG>
V6155020;V615502001;HINnJ;1;"2012-09-13 00:00:00";"2012-09-13 01:00:00";16;711;20;10;0;<FLG>
V6155020;V615502001;HINnJ;1;"2012-09-14 00:00:00";"2012-09-14 22:00:00";16;710;20;10;0;<FLG>
V6155020;V615502001;HINnJ;1;"2012-09-15 00:00:00";"2012-09-15 23:59:59";16;706;20;10;0;<FLG>
V6155020;V615502001;HINnJ;1;"2012-09-16 00:00:00";"2012-09-16 21:00:00";16;704;20;10;0;<FLG>
V6155020;V615502001;HINnJ;1;"2012-09-17 00:00:00";"2012-09-17 01:00:00";16;704;20;10;0;<FLG>
V6155020;V615502001;HINnJ;1;"2012-09-18 00:00:00";"2012-09-18 22:00:00";16;701;20;10;0;<FLG>
V6155020;V615502001;HINnJ;1;"2012-09-19 00:00:00";"2012-09-19 23:00:00";16;698;20;10;0;<FLG>
V6155020;V615502001;HINnJ;1;"2012-09-20 00:00:00";"2012-09-20 01:00:00";16;698;20;10;0;<FLG>
V6155020;V615502001;HINnJ;1;"2012-09-21 00:00:00";"2012-09-21 19:00:00";16;696;20;10;0;<FLG>
V6155020;V615502001;HINnJ;1;"2012-09-22 00:00:00";"2012-09-22 20:00:00";16;693;20;10;0;<FLG>
V6155020;V615502001;HINnJ;1;"2012-09-23 00:00:00";"2012-09-23 02:00:00";16;693;20;10;0;<FLG>
V6155020;V615502001;HINnJ;1;"2012-09-24 00:00:00";"2012-09-24 01:00:00";16;696;20;10;0;<FLG>
V6155020;V615502001;HINnJ;1;"2012-09-25 00:00:00";"2012-09-25 20:00:00";16;697;20;10;0;<FLG>
V6155020;V615502001;HINnJ;1;"2012-09-26 00:00:00";"2012-09-26 11:00:00";16;696;20;10;0;<FLG>
V6155020;V615502001;HINnJ;1;"2012-09-27 00:00:00";"2012-09-27 00:00:00";16;699;20;10;0;<FLG>
V6155020;V615502001;HINnJ;1;"2012-09-28 00:00:00";"2012-09-28 20:00:00";16;705;20;10;0;<FLG>
V6155020;V615502001;HINnJ;1;"2012-09-29 00:00:00";"2012-09-29 11:00:00";16;703;20;10;0;<FLG>
V6155020;V615502001;HINnJ;1;"2012-09-30 00:00:00";"2012-09-30 00:00:00";16;709;20;10;0;<FLG>
V6155020;V615502001;HINnJ;1;"2012-10-01 00:00:00";"2012-10-01 21:00:00";16;719;20;10;0;<FLG>
V6155020;V615502001;HINnJ;1;"2012-10-02 00:00:00";"2012-10-02 23:59:59";16;713;20;10;0;<FLG>
V6155020;V615502001;HINnJ;1;"2012-10-03 00:00:00";"2012-10-03 21:00:00";16;708;20;10;0;<FLG>
V6155020;V615502001;HINnJ;1;"2012-10-04 00:00:00";"2012-10-04 22:00:00";16;701;20;10;0;<FLG>
V6155020;V615502001;HINnJ;1;"2012-10-05 00:00:00";"2012-10-05 23:00:00";16;693;20;10;0;<FLG>
V6155020;V615502001;HINnJ;1;"2012-10-06 00:00:00";"2012-10-06 21:00:00";16;690;20;10;0;<FLG>
V6155020;V615502001;HINnJ;1;"2012-10-07 00:00:00";"2012-10-07 22:00:00";16;689;20;10;0;<FLG>
V6155020;V615502001;HINnJ;1;"2012-10-08 00:00:00";"2012-10-08 23:59:59";16;686;20;10;0;<FLG>
V6155020;V615502001;HINnJ;1;"2012-10-09 00:00:00";"2012-10-09 19:00:00";16;682;20;10;0;<FLG>
V6155020;V615502001;HINnJ;1;"2012-10-10 00:00:00";"2012-10-10 21:00:00";16;681;20;10;0;<FLG>
V6155020;V615502001;HINnJ;1;"2012-10-11 00:00:00";"2012-10-11 18:00:00";16;679;20;10;0;<FLG>
V6155020;V615502001;HINnJ;1;"2012-10-12 00:00:00";"2012-10-12 19:00:00";16;676;20;10;0;<FLG>
V6155020;V615502001;HINnJ;1;"2012-10-13 00:00:00";"2012-10-13 22:00:00";16;675;20;10;0;<FLG>
V6155020;V615502001;HINnJ;1;"2012-10-14 00:00:00";"2012-10-14 21:00:00";16;673;20;10;0;<FLG>
V6155020;V615502001;HINnJ;1;"2012-10-15 00:00:00";"2012-10-15 20:00:00";16;669;20;10;0;<FLG>
V6155020;V615502001;HINnJ;1;"2012-10-16 00:00:00";"2012-10-16 01:00:00";16;668;20;10;0;<FLG>
V6155020;V615502001;HINnJ;1;"2012-10-17 00:00:00";"2012-10-17 23:59:59";16;663;20;10;0;<FLG>
V6155020;V615502001;HINnJ;1;"2012-10-18 00:00:00";"2012-10-18 20:00:00";16;661;20;10;0;<FLG>
V6155020;V615502001;HINnJ;1;"2012-10-19 00:00:00";"2012-10-19 02:00:00";16;661;20;10;0;<FLG>
V6155020;V615502001;HINnJ;1;"2012-10-20 00:00:00";"2012-10-20 19:00:00";16;657;20;10;0;<FLG>
V6155020;V615502001;HINnJ;1;"2012-10-21 00:00:00";"2012-10-21 21:00:00";16;652;20;10;0;<FLG>
V6155020;V615502001;HINnJ;1;"2012-10-22 00:00:00";"2012-10-22 04:00:00";16;652;20;10;0;<FLG>
V6155020;V615502001;HINnJ;1;"2012-10-23 00:00:00";"2012-10-23 00:00:00";16;683;20;10;0;<FLG>
V6155020;V615502001;HINnJ;1;"2012-10-24 00:00:00";"2012-10-24 23:00:00";16;690;20;10;0;<FLG>
V6155020;V615502001;HINnJ;1;"2012-10-25 00:00:00";"2012-10-25 21:00:00";16;686;20;10;0;<FLG>
V6155020;V615502001;HINnJ;1;"2012-10-26 00:00:00";"2012-10-26 01:00:00";16;687;20;10;0;<FLG>
V6155020;V615502001;HINnJ;1;"2012-10-27 00:00:00";"2012-10-27 00:00:00";16;710;20;10;0;<FLG>
V6155020;V615502001;HINnJ;1;"2012-10-28 00:00:00";"2012-10-28 23:59:59";16;863;20;10;0;<FLG>
V6155020;V615502001;HINnJ;1;"2012-10-29 00:00:00";"2012-10-29 23:59:59";16;828;20;10;0;<FLG>
V6155020;V615502001;HINnJ;1;"2012-10-30 00:00:00";"2012-10-30 23:59:59";16;799;20;10;0;<FLG>
V6155020;V615502001;HINnJ;1;"2012-10-31 00:00:00";"2012-10-31 21:00:00";16;784;20;10;0;<FLG>
V6155020;V615502001;HINnJ;1;"2012-11-01 00:00:00";"2012-11-01 00:00:00";16;784;20;10;0;<FLG>
V6155020;V615502001;HINnJ;1;"2012-11-02 00:00:00";"2012-11-02 23:59:59";16;837;20;10;0;<FLG>
V6155020;V615502001;HINnJ;1;"2012-11-03 00:00:00";"2012-11-03 22:00:00";16;826;20;10;0;<FLG>
V6155020;V615502001;HINnJ;1;"2012-11-04 00:00:00";"2012-11-04 02:00:00";16;824;20;10;0;<FLG>
V6155020;V615502001;HINnJ;1;"2012-11-05 00:00:00";"2012-11-05 00:00:00";16;868;20;10;0;<FLG>
V6155020;V615502001;HINnJ;1;"2012-11-06 00:00:00";"2012-11-06 00:00:00";16;1015;20;10;0;<FLG>
V6155020;V615502001;HINnJ;1;"2012-11-07 00:00:00";"2012-11-07 23:59:59";16;1014;20;10;0;<FLG>
V6155020;V615502001;HINnJ;1;"2012-11-08 00:00:00";"2012-11-08 23:59:59";16;993;20;10;0;<FLG>
V6155020;V615502001;HINnJ;1;"2012-11-09 00:00:00";"2012-11-09 23:59:59";16;964;20;10;0;<FLG>
V6155020;V615502001;HINnJ;1;"2012-11-10 00:00:00";"2012-11-10 13:00:00";16;954;20;10;0;<FLG>
V6155020;V615502001;HINnJ;1;"2012-11-11 00:00:00";"2012-11-11 00:00:00";16;1095;20;10;0;<FLG>
V6155020;V615502001;HINnJ;1;"2012-11-12 00:00:00";"2012-11-12 00:00:00";16;1389;20;10;0;<FLG>
V6155020;V615502001;HINnJ;1;"2012-11-13 00:00:00";"2012-11-13 23:59:59";16;1408;20;10;0;<FLG>
V6155020;V615502001;HINnJ;1;"2012-11-14 00:00:00";"2012-11-14 23:59:59";16;1370;20;10;0;<FLG>
V6155020;V615502001;HINnJ;1;"2012-11-15 00:00:00";"2012-11-15 23:59:59";16;1322;20;10;0;<FLG>
V6155020;V615502001;HINnJ;1;"2012-11-16 00:00:00";"2012-11-16 23:59:59";16;1273;20;10;0;<FLG>
V6155020;V615502001;HINnJ;1;"2012-11-17 00:00:00";"2012-11-17 23:59:59";16;1217;20;10;0;<FLG>
V6155020;V615502001;HINnJ;1;"2012-11-18 00:00:00";"2012-11-18 23:59:59";16;1157;20;10;0;<FLG>
V6155020;V615502001;HINnJ;1;"2012-11-19 00:00:00";"2012-11-19 23:59:59";16;1134;20;10;0;<FLG>
V6155020;V615502001;HINnJ;1;"2012-11-20 00:00:00";"2012-11-20 23:59:59";16;1117;20;10;0;<FLG>
V6155020;V615502001;HINnJ;1;"2012-11-21 00:00:00";"2012-11-21 23:00:00";16;1096;20;10;0;<FLG>
V6155020;V615502001;HINnJ;1;"2012-11-22 00:00:00";"2012-11-22 23:00:00";16;1082;20;10;0;<FLG>
V6155020;V615502001;HINnJ;1;"2012-11-23 00:00:00";"2012-11-23 23:00:00";16;1065;20;10;0;<FLG>
V6155020;V615502001;HINnJ;1;"2012-11-24 00:00:00";"2012-11-24 23:00:00";16;1052;20;10;0;<FLG>
V6155020;V615502001;HINnJ;1;"2012-11-25 00:00:00";"2012-11-25 23:59:59";16;1039;20;10;0;<FLG>
V6155020;V615502001;HINnJ;1;"2012-11-26 00:00:00";"2012-11-26 21:00:00";16;1030;20;10;0;<FLG>
V6155020;V615502001;HINnJ;1;"2012-11-27 00:00:00";"2012-11-27 01:00:00";16;1031;20;10;0;<FLG>
V6155020;V615502001;HINnJ;1;"2012-11-28 00:00:00";"2012-11-28 00:00:00";16;1308;20;10;0;<FLG>
V6155020;V615502001;HINnJ;1;"2012-11-29 00:00:00";"2012-11-29 00:00:00";16;1513;20;10;0;<FLG>
V6155020;V615502001;HINnJ;1;"2012-11-30 00:00:00";"2012-11-30 22:00:00";16;1548;20;10;0;<FLG>
V6155020;V615502001;HINnJ;1;"2012-12-01 00:00:00";"2012-12-01 23:59:59";16;1526;20;10;0;<FLG>
V6155020;V615502001;HINnJ;1;"2012-12-02 00:00:00";"2012-12-02 23:00:00";16;1504;20;10;0;<FLG>
V6155020;V615502001;HINnJ;1;"2012-12-03 00:00:00";"2012-12-03 23:00:00";16;1475;20;10;0;<FLG>
V6155020;V615502001;HINnJ;1;"2012-12-04 00:00:00";"2012-12-04 23:59:59";16;1438;20;10;0;<FLG>
V6155020;V615502001;HINnJ;1;"2012-12-05 00:00:00";"2012-12-05 23:59:59";16;1397;20;10;0;<FLG>
V6155020;V615502001;HINnJ;1;"2012-12-06 00:00:00";"2012-12-06 23:59:59";16;1351;20;10;0;<FLG>
V6155020;V615502001;HINnJ;1;"2012-12-07 00:00:00";"2012-12-07 23:59:59";16;1306;20;10;0;<FLG>
V6155020;V615502001;HINnJ;1;"2012-12-08 00:00:00";"2012-12-08 23:59:59";16;1262;20;10;0;<FLG>
V6155020;V615502001;HINnJ;1;"2012-12-09 00:00:00";"2012-12-09 23:59:59";16;1228;20;10;0;<FLG>
V6155020;V615502001;HINnJ;1;"2012-12-10 00:00:00";"2012-12-10 23:00:00";16;1202;20;10;0;<FLG>
V6155020;V615502001;HINnJ;1;"2012-12-11 00:00:00";"2012-12-11 23:00:00";16;1178;20;10;0;<FLG>
V6155020;V615502001;HINnJ;1;"2012-12-12 00:00:00";"2012-12-12 23:59:59";16;1157;20;10;0;<FLG>
V6155020;V615502001;HINnJ;1;"2012-12-13 00:00:00";"2012-12-13 21:00:00";16;1144;20;10;0;<FLG>
V6155020;V615502001;HINnJ;1;"2012-12-14 00:00:00";"2012-12-14 17:00:00";16;1142;20;10;0;<FLG>
V6155020;V615502001;HINnJ;1;"2012-12-15 00:00:00";"2012-12-15 00:00:00";16;1169;20;10;0;<FLG>
V6155020;V615502001;HINnJ;1;"2012-12-16 00:00:00";"2012-12-16 00:00:00";16;1357;20;10;0;<FLG>
V6155020;V615502001;HINnJ;1;"2012-12-17 00:00:00";"2012-12-17 01:00:00";16;1407;20;10;0;<FLG>
V6155020;V615502001;HINnJ;1;"2012-12-18 00:00:00";"2012-12-18 23:59:59";16;1404;20;10;0;<FLG>
V6155020;V615502001;HINnJ;1;"2012-12-19 00:00:00";"2012-12-19 23:59:59";16;1390;20;10;0;<FLG>
V6155020;V615502001;HINnJ;1;"2012-12-20 00:00:00";"2012-12-20 23:00:00";16;1372;20;10;0;<FLG>
V6155020;V615502001;HINnJ;1;"2012-12-21 00:00:00";"2012-12-21 23:00:00";16;1357;20;10;0;<FLG>
V6155020;V615502001;HINnJ;1;"2012-12-22 00:00:00";"2012-12-22 23:00:00";16;1340;20;10;0;<FLG>
V6155020;V615502001;HINnJ;1;"2012-12-23 00:00:00";"2012-12-23 23:59:59";16;1322;20;10;0;<FLG>
V6155020;V615502001;HINnJ;1;"2012-12-24 00:00:00";"2012-12-24 21:00:00";16;1306;20;10;0;<FLG>
V6155020;V615502001;HINnJ;1;"2012-12-25 00:00:00";"2012-12-25 23:00:00";16;1292;20;10;0;<FLG>
V6155020;V615502001;HINnJ;1;"2012-12-26 00:00:00";"2012-12-26 23:00:00";16;1279;20;10;0;<FLG>
V6155020;V615502001;HINnJ;1;"2012-12-27 00:00:00";"2012-12-27 23:59:59";16;1265;20;10;0;<FLG>
V6155020;V615502001;HINnJ;1;"2012-12-28 00:00:00";"2012-12-28 23:59:59";16;1246;20;10;0;<FLG>
V6155020;V615502001;HINnJ;1;"2012-12-29 00:00:00";"2012-12-29 23:59:59";16;1228;20;10;0;<FLG>
V6155020;V615502001;HINnJ;1;"2012-12-30 00:00:00";"2012-12-30 23:59:59";16;1210;20;10;0;<FLG>
V6155020;V615502001;HINnJ;1;"2012-12-31 00:00:00";"2012-12-31 23:59:59";16;1194;20;10;0;<FLG>
V6155020;V615502001;HINnJ;1;"2013-01-01 00:00:00";"2013-01-01 23:59:59";16;1179;20;10;0;<FLG>
V6155020;V615502001;HINnJ;1;"2013-01-02 00:00:00";"2013-01-02 23:59:59";16;1164;20;10;0;<FLG>
V6155020;V615502001;HINnJ;1;"2013-01-03 00:00:00";"2013-01-03 23:59:59";16;1147;20;10;0;<FLG>
V6155020;V615502001;HINnJ;1;"2013-01-04 00:00:00";"2013-01-04 19:00:00";16;1139;20;10;0;<FLG>
V6155020;V615502001;HINnJ;1;"2013-01-05 00:00:00";"2013-01-05 18:00:00";16;1134;20;10;0;<FLG>
V6155020;V615502001;HINnJ;1;"2013-01-06 00:00:00";"2013-01-06 22:00:00";16;1128;20;10;0;<FLG>
V6155020;V615502001;HINnJ;1;"2013-01-07 00:00:00";"2013-01-07 22:00:00";16;1122;20;10;0;<FLG>
V6155020;V615502001;HINnJ;1;"2013-01-08 00:00:00";"2013-01-08 23:59:59";16;1116;20;10;0;<FLG>
V6155020;V615502001;HINnJ;1;"2013-01-09 00:00:00";"2013-01-09 22:00:00";16;1111;20;10;0;<FLG>
V6155020;V615502001;HINnJ;1;"2013-01-10 00:00:00";"2013-01-10 22:00:00";16;1106;20;10;0;<FLG>
V6155020;V615502001;HINnJ;1;"2013-01-11 00:00:00";"2013-01-11 23:00:00";16;1101;20;10;0;<FLG>
V6155020;V615502001;HINnJ;1;"2013-01-12 00:00:00";"2013-01-12 20:00:00";16;1096;20;10;0;<FLG>
V6155020;V615502001;HINnJ;1;"2013-01-13 00:00:00";"2013-01-13 23:59:59";16;1090;20;10;0;<FLG>
V6155020;V615502001;HINnJ;1;"2013-01-14 00:00:00";"2013-01-14 23:59:59";16;1084;20;10;0;<FLG>
V6155020;V615502001;HINnJ;1;"2013-01-15 00:00:00";"2013-01-15 18:00:00";16;1079;20;10;0;<FLG>
V6155020;V615502001;HINnJ;1;"2013-01-16 00:00:00";"2013-01-16 21:00:00";16;1072;20;10;0;<FLG>
V6155020;V615502001;HINnJ;1;"2013-01-17 00:00:00";"2013-01-17 22:00:00";16;1066;20;10;0;<FLG>
V6155020;V615502001;HINnJ;1;"2013-01-18 00:00:00";"2013-01-18 23:00:00";16;1060;20;10;0;<FLG>
V6155020;V615502001;HINnJ;1;"2013-01-19 00:00:00";"2013-01-19 19:00:00";16;1056;20;10;0;<FLG>
V6155020;V615502001;HINnJ;1;"2013-01-20 00:00:00";"2013-01-20 01:00:00";16;1056;20;10;0;<FLG>
V6155020;V615502001;HINnJ;1;"2013-01-21 00:00:00";"2013-01-21 00:00:00";16;1145;20;10;0;<FLG>
V6155020;V615502001;HINnJ;1;"2013-01-22 00:00:00";"2013-01-22 00:00:00";16;1308;20;10;0;<FLG>
V6155020;V615502001;HINnJ;1;"2013-01-23 00:00:00";"2013-01-23 23:59:59";16;1318;20;10;0;<FLG>
V6155020;V615502001;HINnJ;1;"2013-01-24 00:00:00";"2013-01-24 23:59:59";16;1295;20;10;0;<FLG>
V6155020;V615502001;HINnJ;1;"2013-01-25 00:00:00";"2013-01-25 23:59:59";16;1266;20;10;0;<FLG>
V6155020;V615502001;HINnJ;1;"2013-01-26 00:00:00";"2013-01-26 23:59:59";16;1232;20;10;0;<FLG>
V6155020;V615502001;HINnJ;1;"2013-01-27 00:00:00";"2013-01-27 22:00:00";16;1204;20;10;0;<FLG>
V6155020;V615502001;HINnJ;1;"2013-01-28 00:00:00";"2013-01-28 23:59:59";16;1182;20;10;0;<FLG>
V6155020;V615502001;HINnJ;1;"2013-01-29 00:00:00";"2013-01-29 23:00:00";16;1162;20;10;0;<FLG>
V6155020;V615502001;HINnJ;1;"2013-01-30 00:00:00";"2013-01-30 23:59:59";16;1147;20;10;0;<FLG>
V6155020;V615502001;HINnJ;1;"2013-01-31 00:00:00";"2013-01-31 20:00:00";16;1140;20;10;0;<FLG>
V6155020;V615502001;HINnJ;1;"2013-02-01 00:00:00";"2013-02-01 20:00:00";16;1137;20;10;0;<FLG>
V6155020;V615502001;HINnJ;1;"2013-02-02 00:00:00";"2013-02-02 18:00:00";16;1136;20;10;0;<FLG>
V6155020;V615502001;HINnJ;1;"2013-02-03 00:00:00";"2013-02-03 21:00:00";16;1135;20;10;0;<FLG>
V6155020;V615502001;HINnJ;1;"2013-02-04 00:00:00";"2013-02-04 18:00:00";16;1132;20;10;0;<FLG>
V6155020;V615502001;HINnJ;1;"2013-02-05 00:00:00";"2013-02-05 18:00:00";16;1128;20;10;0;<FLG>
V6155020;V615502001;HINnJ;1;"2013-02-06 00:00:00";"2013-02-06 20:00:00";16;1124;20;10;0;<FLG>
V6155020;V615502001;HINnJ;1;"2013-02-07 00:00:00";"2013-02-07 18:00:00";16;1119;20;10;0;<FLG>
V6155020;V615502001;HINnJ;1;"2013-02-08 00:00:00";"2013-02-08 22:00:00";16;1114;20;10;0;<FLG>
V6155020;V615502001;HINnJ;1;"2013-02-09 00:00:00";"2013-02-09 21:00:00";16;1108;20;10;0;<FLG>
V6155020;V615502001;HINnJ;1;"2013-02-10 00:00:00";"2013-02-10 22:00:00";16;1103;20;10;0;<FLG>
V6155020;V615502001;HINnJ;1;"2013-02-11 00:00:00";"2013-02-11 21:00:00";16;1097;20;10;0;<FLG>
V6155020;V615502001;HINnJ;1;"2013-02-12 00:00:00";"2013-02-12 18:00:00";16;1093;20;10;0;<FLG>
V6155020;V615502001;HINnJ;1;"2013-02-13 00:00:00";"2013-02-13 23:00:00";16;1087;20;10;0;<FLG>
V6155020;V615502001;HINnJ;1;"2013-02-14 00:00:00";"2013-02-14 23:00:00";16;1080;20;10;0;<FLG>
V6155020;V615502001;HINnJ;1;"2013-02-15 00:00:00";"2013-02-15 20:00:00";16;1074;20;10;0;<FLG>
V6155020;V615502001;HINnJ;1;"2013-02-16 00:00:00";"2013-02-16 18:00:00";16;1071;20;10;0;<FLG>
V6155020;V615502001;HINnJ;1;"2013-02-17 00:00:00";"2013-02-17 22:00:00";16;1068;20;10;0;<FLG>
V6155020;V615502001;HINnJ;1;"2013-02-18 00:00:00";"2013-02-18 21:00:00";16;1066;20;10;0;<FLG>
V6155020;V615502001;HINnJ;1;"2013-02-19 00:00:00";"2013-02-19 21:00:00";16;1064;20;10;0;<FLG>
V6155020;V615502001;HINnJ;1;"2013-02-20 00:00:00";"2013-02-20 23:00:00";16;1063;20;10;0;<FLG>
V6155020;V615502001;HINnJ;1;"2013-02-21 00:00:00";"2013-02-21 01:00:00";16;1063;20;10;0;<FLG>
V6155020;V615502001;HINnJ;1;"2013-02-22 00:00:00";"2013-02-22 01:00:00";16;1064;20;10;0;<FLG>
V6155020;V615502001;HINnJ;1;"2013-02-23 00:00:00";"2013-02-23 22:00:00";16;1065;20;10;0;<FLG>
V6155020;V615502001;HINnJ;1;"2013-02-24 00:00:00";"2013-02-24 22:00:00";16;1063;20;10;0;<FLG>
V6155020;V615502001;HINnJ;1;"2013-02-25 00:00:00";"2013-02-25 21:00:00";16;1058;20;10;0;<FLG>
V6155020;V615502001;HINnJ;1;"2013-02-26 00:00:00";"2013-02-26 23:00:00";16;1052;20;10;0;<FLG>
V6155020;V615502001;HINnJ;1;"2013-02-27 00:00:00";"2013-02-27 23:59:59";16;1046;20;10;0;<FLG>
V6155020;V615502001;HINnJ;1;"2013-02-28 00:00:00";"2013-02-28 22:00:00";16;1042;20;10;0;<FLG>
V6155020;V615502001;HINnJ;1;"2013-03-01 00:00:00";"2013-03-01 21:00:00";16;1039;20;10;0;<FLG>
V6155020;V615502001;HINnJ;1;"2013-03-02 00:00:00";"2013-03-02 23:00:00";16;1035;20;10;0;<FLG>
V6155020;V615502001;HINnJ;1;"2013-03-03 00:00:00";"2013-03-03 01:00:00";16;1035;20;10;0;<FLG>
V6155020;V615502001;HINnJ;1;"2013-03-04 00:00:00";"2013-03-04 04:00:00";16;1034;20;10;0;<FLG>
V6155020;V615502001;HINnJ;1;"2013-03-05 00:00:00";"2013-03-05 00:00:00";16;1037;20;10;0;<FLG>
V6155020;V615502001;HINnJ;1;"2013-03-06 00:00:00";"2013-03-06 00:00:00";16;1045;20;10;0;<FLG>
V6155020;V615502001;HINnJ;1;"2013-03-07 00:00:00";"2013-03-07 00:00:00";16;1105;20;10;0;<FLG>
V6155020;V615502001;HINnJ;1;"2013-03-08 00:00:00";"2013-03-08 00:00:00";16;1305;20;10;0;<FLG>
V6155020;V615502001;HINnJ;1;"2013-03-09 00:00:00";"2013-03-09 00:00:00";16;1432;20;10;0;<FLG>
V6155020;V615502001;HINnJ;1;"2013-03-10 00:00:00";"2013-03-10 00:00:00";16;1487;20;10;0;<FLG>
V6155020;V615502001;HINnJ;1;"2013-03-11 00:00:00";"2013-03-11 22:00:00";16;1481;20;10;0;<FLG>
V6155020;V615502001;HINnJ;1;"2013-03-12 00:00:00";"2013-03-12 23:00:00";16;1462;20;10;0;<FLG>
V6155020;V615502001;HINnJ;1;"2013-03-13 00:00:00";"2013-03-13 23:59:59";16;1437;20;10;0;<FLG>
V6155020;V615502001;HINnJ;1;"2013-03-14 00:00:00";"2013-03-14 23:59:59";16;1407;20;10;0;<FLG>
V6155020;V615502001;HINnJ;1;"2013-03-15 00:00:00";"2013-03-15 23:59:59";16;1371;20;10;0;<FLG>
V6155020;V615502001;HINnJ;1;"2013-03-16 00:00:00";"2013-03-16 23:59:59";16;1337;20;10;0;<FLG>
V6155020;V615502001;HINnJ;1;"2013-03-17 00:00:00";"2013-03-17 23:59:59";16;1304;20;10;0;<FLG>
V6155020;V615502001;HINnJ;1;"2013-03-18 00:00:00";"2013-03-18 05:00:00";16;1298;20;10;0;<FLG>
V6155020;V615502001;HINnJ;1;"2013-03-19 00:00:00";"2013-03-19 00:00:00";16;1346;20;10;0;<FLG>
V6155020;V615502001;HINnJ;1;"2013-03-20 00:00:00";"2013-03-20 00:00:00";16;1385;20;10;0;<FLG>
V6155020;V615502001;HINnJ;1;"2013-03-21 00:00:00";"2013-03-21 23:59:59";16;1383;20;10;0;<FLG>
V6155020;V615502001;HINnJ;1;"2013-03-22 00:00:00";"2013-03-22 22:00:00";16;1375;20;10;0;<FLG>
V6155020;V615502001;HINnJ;1;"2013-03-23 00:00:00";"2013-03-23 21:00:00";16;1366;20;10;0;<FLG>
V6155020;V615502001;HINnJ;1;"2013-03-24 00:00:00";"2013-03-24 05:00:00";16;1364;20;10;0;<FLG>
V6155020;V615502001;HINnJ;1;"2013-03-25 00:00:00";"2013-03-25 00:00:00";16;1406;20;10;0;<FLG>
V6155020;V615502001;HINnJ;1;"2013-03-26 00:00:00";"2013-03-26 00:00:00";16;1469;20;10;0;<FLG>
V6155020;V615502001;HINnJ;1;"2013-03-27 00:00:00";"2013-03-27 23:00:00";16;1477;20;10;0;<FLG>
V6155020;V615502001;HINnJ;1;"2013-03-28 00:00:00";"2013-03-28 20:00:00";16;1469;20;10;0;<FLG>
V6155020;V615502001;HINnJ;1;"2013-03-29 00:00:00";"2013-03-29 00:00:00";16;1469;20;10;0;<FLG>
V6155020;V615502001;HINnJ;1;"2013-03-30 00:00:00";"2013-03-30 00:00:00";16;1501;20;10;0;<FLG>
V6155020;V615502001;HINnJ;1;"2013-03-31 00:00:00";"2013-03-31 00:00:00";16;1546;20;10;0;<FLG>
V6155020;V615502001;HINnJ;1;"2013-04-01 00:00:00";"2013-04-01 23:59:59";16;1565;20;10;0;<FLG>
V6155020;V615502001;HINnJ;1;"2013-04-02 00:00:00";"2013-04-02 23:59:59";16;1558;20;10;0;<FLG>
V6155020;V615502001;HINnJ;1;"2013-04-03 00:00:00";"2013-04-03 23:00:00";16;1545;20;10;0;<FLG>
V6155020;V615502001;HINnJ;1;"2013-04-04 00:00:00";"2013-04-04 23:59:59";16;1527;20;10;0;<FLG>
V6155020;V615502001;HINnJ;1;"2013-04-05 00:00:00";"2013-04-05 23:59:59";16;1507;20;10;0;<FLG>
V6155020;V615502001;HINnJ;1;"2013-04-06 00:00:00";"2013-04-06 23:59:59";16;1483;20;10;0;<FLG>
V6155020;V615502001;HINnJ;1;"2013-04-07 00:00:00";"2013-04-07 23:59:59";16;1457;20;10;0;<FLG>
V6155020;V615502001;HINnJ;1;"2013-04-08 00:00:00";"2013-04-08 23:59:59";16;1430;20;10;0;<FLG>
V6155020;V615502001;HINnJ;1;"2013-04-09 00:00:00";"2013-04-09 23:00:00";16;1407;20;10;0;<FLG>
V6155020;V615502001;HINnJ;1;"2013-04-10 00:00:00";"2013-04-10 23:59:59";16;1381;20;10;0;<FLG>
V6155020;V615502001;HINnJ;1;"2013-04-11 00:00:00";"2013-04-11 23:59:59";16;1357;20;10;0;<FLG>
V6155020;V615502001;HINnJ;1;"2013-04-12 00:00:00";"2013-04-12 23:00:00";16;1338;20;10;0;<FLG>
V6155020;V615502001;HINnJ;1;"2013-04-13 00:00:00";"2013-04-13 23:59:59";16;1322;20;10;0;<FLG>
V6155020;V615502001;HINnJ;1;"2013-04-14 00:00:00";"2013-04-14 23:00:00";16;1308;20;10;0;<FLG>
V6155020;V615502001;HINnJ;1;"2013-04-15 00:00:00";"2013-04-15 22:00:00";16;1296;20;10;0;<FLG>
V6155020;V615502001;HINnJ;1;"2013-04-16 00:00:00";"2013-04-16 23:00:00";16;1284;20;10;0;<FLG>
V6155020;V615502001;HINnJ;1;"2013-04-17 00:00:00";"2013-04-17 23:00:00";16;1273;20;10;0;<FLG>
V6155020;V615502001;HINnJ;1;"2013-04-18 00:00:00";"2013-04-18 23:59:59";16;1264;20;10;0;<FLG>
V6155020;V615502001;HINnJ;1;"2013-04-19 00:00:00";"2013-04-19 23:00:00";16;1255;20;10;0;<FLG>
V6155020;V615502001;HINnJ;1;"2013-04-20 00:00:00";"2013-04-20 22:00:00";16;1247;20;10;0;<FLG>
V6155020;V615502001;HINnJ;1;"2013-04-21 00:00:00";"2013-04-21 23:59:59";16;1236;20;10;0;<FLG>
V6155020;V615502001;HINnJ;1;"2013-04-22 00:00:00";"2013-04-22 23:00:00";16;1223;20;10;0;<FLG>
V6155020;V615502001;HINnJ;1;"2013-04-23 00:00:00";"2013-04-23 23:59:59";16;1207;20;10;0;<FLG>
V6155020;V615502001;HINnJ;1;"2013-04-24 00:00:00";"2013-04-24 23:00:00";16;1195;20;10;0;<FLG>
V6155020;V615502001;HINnJ;1;"2013-04-25 00:00:00";"2013-04-25 22:00:00";16;1184;20;10;0;<FLG>
V6155020;V615502001;HINnJ;1;"2013-04-26 00:00:00";"2013-04-26 23:00:00";16;1177;20;10;0;<FLG>
V6155020;V615502001;HINnJ;1;"2013-04-27 00:00:00";"2013-04-27 03:00:00";16;1177;20;10;0;<FLG>
V6155020;V615502001;HINnJ;1;"2013-04-28 00:00:00";"2013-04-28 00:00:00";16;1209;20;10;0;<FLG>
V6155020;V615502001;HINnJ;1;"2013-04-29 00:00:00";"2013-04-29 00:00:00";16;1281;20;10;0;<FLG>
V6155020;V615502001;HINnJ;1;"2013-04-30 00:00:00";"2013-04-30 00:00:00";16;1332;20;10;0;<FLG>
V6155020;V615502001;HINnJ;1;"2013-05-01 00:00:00";"2013-05-01 00:00:00";16;1467;20;10;0;<FLG>
V6155020;V615502001;HINnJ;1;"2013-05-02 00:00:00";"2013-05-02 00:00:00";16;1500;20;10;0;<FLG>
V6155020;V615502001;HINnJ;1;"2013-05-03 00:00:00";"2013-05-03 23:59:59";16;1492;20;10;0;<FLG>
V6155020;V615502001;HINnJ;1;"2013-05-04 00:00:00";"2013-05-04 23:00:00";16;1477;20;10;0;<FLG>
V6155020;V615502001;HINnJ;1;"2013-05-05 00:00:00";"2013-05-05 23:00:00";16;1458;20;10;0;<FLG>
V6155020;V615502001;HINnJ;1;"2013-05-06 00:00:00";"2013-05-06 23:59:59";16;1438;20;10;0;<FLG>
V6155020;V615502001;HINnJ;1;"2013-05-07 00:00:00";"2013-05-07 23:59:59";16;1414;20;10;0;<FLG>
V6155020;V615502001;HINnJ;1;"2013-05-08 00:00:00";"2013-05-08 23:00:00";16;1391;20;10;0;<FLG>
V6155020;V615502001;HINnJ;1;"2013-05-09 00:00:00";"2013-05-09 23:59:59";16;1367;20;10;0;<FLG>
V6155020;V615502001;HINnJ;1;"2013-05-10 00:00:00";"2013-05-10 23:59:59";16;1344;20;10;0;<FLG>
V6155020;V615502001;HINnJ;1;"2013-05-11 00:00:00";"2013-05-11 23:59:59";16;1323;20;10;0;<FLG>
V6155020;V615502001;HINnJ;1;"2013-05-12 00:00:00";"2013-05-12 23:59:59";16;1304;20;10;0;<FLG>
V6155020;V615502001;HINnJ;1;"2013-05-13 00:00:00";"2013-05-13 23:59:59";16;1288;20;10;0;<FLG>
V6155020;V615502001;HINnJ;1;"2013-05-14 00:00:00";"2013-05-14 23:00:00";16;1275;20;10;0;<FLG>
V6155020;V615502001;HINnJ;1;"2013-05-15 00:00:00";"2013-05-15 23:59:59";16;1264;20;10;0;<FLG>
V6155020;V615502001;HINnJ;1;"2013-05-16 00:00:00";"2013-05-16 23:59:59";16;1256;20;10;0;<FLG>
V6155020;V615502001;HINnJ;1;"2013-05-17 00:00:00";"2013-05-17 02:00:00";16;1255;20;10;0;<FLG>
V6155020;V615502001;HINnJ;1;"2013-05-18 00:00:00";"2013-05-18 01:00:00";16;1257;20;10;0;<FLG>
V6155020;V615502001;HINnJ;1;"2013-05-19 00:00:00";"2013-05-19 00:00:00";16;1425;20;10;0;<FLG>
V6155020;V615502001;HINnJ;1;"2013-05-20 00:00:00";"2013-05-20 00:00:00";16;1569;20;10;0;<FLG>
V6155020;V615502001;HINnJ;1;"2013-05-21 00:00:00";"2013-05-21 01:00:00";16;1605;20;10;0;<FLG>
V6155020;V615502001;HINnJ;1;"2013-05-22 00:00:00";"2013-05-22 22:00:00";16;1601;20;10;0;<FLG>
V6155020;V615502001;HINnJ;1;"2013-05-23 00:00:00";"2013-05-23 23:59:59";16;1588;20;10;0;<FLG>
V6155020;V615502001;HINnJ;1;"2013-05-24 00:00:00";"2013-05-24 23:59:59";16;1572;20;10;0;<FLG>
V6155020;V615502001;HINnJ;1;"2013-05-25 00:00:00";"2013-05-25 23:59:59";16;1552;20;10;0;<FLG>
V6155020;V615502001;HINnJ;1;"2013-05-26 00:00:00";"2013-05-26 23:59:59";16;1530;20;10;0;<FLG>
V6155020;V615502001;HINnJ;1;"2013-05-27 00:00:00";"2013-05-27 23:59:59";16;1507;20;10;0;<FLG>
V6155020;V615502001;HINnJ;1;"2013-05-28 00:00:00";"2013-05-28 23:59:59";16;1483;20;10;0;<FLG>
V6155020;V615502001;HINnJ;1;"2013-05-29 00:00:00";"2013-05-29 23:59:59";16;1462;20;10;0;<FLG>
V6155020;V615502001;HINnJ;1;"2013-05-30 00:00:00";"2013-05-30 23:59:59";16;1442;20;10;0;<FLG>
V6155020;V615502001;HINnJ;1;"2013-05-31 00:00:00";"2013-05-31 23:00:00";16;1423;20;10;0;<FLG>
V6155020;V615502001;HINnJ;1;"2013-06-01 00:00:00";"2013-06-01 23:59:59";16;1402;20;10;0;<FLG>
V6155020;V615502001;HINnJ;1;"2013-06-02 00:00:00";"2013-06-02 23:59:59";16;1380;20;10;0;<FLG>
V6155020;V615502001;HINnJ;1;"2013-06-03 00:00:00";"2013-06-03 23:59:59";16;1353;20;10;0;<FLG>
V6155020;V615502001;HINnJ;1;"2013-06-04 00:00:00";"2013-06-04 23:00:00";16;1332;20;10;0;<FLG>
V6155020;V615502001;HINnJ;1;"2013-06-05 00:00:00";"2013-06-05 23:59:59";16;1314;20;10;0;<FLG>
V6155020;V615502001;HINnJ;1;"2013-06-06 00:00:00";"2013-06-06 23:00:00";16;1298;20;10;0;<FLG>
V6155020;V615502001;HINnJ;1;"2013-06-07 00:00:00";"2013-06-07 23:00:00";16;1284;20;10;0;<FLG>
V6155020;V615502001;HINnJ;1;"2013-06-08 00:00:00";"2013-06-08 23:59:59";16;1271;20;10;0;<FLG>
V6155020;V615502001;HINnJ;1;"2013-06-09 00:00:00";"2013-06-09 23:59:59";16;1259;20;10;0;<FLG>
V6155020;V615502001;HINnJ;1;"2013-06-10 00:00:00";"2013-06-10 23:59:59";16;1248;20;10;0;<FLG>
V6155020;V615502001;HINnJ;1;"2013-06-11 00:00:00";"2013-06-11 23:59:59";16;1236;20;10;0;<FLG>
V6155020;V615502001;HINnJ;1;"2013-06-12 00:00:00";"2013-06-12 23:59:59";16;1224;20;10;0;<FLG>
V6155020;V615502001;HINnJ;1;"2013-06-13 00:00:00";"2013-06-13 23:59:59";16;1213;20;10;0;<FLG>
V6155020;V615502001;HINnJ;1;"2013-06-14 00:00:00";"2013-06-14 23:00:00";16;1204;20;10;0;<FLG>
V6155020;V615502001;HINnJ;1;"2013-06-15 00:00:00";"2013-06-15 23:59:59";16;1193;20;10;0;<FLG>
V6155020;V615502001;HINnJ;1;"2013-06-16 00:00:00";"2013-06-16 23:00:00";16;1183;20;10;0;<FLG>
V6155020;V615502001;HINnJ;1;"2013-06-17 00:00:00";"2013-06-17 23:59:59";16;1175;20;10;0;<FLG>
V6155020;V615502001;HINnJ;1;"2013-06-18 00:00:00";"2013-06-18 23:00:00";16;1166;20;10;0;<FLG>
V6155020;V615502001;HINnJ;1;"2013-06-19 00:00:00";"2013-06-19 23:59:59";16;1158;20;10;0;<FLG>
V6155020;V615502001;HINnJ;1;"2013-06-20 00:00:00";"2013-06-20 23:59:59";16;1149;20;10;0;<FLG>
V6155020;V615502001;HINnJ;1;"2013-06-21 00:00:00";"2013-06-21 22:00:00";16;1143;20;10;0;<FLG>
V6155020;V615502001;HINnJ;1;"2013-06-22 00:00:00";"2013-06-22 23:59:59";16;1138;20;10;0;<FLG>
V6155020;V615502001;HINnJ;1;"2013-06-23 00:00:00";"2013-06-23 22:00:00";16;1135;20;10;0;<FLG>
V6155020;V615502001;HINnJ;1;"2013-06-24 00:00:00";"2013-06-24 22:00:00";16;1132;20;10;0;<FLG>
V6155020;V615502001;HINnJ;1;"2013-06-25 00:00:00";"2013-06-25 23:00:00";16;1127;20;10;0;<FLG>
V6155020;V615502001;HINnJ;1;"2013-06-26 00:00:00";"2013-06-26 22:00:00";16;1123;20;10;0;<FLG>
V6155020;V615502001;HINnJ;1;"2013-06-27 00:00:00";"2013-06-27 23:00:00";16;1118;20;10;0;<FLG>
V6155020;V615502001;HINnJ;1;"2013-06-28 00:00:00";"2013-06-28 22:00:00";16;1114;20;10;0;<FLG>
V6155020;V615502001;HINnJ;1;"2013-06-29 00:00:00";"2013-06-29 22:00:00";16;1110;20;10;0;<FLG>
V6155020;V615502001;HINnJ;1;"2013-06-30 00:00:00";"2013-06-30 23:00:00";16;1106;20;10;0;<FLG>
V6155020;V615502001;HINnJ;1;"2013-07-01 00:00:00";"2013-07-01 22:00:00";16;1101;20;10;0;<FLG>
V6155020;V615502001;HINnJ;1;"2013-07-02 00:00:00";"2013-07-02 23:00:00";16;1097;20;10;0;<FLG>
V6155020;V615502001;HINnJ;1;"2013-07-03 00:00:00";"2013-07-03 22:00:00";16;1093;20;10;0;<FLG>
V6155020;V615502001;HINnJ;1;"2013-07-04 00:00:00";"2013-07-04 22:00:00";16;1088;20;10;0;<FLG>
V6155020;V615502001;HINnJ;1;"2013-07-05 00:00:00";"2013-07-05 22:00:00";16;1082;20;10;0;<FLG>
V6155020;V615502001;HINnJ;1;"2013-07-06 00:00:00";"2013-07-06 23:59:59";16;1076;20;10;0;<FLG>
V6155020;V615502001;HINnJ;1;"2013-07-07 00:00:00";"2013-07-07 23:59:59";16;1071;20;10;0;<FLG>
V6155020;V615502001;HINnJ;1;"2013-07-08 00:00:00";"2013-07-08 21:00:00";16;1068;20;10;0;<FLG>
V6155020;V615502001;HINnJ;1;"2013-07-09 00:00:00";"2013-07-09 02:00:00";16;1067;20;10;0;<FLG>
V6155020;V615502001;HINnJ;1;"2013-07-10 00:00:00";"2013-07-10 01:00:00";16;1071;20;10;0;<FLG>
V6155020;V615502001;HINnJ;1;"2013-07-11 00:00:00";"2013-07-11 01:00:00";16;1077;20;10;0;<FLG>
V6155020;V615502001;HINnJ;1;"2013-07-12 00:00:00";"2013-07-12 23:00:00";16;1071;20;10;0;<FLG>
V6155020;V615502001;HINnJ;1;"2013-07-13 00:00:00";"2013-07-13 23:00:00";16;1064;20;10;0;<FLG>
V6155020;V615502001;HINnJ;1;"2013-07-14 00:00:00";"2013-07-14 23:59:59";16;1058;20;10;0;<FLG>
V6155020;V615502001;HINnJ;1;"2013-07-15 00:00:00";"2013-07-15 01:00:00";16;1058;20;10;0;<FLG>
V6155020;V615502001;HINnJ;1;"2013-07-16 00:00:00";"2013-07-16 22:00:00";16;1057;20;10;0;<FLG>
V6155020;V615502001;HINnJ;1;"2013-07-17 00:00:00";"2013-07-17 23:59:59";16;1049;20;10;0;<FLG>
V6155020;V615502001;HINnJ;1;"2013-07-18 00:00:00";"2013-07-18 22:00:00";16;1048;20;10;0;<FLG>
V6155020;V615502001;HINnJ;1;"2013-07-19 00:00:00";"2013-07-19 01:00:00";16;1049;20;10;0;<FLG>
V6155020;V615502001;HINnJ;1;"2013-07-20 00:00:00";"2013-07-20 01:00:00";16;1055;20;10;0;<FLG>
V6155020;V615502001;HINnJ;1;"2013-07-21 00:00:00";"2013-07-21 01:00:00";16;1056;20;10;0;<FLG>
V6155020;V615502001;HINnJ;1;"2013-07-22 00:00:00";"2013-07-22 23:00:00";16;1053;20;10;0;<FLG>
V6155020;V615502001;HINnJ;1;"2013-07-23 00:00:00";"2013-07-23 01:00:00";16;1053;20;10;0;<FLG>
V6155020;V615502001;HINnJ;1;"2013-07-24 00:00:00";"2013-07-24 19:00:00";16;1050;20;10;0;<FLG>
V6155020;V615502001;HINnJ;1;"2013-07-25 00:00:00";"2013-07-25 19:00:00";16;1042;20;10;0;<FLG>
V6155020;V615502001;HINnJ;1;"2013-07-26 00:00:00";"2013-07-26 22:00:00";16;1034;20;10;0;<FLG>
V6155020;V615502001;HINnJ;1;"2013-07-27 00:00:00";"2013-07-27 12:00:00";16;1029;20;10;0;<FLG>
V6155020;V615502001;HINnJ;1;"2013-07-28 00:00:00";"2013-07-28 17:00:00";16;1022;20;10;0;<FLG>
V6155020;V615502001;HINnJ;1;"2013-07-29 00:00:00";"2013-07-29 08:00:00";16;1019;20;10;0;<FLG>
V6155020;V615502001;HINnJ;1;"2013-07-30 00:00:00";"2013-07-30 10:00:00";16;1021;20;10;0;<FLG>
V6155020;V615502001;HINnJ;1;"2013-07-31 00:00:00";"2013-07-31 22:00:00";16;1018;20;10;0;<FLG>
V6155020;V615502001;HINnJ;1;"2013-08-01 00:00:00";"2013-08-01 22:00:00";16;1012;20;10;0;<FLG>
V6155020;V615502001;HINnJ;1;"2013-08-02 00:00:00";"2013-08-02 22:00:00";16;1006;20;10;0;<FLG>
V6155020;V615502001;HINnJ;1;"2013-08-03 00:00:00";"2013-08-03 19:00:00";16;1001;20;10;0;<FLG>
V6155020;V615502001;HINnJ;1;"2013-08-04 00:00:00";"2013-08-04 22:00:00";16;996;20;10;0;<FLG>
V6155020;V615502001;HINnJ;1;"2013-08-05 00:00:00";"2013-08-05 22:00:00";16;991;20;10;0;<FLG>
V6155020;V615502001;HINnJ;1;"2013-08-06 00:00:00";"2013-08-06 21:00:00";16;987;20;10;0;<FLG>
V6155020;V615502001;HINnJ;1;"2013-08-07 00:00:00";"2013-08-07 22:00:00";16;982;20;10;0;<FLG>
V6155020;V615502001;HINnJ;1;"2013-08-08 00:00:00";"2013-08-08 01:00:00";16;983;20;10;0;<FLG>
V6155020;V615502001;HINnJ;1;"2013-08-09 00:00:00";"2013-08-09 01:00:00";16;988;20;10;0;<FLG>
V6155020;V615502001;HINnJ;1;"2013-08-10 00:00:00";"2013-08-10 23:59:59";16;986;20;10;0;<FLG>
V6155020;V615502001;HINnJ;1;"2013-08-11 00:00:00";"2013-08-11 23:59:59";16;981;20;10;0;<FLG>
V6155020;V615502001;HINnJ;1;"2013-08-12 00:00:00";"2013-08-12 23:00:00";16;976;20;10;0;<FLG>
V6155020;V615502001;HINnJ;1;"2013-08-13 00:00:00";"2013-08-13 22:00:00";16;972;20;10;0;<FLG>
V6155020;V615502001;HINnJ;1;"2013-08-14 00:00:00";"2013-08-14 22:00:00";16;968;20;10;0;<FLG>
V6155020;V615502001;HINnJ;1;"2013-08-15 00:00:00";"2013-08-15 21:00:00";16;963;20;10;0;<FLG>
V6155020;V615502001;HINnJ;1;"2013-08-16 00:00:00";"2013-08-16 21:00:00";16;959;20;10;0;<FLG>
V6155020;V615502001;HINnJ;1;"2013-08-17 00:00:00";"2013-08-17 23:59:59";16;953;20;10;0;<FLG>
V6155020;V615502001;HINnJ;1;"2013-08-18 00:00:00";"2013-08-18 21:00:00";16;948;20;10;0;<FLG>
V6155020;V615502001;HINnJ;1;"2013-08-19 00:00:00";"2013-08-19 21:00:00";16;944;20;10;0;<FLG>
V6155020;V615502001;HINnJ;1;"2013-08-20 00:00:00";"2013-08-20 21:00:00";16;941;20;10;0;<FLG>
V6155020;V615502001;HINnJ;1;"2013-08-21 00:00:00";"2013-08-21 23:00:00";16;936;20;10;0;<FLG>
V6155020;V615502001;HINnJ;1;"2013-08-22 00:00:00";"2013-08-22 21:00:00";16;934;20;10;0;<FLG>
V6155020;V615502001;HINnJ;1;"2013-08-23 00:00:00";"2013-08-23 23:00:00";16;930;20;10;0;<FLG>
V6155020;V615502001;HINnJ;1;"2013-08-24 00:00:00";"2013-08-24 21:00:00";16;928;20;10;0;<FLG>
V6155020;V615502001;HINnJ;1;"2013-08-25 00:00:00";"2013-08-25 23:00:00";16;925;20;10;0;<FLG>
V6155020;V615502001;HINnJ;1;"2013-08-26 00:00:00";"2013-08-26 23:00:00";16;922;20;10;0;<FLG>
V6155020;V615502001;HINnJ;1;"2013-08-27 00:00:00";"2013-08-27 21:00:00";16;919;20;10;0;<FLG>
V6155020;V615502001;HINnJ;1;"2013-08-28 00:00:00";"2013-08-28 23:00:00";16;916;20;10;0;<FLG>
V6155020;V615502001;HINnJ;1;"2013-08-29 00:00:00";"2013-08-29 21:00:00";16;912;20;10;0;<FLG>
V6155020;V615502001;HINnJ;1;"2013-08-30 00:00:00";"2013-08-30 23:00:00";16;909;20;10;0;<FLG>
V6155020;V615502001;HINnJ;1;"2013-08-31 00:00:00";"2013-08-31 22:00:00";16;906;20;10;0;<FLG>
V6155020;V615502001;HINnJ;1;"2013-09-01 00:00:00";"2013-09-01 20:00:00";16;904;20;10;0;<FLG>
V6155020;V615502001;HINnJ;1;"2013-09-02 00:00:00";"2013-09-02 21:00:00";16;901;20;10;0;<FLG>
V6155020;V615502001;HINnJ;1;"2013-09-03 00:00:00";"2013-09-03 23:00:00";16;897;20;10;0;<FLG>
V6155020;V615502001;HINnJ;1;"2013-09-04 00:00:00";"2013-09-04 21:00:00";16;896;20;10;0;<FLG>
V6155020;V615502001;HINnJ;1;"2013-09-05 00:00:00";"2013-09-05 23:00:00";16;893;20;10;0;<FLG>
V6155020;V615502001;HINnJ;1;"2013-09-06 00:00:00";"2013-09-06 23:59:59";16;892;20;10;0;<FLG>
V6155020;V615502001;HINnJ;1;"2013-09-07 00:00:00";"2013-09-07 20:00:00";16;890;20;10;0;<FLG>
V6155020;V615502001;HINnJ;1;"2013-09-08 00:00:00";"2013-09-08 11:00:00";16;889;20;10;0;<FLG>
V6155020;V615502001;HINnJ;1;"2013-09-09 00:00:00";"2013-09-09 00:00:00";16;890;20;10;0;<FLG>
V6155020;V615502001;HINnJ;1;"2013-09-10 00:00:00";"2013-09-10 23:00:00";16;888;20;10;0;<FLG>
V6155020;V615502001;HINnJ;1;"2013-09-11 00:00:00";"2013-09-11 20:00:00";16;885;20;10;0;<FLG>
V6155020;V615502001;HINnJ;1;"2013-09-12 00:00:00";"2013-09-12 20:00:00";16;881;20;10;0;<FLG>
V6155020;V615502001;HINnJ;1;"2013-09-13 00:00:00";"2013-09-13 20:00:00";16;878;20;10;0;<FLG>
V6155020;V615502001;HINnJ;1;"2013-09-14 00:00:00";"2013-09-14 20:00:00";16;875;20;10;0;<FLG>
V6155020;V615502001;HINnJ;1;"2013-09-15 00:00:00";"2013-09-15 22:00:00";16;874;20;10;0;<FLG>
V6155020;V615502001;HINnJ;1;"2013-09-16 00:00:00";"2013-09-16 01:00:00";16;876;20;10;0;<FLG>
V6155020;V615502001;HINnJ;1;"2013-09-17 00:00:00";"2013-09-17 22:00:00";16;871;20;10;0;<FLG>
V6155020;V615502001;HINnJ;1;"2013-09-18 00:00:00";"2013-09-18 21:00:00";16;869;20;10;0;<FLG>
V6155020;V615502001;HINnJ;1;"2013-09-19 00:00:00";"2013-09-19 23:59:59";16;865;20;10;0;<FLG>
V6155020;V615502001;HINnJ;1;"2013-09-20 00:00:00";"2013-09-20 21:00:00";16;862;20;10;0;<FLG>
V6155020;V615502001;HINnJ;1;"2013-09-21 00:00:00";"2013-09-21 23:00:00";16;858;20;10;0;<FLG>
V6155020;V615502001;HINnJ;1;"2013-09-22 00:00:00";"2013-09-22 23:59:59";16;856;20;10;0;<FLG>
V6155020;V615502001;HINnJ;1;"2013-09-23 00:00:00";"2013-09-23 23:59:59";16;854;20;10;0;<FLG>
V6155020;V615502001;HINnJ;1;"2013-09-24 00:00:00";"2013-09-24 22:00:00";16;853;20;10;0;<FLG>
V6155020;V615502001;HINnJ;1;"2013-09-25 00:00:00";"2013-09-25 21:00:00";16;853;20;10;0;<FLG>
V6155020;V615502001;HINnJ;1;"2013-09-26 00:00:00";"2013-09-26 19:00:00";16;849;20;10;0;<FLG>
V6155020;V615502001;HINnJ;1;"2013-09-27 00:00:00";"2013-09-27 02:00:00";16;849;20;10;0;<FLG>
V6155020;V615502001;HINnJ;1;"2013-09-28 00:00:00";"2013-09-28 19:00:00";16;847;20;10;0;<FLG>
V6155020;V615502001;HINnJ;1;"2013-09-29 00:00:00";"2013-09-29 01:00:00";16;848;20;10;0;<FLG>
V6155020;V615502001;HINnJ;1;"2013-09-30 00:00:00";"2013-09-30 22:00:00";16;853;20;10;0;<FLG>
V6155020;V615502001;HINnJ;1;"2013-10-01 00:00:00";"2013-10-01 21:00:00";16;847;20;10;0;<FLG>
V6155020;V615502001;HINnJ;1;"2013-10-02 00:00:00";"2013-10-02 20:00:00";16;844;20;10;0;<FLG>
V6155020;V615502001;HINnJ;1;"2013-10-03 00:00:00";"2013-10-03 22:00:00";16;839;20;10;0;<FLG>
V6155020;V615502001;HINnJ;1;"2013-10-04 00:00:00";"2013-10-04 19:00:00";16;837;20;10;0;<FLG>
V6155020;V615502001;HINnJ;1;"2013-10-05 00:00:00";"2013-10-05 01:00:00";16;837;20;10;0;<FLG>
V6155020;V615502001;HINnJ;1;"2013-10-06 00:00:00";"2013-10-06 00:00:00";16;846;20;10;0;<FLG>
V6155020;V615502001;HINnJ;1;"2013-10-07 00:00:00";"2013-10-07 21:00:00";16;846;20;10;0;<FLG>
V6155020;V615502001;HINnJ;1;"2013-10-08 00:00:00";"2013-10-08 23:59:59";16;841;20;10;0;<FLG>
V6155020;V615502001;HINnJ;1;"2013-10-09 00:00:00";"2013-10-09 19:00:00";16;838;20;10;0;<FLG>
V6155020;V615502001;HINnJ;1;"2013-10-10 00:00:00";"2013-10-10 04:00:00";16;836;20;10;0;<FLG>
V6155020;V615502001;HINnJ;1;"2013-10-11 00:00:00";"2013-10-11 21:00:00";16;831;20;10;0;<FLG>
V6155020;V615502001;HINnJ;1;"2013-10-12 00:00:00";"2013-10-12 19:00:00";16;828;20;10;0;<FLG>
V6155020;V615502001;HINnJ;1;"2013-10-13 00:00:00";"2013-10-13 04:00:00";16;827;20;10;0;<FLG>
V6155020;V615502001;HINnJ;1;"2013-10-14 00:00:00";"2013-10-14 21:00:00";16;831;20;10;0;<FLG>
V6155020;V615502001;HINnJ;1;"2013-10-15 00:00:00";"2013-10-15 01:00:00";16;832;20;10;0;<FLG>
V6155020;V615502001;HINnJ;1;"2013-10-16 00:00:00";"2013-10-16 22:00:00";16;827;20;10;0;<FLG>
V6155020;V615502001;HINnJ;1;"2013-10-17 00:00:00";"2013-10-17 21:00:00";16;825;20;10;0;<FLG>
V6155020;V615502001;HINnJ;1;"2013-10-18 00:00:00";"2013-10-18 22:00:00";16;824;20;10;0;<FLG>
V6155020;V615502001;HINnJ;1;"2013-10-19 00:00:00";"2013-10-19 23:59:59";16;813;20;10;0;<FLG>
V6155020;V615502001;HINnJ;1;"2013-10-20 00:00:00";"2013-10-20 05:00:00";16;813;20;10;0;<FLG>
V6155020;V615502001;HINnJ;1;"2013-10-21 00:00:00";"2013-10-21 00:00:00";16;820;20;10;0;<FLG>
V6155020;V615502001;HINnJ;1;"2013-10-22 00:00:00";"2013-10-22 01:00:00";16;842;20;10;0;<FLG>
V6155020;V615502001;HINnJ;1;"2013-10-23 00:00:00";"2013-10-23 19:00:00";16;841;20;10;0;<FLG>
V6155020;V615502001;HINnJ;1;"2013-10-24 00:00:00";"2013-10-24 00:00:00";16;844;20;10;0;<FLG>
V6155020;V615502001;HINnJ;1;"2013-10-25 00:00:00";"2013-10-25 23:59:59";16;887;20;10;0;<FLG>
V6155020;V615502001;HINnJ;1;"2013-10-26 00:00:00";"2013-10-26 23:59:59";16;872;20;10;0;<FLG>
V6155020;V615502001;HINnJ;1;"2013-10-27 00:00:00";"2013-10-27 19:00:00";16;862;20;10;0;<FLG>
V6155020;V615502001;HINnJ;1;"2013-10-28 00:00:00";"2013-10-28 21:00:00";16;849;20;10;0;<FLG>
V6155020;V615502001;HINnJ;1;"2013-10-29 00:00:00";"2013-10-29 22:00:00";16;843;20;10;0;<FLG>
V6155020;V615502001;HINnJ;1;"2013-10-30 00:00:00";"2013-10-30 23:00:00";16;837;20;10;0;<FLG>
V6155020;V615502001;HINnJ;1;"2013-10-31 00:00:00";"2013-10-31 21:00:00";16;834;20;10;0;<FLG>
V6155020;V615502001;HINnJ;1;"2013-11-01 00:00:00";"2013-11-01 23:00:00";16;829;20;10;0;<FLG>
V6155020;V615502001;HINnJ;1;"2013-11-02 00:00:00";"2013-11-02 23:59:59";16;824;20;10;0;<FLG>
V6155020;V615502001;HINnJ;1;"2013-11-03 00:00:00";"2013-11-03 23:00:00";16;816;20;10;0;<FLG>
V6155020;V615502001;HINnJ;1;"2013-11-04 00:00:00";"2013-11-04 01:00:00";16;816;20;10;0;<FLG>
V6155020;V615502001;HINnJ;1;"2013-11-05 00:00:00";"2013-11-05 22:00:00";16;815;20;10;0;<FLG>
V6155020;V615502001;HINnJ;1;"2013-11-06 00:00:00";"2013-11-06 04:00:00";16;814;20;10;0;<FLG>
V6155020;V615502001;HINnJ;1;"2013-11-07 00:00:00";"2013-11-07 01:00:00";16;816;20;10;0;<FLG>
V6155020;V615502001;HINnJ;1;"2013-11-08 00:00:00";"2013-11-08 20:00:00";16;815;20;10;0;<FLG>
V6155020;V615502001;HINnJ;1;"2013-11-09 00:00:00";"2013-11-09 01:00:00";16;817;20;10;0;<FLG>
V6155020;V615502001;HINnJ;1;"2013-11-10 00:00:00";"2013-11-10 01:00:00";16;839;20;10;0;<FLG>
V6155020;V615502001;HINnJ;1;"2013-11-11 00:00:00";"2013-11-11 00:00:00";16;852;20;10;0;<FLG>
V6155020;V615502001;HINnJ;1;"2013-11-12 00:00:00";"2013-11-12 21:00:00";16;887;20;10;0;<FLG>
V6155020;V615502001;HINnJ;1;"2013-11-13 00:00:00";"2013-11-13 23:59:59";16;873;20;10;0;<FLG>
V6155020;V615502001;HINnJ;1;"2013-11-14 00:00:00";"2013-11-14 22:00:00";16;863;20;10;0;<FLG>
V6155020;V615502001;HINnJ;1;"2013-11-15 00:00:00";"2013-11-15 21:00:00";16;853;20;10;0;<FLG>
V6155020;V615502001;HINnJ;1;"2013-11-16 00:00:00";"2013-11-16 21:00:00";16;844;20;10;0;<FLG>
V6155020;V615502001;HINnJ;1;"2013-11-17 00:00:00";"2013-11-17 21:00:00";16;837;20;10;0;<FLG>
V6155020;V615502001;HINnJ;1;"2013-11-18 00:00:00";"2013-11-18 20:00:00";16;833;20;10;0;<FLG>
V6155020;V615502001;HINnJ;1;"2013-11-19 00:00:00";"2013-11-19 22:00:00";16;826;20;10;0;<FLG>
V6155020;V615502001;HINnJ;1;"2013-11-20 00:00:00";"2013-11-20 19:00:00";16;825;20;10;0;<FLG>
V6155020;V615502001;HINnJ;1;"2013-11-21 00:00:00";"2013-11-21 01:00:00";16;826;20;10;0;<FLG>
V6155020;V615502001;HINnJ;1;"2013-11-22 00:00:00";"2013-11-22 01:00:00";16;828;20;10;0;<FLG>
V6155020;V615502001;HINnJ;1;"2013-11-23 00:00:00";"2013-11-23 21:00:00";16;826;20;10;0;<FLG>
V6155020;V615502001;HINnJ;1;"2013-11-24 00:00:00";"2013-11-24 23:00:00";16;821;20;10;0;<FLG>
V6155020;V615502001;HINnJ;1;"2013-11-25 00:00:00";"2013-11-25 23:00:00";16;816;20;10;0;<FLG>
V6155020;V615502001;HINnJ;1;"2013-11-26 00:00:00";"2013-11-26 19:00:00";16;814;20;10;0;<FLG>
V6155020;V615502001;HINnJ;1;"2013-11-27 00:00:00";"2013-11-27 21:00:00";16;811;20;10;0;<FLG>
V6155020;V615502001;HINnJ;1;"2013-11-28 00:00:00";"2013-11-28 20:00:00";16;808;20;10;0;<FLG>
V6155020;V615502001;HINnJ;1;"2013-11-29 00:00:00";"2013-11-29 01:00:00";16;807;20;10;0;<FLG>
V6155020;V615502001;HINnJ;1;"2013-11-30 00:00:00";"2013-11-30 23:59:59";16;805;20;10;0;<FLG>
V6155020;V615502002;HINnJ;1;"2002-04-02 00:00:00";"2002-04-02 23:59:59";16;3547;20;10;0;<FLG>
V6155020;V615502002;HINnJ;1;"2002-04-03 00:00:00";"2002-04-03 13:32:00";16;3310;20;10;0;<FLG>
V6155020;V615502002;HINnJ;1;"2002-04-04 00:00:00";"2002-04-04 00:00:00";16;3310;20;10;0;<FLG>
V6155020;V615502002;HINnJ;1;"2002-04-05 00:00:00";"2002-04-05 00:00:00";16;3310;20;10;0;<FLG>
V6155020;V615502002;HINnJ;1;"2002-04-06 00:00:00";"2002-04-06 23:59:59";16;3194;20;10;0;<FLG>
V6155020;V615502002;HINnJ;1;"2002-04-07 00:00:00";"2002-04-07 17:49:00";16;2900;20;10;0;<FLG>
V6155020;V615502002;HINnJ;1;"2002-04-08 00:00:00";"2002-04-08 19:27:00";16;2900;20;10;0;<FLG>
V6155020;V615502002;HINnJ;1;"2002-04-09 00:00:00";"2002-04-09 03:44:00";16;2900;20;10;0;<FLG>
V6155020;V615502002;HINnJ;1;"2002-04-10 00:00:00";"2002-04-10 00:00:00";16;3368;20;10;0;<FLG>
V6155020;V615502002;HINnJ;1;"2002-04-11 00:00:00";"2002-04-11 00:00:00";16;3923;20;10;0;<FLG>
V6155020;V615502002;HINnJ;1;"2002-04-12 00:00:00";"2002-04-12 00:00:00";16;4477;20;10;0;<FLG>
V6155020;V615502002;HINnJ;1;"2002-04-13 00:00:00";"2002-04-13 11:40:00";16;4610;20;10;0;<FLG>
V6155020;V615502002;HINnJ;1;"2002-04-14 00:00:00";"2002-04-14 00:00:00";16;5353;20;10;0;<FLG>
V6155020;V615502002;HINnJ;1;"2002-04-15 00:00:00";"2002-04-15 00:00:00";16;6798;20;10;0;<FLG>
V6155020;V615502002;HINnJ;1;"2002-04-16 00:00:00";"2002-04-16 00:00:00";16;8243;20;10;0;<FLG>
V6155020;V615502002;HINnJ;1;"2002-04-17 00:00:00";"2002-04-17 23:59:59";16;9555;20;10;0;<FLG>
V6155020;V615502002;HINnJ;1;"2002-04-18 00:00:00";"2002-04-18 23:59:59";16;8793;20;10;0;<FLG>
V6155020;V615502002;HINnJ;1;"2002-04-19 00:00:00";"2002-04-19 23:59:59";16;8125;20;10;0;<FLG>
V6155020;V615502002;HINnJ;1;"2002-04-20 00:00:00";"2002-04-20 23:59:59";16;7501;20;10;0;<FLG>
V6155020;V615502002;HINnJ;1;"2002-04-21 00:00:00";"2002-04-21 23:59:59";16;6877;20;10;0;<FLG>
V6155020;V615502002;HINnJ;1;"2002-04-22 00:00:00";"2002-04-22 23:59:59";16;6253;20;10;0;<FLG>
V6155020;V615502002;HINnJ;1;"2002-04-23 00:00:00";"2002-04-23 23:59:59";16;5628;20;10;0;<FLG>
V6155020;V615502002;HINnJ;1;"2002-04-24 00:00:00";"2002-04-24 23:59:59";16;5310;20;10;0;<FLG>
V6155020;V615502002;HINnJ;1;"2002-04-25 00:00:00";"2002-04-25 23:59:59";16;5056;20;10;0;<FLG>
V6155020;V615502002;HINnJ;1;"2002-04-26 00:00:00";"2002-04-26 23:59:59";16;4801;20;10;0;<FLG>
V6155020;V615502002;HINnJ;1;"2002-04-27 00:00:00";"2002-04-27 23:59:59";16;4547;20;10;0;<FLG>
V6155020;V615502002;HINnJ;1;"2002-04-28 00:00:00";"2002-04-28 23:59:59";16;4293;20;10;0;<FLG>
V6155020;V615502002;HINnJ;1;"2002-04-29 00:00:00";"2002-04-29 23:59:59";16;4039;20;10;0;<FLG>
V6155020;V615502002;HINnJ;1;"2002-04-30 00:00:00";"2002-04-30 05:32:00";16;3980;20;10;0;<FLG>
V6155020;V615502002;HINnJ;1;"2002-05-01 00:00:00";"2002-05-01 09:00:00";16;3980;20;10;0;<FLG>
V6155020;V615502002;HINnJ;1;"2002-05-02 00:00:00";"2002-05-02 00:00:00";16;3980;20;10;0;<FLG>
V6155020;V615502002;HINnJ;1;"2002-05-03 00:00:00";"2002-05-03 00:00:00";16;4735;20;10;0;<FLG>
V6155020;V615502002;HINnJ;1;"2002-05-04 00:00:00";"2002-05-04 00:00:00";16;8007;20;10;0;<FLG>
V6155020;V615502002;HINnJ;1;"2002-05-05 00:00:00";"2002-05-05 00:00:00";16;15302;20;10;0;<FLG>
V6155020;V615502002;HINnJ;1;"2002-05-06 00:00:00";"2002-05-06 00:00:00";16;21629;20;10;0;<FLG>
V6155020;V615502002;HINnJ;1;"2002-05-07 00:00:00";"2002-05-07 23:59:59";16;21581;20;10;0;<FLG>
V6155020;V615502002;HINnJ;1;"2002-05-08 00:00:00";"2002-05-08 23:59:59";16;20777;20;10;0;<FLG>
V6155020;V615502002;HINnJ;1;"2002-05-09 00:00:00";"2002-05-09 23:59:59";16;20230;20;10;0;<FLG>
V6155020;V615502002;HINnJ;1;"2002-05-10 00:00:00";"2002-05-10 09:23:00";16;20020;20;10;0;<FLG>
V6155020;V615502002;HINnJ;1;"2002-05-11 00:00:00";"2002-05-11 00:00:00";16;21202;20;10;0;<FLG>
V6155020;V615502002;HINnJ;1;"2002-05-12 00:00:00";"2002-05-12 00:00:00";16;22399;20;10;0;<FLG>
V6155020;V615502002;HINnJ;1;"2002-05-13 00:00:00";"2002-05-13 23:59:59";16;22438;20;10;0;<FLG>
V6155020;V615502002;HINnJ;1;"2002-05-14 00:00:00";"2002-05-14 23:59:59";16;22330;20;10;0;<FLG>
V6155020;V615502002;HINnJ;1;"2002-05-15 00:00:00";"2002-05-15 23:59:59";16;22205;20;10;0;<FLG>
V6155020;V615502002;HINnJ;1;"2002-05-16 00:00:00";"2002-05-16 23:59:59";16;22068;20;10;0;<FLG>
V6155020;V615502002;HINnJ;1;"2002-05-17 00:00:00";"2002-05-17 23:59:59";16;21897;20;10;0;<FLG>
V6155020;V615502002;HINnJ;1;"2002-05-18 00:00:00";"2002-05-18 23:59:59";16;21443;20;10;0;<FLG>
V6155020;V615502002;HINnJ;1;"2002-05-19 00:00:00";"2002-05-19 23:59:59";16;20440;20;10;0;<FLG>
V6155020;V615502002;HINnJ;1;"2002-05-20 00:00:00";"2002-05-20 23:59:59";16;19427;20;10;0;<FLG>
V6155020;V615502002;HINnJ;1;"2002-05-21 00:00:00";"2002-05-21 23:59:59";16;18422;20;10;0;<FLG>
V6155020;V615502002;HINnJ;1;"2002-05-22 00:00:00";"2002-05-22 23:59:59";16;17418;20;10;0;<FLG>
V6155020;V615502002;HINnJ;1;"2002-05-23 00:00:00";"2002-05-23 23:59:59";16;16404;20;10;0;<FLG>
V6155020;V615502002;HINnJ;1;"2002-05-24 00:00:00";"2002-05-24 23:59:59";16;15304;20;10;0;<FLG>
V6155020;V615502002;HINnJ;1;"2002-05-25 00:00:00";"2002-05-25 23:59:59";16;14205;20;10;0;<FLG>
V6155020;V615502002;HINnJ;1;"2002-05-26 00:00:00";"2002-05-26 23:59:59";16;13106;20;10;0;<FLG>
V6155020;V615502002;HINnJ;1;"2002-05-27 00:00:00";"2002-05-27 23:59:59";16;12377;20;10;0;<FLG>
V6155020;V615502002;HINnJ;1;"2002-05-28 00:00:00";"2002-05-28 23:59:59";16;11720;20;10;0;<FLG>
V6155020;V615502002;HINnJ;1;"2002-05-29 00:00:00";"2002-05-29 23:59:59";16;11062;20;10;0;<FLG>
V6155020;V615502002;HINnJ;1;"2002-05-30 00:00:00";"2002-05-30 23:59:59";16;10404;20;10;0;<FLG>
V6155020;V615502002;HINnJ;1;"2002-05-31 00:00:00";"2002-05-31 23:59:59";16;9746;20;10;0;<FLG>
V6155020;V615502002;HINnJ;1;"2002-06-01 00:00:00";"2002-06-01 09:00:00";16;9500;20;10;0;<FLG>
V6155020;V615502002;HINnJ;1;"2002-06-02 00:00:00";"2002-06-02 00:00:00";16;9500;20;10;0;<FLG>
V6155020;V615502002;HINnJ;1;"2002-06-03 00:00:00";"2002-06-03 23:59:59";16;9425;20;10;0;<FLG>
V6155020;V615502002;HINnJ;1;"2002-06-04 00:00:00";"2002-06-04 23:59:59";16;9254;20;10;0;<FLG>
V6155020;V615502002;HINnJ;1;"2002-06-05 00:00:00";"2002-06-05 23:59:59";16;9083;20;10;0;<FLG>
V6155020;V615502002;HINnJ;1;"2002-06-06 00:00:00";"2002-06-06 23:59:59";16;8912;20;10;0;<FLG>
V6155020;V615502002;HINnJ;1;"2002-06-07 00:00:00";"2002-06-07 08:45:00";16;8850;20;10;0;<FLG>
V6155020;V615502002;HINnJ;1;"2002-06-08 00:00:00";"2002-06-08 00:00:00";16;9172;20;10;0;<FLG>
V6155020;V615502002;HINnJ;1;"2002-06-09 00:00:00";"2002-06-09 23:59:59";16;9413;20;10;0;<FLG>
V6155020;V615502002;HINnJ;1;"2002-06-10 00:00:00";"2002-06-10 23:59:59";16;9293;20;10;0;<FLG>
V6155020;V615502002;HINnJ;1;"2002-06-11 00:00:00";"2002-06-11 23:59:59";16;9174;20;10;0;<FLG>
V6155020;V615502002;HINnJ;1;"2002-06-12 00:00:00";"2002-06-12 23:59:59";16;9054;20;10;0;<FLG>
V6155020;V615502002;HINnJ;1;"2002-06-13 00:00:00";"2002-06-13 23:59:59";16;8662;20;10;0;<FLG>
V6155020;V615502002;HINnJ;1;"2002-06-14 00:00:00";"2002-06-14 23:59:59";16;8162;20;10;0;<FLG>
V6155020;V615502002;HINnJ;1;"2002-06-15 00:00:00";"2002-06-15 23:59:59";16;7661;20;10;0;<FLG>
V6155020;V615502002;HINnJ;1;"2002-06-16 00:00:00";"2002-06-16 23:59:59";16;7161;20;10;0;<FLG>
V6155020;V615502002;HINnJ;1;"2002-06-17 00:00:00";"2002-06-17 23:59:59";16;6660;20;10;0;<FLG>
V6155020;V615502002;HINnJ;1;"2002-06-18 00:00:00";"2002-06-18 23:59:59";16;6160;20;10;0;<FLG>
V6155020;V615502002;HINnJ;1;"2002-06-19 00:00:00";"2002-06-19 23:59:59";16;5879;20;10;0;<FLG>
V6155020;V615502002;HINnJ;1;"2002-06-20 00:00:00";"2002-06-20 23:59:59";16;5701;20;10;0;<FLG>
V6155020;V615502002;HINnJ;1;"2002-06-21 00:00:00";"2002-06-21 23:59:59";16;5524;20;10;0;<FLG>
V6155020;V615502002;HINnJ;1;"2002-06-22 00:00:00";"2002-06-22 23:59:59";16;5346;20;10;0;<FLG>
V6155020;V615502002;HINnJ;1;"2002-06-23 00:00:00";"2002-06-23 23:59:59";16;5169;20;10;0;<FLG>
V6155020;V615502002;HINnJ;1;"2002-06-24 00:00:00";"2002-06-24 23:59:59";16;4991;20;10;0;<FLG>
V6155020;V615502002;HINnJ;1;"2002-06-25 00:00:00";"2002-06-25 23:59:59";16;4814;20;10;0;<FLG>
V6155020;V615502002;HINnJ;1;"2002-06-26 00:00:00";"2002-06-26 23:59:59";16;4579;20;10;0;<FLG>
V6155020;V615502002;HINnJ;1;"2002-06-27 00:00:00";"2002-06-27 23:59:59";16;4314;20;10;0;<FLG>
V6155020;V615502002;HINnJ;1;"2002-06-28 00:00:00";"2002-06-28 23:59:59";16;4048;20;10;0;<FLG>
V6155020;V615502002;HINnJ;1;"2002-06-29 00:00:00";"2002-06-29 23:59:59";16;3782;20;10;0;<FLG>
V6155020;V615502002;HINnJ;1;"2002-06-30 00:00:00";"2002-06-30 23:59:59";16;3516;20;10;0;<FLG>
V6155020;V615502002;HINnJ;1;"2002-07-01 00:00:00";"2002-07-01 23:59:59";16;3250;20;10;0;<FLG>
V6155020;V615502002;HINnJ;1;"2002-07-02 00:00:00";"2002-07-02 23:59:59";16;3179;20;10;0;<FLG>
V6155020;V615502002;HINnJ;1;"2002-07-03 00:00:00";"2002-07-03 23:59:59";16;3108;20;10;0;<FLG>
V6155020;V615502002;HINnJ;1;"2002-07-04 00:00:00";"2002-07-04 23:59:59";16;3037;20;10;0;<FLG>
V6155020;V615502002;HINnJ;1;"2002-07-05 00:00:00";"2002-07-05 23:59:59";16;2966;20;10;0;<FLG>
V6155020;V615502002;HINnJ;1;"2002-07-06 00:00:00";"2002-07-06 23:59:59";16;2894;20;10;0;<FLG>
V6155020;V615502002;HINnJ;1;"2002-07-07 00:00:00";"2002-07-07 23:59:59";16;2823;20;10;0;<FLG>
V6155020;V615502002;HINnJ;1;"2002-07-08 00:00:00";"2002-07-08 23:59:59";16;2752;20;10;0;<FLG>
V6155020;V615502002;HINnJ;1;"2002-07-09 00:00:00";"2002-07-09 23:59:59";16;2681;20;10;0;<FLG>
V6155020;V615502002;HINnJ;1;"2002-07-10 00:00:00";"2002-07-10 23:59:59";16;2610;20;10;0;<FLG>
V6155020;V615502002;HINnJ;1;"2002-07-11 00:00:00";"2002-07-11 23:59:59";16;2539;20;10;0;<FLG>
V6155020;V615502002;HINnJ;1;"2002-07-12 00:00:00";"2002-07-12 23:59:59";16;2468;20;10;0;<FLG>
V6155020;V615502002;HINnJ;1;"2002-07-13 00:00:00";"2002-07-13 23:59:59";16;2397;20;10;0;<FLG>
V6155020;V615502002;HINnJ;1;"2002-07-14 00:00:00";"2002-07-14 23:59:59";16;2325;20;10;0;<FLG>
V6155020;V615502002;HINnJ;1;"2002-07-15 00:00:00";"2002-07-15 23:59:59";16;2254;20;10;0;<FLG>
V6155020;V615502002;HINnJ;1;"2002-07-16 00:00:00";"2002-07-16 23:59:59";16;2183;20;10;0;<FLG>
V6155020;V615502002;HINnJ;1;"2002-07-17 00:00:00";"2002-07-17 23:59:59";16;2113;20;10;0;<FLG>
V6155020;V615502002;HINnJ;1;"2002-07-18 00:00:00";"2002-07-18 23:59:59";16;2046;20;10;0;<FLG>
V6155020;V615502002;HINnJ;1;"2002-07-19 00:00:00";"2002-07-19 23:59:59";16;1979;20;10;0;<FLG>
V6155020;V615502002;HINnJ;1;"2002-07-20 00:00:00";"2002-07-20 23:59:59";16;1912;20;10;0;<FLG>
V6155020;V615502002;HINnJ;1;"2002-07-21 00:00:00";"2002-07-21 23:59:59";16;1845;20;10;0;<FLG>
V6155020;V615502002;HINnJ;1;"2002-07-22 00:00:00";"2002-07-22 23:59:59";16;1778;20;10;0;<FLG>
V6155020;V615502002;HINnJ;1;"2002-07-23 00:00:00";"2002-07-23 23:59:59";16;1711;20;10;0;<FLG>
V6155020;V615502002;HINnJ;1;"2002-07-24 00:00:00";"2002-07-24 23:59:59";16;1644;20;10;0;<FLG>
V6155020;V615502002;HINnJ;1;"2002-07-25 00:00:00";"2002-07-25 23:59:59";16;1578;20;10;0;<FLG>
V6155020;V615502002;HINnJ;1;"2002-07-26 00:00:00";"2002-07-26 23:59:59";16;1511;20;10;0;<FLG>
V6155020;V615502002;HINnJ;1;"2002-07-27 00:00:00";"2002-07-27 03:49:00";16;1500;20;10;0;<FLG>
V6155020;V615502002;HINnJ;1;"2002-07-28 00:00:00";"2002-07-28 00:00:00";16;1516;20;10;0;<FLG>
V6155020;V615502002;HINnJ;1;"2002-07-29 00:00:00";"2002-07-29 00:00:00";16;1535;20;10;0;<FLG>
V6155020;V615502002;HINnJ;1;"2002-07-30 00:00:00";"2002-07-30 00:00:00";16;1555;20;10;0;<FLG>
V6155020;V615502002;HINnJ;1;"2002-07-31 00:00:00";"2002-07-31 00:00:00";16;1574;20;10;0;<FLG>
V6155020;V615502002;HINnJ;1;"2002-08-01 00:00:00";"2002-08-01 00:00:00";16;1593;20;10;0;<FLG>
V6155020;V615502002;HINnJ;1;"2002-08-02 00:00:00";"2002-08-02 23:59:59";16;1567;20;10;0;<FLG>
V6155020;V615502002;HINnJ;1;"2002-08-03 00:00:00";"2002-08-03 23:59:59";16;1533;20;10;0;<FLG>
V6155020;V615502002;HINnJ;1;"2002-08-04 00:00:00";"2002-08-04 23:59:59";16;1500;20;10;0;<FLG>
V6155020;V615502002;HINnJ;1;"2002-08-05 00:00:00";"2002-08-05 23:59:59";16;1466;20;10;0;<FLG>
V6155020;V615502002;HINnJ;1;"2002-08-06 00:00:00";"2002-08-06 23:59:59";16;1433;20;10;0;<FLG>
V6155020;V615502002;HINnJ;1;"2002-08-07 00:00:00";"2002-08-07 23:59:59";16;1398;20;10;0;<FLG>
V6155020;V615502002;HINnJ;1;"2002-08-08 00:00:00";"2002-08-08 23:59:59";16;1195;20;10;0;<FLG>
V6155020;V615502002;HINnJ;1;"2002-08-09 00:00:00";"2002-08-09 23:59:59";16;1153;20;10;0;<FLG>
V6155020;V615502002;HINnJ;1;"2002-08-10 00:00:00";"2002-08-10 23:59:59";16;1111;20;10;0;<FLG>
V6155020;V615502002;HINnJ;1;"2002-08-11 00:00:00";"2002-08-11 23:59:59";16;1070;20;10;0;<FLG>
V6155020;V615502002;HINnJ;1;"2002-08-12 00:00:00";"2002-08-12 23:59:59";16;1028;20;10;0;<FLG>
V6155020;V615502002;HINnJ;1;"2002-08-13 00:00:00";"2002-08-13 23:59:59";16;986;20;10;0;<FLG>
V6155020;V615502002;HINnJ;1;"2002-08-14 00:00:00";"2002-08-14 23:59:59";16;944;20;10;0;<FLG>
V6155020;V615502002;HINnJ;1;"2002-08-15 00:00:00";"2002-08-15 23:59:59";16;902;20;10;0;<FLG>
V6155020;V615502002;HINnJ;1;"2002-08-16 00:00:00";"2002-08-16 23:59:59";16;860;20;10;0;<FLG>
V6155020;V615502002;HINnJ;1;"2002-08-17 00:00:00";"2002-08-17 23:59:59";16;818;20;10;0;<FLG>
V6155020;V615502002;HINnJ;1;"2002-08-18 00:00:00";"2002-08-18 23:59:59";16;777;20;10;0;<FLG>
V6155020;V615502002;HINnJ;1;"2002-08-19 00:00:00";"2002-08-19 23:59:59";16;741;20;10;0;<FLG>
V6155020;V615502002;HINnJ;1;"2002-08-20 00:00:00";"2002-08-20 23:59:59";16;706;20;10;0;<FLG>
V6155020;V615502002;HINnJ;1;"2002-08-21 00:00:00";"2002-08-21 23:59:59";16;687;20;10;0;<FLG>
V6155020;V615502002;HINnJ;1;"2002-08-22 00:00:00";"2002-08-22 23:59:59";16;672;20;10;0;<FLG>
V6155020;V615502002;HINnJ;1;"2002-08-23 00:00:00";"2002-08-23 23:59:59";16;657;20;10;0;<FLG>
V6155020;V615502002;HINnJ;1;"2002-08-24 00:00:00";"2002-08-24 23:59:59";16;642;20;10;0;<FLG>
V6155020;V615502002;HINnJ;1;"2002-08-25 00:00:00";"2002-08-25 23:59:59";16;626;20;10;0;<FLG>
V6155020;V615502002;HINnJ;1;"2002-08-26 00:00:00";"2002-08-26 10:00:00";16;620;20;10;0;<FLG>
V6155020;V615502002;HINnJ;1;"2002-08-27 00:00:00";"2002-08-27 00:00:00";16;1845;20;10;0;<FLG>
V6155020;V615502002;HINnJ;1;"2002-08-28 00:00:00";"2002-08-28 23:59:59";16;2756;20;10;0;<FLG>
V6155020;V615502002;HINnJ;1;"2002-08-29 00:00:00";"2002-08-29 23:59:59";16;2681;20;10;0;<FLG>
V6155020;V615502002;HINnJ;1;"2002-08-30 00:00:00";"2002-08-30 10:00:00";16;2650;20;10;0;<FLG>
V6155020;V615502002;HINnJ;1;"2002-08-31 00:00:00";"2002-08-31 00:00:00";16;2889;20;10;0;<FLG>
V6155020;V615502002;HINnJ;1;"2002-09-01 00:00:00";"2002-09-01 00:00:00";16;3299;20;10;0;<FLG>
V6155020;V615502002;HINnJ;1;"2002-09-02 00:00:00";"2002-09-02 23:59:59";16;3075;20;10;0;<FLG>
V6155020;V615502002;HINnJ;1;"2002-09-03 00:00:00";"2002-09-03 23:59:59";16;2875;20;10;0;<FLG>
V6155020;V615502002;HINnJ;1;"2002-09-04 00:00:00";"2002-09-04 09:00:00";16;2800;20;10;0;<FLG>
V6155020;V615502002;HINnJ;1;"2002-09-05 00:00:00";"2002-09-05 00:00:00";16;4250;20;10;0;<FLG>
V6155020;V615502002;HINnJ;1;"2002-09-06 00:00:00";"2002-09-06 00:00:00";16;9170;20;10;0;<FLG>
V6155020;V615502002;HINnJ;1;"2002-09-07 00:00:00";"2002-09-07 23:59:59";16;13037;20;10;0;<FLG>
V6155020;V615502002;HINnJ;1;"2002-09-08 00:00:00";"2002-09-08 23:59:59";16;11337;20;10;0;<FLG>
V6155020;V615502002;HINnJ;1;"2002-09-09 00:00:00";"2002-09-09 03:55:00";16;11060;20;10;0;<FLG>
V6155020;V615502002;HINnJ;1;"2002-09-10 00:00:00";"2002-09-10 00:00:00";16;16405;20;10;0;<FLG>
V6155020;V615502002;HINnJ;1;"2002-09-11 00:00:00";"2002-09-11 00:00:00";16;21050;20;10;0;<FLG>
V6155020;V615502002;HINnJ;1;"2002-09-12 00:00:00";"2002-09-12 23:59:59";16;22268;20;10;0;<FLG>
V6155020;V615502002;HINnJ;1;"2002-09-13 00:00:00";"2002-09-13 09:00:00";16;22230;20;10;0;<FLG>
V6155020;V615502002;HINnJ;1;"2002-09-14 00:00:00";"2002-09-14 23:59:59";16;22230;20;10;0;<FLG>
V6155020;V615502002;HINnJ;1;"2002-09-15 00:00:00";"2002-09-15 23:59:59";16;21777;20;10;0;<FLG>
V6155020;V615502002;HINnJ;1;"2002-09-16 00:00:00";"2002-09-16 23:59:59";16;21100;20;10;0;<FLG>
V6155020;V615502002;HINnJ;1;"2002-09-17 00:00:00";"2002-09-17 23:59:59";16;20424;20;10;0;<FLG>
V6155020;V615502002;HINnJ;1;"2002-09-18 00:00:00";"2002-09-18 23:59:59";16;19235;20;10;0;<FLG>
V6155020;V615502002;HINnJ;1;"2002-09-19 00:00:00";"2002-09-19 23:59:59";16;17738;20;10;0;<FLG>
V6155020;V615502002;HINnJ;1;"2002-09-20 00:00:00";"2002-09-20 23:59:59";16;16241;20;10;0;<FLG>
V6155020;V615502002;HINnJ;1;"2002-09-21 00:00:00";"2002-09-21 23:59:59";16;15107;20;10;0;<FLG>
V6155020;V615502002;HINnJ;1;"2002-09-22 00:00:00";"2002-09-22 23:59:59";16;14190;20;10;0;<FLG>
V6155020;V615502002;HINnJ;1;"2002-09-23 00:00:00";"2002-09-23 23:59:59";16;13274;20;10;0;<FLG>
V6155020;V615502002;HINnJ;1;"2002-09-24 00:00:00";"2002-09-24 23:59:59";16;12470;20;10;0;<FLG>
V6155020;V615502002;HINnJ;1;"2002-09-25 00:00:00";"2002-09-25 23:59:59";16;11733;20;10;0;<FLG>
V6155020;V615502002;HINnJ;1;"2002-09-26 00:00:00";"2002-09-26 23:59:59";16;10996;20;10;0;<FLG>
V6155020;V615502002;HINnJ;1;"2002-09-27 00:00:00";"2002-09-27 23:59:59";16;10260;20;10;0;<FLG>
V6155020;V615502002;HINnJ;1;"2002-09-28 00:00:00";"2002-09-28 23:59:59";16;9523;20;10;0;<FLG>
V6155020;V615502002;HINnJ;1;"2002-09-29 00:00:00";"2002-09-29 23:59:59";16;8786;20;10;0;<FLG>
V6155020;V615502002;HINnJ;1;"2002-09-30 00:00:00";"2002-09-30 23:59:59";16;8476;20;10;0;<FLG>
V6155020;V615502002;HINnJ;1;"2002-10-01 00:00:00";"2002-10-01 23:59:59";16;8421;20;10;0;<FLG>
V6155020;V615502002;HINnJ;1;"2002-10-02 00:00:00";"2002-10-02 23:59:59";16;7924;20;10;0;<FLG>
V6155020;V615502002;HINnJ;1;"2002-10-03 00:00:00";"2002-10-03 23:59:59";16;7162;20;10;0;<FLG>
V6155020;V615502002;HINnJ;1;"2002-10-04 00:00:00";"2002-10-04 23:59:59";16;6650;20;10;0;<FLG>
V6155020;V615502002;HINnJ;1;"2002-10-05 00:00:00";"2002-10-05 23:59:59";16;6364;20;10;0;<FLG>
V6155020;V615502002;HINnJ;1;"2002-10-06 00:00:00";"2002-10-06 23:59:59";16;6079;20;10;0;<FLG>
V6155020;V615502002;HINnJ;1;"2002-10-07 00:00:00";"2002-10-07 23:59:59";16;5793;20;10;0;<FLG>
V6155020;V615502002;HINnJ;1;"2002-10-08 00:00:00";"2002-10-08 23:59:59";16;5507;20;10;0;<FLG>
V6155020;V615502002;HINnJ;1;"2002-10-09 00:00:00";"2002-10-09 09:00:00";16;5400;20;10;0;<FLG>
V6155020;V615502002;HINnJ;1;"2002-10-10 00:00:00";"2002-10-10 00:00:00";16;6266;20;10;0;<FLG>
V6155020;V615502002;HINnJ;1;"2002-10-11 00:00:00";"2002-10-11 00:00:00";16;7651;20;10;0;<FLG>
V6155020;V615502002;HINnJ;1;"2002-10-12 00:00:00";"2002-10-12 00:00:00";16;8789;20;10;0;<FLG>
V6155020;V615502002;HINnJ;1;"2002-10-13 00:00:00";"2002-10-13 23:59:59";16;8282;20;10;0;<FLG>
V6155020;V615502002;HINnJ;1;"2002-10-14 00:00:00";"2002-10-14 23:59:59";16;7742;20;10;0;<FLG>
V6155020;V615502002;HINnJ;1;"2002-10-15 00:00:00";"2002-10-15 23:59:59";16;7202;20;10;0;<FLG>
V6155020;V615502002;HINnJ;1;"2002-10-16 00:00:00";"2002-10-16 23:59:59";16;6862;20;10;0;<FLG>
V6155020;V615502002;HINnJ;1;"2002-10-17 00:00:00";"2002-10-17 23:59:59";16;6642;20;10;0;<FLG>
V6155020;V615502002;HINnJ;1;"2002-10-18 00:00:00";"2002-10-18 23:59:59";16;6422;20;10;0;<FLG>
V6155020;V615502002;HINnJ;1;"2002-10-19 00:00:00";"2002-10-19 23:59:59";16;6202;20;10;0;<FLG>
V6155020;V615502002;HINnJ;1;"2002-10-20 00:00:00";"2002-10-20 23:59:59";16;5982;20;10;0;<FLG>
V6155020;V615502002;HINnJ;1;"2002-10-21 00:00:00";"2002-10-21 09:00:00";16;5900;20;10;0;<FLG>
V6155020;V615502002;HINnJ;1;"2002-10-22 00:00:00";"2002-10-22 00:00:00";16;6285;20;10;0;<FLG>
V6155020;V615502002;HINnJ;1;"2002-10-23 00:00:00";"2002-10-23 00:00:00";16;6902;20;10;0;<FLG>
V6155020;V615502002;HINnJ;1;"2002-10-24 00:00:00";"2002-10-24 00:00:00";16;7519;20;10;0;<FLG>
V6155020;V615502002;HINnJ;1;"2002-10-25 00:00:00";"2002-10-25 23:59:59";16;7682;20;10;0;<FLG>
V6155020;V615502002;HINnJ;1;"2002-10-26 00:00:00";"2002-10-26 23:59:59";16;7375;20;10;0;<FLG>
V6155020;V615502002;HINnJ;1;"2002-10-27 00:00:00";"2002-10-27 23:59:59";16;7015;20;10;0;<FLG>
V6155020;V615502002;HINnJ;1;"2002-10-28 00:00:00";"2002-10-28 23:59:59";16;6655;20;10;0;<FLG>
V6155020;V615502002;HINnJ;1;"2002-10-29 00:00:00";"2002-10-29 23:59:59";16;6295;20;10;0;<FLG>
V6155020;V615502002;HINnJ;1;"2002-10-30 00:00:00";"2002-10-30 23:59:59";16;5935;20;10;0;<FLG>
V6155020;V615502002;HINnJ;1;"2002-10-31 00:00:00";"2002-10-31 09:00:00";16;5800;20;10;0;<FLG>
V6155020;V615502002;HINnJ;1;"2002-11-01 00:00:00";"2002-11-01 00:00:00";16;5800;20;10;0;<FLG>
V6155020;V615502002;HINnJ;1;"2002-11-02 00:00:00";"2002-11-02 23:59:59";16;5531;20;10;0;<FLG>
V6155020;V615502002;HINnJ;1;"2002-11-03 00:00:00";"2002-11-03 23:59:59";16;5261;20;10;0;<FLG>
V6155020;V615502002;HINnJ;1;"2002-11-04 00:00:00";"2002-11-04 23:59:59";16;4991;20;10;0;<FLG>
V6155020;V615502002;HINnJ;1;"2002-11-05 00:00:00";"2002-11-05 23:59:59";16;4721;20;10;0;<FLG>
V6155020;V615502002;HINnJ;1;"2002-11-06 00:00:00";"2002-11-06 23:59:59";16;4451;20;10;0;<FLG>
V6155020;V615502002;HINnJ;1;"2002-11-07 00:00:00";"2002-11-07 23:59:59";16;4181;20;10;0;<FLG>
V6155020;V615502002;HINnJ;1;"2002-11-08 00:00:00";"2002-11-08 23:59:59";16;3992;20;10;0;<FLG>
V6155020;V615502002;HINnJ;1;"2002-11-09 00:00:00";"2002-11-09 23:59:59";16;3852;20;10;0;<FLG>
V6155020;V615502002;HINnJ;1;"2002-11-10 00:00:00";"2002-11-10 23:59:59";16;3733;20;10;0;<FLG>
V6155020;V615502002;HINnJ;1;"2002-11-11 00:00:00";"2002-11-11 23:59:59";16;3627;20;10;0;<FLG>
V6155020;V615502002;HINnJ;1;"2002-11-12 00:00:00";"2002-11-12 23:59:59";16;3520;20;10;0;<FLG>
V6155020;V615502002;HINnJ;1;"2002-11-13 00:00:00";"2002-11-13 09:00:00";16;3480;20;10;0;<FLG>
V6155020;V615502002;HINnJ;1;"2002-11-14 00:00:00";"2002-11-14 00:00:00";16;4305;20;10;0;<FLG>
V6155020;V615502002;HINnJ;1;"2002-11-15 00:00:00";"2002-11-15 00:00:00";16;15269;20;10;0;<FLG>
V6155020;V615502002;HINnJ;1;"2002-11-16 00:00:00";"2002-11-16 00:00:00";16;22506;20;10;0;<FLG>
V6155020;V615502002;HINnJ;1;"2002-11-17 00:00:00";"2002-11-17 00:00:00";16;23268;20;10;0;<FLG>
V6155020;V615502002;HINnJ;1;"2002-11-18 00:00:00";"2002-11-18 00:00:00";16;23392;20;10;0;<FLG>
V6155020;V615502002;HINnJ;1;"2002-11-19 00:00:00";"2002-11-19 23:59:59";16;23369;20;10;0;<FLG>
V6155020;V615502002;HINnJ;1;"2002-11-20 00:00:00";"2002-11-20 23:59:59";16;23312;20;10;0;<FLG>
V6155020;V615502002;HINnJ;1;"2002-11-21 00:00:00";"2002-11-21 09:00:00";16;23290;20;10;0;<FLG>
V6155020;V615502002;HINnJ;1;"2002-11-22 00:00:00";"2002-11-22 09:00:00";16;23290;20;10;0;<FLG>
V6155020;V615502002;HINnJ;1;"2002-11-23 00:00:00";"2002-11-23 00:00:00";16;23293;20;10;0;<FLG>
V6155020;V615502002;HINnJ;1;"2002-11-24 00:00:00";"2002-11-24 00:00:00";16;23298;20;10;0;<FLG>
V6155020;V615502002;HINnJ;1;"2002-11-25 00:00:00";"2002-11-25 00:00:00";16;23388;20;10;0;<FLG>
V6155020;V615502002;HINnJ;1;"2002-11-26 00:00:00";"2002-11-26 00:00:00";16;23502;20;10;0;<FLG>
V6155020;V615502002;HINnJ;1;"2002-11-27 00:00:00";"2002-11-27 00:00:00";16;23565;20;10;0;<FLG>
V6155020;V615502002;HINnJ;1;"2002-11-28 00:00:00";"2002-11-28 09:00:00";16;23580;20;10;0;<FLG>
V6155020;V615502002;HINnJ;1;"2002-11-29 00:00:00";"2002-11-29 09:00:00";16;23580;20;10;0;<FLG>
V6155020;V615502002;HINnJ;1;"2002-11-30 00:00:00";"2002-11-30 09:00:00";16;23580;20;10;0;<FLG>
V6155020;V615502002;HINnJ;1;"2002-12-01 00:00:00";"2002-12-01 00:00:00";16;23580;20;10;0;<FLG>
V6155020;V615502002;HINnJ;1;"2002-12-02 00:00:00";"2002-12-02 23:59:59";16;23551;20;10;0;<FLG>
V6155020;V615502002;HINnJ;1;"2002-12-03 00:00:00";"2002-12-03 23:59:59";16;23504;20;10;0;<FLG>
V6155020;V615502002;HINnJ;1;"2002-12-04 00:00:00";"2002-12-04 23:59:59";16;23457;20;10;0;<FLG>
V6155020;V615502002;HINnJ;1;"2002-12-05 00:00:00";"2002-12-05 23:59:59";16;23401;20;10;0;<FLG>
V6155020;V615502002;HINnJ;1;"2002-12-06 00:00:00";"2002-12-06 23:59:59";16;23334;20;10;0;<FLG>
V6155020;V615502002;HINnJ;1;"2002-12-07 00:00:00";"2002-12-07 23:59:59";16;23267;20;10;0;<FLG>
V6155020;V615502002;HINnJ;1;"2002-12-08 00:00:00";"2002-12-08 23:59:59";16;23200;20;10;0;<FLG>
V6155020;V615502002;HINnJ;1;"2002-12-09 00:00:00";"2002-12-09 23:59:59";16;23133;20;10;0;<FLG>
V6155020;V615502002;HINnJ;1;"2002-12-10 00:00:00";"2002-12-10 23:59:59";16;23080;20;10;0;<FLG>
V6155020;V615502002;HINnJ;1;"2002-12-11 00:00:00";"2002-12-11 23:59:59";16;23051;20;10;0;<FLG>
V6155020;V615502002;HINnJ;1;"2002-12-12 00:00:00";"2002-12-12 23:59:59";16;23020;20;10;0;<FLG>
V6155020;V615502002;HINnJ;1;"2002-12-13 00:00:00";"2002-12-13 23:59:59";16;22980;20;10;0;<FLG>
V6155020;V615502002;HINnJ;1;"2002-12-14 00:00:00";"2002-12-14 18:36:00";16;22950;20;10;0;<FLG>
V6155020;V615502002;HINnJ;1;"2002-12-15 00:00:00";"2002-12-15 00:00:00";16;22958;20;10;0;<FLG>
V6155020;V615502002;HINnJ;1;"2002-12-16 00:00:00";"2002-12-16 00:00:00";16;22991;20;10;0;<FLG>
V6155020;V615502002;HINnJ;1;"2002-12-17 00:00:00";"2002-12-17 23:59:59";16;22983;20;10;0;<FLG>
V6155020;V615502002;HINnJ;1;"2002-12-18 00:00:00";"2002-12-18 23:59:59";16;22950;20;10;0;<FLG>
V6155020;V615502002;HINnJ;1;"2002-12-19 00:00:00";"2002-12-19 23:59:59";16;22916;20;10;0;<FLG>
V6155020;V615502002;HINnJ;1;"2002-12-20 00:00:00";"2002-12-20 23:59:59";16;22849;20;10;0;<FLG>
V6155020;V615502002;HINnJ;1;"2002-12-21 00:00:00";"2002-12-21 23:59:59";16;22782;20;10;0;<FLG>
V6155020;V615502002;HINnJ;1;"2002-12-22 00:00:00";"2002-12-22 23:59:59";16;22714;20;10;0;<FLG>
V6155020;V615502002;HINnJ;1;"2002-12-23 00:00:00";"2002-12-23 23:59:59";16;22647;20;10;0;<FLG>
V6155020;V615502002;HINnJ;1;"2002-12-24 00:00:00";"2002-12-24 02:36:00";16;22640;20;10;0;<FLG>
V6155020;V615502002;HINnJ;1;"2002-12-25 00:00:00";"2002-12-25 00:00:00";16;22660;20;10;0;<FLG>
V6155020;V615502002;HINnJ;1;"2002-12-26 00:00:00";"2002-12-26 00:00:00";16;22683;20;10;0;<FLG>
V6155020;V615502002;HINnJ;1;"2002-12-27 00:00:00";"2002-12-27 00:00:00";16;22706;20;10;0;<FLG>
V6155020;V615502002;HINnJ;1;"2002-12-28 00:00:00";"2002-12-28 00:00:00";16;22728;20;10;0;<FLG>
V6155020;V615502002;HINnJ;1;"2002-12-29 00:00:00";"2002-12-29 00:00:00";16;22751;20;10;0;<FLG>
V6155020;V615502002;HINnJ;1;"2002-12-30 00:00:00";"2002-12-30 00:00:00";16;22774;20;10;0;<FLG>
V6155020;V615502002;HINnJ;1;"2002-12-31 00:00:00";"2002-12-31 00:00:00";16;22796;20;10;0;<FLG>
V6155020;V615502002;HINnJ;1;"2003-01-01 00:00:00";"2003-01-01 00:00:00";16;22819;20;10;0;<FLG>
V6155020;V615502002;HINnJ;1;"2003-01-02 00:00:00";"2003-01-02 23:59:59";16;22775;20;10;0;<FLG>
V6155020;V615502002;HINnJ;1;"2003-01-03 00:00:00";"2003-01-03 23:59:59";16;22670;20;10;0;<FLG>
V6155020;V615502002;HINnJ;1;"2003-01-04 00:00:00";"2003-01-04 23:59:59";16;22595;20;10;0;<FLG>
V6155020;V615502002;HINnJ;1;"2003-01-05 00:00:00";"2003-01-05 23:59:59";16;22559;20;10;0;<FLG>
V6155020;V615502002;HINnJ;1;"2003-01-06 00:00:00";"2003-01-06 23:59:59";16;22523;20;10;0;<FLG>
V6155020;V615502002;HINnJ;1;"2003-01-07 00:00:00";"2003-01-07 23:59:59";16;22483;20;10;0;<FLG>
V6155020;V615502002;HINnJ;1;"2003-01-08 00:00:00";"2003-01-08 23:59:59";16;22434;20;10;0;<FLG>
V6155020;V615502002;HINnJ;1;"2003-01-09 00:00:00";"2003-01-09 23:59:59";16;22385;20;10;0;<FLG>
V6155020;V615502002;HINnJ;1;"2003-01-10 00:00:00";"2003-01-10 23:59:59";16;22336;20;10;0;<FLG>
V6155020;V615502002;HINnJ;1;"2003-01-11 00:00:00";"2003-01-11 23:59:59";16;22293;20;10;0;<FLG>
V6155020;V615502002;HINnJ;1;"2003-01-12 00:00:00";"2003-01-12 23:59:59";16;22267;20;10;0;<FLG>
V6155020;V615502002;HINnJ;1;"2003-01-13 00:00:00";"2003-01-13 23:59:59";16;22240;20;10;0;<FLG>
V6155020;V615502002;HINnJ;1;"2003-01-14 00:00:00";"2003-01-14 23:59:59";16;22213;20;10;0;<FLG>
V6155020;V615502002;HINnJ;1;"2003-01-15 00:00:00";"2003-01-15 23:59:59";16;22187;20;10;0;<FLG>
V6155020;V615502002;HINnJ;1;"2003-01-16 00:00:00";"2003-01-16 23:59:59";16;22160;20;10;0;<FLG>
V6155020;V615502002;HINnJ;1;"2003-01-17 00:00:00";"2003-01-17 23:59:59";16;22134;20;10;0;<FLG>
V6155020;V615502002;HINnJ;1;"2003-01-18 00:00:00";"2003-01-18 23:59:59";16;22107;20;10;0;<FLG>
V6155020;V615502002;HINnJ;1;"2003-01-19 00:00:00";"2003-01-19 23:59:59";16;22081;20;10;0;<FLG>
V6155020;V615502002;HINnJ;1;"2003-01-20 00:00:00";"2003-01-20 18:36:00";16;22060;20;10;0;<FLG>
V6155020;V615502002;HINnJ;1;"2003-01-21 00:00:00";"2003-01-21 00:00:00";16;22140;20;10;0;<FLG>
V6155020;V615502002;HINnJ;1;"2003-01-22 00:00:00";"2003-01-22 00:00:00";16;22495;20;10;0;<FLG>
V6155020;V615502002;HINnJ;1;"2003-01-23 00:00:00";"2003-01-23 00:00:00";16;22851;20;10;0;<FLG>
V6155020;V615502002;HINnJ;1;"2003-01-24 00:00:00";"2003-01-24 23:59:59";16;23109;20;10;0;<FLG>
V6155020;V615502002;HINnJ;1;"2003-01-25 00:00:00";"2003-01-25 23:59:59";16;23074;20;10;0;<FLG>
V6155020;V615502002;HINnJ;1;"2003-01-26 00:00:00";"2003-01-26 23:59:59";16;23039;20;10;0;<FLG>
V6155020;V615502002;HINnJ;1;"2003-01-27 00:00:00";"2003-01-27 23:59:59";16;23003;20;10;0;<FLG>
V6155020;V615502002;HINnJ;1;"2003-01-28 00:00:00";"2003-01-28 23:59:59";16;22965;20;10;0;<FLG>
V6155020;V615502002;HINnJ;1;"2003-01-29 00:00:00";"2003-01-29 23:59:59";16;22887;20;10;0;<FLG>
V6155020;V615502002;HINnJ;1;"2003-01-30 00:00:00";"2003-01-30 23:59:59";16;22808;20;10;0;<FLG>
V6155020;V615502002;HINnJ;1;"2003-01-31 00:00:00";"2003-01-31 23:59:59";16;22737;20;10;0;<FLG>
V6155020;V615502002;HINnJ;1;"2003-02-01 00:00:00";"2003-02-01 23:59:59";16;22667;20;10;0;<FLG>
V6155020;V615502002;HINnJ;1;"2003-02-02 00:00:00";"2003-02-02 23:59:59";16;22596;20;10;0;<FLG>
V6155020;V615502002;HINnJ;1;"2003-02-03 00:00:00";"2003-02-03 23:59:59";16;22508;20;10;0;<FLG>
V6155020;V615502002;HINnJ;1;"2003-02-04 00:00:00";"2003-02-04 23:59:59";16;22460;20;10;0;<FLG>
V6155020;V615502002;HINnJ;1;"2003-02-05 00:00:00";"2003-02-05 23:59:59";16;22443;20;10;0;<FLG>
V6155020;V615502002;HINnJ;1;"2003-02-06 00:00:00";"2003-02-06 23:59:59";16;22426;20;10;0;<FLG>
V6155020;V615502002;HINnJ;1;"2003-02-07 00:00:00";"2003-02-07 23:59:59";16;22398;20;10;0;<FLG>
V6155020;V615502002;HINnJ;1;"2003-02-08 00:00:00";"2003-02-08 23:59:59";16;22363;20;10;0;<FLG>
V6155020;V615502002;HINnJ;1;"2003-02-09 00:00:00";"2003-02-09 23:59:59";16;22333;20;10;0;<FLG>
V6155020;V615502002;HINnJ;1;"2003-02-10 00:00:00";"2003-02-10 23:59:59";16;22307;20;10;0;<FLG>
V6155020;V615502002;HINnJ;1;"2003-02-11 00:00:00";"2003-02-11 23:59:59";16;22280;20;10;0;<FLG>
V6155020;V615502002;HINnJ;1;"2003-02-12 00:00:00";"2003-02-12 23:59:59";16;22234;20;10;0;<FLG>
V6155020;V615502002;HINnJ;1;"2003-02-13 00:00:00";"2003-02-13 23:59:59";16;22176;20;10;0;<FLG>
V6155020;V615502002;HINnJ;1;"2003-02-14 00:00:00";"2003-02-14 23:59:59";16;22118;20;10;0;<FLG>
V6155020;V615502002;HINnJ;1;"2003-02-15 00:00:00";"2003-02-15 23:59:59";16;22060;20;10;0;<FLG>
V6155020;V615502002;HINnJ;1;"2003-02-16 00:00:00";"2003-02-16 23:59:59";16;22002;20;10;0;<FLG>
V6155020;V615502002;HINnJ;1;"2003-02-17 00:00:00";"2003-02-17 23:59:59";16;21911;20;10;0;<FLG>
V6155020;V615502002;HINnJ;1;"2003-02-18 00:00:00";"2003-02-18 23:59:59";16;21801;20;10;0;<FLG>
V6155020;V615502002;HINnJ;1;"2003-02-19 00:00:00";"2003-02-19 23:59:59";16;21691;20;10;0;<FLG>
V6155020;V615502002;HINnJ;1;"2003-02-20 00:00:00";"2003-02-20 23:59:59";16;21581;20;10;0;<FLG>
V6155020;V615502002;HINnJ;1;"2003-02-21 00:00:00";"2003-02-21 23:59:59";16;21471;20;10;0;<FLG>
V6155020;V615502002;HINnJ;1;"2003-02-22 00:00:00";"2003-02-22 23:59:59";16;21361;20;10;0;<FLG>
V6155020;V615502002;HINnJ;1;"2003-02-23 00:00:00";"2003-02-23 23:59:59";16;21251;20;10;0;<FLG>
V6155020;V615502002;HINnJ;1;"2003-02-24 00:00:00";"2003-02-24 23:59:59";16;21141;20;10;0;<FLG>
V6155020;V615502002;HINnJ;1;"2003-02-25 00:00:00";"2003-02-25 23:59:59";16;20940;20;10;0;<FLG>
V6155020;V615502002;HINnJ;1;"2003-02-26 00:00:00";"2003-02-26 23:59:59";16;20683;20;10;0;<FLG>
V6155020;V615502002;HINnJ;1;"2003-02-27 00:00:00";"2003-02-27 23:59:59";16;20426;20;10;0;<FLG>
V6155020;V615502002;HINnJ;1;"2003-02-28 00:00:00";"2003-02-28 09:00:00";16;20330;20;10;0;<FLG>
V6155020;V615502002;HINnJ;1;"2003-03-01 00:00:00";"2003-03-01 00:00:00";16;20330;20;10;0;<FLG>
V6155020;V615502002;HINnJ;1;"2003-03-02 00:00:00";"2003-03-02 23:59:59";16;20148;20;10;0;<FLG>
V6155020;V615502002;HINnJ;1;"2003-03-03 00:00:00";"2003-03-03 23:59:59";16;19858;20;10;0;<FLG>
V6155020;V615502002;HINnJ;1;"2003-03-04 00:00:00";"2003-03-04 23:59:59";16;19567;20;10;0;<FLG>
V6155020;V615502002;HINnJ;1;"2003-03-05 00:00:00";"2003-03-05 23:59:59";16;19276;20;10;0;<FLG>
V6155020;V615502002;HINnJ;1;"2003-03-06 00:00:00";"2003-03-06 07:06:00";16;19190;20;10;0;<FLG>
V6155020;V615502002;HINnJ;1;"2003-03-07 00:00:00";"2003-03-07 00:00:00";16;19222;20;10;0;<FLG>
V6155020;V615502002;HINnJ;1;"2003-03-08 00:00:00";"2003-03-08 00:00:00";16;19268;20;10;0;<FLG>
V6155020;V615502002;HINnJ;1;"2003-03-09 00:00:00";"2003-03-09 23:59:59";16;19078;20;10;0;<FLG>
V6155020;V615502002;HINnJ;1;"2003-03-10 00:00:00";"2003-03-10 23:59:59";16;18936;20;10;0;<FLG>
V6155020;V615502002;HINnJ;1;"2003-03-11 00:00:00";"2003-03-11 23:59:59";16;18839;20;10;0;<FLG>
V6155020;V615502002;HINnJ;1;"2003-03-12 00:00:00";"2003-03-12 23:59:59";16;18741;20;10;0;<FLG>
V6155020;V615502002;HINnJ;1;"2003-03-13 00:00:00";"2003-03-13 23:59:59";16;18626;20;10;0;<FLG>
V6155020;V615502002;HINnJ;1;"2003-03-14 00:00:00";"2003-03-14 23:59:59";16;18512;20;10;0;<FLG>
V6155020;V615502002;HINnJ;1;"2003-03-15 00:00:00";"2003-03-15 23:59:59";16;18254;20;10;0;<FLG>
V6155020;V615502002;HINnJ;1;"2003-03-16 00:00:00";"2003-03-16 23:59:59";16;17822;20;10;0;<FLG>
V6155020;V615502002;HINnJ;1;"2003-03-17 00:00:00";"2003-03-17 23:59:59";16;17413;20;10;0;<FLG>
V6155020;V615502002;HINnJ;1;"2003-03-18 00:00:00";"2003-03-18 23:59:59";16;17066;20;10;0;<FLG>
V6155020;V615502002;HINnJ;1;"2003-03-19 00:00:00";"2003-03-19 23:59:59";16;16720;20;10;0;<FLG>
V6155020;V615502002;HINnJ;1;"2003-03-20 00:00:00";"2003-03-20 23:59:59";16;16374;20;10;0;<FLG>
V6155020;V615502002;HINnJ;1;"2003-03-21 00:00:00";"2003-03-21 23:59:59";16;16028;20;10;0;<FLG>
V6155020;V615502002;HINnJ;1;"2003-03-22 00:00:00";"2003-03-22 23:59:59";16;15682;20;10;0;<FLG>
V6155020;V615502002;HINnJ;1;"2003-03-23 00:00:00";"2003-03-23 23:59:59";16;15371;20;10;0;<FLG>
V6155020;V615502002;HINnJ;1;"2003-03-24 00:00:00";"2003-03-24 23:59:59";16;15077;20;10;0;<FLG>
V6155020;V615502002;HINnJ;1;"2003-03-25 00:00:00";"2003-03-25 23:59:59";16;14784;20;10;0;<FLG>
V6155020;V615502002;HINnJ;1;"2003-03-26 00:00:00";"2003-03-26 23:59:59";16;14533;20;10;0;<FLG>
V6155020;V615502002;HINnJ;1;"2003-03-27 00:00:00";"2003-03-27 23:59:59";16;14310;20;10;0;<FLG>
V6155020;V615502002;HINnJ;1;"2003-03-28 00:00:00";"2003-03-28 23:59:59";16;14087;20;10;0;<FLG>
V6155020;V615502002;HINnJ;1;"2003-03-29 00:00:00";"2003-03-29 23:59:59";16;13864;20;10;0;<FLG>
V6155020;V615502002;HINnJ;1;"2003-03-30 00:00:00";"2003-03-30 23:59:59";16;13640;20;10;0;<FLG>
V6155020;V615502002;HINnJ;1;"2003-03-31 00:00:00";"2003-03-31 23:59:59";16;13417;20;10;0;<FLG>
V6155020;V615502002;HINnJ;1;"2003-04-01 00:00:00";"2003-04-01 23:59:59";16;13194;20;10;0;<FLG>
V6155020;V615502002;HINnJ;1;"2003-04-02 00:00:00";"2003-04-02 23:59:59";16;13082;20;10;0;<FLG>
V6155020;V615502002;HINnJ;1;"2003-04-03 00:00:00";"2003-04-03 23:59:59";16;13036;20;10;0;<FLG>
V6155020;V615502002;HINnJ;1;"2003-04-04 00:00:00";"2003-04-04 23:59:59";16;12991;20;10;0;<FLG>
V6155020;V615502002;HINnJ;1;"2003-04-05 00:00:00";"2003-04-05 23:59:59";16;12946;20;10;0;<FLG>
V6155020;V615502002;HINnJ;1;"2003-04-06 00:00:00";"2003-04-06 23:59:59";16;12900;20;10;0;<FLG>
V6155020;V615502002;HINnJ;1;"2003-04-07 00:00:00";"2003-04-07 23:59:59";16;12855;20;10;0;<FLG>
V6155020;V615502002;HINnJ;1;"2003-04-08 00:00:00";"2003-04-08 23:59:59";16;12809;20;10;0;<FLG>
V6155020;V615502002;HINnJ;1;"2003-04-09 00:00:00";"2003-04-09 23:59:59";16;12764;20;10;0;<FLG>
V6155020;V615502002;HINnJ;1;"2003-04-10 00:00:00";"2003-04-10 02:09:00";16;12760;20;10;0;<FLG>
V6155020;V615502002;HINnJ;1;"2003-04-11 00:00:00";"2003-04-11 00:00:00";16;14490;20;10;0;<FLG>
V6155020;V615502002;HINnJ;1;"2003-04-12 00:00:00";"2003-04-12 00:00:00";16;16389;20;10;0;<FLG>
V6155020;V615502002;HINnJ;1;"2003-04-13 00:00:00";"2003-04-13 00:00:00";16;18289;20;10;0;<FLG>
V6155020;V615502002;HINnJ;1;"2003-04-14 00:00:00";"2003-04-14 00:00:00";16;20189;20;10;0;<FLG>
V6155020;V615502002;HINnJ;1;"2003-04-15 00:00:00";"2003-04-15 00:00:00";16;21821;20;10;0;<FLG>
V6155020;V615502002;HINnJ;1;"2003-04-16 00:00:00";"2003-04-16 23:59:59";16;21852;20;10;0;<FLG>
V6155020;V615502002;HINnJ;1;"2003-04-17 00:00:00";"2003-04-17 23:59:59";16;21745;20;10;0;<FLG>
V6155020;V615502002;HINnJ;1;"2003-04-18 00:00:00";"2003-04-18 01:11:00";16;21740;20;10;0;<FLG>
V6155020;V615502002;HINnJ;1;"2003-04-19 00:00:00";"2003-04-19 00:00:00";16;21838;20;10;0;<FLG>
V6155020;V615502002;HINnJ;1;"2003-04-20 00:00:00";"2003-04-20 00:00:00";16;21940;20;10;0;<FLG>
V6155020;V615502002;HINnJ;1;"2003-04-21 00:00:00";"2003-04-21 00:00:00";16;22043;20;10;0;<FLG>
V6155020;V615502002;HINnJ;1;"2003-04-22 00:00:00";"2003-04-22 00:00:00";16;22145;20;10;0;<FLG>
V6155020;V615502002;HINnJ;1;"2003-04-23 00:00:00";"2003-04-23 23:59:59";16;22187;20;10;0;<FLG>
V6155020;V615502002;HINnJ;1;"2003-04-24 00:00:00";"2003-04-24 23:59:59";16;22104;20;10;0;<FLG>
V6155020;V615502002;HINnJ;1;"2003-04-25 00:00:00";"2003-04-25 23:59:59";16;22020;20;10;0;<FLG>
V6155020;V615502002;HINnJ;1;"2003-04-26 00:00:00";"2003-04-26 23:59:59";16;21937;20;10;0;<FLG>
V6155020;V615502002;HINnJ;1;"2003-04-27 00:00:00";"2003-04-27 23:59:59";16;21854;20;10;0;<FLG>
V6155020;V615502002;HINnJ;1;"2003-04-28 00:00:00";"2003-04-28 23:59:59";16;21747;20;10;0;<FLG>
V6155020;V615502002;HINnJ;1;"2003-04-29 00:00:00";"2003-04-29 23:59:59";16;21631;20;10;0;<FLG>
V6155020;V615502002;HINnJ;1;"2003-04-30 00:00:00";"2003-04-30 23:59:59";16;21480;20;10;0;<FLG>
V6155020;V615502002;HINnJ;1;"2003-05-01 00:00:00";"2003-05-01 23:59:59";16;21086;20;10;0;<FLG>
V6155020;V615502002;HINnJ;1;"2003-05-02 00:00:00";"2003-05-02 23:59:59";16;20594;20;10;0;<FLG>
V6155020;V615502002;HINnJ;1;"2003-05-03 00:00:00";"2003-05-03 23:59:59";16;20102;20;10;0;<FLG>
V6155020;V615502002;HINnJ;1;"2003-05-04 00:00:00";"2003-05-04 23:59:59";16;19706;20;10;0;<FLG>
V6155020;V615502002;HINnJ;1;"2003-05-05 00:00:00";"2003-05-05 23:59:59";16;19310;20;10;0;<FLG>
V6155020;V615502002;HINnJ;1;"2003-05-06 00:00:00";"2003-05-06 23:59:59";16;18914;20;10;0;<FLG>
V6155020;V615502002;HINnJ;1;"2003-05-07 00:00:00";"2003-05-07 23:59:59";16;18426;20;10;0;<FLG>
V6155020;V615502002;HINnJ;1;"2003-05-08 00:00:00";"2003-05-08 23:59:59";16;17808;20;10;0;<FLG>
V6155020;V615502002;HINnJ;1;"2003-05-09 00:00:00";"2003-05-09 23:59:59";16;17189;20;10;0;<FLG>
V6155020;V615502002;HINnJ;1;"2003-05-10 00:00:00";"2003-05-10 23:59:59";16;16703;20;10;0;<FLG>
V6155020;V615502002;HINnJ;1;"2003-05-11 00:00:00";"2003-05-11 23:59:59";16;16255;20;10;0;<FLG>
V6155020;V615502002;HINnJ;1;"2003-05-12 00:00:00";"2003-05-12 23:59:59";16;15807;20;10;0;<FLG>
V6155020;V615502002;HINnJ;1;"2003-05-13 00:00:00";"2003-05-13 23:59:59";16;15360;20;10;0;<FLG>
V6155020;V615502002;HINnJ;1;"2003-05-14 00:00:00";"2003-05-14 23:59:59";16;14912;20;10;0;<FLG>
V6155020;V615502002;HINnJ;1;"2003-05-15 00:00:00";"2003-05-15 23:59:59";16;14464;20;10;0;<FLG>
V6155020;V615502002;HINnJ;1;"2003-05-16 00:00:00";"2003-05-16 23:59:59";16;14017;20;10;0;<FLG>
V6155020;V615502002;HINnJ;1;"2003-05-17 00:00:00";"2003-05-17 23:59:59";16;13584;20;10;0;<FLG>
V6155020;V615502002;HINnJ;1;"2003-05-18 00:00:00";"2003-05-18 23:59:59";16;13175;20;10;0;<FLG>
V6155020;V615502002;HINnJ;1;"2003-05-19 00:00:00";"2003-05-19 23:59:59";16;12765;20;10;0;<FLG>
V6155020;V615502002;HINnJ;1;"2003-05-20 00:00:00";"2003-05-20 23:59:59";16;12370;20;10;0;<FLG>
V6155020;V615502002;HINnJ;1;"2003-05-21 00:00:00";"2003-05-21 23:59:59";16;11997;20;10;0;<FLG>
V6155020;V615502002;HINnJ;1;"2003-05-22 00:00:00";"2003-05-22 23:59:59";16;11662;20;10;0;<FLG>
V6155020;V615502002;HINnJ;1;"2003-05-23 00:00:00";"2003-05-23 23:59:59";16;11365;20;10;0;<FLG>
V6155020;V615502002;HINnJ;1;"2003-05-24 00:00:00";"2003-05-24 23:59:59";16;11068;20;10;0;<FLG>
V6155020;V615502002;HINnJ;1;"2003-05-25 00:00:00";"2003-05-25 23:59:59";16;10771;20;10;0;<FLG>
V6155020;V615502002;HINnJ;1;"2003-05-26 00:00:00";"2003-05-26 23:59:59";16;10510;20;10;0;<FLG>
V6155020;V615502002;HINnJ;1;"2003-05-27 00:00:00";"2003-05-27 23:59:59";16;10270;20;10;0;<FLG>
V6155020;V615502002;HINnJ;1;"2003-05-28 00:00:00";"2003-05-28 23:59:59";16;10030;20;10;0;<FLG>
V6155020;V615502002;HINnJ;1;"2003-05-29 00:00:00";"2003-05-29 23:59:59";16;9790;20;10;0;<FLG>
V6155020;V615502002;HINnJ;1;"2003-05-30 00:00:00";"2003-05-30 23:59:59";16;9550;20;10;0;<FLG>
V6155020;V615502002;HINnJ;1;"2003-05-31 00:00:00";"2003-05-31 23:59:59";16;9310;20;10;0;<FLG>
V6155020;V615502002;HINnJ;1;"2003-06-01 00:00:00";"2003-06-01 23:59:59";16;9070;20;10;0;<FLG>
V6155020;V615502002;HINnJ;1;"2003-06-02 00:00:00";"2003-06-02 23:59:59";16;8851;20;10;0;<FLG>
V6155020;V615502002;HINnJ;1;"2003-06-03 00:00:00";"2003-06-03 23:59:59";16;8644;20;10;0;<FLG>
V6155020;V615502002;HINnJ;1;"2003-06-04 00:00:00";"2003-06-04 23:59:59";16;8438;20;10;0;<FLG>
V6155020;V615502002;HINnJ;1;"2003-06-05 00:00:00";"2003-06-05 23:59:59";16;8232;20;10;0;<FLG>
V6155020;V615502002;HINnJ;1;"2003-06-06 00:00:00";"2003-06-06 23:59:59";16;8025;20;10;0;<FLG>
V6155020;V615502002;HINnJ;1;"2003-06-07 00:00:00";"2003-06-07 23:59:59";16;7819;20;10;0;<FLG>
V6155020;V615502002;HINnJ;1;"2003-06-08 00:00:00";"2003-06-08 23:59:59";16;7612;20;10;0;<FLG>
V6155020;V615502002;HINnJ;1;"2003-06-09 00:00:00";"2003-06-09 23:59:59";16;7406;20;10;0;<FLG>
V6155020;V615502002;HINnJ;1;"2003-06-10 00:00:00";"2003-06-10 23:59:59";16;7199;20;10;0;<FLG>
V6155020;V615502002;HINnJ;1;"2003-06-11 00:00:00";"2003-06-11 23:59:59";16;6979;20;10;0;<FLG>
V6155020;V615502002;HINnJ;1;"2003-06-12 00:00:00";"2003-06-12 23:59:59";16;6742;20;10;0;<FLG>
V6155020;V615502002;HINnJ;1;"2003-06-13 00:00:00";"2003-06-13 23:59:59";16;6504;20;10;0;<FLG>
V6155020;V615502002;HINnJ;1;"2003-06-14 00:00:00";"2003-06-14 23:59:59";16;6266;20;10;0;<FLG>
V6155020;V615502002;HINnJ;1;"2003-06-15 00:00:00";"2003-06-15 23:59:59";16;6028;20;10;0;<FLG>
V6155020;V615502002;HINnJ;1;"2003-06-16 00:00:00";"2003-06-16 23:59:59";16;5891;20;10;0;<FLG>
V6155020;V615502002;HINnJ;1;"2003-06-17 00:00:00";"2003-06-17 23:59:59";16;5766;20;10;0;<FLG>
V6155020;V615502002;HINnJ;1;"2003-06-18 00:00:00";"2003-06-18 23:59:59";16;5642;20;10;0;<FLG>
V6155020;V615502002;HINnJ;1;"2003-06-19 00:00:00";"2003-06-19 23:59:59";16;5518;20;10;0;<FLG>
V6155020;V615502002;HINnJ;1;"2003-06-20 00:00:00";"2003-06-20 23:59:59";16;5394;20;10;0;<FLG>
V6155020;V615502002;HINnJ;1;"2003-06-21 00:00:00";"2003-06-21 23:59:59";16;5270;20;10;0;<FLG>
V6155020;V615502002;HINnJ;1;"2003-06-22 00:00:00";"2003-06-22 23:59:59";16;5145;20;10;0;<FLG>
V6155020;V615502002;HINnJ;1;"2003-06-23 00:00:00";"2003-06-23 23:59:59";16;5021;20;10;0;<FLG>
V6155020;V615502002;HINnJ;1;"2003-06-24 00:00:00";"2003-06-24 23:59:59";16;4897;20;10;0;<FLG>
V6155020;V615502002;HINnJ;1;"2003-06-25 00:00:00";"2003-06-25 23:59:59";16;4773;20;10;0;<FLG>
V6155020;V615502002;HINnJ;1;"2003-06-26 00:00:00";"2003-06-26 23:59:59";16;4649;20;10;0;<FLG>
V6155020;V615502002;HINnJ;1;"2003-06-27 00:00:00";"2003-06-27 23:59:59";16;4524;20;10;0;<FLG>
V6155020;V615502002;HINnJ;1;"2003-06-28 00:00:00";"2003-06-28 23:59:59";16;4400;20;10;0;<FLG>
V6155020;V615502002;HINnJ;1;"2003-06-29 00:00:00";"2003-06-29 23:59:59";16;4276;20;10;0;<FLG>
V6155020;V615502002;HINnJ;1;"2003-06-30 00:00:00";"2003-06-30 14:41:00";16;4200;20;10;0;<FLG>
V6155020;V615502002;HINnJ;1;"2003-07-01 00:00:00";"2003-07-01 00:00:00";16;4200;20;10;0;<FLG>
V6155020;V615502002;HINnJ;1;"2003-07-02 00:00:00";"2003-07-02 23:59:59";16;4168;20;10;0;<FLG>
V6155020;V615502002;HINnJ;1;"2003-07-03 00:00:00";"2003-07-03 23:59:59";16;4116;20;10;0;<FLG>
V6155020;V615502002;HINnJ;1;"2003-07-04 00:00:00";"2003-07-04 23:59:59";16;4064;20;10;0;<FLG>
V6155020;V615502002;HINnJ;1;"2003-07-05 00:00:00";"2003-07-05 23:59:59";16;4012;20;10;0;<FLG>
V6155020;V615502002;HINnJ;1;"2003-07-06 00:00:00";"2003-07-06 23:59:59";16;3960;20;10;0;<FLG>
V6155020;V615502002;HINnJ;1;"2003-07-07 00:00:00";"2003-07-07 23:59:59";16;3908;20;10;0;<FLG>
V6155020;V615502002;HINnJ;1;"2003-07-08 00:00:00";"2003-07-08 23:59:59";16;3856;20;10;0;<FLG>
V6155020;V615502002;HINnJ;1;"2003-07-09 00:00:00";"2003-07-09 23:59:59";16;3804;20;10;0;<FLG>
V6155020;V615502002;HINnJ;1;"2003-07-10 00:00:00";"2003-07-10 23:59:59";16;3752;20;10;0;<FLG>
V6155020;V615502002;HINnJ;1;"2003-07-11 00:00:00";"2003-07-11 23:59:59";16;3700;20;10;0;<FLG>
V6155020;V615502002;HINnJ;1;"2003-07-12 00:00:00";"2003-07-12 23:59:59";16;3648;20;10;0;<FLG>
V6155020;V615502002;HINnJ;1;"2003-07-13 00:00:00";"2003-07-13 23:59:59";16;3596;20;10;0;<FLG>
V6155020;V615502002;HINnJ;1;"2003-07-14 00:00:00";"2003-07-14 23:59:59";16;3541;20;10;0;<FLG>
V6155020;V615502002;HINnJ;1;"2003-07-15 00:00:00";"2003-07-15 23:59:59";16;3463;20;10;0;<FLG>
V6155020;V615502002;HINnJ;1;"2003-07-16 00:00:00";"2003-07-16 23:59:59";16;3384;20;10;0;<FLG>
V6155020;V615502002;HINnJ;1;"2003-07-17 00:00:00";"2003-07-17 23:59:59";16;3306;20;10;0;<FLG>
V6155020;V615502002;HINnJ;1;"2003-07-18 00:00:00";"2003-07-18 23:59:59";16;3228;20;10;0;<FLG>
V6155020;V615502002;HINnJ;1;"2003-07-19 00:00:00";"2003-07-19 23:59:59";16;3150;20;10;0;<FLG>
V6155020;V615502002;HINnJ;1;"2003-07-20 00:00:00";"2003-07-20 23:59:59";16;3071;20;10;0;<FLG>
V6155020;V615502002;HINnJ;1;"2003-07-21 00:00:00";"2003-07-21 23:59:59";16;2993;20;10;0;<FLG>
V6155020;V615502002;HINnJ;1;"2003-07-22 00:00:00";"2003-07-22 23:59:59";16;2932;20;10;0;<FLG>
V6155020;V615502002;HINnJ;1;"2003-07-23 00:00:00";"2003-07-23 23:59:59";16;2891;20;10;0;<FLG>
V6155020;V615502002;HINnJ;1;"2003-07-24 00:00:00";"2003-07-24 23:59:59";16;2850;20;10;0;<FLG>
V6155020;V615502002;HINnJ;1;"2003-07-25 00:00:00";"2003-07-25 23:59:59";16;2809;20;10;0;<FLG>
V6155020;V615502002;HINnJ;1;"2003-07-26 00:00:00";"2003-07-26 23:59:59";16;2767;20;10;0;<FLG>
V6155020;V615502002;HINnJ;1;"2003-07-27 00:00:00";"2003-07-27 23:59:59";16;2726;20;10;0;<FLG>
V6155020;V615502002;HINnJ;1;"2003-07-28 00:00:00";"2003-07-28 23:59:59";16;2642;20;10;0;<FLG>
V6155020;V615502002;HINnJ;1;"2003-07-29 00:00:00";"2003-07-29 09:00:00";16;2600;20;10;0;<FLG>
V6155020;V615502002;HINnJ;1;"2003-07-30 00:00:00";"2003-07-30 00:00:00";16;2600;20;10;0;<FLG>
V6155020;V615502002;HINnJ;1;"2003-07-31 00:00:00";"2003-07-31 00:00:00";16;2600;20;10;0;<FLG>
V6155020;V615502002;HINnJ;1;"2003-08-01 00:00:00";"2003-08-01 00:00:00";16;2600;20;10;0;<FLG>
V6155020;V615502002;HINnJ;1;"2003-08-02 00:00:00";"2003-08-02 09:00:00";16;2600;20;10;0;<FLG>
V6155020;V615502002;HINnJ;1;"2003-08-03 00:00:00";"2003-08-03 00:00:00";16;2600;20;10;0;<FLG>
V6155020;V615502002;HINnJ;1;"2003-08-04 00:00:00";"2003-08-04 00:00:00";16;2600;20;10;0;<FLG>
V6155020;V615502002;HINnJ;1;"2003-08-05 00:00:00";"2003-08-05 00:00:00";16;2600;20;10;0;<FLG>
V6155020;V615502002;HINnJ;1;"2003-08-06 00:00:00";"2003-08-06 00:00:00";16;2600;20;10;0;<FLG>
V6155020;V615502002;HINnJ;1;"2003-08-07 00:00:00";"2003-08-07 00:00:00";16;2600;20;10;0;<FLG>
V6155020;V615502002;HINnJ;1;"2003-08-08 00:00:00";"2003-08-08 00:00:00";16;2600;20;10;0;<FLG>
V6155020;V615502002;HINnJ;1;"2003-08-09 00:00:00";"2003-08-09 00:00:00";16;2600;20;10;0;<FLG>
V6155020;V615502002;HINnJ;1;"2003-08-10 00:00:00";"2003-08-10 00:00:00";16;2600;20;10;0;<FLG>
V6155020;V615502002;HINnJ;1;"2003-08-11 00:00:00";"2003-08-11 23:59:59";16;2579;20;10;0;<FLG>
V6155020;V615502002;HINnJ;1;"2003-08-12 00:00:00";"2003-08-12 23:59:59";16;2502;20;10;0;<FLG>
V6155020;V615502002;HINnJ;1;"2003-08-13 00:00:00";"2003-08-13 23:59:59";16;2424;20;10;0;<FLG>
V6155020;V615502002;HINnJ;1;"2003-08-14 00:00:00";"2003-08-14 23:59:59";16;2346;20;10;0;<FLG>
V6155020;V615502002;HINnJ;1;"2003-08-15 00:00:00";"2003-08-15 23:59:59";16;2268;20;10;0;<FLG>
V6155020;V615502002;HINnJ;1;"2003-08-16 00:00:00";"2003-08-16 23:59:59";16;2190;20;10;0;<FLG>
V6155020;V615502002;HINnJ;1;"2003-08-17 00:00:00";"2003-08-17 23:59:59";16;2112;20;10;0;<FLG>
V6155020;V615502002;HINnJ;1;"2003-08-18 00:00:00";"2003-08-18 23:59:59";16;2034;20;10;0;<FLG>
V6155020;V615502002;HINnJ;1;"2003-08-19 00:00:00";"2003-08-19 23:59:59";16;1956;20;10;0;<FLG>
V6155020;V615502002;HINnJ;1;"2003-08-20 00:00:00";"2003-08-20 23:59:59";16;1878;20;10;0;<FLG>
V6155020;V615502002;HINnJ;1;"2003-08-21 00:00:00";"2003-08-21 23:59:59";16;1800;20;10;0;<FLG>
V6155020;V615502002;HINnJ;1;"2003-08-22 00:00:00";"2003-08-22 23:59:59";16;1722;20;10;0;<FLG>
V6155020;V615502002;HINnJ;1;"2003-08-23 00:00:00";"2003-08-23 23:59:59";16;1668;20;10;0;<FLG>
V6155020;V615502002;HINnJ;1;"2003-08-24 00:00:00";"2003-08-24 23:59:59";16;1642;20;10;0;<FLG>
V6155020;V615502002;HINnJ;1;"2003-08-25 00:00:00";"2003-08-25 23:59:59";16;1615;20;10;0;<FLG>
V6155020;V615502002;HINnJ;1;"2003-08-26 00:00:00";"2003-08-26 23:59:59";16;1589;20;10;0;<FLG>
V6155020;V615502002;HINnJ;1;"2003-08-27 00:00:00";"2003-08-27 23:59:59";16;1562;20;10;0;<FLG>
V6155020;V615502002;HINnJ;1;"2003-08-28 00:00:00";"2003-08-28 23:59:59";16;1536;20;10;0;<FLG>
V6155020;V615502002;HINnJ;1;"2003-08-29 00:00:00";"2003-08-29 23:59:59";16;1510;20;10;0;<FLG>
V6155020;V615502002;HINnJ;1;"2003-08-30 00:00:00";"2003-08-30 23:59:59";16;1483;20;10;0;<FLG>
V6155020;V615502002;HINnJ;1;"2003-08-31 00:00:00";"2003-08-31 23:59:59";16;1457;20;10;0;<FLG>
V6155020;V615502002;HINnJ;1;"2003-09-01 00:00:00";"2003-09-01 06:08:00";16;1450;20;10;0;<FLG>
V6155020;V615502002;HINnJ;1;"2003-09-02 00:00:00";"2003-09-02 23:59:59";16;1434;20;10;0;<FLG>
V6155020;V615502002;HINnJ;1;"2003-09-03 00:00:00";"2003-09-03 23:59:59";16;1409;20;10;0;<FLG>
V6155020;V615502002;HINnJ;1;"2003-09-04 00:00:00";"2003-09-04 23:59:59";16;1384;20;10;0;<FLG>
V6155020;V615502002;HINnJ;1;"2003-09-05 00:00:00";"2003-09-05 23:59:59";16;1359;20;10;0;<FLG>
V6155020;V615502002;HINnJ;1;"2003-09-06 00:00:00";"2003-09-06 23:59:59";16;1294;20;10;0;<FLG>
V6155020;V615502002;HINnJ;1;"2003-09-07 00:00:00";"2003-09-07 23:59:59";16;1244;20;10;0;<FLG>
V6155020;V615502002;HINnJ;1;"2003-09-08 00:00:00";"2003-09-08 23:59:59";16;1217;20;10;0;<FLG>
V6155020;V615502002;HINnJ;1;"2003-09-09 00:00:00";"2003-09-09 23:59:59";16;1191;20;10;0;<FLG>
V6155020;V615502002;HINnJ;1;"2003-09-10 00:00:00";"2003-09-10 23:59:59";16;1164;20;10;0;<FLG>
V6155020;V615502002;HINnJ;1;"2003-09-11 00:00:00";"2003-09-11 23:59:59";16;1138;20;10;0;<FLG>
V6155020;V615502002;HINnJ;1;"2003-09-12 00:00:00";"2003-09-12 23:59:59";16;1112;20;10;0;<FLG>
V6155020;V615502002;HINnJ;1;"2003-09-13 00:00:00";"2003-09-13 23:59:59";16;1085;20;10;0;<FLG>
V6155020;V615502002;HINnJ;1;"2003-09-14 00:00:00";"2003-09-14 23:59:59";16;1059;20;10;0;<FLG>
V6155020;V615502002;HINnJ;1;"2003-09-15 00:00:00";"2003-09-15 23:59:59";16;1032;20;10;0;<FLG>
V6155020;V615502002;HINnJ;1;"2003-09-16 00:00:00";"2003-09-16 23:59:59";16;1003;20;10;0;<FLG>
V6155020;V615502002;HINnJ;1;"2003-09-17 00:00:00";"2003-09-17 23:59:59";16;974;20;10;0;<FLG>
V6155020;V615502002;HINnJ;1;"2003-09-18 00:00:00";"2003-09-18 23:59:59";16;945;20;10;0;<FLG>
V6155020;V615502002;HINnJ;1;"2003-09-19 00:00:00";"2003-09-19 20:36:00";16;920;20;10;0;<FLG>
V6155020;V615502002;HINnJ;1;"2003-09-20 00:00:00";"2003-09-20 00:00:00";16;944;20;10;0;<FLG>
V6155020;V615502002;HINnJ;1;"2003-09-21 00:00:00";"2003-09-21 00:00:00";16;1111;20;10;0;<FLG>
V6155020;V615502002;HINnJ;1;"2003-09-22 00:00:00";"2003-09-22 00:00:00";16;1277;20;10;0;<FLG>
V6155020;V615502002;HINnJ;1;"2003-09-23 00:00:00";"2003-09-23 00:00:00";16;1387;20;10;0;<FLG>
V6155020;V615502002;HINnJ;1;"2003-09-24 00:00:00";"2003-09-24 00:00:00";16;1445;20;10;0;<FLG>
V6155020;V615502002;HINnJ;1;"2003-09-25 00:00:00";"2003-09-25 23:59:59";16;1342;20;10;0;<FLG>
V6155020;V615502002;HINnJ;1;"2003-09-26 00:00:00";"2003-09-26 23:59:59";16;1137;20;10;0;<FLG>
V6155020;V615502002;HINnJ;1;"2003-09-27 00:00:00";"2003-09-27 09:00:00";16;1060;20;10;0;<FLG>
V6155020;V615502002;HINnJ;1;"2003-09-28 00:00:00";"2003-09-28 00:00:00";16;2085;20;10;0;<FLG>
V6155020;V615502002;HINnJ;1;"2003-09-29 00:00:00";"2003-09-29 00:00:00";16;4044;20;10;0;<FLG>
V6155020;V615502002;HINnJ;1;"2003-09-30 00:00:00";"2003-09-30 09:00:00";16;4500;20;10;0;<FLG>
V6155020;V615502002;HINnJ;1;"2003-10-01 00:00:00";"2003-10-01 00:00:00";16;4500;20;10;0;<FLG>
V6155020;V615502002;HINnJ;1;"2003-10-02 00:00:00";"2003-10-02 23:59:59";16;3816;20;10;0;<FLG>
V6155020;V615502002;HINnJ;1;"2003-10-03 00:00:00";"2003-10-03 23:59:59";16;3103;20;10;0;<FLG>
V6155020;V615502002;HINnJ;1;"2003-10-04 00:00:00";"2003-10-04 23:59:59";16;2783;20;10;0;<FLG>
V6155020;V615502002;HINnJ;1;"2003-10-05 00:00:00";"2003-10-05 23:59:59";16;2463;20;10;0;<FLG>
V6155020;V615502002;HINnJ;1;"2003-10-06 00:00:00";"2003-10-06 23:59:59";16;2143;20;10;0;<FLG>
V6155020;V615502002;HINnJ;1;"2003-10-07 00:00:00";"2003-10-07 23:59:59";16;1910;20;10;0;<FLG>
V6155020;V615502002;HINnJ;1;"2003-10-08 00:00:00";"2003-10-08 23:59:59";16;1778;20;10;0;<FLG>
V6155020;V615502002;HINnJ;1;"2003-10-09 00:00:00";"2003-10-09 23:59:59";16;1646;20;10;0;<FLG>
V6155020;V615502002;HINnJ;1;"2003-10-10 00:00:00";"2003-10-10 23:59:59";16;1514;20;10;0;<FLG>
V6155020;V615502002;HINnJ;1;"2003-10-11 00:00:00";"2003-10-11 23:59:59";16;1383;20;10;0;<FLG>
V6155020;V615502002;HINnJ;1;"2003-10-12 00:00:00";"2003-10-12 23:59:59";16;1251;20;10;0;<FLG>
V6155020;V615502002;HINnJ;1;"2003-10-13 00:00:00";"2003-10-13 23:59:59";16;1210;20;10;0;<FLG>
V6155020;V615502002;HINnJ;1;"2003-10-14 00:00:00";"2003-10-14 23:59:59";16;1185;20;10;0;<FLG>
V6155020;V615502002;HINnJ;1;"2003-10-15 00:00:00";"2003-10-15 23:59:59";16;1161;20;10;0;<FLG>
V6155020;V615502002;HINnJ;1;"2003-10-16 00:00:00";"2003-10-16 10:35:00";16;1150;20;10;0;<FLG>
V6155020;V615502002;HINnJ;1;"2003-10-17 00:00:00";"2003-10-17 00:00:00";16;2035;20;10;0;<FLG>
V6155020;V615502002;HINnJ;1;"2003-10-18 00:00:00";"2003-10-18 00:00:00";16;3617;20;10;0;<FLG>
V6155020;V615502002;HINnJ;1;"2003-10-19 00:00:00";"2003-10-19 00:00:00";16;5199;20;10;0;<FLG>
V6155020;V615502002;HINnJ;1;"2003-10-20 00:00:00";"2003-10-20 00:00:00";16;6782;20;10;0;<FLG>
V6155020;V615502002;HINnJ;1;"2003-10-21 00:00:00";"2003-10-21 00:00:00";16;8364;20;10;0;<FLG>
V6155020;V615502002;HINnJ;1;"2003-10-22 00:00:00";"2003-10-22 00:00:00";16;8962;20;10;0;<FLG>
V6155020;V615502002;HINnJ;1;"2003-10-23 00:00:00";"2003-10-23 23:59:59";16;7379;20;10;0;<FLG>
V6155020;V615502002;HINnJ;1;"2003-10-24 00:00:00";"2003-10-24 23:59:59";16;6699;20;10;0;<FLG>
V6155020;V615502002;HINnJ;1;"2003-10-25 00:00:00";"2003-10-25 23:59:59";16;6581;20;10;0;<FLG>
V6155020;V615502002;HINnJ;1;"2003-10-26 00:00:00";"2003-10-26 23:59:59";16;6464;20;10;0;<FLG>
V6155020;V615502002;HINnJ;1;"2003-10-27 00:00:00";"2003-10-27 23:59:59";16;6346;20;10;0;<FLG>
V6155020;V615502002;HINnJ;1;"2003-10-28 00:00:00";"2003-10-28 23:59:59";16;6228;20;10;0;<FLG>
V6155020;V615502002;HINnJ;1;"2003-10-29 00:00:00";"2003-10-29 05:48:00";16;6200;20;10;0;<FLG>
V6155020;V615502002;HINnJ;1;"2003-10-30 00:00:00";"2003-10-30 00:00:00";16;8255;20;10;0;<FLG>
V6155020;V615502002;HINnJ;1;"2003-10-31 00:00:00";"2003-10-31 07:24:00";16;9000;20;10;0;<FLG>
V6155020;V615502002;HINnJ;1;"2003-11-01 00:00:00";"2003-11-01 00:00:00";16;13417;20;10;0;<FLG>
V6155020;V615502002;HINnJ;1;"2003-11-02 00:00:00";"2003-11-02 00:00:00";16;19805;20;10;0;<FLG>
V6155020;V615502002;HINnJ;1;"2003-11-03 00:00:00";"2003-11-03 00:00:00";16;22373;20;10;0;<FLG>
V6155020;V615502002;HINnJ;1;"2003-11-04 00:00:00";"2003-11-04 00:00:00";16;22650;20;10;0;<FLG>
V6155020;V615502002;HINnJ;1;"2003-11-05 00:00:00";"2003-11-05 23:59:59";16;22482;20;10;0;<FLG>
V6155020;V615502002;HINnJ;1;"2003-11-06 00:00:00";"2003-11-06 23:59:59";16;22288;20;10;0;<FLG>
V6155020;V615502002;HINnJ;1;"2003-11-07 00:00:00";"2003-11-07 23:59:59";16;22093;20;10;0;<FLG>
V6155020;V615502002;HINnJ;1;"2003-11-08 00:00:00";"2003-11-08 09:00:00";16;22020;20;10;0;<FLG>
V6155020;V615502002;HINnJ;1;"2003-11-09 00:00:00";"2003-11-09 00:00:00";16;22109;20;10;0;<FLG>
V6155020;V615502002;HINnJ;1;"2003-11-10 00:00:00";"2003-11-10 00:00:00";16;22252;20;10;0;<FLG>
V6155020;V615502002;HINnJ;1;"2003-11-11 00:00:00";"2003-11-11 00:00:00";16;22394;20;10;0;<FLG>
V6155020;V615502002;HINnJ;1;"2003-11-12 00:00:00";"2003-11-12 23:59:59";16;22388;20;10;0;<FLG>
V6155020;V615502002;HINnJ;1;"2003-11-13 00:00:00";"2003-11-13 23:59:59";16;22285;20;10;0;<FLG>
V6155020;V615502002;HINnJ;1;"2003-11-14 00:00:00";"2003-11-14 23:59:59";16;22182;20;10;0;<FLG>
V6155020;V615502002;HINnJ;1;"2003-11-15 00:00:00";"2003-11-15 23:41:00";16;22080;20;10;0;<FLG>
V6155020;V615502002;HINnJ;1;"2003-11-16 00:00:00";"2003-11-16 00:00:00";16;22080;20;10;0;<FLG>
V6155020;V615502002;HINnJ;1;"2003-11-17 00:00:00";"2003-11-17 00:00:00";16;22090;20;10;0;<FLG>
V6155020;V615502002;HINnJ;1;"2003-11-18 00:00:00";"2003-11-18 00:00:00";16;22099;20;10;0;<FLG>
V6155020;V615502002;HINnJ;1;"2003-11-19 00:00:00";"2003-11-19 00:00:00";16;22109;20;10;0;<FLG>
V6155020;V615502002;HINnJ;1;"2003-11-20 00:00:00";"2003-11-20 00:00:00";16;22118;20;10;0;<FLG>
V6155020;V615502002;HINnJ;1;"2003-11-21 00:00:00";"2003-11-21 00:00:00";16;22128;20;10;0;<FLG>
V6155020;V615502002;HINnJ;1;"2003-11-22 00:00:00";"2003-11-22 00:00:00";16;22137;20;10;0;<FLG>
V6155020;V615502002;HINnJ;1;"2003-11-23 00:00:00";"2003-11-23 00:00:00";16;22147;20;10;0;<FLG>
V6155020;V615502002;HINnJ;1;"2003-11-24 00:00:00";"2003-11-24 00:00:00";16;22156;20;10;0;<FLG>
V6155020;V615502002;HINnJ;1;"2003-11-25 00:00:00";"2003-11-25 00:00:00";16;22166;20;10;0;<FLG>
V6155020;V615502002;HINnJ;1;"2003-11-26 00:00:00";"2003-11-26 00:00:00";16;22211;20;10;0;<FLG>
V6155020;V615502002;HINnJ;1;"2003-11-27 00:00:00";"2003-11-27 00:00:00";16;22283;20;10;0;<FLG>
V6155020;V615502002;HINnJ;1;"2003-11-28 00:00:00";"2003-11-28 00:00:00";16;22368;20;10;0;<FLG>
V6155020;V615502002;HINnJ;1;"2003-11-29 00:00:00";"2003-11-29 00:00:00";16;22468;20;10;0;<FLG>
V6155020;V615502002;HINnJ;1;"2003-11-30 00:00:00";"2003-11-30 00:00:00";16;22568;20;10;0;<FLG>
V6155020;V615502002;HINnJ;1;"2003-12-01 00:00:00";"2003-12-01 00:00:00";16;22840;20;10;0;<FLG>
V6155020;V615502002;HINnJ;1;"2003-12-02 00:00:00";"2003-12-02 00:00:00";16;23235;20;10;0;<FLG>
V6155020;V615502002;HINnJ;1;"2003-12-03 00:00:00";"2003-12-03 10:00:00";16;23650;20;10;0;<FLG>
V6155020;V615502002;HINnJ;1;"2003-12-04 00:00:00";"2003-12-04 00:00:00";16;23662;20;10;0;<FLG>
V6155020;V615502002;HINnJ;1;"2003-12-05 00:00:00";"2003-12-05 00:00:00";16;23676;20;10;0;<FLG>
V6155020;V615502002;HINnJ;1;"2003-12-06 00:00:00";"2003-12-06 00:00:00";16;23680;20;10;0;<FLG>
V6155020;V615502002;HINnJ;1;"2003-12-07 00:00:00";"2003-12-07 23:59:59";16;23655;20;10;0;<FLG>
V6155020;V615502002;HINnJ;1;"2003-12-08 00:00:00";"2003-12-08 23:59:59";16;23612;20;10;0;<FLG>
V6155020;V615502002;HINnJ;1;"2003-12-09 00:00:00";"2003-12-09 23:59:59";16;23558;20;10;0;<FLG>
V6155020;V615502002;HINnJ;1;"2003-12-10 00:00:00";"2003-12-10 10:00:00";16;23520;20;10;0;<FLG>
V6155020;V615502002;HINnJ;1;"2003-12-11 00:00:00";"2003-12-11 23:59:59";16;23506;20;10;0;<FLG>
V6155020;V615502002;HINnJ;1;"2003-12-12 00:00:00";"2003-12-12 23:59:59";16;23448;20;10;0;<FLG>
V6155020;V615502002;HINnJ;1;"2003-12-13 00:00:00";"2003-12-13 23:59:59";16;23390;20;10;0;<FLG>
V6155020;V615502002;HINnJ;1;"2003-12-14 00:00:00";"2003-12-14 23:59:59";16;23332;20;10;0;<FLG>
V6155020;V615502002;HINnJ;1;"2003-12-15 00:00:00";"2003-12-15 23:59:59";16;23274;20;10;0;<FLG>
V6155020;V615502002;HINnJ;1;"2003-12-16 00:00:00";"2003-12-16 23:59:59";16;23211;20;10;0;<FLG>
V6155020;V615502002;HINnJ;1;"2003-12-17 00:00:00";"2003-12-17 23:59:59";16;23134;20;10;0;<FLG>
V6155020;V615502002;HINnJ;1;"2003-12-18 00:00:00";"2003-12-18 23:59:59";16;23058;20;10;0;<FLG>
V6155020;V615502002;HINnJ;1;"2003-12-19 00:00:00";"2003-12-19 23:59:59";16;22980;20;10;0;<FLG>
V6155020;V615502002;HINnJ;1;"2003-12-20 00:00:00";"2003-12-20 23:59:59";16;22900;20;10;0;<FLG>
V6155020;V615502002;HINnJ;1;"2003-12-21 00:00:00";"2003-12-21 23:59:59";16;22820;20;10;0;<FLG>
V6155020;V615502002;HINnJ;1;"2003-12-22 00:00:00";"2003-12-22 23:59:59";16;22740;20;10;0;<FLG>
V6155020;V615502002;HINnJ;1;"2003-12-23 00:00:00";"2003-12-23 23:59:59";16;22671;20;10;0;<FLG>
V6155020;V615502002;HINnJ;1;"2003-12-24 00:00:00";"2003-12-24 23:59:59";16;22636;20;10;0;<FLG>
V6155020;V615502002;HINnJ;1;"2003-12-25 00:00:00";"2003-12-25 23:59:59";16;22601;20;10;0;<FLG>
V6155020;V615502002;HINnJ;1;"2003-12-26 00:00:00";"2003-12-26 23:59:59";16;22565;20;10;0;<FLG>
V6155020;V615502002;HINnJ;1;"2003-12-27 00:00:00";"2003-12-27 23:59:59";16;22530;20;10;0;<FLG>
V6155020;V615502002;HINnJ;1;"2003-12-28 00:00:00";"2003-12-28 23:59:59";16;22495;20;10;0;<FLG>
V6155020;V615502002;HINnJ;1;"2003-12-29 00:00:00";"2003-12-29 23:59:59";16;22462;20;10;0;<FLG>
V6155020;V615502002;HINnJ;1;"2003-12-30 00:00:00";"2003-12-30 23:59:59";16;22432;20;10;0;<FLG>
V6155020;V615502002;HINnJ;1;"2003-12-31 00:00:00";"2003-12-31 23:59:59";16;22402;20;10;0;<FLG>
V6155020;V615502002;HINnJ;1;"2004-01-01 00:00:00";"2004-01-01 23:59:59";16;22372;20;10;0;<FLG>
V6155020;V615502002;HINnJ;1;"2004-01-02 00:00:00";"2004-01-02 23:59:59";16;22342;20;10;0;<FLG>
V6155020;V615502002;HINnJ;1;"2004-01-03 00:00:00";"2004-01-03 23:59:59";16;22306;20;10;0;<FLG>
V6155020;V615502002;HINnJ;1;"2004-01-04 00:00:00";"2004-01-04 23:59:59";16;22248;20;10;0;<FLG>
V6155020;V615502002;HINnJ;1;"2004-01-05 00:00:00";"2004-01-05 23:59:59";16;22190;20;10;0;<FLG>
V6155020;V615502002;HINnJ;1;"2004-01-06 00:00:00";"2004-01-06 23:59:59";16;22132;20;10;0;<FLG>
V6155020;V615502002;HINnJ;1;"2004-01-07 00:00:00";"2004-01-07 23:59:59";16;22074;20;10;0;<FLG>
V6155020;V615502002;HINnJ;1;"2004-01-08 00:00:00";"2004-01-08 23:59:59";16;22028;20;10;0;<FLG>
V6155020;V615502002;HINnJ;1;"2004-01-09 00:00:00";"2004-01-09 23:59:59";16;21991;20;10;0;<FLG>
V6155020;V615502002;HINnJ;1;"2004-01-10 00:00:00";"2004-01-10 23:59:59";16;21953;20;10;0;<FLG>
V6155020;V615502002;HINnJ;1;"2004-01-11 00:00:00";"2004-01-11 23:59:59";16;21916;20;10;0;<FLG>
V6155020;V615502002;HINnJ;1;"2004-01-12 00:00:00";"2004-01-12 23:59:59";16;21878;20;10;0;<FLG>
V6155020;V615502002;HINnJ;1;"2004-01-13 00:00:00";"2004-01-13 18:00:00";16;21850;20;10;0;<FLG>
V6155020;V615502002;HINnJ;1;"2004-01-14 00:00:00";"2004-01-14 00:00:00";16;21856;20;10;0;<FLG>
V6155020;V615502002;HINnJ;1;"2004-01-15 00:00:00";"2004-01-15 00:00:00";16;21881;20;10;0;<FLG>
V6155020;V615502002;HINnJ;1;"2004-01-16 00:00:00";"2004-01-16 00:00:00";16;21906;20;10;0;<FLG>
V6155020;V615502002;HINnJ;1;"2004-01-17 00:00:00";"2004-01-17 00:00:00";16;21931;20;10;0;<FLG>
V6155020;V615502002;HINnJ;1;"2004-01-18 00:00:00";"2004-01-18 00:00:00";16;21969;20;10;0;<FLG>
V6155020;V615502002;HINnJ;1;"2004-01-19 00:00:00";"2004-01-19 00:00:00";16;22044;20;10;0;<FLG>
V6155020;V615502002;HINnJ;1;"2004-01-20 00:00:00";"2004-01-20 00:00:00";16;22119;20;10;0;<FLG>
V6155020;V615502002;HINnJ;1;"2004-01-21 00:00:00";"2004-01-21 23:59:59";16;22084;20;10;0;<FLG>
V6155020;V615502002;HINnJ;1;"2004-01-22 00:00:00";"2004-01-22 23:59:59";16;22043;20;10;0;<FLG>
V6155020;V615502002;HINnJ;1;"2004-01-23 00:00:00";"2004-01-23 23:59:59";16;22001;20;10;0;<FLG>
V6155020;V615502002;HINnJ;1;"2004-01-24 00:00:00";"2004-01-24 23:59:59";16;21954;20;10;0;<FLG>
V6155020;V615502002;HINnJ;1;"2004-01-25 00:00:00";"2004-01-25 23:59:59";16;21890;20;10;0;<FLG>
V6155020;V615502002;HINnJ;1;"2004-01-26 00:00:00";"2004-01-26 23:59:59";16;21827;20;10;0;<FLG>
V6155020;V615502002;HINnJ;1;"2004-01-27 00:00:00";"2004-01-27 23:59:59";16;21783;20;10;0;<FLG>
V6155020;V615502002;HINnJ;1;"2004-01-28 00:00:00";"2004-01-28 23:59:59";16;21753;20;10;0;<FLG>
V6155020;V615502002;HINnJ;1;"2004-01-29 00:00:00";"2004-01-29 23:59:59";16;21723;20;10;0;<FLG>
V6155020;V615502002;HINnJ;1;"2004-01-30 00:00:00";"2004-01-30 23:59:59";16;21694;20;10;0;<FLG>
V6155020;V615502002;HINnJ;1;"2004-01-31 00:00:00";"2004-01-31 23:59:59";16;21664;20;10;0;<FLG>
V6155020;V615502002;HINnJ;1;"2004-02-01 00:00:00";"2004-02-01 12:00:00";16;21000;20;10;0;<FLG>
V6155020;V615502002;HINnJ;1;"2004-02-02 00:00:00";"2004-02-02 00:00:00";16;21105;20;10;0;<FLG>
V6155020;V615502002;HINnJ;1;"2004-02-03 00:00:00";"2004-02-03 00:00:00";16;21272;20;10;0;<FLG>
V6155020;V615502002;HINnJ;1;"2004-02-04 00:00:00";"2004-02-04 00:00:00";16;21398;20;10;0;<FLG>
V6155020;V615502002;HINnJ;1;"2004-02-05 00:00:00";"2004-02-05 00:00:00";16;21520;20;10;0;<FLG>
V6155020;V615502002;HINnJ;1;"2004-02-06 00:00:00";"2004-02-06 00:00:00";16;21620;20;10;0;<FLG>
V6155020;V615502002;HINnJ;1;"2004-02-07 00:00:00";"2004-02-07 00:00:00";16;21675;20;10;0;<FLG>
V6155020;V615502002;HINnJ;1;"2004-02-08 00:00:00";"2004-02-08 00:00:00";16;21705;20;10;0;<FLG>
V6155020;V615502002;HINnJ;1;"2004-02-09 00:00:00";"2004-02-09 23:59:59";16;21702;20;10;0;<FLG>
V6155020;V615502002;HINnJ;1;"2004-02-10 00:00:00";"2004-02-10 23:59:59";16;21605;20;10;0;<FLG>
V6155020;V615502002;HINnJ;1;"2004-02-11 00:00:00";"2004-02-11 23:59:59";16;21508;20;10;0;<FLG>
V6155020;V615502002;HINnJ;1;"2004-02-12 00:00:00";"2004-02-12 23:59:59";16;20780;20;10;0;<FLG>
V6155020;V615502002;HINnJ;1;"2004-02-13 00:00:00";"2004-02-13 23:59:59";16;20042;20;10;0;<FLG>
V6155020;V615502002;HINnJ;1;"2004-02-14 00:00:00";"2004-02-14 23:59:59";16;19925;20;10;0;<FLG>
V6155020;V615502002;HINnJ;1;"2004-02-15 00:00:00";"2004-02-15 23:59:59";16;19808;20;10;0;<FLG>
V6155020;V615502002;HINnJ;1;"2004-02-16 00:00:00";"2004-02-16 23:59:59";16;19555;20;10;0;<FLG>
V6155020;V615502002;HINnJ;1;"2004-02-17 00:00:00";"2004-02-17 23:59:59";16;19165;20;10;0;<FLG>
V6155020;V615502002;HINnJ;1;"2004-02-18 00:00:00";"2004-02-18 23:59:59";16;18775;20;10;0;<FLG>
V6155020;V615502002;HINnJ;1;"2004-02-19 00:00:00";"2004-02-19 23:59:59";16;18385;20;10;0;<FLG>
V6155020;V615502002;HINnJ;1;"2004-02-20 00:00:00";"2004-02-20 23:59:59";16;17995;20;10;0;<FLG>
V6155020;V615502002;HINnJ;1;"2004-02-21 00:00:00";"2004-02-21 12:00:00";16;17800;20;10;0;<FLG>
V6155020;V615502002;HINnJ;1;"2004-02-22 00:00:00";"2004-02-22 00:00:00";16;19935;20;10;0;<FLG>
V6155020;V615502002;HINnJ;1;"2004-02-23 00:00:00";"2004-02-23 00:00:00";16;22435;20;10;0;<FLG>
V6155020;V615502002;HINnJ;1;"2004-02-24 00:00:00";"2004-02-24 00:00:00";16;22925;20;10;0;<FLG>
V6155020;V615502002;HINnJ;1;"2004-02-25 00:00:00";"2004-02-25 23:59:59";16;23035;20;10;0;<FLG>
V6155020;V615502002;HINnJ;1;"2004-02-26 00:00:00";"2004-02-26 23:59:59";16;22997;20;10;0;<FLG>
V6155020;V615502002;HINnJ;1;"2004-02-27 00:00:00";"2004-02-27 23:59:59";16;22932;20;10;0;<FLG>
V6155020;V615502002;HINnJ;1;"2004-02-28 00:00:00";"2004-02-28 23:59:59";16;22867;20;10;0;<FLG>
V6155020;V615502002;HINnJ;1;"2004-02-29 00:00:00";"2004-02-29 23:59:59";16;22802;20;10;0;<FLG>
V6155020;V615502002;HINnJ;1;"2004-03-01 00:00:00";"2004-03-01 23:59:59";16;22737;20;10;0;<FLG>
V6155020;V615502002;HINnJ;1;"2004-03-02 00:00:00";"2004-03-02 23:59:59";16;22652;20;10;0;<FLG>
V6155020;V615502002;HINnJ;1;"2004-03-03 00:00:00";"2004-03-03 23:59:59";16;22553;20;10;0;<FLG>
V6155020;V615502002;HINnJ;1;"2004-03-04 00:00:00";"2004-03-04 23:59:59";16;22454;20;10;0;<FLG>
V6155020;V615502002;HINnJ;1;"2004-03-05 00:00:00";"2004-03-05 23:59:59";16;22362;20;10;0;<FLG>
V6155020;V615502002;HINnJ;1;"2004-03-06 00:00:00";"2004-03-06 23:59:59";16;22292;20;10;0;<FLG>
V6155020;V615502002;HINnJ;1;"2004-03-07 00:00:00";"2004-03-07 23:59:59";16;22222;20;10;0;<FLG>
V6155020;V615502002;HINnJ;1;"2004-03-08 00:00:00";"2004-03-08 23:59:59";16;22151;20;10;0;<FLG>
V6155020;V615502002;HINnJ;1;"2004-03-09 00:00:00";"2004-03-09 23:59:59";16;22076;20;10;0;<FLG>
V6155020;V615502002;HINnJ;1;"2004-03-10 00:00:00";"2004-03-10 23:59:59";16;22001;20;10;0;<FLG>
V6155020;V615502002;HINnJ;1;"2004-03-11 00:00:00";"2004-03-11 23:59:59";16;21913;20;10;0;<FLG>
V6155020;V615502002;HINnJ;1;"2004-03-12 00:00:00";"2004-03-12 23:59:59";16;21817;20;10;0;<FLG>
V6155020;V615502002;HINnJ;1;"2004-03-13 00:00:00";"2004-03-13 23:59:59";16;21720;20;10;0;<FLG>
V6155020;V615502002;HINnJ;1;"2004-03-14 00:00:00";"2004-03-14 23:59:59";16;21623;20;10;0;<FLG>
V6155020;V615502002;HINnJ;1;"2004-03-15 00:00:00";"2004-03-15 23:59:59";16;21510;20;10;0;<FLG>
V6155020;V615502002;HINnJ;1;"2004-03-16 00:00:00";"2004-03-16 23:59:59";16;21312;20;10;0;<FLG>
V6155020;V615502002;HINnJ;1;"2004-03-17 00:00:00";"2004-03-17 23:59:59";16;21000;20;10;0;<FLG>
V6155020;V615502002;HINnJ;1;"2004-03-18 00:00:00";"2004-03-18 23:59:59";16;20667;20;10;0;<FLG>
V6155020;V615502002;HINnJ;1;"2004-03-19 00:00:00";"2004-03-19 23:59:59";16;20320;20;10;0;<FLG>
V6155020;V615502002;HINnJ;1;"2004-03-20 00:00:00";"2004-03-20 23:59:59";16;19973;20;10;0;<FLG>
V6155020;V615502002;HINnJ;1;"2004-03-21 00:00:00";"2004-03-21 23:59:59";16;19625;20;10;0;<FLG>
V6155020;V615502002;HINnJ;1;"2004-03-22 00:00:00";"2004-03-22 23:59:59";16;19278;20;10;0;<FLG>
V6155020;V615502002;HINnJ;1;"2004-03-23 00:00:00";"2004-03-23 23:59:59";16;18931;20;10;0;<FLG>
V6155020;V615502002;HINnJ;1;"2004-03-24 00:00:00";"2004-03-24 23:59:59";16;18561;20;10;0;<FLG>
V6155020;V615502002;HINnJ;1;"2004-03-25 00:00:00";"2004-03-25 23:59:59";16;18123;20;10;0;<FLG>
V6155020;V615502002;HINnJ;1;"2004-03-26 00:00:00";"2004-03-26 23:59:59";16;17686;20;10;0;<FLG>
V6155020;V615502002;HINnJ;1;"2004-03-27 00:00:00";"2004-03-27 23:59:59";16;17248;20;10;0;<FLG>
V6155020;V615502002;HINnJ;1;"2004-03-28 00:00:00";"2004-03-28 23:59:59";16;16852;20;10;0;<FLG>
V6155020;V615502002;HINnJ;1;"2004-03-29 00:00:00";"2004-03-29 23:59:59";16;16582;20;10;0;<FLG>
V6155020;V615502002;HINnJ;1;"2004-03-30 00:00:00";"2004-03-30 23:59:59";16;16312;20;10;0;<FLG>
V6155020;V615502002;HINnJ;1;"2004-03-31 00:00:00";"2004-03-31 23:59:59";16;16041;20;10;0;<FLG>
V6155020;V615502002;HINnJ;1;"2004-04-01 00:00:00";"2004-04-01 23:59:59";16;15113;20;10;0;<FLG>
V6155020;V615502002;HINnJ;1;"2004-04-02 00:00:00";"2004-04-02 23:59:59";16;14827;20;10;0;<FLG>
V6155020;V615502002;HINnJ;1;"2004-04-03 00:00:00";"2004-04-03 23:59:59";16;14541;20;10;0;<FLG>
V6155020;V615502002;HINnJ;1;"2004-04-04 00:00:00";"2004-04-04 23:59:59";16;14256;20;10;0;<FLG>
V6155020;V615502002;HINnJ;1;"2004-04-05 00:00:00";"2004-04-05 23:59:59";16;13970;20;10;0;<FLG>
V6155020;V615502002;HINnJ;1;"2004-04-06 00:00:00";"2004-04-06 23:59:59";16;13684;20;10;0;<FLG>
V6155020;V615502002;HINnJ;1;"2004-04-07 00:00:00";"2004-04-07 23:59:59";16;13398;20;10;0;<FLG>
V6155020;V615502002;HINnJ;1;"2004-04-08 00:00:00";"2004-04-08 23:59:59";16;13112;20;10;0;<FLG>
V6155020;V615502002;HINnJ;1;"2004-04-09 00:00:00";"2004-04-09 23:59:59";16;12826;20;10;0;<FLG>
V6155020;V615502002;HINnJ;1;"2004-04-10 00:00:00";"2004-04-10 23:59:59";16;12540;20;10;0;<FLG>
V6155020;V615502002;HINnJ;1;"2004-04-11 00:00:00";"2004-04-11 23:59:59";16;12254;20;10;0;<FLG>
V6155020;V615502002;HINnJ;1;"2004-04-12 00:00:00";"2004-04-12 23:59:59";16;11968;20;10;0;<FLG>
V6155020;V615502002;HINnJ;1;"2004-04-13 00:00:00";"2004-04-13 23:59:59";16;11703;20;10;0;<FLG>
V6155020;V615502002;HINnJ;1;"2004-04-14 00:00:00";"2004-04-14 23:59:59";16;11542;20;10;0;<FLG>
V6155020;V615502002;HINnJ;1;"2004-04-15 00:00:00";"2004-04-15 23:59:59";16;11381;20;10;0;<FLG>
V6155020;V615502002;HINnJ;1;"2004-04-16 00:00:00";"2004-04-16 23:59:59";16;11220;20;10;0;<FLG>
V6155020;V615502002;HINnJ;1;"2004-04-17 00:00:00";"2004-04-17 23:59:59";16;11059;20;10;0;<FLG>
V6155020;V615502002;HINnJ;1;"2004-04-18 00:00:00";"2004-04-18 23:59:59";16;10898;20;10;0;<FLG>
V6155020;V615502002;HINnJ;1;"2004-04-19 00:00:00";"2004-04-19 23:59:59";16;10737;20;10;0;<FLG>
V6155020;V615502002;HINnJ;1;"2004-04-20 00:00:00";"2004-04-20 23:59:59";16;10607;20;10;0;<FLG>
V6155020;V615502002;HINnJ;1;"2004-04-21 00:00:00";"2004-04-21 23:59:59";16;10500;20;10;0;<FLG>
V6155020;V615502002;HINnJ;1;"2004-04-22 00:00:00";"2004-04-22 23:59:59";16;10392;20;10;0;<FLG>
V6155020;V615502002;HINnJ;1;"2004-04-23 00:00:00";"2004-04-23 23:59:59";16;10285;20;10;0;<FLG>
V6155020;V615502002;HINnJ;1;"2004-04-24 00:00:00";"2004-04-24 23:59:59";16;10177;20;10;0;<FLG>
V6155020;V615502002;HINnJ;1;"2004-04-25 00:00:00";"2004-04-25 23:59:59";16;10070;20;10;0;<FLG>
V6155020;V615502002;HINnJ;1;"2004-04-26 00:00:00";"2004-04-26 23:59:59";16;9962;20;10;0;<FLG>
V6155020;V615502002;HINnJ;1;"2004-04-27 00:00:00";"2004-04-27 23:59:59";16;9855;20;10;0;<FLG>
V6155020;V615502002;HINnJ;1;"2004-04-28 00:00:00";"2004-04-28 10:00:00";16;9810;20;10;0;<FLG>
V6155020;V615502002;HINnJ;1;"2004-04-29 00:00:00";"2004-04-29 00:00:00";16;10020;20;10;0;<FLG>
V6155020;V615502002;HINnJ;1;"2004-04-30 00:00:00";"2004-04-30 00:00:00";16;10380;20;10;0;<FLG>
V6155020;V615502002;HINnJ;1;"2004-05-01 00:00:00";"2004-05-01 00:00:00";16;11325;20;10;0;<FLG>
V6155020;V615502002;HINnJ;1;"2004-05-02 00:00:00";"2004-05-02 00:00:00";16;15195;20;10;0;<FLG>
V6155020;V615502002;HINnJ;1;"2004-05-03 00:00:00";"2004-05-03 00:00:00";16;19065;20;10;0;<FLG>
V6155020;V615502002;HINnJ;1;"2004-05-04 00:00:00";"2004-05-04 00:00:00";16;21500;20;10;0;<FLG>
V6155020;V615502002;HINnJ;1;"2004-05-05 00:00:00";"2004-05-05 23:59:59";16;21750;20;10;0;<FLG>
V6155020;V615502002;HINnJ;1;"2004-05-06 00:00:00";"2004-05-06 23:59:59";16;21250;20;10;0;<FLG>
V6155020;V615502002;HINnJ;1;"2004-05-07 00:00:00";"2004-05-07 23:59:59";16;20667;20;10;0;<FLG>
V6155020;V615502002;HINnJ;1;"2004-05-08 00:00:00";"2004-05-08 23:59:59";16;20000;20;10;0;<FLG>
V6155020;V615502002;HINnJ;1;"2004-05-09 00:00:00";"2004-05-09 23:59:59";16;19333;20;10;0;<FLG>
V6155020;V615502002;HINnJ;1;"2004-05-10 00:00:00";"2004-05-10 23:59:59";16;18625;20;10;0;<FLG>
V6155020;V615502002;HINnJ;1;"2004-05-11 00:00:00";"2004-05-11 23:59:59";16;17875;20;10;0;<FLG>
V6155020;V615502002;HINnJ;1;"2004-05-12 00:00:00";"2004-05-12 23:59:59";16;17125;20;10;0;<FLG>
V6155020;V615502002;HINnJ;1;"2004-05-13 00:00:00";"2004-05-13 23:59:59";16;16375;20;10;0;<FLG>
V6155020;V615502002;HINnJ;1;"2004-05-14 00:00:00";"2004-05-14 23:59:59";16;15778;20;10;0;<FLG>
V6155020;V615502002;HINnJ;1;"2004-05-15 00:00:00";"2004-05-15 23:59:59";16;15333;20;10;0;<FLG>
V6155020;V615502002;HINnJ;1;"2004-05-16 00:00:00";"2004-05-16 23:59:59";16;14889;20;10;0;<FLG>
V6155020;V615502002;HINnJ;1;"2004-05-17 00:00:00";"2004-05-17 23:59:59";16;14444;20;10;0;<FLG>
V6155020;V615502002;HINnJ;1;"2004-05-18 00:00:00";"2004-05-18 23:59:59";16;14000;20;10;0;<FLG>
V6155020;V615502002;HINnJ;1;"2004-05-19 00:00:00";"2004-05-19 23:59:59";16;13556;20;10;0;<FLG>
V6155020;V615502002;HINnJ;1;"2004-05-20 00:00:00";"2004-05-20 23:59:59";16;13111;20;10;0;<FLG>
V6155020;V615502002;HINnJ;1;"2004-05-21 00:00:00";"2004-05-21 23:59:59";16;12667;20;10;0;<FLG>
V6155020;V615502002;HINnJ;1;"2004-05-22 00:00:00";"2004-05-22 23:59:59";16;12222;20;10;0;<FLG>
V6155020;V615502002;HINnJ;1;"2004-05-23 00:00:00";"2004-05-23 23:59:59";16;11853;20;10;0;<FLG>
V6155020;V615502002;HINnJ;1;"2004-05-24 00:00:00";"2004-05-24 23:59:59";16;11558;20;10;0;<FLG>
V6155020;V615502002;HINnJ;1;"2004-05-25 00:00:00";"2004-05-25 23:59:59";16;11264;20;10;0;<FLG>
V6155020;V615502002;HINnJ;1;"2004-05-26 00:00:00";"2004-05-26 23:59:59";16;10969;20;10;0;<FLG>
V6155020;V615502002;HINnJ;1;"2004-05-27 00:00:00";"2004-05-27 23:59:59";16;10674;20;10;0;<FLG>
V6155020;V615502002;HINnJ;1;"2004-05-28 00:00:00";"2004-05-28 23:59:59";16;10380;20;10;0;<FLG>
V6155020;V615502002;HINnJ;1;"2004-05-29 00:00:00";"2004-05-29 23:59:59";16;10085;20;10;0;<FLG>
V6155020;V615502002;HINnJ;1;"2004-05-30 00:00:00";"2004-05-30 23:59:59";16;9791;20;10;0;<FLG>
V6155020;V615502002;HINnJ;1;"2004-05-31 00:00:00";"2004-05-31 23:59:59";16;9496;20;10;0;<FLG>
V6155020;V615502002;HINnJ;1;"2004-06-01 00:00:00";"2004-06-01 23:59:59";16;9202;20;10;0;<FLG>
V6155020;V615502002;HINnJ;1;"2004-06-02 00:00:00";"2004-06-02 23:59:59";16;8907;20;10;0;<FLG>
V6155020;V615502002;HINnJ;1;"2004-06-03 00:00:00";"2004-06-03 23:59:59";16;8612;20;10;0;<FLG>
V6155020;V615502002;HINnJ;1;"2004-06-04 00:00:00";"2004-06-04 23:59:59";16;8317;20;10;0;<FLG>
V6155020;V615502002;HINnJ;1;"2004-06-05 00:00:00";"2004-06-05 23:59:59";16;8023;20;10;0;<FLG>
V6155020;V615502002;HINnJ;1;"2004-06-06 00:00:00";"2004-06-06 23:59:59";16;7786;20;10;0;<FLG>
V6155020;V615502002;HINnJ;1;"2004-06-07 00:00:00";"2004-06-07 23:59:59";16;7591;20;10;0;<FLG>
V6155020;V615502002;HINnJ;1;"2004-06-08 00:00:00";"2004-06-08 23:59:59";16;7396;20;10;0;<FLG>
V6155020;V615502002;HINnJ;1;"2004-06-09 00:00:00";"2004-06-09 23:59:59";16;7201;20;10;0;<FLG>
V6155020;V615502002;HINnJ;1;"2004-06-10 00:00:00";"2004-06-10 23:59:59";16;7006;20;10;0;<FLG>
V6155020;V615502002;HINnJ;1;"2004-06-11 00:00:00";"2004-06-11 23:59:59";16;6811;20;10;0;<FLG>
V6155020;V615502002;HINnJ;1;"2004-06-12 00:00:00";"2004-06-12 23:59:59";16;6616;20;10;0;<FLG>
V6155020;V615502002;HINnJ;1;"2004-06-13 00:00:00";"2004-06-13 23:59:59";16;6421;20;10;0;<FLG>
V6155020;V615502002;HINnJ;1;"2004-06-14 00:00:00";"2004-06-14 23:59:59";16;6226;20;10;0;<FLG>
V6155020;V615502002;HINnJ;1;"2004-06-15 00:00:00";"2004-06-15 23:59:59";16;6031;20;10;0;<FLG>
V6155020;V615502002;HINnJ;1;"2004-06-16 00:00:00";"2004-06-16 23:59:59";16;5876;20;10;0;<FLG>
V6155020;V615502002;HINnJ;1;"2004-06-17 00:00:00";"2004-06-17 23:59:59";16;5749;20;10;0;<FLG>
V6155020;V615502002;HINnJ;1;"2004-06-18 00:00:00";"2004-06-18 23:59:59";16;5622;20;10;0;<FLG>
V6155020;V615502002;HINnJ;1;"2004-06-19 00:00:00";"2004-06-19 23:59:59";16;5495;20;10;0;<FLG>
V6155020;V615502002;HINnJ;1;"2004-06-20 00:00:00";"2004-06-20 23:59:59";16;5368;20;10;0;<FLG>
V6155020;V615502002;HINnJ;1;"2004-06-21 00:00:00";"2004-06-21 23:59:59";16;5241;20;10;0;<FLG>
V6155020;V615502002;HINnJ;1;"2004-06-22 00:00:00";"2004-06-22 23:59:59";16;5114;20;10;0;<FLG>
V6155020;V615502002;HINnJ;1;"2004-06-23 00:00:00";"2004-06-23 23:59:59";16;4988;20;10;0;<FLG>
V6155020;V615502002;HINnJ;1;"2004-06-24 00:00:00";"2004-06-24 23:59:59";16;4861;20;10;0;<FLG>
V6155020;V615502002;HINnJ;1;"2004-06-25 00:00:00";"2004-06-25 23:59:59";16;4734;20;10;0;<FLG>
V6155020;V615502002;HINnJ;1;"2004-06-26 00:00:00";"2004-06-26 23:59:59";16;4607;20;10;0;<FLG>
V6155020;V615502002;HINnJ;1;"2004-06-27 00:00:00";"2004-06-27 23:59:59";16;4480;20;10;0;<FLG>
V6155020;V615502002;HINnJ;1;"2004-06-28 00:00:00";"2004-06-28 23:59:59";16;4353;20;10;0;<FLG>
V6155020;V615502002;HINnJ;1;"2004-06-29 00:00:00";"2004-06-29 23:59:59";16;4255;20;10;0;<FLG>
V6155020;V615502002;HINnJ;1;"2004-06-30 00:00:00";"2004-06-30 23:59:59";16;4179;20;10;0;<FLG>
V6155020;V615502002;HINnJ;1;"2004-07-01 00:00:00";"2004-07-01 23:59:59";16;4102;20;10;0;<FLG>
V6155020;V615502002;HINnJ;1;"2004-07-02 00:00:00";"2004-07-02 23:59:59";16;4026;20;10;0;<FLG>
V6155020;V615502002;HINnJ;1;"2004-07-03 00:00:00";"2004-07-03 23:59:59";16;3949;20;10;0;<FLG>
V6155020;V615502002;HINnJ;1;"2004-07-04 00:00:00";"2004-07-04 23:59:59";16;3872;20;10;0;<FLG>
V6155020;V615502002;HINnJ;1;"2004-07-05 00:00:00";"2004-07-05 23:59:59";16;3795;20;10;0;<FLG>
V6155020;V615502002;HINnJ;1;"2004-07-06 00:00:00";"2004-07-06 23:59:59";16;3719;20;10;0;<FLG>
V6155020;V615502002;HINnJ;1;"2004-07-07 00:00:00";"2004-07-07 23:59:59";16;3642;20;10;0;<FLG>
V6155020;V615502002;HINnJ;1;"2004-07-08 00:00:00";"2004-07-08 23:59:59";16;3568;20;10;0;<FLG>
V6155020;V615502002;HINnJ;1;"2004-07-09 00:00:00";"2004-07-09 23:59:59";16;3496;20;10;0;<FLG>
V6155020;V615502002;HINnJ;1;"2004-07-10 00:00:00";"2004-07-10 23:59:59";16;3423;20;10;0;<FLG>
V6155020;V615502002;HINnJ;1;"2004-07-11 00:00:00";"2004-07-11 23:59:59";16;3351;20;10;0;<FLG>
V6155020;V615502002;HINnJ;1;"2004-07-12 00:00:00";"2004-07-12 23:59:59";16;3279;20;10;0;<FLG>
V6155020;V615502002;HINnJ;1;"2004-07-13 00:00:00";"2004-07-13 23:59:59";16;3207;20;10;0;<FLG>
V6155020;V615502002;HINnJ;1;"2004-07-14 00:00:00";"2004-07-14 23:59:59";16;3135;20;10;0;<FLG>
V6155020;V615502002;HINnJ;1;"2004-07-15 00:00:00";"2004-07-15 23:59:59";16;3062;20;10;0;<FLG>
V6155020;V615502002;HINnJ;1;"2004-07-16 00:00:00";"2004-07-16 23:59:59";16;2990;20;10;0;<FLG>
V6155020;V615502002;HINnJ;1;"2004-07-17 00:00:00";"2004-07-17 23:59:59";16;2923;20;10;0;<FLG>
V6155020;V615502002;HINnJ;1;"2004-07-18 00:00:00";"2004-07-18 23:59:59";16;2861;20;10;0;<FLG>
V6155020;V615502002;HINnJ;1;"2004-07-19 00:00:00";"2004-07-19 23:59:59";16;2798;20;10;0;<FLG>
V6155020;V615502002;HINnJ;1;"2004-07-20 00:00:00";"2004-07-20 23:59:59";16;2735;20;10;0;<FLG>
V6155020;V615502002;HINnJ;1;"2004-07-21 00:00:00";"2004-07-21 23:59:59";16;2672;20;10;0;<FLG>
V6155020;V615502002;HINnJ;1;"2004-07-22 00:00:00";"2004-07-22 23:59:59";16;2613;20;10;0;<FLG>
V6155020;V615502002;HINnJ;1;"2004-07-23 00:00:00";"2004-07-23 23:59:59";16;2569;20;10;0;<FLG>
V6155020;V615502002;HINnJ;1;"2004-07-24 00:00:00";"2004-07-24 23:59:59";16;2525;20;10;0;<FLG>
V6155020;V615502002;HINnJ;1;"2004-07-25 00:00:00";"2004-07-25 23:59:59";16;2480;20;10;0;<FLG>
V6155020;V615502002;HINnJ;1;"2004-07-26 00:00:00";"2004-07-26 23:59:59";16;2436;20;10;0;<FLG>
V6155020;V615502002;HINnJ;1;"2004-07-27 00:00:00";"2004-07-27 23:59:59";16;2392;20;10;0;<FLG>
V6155020;V615502002;HINnJ;1;"2004-07-28 00:00:00";"2004-07-28 23:59:59";16;2348;20;10;0;<FLG>
V6155020;V615502002;HINnJ;1;"2004-07-29 00:00:00";"2004-07-29 23:59:59";16;2304;20;10;0;<FLG>
V6155020;V615502002;HINnJ;1;"2004-07-30 00:00:00";"2004-07-30 23:59:59";16;2260;20;10;0;<FLG>
V6155020;V615502002;HINnJ;1;"2004-07-31 00:00:00";"2004-07-31 23:59:59";16;2216;20;10;0;<FLG>
V6155020;V615502002;HINnJ;1;"2004-08-01 00:00:00";"2004-08-01 23:59:59";16;2170;20;10;0;<FLG>
V6155020;V615502002;HINnJ;1;"2004-08-02 00:00:00";"2004-08-02 23:59:59";16;2123;20;10;0;<FLG>
V6155020;V615502002;HINnJ;1;"2004-08-03 00:00:00";"2004-08-03 23:59:59";16;2092;20;10;0;<FLG>
V6155020;V615502002;HINnJ;1;"2004-08-04 00:00:00";"2004-08-04 23:59:59";16;2075;20;10;0;<FLG>
V6155020;V615502002;HINnJ;1;"2004-08-05 00:00:00";"2004-08-05 23:59:59";16;2058;20;10;0;<FLG>
V6155020;V615502002;HINnJ;1;"2004-08-06 00:00:00";"2004-08-06 23:59:59";16;2025;20;10;0;<FLG>
V6155020;V615502002;HINnJ;1;"2004-08-07 00:00:00";"2004-08-07 23:59:59";16;1975;20;10;0;<FLG>
V6155020;V615502002;HINnJ;1;"2004-08-08 00:00:00";"2004-08-08 23:59:59";16;1925;20;10;0;<FLG>
V6155020;V615502002;HINnJ;1;"2004-08-09 00:00:00";"2004-08-09 23:59:59";16;1875;20;10;0;<FLG>
V6155020;V615502002;HINnJ;1;"2004-08-10 00:00:00";"2004-08-10 23:59:59";16;1825;20;10;0;<FLG>
V6155020;V615502002;HINnJ;1;"2004-08-11 00:00:00";"2004-08-11 23:59:59";16;1775;20;10;0;<FLG>
V6155020;V615502002;HINnJ;1;"2004-08-12 00:00:00";"2004-08-12 23:59:59";16;1725;20;10;0;<FLG>
V6155020;V615502002;HINnJ;1;"2004-08-13 00:00:00";"2004-08-13 12:00:00";16;1700;20;10;0;<FLG>
V6155020;V615502002;HINnJ;1;"2004-08-14 00:00:00";"2004-08-14 00:00:00";16;1920;20;10;0;<FLG>
V6155020;V615502002;HINnJ;1;"2004-08-15 00:00:00";"2004-08-15 00:00:00";16;2360;20;10;0;<FLG>
V6155020;V615502002;HINnJ;1;"2004-08-16 00:00:00";"2004-08-16 00:00:00";16;2800;20;10;0;<FLG>
V6155020;V615502002;HINnJ;1;"2004-08-17 00:00:00";"2004-08-17 00:00:00";16;3240;20;10;0;<FLG>
V6155020;V615502002;HINnJ;1;"2004-08-18 00:00:00";"2004-08-18 00:00:00";16;3680;20;10;0;<FLG>
V6155020;V615502002;HINnJ;1;"2004-08-19 00:00:00";"2004-08-19 23:59:59";16;3525;20;10;0;<FLG>
V6155020;V615502002;HINnJ;1;"2004-08-20 00:00:00";"2004-08-20 23:59:59";16;3275;20;10;0;<FLG>
V6155020;V615502002;HINnJ;1;"2004-08-21 00:00:00";"2004-08-21 23:59:59";16;3025;20;10;0;<FLG>
V6155020;V615502002;HINnJ;1;"2004-08-22 00:00:00";"2004-08-22 23:59:59";16;2820;20;10;0;<FLG>
V6155020;V615502002;HINnJ;1;"2004-08-23 00:00:00";"2004-08-23 23:59:59";16;2660;20;10;0;<FLG>
V6155020;V615502002;HINnJ;1;"2004-08-24 00:00:00";"2004-08-24 23:59:59";16;2500;20;10;0;<FLG>
V6155020;V615502002;HINnJ;1;"2004-08-25 00:00:00";"2004-08-25 23:59:59";16;2340;20;10;0;<FLG>
V6155020;V615502002;HINnJ;1;"2004-08-26 00:00:00";"2004-08-26 23:59:59";16;2180;20;10;0;<FLG>
V6155020;V615502002;HINnJ;1;"2004-08-27 00:00:00";"2004-08-27 23:59:59";16;2054;20;10;0;<FLG>
V6155020;V615502002;HINnJ;1;"2004-08-28 00:00:00";"2004-08-28 23:59:59";16;1962;20;10;0;<FLG>
V6155020;V615502002;HINnJ;1;"2004-08-29 00:00:00";"2004-08-29 23:59:59";16;1870;20;10;0;<FLG>
V6155020;V615502002;HINnJ;1;"2004-08-30 00:00:00";"2004-08-30 23:59:59";16;1778;20;10;0;<FLG>
V6155020;V615502002;HINnJ;1;"2004-08-31 00:00:00";"2004-08-31 23:59:59";16;1686;20;10;0;<FLG>
V6155020;V615502002;HINnJ;1;"2004-09-01 00:00:00";"2004-09-01 23:59:59";16;1605;20;10;0;<FLG>
V6155020;V615502002;HINnJ;1;"2004-09-02 00:00:00";"2004-09-02 23:59:59";16;1535;20;10;0;<FLG>
V6155020;V615502002;HINnJ;1;"2004-09-03 00:00:00";"2004-09-03 23:59:59";16;1477;20;10;0;<FLG>
V6155020;V615502002;HINnJ;1;"2004-09-04 00:00:00";"2004-09-04 23:59:59";16;1431;20;10;0;<FLG>
V6155020;V615502002;HINnJ;1;"2004-09-05 00:00:00";"2004-09-05 23:59:59";16;1385;20;10;0;<FLG>
V6155020;V615502002;HINnJ;1;"2004-09-06 00:00:00";"2004-09-06 23:59:59";16;1339;20;10;0;<FLG>
V6155020;V615502002;HINnJ;1;"2004-09-07 00:00:00";"2004-09-07 23:59:59";16;1293;20;10;0;<FLG>
V6155020;V615502002;HINnJ;1;"2004-09-08 00:00:00";"2004-09-08 23:59:59";16;1252;20;10;0;<FLG>
V6155020;V615502002;HINnJ;1;"2004-09-09 00:00:00";"2004-09-09 23:59:59";16;1218;20;10;0;<FLG>
V6155020;V615502002;HINnJ;1;"2004-09-10 00:00:00";"2004-09-10 12:00:00";16;1200;20;10;0;<FLG>
V6155020;V615502002;HINnJ;1;"2004-09-11 00:00:00";"2004-09-11 00:00:00";16;1200;20;10;0;<FLG>
V6155020;V615502002;HINnJ;1;"2004-09-12 00:00:00";"2004-09-12 23:59:59";16;1181;20;10;0;<FLG>
V6155020;V615502002;HINnJ;1;"2004-09-13 00:00:00";"2004-09-13 23:59:59";16;1143;20;10;0;<FLG>
V6155020;V615502002;HINnJ;1;"2004-09-14 00:00:00";"2004-09-14 23:59:59";16;1105;20;10;0;<FLG>
V6155020;V615502002;HINnJ;1;"2004-09-15 00:00:00";"2004-09-15 23:59:59";16;1067;20;10;0;<FLG>
V6155020;V615502002;HINnJ;1;"2004-09-16 00:00:00";"2004-09-16 23:59:59";16;1029;20;10;0;<FLG>
V6155020;V615502002;HINnJ;1;"2004-09-17 00:00:00";"2004-09-17 23:59:59";16;1007;20;10;0;<FLG>
V6155020;V615502002;HINnJ;1;"2004-09-18 00:00:00";"2004-09-18 23:59:59";16;1000;20;10;0;<FLG>
V6155020;V615502002;HINnJ;1;"2004-09-19 00:00:00";"2004-09-19 23:59:59";16;993;20;10;0;<FLG>
V6155020;V615502002;HINnJ;1;"2004-09-20 00:00:00";"2004-09-20 23:59:59";16;980;20;10;0;<FLG>
V6155020;V615502002;HINnJ;1;"2004-09-21 00:00:00";"2004-09-21 23:59:59";16;960;20;10;0;<FLG>
V6155020;V615502002;HINnJ;1;"2004-09-22 00:00:00";"2004-09-22 23:59:59";16;933;20;10;0;<FLG>
V6155020;V615502002;HINnJ;1;"2004-09-23 00:00:00";"2004-09-23 23:59:59";16;900;20;10;0;<FLG>
V6155020;V615502002;HINnJ;1;"2004-09-24 00:00:00";"2004-09-24 23:59:59";16;867;20;10;0;<FLG>
V6155020;V615502002;HINnJ;1;"2004-09-25 00:00:00";"2004-09-25 23:59:59";16;833;20;10;0;<FLG>
V6155020;V615502002;HINnJ;1;"2004-09-26 00:00:00";"2004-09-26 23:59:59";16;800;20;10;0;<FLG>
V6155020;V615502002;HINnJ;1;"2004-09-27 00:00:00";"2004-09-27 23:59:59";16;767;20;10;0;<FLG>
V6155020;V615502002;HINnJ;1;"2004-09-28 00:00:00";"2004-09-28 23:59:59";16;741;20;10;0;<FLG>
V6155020;V615502002;HINnJ;1;"2004-09-29 00:00:00";"2004-09-29 23:59:59";16;722;20;10;0;<FLG>
V6155020;V615502002;HINnJ;1;"2004-09-30 00:00:00";"2004-09-30 23:59:59";16;704;20;10;0;<FLG>
V6155020;V615502002;HINnJ;1;"2004-10-01 00:00:00";"2004-10-01 23:59:59";16;686;20;10;0;<FLG>
V6155020;V615502002;HINnJ;1;"2004-10-02 00:00:00";"2004-10-02 23:59:59";16;668;20;10;0;<FLG>
V6155020;V615502002;HINnJ;1;"2004-10-03 00:00:00";"2004-10-03 23:59:59";16;649;20;10;0;<FLG>
V6155020;V615502002;HINnJ;1;"2004-10-04 00:00:00";"2004-10-04 23:59:59";16;638;20;10;0;<FLG>
V6155020;V615502002;HINnJ;1;"2004-10-05 00:00:00";"2004-10-05 23:59:59";16;632;20;10;0;<FLG>
V6155020;V615502002;HINnJ;1;"2004-10-06 00:00:00";"2004-10-06 23:59:59";16;622;20;10;0;<FLG>
V6155020;V615502002;HINnJ;1;"2004-10-07 00:00:00";"2004-10-07 23:59:59";16;608;20;10;0;<FLG>
V6155020;V615502002;HINnJ;1;"2004-10-08 00:00:00";"2004-10-08 23:59:59";16;592;20;10;0;<FLG>
V6155020;V615502002;HINnJ;1;"2004-10-09 00:00:00";"2004-10-09 23:59:59";16;578;20;10;0;<FLG>
V6155020;V615502002;HINnJ;1;"2004-10-10 00:00:00";"2004-10-10 23:59:59";16;559;20;10;0;<FLG>
V6155020;V615502002;HINnJ;1;"2004-10-11 00:00:00";"2004-10-11 23:59:59";16;536;20;10;0;<FLG>
V6155020;V615502002;HINnJ;1;"2004-10-12 00:00:00";"2004-10-12 23:59:59";16;514;20;10;0;<FLG>
V6155020;V615502002;HINnJ;1;"2004-10-13 00:00:00";"2004-10-13 23:59:59";16;491;20;10;0;<FLG>
V6155020;V615502002;HINnJ;1;"2004-10-14 00:00:00";"2004-10-14 12:00:00";16;480;20;10;0;<FLG>
V6155020;V615502002;HINnJ;1;"2004-10-15 00:00:00";"2004-10-15 00:00:00";16;485;20;10;0;<FLG>
V6155020;V615502002;HINnJ;1;"2004-10-16 00:00:00";"2004-10-16 00:00:00";16;495;20;10;0;<FLG>
V6155020;V615502002;HINnJ;1;"2004-10-17 00:00:00";"2004-10-17 12:00:00";16;500;20;10;0;<FLG>
V6155020;V615502002;HINnJ;1;"2004-10-18 00:00:00";"2004-10-18 00:00:00";16;500;20;10;0;<FLG>
V6155020;V615502002;HINnJ;1;"2004-10-19 00:00:00";"2004-10-19 00:00:00";16;500;20;10;0;<FLG>
V6155020;V615502002;HINnJ;1;"2004-10-20 00:00:00";"2004-10-20 23:59:59";16;490;20;10;0;<FLG>
V6155020;V615502002;HINnJ;1;"2004-10-21 00:00:00";"2004-10-21 23:59:59";16;470;20;10;0;<FLG>
V6155020;V615502002;HINnJ;1;"2004-10-22 00:00:00";"2004-10-22 23:59:59";16;450;20;10;0;<FLG>
V6155020;V615502002;HINnJ;1;"2004-10-23 00:00:00";"2004-10-23 23:59:59";16;428;20;10;0;<FLG>
V6155020;V615502002;HINnJ;1;"2004-10-24 00:00:00";"2004-10-24 23:59:59";16;402;20;10;0;<FLG>
V6155020;V615502002;HINnJ;1;"2004-10-25 00:00:00";"2004-10-25 12:00:00";16;390;20;10;0;<FLG>
V6155020;V615502002;HINnJ;1;"2004-10-26 00:00:00";"2004-10-26 00:00:00";16;630;20;10;0;<FLG>
V6155020;V615502002;HINnJ;1;"2004-10-27 00:00:00";"2004-10-27 00:00:00";16;1110;20;10;0;<FLG>
V6155020;V615502002;HINnJ;1;"2004-10-28 00:00:00";"2004-10-28 00:00:00";16;1425;20;10;0;<FLG>
V6155020;V615502002;HINnJ;1;"2004-10-29 00:00:00";"2004-10-29 00:00:00";16;7500;20;10;0;<FLG>
V6155020;V615502002;HINnJ;1;"2004-10-30 00:00:00";"2004-10-30 00:00:00";16;17695;20;10;0;<FLG>
V6155020;V615502002;HINnJ;1;"2004-10-31 00:00:00";"2004-10-31 00:00:00";16;21995;20;10;0;<FLG>
V6155020;V615502002;HINnJ;1;"2004-11-01 00:00:00";"2004-11-01 00:00:00";16;22230;20;10;0;<FLG>
V6155020;V615502002;HINnJ;1;"2004-11-02 00:00:00";"2004-11-02 00:00:00";16;22425;20;10;0;<FLG>
V6155020;V615502002;HINnJ;1;"2004-11-03 00:00:00";"2004-11-03 23:59:59";16;22372;20;10;0;<FLG>
V6155020;V615502002;HINnJ;1;"2004-11-04 00:00:00";"2004-11-04 23:59:59";16;21878;20;10;0;<FLG>
V6155020;V615502002;HINnJ;1;"2004-11-05 00:00:00";"2004-11-05 23:59:59";16;20990;20;10;0;<FLG>
V6155020;V615502002;HINnJ;1;"2004-11-06 00:00:00";"2004-11-06 23:59:59";16;19403;20;10;0;<FLG>
V6155020;V615502002;HINnJ;1;"2004-11-07 00:00:00";"2004-11-07 23:59:59";16;17510;20;10;0;<FLG>
V6155020;V615502002;HINnJ;1;"2004-11-08 00:00:00";"2004-11-08 23:59:59";16;15617;20;10;0;<FLG>
V6155020;V615502002;HINnJ;1;"2004-11-09 00:00:00";"2004-11-09 23:59:59";16;14182;20;10;0;<FLG>
V6155020;V615502002;HINnJ;1;"2004-11-10 00:00:00";"2004-11-10 23:59:59";16;13205;20;10;0;<FLG>
V6155020;V615502002;HINnJ;1;"2004-11-11 00:00:00";"2004-11-11 23:59:59";16;12228;20;10;0;<FLG>
V6155020;V615502002;HINnJ;1;"2004-11-12 00:00:00";"2004-11-12 23:59:59";16;11252;20;10;0;<FLG>
V6155020;V615502002;HINnJ;1;"2004-11-13 00:00:00";"2004-11-13 23:59:59";16;10275;20;10;0;<FLG>
V6155020;V615502002;HINnJ;1;"2004-11-14 00:00:00";"2004-11-14 23:59:59";16;9298;20;10;0;<FLG>
V6155020;V615502002;HINnJ;1;"2004-11-15 00:00:00";"2004-11-15 23:59:59";16;8515;20;10;0;<FLG>
V6155020;V615502002;HINnJ;1;"2004-11-16 00:00:00";"2004-11-16 23:59:59";16;7925;20;10;0;<FLG>
V6155020;V615502002;HINnJ;1;"2004-11-17 00:00:00";"2004-11-17 23:59:59";16;7335;20;10;0;<FLG>
V6155020;V615502002;HINnJ;1;"2004-11-18 00:00:00";"2004-11-18 23:59:59";16;6884;20;10;0;<FLG>
V6155020;V615502002;HINnJ;1;"2004-11-19 00:00:00";"2004-11-19 23:59:59";16;6572;20;10;0;<FLG>
V6155020;V615502002;HINnJ;1;"2004-11-20 00:00:00";"2004-11-20 23:59:59";16;6261;20;10;0;<FLG>
V6155020;V615502002;HINnJ;1;"2004-11-21 00:00:00";"2004-11-21 23:59:59";16;5949;20;10;0;<FLG>
V6155020;V615502002;HINnJ;1;"2004-11-22 00:00:00";"2004-11-22 23:59:59";16;5638;20;10;0;<FLG>
V6155020;V615502002;HINnJ;1;"2004-11-23 00:00:00";"2004-11-23 23:59:59";16;5326;20;10;0;<FLG>
V6155020;V615502002;HINnJ;1;"2004-11-24 00:00:00";"2004-11-24 23:59:59";16;5040;20;10;0;<FLG>
V6155020;V615502002;HINnJ;1;"2004-11-25 00:00:00";"2004-11-25 23:59:59";16;4780;20;10;0;<FLG>
V6155020;V615502002;HINnJ;1;"2004-11-26 00:00:00";"2004-11-26 23:59:59";16;4520;20;10;0;<FLG>
V6155020;V615502002;HINnJ;1;"2004-11-27 00:00:00";"2004-11-27 23:59:59";16;4260;20;10;0;<FLG>
V6155020;V615502002;HINnJ;1;"2004-11-28 00:00:00";"2004-11-28 23:59:59";16;4000;20;10;0;<FLG>
V6155020;V615502002;HINnJ;1;"2004-11-29 00:00:00";"2004-11-29 23:59:59";16;3802;20;10;0;<FLG>
V6155020;V615502002;HINnJ;1;"2004-11-30 00:00:00";"2004-11-30 23:59:59";16;3665;20;10;0;<FLG>
V6155020;V615502002;HINnJ;1;"2004-12-01 00:00:00";"2004-12-01 23:59:59";16;3528;20;10;0;<FLG>
V6155020;V615502002;HINnJ;1;"2004-12-02 00:00:00";"2004-12-02 23:59:59";16;3443;20;10;0;<FLG>
V6155020;V615502002;HINnJ;1;"2004-12-03 00:00:00";"2004-12-03 23:59:59";16;3409;20;10;0;<FLG>
V6155020;V615502002;HINnJ;1;"2004-12-04 00:00:00";"2004-12-04 23:59:59";16;3374;20;10;0;<FLG>
V6155020;V615502002;HINnJ;1;"2004-12-05 00:00:00";"2004-12-05 23:59:59";16;3340;20;10;0;<FLG>
V6155020;V615502002;HINnJ;1;"2004-12-06 00:00:00";"2004-12-06 23:59:59";16;3306;20;10;0;<FLG>
V6155020;V615502002;HINnJ;1;"2004-12-07 00:00:00";"2004-12-07 23:59:59";16;3271;20;10;0;<FLG>
V6155020;V615502002;HINnJ;1;"2004-12-08 00:00:00";"2004-12-08 23:59:59";16;3237;20;10;0;<FLG>
V6155020;V615502002;HINnJ;1;"2004-12-09 00:00:00";"2004-12-09 23:59:59";16;3152;20;10;0;<FLG>
V6155020;V615502002;HINnJ;1;"2004-12-10 00:00:00";"2004-12-10 23:59:59";16;3015;20;10;0;<FLG>
V6155020;V615502002;HINnJ;1;"2004-12-11 00:00:00";"2004-12-11 23:59:59";16;2878;20;10;0;<FLG>
V6155020;V615502002;HINnJ;1;"2004-12-12 00:00:00";"2004-12-12 23:59:59";16;2742;20;10;0;<FLG>
V6155020;V615502002;HINnJ;1;"2004-12-13 00:00:00";"2004-12-13 23:59:59";16;2605;20;10;0;<FLG>
V6155020;V615502002;HINnJ;1;"2004-12-14 00:00:00";"2004-12-14 23:59:59";16;2468;20;10;0;<FLG>
V6155020;V615502002;HINnJ;1;"2004-12-15 00:00:00";"2004-12-15 23:59:59";16;2390;20;10;0;<FLG>
V6155020;V615502002;HINnJ;1;"2004-12-16 00:00:00";"2004-12-16 23:59:59";16;2370;20;10;0;<FLG>
V6155020;V615502002;HINnJ;1;"2004-12-17 00:00:00";"2004-12-17 23:59:59";16;2350;20;10;0;<FLG>
V6155020;V615502002;HINnJ;1;"2004-12-18 00:00:00";"2004-12-18 23:59:59";16;2330;20;10;0;<FLG>
V6155020;V615502002;HINnJ;1;"2004-12-19 00:00:00";"2004-12-19 23:59:59";16;2310;20;10;0;<FLG>
V6155020;V615502002;HINnJ;1;"2004-12-20 00:00:00";"2004-12-20 12:00:00";16;2300;20;10;0;<FLG>
V6155020;V615502002;HINnJ;1;"2004-12-21 00:00:00";"2004-12-21 00:00:00";16;2598;20;10;0;<FLG>
V6155020;V615502002;HINnJ;1;"2004-12-22 00:00:00";"2004-12-22 00:00:00";16;3194;20;10;0;<FLG>
V6155020;V615502002;HINnJ;1;"2004-12-23 00:00:00";"2004-12-23 00:00:00";16;3789;20;10;0;<FLG>
V6155020;V615502002;HINnJ;1;"2004-12-24 00:00:00";"2004-12-24 00:00:00";16;4385;20;10;0;<FLG>
V6155020;V615502002;HINnJ;1;"2004-12-25 00:00:00";"2004-12-25 00:00:00";16;4981;20;10;0;<FLG>
V6155020;V615502002;HINnJ;1;"2004-12-26 00:00:00";"2004-12-26 00:00:00";16;5576;20;10;0;<FLG>
V6155020;V615502002;HINnJ;1;"2004-12-27 00:00:00";"2004-12-27 00:00:00";16;6172;20;10;0;<FLG>
V6155020;V615502002;HINnJ;1;"2004-12-28 00:00:00";"2004-12-28 00:00:00";16;6685;20;10;0;<FLG>
V6155020;V615502002;HINnJ;1;"2004-12-29 00:00:00";"2004-12-29 23:59:59";16;6337;20;10;0;<FLG>
V6155020;V615502002;HINnJ;1;"2004-12-30 00:00:00";"2004-12-30 23:59:59";16;5962;20;10;0;<FLG>
V6155020;V615502002;HINnJ;1;"2004-12-31 00:00:00";"2004-12-31 23:59:59";16;5587;20;10;0;<FLG>
V6155020;V615502002;HINnJ;1;"2005-01-01 00:00:00";"2005-01-01 12:00:00";16;5400;20;10;0;<FLG>
V6155020;V615502002;HINnJ;1;"2005-01-02 00:00:00";"2005-01-02 00:00:00";16;5400;20;10;0;<FLG>
V6155020;V615502002;HINnJ;1;"2005-01-03 00:00:00";"2005-01-03 00:00:00";16;5400;20;10;0;<FLG>
V6155020;V615502002;HINnJ;1;"2005-01-04 00:00:00";"2005-01-04 00:00:00";16;5400;20;10;0;<FLG>
V6155020;V615502002;HINnJ;1;"2005-01-05 00:00:00";"2005-01-05 00:00:00";16;5400;20;10;0;<FLG>
V6155020;V615502002;HINnJ;1;"2005-01-06 00:00:00";"2005-01-06 23:59:59";16;5364;20;10;0;<FLG>
V6155020;V615502002;HINnJ;1;"2005-01-07 00:00:00";"2005-01-07 23:59:59";16;5293;20;10;0;<FLG>
V6155020;V615502002;HINnJ;1;"2005-01-08 00:00:00";"2005-01-08 23:59:59";16;5221;20;10;0;<FLG>
V6155020;V615502002;HINnJ;1;"2005-01-09 00:00:00";"2005-01-09 23:59:59";16;5150;20;10;0;<FLG>
V6155020;V615502002;HINnJ;1;"2005-01-10 00:00:00";"2005-01-10 23:59:59";16;5079;20;10;0;<FLG>
V6155020;V615502002;HINnJ;1;"2005-01-11 00:00:00";"2005-01-11 23:59:59";16;5007;20;10;0;<FLG>
V6155020;V615502002;HINnJ;1;"2005-01-12 00:00:00";"2005-01-12 23:59:59";16;4936;20;10;0;<FLG>
V6155020;V615502002;HINnJ;1;"2005-01-13 00:00:00";"2005-01-13 23:59:59";16;4814;20;10;0;<FLG>
V6155020;V615502002;HINnJ;1;"2005-01-14 00:00:00";"2005-01-14 23:59:59";16;4643;20;10;0;<FLG>
V6155020;V615502002;HINnJ;1;"2005-01-15 00:00:00";"2005-01-15 23:59:59";16;4471;20;10;0;<FLG>
V6155020;V615502002;HINnJ;1;"2005-01-16 00:00:00";"2005-01-16 23:59:59";16;4300;20;10;0;<FLG>
V6155020;V615502002;HINnJ;1;"2005-01-17 00:00:00";"2005-01-17 23:59:59";16;4129;20;10;0;<FLG>
V6155020;V615502002;HINnJ;1;"2005-01-18 00:00:00";"2005-01-18 23:59:59";16;3957;20;10;0;<FLG>
V6155020;V615502002;HINnJ;1;"2005-01-19 00:00:00";"2005-01-19 23:59:59";16;3786;20;10;0;<FLG>
V6155020;V615502002;HINnJ;1;"2005-01-20 00:00:00";"2005-01-20 12:00:00";16;3700;20;10;0;<FLG>
V6155020;V615502002;HINnJ;1;"2005-01-21 00:00:00";"2005-01-21 00:00:00";16;3780;20;10;0;<FLG>
V6155020;V615502002;HINnJ;1;"2005-01-22 00:00:00";"2005-01-22 00:00:00";16;3940;20;10;0;<FLG>
V6155020;V615502002;HINnJ;1;"2005-01-23 00:00:00";"2005-01-23 00:00:00";16;4100;20;10;0;<FLG>
V6155020;V615502002;HINnJ;1;"2005-01-24 00:00:00";"2005-01-24 00:00:00";16;4260;20;10;0;<FLG>
V6155020;V615502002;HINnJ;1;"2005-01-25 00:00:00";"2005-01-25 00:00:00";16;4420;20;10;0;<FLG>
V6155020;V615502002;HINnJ;1;"2005-01-26 00:00:00";"2005-01-26 23:59:59";16;4388;20;10;0;<FLG>
V6155020;V615502002;HINnJ;1;"2005-01-27 00:00:00";"2005-01-27 23:59:59";16;4225;20;10;0;<FLG>
V6155020;V615502002;HINnJ;1;"2005-01-28 00:00:00";"2005-01-28 23:59:59";16;3983;20;10;0;<FLG>
V6155020;V615502002;HINnJ;1;"2005-01-29 00:00:00";"2005-01-29 23:59:59";16;3750;20;10;0;<FLG>
V6155020;V615502002;HINnJ;1;"2005-01-30 00:00:00";"2005-01-30 23:59:59";16;3517;20;10;0;<FLG>
V6155020;V615502002;HINnJ;1;"2005-01-31 00:00:00";"2005-01-31 23:59:59";16;3300;20;10;0;<FLG>
V6155020;V615502002;HINnJ;1;"2005-02-01 00:00:00";"2005-02-01 23:59:59";16;3100;20;10;0;<FLG>
V6155020;V615502002;HINnJ;1;"2005-02-02 00:00:00";"2005-02-02 23:59:59";16;2945;20;10;0;<FLG>
V6155020;V615502002;HINnJ;1;"2005-02-03 00:00:00";"2005-02-03 23:59:59";16;2835;20;10;0;<FLG>
V6155020;V615502002;HINnJ;1;"2005-02-04 00:00:00";"2005-02-04 23:59:59";16;2725;20;10;0;<FLG>
V6155020;V615502002;HINnJ;1;"2005-02-05 00:00:00";"2005-02-05 23:59:59";16;2615;20;10;0;<FLG>
V6155020;V615502002;HINnJ;1;"2005-02-06 00:00:00";"2005-02-06 23:59:59";16;2505;20;10;0;<FLG>
V6155020;V615502002;HINnJ;1;"2005-02-07 00:00:00";"2005-02-07 23:59:59";16;2388;20;10;0;<FLG>
V6155020;V615502002;HINnJ;1;"2005-02-08 00:00:00";"2005-02-08 23:59:59";16;2262;20;10;0;<FLG>
V6155020;V615502002;HINnJ;1;"2005-02-09 00:00:00";"2005-02-09 23:59:59";16;2192;20;10;0;<FLG>
V6155020;V615502002;HINnJ;1;"2005-02-10 00:00:00";"2005-02-10 23:59:59";16;2175;20;10;0;<FLG>
V6155020;V615502002;HINnJ;1;"2005-02-11 00:00:00";"2005-02-11 23:59:59";16;2158;20;10;0;<FLG>
V6155020;V615502002;HINnJ;1;"2005-02-12 00:00:00";"2005-02-12 23:59:59";16;2142;20;10;0;<FLG>
V6155020;V615502002;HINnJ;1;"2005-02-13 00:00:00";"2005-02-13 23:59:59";16;2125;20;10;0;<FLG>
V6155020;V615502002;HINnJ;1;"2005-02-14 00:00:00";"2005-02-14 23:59:59";16;2108;20;10;0;<FLG>
V6155020;V615502002;HINnJ;1;"2005-02-15 00:00:00";"2005-02-15 23:59:59";16;2042;20;10;0;<FLG>
V6155020;V615502002;HINnJ;1;"2005-02-16 00:00:00";"2005-02-16 23:59:59";16;1925;20;10;0;<FLG>
V6155020;V615502002;HINnJ;1;"2005-02-17 00:00:00";"2005-02-17 23:59:59";16;1808;20;10;0;<FLG>
V6155020;V615502002;HINnJ;1;"2005-02-18 00:00:00";"2005-02-18 23:59:59";16;1725;20;10;0;<FLG>
V6155020;V615502002;HINnJ;1;"2005-02-19 00:00:00";"2005-02-19 23:59:59";16;1675;20;10;0;<FLG>
V6155020;V615502002;HINnJ;1;"2005-02-20 00:00:00";"2005-02-20 23:59:59";16;1625;20;10;0;<FLG>
V6155020;V615502002;HINnJ;1;"2005-02-21 00:00:00";"2005-02-21 23:59:59";16;1558;20;10;0;<FLG>
V6155020;V615502002;HINnJ;1;"2005-02-22 00:00:00";"2005-02-22 23:59:59";16;1475;20;10;0;<FLG>
V6155020;V615502002;HINnJ;1;"2005-02-23 00:00:00";"2005-02-23 23:59:59";16;1392;20;10;0;<FLG>
V6155020;V615502002;HINnJ;1;"2005-02-24 00:00:00";"2005-02-24 23:59:59";16;1341;20;10;0;<FLG>
V6155020;V615502002;HINnJ;1;"2005-02-25 00:00:00";"2005-02-25 23:59:59";16;1324;20;10;0;<FLG>
V6155020;V615502002;HINnJ;1;"2005-02-26 00:00:00";"2005-02-26 23:59:59";16;1306;20;10;0;<FLG>
V6155020;V615502002;HINnJ;1;"2005-02-27 00:00:00";"2005-02-27 23:59:59";16;1289;20;10;0;<FLG>
V6155020;V615502002;HINnJ;1;"2005-02-28 00:00:00";"2005-02-28 23:59:59";16;1250;20;10;0;<FLG>
V6155020;V615502002;HINnJ;1;"2005-03-01 00:00:00";"2005-03-01 23:59:59";16;1190;20;10;0;<FLG>
V6155020;V615502002;HINnJ;1;"2005-03-02 00:00:00";"2005-03-02 23:59:59";16;1130;20;10;0;<FLG>
V6155020;V615502002;HINnJ;1;"2005-03-03 00:00:00";"2005-03-03 23:59:59";16;1080;20;10;0;<FLG>
V6155020;V615502002;HINnJ;1;"2005-03-04 00:00:00";"2005-03-04 23:59:59";16;1040;20;10;0;<FLG>
V6155020;V615502002;HINnJ;1;"2005-03-05 00:00:00";"2005-03-05 23:59:59";16;1000;20;10;0;<FLG>
V6155020;V615502002;HINnJ;1;"2005-03-06 00:00:00";"2005-03-06 23:59:59";16;960;20;10;0;<FLG>
V6155020;V615502002;HINnJ;1;"2005-03-07 00:00:00";"2005-03-07 23:59:59";16;920;20;10;0;<FLG>
V6155020;V615502002;HINnJ;1;"2005-03-08 00:00:00";"2005-03-08 23:59:59";16;888;20;10;0;<FLG>
V6155020;V615502002;HINnJ;1;"2005-03-09 00:00:00";"2005-03-09 23:59:59";16;862;20;10;0;<FLG>
V6155020;V615502002;HINnJ;1;"2005-03-10 00:00:00";"2005-03-10 23:59:59";16;838;20;10;0;<FLG>
V6155020;V615502002;HINnJ;1;"2005-03-11 00:00:00";"2005-03-11 23:59:59";16;812;20;10;0;<FLG>
V6155020;V615502002;HINnJ;1;"2005-03-12 00:00:00";"2005-03-12 23:59:59";16;783;20;10;0;<FLG>
V6155020;V615502002;HINnJ;1;"2005-03-13 00:00:00";"2005-03-13 23:59:59";16;750;20;10;0;<FLG>
V6155020;V615502002;HINnJ;1;"2005-03-14 00:00:00";"2005-03-14 23:59:59";16;717;20;10;0;<FLG>
V6155020;V615502002;HINnJ;1;"2005-03-15 00:00:00";"2005-03-15 12:00:00";16;700;20;10;0;<FLG>
V6155020;V615502002;HINnJ;1;"2005-03-16 00:00:00";"2005-03-16 00:00:00";16;717;20;10;0;<FLG>
V6155020;V615502002;HINnJ;1;"2005-03-17 00:00:00";"2005-03-17 00:00:00";16;750;20;10;0;<FLG>
V6155020;V615502002;HINnJ;1;"2005-03-18 00:00:00";"2005-03-18 00:00:00";16;783;20;10;0;<FLG>
V6155020;V615502002;HINnJ;1;"2005-03-19 00:00:00";"2005-03-19 00:00:00";16;817;20;10;0;<FLG>
V6155020;V615502002;HINnJ;1;"2005-03-20 00:00:00";"2005-03-20 00:00:00";16;850;20;10;0;<FLG>
V6155020;V615502002;HINnJ;1;"2005-03-21 00:00:00";"2005-03-21 00:00:00";16;883;20;10;0;<FLG>
V6155020;V615502002;HINnJ;1;"2005-03-22 00:00:00";"2005-03-22 00:00:00";16;962;20;10;0;<FLG>
V6155020;V615502002;HINnJ;1;"2005-03-23 00:00:00";"2005-03-23 00:00:00";16;1088;20;10;0;<FLG>
V6155020;V615502002;HINnJ;1;"2005-03-24 00:00:00";"2005-03-24 00:00:00";16;1225;20;10;0;<FLG>
V6155020;V615502002;HINnJ;1;"2005-03-25 00:00:00";"2005-03-25 00:00:00";16;1375;20;10;0;<FLG>
V6155020;V615502002;HINnJ;1;"2005-03-26 00:00:00";"2005-03-26 00:00:00";16;1525;20;10;0;<FLG>
V6155020;V615502002;HINnJ;1;"2005-03-27 00:00:00";"2005-03-27 00:00:00";16;1788;20;10;0;<FLG>
V6155020;V615502002;HINnJ;1;"2005-03-28 00:00:00";"2005-03-28 00:00:00";16;2165;20;10;0;<FLG>
V6155020;V615502002;HINnJ;1;"2005-03-29 00:00:00";"2005-03-29 00:00:00";16;2542;20;10;0;<FLG>
V6155020;V615502002;HINnJ;1;"2005-03-30 00:00:00";"2005-03-30 23:59:59";16;2565;20;10;0;<FLG>
V6155020;V615502002;HINnJ;1;"2005-03-31 00:00:00";"2005-03-31 23:59:59";16;2455;20;10;0;<FLG>
V6155020;V615502002;HINnJ;1;"2005-04-01 00:00:00";"2005-04-01 23:59:59";16;2335;20;10;0;<FLG>
V6155020;V615502002;HINnJ;1;"2005-04-02 00:00:00";"2005-04-02 23:59:59";16;2205;20;10;0;<FLG>
V6155020;V615502002;HINnJ;1;"2005-04-03 00:00:00";"2005-04-03 23:59:59";16;2075;20;10;0;<FLG>
V6155020;V615502002;HINnJ;1;"2005-04-04 00:00:00";"2005-04-04 23:59:59";16;1945;20;10;0;<FLG>
V6155020;V615502002;HINnJ;1;"2005-04-05 00:00:00";"2005-04-05 23:59:59";16;1830;20;10;0;<FLG>
V6155020;V615502002;HINnJ;1;"2005-04-06 00:00:00";"2005-04-06 23:59:59";16;1730;20;10;0;<FLG>
V6155020;V615502002;HINnJ;1;"2005-04-07 00:00:00";"2005-04-07 12:00:00";16;1680;20;10;0;<FLG>
V6155020;V615502002;HINnJ;1;"2005-04-08 00:00:00";"2005-04-08 00:00:00";16;1808;20;10;0;<FLG>
V6155020;V615502002;HINnJ;1;"2005-04-09 00:00:00";"2005-04-09 00:00:00";16;2065;20;10;0;<FLG>
V6155020;V615502002;HINnJ;1;"2005-04-10 00:00:00";"2005-04-10 00:00:00";16;2322;20;10;0;<FLG>
V6155020;V615502002;HINnJ;1;"2005-04-11 00:00:00";"2005-04-11 00:00:00";16;2600;20;10;0;<FLG>
V6155020;V615502002;HINnJ;1;"2005-04-12 00:00:00";"2005-04-12 23:59:59";16;2700;20;10;0;<FLG>
V6155020;V615502002;HINnJ;1;"2005-04-13 00:00:00";"2005-04-13 23:59:59";16;2667;20;10;0;<FLG>
V6155020;V615502002;HINnJ;1;"2005-04-14 00:00:00";"2005-04-14 12:00:00";16;2650;20;10;0;<FLG>
V6155020;V615502002;HINnJ;1;"2005-04-15 00:00:00";"2005-04-15 00:00:00";16;4262;20;10;0;<FLG>
V6155020;V615502002;HINnJ;1;"2005-04-16 00:00:00";"2005-04-16 00:00:00";16;7488;20;10;0;<FLG>
V6155020;V615502002;HINnJ;1;"2005-04-17 00:00:00";"2005-04-17 00:00:00";16;11465;20;10;0;<FLG>
V6155020;V615502002;HINnJ;1;"2005-04-18 00:00:00";"2005-04-18 00:00:00";16;15765;20;10;0;<FLG>
V6155020;V615502002;HINnJ;1;"2005-04-19 00:00:00";"2005-04-19 00:00:00";16;19645;20;10;0;<FLG>
V6155020;V615502002;HINnJ;1;"2005-04-20 00:00:00";"2005-04-20 00:00:00";16;21905;20;10;0;<FLG>
V6155020;V615502002;HINnJ;1;"2005-04-21 00:00:00";"2005-04-21 23:59:59";16;22185;20;10;0;<FLG>
V6155020;V615502002;HINnJ;1;"2005-04-22 00:00:00";"2005-04-22 23:59:59";16;22005;20;10;0;<FLG>
V6155020;V615502002;HINnJ;1;"2005-04-23 00:00:00";"2005-04-23 23:59:59";16;21795;20;10;0;<FLG>
V6155020;V615502002;HINnJ;1;"2005-04-24 00:00:00";"2005-04-24 23:59:59";16;21585;20;10;0;<FLG>
V6155020;V615502002;HINnJ;1;"2005-04-25 00:00:00";"2005-04-25 23:59:59";16;21425;20;10;0;<FLG>
V6155020;V615502002;HINnJ;1;"2005-04-26 00:00:00";"2005-04-26 23:59:59";16;21320;20;10;0;<FLG>
V6155020;V615502002;HINnJ;1;"2005-04-27 00:00:00";"2005-04-27 23:59:59";16;21085;20;10;0;<FLG>
V6155020;V615502002;HINnJ;1;"2005-04-28 00:00:00";"2005-04-28 23:59:59";16;20290;20;10;0;<FLG>
V6155020;V615502002;HINnJ;1;"2005-04-29 00:00:00";"2005-04-29 23:59:59";16;19230;20;10;0;<FLG>
V6155020;V615502002;HINnJ;1;"2005-04-30 00:00:00";"2005-04-30 23:59:59";16;18330;20;10;0;<FLG>
V6155020;V615502002;HINnJ;1;"2005-05-01 00:00:00";"2005-05-01 23:59:59";16;17430;20;10;0;<FLG>
V6155020;V615502002;HINnJ;1;"2005-05-02 00:00:00";"2005-05-02 23:59:59";16;16602;20;10;0;<FLG>
V6155020;V615502002;HINnJ;1;"2005-05-03 00:00:00";"2005-05-03 23:59:59";16;15848;20;10;0;<FLG>
V6155020;V615502002;HINnJ;1;"2005-05-04 00:00:00";"2005-05-04 23:59:59";16;15108;20;10;0;<FLG>
V6155020;V615502002;HINnJ;1;"2005-05-05 00:00:00";"2005-05-05 23:59:59";16;14382;20;10;0;<FLG>
V6155020;V615502002;HINnJ;1;"2005-05-06 00:00:00";"2005-05-06 23:59:59";16;13658;20;10;0;<FLG>
V6155020;V615502002;HINnJ;1;"2005-05-07 00:00:00";"2005-05-07 23:59:59";16;12932;20;10;0;<FLG>
V6155020;V615502002;HINnJ;1;"2005-05-08 00:00:00";"2005-05-08 23:59:59";16;12232;20;10;0;<FLG>
V6155020;V615502002;HINnJ;1;"2005-05-09 00:00:00";"2005-05-09 23:59:59";16;11558;20;10;0;<FLG>
V6155020;V615502002;HINnJ;1;"2005-05-10 00:00:00";"2005-05-10 23:59:59";16;10882;20;10;0;<FLG>
V6155020;V615502002;HINnJ;1;"2005-05-11 00:00:00";"2005-05-11 23:59:59";16;10208;20;10;0;<FLG>
V6155020;V615502002;HINnJ;1;"2005-05-12 00:00:00";"2005-05-12 23:59:59";16;9668;20;10;0;<FLG>
V6155020;V615502002;HINnJ;1;"2005-05-13 00:00:00";"2005-05-13 23:59:59";16;9262;20;10;0;<FLG>
V6155020;V615502002;HINnJ;1;"2005-05-14 00:00:00";"2005-05-14 23:59:59";16;8858;20;10;0;<FLG>
V6155020;V615502002;HINnJ;1;"2005-05-15 00:00:00";"2005-05-15 23:59:59";16;8452;20;10;0;<FLG>
V6155020;V615502002;HINnJ;1;"2005-05-16 00:00:00";"2005-05-16 23:59:59";16;8135;20;10;0;<FLG>
V6155020;V615502002;HINnJ;1;"2005-05-17 00:00:00";"2005-05-17 12:00:00";16;8020;20;10;0;<FLG>
V6155020;V615502002;HINnJ;1;"2005-05-18 00:00:00";"2005-05-18 00:00:00";16;8425;20;10;0;<FLG>
V6155020;V615502002;HINnJ;1;"2005-05-19 00:00:00";"2005-05-19 00:00:00";16;9800;20;10;0;<FLG>
V6155020;V615502002;HINnJ;1;"2005-05-20 00:00:00";"2005-05-20 23:59:59";16;10840;20;10;0;<FLG>
V6155020;V615502002;HINnJ;1;"2005-05-21 00:00:00";"2005-05-21 23:59:59";16;10420;20;10;0;<FLG>
V6155020;V615502002;HINnJ;1;"2005-05-22 00:00:00";"2005-05-22 23:59:59";16;10000;20;10;0;<FLG>
V6155020;V615502002;HINnJ;1;"2005-05-23 00:00:00";"2005-05-23 23:59:59";16;9580;20;10;0;<FLG>
V6155020;V615502002;HINnJ;1;"2005-05-24 00:00:00";"2005-05-24 23:59:59";16;9160;20;10;0;<FLG>
V6155020;V615502002;HINnJ;1;"2005-05-25 00:00:00";"2005-05-25 23:59:59";16;8762;20;10;0;<FLG>
V6155020;V615502002;HINnJ;1;"2005-05-26 00:00:00";"2005-05-26 23:59:59";16;8388;20;10;0;<FLG>
V6155020;V615502002;HINnJ;1;"2005-05-27 00:00:00";"2005-05-27 23:59:59";16;8012;20;10;0;<FLG>
V6155020;V615502002;HINnJ;1;"2005-05-28 00:00:00";"2005-05-28 23:59:59";16;7638;20;10;0;<FLG>
V6155020;V615502002;HINnJ;1;"2005-05-29 00:00:00";"2005-05-29 23:59:59";16;7262;20;10;0;<FLG>
V6155020;V615502002;HINnJ;1;"2005-05-30 00:00:00";"2005-05-30 23:59:59";16;6888;20;10;0;<FLG>
V6155020;V615502002;HINnJ;1;"2005-05-31 00:00:00";"2005-05-31 23:59:59";16;6600;20;10;0;<FLG>
V6155020;V615502002;HINnJ;1;"2005-06-01 00:00:00";"2005-06-01 23:59:59";16;6500;20;10;0;<FLG>
V6155020;V615502002;HINnJ;1;"2005-06-02 00:00:00";"2005-06-02 23:59:59";16;6231;20;10;0;<FLG>
V6155020;V615502002;HINnJ;1;"2005-06-03 00:00:00";"2005-06-03 23:59:59";16;5962;20;10;0;<FLG>
V6155020;V615502002;HINnJ;1;"2005-06-04 00:00:00";"2005-06-04 23:59:59";16;5692;20;10;0;<FLG>
V6155020;V615502002;HINnJ;1;"2005-06-05 00:00:00";"2005-06-05 23:59:59";16;5423;20;10;0;<FLG>
V6155020;V615502002;HINnJ;1;"2005-06-06 00:00:00";"2005-06-06 23:59:59";16;5154;20;10;0;<FLG>
V6155020;V615502002;HINnJ;1;"2005-06-07 00:00:00";"2005-06-07 23:59:59";16;4885;20;10;0;<FLG>
V6155020;V615502002;HINnJ;1;"2005-06-08 00:00:00";"2005-06-08 23:59:59";16;4689;20;10;0;<FLG>
V6155020;V615502002;HINnJ;1;"2005-06-09 00:00:00";"2005-06-09 23:59:59";16;4568;20;10;0;<FLG>
V6155020;V615502002;HINnJ;1;"2005-06-10 00:00:00";"2005-06-10 23:59:59";16;4446;20;10;0;<FLG>
V6155020;V615502002;HINnJ;1;"2005-06-11 00:00:00";"2005-06-11 23:59:59";16;4325;20;10;0;<FLG>
V6155020;V615502002;HINnJ;1;"2005-06-12 00:00:00";"2005-06-12 23:59:59";16;4204;20;10;0;<FLG>
V6155020;V615502002;HINnJ;1;"2005-06-13 00:00:00";"2005-06-13 23:59:59";16;4082;20;10;0;<FLG>
V6155020;V615502002;HINnJ;1;"2005-06-14 00:00:00";"2005-06-14 23:59:59";16;3961;20;10;0;<FLG>
V6155020;V615502002;HINnJ;1;"2005-06-15 00:00:00";"2005-06-15 23:59:59";16;3829;20;10;0;<FLG>
V6155020;V615502002;HINnJ;1;"2005-06-16 00:00:00";"2005-06-16 23:59:59";16;3688;20;10;0;<FLG>
V6155020;V615502002;HINnJ;1;"2005-06-17 00:00:00";"2005-06-17 23:59:59";16;3546;20;10;0;<FLG>
V6155020;V615502002;HINnJ;1;"2005-06-18 00:00:00";"2005-06-18 23:59:59";16;3404;20;10;0;<FLG>
V6155020;V615502002;HINnJ;1;"2005-06-19 00:00:00";"2005-06-19 23:59:59";16;3262;20;10;0;<FLG>
V6155020;V615502002;HINnJ;1;"2005-06-20 00:00:00";"2005-06-20 23:59:59";16;3121;20;10;0;<FLG>
V6155020;V615502002;HINnJ;1;"2005-06-21 00:00:00";"2005-06-21 23:59:59";16;3008;20;10;0;<FLG>
V6155020;V615502002;HINnJ;1;"2005-06-22 00:00:00";"2005-06-22 23:59:59";16;2924;20;10;0;<FLG>
V6155020;V615502002;HINnJ;1;"2005-06-23 00:00:00";"2005-06-23 23:59:59";16;2841;20;10;0;<FLG>
V6155020;V615502002;HINnJ;1;"2005-06-24 00:00:00";"2005-06-24 23:59:59";16;2757;20;10;0;<FLG>
V6155020;V615502002;HINnJ;1;"2005-06-25 00:00:00";"2005-06-25 23:59:59";16;2673;20;10;0;<FLG>
V6155020;V615502002;HINnJ;1;"2005-06-26 00:00:00";"2005-06-26 23:59:59";16;2589;20;10;0;<FLG>
V6155020;V615502002;HINnJ;1;"2005-06-27 00:00:00";"2005-06-27 23:59:59";16;2506;20;10;0;<FLG>
V6155020;V615502002;HINnJ;1;"2005-06-28 00:00:00";"2005-06-28 23:59:59";16;2422;20;10;0;<FLG>
V6155020;V615502002;HINnJ;1;"2005-06-29 00:00:00";"2005-06-29 23:59:59";16;2346;20;10;0;<FLG>
V6155020;V615502002;HINnJ;1;"2005-06-30 00:00:00";"2005-06-30 23:59:59";16;2277;20;10;0;<FLG>
V6155020;V615502002;HINnJ;1;"2005-07-01 00:00:00";"2005-07-01 23:59:59";16;2209;20;10;0;<FLG>
V6155020;V615502002;HINnJ;1;"2005-07-02 00:00:00";"2005-07-02 23:59:59";16;2140;20;10;0;<FLG>
V6155020;V615502002;HINnJ;1;"2005-07-03 00:00:00";"2005-07-03 23:59:59";16;2071;20;10;0;<FLG>
V6155020;V615502002;HINnJ;1;"2005-07-04 00:00:00";"2005-07-04 23:59:59";16;2003;20;10;0;<FLG>
V6155020;V615502002;HINnJ;1;"2005-07-05 00:00:00";"2005-07-05 23:59:59";16;1934;20;10;0;<FLG>
V6155020;V615502002;HINnJ;1;"2005-07-06 00:00:00";"2005-07-06 23:59:59";16;1867;20;10;0;<FLG>
V6155020;V615502002;HINnJ;1;"2005-07-07 00:00:00";"2005-07-07 23:59:59";16;1800;20;10;0;<FLG>
V6155020;V615502002;HINnJ;1;"2005-07-08 00:00:00";"2005-07-08 23:59:59";16;1733;20;10;0;<FLG>
V6155020;V615502002;HINnJ;1;"2005-07-09 00:00:00";"2005-07-09 23:59:59";16;1667;20;10;0;<FLG>
V6155020;V615502002;HINnJ;1;"2005-07-10 00:00:00";"2005-07-10 23:59:59";16;1600;20;10;0;<FLG>
V6155020;V615502002;HINnJ;1;"2005-07-11 00:00:00";"2005-07-11 23:59:59";16;1533;20;10;0;<FLG>
V6155020;V615502002;HINnJ;1;"2005-07-12 00:00:00";"2005-07-12 23:59:59";16;1468;20;10;0;<FLG>
V6155020;V615502002;HINnJ;1;"2005-07-13 00:00:00";"2005-07-13 23:59:59";16;1405;20;10;0;<FLG>
V6155020;V615502002;HINnJ;1;"2005-07-14 00:00:00";"2005-07-14 23:59:59";16;1342;20;10;0;<FLG>
V6155020;V615502002;HINnJ;1;"2005-07-15 00:00:00";"2005-07-15 23:59:59";16;1290;20;10;0;<FLG>
V6155020;V615502002;HINnJ;1;"2005-07-16 00:00:00";"2005-07-16 23:59:59";16;1250;20;10;0;<FLG>
V6155020;V615502002;HINnJ;1;"2005-07-17 00:00:00";"2005-07-17 23:59:59";16;1210;20;10;0;<FLG>
V6155020;V615502002;HINnJ;1;"2005-07-18 00:00:00";"2005-07-18 23:59:59";16;1170;20;10;0;<FLG>
V6155020;V615502002;HINnJ;1;"2005-07-19 00:00:00";"2005-07-19 23:59:59";16;1132;20;10;0;<FLG>
V6155020;V615502002;HINnJ;1;"2005-07-20 00:00:00";"2005-07-20 23:59:59";16;1097;20;10;0;<FLG>
V6155020;V615502002;HINnJ;1;"2005-07-21 00:00:00";"2005-07-21 23:59:59";16;1061;20;10;0;<FLG>
V6155020;V615502002;HINnJ;1;"2005-07-22 00:00:00";"2005-07-22 23:59:59";16;1026;20;10;0;<FLG>
V6155020;V615502002;HINnJ;1;"2005-07-23 00:00:00";"2005-07-23 23:59:59";16;990;20;10;0;<FLG>
V6155020;V615502002;HINnJ;1;"2005-07-24 00:00:00";"2005-07-24 23:59:59";16;954;20;10;0;<FLG>
V6155020;V615502002;HINnJ;1;"2005-07-25 00:00:00";"2005-07-25 23:59:59";16;919;20;10;0;<FLG>
V6155020;V615502002;HINnJ;1;"2005-07-26 00:00:00";"2005-07-26 23:59:59";16;883;20;10;0;<FLG>
V6155020;V615502002;HINnJ;1;"2005-07-27 00:00:00";"2005-07-27 23:59:59";16;848;20;10;0;<FLG>
V6155020;V615502002;HINnJ;1;"2005-07-28 00:00:00";"2005-07-28 23:59:59";16;808;20;10;0;<FLG>
V6155020;V615502002;HINnJ;1;"2005-07-29 00:00:00";"2005-07-29 23:59:59";16;765;20;10;0;<FLG>
V6155020;V615502002;HINnJ;1;"2005-07-30 00:00:00";"2005-07-30 23:59:59";16;722;20;10;0;<FLG>
V6155020;V615502002;HINnJ;1;"2005-07-31 00:00:00";"2005-07-31 23:59:59";16;687;20;10;0;<FLG>
V6155020;V615502002;HINnJ;1;"2005-08-01 00:00:00";"2005-08-01 23:59:59";16;662;20;10;0;<FLG>
V6155020;V615502002;HINnJ;1;"2005-08-02 00:00:00";"2005-08-02 23:59:59";16;636;20;10;0;<FLG>
V6155020;V615502002;HINnJ;1;"2005-08-03 00:00:00";"2005-08-03 23:59:59";16;611;20;10;0;<FLG>
V6155020;V615502002;HINnJ;1;"2005-08-04 00:00:00";"2005-08-04 23:59:59";16;585;20;10;0;<FLG>
V6155020;V615502002;HINnJ;1;"2005-08-05 00:00:00";"2005-08-05 23:59:59";16;559;20;10;0;<FLG>
V6155020;V615502002;HINnJ;1;"2005-08-06 00:00:00";"2005-08-06 23:59:59";16;534;20;10;0;<FLG>
V6155020;V615502002;HINnJ;1;"2005-08-07 00:00:00";"2005-08-07 23:59:59";16;508;20;10;0;<FLG>
V6155020;V615502002;HINnJ;1;"2005-08-08 00:00:00";"2005-08-08 23:59:59";16;483;20;10;0;<FLG>
V6155020;V615502002;HINnJ;1;"2005-08-09 00:00:00";"2005-08-09 23:59:59";16;456;20;10;0;<FLG>
V6155020;V615502002;HINnJ;1;"2005-08-10 00:00:00";"2005-08-10 23:59:59";16;426;20;10;0;<FLG>
V6155020;V615502002;HINnJ;1;"2005-08-11 00:00:00";"2005-08-11 23:59:59";16;398;20;10;0;<FLG>
V6155020;V615502002;HINnJ;1;"2005-08-12 00:00:00";"2005-08-12 23:59:59";16;368;20;10;0;<FLG>
V6155020;V615502002;HINnJ;1;"2005-08-13 00:00:00";"2005-08-13 23:59:59";16;340;20;10;0;<FLG>
V6155020;V615502002;HINnJ;1;"2005-08-14 00:00:00";"2005-08-14 23:59:59";16;310;20;10;0;<FLG>
V6155020;V615502002;HINnJ;1;"2005-08-15 00:00:00";"2005-08-15 23:59:59";16;282;20;10;0;<FLG>
V6155020;V615502002;HINnJ;1;"2005-08-16 00:00:00";"2005-08-16 23:59:59";16;253;20;10;0;<FLG>
V6155020;V615502002;HINnJ;1;"2005-08-17 00:00:00";"2005-08-17 23:59:59";16;224;20;10;0;<FLG>
V6155020;V615502002;HINnJ;1;"2005-08-18 00:00:00";"2005-08-18 23:59:59";16;194;20;10;0;<FLG>
V6155020;V615502002;HINnJ;1;"2005-08-19 00:00:00";"2005-08-19 23:59:59";16;171;20;10;0;<FLG>
V6155020;V615502002;HINnJ;1;"2005-08-20 00:00:00";"2005-08-20 23:59:59";16;152;20;10;0;<FLG>
V6155020;V615502002;HINnJ;1;"2005-08-21 00:00:00";"2005-08-21 23:59:59";16;134;20;10;0;<FLG>
V6155020;V615502002;HINnJ;1;"2005-08-22 00:00:00";"2005-08-22 23:59:59";16;116;20;10;0;<FLG>
V6155020;V615502002;HINnJ;1;"2005-08-23 00:00:00";"2005-08-23 23:59:59";16;98;20;10;0;<FLG>
V6155020;V615502002;HINnJ;1;"2005-08-24 00:00:00";"2005-08-24 23:59:59";16;79;20;10;0;<FLG>
V6155020;V615502002;HINnJ;1;"2005-08-25 00:00:00";"2005-08-25 23:59:59";16;60;20;10;0;<FLG>
V6155020;V615502002;HINnJ;1;"2005-08-26 00:00:00";"2005-08-26 23:59:59";16;40;20;10;0;<FLG>
V6155020;V615502002;HINnJ;1;"2005-08-27 00:00:00";"2005-08-27 23:59:59";16;20;20;10;0;<FLG>
V6155020;V615502002;HINnJ;1;"2005-08-28 00:00:00";"2005-08-28 23:59:59";16;0;20;10;0;<FLG>
V6155020;V615502002;HINnJ;1;"2005-08-29 00:00:00";"2005-08-29 23:59:59";16;-32;20;10;0;<FLG>
V6155020;V615502002;HINnJ;1;"2005-08-30 00:00:00";"2005-08-30 23:59:59";16;-78;20;10;0;<FLG>
V6155020;V615502002;HINnJ;1;"2005-08-31 00:00:00";"2005-08-31 23:59:59";16;-105;20;10;0;<FLG>
V6155020;V615502002;HINnJ;1;"2005-09-01 00:00:00";"2005-09-01 23:59:59";16;-115;20;10;0;<FLG>
V6155020;V615502002;HINnJ;1;"2005-09-02 00:00:00";"2005-09-02 23:59:59";16;-125;20;10;0;<FLG>
V6155020;V615502002;HINnJ;1;"2005-09-03 00:00:00";"2005-09-03 23:59:59";16;-135;20;10;0;<FLG>
V6155020;V615502002;HINnJ;1;"2005-09-04 00:00:00";"2005-09-04 23:59:59";16;-145;20;10;0;<FLG>
V6155020;V615502002;HINnJ;1;"2005-09-05 00:00:00";"2005-09-05 12:00:00";16;-150;20;10;0;<FLG>
V6155020;V615502002;HINnJ;1;"2005-09-06 00:00:00";"2005-09-06 00:00:00";16;-130;20;10;0;<FLG>
V6155020;V615502002;HINnJ;1;"2005-09-07 00:00:00";"2005-09-07 00:00:00";16;-90;20;10;0;<FLG>
V6155020;V615502002;HINnJ;1;"2005-09-08 00:00:00";"2005-09-08 00:00:00";16;15;20;10;0;<FLG>
V6155020;V615502002;HINnJ;1;"2005-09-09 00:00:00";"2005-09-09 00:00:00";16;235;20;10;0;<FLG>
V6155020;V615502002;HINnJ;1;"2005-09-10 00:00:00";"2005-09-10 00:00:00";16;835;20;10;0;<FLG>
V6155020;V615502002;HINnJ;1;"2005-09-11 00:00:00";"2005-09-11 23:59:59";16;980;20;10;0;<FLG>
V6155020;V615502002;HINnJ;1;"2005-09-12 00:00:00";"2005-09-12 23:59:59";16;960;20;10;0;<FLG>
V6155020;V615502002;HINnJ;1;"2005-09-13 00:00:00";"2005-09-13 23:59:59";16;870;20;10;0;<FLG>
V6155020;V615502002;HINnJ;1;"2005-09-14 00:00:00";"2005-09-14 23:59:59";16;730;20;10;0;<FLG>
V6155020;V615502002;HINnJ;1;"2005-09-15 00:00:00";"2005-09-15 23:59:59";16;610;20;10;0;<FLG>
V6155020;V615502002;HINnJ;1;"2005-09-16 00:00:00";"2005-09-16 23:59:59";16;490;20;10;0;<FLG>
V6155020;V615502002;HINnJ;1;"2005-09-17 00:00:00";"2005-09-17 23:59:59";16;382;20;10;0;<FLG>
V6155020;V615502002;HINnJ;1;"2005-09-18 00:00:00";"2005-09-18 23:59:59";16;288;20;10;0;<FLG>
V6155020;V615502002;HINnJ;1;"2005-09-19 00:00:00";"2005-09-19 12:00:00";16;240;20;10;0;<FLG>
V6155020;V615502002;HINnJ;1;"2005-09-20 00:00:00";"2005-09-20 00:00:00";16;242;20;10;0;<FLG>
V6155020;V615502002;HINnJ;1;"2005-09-21 00:00:00";"2005-09-21 23:59:59";16;220;20;10;0;<FLG>
V6155020;V615502002;HINnJ;1;"2005-09-22 00:00:00";"2005-09-22 23:59:59";16;160;20;10;0;<FLG>
V6155020;V615502002;HINnJ;1;"2005-09-23 00:00:00";"2005-09-23 12:00:00";16;130;20;10;0;<FLG>
V6155020;V615502002;HINnJ;1;"2005-09-24 00:00:00";"2005-09-24 00:00:00";16;175;20;10;0;<FLG>
V6155020;V615502002;HINnJ;1;"2005-09-25 00:00:00";"2005-09-25 00:00:00";16;265;20;10;0;<FLG>
V6155020;V615502002;HINnJ;1;"2005-09-26 00:00:00";"2005-09-26 00:00:00";16;355;20;10;0;<FLG>
V6155020;V615502002;HINnJ;1;"2005-09-27 00:00:00";"2005-09-27 23:59:59";16;270;20;10;0;<FLG>
V6155020;V615502002;HINnJ;1;"2005-09-28 00:00:00";"2005-09-28 23:59:59";16;183;20;10;0;<FLG>
V6155020;V615502002;HINnJ;1;"2005-09-29 00:00:00";"2005-09-29 23:59:59";16;115;20;10;0;<FLG>
V6155020;V615502002;HINnJ;1;"2005-09-30 00:00:00";"2005-09-30 23:59:59";16;65;20;10;0;<FLG>
V6155020;V615502002;HINnJ;1;"2005-10-01 00:00:00";"2005-10-01 23:59:59";16;15;20;10;0;<FLG>
V6155020;V615502002;HINnJ;1;"2005-10-02 00:00:00";"2005-10-02 23:59:59";16;-20;20;10;0;<FLG>
V6155020;V615502002;HINnJ;1;"2005-10-03 00:00:00";"2005-10-03 23:59:59";16;-40;20;10;0;<FLG>
V6155020;V615502002;HINnJ;1;"2005-10-04 00:00:00";"2005-10-04 23:59:59";16;-75;20;10;0;<FLG>
V6155020;V615502002;HINnJ;1;"2005-10-05 00:00:00";"2005-10-05 23:59:59";16;-125;20;10;0;<FLG>
V6155020;V615502002;HINnJ;1;"2005-10-06 00:00:00";"2005-10-06 23:59:59";16;-160;20;10;0;<FLG>
V6155020;V615502002;HINnJ;1;"2005-10-07 00:00:00";"2005-10-07 23:59:59";16;-185;20;10;0;<FLG>
V6155020;V615502002;HINnJ;1;"2005-10-08 00:00:00";"2005-10-08 23:59:59";16;-212;20;10;0;<FLG>
V6155020;V615502002;HINnJ;1;"2005-10-09 00:00:00";"2005-10-09 23:59:59";16;-238;20;10;0;<FLG>
V6155020;V615502002;HINnJ;1;"2005-10-10 00:00:00";"2005-10-10 23:59:59";16;-260;20;10;0;<FLG>
V6155020;V615502002;HINnJ;1;"2005-10-11 00:00:00";"2005-10-11 23:59:59";16;-285;20;10;0;<FLG>
V6155020;V615502002;HINnJ;1;"2005-10-12 00:00:00";"2005-10-12 23:59:59";16;-305;20;10;0;<FLG>
V6155020;V615502002;HINnJ;1;"2005-10-13 00:00:00";"2005-10-13 23:59:59";16;-315;20;10;0;<FLG>
V6155020;V615502002;HINnJ;1;"2005-10-14 00:00:00";"2005-10-14 23:59:59";16;-332;20;10;0;<FLG>
V6155020;V615502002;HINnJ;1;"2005-10-15 00:00:00";"2005-10-15 23:59:59";16;-358;20;10;0;<FLG>
V6155020;V615502002;HINnJ;1;"2005-10-16 00:00:00";"2005-10-16 23:59:59";16;-372;20;10;0;<FLG>
V6155020;V615502002;HINnJ;1;"2005-10-17 00:00:00";"2005-10-17 23:59:59";16;-378;20;10;0;<FLG>
V6155020;V615502002;HINnJ;1;"2005-10-18 00:00:00";"2005-10-18 12:00:00";16;-380;20;10;0;<FLG>
V6155020;V615502002;HINnJ;1;"2005-10-19 00:00:00";"2005-10-19 00:00:00";16;460;20;10;0;<FLG>
V6155020;V615502002;HINnJ;1;"2005-10-20 00:00:00";"2005-10-20 00:00:00";16;3430;20;10;0;<FLG>
V6155020;V615502002;HINnJ;1;"2005-10-21 00:00:00";"2005-10-21 23:59:59";16;5200;20;10;0;<FLG>
V6155020;V615502002;HINnJ;1;"2005-10-22 00:00:00";"2005-10-22 23:59:59";16;4600;20;10;0;<FLG>
V6155020;V615502002;HINnJ;1;"2005-10-23 00:00:00";"2005-10-23 12:00:00";16;4400;20;10;0;<FLG>
V6155020;V615502002;HINnJ;1;"2005-10-24 00:00:00";"2005-10-24 00:00:00";16;5010;20;10;0;<FLG>
V6155020;V615502002;HINnJ;1;"2005-10-25 00:00:00";"2005-10-25 00:00:00";16;5682;20;10;0;<FLG>
V6155020;V615502002;HINnJ;1;"2005-10-26 00:00:00";"2005-10-26 23:59:59";16;5535;20;10;0;<FLG>
V6155020;V615502002;HINnJ;1;"2005-10-27 00:00:00";"2005-10-27 23:59:59";16;5020;20;10;0;<FLG>
V6155020;V615502002;HINnJ;1;"2005-10-28 00:00:00";"2005-10-28 23:59:59";16;4660;20;10;0;<FLG>
V6155020;V615502002;HINnJ;1;"2005-10-29 00:00:00";"2005-10-29 23:59:59";16;4300;20;10;0;<FLG>
V6155020;V615502002;HINnJ;1;"2005-10-30 00:00:00";"2005-10-30 23:59:59";16;3940;20;10;0;<FLG>
V6155020;V615502002;HINnJ;1;"2005-10-31 00:00:00";"2005-10-31 23:59:59";16;3580;20;10;0;<FLG>
V6155020;V615502002;HINnJ;1;"2005-11-01 00:00:00";"2005-11-01 12:00:00";16;3400;20;10;0;<FLG>
V6155020;V615502002;HINnJ;1;"2005-11-02 00:00:00";"2005-11-02 00:00:00";16;3975;20;10;0;<FLG>
V6155020;V615502002;HINnJ;1;"2005-11-03 00:00:00";"2005-11-03 00:00:00";16;5125;20;10;0;<FLG>
V6155020;V615502002;HINnJ;1;"2005-11-04 00:00:00";"2005-11-04 00:00:00";16;6088;20;10;0;<FLG>
V6155020;V615502002;HINnJ;1;"2005-11-05 00:00:00";"2005-11-05 00:00:00";16;6862;20;10;0;<FLG>
V6155020;V615502002;HINnJ;1;"2005-11-06 00:00:00";"2005-11-06 00:00:00";16;10300;20;10;0;<FLG>
V6155020;V615502002;HINnJ;1;"2005-11-07 00:00:00";"2005-11-07 23:59:59";16;12878;20;10;0;<FLG>
V6155020;V615502002;HINnJ;1;"2005-11-08 00:00:00";"2005-11-08 23:59:59";16;11432;20;10;0;<FLG>
V6155020;V615502002;HINnJ;1;"2005-11-09 00:00:00";"2005-11-09 23:59:59";16;9950;20;10;0;<FLG>
V6155020;V615502002;HINnJ;1;"2005-11-10 00:00:00";"2005-11-10 23:59:59";16;8728;20;10;0;<FLG>
V6155020;V615502002;HINnJ;1;"2005-11-11 00:00:00";"2005-11-11 23:59:59";16;7805;20;10;0;<FLG>
V6155020;V615502002;HINnJ;1;"2005-11-12 00:00:00";"2005-11-12 23:59:59";16;6882;20;10;0;<FLG>
V6155020;V615502002;HINnJ;1;"2005-11-13 00:00:00";"2005-11-13 12:00:00";16;6420;20;10;0;<FLG>
V6155020;V615502002;HINnJ;1;"2005-11-14 00:00:00";"2005-11-14 00:00:00";16;6638;20;10;0;<FLG>
V6155020;V615502002;HINnJ;1;"2005-11-15 00:00:00";"2005-11-15 00:00:00";16;7072;20;10;0;<FLG>
V6155020;V615502002;HINnJ;1;"2005-11-16 00:00:00";"2005-11-16 23:59:59";16;6998;20;10;0;<FLG>
V6155020;V615502002;HINnJ;1;"2005-11-17 00:00:00";"2005-11-17 23:59:59";16;6667;20;10;0;<FLG>
V6155020;V615502002;HINnJ;1;"2005-11-18 00:00:00";"2005-11-18 23:59:59";16;6200;20;10;0;<FLG>
V6155020;V615502002;HINnJ;1;"2005-11-19 00:00:00";"2005-11-19 23:59:59";16;5733;20;10;0;<FLG>
V6155020;V615502002;HINnJ;1;"2005-11-20 00:00:00";"2005-11-20 23:59:59";16;5295;20;10;0;<FLG>
V6155020;V615502002;HINnJ;1;"2005-11-21 00:00:00";"2005-11-21 23:59:59";16;4885;20;10;0;<FLG>
V6155020;V615502002;HINnJ;1;"2005-11-22 00:00:00";"2005-11-22 23:59:59";16;4552;20;10;0;<FLG>
V6155020;V615502002;HINnJ;1;"2005-11-23 00:00:00";"2005-11-23 23:59:59";16;4298;20;10;0;<FLG>
V6155020;V615502002;HINnJ;1;"2005-11-24 00:00:00";"2005-11-24 23:59:59";16;4042;20;10;0;<FLG>
V6155020;V615502002;HINnJ;1;"2005-11-25 00:00:00";"2005-11-25 23:59:59";16;3788;20;10;0;<FLG>
V6155020;V615502002;HINnJ;1;"2005-11-26 00:00:00";"2005-11-26 23:59:59";16;3532;20;10;0;<FLG>
V6155020;V615502002;HINnJ;1;"2005-11-27 00:00:00";"2005-11-27 23:59:59";16;3278;20;10;0;<FLG>
V6155020;V615502002;HINnJ;1;"2005-11-28 00:00:00";"2005-11-28 23:59:59";16;3038;20;10;0;<FLG>
V6155020;V615502002;HINnJ;1;"2005-11-29 00:00:00";"2005-11-29 23:59:59";16;2812;20;10;0;<FLG>
V6155020;V615502002;HINnJ;1;"2005-11-30 00:00:00";"2005-11-30 12:00:00";16;2700;20;10;0;<FLG>
V6155020;V615502002;HINnJ;1;"2005-12-01 00:00:00";"2005-12-01 00:00:00";16;5828;20;10;0;<FLG>
V6155020;V615502002;HINnJ;1;"2005-12-02 00:00:00";"2005-12-02 00:00:00";16;12085;20;10;0;<FLG>
V6155020;V615502002;HINnJ;1;"2005-12-03 00:00:00";"2005-12-03 00:00:00";16;18342;20;10;0;<FLG>
V6155020;V615502002;HINnJ;1;"2005-12-04 00:00:00";"2005-12-04 00:00:00";16;21995;20;10;0;<FLG>
V6155020;V615502002;HINnJ;1;"2005-12-05 00:00:00";"2005-12-05 23:59:59";16;22295;20;10;0;<FLG>
V6155020;V615502002;HINnJ;1;"2005-12-06 00:00:00";"2005-12-06 23:59:59";16;21925;20;10;0;<FLG>
V6155020;V615502002;HINnJ;1;"2005-12-07 00:00:00";"2005-12-07 23:59:59";16;21555;20;10;0;<FLG>
V6155020;V615502002;HINnJ;1;"2005-12-08 00:00:00";"2005-12-08 23:59:59";16;21185;20;10;0;<FLG>
V6155020;V615502002;HINnJ;1;"2005-12-09 00:00:00";"2005-12-09 23:59:59";16;20314;20;10;0;<FLG>
V6155020;V615502002;HINnJ;1;"2005-12-10 00:00:00";"2005-12-10 23:59:59";16;18941;20;10;0;<FLG>
V6155020;V615502002;HINnJ;1;"2005-12-11 00:00:00";"2005-12-11 23:59:59";16;17569;20;10;0;<FLG>
V6155020;V615502002;HINnJ;1;"2005-12-12 00:00:00";"2005-12-12 23:59:59";16;16196;20;10;0;<FLG>
V6155020;V615502002;HINnJ;1;"2005-12-13 00:00:00";"2005-12-13 23:59:59";16;15035;20;10;0;<FLG>
V6155020;V615502002;HINnJ;1;"2005-12-14 00:00:00";"2005-12-14 23:59:59";16;14085;20;10;0;<FLG>
V6155020;V615502002;HINnJ;1;"2005-12-15 00:00:00";"2005-12-15 23:59:59";16;13135;20;10;0;<FLG>
V6155020;V615502002;HINnJ;1;"2005-12-16 00:00:00";"2005-12-16 23:59:59";16;12297;20;10;0;<FLG>
V6155020;V615502002;HINnJ;1;"2005-12-17 00:00:00";"2005-12-17 23:59:59";16;11570;20;10;0;<FLG>
V6155020;V615502002;HINnJ;1;"2005-12-18 00:00:00";"2005-12-18 23:59:59";16;10843;20;10;0;<FLG>
V6155020;V615502002;HINnJ;1;"2005-12-19 00:00:00";"2005-12-19 23:59:59";16;10202;20;10;0;<FLG>
V6155020;V615502002;HINnJ;1;"2005-12-20 00:00:00";"2005-12-20 23:59:59";16;9646;20;10;0;<FLG>
V6155020;V615502002;HINnJ;1;"2005-12-21 00:00:00";"2005-12-21 23:59:59";16;9090;20;10;0;<FLG>
V6155020;V615502002;HINnJ;1;"2005-12-22 00:00:00";"2005-12-22 23:59:59";16;8534;20;10;0;<FLG>
V6155020;V615502002;HINnJ;1;"2005-12-23 00:00:00";"2005-12-23 23:59:59";16;7978;20;10;0;<FLG>
V6155020;V615502002;HINnJ;1;"2005-12-24 00:00:00";"2005-12-24 23:59:59";16;7559;20;10;0;<FLG>
V6155020;V615502002;HINnJ;1;"2005-12-25 00:00:00";"2005-12-25 23:59:59";16;7276;20;10;0;<FLG>
V6155020;V615502002;HINnJ;1;"2005-12-26 00:00:00";"2005-12-26 23:59:59";16;6994;20;10;0;<FLG>
V6155020;V615502002;HINnJ;1;"2005-12-27 00:00:00";"2005-12-27 23:59:59";16;6711;20;10;0;<FLG>
V6155020;V615502002;HINnJ;1;"2005-12-28 00:00:00";"2005-12-28 23:59:59";16;6492;20;10;0;<FLG>
V6155020;V615502002;HINnJ;1;"2005-12-29 00:00:00";"2005-12-29 23:59:59";16;6336;20;10;0;<FLG>
V6155020;V615502002;HINnJ;1;"2005-12-30 00:00:00";"2005-12-30 23:59:59";16;6180;20;10;0;<FLG>
V6155020;V615502002;HINnJ;1;"2005-12-31 00:00:00";"2005-12-31 23:59:59";16;6025;20;10;0;<FLG>
V6155020;V615502002;HINnJ;1;"2006-01-01 00:00:00";"2006-01-01 23:59:59";16;5869;20;10;0;<FLG>
V6155020;V615502002;HINnJ;1;"2006-01-02 00:00:00";"2006-01-02 23:59:59";16;5713;20;10;0;<FLG>
V6155020;V615502002;HINnJ;1;"2006-01-03 00:00:00";"2006-01-03 23:59:59";16;5557;20;10;0;<FLG>
V6155020;V615502002;HINnJ;1;"2006-01-04 00:00:00";"2006-01-04 23:59:59";16;5401;20;10;0;<FLG>
V6155020;V615502002;HINnJ;1;"2006-01-05 00:00:00";"2006-01-05 23:59:59";16;5245;20;10;0;<FLG>
V6155020;V615502002;HINnJ;1;"2006-01-06 00:00:00";"2006-01-06 23:59:59";16;5090;20;10;0;<FLG>
V6155020;V615502002;HINnJ;1;"2006-01-07 00:00:00";"2006-01-07 23:59:59";16;4934;20;10;0;<FLG>
V6155020;V615502002;HINnJ;1;"2006-01-08 00:00:00";"2006-01-08 23:59:59";16;4778;20;10;0;<FLG>
V6155020;V615502002;HINnJ;1;"2006-01-09 00:00:00";"2006-01-09 23:59:59";16;4620;20;10;0;<FLG>
V6155020;V615502002;HINnJ;1;"2006-01-10 00:00:00";"2006-01-10 23:59:59";16;4460;20;10;0;<FLG>
V6155020;V615502002;HINnJ;1;"2006-01-11 00:00:00";"2006-01-11 23:59:59";16;4300;20;10;0;<FLG>
V6155020;V615502002;HINnJ;1;"2006-01-12 00:00:00";"2006-01-12 23:59:59";16;4140;20;10;0;<FLG>
V6155020;V615502002;HINnJ;1;"2006-01-13 00:00:00";"2006-01-13 23:59:59";16;3980;20;10;0;<FLG>
V6155020;V615502002;HINnJ;1;"2006-01-14 00:00:00";"2006-01-14 12:00:00";16;3900;20;10;0;<FLG>
V6155020;V615502002;HINnJ;1;"2006-01-15 00:00:00";"2006-01-15 00:00:00";16;4020;20;10;0;<FLG>
V6155020;V615502002;HINnJ;1;"2006-01-16 00:00:00";"2006-01-16 00:00:00";16;4260;20;10;0;<FLG>
V6155020;V615502002;HINnJ;1;"2006-01-17 00:00:00";"2006-01-17 00:00:00";16;4500;20;10;0;<FLG>
V6155020;V615502002;HINnJ;1;"2006-01-18 00:00:00";"2006-01-18 00:00:00";16;4740;20;10;0;<FLG>
V6155020;V615502002;HINnJ;1;"2006-01-19 00:00:00";"2006-01-19 00:00:00";16;4980;20;10;0;<FLG>
V6155020;V615502002;HINnJ;1;"2006-01-20 00:00:00";"2006-01-20 00:00:00";16;5600;20;10;0;<FLG>
V6155020;V615502002;HINnJ;1;"2006-01-21 00:00:00";"2006-01-21 00:00:00";16;6300;20;10;0;<FLG>
V6155020;V615502002;HINnJ;1;"2006-01-22 00:00:00";"2006-01-22 00:00:00";16;6530;20;10;0;<FLG>
V6155020;V615502002;HINnJ;1;"2006-01-23 00:00:00";"2006-01-23 00:00:00";16;6590;20;10;0;<FLG>
V6155020;V615502002;HINnJ;1;"2006-01-24 00:00:00";"2006-01-24 00:00:00";16;7019;20;10;0;<FLG>
V6155020;V615502002;HINnJ;1;"2006-01-25 00:00:00";"2006-01-25 00:00:00";16;7818;20;10;0;<FLG>
V6155020;V615502002;HINnJ;1;"2006-01-26 00:00:00";"2006-01-26 00:00:00";16;8616;20;10;0;<FLG>
V6155020;V615502002;HINnJ;1;"2006-01-27 00:00:00";"2006-01-27 00:00:00";16;9414;20;10;0;<FLG>
V6155020;V615502002;HINnJ;1;"2006-01-28 00:00:00";"2006-01-28 00:00:00";16;10212;20;10;0;<FLG>
V6155020;V615502002;HINnJ;1;"2006-01-29 00:00:00";"2006-01-29 00:00:00";16;11011;20;10;0;<FLG>
V6155020;V615502002;HINnJ;1;"2006-01-30 00:00:00";"2006-01-30 00:00:00";16;16720;20;10;0;<FLG>
V6155020;V615502002;HINnJ;1;"2006-01-31 00:00:00";"2006-01-31 00:00:00";16;22195;20;10;0;<FLG>
V6155020;V615502002;HINnJ;1;"2006-02-01 00:00:00";"2006-02-01 23:59:59";16;22365;20;10;0;<FLG>
V6155020;V615502002;HINnJ;1;"2006-02-02 00:00:00";"2006-02-02 23:59:59";16;22290;20;10;0;<FLG>
V6155020;V615502002;HINnJ;1;"2006-02-03 00:00:00";"2006-02-03 23:59:59";16;22128;20;10;0;<FLG>
V6155020;V615502002;HINnJ;1;"2006-02-04 00:00:00";"2006-02-04 23:59:59";16;21922;20;10;0;<FLG>
V6155020;V615502002;HINnJ;1;"2006-02-05 00:00:00";"2006-02-05 23:59:59";16;21388;20;10;0;<FLG>
V6155020;V615502002;HINnJ;1;"2006-02-06 00:00:00";"2006-02-06 23:59:59";16;20525;20;10;0;<FLG>
V6155020;V615502002;HINnJ;1;"2006-02-07 00:00:00";"2006-02-07 23:59:59";16;19662;20;10;0;<FLG>
V6155020;V615502002;HINnJ;1;"2006-02-08 00:00:00";"2006-02-08 23:59:59";16;18830;20;10;0;<FLG>
V6155020;V615502002;HINnJ;1;"2006-02-09 00:00:00";"2006-02-09 23:59:59";16;18030;20;10;0;<FLG>
V6155020;V615502002;HINnJ;1;"2006-02-10 00:00:00";"2006-02-10 23:59:59";16;17230;20;10;0;<FLG>
V6155020;V615502002;HINnJ;1;"2006-02-11 00:00:00";"2006-02-11 23:59:59";16;16358;20;10;0;<FLG>
V6155020;V615502002;HINnJ;1;"2006-02-12 00:00:00";"2006-02-12 23:59:59";16;15415;20;10;0;<FLG>
V6155020;V615502002;HINnJ;1;"2006-02-13 00:00:00";"2006-02-13 23:59:59";16;14472;20;10;0;<FLG>
V6155020;V615502002;HINnJ;1;"2006-02-14 00:00:00";"2006-02-14 12:00:00";16;14000;20;10;0;<FLG>
V6155020;V615502002;HINnJ;1;"2006-02-15 00:00:00";"2006-02-15 00:00:00";16;14218;20;10;0;<FLG>
V6155020;V615502002;HINnJ;1;"2006-02-16 00:00:00";"2006-02-16 00:00:00";16;14655;20;10;0;<FLG>
V6155020;V615502002;HINnJ;1;"2006-02-17 00:00:00";"2006-02-17 00:00:00";16;15092;20;10;0;<FLG>
V6155020;V615502002;HINnJ;1;"2006-02-18 00:00:00";"2006-02-18 00:00:00";16;15460;20;10;0;<FLG>
V6155020;V615502002;HINnJ;1;"2006-02-19 00:00:00";"2006-02-19 00:00:00";16;15855;20;10;0;<FLG>
V6155020;V615502002;HINnJ;1;"2006-02-20 00:00:00";"2006-02-20 00:00:00";16;18840;20;10;0;<FLG>
V6155020;V615502002;HINnJ;1;"2006-02-21 00:00:00";"2006-02-21 00:00:00";16;21915;20;10;0;<FLG>
V6155020;V615502002;HINnJ;1;"2006-02-22 00:00:00";"2006-02-22 23:59:59";16;22195;20;10;0;<FLG>
V6155020;V615502002;HINnJ;1;"2006-02-23 00:00:00";"2006-02-23 23:59:59";16;22085;20;10;0;<FLG>
V6155020;V615502002;HINnJ;1;"2006-02-24 00:00:00";"2006-02-24 23:59:59";16;21940;20;10;0;<FLG>
V6155020;V615502002;HINnJ;1;"2006-02-25 00:00:00";"2006-02-25 23:59:59";16;21720;20;10;0;<FLG>
V6155020;V615502002;HINnJ;1;"2006-02-26 00:00:00";"2006-02-26 23:59:59";16;21352;20;10;0;<FLG>
V6155020;V615502002;HINnJ;1;"2006-02-27 00:00:00";"2006-02-27 23:59:59";16;20878;20;10;0;<FLG>
V6155020;V615502002;HINnJ;1;"2006-02-28 00:00:00";"2006-02-28 23:59:59";16;20470;20;10;0;<FLG>
V6155020;V615502002;HINnJ;1;"2006-03-01 00:00:00";"2006-03-01 23:59:59";16;19775;20;10;0;<FLG>
V6155020;V615502002;HINnJ;1;"2006-03-02 00:00:00";"2006-03-02 23:59:59";16;18725;20;10;0;<FLG>
V6155020;V615502002;HINnJ;1;"2006-03-03 00:00:00";"2006-03-03 23:59:59";16;17988;20;10;0;<FLG>
V6155020;V615502002;HINnJ;1;"2006-03-04 00:00:00";"2006-03-04 23:59:59";16;17562;20;10;0;<FLG>
V6155020;V615502002;HINnJ;1;"2006-03-05 00:00:00";"2006-03-05 23:59:59";16;17138;20;10;0;<FLG>
V6155020;V615502002;HINnJ;1;"2006-03-06 00:00:00";"2006-03-06 23:59:59";16;16712;20;10;0;<FLG>
V6155020;V615502002;HINnJ;1;"2006-03-07 00:00:00";"2006-03-07 23:59:59";16;16288;20;10;0;<FLG>
V6155020;V615502002;HINnJ;1;"2006-03-08 00:00:00";"2006-03-08 23:59:59";16;15862;20;10;0;<FLG>
V6155020;V615502002;HINnJ;1;"2006-03-09 00:00:00";"2006-03-09 12:00:00";16;15650;20;10;0;<FLG>
V6155020;V615502002;HINnJ;1;"2006-03-10 00:00:00";"2006-03-10 00:00:00";16;15760;20;10;0;<FLG>
V6155020;V615502002;HINnJ;1;"2006-03-11 00:00:00";"2006-03-11 23:59:59";16;15804;20;10;0;<FLG>
V6155020;V615502002;HINnJ;1;"2006-03-12 00:00:00";"2006-03-12 23:59:59";16;15232;20;10;0;<FLG>
V6155020;V615502002;HINnJ;1;"2006-03-13 00:00:00";"2006-03-13 23:59:59";16;14660;20;10;0;<FLG>
V6155020;V615502002;HINnJ;1;"2006-03-14 00:00:00";"2006-03-14 23:59:59";16;14088;20;10;0;<FLG>
V6155020;V615502002;HINnJ;1;"2006-03-15 00:00:00";"2006-03-15 23:59:59";16;13516;20;10;0;<FLG>
V6155020;V615502002;HINnJ;1;"2006-03-16 00:00:00";"2006-03-16 23:59:59";16;13136;20;10;0;<FLG>
V6155020;V615502002;HINnJ;1;"2006-03-17 00:00:00";"2006-03-17 23:59:59";16;12948;20;10;0;<FLG>
V6155020;V615502002;HINnJ;1;"2006-03-18 00:00:00";"2006-03-18 23:59:59";16;12760;20;10;0;<FLG>
V6155020;V615502002;HINnJ;1;"2006-03-19 00:00:00";"2006-03-19 23:59:59";16;12572;20;10;0;<FLG>
V6155020;V615502002;HINnJ;1;"2006-03-20 00:00:00";"2006-03-20 23:59:59";16;12384;20;10;0;<FLG>
V6155020;V615502002;HINnJ;1;"2006-03-21 00:00:00";"2006-03-21 12:00:00";16;12290;20;10;0;<FLG>
V6155020;V615502002;HINnJ;1;"2006-03-22 00:00:00";"2006-03-22 00:00:00";16;13123;20;10;0;<FLG>
V6155020;V615502002;HINnJ;1;"2006-03-23 00:00:00";"2006-03-23 00:00:00";16;14790;20;10;0;<FLG>
V6155020;V615502002;HINnJ;1;"2006-03-24 00:00:00";"2006-03-24 00:00:00";16;16457;20;10;0;<FLG>
V6155020;V615502002;HINnJ;1;"2006-03-25 00:00:00";"2006-03-25 00:00:00";16;18048;20;10;0;<FLG>
V6155020;V615502002;HINnJ;1;"2006-03-26 00:00:00";"2006-03-26 00:00:00";16;19565;20;10;0;<FLG>
V6155020;V615502002;HINnJ;1;"2006-03-27 00:00:00";"2006-03-27 00:00:00";16;21082;20;10;0;<FLG>
V6155020;V615502002;HINnJ;1;"2006-03-28 00:00:00";"2006-03-28 23:59:59";16;21845;20;10;0;<FLG>
V6155020;V615502002;HINnJ;1;"2006-03-29 00:00:00";"2006-03-29 23:59:59";16;21750;20;10;0;<FLG>
V6155020;V615502002;HINnJ;1;"2006-03-30 00:00:00";"2006-03-30 23:59:59";16;21590;20;10;0;<FLG>
V6155020;V615502002;HINnJ;1;"2006-03-31 00:00:00";"2006-03-31 23:59:59";16;21355;20;10;0;<FLG>
V6155020;V615502002;HINnJ;1;"2006-04-01 00:00:00";"2006-04-01 23:59:59";16;20965;20;10;0;<FLG>
V6155020;V615502002;HINnJ;1;"2006-04-02 00:00:00";"2006-04-02 23:59:59";16;20435;20;10;0;<FLG>
V6155020;V615502002;HINnJ;1;"2006-04-03 00:00:00";"2006-04-03 23:59:59";16;19885;20;10;0;<FLG>
V6155020;V615502002;HINnJ;1;"2006-04-04 00:00:00";"2006-04-04 23:59:59";16;19335;20;10;0;<FLG>
V6155020;V615502002;HINnJ;1;"2006-04-05 00:00:00";"2006-04-05 23:59:59";16;18775;20;10;0;<FLG>
V6155020;V615502002;HINnJ;1;"2006-04-06 00:00:00";"2006-04-06 23:59:59";16;18146;20;10;0;<FLG>
V6155020;V615502002;HINnJ;1;"2006-04-07 00:00:00";"2006-04-07 23:59:59";16;17459;20;10;0;<FLG>
V6155020;V615502002;HINnJ;1;"2006-04-08 00:00:00";"2006-04-08 23:59:59";16;16771;20;10;0;<FLG>
V6155020;V615502002;HINnJ;1;"2006-04-09 00:00:00";"2006-04-09 23:59:59";16;16084;20;10;0;<FLG>
V6155020;V615502002;HINnJ;1;"2006-04-10 00:00:00";"2006-04-10 23:59:59";16;15445;20;10;0;<FLG>
V6155020;V615502002;HINnJ;1;"2006-04-11 00:00:00";"2006-04-11 23:59:59";16;14883;20;10;0;<FLG>
V6155020;V615502002;HINnJ;1;"2006-04-12 00:00:00";"2006-04-12 23:59:59";16;14350;20;10;0;<FLG>
V6155020;V615502002;HINnJ;1;"2006-04-13 00:00:00";"2006-04-13 23:59:59";16;13817;20;10;0;<FLG>
V6155020;V615502002;HINnJ;1;"2006-04-14 00:00:00";"2006-04-14 23:59:59";16;13362;20;10;0;<FLG>
V6155020;V615502002;HINnJ;1;"2006-04-15 00:00:00";"2006-04-15 23:59:59";16;12986;20;10;0;<FLG>
V6155020;V615502002;HINnJ;1;"2006-04-16 00:00:00";"2006-04-16 23:59:59";16;12610;20;10;0;<FLG>
V6155020;V615502002;HINnJ;1;"2006-04-17 00:00:00";"2006-04-17 23:59:59";16;12234;20;10;0;<FLG>
V6155020;V615502002;HINnJ;1;"2006-04-18 00:00:00";"2006-04-18 23:59:59";16;11858;20;10;0;<FLG>
V6155020;V615502002;HINnJ;1;"2006-04-19 00:00:00";"2006-04-19 23:59:59";16;11503;20;10;0;<FLG>
V6155020;V615502002;HINnJ;1;"2006-04-20 00:00:00";"2006-04-20 23:59:59";16;11169;20;10;0;<FLG>
V6155020;V615502002;HINnJ;1;"2006-04-21 00:00:00";"2006-04-21 23:59:59";16;10836;20;10;0;<FLG>
V6155020;V615502002;HINnJ;1;"2006-04-22 00:00:00";"2006-04-22 23:59:59";16;10502;20;10;0;<FLG>
V6155020;V615502002;HINnJ;1;"2006-04-23 00:00:00";"2006-04-23 23:59:59";16;10168;20;10;0;<FLG>
V6155020;V615502002;HINnJ;1;"2006-04-24 00:00:00";"2006-04-24 23:59:59";16;9834;20;10;0;<FLG>
V6155020;V615502002;HINnJ;1;"2006-04-25 00:00:00";"2006-04-25 23:59:59";16;9501;20;10;0;<FLG>
V6155020;V615502002;HINnJ;1;"2006-04-26 00:00:00";"2006-04-26 23:59:59";16;9167;20;10;0;<FLG>
V6155020;V615502002;HINnJ;1;"2006-04-27 00:00:00";"2006-04-27 23:59:59";16;8875;20;10;0;<FLG>
V6155020;V615502002;HINnJ;1;"2006-04-28 00:00:00";"2006-04-28 23:59:59";16;8625;20;10;0;<FLG>
V6155020;V615502002;HINnJ;1;"2006-04-29 00:00:00";"2006-04-29 23:59:59";16;8375;20;10;0;<FLG>
V6155020;V615502002;HINnJ;1;"2006-04-30 00:00:00";"2006-04-30 23:59:59";16;8125;20;10;0;<FLG>
V6155020;V615502002;HINnJ;1;"2006-05-01 00:00:00";"2006-05-01 23:59:59";16;7860;20;10;0;<FLG>
V6155020;V615502002;HINnJ;1;"2006-05-02 00:00:00";"2006-05-02 23:59:59";16;7580;20;10;0;<FLG>
V6155020;V615502002;HINnJ;1;"2006-05-03 00:00:00";"2006-05-03 23:59:59";16;7316;20;10;0;<FLG>
V6155020;V615502002;HINnJ;1;"2006-05-04 00:00:00";"2006-05-04 23:59:59";16;7068;20;10;0;<FLG>
V6155020;V615502002;HINnJ;1;"2006-05-05 00:00:00";"2006-05-05 23:59:59";16;6820;20;10;0;<FLG>
V6155020;V615502002;HINnJ;1;"2006-05-06 00:00:00";"2006-05-06 23:59:59";16;6572;20;10;0;<FLG>
V6155020;V615502002;HINnJ;1;"2006-05-07 00:00:00";"2006-05-07 23:59:59";16;6324;20;10;0;<FLG>
V6155020;V615502002;HINnJ;1;"2006-05-08 00:00:00";"2006-05-08 23:59:59";16;6150;20;10;0;<FLG>
V6155020;V615502002;HINnJ;1;"2006-05-09 00:00:00";"2006-05-09 12:00:00";16;6100;20;10;0;<FLG>
V6155020;V615502002;HINnJ;1;"2006-05-10 00:00:00";"2006-05-10 00:00:00";16;6285;20;10;0;<FLG>
V6155020;V615502002;HINnJ;1;"2006-05-11 00:00:00";"2006-05-11 23:59:59";16;6230;20;10;0;<FLG>
V6155020;V615502002;HINnJ;1;"2006-05-12 00:00:00";"2006-05-12 23:59:59";16;6058;20;10;0;<FLG>
V6155020;V615502002;HINnJ;1;"2006-05-13 00:00:00";"2006-05-13 23:59:59";16;5874;20;10;0;<FLG>
V6155020;V615502002;HINnJ;1;"2006-05-14 00:00:00";"2006-05-14 23:59:59";16;5691;20;10;0;<FLG>
V6155020;V615502002;HINnJ;1;"2006-05-15 00:00:00";"2006-05-15 23:59:59";16;5507;20;10;0;<FLG>
V6155020;V615502002;HINnJ;1;"2006-05-16 00:00:00";"2006-05-16 23:59:59";16;5323;20;10;0;<FLG>
V6155020;V615502002;HINnJ;1;"2006-05-17 00:00:00";"2006-05-17 23:59:59";16;5139;20;10;0;<FLG>
V6155020;V615502002;HINnJ;1;"2006-05-18 00:00:00";"2006-05-18 23:59:59";16;4956;20;10;0;<FLG>
V6155020;V615502002;HINnJ;1;"2006-05-19 00:00:00";"2006-05-19 23:59:59";16;4772;20;10;0;<FLG>
V6155020;V615502002;HINnJ;1;"2006-05-20 00:00:00";"2006-05-20 23:59:59";16;4598;20;10;0;<FLG>
V6155020;V615502002;HINnJ;1;"2006-05-21 00:00:00";"2006-05-21 23:59:59";16;4435;20;10;0;<FLG>
V6155020;V615502002;HINnJ;1;"2006-05-22 00:00:00";"2006-05-22 23:59:59";16;4272;20;10;0;<FLG>
V6155020;V615502002;HINnJ;1;"2006-05-23 00:00:00";"2006-05-23 23:59:59";16;4108;20;10;0;<FLG>
V6155020;V615502002;HINnJ;1;"2006-05-24 00:00:00";"2006-05-24 23:59:59";16;3945;20;10;0;<FLG>
V6155020;V615502002;HINnJ;1;"2006-05-25 00:00:00";"2006-05-25 23:59:59";16;3782;20;10;0;<FLG>
V6155020;V615502002;HINnJ;1;"2006-05-26 00:00:00";"2006-05-26 23:59:59";16;3640;20;10;0;<FLG>
V6155020;V615502002;HINnJ;1;"2006-05-27 00:00:00";"2006-05-27 23:59:59";16;3520;20;10;0;<FLG>
V6155020;V615502002;HINnJ;1;"2006-05-28 00:00:00";"2006-05-28 23:59:59";16;3400;20;10;0;<FLG>
V6155020;V615502002;HINnJ;1;"2006-05-29 00:00:00";"2006-05-29 23:59:59";16;3280;20;10;0;<FLG>
V6155020;V615502002;HINnJ;1;"2006-05-30 00:00:00";"2006-05-30 23:59:59";16;3160;20;10;0;<FLG>
V6155020;V615502002;HINnJ;1;"2006-05-31 00:00:00";"2006-05-31 12:00:00";16;3100;20;10;0;<FLG>
V6155020;V615502002;HINnJ;1;"2006-06-01 00:00:00";"2006-06-01 23:59:59";16;3129;20;10;0;<FLG>
V6155020;V615502002;HINnJ;1;"2006-06-02 00:00:00";"2006-06-02 23:59:59";16;3028;20;10;0;<FLG>
V6155020;V615502002;HINnJ;1;"2006-06-03 00:00:00";"2006-06-03 23:59:59";16;2927;20;10;0;<FLG>
V6155020;V615502002;HINnJ;1;"2006-06-04 00:00:00";"2006-06-04 23:59:59";16;2826;20;10;0;<FLG>
V6155020;V615502002;HINnJ;1;"2006-06-05 00:00:00";"2006-06-05 23:59:59";16;2724;20;10;0;<FLG>
V6155020;V615502002;HINnJ;1;"2006-06-06 00:00:00";"2006-06-06 23:59:59";16;2623;20;10;0;<FLG>
V6155020;V615502002;HINnJ;1;"2006-06-07 00:00:00";"2006-06-07 23:59:59";16;2522;20;10;0;<FLG>
V6155020;V615502002;HINnJ;1;"2006-06-08 00:00:00";"2006-06-08 23:59:59";16;2421;20;10;0;<FLG>
V6155020;V615502002;HINnJ;1;"2006-06-09 00:00:00";"2006-06-09 23:59:59";16;2340;20;10;0;<FLG>
V6155020;V615502002;HINnJ;1;"2006-06-10 00:00:00";"2006-06-10 23:59:59";16;2280;20;10;0;<FLG>
V6155020;V615502002;HINnJ;1;"2006-06-11 00:00:00";"2006-06-11 23:59:59";16;2220;20;10;0;<FLG>
V6155020;V615502002;HINnJ;1;"2006-06-12 00:00:00";"2006-06-12 23:59:59";16;2160;20;10;0;<FLG>
V6155020;V615502002;HINnJ;1;"2006-06-13 00:00:00";"2006-06-13 23:59:59";16;2100;20;10;0;<FLG>
V6155020;V615502002;HINnJ;1;"2006-06-14 00:00:00";"2006-06-14 23:59:59";16;2040;20;10;0;<FLG>
V6155020;V615502002;HINnJ;1;"2006-06-15 00:00:00";"2006-06-15 23:59:59";16;1980;20;10;0;<FLG>
V6155020;V615502002;HINnJ;1;"2006-06-16 00:00:00";"2006-06-16 23:59:59";16;1920;20;10;0;<FLG>
V6155020;V615502002;HINnJ;1;"2006-06-17 00:00:00";"2006-06-17 23:59:59";16;1860;20;10;0;<FLG>
V6155020;V615502002;HINnJ;1;"2006-06-18 00:00:00";"2006-06-18 23:59:59";16;1800;20;10;0;<FLG>
V6155020;V615502002;HINnJ;1;"2006-06-19 00:00:00";"2006-06-19 23:59:59";16;1742;20;10;0;<FLG>
V6155020;V615502002;HINnJ;1;"2006-06-20 00:00:00";"2006-06-20 23:59:59";16;1685;20;10;0;<FLG>
V6155020;V615502002;HINnJ;1;"2006-06-21 00:00:00";"2006-06-21 23:59:59";16;1628;20;10;0;<FLG>
V6155020;V615502002;HINnJ;1;"2006-06-22 00:00:00";"2006-06-22 23:59:59";16;1575;20;10;0;<FLG>
V6155020;V615502002;HINnJ;1;"2006-06-23 00:00:00";"2006-06-23 23:59:59";16;1525;20;10;0;<FLG>
V6155020;V615502002;HINnJ;1;"2006-06-24 00:00:00";"2006-06-24 23:59:59";16;1475;20;10;0;<FLG>
V6155020;V615502002;HINnJ;1;"2006-06-25 00:00:00";"2006-06-25 23:59:59";16;1425;20;10;0;<FLG>
V6155020;V615502002;HINnJ;1;"2006-06-26 00:00:00";"2006-06-26 23:59:59";16;1378;20;10;0;<FLG>
V6155020;V615502002;HINnJ;1;"2006-06-27 00:00:00";"2006-06-27 23:59:59";16;1335;20;10;0;<FLG>
V6155020;V615502002;HINnJ;1;"2006-06-28 00:00:00";"2006-06-28 23:59:59";16;1292;20;10;0;<FLG>
V6155020;V615502002;HINnJ;1;"2006-06-29 00:00:00";"2006-06-29 23:59:59";16;1248;20;10;0;<FLG>
V6155020;V615502002;HINnJ;1;"2006-06-30 00:00:00";"2006-06-30 23:59:59";16;1205;20;10;0;<FLG>
V6155020;V615502002;HINnJ;1;"2006-07-01 00:00:00";"2006-07-01 23:59:59";16;1162;20;10;0;<FLG>
V6155020;V615502002;HINnJ;1;"2006-07-02 00:00:00";"2006-07-02 23:59:59";16;1118;20;10;0;<FLG>
V6155020;V615502002;HINnJ;1;"2006-07-03 00:00:00";"2006-07-03 23:59:59";16;1075;20;10;0;<FLG>
V6155020;V615502002;HINnJ;1;"2006-07-04 00:00:00";"2006-07-04 23:59:59";16;1032;20;10;0;<FLG>
V6155020;V615502002;HINnJ;1;"2006-07-05 00:00:00";"2006-07-05 23:59:59";16;1000;20;10;0;<FLG>
V6155020;V615502002;HINnJ;1;"2006-07-06 00:00:00";"2006-07-06 23:59:59";16;980;20;10;0;<FLG>
V6155020;V615502002;HINnJ;1;"2006-07-07 00:00:00";"2006-07-07 23:59:59";16;960;20;10;0;<FLG>
V6155020;V615502002;HINnJ;1;"2006-07-08 00:00:00";"2006-07-08 23:59:59";16;939;20;10;0;<FLG>
V6155020;V615502002;HINnJ;1;"2006-07-09 00:00:00";"2006-07-09 23:59:59";16;918;20;10;0;<FLG>
V6155020;V615502002;HINnJ;1;"2006-07-10 00:00:00";"2006-07-10 23:59:59";16;896;20;10;0;<FLG>
V6155020;V615502002;HINnJ;1;"2006-07-11 00:00:00";"2006-07-11 23:59:59";16;875;20;10;0;<FLG>
V6155020;V615502002;HINnJ;1;"2006-07-12 00:00:00";"2006-07-12 23:59:59";16;854;20;10;0;<FLG>
V6155020;V615502002;HINnJ;1;"2006-07-13 00:00:00";"2006-07-13 23:59:59";16;832;20;10;0;<FLG>
V6155020;V615502002;HINnJ;1;"2006-07-14 00:00:00";"2006-07-14 23:59:59";16;811;20;10;0;<FLG>
V6155020;V615502002;HINnJ;1;"2006-07-15 00:00:00";"2006-07-15 23:59:59";16;794;20;10;0;<FLG>
V6155020;V615502002;HINnJ;1;"2006-07-16 00:00:00";"2006-07-16 23:59:59";16;781;20;10;0;<FLG>
V6155020;V615502002;HINnJ;1;"2006-07-17 00:00:00";"2006-07-17 23:59:59";16;769;20;10;0;<FLG>
V6155020;V615502002;HINnJ;1;"2006-07-18 00:00:00";"2006-07-18 23:59:59";16;756;20;10;0;<FLG>
V6155020;V615502002;HINnJ;1;"2006-07-19 00:00:00";"2006-07-19 23:59:59";16;737;20;10;0;<FLG>
V6155020;V615502002;HINnJ;1;"2006-07-20 00:00:00";"2006-07-20 23:59:59";16;711;20;10;0;<FLG>
V6155020;V615502002;HINnJ;1;"2006-07-21 00:00:00";"2006-07-21 23:59:59";16;684;20;10;0;<FLG>
V6155020;V615502002;HINnJ;1;"2006-07-22 00:00:00";"2006-07-22 23:59:59";16;658;20;10;0;<FLG>
V6155020;V615502002;HINnJ;1;"2006-07-23 00:00:00";"2006-07-23 23:59:59";16;632;20;10;0;<FLG>
V6155020;V615502002;HINnJ;1;"2006-07-24 00:00:00";"2006-07-24 23:59:59";16;606;20;10;0;<FLG>
V6155020;V615502002;HINnJ;1;"2006-07-25 00:00:00";"2006-07-25 23:59:59";16;579;20;10;0;<FLG>
V6155020;V615502002;HINnJ;1;"2006-07-26 00:00:00";"2006-07-26 23:59:59";16;553;20;10;0;<FLG>
V6155020;V615502002;HINnJ;1;"2006-07-27 00:00:00";"2006-07-27 23:59:59";16;519;20;10;0;<FLG>
V6155020;V615502002;HINnJ;1;"2006-07-28 00:00:00";"2006-07-28 23:59:59";16;476;20;10;0;<FLG>
V6155020;V615502002;HINnJ;1;"2006-07-29 00:00:00";"2006-07-29 23:59:59";16;434;20;10;0;<FLG>
V6155020;V615502002;HINnJ;1;"2006-07-30 00:00:00";"2006-07-30 23:59:59";16;391;20;10;0;<FLG>
V6155020;V615502002;HINnJ;1;"2006-07-31 00:00:00";"2006-07-31 23:59:59";16;349;20;10;0;<FLG>
V6155020;V615502002;HINnJ;1;"2006-08-01 00:00:00";"2006-08-01 23:59:59";16;306;20;10;0;<FLG>
V6155020;V615502002;HINnJ;1;"2006-08-02 00:00:00";"2006-08-02 23:59:59";16;264;20;10;0;<FLG>
V6155020;V615502002;HINnJ;1;"2006-08-03 00:00:00";"2006-08-03 23:59:59";16;221;20;10;0;<FLG>
V6155020;V615502002;HINnJ;1;"2006-08-04 00:00:00";"2006-08-04 23:59:59";16;190;20;10;0;<FLG>
V6155020;V615502002;HINnJ;1;"2006-08-05 00:00:00";"2006-08-05 23:59:59";16;170;20;10;0;<FLG>
V6155020;V615502002;HINnJ;1;"2006-08-06 00:00:00";"2006-08-06 23:59:59";16;150;20;10;0;<FLG>
V6155020;V615502002;HINnJ;1;"2006-08-07 00:00:00";"2006-08-07 23:59:59";16;130;20;10;0;<FLG>
V6155020;V615502002;HINnJ;1;"2006-08-08 00:00:00";"2006-08-08 23:59:59";16;110;20;10;0;<FLG>
V6155020;V615502002;HINnJ;1;"2006-08-09 00:00:00";"2006-08-09 23:59:59";16;91;20;10;0;<FLG>
V6155020;V615502002;HINnJ;1;"2006-08-10 00:00:00";"2006-08-10 23:59:59";16;74;20;10;0;<FLG>
V6155020;V615502002;HINnJ;1;"2006-08-11 00:00:00";"2006-08-11 23:59:59";16;57;20;10;0;<FLG>
V6155020;V615502002;HINnJ;1;"2006-08-12 00:00:00";"2006-08-12 23:59:59";16;40;20;10;0;<FLG>
V6155020;V615502002;HINnJ;1;"2006-08-13 00:00:00";"2006-08-13 23:59:59";16;23;20;10;0;<FLG>
V6155020;V615502002;HINnJ;1;"2006-08-14 00:00:00";"2006-08-14 23:59:59";16;6;20;10;0;<FLG>
V6155020;V615502002;HINnJ;1;"2006-08-15 00:00:00";"2006-08-15 23:59:59";16;-11;20;10;0;<FLG>
V6155020;V615502002;HINnJ;1;"2006-08-16 00:00:00";"2006-08-16 23:59:59";16;-30;20;10;0;<FLG>
V6155020;V615502002;HINnJ;1;"2006-08-17 00:00:00";"2006-08-17 23:59:59";16;-50;20;10;0;<FLG>
V6155020;V615502002;HINnJ;1;"2006-08-18 00:00:00";"2006-08-18 23:59:59";16;-70;20;10;0;<FLG>
V6155020;V615502002;HINnJ;1;"2006-08-19 00:00:00";"2006-08-19 23:59:59";16;-90;20;10;0;<FLG>
V6155020;V615502002;HINnJ;1;"2006-08-20 00:00:00";"2006-08-20 23:59:59";16;-106;20;10;0;<FLG>
V6155020;V615502002;HINnJ;1;"2006-08-21 00:00:00";"2006-08-21 23:59:59";16;-119;20;10;0;<FLG>
V6155020;V615502002;HINnJ;1;"2006-08-22 00:00:00";"2006-08-22 23:59:59";16;-131;20;10;0;<FLG>
V6155020;V615502002;HINnJ;1;"2006-08-23 00:00:00";"2006-08-23 23:59:59";16;-144;20;10;0;<FLG>
V6155020;V615502002;HINnJ;1;"2006-08-24 00:00:00";"2006-08-24 23:59:59";16;-158;20;10;0;<FLG>
V6155020;V615502002;HINnJ;1;"2006-08-25 00:00:00";"2006-08-25 23:59:59";16;-175;20;10;0;<FLG>
V6155020;V615502002;HINnJ;1;"2006-08-26 00:00:00";"2006-08-26 23:59:59";16;-192;20;10;0;<FLG>
V6155020;V615502002;HINnJ;1;"2006-08-27 00:00:00";"2006-08-27 23:59:59";16;-212;20;10;0;<FLG>
V6155020;V615502002;HINnJ;1;"2006-08-28 00:00:00";"2006-08-28 23:59:59";16;-238;20;10;0;<FLG>
V6155020;V615502002;HINnJ;1;"2006-08-29 00:00:00";"2006-08-29 23:59:59";16;-262;20;10;0;<FLG>
V6155020;V615502002;HINnJ;1;"2006-08-30 00:00:00";"2006-08-30 23:59:59";16;-288;20;10;0;<FLG>
V6155020;V615502002;HINnJ;1;"2006-08-31 00:00:00";"2006-08-31 23:59:59";16;-310;20;10;0;<FLG>
V6155020;V615502002;HINnJ;1;"2006-09-01 00:00:00";"2006-09-01 23:59:59";16;-335;20;10;0;<FLG>
V6155020;V615502002;HINnJ;1;"2006-09-02 00:00:00";"2006-09-02 23:59:59";16;-358;20;10;0;<FLG>
V6155020;V615502002;HINnJ;1;"2006-09-03 00:00:00";"2006-09-03 23:59:59";16;-375;20;10;0;<FLG>
V6155020;V615502002;HINnJ;1;"2006-09-04 00:00:00";"2006-09-04 23:59:59";16;-392;20;10;0;<FLG>
V6155020;V615502002;HINnJ;1;"2006-09-05 00:00:00";"2006-09-05 23:59:59";16;-403;20;10;0;<FLG>
V6155020;V615502002;HINnJ;1;"2006-09-06 00:00:00";"2006-09-06 23:59:59";16;-410;20;10;0;<FLG>
V6155020;V615502002;HINnJ;1;"2006-09-07 00:00:00";"2006-09-07 23:59:59";16;-417;20;10;0;<FLG>
V6155020;V615502002;HINnJ;1;"2006-09-08 00:00:00";"2006-09-08 23:59:59";16;-428;20;10;0;<FLG>
V6155020;V615502002;HINnJ;1;"2006-09-09 00:00:00";"2006-09-09 23:59:59";16;-444;20;10;0;<FLG>
V6155020;V615502002;HINnJ;1;"2006-09-10 00:00:00";"2006-09-10 23:59:59";16;-460;20;10;0;<FLG>
V6155020;V615502002;HINnJ;1;"2006-09-11 00:00:00";"2006-09-11 23:59:59";16;-476;20;10;0;<FLG>
V6155020;V615502002;HINnJ;1;"2006-09-12 00:00:00";"2006-09-12 23:59:59";16;-492;20;10;0;<FLG>
V6155020;V615502002;HINnJ;1;"2006-09-13 00:00:00";"2006-09-13 12:00:00";16;-500;20;10;0;<FLG>
V6155020;V615502002;HINnJ;1;"2006-09-14 00:00:00";"2006-09-14 00:00:00";16;-480;20;10;0;<FLG>
V6155020;V615502002;HINnJ;1;"2006-09-15 00:00:00";"2006-09-15 00:00:00";16;-440;20;10;0;<FLG>
V6155020;V615502002;HINnJ;1;"2006-09-16 00:00:00";"2006-09-16 00:00:00";16;-320;20;10;0;<FLG>
V6155020;V615502002;HINnJ;1;"2006-09-17 00:00:00";"2006-09-17 00:00:00";16;-15;20;10;0;<FLG>
V6155020;V615502002;HINnJ;1;"2006-09-18 00:00:00";"2006-09-18 23:59:59";16;-70;20;10;0;<FLG>
V6155020;V615502002;HINnJ;1;"2006-09-19 00:00:00";"2006-09-19 23:59:59";16;-170;20;10;0;<FLG>
V6155020;V615502002;HINnJ;1;"2006-09-20 00:00:00";"2006-09-20 23:59:59";16;-250;20;10;0;<FLG>
V6155020;V615502002;HINnJ;1;"2006-09-21 00:00:00";"2006-09-21 23:59:59";16;-310;20;10;0;<FLG>
V6155020;V615502002;HINnJ;1;"2006-09-22 00:00:00";"2006-09-22 23:59:59";16;-370;20;10;0;<FLG>
V6155020;V615502002;HINnJ;1;"2006-09-23 00:00:00";"2006-09-23 12:00:00";16;-400;20;10;0;<FLG>
V6155020;V615502002;HINnJ;1;"2006-09-24 00:00:00";"2006-09-24 00:00:00";16;0;20;10;0;<FLG>
V6155020;V615502002;HINnJ;1;"2006-09-25 00:00:00";"2006-09-25 00:00:00";16;800;20;10;0;<FLG>
V6155020;V615502002;HINnJ;1;"2006-09-26 00:00:00";"2006-09-26 00:00:00";16;1650;20;10;0;<FLG>
V6155020;V615502002;HINnJ;1;"2006-09-27 00:00:00";"2006-09-27 23:59:59";16;1375;20;10;0;<FLG>
V6155020;V615502002;HINnJ;1;"2006-09-28 00:00:00";"2006-09-28 23:59:59";16;1045;20;10;0;<FLG>
V6155020;V615502002;HINnJ;1;"2006-09-29 00:00:00";"2006-09-29 23:59:59";16;715;20;10;0;<FLG>
V6155020;V615502002;HINnJ;1;"2006-09-30 00:00:00";"2006-09-30 23:59:59";16;458;20;10;0;<FLG>
V6155020;V615502002;HINnJ;1;"2006-10-01 00:00:00";"2006-10-01 23:59:59";16;272;20;10;0;<FLG>
V6155020;V615502002;HINnJ;1;"2006-10-02 00:00:00";"2006-10-02 23:59:59";16;148;20;10;0;<FLG>
V6155020;V615502002;HINnJ;1;"2006-10-03 00:00:00";"2006-10-03 23:59:59";16;85;20;10;0;<FLG>
V6155020;V615502002;HINnJ;1;"2006-10-04 00:00:00";"2006-10-04 23:59:59";16;22;20;10;0;<FLG>
V6155020;V615502002;HINnJ;1;"2006-10-05 00:00:00";"2006-10-05 23:59:59";16;-42;20;10;0;<FLG>
V6155020;V615502002;HINnJ;1;"2006-10-06 00:00:00";"2006-10-06 23:59:59";16;-105;20;10;0;<FLG>
V6155020;V615502002;HINnJ;1;"2006-10-07 00:00:00";"2006-10-07 23:59:59";16;-168;20;10;0;<FLG>
V6155020;V615502002;HINnJ;1;"2006-10-08 00:00:00";"2006-10-08 23:59:59";16;-222;20;10;0;<FLG>
V6155020;V615502002;HINnJ;1;"2006-10-09 00:00:00";"2006-10-09 23:59:59";16;-268;20;10;0;<FLG>
V6155020;V615502002;HINnJ;1;"2006-10-10 00:00:00";"2006-10-10 23:59:59";16;-312;20;10;0;<FLG>
V6155020;V615502002;HINnJ;1;"2006-10-11 00:00:00";"2006-10-11 23:59:59";16;-358;20;10;0;<FLG>
V6155020;V615502002;HINnJ;1;"2006-10-12 00:00:00";"2006-10-12 23:59:59";16;-397;20;10;0;<FLG>
V6155020;V615502002;HINnJ;1;"2006-10-13 00:00:00";"2006-10-13 23:59:59";16;-430;20;10;0;<FLG>
V6155020;V615502002;HINnJ;1;"2006-10-14 00:00:00";"2006-10-14 23:59:59";16;-463;20;10;0;<FLG>
V6155020;V615502002;HINnJ;1;"2006-10-15 00:00:00";"2006-10-15 23:59:59";16;-488;20;10;0;<FLG>
V6155020;V615502002;HINnJ;1;"2006-10-16 00:00:00";"2006-10-16 23:59:59";16;-505;20;10;0;<FLG>
V6155020;V615502002;HINnJ;1;"2006-10-17 00:00:00";"2006-10-17 23:59:59";16;-522;20;10;0;<FLG>
V6155020;V615502002;HINnJ;1;"2006-10-18 00:00:00";"2006-10-18 12:00:00";16;-530;20;10;0;<FLG>
V6155020;V615502002;HINnJ;1;"2006-10-19 00:00:00";"2006-10-19 00:00:00";16;-415;20;10;0;<FLG>
V6155020;V615502002;HINnJ;1;"2006-10-20 00:00:00";"2006-10-20 00:00:00";16;-185;20;10;0;<FLG>
V6155020;V615502002;HINnJ;1;"2006-10-21 00:00:00";"2006-10-21 00:00:00";16;1422;20;10;0;<FLG>
V6155020;V615502002;HINnJ;1;"2006-10-22 00:00:00";"2006-10-22 00:00:00";16;4408;20;10;0;<FLG>
V6155020;V615502002;HINnJ;1;"2006-10-23 00:00:00";"2006-10-23 23:59:59";16;5202;20;10;0;<FLG>
V6155020;V615502002;HINnJ;1;"2006-10-24 00:00:00";"2006-10-24 12:00:00";16;4970;20;10;0;<FLG>
V6155020;V615502002;HINnJ;1;"2006-10-25 00:00:00";"2006-10-25 00:00:00";16;5602;20;10;0;<FLG>
V6155020;V615502002;HINnJ;1;"2006-10-26 00:00:00";"2006-10-26 00:00:00";16;6868;20;10;0;<FLG>
V6155020;V615502002;HINnJ;1;"2006-10-27 00:00:00";"2006-10-27 23:59:59";16;6415;20;10;0;<FLG>
V6155020;V615502002;HINnJ;1;"2006-10-28 00:00:00";"2006-10-28 23:59:59";16;5305;20;10;0;<FLG>
V6155020;V615502002;HINnJ;1;"2006-10-29 00:00:00";"2006-10-29 23:59:59";16;4438;20;10;0;<FLG>
V6155020;V615502002;HINnJ;1;"2006-10-30 00:00:00";"2006-10-30 23:59:59";16;3815;20;10;0;<FLG>
V6155020;V615502002;HINnJ;1;"2006-10-31 00:00:00";"2006-10-31 23:59:59";16;3192;20;10;0;<FLG>
V6155020;V615502002;HINnJ;1;"2006-11-01 00:00:00";"2006-11-01 23:59:59";16;2746;20;10;0;<FLG>
V6155020;V615502002;HINnJ;1;"2006-11-02 00:00:00";"2006-11-02 23:59:59";16;2477;20;10;0;<FLG>
V6155020;V615502002;HINnJ;1;"2006-11-03 00:00:00";"2006-11-03 23:59:59";16;2209;20;10;0;<FLG>
V6155020;V615502002;HINnJ;1;"2006-11-04 00:00:00";"2006-11-04 23:59:59";16;1940;20;10;0;<FLG>
V6155020;V615502002;HINnJ;1;"2006-11-05 00:00:00";"2006-11-05 23:59:59";16;1671;20;10;0;<FLG>
V6155020;V615502002;HINnJ;1;"2006-11-06 00:00:00";"2006-11-06 23:59:59";16;1403;20;10;0;<FLG>
V6155020;V615502002;HINnJ;1;"2006-11-07 00:00:00";"2006-11-07 23:59:59";16;1134;20;10;0;<FLG>
V6155020;V615502002;HINnJ;1;"2006-11-08 00:00:00";"2006-11-08 12:00:00";16;1000;20;10;0;<FLG>
V6155020;V615502002;HINnJ;1;"2006-11-09 00:00:00";"2006-11-09 00:00:00";16;1038;20;10;0;<FLG>
V6155020;V615502002;HINnJ;1;"2006-11-10 00:00:00";"2006-11-10 00:00:00";16;1112;20;10;0;<FLG>
V6155020;V615502002;HINnJ;1;"2006-11-11 00:00:00";"2006-11-11 00:00:00";16;1188;20;10;0;<FLG>
V6155020;V615502002;HINnJ;1;"2006-11-12 00:00:00";"2006-11-12 00:00:00";16;1262;20;10;0;<FLG>
V6155020;V615502002;HINnJ;1;"2006-11-13 00:00:00";"2006-11-13 00:00:00";16;1338;20;10;0;<FLG>
V6155020;V615502002;HINnJ;1;"2006-11-14 00:00:00";"2006-11-14 00:00:00";16;1412;20;10;0;<FLG>
V6155020;V615502002;HINnJ;1;"2006-11-15 00:00:00";"2006-11-15 00:00:00";16;1488;20;10;0;<FLG>
V6155020;V615502002;HINnJ;1;"2006-11-16 00:00:00";"2006-11-16 00:00:00";16;1562;20;10;0;<FLG>
V6155020;V615502002;HINnJ;1;"2006-11-17 00:00:00";"2006-11-17 00:00:00";16;1638;20;10;0;<FLG>
V6155020;V615502002;HINnJ;1;"2006-11-18 00:00:00";"2006-11-18 00:00:00";16;1712;20;10;0;<FLG>
V6155020;V615502002;HINnJ;1;"2006-11-19 00:00:00";"2006-11-19 00:00:00";16;3500;20;10;0;<FLG>
V6155020;V615502002;HINnJ;1;"2006-11-20 00:00:00";"2006-11-20 23:59:59";16;4462;20;10;0;<FLG>
V6155020;V615502002;HINnJ;1;"2006-11-21 00:00:00";"2006-11-21 23:59:59";16;4140;20;10;0;<FLG>
V6155020;V615502002;HINnJ;1;"2006-11-22 00:00:00";"2006-11-22 23:59:59";16;4020;20;10;0;<FLG>
V6155020;V615502002;HINnJ;1;"2006-11-23 00:00:00";"2006-11-23 23:59:59";16;3900;20;10;0;<FLG>
V6155020;V615502002;HINnJ;1;"2006-11-24 00:00:00";"2006-11-24 23:59:59";16;3780;20;10;0;<FLG>
V6155020;V615502002;HINnJ;1;"2006-11-25 00:00:00";"2006-11-25 23:59:59";16;3550;20;10;0;<FLG>
V6155020;V615502002;HINnJ;1;"2006-11-26 00:00:00";"2006-11-26 23:59:59";16;3210;20;10;0;<FLG>
V6155020;V615502002;HINnJ;1;"2006-11-27 00:00:00";"2006-11-27 23:59:59";16;2870;20;10;0;<FLG>
V6155020;V615502002;HINnJ;1;"2006-11-28 00:00:00";"2006-11-28 23:59:59";16;2550;20;10;0;<FLG>
V6155020;V615502002;HINnJ;1;"2006-11-29 00:00:00";"2006-11-29 23:59:59";16;2382;20;10;0;<FLG>
V6155020;V615502002;HINnJ;1;"2006-11-30 00:00:00";"2006-11-30 23:59:59";16;2348;20;10;0;<FLG>
V6155020;V615502002;HINnJ;1;"2006-12-01 00:00:00";"2006-12-01 23:59:59";16;2312;20;10;0;<FLG>
V6155020;V615502002;HINnJ;1;"2006-12-02 00:00:00";"2006-12-02 23:59:59";16;2278;20;10;0;<FLG>
V6155020;V615502002;HINnJ;1;"2006-12-03 00:00:00";"2006-12-03 12:00:00";16;2260;20;10;0;<FLG>
V6155020;V615502002;HINnJ;1;"2006-12-04 00:00:00";"2006-12-04 00:00:00";16;3040;20;10;0;<FLG>
V6155020;V615502002;HINnJ;1;"2006-12-05 00:00:00";"2006-12-05 00:00:00";16;4600;20;10;0;<FLG>
V6155020;V615502002;HINnJ;1;"2006-12-06 00:00:00";"2006-12-06 00:00:00";16;7013;20;10;0;<FLG>
V6155020;V615502002;HINnJ;1;"2006-12-07 00:00:00";"2006-12-07 00:00:00";16;10280;20;10;0;<FLG>
V6155020;V615502002;HINnJ;1;"2006-12-08 00:00:00";"2006-12-08 00:00:00";16;13547;20;10;0;<FLG>
V6155020;V615502002;HINnJ;1;"2006-12-09 00:00:00";"2006-12-09 00:00:00";16;18665;20;10;0;<FLG>
V6155020;V615502002;HINnJ;1;"2006-12-10 00:00:00";"2006-12-10 00:00:00";16;22325;20;10;0;<FLG>
V6155020;V615502002;HINnJ;1;"2006-12-11 00:00:00";"2006-12-11 23:59:59";16;22238;20;10;0;<FLG>
V6155020;V615502002;HINnJ;1;"2006-12-12 00:00:00";"2006-12-12 23:59:59";16;21955;20;10;0;<FLG>
V6155020;V615502002;HINnJ;1;"2006-12-13 00:00:00";"2006-12-13 23:59:59";16;21672;20;10;0;<FLG>
V6155020;V615502002;HINnJ;1;"2006-12-14 00:00:00";"2006-12-14 23:59:59";16;20565;20;10;0;<FLG>
V6155020;V615502002;HINnJ;1;"2006-12-15 00:00:00";"2006-12-15 23:59:59";16;18635;20;10;0;<FLG>
V6155020;V615502002;HINnJ;1;"2006-12-16 00:00:00";"2006-12-16 23:59:59";16;16590;20;10;0;<FLG>
V6155020;V615502002;HINnJ;1;"2006-12-17 00:00:00";"2006-12-17 23:59:59";16;14430;20;10;0;<FLG>
V6155020;V615502002;HINnJ;1;"2006-12-18 00:00:00";"2006-12-18 23:59:59";16;12989;20;10;0;<FLG>
V6155020;V615502002;HINnJ;1;"2006-12-19 00:00:00";"2006-12-19 23:59:59";16;12268;20;10;0;<FLG>
V6155020;V615502002;HINnJ;1;"2006-12-20 00:00:00";"2006-12-20 23:59:59";16;11546;20;10;0;<FLG>
V6155020;V615502002;HINnJ;1;"2006-12-21 00:00:00";"2006-12-21 23:59:59";16;10825;20;10;0;<FLG>
V6155020;V615502002;HINnJ;1;"2006-12-22 00:00:00";"2006-12-22 23:59:59";16;10104;20;10;0;<FLG>
V6155020;V615502002;HINnJ;1;"2006-12-23 00:00:00";"2006-12-23 23:59:59";16;9382;20;10;0;<FLG>
V6155020;V615502002;HINnJ;1;"2006-12-24 00:00:00";"2006-12-24 23:59:59";16;8661;20;10;0;<FLG>
V6155020;V615502002;HINnJ;1;"2006-12-25 00:00:00";"2006-12-25 23:59:59";16;8116;20;10;0;<FLG>
V6155020;V615502002;HINnJ;1;"2006-12-26 00:00:00";"2006-12-26 23:59:59";16;7748;20;10;0;<FLG>
V6155020;V615502002;HINnJ;1;"2006-12-27 00:00:00";"2006-12-27 23:59:59";16;7380;20;10;0;<FLG>
V6155020;V615502002;HINnJ;1;"2006-12-28 00:00:00";"2006-12-28 23:59:59";16;7012;20;10;0;<FLG>
V6155020;V615502002;HINnJ;1;"2006-12-29 00:00:00";"2006-12-29 23:59:59";16;6644;20;10;0;<FLG>
V6155020;V615502002;HINnJ;1;"2006-12-30 00:00:00";"2006-12-30 23:59:59";16;6276;20;10;0;<FLG>
V6155020;V615502002;HINnJ;1;"2006-12-31 00:00:00";"2006-12-31 23:59:59";16;5908;20;10;0;<FLG>
V6155020;V615502002;HINnJ;1;"2007-01-01 00:00:00";"2007-01-01 23:59:59";16;5540;20;10;0;<FLG>
V6155020;V615502002;HINnJ;1;"2007-01-02 00:00:00";"2007-01-02 23:59:59";16;5172;20;10;0;<FLG>
V6155020;V615502002;HINnJ;1;"2007-01-03 00:00:00";"2007-01-03 23:59:59";16;4804;20;10;0;<FLG>
V6155020;V615502002;HINnJ;1;"2007-01-04 00:00:00";"2007-01-04 23:59:59";16;4516;20;10;0;<FLG>
V6155020;V615502002;HINnJ;1;"2007-01-05 00:00:00";"2007-01-05 23:59:59";16;4307;20;10;0;<FLG>
V6155020;V615502002;HINnJ;1;"2007-01-06 00:00:00";"2007-01-06 23:59:59";16;4099;20;10;0;<FLG>
V6155020;V615502002;HINnJ;1;"2007-01-07 00:00:00";"2007-01-07 23:59:59";16;3890;20;10;0;<FLG>
V6155020;V615502002;HINnJ;1;"2007-01-08 00:00:00";"2007-01-08 23:59:59";16;3681;20;10;0;<FLG>
V6155020;V615502002;HINnJ;1;"2007-01-09 00:00:00";"2007-01-09 23:59:59";16;3473;20;10;0;<FLG>
V6155020;V615502002;HINnJ;1;"2007-01-10 00:00:00";"2007-01-10 23:59:59";16;3264;20;10;0;<FLG>
V6155020;V615502002;HINnJ;1;"2007-01-11 00:00:00";"2007-01-11 23:59:59";16;3091;20;10;0;<FLG>
V6155020;V615502002;HINnJ;1;"2007-01-12 00:00:00";"2007-01-12 23:59:59";16;2953;20;10;0;<FLG>
V6155020;V615502002;HINnJ;1;"2007-01-13 00:00:00";"2007-01-13 23:59:59";16;2815;20;10;0;<FLG>
V6155020;V615502002;HINnJ;1;"2007-01-14 00:00:00";"2007-01-14 23:59:59";16;2677;20;10;0;<FLG>
V6155020;V615502002;HINnJ;1;"2007-01-15 00:00:00";"2007-01-15 23:59:59";16;2539;20;10;0;<FLG>
V6155020;V615502002;HINnJ;1;"2007-01-16 00:00:00";"2007-01-16 23:59:59";16;2428;20;10;0;<FLG>
V6155020;V615502002;HINnJ;1;"2007-01-17 00:00:00";"2007-01-17 23:59:59";16;2344;20;10;0;<FLG>
V6155020;V615502002;HINnJ;1;"2007-01-18 00:00:00";"2007-01-18 23:59:59";16;2259;20;10;0;<FLG>
V6155020;V615502002;HINnJ;1;"2007-01-19 00:00:00";"2007-01-19 23:59:59";16;2175;20;10;0;<FLG>
V6155020;V615502002;HINnJ;1;"2007-01-20 00:00:00";"2007-01-20 23:59:59";16;2091;20;10;0;<FLG>
V6155020;V615502002;HINnJ;1;"2007-01-21 00:00:00";"2007-01-21 23:59:59";16;2006;20;10;0;<FLG>
V6155020;V615502002;HINnJ;1;"2007-01-22 00:00:00";"2007-01-22 23:59:59";16;1922;20;10;0;<FLG>
V6155020;V615502002;HINnJ;1;"2007-01-23 00:00:00";"2007-01-23 12:00:00";16;1880;20;10;0;<FLG>
V6155020;V615502002;HINnJ;1;"2007-01-24 00:00:00";"2007-01-24 00:00:00";16;1990;20;10;0;<FLG>
V6155020;V615502002;HINnJ;1;"2007-01-25 00:00:00";"2007-01-25 00:00:00";16;2125;20;10;0;<FLG>
V6155020;V615502002;HINnJ;1;"2007-01-26 00:00:00";"2007-01-26 23:59:59";16;2168;20;10;0;<FLG>
V6155020;V615502002;HINnJ;1;"2007-01-27 00:00:00";"2007-01-27 23:59:59";16;2104;20;10;0;<FLG>
V6155020;V615502002;HINnJ;1;"2007-01-28 00:00:00";"2007-01-28 23:59:59";16;2039;20;10;0;<FLG>
V6155020;V615502002;HINnJ;1;"2007-01-29 00:00:00";"2007-01-29 23:59:59";16;1975;20;10;0;<FLG>
V6155020;V615502002;HINnJ;1;"2007-01-30 00:00:00";"2007-01-30 23:59:59";16;1911;20;10;0;<FLG>
V6155020;V615502002;HINnJ;1;"2007-01-31 00:00:00";"2007-01-31 23:59:59";16;1846;20;10;0;<FLG>
V6155020;V615502002;HINnJ;1;"2007-02-01 00:00:00";"2007-02-01 23:59:59";16;1782;20;10;0;<FLG>
V6155020;V615502002;HINnJ;1;"2007-02-02 00:00:00";"2007-02-02 23:59:59";16;1685;20;10;0;<FLG>
V6155020;V615502002;HINnJ;1;"2007-02-03 00:00:00";"2007-02-03 23:59:59";16;1610;20;10;0;<FLG>
V6155020;V615502002;HINnJ;1;"2007-02-04 00:00:00";"2007-02-04 23:59:59";16;1590;20;10;0;<FLG>
V6155020;V615502002;HINnJ;1;"2007-02-05 00:00:00";"2007-02-05 23:59:59";16;1570;20;10;0;<FLG>
V6155020;V615502002;HINnJ;1;"2007-02-06 00:00:00";"2007-02-06 23:59:59";16;1540;20;10;0;<FLG>
V6155020;V615502002;HINnJ;1;"2007-02-07 00:00:00";"2007-02-07 23:59:59";16;1500;20;10;0;<FLG>
V6155020;V615502002;HINnJ;1;"2007-02-08 00:00:00";"2007-02-08 23:59:59";16;1460;20;10;0;<FLG>
V6155020;V615502002;HINnJ;1;"2007-02-09 00:00:00";"2007-02-09 23:59:59";16;1420;20;10;0;<FLG>
V6155020;V615502002;HINnJ;1;"2007-02-10 00:00:00";"2007-02-10 23:59:59";16;1335;20;10;0;<FLG>
V6155020;V615502002;HINnJ;1;"2007-02-11 00:00:00";"2007-02-11 12:00:00";16;1270;20;10;0;<FLG>
V6155020;V615502002;HINnJ;1;"2007-02-12 00:00:00";"2007-02-12 00:00:00";16;1468;20;10;0;<FLG>
V6155020;V615502002;HINnJ;1;"2007-02-13 00:00:00";"2007-02-13 00:00:00";16;1865;20;10;0;<FLG>
V6155020;V615502002;HINnJ;1;"2007-02-14 00:00:00";"2007-02-14 00:00:00";16;2262;20;10;0;<FLG>
V6155020;V615502002;HINnJ;1;"2007-02-15 00:00:00";"2007-02-15 00:00:00";16;2812;20;10;0;<FLG>
V6155020;V615502002;HINnJ;1;"2007-02-16 00:00:00";"2007-02-16 00:00:00";16;3518;20;10;0;<FLG>
V6155020;V615502002;HINnJ;1;"2007-02-17 00:00:00";"2007-02-17 00:00:00";16;4028;20;10;0;<FLG>
V6155020;V615502002;HINnJ;1;"2007-02-18 00:00:00";"2007-02-18 00:00:00";16;4342;20;10;0;<FLG>
V6155020;V615502002;HINnJ;1;"2007-02-19 00:00:00";"2007-02-19 23:59:59";16;4275;20;10;0;<FLG>
V6155020;V615502002;HINnJ;1;"2007-02-20 00:00:00";"2007-02-20 23:59:59";16;4100;20;10;0;<FLG>
V6155020;V615502002;HINnJ;1;"2007-02-21 00:00:00";"2007-02-21 23:59:59";16;3900;20;10;0;<FLG>
V6155020;V615502002;HINnJ;1;"2007-02-22 00:00:00";"2007-02-22 23:59:59";16;3700;20;10;0;<FLG>
V6155020;V615502002;HINnJ;1;"2007-02-23 00:00:00";"2007-02-23 23:59:59";16;3500;20;10;0;<FLG>
V6155020;V615502002;HINnJ;1;"2007-02-24 00:00:00";"2007-02-24 12:00:00";16;3400;20;10;0;<FLG>
V6155020;V615502002;HINnJ;1;"2007-02-25 00:00:00";"2007-02-25 00:00:00";16;3487;20;10;0;<FLG>
V6155020;V615502002;HINnJ;1;"2007-02-26 00:00:00";"2007-02-26 00:00:00";16;3660;20;10;0;<FLG>
V6155020;V615502002;HINnJ;1;"2007-02-27 00:00:00";"2007-02-27 00:00:00";16;3833;20;10;0;<FLG>
V6155020;V615502002;HINnJ;1;"2007-02-28 00:00:00";"2007-02-28 00:00:00";16;4007;20;10;0;<FLG>
V6155020;V615502002;HINnJ;1;"2007-03-01 00:00:00";"2007-03-01 00:00:00";16;4180;20;10;0;<FLG>
V6155020;V615502002;HINnJ;1;"2007-03-02 00:00:00";"2007-03-02 00:00:00";16;4353;20;10;0;<FLG>
V6155020;V615502002;HINnJ;1;"2007-03-03 00:00:00";"2007-03-03 23:59:59";16;4250;20;10;0;<FLG>
V6155020;V615502002;HINnJ;1;"2007-03-04 00:00:00";"2007-03-04 23:59:59";16;4123;20;10;0;<FLG>
V6155020;V615502002;HINnJ;1;"2007-03-05 00:00:00";"2007-03-05 23:59:59";16;3995;20;10;0;<FLG>
V6155020;V615502002;HINnJ;1;"2007-03-06 00:00:00";"2007-03-06 23:59:59";16;3865;20;10;0;<FLG>
V6155020;V615502002;HINnJ;1;"2007-03-07 00:00:00";"2007-03-07 12:00:00";16;3800;20;10;0;<FLG>
V6155020;V615502002;HINnJ;1;"2007-03-08 00:00:00";"2007-03-08 00:00:00";16;3825;20;10;0;<FLG>
V6155020;V615502002;HINnJ;1;"2007-03-09 00:00:00";"2007-03-09 00:00:00";16;3862;20;10;0;<FLG>
V6155020;V615502002;HINnJ;1;"2007-03-10 00:00:00";"2007-03-10 23:59:59";16;3875;20;10;0;<FLG>
V6155020;V615502002;HINnJ;1;"2007-03-11 00:00:00";"2007-03-11 23:59:59";16;3786;20;10;0;<FLG>
V6155020;V615502002;HINnJ;1;"2007-03-12 00:00:00";"2007-03-12 23:59:59";16;3659;20;10;0;<FLG>
V6155020;V615502002;HINnJ;1;"2007-03-13 00:00:00";"2007-03-13 23:59:59";16;3532;20;10;0;<FLG>
V6155020;V615502002;HINnJ;1;"2007-03-14 00:00:00";"2007-03-14 23:59:59";16;3405;20;10;0;<FLG>
V6155020;V615502002;HINnJ;1;"2007-03-15 00:00:00";"2007-03-15 23:59:59";16;3278;20;10;0;<FLG>
V6155020;V615502002;HINnJ;1;"2007-03-16 00:00:00";"2007-03-16 23:59:59";16;3151;20;10;0;<FLG>
V6155020;V615502002;HINnJ;1;"2007-03-17 00:00:00";"2007-03-17 23:59:59";16;3024;20;10;0;<FLG>
V6155020;V615502002;HINnJ;1;"2007-03-18 00:00:00";"2007-03-18 12:00:00";16;2960;20;10;0;<FLG>
V6155020;V615502002;HINnJ;1;"2007-03-19 00:00:00";"2007-03-19 00:00:00";16;2960;20;10;0;<FLG>
V6155020;V615502002;HINnJ;1;"2007-03-20 00:00:00";"2007-03-20 23:59:59";16;2865;20;10;0;<FLG>
V6155020;V615502002;HINnJ;1;"2007-03-21 00:00:00";"2007-03-21 23:59:59";16;2688;20;10;0;<FLG>
V6155020;V615502002;HINnJ;1;"2007-03-22 00:00:00";"2007-03-22 23:59:59";16;2522;20;10;0;<FLG>
V6155020;V615502002;HINnJ;1;"2007-03-23 00:00:00";"2007-03-23 23:59:59";16;2372;20;10;0;<FLG>
V6155020;V615502002;HINnJ;1;"2007-03-24 00:00:00";"2007-03-24 23:59:59";16;2238;20;10;0;<FLG>
V6155020;V615502002;HINnJ;1;"2007-03-25 00:00:00";"2007-03-25 23:59:59";16;2102;20;10;0;<FLG>
V6155020;V615502002;HINnJ;1;"2007-03-26 00:00:00";"2007-03-26 23:59:59";16;1968;20;10;0;<FLG>
V6155020;V615502002;HINnJ;1;"2007-03-27 00:00:00";"2007-03-27 23:59:59";16;1858;20;10;0;<FLG>
V6155020;V615502002;HINnJ;1;"2007-03-28 00:00:00";"2007-03-28 23:59:59";16;1772;20;10;0;<FLG>
V6155020;V615502002;HINnJ;1;"2007-03-29 00:00:00";"2007-03-29 23:59:59";16;1690;20;10;0;<FLG>
V6155020;V615502002;HINnJ;1;"2007-03-30 00:00:00";"2007-03-30 23:59:59";16;1625;20;10;0;<FLG>
V6155020;V615502002;HINnJ;1;"2007-03-31 00:00:00";"2007-03-31 23:59:59";16;1575;20;10;0;<FLG>
V6155020;V615502002;HINnJ;1;"2007-04-01 00:00:00";"2007-04-01 23:59:59";16;1525;20;10;0;<FLG>
V6155020;V615502002;HINnJ;1;"2007-04-02 00:00:00";"2007-04-02 12:00:00";16;1500;20;10;0;<FLG>
V6155020;V615502002;HINnJ;1;"2007-04-03 00:00:00";"2007-04-03 00:00:00";16;1608;20;10;0;<FLG>
V6155020;V615502002;HINnJ;1;"2007-04-04 00:00:00";"2007-04-04 00:00:00";16;1822;20;10;0;<FLG>
V6155020;V615502002;HINnJ;1;"2007-04-05 00:00:00";"2007-04-05 00:00:00";16;1996;20;10;0;<FLG>
V6155020;V615502002;HINnJ;1;"2007-04-06 00:00:00";"2007-04-06 00:00:00";16;2128;20;10;0;<FLG>
V6155020;V615502002;HINnJ;1;"2007-04-07 00:00:00";"2007-04-07 00:00:00";16;2260;20;10;0;<FLG>
V6155020;V615502002;HINnJ;1;"2007-04-08 00:00:00";"2007-04-08 00:00:00";16;2392;20;10;0;<FLG>
V6155020;V615502002;HINnJ;1;"2007-04-09 00:00:00";"2007-04-09 00:00:00";16;2524;20;10;0;<FLG>
V6155020;V615502002;HINnJ;1;"2007-04-10 00:00:00";"2007-04-10 00:00:00";16;2675;20;10;0;<FLG>
V6155020;V615502002;HINnJ;1;"2007-04-11 00:00:00";"2007-04-11 23:59:59";16;2715;20;10;0;<FLG>
V6155020;V615502002;HINnJ;1;"2007-04-12 00:00:00";"2007-04-12 23:59:59";16;2695;20;10;0;<FLG>
V6155020;V615502002;HINnJ;1;"2007-04-13 00:00:00";"2007-04-13 23:59:59";16;2685;20;10;0;<FLG>
V6155020;V615502002;HINnJ;1;"2007-04-14 00:00:00";"2007-04-14 12:00:00";16;2680;20;10;0;<FLG>
V6155020;V615502002;HINnJ;1;"2007-04-15 00:00:00";"2007-04-15 00:00:00";16;2840;20;10;0;<FLG>
V6155020;V615502002;HINnJ;1;"2007-04-16 00:00:00";"2007-04-16 00:00:00";16;3180;20;10;0;<FLG>
V6155020;V615502002;HINnJ;1;"2007-04-17 00:00:00";"2007-04-17 00:00:00";16;3385;20;10;0;<FLG>
V6155020;V615502002;HINnJ;1;"2007-04-18 00:00:00";"2007-04-18 23:59:59";16;3403;20;10;0;<FLG>
V6155020;V615502002;HINnJ;1;"2007-04-19 00:00:00";"2007-04-19 23:59:59";16;3290;20;10;0;<FLG>
V6155020;V615502002;HINnJ;1;"2007-04-20 00:00:00";"2007-04-20 23:59:59";16;3177;20;10;0;<FLG>
V6155020;V615502002;HINnJ;1;"2007-04-21 00:00:00";"2007-04-21 23:59:59";16;3063;20;10;0;<FLG>
V6155020;V615502002;HINnJ;1;"2007-04-22 00:00:00";"2007-04-22 23:59:59";16;2950;20;10;0;<FLG>
V6155020;V615502002;HINnJ;1;"2007-04-23 00:00:00";"2007-04-23 23:59:59";16;2837;20;10;0;<FLG>
V6155020;V615502002;HINnJ;1;"2007-04-24 00:00:00";"2007-04-24 23:59:59";16;2722;20;10;0;<FLG>
V6155020;V615502002;HINnJ;1;"2007-04-25 00:00:00";"2007-04-25 23:59:59";16;2608;20;10;0;<FLG>
V6155020;V615502002;HINnJ;1;"2007-04-26 00:00:00";"2007-04-26 23:59:59";16;2492;20;10;0;<FLG>
V6155020;V615502002;HINnJ;1;"2007-04-27 00:00:00";"2007-04-27 23:59:59";16;2378;20;10;0;<FLG>
V6155020;V615502002;HINnJ;1;"2007-04-28 00:00:00";"2007-04-28 12:00:00";16;2320;20;10;0;<FLG>
V6155020;V615502002;HINnJ;1;"2007-04-29 00:00:00";"2007-04-29 00:00:00";16;2355;20;10;0;<FLG>
V6155020;V615502002;HINnJ;1;"2007-04-30 00:00:00";"2007-04-30 00:00:00";16;2425;20;10;0;<FLG>
V6155020;V615502002;HINnJ;1;"2007-05-01 00:00:00";"2007-05-01 00:00:00";16;2495;20;10;0;<FLG>
V6155020;V615502002;HINnJ;1;"2007-05-02 00:00:00";"2007-05-02 00:00:00";16;2565;20;10;0;<FLG>
V6155020;V615502002;HINnJ;1;"2007-05-03 00:00:00";"2007-05-03 00:00:00";16;4700;20;10;0;<FLG>
V6155020;V615502002;HINnJ;1;"2007-05-04 00:00:00";"2007-05-04 00:00:00";16;9300;20;10;0;<FLG>
V6155020;V615502002;HINnJ;1;"2007-05-05 00:00:00";"2007-05-05 00:00:00";16;14860;20;10;0;<FLG>
V6155020;V615502002;HINnJ;1;"2007-05-06 00:00:00";"2007-05-06 00:00:00";16;21124;20;10;0;<FLG>
V6155020;V615502002;HINnJ;1;"2007-05-07 00:00:00";"2007-05-07 23:59:59";16;21260;20;10;0;<FLG>
V6155020;V615502002;HINnJ;1;"2007-05-08 00:00:00";"2007-05-08 23:59:59";16;19740;20;10;0;<FLG>
V6155020;V615502002;HINnJ;1;"2007-05-09 00:00:00";"2007-05-09 23:59:59";16;17652;20;10;0;<FLG>
V6155020;V615502002;HINnJ;1;"2007-05-10 00:00:00";"2007-05-10 23:59:59";16;15818;20;10;0;<FLG>
V6155020;V615502002;HINnJ;1;"2007-05-11 00:00:00";"2007-05-11 23:59:59";16;14295;20;10;0;<FLG>
V6155020;V615502002;HINnJ;1;"2007-05-12 00:00:00";"2007-05-12 23:59:59";16;13085;20;10;0;<FLG>
V6155020;V615502002;HINnJ;1;"2007-05-13 00:00:00";"2007-05-13 23:59:59";16;11875;20;10;0;<FLG>
V6155020;V615502002;HINnJ;1;"2007-05-14 00:00:00";"2007-05-14 23:59:59";16;10625;20;10;0;<FLG>
V6155020;V615502002;HINnJ;1;"2007-05-15 00:00:00";"2007-05-15 23:59:59";16;9665;20;10;0;<FLG>
V6155020;V615502002;HINnJ;1;"2007-05-16 00:00:00";"2007-05-16 23:59:59";16;9035;20;10;0;<FLG>
V6155020;V615502002;HINnJ;1;"2007-05-17 00:00:00";"2007-05-17 23:59:59";16;8405;20;10;0;<FLG>
V6155020;V615502002;HINnJ;1;"2007-05-18 00:00:00";"2007-05-18 23:59:59";16;7775;20;10;0;<FLG>
V6155020;V615502002;HINnJ;1;"2007-05-19 00:00:00";"2007-05-19 23:59:59";16;7145;20;10;0;<FLG>
V6155020;V615502002;HINnJ;1;"2007-05-20 00:00:00";"2007-05-20 23:59:59";16;6515;20;10;0;<FLG>
V6155020;V615502002;HINnJ;1;"2007-05-21 00:00:00";"2007-05-21 23:59:59";16;6075;20;10;0;<FLG>
V6155020;V615502002;HINnJ;1;"2007-05-22 00:00:00";"2007-05-22 23:59:59";16;5831;20;10;0;<FLG>
V6155020;V615502002;HINnJ;1;"2007-05-23 00:00:00";"2007-05-23 23:59:59";16;5592;20;10;0;<FLG>
V6155020;V615502002;HINnJ;1;"2007-05-24 00:00:00";"2007-05-24 23:59:59";16;5353;20;10;0;<FLG>
V6155020;V615502002;HINnJ;1;"2007-05-25 00:00:00";"2007-05-25 23:59:59";16;5114;20;10;0;<FLG>
V6155020;V615502002;HINnJ;1;"2007-05-26 00:00:00";"2007-05-26 23:59:59";16;4875;20;10;0;<FLG>
V6155020;V615502002;HINnJ;1;"2007-05-27 00:00:00";"2007-05-27 23:59:59";16;4636;20;10;0;<FLG>
V6155020;V615502002;HINnJ;1;"2007-05-28 00:00:00";"2007-05-28 23:59:59";16;4397;20;10;0;<FLG>
V6155020;V615502002;HINnJ;1;"2007-05-29 00:00:00";"2007-05-29 23:59:59";16;4158;20;10;0;<FLG>
V6155020;V615502002;HINnJ;1;"2007-05-30 00:00:00";"2007-05-30 23:59:59";16;3919;20;10;0;<FLG>
V6155020;V615502002;HINnJ;1;"2007-05-31 00:00:00";"2007-05-31 23:59:59";16;3750;20;10;0;<FLG>
V6155020;V615502002;HINnJ;1;"2007-06-01 00:00:00";"2007-06-01 12:00:00";16;3700;20;10;0;<FLG>
V6155020;V615502002;HINnJ;1;"2007-06-02 00:00:00";"2007-06-02 00:00:00";16;3975;20;10;0;<FLG>
V6155020;V615502002;HINnJ;1;"2007-06-03 00:00:00";"2007-06-03 23:59:59";16;3912;20;10;0;<FLG>
V6155020;V615502002;HINnJ;1;"2007-06-04 00:00:00";"2007-06-04 12:00:00";16;3800;20;10;0;<FLG>
V6155020;V615502002;HINnJ;1;"2007-06-05 00:00:00";"2007-06-05 00:00:00";16;3933;20;10;0;<FLG>
V6155020;V615502002;HINnJ;1;"2007-06-06 00:00:00";"2007-06-06 00:00:00";16;4200;20;10;0;<FLG>
V6155020;V615502002;HINnJ;1;"2007-06-07 00:00:00";"2007-06-07 00:00:00";16;4467;20;10;0;<FLG>
V6155020;V615502002;HINnJ;1;"2007-06-08 00:00:00";"2007-06-08 00:00:00";16;5088;20;10;0;<FLG>
V6155020;V615502002;HINnJ;1;"2007-06-09 00:00:00";"2007-06-09 00:00:00";16;6062;20;10;0;<FLG>
V6155020;V615502002;HINnJ;1;"2007-06-10 00:00:00";"2007-06-10 00:00:00";16;7510;20;10;0;<FLG>
V6155020;V615502002;HINnJ;1;"2007-06-11 00:00:00";"2007-06-11 00:00:00";16;9275;20;10;0;<FLG>
V6155020;V615502002;HINnJ;1;"2007-06-12 00:00:00";"2007-06-12 23:59:59";16;8075;20;10;0;<FLG>
V6155020;V615502002;HINnJ;1;"2007-06-13 00:00:00";"2007-06-13 23:59:59";16;6825;20;10;0;<FLG>
V6155020;V615502002;HINnJ;1;"2007-06-14 00:00:00";"2007-06-14 23:59:59";16;5900;20;10;0;<FLG>
V6155020;V615502002;HINnJ;1;"2007-06-15 00:00:00";"2007-06-15 12:00:00";16;5600;20;10;0;<FLG>
V6155020;V615502002;HINnJ;1;"2007-06-16 00:00:00";"2007-06-16 00:00:00";16;6735;20;10;0;<FLG>
V6155020;V615502002;HINnJ;1;"2007-06-17 00:00:00";"2007-06-17 00:00:00";16;8740;20;10;0;<FLG>
V6155020;V615502002;HINnJ;1;"2007-06-18 00:00:00";"2007-06-18 23:59:59";16;8455;20;10;0;<FLG>
V6155020;V615502002;HINnJ;1;"2007-06-19 00:00:00";"2007-06-19 23:59:59";16;7685;20;10;0;<FLG>
V6155020;V615502002;HINnJ;1;"2007-06-20 00:00:00";"2007-06-20 23:59:59";16;7060;20;10;0;<FLG>
V6155020;V615502002;HINnJ;1;"2007-06-21 00:00:00";"2007-06-21 23:59:59";16;6580;20;10;0;<FLG>
V6155020;V615502002;HINnJ;1;"2007-06-22 00:00:00";"2007-06-22 23:59:59";16;6100;20;10;0;<FLG>
V6155020;V615502002;HINnJ;1;"2007-06-23 00:00:00";"2007-06-23 23:59:59";16;5620;20;10;0;<FLG>
V6155020;V615502002;HINnJ;1;"2007-06-24 00:00:00";"2007-06-24 23:59:59";16;5140;20;10;0;<FLG>
V6155020;V615502002;HINnJ;1;"2007-06-25 00:00:00";"2007-06-25 23:59:59";16;4744;20;10;0;<FLG>
V6155020;V615502002;HINnJ;1;"2007-06-26 00:00:00";"2007-06-26 23:59:59";16;4431;20;10;0;<FLG>
V6155020;V615502002;HINnJ;1;"2007-06-27 00:00:00";"2007-06-27 23:59:59";16;4119;20;10;0;<FLG>
V6155020;V615502002;HINnJ;1;"2007-06-28 00:00:00";"2007-06-28 23:59:59";16;3806;20;10;0;<FLG>
V6155020;V615502002;HINnJ;1;"2007-06-29 00:00:00";"2007-06-29 23:59:59";16;3542;20;10;0;<FLG>
V6155020;V615502002;HINnJ;1;"2007-06-30 00:00:00";"2007-06-30 23:59:59";16;3325;20;10;0;<FLG>
V6155020;V615502002;HINnJ;1;"2007-07-01 00:00:00";"2007-07-01 23:59:59";16;3108;20;10;0;<FLG>
V6155020;V615502002;HINnJ;1;"2007-07-02 00:00:00";"2007-07-02 23:59:59";16;2925;20;10;0;<FLG>
V6155020;V615502002;HINnJ;1;"2007-07-03 00:00:00";"2007-07-03 23:59:59";16;2775;20;10;0;<FLG>
V6155020;V615502002;HINnJ;1;"2007-07-04 00:00:00";"2007-07-04 23:59:59";16;2625;20;10;0;<FLG>
V6155020;V615502002;HINnJ;1;"2007-07-05 00:00:00";"2007-07-05 23:59:59";16;2475;20;10;0;<FLG>
V6155020;V615502002;HINnJ;1;"2007-07-06 00:00:00";"2007-07-06 23:59:59";16;2325;20;10;0;<FLG>
V6155020;V615502002;HINnJ;1;"2007-07-07 00:00:00";"2007-07-07 23:59:59";16;2175;20;10;0;<FLG>
V6155020;V615502002;HINnJ;1;"2007-07-08 00:00:00";"2007-07-08 23:59:59";16;2025;20;10;0;<FLG>
V6155020;V615502002;HINnJ;1;"2007-07-09 00:00:00";"2007-07-09 23:59:59";16;1902;20;10;0;<FLG>
V6155020;V615502002;HINnJ;1;"2007-07-10 00:00:00";"2007-07-10 23:59:59";16;1805;20;10;0;<FLG>
V6155020;V615502002;HINnJ;1;"2007-07-11 00:00:00";"2007-07-11 23:59:59";16;1708;20;10;0;<FLG>
V6155020;V615502002;HINnJ;1;"2007-07-12 00:00:00";"2007-07-12 23:59:59";16;1612;20;10;0;<FLG>
V6155020;V615502002;HINnJ;1;"2007-07-13 00:00:00";"2007-07-13 23:59:59";16;1515;20;10;0;<FLG>
V6155020;V615502002;HINnJ;1;"2007-07-14 00:00:00";"2007-07-14 23:59:59";16;1418;20;10;0;<FLG>
V6155020;V615502002;HINnJ;1;"2007-07-15 00:00:00";"2007-07-15 23:59:59";16;1336;20;10;0;<FLG>
V6155020;V615502002;HINnJ;1;"2007-07-16 00:00:00";"2007-07-16 23:59:59";16;1269;20;10;0;<FLG>
V6155020;V615502002;HINnJ;1;"2007-07-17 00:00:00";"2007-07-17 23:59:59";16;1202;20;10;0;<FLG>
V6155020;V615502002;HINnJ;1;"2007-07-18 00:00:00";"2007-07-18 23:59:59";16;1135;20;10;0;<FLG>
V6155020;V615502002;HINnJ;1;"2007-07-19 00:00:00";"2007-07-19 23:59:59";16;1068;20;10;0;<FLG>
V6155020;V615502002;HINnJ;1;"2007-07-20 00:00:00";"2007-07-20 23:59:59";16;1001;20;10;0;<FLG>
V6155020;V615502002;HINnJ;1;"2007-07-21 00:00:00";"2007-07-21 23:59:59";16;934;20;10;0;<FLG>
V6155020;V615502002;HINnJ;1;"2007-07-22 00:00:00";"2007-07-22 23:59:59";16;875;20;10;0;<FLG>
V6155020;V615502002;HINnJ;1;"2007-07-23 00:00:00";"2007-07-23 23:59:59";16;825;20;10;0;<FLG>
V6155020;V615502002;HINnJ;1;"2007-07-24 00:00:00";"2007-07-24 23:59:59";16;775;20;10;0;<FLG>
V6155020;V615502002;HINnJ;1;"2007-07-25 00:00:00";"2007-07-25 23:59:59";16;725;20;10;0;<FLG>
V6155020;V615502002;HINnJ;1;"2007-07-26 00:00:00";"2007-07-26 23:59:59";16;675;20;10;0;<FLG>
V6155020;V615502002;HINnJ;1;"2007-07-27 00:00:00";"2007-07-27 23:59:59";16;625;20;10;0;<FLG>
V6155020;V615502002;HINnJ;1;"2007-07-28 00:00:00";"2007-07-28 23:59:59";16;575;20;10;0;<FLG>
V6155020;V615502002;HINnJ;1;"2007-07-29 00:00:00";"2007-07-29 23:59:59";16;525;20;10;0;<FLG>
V6155020;V615502002;HINnJ;1;"2007-07-30 00:00:00";"2007-07-30 23:59:59";16;490;20;10;0;<FLG>
V6155020;V615502002;HINnJ;1;"2007-07-31 00:00:00";"2007-07-31 23:59:59";16;456;20;10;0;<FLG>
V6155020;V615502002;HINnJ;1;"2007-08-01 00:00:00";"2007-08-01 23:59:59";16;409;20;10;0;<FLG>
V6155020;V615502002;HINnJ;1;"2007-08-02 00:00:00";"2007-08-02 23:59:59";16;362;20;10;0;<FLG>
V6155020;V615502002;HINnJ;1;"2007-08-03 00:00:00";"2007-08-03 23:59:59";16;315;20;10;0;<FLG>
V6155020;V615502002;HINnJ;1;"2007-08-04 00:00:00";"2007-08-04 23:59:59";16;268;20;10;0;<FLG>
V6155020;V615502002;HINnJ;1;"2007-08-05 00:00:00";"2007-08-05 23:59:59";16;221;20;10;0;<FLG>
V6155020;V615502002;HINnJ;1;"2007-08-06 00:00:00";"2007-08-06 23:59:59";16;174;20;10;0;<FLG>
V6155020;V615502002;HINnJ;1;"2007-08-07 00:00:00";"2007-08-07 23:59:59";16;133;20;10;0;<FLG>
V6155020;V615502002;HINnJ;1;"2007-08-08 00:00:00";"2007-08-08 23:59:59";16;100;20;10;0;<FLG>
V6155020;V615502002;HINnJ;1;"2007-08-09 00:00:00";"2007-08-09 23:59:59";16;67;20;10;0;<FLG>
V6155020;V615502002;HINnJ;1;"2007-08-10 00:00:00";"2007-08-10 23:59:59";16;33;20;10;0;<FLG>
V6155020;V615502002;HINnJ;1;"2007-08-11 00:00:00";"2007-08-11 23:59:59";16;0;20;10;0;<FLG>
V6155020;V615502002;HINnJ;1;"2007-08-12 00:00:00";"2007-08-12 23:59:59";16;-33;20;10;0;<FLG>
V6155020;V615502002;HINnJ;1;"2007-08-13 00:00:00";"2007-08-13 23:59:59";16;-58;20;10;0;<FLG>
V6155020;V615502002;HINnJ;1;"2007-08-14 00:00:00";"2007-08-14 23:59:59";16;-75;20;10;0;<FLG>
V6155020;V615502002;HINnJ;1;"2007-08-15 00:00:00";"2007-08-15 23:59:59";16;-92;20;10;0;<FLG>
V6155020;V615502002;HINnJ;1;"2007-08-16 00:00:00";"2007-08-16 23:59:59";16;-113;20;10;0;<FLG>
V6155020;V615502002;HINnJ;1;"2007-08-17 00:00:00";"2007-08-17 23:59:59";16;-140;20;10;0;<FLG>
V6155020;V615502002;HINnJ;1;"2007-08-18 00:00:00";"2007-08-18 23:59:59";16;-167;20;10;0;<FLG>
V6155020;V615502002;HINnJ;1;"2007-08-19 00:00:00";"2007-08-19 23:59:59";16;-192;20;10;0;<FLG>
V6155020;V615502002;HINnJ;1;"2007-08-20 00:00:00";"2007-08-20 23:59:59";16;-218;20;10;0;<FLG>
V6155020;V615502002;HINnJ;1;"2007-08-21 00:00:00";"2007-08-21 23:59:59";16;-242;20;10;0;<FLG>
V6155020;V615502002;HINnJ;1;"2007-08-22 00:00:00";"2007-08-22 23:59:59";16;-268;20;10;0;<FLG>
V6155020;V615502002;HINnJ;1;"2007-08-23 00:00:00";"2007-08-23 23:59:59";16;-298;20;10;0;<FLG>
V6155020;V615502002;HINnJ;1;"2007-08-24 00:00:00";"2007-08-24 23:59:59";16;-332;20;10;0;<FLG>
V6155020;V615502002;HINnJ;1;"2007-08-25 00:00:00";"2007-08-25 23:59:59";16;-358;20;10;0;<FLG>
V6155020;V615502002;HINnJ;1;"2007-08-26 00:00:00";"2007-08-26 23:59:59";16;-372;20;10;0;<FLG>
V6155020;V615502002;HINnJ;1;"2007-08-27 00:00:00";"2007-08-27 23:59:59";16;-385;20;10;0;<FLG>
V6155020;V615502002;HINnJ;1;"2007-08-28 00:00:00";"2007-08-28 23:59:59";16;-395;20;10;0;<FLG>
V6155020;V615502002;HINnJ;1;"2007-08-29 00:00:00";"2007-08-29 23:59:59";16;-405;20;10;0;<FLG>
V6155020;V615502002;HINnJ;1;"2007-08-30 00:00:00";"2007-08-30 23:59:59";16;-415;20;10;0;<FLG>
V6155020;V615502002;HINnJ;1;"2007-08-31 00:00:00";"2007-08-31 23:59:59";16;-440;20;10;0;<FLG>
V6155020;V615502002;HINnJ;1;"2007-09-01 00:00:00";"2007-09-01 23:59:59";16;-480;20;10;0;<FLG>
V6155020;V615502002;HINnJ;1;"2007-09-02 00:00:00";"2007-09-02 23:59:59";16;-513;20;10;0;<FLG>
V6155020;V615502002;HINnJ;1;"2007-09-03 00:00:00";"2007-09-03 23:59:59";16;-540;20;10;0;<FLG>
V6155020;V615502002;HINnJ;1;"2007-09-04 00:00:00";"2007-09-04 23:59:59";16;-567;20;10;0;<FLG>
V6155020;V615502002;HINnJ;1;"2007-09-05 00:00:00";"2007-09-05 12:00:00";16;-580;20;10;0;<FLG>
V6155020;V615502002;HINnJ;1;"2007-09-06 00:00:00";"2007-09-06 00:00:00";16;-575;20;10;0;<FLG>
V6155020;V615502002;HINnJ;1;"2007-09-07 00:00:00";"2007-09-07 23:59:59";16;-567;20;10;0;<FLG>
V6155020;V615502002;HINnJ;1;"2007-09-08 00:00:00";"2007-09-08 23:59:59";16;-580;20;10;0;<FLG>
V6155020;V615502002;HINnJ;1;"2007-09-09 00:00:00";"2007-09-09 23:59:59";16;-593;20;10;0;<FLG>
V6155020;V615502002;HINnJ;1;"2007-09-10 00:00:00";"2007-09-10 23:59:59";16;-625;20;10;0;<FLG>
V6155020;V615502002;HINnJ;1;"2007-09-11 00:00:00";"2007-09-11 23:59:59";16;-658;20;10;0;<FLG>
V6155020;V615502002;HINnJ;1;"2007-09-12 00:00:00";"2007-09-12 23:59:59";16;-672;20;10;0;<FLG>
V6155020;V615502002;HINnJ;1;"2007-09-13 00:00:00";"2007-09-13 23:59:59";16;-690;20;10;0;<FLG>
V6155020;V615502002;HINnJ;1;"2007-09-14 00:00:00";"2007-09-14 23:59:59";16;-710;20;10;0;<FLG>
V6155020;V615502002;HINnJ;1;"2007-09-15 00:00:00";"2007-09-15 23:59:59";16;-730;20;10;0;<FLG>
V6155020;V615502002;HINnJ;1;"2007-09-16 00:00:00";"2007-09-16 12:00:00";16;-740;20;10;0;<FLG>
V6155020;V615502002;HINnJ;1;"2007-09-17 00:00:00";"2007-09-17 23:59:59";16;-725;20;10;0;<FLG>
V6155020;V615502002;HINnJ;1;"2007-09-18 00:00:00";"2007-09-18 23:59:59";16;-755;20;10;0;<FLG>
V6155020;V615502002;HINnJ;1;"2007-09-19 00:00:00";"2007-09-19 12:00:00";16;-760;20;10;0;<FLG>
V6155020;V615502002;HINnJ;1;"2007-09-20 00:00:00";"2007-09-20 23:59:59";16;-775;20;10;0;<FLG>
V6155020;V615502002;HINnJ;1;"2007-09-21 00:00:00";"2007-09-21 23:59:59";16;-810;20;10;0;<FLG>
V6155020;V615502002;HINnJ;1;"2007-09-22 00:00:00";"2007-09-22 12:00:00";16;-820;20;10;0;<FLG>
V6155020;V615502002;HINnJ;1;"2007-09-23 00:00:00";"2007-09-23 00:00:00";16;-810;20;10;0;<FLG>
V6155020;V615502002;HINnJ;1;"2007-09-24 00:00:00";"2007-09-24 23:59:59";16;-820;20;10;0;<FLG>
V6155020;V615502002;HINnJ;1;"2007-09-25 00:00:00";"2007-09-25 12:00:00";16;-850;20;10;0;<FLG>
V6155020;V615502002;HINnJ;1;"2007-09-26 00:00:00";"2007-09-26 00:00:00";16;-835;20;10;0;<FLG>
V6155020;V615502002;HINnJ;1;"2007-09-27 00:00:00";"2007-09-27 00:00:00";16;-800;20;10;0;<FLG>
V6155020;V615502002;HINnJ;1;"2007-09-28 00:00:00";"2007-09-28 12:00:00";16;-820;20;10;0;<FLG>
V6155020;V615502002;HINnJ;1;"2007-09-29 00:00:00";"2007-09-29 00:00:00";16;-802;20;10;0;<FLG>
V6155020;V615502002;HINnJ;1;"2007-09-30 00:00:00";"2007-09-30 00:00:00";16;-768;20;10;0;<FLG>
V6155020;V615502002;HINnJ;1;"2007-10-01 00:00:00";"2007-10-01 00:00:00";16;-750;20;10;0;<FLG>
V6155020;V615502002;HINnJ;1;"2007-10-02 00:00:00";"2007-10-02 23:59:59";16;-771;20;10;0;<FLG>
V6155020;V615502002;HINnJ;1;"2007-10-03 00:00:00";"2007-10-03 23:59:59";16;-814;20;10;0;<FLG>
V6155020;V615502002;HINnJ;1;"2007-10-04 00:00:00";"2007-10-04 23:59:59";16;-856;20;10;0;<FLG>
V6155020;V615502002;HINnJ;1;"2007-10-05 00:00:00";"2007-10-05 23:59:59";16;-899;20;10;0;<FLG>
V6155020;V615502002;HINnJ;1;"2007-10-06 00:00:00";"2007-10-06 23:59:59";16;-927;20;10;0;<FLG>
V6155020;V615502002;HINnJ;1;"2007-10-07 00:00:00";"2007-10-07 23:59:59";16;-941;20;10;0;<FLG>
V6155020;V615502002;HINnJ;1;"2007-10-08 00:00:00";"2007-10-08 23:59:59";16;-955;20;10;0;<FLG>
V6155020;V615502002;HINnJ;1;"2007-10-09 00:00:00";"2007-10-09 23:59:59";16;-969;20;10;0;<FLG>
V6155020;V615502002;HINnJ;1;"2007-10-10 00:00:00";"2007-10-10 23:59:59";16;-983;20;10;0;<FLG>
V6155020;V615502002;HINnJ;1;"2007-10-11 00:00:00";"2007-10-11 23:59:59";16;-999;20;10;0;<FLG>
V6155020;V615502002;HINnJ;1;"2007-10-12 00:00:00";"2007-10-12 23:59:59";16;-1017;20;10;0;<FLG>
V6155020;V615502002;HINnJ;1;"2007-10-13 00:00:00";"2007-10-13 23:59:59";16;-1035;20;10;0;<FLG>
V6155020;V615502002;HINnJ;1;"2007-10-14 00:00:00";"2007-10-14 23:59:59";16;-1053;20;10;0;<FLG>
V6155020;V615502002;HINnJ;1;"2007-10-15 00:00:00";"2007-10-15 23:59:59";16;-1071;20;10;0;<FLG>
V6155020;V615502002;HINnJ;1;"2007-10-16 00:00:00";"2007-10-16 23:59:59";16;-1087;20;10;0;<FLG>
V6155020;V615502002;HINnJ;1;"2007-10-17 00:00:00";"2007-10-17 23:59:59";16;-1101;20;10;0;<FLG>
V6155020;V615502002;HINnJ;1;"2007-10-18 00:00:00";"2007-10-18 23:59:59";16;-1115;20;10;0;<FLG>
V6155020;V615502002;HINnJ;1;"2007-10-19 00:00:00";"2007-10-19 23:59:59";16;-1129;20;10;0;<FLG>
V6155020;V615502002;HINnJ;1;"2007-10-20 00:00:00";"2007-10-20 23:59:59";16;-1143;20;10;0;<FLG>
V6155020;V615502002;HINnJ;1;"2007-10-21 00:00:00";"2007-10-21 12:00:00";16;-1150;20;10;0;<FLG>
V6155020;V615502002;HINnJ;1;"2007-10-22 00:00:00";"2007-10-22 00:00:00";16;-1148;20;10;0;<FLG>
V6155020;V615502002;HINnJ;1;"2007-10-23 00:00:00";"2007-10-23 00:00:00";16;-1144;20;10;0;<FLG>
V6155020;V615502002;HINnJ;1;"2007-10-24 00:00:00";"2007-10-24 00:00:00";16;-1140;20;10;0;<FLG>
V6155020;V615502002;HINnJ;1;"2007-10-25 00:00:00";"2007-10-25 00:00:00";16;-1136;20;10;0;<FLG>
V6155020;V615502002;HINnJ;1;"2007-10-26 00:00:00";"2007-10-26 23:59:59";16;-1136;20;10;0;<FLG>
V6155020;V615502002;HINnJ;1;"2007-10-27 00:00:00";"2007-10-27 23:59:59";16;-1148;20;10;0;<FLG>
V6155020;V615502002;HINnJ;1;"2007-10-28 00:00:00";"2007-10-28 23:59:59";16;-1160;20;10;0;<FLG>
V6155020;V615502002;HINnJ;1;"2007-10-29 00:00:00";"2007-10-29 23:59:59";16;-1172;20;10;0;<FLG>
V6155020;V615502002;HINnJ;1;"2007-10-30 00:00:00";"2007-10-30 23:59:59";16;-1184;20;10;0;<FLG>
V6155020;V615502002;HINnJ;1;"2007-10-31 00:00:00";"2007-10-31 12:00:00";16;-1190;20;10;0;<FLG>
V6155020;V615502002;HINnJ;1;"2007-11-01 00:00:00";"2007-11-01 00:00:00";16;-1175;20;10;0;<FLG>
V6155020;V615502002;HINnJ;1;"2007-11-02 00:00:00";"2007-11-02 23:59:59";16;-1198;20;10;0;<FLG>
V6155020;V615502002;HINnJ;1;"2007-11-03 00:00:00";"2007-11-03 23:59:59";16;-1215;20;10;0;<FLG>
V6155020;V615502002;HINnJ;1;"2007-11-04 00:00:00";"2007-11-04 23:59:59";16;-1225;20;10;0;<FLG>
V6155020;V615502002;HINnJ;1;"2007-11-05 00:00:00";"2007-11-05 23:59:59";16;-1235;20;10;0;<FLG>
V6155020;V615502002;HINnJ;1;"2007-11-06 00:00:00";"2007-11-06 12:00:00";16;-1240;20;10;0;<FLG>
V6155020;V615502002;HINnJ;1;"2007-11-07 00:00:00";"2007-11-07 00:00:00";16;-1232;20;10;0;<FLG>
V6155020;V615502002;HINnJ;1;"2007-11-08 00:00:00";"2007-11-08 00:00:00";16;-1218;20;10;0;<FLG>
V6155020;V615502002;HINnJ;1;"2007-11-09 00:00:00";"2007-11-09 23:59:59";16;-1220;20;10;0;<FLG>
V6155020;V615502002;HINnJ;1;"2007-11-10 00:00:00";"2007-11-10 23:59:59";16;-1227;20;10;0;<FLG>
V6155020;V615502002;HINnJ;1;"2007-11-11 00:00:00";"2007-11-11 23:59:59";16;-1235;20;10;0;<FLG>
V6155020;V615502002;HINnJ;1;"2007-11-12 00:00:00";"2007-11-12 23:59:59";16;-1245;20;10;0;<FLG>
V6155020;V615502002;HINnJ;1;"2007-11-13 00:00:00";"2007-11-13 12:00:00";16;-1250;20;10;0;<FLG>
V6155020;V615502002;HINnJ;1;"2007-11-14 00:00:00";"2007-11-14 00:00:00";16;-1250;20;10;0;<FLG>
V6155020;V615502002;HINnJ;1;"2007-11-15 00:00:00";"2007-11-15 00:00:00";16;-1250;20;10;0;<FLG>
V6155020;V615502002;HINnJ;1;"2007-11-16 00:00:00";"2007-11-16 23:59:59";16;-1253;20;10;0;<FLG>
V6155020;V615502002;HINnJ;1;"2007-11-17 00:00:00";"2007-11-17 23:59:59";16;-1260;20;10;0;<FLG>
V6155020;V615502002;HINnJ;1;"2007-11-18 00:00:00";"2007-11-18 23:59:59";16;-1267;20;10;0;<FLG>
V6155020;V615502002;HINnJ;1;"2007-11-19 00:00:00";"2007-11-19 12:00:00";16;-1270;20;10;0;<FLG>
V6155020;V615502002;HINnJ;1;"2007-11-20 00:00:00";"2007-11-20 00:00:00";16;-1260;20;10;0;<FLG>
V6155020;V615502002;HINnJ;1;"2007-11-21 00:00:00";"2007-11-21 00:00:00";16;-1240;20;10;0;<FLG>
V6155020;V615502002;HINnJ;1;"2007-11-22 00:00:00";"2007-11-22 00:00:00";16;-1220;20;10;0;<FLG>
V6155020;V615502002;HINnJ;1;"2007-11-23 00:00:00";"2007-11-23 00:00:00";16;710;20;10;0;<FLG>
V6155020;V615502002;HINnJ;1;"2007-11-24 00:00:00";"2007-11-24 00:00:00";16;7150;20;10;0;<FLG>
V6155020;V615502002;HINnJ;1;"2007-11-25 00:00:00";"2007-11-25 23:59:59";16;9340;20;10;0;<FLG>
V6155020;V615502002;HINnJ;1;"2007-11-26 00:00:00";"2007-11-26 23:59:59";16;6535;20;10;0;<FLG>
V6155020;V615502002;HINnJ;1;"2007-11-27 00:00:00";"2007-11-27 23:59:59";16;4721;20;10;0;<FLG>
V6155020;V615502002;HINnJ;1;"2007-11-28 00:00:00";"2007-11-28 23:59:59";16;3824;20;10;0;<FLG>
V6155020;V615502002;HINnJ;1;"2007-11-29 00:00:00";"2007-11-29 23:59:59";16;2926;20;10;0;<FLG>
V6155020;V615502002;HINnJ;1;"2007-11-30 00:00:00";"2007-11-30 23:59:59";16;2029;20;10;0;<FLG>
V6155020;V615502002;HINnJ;1;"2007-12-01 00:00:00";"2007-12-01 23:59:59";16;1438;20;10;0;<FLG>
V6155020;V615502002;HINnJ;1;"2007-12-02 00:00:00";"2007-12-02 23:59:59";16;1152;20;10;0;<FLG>
V6155020;V615502002;HINnJ;1;"2007-12-03 00:00:00";"2007-12-03 23:59:59";16;909;20;10;0;<FLG>
V6155020;V615502002;HINnJ;1;"2007-12-04 00:00:00";"2007-12-04 23:59:59";16;708;20;10;0;<FLG>
V6155020;V615502002;HINnJ;1;"2007-12-05 00:00:00";"2007-12-05 23:59:59";16;506;20;10;0;<FLG>
V6155020;V615502002;HINnJ;1;"2007-12-06 00:00:00";"2007-12-06 23:59:59";16;304;20;10;0;<FLG>
V6155020;V615502002;HINnJ;1;"2007-12-07 00:00:00";"2007-12-07 23:59:59";16;102;20;10;0;<FLG>
V6155020;V615502002;HINnJ;1;"2007-12-08 00:00:00";"2007-12-08 23:59:59";16;-99;20;10;0;<FLG>
V6155020;V615502002;HINnJ;1;"2007-12-09 00:00:00";"2007-12-09 12:00:00";16;-200;20;10;0;<FLG>
V6155020;V615502002;HINnJ;1;"2007-12-10 00:00:00";"2007-12-10 00:00:00";16;20;20;10;0;<FLG>
V6155020;V615502002;HINnJ;1;"2007-12-11 00:00:00";"2007-12-11 00:00:00";16;460;20;10;0;<FLG>
V6155020;V615502002;HINnJ;1;"2007-12-12 00:00:00";"2007-12-12 23:59:59";16;546;20;10;0;<FLG>
V6155020;V615502002;HINnJ;1;"2007-12-13 00:00:00";"2007-12-13 23:59:59";16;457;20;10;0;<FLG>
V6155020;V615502002;HINnJ;1;"2007-12-14 00:00:00";"2007-12-14 23:59:59";16;368;20;10;0;<FLG>
V6155020;V615502002;HINnJ;1;"2007-12-15 00:00:00";"2007-12-15 23:59:59";16;279;20;10;0;<FLG>
V6155020;V615502002;HINnJ;1;"2007-12-16 00:00:00";"2007-12-16 23:59:59";16;190;20;10;0;<FLG>
V6155020;V615502002;HINnJ;1;"2007-12-17 00:00:00";"2007-12-17 23:59:59";16;101;20;10;0;<FLG>
V6155020;V615502002;HINnJ;1;"2007-12-18 00:00:00";"2007-12-18 23:59:59";16;12;20;10;0;<FLG>
V6155020;V615502002;HINnJ;1;"2007-12-19 00:00:00";"2007-12-19 23:59:59";16;-77;20;10;0;<FLG>
V6155020;V615502002;HINnJ;1;"2007-12-20 00:00:00";"2007-12-20 23:59:59";16;-166;20;10;0;<FLG>
V6155020;V615502002;HINnJ;1;"2007-12-21 00:00:00";"2007-12-21 23:59:59";16;-255;20;10;0;<FLG>
V6155020;V615502002;HINnJ;1;"2007-12-22 00:00:00";"2007-12-22 23:59:59";16;-325;20;10;0;<FLG>
V6155020;V615502002;HINnJ;1;"2007-12-23 00:00:00";"2007-12-23 23:59:59";16;-375;20;10;0;<FLG>
V6155020;V615502002;HINnJ;1;"2007-12-24 00:00:00";"2007-12-24 23:59:59";16;-425;20;10;0;<FLG>
V6155020;V615502002;HINnJ;1;"2007-12-25 00:00:00";"2007-12-25 23:59:59";16;-475;20;10;0;<FLG>
V6155020;V615502002;HINnJ;1;"2007-12-26 00:00:00";"2007-12-26 23:59:59";16;-525;20;10;0;<FLG>
V6155020;V615502002;HINnJ;1;"2007-12-27 00:00:00";"2007-12-27 12:00:00";16;-550;20;10;0;<FLG>
V6155020;V615502002;HINnJ;1;"2007-12-28 00:00:00";"2007-12-28 00:00:00";16;-271;20;10;0;<FLG>
V6155020;V615502002;HINnJ;1;"2007-12-29 00:00:00";"2007-12-29 00:00:00";16;288;20;10;0;<FLG>
V6155020;V615502002;HINnJ;1;"2007-12-30 00:00:00";"2007-12-30 00:00:00";16;847;20;10;0;<FLG>
V6155020;V615502002;HINnJ;1;"2007-12-31 00:00:00";"2007-12-31 00:00:00";16;1406;20;10;0;<FLG>
V6155020;V615502002;HINnJ;1;"2008-01-01 00:00:00";"2008-01-01 00:00:00";16;1965;20;10;0;<FLG>
V6155020;V615502002;HINnJ;1;"2008-01-02 00:00:00";"2008-01-02 00:00:00";16;2524;20;10;0;<FLG>
V6155020;V615502002;HINnJ;1;"2008-01-03 00:00:00";"2008-01-03 00:00:00";16;3083;20;10;0;<FLG>
V6155020;V615502002;HINnJ;1;"2008-01-04 00:00:00";"2008-01-04 00:00:00";16;3642;20;10;0;<FLG>
V6155020;V615502002;HINnJ;1;"2008-01-05 00:00:00";"2008-01-05 00:00:00";16;4201;20;10;0;<FLG>
V6155020;V615502002;HINnJ;1;"2008-01-06 00:00:00";"2008-01-06 00:00:00";16;6640;20;10;0;<FLG>
V6155020;V615502002;HINnJ;1;"2008-01-07 00:00:00";"2008-01-07 00:00:00";16;12875;20;10;0;<FLG>
V6155020;V615502002;HINnJ;1;"2008-01-08 00:00:00";"2008-01-08 23:59:59";16;17050;20;10;0;<FLG>
V6155020;V615502002;HINnJ;1;"2008-01-09 00:00:00";"2008-01-09 23:59:59";16;14960;20;10;0;<FLG>
V6155020;V615502002;HINnJ;1;"2008-01-10 00:00:00";"2008-01-10 12:00:00";16;13770;20;10;0;<FLG>
V6155020;V615502002;HINnJ;1;"2008-01-11 00:00:00";"2008-01-11 00:00:00";16;13890;20;10;0;<FLG>
V6155020;V615502002;HINnJ;1;"2008-01-12 00:00:00";"2008-01-12 00:00:00";16;14130;20;10;0;<FLG>
V6155020;V615502002;HINnJ;1;"2008-01-13 00:00:00";"2008-01-13 00:00:00";16;18200;20;10;0;<FLG>
V6155020;V615502002;HINnJ;1;"2008-01-14 00:00:00";"2008-01-14 00:00:00";16;22190;20;10;0;<FLG>
V6155020;V615502002;HINnJ;1;"2008-01-15 00:00:00";"2008-01-15 12:00:00";16;22220;20;10;0;<FLG>
V6155020;V615502002;HINnJ;1;"2008-01-16 00:00:00";"2008-01-16 00:00:00";16;22300;20;10;0;<FLG>
V6155020;V615502002;HINnJ;1;"2008-01-17 00:00:00";"2008-01-17 00:00:00";16;22470;20;10;0;<FLG>
V6155020;V615502002;HINnJ;1;"2008-01-18 00:00:00";"2008-01-18 23:59:59";16;22455;20;10;0;<FLG>
V6155020;V615502002;HINnJ;1;"2008-01-19 00:00:00";"2008-01-19 23:59:59";16;22278;20;10;0;<FLG>
V6155020;V615502002;HINnJ;1;"2008-01-20 00:00:00";"2008-01-20 23:59:59";16;22092;20;10;0;<FLG>
V6155020;V615502002;HINnJ;1;"2008-01-21 00:00:00";"2008-01-21 23:59:59";16;21860;20;10;0;<FLG>
V6155020;V615502002;HINnJ;1;"2008-01-22 00:00:00";"2008-01-22 23:59:59";16;21265;20;10;0;<FLG>
V6155020;V615502002;HINnJ;1;"2008-01-23 00:00:00";"2008-01-23 23:59:59";16;20240;20;10;0;<FLG>
V6155020;V615502002;HINnJ;1;"2008-01-24 00:00:00";"2008-01-24 23:59:59";16;18925;20;10;0;<FLG>
V6155020;V615502002;HINnJ;1;"2008-01-25 00:00:00";"2008-01-25 23:59:59";16;17435;20;10;0;<FLG>
V6155020;V615502002;HINnJ;1;"2008-01-26 00:00:00";"2008-01-26 23:59:59";16;16170;20;10;0;<FLG>
V6155020;V615502002;HINnJ;1;"2008-01-27 00:00:00";"2008-01-27 23:59:59";16;15130;20;10;0;<FLG>
V6155020;V615502002;HINnJ;1;"2008-01-28 00:00:00";"2008-01-28 23:59:59";16;14090;20;10;0;<FLG>
V6155020;V615502002;HINnJ;1;"2008-01-29 00:00:00";"2008-01-29 23:59:59";16;13158;20;10;0;<FLG>
V6155020;V615502002;HINnJ;1;"2008-01-30 00:00:00";"2008-01-30 23:59:59";16;12332;20;10;0;<FLG>
V6155020;V615502002;HINnJ;1;"2008-01-31 00:00:00";"2008-01-31 12:00:00";16;11920;20;10;0;<FLG>
V6155020;V615502002;HINnJ;1;"2008-02-01 00:00:00";"2008-02-01 23:59:59";16;11240;20;10;0;<FLG>
V6155020;V615502002;HINnJ;1;"2008-02-02 00:00:00";"2008-02-02 23:59:59";16;10230;20;10;0;<FLG>
V6155020;V615502002;HINnJ;1;"2008-02-03 00:00:00";"2008-02-03 23:59:59";16;9605;20;10;0;<FLG>
V6155020;V615502002;HINnJ;1;"2008-02-04 00:00:00";"2008-02-04 12:00:00";16;9300;20;10;0;<FLG>
V6155020;V615502002;HINnJ;1;"2008-02-05 00:00:00";"2008-02-05 00:00:00";16;10600;20;10;0;<FLG>
V6155020;V615502002;HINnJ;1;"2008-02-06 00:00:00";"2008-02-06 00:00:00";16;12255;20;10;0;<FLG>
V6155020;V615502002;HINnJ;1;"2008-02-07 00:00:00";"2008-02-07 00:00:00";16;12770;20;10;0;<FLG>
V6155020;V615502002;HINnJ;1;"2008-02-08 00:00:00";"2008-02-08 00:00:00";16;13115;20;10;0;<FLG>
V6155020;V615502002;HINnJ;1;"2008-02-09 00:00:00";"2008-02-09 00:00:00";16;13375;20;10;0;<FLG>
V6155020;V615502002;HINnJ;1;"2008-02-10 00:00:00";"2008-02-10 23:59:59";16;13200;20;10;0;<FLG>
V6155020;V615502002;HINnJ;1;"2008-02-11 00:00:00";"2008-02-11 23:59:59";16;12850;20;10;0;<FLG>
V6155020;V615502002;HINnJ;1;"2008-02-12 00:00:00";"2008-02-12 23:59:59";16;12388;20;10;0;<FLG>
V6155020;V615502002;HINnJ;1;"2008-02-13 00:00:00";"2008-02-13 23:59:59";16;11862;20;10;0;<FLG>
V6155020;V615502002;HINnJ;1;"2008-02-14 00:00:00";"2008-02-14 23:59:59";16;11365;20;10;0;<FLG>
V6155020;V615502002;HINnJ;1;"2008-02-15 00:00:00";"2008-02-15 23:59:59";16;10867;20;10;0;<FLG>
V6155020;V615502002;HINnJ;1;"2008-02-16 00:00:00";"2008-02-16 23:59:59";16;10340;20;10;0;<FLG>
V6155020;V615502002;HINnJ;1;"2008-02-17 00:00:00";"2008-02-17 23:59:59";16;9813;20;10;0;<FLG>
V6155020;V615502002;HINnJ;1;"2008-02-18 00:00:00";"2008-02-18 23:59:59";16;9362;20;10;0;<FLG>
V6155020;V615502002;HINnJ;1;"2008-02-19 00:00:00";"2008-02-19 23:59:59";16;8988;20;10;0;<FLG>
V6155020;V615502002;HINnJ;1;"2008-02-20 00:00:00";"2008-02-20 23:59:59";16;8592;20;10;0;<FLG>
V6155020;V615502002;HINnJ;1;"2008-02-21 00:00:00";"2008-02-21 23:59:59";16;8175;20;10;0;<FLG>
V6155020;V615502002;HINnJ;1;"2008-02-22 00:00:00";"2008-02-22 23:59:59";16;7758;20;10;0;<FLG>
V6155020;V615502002;HINnJ;1;"2008-02-23 00:00:00";"2008-02-23 23:59:59";16;7535;20;10;0;<FLG>
V6155020;V615502002;HINnJ;1;"2008-02-24 00:00:00";"2008-02-24 23:59:59";16;7505;20;10;0;<FLG>
V6155020;V615502002;HINnJ;1;"2008-02-25 00:00:00";"2008-02-25 12:00:00";16;7490;20;10;0;<FLG>
V6155020;V615502002;HINnJ;1;"2008-02-26 00:00:00";"2008-02-26 00:00:00";16;7512;20;10;0;<FLG>
V6155020;V615502002;HINnJ;1;"2008-02-27 00:00:00";"2008-02-27 00:00:00";16;7555;20;10;0;<FLG>
V6155020;V615502002;HINnJ;1;"2008-02-28 00:00:00";"2008-02-28 23:59:59";16;7568;20;10;0;<FLG>
V6155020;V615502002;HINnJ;1;"2008-02-29 00:00:00";"2008-02-29 23:59:59";16;7464;20;10;0;<FLG>
V6155020;V615502002;HINnJ;1;"2008-03-01 00:00:00";"2008-03-01 23:59:59";16;7360;20;10;0;<FLG>
V6155020;V615502002;HINnJ;1;"2008-03-02 00:00:00";"2008-03-02 23:59:59";16;7256;20;10;0;<FLG>
V6155020;V615502002;HINnJ;1;"2008-03-03 00:00:00";"2008-03-03 23:59:59";16;7152;20;10;0;<FLG>
V6155020;V615502002;HINnJ;1;"2008-03-04 00:00:00";"2008-03-04 23:59:59";16;6918;20;10;0;<FLG>
V6155020;V615502002;HINnJ;1;"2008-03-05 00:00:00";"2008-03-05 23:59:59";16;6554;20;10;0;<FLG>
V6155020;V615502002;HINnJ;1;"2008-03-06 00:00:00";"2008-03-06 23:59:59";16;6190;20;10;0;<FLG>
V6155020;V615502002;HINnJ;1;"2008-03-07 00:00:00";"2008-03-07 23:59:59";16;5826;20;10;0;<FLG>
V6155020;V615502002;HINnJ;1;"2008-03-08 00:00:00";"2008-03-08 23:59:59";16;5462;20;10;0;<FLG>
V6155020;V615502002;HINnJ;1;"2008-03-09 00:00:00";"2008-03-09 23:59:59";16;5100;20;10;0;<FLG>
V6155020;V615502002;HINnJ;1;"2008-03-10 00:00:00";"2008-03-10 23:59:59";16;4830;20;10;0;<FLG>
V6155020;V615502002;HINnJ;1;"2008-03-11 00:00:00";"2008-03-11 23:59:59";16;4735;20;10;0;<FLG>
V6155020;V615502002;HINnJ;1;"2008-03-12 00:00:00";"2008-03-12 23:59:59";16;4725;20;10;0;<FLG>
V6155020;V615502002;HINnJ;1;"2008-03-13 00:00:00";"2008-03-13 12:00:00";16;4720;20;10;0;<FLG>
V6155020;V615502002;HINnJ;1;"2008-03-14 00:00:00";"2008-03-14 00:00:00";16;4808;20;10;0;<FLG>
V6155020;V615502002;HINnJ;1;"2008-03-15 00:00:00";"2008-03-15 00:00:00";16;4985;20;10;0;<FLG>
V6155020;V615502002;HINnJ;1;"2008-03-16 00:00:00";"2008-03-16 00:00:00";16;5162;20;10;0;<FLG>
V6155020;V615502002;HINnJ;1;"2008-03-17 00:00:00";"2008-03-17 23:59:59";16;5062;20;10;0;<FLG>
V6155020;V615502002;HINnJ;1;"2008-03-18 00:00:00";"2008-03-18 23:59:59";16;4908;20;10;0;<FLG>
V6155020;V615502002;HINnJ;1;"2008-03-19 00:00:00";"2008-03-19 23:59:59";16;4725;20;10;0;<FLG>
V6155020;V615502002;HINnJ;1;"2008-03-20 00:00:00";"2008-03-20 23:59:59";16;4542;20;10;0;<FLG>
V6155020;V615502002;HINnJ;1;"2008-03-21 00:00:00";"2008-03-21 23:59:59";16;4358;20;10;0;<FLG>
V6155020;V615502002;HINnJ;1;"2008-03-22 00:00:00";"2008-03-22 23:59:59";16;4175;20;10;0;<FLG>
V6155020;V615502002;HINnJ;1;"2008-03-23 00:00:00";"2008-03-23 23:59:59";16;3992;20;10;0;<FLG>
V6155020;V615502002;HINnJ;1;"2008-03-24 00:00:00";"2008-03-24 23:59:59";16;3808;20;10;0;<FLG>
V6155020;V615502002;HINnJ;1;"2008-03-25 00:00:00";"2008-03-25 23:59:59";16;3625;20;10;0;<FLG>
V6155020;V615502002;HINnJ;1;"2008-03-26 00:00:00";"2008-03-26 23:59:59";16;3442;20;10;0;<FLG>
V6155020;V615502002;HINnJ;1;"2008-03-27 00:00:00";"2008-03-27 23:59:59";16;3300;20;10;0;<FLG>
V6155020;V615502002;HINnJ;1;"2008-03-28 00:00:00";"2008-03-28 23:59:59";16;3125;20;10;0;<FLG>
V6155020;V615502002;HINnJ;1;"2008-03-29 00:00:00";"2008-03-29 23:59:59";16;2980;20;10;0;<FLG>
V6155020;V615502002;HINnJ;1;"2008-03-30 00:00:00";"2008-03-30 23:59:59";16;2940;20;10;0;<FLG>
V6155020;V615502002;HINnJ;1;"2008-03-31 00:00:00";"2008-03-31 23:59:59";16;2900;20;10;0;<FLG>
V6155020;V615502002;HINnJ;1;"2008-04-01 00:00:00";"2008-04-01 12:00:00";16;2880;20;10;0;<FLG>
V6155020;V615502002;HINnJ;1;"2008-04-02 00:00:00";"2008-04-02 00:00:00";16;2885;20;10;0;<FLG>
V6155020;V615502002;HINnJ;1;"2008-04-03 00:00:00";"2008-04-03 00:00:00";16;2895;20;10;0;<FLG>
V6155020;V615502002;HINnJ;1;"2008-04-04 00:00:00";"2008-04-04 00:00:00";16;2900;20;10;0;<FLG>
V6155020;V615502002;HINnJ;1;"2008-04-05 00:00:00";"2008-04-05 00:00:00";16;2900;20;10;0;<FLG>
V6155020;V615502002;HINnJ;1;"2008-04-06 00:00:00";"2008-04-06 00:00:00";16;2900;20;10;0;<FLG>
V6155020;V615502002;HINnJ;1;"2008-04-07 00:00:00";"2008-04-07 12:00:00";16;2900;20;10;0;<FLG>
V6155020;V615502002;HINnJ;1;"2008-04-08 00:00:00";"2008-04-08 00:00:00";16;2928;20;10;0;<FLG>
V6155020;V615502002;HINnJ;1;"2008-04-09 00:00:00";"2008-04-09 00:00:00";16;2985;20;10;0;<FLG>
V6155020;V615502002;HINnJ;1;"2008-04-10 00:00:00";"2008-04-10 00:00:00";16;3042;20;10;0;<FLG>
V6155020;V615502002;HINnJ;1;"2008-04-11 00:00:00";"2008-04-11 00:00:00";16;3615;20;10;0;<FLG>
V6155020;V615502002;HINnJ;1;"2008-04-12 00:00:00";"2008-04-12 00:00:00";16;5080;20;10;0;<FLG>
V6155020;V615502002;HINnJ;1;"2008-04-13 00:00:00";"2008-04-13 00:00:00";16;6890;20;10;0;<FLG>
V6155020;V615502002;HINnJ;1;"2008-04-14 00:00:00";"2008-04-14 00:00:00";16;8000;20;10;0;<FLG>
V6155020;V615502002;HINnJ;1;"2008-04-15 00:00:00";"2008-04-15 23:59:59";16;7935;20;10;0;<FLG>
V6155020;V615502002;HINnJ;1;"2008-04-16 00:00:00";"2008-04-16 23:59:59";16;7675;20;10;0;<FLG>
V6155020;V615502002;HINnJ;1;"2008-04-17 00:00:00";"2008-04-17 23:59:59";16;7525;20;10;0;<FLG>
V6155020;V615502002;HINnJ;1;"2008-04-18 00:00:00";"2008-04-18 12:00:00";16;7450;20;10;0;<FLG>
V6155020;V615502002;HINnJ;1;"2008-04-19 00:00:00";"2008-04-19 00:00:00";16;9080;20;10;0;<FLG>
V6155020;V615502002;HINnJ;1;"2008-04-20 00:00:00";"2008-04-20 00:00:00";16;14730;20;10;0;<FLG>
V6155020;V615502002;HINnJ;1;"2008-04-21 00:00:00";"2008-04-21 00:00:00";16;20450;20;10;0;<FLG>
V6155020;V615502002;HINnJ;1;"2008-04-22 00:00:00";"2008-04-22 00:00:00";16;22460;20;10;0;<FLG>
V6155020;V615502002;HINnJ;1;"2008-04-23 00:00:00";"2008-04-23 00:00:00";16;22810;20;10;0;<FLG>
V6155020;V615502002;HINnJ;1;"2008-04-24 00:00:00";"2008-04-24 23:59:59";16;22785;20;10;0;<FLG>
V6155020;V615502002;HINnJ;1;"2008-04-25 00:00:00";"2008-04-25 23:59:59";16;22690;20;10;0;<FLG>
V6155020;V615502002;HINnJ;1;"2008-04-26 00:00:00";"2008-04-26 23:59:59";16;22565;20;10;0;<FLG>
V6155020;V615502002;HINnJ;1;"2008-04-27 00:00:00";"2008-04-27 23:59:59";16;22430;20;10;0;<FLG>
V6155020;V615502002;HINnJ;1;"2008-04-28 00:00:00";"2008-04-28 23:59:59";16;22255;20;10;0;<FLG>
V6155020;V615502002;HINnJ;1;"2008-04-29 00:00:00";"2008-04-29 23:59:59";16;22025;20;10;0;<FLG>
V6155020;V615502002;HINnJ;1;"2008-04-30 00:00:00";"2008-04-30 23:59:59";16;21810;20;10;0;<FLG>
V6155020;V615502002;HINnJ;1;"2008-05-01 00:00:00";"2008-05-01 23:59:59";16;21615;20;10;0;<FLG>
V6155020;V615502002;HINnJ;1;"2008-05-02 00:00:00";"2008-05-02 23:59:59";16;21332;20;10;0;<FLG>
V6155020;V615502002;HINnJ;1;"2008-05-03 00:00:00";"2008-05-03 23:59:59";16;20836;20;10;0;<FLG>
V6155020;V615502002;HINnJ;1;"2008-05-04 00:00:00";"2008-05-04 23:59:59";16;20125;20;10;0;<FLG>
V6155020;V615502002;HINnJ;1;"2008-05-05 00:00:00";"2008-05-05 23:59:59";16;19375;20;10;0;<FLG>
V6155020;V615502002;HINnJ;1;"2008-05-06 00:00:00";"2008-05-06 23:59:59";16;18560;20;10;0;<FLG>
V6155020;V615502002;HINnJ;1;"2008-05-07 00:00:00";"2008-05-07 23:59:59";16;17975;20;10;0;<FLG>
V6155020;V615502002;HINnJ;1;"2008-05-08 00:00:00";"2008-05-08 23:59:59";16;17478;20;10;0;<FLG>
V6155020;V615502002;HINnJ;1;"2008-05-09 00:00:00";"2008-05-09 23:59:59";16;16772;20;10;0;<FLG>
V6155020;V615502002;HINnJ;1;"2008-05-10 00:00:00";"2008-05-10 23:59:59";16;16128;20;10;0;<FLG>
V6155020;V615502002;HINnJ;1;"2008-05-11 00:00:00";"2008-05-11 23:59:59";16;15542;20;10;0;<FLG>
V6155020;V615502002;HINnJ;1;"2008-05-12 00:00:00";"2008-05-12 23:59:59";16;14938;20;10;0;<FLG>
V6155020;V615502002;HINnJ;1;"2008-05-13 00:00:00";"2008-05-13 23:59:59";16;14312;20;10;0;<FLG>
V6155020;V615502002;HINnJ;1;"2008-05-14 00:00:00";"2008-05-14 23:59:59";16;13688;20;10;0;<FLG>
V6155020;V615502002;HINnJ;1;"2008-05-15 00:00:00";"2008-05-15 23:59:59";16;13062;20;10;0;<FLG>
V6155020;V615502002;HINnJ;1;"2008-05-16 00:00:00";"2008-05-16 23:59:59";16;12475;20;10;0;<FLG>
V6155020;V615502002;HINnJ;1;"2008-05-17 00:00:00";"2008-05-17 12:00:00";16;12200;20;10;0;<FLG>
V6155020;V615502002;HINnJ;1;"2008-05-18 00:00:00";"2008-05-18 00:00:00";16;12285;20;10;0;<FLG>
V6155020;V615502002;HINnJ;1;"2008-05-19 00:00:00";"2008-05-19 00:00:00";16;12470;20;10;0;<FLG>
V6155020;V615502002;HINnJ;1;"2008-05-20 00:00:00";"2008-05-20 23:59:59";16;12480;20;10;0;<FLG>
V6155020;V615502002;HINnJ;1;"2008-05-21 00:00:00";"2008-05-21 23:59:59";16;12380;20;10;0;<FLG>
V6155020;V615502002;HINnJ;1;"2008-05-22 00:00:00";"2008-05-22 23:59:59";16;12280;20;10;0;<FLG>
V6155020;V615502002;HINnJ;1;"2008-05-23 00:00:00";"2008-05-23 23:59:59";16;11995;20;10;0;<FLG>
V6155020;V615502002;HINnJ;1;"2008-05-24 00:00:00";"2008-05-24 12:00:00";16;11760;20;10;0;<FLG>
V6155020;V615502002;HINnJ;1;"2008-05-25 00:00:00";"2008-05-25 00:00:00";16;12432;20;10;0;<FLG>
V6155020;V615502002;HINnJ;1;"2008-05-26 00:00:00";"2008-05-26 00:00:00";16;13777;20;10;0;<FLG>
V6155020;V615502002;HINnJ;1;"2008-05-27 00:00:00";"2008-05-27 00:00:00";16;21967;20;10;0;<FLG>
V6155020;V615502002;HINnJ;1;"2008-05-28 00:00:00";"2008-05-28 00:00:00";16;22725;20;10;0;<FLG>
V6155020;V615502002;HINnJ;1;"2008-05-29 00:00:00";"2008-05-29 00:00:00";16;22835;20;10;0;<FLG>
V6155020;V615502002;HINnJ;1;"2008-05-30 00:00:00";"2008-05-30 00:00:00";16;22885;20;10;0;<FLG>
V6155020;V615502002;HINnJ;1;"2008-05-31 00:00:00";"2008-05-31 00:00:00";16;22990;20;10;0;<FLG>
V6155020;V615502002;HINnJ;1;"2008-06-01 00:00:00";"2008-06-01 00:00:00";16;23075;20;10;0;<FLG>
V6155020;V615502002;HINnJ;1;"2008-06-02 00:00:00";"2008-06-02 12:00:00";16;23060;20;10;0;<FLG>
V6155020;V615502002;HINnJ;1;"2008-06-03 00:00:00";"2008-06-03 12:00:00";16;23060;20;10;0;<FLG>
V6155020;V615502002;HINnJ;1;"2008-06-04 00:00:00";"2008-06-04 23:59:59";16;23060;20;10;0;<FLG>
V6155020;V615502002;HINnJ;1;"2008-06-05 00:00:00";"2008-06-05 23:59:59";16;23025;20;10;0;<FLG>
V6155020;V615502002;HINnJ;1;"2008-06-06 00:00:00";"2008-06-06 23:59:59";16;22970;20;10;0;<FLG>
V6155020;V615502002;HINnJ;1;"2008-06-07 00:00:00";"2008-06-07 23:59:59";16;22895;20;10;0;<FLG>
V6155020;V615502002;HINnJ;1;"2008-06-08 00:00:00";"2008-06-08 23:59:59";16;22815;20;10;0;<FLG>
V6155020;V615502002;HINnJ;1;"2008-06-09 00:00:00";"2008-06-09 23:59:59";16;22735;20;10;0;<FLG>
V6155020;V615502002;HINnJ;1;"2008-06-10 00:00:00";"2008-06-10 23:59:59";16;22660;20;10;0;<FLG>
V6155020;V615502002;HINnJ;1;"2008-06-11 00:00:00";"2008-06-11 23:59:59";16;22625;20;10;0;<FLG>
V6155020;V615502002;HINnJ;1;"2008-06-12 00:00:00";"2008-06-12 12:00:00";16;22620;20;10;0;<FLG>
V6155020;V615502002;HINnJ;1;"2008-06-13 00:00:00";"2008-06-13 23:59:59";16;22610;20;10;0;<FLG>
V6155020;V615502002;HINnJ;1;"2008-06-14 00:00:00";"2008-06-14 23:59:59";16;22540;20;10;0;<FLG>
V6155020;V615502002;HINnJ;1;"2008-06-15 00:00:00";"2008-06-15 23:59:59";16;22450;20;10;0;<FLG>
V6155020;V615502002;HINnJ;1;"2008-06-16 00:00:00";"2008-06-16 23:59:59";16;22360;20;10;0;<FLG>
V6155020;V615502002;HINnJ;1;"2008-06-17 00:00:00";"2008-06-17 23:59:59";16;22280;20;10;0;<FLG>
V6155020;V615502002;HINnJ;1;"2008-06-18 00:00:00";"2008-06-18 23:59:59";16;22213;20;10;0;<FLG>
V6155020;V615502002;HINnJ;1;"2008-06-19 00:00:00";"2008-06-19 23:59:59";16;22140;20;10;0;<FLG>
V6155020;V615502002;HINnJ;1;"2008-06-20 00:00:00";"2008-06-20 23:59:59";16;22067;20;10;0;<FLG>
V6155020;V615502002;HINnJ;1;"2008-06-21 00:00:00";"2008-06-21 23:59:59";16;21990;20;10;0;<FLG>
V6155020;V615502002;HINnJ;1;"2008-06-22 00:00:00";"2008-06-22 23:59:59";16;21890;20;10;0;<FLG>
V6155020;V615502002;HINnJ;1;"2008-06-23 00:00:00";"2008-06-23 23:59:59";16;21748;20;10;0;<FLG>
V6155020;V615502002;HINnJ;1;"2008-06-24 00:00:00";"2008-06-24 23:59:59";16;21582;20;10;0;<FLG>
V6155020;V615502002;HINnJ;1;"2008-06-25 00:00:00";"2008-06-25 23:59:59";16;21315;20;10;0;<FLG>
V6155020;V615502002;HINnJ;1;"2008-06-26 00:00:00";"2008-06-26 23:59:59";16;20810;20;10;0;<FLG>
V6155020;V615502002;HINnJ;1;"2008-06-27 00:00:00";"2008-06-27 23:59:59";16;20115;20;10;0;<FLG>
V6155020;V615502002;HINnJ;1;"2008-06-28 00:00:00";"2008-06-28 23:59:59";16;19370;20;10;0;<FLG>
V6155020;V615502002;HINnJ;1;"2008-06-29 00:00:00";"2008-06-29 23:59:59";16;18615;20;10;0;<FLG>
V6155020;V615502002;HINnJ;1;"2008-06-30 00:00:00";"2008-06-30 23:59:59";16;17938;20;10;0;<FLG>
V6155020;V615502002;HINnJ;1;"2008-07-01 00:00:00";"2008-07-01 23:59:59";16;17352;20;10;0;<FLG>
V6155020;V615502002;HINnJ;1;"2008-07-02 00:00:00";"2008-07-02 23:59:59";16;16755;20;10;0;<FLG>
V6155020;V615502002;HINnJ;1;"2008-07-03 00:00:00";"2008-07-03 23:59:59";16;16142;20;10;0;<FLG>
V6155020;V615502002;HINnJ;1;"2008-07-04 00:00:00";"2008-07-04 23:59:59";16;15528;20;10;0;<FLG>
V6155020;V615502002;HINnJ;1;"2008-07-05 00:00:00";"2008-07-05 23:59:59";16;14950;20;10;0;<FLG>
V6155020;V615502002;HINnJ;1;"2008-07-06 00:00:00";"2008-07-06 23:59:59";16;14410;20;10;0;<FLG>
V6155020;V615502002;HINnJ;1;"2008-07-07 00:00:00";"2008-07-07 23:59:59";16;13895;20;10;0;<FLG>
V6155020;V615502002;HINnJ;1;"2008-07-08 00:00:00";"2008-07-08 23:59:59";16;13405;20;10;0;<FLG>
V6155020;V615502002;HINnJ;1;"2008-07-09 00:00:00";"2008-07-09 23:59:59";16;12915;20;10;0;<FLG>
V6155020;V615502002;HINnJ;1;"2008-07-10 00:00:00";"2008-07-10 23:59:59";16;12455;20;10;0;<FLG>
V6155020;V615502002;HINnJ;1;"2008-07-11 00:00:00";"2008-07-11 23:59:59";16;12025;20;10;0;<FLG>
V6155020;V615502002;HINnJ;1;"2008-07-12 00:00:00";"2008-07-12 23:59:59";16;11605;20;10;0;<FLG>
V6155020;V615502002;HINnJ;1;"2008-07-13 00:00:00";"2008-07-13 23:59:59";16;11192;20;10;0;<FLG>
V6155020;V615502002;HINnJ;1;"2008-07-14 00:00:00";"2008-07-14 23:59:59";16;10778;20;10;0;<FLG>
V6155020;V615502002;HINnJ;1;"2008-07-15 00:00:00";"2008-07-15 23:59:59";16;10365;20;10;0;<FLG>
V6155020;V615502002;HINnJ;1;"2008-07-16 00:00:00";"2008-07-16 23:59:59";16;9955;20;10;0;<FLG>
V6155020;V615502002;HINnJ;1;"2008-07-17 00:00:00";"2008-07-17 23:59:59";16;9550;20;10;0;<FLG>
V6155020;V615502002;HINnJ;1;"2008-07-18 00:00:00";"2008-07-18 23:59:59";16;9150;20;10;0;<FLG>
V6155020;V615502002;HINnJ;1;"2008-07-19 00:00:00";"2008-07-19 23:59:59";16;8812;20;10;0;<FLG>
V6155020;V615502002;HINnJ;1;"2008-07-20 00:00:00";"2008-07-20 23:59:59";16;8538;20;10;0;<FLG>
V6155020;V615502002;HINnJ;1;"2008-07-21 00:00:00";"2008-07-21 23:59:59";16;8260;20;10;0;<FLG>
V6155020;V615502002;HINnJ;1;"2008-07-22 00:00:00";"2008-07-22 23:59:59";16;7983;20;10;0;<FLG>
V6155020;V615502002;HINnJ;1;"2008-07-23 00:00:00";"2008-07-23 23:59:59";16;7710;20;10;0;<FLG>
V6155020;V615502002;HINnJ;1;"2008-07-24 00:00:00";"2008-07-24 23:59:59";16;7437;20;10;0;<FLG>
V6155020;V615502002;HINnJ;1;"2008-07-25 00:00:00";"2008-07-25 23:59:59";16;7179;20;10;0;<FLG>
V6155020;V615502002;HINnJ;1;"2008-07-26 00:00:00";"2008-07-26 23:59:59";16;6936;20;10;0;<FLG>
V6155020;V615502002;HINnJ;1;"2008-07-27 00:00:00";"2008-07-27 23:59:59";16;6694;20;10;0;<FLG>
V6155020;V615502002;HINnJ;1;"2008-07-28 00:00:00";"2008-07-28 23:59:59";16;6451;20;10;0;<FLG>
V6155020;V615502002;HINnJ;1;"2008-07-29 00:00:00";"2008-07-29 23:59:59";16;6228;20;10;0;<FLG>
V6155020;V615502002;HINnJ;1;"2008-07-30 00:00:00";"2008-07-30 23:59:59";16;6025;20;10;0;<FLG>
V6155020;V615502002;HINnJ;1;"2008-07-31 00:00:00";"2008-07-31 23:59:59";16;5822;20;10;0;<FLG>
V6155020;V615502002;HINnJ;1;"2008-08-01 00:00:00";"2008-08-01 23:59:59";16;5639;20;10;0;<FLG>
V6155020;V615502002;HINnJ;1;"2008-08-02 00:00:00";"2008-08-02 23:59:59";16;5478;20;10;0;<FLG>
V6155020;V615502002;HINnJ;1;"2008-08-03 00:00:00";"2008-08-03 23:59:59";16;5316;20;10;0;<FLG>
V6155020;V615502002;HINnJ;1;"2008-08-04 00:00:00";"2008-08-04 23:59:59";16;5154;20;10;0;<FLG>
V6155020;V615502002;HINnJ;1;"2008-08-05 00:00:00";"2008-08-05 23:59:59";16;4992;20;10;0;<FLG>
V6155020;V615502002;HINnJ;1;"2008-08-06 00:00:00";"2008-08-06 23:59:59";16;4831;20;10;0;<FLG>
V6155020;V615502002;HINnJ;1;"2008-08-07 00:00:00";"2008-08-07 23:59:59";16;4687;20;10;0;<FLG>
V6155020;V615502002;HINnJ;1;"2008-08-08 00:00:00";"2008-08-08 23:59:59";16;4561;20;10;0;<FLG>
V6155020;V615502002;HINnJ;1;"2008-08-09 00:00:00";"2008-08-09 23:59:59";16;4435;20;10;0;<FLG>
V6155020;V615502002;HINnJ;1;"2008-08-10 00:00:00";"2008-08-10 23:59:59";16;4309;20;10;0;<FLG>
V6155020;V615502002;HINnJ;1;"2008-08-11 00:00:00";"2008-08-11 23:59:59";16;4183;20;10;0;<FLG>
V6155020;V615502002;HINnJ;1;"2008-08-12 00:00:00";"2008-08-12 12:00:00";16;4120;20;10;0;<FLG>
V6155020;V615502002;HINnJ;1;"2008-08-13 00:00:00";"2008-08-13 23:59:59";16;4065;20;10;0;<FLG>
V6155020;V615502002;HINnJ;1;"2008-08-14 00:00:00";"2008-08-14 23:59:59";16;3955;20;10;0;<FLG>
V6155020;V615502002;HINnJ;1;"2008-08-15 00:00:00";"2008-08-15 23:59:59";16;3833;20;10;0;<FLG>
V6155020;V615502002;HINnJ;1;"2008-08-16 00:00:00";"2008-08-16 23:59:59";16;3700;20;10;0;<FLG>
V6155020;V615502002;HINnJ;1;"2008-08-17 00:00:00";"2008-08-17 23:59:59";16;3567;20;10;0;<FLG>
V6155020;V615502002;HINnJ;1;"2008-08-18 00:00:00";"2008-08-18 23:59:59";16;3437;20;10;0;<FLG>
V6155020;V615502002;HINnJ;1;"2008-08-19 00:00:00";"2008-08-19 23:59:59";16;3310;20;10;0;<FLG>
V6155020;V615502002;HINnJ;1;"2008-08-20 00:00:00";"2008-08-20 23:59:59";16;3183;20;10;0;<FLG>
V6155020;V615502002;HINnJ;1;"2008-08-21 00:00:00";"2008-08-21 23:59:59";16;3074;20;10;0;<FLG>
V6155020;V615502002;HINnJ;1;"2008-08-22 00:00:00";"2008-08-22 23:59:59";16;2981;20;10;0;<FLG>
V6155020;V615502002;HINnJ;1;"2008-08-23 00:00:00";"2008-08-23 23:59:59";16;2889;20;10;0;<FLG>
V6155020;V615502002;HINnJ;1;"2008-08-24 00:00:00";"2008-08-24 23:59:59";16;2796;20;10;0;<FLG>
V6155020;V615502002;HINnJ;1;"2008-08-25 00:00:00";"2008-08-25 23:59:59";16;2712;20;10;0;<FLG>
V6155020;V615502002;HINnJ;1;"2008-08-26 00:00:00";"2008-08-26 23:59:59";16;2638;20;10;0;<FLG>
V6155020;V615502002;HINnJ;1;"2008-08-27 00:00:00";"2008-08-27 23:59:59";16;2568;20;10;0;<FLG>
V6155020;V615502002;HINnJ;1;"2008-08-28 00:00:00";"2008-08-28 23:59:59";16;2502;20;10;0;<FLG>
V6155020;V615502002;HINnJ;1;"2008-08-29 00:00:00";"2008-08-29 23:59:59";16;2433;20;10;0;<FLG>
V6155020;V615502002;HINnJ;1;"2008-08-30 00:00:00";"2008-08-30 23:59:59";16;2360;20;10;0;<FLG>
V6155020;V615502002;HINnJ;1;"2008-08-31 00:00:00";"2008-08-31 23:59:59";16;2287;20;10;0;<FLG>
V6155020;V615502002;HINnJ;1;"2008-09-01 00:00:00";"2008-09-01 12:00:00";16;2250;20;10;0;<FLG>
V6155020;V615502002;HINnJ;1;"2008-09-02 00:00:00";"2008-09-02 00:00:00";16;2273;20;10;0;<FLG>
V6155020;V615502002;HINnJ;1;"2008-09-03 00:00:00";"2008-09-03 00:00:00";16;2319;20;10;0;<FLG>
V6155020;V615502002;HINnJ;1;"2008-09-04 00:00:00";"2008-09-04 00:00:00";16;2365;20;10;0;<FLG>
V6155020;V615502002;HINnJ;1;"2008-09-05 00:00:00";"2008-09-05 00:00:00";16;2411;20;10;0;<FLG>
V6155020;V615502002;HINnJ;1;"2008-09-06 00:00:00";"2008-09-06 23:59:59";16;2443;20;10;0;<FLG>
V6155020;V615502002;HINnJ;1;"2008-09-07 00:00:00";"2008-09-07 23:59:59";16;2370;20;10;0;<FLG>
V6155020;V615502002;HINnJ;1;"2008-09-08 00:00:00";"2008-09-08 23:59:59";16;2297;20;10;0;<FLG>
V6155020;V615502002;HINnJ;1;"2008-09-09 00:00:00";"2008-09-09 12:00:00";16;2260;20;10;0;<FLG>
V6155020;V615502002;HINnJ;1;"2008-09-10 00:00:00";"2008-09-10 00:00:00";16;2700;20;10;0;<FLG>
V6155020;V615502002;HINnJ;1;"2008-09-11 00:00:00";"2008-09-11 00:00:00";16;3580;20;10;0;<FLG>
V6155020;V615502002;HINnJ;1;"2008-09-12 00:00:00";"2008-09-12 00:00:00";16;4460;20;10;0;<FLG>
V6155020;V615502002;HINnJ;1;"2008-09-13 00:00:00";"2008-09-13 00:00:00";16;5350;20;10;0;<FLG>
V6155020;V615502002;HINnJ;1;"2008-09-14 00:00:00";"2008-09-14 23:59:59";16;4750;20;10;0;<FLG>
V6155020;V615502002;HINnJ;1;"2008-09-15 00:00:00";"2008-09-15 23:59:59";16;4167;20;10;0;<FLG>
V6155020;V615502002;HINnJ;1;"2008-09-16 00:00:00";"2008-09-16 23:59:59";16;3700;20;10;0;<FLG>
V6155020;V615502002;HINnJ;1;"2008-09-17 00:00:00";"2008-09-17 23:59:59";16;3233;20;10;0;<FLG>
V6155020;V615502002;HINnJ;1;"2008-09-18 00:00:00";"2008-09-18 12:00:00";16;3000;20;10;0;<FLG>
V6155020;V615502002;HINnJ;1;"2008-09-19 00:00:00";"2008-09-19 00:00:00";16;3700;20;10;0;<FLG>
V6155020;V615502002;HINnJ;1;"2008-09-20 00:00:00";"2008-09-20 23:59:59";16;3465;20;10;0;<FLG>
V6155020;V615502002;HINnJ;1;"2008-09-21 00:00:00";"2008-09-21 23:59:59";16;3195;20;10;0;<FLG>
V6155020;V615502002;HINnJ;1;"2008-09-22 00:00:00";"2008-09-22 23:59:59";16;2925;20;10;0;<FLG>
V6155020;V615502002;HINnJ;1;"2008-09-23 00:00:00";"2008-09-23 23:59:59";16;2655;20;10;0;<FLG>
V6155020;V615502002;HINnJ;1;"2008-09-24 00:00:00";"2008-09-24 23:59:59";16;2385;20;10;0;<FLG>
V6155020;V615502002;HINnJ;1;"2008-09-25 00:00:00";"2008-09-25 23:59:59";16;2188;20;10;0;<FLG>
V6155020;V615502002;HINnJ;1;"2008-09-26 00:00:00";"2008-09-26 23:59:59";16;2062;20;10;0;<FLG>
V6155020;V615502002;HINnJ;1;"2008-09-27 00:00:00";"2008-09-27 23:59:59";16;1975;20;10;0;<FLG>
V6155020;V615502002;HINnJ;1;"2008-09-28 00:00:00";"2008-09-28 23:59:59";16;1925;20;10;0;<FLG>
V6155020;V615502002;HINnJ;1;"2008-09-29 00:00:00";"2008-09-29 23:59:59";16;1850;20;10;0;<FLG>
V6155020;V615502002;HINnJ;1;"2008-09-30 00:00:00";"2008-09-30 23:59:59";16;1753;20;10;0;<FLG>
V6155020;V615502002;HINnJ;1;"2008-10-01 00:00:00";"2008-10-01 23:59:59";16;1660;20;10;0;<FLG>
V6155020;V615502002;HINnJ;1;"2008-10-02 00:00:00";"2008-10-02 23:59:59";16;1567;20;10;0;<FLG>
V6155020;V615502002;HINnJ;1;"2008-10-03 00:00:00";"2008-10-03 23:59:59";16;1496;20;10;0;<FLG>
V6155020;V615502002;HINnJ;1;"2008-10-04 00:00:00";"2008-10-04 23:59:59";16;1449;20;10;0;<FLG>
V6155020;V615502002;HINnJ;1;"2008-10-05 00:00:00";"2008-10-05 23:59:59";16;1401;20;10;0;<FLG>
V6155020;V615502002;HINnJ;1;"2008-10-06 00:00:00";"2008-10-06 23:59:59";16;1354;20;10;0;<FLG>
V6155020;V615502002;HINnJ;1;"2008-10-07 00:00:00";"2008-10-07 12:00:00";16;1330;20;10;0;<FLG>
V6155020;V615502002;HINnJ;1;"2008-10-08 00:00:00";"2008-10-08 00:00:00";16;1522;20;10;0;<FLG>
V6155020;V615502002;HINnJ;1;"2008-10-09 00:00:00";"2008-10-09 00:00:00";16;1908;20;10;0;<FLG>
V6155020;V615502002;HINnJ;1;"2008-10-10 00:00:00";"2008-10-10 00:00:00";16;2300;20;10;0;<FLG>
V6155020;V615502002;HINnJ;1;"2008-10-11 00:00:00";"2008-10-11 23:59:59";16;2331;20;10;0;<FLG>
V6155020;V615502002;HINnJ;1;"2008-10-12 00:00:00";"2008-10-12 23:59:59";16;2219;20;10;0;<FLG>
V6155020;V615502002;HINnJ;1;"2008-10-13 00:00:00";"2008-10-13 23:59:59";16;2106;20;10;0;<FLG>
V6155020;V615502002;HINnJ;1;"2008-10-14 00:00:00";"2008-10-14 23:59:59";16;1962;20;10;0;<FLG>
V6155020;V615502002;HINnJ;1;"2008-10-15 00:00:00";"2008-10-15 23:59:59";16;1788;20;10;0;<FLG>
V6155020;V615502002;HINnJ;1;"2008-10-16 00:00:00";"2008-10-16 23:59:59";16;1662;20;10;0;<FLG>
V6155020;V615502002;HINnJ;1;"2008-10-17 00:00:00";"2008-10-17 23:59:59";16;1588;20;10;0;<FLG>
V6155020;V615502002;HINnJ;1;"2008-10-18 00:00:00";"2008-10-18 23:59:59";16;1512;20;10;0;<FLG>
V6155020;V615502002;HINnJ;1;"2008-10-19 00:00:00";"2008-10-19 23:59:59";16;1438;20;10;0;<FLG>
V6155020;V615502002;HINnJ;1;"2008-10-20 00:00:00";"2008-10-20 23:59:59";16;1360;20;10;0;<FLG>
V6155020;V615502002;HINnJ;1;"2008-10-21 00:00:00";"2008-10-21 12:00:00";16;1320;20;10;0;<FLG>
V6155020;V615502002;HINnJ;1;"2008-10-22 00:00:00";"2008-10-22 00:00:00";16;1578;20;10;0;<FLG>
V6155020;V615502002;HINnJ;1;"2008-10-23 00:00:00";"2008-10-23 00:00:00";16;2092;20;10;0;<FLG>
V6155020;V615502002;HINnJ;1;"2008-10-24 00:00:00";"2008-10-24 00:00:00";16;2775;20;10;0;<FLG>
V6155020;V615502002;HINnJ;1;"2008-10-25 00:00:00";"2008-10-25 23:59:59";16;2975;20;10;0;<FLG>
V6155020;V615502002;HINnJ;1;"2008-10-26 00:00:00";"2008-10-26 12:00:00";16;2900;20;10;0;<FLG>
V6155020;V615502002;HINnJ;1;"2008-10-27 00:00:00";"2008-10-27 00:00:00";16;3188;20;10;0;<FLG>
V6155020;V615502002;HINnJ;1;"2008-10-28 00:00:00";"2008-10-28 00:00:00";16;3762;20;10;0;<FLG>
V6155020;V615502002;HINnJ;1;"2008-10-29 00:00:00";"2008-10-29 00:00:00";16;4338;20;10;0;<FLG>
V6155020;V615502002;HINnJ;1;"2008-10-30 00:00:00";"2008-10-30 00:00:00";16;4912;20;10;0;<FLG>
V6155020;V615502002;HINnJ;1;"2008-10-31 00:00:00";"2008-10-31 00:00:00";16;6910;20;10;0;<FLG>
V6155020;V615502002;HINnJ;1;"2008-11-01 00:00:00";"2008-11-01 00:00:00";16;9935;20;10;0;<FLG>
V6155020;V615502002;HINnJ;1;"2008-11-02 00:00:00";"2008-11-02 00:00:00";16;12825;20;10;0;<FLG>
V6155020;V615502002;HINnJ;1;"2008-11-03 00:00:00";"2008-11-03 00:00:00";16;15775;20;10;0;<FLG>
V6155020;V615502002;HINnJ;1;"2008-11-04 00:00:00";"2008-11-04 00:00:00";16;19700;20;10;0;<FLG>
V6155020;V615502002;HINnJ;1;"2008-11-05 00:00:00";"2008-11-05 00:00:00";16;22475;20;10;0;<FLG>
V6155020;V615502002;HINnJ;1;"2008-11-06 00:00:00";"2008-11-06 00:00:00";16;22880;20;10;0;<FLG>
V6155020;V615502002;HINnJ;1;"2008-11-07 00:00:00";"2008-11-07 00:00:00";16;23080;20;10;0;<FLG>
V6155020;V615502002;HINnJ;1;"2008-11-08 00:00:00";"2008-11-08 23:59:59";16;23040;20;10;0;<FLG>
V6155020;V615502002;HINnJ;1;"2008-11-09 00:00:00";"2008-11-09 23:59:59";16;22965;20;10;0;<FLG>
V6155020;V615502002;HINnJ;1;"2008-11-10 00:00:00";"2008-11-10 23:59:59";16;22845;20;10;0;<FLG>
V6155020;V615502002;HINnJ;1;"2008-11-11 00:00:00";"2008-11-11 23:59:59";16;22705;20;10;0;<FLG>
V6155020;V615502002;HINnJ;1;"2008-11-12 00:00:00";"2008-11-12 23:59:59";16;22595;20;10;0;<FLG>
V6155020;V615502002;HINnJ;1;"2008-11-13 00:00:00";"2008-11-13 23:59:59";16;22498;20;10;0;<FLG>
V6155020;V615502002;HINnJ;1;"2008-11-14 00:00:00";"2008-11-14 23:59:59";16;22412;20;10;0;<FLG>
V6155020;V615502002;HINnJ;1;"2008-11-15 00:00:00";"2008-11-15 23:59:59";16;22328;20;10;0;<FLG>
V6155020;V615502002;HINnJ;1;"2008-11-16 00:00:00";"2008-11-16 23:59:59";16;22242;20;10;0;<FLG>
V6155020;V615502002;HINnJ;1;"2008-11-17 00:00:00";"2008-11-17 23:59:59";16;22155;20;10;0;<FLG>
V6155020;V615502002;HINnJ;1;"2008-11-18 00:00:00";"2008-11-18 23:59:59";16;22065;20;10;0;<FLG>
V6155020;V615502002;HINnJ;1;"2008-11-19 00:00:00";"2008-11-19 23:59:59";16;21932;20;10;0;<FLG>
V6155020;V615502002;HINnJ;1;"2008-11-20 00:00:00";"2008-11-20 23:59:59";16;21758;20;10;0;<FLG>
V6155020;V615502002;HINnJ;1;"2008-11-21 00:00:00";"2008-11-21 23:59:59";16;21515;20;10;0;<FLG>
V6155020;V615502002;HINnJ;1;"2008-11-22 00:00:00";"2008-11-22 23:59:59";16;21205;20;10;0;<FLG>
V6155020;V615502002;HINnJ;1;"2008-11-23 00:00:00";"2008-11-23 23:59:59";16;20720;20;10;0;<FLG>
V6155020;V615502002;HINnJ;1;"2008-11-24 00:00:00";"2008-11-24 23:59:59";16;19967;20;10;0;<FLG>
V6155020;V615502002;HINnJ;1;"2008-11-25 00:00:00";"2008-11-25 23:59:59";16;19120;20;10;0;<FLG>
V6155020;V615502002;HINnJ;1;"2008-11-26 00:00:00";"2008-11-26 23:59:59";16;18273;20;10;0;<FLG>
V6155020;V615502002;HINnJ;1;"2008-11-27 00:00:00";"2008-11-27 12:00:00";16;17850;20;10;0;<FLG>
V6155020;V615502002;HINnJ;1;"2008-11-28 00:00:00";"2008-11-28 00:00:00";16;18317;20;10;0;<FLG>
V6155020;V615502002;HINnJ;1;"2008-11-29 00:00:00";"2008-11-29 00:00:00";16;19250;20;10;0;<FLG>
V6155020;V615502002;HINnJ;1;"2008-11-30 00:00:00";"2008-11-30 00:00:00";16;20183;20;10;0;<FLG>
V6155020;V615502002;HINnJ;1;"2008-12-01 00:00:00";"2008-12-01 00:00:00";16;21360;20;10;0;<FLG>
V6155020;V615502002;HINnJ;1;"2008-12-02 00:00:00";"2008-12-02 12:00:00";16;22070;20;10;0;<FLG>
V6155020;V615502002;HINnJ;1;"2008-12-03 00:00:00";"2008-12-03 00:00:00";16;22075;20;10;0;<FLG>
V6155020;V615502002;HINnJ;1;"2008-12-04 00:00:00";"2008-12-04 00:00:00";16;22085;20;10;0;<FLG>
V6155020;V615502002;HINnJ;1;"2008-12-05 00:00:00";"2008-12-05 00:00:00";16;22095;20;10;0;<FLG>
V6155020;V615502002;HINnJ;1;"2008-12-06 00:00:00";"2008-12-06 00:00:00";16;22250;20;10;0;<FLG>
V6155020;V615502002;HINnJ;1;"2008-12-07 00:00:00";"2008-12-07 00:00:00";16;22400;20;10;0;<FLG>
V6155020;V615502002;HINnJ;1;"2008-12-08 00:00:00";"2008-12-08 23:59:59";16;22388;20;10;0;<FLG>
V6155020;V615502002;HINnJ;1;"2008-12-09 00:00:00";"2008-12-09 23:59:59";16;22362;20;10;0;<FLG>
V6155020;V615502002;HINnJ;1;"2008-12-10 00:00:00";"2008-12-10 12:00:00";16;22350;20;10;0;<FLG>
V6155020;V615502002;HINnJ;1;"2008-12-11 00:00:00";"2008-12-11 00:00:00";16;22380;20;10;0;<FLG>
V6155020;V615502002;HINnJ;1;"2008-12-12 00:00:00";"2008-12-12 00:00:00";16;22515;20;10;0;<FLG>
V6155020;V615502002;HINnJ;1;"2008-12-13 00:00:00";"2008-12-13 00:00:00";16;22725;20;10;0;<FLG>
V6155020;V615502002;HINnJ;1;"2008-12-14 00:00:00";"2008-12-14 00:00:00";16;22935;20;10;0;<FLG>
V6155020;V615502002;HINnJ;1;"2008-12-15 00:00:00";"2008-12-15 00:00:00";16;23145;20;10;0;<FLG>
V6155020;V615502002;HINnJ;1;"2008-12-16 00:00:00";"2008-12-16 00:00:00";16;23300;20;10;0;<FLG>
V6155020;V615502002;HINnJ;1;"2008-12-17 00:00:00";"2008-12-17 23:59:59";16;23300;20;10;0;<FLG>
V6155020;V615502002;HINnJ;1;"2008-12-18 00:00:00";"2008-12-18 23:59:59";16;23252;20;10;0;<FLG>
V6155020;V615502002;HINnJ;1;"2008-12-19 00:00:00";"2008-12-19 23:59:59";16;23195;20;10;0;<FLG>
V6155020;V615502002;HINnJ;1;"2008-12-20 00:00:00";"2008-12-20 23:59:59";16;23138;20;10;0;<FLG>
V6155020;V615502002;HINnJ;1;"2008-12-21 00:00:00";"2008-12-21 23:59:59";16;23082;20;10;0;<FLG>
V6155020;V615502002;HINnJ;1;"2008-12-22 00:00:00";"2008-12-22 23:59:59";16;23025;20;10;0;<FLG>
V6155020;V615502002;HINnJ;1;"2008-12-23 00:00:00";"2008-12-23 23:59:59";16;22968;20;10;0;<FLG>
V6155020;V615502002;HINnJ;1;"2008-12-24 00:00:00";"2008-12-24 23:59:59";16;22915;20;10;0;<FLG>
V6155020;V615502002;HINnJ;1;"2008-12-25 00:00:00";"2008-12-25 23:59:59";16;22865;20;10;0;<FLG>
V6155020;V615502002;HINnJ;1;"2008-12-26 00:00:00";"2008-12-26 23:59:59";16;22815;20;10;0;<FLG>
V6155020;V615502002;HINnJ;1;"2008-12-27 00:00:00";"2008-12-27 23:59:59";16;22756;20;10;0;<FLG>
V6155020;V615502002;HINnJ;1;"2008-12-28 00:00:00";"2008-12-28 23:59:59";16;22689;20;10;0;<FLG>
V6155020;V615502002;HINnJ;1;"2008-12-29 00:00:00";"2008-12-29 23:59:59";16;22621;20;10;0;<FLG>
V6155020;V615502002;HINnJ;1;"2008-12-30 00:00:00";"2008-12-30 23:59:59";16;22554;20;10;0;<FLG>
V6155020;V615502002;HINnJ;1;"2008-12-31 00:00:00";"2008-12-31 12:00:00";16;22520;20;10;0;<FLG>
V6155020;V615502002;HINnJ;1;"2009-01-01 00:00:00";"2009-01-01 00:00:00";16;22535;20;10;0;<FLG>
V6155020;V615502002;HINnJ;1;"2009-01-02 00:00:00";"2009-01-02 00:00:00";16;22565;20;10;0;<FLG>
V6155020;V615502002;HINnJ;1;"2009-01-03 00:00:00";"2009-01-03 23:59:59";16;22546;20;10;0;<FLG>
V6155020;V615502002;HINnJ;1;"2009-01-04 00:00:00";"2009-01-04 23:59:59";16;22499;20;10;0;<FLG>
V6155020;V615502002;HINnJ;1;"2009-01-05 00:00:00";"2009-01-05 23:59:59";16;22451;20;10;0;<FLG>
V6155020;V615502002;HINnJ;1;"2009-01-06 00:00:00";"2009-01-06 23:59:59";16;22404;20;10;0;<FLG>
V6155020;V615502002;HINnJ;1;"2009-01-07 00:00:00";"2009-01-07 23:59:59";16;22348;20;10;0;<FLG>
V6155020;V615502002;HINnJ;1;"2009-01-08 00:00:00";"2009-01-08 23:59:59";16;22285;20;10;0;<FLG>
V6155020;V615502002;HINnJ;1;"2009-01-09 00:00:00";"2009-01-09 23:59:59";16;22222;20;10;0;<FLG>
V6155020;V615502002;HINnJ;1;"2009-01-10 00:00:00";"2009-01-10 23:59:59";16;22165;20;10;0;<FLG>
V6155020;V615502002;HINnJ;1;"2009-01-11 00:00:00";"2009-01-11 23:59:59";16;22115;20;10;0;<FLG>
V6155020;V615502002;HINnJ;1;"2009-01-12 00:00:00";"2009-01-12 23:59:59";16;22065;20;10;0;<FLG>
V6155020;V615502002;HINnJ;1;"2009-01-13 00:00:00";"2009-01-13 23:59:59";16;22015;20;10;0;<FLG>
V6155020;V615502002;HINnJ;1;"2009-01-14 00:00:00";"2009-01-14 23:59:59";16;21955;20;10;0;<FLG>
V6155020;V615502002;HINnJ;1;"2009-01-15 00:00:00";"2009-01-15 23:59:59";16;21885;20;10;0;<FLG>
V6155020;V615502002;HINnJ;1;"2009-01-16 00:00:00";"2009-01-16 23:59:59";16;21815;20;10;0;<FLG>
V6155020;V615502002;HINnJ;1;"2009-01-17 00:00:00";"2009-01-17 23:59:59";16;21755;20;10;0;<FLG>
V6155020;V615502002;HINnJ;1;"2009-01-18 00:00:00";"2009-01-18 23:59:59";16;21705;20;10;0;<FLG>
V6155020;V615502002;HINnJ;1;"2009-01-19 00:00:00";"2009-01-19 23:59:59";16;21592;20;10;0;<FLG>
V6155020;V615502002;HINnJ;1;"2009-01-20 00:00:00";"2009-01-20 23:59:59";16;21415;20;10;0;<FLG>
V6155020;V615502002;HINnJ;1;"2009-01-21 00:00:00";"2009-01-21 23:59:59";16;21238;20;10;0;<FLG>
V6155020;V615502002;HINnJ;1;"2009-01-22 00:00:00";"2009-01-22 12:00:00";16;21150;20;10;0;<FLG>
V6155020;V615502002;HINnJ;1;"2009-01-23 00:00:00";"2009-01-23 00:00:00";16;21488;20;10;0;<FLG>
V6155020;V615502002;HINnJ;1;"2009-01-24 00:00:00";"2009-01-24 00:00:00";16;22162;20;10;0;<FLG>
V6155020;V615502002;HINnJ;1;"2009-01-25 00:00:00";"2009-01-25 00:00:00";16;22533;20;10;0;<FLG>
V6155020;V615502002;HINnJ;1;"2009-01-26 00:00:00";"2009-01-26 00:00:00";16;22600;20;10;0;<FLG>
V6155020;V615502002;HINnJ;1;"2009-01-27 00:00:00";"2009-01-27 00:00:00";16;22667;20;10;0;<FLG>
V6155020;V615502002;HINnJ;1;"2009-01-28 00:00:00";"2009-01-28 23:59:59";16;22610;20;10;0;<FLG>
V6155020;V615502002;HINnJ;1;"2009-01-29 00:00:00";"2009-01-29 23:59:59";16;22542;20;10;0;<FLG>
V6155020;V615502002;HINnJ;1;"2009-01-30 00:00:00";"2009-01-30 23:59:59";16;22468;20;10;0;<FLG>
V6155020;V615502002;HINnJ;1;"2009-01-31 00:00:00";"2009-01-31 23:59:59";16;22405;20;10;0;<FLG>
V6155020;V615502002;HINnJ;1;"2009-02-01 00:00:00";"2009-02-01 23:59:59";16;22355;20;10;0;<FLG>
V6155020;V615502002;HINnJ;1;"2009-02-02 00:00:00";"2009-02-02 12:00:00";16;22330;20;10;0;<FLG>
V6155020;V615502002;HINnJ;1;"2009-02-03 00:00:00";"2009-02-03 00:00:00";16;22408;20;10;0;<FLG>
V6155020;V615502002;HINnJ;1;"2009-02-04 00:00:00";"2009-02-04 00:00:00";16;22565;20;10;0;<FLG>
V6155020;V615502002;HINnJ;1;"2009-02-05 00:00:00";"2009-02-05 00:00:00";16;22722;20;10;0;<FLG>
V6155020;V615502002;HINnJ;1;"2009-02-06 00:00:00";"2009-02-06 00:00:00";16;22905;20;10;0;<FLG>
V6155020;V615502002;HINnJ;1;"2009-02-07 00:00:00";"2009-02-07 00:00:00";16;23115;20;10;0;<FLG>
V6155020;V615502002;HINnJ;1;"2009-02-08 00:00:00";"2009-02-08 00:00:00";16;23245;20;10;0;<FLG>
V6155020;V615502002;HINnJ;1;"2009-02-09 00:00:00";"2009-02-09 23:59:59";16;23260;20;10;0;<FLG>
V6155020;V615502002;HINnJ;1;"2009-02-10 00:00:00";"2009-02-10 23:59:59";16;23253;20;10;0;<FLG>
V6155020;V615502002;HINnJ;1;"2009-02-11 00:00:00";"2009-02-11 23:59:59";16;23222;20;10;0;<FLG>
V6155020;V615502002;HINnJ;1;"2009-02-12 00:00:00";"2009-02-12 23:59:59";16;23165;20;10;0;<FLG>
V6155020;V615502002;HINnJ;1;"2009-02-13 00:00:00";"2009-02-13 23:59:59";16;23108;20;10;0;<FLG>
V6155020;V615502002;HINnJ;1;"2009-02-14 00:00:00";"2009-02-14 23:59:59";16;23035;20;10;0;<FLG>
V6155020;V615502002;HINnJ;1;"2009-02-15 00:00:00";"2009-02-15 23:59:59";16;22945;20;10;0;<FLG>
V6155020;V615502002;HINnJ;1;"2009-02-16 00:00:00";"2009-02-16 23:59:59";16;22855;20;10;0;<FLG>
V6155020;V615502002;HINnJ;1;"2009-02-17 00:00:00";"2009-02-17 23:59:59";16;22765;20;10;0;<FLG>
V6155020;V615502002;HINnJ;1;"2009-02-18 00:00:00";"2009-02-18 23:59:59";16;22685;20;10;0;<FLG>
V6155020;V615502002;HINnJ;1;"2009-02-19 00:00:00";"2009-02-19 23:59:59";16;22615;20;10;0;<FLG>
V6155020;V615502002;HINnJ;1;"2009-02-20 00:00:00";"2009-02-20 23:59:59";16;22545;20;10;0;<FLG>
V6155020;V615502002;HINnJ;1;"2009-02-21 00:00:00";"2009-02-21 23:59:59";16;22475;20;10;0;<FLG>
V6155020;V615502002;HINnJ;1;"2009-02-22 00:00:00";"2009-02-22 23:59:59";16;22419;20;10;0;<FLG>
V6155020;V615502002;HINnJ;1;"2009-02-23 00:00:00";"2009-02-23 23:59:59";16;22376;20;10;0;<FLG>
V6155020;V615502002;HINnJ;1;"2009-02-24 00:00:00";"2009-02-24 23:59:59";16;22334;20;10;0;<FLG>
V6155020;V615502002;HINnJ;1;"2009-02-25 00:00:00";"2009-02-25 23:59:59";16;22291;20;10;0;<FLG>
V6155020;V615502002;HINnJ;1;"2009-02-26 00:00:00";"2009-02-26 12:00:00";16;22270;20;10;0;<FLG>
V6155020;V615502002;HINnJ;1;"2009-02-27 00:00:00";"2009-02-27 00:00:00";16;22272;20;10;0;<FLG>
V6155020;V615502002;HINnJ;1;"2009-02-28 00:00:00";"2009-02-28 00:00:00";16;22278;20;10;0;<FLG>
V6155020;V615502002;HINnJ;1;"2009-03-01 00:00:00";"2009-03-01 00:00:00";16;22282;20;10;0;<FLG>
V6155020;V615502002;HINnJ;1;"2009-03-02 00:00:00";"2009-03-02 00:00:00";16;22288;20;10;0;<FLG>
V6155020;V615502002;HINnJ;1;"2009-03-03 00:00:00";"2009-03-03 00:00:00";16;22292;20;10;0;<FLG>
V6155020;V615502002;HINnJ;1;"2009-03-04 00:00:00";"2009-03-04 23:59:59";16;22295;20;10;0;<FLG>
V6155020;V615502002;HINnJ;1;"2009-03-05 00:00:00";"2009-03-05 23:59:59";16;22268;20;10;0;<FLG>
V6155020;V615502002;HINnJ;1;"2009-03-06 00:00:00";"2009-03-06 23:59:59";16;22222;20;10;0;<FLG>
V6155020;V615502002;HINnJ;1;"2009-03-07 00:00:00";"2009-03-07 23:59:59";16;22180;20;10;0;<FLG>
V6155020;V615502002;HINnJ;1;"2009-03-08 00:00:00";"2009-03-08 23:59:59";16;22140;20;10;0;<FLG>
V6155020;V615502002;HINnJ;1;"2009-03-09 00:00:00";"2009-03-09 23:59:59";16;22100;20;10;0;<FLG>
V6155020;V615502002;HINnJ;1;"2009-03-10 00:00:00";"2009-03-10 23:59:59";16;22050;20;10;0;<FLG>
V6155020;V615502002;HINnJ;1;"2009-03-11 00:00:00";"2009-03-11 23:59:59";16;22017;20;10;0;<FLG>
V6155020;V615502002;HINnJ;1;"2009-03-12 00:00:00";"2009-03-12 23:59:59";16;22010;20;10;0;<FLG>
V6155020;V615502002;HINnJ;1;"2009-03-13 00:00:00";"2009-03-13 23:59:59";16;22003;20;10;0;<FLG>
V6155020;V615502002;HINnJ;1;"2009-03-14 00:00:00";"2009-03-14 12:00:00";16;22000;20;10;0;<FLG>
V6155020;V615502002;HINnJ;1;"2009-03-15 00:00:00";"2009-03-15 00:00:00";16;22027;20;10;0;<FLG>
V6155020;V615502002;HINnJ;1;"2009-03-16 00:00:00";"2009-03-16 00:00:00";16;22080;20;10;0;<FLG>
V6155020;V615502002;HINnJ;1;"2009-03-17 00:00:00";"2009-03-17 00:00:00";16;22133;20;10;0;<FLG>
V6155020;V615502002;HINnJ;1;"2009-03-18 00:00:00";"2009-03-18 23:59:59";16;22155;20;10;0;<FLG>
V6155020;V615502002;HINnJ;1;"2009-03-19 00:00:00";"2009-03-19 23:59:59";16;22152;20;10;0;<FLG>
V6155020;V615502002;HINnJ;1;"2009-03-20 00:00:00";"2009-03-20 23:59:59";16;22118;20;10;0;<FLG>
V6155020;V615502002;HINnJ;1;"2009-03-21 00:00:00";"2009-03-21 23:59:59";16;22055;20;10;0;<FLG>
V6155020;V615502002;HINnJ;1;"2009-03-22 00:00:00";"2009-03-22 23:59:59";16;21992;20;10;0;<FLG>
V6155020;V615502002;HINnJ;1;"2009-03-23 00:00:00";"2009-03-23 23:59:59";16;21924;20;10;0;<FLG>
V6155020;V615502002;HINnJ;1;"2009-03-24 00:00:00";"2009-03-24 23:59:59";16;21852;20;10;0;<FLG>
V6155020;V615502002;HINnJ;1;"2009-03-25 00:00:00";"2009-03-25 23:59:59";16;21780;20;10;0;<FLG>
V6155020;V615502002;HINnJ;1;"2009-03-26 00:00:00";"2009-03-26 23:59:59";16;21708;20;10;0;<FLG>
V6155020;V615502002;HINnJ;1;"2009-03-27 00:00:00";"2009-03-27 23:59:59";16;21636;20;10;0;<FLG>
V6155020;V615502002;HINnJ;1;"2009-03-28 00:00:00";"2009-03-28 12:00:00";16;21600;20;10;0;<FLG>
V6155020;V615502002;HINnJ;1;"2009-03-29 00:00:00";"2009-03-29 00:00:00";16;21615;20;10;0;<FLG>
V6155020;V615502002;HINnJ;1;"2009-03-30 00:00:00";"2009-03-30 00:00:00";16;21655;20;10;0;<FLG>
V6155020;V615502002;HINnJ;1;"2009-03-31 00:00:00";"2009-03-31 23:59:59";16;21625;20;10;0;<FLG>
V6155020;V615502002;HINnJ;1;"2009-04-01 00:00:00";"2009-04-01 12:00:00";16;21620;20;10;0;<FLG>
V6155020;V615502002;HINnJ;1;"2009-04-02 00:00:00";"2009-04-02 00:00:00";16;21645;20;10;0;<FLG>
V6155020;V615502002;HINnJ;1;"2009-04-03 00:00:00";"2009-04-03 00:00:00";16;21785;20;10;0;<FLG>
V6155020;V615502002;HINnJ;1;"2009-04-04 00:00:00";"2009-04-04 00:00:00";16;21980;20;10;0;<FLG>
V6155020;V615502002;HINnJ;1;"2009-04-05 00:00:00";"2009-04-05 00:00:00";16;22085;20;10;0;<FLG>
V6155020;V615502002;HINnJ;1;"2009-04-06 00:00:00";"2009-04-06 00:00:00";16;22128;20;10;0;<FLG>
V6155020;V615502002;HINnJ;1;"2009-04-07 00:00:00";"2009-04-07 23:59:59";16;22162;20;10;0;<FLG>
V6155020;V615502002;HINnJ;1;"2009-04-08 00:00:00";"2009-04-08 23:59:59";16;22125;20;10;0;<FLG>
V6155020;V615502002;HINnJ;1;"2009-04-09 00:00:00";"2009-04-09 23:59:59";16;22088;20;10;0;<FLG>
V6155020;V615502002;HINnJ;1;"2009-04-10 00:00:00";"2009-04-10 23:59:59";16;22055;20;10;0;<FLG>
V6155020;V615502002;HINnJ;1;"2009-04-11 00:00:00";"2009-04-11 23:59:59";16;22025;20;10;0;<FLG>
V6155020;V615502002;HINnJ;1;"2009-04-12 00:00:00";"2009-04-12 23:59:59";16;21995;20;10;0;<FLG>
V6155020;V615502002;HINnJ;1;"2009-04-13 00:00:00";"2009-04-13 23:59:59";16;21952;20;10;0;<FLG>
V6155020;V615502002;HINnJ;1;"2009-04-14 00:00:00";"2009-04-14 23:59:59";16;21898;20;10;0;<FLG>
V6155020;V615502002;HINnJ;1;"2009-04-15 00:00:00";"2009-04-15 23:59:59";16;21850;20;10;0;<FLG>
V6155020;V615502002;HINnJ;1;"2009-04-16 00:00:00";"2009-04-16 12:00:00";16;21830;20;10;0;<FLG>
V6155020;V615502002;HINnJ;1;"2009-04-17 00:00:00";"2009-04-17 00:00:00";16;22050;20;10;0;<FLG>
V6155020;V615502002;HINnJ;1;"2009-04-18 00:00:00";"2009-04-18 00:00:00";16;22385;20;10;0;<FLG>
V6155020;V615502002;HINnJ;1;"2009-04-19 00:00:00";"2009-04-19 00:00:00";16;22525;20;10;0;<FLG>
V6155020;V615502002;HINnJ;1;"2009-04-20 00:00:00";"2009-04-20 00:00:00";16;22560;20;10;0;<FLG>
V6155020;V615502002;HINnJ;1;"2009-04-21 00:00:00";"2009-04-21 00:00:00";16;22583;20;10;0;<FLG>
V6155020;V615502002;HINnJ;1;"2009-04-22 00:00:00";"2009-04-22 00:00:00";16;22610;20;10;0;<FLG>
V6155020;V615502002;HINnJ;1;"2009-04-23 00:00:00";"2009-04-23 00:00:00";16;22637;20;10;0;<FLG>
V6155020;V615502002;HINnJ;1;"2009-04-24 00:00:00";"2009-04-24 00:00:00";16;22659;20;10;0;<FLG>
V6155020;V615502002;HINnJ;1;"2009-04-25 00:00:00";"2009-04-25 00:00:00";16;22676;20;10;0;<FLG>
V6155020;V615502002;HINnJ;1;"2009-04-26 00:00:00";"2009-04-26 00:00:00";16;22694;20;10;0;<FLG>
V6155020;V615502002;HINnJ;1;"2009-04-27 00:00:00";"2009-04-27 00:00:00";16;22711;20;10;0;<FLG>
V6155020;V615502002;HINnJ;1;"2009-04-28 00:00:00";"2009-04-28 00:00:00";16;22798;20;10;0;<FLG>
V6155020;V615502002;HINnJ;1;"2009-04-29 00:00:00";"2009-04-29 00:00:00";16;22952;20;10;0;<FLG>
V6155020;V615502002;HINnJ;1;"2009-04-30 00:00:00";"2009-04-30 23:59:59";16;22998;20;10;0;<FLG>
V6155020;V615502002;HINnJ;1;"2009-05-01 00:00:00";"2009-05-01 23:59:59";16;22952;20;10;0;<FLG>
V6155020;V615502002;HINnJ;1;"2009-05-02 00:00:00";"2009-05-02 23:59:59";16;22892;20;10;0;<FLG>
V6155020;V615502002;HINnJ;1;"2009-05-03 00:00:00";"2009-05-03 23:59:59";16;22815;20;10;0;<FLG>
V6155020;V615502002;HINnJ;1;"2009-05-04 00:00:00";"2009-05-04 23:59:59";16;22738;20;10;0;<FLG>
V6155020;V615502002;HINnJ;1;"2009-05-05 00:00:00";"2009-05-05 23:59:59";16;22658;20;10;0;<FLG>
V6155020;V615502002;HINnJ;1;"2009-05-06 00:00:00";"2009-05-06 23:59:59";16;22575;20;10;0;<FLG>
V6155020;V615502002;HINnJ;1;"2009-05-07 00:00:00";"2009-05-07 23:59:59";16;22492;20;10;0;<FLG>
V6155020;V615502002;HINnJ;1;"2009-05-08 00:00:00";"2009-05-08 23:59:59";16;22412;20;10;0;<FLG>
V6155020;V615502002;HINnJ;1;"2009-05-09 00:00:00";"2009-05-09 23:59:59";16;22338;20;10;0;<FLG>
V6155020;V615502002;HINnJ;1;"2009-05-10 00:00:00";"2009-05-10 23:59:59";16;22270;20;10;0;<FLG>
V6155020;V615502002;HINnJ;1;"2009-05-11 00:00:00";"2009-05-11 23:59:59";16;22205;20;10;0;<FLG>
V6155020;V615502002;HINnJ;1;"2009-05-12 00:00:00";"2009-05-12 23:59:59";16;22135;20;10;0;<FLG>
V6155020;V615502002;HINnJ;1;"2009-05-13 00:00:00";"2009-05-13 23:59:59";16;22075;20;10;0;<FLG>
V6155020;V615502002;HINnJ;1;"2009-05-14 00:00:00";"2009-05-14 23:59:59";16;22025;20;10;0;<FLG>
V6155020;V615502002;HINnJ;1;"2009-05-15 00:00:00";"2009-05-15 23:59:59";16;21980;20;10;0;<FLG>
V6155020;V615502002;HINnJ;1;"2009-05-16 00:00:00";"2009-05-16 23:59:59";16;21930;20;10;0;<FLG>
V6155020;V615502002;HINnJ;1;"2009-05-17 00:00:00";"2009-05-17 23:59:59";16;21868;20;10;0;<FLG>
V6155020;V615502002;HINnJ;1;"2009-05-18 00:00:00";"2009-05-18 23:59:59";16;21802;20;10;0;<FLG>
V6155020;V615502002;HINnJ;1;"2009-05-19 00:00:00";"2009-05-19 23:59:59";16;21720;20;10;0;<FLG>
V6155020;V615502002;HINnJ;1;"2009-05-20 00:00:00";"2009-05-20 23:59:59";16;21595;20;10;0;<FLG>
V6155020;V615502002;HINnJ;1;"2009-05-21 00:00:00";"2009-05-21 23:59:59";16;21445;20;10;0;<FLG>
V6155020;V615502002;HINnJ;1;"2009-05-22 00:00:00";"2009-05-22 23:59:59";16;21152;20;10;0;<FLG>
V6155020;V615502002;HINnJ;1;"2009-05-23 00:00:00";"2009-05-23 23:59:59";16;20718;20;10;0;<FLG>
V6155020;V615502002;HINnJ;1;"2009-05-24 00:00:00";"2009-05-24 23:59:59";16;20262;20;10;0;<FLG>
V6155020;V615502002;HINnJ;1;"2009-05-25 00:00:00";"2009-05-25 23:59:59";16;19788;20;10;0;<FLG>
V6155020;V615502002;HINnJ;1;"2009-05-26 00:00:00";"2009-05-26 23:59:59";16;19300;20;10;0;<FLG>
V6155020;V615502002;HINnJ;1;"2009-05-27 00:00:00";"2009-05-27 23:59:59";16;18800;20;10;0;<FLG>
V6155020;V615502002;HINnJ;1;"2009-05-28 00:00:00";"2009-05-28 23:59:59";16;18300;20;10;0;<FLG>
V6155020;V615502002;HINnJ;1;"2009-05-29 00:00:00";"2009-05-29 23:59:59";16;17785;20;10;0;<FLG>
V6155020;V615502002;HINnJ;1;"2009-05-30 00:00:00";"2009-05-30 23:59:59";16;17255;20;10;0;<FLG>
V6155020;V615502002;HINnJ;1;"2009-05-31 00:00:00";"2009-05-31 23:59:59";16;16803;20;10;0;<FLG>
V6155020;V615502002;HINnJ;1;"2009-06-01 00:00:00";"2009-06-01 23:59:59";16;16430;20;10;0;<FLG>
V6155020;V615502002;HINnJ;1;"2009-06-02 00:00:00";"2009-06-02 23:59:59";16;16057;20;10;0;<FLG>
V6155020;V615502002;HINnJ;1;"2009-06-03 00:00:00";"2009-06-03 23:59:59";16;15695;20;10;0;<FLG>
V6155020;V615502002;HINnJ;1;"2009-06-04 00:00:00";"2009-06-04 23:59:59";16;15345;20;10;0;<FLG>
V6155020;V615502002;HINnJ;1;"2009-06-05 00:00:00";"2009-06-05 23:59:59";16;14995;20;10;0;<FLG>
V6155020;V615502002;HINnJ;1;"2009-06-06 00:00:00";"2009-06-06 23:59:59";16;14645;20;10;0;<FLG>
V6155020;V615502002;HINnJ;1;"2009-06-07 00:00:00";"2009-06-07 23:59:59";16;14315;20;10;0;<FLG>
V6155020;V615502002;HINnJ;1;"2009-06-08 00:00:00";"2009-06-08 23:59:59";16;14005;20;10;0;<FLG>
V6155020;V615502002;HINnJ;1;"2009-06-09 00:00:00";"2009-06-09 23:59:59";16;13825;20;10;0;<FLG>
V6155020;V615502002;HINnJ;1;"2009-06-10 00:00:00";"2009-06-10 23:59:59";16;13515;20;10;0;<FLG>
V6155020;V615502002;HINnJ;1;"2009-06-11 00:00:00";"2009-06-11 23:59:59";16;12945;20;10;0;<FLG>
V6155020;V615502002;HINnJ;1;"2009-06-12 00:00:00";"2009-06-12 23:59:59";16;12375;20;10;0;<FLG>
V6155020;V615502002;HINnJ;1;"2009-06-13 00:00:00";"2009-06-13 23:59:59";16;11805;20;10;0;<FLG>
V6155020;V615502002;HINnJ;1;"2009-06-14 00:00:00";"2009-06-14 12:00:00";16;11520;20;10;0;<FLG>
V6155020;V615502002;HINnJ;1;"2009-06-15 00:00:00";"2009-06-15 00:00:00";16;11528;20;10;0;<FLG>
V6155020;V615502002;HINnJ;1;"2009-06-16 00:00:00";"2009-06-16 00:00:00";16;11545;20;10;0;<FLG>
V6155020;V615502002;HINnJ;1;"2009-06-17 00:00:00";"2009-06-17 23:59:59";16;11425;20;10;0;<FLG>
V6155020;V615502002;HINnJ;1;"2009-06-18 00:00:00";"2009-06-18 23:59:59";16;11135;20;10;0;<FLG>
V6155020;V615502002;HINnJ;1;"2009-06-19 00:00:00";"2009-06-19 23:59:59";16;10845;20;10;0;<FLG>
V6155020;V615502002;HINnJ;1;"2009-06-20 00:00:00";"2009-06-20 23:59:59";16;10555;20;10;0;<FLG>
V6155020;V615502002;HINnJ;1;"2009-06-21 00:00:00";"2009-06-21 23:59:59";16;10265;20;10;0;<FLG>
V6155020;V615502002;HINnJ;1;"2009-06-22 00:00:00";"2009-06-22 23:59:59";16;9998;20;10;0;<FLG>
V6155020;V615502002;HINnJ;1;"2009-06-23 00:00:00";"2009-06-23 23:59:59";16;9754;20;10;0;<FLG>
V6155020;V615502002;HINnJ;1;"2009-06-24 00:00:00";"2009-06-24 23:59:59";16;9510;20;10;0;<FLG>
V6155020;V615502002;HINnJ;1;"2009-06-25 00:00:00";"2009-06-25 23:59:59";16;9266;20;10;0;<FLG>
V6155020;V615502002;HINnJ;1;"2009-06-26 00:00:00";"2009-06-26 23:59:59";16;9022;20;10;0;<FLG>
V6155020;V615502002;HINnJ;1;"2009-06-27 00:00:00";"2009-06-27 23:59:59";16;8770;20;10;0;<FLG>
V6155020;V615502002;HINnJ;1;"2009-06-28 00:00:00";"2009-06-28 23:59:59";16;8510;20;10;0;<FLG>
V6155020;V615502002;HINnJ;1;"2009-06-29 00:00:00";"2009-06-29 23:59:59";16;8250;20;10;0;<FLG>
V6155020;V615502002;HINnJ;1;"2009-06-30 00:00:00";"2009-06-30 23:59:59";16;8031;20;10;0;<FLG>
V6155020;V615502002;HINnJ;1;"2009-07-01 00:00:00";"2009-07-01 23:59:59";16;7854;20;10;0;<FLG>
V6155020;V615502002;HINnJ;1;"2009-07-02 00:00:00";"2009-07-02 23:59:59";16;7676;20;10;0;<FLG>
V6155020;V615502002;HINnJ;1;"2009-07-03 00:00:00";"2009-07-03 23:59:59";16;7499;20;10;0;<FLG>
V6155020;V615502002;HINnJ;1;"2009-07-04 00:00:00";"2009-07-04 23:59:59";16;7321;20;10;0;<FLG>
V6155020;V615502002;HINnJ;1;"2009-07-05 00:00:00";"2009-07-05 23:59:59";16;7144;20;10;0;<FLG>
V6155020;V615502002;HINnJ;1;"2009-07-06 00:00:00";"2009-07-06 23:59:59";16;6966;20;10;0;<FLG>
V6155020;V615502002;HINnJ;1;"2009-07-07 00:00:00";"2009-07-07 23:59:59";16;6789;20;10;0;<FLG>
V6155020;V615502002;HINnJ;1;"2009-07-08 00:00:00";"2009-07-08 23:59:59";16;6628;20;10;0;<FLG>
V6155020;V615502002;HINnJ;1;"2009-07-09 00:00:00";"2009-07-09 23:59:59";16;6483;20;10;0;<FLG>
V6155020;V615502002;HINnJ;1;"2009-07-10 00:00:00";"2009-07-10 23:59:59";16;6339;20;10;0;<FLG>
V6155020;V615502002;HINnJ;1;"2009-07-11 00:00:00";"2009-07-11 23:59:59";16;6194;20;10;0;<FLG>
V6155020;V615502002;HINnJ;1;"2009-07-12 00:00:00";"2009-07-12 23:59:59";16;6050;20;10;0;<FLG>
V6155020;V615502002;HINnJ;1;"2009-07-13 00:00:00";"2009-07-13 23:59:59";16;5906;20;10;0;<FLG>
V6155020;V615502002;HINnJ;1;"2009-07-14 00:00:00";"2009-07-14 23:59:59";16;5761;20;10;0;<FLG>
V6155020;V615502002;HINnJ;1;"2009-07-15 00:00:00";"2009-07-15 23:59:59";16;5617;20;10;0;<FLG>
V6155020;V615502002;HINnJ;1;"2009-07-16 00:00:00";"2009-07-16 23:59:59";16;5472;20;10;0;<FLG>
V6155020;V615502002;HINnJ;1;"2009-07-17 00:00:00";"2009-07-17 23:59:59";16;5333;20;10;0;<FLG>
V6155020;V615502002;HINnJ;1;"2009-07-18 00:00:00";"2009-07-18 23:59:59";16;5200;20;10;0;<FLG>
V6155020;V615502002;HINnJ;1;"2009-07-19 00:00:00";"2009-07-19 23:59:59";16;5067;20;10;0;<FLG>
V6155020;V615502002;HINnJ;1;"2009-07-20 00:00:00";"2009-07-20 23:59:59";16;4950;20;10;0;<FLG>
V6155020;V615502002;HINnJ;1;"2009-07-21 00:00:00";"2009-07-21 23:59:59";16;4850;20;10;0;<FLG>
V6155020;V615502002;HINnJ;1;"2009-07-22 00:00:00";"2009-07-22 23:59:59";16;4750;20;10;0;<FLG>
V6155020;V615502002;HINnJ;1;"2009-07-23 00:00:00";"2009-07-23 23:59:59";16;4650;20;10;0;<FLG>
V6155020;V615502002;HINnJ;1;"2009-07-24 00:00:00";"2009-07-24 23:59:59";16;4550;20;10;0;<FLG>
V6155020;V615502002;HINnJ;1;"2009-07-25 00:00:00";"2009-07-25 23:59:59";16;4450;20;10;0;<FLG>
V6155020;V615502002;HINnJ;1;"2009-07-26 00:00:00";"2009-07-26 23:59:59";16;4357;20;10;0;<FLG>
V6155020;V615502002;HINnJ;1;"2009-07-27 00:00:00";"2009-07-27 23:59:59";16;4271;20;10;0;<FLG>
V6155020;V615502002;HINnJ;1;"2009-07-28 00:00:00";"2009-07-28 23:59:59";16;4186;20;10;0;<FLG>
V6155020;V615502002;HINnJ;1;"2009-07-29 00:00:00";"2009-07-29 23:59:59";16;4100;20;10;0;<FLG>
V6155020;V615502002;HINnJ;1;"2009-07-30 00:00:00";"2009-07-30 23:59:59";16;4014;20;10;0;<FLG>
V6155020;V615502002;HINnJ;1;"2009-07-31 00:00:00";"2009-07-31 23:59:59";16;3929;20;10;0;<FLG>
V6155020;V615502002;HINnJ;1;"2009-08-01 00:00:00";"2009-08-01 23:59:59";16;3843;20;10;0;<FLG>
V6155020;V615502002;HINnJ;1;"2009-08-02 00:00:00";"2009-08-02 23:59:59";16;3761;20;10;0;<FLG>
V6155020;V615502002;HINnJ;1;"2009-08-03 00:00:00";"2009-08-03 23:59:59";16;3683;20;10;0;<FLG>
V6155020;V615502002;HINnJ;1;"2009-08-04 00:00:00";"2009-08-04 23:59:59";16;3606;20;10;0;<FLG>
V6155020;V615502002;HINnJ;1;"2009-08-05 00:00:00";"2009-08-05 23:59:59";16;3528;20;10;0;<FLG>
V6155020;V615502002;HINnJ;1;"2009-08-06 00:00:00";"2009-08-06 23:59:59";16;3450;20;10;0;<FLG>
V6155020;V615502002;HINnJ;1;"2009-08-07 00:00:00";"2009-08-07 23:59:59";16;3372;20;10;0;<FLG>
V6155020;V615502002;HINnJ;1;"2009-08-08 00:00:00";"2009-08-08 23:59:59";16;3294;20;10;0;<FLG>
V6155020;V615502002;HINnJ;1;"2009-08-09 00:00:00";"2009-08-09 23:59:59";16;3217;20;10;0;<FLG>
V6155020;V615502002;HINnJ;1;"2009-08-10 00:00:00";"2009-08-10 23:59:59";16;3139;20;10;0;<FLG>
V6155020;V615502002;HINnJ;1;"2009-08-11 00:00:00";"2009-08-11 23:59:59";16;3071;20;10;0;<FLG>
V6155020;V615502002;HINnJ;1;"2009-08-12 00:00:00";"2009-08-12 23:59:59";16;3014;20;10;0;<FLG>
V6155020;V615502002;HINnJ;1;"2009-08-13 00:00:00";"2009-08-13 23:59:59";16;2957;20;10;0;<FLG>
V6155020;V615502002;HINnJ;1;"2009-08-14 00:00:00";"2009-08-14 23:59:59";16;2900;20;10;0;<FLG>
V6155020;V615502002;HINnJ;1;"2009-08-15 00:00:00";"2009-08-15 23:59:59";16;2843;20;10;0;<FLG>
V6155020;V615502002;HINnJ;1;"2009-08-16 00:00:00";"2009-08-16 23:59:59";16;2786;20;10;0;<FLG>
V6155020;V615502002;HINnJ;1;"2009-08-17 00:00:00";"2009-08-17 23:59:59";16;2729;20;10;0;<FLG>
V6155020;V615502002;HINnJ;1;"2009-08-18 00:00:00";"2009-08-18 23:59:59";16;2687;20;10;0;<FLG>
V6155020;V615502002;HINnJ;1;"2009-08-19 00:00:00";"2009-08-19 23:59:59";16;2660;20;10;0;<FLG>
V6155020;V615502002;HINnJ;1;"2009-08-20 00:00:00";"2009-08-20 23:59:59";16;2633;20;10;0;<FLG>
V6155020;V615502002;HINnJ;1;"2009-08-21 00:00:00";"2009-08-21 23:59:59";16;2607;20;10;0;<FLG>
V6155020;V615502002;HINnJ;1;"2009-08-22 00:00:00";"2009-08-22 23:59:59";16;2580;20;10;0;<FLG>
V6155020;V615502002;HINnJ;1;"2009-08-23 00:00:00";"2009-08-23 23:59:59";16;2553;20;10;0;<FLG>
V6155020;V615502002;HINnJ;1;"2009-08-24 00:00:00";"2009-08-24 23:59:59";16;2516;20;10;0;<FLG>
V6155020;V615502002;HINnJ;1;"2009-08-25 00:00:00";"2009-08-25 23:59:59";16;2468;20;10;0;<FLG>
V6155020;V615502002;HINnJ;1;"2009-08-26 00:00:00";"2009-08-26 23:59:59";16;2420;20;10;0;<FLG>
V6155020;V615502002;HINnJ;1;"2009-08-27 00:00:00";"2009-08-27 23:59:59";16;2372;20;10;0;<FLG>
V6155020;V615502002;HINnJ;1;"2009-08-28 00:00:00";"2009-08-28 23:59:59";16;2324;20;10;0;<FLG>
V6155020;V615502002;HINnJ;1;"2009-08-29 00:00:00";"2009-08-29 23:59:59";16;2262;20;10;0;<FLG>
V6155020;V615502002;HINnJ;1;"2009-08-30 00:00:00";"2009-08-30 23:59:59";16;2188;20;10;0;<FLG>
V6155020;V615502002;HINnJ;1;"2009-08-31 00:00:00";"2009-08-31 23:59:59";16;2125;20;10;0;<FLG>
V6155020;V615502002;HINnJ;1;"2009-09-01 00:00:00";"2009-09-01 23:59:59";16;2075;20;10;0;<FLG>
V6155020;V615502002;HINnJ;1;"2009-09-02 00:00:00";"2009-09-02 23:59:59";16;2025;20;10;0;<FLG>
V6155020;V615502002;HINnJ;1;"2009-09-03 00:00:00";"2009-09-03 23:59:59";16;1975;20;10;0;<FLG>
V6155020;V615502002;HINnJ;1;"2009-09-04 00:00:00";"2009-09-04 23:59:59";16;1925;20;10;0;<FLG>
V6155020;V615502002;HINnJ;1;"2009-09-05 00:00:00";"2009-09-05 23:59:59";16;1875;20;10;0;<FLG>
V6155020;V615502002;HINnJ;1;"2009-09-06 00:00:00";"2009-09-06 23:59:59";16;1837;20;10;0;<FLG>
V6155020;V615502002;HINnJ;1;"2009-09-07 00:00:00";"2009-09-07 23:59:59";16;1811;20;10;0;<FLG>
V6155020;V615502002;HINnJ;1;"2009-09-08 00:00:00";"2009-09-08 23:59:59";16;1784;20;10;0;<FLG>
V6155020;V615502002;HINnJ;1;"2009-09-09 00:00:00";"2009-09-09 23:59:59";16;1758;20;10;0;<FLG>
V6155020;V615502002;HINnJ;1;"2009-09-10 00:00:00";"2009-09-10 23:59:59";16;1732;20;10;0;<FLG>
V6155020;V615502002;HINnJ;1;"2009-09-11 00:00:00";"2009-09-11 23:59:59";16;1706;20;10;0;<FLG>
V6155020;V615502002;HINnJ;1;"2009-09-12 00:00:00";"2009-09-12 23:59:59";16;1679;20;10;0;<FLG>
V6155020;V615502002;HINnJ;1;"2009-09-13 00:00:00";"2009-09-13 23:59:59";16;1653;20;10;0;<FLG>
V6155020;V615502002;HINnJ;1;"2009-09-14 00:00:00";"2009-09-14 12:00:00";16;1640;20;10;0;<FLG>
V6155020;V615502002;HINnJ;1;"2009-09-15 00:00:00";"2009-09-15 00:00:00";16;1780;20;10;0;<FLG>
V6155020;V615502002;HINnJ;1;"2009-09-16 00:00:00";"2009-09-16 00:00:00";16;2060;20;10;0;<FLG>
V6155020;V615502002;HINnJ;1;"2009-09-17 00:00:00";"2009-09-17 00:00:00";16;2700;20;10;0;<FLG>
V6155020;V615502002;HINnJ;1;"2009-09-18 00:00:00";"2009-09-18 00:00:00";16;4150;20;10;0;<FLG>
V6155020;V615502002;HINnJ;1;"2009-09-19 00:00:00";"2009-09-19 23:59:59";16;4600;20;10;0;<FLG>
V6155020;V615502002;HINnJ;1;"2009-09-20 00:00:00";"2009-09-20 23:59:59";16;4400;20;10;0;<FLG>
V6155020;V615502002;HINnJ;1;"2009-09-21 00:00:00";"2009-09-21 23:59:59";16;4200;20;10;0;<FLG>
V6155020;V615502002;HINnJ;1;"2009-09-22 00:00:00";"2009-09-22 23:59:59";16;3965;20;10;0;<FLG>
V6155020;V615502002;HINnJ;1;"2009-09-23 00:00:00";"2009-09-23 23:59:59";16;3695;20;10;0;<FLG>
V6155020;V615502002;HINnJ;1;"2009-09-24 00:00:00";"2009-09-24 23:59:59";16;3425;20;10;0;<FLG>
V6155020;V615502002;HINnJ;1;"2009-09-25 00:00:00";"2009-09-25 23:59:59";16;3155;20;10;0;<FLG>
V6155020;V615502002;HINnJ;1;"2009-09-26 00:00:00";"2009-09-26 23:59:59";16;2885;20;10;0;<FLG>
V6155020;V615502002;HINnJ;1;"2009-09-27 00:00:00";"2009-09-27 23:59:59";16;2707;20;10;0;<FLG>
V6155020;V615502002;HINnJ;1;"2009-09-28 00:00:00";"2009-09-28 23:59:59";16;2621;20;10;0;<FLG>
V6155020;V615502002;HINnJ;1;"2009-09-29 00:00:00";"2009-09-29 23:59:59";16;2535;20;10;0;<FLG>
V6155020;V615502002;HINnJ;1;"2009-09-30 00:00:00";"2009-09-30 23:59:59";16;2449;20;10;0;<FLG>
V6155020;V615502002;HINnJ;1;"2009-10-01 00:00:00";"2009-10-01 23:59:59";16;2363;20;10;0;<FLG>
V6155020;V615502002;HINnJ;1;"2009-10-02 00:00:00";"2009-10-02 23:59:59";16;2276;20;10;0;<FLG>
V6155020;V615502002;HINnJ;1;"2009-10-03 00:00:00";"2009-10-03 23:59:59";16;2187;20;10;0;<FLG>
V6155020;V615502002;HINnJ;1;"2009-10-04 00:00:00";"2009-10-04 23:59:59";16;2099;20;10;0;<FLG>
V6155020;V615502002;HINnJ;1;"2009-10-05 00:00:00";"2009-10-05 23:59:59";16;2010;20;10;0;<FLG>
V6155020;V615502002;HINnJ;1;"2009-10-06 00:00:00";"2009-10-06 23:59:59";16;1921;20;10;0;<FLG>
V6155020;V615502002;HINnJ;1;"2009-10-07 00:00:00";"2009-10-07 23:59:59";16;1833;20;10;0;<FLG>
V6155020;V615502002;HINnJ;1;"2009-10-08 00:00:00";"2009-10-08 23:59:59";16;1744;20;10;0;<FLG>
V6155020;V615502002;HINnJ;1;"2009-10-09 00:00:00";"2009-10-09 23:59:59";16;1670;20;10;0;<FLG>
V6155020;V615502002;HINnJ;1;"2009-10-10 00:00:00";"2009-10-10 23:59:59";16;1610;20;10;0;<FLG>
V6155020;V615502002;HINnJ;1;"2009-10-11 00:00:00";"2009-10-11 23:59:59";16;1550;20;10;0;<FLG>
V6155020;V615502002;HINnJ;1;"2009-10-12 00:00:00";"2009-10-12 23:59:59";16;1490;20;10;0;<FLG>
V6155020;V615502002;HINnJ;1;"2009-10-13 00:00:00";"2009-10-13 23:59:59";16;1430;20;10;0;<FLG>
V6155020;V615502002;HINnJ;1;"2009-10-14 00:00:00";"2009-10-14 12:00:00";16;1400;20;10;0;<FLG>
V6155020;V615502002;HINnJ;1;"2009-10-15 00:00:00";"2009-10-15 00:00:00";16;1606;20;10;0;<FLG>
V6155020;V615502002;HINnJ;1;"2009-10-16 00:00:00";"2009-10-16 00:00:00";16;2019;20;10;0;<FLG>
V6155020;V615502002;HINnJ;1;"2009-10-17 00:00:00";"2009-10-17 00:00:00";16;2431;20;10;0;<FLG>
V6155020;V615502002;HINnJ;1;"2009-10-18 00:00:00";"2009-10-18 00:00:00";16;2844;20;10;0;<FLG>
V6155020;V615502002;HINnJ;1;"2009-10-19 00:00:00";"2009-10-19 00:00:00";16;3256;20;10;0;<FLG>
V6155020;V615502002;HINnJ;1;"2009-10-20 00:00:00";"2009-10-20 00:00:00";16;3669;20;10;0;<FLG>
V6155020;V615502002;HINnJ;1;"2009-10-21 00:00:00";"2009-10-21 00:00:00";16;4081;20;10;0;<FLG>
V6155020;V615502002;HINnJ;1;"2009-10-22 00:00:00";"2009-10-22 00:00:00";16;4494;20;10;0;<FLG>
V6155020;V615502002;HINnJ;1;"2009-10-23 00:00:00";"2009-10-23 00:00:00";16;6500;20;10;0;<FLG>
V6155020;V615502002;HINnJ;1;"2009-10-24 00:00:00";"2009-10-24 00:00:00";16;10100;20;10;0;<FLG>
V6155020;V615502002;HINnJ;1;"2009-10-25 00:00:00";"2009-10-25 23:59:59";16;9880;20;10;0;<FLG>
V6155020;V615502002;HINnJ;1;"2009-10-26 00:00:00";"2009-10-26 23:59:59";16;8840;20;10;0;<FLG>
V6155020;V615502002;HINnJ;1;"2009-10-27 00:00:00";"2009-10-27 23:59:59";16;7800;20;10;0;<FLG>
V6155020;V615502002;HINnJ;1;"2009-10-28 00:00:00";"2009-10-28 23:59:59";16;6760;20;10;0;<FLG>
V6155020;V615502002;HINnJ;1;"2009-10-29 00:00:00";"2009-10-29 23:59:59";16;5720;20;10;0;<FLG>
V6155020;V615502002;HINnJ;1;"2009-10-30 00:00:00";"2009-10-30 12:00:00";16;5200;20;10;0;<FLG>
V6155020;V615502002;HINnJ;1;"2009-10-31 00:00:00";"2009-10-31 00:00:00";16;5462;20;10;0;<FLG>
V6155020;V615502002;HINnJ;1;"2009-11-01 00:00:00";"2009-11-01 00:00:00";16;5988;20;10;0;<FLG>
V6155020;V615502002;HINnJ;1;"2009-11-02 00:00:00";"2009-11-02 00:00:00";16;6512;20;10;0;<FLG>
V6155020;V615502002;HINnJ;1;"2009-11-03 00:00:00";"2009-11-03 00:00:00";16;7038;20;10;0;<FLG>
V6155020;V615502002;HINnJ;1;"2009-11-04 00:00:00";"2009-11-04 00:00:00";16;8200;20;10;0;<FLG>
V6155020;V615502002;HINnJ;1;"2009-11-05 00:00:00";"2009-11-05 00:00:00";16;9268;20;10;0;<FLG>
V6155020;V615502002;HINnJ;1;"2009-11-06 00:00:00";"2009-11-06 23:59:59";16;9458;20;10;0;<FLG>
V6155020;V615502002;HINnJ;1;"2009-11-07 00:00:00";"2009-11-07 23:59:59";16;8834;20;10;0;<FLG>
V6155020;V615502002;HINnJ;1;"2009-11-08 00:00:00";"2009-11-08 23:59:59";16;8210;20;10;0;<FLG>
V6155020;V615502002;HINnJ;1;"2009-11-09 00:00:00";"2009-11-09 23:59:59";16;7586;20;10;0;<FLG>
V6155020;V615502002;HINnJ;1;"2009-11-10 00:00:00";"2009-11-10 23:59:59";16;6962;20;10;0;<FLG>
V6155020;V615502002;HINnJ;1;"2009-11-11 00:00:00";"2009-11-11 23:59:59";16;6517;20;10;0;<FLG>
V6155020;V615502002;HINnJ;1;"2009-11-12 00:00:00";"2009-11-12 23:59:59";16;6252;20;10;0;<FLG>
V6155020;V615502002;HINnJ;1;"2009-11-13 00:00:00";"2009-11-13 23:59:59";16;5987;20;10;0;<FLG>
V6155020;V615502002;HINnJ;1;"2009-11-14 00:00:00";"2009-11-14 23:59:59";16;5721;20;10;0;<FLG>
V6155020;V615502002;HINnJ;1;"2009-11-15 00:00:00";"2009-11-15 23:59:59";16;5456;20;10;0;<FLG>
V6155020;V615502002;HINnJ;1;"2009-11-16 00:00:00";"2009-11-16 23:59:59";16;5190;20;10;0;<FLG>
V6155020;V615502002;HINnJ;1;"2009-11-17 00:00:00";"2009-11-17 23:59:59";16;4925;20;10;0;<FLG>
V6155020;V615502002;HINnJ;1;"2009-11-18 00:00:00";"2009-11-18 23:59:59";16;4660;20;10;0;<FLG>
V6155020;V615502002;HINnJ;1;"2009-11-19 00:00:00";"2009-11-19 23:59:59";16;4394;20;10;0;<FLG>
V6155020;V615502002;HINnJ;1;"2009-11-20 00:00:00";"2009-11-20 23:59:59";16;4129;20;10;0;<FLG>
V6155020;V615502002;HINnJ;1;"2009-11-21 00:00:00";"2009-11-21 23:59:59";16;3863;20;10;0;<FLG>
V6155020;V615502002;HINnJ;1;"2009-11-22 00:00:00";"2009-11-22 23:59:59";16;3598;20;10;0;<FLG>
V6155020;V615502002;HINnJ;1;"2009-11-23 00:00:00";"2009-11-23 23:59:59";16;3333;20;10;0;<FLG>
V6155020;V615502002;HINnJ;1;"2009-11-24 00:00:00";"2009-11-24 12:00:00";16;3200;20;10;0;<FLG>
V6155020;V615502002;HINnJ;1;"2009-11-25 00:00:00";"2009-11-25 00:00:00";16;4316;20;10;0;<FLG>
V6155020;V615502002;HINnJ;1;"2009-11-26 00:00:00";"2009-11-26 00:00:00";16;6547;20;10;0;<FLG>
V6155020;V615502002;HINnJ;1;"2009-11-27 00:00:00";"2009-11-27 00:00:00";16;8779;20;10;0;<FLG>
V6155020;V615502002;HINnJ;1;"2009-11-28 00:00:00";"2009-11-28 00:00:00";16;11010;20;10;0;<FLG>
V6155020;V615502002;HINnJ;1;"2009-11-29 00:00:00";"2009-11-29 00:00:00";16;13241;20;10;0;<FLG>
V6155020;V615502002;HINnJ;1;"2009-11-30 00:00:00";"2009-11-30 00:00:00";16;15473;20;10;0;<FLG>
V6155020;V615502002;HINnJ;1;"2009-12-01 00:00:00";"2009-12-01 00:00:00";16;17704;20;10;0;<FLG>
V6155020;V615502002;HINnJ;1;"2009-12-02 00:00:00";"2009-12-02 00:00:00";16;18940;20;10;0;<FLG>
V6155020;V615502002;HINnJ;1;"2009-12-03 00:00:00";"2009-12-03 00:00:00";16;19180;20;10;0;<FLG>
V6155020;V615502002;HINnJ;1;"2009-12-04 00:00:00";"2009-12-04 00:00:00";16;20925;20;10;0;<FLG>
V6155020;V615502002;HINnJ;1;"2009-12-05 00:00:00";"2009-12-05 23:59:59";16;22580;20;10;0;<FLG>
V6155020;V615502002;HINnJ;1;"2009-12-06 00:00:00";"2009-12-06 23:59:59";16;22428;20;10;0;<FLG>
V6155020;V615502002;HINnJ;1;"2009-12-07 00:00:00";"2009-12-07 23:59:59";16;22242;20;10;0;<FLG>
V6155020;V615502002;HINnJ;1;"2009-12-08 00:00:00";"2009-12-08 23:59:59";16;21855;20;10;0;<FLG>
V6155020;V615502002;HINnJ;1;"2009-12-09 00:00:00";"2009-12-09 23:59:59";16;21265;20;10;0;<FLG>
V6155020;V615502002;HINnJ;1;"2009-12-10 00:00:00";"2009-12-10 23:59:59";16;20675;20;10;0;<FLG>
V6155020;V615502002;HINnJ;1;"2009-12-11 00:00:00";"2009-12-11 23:59:59";16;20085;20;10;0;<FLG>
V6155020;V615502002;HINnJ;1;"2009-12-12 00:00:00";"2009-12-12 23:59:59";16;19495;20;10;0;<FLG>
V6155020;V615502002;HINnJ;1;"2009-12-13 00:00:00";"2009-12-13 23:59:59";16;18776;20;10;0;<FLG>
V6155020;V615502002;HINnJ;1;"2009-12-14 00:00:00";"2009-12-14 23:59:59";16;17929;20;10;0;<FLG>
V6155020;V615502002;HINnJ;1;"2009-12-15 00:00:00";"2009-12-15 23:59:59";16;17081;20;10;0;<FLG>
V6155020;V615502002;HINnJ;1;"2009-12-16 00:00:00";"2009-12-16 23:59:59";16;16234;20;10;0;<FLG>
V6155020;V615502002;HINnJ;1;"2009-12-17 00:00:00";"2009-12-17 12:00:00";16;15810;20;10;0;<FLG>
V6155020;V615502002;HINnJ;1;"2009-12-18 00:00:00";"2009-12-18 00:00:00";16;16331;20;10;0;<FLG>
V6155020;V615502002;HINnJ;1;"2009-12-19 00:00:00";"2009-12-19 00:00:00";16;17372;20;10;0;<FLG>
V6155020;V615502002;HINnJ;1;"2009-12-20 00:00:00";"2009-12-20 00:00:00";16;18414;20;10;0;<FLG>
V6155020;V615502002;HINnJ;1;"2009-12-21 00:00:00";"2009-12-21 00:00:00";16;19455;20;10;0;<FLG>
V6155020;V615502002;HINnJ;1;"2009-12-22 00:00:00";"2009-12-22 00:00:00";16;20496;20;10;0;<FLG>
V6155020;V615502002;HINnJ;1;"2009-12-23 00:00:00";"2009-12-23 00:00:00";16;21538;20;10;0;<FLG>
V6155020;V615502002;HINnJ;1;"2009-12-24 00:00:00";"2009-12-24 00:00:00";16;22579;20;10;0;<FLG>
V6155020;V615502002;HINnJ;1;"2009-12-25 00:00:00";"2009-12-25 00:00:00";16;23240;20;10;0;<FLG>
V6155020;V615502002;HINnJ;1;"2009-12-26 00:00:00";"2009-12-26 00:00:00";16;23400;20;10;0;<FLG>
V6155020;V615502002;HINnJ;1;"2009-12-27 00:00:00";"2009-12-27 23:59:59";16;23392;20;10;0;<FLG>
V6155020;V615502002;HINnJ;1;"2009-12-28 00:00:00";"2009-12-28 23:59:59";16;23335;20;10;0;<FLG>
V6155020;V615502002;HINnJ;1;"2009-12-29 00:00:00";"2009-12-29 23:59:59";16;23278;20;10;0;<FLG>
V6155020;V615502002;HINnJ;1;"2009-12-30 00:00:00";"2009-12-30 23:59:59";16;23225;20;10;0;<FLG>
V6155020;V615502002;HINnJ;1;"2009-12-31 00:00:00";"2009-12-31 23:59:59";16;23175;20;10;0;<FLG>
V6155020;V615502002;HINnJ;1;"2010-01-01 00:00:00";"2010-01-01 23:59:59";16;23125;20;10;0;<FLG>
V6155020;V615502002;HINnJ;1;"2010-01-02 00:00:00";"2010-01-02 23:59:59";16;23072;20;10;0;<FLG>
V6155020;V615502002;HINnJ;1;"2010-01-03 00:00:00";"2010-01-03 23:59:59";16;23018;20;10;0;<FLG>
V6155020;V615502002;HINnJ;1;"2010-01-04 00:00:00";"2010-01-04 23:59:59";16;22962;20;10;0;<FLG>
V6155020;V615502002;HINnJ;1;"2010-01-05 00:00:00";"2010-01-05 23:59:59";16;22908;20;10;0;<FLG>
V6155020;V615502002;HINnJ;1;"2010-01-06 00:00:00";"2010-01-06 12:00:00";16;22880;20;10;0;<FLG>
V6155020;V615502002;HINnJ;1;"2010-01-07 00:00:00";"2010-01-07 00:00:00";16;22880;20;10;0;<FLG>
V6155020;V615502002;HINnJ;1;"2010-01-08 00:00:00";"2010-01-08 00:00:00";16;22880;20;10;0;<FLG>
V6155020;V615502002;HINnJ;1;"2010-01-09 00:00:00";"2010-01-09 23:59:59";16;22875;20;10;0;<FLG>
V6155020;V615502002;HINnJ;1;"2010-01-10 00:00:00";"2010-01-10 23:59:59";16;22865;20;10;0;<FLG>
V6155020;V615502002;HINnJ;1;"2010-01-11 00:00:00";"2010-01-11 23:59:59";16;22855;20;10;0;<FLG>
V6155020;V615502002;HINnJ;1;"2010-01-12 00:00:00";"2010-01-12 23:59:59";16;22840;20;10;0;<FLG>
V6155020;V615502002;HINnJ;1;"2010-01-13 00:00:00";"2010-01-13 23:59:59";16;22820;20;10;0;<FLG>
V6155020;V615502002;HINnJ;1;"2010-01-14 00:00:00";"2010-01-14 23:59:59";16;22800;20;10;0;<FLG>
V6155020;V615502002;HINnJ;1;"2010-01-15 00:00:00";"2010-01-15 23:59:59";16;22780;20;10;0;<FLG>
V6155020;V615502002;HINnJ;1;"2010-01-16 00:00:00";"2010-01-16 23:59:59";16;22760;20;10;0;<FLG>
V6155020;V615502002;HINnJ;1;"2010-01-17 00:00:00";"2010-01-17 23:59:59";16;22737;20;10;0;<FLG>
V6155020;V615502002;HINnJ;1;"2010-01-18 00:00:00";"2010-01-18 23:59:59";16;22710;20;10;0;<FLG>
V6155020;V615502002;HINnJ;1;"2010-01-19 00:00:00";"2010-01-19 23:59:59";16;22683;20;10;0;<FLG>
V6155020;V615502002;HINnJ;1;"2010-01-20 00:00:00";"2010-01-20 23:59:59";16;22657;20;10;0;<FLG>
V6155020;V615502002;HINnJ;1;"2010-01-21 00:00:00";"2010-01-21 23:59:59";16;22630;20;10;0;<FLG>
V6155020;V615502002;HINnJ;1;"2010-01-22 00:00:00";"2010-01-22 23:59:59";16;22603;20;10;0;<FLG>
V6155020;V615502002;HINnJ;1;"2010-01-23 00:00:00";"2010-01-23 23:59:59";16;22572;20;10;0;<FLG>
V6155020;V615502002;HINnJ;1;"2010-01-24 00:00:00";"2010-01-24 23:59:59";16;22536;20;10;0;<FLG>
V6155020;V615502002;HINnJ;1;"2010-01-25 00:00:00";"2010-01-25 23:59:59";16;22499;20;10;0;<FLG>
V6155020;V615502002;HINnJ;1;"2010-01-26 00:00:00";"2010-01-26 23:59:59";16;22463;20;10;0;<FLG>
V6155020;V615502002;HINnJ;1;"2010-01-27 00:00:00";"2010-01-27 23:59:59";16;22427;20;10;0;<FLG>
V6155020;V615502002;HINnJ;1;"2010-01-28 00:00:00";"2010-01-28 23:59:59";16;22391;20;10;0;<FLG>
V6155020;V615502002;HINnJ;1;"2010-01-29 00:00:00";"2010-01-29 23:59:59";16;22354;20;10;0;<FLG>
V6155020;V615502002;HINnJ;1;"2010-01-30 00:00:00";"2010-01-30 23:59:59";16;22318;20;10;0;<FLG>
V6155020;V615502002;HINnJ;1;"2010-01-31 00:00:00";"2010-01-31 12:00:00";16;22300;20;10;0;<FLG>
V6155020;V615502002;HINnJ;1;"2010-02-01 00:00:00";"2010-02-01 00:00:00";16;22334;20;10;0;<FLG>
V6155020;V615502002;HINnJ;1;"2010-02-02 00:00:00";"2010-02-02 00:00:00";16;22403;20;10;0;<FLG>
V6155020;V615502002;HINnJ;1;"2010-02-03 00:00:00";"2010-02-03 00:00:00";16;22471;20;10;0;<FLG>
V6155020;V615502002;HINnJ;1;"2010-02-04 00:00:00";"2010-02-04 00:00:00";16;22540;20;10;0;<FLG>
V6155020;V615502002;HINnJ;1;"2010-02-05 00:00:00";"2010-02-05 00:00:00";16;22609;20;10;0;<FLG>
V6155020;V615502002;HINnJ;1;"2010-02-06 00:00:00";"2010-02-06 00:00:00";16;22677;20;10;0;<FLG>
V6155020;V615502002;HINnJ;1;"2010-02-07 00:00:00";"2010-02-07 00:00:00";16;22746;20;10;0;<FLG>
V6155020;V615502002;HINnJ;1;"2010-02-08 00:00:00";"2010-02-08 23:59:59";16;22732;20;10;0;<FLG>
V6155020;V615502002;HINnJ;1;"2010-02-09 00:00:00";"2010-02-09 23:59:59";16;22701;20;10;0;<FLG>
V6155020;V615502002;HINnJ;1;"2010-02-10 00:00:00";"2010-02-10 23:59:59";16;22669;20;10;0;<FLG>
V6155020;V615502002;HINnJ;1;"2010-02-11 00:00:00";"2010-02-11 23:59:59";16;22638;20;10;0;<FLG>
V6155020;V615502002;HINnJ;1;"2010-02-12 00:00:00";"2010-02-12 23:59:59";16;22606;20;10;0;<FLG>
V6155020;V615502002;HINnJ;1;"2010-02-13 00:00:00";"2010-02-13 12:00:00";16;22590;20;10;0;<FLG>
V6155020;V615502002;HINnJ;1;"2010-02-14 00:00:00";"2010-02-14 00:00:00";16;22624;20;10;0;<FLG>
V6155020;V615502002;HINnJ;1;"2010-02-15 00:00:00";"2010-02-15 00:00:00";16;22692;20;10;0;<FLG>
V6155020;V615502002;HINnJ;1;"2010-02-16 00:00:00";"2010-02-16 00:00:00";16;22761;20;10;0;<FLG>
V6155020;V615502002;HINnJ;1;"2010-02-17 00:00:00";"2010-02-17 00:00:00";16;22829;20;10;0;<FLG>
V6155020;V615502002;HINnJ;1;"2010-02-18 00:00:00";"2010-02-18 00:00:00";16;22898;20;10;0;<FLG>
V6155020;V615502002;HINnJ;1;"2010-02-19 00:00:00";"2010-02-19 00:00:00";16;22966;20;10;0;<FLG>
V6155020;V615502002;HINnJ;1;"2010-02-20 00:00:00";"2010-02-20 00:00:00";16;23095;20;10;0;<FLG>
V6155020;V615502002;HINnJ;1;"2010-02-21 00:00:00";"2010-02-21 00:00:00";16;23195;20;10;0;<FLG>
V6155020;V615502002;HINnJ;1;"2010-02-22 00:00:00";"2010-02-22 00:00:00";16;23205;20;10;0;<FLG>
V6155020;V615502002;HINnJ;1;"2010-02-23 00:00:00";"2010-02-23 23:59:59";16;23208;20;10;0;<FLG>
V6155020;V615502002;HINnJ;1;"2010-02-24 00:00:00";"2010-02-24 23:59:59";16;23204;20;10;0;<FLG>
V6155020;V615502002;HINnJ;1;"2010-02-25 00:00:00";"2010-02-25 23:59:59";16;23199;20;10;0;<FLG>
V6155020;V615502002;HINnJ;1;"2010-02-26 00:00:00";"2010-02-26 23:59:59";16;23195;20;10;0;<FLG>
V6155020;V615502002;HINnJ;1;"2010-02-27 00:00:00";"2010-02-27 23:59:59";16;23191;20;10;0;<FLG>
V6155020;V615502002;HINnJ;1;"2010-02-28 00:00:00";"2010-02-28 23:59:59";16;23186;20;10;0;<FLG>
V6155020;V615502002;HINnJ;1;"2010-03-01 00:00:00";"2010-03-01 23:59:59";16;23182;20;10;0;<FLG>
V6155020;V615502002;HINnJ;1;"2010-03-02 00:00:00";"2010-03-02 23:59:59";16;23174;20;10;0;<FLG>
V6155020;V615502002;HINnJ;1;"2010-03-03 00:00:00";"2010-03-03 23:59:59";16;23161;20;10;0;<FLG>
V6155020;V615502002;HINnJ;1;"2010-03-04 00:00:00";"2010-03-04 23:59:59";16;23149;20;10;0;<FLG>
V6155020;V615502002;HINnJ;1;"2010-03-05 00:00:00";"2010-03-05 23:59:59";16;23136;20;10;0;<FLG>
V6155020;V615502002;HINnJ;1;"2010-03-06 00:00:00";"2010-03-06 23:59:59";16;23105;20;10;0;<FLG>
V6155020;V615502002;HINnJ;1;"2010-03-07 00:00:00";"2010-03-07 23:59:59";16;23055;20;10;0;<FLG>
V6155020;V615502002;HINnJ;1;"2010-03-08 00:00:00";"2010-03-08 23:59:59";16;23005;20;10;0;<FLG>
V6155020;V615502002;HINnJ;1;"2010-03-09 00:00:00";"2010-03-09 23:59:59";16;22955;20;10;0;<FLG>
V6155020;V615502002;HINnJ;1;"2010-03-10 00:00:00";"2010-03-10 23:59:59";16;22905;20;10;0;<FLG>
V6155020;V615502002;HINnJ;1;"2010-03-11 00:00:00";"2010-03-11 23:59:59";16;22855;20;10;0;<FLG>
V6155020;V615502002;HINnJ;1;"2010-03-12 00:00:00";"2010-03-12 23:59:59";16;22804;20;10;0;<FLG>
V6155020;V615502002;HINnJ;1;"2010-03-13 00:00:00";"2010-03-13 23:59:59";16;22751;20;10;0;<FLG>
V6155020;V615502002;HINnJ;1;"2010-03-14 00:00:00";"2010-03-14 23:59:59";16;22699;20;10;0;<FLG>
V6155020;V615502002;HINnJ;1;"2010-03-15 00:00:00";"2010-03-15 23:59:59";16;22646;20;10;0;<FLG>
V6155020;V615502002;HINnJ;1;"2010-03-16 00:00:00";"2010-03-16 23:59:59";16;22618;20;10;0;<FLG>
V6155020;V615502002;HINnJ;1;"2010-03-17 00:00:00";"2010-03-17 23:59:59";16;22614;20;10;0;<FLG>
V6155020;V615502002;HINnJ;1;"2010-03-18 00:00:00";"2010-03-18 23:59:59";16;22610;20;10;0;<FLG>
V6155020;V615502002;HINnJ;1;"2010-03-19 00:00:00";"2010-03-19 23:59:59";16;22606;20;10;0;<FLG>
V6155020;V615502002;HINnJ;1;"2010-03-20 00:00:00";"2010-03-20 23:59:59";16;22602;20;10;0;<FLG>
V6155020;V615502002;HINnJ;1;"2010-03-21 00:00:00";"2010-03-21 12:00:00";16;22600;20;10;0;<FLG>
V6155020;V615502002;HINnJ;1;"2010-03-22 00:00:00";"2010-03-22 00:00:00";16;22618;20;10;0;<FLG>
V6155020;V615502002;HINnJ;1;"2010-03-23 00:00:00";"2010-03-23 00:00:00";16;22655;20;10;0;<FLG>
V6155020;V615502002;HINnJ;1;"2010-03-24 00:00:00";"2010-03-24 00:00:00";16;22692;20;10;0;<FLG>
V6155020;V615502002;HINnJ;1;"2010-03-25 00:00:00";"2010-03-25 00:00:00";16;22728;20;10;0;<FLG>
V6155020;V615502002;HINnJ;1;"2010-03-26 00:00:00";"2010-03-26 00:00:00";16;22765;20;10;0;<FLG>
V6155020;V615502002;HINnJ;1;"2010-03-27 00:00:00";"2010-03-27 00:00:00";16;22802;20;10;0;<FLG>
V6155020;V615502002;HINnJ;1;"2010-03-28 00:00:00";"2010-03-28 23:59:59";16;22812;20;10;0;<FLG>
V6155020;V615502002;HINnJ;1;"2010-03-29 00:00:00";"2010-03-29 23:59:59";16;22808;20;10;0;<FLG>
V6155020;V615502002;HINnJ;1;"2010-03-30 00:00:00";"2010-03-30 23:59:59";16;22802;20;10;0;<FLG>
V6155020;V615502002;HINnJ;1;"2010-03-31 00:00:00";"2010-03-31 12:00:00";16;22800;20;10;0;<FLG>
V6155020;V615502002;HINnJ;1;"2010-04-01 00:00:00";"2010-04-01 00:00:00";16;22812;20;10;0;<FLG>
V6155020;V615502002;HINnJ;1;"2010-04-02 00:00:00";"2010-04-02 00:00:00";16;22838;20;10;0;<FLG>
V6155020;V615502002;HINnJ;1;"2010-04-03 00:00:00";"2010-04-03 00:00:00";16;22858;20;10;0;<FLG>
V6155020;V615502002;HINnJ;1;"2010-04-04 00:00:00";"2010-04-04 00:00:00";16;22872;20;10;0;<FLG>
V6155020;V615502002;HINnJ;1;"2010-04-05 00:00:00";"2010-04-05 00:00:00";16;22889;20;10;0;<FLG>
V6155020;V615502002;HINnJ;1;"2010-04-06 00:00:00";"2010-04-06 00:00:00";16;22906;20;10;0;<FLG>
V6155020;V615502002;HINnJ;1;"2010-04-07 00:00:00";"2010-04-07 00:00:00";16;22924;20;10;0;<FLG>
V6155020;V615502002;HINnJ;1;"2010-04-08 00:00:00";"2010-04-08 23:59:59";16;22936;20;10;0;<FLG>
V6155020;V615502002;HINnJ;1;"2010-04-09 00:00:00";"2010-04-09 23:59:59";16;22906;20;10;0;<FLG>
V6155020;V615502002;HINnJ;1;"2010-04-10 00:00:00";"2010-04-10 23:59:59";16;22878;20;10;0;<FLG>
V6155020;V615502002;HINnJ;1;"2010-04-11 00:00:00";"2010-04-11 23:59:59";16;22848;20;10;0;<FLG>
V6155020;V615502002;HINnJ;1;"2010-04-12 00:00:00";"2010-04-12 23:59:59";16;22820;20;10;0;<FLG>
V6155020;V615502002;HINnJ;1;"2010-04-13 00:00:00";"2010-04-13 23:59:59";16;22790;20;10;0;<FLG>
V6155020;V615502002;HINnJ;1;"2010-04-14 00:00:00";"2010-04-14 23:59:59";16;22762;20;10;0;<FLG>
V6155020;V615502002;HINnJ;1;"2010-04-15 00:00:00";"2010-04-15 23:59:59";16;22732;20;10;0;<FLG>
V6155020;V615502002;HINnJ;1;"2010-04-16 00:00:00";"2010-04-16 23:59:59";16;22704;20;10;0;<FLG>
V6155020;V615502002;HINnJ;1;"2010-04-17 00:00:00";"2010-04-17 23:59:59";16;22674;20;10;0;<FLG>
V6155020;V615502002;HINnJ;1;"2010-04-18 00:00:00";"2010-04-18 23:59:59";16;22653;20;10;0;<FLG>
V6155020;V615502002;HINnJ;1;"2010-04-19 00:00:00";"2010-04-19 23:59:59";16;22640;20;10;0;<FLG>
V6155020;V615502002;HINnJ;1;"2010-04-20 00:00:00";"2010-04-20 23:59:59";16;22627;20;10;0;<FLG>
V6155020;V615502002;HINnJ;1;"2010-04-21 00:00:00";"2010-04-21 23:59:59";16;22606;20;10;0;<FLG>
V6155020;V615502002;HINnJ;1;"2010-04-22 00:00:00";"2010-04-22 23:59:59";16;22578;20;10;0;<FLG>
V6155020;V615502002;HINnJ;1;"2010-04-23 00:00:00";"2010-04-23 23:59:59";16;22549;20;10;0;<FLG>
V6155020;V615502002;HINnJ;1;"2010-04-24 00:00:00";"2010-04-24 23:59:59";16;22521;20;10;0;<FLG>
V6155020;V615502002;HINnJ;1;"2010-04-25 00:00:00";"2010-04-25 23:59:59";16;22492;20;10;0;<FLG>
V6155020;V615502002;HINnJ;1;"2010-04-26 00:00:00";"2010-04-26 23:59:59";16;22464;20;10;0;<FLG>
V6155020;V615502002;HINnJ;1;"2010-04-27 00:00:00";"2010-04-27 23:59:59";16;22438;20;10;0;<FLG>
V6155020;V615502002;HINnJ;1;"2010-04-28 00:00:00";"2010-04-28 23:59:59";16;22415;20;10;0;<FLG>
V6155020;V615502002;HINnJ;1;"2010-04-29 00:00:00";"2010-04-29 23:59:59";16;22392;20;10;0;<FLG>
V6155020;V615502002;HINnJ;1;"2010-04-30 00:00:00";"2010-04-30 23:59:59";16;22372;20;10;0;<FLG>
V6155020;V615502002;HINnJ;1;"2010-05-01 00:00:00";"2010-05-01 23:59:59";16;22358;20;10;0;<FLG>
V6155020;V615502002;HINnJ;1;"2010-05-02 00:00:00";"2010-05-02 23:59:59";16;22342;20;10;0;<FLG>
V6155020;V615502002;HINnJ;1;"2010-05-03 00:00:00";"2010-05-03 23:59:59";16;22328;20;10;0;<FLG>
V6155020;V615502002;HINnJ;1;"2010-05-04 00:00:00";"2010-05-04 23:59:59";16;22312;20;10;0;<FLG>
V6155020;V615502002;HINnJ;1;"2010-05-05 00:00:00";"2010-05-05 23:59:59";16;22298;20;10;0;<FLG>
V6155020;V615502002;HINnJ;1;"2010-05-06 00:00:00";"2010-05-06 12:00:00";16;22290;20;10;0;<FLG>
V6155020;V615502002;HINnJ;1;"2010-05-07 00:00:00";"2010-05-07 00:00:00";16;22305;20;10;0;<FLG>
V6155020;V615502002;HINnJ;1;"2010-05-08 00:00:00";"2010-05-08 00:00:00";16;22335;20;10;0;<FLG>
V6155020;V615502002;HINnJ;1;"2010-05-09 00:00:00";"2010-05-09 23:59:59";16;22335;20;10;0;<FLG>
V6155020;V615502002;HINnJ;1;"2010-05-10 00:00:00";"2010-05-10 12:00:00";16;22330;20;10;0;<FLG>
V6155020;V615502002;HINnJ;1;"2010-05-11 00:00:00";"2010-05-11 00:00:00";16;22370;20;10;0;<FLG>
V6155020;V615502002;HINnJ;1;"2010-05-12 00:00:00";"2010-05-12 00:00:00";16;22450;20;10;0;<FLG>
V6155020;V615502002;HINnJ;1;"2010-05-13 00:00:00";"2010-05-13 00:00:00";16;22530;20;10;0;<FLG>
V6155020;V615502002;HINnJ;1;"2010-05-14 00:00:00";"2010-05-14 00:00:00";16;22610;20;10;0;<FLG>
V6155020;V615502002;HINnJ;1;"2010-05-15 00:00:00";"2010-05-15 23:59:59";16;22642;20;10;0;<FLG>
V6155020;V615502002;HINnJ;1;"2010-05-16 00:00:00";"2010-05-16 23:59:59";16;22588;20;10;0;<FLG>
V6155020;V615502002;HINnJ;1;"2010-05-17 00:00:00";"2010-05-17 23:59:59";16;22532;20;10;0;<FLG>
V6155020;V615502002;HINnJ;1;"2010-05-18 00:00:00";"2010-05-18 23:59:59";16;22478;20;10;0;<FLG>
V6155020;V615502002;HINnJ;1;"2010-05-19 00:00:00";"2010-05-19 23:59:59";16;22427;20;10;0;<FLG>
V6155020;V615502002;HINnJ;1;"2010-05-20 00:00:00";"2010-05-20 23:59:59";16;22381;20;10;0;<FLG>
V6155020;V615502002;HINnJ;1;"2010-05-21 00:00:00";"2010-05-21 23:59:59";16;22334;20;10;0;<FLG>
V6155020;V615502002;HINnJ;1;"2010-05-22 00:00:00";"2010-05-22 23:59:59";16;22288;20;10;0;<FLG>
V6155020;V615502002;HINnJ;1;"2010-05-23 00:00:00";"2010-05-23 23:59:59";16;22242;20;10;0;<FLG>
V6155020;V615502002;HINnJ;1;"2010-05-24 00:00:00";"2010-05-24 23:59:59";16;22196;20;10;0;<FLG>
V6155020;V615502002;HINnJ;1;"2010-05-25 00:00:00";"2010-05-25 23:59:59";16;22149;20;10;0;<FLG>
V6155020;V615502002;HINnJ;1;"2010-05-26 00:00:00";"2010-05-26 23:59:59";16;22103;20;10;0;<FLG>
V6155020;V615502002;HINnJ;1;"2010-05-27 00:00:00";"2010-05-27 23:59:59";16;22034;20;10;0;<FLG>
V6155020;V615502002;HINnJ;1;"2010-05-28 00:00:00";"2010-05-28 23:59:59";16;21941;20;10;0;<FLG>
V6155020;V615502002;HINnJ;1;"2010-05-29 00:00:00";"2010-05-29 23:59:59";16;21849;20;10;0;<FLG>
V6155020;V615502002;HINnJ;1;"2010-05-30 00:00:00";"2010-05-30 23:59:59";16;21756;20;10;0;<FLG>
V6155020;V615502002;HINnJ;1;"2010-05-31 00:00:00";"2010-05-31 23:59:59";16;21645;20;10;0;<FLG>
V6155020;V615502002;HINnJ;1;"2010-06-01 00:00:00";"2010-06-01 23:59:59";16;21515;20;10;0;<FLG>
V6155020;V615502002;HINnJ;1;"2010-06-02 00:00:00";"2010-06-02 23:59:59";16;21400;20;10;0;<FLG>
V6155020;V615502002;HINnJ;1;"2010-06-03 00:00:00";"2010-06-03 23:59:59";16;21147;20;10;0;<FLG>
V6155020;V615502002;HINnJ;1;"2010-06-04 00:00:00";"2010-06-04 23:59:59";16;20740;20;10;0;<FLG>
V6155020;V615502002;HINnJ;1;"2010-06-05 00:00:00";"2010-06-05 23:59:59";16;20333;20;10;0;<FLG>
V6155020;V615502002;HINnJ;1;"2010-06-06 00:00:00";"2010-06-06 23:59:59";16;19940;20;10;0;<FLG>
V6155020;V615502002;HINnJ;1;"2010-06-07 00:00:00";"2010-06-07 23:59:59";16;19560;20;10;0;<FLG>
V6155020;V615502002;HINnJ;1;"2010-06-08 00:00:00";"2010-06-08 23:59:59";16;19180;20;10;0;<FLG>
V6155020;V615502002;HINnJ;1;"2010-06-09 00:00:00";"2010-06-09 23:59:59";16;18800;20;10;0;<FLG>
V6155020;V615502002;HINnJ;1;"2010-06-10 00:00:00";"2010-06-10 23:59:59";16;18420;20;10;0;<FLG>
V6155020;V615502002;HINnJ;1;"2010-06-11 00:00:00";"2010-06-11 23:59:59";16;18032;20;10;0;<FLG>
V6155020;V615502002;HINnJ;1;"2010-06-12 00:00:00";"2010-06-12 23:59:59";16;17635;20;10;0;<FLG>
V6155020;V615502002;HINnJ;1;"2010-06-13 00:00:00";"2010-06-13 23:59:59";16;17238;20;10;0;<FLG>
V6155020;V615502002;HINnJ;1;"2010-06-14 00:00:00";"2010-06-14 12:00:00";16;17040;20;10;0;<FLG>
V6155020;V615502002;HINnJ;1;"2010-06-15 00:00:00";"2010-06-15 00:00:00";16;18245;20;10;0;<FLG>
V6155020;V615502002;HINnJ;1;"2010-06-16 00:00:00";"2010-06-16 00:00:00";16;20655;20;10;0;<FLG>
V6155020;V615502002;HINnJ;1;"2010-06-17 00:00:00";"2010-06-17 00:00:00";16;22018;20;10;0;<FLG>
V6155020;V615502002;HINnJ;1;"2010-06-18 00:00:00";"2010-06-18 00:00:00";16;22332;20;10;0;<FLG>
V6155020;V615502002;HINnJ;1;"2010-06-19 00:00:00";"2010-06-19 00:00:00";16;22495;20;10;0;<FLG>
V6155020;V615502002;HINnJ;1;"2010-06-20 00:00:00";"2010-06-20 23:59:59";16;22485;20;10;0;<FLG>
V6155020;V615502002;HINnJ;1;"2010-06-21 00:00:00";"2010-06-21 23:59:59";16;22400;20;10;0;<FLG>
V6155020;V615502002;HINnJ;1;"2010-06-22 00:00:00";"2010-06-22 23:59:59";16;22280;20;10;0;<FLG>
V6155020;V615502002;HINnJ;1;"2010-06-23 00:00:00";"2010-06-23 23:59:59";16;22160;20;10;0;<FLG>
V6155020;V615502002;HINnJ;1;"2010-06-24 00:00:00";"2010-06-24 23:59:59";16;22040;20;10;0;<FLG>
V6155020;V615502002;HINnJ;1;"2010-06-25 00:00:00";"2010-06-25 23:59:59";16;21920;20;10;0;<FLG>
V6155020;V615502002;HINnJ;1;"2010-06-26 00:00:00";"2010-06-26 23:59:59";16;21800;20;10;0;<FLG>
V6155020;V615502002;HINnJ;1;"2010-06-27 00:00:00";"2010-06-27 23:59:59";16;21680;20;10;0;<FLG>
V6155020;V615502002;HINnJ;1;"2010-06-28 00:00:00";"2010-06-28 23:59:59";16;21560;20;10;0;<FLG>
V6155020;V615502002;HINnJ;1;"2010-06-29 00:00:00";"2010-06-29 23:59:59";16;21375;20;10;0;<FLG>
V6155020;V615502002;HINnJ;1;"2010-06-30 00:00:00";"2010-06-30 12:00:00";16;21250;20;10;0;<FLG>
V6155020;V615502002;HINnJ;1;"2010-07-01 00:00:00";"2010-07-01 00:00:00";16;21385;20;10;0;<FLG>
V6155020;V615502002;HINnJ;1;"2010-07-02 00:00:00";"2010-07-02 23:59:59";16;21365;20;10;0;<FLG>
V6155020;V615502002;HINnJ;1;"2010-07-03 00:00:00";"2010-07-03 23:59:59";16;21015;20;10;0;<FLG>
V6155020;V615502002;HINnJ;1;"2010-07-04 00:00:00";"2010-07-04 23:59:59";16;20478;20;10;0;<FLG>
V6155020;V615502002;HINnJ;1;"2010-07-05 00:00:00";"2010-07-05 23:59:59";16;19895;20;10;0;<FLG>
V6155020;V615502002;HINnJ;1;"2010-07-06 00:00:00";"2010-07-06 23:59:59";16;19312;20;10;0;<FLG>
V6155020;V615502002;HINnJ;1;"2010-07-07 00:00:00";"2010-07-07 23:59:59";16;18687;20;10;0;<FLG>
V6155020;V615502002;HINnJ;1;"2010-07-08 00:00:00";"2010-07-08 23:59:59";16;18020;20;10;0;<FLG>
V6155020;V615502002;HINnJ;1;"2010-07-09 00:00:00";"2010-07-09 23:59:59";16;17353;20;10;0;<FLG>
V6155020;V615502002;HINnJ;1;"2010-07-10 00:00:00";"2010-07-10 23:59:59";16;16797;20;10;0;<FLG>
V6155020;V615502002;HINnJ;1;"2010-07-11 00:00:00";"2010-07-11 23:59:59";16;16350;20;10;0;<FLG>
V6155020;V615502002;HINnJ;1;"2010-07-12 00:00:00";"2010-07-12 23:59:59";16;15903;20;10;0;<FLG>
V6155020;V615502002;HINnJ;1;"2010-07-13 00:00:00";"2010-07-13 23:59:59";16;15457;20;10;0;<FLG>
V6155020;V615502002;HINnJ;1;"2010-07-14 00:00:00";"2010-07-14 23:59:59";16;15010;20;10;0;<FLG>
V6155020;V615502002;HINnJ;1;"2010-07-15 00:00:00";"2010-07-15 23:59:59";16;14563;20;10;0;<FLG>
V6155020;V615502002;HINnJ;1;"2010-07-16 00:00:00";"2010-07-16 23:59:59";16;14117;20;10;0;<FLG>
V6155020;V615502002;HINnJ;1;"2010-07-17 00:00:00";"2010-07-17 23:59:59";16;13670;20;10;0;<FLG>
V6155020;V615502002;HINnJ;1;"2010-07-18 00:00:00";"2010-07-18 23:59:59";16;13223;20;10;0;<FLG>
V6155020;V615502002;HINnJ;1;"2010-07-19 00:00:00";"2010-07-19 23:59:59";16;12847;20;10;0;<FLG>
V6155020;V615502002;HINnJ;1;"2010-07-20 00:00:00";"2010-07-20 23:59:59";16;12542;20;10;0;<FLG>
V6155020;V615502002;HINnJ;1;"2010-07-21 00:00:00";"2010-07-21 23:59:59";16;12236;20;10;0;<FLG>
V6155020;V615502002;HINnJ;1;"2010-07-22 00:00:00";"2010-07-22 23:59:59";16;11931;20;10;0;<FLG>
V6155020;V615502002;HINnJ;1;"2010-07-23 00:00:00";"2010-07-23 23:59:59";16;11625;20;10;0;<FLG>
V6155020;V615502002;HINnJ;1;"2010-07-24 00:00:00";"2010-07-24 23:59:59";16;11319;20;10;0;<FLG>
V6155020;V615502002;HINnJ;1;"2010-07-25 00:00:00";"2010-07-25 23:59:59";16;11014;20;10;0;<FLG>
V6155020;V615502002;HINnJ;1;"2010-07-26 00:00:00";"2010-07-26 23:59:59";16;10708;20;10;0;<FLG>
V6155020;V615502002;HINnJ;1;"2010-07-27 00:00:00";"2010-07-27 23:59:59";16;10403;20;10;0;<FLG>
V6155020;V615502002;HINnJ;1;"2010-07-28 00:00:00";"2010-07-28 23:59:59";16;10140;20;10;0;<FLG>
V6155020;V615502002;HINnJ;1;"2010-07-29 00:00:00";"2010-07-29 23:59:59";16;9920;20;10;0;<FLG>
V6155020;V615502002;HINnJ;1;"2010-07-30 00:00:00";"2010-07-30 23:59:59";16;9700;20;10;0;<FLG>
V6155020;V615502002;HINnJ;1;"2010-07-31 00:00:00";"2010-07-31 23:59:59";16;9480;20;10;0;<FLG>
V6155020;V615502002;HINnJ;1;"2010-08-01 00:00:00";"2010-08-01 23:59:59";16;9260;20;10;0;<FLG>
V6155020;V615502002;HINnJ;1;"2010-08-02 00:00:00";"2010-08-02 23:59:59";16;9040;20;10;0;<FLG>
V6155020;V615502002;HINnJ;1;"2010-08-03 00:00:00";"2010-08-03 23:59:59";16;8820;20;10;0;<FLG>
V6155020;V615502002;HINnJ;1;"2010-08-04 00:00:00";"2010-08-04 23:59:59";16;8607;20;10;0;<FLG>
V6155020;V615502002;HINnJ;1;"2010-08-05 00:00:00";"2010-08-05 23:59:59";16;8401;20;10;0;<FLG>
V6155020;V615502002;HINnJ;1;"2010-08-06 00:00:00";"2010-08-06 23:59:59";16;8195;20;10;0;<FLG>
V6155020;V615502002;HINnJ;1;"2010-08-07 00:00:00";"2010-08-07 23:59:59";16;7989;20;10;0;<FLG>
V6155020;V615502002;HINnJ;1;"2010-08-08 00:00:00";"2010-08-08 23:59:59";16;7783;20;10;0;<FLG>
V6155020;V615502002;HINnJ;1;"2010-08-09 00:00:00";"2010-08-09 23:59:59";16;7602;20;10;0;<FLG>
V6155020;V615502002;HINnJ;1;"2010-08-10 00:00:00";"2010-08-10 23:59:59";16;7446;20;10;0;<FLG>
V6155020;V615502002;HINnJ;1;"2010-08-11 00:00:00";"2010-08-11 23:59:59";16;7290;20;10;0;<FLG>
V6155020;V615502002;HINnJ;1;"2010-08-12 00:00:00";"2010-08-12 23:59:59";16;7134;20;10;0;<FLG>
V6155020;V615502002;HINnJ;1;"2010-08-13 00:00:00";"2010-08-13 23:59:59";16;6978;20;10;0;<FLG>
V6155020;V615502002;HINnJ;1;"2010-08-14 00:00:00";"2010-08-14 23:59:59";16;6808;20;10;0;<FLG>
V6155020;V615502002;HINnJ;1;"2010-08-15 00:00:00";"2010-08-15 23:59:59";16;6625;20;10;0;<FLG>
V6155020;V615502002;HINnJ;1;"2010-08-16 00:00:00";"2010-08-16 23:59:59";16;6442;20;10;0;<FLG>
V6155020;V615502002;HINnJ;1;"2010-08-17 00:00:00";"2010-08-17 23:59:59";16;6298;20;10;0;<FLG>
V6155020;V615502002;HINnJ;1;"2010-08-18 00:00:00";"2010-08-18 23:59:59";16;6195;20;10;0;<FLG>
V6155020;V615502002;HINnJ;1;"2010-08-19 00:00:00";"2010-08-19 23:59:59";16;6092;20;10;0;<FLG>
V6155020;V615502002;HINnJ;1;"2010-08-20 00:00:00";"2010-08-20 23:59:59";16;5988;20;10;0;<FLG>
V6155020;V615502002;HINnJ;1;"2010-08-21 00:00:00";"2010-08-21 23:59:59";16;5885;20;10;0;<FLG>
V6155020;V615502002;HINnJ;1;"2010-08-22 00:00:00";"2010-08-22 23:59:59";16;5782;20;10;0;<FLG>
V6155020;V615502002;HINnJ;1;"2010-08-23 00:00:00";"2010-08-23 23:59:59";16;5678;20;10;0;<FLG>
V6155020;V615502002;HINnJ;1;"2010-08-24 00:00:00";"2010-08-24 23:59:59";16;5575;20;10;0;<FLG>
V6155020;V615502002;HINnJ;1;"2010-08-25 00:00:00";"2010-08-25 23:59:59";16;5472;20;10;0;<FLG>
V6155020;V615502002;HINnJ;1;"2010-08-26 00:00:00";"2010-08-26 23:59:59";16;5372;20;10;0;<FLG>
V6155020;V615502002;HINnJ;1;"2010-08-27 00:00:00";"2010-08-27 23:59:59";16;5276;20;10;0;<FLG>
V6155020;V615502002;HINnJ;1;"2010-08-28 00:00:00";"2010-08-28 23:59:59";16;5179;20;10;0;<FLG>
V6155020;V615502002;HINnJ;1;"2010-08-29 00:00:00";"2010-08-29 23:59:59";16;5083;20;10;0;<FLG>
V6155020;V615502002;HINnJ;1;"2010-08-30 00:00:00";"2010-08-30 23:59:59";16;4987;20;10;0;<FLG>
V6155020;V615502002;HINnJ;1;"2010-08-31 00:00:00";"2010-08-31 23:59:59";16;4891;20;10;0;<FLG>
V6155020;V615502002;HINnJ;1;"2010-09-01 00:00:00";"2010-09-01 23:59:59";16;4794;20;10;0;<FLG>
V6155020;V615502002;HINnJ;1;"2010-09-02 00:00:00";"2010-09-02 23:59:59";16;4698;20;10;0;<FLG>
V6155020;V615502002;HINnJ;1;"2010-09-03 00:00:00";"2010-09-03 12:00:00";16;4650;20;10;0;<FLG>
V6155020;V615502002;HINnJ;1;"2010-09-04 00:00:00";"2010-09-04 00:00:00";16;4719;20;10;0;<FLG>
V6155020;V615502002;HINnJ;1;"2010-09-05 00:00:00";"2010-09-05 00:00:00";16;4856;20;10;0;<FLG>
V6155020;V615502002;HINnJ;1;"2010-09-06 00:00:00";"2010-09-06 00:00:00";16;4994;20;10;0;<FLG>
V6155020;V615502002;HINnJ;1;"2010-09-07 00:00:00";"2010-09-07 00:00:00";16;5131;20;10;0;<FLG>
V6155020;V615502002;HINnJ;1;"2010-09-08 00:00:00";"2010-09-08 00:00:00";16;5700;20;10;0;<FLG>
V6155020;V615502002;HINnJ;1;"2010-09-09 00:00:00";"2010-09-09 23:59:59";16;5593;20;10;0;<FLG>
V6155020;V615502002;HINnJ;1;"2010-09-10 00:00:00";"2010-09-10 23:59:59";16;5379;20;10;0;<FLG>
V6155020;V615502002;HINnJ;1;"2010-09-11 00:00:00";"2010-09-11 23:59:59";16;5164;20;10;0;<FLG>
V6155020;V615502002;HINnJ;1;"2010-09-12 00:00:00";"2010-09-12 23:59:59";16;4950;20;10;0;<FLG>
V6155020;V615502002;HINnJ;1;"2010-09-13 00:00:00";"2010-09-13 23:59:59";16;4736;20;10;0;<FLG>
V6155020;V615502002;HINnJ;1;"2010-09-14 00:00:00";"2010-09-14 23:59:59";16;4521;20;10;0;<FLG>
V6155020;V615502002;HINnJ;1;"2010-09-15 00:00:00";"2010-09-15 23:59:59";16;4307;20;10;0;<FLG>
V6155020;V615502002;HINnJ;1;"2010-09-16 00:00:00";"2010-09-16 23:59:59";16;4138;20;10;0;<FLG>
V6155020;V615502002;HINnJ;1;"2010-09-17 00:00:00";"2010-09-17 23:59:59";16;4012;20;10;0;<FLG>
V6155020;V615502002;HINnJ;1;"2010-09-18 00:00:00";"2010-09-18 23:59:59";16;3922;20;10;0;<FLG>
V6155020;V615502002;HINnJ;1;"2010-09-19 00:00:00";"2010-09-19 23:59:59";16;3866;20;10;0;<FLG>
V6155020;V615502002;HINnJ;1;"2010-09-20 00:00:00";"2010-09-20 23:59:59";16;3809;20;10;0;<FLG>
V6155020;V615502002;HINnJ;1;"2010-09-21 00:00:00";"2010-09-21 23:59:59";16;3753;20;10;0;<FLG>
V6155020;V615502002;HINnJ;1;"2010-09-22 00:00:00";"2010-09-22 23:59:59";16;3697;20;10;0;<FLG>
V6155020;V615502002;HINnJ;1;"2010-09-23 00:00:00";"2010-09-23 23:59:59";16;3641;20;10;0;<FLG>
V6155020;V615502002;HINnJ;1;"2010-09-24 00:00:00";"2010-09-24 23:59:59";16;3584;20;10;0;<FLG>
V6155020;V615502002;HINnJ;1;"2010-09-25 00:00:00";"2010-09-25 23:59:59";16;3528;20;10;0;<FLG>
V6155020;V615502002;HINnJ;1;"2010-09-26 00:00:00";"2010-09-26 23:59:59";16;3442;20;10;0;<FLG>
V6155020;V615502002;HINnJ;1;"2010-09-27 00:00:00";"2010-09-27 23:59:59";16;3325;20;10;0;<FLG>
V6155020;V615502002;HINnJ;1;"2010-09-28 00:00:00";"2010-09-28 23:59:59";16;3208;20;10;0;<FLG>
V6155020;V615502002;HINnJ;1;"2010-09-29 00:00:00";"2010-09-29 12:00:00";16;3150;20;10;0;<FLG>
V6155020;V615502002;HINnJ;1;"2010-09-30 00:00:00";"2010-09-30 00:00:00";16;3150;20;10;0;<FLG>
V6155020;V615502002;HINnJ;1;"2010-10-01 00:00:00";"2010-10-01 00:00:00";16;3150;20;10;0;<FLG>
V6155020;V615502002;HINnJ;1;"2010-10-02 00:00:00";"2010-10-02 00:00:00";16;3150;20;10;0;<FLG>
V6155020;V615502002;HINnJ;1;"2010-10-03 00:00:00";"2010-10-03 00:00:00";16;3150;20;10;0;<FLG>
V6155020;V615502002;HINnJ;1;"2010-10-04 00:00:00";"2010-10-04 00:00:00";16;3150;20;10;0;<FLG>
V6155020;V615502002;HINnJ;1;"2010-10-05 00:00:00";"2010-10-05 23:59:59";16;3123;20;10;0;<FLG>
V6155020;V615502002;HINnJ;1;"2010-10-06 00:00:00";"2010-10-06 23:59:59";16;3069;20;10;0;<FLG>
V6155020;V615502002;HINnJ;1;"2010-10-07 00:00:00";"2010-10-07 23:59:59";16;3014;20;10;0;<FLG>
V6155020;V615502002;HINnJ;1;"2010-10-08 00:00:00";"2010-10-08 23:59:59";16;2960;20;10;0;<FLG>
V6155020;V615502002;HINnJ;1;"2010-10-09 00:00:00";"2010-10-09 23:59:59";16;2906;20;10;0;<FLG>
V6155020;V615502002;HINnJ;1;"2010-10-10 00:00:00";"2010-10-10 23:59:59";16;2851;20;10;0;<FLG>
V6155020;V615502002;HINnJ;1;"2010-10-11 00:00:00";"2010-10-11 23:59:59";16;2797;20;10;0;<FLG>
V6155020;V615502002;HINnJ;1;"2010-10-12 00:00:00";"2010-10-12 23:59:59";16;2744;20;10;0;<FLG>
V6155020;V615502002;HINnJ;1;"2010-10-13 00:00:00";"2010-10-13 23:59:59";16;2691;20;10;0;<FLG>
V6155020;V615502002;HINnJ;1;"2010-10-14 00:00:00";"2010-10-14 23:59:59";16;2639;20;10;0;<FLG>
V6155020;V615502002;HINnJ;1;"2010-10-15 00:00:00";"2010-10-15 23:59:59";16;2586;20;10;0;<FLG>
V6155020;V615502002;HINnJ;1;"2010-10-16 00:00:00";"2010-10-16 23:59:59";16;2534;20;10;0;<FLG>
V6155020;V615502002;HINnJ;1;"2010-10-17 00:00:00";"2010-10-17 23:59:59";16;2481;20;10;0;<FLG>
V6155020;V615502002;HINnJ;1;"2010-10-18 00:00:00";"2010-10-18 23:59:59";16;2429;20;10;0;<FLG>
V6155020;V615502002;HINnJ;1;"2010-10-19 00:00:00";"2010-10-19 23:59:59";16;2376;20;10;0;<FLG>
V6155020;V615502002;HINnJ;1;"2010-10-20 00:00:00";"2010-10-20 12:00:00";16;2350;20;10;0;<FLG>
V6155020;V615502002;HINnJ;1;"2010-10-21 00:00:00";"2010-10-21 00:00:00";16;2446;20;10;0;<FLG>
V6155020;V615502002;HINnJ;1;"2010-10-22 00:00:00";"2010-10-22 00:00:00";16;2638;20;10;0;<FLG>
V6155020;V615502002;HINnJ;1;"2010-10-23 00:00:00";"2010-10-23 00:00:00";16;2829;20;10;0;<FLG>
V6155020;V615502002;HINnJ;1;"2010-10-24 00:00:00";"2010-10-24 00:00:00";16;3021;20;10;0;<FLG>
V6155020;V615502002;HINnJ;1;"2010-10-25 00:00:00";"2010-10-25 00:00:00";16;3212;20;10;0;<FLG>
V6155020;V615502002;HINnJ;1;"2010-10-26 00:00:00";"2010-10-26 23:59:59";16;3362;20;10;0;<FLG>
V6155020;V615502002;HINnJ;1;"2010-10-27 00:00:00";"2010-10-27 23:59:59";16;3088;20;10;0;<FLG>
V6155020;V615502002;HINnJ;1;"2010-10-28 00:00:00";"2010-10-28 12:00:00";16;2950;20;10;0;<FLG>
V6155020;V615502002;HINnJ;1;"2010-10-29 00:00:00";"2010-10-29 00:00:00";16;5354;20;10;0;<FLG>
V6155020;V615502002;HINnJ;1;"2010-10-30 00:00:00";"2010-10-30 00:00:00";16;10161;20;10;0;<FLG>
V6155020;V615502002;HINnJ;1;"2010-10-31 00:00:00";"2010-10-31 00:00:00";16;14969;20;10;0;<FLG>
V6155020;V615502002;HINnJ;1;"2010-11-01 00:00:00";"2010-11-01 00:00:00";16;19776;20;10;0;<FLG>
V6155020;V615502002;HINnJ;1;"2010-11-02 00:00:00";"2010-11-02 00:00:00";16;22390;20;10;0;<FLG>
V6155020;V615502002;HINnJ;1;"2010-11-03 00:00:00";"2010-11-03 23:59:59";16;22542;20;10;0;<FLG>
V6155020;V615502002;HINnJ;1;"2010-11-04 00:00:00";"2010-11-04 23:59:59";16;22368;20;10;0;<FLG>
V6155020;V615502002;HINnJ;1;"2010-11-05 00:00:00";"2010-11-05 23:59:59";16;22090;20;10;0;<FLG>
V6155020;V615502002;HINnJ;1;"2010-11-06 00:00:00";"2010-11-06 23:59:59";16;21400;20;10;0;<FLG>
V6155020;V615502002;HINnJ;1;"2010-11-07 00:00:00";"2010-11-07 23:59:59";16;20140;20;10;0;<FLG>
V6155020;V615502002;HINnJ;1;"2010-11-08 00:00:00";"2010-11-08 23:59:59";16;18740;20;10;0;<FLG>
V6155020;V615502002;HINnJ;1;"2010-11-09 00:00:00";"2010-11-09 23:59:59";16;17452;20;10;0;<FLG>
V6155020;V615502002;HINnJ;1;"2010-11-10 00:00:00";"2010-11-10 23:59:59";16;16158;20;10;0;<FLG>
V6155020;V615502002;HINnJ;1;"2010-11-11 00:00:00";"2010-11-11 23:59:59";16;15130;20;10;0;<FLG>
V6155020;V615502002;HINnJ;1;"2010-11-12 00:00:00";"2010-11-12 23:59:59";16;14492;20;10;0;<FLG>
V6155020;V615502002;HINnJ;1;"2010-11-13 00:00:00";"2010-11-13 23:59:59";16;13975;20;10;0;<FLG>
V6155020;V615502002;HINnJ;1;"2010-11-14 00:00:00";"2010-11-14 23:59:59";16;13458;20;10;0;<FLG>
V6155020;V615502002;HINnJ;1;"2010-11-15 00:00:00";"2010-11-15 12:00:00";16;13200;20;10;0;<FLG>
V6155020;V615502002;HINnJ;1;"2010-11-16 00:00:00";"2010-11-16 00:00:00";16;13735;20;10;0;<FLG>
V6155020;V615502002;HINnJ;1;"2010-11-17 00:00:00";"2010-11-17 00:00:00";16;14778;20;10;0;<FLG>
V6155020;V615502002;HINnJ;1;"2010-11-18 00:00:00";"2010-11-18 00:00:00";16;15792;20;10;0;<FLG>
V6155020;V615502002;HINnJ;1;"2010-11-19 00:00:00";"2010-11-19 23:59:59";16;15400;20;10;0;<FLG>
V6155020;V615502002;HINnJ;1;"2010-11-20 00:00:00";"2010-11-20 12:00:00";16;14900;20;10;0;<FLG>
V6155020;V615502002;HINnJ;1;"2010-11-21 00:00:00";"2010-11-21 00:00:00";16;17345;20;10;0;<FLG>
V6155020;V615502002;HINnJ;1;"2010-11-22 00:00:00";"2010-11-22 00:00:00";16;21030;20;10;0;<FLG>
V6155020;V615502002;HINnJ;1;"2010-11-23 00:00:00";"2010-11-23 23:59:59";16;22188;20;10;0;<FLG>
V6155020;V615502002;HINnJ;1;"2010-11-24 00:00:00";"2010-11-24 23:59:59";16;22022;20;10;0;<FLG>
V6155020;V615502002;HINnJ;1;"2010-11-25 00:00:00";"2010-11-25 23:59:59";16;21662;20;10;0;<FLG>
V6155020;V615502002;HINnJ;1;"2010-11-26 00:00:00";"2010-11-26 23:59:59";16;21108;20;10;0;<FLG>
V6155020;V615502002;HINnJ;1;"2010-11-27 00:00:00";"2010-11-27 23:59:59";16;20315;20;10;0;<FLG>
V6155020;V615502002;HINnJ;1;"2010-11-28 00:00:00";"2010-11-28 23:59:59";16;19362;20;10;0;<FLG>
V6155020;V615502002;HINnJ;1;"2010-11-29 00:00:00";"2010-11-29 23:59:59";16;18488;20;10;0;<FLG>
V6155020;V615502002;HINnJ;1;"2010-11-30 00:00:00";"2010-11-30 12:00:00";16;18050;20;10;0;<FLG>
V6155020;V615502002;HINnJ;1;"2010-12-01 00:00:00";"2010-12-01 00:00:00";16;18362;20;10;0;<FLG>
V6155020;V615502002;HINnJ;1;"2010-12-02 00:00:00";"2010-12-02 00:00:00";16;18988;20;10;0;<FLG>
V6155020;V615502002;HINnJ;1;"2010-12-03 00:00:00";"2010-12-03 00:00:00";16;19550;20;10;0;<FLG>
V6155020;V615502002;HINnJ;1;"2010-12-04 00:00:00";"2010-12-04 00:00:00";16;20050;20;10;0;<FLG>
V6155020;V615502002;HINnJ;1;"2010-12-05 00:00:00";"2010-12-05 00:00:00";16;20431;20;10;0;<FLG>
V6155020;V615502002;HINnJ;1;"2010-12-06 00:00:00";"2010-12-06 00:00:00";16;20694;20;10;0;<FLG>
V6155020;V615502002;HINnJ;1;"2010-12-07 00:00:00";"2010-12-07 00:00:00";16;20956;20;10;0;<FLG>
V6155020;V615502002;HINnJ;1;"2010-12-08 00:00:00";"2010-12-08 00:00:00";16;21219;20;10;0;<FLG>
V6155020;V615502002;HINnJ;1;"2010-12-09 00:00:00";"2010-12-09 00:00:00";16;21481;20;10;0;<FLG>
V6155020;V615502002;HINnJ;1;"2010-12-10 00:00:00";"2010-12-10 00:00:00";16;21744;20;10;0;<FLG>
V6155020;V615502002;HINnJ;1;"2010-12-11 00:00:00";"2010-12-11 00:00:00";16;22006;20;10;0;<FLG>
V6155020;V615502002;HINnJ;1;"2010-12-12 00:00:00";"2010-12-12 00:00:00";16;22269;20;10;0;<FLG>
V6155020;V615502002;HINnJ;1;"2010-12-13 00:00:00";"2010-12-13 23:59:59";16;22231;20;10;0;<FLG>
V6155020;V615502002;HINnJ;1;"2010-12-14 00:00:00";"2010-12-14 23:59:59";16;22119;20;10;0;<FLG>
V6155020;V615502002;HINnJ;1;"2010-12-15 00:00:00";"2010-12-15 23:59:59";16;22006;20;10;0;<FLG>
V6155020;V615502002;HINnJ;1;"2010-12-16 00:00:00";"2010-12-16 23:59:59";16;21842;20;10;0;<FLG>
V6155020;V615502002;HINnJ;1;"2010-12-17 00:00:00";"2010-12-17 23:59:59";16;21625;20;10;0;<FLG>
V6155020;V615502002;HINnJ;1;"2010-12-18 00:00:00";"2010-12-18 23:59:59";16;21408;20;10;0;<FLG>
V6155020;V615502002;HINnJ;1;"2010-12-19 00:00:00";"2010-12-19 12:00:00";16;21300;20;10;0;<FLG>
V6155020;V615502002;HINnJ;1;"2010-12-20 00:00:00";"2010-12-20 00:00:00";16;21387;20;10;0;<FLG>
V6155020;V615502002;HINnJ;1;"2010-12-21 00:00:00";"2010-12-21 00:00:00";16;21560;20;10;0;<FLG>
V6155020;V615502002;HINnJ;1;"2010-12-22 00:00:00";"2010-12-22 00:00:00";16;21733;20;10;0;<FLG>
V6155020;V615502002;HINnJ;1;"2010-12-23 00:00:00";"2010-12-23 00:00:00";16;22102;20;10;0;<FLG>
V6155020;V615502002;HINnJ;1;"2010-12-24 00:00:00";"2010-12-24 00:00:00";16;22668;20;10;0;<FLG>
V6155020;V615502002;HINnJ;1;"2010-12-25 00:00:00";"2010-12-25 00:00:00";16;23005;20;10;0;<FLG>
V6155020;V615502002;HINnJ;1;"2010-12-26 00:00:00";"2010-12-26 23:59:59";16;23001;20;10;0;<FLG>
V6155020;V615502002;HINnJ;1;"2010-12-27 00:00:00";"2010-12-27 23:59:59";16;22944;20;10;0;<FLG>
V6155020;V615502002;HINnJ;1;"2010-12-28 00:00:00";"2010-12-28 23:59:59";16;22886;20;10;0;<FLG>
V6155020;V615502002;HINnJ;1;"2010-12-29 00:00:00";"2010-12-29 23:59:59";16;22829;20;10;0;<FLG>
V6155020;V615502002;HINnJ;1;"2010-12-30 00:00:00";"2010-12-30 23:59:59";16;22755;20;10;0;<FLG>
V6155020;V615502002;HINnJ;1;"2010-12-31 00:00:00";"2010-12-31 23:59:59";16;22665;20;10;0;<FLG>
V6155020;V615502002;HINnJ;1;"2011-01-01 00:00:00";"2011-01-01 23:59:59";16;22560;20;10;0;<FLG>
V6155020;V615502002;HINnJ;1;"2011-01-02 00:00:00";"2011-01-02 23:59:59";16;22450;20;10;0;<FLG>
V6155020;V615502002;HINnJ;1;"2011-01-03 00:00:00";"2011-01-03 23:59:59";16;22350;20;10;0;<FLG>
V6155020;V615502002;HINnJ;1;"2011-01-04 00:00:00";"2011-01-04 23:59:59";16;22250;20;10;0;<FLG>
V6155020;V615502002;HINnJ;1;"2011-01-05 00:00:00";"2011-01-05 23:59:59";16;22162;20;10;0;<FLG>
V6155020;V615502002;HINnJ;1;"2011-01-06 00:00:00";"2011-01-06 23:59:59";16;22088;20;10;0;<FLG>
V6155020;V615502002;HINnJ;1;"2011-01-07 00:00:00";"2011-01-07 12:00:00";16;22050;20;10;0;<FLG>
V6155020;V615502002;HINnJ;1;"2011-01-08 00:00:00";"2011-01-08 00:00:00";16;22058;20;10;0;<FLG>
V6155020;V615502002;HINnJ;1;"2011-01-09 00:00:00";"2011-01-09 00:00:00";16;22072;20;10;0;<FLG>
V6155020;V615502002;HINnJ;1;"2011-01-10 00:00:00";"2011-01-10 00:00:00";16;22090;20;10;0;<FLG>
V6155020;V615502002;HINnJ;1;"2011-01-11 00:00:00";"2011-01-11 00:00:00";16;22142;20;10;0;<FLG>
V6155020;V615502002;HINnJ;1;"2011-01-12 00:00:00";"2011-01-12 00:00:00";16;22225;20;10;0;<FLG>
V6155020;V615502002;HINnJ;1;"2011-01-13 00:00:00";"2011-01-13 00:00:00";16;22308;20;10;0;<FLG>
V6155020;V615502002;HINnJ;1;"2011-01-14 00:00:00";"2011-01-14 23:59:59";16;22282;20;10;0;<FLG>
V6155020;V615502002;HINnJ;1;"2011-01-15 00:00:00";"2011-01-15 23:59:59";16;22238;20;10;0;<FLG>
V6155020;V615502002;HINnJ;1;"2011-01-16 00:00:00";"2011-01-16 23:59:59";16;22192;20;10;0;<FLG>
V6155020;V615502002;HINnJ;1;"2011-01-17 00:00:00";"2011-01-17 23:59:59";16;22148;20;10;0;<FLG>
V6155020;V615502002;HINnJ;1;"2011-01-18 00:00:00";"2011-01-18 23:59:59";16;22102;20;10;0;<FLG>
V6155020;V615502002;HINnJ;1;"2011-01-19 00:00:00";"2011-01-19 23:59:59";16;22032;20;10;0;<FLG>
V6155020;V615502002;HINnJ;1;"2011-01-20 00:00:00";"2011-01-20 23:59:59";16;21938;20;10;0;<FLG>
V6155020;V615502002;HINnJ;1;"2011-01-21 00:00:00";"2011-01-21 23:59:59";16;21842;20;10;0;<FLG>
V6155020;V615502002;HINnJ;1;"2011-01-22 00:00:00";"2011-01-22 23:59:59";16;21748;20;10;0;<FLG>
V6155020;V615502002;HINnJ;1;"2011-01-23 00:00:00";"2011-01-23 23:59:59";16;21583;20;10;0;<FLG>
V6155020;V615502002;HINnJ;1;"2011-01-24 00:00:00";"2011-01-24 23:59:59";16;21350;20;10;0;<FLG>
V6155020;V615502002;HINnJ;1;"2011-01-25 00:00:00";"2011-01-25 23:59:59";16;21117;20;10;0;<FLG>
V6155020;V615502002;HINnJ;1;"2011-01-26 00:00:00";"2011-01-26 23:59:59";16;20685;20;10;0;<FLG>
V6155020;V615502002;HINnJ;1;"2011-01-27 00:00:00";"2011-01-27 23:59:59";16;20055;20;10;0;<FLG>
V6155020;V615502002;HINnJ;1;"2011-01-28 00:00:00";"2011-01-28 23:59:59";16;19425;20;10;0;<FLG>
V6155020;V615502002;HINnJ;1;"2011-01-29 00:00:00";"2011-01-29 23:59:59";16;18795;20;10;0;<FLG>
V6155020;V615502002;HINnJ;1;"2011-01-30 00:00:00";"2011-01-30 12:00:00";16;18480;20;10;0;<FLG>
V6155020;V615502002;HINnJ;1;"2011-01-31 00:00:00";"2011-01-31 23:59:59";16;18305;20;10;0;<FLG>
V6155020;V615502002;HINnJ;1;"2011-02-01 00:00:00";"2011-02-01 23:59:59";16;17915;20;10;0;<FLG>
V6155020;V615502002;HINnJ;1;"2011-02-02 00:00:00";"2011-02-02 23:59:59";16;17475;20;10;0;<FLG>
V6155020;V615502002;HINnJ;1;"2011-02-03 00:00:00";"2011-02-03 23:59:59";16;16985;20;10;0;<FLG>
V6155020;V615502002;HINnJ;1;"2011-02-04 00:00:00";"2011-02-04 23:59:59";16;16495;20;10;0;<FLG>
V6155020;V615502002;HINnJ;1;"2011-02-05 00:00:00";"2011-02-05 23:59:59";16;16055;20;10;0;<FLG>
V6155020;V615502002;HINnJ;1;"2011-02-06 00:00:00";"2011-02-06 23:59:59";16;15665;20;10;0;<FLG>
V6155020;V615502002;HINnJ;1;"2011-02-07 00:00:00";"2011-02-07 23:59:59";16;15289;20;10;0;<FLG>
V6155020;V615502002;HINnJ;1;"2011-02-08 00:00:00";"2011-02-08 23:59:59";16;14926;20;10;0;<FLG>
V6155020;V615502002;HINnJ;1;"2011-02-09 00:00:00";"2011-02-09 23:59:59";16;14564;20;10;0;<FLG>
V6155020;V615502002;HINnJ;1;"2011-02-10 00:00:00";"2011-02-10 23:59:59";16;14201;20;10;0;<FLG>
V6155020;V615502002;HINnJ;1;"2011-02-11 00:00:00";"2011-02-11 12:00:00";16;14020;20;10;0;<FLG>
V6155020;V615502002;HINnJ;1;"2011-02-12 00:00:00";"2011-02-12 00:00:00";16;14155;20;10;0;<FLG>
V6155020;V615502002;HINnJ;1;"2011-02-13 00:00:00";"2011-02-13 00:00:00";16;14425;20;10;0;<FLG>
V6155020;V615502002;HINnJ;1;"2011-02-14 00:00:00";"2011-02-14 00:00:00";16;14695;20;10;0;<FLG>
V6155020;V615502002;HINnJ;1;"2011-02-15 00:00:00";"2011-02-15 00:00:00";16;14965;20;10;0;<FLG>
V6155020;V615502002;HINnJ;1;"2011-02-16 00:00:00";"2011-02-16 00:00:00";16;15235;20;10;0;<FLG>
V6155020;V615502002;HINnJ;1;"2011-02-17 00:00:00";"2011-02-17 00:00:00";16;16165;20;10;0;<FLG>
V6155020;V615502002;HINnJ;1;"2011-02-18 00:00:00";"2011-02-18 00:00:00";16;17755;20;10;0;<FLG>
V6155020;V615502002;HINnJ;1;"2011-02-19 00:00:00";"2011-02-19 23:59:59";16;18415;20;10;0;<FLG>
V6155020;V615502002;HINnJ;1;"2011-02-20 00:00:00";"2011-02-20 23:59:59";16;18175;20;10;0;<FLG>
V6155020;V615502002;HINnJ;1;"2011-02-21 00:00:00";"2011-02-21 23:59:59";16;17785;20;10;0;<FLG>
V6155020;V615502002;HINnJ;1;"2011-02-22 00:00:00";"2011-02-22 23:59:59";16;17395;20;10;0;<FLG>
V6155020;V615502002;HINnJ;1;"2011-02-23 00:00:00";"2011-02-23 23:59:59";16;17008;20;10;0;<FLG>
V6155020;V615502002;HINnJ;1;"2011-02-24 00:00:00";"2011-02-24 23:59:59";16;16624;20;10;0;<FLG>
V6155020;V615502002;HINnJ;1;"2011-02-25 00:00:00";"2011-02-25 23:59:59";16;16239;20;10;0;<FLG>
V6155020;V615502002;HINnJ;1;"2011-02-26 00:00:00";"2011-02-26 23:59:59";16;15855;20;10;0;<FLG>
V6155020;V615502002;HINnJ;1;"2011-02-27 00:00:00";"2011-02-27 23:59:59";16;15471;20;10;0;<FLG>
V6155020;V615502002;HINnJ;1;"2011-02-28 00:00:00";"2011-02-28 23:59:59";16;15086;20;10;0;<FLG>
V6155020;V615502002;HINnJ;1;"2011-03-01 00:00:00";"2011-03-01 23:59:59";16;14702;20;10;0;<FLG>
V6155020;V615502002;HINnJ;1;"2011-03-02 00:00:00";"2011-03-02 23:59:59";16;14319;20;10;0;<FLG>
V6155020;V615502002;HINnJ;1;"2011-03-03 00:00:00";"2011-03-03 23:59:59";16;13937;20;10;0;<FLG>
V6155020;V615502002;HINnJ;1;"2011-03-04 00:00:00";"2011-03-04 23:59:59";16;13555;20;10;0;<FLG>
V6155020;V615502002;HINnJ;1;"2011-03-05 00:00:00";"2011-03-05 23:59:59";16;13173;20;10;0;<FLG>
V6155020;V615502002;HINnJ;1;"2011-03-06 00:00:00";"2011-03-06 23:59:59";16;12791;20;10;0;<FLG>
V6155020;V615502002;HINnJ;1;"2011-03-07 00:00:00";"2011-03-07 23:59:59";16;12468;20;10;0;<FLG>
V6155020;V615502002;HINnJ;1;"2011-03-08 00:00:00";"2011-03-08 23:59:59";16;12204;20;10;0;<FLG>
V6155020;V615502002;HINnJ;1;"2011-03-09 00:00:00";"2011-03-09 23:59:59";16;11940;20;10;0;<FLG>
V6155020;V615502002;HINnJ;1;"2011-03-10 00:00:00";"2011-03-10 23:59:59";16;11676;20;10;0;<FLG>
V6155020;V615502002;HINnJ;1;"2011-03-11 00:00:00";"2011-03-11 23:59:59";16;11412;20;10;0;<FLG>
V6155020;V615502002;HINnJ;1;"2011-03-12 00:00:00";"2011-03-12 12:00:00";16;11280;20;10;0;<FLG>
V6155020;V615502002;HINnJ;1;"2011-03-13 00:00:00";"2011-03-13 00:00:00";16;12572;20;10;0;<FLG>
V6155020;V615502002;HINnJ;1;"2011-03-14 00:00:00";"2011-03-14 00:00:00";16;15155;20;10;0;<FLG>
V6155020;V615502002;HINnJ;1;"2011-03-15 00:00:00";"2011-03-15 00:00:00";16;17738;20;10;0;<FLG>
V6155020;V615502002;HINnJ;1;"2011-03-16 00:00:00";"2011-03-16 00:00:00";16;20335;20;10;0;<FLG>
V6155020;V615502002;HINnJ;1;"2011-03-17 00:00:00";"2011-03-17 00:00:00";16;22005;20;10;0;<FLG>
V6155020;V615502002;HINnJ;1;"2011-03-18 00:00:00";"2011-03-18 00:00:00";16;22435;20;10;0;<FLG>
V6155020;V615502002;HINnJ;1;"2011-03-19 00:00:00";"2011-03-19 23:59:59";16;22478;20;10;0;<FLG>
V6155020;V615502002;HINnJ;1;"2011-03-20 00:00:00";"2011-03-20 23:59:59";16;22417;20;10;0;<FLG>
V6155020;V615502002;HINnJ;1;"2011-03-21 00:00:00";"2011-03-21 23:59:59";16;22310;20;10;0;<FLG>
V6155020;V615502002;HINnJ;1;"2011-03-22 00:00:00";"2011-03-22 23:59:59";16;22203;20;10;0;<FLG>
V6155020;V615502002;HINnJ;1;"2011-03-23 00:00:00";"2011-03-23 23:59:59";16;22065;20;10;0;<FLG>
V6155020;V615502002;HINnJ;1;"2011-03-24 00:00:00";"2011-03-24 23:59:59";16;21895;20;10;0;<FLG>
V6155020;V615502002;HINnJ;1;"2011-03-25 00:00:00";"2011-03-25 23:59:59";16;21725;20;10;0;<FLG>
V6155020;V615502002;HINnJ;1;"2011-03-26 00:00:00";"2011-03-26 23:59:59";16;21555;20;10;0;<FLG>
V6155020;V615502002;HINnJ;1;"2011-03-27 00:00:00";"2011-03-27 12:00:00";16;21470;20;10;0;<FLG>
V6155020;V615502002;HINnJ;1;"2011-03-28 00:00:00";"2011-03-28 00:00:00";16;21765;20;10;0;<FLG>
V6155020;V615502002;HINnJ;1;"2011-03-29 00:00:00";"2011-03-29 00:00:00";16;22230;20;10;0;<FLG>
V6155020;V615502002;HINnJ;1;"2011-03-30 00:00:00";"2011-03-30 00:00:00";16;22412;20;10;0;<FLG>
V6155020;V615502002;HINnJ;1;"2011-03-31 00:00:00";"2011-03-31 23:59:59";16;22425;20;10;0;<FLG>
V6155020;V615502002;HINnJ;1;"2011-04-01 00:00:00";"2011-04-01 23:59:59";16;22375;20;10;0;<FLG>
V6155020;V615502002;HINnJ;1;"2011-04-02 00:00:00";"2011-04-02 23:59:59";16;22325;20;10;0;<FLG>
V6155020;V615502002;HINnJ;1;"2011-04-03 00:00:00";"2011-04-03 23:59:59";16;22275;20;10;0;<FLG>
V6155020;V615502002;HINnJ;1;"2011-04-04 00:00:00";"2011-04-04 23:59:59";16;22192;20;10;0;<FLG>
V6155020;V615502002;HINnJ;1;"2011-04-05 00:00:00";"2011-04-05 23:59:59";16;22078;20;10;0;<FLG>
V6155020;V615502002;HINnJ;1;"2011-04-06 00:00:00";"2011-04-06 23:59:59";16;21978;20;10;0;<FLG>
V6155020;V615502002;HINnJ;1;"2011-04-07 00:00:00";"2011-04-07 23:59:59";16;21892;20;10;0;<FLG>
V6155020;V615502002;HINnJ;1;"2011-04-08 00:00:00";"2011-04-08 23:59:59";16;21780;20;10;0;<FLG>
V6155020;V615502002;HINnJ;1;"2011-04-09 00:00:00";"2011-04-09 23:59:59";16;21640;20;10;0;<FLG>
V6155020;V615502002;HINnJ;1;"2011-04-10 00:00:00";"2011-04-10 23:59:59";16;21465;20;10;0;<FLG>
V6155020;V615502002;HINnJ;1;"2011-04-11 00:00:00";"2011-04-11 23:59:59";16;21112;20;10;0;<FLG>
V6155020;V615502002;HINnJ;1;"2011-04-12 00:00:00";"2011-04-12 23:59:59";16;20618;20;10;0;<FLG>
V6155020;V615502002;HINnJ;1;"2011-04-13 00:00:00";"2011-04-13 23:59:59";16;20082;20;10;0;<FLG>
V6155020;V615502002;HINnJ;1;"2011-04-14 00:00:00";"2011-04-14 23:59:59";16;19508;20;10;0;<FLG>
V6155020;V615502002;HINnJ;1;"2011-04-15 00:00:00";"2011-04-15 23:59:59";16;18927;20;10;0;<FLG>
V6155020;V615502002;HINnJ;1;"2011-04-16 00:00:00";"2011-04-16 23:59:59";16;18340;20;10;0;<FLG>
V6155020;V615502002;HINnJ;1;"2011-04-17 00:00:00";"2011-04-17 23:59:59";16;17753;20;10;0;<FLG>
V6155020;V615502002;HINnJ;1;"2011-04-18 00:00:00";"2011-04-18 23:59:59";16;17167;20;10;0;<FLG>
V6155020;V615502002;HINnJ;1;"2011-04-19 00:00:00";"2011-04-19 23:59:59";16;16580;20;10;0;<FLG>
V6155020;V615502002;HINnJ;1;"2011-04-20 00:00:00";"2011-04-20 23:59:59";16;15993;20;10;0;<FLG>
V6155020;V615502002;HINnJ;1;"2011-04-21 00:00:00";"2011-04-21 23:59:59";16;15485;20;10;0;<FLG>
V6155020;V615502002;HINnJ;1;"2011-04-22 00:00:00";"2011-04-22 23:59:59";16;15055;20;10;0;<FLG>
V6155020;V615502002;HINnJ;1;"2011-04-23 00:00:00";"2011-04-23 23:59:59";16;14625;20;10;0;<FLG>
V6155020;V615502002;HINnJ;1;"2011-04-24 00:00:00";"2011-04-24 23:59:59";16;14195;20;10;0;<FLG>
V6155020;V615502002;HINnJ;1;"2011-04-25 00:00:00";"2011-04-25 23:59:59";16;13765;20;10;0;<FLG>
V6155020;V615502002;HINnJ;1;"2011-04-26 00:00:00";"2011-04-26 23:59:59";16;13393;20;10;0;<FLG>
V6155020;V615502002;HINnJ;1;"2011-04-27 00:00:00";"2011-04-27 23:59:59";16;13080;20;10;0;<FLG>
V6155020;V615502002;HINnJ;1;"2011-04-28 00:00:00";"2011-04-28 23:59:59";16;12767;20;10;0;<FLG>
V6155020;V615502002;HINnJ;1;"2011-04-29 00:00:00";"2011-04-29 23:59:59";16;12554;20;10;0;<FLG>
V6155020;V615502002;HINnJ;1;"2011-04-30 00:00:00";"2011-04-30 23:59:59";16;12442;20;10;0;<FLG>
V6155020;V615502002;HINnJ;1;"2011-05-01 00:00:00";"2011-05-01 23:59:59";16;12330;20;10;0;<FLG>
V6155020;V615502002;HINnJ;1;"2011-05-02 00:00:00";"2011-05-02 23:59:59";16;12218;20;10;0;<FLG>
V6155020;V615502002;HINnJ;1;"2011-05-03 00:00:00";"2011-05-03 23:59:59";16;12106;20;10;0;<FLG>
V6155020;V615502002;HINnJ;1;"2011-05-04 00:00:00";"2011-05-04 23:59:59";16;11842;20;10;0;<FLG>
V6155020;V615502002;HINnJ;1;"2011-05-05 00:00:00";"2011-05-05 23:59:59";16;11425;20;10;0;<FLG>
V6155020;V615502002;HINnJ;1;"2011-05-06 00:00:00";"2011-05-06 23:59:59";16;11008;20;10;0;<FLG>
V6155020;V615502002;HINnJ;1;"2011-05-07 00:00:00";"2011-05-07 23:59:59";16;10668;20;10;0;<FLG>
V6155020;V615502002;HINnJ;1;"2011-05-08 00:00:00";"2011-05-08 23:59:59";16;10402;20;10;0;<FLG>
V6155020;V615502002;HINnJ;1;"2011-05-09 00:00:00";"2011-05-09 23:59:59";16;10138;20;10;0;<FLG>
V6155020;V615502002;HINnJ;1;"2011-05-10 00:00:00";"2011-05-10 23:59:59";16;9872;20;10;0;<FLG>
V6155020;V615502002;HINnJ;1;"2011-05-11 00:00:00";"2011-05-11 23:59:59";16;9608;20;10;0;<FLG>
V6155020;V615502002;HINnJ;1;"2011-05-12 00:00:00";"2011-05-12 23:59:59";16;9342;20;10;0;<FLG>
V6155020;V615502002;HINnJ;1;"2011-05-13 00:00:00";"2011-05-13 23:59:59";16;9078;20;10;0;<FLG>
V6155020;V615502002;HINnJ;1;"2011-05-14 00:00:00";"2011-05-14 23:59:59";16;8812;20;10;0;<FLG>
V6155020;V615502002;HINnJ;1;"2011-05-15 00:00:00";"2011-05-15 23:59:59";16;8548;20;10;0;<FLG>
V6155020;V615502002;HINnJ;1;"2011-05-16 00:00:00";"2011-05-16 23:59:59";16;8282;20;10;0;<FLG>
V6155020;V615502002;HINnJ;1;"2011-05-17 00:00:00";"2011-05-17 23:59:59";16;8052;20;10;0;<FLG>
V6155020;V615502002;HINnJ;1;"2011-05-18 00:00:00";"2011-05-18 23:59:59";16;7856;20;10;0;<FLG>
V6155020;V615502002;HINnJ;1;"2011-05-19 00:00:00";"2011-05-19 23:59:59";16;7660;20;10;0;<FLG>
V6155020;V615502002;HINnJ;1;"2011-05-20 00:00:00";"2011-05-20 23:59:59";16;7464;20;10;0;<FLG>
V6155020;V615502002;HINnJ;1;"2011-05-21 00:00:00";"2011-05-21 23:59:59";16;7268;20;10;0;<FLG>
V6155020;V615502002;HINnJ;1;"2011-05-22 00:00:00";"2011-05-22 23:59:59";16;7081;20;10;0;<FLG>
V6155020;V615502002;HINnJ;1;"2011-05-23 00:00:00";"2011-05-23 23:59:59";16;6902;20;10;0;<FLG>
V6155020;V615502002;HINnJ;1;"2011-05-24 00:00:00";"2011-05-24 23:59:59";16;6724;20;10;0;<FLG>
V6155020;V615502002;HINnJ;1;"2011-05-25 00:00:00";"2011-05-25 23:59:59";16;6546;20;10;0;<FLG>
V6155020;V615502002;HINnJ;1;"2011-05-26 00:00:00";"2011-05-26 23:59:59";16;6368;20;10;0;<FLG>
V6155020;V615502002;HINnJ;1;"2011-05-27 00:00:00";"2011-05-27 23:59:59";16;6189;20;10;0;<FLG>
V6155020;V615502002;HINnJ;1;"2011-05-28 00:00:00";"2011-05-28 23:59:59";16;6017;20;10;0;<FLG>
V6155020;V615502002;HINnJ;1;"2011-05-29 00:00:00";"2011-05-29 23:59:59";16;5850;20;10;0;<FLG>
V6155020;V615502002;HINnJ;1;"2011-05-30 00:00:00";"2011-05-30 23:59:59";16;5683;20;10;0;<FLG>
V6155020;V615502002;HINnJ;1;"2011-05-31 00:00:00";"2011-05-31 23:59:59";16;5533;20;10;0;<FLG>
V6155020;V615502002;HINnJ;1;"2011-06-01 00:00:00";"2011-06-01 23:59:59";16;5400;20;10;0;<FLG>
V6155020;V615502002;HINnJ;1;"2011-06-02 00:00:00";"2011-06-02 23:59:59";16;5267;20;10;0;<FLG>
V6155020;V615502002;HINnJ;1;"2011-06-03 00:00:00";"2011-06-03 12:00:00";16;5200;20;10;0;<FLG>
V6155020;V615502002;HINnJ;1;"2011-06-04 00:00:00";"2011-06-04 00:00:00";16;5200;20;10;0;<FLG>
V6155020;V615502002;HINnJ;1;"2011-06-05 00:00:00";"2011-06-05 12:00:00";16;5200;20;10;0;<FLG>
V6155020;V615502002;HINnJ;1;"2011-06-06 00:00:00";"2011-06-06 00:00:00";16;5600;20;10;0;<FLG>
V6155020;V615502002;HINnJ;1;"2011-06-07 00:00:00";"2011-06-07 00:00:00";16;6050;20;10;0;<FLG>
V6155020;V615502002;HINnJ;1;"2011-06-08 00:00:00";"2011-06-08 23:59:59";16;5835;20;10;0;<FLG>
V6155020;V615502002;HINnJ;1;"2011-06-09 00:00:00";"2011-06-09 23:59:59";16;5545;20;10;0;<FLG>
V6155020;V615502002;HINnJ;1;"2011-06-10 00:00:00";"2011-06-10 23:59:59";16;5395;20;10;0;<FLG>
V6155020;V615502002;HINnJ;1;"2011-06-11 00:00:00";"2011-06-11 23:59:59";16;5245;20;10;0;<FLG>
V6155020;V615502002;HINnJ;1;"2011-06-12 00:00:00";"2011-06-12 23:59:59";16;5095;20;10;0;<FLG>
V6155020;V615502002;HINnJ;1;"2011-06-13 00:00:00";"2011-06-13 23:59:59";16;4945;20;10;0;<FLG>
V6155020;V615502002;HINnJ;1;"2011-06-14 00:00:00";"2011-06-14 23:59:59";16;4795;20;10;0;<FLG>
V6155020;V615502002;HINnJ;1;"2011-06-15 00:00:00";"2011-06-15 23:59:59";16;4645;20;10;0;<FLG>
V6155020;V615502002;HINnJ;1;"2011-06-16 00:00:00";"2011-06-16 23:59:59";16;4514;20;10;0;<FLG>
V6155020;V615502002;HINnJ;1;"2011-06-17 00:00:00";"2011-06-17 23:59:59";16;4402;20;10;0;<FLG>
V6155020;V615502002;HINnJ;1;"2011-06-18 00:00:00";"2011-06-18 23:59:59";16;4291;20;10;0;<FLG>
V6155020;V615502002;HINnJ;1;"2011-06-19 00:00:00";"2011-06-19 23:59:59";16;4179;20;10;0;<FLG>
V6155020;V615502002;HINnJ;1;"2011-06-20 00:00:00";"2011-06-20 23:59:59";16;4068;20;10;0;<FLG>
V6155020;V615502002;HINnJ;1;"2011-06-21 00:00:00";"2011-06-21 23:59:59";16;3956;20;10;0;<FLG>
V6155020;V615502002;HINnJ;1;"2011-06-22 00:00:00";"2011-06-22 23:59:59";16;3858;20;10;0;<FLG>
V6155020;V615502002;HINnJ;1;"2011-06-23 00:00:00";"2011-06-23 23:59:59";16;3774;20;10;0;<FLG>
V6155020;V615502002;HINnJ;1;"2011-06-24 00:00:00";"2011-06-24 23:59:59";16;3691;20;10;0;<FLG>
V6155020;V615502002;HINnJ;1;"2011-06-25 00:00:00";"2011-06-25 23:59:59";16;3607;20;10;0;<FLG>
V6155020;V615502002;HINnJ;1;"2011-06-26 00:00:00";"2011-06-26 23:59:59";16;3523;20;10;0;<FLG>
V6155020;V615502002;HINnJ;1;"2011-06-27 00:00:00";"2011-06-27 23:59:59";16;3439;20;10;0;<FLG>
V6155020;V615502002;HINnJ;1;"2011-06-28 00:00:00";"2011-06-28 23:59:59";16;3356;20;10;0;<FLG>
V6155020;V615502002;HINnJ;1;"2011-06-29 00:00:00";"2011-06-29 23:59:59";16;3272;20;10;0;<FLG>
V6155020;V615502002;HINnJ;1;"2011-06-30 00:00:00";"2011-06-30 23:59:59";16;3198;20;10;0;<FLG>
V6155020;V615502002;HINnJ;1;"2011-07-01 00:00:00";"2011-07-01 23:59:59";16;3134;20;10;0;<FLG>
V6155020;V615502002;HINnJ;1;"2011-07-02 00:00:00";"2011-07-02 23:59:59";16;3069;20;10;0;<FLG>
V6155020;V615502002;HINnJ;1;"2011-07-03 00:00:00";"2011-07-03 23:59:59";16;3005;20;10;0;<FLG>
V6155020;V615502002;HINnJ;1;"2011-07-04 00:00:00";"2011-07-04 23:59:59";16;2941;20;10;0;<FLG>
V6155020;V615502002;HINnJ;1;"2011-07-05 00:00:00";"2011-07-05 23:59:59";16;2876;20;10;0;<FLG>
V6155020;V615502002;HINnJ;1;"2011-07-06 00:00:00";"2011-07-06 23:59:59";16;2812;20;10;0;<FLG>
V6155020;V615502002;HINnJ;1;"2011-07-07 00:00:00";"2011-07-07 23:59:59";16;2745;20;10;0;<FLG>
V6155020;V615502002;HINnJ;1;"2011-07-08 00:00:00";"2011-07-08 23:59:59";16;2675;20;10;0;<FLG>
V6155020;V615502002;HINnJ;1;"2011-07-09 00:00:00";"2011-07-09 23:59:59";16;2605;20;10;0;<FLG>
V6155020;V615502002;HINnJ;1;"2011-07-10 00:00:00";"2011-07-10 23:59:59";16;2535;20;10;0;<FLG>
V6155020;V615502002;HINnJ;1;"2011-07-11 00:00:00";"2011-07-11 23:59:59";16;2488;20;10;0;<FLG>
V6155020;V615502002;HINnJ;1;"2011-07-12 00:00:00";"2011-07-12 23:59:59";16;2462;20;10;0;<FLG>
V6155020;V615502002;HINnJ;1;"2011-07-13 00:00:00";"2011-07-13 23:59:59";16;2438;20;10;0;<FLG>
V6155020;V615502002;HINnJ;1;"2011-07-14 00:00:00";"2011-07-14 23:59:59";16;2412;20;10;0;<FLG>
V6155020;V615502002;HINnJ;1;"2011-07-15 00:00:00";"2011-07-15 23:59:59";16;2383;20;10;0;<FLG>
V6155020;V615502002;HINnJ;1;"2011-07-16 00:00:00";"2011-07-16 23:59:59";16;2350;20;10;0;<FLG>
V6155020;V615502002;HINnJ;1;"2011-07-17 00:00:00";"2011-07-17 23:59:59";16;2317;20;10;0;<FLG>
V6155020;V615502002;HINnJ;1;"2011-07-18 00:00:00";"2011-07-18 23:59:59";16;2283;20;10;0;<FLG>
V6155020;V615502002;HINnJ;1;"2011-07-19 00:00:00";"2011-07-19 23:59:59";16;2250;20;10;0;<FLG>
V6155020;V615502002;HINnJ;1;"2011-07-20 00:00:00";"2011-07-20 23:59:59";16;2217;20;10;0;<FLG>
V6155020;V615502002;HINnJ;1;"2011-07-21 00:00:00";"2011-07-21 23:59:59";16;2183;20;10;0;<FLG>
V6155020;V615502002;HINnJ;1;"2011-07-22 00:00:00";"2011-07-22 23:59:59";16;2150;20;10;0;<FLG>
V6155020;V615502002;HINnJ;1;"2011-07-23 00:00:00";"2011-07-23 23:59:59";16;2117;20;10;0;<FLG>
V6155020;V615502002;HINnJ;1;"2011-07-24 00:00:00";"2011-07-24 23:59:59";16;2086;20;10;0;<FLG>
V6155020;V615502002;HINnJ;1;"2011-07-25 00:00:00";"2011-07-25 23:59:59";16;2057;20;10;0;<FLG>
V6155020;V615502002;HINnJ;1;"2011-07-26 00:00:00";"2011-07-26 23:59:59";16;2029;20;10;0;<FLG>
V6155020;V615502002;HINnJ;1;"2011-07-27 00:00:00";"2011-07-27 23:59:59";16;2000;20;10;0;<FLG>
V6155020;V615502002;HINnJ;1;"2011-07-28 00:00:00";"2011-07-28 23:59:59";16;1971;20;10;0;<FLG>
V6155020;V615502002;HINnJ;1;"2011-07-29 00:00:00";"2011-07-29 23:59:59";16;1943;20;10;0;<FLG>
V6155020;V615502002;HINnJ;1;"2011-07-30 00:00:00";"2011-07-30 23:59:59";16;1914;20;10;0;<FLG>
V6155020;V615502002;HINnJ;1;"2011-07-31 00:00:00";"2011-07-31 23:59:59";16;1879;20;10;0;<FLG>
V6155020;V615502002;HINnJ;1;"2011-08-01 00:00:00";"2011-08-01 23:59:59";16;1838;20;10;0;<FLG>
V6155020;V615502002;HINnJ;1;"2011-08-02 00:00:00";"2011-08-02 23:59:59";16;1796;20;10;0;<FLG>
V6155020;V615502002;HINnJ;1;"2011-08-03 00:00:00";"2011-08-03 23:59:59";16;1754;20;10;0;<FLG>
V6155020;V615502002;HINnJ;1;"2011-08-04 00:00:00";"2011-08-04 23:59:59";16;1712;20;10;0;<FLG>
V6155020;V615502002;HINnJ;1;"2011-08-05 00:00:00";"2011-08-05 23:59:59";16;1671;20;10;0;<FLG>
V6155020;V615502002;HINnJ;1;"2011-08-06 00:00:00";"2011-08-06 12:00:00";16;1650;20;10;0;<FLG>
V6155020;V615502002;HINnJ;1;"2011-08-07 00:00:00";"2011-08-07 00:00:00";16;1650;20;10;0;<FLG>
V6155020;V615502002;HINnJ;1;"2011-08-08 00:00:00";"2011-08-08 23:59:59";16;1621;20;10;0;<FLG>
V6155020;V615502002;HINnJ;1;"2011-08-09 00:00:00";"2011-08-09 23:59:59";16;1562;20;10;0;<FLG>
V6155020;V615502002;HINnJ;1;"2011-08-10 00:00:00";"2011-08-10 23:59:59";16;1504;20;10;0;<FLG>
V6155020;V615502002;HINnJ;1;"2011-08-11 00:00:00";"2011-08-11 23:59:59";16;1446;20;10;0;<FLG>
V6155020;V615502002;HINnJ;1;"2011-08-12 00:00:00";"2011-08-12 23:59:59";16;1388;20;10;0;<FLG>
V6155020;V615502002;HINnJ;1;"2011-08-13 00:00:00";"2011-08-13 23:59:59";16;1329;20;10;0;<FLG>
V6155020;V615502002;HINnJ;1;"2011-08-14 00:00:00";"2011-08-14 23:59:59";16;1288;20;10;0;<FLG>
V6155020;V615502002;HINnJ;1;"2011-08-15 00:00:00";"2011-08-15 23:59:59";16;1262;20;10;0;<FLG>
V6155020;V615502002;HINnJ;1;"2011-08-16 00:00:00";"2011-08-16 23:59:59";16;1238;20;10;0;<FLG>
V6155020;V615502002;HINnJ;1;"2011-08-17 00:00:00";"2011-08-17 23:59:59";16;1212;20;10;0;<FLG>
V6155020;V615502002;HINnJ;1;"2011-08-18 00:00:00";"2011-08-18 23:59:59";16;1188;20;10;0;<FLG>
V6155020;V615502002;HINnJ;1;"2011-08-19 00:00:00";"2011-08-19 23:59:59";16;1162;20;10;0;<FLG>
V6155020;V615502002;HINnJ;1;"2011-08-20 00:00:00";"2011-08-20 23:59:59";16;1139;20;10;0;<FLG>
V6155020;V615502002;HINnJ;1;"2011-08-21 00:00:00";"2011-08-21 23:59:59";16;1118;20;10;0;<FLG>
V6155020;V615502002;HINnJ;1;"2011-08-22 00:00:00";"2011-08-22 23:59:59";16;1096;20;10;0;<FLG>
V6155020;V615502002;HINnJ;1;"2011-08-23 00:00:00";"2011-08-23 23:59:59";16;1075;20;10;0;<FLG>
V6155020;V615502002;HINnJ;1;"2011-08-24 00:00:00";"2011-08-24 23:59:59";16;1054;20;10;0;<FLG>
V6155020;V615502002;HINnJ;1;"2011-08-25 00:00:00";"2011-08-25 23:59:59";16;1032;20;10;0;<FLG>
V6155020;V615502002;HINnJ;1;"2011-08-26 00:00:00";"2011-08-26 23:59:59";16;1011;20;10;0;<FLG>
V6155020;V615502002;HINnJ;1;"2011-08-27 00:00:00";"2011-08-27 23:59:59";16;990;20;10;0;<FLG>
V6155020;V615502002;HINnJ;1;"2011-08-28 00:00:00";"2011-08-28 23:59:59";16;970;20;10;0;<FLG>
V6155020;V615502002;HINnJ;1;"2011-08-29 00:00:00";"2011-08-29 23:59:59";16;950;20;10;0;<FLG>
V6155020;V615502002;HINnJ;1;"2011-08-30 00:00:00";"2011-08-30 23:59:59";16;930;20;10;0;<FLG>
V6155020;V615502002;HINnJ;1;"2011-08-31 00:00:00";"2011-08-31 23:59:59";16;910;20;10;0;<FLG>
V6155020;V615502002;HINnJ;1;"2011-09-01 00:00:00";"2011-09-01 12:00:00";16;900;20;10;0;<FLG>
V6155020;V615502002;HINnJ;1;"2011-09-02 00:00:00";"2011-09-02 00:00:00";16;909;20;10;0;<FLG>
V6155020;V615502002;HINnJ;1;"2011-09-03 00:00:00";"2011-09-03 00:00:00";16;927;20;10;0;<FLG>
V6155020;V615502002;HINnJ;1;"2011-09-04 00:00:00";"2011-09-04 00:00:00";16;945;20;10;0;<FLG>
V6155020;V615502002;HINnJ;1;"2011-09-05 00:00:00";"2011-09-05 00:00:00";16;963;20;10;0;<FLG>
V6155020;V615502002;HINnJ;1;"2011-09-06 00:00:00";"2011-09-06 23:59:59";16;961;20;10;0;<FLG>
V6155020;V615502002;HINnJ;1;"2011-09-07 00:00:00";"2011-09-07 23:59:59";16;903;20;10;0;<FLG>
V6155020;V615502002;HINnJ;1;"2011-09-08 00:00:00";"2011-09-08 23:59:59";16;845;20;10;0;<FLG>
V6155020;V615502002;HINnJ;1;"2011-09-09 00:00:00";"2011-09-09 23:59:59";16;787;20;10;0;<FLG>
V6155020;V615502002;HINnJ;1;"2011-09-10 00:00:00";"2011-09-10 23:59:59";16;729;20;10;0;<FLG>
V6155020;V615502002;HINnJ;1;"2011-09-11 00:00:00";"2011-09-11 23:59:59";16;695;20;10;0;<FLG>
V6155020;V615502002;HINnJ;1;"2011-09-12 00:00:00";"2011-09-12 23:59:59";16;685;20;10;0;<FLG>
V6155020;V615502002;HINnJ;1;"2011-09-13 00:00:00";"2011-09-13 23:59:59";16;675;20;10;0;<FLG>
V6155020;V615502002;HINnJ;1;"2011-09-14 00:00:00";"2011-09-14 23:59:59";16;665;20;10;0;<FLG>
V6155020;V615502002;HINnJ;1;"2011-09-15 00:00:00";"2011-09-15 23:59:59";16;655;20;10;0;<FLG>
V6155020;V615502002;HINnJ;1;"2011-09-16 00:00:00";"2011-09-16 23:59:59";16;637;20;10;0;<FLG>
V6155020;V615502002;HINnJ;1;"2011-09-17 00:00:00";"2011-09-17 23:59:59";16;612;20;10;0;<FLG>
V6155020;V615502002;HINnJ;1;"2011-09-18 00:00:00";"2011-09-18 23:59:59";16;586;20;10;0;<FLG>
V6155020;V615502002;HINnJ;1;"2011-09-19 00:00:00";"2011-09-19 23:59:59";16;561;20;10;0;<FLG>
V6155020;V615502002;HINnJ;1;"2011-09-20 00:00:00";"2011-09-20 23:59:59";16;535;20;10;0;<FLG>
V6155020;V615502002;HINnJ;1;"2011-09-21 00:00:00";"2011-09-21 23:59:59";16;509;20;10;0;<FLG>
V6155020;V615502002;HINnJ;1;"2011-09-22 00:00:00";"2011-09-22 23:59:59";16;484;20;10;0;<FLG>
V6155020;V615502002;HINnJ;1;"2011-09-23 00:00:00";"2011-09-23 23:59:59";16;458;20;10;0;<FLG>
V6155020;V615502002;HINnJ;1;"2011-09-24 00:00:00";"2011-09-24 23:59:59";16;433;20;10;0;<FLG>
V6155020;V615502002;HINnJ;1;"2011-09-25 00:00:00";"2011-09-25 23:59:59";16;414;20;10;0;<FLG>
V6155020;V615502002;HINnJ;1;"2011-09-26 00:00:00";"2011-09-26 23:59:59";16;402;20;10;0;<FLG>
V6155020;V615502002;HINnJ;1;"2011-09-27 00:00:00";"2011-09-27 23:59:59";16;391;20;10;0;<FLG>
V6155020;V615502002;HINnJ;1;"2011-09-28 00:00:00";"2011-09-28 23:59:59";16;379;20;10;0;<FLG>
V6155020;V615502002;HINnJ;1;"2011-09-29 00:00:00";"2011-09-29 23:59:59";16;368;20;10;0;<FLG>
V6155020;V615502002;HINnJ;1;"2011-09-30 00:00:00";"2011-09-30 23:59:59";16;356;20;10;0;<FLG>
V6155020;V615502002;HINnJ;1;"2011-10-01 00:00:00";"2011-10-01 23:59:59";16;339;20;10;0;<FLG>
V6155020;V615502002;HINnJ;1;"2011-10-02 00:00:00";"2011-10-02 23:59:59";16;318;20;10;0;<FLG>
V6155020;V615502002;HINnJ;1;"2011-10-03 00:00:00";"2011-10-03 23:59:59";16;296;20;10;0;<FLG>
V6155020;V615502002;HINnJ;1;"2011-10-04 00:00:00";"2011-10-04 23:59:59";16;275;20;10;0;<FLG>
V6155020;V615502002;HINnJ;1;"2011-10-05 00:00:00";"2011-10-05 23:59:59";16;254;20;10;0;<FLG>
V6155020;V615502002;HINnJ;1;"2011-10-06 00:00:00";"2011-10-06 23:59:59";16;232;20;10;0;<FLG>
V6155020;V615502002;HINnJ;1;"2011-10-07 00:00:00";"2011-10-07 23:59:59";16;211;20;10;0;<FLG>
V6155020;V615502002;HINnJ;1;"2011-10-08 00:00:00";"2011-10-08 23:59:59";16;192;20;10;0;<FLG>
V6155020;V615502002;HINnJ;1;"2011-10-09 00:00:00";"2011-10-09 23:59:59";16;174;20;10;0;<FLG>
V6155020;V615502002;HINnJ;1;"2011-10-10 00:00:00";"2011-10-10 23:59:59";16;158;20;10;0;<FLG>
V6155020;V615502002;HINnJ;1;"2011-10-11 00:00:00";"2011-10-11 23:59:59";16;140;20;10;0;<FLG>
V6155020;V615502002;HINnJ;1;"2011-10-12 00:00:00";"2011-10-12 23:59:59";16;124;20;10;0;<FLG>
V6155020;V615502002;HINnJ;1;"2011-10-13 00:00:00";"2011-10-13 23:59:59";16;106;20;10;0;<FLG>
V6155020;V615502002;HINnJ;1;"2011-10-14 00:00:00";"2011-10-14 23:59:59";16;90;20;10;0;<FLG>
V6155020;V615502002;HINnJ;1;"2011-10-15 00:00:00";"2011-10-15 23:59:59";16;72;20;10;0;<FLG>
V6155020;V615502002;HINnJ;1;"2011-10-16 00:00:00";"2011-10-16 23:59:59";16;56;20;10;0;<FLG>
V6155020;V615502002;HINnJ;1;"2011-10-17 00:00:00";"2011-10-17 23:59:59";16;38;20;10;0;<FLG>
V6155020;V615502002;HINnJ;1;"2011-10-18 00:00:00";"2011-10-18 12:00:00";16;30;20;10;0;<FLG>
V6155020;V615502002;HINnJ;1;"2011-10-19 00:00:00";"2011-10-19 00:00:00";16;35;20;10;0;<FLG>
V6155020;V615502002;HINnJ;1;"2011-10-20 00:00:00";"2011-10-20 23:59:59";16;36;20;10;0;<FLG>
V6155020;V615502002;HINnJ;1;"2011-10-21 00:00:00";"2011-10-21 23:59:59";16;29;20;10;0;<FLG>
V6155020;V615502002;HINnJ;1;"2011-10-22 00:00:00";"2011-10-22 23:59:59";16;21;20;10;0;<FLG>
V6155020;V615502002;HINnJ;1;"2011-10-23 00:00:00";"2011-10-23 23:59:59";16;14;20;10;0;<FLG>
V6155020;V615502002;HINnJ;1;"2011-10-24 00:00:00";"2011-10-24 12:00:00";16;10;20;10;0;<FLG>
V6155020;V615502002;HINnJ;1;"2011-10-25 00:00:00";"2011-10-25 00:00:00";16;408;20;10;0;<FLG>
V6155020;V615502002;HINnJ;1;"2011-10-26 00:00:00";"2011-10-26 00:00:00";16;1202;20;10;0;<FLG>
V6155020;V615502002;HINnJ;1;"2011-10-27 00:00:00";"2011-10-27 23:59:59";16;1425;20;10;0;<FLG>
V6155020;V615502002;HINnJ;1;"2011-10-28 00:00:00";"2011-10-28 23:59:59";16;1175;20;10;0;<FLG>
V6155020;V615502002;HINnJ;1;"2011-10-29 00:00:00";"2011-10-29 23:59:59";16;925;20;10;0;<FLG>
V6155020;V615502002;HINnJ;1;"2011-10-30 00:00:00";"2011-10-30 23:59:59";16;775;20;10;0;<FLG>
V6155020;V615502002;HINnJ;1;"2011-10-31 00:00:00";"2011-10-31 23:59:59";16;725;20;10;0;<FLG>
V6155020;V615502002;HINnJ;1;"2011-11-01 00:00:00";"2011-11-01 12:00:00";16;700;20;10;0;<FLG>
V6155020;V615502002;HINnJ;1;"2011-11-02 00:00:00";"2011-11-02 00:00:00";16;850;20;10;0;<FLG>
V6155020;V615502002;HINnJ;1;"2011-11-03 00:00:00";"2011-11-03 00:00:00";16;1150;20;10;0;<FLG>
V6155020;V615502002;HINnJ;1;"2011-11-04 00:00:00";"2011-11-04 00:00:00";16;3200;20;10;0;<FLG>
V6155020;V615502002;HINnJ;1;"2011-11-05 00:00:00";"2011-11-05 00:00:00";16;9235;20;10;0;<FLG>
V6155020;V615502002;HINnJ;1;"2011-11-06 00:00:00";"2011-11-06 00:00:00";16;18160;20;10;0;<FLG>
V6155020;V615502002;HINnJ;1;"2011-11-07 00:00:00";"2011-11-07 00:00:00";16;23025;20;10;0;<FLG>
V6155020;V615502002;HINnJ;1;"2011-11-08 00:00:00";"2011-11-08 00:00:00";16;23125;20;10;0;<FLG>
V6155020;V615502002;HINnJ;1;"2011-11-09 00:00:00";"2011-11-09 23:59:59";16;23100;20;10;0;<FLG>
V6155020;V615502002;HINnJ;1;"2011-11-10 00:00:00";"2011-11-10 23:59:59";16;23030;20;10;0;<FLG>
V6155020;V615502002;HINnJ;1;"2011-11-11 00:00:00";"2011-11-11 23:59:59";16;22930;20;10;0;<FLG>
V6155020;V615502002;HINnJ;1;"2011-11-12 00:00:00";"2011-11-12 23:59:59";16;22832;20;10;0;<FLG>
V6155020;V615502002;HINnJ;1;"2011-11-13 00:00:00";"2011-11-13 23:59:59";16;22735;20;10;0;<FLG>
V6155020;V615502002;HINnJ;1;"2011-11-14 00:00:00";"2011-11-14 23:59:59";16;22638;20;10;0;<FLG>
V6155020;V615502002;HINnJ;1;"2011-11-15 00:00:00";"2011-11-15 23:59:59";16;22513;20;10;0;<FLG>
V6155020;V615502002;HINnJ;1;"2011-11-16 00:00:00";"2011-11-16 23:59:59";16;22360;20;10;0;<FLG>
V6155020;V615502002;HINnJ;1;"2011-11-17 00:00:00";"2011-11-17 23:59:59";16;22207;20;10;0;<FLG>
V6155020;V615502002;HINnJ;1;"2011-11-18 00:00:00";"2011-11-18 23:59:59";16;21882;20;10;0;<FLG>
V6155020;V615502002;HINnJ;1;"2011-11-19 00:00:00";"2011-11-19 23:59:59";16;21388;20;10;0;<FLG>
V6155020;V615502002;HINnJ;1;"2011-11-20 00:00:00";"2011-11-20 23:59:59";16;20892;20;10;0;<FLG>
V6155020;V615502002;HINnJ;1;"2011-11-21 00:00:00";"2011-11-21 23:59:59";16;20398;20;10;0;<FLG>
V6155020;V615502002;HINnJ;1;"2011-11-22 00:00:00";"2011-11-22 23:59:59";16;19650;20;10;0;<FLG>
V6155020;V615502002;HINnJ;1;"2011-11-23 00:00:00";"2011-11-23 23:59:59";16;18650;20;10;0;<FLG>
V6155020;V615502002;HINnJ;1;"2011-11-24 00:00:00";"2011-11-24 23:59:59";16;17650;20;10;0;<FLG>
V6155020;V615502002;HINnJ;1;"2011-11-25 00:00:00";"2011-11-25 23:59:59";16;16755;20;10;0;<FLG>
V6155020;V615502002;HINnJ;1;"2011-11-26 00:00:00";"2011-11-26 23:59:59";16;15965;20;10;0;<FLG>
V6155020;V615502002;HINnJ;1;"2011-11-27 00:00:00";"2011-11-27 23:59:59";16;15175;20;10;0;<FLG>
V6155020;V615502002;HINnJ;1;"2011-11-28 00:00:00";"2011-11-28 23:59:59";16;14519;20;10;0;<FLG>
V6155020;V615502002;HINnJ;1;"2011-11-29 00:00:00";"2011-11-29 23:59:59";16;13998;20;10;0;<FLG>
V6155020;V615502002;HINnJ;1;"2011-11-30 00:00:00";"2011-11-30 23:59:59";16;13477;20;10;0;<FLG>
V6155020;V615502002;HINnJ;1;"2011-12-01 00:00:00";"2011-12-01 23:59:59";16;12956;20;10;0;<FLG>
V6155020;V615502002;HINnJ;1;"2011-12-02 00:00:00";"2011-12-02 23:59:59";16;12435;20;10;0;<FLG>
V6155020;V615502002;HINnJ;1;"2011-12-03 00:00:00";"2011-12-03 23:59:59";16;11914;20;10;0;<FLG>
V6155020;V615502002;HINnJ;1;"2011-12-04 00:00:00";"2011-12-04 23:59:59";16;11393;20;10;0;<FLG>
V6155020;V615502002;HINnJ;1;"2011-12-05 00:00:00";"2011-12-05 23:59:59";16;10872;20;10;0;<FLG>
V6155020;V615502002;HINnJ;1;"2011-12-06 00:00:00";"2011-12-06 23:59:59";16;10351;20;10;0;<FLG>
V6155020;V615502002;HINnJ;1;"2011-12-07 00:00:00";"2011-12-07 23:59:59";16;9902;20;10;0;<FLG>
V6155020;V615502002;HINnJ;1;"2011-12-08 00:00:00";"2011-12-08 23:59:59";16;9526;20;10;0;<FLG>
V6155020;V615502002;HINnJ;1;"2011-12-09 00:00:00";"2011-12-09 23:59:59";16;9150;20;10;0;<FLG>
V6155020;V615502002;HINnJ;1;"2011-12-10 00:00:00";"2011-12-10 23:59:59";16;8774;20;10;0;<FLG>
V6155020;V615502002;HINnJ;1;"2011-12-11 00:00:00";"2011-12-11 23:59:59";16;8398;20;10;0;<FLG>
V6155020;V615502002;HINnJ;1;"2011-12-12 00:00:00";"2011-12-12 23:59:59";16;8118;20;10;0;<FLG>
V6155020;V615502002;HINnJ;1;"2011-12-13 00:00:00";"2011-12-13 23:59:59";16;7932;20;10;0;<FLG>
V6155020;V615502002;HINnJ;1;"2011-12-14 00:00:00";"2011-12-14 23:59:59";16;7748;20;10;0;<FLG>
V6155020;V615502002;HINnJ;1;"2011-12-15 00:00:00";"2011-12-15 23:59:59";16;7562;20;10;0;<FLG>
V6155020;V615502002;HINnJ;1;"2011-12-16 00:00:00";"2011-12-16 23:59:59";16;7378;20;10;0;<FLG>
V6155020;V615502002;HINnJ;1;"2011-12-17 00:00:00";"2011-12-17 23:59:59";16;7192;20;10;0;<FLG>
V6155020;V615502002;HINnJ;1;"2011-12-18 00:00:00";"2011-12-18 23:59:59";16;7003;20;10;0;<FLG>
V6155020;V615502002;HINnJ;1;"2011-12-19 00:00:00";"2011-12-19 23:59:59";16;6809;20;10;0;<FLG>
V6155020;V615502002;HINnJ;1;"2011-12-20 00:00:00";"2011-12-20 23:59:59";16;6616;20;10;0;<FLG>
V6155020;V615502002;HINnJ;1;"2011-12-21 00:00:00";"2011-12-21 23:59:59";16;6422;20;10;0;<FLG>
V6155020;V615502002;HINnJ;1;"2011-12-22 00:00:00";"2011-12-22 23:59:59";16;6228;20;10;0;<FLG>
V6155020;V615502002;HINnJ;1;"2011-12-23 00:00:00";"2011-12-23 23:59:59";16;6034;20;10;0;<FLG>
V6155020;V615502002;HINnJ;1;"2011-12-24 00:00:00";"2011-12-24 23:59:59";16;5841;20;10;0;<FLG>
V6155020;V615502002;HINnJ;1;"2011-12-25 00:00:00";"2011-12-25 23:59:59";16;5647;20;10;0;<FLG>
V6155020;V615502002;HINnJ;1;"2011-12-26 00:00:00";"2011-12-26 23:59:59";16;5485;20;10;0;<FLG>
V6155020;V615502002;HINnJ;1;"2011-12-27 00:00:00";"2011-12-27 23:59:59";16;5355;20;10;0;<FLG>
V6155020;V615502002;HINnJ;1;"2011-12-28 00:00:00";"2011-12-28 23:59:59";16;5225;20;10;0;<FLG>
V6155020;V615502002;HINnJ;1;"2011-12-29 00:00:00";"2011-12-29 23:59:59";16;5095;20;10;0;<FLG>
V6155020;V615502002;HINnJ;1;"2011-12-30 00:00:00";"2011-12-30 23:59:59";16;4965;20;10;0;<FLG>
V6155020;V615502002;HINnJ;1;"2011-12-31 00:00:00";"2011-12-31 23:59:59";16;4868;20;10;0;<FLG>
V6155020;V615502002;HINnJ;1;"2012-01-01 00:00:00";"2012-01-01 23:59:59";16;4803;20;10;0;<FLG>
V6155020;V615502002;HINnJ;1;"2012-01-02 00:00:00";"2012-01-02 23:59:59";16;4738;20;10;0;<FLG>
V6155020;V615502002;HINnJ;1;"2012-01-03 00:00:00";"2012-01-03 23:59:59";16;4674;20;10;0;<FLG>
V6155020;V615502002;HINnJ;1;"2012-01-04 00:00:00";"2012-01-04 23:59:59";16;4609;20;10;0;<FLG>
V6155020;V615502002;HINnJ;1;"2012-01-05 00:00:00";"2012-01-05 23:59:59";16;4544;20;10;0;<FLG>
V6155020;V615502002;HINnJ;1;"2012-01-06 00:00:00";"2012-01-06 23:59:59";16;4479;20;10;0;<FLG>
V6155020;V615502002;HINnJ;1;"2012-01-07 00:00:00";"2012-01-07 23:59:59";16;4415;20;10;0;<FLG>
V6155020;V615502002;HINnJ;1;"2012-01-08 00:00:00";"2012-01-08 23:59:59";16;4350;20;10;0;<FLG>
V6155020;V615502002;HINnJ;1;"2012-01-09 00:00:00";"2012-01-09 23:59:59";16;4285;20;10;0;<FLG>
V6155020;V615502002;HINnJ;1;"2012-01-10 00:00:00";"2012-01-10 23:59:59";16;4221;20;10;0;<FLG>
V6155020;V615502002;HINnJ;1;"2012-01-11 00:00:00";"2012-01-11 23:59:59";16;4156;20;10;0;<FLG>
V6155020;V615502002;HINnJ;1;"2012-01-12 00:00:00";"2012-01-12 23:59:59";16;4091;20;10;0;<FLG>
V6155020;V615502002;HINnJ;1;"2012-01-13 00:00:00";"2012-01-13 23:59:59";16;4026;20;10;0;<FLG>
V6155020;V615502002;HINnJ;1;"2012-01-14 00:00:00";"2012-01-14 23:59:59";16;3962;20;10;0;<FLG>
V6155020;V615502002;HINnJ;1;"2012-01-15 00:00:00";"2012-01-15 23:59:59";16;3897;20;10;0;<FLG>
V6155020;V615502002;HINnJ;1;"2012-01-16 00:00:00";"2012-01-16 23:59:59";16;3832;20;10;0;<FLG>
V6155020;V615502002;HINnJ;1;"2012-01-17 00:00:00";"2012-01-17 23:59:59";16;3768;20;10;0;<FLG>
V6155020;V615502002;HINnJ;1;"2012-01-18 00:00:00";"2012-01-18 23:59:59";16;3703;20;10;0;<FLG>
V6155020;V615502002;HINnJ;1;"2012-01-19 00:00:00";"2012-01-19 23:59:59";16;3638;20;10;0;<FLG>
V6155020;V615502002;HINnJ;1;"2012-01-20 00:00:00";"2012-01-20 23:59:59";16;3574;20;10;0;<FLG>
V6155020;V615502002;HINnJ;1;"2012-01-21 00:00:00";"2012-01-21 23:59:59";16;3509;20;10;0;<FLG>
V6155020;V615502002;HINnJ;1;"2012-01-22 00:00:00";"2012-01-22 23:59:59";16;3444;20;10;0;<FLG>
V6155020;V615502002;HINnJ;1;"2012-01-23 00:00:00";"2012-01-23 23:59:59";16;3379;20;10;0;<FLG>
V6155020;V615502002;HINnJ;1;"2012-01-24 00:00:00";"2012-01-24 23:59:59";16;3315;20;10;0;<FLG>
V6155020;V615502002;HINnJ;1;"2012-01-25 00:00:00";"2012-01-25 23:59:59";16;3250;20;10;0;<FLG>
V6155020;V615502002;HINnJ;1;"2012-01-26 00:00:00";"2012-01-26 23:59:59";16;3185;20;10;0;<FLG>
V6155020;V615502002;HINnJ;1;"2012-01-27 00:00:00";"2012-01-27 23:59:59";16;3121;20;10;0;<FLG>
V6155020;V615502002;HINnJ;1;"2012-01-28 00:00:00";"2012-01-28 23:59:59";16;3056;20;10;0;<FLG>
V6155020;V615502002;HINnJ;1;"2012-01-29 00:00:00";"2012-01-29 23:59:59";16;2991;20;10;0;<FLG>
V6155020;V615502002;HINnJ;1;"2012-01-30 00:00:00";"2012-01-30 23:59:59";16;2926;20;10;0;<FLG>
V6155020;V615502002;HINnJ;1;"2012-01-31 00:00:00";"2012-01-31 23:59:59";16;2862;20;10;0;<FLG>
V6155020;V615502002;HINnJ;1;"2012-02-01 00:00:00";"2012-02-01 23:59:59";16;2797;20;10;0;<FLG>
V6155020;V615502002;HINnJ;1;"2012-02-02 00:00:00";"2012-02-02 23:59:59";16;2732;20;10;0;<FLG>
V6155020;V615502002;HINnJ;1;"2012-02-03 00:00:00";"2012-02-03 23:59:59";16;2663;20;10;0;<FLG>
V6155020;V615502002;HINnJ;1;"2012-02-04 00:00:00";"2012-02-04 23:59:59";16;2590;20;10;0;<FLG>
V6155020;V615502002;HINnJ;1;"2012-02-05 00:00:00";"2012-02-05 23:59:59";16;2517;20;10;0;<FLG>
V6155020;V615502002;HINnJ;1;"2012-02-06 00:00:00";"2012-02-06 23:59:59";16;2443;20;10;0;<FLG>
V6155020;V615502002;HINnJ;1;"2012-02-07 00:00:00";"2012-02-07 23:59:59";16;2370;20;10;0;<FLG>
V6155020;V615502002;HINnJ;1;"2012-02-08 00:00:00";"2012-02-08 23:59:59";16;2297;20;10;0;<FLG>
V6155020;V615502002;HINnJ;1;"2012-02-09 00:00:00";"2012-02-09 23:59:59";16;2223;20;10;0;<FLG>
V6155020;V615502002;HINnJ;1;"2012-02-10 00:00:00";"2012-02-10 23:59:59";16;2150;20;10;0;<FLG>
V6155020;V615502002;HINnJ;1;"2012-02-11 00:00:00";"2012-02-11 23:59:59";16;2077;20;10;0;<FLG>
V6155020;V615502002;HINnJ;1;"2012-02-12 00:00:00";"2012-02-12 23:59:59";16;2003;20;10;0;<FLG>
V6155020;V615502002;HINnJ;1;"2012-02-13 00:00:00";"2012-02-13 23:59:59";16;1930;20;10;0;<FLG>
V6155020;V615502002;HINnJ;1;"2012-02-14 00:00:00";"2012-02-14 23:59:59";16;1857;20;10;0;<FLG>
V6155020;V615502002;HINnJ;1;"2012-02-15 00:00:00";"2012-02-15 23:59:59";16;1783;20;10;0;<FLG>
V6155020;V615502002;HINnJ;1;"2012-02-16 00:00:00";"2012-02-16 23:59:59";16;1710;20;10;0;<FLG>
V6155020;V615502002;HINnJ;1;"2012-02-17 00:00:00";"2012-02-17 23:59:59";16;1637;20;10;0;<FLG>
V6155020;V615502002;HINnJ;1;"2012-02-18 00:00:00";"2012-02-18 23:59:59";16;1583;20;10;0;<FLG>
V6155020;V615502002;HINnJ;1;"2012-02-19 00:00:00";"2012-02-19 23:59:59";16;1550;20;10;0;<FLG>
V6155020;V615502002;HINnJ;1;"2012-02-20 00:00:00";"2012-02-20 23:59:59";16;1517;20;10;0;<FLG>
V6155020;V615502002;HINnJ;1;"2012-02-21 00:00:00";"2012-02-21 23:59:59";16;1483;20;10;0;<FLG>
V6155020;V615502002;HINnJ;1;"2012-02-22 00:00:00";"2012-02-22 23:59:59";16;1450;20;10;0;<FLG>
V6155020;V615502002;HINnJ;1;"2012-02-23 00:00:00";"2012-02-23 23:59:59";16;1417;20;10;0;<FLG>
V6155020;V615502002;HINnJ;1;"2012-02-24 00:00:00";"2012-02-24 23:59:59";16;1383;20;10;0;<FLG>
V6155020;V615502002;HINnJ;1;"2012-02-25 00:00:00";"2012-02-25 23:59:59";16;1350;20;10;0;<FLG>
V6155020;V615502002;HINnJ;1;"2012-02-26 00:00:00";"2012-02-26 23:59:59";16;1317;20;10;0;<FLG>
V6155020;V615502002;HINnJ;1;"2012-02-27 00:00:00";"2012-02-27 23:59:59";16;1284;20;10;0;<FLG>
V6155020;V615502002;HINnJ;1;"2012-02-28 00:00:00";"2012-02-28 23:59:59";16;1253;20;10;0;<FLG>
V6155020;V615502002;HINnJ;1;"2012-02-29 00:00:00";"2012-02-29 23:59:59";16;1222;20;10;0;<FLG>
V6155020;V615502002;HINnJ;1;"2012-03-01 00:00:00";"2012-03-01 23:59:59";16;1191;20;10;0;<FLG>
V6155020;V615502002;HINnJ;1;"2012-03-02 00:00:00";"2012-03-02 23:59:59";16;1159;20;10;0;<FLG>
V6155020;V615502002;HINnJ;1;"2012-03-03 00:00:00";"2012-03-03 23:59:59";16;1128;20;10;0;<FLG>
V6155020;V615502002;HINnJ;1;"2012-03-04 00:00:00";"2012-03-04 23:59:59";16;1097;20;10;0;<FLG>
V6155020;V615502002;HINnJ;1;"2012-03-05 00:00:00";"2012-03-05 23:59:59";16;1066;20;10;0;<FLG>
V6155020;V615502002;HINnJ;1;"2012-03-06 00:00:00";"2012-03-06 23:59:59";16;1033;20;10;0;<FLG>
V6155020;V615502002;HINnJ;1;"2012-03-07 00:00:00";"2012-03-07 23:59:59";16;999;20;10;0;<FLG>
V6155020;V615502002;HINnJ;1;"2012-03-08 00:00:00";"2012-03-08 23:59:59";16;965;20;10;0;<FLG>
V6155020;V615502002;HINnJ;1;"2012-03-09 00:00:00";"2012-03-09 23:59:59";16;931;20;10;0;<FLG>
V6155020;V615502002;HINnJ;1;"2012-03-10 00:00:00";"2012-03-10 23:59:59";16;897;20;10;0;<FLG>
V6155020;V615502002;HINnJ;1;"2012-03-11 00:00:00";"2012-03-11 23:59:59";16;865;20;10;0;<FLG>
V6155020;V615502002;HINnJ;1;"2012-03-12 00:00:00";"2012-03-12 23:59:59";16;835;20;10;0;<FLG>
V6155020;V615502002;HINnJ;1;"2012-03-13 00:00:00";"2012-03-13 23:59:59";16;805;20;10;0;<FLG>
V6155020;V615502002;HINnJ;1;"2012-03-14 00:00:00";"2012-03-14 23:59:59";16;775;20;10;0;<FLG>
V6155020;V615502002;HINnJ;1;"2012-03-15 00:00:00";"2012-03-15 23:59:59";16;745;20;10;0;<FLG>
V6155020;V615502002;HINnJ;1;"2012-03-16 00:00:00";"2012-03-16 23:59:59";16;715;20;10;0;<FLG>
V6155020;V615502002;HINnJ;1;"2012-03-17 00:00:00";"2012-03-17 23:59:59";16;692;20;10;0;<FLG>
V6155020;V615502002;HINnJ;1;"2012-03-18 00:00:00";"2012-03-18 23:59:59";16;678;20;10;0;<FLG>
V6155020;V615502002;HINnJ;1;"2012-03-19 00:00:00";"2012-03-19 23:59:59";16;662;20;10;0;<FLG>
V6155020;V615502002;HINnJ;1;"2012-03-20 00:00:00";"2012-03-20 23:59:59";16;648;20;10;0;<FLG>
V6155020;V615502002;HINnJ;1;"2012-03-21 00:00:00";"2012-03-21 23:59:59";16;632;20;10;0;<FLG>
V6155020;V615502002;HINnJ;1;"2012-03-22 00:00:00";"2012-03-22 23:59:59";16;618;20;10;0;<FLG>
V6155020;V615502002;HINnJ;1;"2012-03-23 00:00:00";"2012-03-23 23:59:59";16;602;20;10;0;<FLG>
V6155020;V615502002;HINnJ;1;"2012-03-24 00:00:00";"2012-03-24 23:59:59";16;588;20;10;0;<FLG>
V6155020;V615502002;HINnJ;1;"2012-03-25 00:00:00";"2012-03-25 12:00:00";16;580;20;10;0;<FLG>
V6155020;V615502002;HINnJ;1;"2012-03-26 00:00:00";"2012-03-26 00:00:00";16;582;20;10;0;<FLG>
V6155020;V615502002;HINnJ;1;"2012-03-27 00:00:00";"2012-03-27 00:00:00";16;586;20;10;0;<FLG>
V6155020;V615502002;HINnJ;1;"2012-03-28 00:00:00";"2012-03-28 00:00:00";16;590;20;10;0;<FLG>
V6155020;V615502002;HINnJ;1;"2012-03-29 00:00:00";"2012-03-29 00:00:00";16;594;20;10;0;<FLG>
V6155020;V615502002;HINnJ;1;"2012-03-30 00:00:00";"2012-03-30 00:00:00";16;598;20;10;0;<FLG>
V6155020;V615502002;HINnJ;1;"2012-03-31 00:00:00";"2012-03-31 12:00:00";16;600;20;10;0;<FLG>
V6155020;V615502002;HINnJ;1;"2012-04-01 00:00:00";"2012-04-01 00:00:00";16;631;20;10;0;<FLG>
V6155020;V615502002;HINnJ;1;"2012-04-02 00:00:00";"2012-04-02 00:00:00";16;692;20;10;0;<FLG>
V6155020;V615502002;HINnJ;1;"2012-04-03 00:00:00";"2012-04-03 00:00:00";16;754;20;10;0;<FLG>
V6155020;V615502002;HINnJ;1;"2012-04-04 00:00:00";"2012-04-04 00:00:00";16;815;20;10;0;<FLG>
V6155020;V615502002;HINnJ;1;"2012-04-05 00:00:00";"2012-04-05 00:00:00";16;877;20;10;0;<FLG>
V6155020;V615502002;HINnJ;1;"2012-04-06 00:00:00";"2012-04-06 00:00:00";16;1275;20;10;0;<FLG>
V6155020;V615502002;HINnJ;1;"2012-04-07 00:00:00";"2012-04-07 00:00:00";16;1875;20;10;0;<FLG>
V6155020;V615502002;HINnJ;1;"2012-04-08 00:00:00";"2012-04-08 00:00:00";16;2300;20;10;0;<FLG>
V6155020;V615502002;HINnJ;1;"2012-04-09 00:00:00";"2012-04-09 17:00:00";16;2300;20;10;0;<FLG>
V6155020;V615502002;HINnJ;1;"2012-04-10 00:00:00";"2012-04-10 00:00:00";16;2679;20;10;0;<FLG>
V6155020;V615502002;HINnJ;1;"2012-04-11 00:00:00";"2012-04-11 00:00:00";16;3979;20;10;0;<FLG>
V6155020;V615502002;HINnJ;1;"2012-04-12 00:00:00";"2012-04-12 00:00:00";16;5819;20;10;0;<FLG>
V6155020;V615502002;HINnJ;1;"2012-04-13 00:00:00";"2012-04-13 00:00:00";16;7520;20;10;0;<FLG>
V6155020;V615502002;HINnJ;1;"2012-04-14 00:00:00";"2012-04-14 00:00:00";16;8351;20;10;0;<FLG>
V6155020;V615502002;HINnJ;1;"2012-04-15 00:00:00";"2012-04-15 23:59:59";16;8708;20;10;0;<FLG>
V6155020;V615502002;HINnJ;1;"2012-04-16 00:00:00";"2012-04-16 23:59:59";16;8151;20;10;0;<FLG>
V6155020;V615502002;HINnJ;1;"2012-04-17 00:00:00";"2012-04-17 23:59:59";16;7594;20;10;0;<FLG>
V6155020;V615502002;HINnJ;1;"2012-04-18 00:00:00";"2012-04-18 23:59:59";16;7178;20;10;0;<FLG>
V6155020;V615502002;HINnJ;1;"2012-04-19 00:00:00";"2012-04-19 23:59:59";16;7103;20;10;0;<FLG>
V6155020;V615502002;HINnJ;1;"2012-04-20 00:00:00";"2012-04-20 23:59:59";16;7028;20;10;0;<FLG>
V6155020;V615502002;HINnJ;1;"2012-04-21 00:00:00";"2012-04-21 23:59:59";16;6953;20;10;0;<FLG>
V6155020;V615502002;HINnJ;1;"2012-04-22 00:00:00";"2012-04-22 17:00:00";16;6900;20;10;0;<FLG>
V6155020;V615502002;HINnJ;1;"2012-04-23 00:00:00";"2012-04-23 00:00:00";16;7238;20;10;0;<FLG>
V6155020;V615502002;HINnJ;1;"2012-04-24 00:00:00";"2012-04-24 00:00:00";16;8395;20;10;0;<FLG>
V6155020;V615502002;HINnJ;1;"2012-04-25 00:00:00";"2012-04-25 00:00:00";16;9552;20;10;0;<FLG>
V6155020;V615502002;HINnJ;1;"2012-04-26 00:00:00";"2012-04-26 00:00:00";16;10709;20;10;0;<FLG>
V6155020;V615502002;HINnJ;1;"2012-04-27 00:00:00";"2012-04-27 00:00:00";16;11866;20;10;0;<FLG>
V6155020;V615502002;HINnJ;1;"2012-04-28 00:00:00";"2012-04-28 23:59:59";16;11968;20;10;0;<FLG>
V6155020;V615502002;HINnJ;1;"2012-04-29 00:00:00";"2012-04-29 09:00:00";16;11900;20;10;0;<FLG>
V6155020;V615502002;HINnJ;1;"2012-04-30 00:00:00";"2012-04-30 00:00:00";16;16856;20;10;0;<FLG>
V6155020;V615502002;HINnJ;1;"2012-05-01 00:00:00";"2012-05-01 00:00:00";16;21914;20;10;0;<FLG>
V6155020;V615502002;HINnJ;1;"2012-05-02 00:00:00";"2012-05-02 00:00:00";16;22585;20;10;0;<FLG>
V6155020;V615502002;HINnJ;1;"2012-05-03 00:00:00";"2012-05-03 23:59:59";16;22539;20;10;0;<FLG>
V6155020;V615502002;HINnJ;1;"2012-05-04 00:00:00";"2012-05-04 23:59:59";16;22451;20;10;0;<FLG>
V6155020;V615502002;HINnJ;1;"2012-05-05 00:00:00";"2012-05-05 23:59:59";16;22364;20;10;0;<FLG>
V6155020;V615502002;HINnJ;1;"2012-05-06 00:00:00";"2012-05-06 23:59:59";16;22123;20;10;0;<FLG>
V6155020;V615502002;HINnJ;1;"2012-05-07 00:00:00";"2012-05-07 23:59:59";16;21729;20;10;0;<FLG>
V6155020;V615502002;HINnJ;1;"2012-05-08 00:00:00";"2012-05-08 23:59:59";16;21335;20;10;0;<FLG>
V6155020;V615502002;HINnJ;1;"2012-05-09 00:00:00";"2012-05-09 23:59:59";16;20941;20;10;0;<FLG>
V6155020;V615502002;HINnJ;1;"2012-05-10 00:00:00";"2012-05-10 23:59:59";16;20547;20;10;0;<FLG>
V6155020;V615502002;HINnJ;1;"2012-05-11 00:00:00";"2012-05-11 23:59:59";16;19908;20;10;0;<FLG>
V6155020;V615502002;HINnJ;1;"2012-05-12 00:00:00";"2012-05-12 23:59:59";16;19025;20;10;0;<FLG>
V6155020;V615502002;HINnJ;1;"2012-05-13 00:00:00";"2012-05-13 23:59:59";16;18142;20;10;0;<FLG>
V6155020;V615502002;HINnJ;1;"2012-05-14 00:00:00";"2012-05-14 23:59:59";16;17278;20;10;0;<FLG>
V6155020;V615502002;HINnJ;1;"2012-05-15 00:00:00";"2012-05-15 23:59:59";16;16435;20;10;0;<FLG>
V6155020;V615502002;HINnJ;1;"2012-05-16 00:00:00";"2012-05-16 23:59:59";16;15592;20;10;0;<FLG>
V6155020;V615502002;HINnJ;1;"2012-05-17 00:00:00";"2012-05-17 23:59:59";16;14815;20;10;0;<FLG>
V6155020;V615502002;HINnJ;1;"2012-05-18 00:00:00";"2012-05-18 23:59:59";16;14105;20;10;0;<FLG>
V6155020;V615502002;HINnJ;1;"2012-05-19 00:00:00";"2012-05-19 12:00:00";16;13750;20;10;0;<FLG>
V6155020;V615502002;HINnJ;1;"2012-05-20 00:00:00";"2012-05-20 00:00:00";16;14320;20;10;0;<FLG>
V6155020;V615502002;HINnJ;1;"2012-05-21 00:00:00";"2012-05-21 00:00:00";16;15460;20;10;0;<FLG>
V6155020;V615502002;HINnJ;1;"2012-05-22 00:00:00";"2012-05-22 00:00:00";16;18880;20;10;0;<FLG>
V6155020;V615502002;HINnJ;1;"2012-05-23 00:00:00";"2012-05-23 00:00:00";16;21965;20;10;0;<FLG>
V6155020;V615502002;HINnJ;1;"2012-05-24 00:00:00";"2012-05-24 00:00:00";16;22228;20;10;0;<FLG>
V6155020;V615502002;HINnJ;1;"2012-05-25 00:00:00";"2012-05-25 23:59:59";16;22260;20;10;0;<FLG>
V6155020;V615502002;HINnJ;1;"2012-05-26 00:00:00";"2012-05-26 23:59:59";16;22160;20;10;0;<FLG>
V6155020;V615502002;HINnJ;1;"2012-05-27 00:00:00";"2012-05-27 23:59:59";16;22060;20;10;0;<FLG>
V6155020;V615502002;HINnJ;1;"2012-05-28 00:00:00";"2012-05-28 23:59:59";16;21960;20;10;0;<FLG>
V6155020;V615502002;HINnJ;1;"2012-05-29 00:00:00";"2012-05-29 23:59:59";16;21828;20;10;0;<FLG>
V6155020;V615502002;HINnJ;1;"2012-05-30 00:00:00";"2012-05-30 23:59:59";16;21662;20;10;0;<FLG>
V6155020;V615502002;HINnJ;1;"2012-05-31 00:00:00";"2012-05-31 23:59:59";16;21430;20;10;0;<FLG>
V6155020;V615502002;HINnJ;1;"2012-06-01 00:00:00";"2012-06-01 23:59:59";16;20840;20;10;0;<FLG>
V6155020;V615502002;HINnJ;1;"2012-06-02 00:00:00";"2012-06-02 23:59:59";16;19938;20;10;0;<FLG>
V6155020;V615502002;HINnJ;1;"2012-06-03 00:00:00";"2012-06-03 23:59:59";16;19012;20;10;0;<FLG>
V6155020;V615502002;HINnJ;1;"2012-06-04 00:00:00";"2012-06-04 23:59:59";16;18175;20;10;0;<FLG>
V6155020;V615502002;HINnJ;1;"2012-06-05 00:00:00";"2012-06-05 23:59:59";16;17425;20;10;0;<FLG>
V6155020;V615502002;HINnJ;1;"2012-06-06 00:00:00";"2012-06-06 23:59:59";16;16675;20;10;0;<FLG>
V6155020;V615502002;HINnJ;1;"2012-06-07 00:00:00";"2012-06-07 23:59:59";16;15988;20;10;0;<FLG>
V6155020;V615502002;HINnJ;1;"2012-06-08 00:00:00";"2012-06-08 23:59:59";16;15365;20;10;0;<FLG>
V6155020;V615502002;HINnJ;1;"2012-06-09 00:00:00";"2012-06-09 23:59:59";16;14742;20;10;0;<FLG>
V6155020;V615502002;HINnJ;1;"2012-06-10 00:00:00";"2012-06-10 23:59:59";16;14158;20;10;0;<FLG>
V6155020;V615502002;HINnJ;1;"2012-06-11 00:00:00";"2012-06-11 23:59:59";16;13615;20;10;0;<FLG>
V6155020;V615502002;HINnJ;1;"2012-06-12 00:00:00";"2012-06-12 23:59:59";16;13072;20;10;0;<FLG>
V6155020;V615502002;HINnJ;1;"2012-06-13 00:00:00";"2012-06-13 23:59:59";16;12562;20;10;0;<FLG>
V6155020;V615502002;HINnJ;1;"2012-06-14 00:00:00";"2012-06-14 23:59:59";16;12084;20;10;0;<FLG>
V6155020;V615502002;HINnJ;1;"2012-06-15 00:00:00";"2012-06-15 23:59:59";16;11608;20;10;0;<FLG>
V6155020;V615502002;HINnJ;1;"2012-06-16 00:00:00";"2012-06-16 23:59:59";16;11130;20;10;0;<FLG>
V6155020;V615502002;HINnJ;1;"2012-06-17 00:00:00";"2012-06-17 23:59:59";16;10654;20;10;0;<FLG>
V6155020;V615502002;HINnJ;1;"2012-06-18 00:00:00";"2012-06-18 23:59:59";16;10176;20;10;0;<FLG>
V6155020;V615502002;HINnJ;1;"2012-06-19 00:00:00";"2012-06-19 23:59:59";16;9700;20;10;0;<FLG>
V6155020;V615502002;HINnJ;1;"2012-06-20 00:00:00";"2012-06-20 23:59:59";16;9222;20;10;0;<FLG>
V6155020;V615502002;HINnJ;1;"2012-06-21 00:00:00";"2012-06-21 23:59:59";16;8746;20;10;0;<FLG>
V6155020;V615502002;HINnJ;1;"2012-06-22 00:00:00";"2012-06-22 23:59:59";16;8268;20;10;0;<FLG>
V6155020;V615502002;HINnJ;1;"2012-06-23 00:00:00";"2012-06-23 23:59:59";16;7889;20;10;0;<FLG>
V6155020;V615502002;HINnJ;1;"2012-06-24 00:00:00";"2012-06-24 23:59:59";16;7606;20;10;0;<FLG>
V6155020;V615502002;HINnJ;1;"2012-06-25 00:00:00";"2012-06-25 23:59:59";16;7324;20;10;0;<FLG>
V6155020;V615502002;HINnJ;1;"2012-06-26 00:00:00";"2012-06-26 23:59:59";16;7041;20;10;0;<FLG>
V6155020;V615502002;HINnJ;1;"2012-06-27 00:00:00";"2012-06-27 23:59:59";16;6867;20;10;0;<FLG>
V6155020;V615502002;HINnJ;1;"2012-06-28 00:00:00";"2012-06-28 23:59:59";16;6800;20;10;0;<FLG>
V6155020;V615502002;HINnJ;1;"2012-06-29 00:00:00";"2012-06-29 23:59:59";16;6733;20;10;0;<FLG>
V6155020;V615502002;HINnJ;1;"2012-06-30 00:00:00";"2012-06-30 23:59:59";16;6667;20;10;0;<FLG>
V6155020;V615502002;HINnJ;1;"2012-07-01 00:00:00";"2012-07-01 23:59:59";16;6600;20;10;0;<FLG>
V6155020;V615502002;HINnJ;1;"2012-07-02 00:00:00";"2012-07-02 23:59:59";16;6329;20;10;0;<FLG>
V6155020;V615502002;HINnJ;1;"2012-07-03 00:00:00";"2012-07-03 23:59:59";16;6059;20;10;0;<FLG>
V6155020;V615502002;HINnJ;1;"2012-07-04 00:00:00";"2012-07-04 23:59:59";16;5788;20;10;0;<FLG>
V6155020;V615502002;HINnJ;1;"2012-07-05 00:00:00";"2012-07-05 23:59:59";16;5517;20;10;0;<FLG>
V6155020;V615502002;HINnJ;1;"2012-07-06 00:00:00";"2012-07-06 23:59:59";16;5247;20;10;0;<FLG>
V6155020;V615502002;HINnJ;1;"2012-07-07 00:00:00";"2012-07-07 23:59:59";16;4976;20;10;0;<FLG>
V6155020;V615502002;HINnJ;1;"2012-07-08 00:00:00";"2012-07-08 23:59:59";16;4705;20;10;0;<FLG>
V6155020;V615502002;HINnJ;1;"2012-07-09 00:00:00";"2012-07-09 23:59:59";16;4491;20;10;0;<FLG>
V6155020;V615502002;HINnJ;1;"2012-07-10 00:00:00";"2012-07-10 23:59:59";16;4332;20;10;0;<FLG>
V6155020;V615502002;HINnJ;1;"2012-07-11 00:00:00";"2012-07-11 23:59:59";16;4173;20;10;0;<FLG>
V6155020;V615502002;HINnJ;1;"2012-07-12 00:00:00";"2012-07-12 23:59:59";16;4014;20;10;0;<FLG>
V6155020;V615502002;HINnJ;1;"2012-07-13 00:00:00";"2012-07-13 23:59:59";16;3856;20;10;0;<FLG>
V6155020;V615502002;HINnJ;1;"2012-07-14 00:00:00";"2012-07-14 23:59:59";16;3697;20;10;0;<FLG>
V6155020;V615502002;HINnJ;1;"2012-07-15 00:00:00";"2012-07-15 23:59:59";16;3538;20;10;0;<FLG>
V6155020;V615502002;HINnJ;1;"2012-07-16 00:00:00";"2012-07-16 23:59:59";16;3379;20;10;0;<FLG>
V6155020;V615502002;HINnJ;1;"2012-07-17 00:00:00";"2012-07-17 23:59:59";16;3250;20;10;0;<FLG>
V6155020;V615502002;HINnJ;1;"2012-07-18 00:00:00";"2012-07-18 23:59:59";16;3150;20;10;0;<FLG>
V6155020;V615502002;HINnJ;1;"2012-07-19 00:00:00";"2012-07-19 23:59:59";16;3050;20;10;0;<FLG>
V6155020;V615502002;HINnJ;1;"2012-07-20 00:00:00";"2012-07-20 23:59:59";16;2950;20;10;0;<FLG>
V6155020;V615502002;HINnJ;1;"2012-07-21 00:00:00";"2012-07-21 23:59:59";16;2850;20;10;0;<FLG>
V6155020;V615502002;HINnJ;1;"2012-07-22 00:00:00";"2012-07-22 23:59:59";16;2759;20;10;0;<FLG>
V6155020;V615502002;HINnJ;1;"2012-07-23 00:00:00";"2012-07-23 23:59:59";16;2677;20;10;0;<FLG>
V6155020;V615502002;HINnJ;1;"2012-07-24 00:00:00";"2012-07-24 23:59:59";16;2594;20;10;0;<FLG>
V6155020;V615502002;HINnJ;1;"2012-07-25 00:00:00";"2012-07-25 23:59:59";16;2512;20;10;0;<FLG>
V6155020;V615502002;HINnJ;1;"2012-07-26 00:00:00";"2012-07-26 23:59:59";16;2430;20;10;0;<FLG>
V6155020;V615502002;HINnJ;1;"2012-07-27 00:00:00";"2012-07-27 23:59:59";16;2348;20;10;0;<FLG>
V6155020;V615502002;HINnJ;1;"2012-07-28 00:00:00";"2012-07-28 23:59:59";16;2266;20;10;0;<FLG>
V6155020;V615502002;HINnJ;1;"2012-07-29 00:00:00";"2012-07-29 23:59:59";16;2183;20;10;0;<FLG>
V6155020;V615502002;HINnJ;1;"2012-07-30 00:00:00";"2012-07-30 23:59:59";16;2101;20;10;0;<FLG>
V6155020;V615502002;HINnJ;1;"2012-07-31 00:00:00";"2012-07-31 23:59:59";16;2025;20;10;0;<FLG>
V6155020;V615502002;HINnJ;1;"2012-08-01 00:00:00";"2012-08-01 23:59:59";16;1955;20;10;0;<FLG>
V6155020;V615502002;HINnJ;1;"2012-08-02 00:00:00";"2012-08-02 23:59:59";16;1885;20;10;0;<FLG>
V6155020;V615502002;HINnJ;1;"2012-08-03 00:00:00";"2012-08-03 23:59:59";16;1815;20;10;0;<FLG>
V6155020;V615502002;HINnJ;1;"2012-08-04 00:00:00";"2012-08-04 23:59:59";16;1745;20;10;0;<FLG>
V6155020;V615502002;HINnJ;1;"2012-08-05 00:00:00";"2012-08-05 23:59:59";16;1675;20;10;0;<FLG>
V6155020;V615502002;HINnJ;1;"2012-08-06 00:00:00";"2012-08-06 23:59:59";16;1605;20;10;0;<FLG>
V6155020;V615502002;HINnJ;1;"2012-08-07 00:00:00";"2012-08-07 23:59:59";16;1535;20;10;0;<FLG>
V6155020;V615502002;HINnJ;1;"2012-08-08 00:00:00";"2012-08-08 23:59:59";16;1480;20;10;0;<FLG>
V6155020;V615502002;HINnJ;1;"2012-08-09 00:00:00";"2012-08-09 23:59:59";16;1440;20;10;0;<FLG>
V6155020;V615502002;HINnJ;1;"2012-08-10 00:00:00";"2012-08-10 23:59:59";16;1400;20;10;0;<FLG>
V6155020;V615502002;HINnJ;1;"2012-08-11 00:00:00";"2012-08-11 23:59:59";16;1360;20;10;0;<FLG>
V6155020;V615502002;HINnJ;1;"2012-08-12 00:00:00";"2012-08-12 23:59:59";16;1320;20;10;0;<FLG>
V6155020;V615502002;HINnJ;1;"2012-08-13 00:00:00";"2012-08-13 23:59:59";16;1279;20;10;0;<FLG>
V6155020;V615502002;HINnJ;1;"2012-08-14 00:00:00";"2012-08-14 23:59:59";16;1238;20;10;0;<FLG>
V6155020;V615502002;HINnJ;1;"2012-08-15 00:00:00";"2012-08-15 23:59:59";16;1196;20;10;0;<FLG>
V6155020;V615502002;HINnJ;1;"2012-08-16 00:00:00";"2012-08-16 23:59:59";16;1154;20;10;0;<FLG>
V6155020;V615502002;HINnJ;1;"2012-08-17 00:00:00";"2012-08-17 23:59:59";16;1112;20;10;0;<FLG>
V6155020;V615502002;HINnJ;1;"2012-08-18 00:00:00";"2012-08-18 23:59:59";16;1071;20;10;0;<FLG>
V6155020;V615502002;HINnJ;1;"2012-08-19 00:00:00";"2012-08-19 23:59:59";16;1032;20;10;0;<FLG>
V6155020;V615502002;HINnJ;1;"2012-08-20 00:00:00";"2012-08-20 23:59:59";16;996;20;10;0;<FLG>
V6155020;V615502002;HINnJ;1;"2012-08-21 00:00:00";"2012-08-21 23:59:59";16;961;20;10;0;<FLG>
V6155020;V615502002;HINnJ;1;"2012-08-22 00:00:00";"2012-08-22 23:59:59";16;925;20;10;0;<FLG>
V6155020;V615502002;HINnJ;1;"2012-08-23 00:00:00";"2012-08-23 23:59:59";16;889;20;10;0;<FLG>
V6155020;V615502002;HINnJ;1;"2012-08-24 00:00:00";"2012-08-24 23:59:59";16;854;20;10;0;<FLG>
V6155020;V615502002;HINnJ;1;"2012-08-25 00:00:00";"2012-08-25 23:59:59";16;818;20;10;0;<FLG>
V6155020;V615502002;HINnJ;1;"2012-08-26 00:00:00";"2012-08-26 23:59:59";16;790;20;10;0;<FLG>
V6155020;V615502002;HINnJ;1;"2012-08-27 00:00:00";"2012-08-27 23:59:59";16;770;20;10;0;<FLG>
V6155020;V615502002;HINnJ;1;"2012-08-28 00:00:00";"2012-08-28 23:59:59";16;740;20;10;0;<FLG>
V6155020;V615502002;HINnJ;1;"2012-08-29 00:00:00";"2012-08-29 23:59:59";16;700;20;10;0;<FLG>
V6155020;V615502002;HINnJ;1;"2012-08-30 00:00:00";"2012-08-30 23:59:59";16;660;20;10;0;<FLG>
V6155020;V615502002;HINnJ;1;"2012-08-31 00:00:00";"2012-08-31 23:59:59";16;620;20;10;0;<FLG>
V6155020;V615502002;HINnJ;1;"2012-09-01 00:00:00";"2012-09-01 23:59:59";16;585;20;10;0;<FLG>
V6155020;V615502002;HINnJ;1;"2012-09-02 00:00:00";"2012-09-02 23:59:59";16;555;20;10;0;<FLG>
V6155020;V615502002;HINnJ;1;"2012-09-03 00:00:00";"2012-09-03 23:59:59";16;525;20;10;0;<FLG>
V6155020;V615502002;HINnJ;1;"2012-09-04 00:00:00";"2012-09-04 23:59:59";16;495;20;10;0;<FLG>
V6155020;V615502002;HINnJ;1;"2012-09-05 00:00:00";"2012-09-05 23:59:59";16;465;20;10;0;<FLG>
V6155020;V615502002;HINnJ;1;"2012-09-06 00:00:00";"2012-09-06 23:59:59";16;440;20;10;0;<FLG>
V6155020;V615502002;HINnJ;1;"2012-09-07 00:00:00";"2012-09-07 23:59:59";16;420;20;10;0;<FLG>
V6155020;V615502002;HINnJ;1;"2012-09-08 00:00:00";"2012-09-08 23:59:59";16;400;20;10;0;<FLG>
V6155020;V615502002;HINnJ;1;"2012-09-09 00:00:00";"2012-09-09 23:59:59";16;380;20;10;0;<FLG>
V6155020;V615502002;HINnJ;1;"2012-09-10 00:00:00";"2012-09-10 23:59:59";16;360;20;10;0;<FLG>
V6155020;V615502002;HINnJ;1;"2012-09-11 00:00:00";"2012-09-11 23:59:59";16;338;20;10;0;<FLG>
V6155020;V615502002;HINnJ;1;"2012-09-12 00:00:00";"2012-09-12 23:59:59";16;312;20;10;0;<FLG>
V6155020;V615502002;HINnJ;1;"2012-09-13 00:00:00";"2012-09-13 23:59:59";16;288;20;10;0;<FLG>
V6155020;V615502002;HINnJ;1;"2012-09-14 00:00:00";"2012-09-14 23:59:59";16;262;20;10;0;<FLG>
V6155020;V615502002;HINnJ;1;"2012-09-15 00:00:00";"2012-09-15 23:59:59";16;238;20;10;0;<FLG>
V6155020;V615502002;HINnJ;1;"2012-09-16 00:00:00";"2012-09-16 23:59:59";16;212;20;10;0;<FLG>
V6155020;V615502002;HINnJ;1;"2012-09-17 00:00:00";"2012-09-17 23:59:59";16;188;20;10;0;<FLG>
V6155020;V615502002;HINnJ;1;"2012-09-18 00:00:00";"2012-09-18 23:59:59";16;162;20;10;0;<FLG>
V6155020;V615502002;HINnJ;1;"2012-09-19 00:00:00";"2012-09-19 23:59:59";16;138;20;10;0;<FLG>
V6155020;V615502002;HINnJ;1;"2012-09-20 00:00:00";"2012-09-20 23:59:59";16;112;20;10;0;<FLG>
V6155020;V615502002;HINnJ;1;"2012-09-21 00:00:00";"2012-09-21 12:00:00";16;100;20;10;0;<FLG>
V6155020;V615502002;HINnJ;1;"2012-09-22 00:00:00";"2012-09-22 00:00:00";16;100;20;10;0;<FLG>
V6155020;V615502002;HINnJ;1;"2012-09-23 00:00:00";"2012-09-23 00:00:00";16;100;20;10;0;<FLG>
V6155020;V615502002;HINnJ;1;"2012-09-24 00:00:00";"2012-09-24 12:00:00";16;100;20;10;0;<FLG>
V6155020;V615502002;HINnJ;1;"2012-09-25 00:00:00";"2012-09-25 00:00:00";16;145;20;10;0;<FLG>
V6155020;V615502002;HINnJ;1;"2012-09-26 00:00:00";"2012-09-26 12:00:00";16;130;20;10;0;<FLG>
V6155020;V615502002;HINnJ;1;"2012-09-27 00:00:00";"2012-09-27 00:00:00";16;215;20;10;0;<FLG>
V6155020;V615502002;HINnJ;1;"2012-09-28 00:00:00";"2012-09-28 00:00:00";16;312;20;10;0;<FLG>
V6155020;V615502002;HINnJ;1;"2012-09-29 00:00:00";"2012-09-29 00:00:00";16;335;20;10;0;<FLG>
V6155020;V615502002;HINnJ;1;"2012-09-30 00:00:00";"2012-09-30 00:00:00";16;358;20;10;0;<FLG>
V6155020;V615502002;HINnJ;1;"2012-10-01 00:00:00";"2012-10-01 00:00:00";16;390;20;10;0;<FLG>
V6155020;V615502002;HINnJ;1;"2012-10-02 00:00:00";"2012-10-02 23:59:59";16;406;20;10;0;<FLG>
V6155020;V615502002;HINnJ;1;"2012-10-03 00:00:00";"2012-10-03 23:59:59";16;319;20;10;0;<FLG>
V6155020;V615502002;HINnJ;1;"2012-10-04 00:00:00";"2012-10-04 23:59:59";16;231;20;10;0;<FLG>
V6155020;V615502002;HINnJ;1;"2012-10-05 00:00:00";"2012-10-05 23:59:59";16;144;20;10;0;<FLG>
V6155020;V615502002;HINnJ;1;"2012-10-06 00:00:00";"2012-10-06 23:59:59";16;89;20;10;0;<FLG>
V6155020;V615502002;HINnJ;1;"2012-10-07 00:00:00";"2012-10-07 23:59:59";16;66;20;10;0;<FLG>
V6155020;V615502002;HINnJ;1;"2012-10-08 00:00:00";"2012-10-08 23:59:59";16;44;20;10;0;<FLG>
V6155020;V615502002;HINnJ;1;"2012-10-09 00:00:00";"2012-10-09 23:59:59";16;21;20;10;0;<FLG>
V6155020;V615502002;HINnJ;1;"2012-10-10 00:00:00";"2012-10-10 23:59:59";16;-35;20;10;0;<FLG>
V6155020;V615502002;HINnJ;1;"2012-10-11 00:00:00";"2012-10-11 23:59:59";16;-85;20;10;0;<FLG>
V6155020;V615502002;HINnJ;1;"2012-10-12 00:00:00";"2012-10-12 23:59:59";16;-95;20;10;0;<FLG>
V6155020;V615502002;HINnJ;1;"2012-10-13 00:00:00";"2012-10-13 23:59:59";16;-117;20;10;0;<FLG>
V6155020;V615502002;HINnJ;1;"2012-10-14 00:00:00";"2012-10-14 23:59:59";16;-150;20;10;0;<FLG>
V6155020;V615502002;HINnJ;1;"2012-10-15 00:00:00";"2012-10-15 23:59:59";16;-183;20;10;0;<FLG>
V6155020;V615502002;HINnJ;1;"2012-10-16 00:00:00";"2012-10-16 23:59:59";16;-210;20;10;0;<FLG>
V6155020;V615502002;HINnJ;1;"2012-10-17 00:00:00";"2012-10-17 23:59:59";16;-230;20;10;0;<FLG>
V6155020;V615502002;HINnJ;1;"2012-10-18 00:00:00";"2012-10-18 23:59:59";16;-250;20;10;0;<FLG>
V6155020;V615502002;HINnJ;1;"2012-10-19 00:00:00";"2012-10-19 23:59:59";16;-270;20;10;0;<FLG>
V6155020;V615502002;HINnJ;1;"2012-10-20 00:00:00";"2012-10-20 23:59:59";16;-290;20;10;0;<FLG>
V6155020;V615502002;HINnJ;1;"2012-10-21 00:00:00";"2012-10-21 12:00:00";16;-300;20;10;0;<FLG>
V6155020;V615502002;HINnJ;1;"2012-10-22 00:00:00";"2012-10-22 00:00:00";16;-125;20;10;0;<FLG>
V6155020;V615502002;HINnJ;1;"2012-10-23 00:00:00";"2012-10-23 00:00:00";16;225;20;10;0;<FLG>
V6155020;V615502002;HINnJ;1;"2012-10-24 00:00:00";"2012-10-24 12:00:00";16;100;20;10;0;<FLG>
V6155020;V615502002;HINnJ;1;"2012-10-25 00:00:00";"2012-10-25 00:00:00";16;583;20;10;0;<FLG>
V6155020;V615502002;HINnJ;1;"2012-10-26 00:00:00";"2012-10-26 00:00:00";16;1550;20;10;0;<FLG>
V6155020;V615502002;HINnJ;1;"2012-10-27 00:00:00";"2012-10-27 00:00:00";16;2517;20;10;0;<FLG>
V6155020;V615502002;HINnJ;1;"2012-10-28 00:00:00";"2012-10-28 00:00:00";16;3200;20;10;0;<FLG>
V6155020;V615502002;HINnJ;1;"2012-10-29 00:00:00";"2012-10-29 00:00:00";16;3600;20;10;0;<FLG>
V6155020;V615502002;HINnJ;1;"2012-10-30 00:00:00";"2012-10-30 23:59:59";16;3350;20;10;0;<FLG>
V6155020;V615502002;HINnJ;1;"2012-10-31 00:00:00";"2012-10-31 23:59:59";16;3050;20;10;0;<FLG>
V6155020;V615502002;HINnJ;1;"2012-11-01 00:00:00";"2012-11-01 12:00:00";16;2900;20;10;0;<FLG>
V6155020;V615502002;HINnJ;1;"2012-11-02 00:00:00";"2012-11-02 00:00:00";16;3225;20;10;0;<FLG>
V6155020;V615502002;HINnJ;1;"2012-11-03 00:00:00";"2012-11-03 00:00:00";16;4483;20;10;0;<FLG>
V6155020;V615502002;HINnJ;1;"2012-11-04 00:00:00";"2012-11-04 00:00:00";16;6350;20;10;0;<FLG>
V6155020;V615502002;HINnJ;1;"2012-11-05 00:00:00";"2012-11-05 00:00:00";16;8217;20;10;0;<FLG>
V6155020;V615502002;HINnJ;1;"2012-11-06 00:00:00";"2012-11-06 00:00:00";16;10840;20;10;0;<FLG>
V6155020;V615502002;HINnJ;1;"2012-11-07 00:00:00";"2012-11-07 23:59:59";16;11047;20;10;0;<FLG>
V6155020;V615502002;HINnJ;1;"2012-11-08 00:00:00";"2012-11-08 23:59:59";16;9640;20;10;0;<FLG>
V6155020;V615502002;HINnJ;1;"2012-11-09 00:00:00";"2012-11-09 23:59:59";16;8233;20;10;0;<FLG>
V6155020;V615502002;HINnJ;1;"2012-11-10 00:00:00";"2012-11-10 12:00:00";16;7530;20;10;0;<FLG>
V6155020;V615502002;HINnJ;1;"2012-11-11 00:00:00";"2012-11-11 00:00:00";16;14955;20;10;0;<FLG>
V6155020;V615502002;HINnJ;1;"2012-11-12 00:00:00";"2012-11-12 00:00:00";16;22565;20;10;0;<FLG>
V6155020;V615502002;HINnJ;1;"2012-11-13 00:00:00";"2012-11-13 00:00:00";16;22750;20;10;0;<FLG>
V6155020;V615502002;HINnJ;1;"2012-11-14 00:00:00";"2012-11-14 23:59:59";16;22668;20;10;0;<FLG>
V6155020;V615502002;HINnJ;1;"2012-11-15 00:00:00";"2012-11-15 23:59:59";16;22502;20;10;0;<FLG>
V6155020;V615502002;HINnJ;1;"2012-11-16 00:00:00";"2012-11-16 23:59:59";16;22012;20;10;0;<FLG>
V6155020;V615502002;HINnJ;1;"2012-11-17 00:00:00";"2012-11-17 23:59:59";16;21198;20;10;0;<FLG>
V6155020;V615502002;HINnJ;1;"2012-11-18 00:00:00";"2012-11-18 23:59:59";16;20382;20;10;0;<FLG>
V6155020;V615502002;HINnJ;1;"2012-11-19 00:00:00";"2012-11-19 23:59:59";16;19568;20;10;0;<FLG>
V6155020;V615502002;HINnJ;1;"2012-11-20 00:00:00";"2012-11-20 23:59:59";16;18474;20;10;0;<FLG>
V6155020;V615502002;HINnJ;1;"2012-11-21 00:00:00";"2012-11-21 23:59:59";16;17101;20;10;0;<FLG>
V6155020;V615502002;HINnJ;1;"2012-11-22 00:00:00";"2012-11-22 23:59:59";16;15729;20;10;0;<FLG>
V6155020;V615502002;HINnJ;1;"2012-11-23 00:00:00";"2012-11-23 23:59:59";16;14356;20;10;0;<FLG>
V6155020;V615502002;HINnJ;1;"2012-11-24 00:00:00";"2012-11-24 12:00:00";16;13670;20;10;0;<FLG>
V6155020;V615502002;HINnJ;1;"2012-11-25 00:00:00";"2012-11-25 00:00:00";16;14809;20;10;0;<FLG>
V6155020;V615502002;HINnJ;1;"2012-11-26 00:00:00";"2012-11-26 00:00:00";16;17086;20;10;0;<FLG>
V6155020;V615502002;HINnJ;1;"2012-11-27 00:00:00";"2012-11-27 00:00:00";16;19364;20;10;0;<FLG>
V6155020;V615502002;HINnJ;1;"2012-11-28 00:00:00";"2012-11-28 00:00:00";16;21641;20;10;0;<FLG>
V6155020;V615502002;HINnJ;1;"2012-11-29 00:00:00";"2012-11-29 00:00:00";16;22940;20;10;0;<FLG>
V6155020;V615502002;HINnJ;1;"2012-11-30 00:00:00";"2012-11-30 23:59:59";16;23100;20;10;0;<FLG>
V6155020;V615502002;HINnJ;1;"2012-12-01 00:00:00";"2012-12-01 00:00:00";16;23100;20;10;0;<FLG>
V6155020;V615502002;HINnJ;1;"2012-12-02 00:00:00";"2012-12-02 23:59:59";16;22970;20;10;0;<FLG>
V6155020;V615502002;HINnJ;1;"2012-12-03 00:00:00";"2012-12-03 23:59:59";16;22853;20;10;0;<FLG>
V6155020;V615502002;HINnJ;1;"2012-12-04 00:00:00";"2012-12-04 23:59:59";16;22737;20;10;0;<FLG>
V6155020;V615502002;HINnJ;1;"2012-12-05 00:00:00";"2012-12-05 23:59:59";16;22620;20;10;0;<FLG>
V6155020;V615502002;HINnJ;1;"2012-12-06 00:00:00";"2012-12-06 23:59:59";16;22473;20;10;0;<FLG>
V6155020;V615502002;HINnJ;1;"2012-12-07 00:00:00";"2012-12-07 23:59:59";16;22327;20;10;0;<FLG>
V6155020;V615502002;HINnJ;1;"2012-12-08 00:00:00";"2012-12-08 23:59:59";16;22180;20;10;0;<FLG>
V6155020;V615502002;HINnJ;1;"2012-12-09 00:00:00";"2012-12-09 23:59:59";16;22020;20;10;0;<FLG>
V6155020;V615502002;HINnJ;1;"2012-12-10 00:00:00";"2012-12-10 23:59:59";16;21860;20;10;0;<FLG>
V6155020;V615502002;HINnJ;1;"2012-12-11 00:00:00";"2012-12-11 23:59:59";16;21700;20;10;0;<FLG>
V6155020;V615502002;HINnJ;1;"2012-12-12 00:00:00";"2012-12-12 23:59:59";16;21385;20;10;0;<FLG>
V6155020;V615502002;HINnJ;1;"2012-12-13 00:00:00";"2012-12-13 23:59:59";16;21070;20;10;0;<FLG>
V6155020;V615502002;HINnJ;1;"2012-12-14 00:00:00";"2012-12-14 00:00:00";16;21070;20;10;0;<FLG>
V6155020;V615502002;HINnJ;1;"2012-12-15 00:00:00";"2012-12-15 00:00:00";16;22240;20;10;0;<FLG>
V6155020;V615502002;HINnJ;1;"2012-12-16 00:00:00";"2012-12-16 00:00:00";16;22427;20;10;0;<FLG>
V6155020;V615502002;HINnJ;1;"2012-12-17 00:00:00";"2012-12-17 00:00:00";16;22613;20;10;0;<FLG>
V6155020;V615502002;HINnJ;1;"2012-12-18 00:00:00";"2012-12-18 23:59:59";16;22738;20;10;0;<FLG>
V6155020;V615502002;HINnJ;1;"2012-12-19 00:00:00";"2012-12-19 23:59:59";16;22675;20;10;0;<FLG>
V6155020;V615502002;HINnJ;1;"2012-12-20 00:00:00";"2012-12-20 23:59:59";16;22612;20;10;0;<FLG>
V6155020;V615502002;HINnJ;1;"2012-12-21 00:00:00";"2012-12-21 23:59:59";16;22550;20;10;0;<FLG>
V6155020;V615502002;HINnJ;1;"2012-12-22 00:00:00";"2012-12-22 23:59:59";16;22500;20;10;0;<FLG>
V6155020;V615502002;HINnJ;1;"2012-12-23 00:00:00";"2012-12-23 23:59:59";16;22450;20;10;0;<FLG>
V6155020;V615502002;HINnJ;1;"2012-12-24 00:00:00";"2012-12-24 23:59:59";16;22400;20;10;0;<FLG>
V6155020;V615502002;HINnJ;1;"2012-12-25 00:00:00";"2012-12-25 23:59:59";16;22333;20;10;0;<FLG>
V6155020;V615502002;HINnJ;1;"2012-12-26 00:00:00";"2012-12-26 23:59:59";16;22267;20;10;0;<FLG>
V6155020;V615502002;HINnJ;1;"2012-12-27 00:00:00";"2012-12-27 23:59:59";16;22200;20;10;0;<FLG>
V6155020;V615502002;HINnJ;1;"2012-12-28 00:00:00";"2012-12-28 23:59:59";16;22140;20;10;0;<FLG>
V6155020;V615502002;HINnJ;1;"2012-12-29 00:00:00";"2012-12-29 23:59:59";16;22080;20;10;0;<FLG>
V6155020;V615502002;HINnJ;1;"2012-12-30 00:00:00";"2012-12-30 23:59:59";16;21997;20;10;0;<FLG>
V6155020;V615502002;HINnJ;1;"2012-12-31 00:00:00";"2012-12-31 23:59:59";16;21914;20;10;0;<FLG>
V6155020;V615502002;HINnJ;1;"2013-01-01 00:00:00";"2013-01-01 23:59:59";16;21831;20;10;0;<FLG>
V6155020;V615502002;HINnJ;1;"2013-01-02 00:00:00";"2013-01-02 23:59:59";16;21680;20;10;0;<FLG>
V6155020;V615502002;HINnJ;1;"2013-01-03 00:00:00";"2013-01-03 23:59:59";16;21460;20;10;0;<FLG>
V6155020;V615502002;HINnJ;1;"2013-01-04 00:00:00";"2013-01-04 23:59:59";16;21125;20;10;0;<FLG>
V6155020;V615502002;HINnJ;1;"2013-01-05 00:00:00";"2013-01-05 23:59:59";16;20628;20;10;0;<FLG>
V6155020;V615502002;HINnJ;1;"2013-01-06 00:00:00";"2013-01-06 23:59:59";16;20084;20;10;0;<FLG>
V6155020;V615502002;HINnJ;1;"2013-01-07 00:00:00";"2013-01-07 23:59:59";16;19541;20;10;0;<FLG>
V6155020;V615502002;HINnJ;1;"2013-01-08 00:00:00";"2013-01-08 23:59:59";16;18997;20;10;0;<FLG>
V6155020;V615502002;HINnJ;1;"2013-01-09 00:00:00";"2013-01-09 23:59:59";16;18453;20;10;0;<FLG>
V6155020;V615502002;HINnJ;1;"2013-01-10 00:00:00";"2013-01-10 23:59:59";16;17909;20;10;0;<FLG>
V6155020;V615502002;HINnJ;1;"2013-01-11 00:00:00";"2013-01-11 23:59:59";16;17366;20;10;0;<FLG>
V6155020;V615502002;HINnJ;1;"2013-01-12 00:00:00";"2013-01-12 23:59:59";16;16822;20;10;0;<FLG>
V6155020;V615502002;HINnJ;1;"2013-01-13 00:00:00";"2013-01-13 23:59:59";16;16529;20;10;0;<FLG>
V6155020;V615502002;HINnJ;1;"2013-01-14 00:00:00";"2013-01-14 23:59:59";16;16486;20;10;0;<FLG>
V6155020;V615502002;HINnJ;1;"2013-01-15 00:00:00";"2013-01-15 23:59:59";16;16443;20;10;0;<FLG>
V6155020;V615502002;HINnJ;1;"2013-01-16 00:00:00";"2013-01-16 23:59:59";16;16400;20;10;0;<FLG>
V6155020;V615502002;HINnJ;1;"2013-01-17 00:00:00";"2013-01-17 23:59:59";16;16357;20;10;0;<FLG>
V6155020;V615502002;HINnJ;1;"2013-01-18 00:00:00";"2013-01-18 23:59:59";16;16314;20;10;0;<FLG>
V6155020;V615502002;HINnJ;1;"2013-01-19 00:00:00";"2013-01-19 23:59:59";16;16271;20;10;0;<FLG>
V6155020;V615502002;HINnJ;1;"2013-01-20 00:00:00";"2013-01-20 12:00:00";16;16250;20;10;0;<FLG>
V6155020;V615502002;HINnJ;1;"2013-01-21 00:00:00";"2013-01-21 00:00:00";16;17021;20;10;0;<FLG>
V6155020;V615502002;HINnJ;1;"2013-01-22 00:00:00";"2013-01-22 00:00:00";16;18564;20;10;0;<FLG>
V6155020;V615502002;HINnJ;1;"2013-01-23 00:00:00";"2013-01-23 00:00:00";16;20106;20;10;0;<FLG>
V6155020;V615502002;HINnJ;1;"2013-01-24 00:00:00";"2013-01-24 00:00:00";16;21649;20;10;0;<FLG>
V6155020;V615502002;HINnJ;1;"2013-01-25 00:00:00";"2013-01-25 23:59:59";16;22225;20;10;0;<FLG>
V6155020;V615502002;HINnJ;1;"2013-01-26 00:00:00";"2013-01-26 23:59:59";16;22095;20;10;0;<FLG>
V6155020;V615502002;HINnJ;1;"2013-01-27 00:00:00";"2013-01-27 23:59:59";16;21905;20;10;0;<FLG>
V6155020;V615502002;HINnJ;1;"2013-01-28 00:00:00";"2013-01-28 23:59:59";16;21655;20;10;0;<FLG>
V6155020;V615502002;HINnJ;1;"2013-01-29 00:00:00";"2013-01-29 23:59:59";16;21405;20;10;0;<FLG>
V6155020;V615502002;HINnJ;1;"2013-01-30 00:00:00";"2013-01-30 23:59:59";16;21155;20;10;0;<FLG>
V6155020;V615502002;HINnJ;1;"2013-01-31 00:00:00";"2013-01-31 23:59:59";16;20990;20;10;0;<FLG>
V6155020;V615502002;HINnJ;1;"2013-02-01 00:00:00";"2013-02-01 23:59:59";16;20835;20;10;0;<FLG>
V6155020;V615502002;HINnJ;1;"2013-02-02 00:00:00";"2013-02-02 23:59:59";16;20513;20;10;0;<FLG>
V6155020;V615502002;HINnJ;1;"2013-02-03 00:00:00";"2013-02-03 23:59:59";16;20098;20;10;0;<FLG>
V6155020;V615502002;HINnJ;1;"2013-02-04 00:00:00";"2013-02-04 23:59:59";16;19684;20;10;0;<FLG>
V6155020;V615502002;HINnJ;1;"2013-02-05 00:00:00";"2013-02-05 23:59:59";16;19269;20;10;0;<FLG>
V6155020;V615502002;HINnJ;1;"2013-02-06 00:00:00";"2013-02-06 23:59:59";16;18855;20;10;0;<FLG>
V6155020;V615502002;HINnJ;1;"2013-02-07 00:00:00";"2013-02-07 23:59:59";16;18441;20;10;0;<FLG>
V6155020;V615502002;HINnJ;1;"2013-02-08 00:00:00";"2013-02-08 23:59:59";16;18026;20;10;0;<FLG>
V6155020;V615502002;HINnJ;1;"2013-02-09 00:00:00";"2013-02-09 23:59:59";16;17612;20;10;0;<FLG>
V6155020;V615502002;HINnJ;1;"2013-02-10 00:00:00";"2013-02-10 23:59:59";16;17197;20;10;0;<FLG>
V6155020;V615502002;HINnJ;1;"2013-02-11 00:00:00";"2013-02-11 23:59:59";16;16889;20;10;0;<FLG>
V6155020;V615502002;HINnJ;1;"2013-02-12 00:00:00";"2013-02-12 23:59:59";16;16687;20;10;0;<FLG>
V6155020;V615502002;HINnJ;1;"2013-02-13 00:00:00";"2013-02-13 23:59:59";16;16484;20;10;0;<FLG>
V6155020;V615502002;HINnJ;1;"2013-02-14 00:00:00";"2013-02-14 23:59:59";16;16282;20;10;0;<FLG>
V6155020;V615502002;HINnJ;1;"2013-02-15 00:00:00";"2013-02-15 23:59:59";16;16080;20;10;0;<FLG>
V6155020;V615502002;HINnJ;1;"2013-02-16 00:00:00";"2013-02-16 23:59:59";16;15877;20;10;0;<FLG>
V6155020;V615502002;HINnJ;1;"2013-02-17 00:00:00";"2013-02-17 23:59:59";16;15675;20;10;0;<FLG>
V6155020;V615502002;HINnJ;1;"2013-02-18 00:00:00";"2013-02-18 23:59:59";16;15473;20;10;0;<FLG>
V6155020;V615502002;HINnJ;1;"2013-02-19 00:00:00";"2013-02-19 23:59:59";16;15270;20;10;0;<FLG>
V6155020;V615502002;HINnJ;1;"2013-02-20 00:00:00";"2013-02-20 23:59:59";16;15068;20;10;0;<FLG>
V6155020;V615502002;HINnJ;1;"2013-02-21 00:00:00";"2013-02-21 23:59:59";16;14866;20;10;0;<FLG>
V6155020;V615502002;HINnJ;1;"2013-02-22 00:00:00";"2013-02-22 23:59:59";16;14663;20;10;0;<FLG>
V6155020;V615502002;HINnJ;1;"2013-02-23 00:00:00";"2013-02-23 23:59:59";16;14461;20;10;0;<FLG>
V6155020;V615502002;HINnJ;1;"2013-02-24 00:00:00";"2013-02-24 23:59:59";16;14180;20;10;0;<FLG>
V6155020;V615502002;HINnJ;1;"2013-02-25 00:00:00";"2013-02-25 23:59:59";16;13820;20;10;0;<FLG>
V6155020;V615502002;HINnJ;1;"2013-02-26 00:00:00";"2013-02-26 23:59:59";16;13460;20;10;0;<FLG>
V6155020;V615502002;HINnJ;1;"2013-02-27 00:00:00";"2013-02-27 23:59:59";16;13100;20;10;0;<FLG>
V6155020;V615502002;HINnJ;1;"2013-02-28 00:00:00";"2013-02-28 23:59:59";16;12815;20;10;0;<FLG>
V6155020;V615502002;HINnJ;1;"2013-03-01 00:00:00";"2013-03-01 23:59:59";16;12605;20;10;0;<FLG>
V6155020;V615502002;HINnJ;1;"2013-03-02 00:00:00";"2013-03-02 23:59:59";16;12395;20;10;0;<FLG>
V6155020;V615502002;HINnJ;1;"2013-03-03 00:00:00";"2013-03-03 12:00:00";16;12290;20;10;0;<FLG>
V6155020;V615502002;HINnJ;1;"2013-03-04 00:00:00";"2013-03-04 00:00:00";16;13448;20;10;0;<FLG>
V6155020;V615502002;HINnJ;1;"2013-03-05 00:00:00";"2013-03-05 00:00:00";16;15762;20;10;0;<FLG>
V6155020;V615502002;HINnJ;1;"2013-03-06 00:00:00";"2013-03-06 00:00:00";16;18078;20;10;0;<FLG>
V6155020;V615502002;HINnJ;1;"2013-03-07 00:00:00";"2013-03-07 00:00:00";16;20392;20;10;0;<FLG>
V6155020;V615502002;HINnJ;1;"2013-03-08 00:00:00";"2013-03-08 00:00:00";16;22050;20;10;0;<FLG>
V6155020;V615502002;HINnJ;1;"2013-03-09 00:00:00";"2013-03-09 00:00:00";16;22725;20;10;0;<FLG>
V6155020;V615502002;HINnJ;1;"2013-03-10 00:00:00";"2013-03-10 00:00:00";16;22935;20;10;0;<FLG>
V6155020;V615502002;HINnJ;1;"2013-03-11 00:00:00";"2013-03-11 23:59:59";16;22955;20;10;0;<FLG>
V6155020;V615502002;HINnJ;1;"2013-03-12 00:00:00";"2013-03-12 23:59:59";16;22900;20;10;0;<FLG>
V6155020;V615502002;HINnJ;1;"2013-03-13 00:00:00";"2013-03-13 23:59:59";16;22820;20;10;0;<FLG>
V6155020;V615502002;HINnJ;1;"2013-03-14 00:00:00";"2013-03-14 23:59:59";16;22740;20;10;0;<FLG>
V6155020;V615502002;HINnJ;1;"2013-03-15 00:00:00";"2013-03-15 23:59:59";16;22652;20;10;0;<FLG>
V6155020;V615502002;HINnJ;1;"2013-03-16 00:00:00";"2013-03-16 23:59:59";16;22555;20;10;0;<FLG>
V6155020;V615502002;HINnJ;1;"2013-03-17 00:00:00";"2013-03-17 23:59:59";16;22458;20;10;0;<FLG>
V6155020;V615502002;HINnJ;1;"2013-03-18 00:00:00";"2013-03-18 12:00:00";16;22410;20;10;0;<FLG>
V6155020;V615502002;HINnJ;1;"2013-03-19 00:00:00";"2013-03-19 00:00:00";16;22530;20;10;0;<FLG>
V6155020;V615502002;HINnJ;1;"2013-03-20 00:00:00";"2013-03-20 00:00:00";16;22675;20;10;0;<FLG>
V6155020;V615502002;HINnJ;1;"2013-03-21 00:00:00";"2013-03-21 23:59:59";16;22675;20;10;0;<FLG>
V6155020;V615502002;HINnJ;1;"2013-03-22 00:00:00";"2013-03-22 23:59:59";16;22638;20;10;0;<FLG>
V6155020;V615502002;HINnJ;1;"2013-03-23 00:00:00";"2013-03-23 23:59:59";16;22612;20;10;0;<FLG>
V6155020;V615502002;HINnJ;1;"2013-03-24 00:00:00";"2013-03-24 12:00:00";16;22600;20;10;0;<FLG>
V6155020;V615502002;HINnJ;1;"2013-03-25 00:00:00";"2013-03-25 00:00:00";16;22710;20;10;0;<FLG>
V6155020;V615502002;HINnJ;1;"2013-03-26 00:00:00";"2013-03-26 00:00:00";16;22870;20;10;0;<FLG>
V6155020;V615502002;HINnJ;1;"2013-03-27 00:00:00";"2013-03-27 00:00:00";16;22940;20;10;0;<FLG>
V6155020;V615502002;HINnJ;1;"2013-03-28 00:00:00";"2013-03-28 23:59:59";16;22952;20;10;0;<FLG>
V6155020;V615502002;HINnJ;1;"2013-03-29 00:00:00";"2013-03-29 12:00:00";16;22950;20;10;0;<FLG>
V6155020;V615502002;HINnJ;1;"2013-03-30 00:00:00";"2013-03-30 00:00:00";16;23005;20;10;0;<FLG>
V6155020;V615502002;HINnJ;1;"2013-03-31 00:00:00";"2013-03-31 00:00:00";16;23110;20;10;0;<FLG>
V6155020;V615502002;HINnJ;1;"2013-04-01 00:00:00";"2013-04-01 00:00:00";16;23170;20;10;0;<FLG>
V6155020;V615502002;HINnJ;1;"2013-04-02 00:00:00";"2013-04-02 23:59:59";16;23160;20;10;0;<FLG>
V6155020;V615502002;HINnJ;1;"2013-04-03 00:00:00";"2013-04-03 23:59:59";16;23130;20;10;0;<FLG>
V6155020;V615502002;HINnJ;1;"2013-04-04 00:00:00";"2013-04-04 23:59:59";16;23090;20;10;0;<FLG>
V6155020;V615502002;HINnJ;1;"2013-04-05 00:00:00";"2013-04-05 23:59:59";16;23035;20;10;0;<FLG>
V6155020;V615502002;HINnJ;1;"2013-04-06 00:00:00";"2013-04-06 23:59:59";16;22975;20;10;0;<FLG>
V6155020;V615502002;HINnJ;1;"2013-04-07 00:00:00";"2013-04-07 23:59:59";16;22905;20;10;0;<FLG>
V6155020;V615502002;HINnJ;1;"2013-04-08 00:00:00";"2013-04-08 23:59:59";16;22823;20;10;0;<FLG>
V6155020;V615502002;HINnJ;1;"2013-04-09 00:00:00";"2013-04-09 23:59:59";16;22750;20;10;0;<FLG>
V6155020;V615502002;HINnJ;1;"2013-04-10 00:00:00";"2013-04-10 23:59:59";16;22677;20;10;0;<FLG>
V6155020;V615502002;HINnJ;1;"2013-04-11 00:00:00";"2013-04-11 23:59:59";16;22612;20;10;0;<FLG>
V6155020;V615502002;HINnJ;1;"2013-04-12 00:00:00";"2013-04-12 23:59:59";16;22555;20;10;0;<FLG>
V6155020;V615502002;HINnJ;1;"2013-04-13 00:00:00";"2013-04-13 23:59:59";16;22498;20;10;0;<FLG>
V6155020;V615502002;HINnJ;1;"2013-04-14 00:00:00";"2013-04-14 23:59:59";16;22447;20;10;0;<FLG>
V6155020;V615502002;HINnJ;1;"2013-04-15 00:00:00";"2013-04-15 23:59:59";16;22400;20;10;0;<FLG>
V6155020;V615502002;HINnJ;1;"2013-04-16 00:00:00";"2013-04-16 23:59:59";16;22353;20;10;0;<FLG>
V6155020;V615502002;HINnJ;1;"2013-04-17 00:00:00";"2013-04-17 23:59:59";16;22312;20;10;0;<FLG>
V6155020;V615502002;HINnJ;1;"2013-04-18 00:00:00";"2013-04-18 23:59:59";16;22275;20;10;0;<FLG>
V6155020;V615502002;HINnJ;1;"2013-04-19 00:00:00";"2013-04-19 23:59:59";16;22238;20;10;0;<FLG>
V6155020;V615502002;HINnJ;1;"2013-04-20 00:00:00";"2013-04-20 23:59:59";16;22193;20;10;0;<FLG>
V6155020;V615502002;HINnJ;1;"2013-04-21 00:00:00";"2013-04-21 23:59:59";16;22140;20;10;0;<FLG>
V6155020;V615502002;HINnJ;1;"2013-04-22 00:00:00";"2013-04-22 23:59:59";16;22087;20;10;0;<FLG>
V6155020;V615502002;HINnJ;1;"2013-04-23 00:00:00";"2013-04-23 23:59:59";16;22030;20;10;0;<FLG>
V6155020;V615502002;HINnJ;1;"2013-04-24 00:00:00";"2013-04-24 23:59:59";16;21970;20;10;0;<FLG>
V6155020;V615502002;HINnJ;1;"2013-04-25 00:00:00";"2013-04-25 23:59:59";16;21910;20;10;0;<FLG>
V6155020;V615502002;HINnJ;1;"2013-04-26 00:00:00";"2013-04-26 23:59:59";16;21850;20;10;0;<FLG>
V6155020;V615502002;HINnJ;1;"2013-04-27 00:00:00";"2013-04-27 12:00:00";16;21820;20;10;0;<FLG>
V6155020;V615502002;HINnJ;1;"2013-04-28 00:00:00";"2013-04-28 00:00:00";16;22010;20;10;0;<FLG>
V6155020;V615502002;HINnJ;1;"2013-04-29 00:00:00";"2013-04-29 00:00:00";16;22300;20;10;0;<FLG>
V6155020;V615502002;HINnJ;1;"2013-04-30 00:00:00";"2013-04-30 00:00:00";16;22550;20;10;0;<FLG>
V6155020;V615502002;HINnJ;1;"2013-05-01 00:00:00";"2013-05-01 00:00:00";16;22840;20;10;0;<FLG>
V6155020;V615502002;HINnJ;1;"2013-05-02 00:00:00";"2013-05-02 23:59:59";16;22999;20;10;0;<FLG>
V6155020;V615502002;HINnJ;1;"2013-05-03 00:00:00";"2013-05-03 23:59:59";16;22956;20;10;0;<FLG>
V6155020;V615502002;HINnJ;1;"2013-05-04 00:00:00";"2013-05-04 23:59:59";16;22914;20;10;0;<FLG>
V6155020;V615502002;HINnJ;1;"2013-05-05 00:00:00";"2013-05-05 23:59:59";16;22871;20;10;0;<FLG>
V6155020;V615502002;HINnJ;1;"2013-05-06 00:00:00";"2013-05-06 23:59:59";16;22817;20;10;0;<FLG>
V6155020;V615502002;HINnJ;1;"2013-05-07 00:00:00";"2013-05-07 23:59:59";16;22750;20;10;0;<FLG>
V6155020;V615502002;HINnJ;1;"2013-05-08 00:00:00";"2013-05-08 23:59:59";16;22683;20;10;0;<FLG>
V6155020;V615502002;HINnJ;1;"2013-05-09 00:00:00";"2013-05-09 23:59:59";16;22618;20;10;0;<FLG>
V6155020;V615502002;HINnJ;1;"2013-05-10 00:00:00";"2013-05-10 23:59:59";16;22555;20;10;0;<FLG>
V6155020;V615502002;HINnJ;1;"2013-05-11 00:00:00";"2013-05-11 23:59:59";16;22492;20;10;0;<FLG>
V6155020;V615502002;HINnJ;1;"2013-05-12 00:00:00";"2013-05-12 23:59:59";16;22432;20;10;0;<FLG>
V6155020;V615502002;HINnJ;1;"2013-05-13 00:00:00";"2013-05-13 23:59:59";16;22378;20;10;0;<FLG>
V6155020;V615502002;HINnJ;1;"2013-05-14 00:00:00";"2013-05-14 23:59:59";16;22345;20;10;0;<FLG>
V6155020;V615502002;HINnJ;1;"2013-05-15 00:00:00";"2013-05-15 23:59:59";16;22335;20;10;0;<FLG>
V6155020;V615502002;HINnJ;1;"2013-05-16 00:00:00";"2013-05-16 12:00:00";16;22330;20;10;0;<FLG>
V6155020;V615502002;HINnJ;1;"2013-05-17 00:00:00";"2013-05-17 00:00:00";16;22335;20;10;0;<FLG>
V6155020;V615502002;HINnJ;1;"2013-05-18 00:00:00";"2013-05-18 00:00:00";16;22345;20;10;0;<FLG>
V6155020;V615502002;HINnJ;1;"2013-05-19 00:00:00";"2013-05-19 00:00:00";16;22725;20;10;0;<FLG>
V6155020;V615502002;HINnJ;1;"2013-05-20 00:00:00";"2013-05-20 00:00:00";16;23150;20;10;0;<FLG>
V6155020;V615502002;HINnJ;1;"2013-05-21 00:00:00";"2013-05-21 00:00:00";16;23250;20;10;0;<FLG>
V6155020;V615502002;HINnJ;1;"2013-05-22 00:00:00";"2013-05-22 23:59:59";16;23255;20;10;0;<FLG>
V6155020;V615502002;HINnJ;1;"2013-05-23 00:00:00";"2013-05-23 23:59:59";16;23225;20;10;0;<FLG>
V6155020;V615502002;HINnJ;1;"2013-05-24 00:00:00";"2013-05-24 23:59:59";16;23182;20;10;0;<FLG>
V6155020;V615502002;HINnJ;1;"2013-05-25 00:00:00";"2013-05-25 23:59:59";16;23128;20;10;0;<FLG>
V6155020;V615502002;HINnJ;1;"2013-05-26 00:00:00";"2013-05-26 23:59:59";16;23073;20;10;0;<FLG>
V6155020;V615502002;HINnJ;1;"2013-05-27 00:00:00";"2013-05-27 23:59:59";16;23020;20;10;0;<FLG>
V6155020;V615502002;HINnJ;1;"2013-05-28 00:00:00";"2013-05-28 23:59:59";16;22967;20;10;0;<FLG>
V6155020;V615502002;HINnJ;1;"2013-05-29 00:00:00";"2013-05-29 23:59:59";16;22905;20;10;0;<FLG>
V6155020;V615502002;HINnJ;1;"2013-05-30 00:00:00";"2013-05-30 23:59:59";16;22835;20;10;0;<FLG>
V6155020;V615502002;HINnJ;1;"2013-05-31 00:00:00";"2013-05-31 12:00:00";16;22800;20;10;0;<FLG>
V6155020;V615502002;HINnJ;1;"2013-06-01 00:00:00";"2013-06-01 00:00:00";16;22825;20;10;0;<FLG>
V6155020;V615502002;HINnJ;1;"2013-06-02 00:00:00";"2013-06-02 23:59:59";16;22861;20;10;0;<FLG>
V6155020;V615502002;HINnJ;1;"2013-06-03 00:00:00";"2013-06-03 23:59:59";16;22784;20;10;0;<FLG>
V6155020;V615502002;HINnJ;1;"2013-06-04 00:00:00";"2013-06-04 23:59:59";16;22707;20;10;0;<FLG>
V6155020;V615502002;HINnJ;1;"2013-06-05 00:00:00";"2013-06-05 23:59:59";16;22630;20;10;0;<FLG>
V6155020;V615502002;HINnJ;1;"2013-06-06 00:00:00";"2013-06-06 23:59:59";16;22552;20;10;0;<FLG>
V6155020;V615502002;HINnJ;1;"2013-06-07 00:00:00";"2013-06-07 23:59:59";16;22475;20;10;0;<FLG>
V6155020;V615502002;HINnJ;1;"2013-06-08 00:00:00";"2013-06-08 23:59:59";16;22398;20;10;0;<FLG>
V6155020;V615502002;HINnJ;1;"2013-06-09 00:00:00";"2013-06-09 23:59:59";16;22320;20;10;0;<FLG>
V6155020;V615502002;HINnJ;1;"2013-06-10 00:00:00";"2013-06-10 23:59:59";16;22243;20;10;0;<FLG>
V6155020;V615502002;HINnJ;1;"2013-06-11 00:00:00";"2013-06-11 23:59:59";16;22166;20;10;0;<FLG>
V6155020;V615502002;HINnJ;1;"2013-06-12 00:00:00";"2013-06-12 23:59:59";16;22089;20;10;0;<FLG>
V6155020;V615502002;HINnJ;1;"2013-06-13 00:00:00";"2013-06-13 23:59:59";16;22025;20;10;0;<FLG>
V6155020;V615502002;HINnJ;1;"2013-06-14 00:00:00";"2013-06-14 23:59:59";16;21975;20;10;0;<FLG>
V6155020;V615502002;HINnJ;1;"2013-06-15 00:00:00";"2013-06-15 23:59:59";16;21925;20;10;0;<FLG>
V6155020;V615502002;HINnJ;1;"2013-06-16 00:00:00";"2013-06-16 23:59:59";16;21875;20;10;0;<FLG>
V6155020;V615502002;HINnJ;1;"2013-06-17 00:00:00";"2013-06-17 23:59:59";16;21800;20;10;0;<FLG>
V6155020;V615502002;HINnJ;1;"2013-06-18 00:00:00";"2013-06-18 23:59:59";16;21700;20;10;0;<FLG>
V6155020;V615502002;HINnJ;1;"2013-06-19 00:00:00";"2013-06-19 23:59:59";16;21588;20;10;0;<FLG>
V6155020;V615502002;HINnJ;1;"2013-06-20 00:00:00";"2013-06-20 23:59:59";16;21462;20;10;0;<FLG>
V6155020;V615502002;HINnJ;1;"2013-06-21 00:00:00";"2013-06-21 23:59:59";16;21275;20;10;0;<FLG>
V6155020;V615502002;HINnJ;1;"2013-06-22 00:00:00";"2013-06-22 23:59:59";16;20962;20;10;0;<FLG>
V6155020;V615502002;HINnJ;1;"2013-06-23 00:00:00";"2013-06-23 23:59:59";16;20588;20;10;0;<FLG>
V6155020;V615502002;HINnJ;1;"2013-06-24 00:00:00";"2013-06-24 23:59:59";16;20150;20;10;0;<FLG>
V6155020;V615502002;HINnJ;1;"2013-06-25 00:00:00";"2013-06-25 23:59:59";16;19650;20;10;0;<FLG>
V6155020;V615502002;HINnJ;1;"2013-06-26 00:00:00";"2013-06-26 23:59:59";16;19150;20;10;0;<FLG>
V6155020;V615502002;HINnJ;1;"2013-06-27 00:00:00";"2013-06-27 23:59:59";16;18650;20;10;0;<FLG>
V6155020;V615502002;HINnJ;1;"2013-06-28 00:00:00";"2013-06-28 23:59:59";16;18203;20;10;0;<FLG>
V6155020;V615502002;HINnJ;1;"2013-06-29 00:00:00";"2013-06-29 23:59:59";16;17809;20;10;0;<FLG>
V6155020;V615502002;HINnJ;1;"2013-06-30 00:00:00";"2013-06-30 23:59:59";16;17414;20;10;0;<FLG>
V6155020;V615502002;HINnJ;1;"2013-07-01 00:00:00";"2013-07-01 23:59:59";16;17020;20;10;0;<FLG>
V6155020;V615502002;HINnJ;1;"2013-07-02 00:00:00";"2013-07-02 23:59:59";16;16626;20;10;0;<FLG>
V6155020;V615502002;HINnJ;1;"2013-07-03 00:00:00";"2013-07-03 23:59:59";16;16231;20;10;0;<FLG>
V6155020;V615502002;HINnJ;1;"2013-07-04 00:00:00";"2013-07-04 23:59:59";16;15837;20;10;0;<FLG>
V6155020;V615502002;HINnJ;1;"2013-07-05 00:00:00";"2013-07-05 23:59:59";16;15458;20;10;0;<FLG>
V6155020;V615502002;HINnJ;1;"2013-07-06 00:00:00";"2013-07-06 23:59:59";16;15092;20;10;0;<FLG>
V6155020;V615502002;HINnJ;1;"2013-07-07 00:00:00";"2013-07-07 23:59:59";16;14728;20;10;0;<FLG>
V6155020;V615502002;HINnJ;1;"2013-07-08 00:00:00";"2013-07-08 23:59:59";16;14362;20;10;0;<FLG>
V6155020;V615502002;HINnJ;1;"2013-07-09 00:00:00";"2013-07-09 12:00:00";16;14180;20;10;0;<FLG>
V6155020;V615502002;HINnJ;1;"2013-07-10 00:00:00";"2013-07-10 00:00:00";16;14385;20;10;0;<FLG>
V6155020;V615502002;HINnJ;1;"2013-07-11 00:00:00";"2013-07-11 00:00:00";16;14795;20;10;0;<FLG>
V6155020;V615502002;HINnJ;1;"2013-07-12 00:00:00";"2013-07-12 23:59:59";16;14560;20;10;0;<FLG>
V6155020;V615502002;HINnJ;1;"2013-07-13 00:00:00";"2013-07-13 23:59:59";16;14260;20;10;0;<FLG>
V6155020;V615502002;HINnJ;1;"2013-07-14 00:00:00";"2013-07-14 23:59:59";16;13960;20;10;0;<FLG>
V6155020;V615502002;HINnJ;1;"2013-07-15 00:00:00";"2013-07-15 23:59:59";16;13660;20;10;0;<FLG>
V6155020;V615502002;HINnJ;1;"2013-07-16 00:00:00";"2013-07-16 23:59:59";16;13480;20;10;0;<FLG>
V6155020;V615502002;HINnJ;1;"2013-07-17 00:00:00";"2013-07-17 23:59:59";16;13420;20;10;0;<FLG>
V6155020;V615502002;HINnJ;1;"2013-07-18 00:00:00";"2013-07-18 23:59:59";16;13360;20;10;0;<FLG>
V6155020;V615502002;HINnJ;1;"2013-07-19 00:00:00";"2013-07-19 23:59:59";16;13300;20;10;0;<FLG>
V6155020;V615502002;HINnJ;1;"2013-07-20 00:00:00";"2013-07-20 23:59:59";16;13240;20;10;0;<FLG>
V6155020;V615502002;HINnJ;1;"2013-07-21 00:00:00";"2013-07-21 23:59:59";16;13074;20;10;0;<FLG>
V6155020;V615502002;HINnJ;1;"2013-07-22 00:00:00";"2013-07-22 23:59:59";16;12802;20;10;0;<FLG>
V6155020;V615502002;HINnJ;1;"2013-07-23 00:00:00";"2013-07-23 23:59:59";16;12530;20;10;0;<FLG>
V6155020;V615502002;HINnJ;1;"2013-07-24 00:00:00";"2013-07-24 23:59:59";16;12258;20;10;0;<FLG>
V6155020;V615502002;HINnJ;1;"2013-07-25 00:00:00";"2013-07-25 23:59:59";16;11986;20;10;0;<FLG>
V6155020;V615502002;HINnJ;1;"2013-07-26 00:00:00";"2013-07-26 23:59:59";16;11658;20;10;0;<FLG>
V6155020;V615502002;HINnJ;1;"2013-07-27 00:00:00";"2013-07-27 23:59:59";16;11275;20;10;0;<FLG>
V6155020;V615502002;HINnJ;1;"2013-07-28 00:00:00";"2013-07-28 23:59:59";16;10892;20;10;0;<FLG>
V6155020;V615502002;HINnJ;1;"2013-07-29 00:00:00";"2013-07-29 23:59:59";16;10680;20;10;0;<FLG>
V6155020;V615502002;HINnJ;1;"2013-07-30 00:00:00";"2013-07-30 23:59:59";16;10640;20;10;0;<FLG>
V6155020;V615502002;HINnJ;1;"2013-07-31 00:00:00";"2013-07-31 23:59:59";16;10600;20;10;0;<FLG>
V6155020;V615502002;HINnJ;1;"2013-08-01 00:00:00";"2013-08-01 23:59:59";16;10397;20;10;0;<FLG>
V6155020;V615502002;HINnJ;1;"2013-08-02 00:00:00";"2013-08-02 23:59:59";16;10030;20;10;0;<FLG>
V6155020;V615502002;HINnJ;1;"2013-08-03 00:00:00";"2013-08-03 23:59:59";16;9663;20;10;0;<FLG>
V6155020;V615502002;HINnJ;1;"2013-08-04 00:00:00";"2013-08-04 23:59:59";16;9376;20;10;0;<FLG>
V6155020;V615502002;HINnJ;1;"2013-08-05 00:00:00";"2013-08-05 23:59:59";16;9169;20;10;0;<FLG>
V6155020;V615502002;HINnJ;1;"2013-08-06 00:00:00";"2013-08-06 23:59:59";16;8961;20;10;0;<FLG>
V6155020;V615502002;HINnJ;1;"2013-08-07 00:00:00";"2013-08-07 23:59:59";16;8754;20;10;0;<FLG>
V6155020;V615502002;HINnJ;1;"2013-08-08 00:00:00";"2013-08-08 12:00:00";16;8650;20;10;0;<FLG>
V6155020;V615502002;HINnJ;1;"2013-08-09 00:00:00";"2013-08-09 00:00:00";16;8775;20;10;0;<FLG>
V6155020;V615502002;HINnJ;1;"2013-08-10 00:00:00";"2013-08-10 23:59:59";16;8638;20;10;0;<FLG>
V6155020;V615502002;HINnJ;1;"2013-08-11 00:00:00";"2013-08-11 23:59:59";16;8417;20;10;0;<FLG>
V6155020;V615502002;HINnJ;1;"2013-08-12 00:00:00";"2013-08-12 23:59:59";16;8150;20;10;0;<FLG>
V6155020;V615502002;HINnJ;1;"2013-08-13 00:00:00";"2013-08-13 23:59:59";16;7883;20;10;0;<FLG>
V6155020;V615502002;HINnJ;1;"2013-08-14 00:00:00";"2013-08-14 23:59:59";16;7647;20;10;0;<FLG>
V6155020;V615502002;HINnJ;1;"2013-08-15 00:00:00";"2013-08-15 23:59:59";16;7441;20;10;0;<FLG>
V6155020;V615502002;HINnJ;1;"2013-08-16 00:00:00";"2013-08-16 23:59:59";16;7234;20;10;0;<FLG>
V6155020;V615502002;HINnJ;1;"2013-08-17 00:00:00";"2013-08-17 23:59:59";16;7028;20;10;0;<FLG>
V6155020;V615502002;HINnJ;1;"2013-08-18 00:00:00";"2013-08-18 23:59:59";16;6822;20;10;0;<FLG>
V6155020;V615502002;HINnJ;1;"2013-08-19 00:00:00";"2013-08-19 23:59:59";16;6616;20;10;0;<FLG>
V6155020;V615502002;HINnJ;1;"2013-08-20 00:00:00";"2013-08-20 23:59:59";16;6409;20;10;0;<FLG>
V6155020;V615502002;HINnJ;1;"2013-08-21 00:00:00";"2013-08-21 23:59:59";16;6203;20;10;0;<FLG>
V6155020;V615502002;HINnJ;1;"2013-08-22 00:00:00";"2013-08-22 23:59:59";16;6050;20;10;0;<FLG>
V6155020;V615502002;HINnJ;1;"2013-08-23 00:00:00";"2013-08-23 23:59:59";16;5950;20;10;0;<FLG>
V6155020;V615502002;HINnJ;1;"2013-08-24 00:00:00";"2013-08-24 23:59:59";16;5850;20;10;0;<FLG>
V6155020;V615502002;HINnJ;1;"2013-08-25 00:00:00";"2013-08-25 23:59:59";16;5712;20;10;0;<FLG>
V6155020;V615502002;HINnJ;1;"2013-08-26 00:00:00";"2013-08-26 23:59:59";16;5538;20;10;0;<FLG>
V6155020;V615502002;HINnJ;1;"2013-08-27 00:00:00";"2013-08-27 23:59:59";16;5362;20;10;0;<FLG>
V6155020;V615502002;HINnJ;1;"2013-08-28 00:00:00";"2013-08-28 23:59:59";16;5188;20;10;0;<FLG>
V6155020;V615502002;HINnJ;1;"2013-08-29 00:00:00";"2013-08-29 23:59:59";16;5050;20;10;0;<FLG>
V6155020;V615502002;HINnJ;1;"2013-08-30 00:00:00";"2013-08-30 23:59:59";16;4950;20;10;0;<FLG>
V6155020;V615502002;HINnJ;1;"2013-08-31 00:00:00";"2013-08-31 23:59:59";16;4850;20;10;0;<FLG>
V6155020;V615502002;HINnJ;1;"2013-09-01 00:00:00";"2013-09-01 23:59:59";16;4750;20;10;0;<FLG>
V6155020;V615502002;HINnJ;1;"2013-09-02 00:00:00";"2013-09-02 23:59:59";16;4650;20;10;0;<FLG>
V6155020;V615502002;HINnJ;1;"2013-09-03 00:00:00";"2013-09-03 23:59:59";16;4550;20;10;0;<FLG>
V6155020;V615502002;HINnJ;1;"2013-09-04 00:00:00";"2013-09-04 23:59:59";16;4450;20;10;0;<FLG>
V6155020;V615502002;HINnJ;1;"2013-09-05 00:00:00";"2013-09-05 23:59:59";16;4350;20;10;0;<FLG>
V6155020;V615502002;HINnJ;1;"2013-09-06 00:00:00";"2013-09-06 23:59:59";16;4281;20;10;0;<FLG>
V6155020;V615502002;HINnJ;1;"2013-09-07 00:00:00";"2013-09-07 23:59:59";16;4244;20;10;0;<FLG>
V6155020;V615502002;HINnJ;1;"2013-09-08 00:00:00";"2013-09-08 23:59:59";16;4206;20;10;0;<FLG>
V6155020;V615502002;HINnJ;1;"2013-09-09 00:00:00";"2013-09-09 23:59:59";16;4169;20;10;0;<FLG>
V6155020;V615502002;HINnJ;1;"2013-09-10 00:00:00";"2013-09-10 23:59:59";16;4082;20;10;0;<FLG>
V6155020;V615502002;HINnJ;1;"2013-09-11 00:00:00";"2013-09-11 23:59:59";16;3946;20;10;0;<FLG>
V6155020;V615502002;HINnJ;1;"2013-09-12 00:00:00";"2013-09-12 23:59:59";16;3811;20;10;0;<FLG>
V6155020;V615502002;HINnJ;1;"2013-09-13 00:00:00";"2013-09-13 23:59:59";16;3675;20;10;0;<FLG>
V6155020;V615502002;HINnJ;1;"2013-09-14 00:00:00";"2013-09-14 23:59:59";16;3539;20;10;0;<FLG>
V6155020;V615502002;HINnJ;1;"2013-09-15 00:00:00";"2013-09-15 23:59:59";16;3404;20;10;0;<FLG>
V6155020;V615502002;HINnJ;1;"2013-09-16 00:00:00";"2013-09-16 23:59:59";16;3268;20;10;0;<FLG>
V6155020;V615502002;HINnJ;1;"2013-09-17 00:00:00";"2013-09-17 23:59:59";16;3189;20;10;0;<FLG>
V6155020;V615502002;HINnJ;1;"2013-09-18 00:00:00";"2013-09-18 23:59:59";16;3166;20;10;0;<FLG>
V6155020;V615502002;HINnJ;1;"2013-09-19 00:00:00";"2013-09-19 23:59:59";16;3144;20;10;0;<FLG>
V6155020;V615502002;HINnJ;1;"2013-09-20 00:00:00";"2013-09-20 23:59:59";16;3121;20;10;0;<FLG>
V6155020;V615502002;HINnJ;1;"2013-09-21 00:00:00";"2013-09-21 23:59:59";16;3099;20;10;0;<FLG>
V6155020;V615502002;HINnJ;1;"2013-09-22 00:00:00";"2013-09-22 23:59:59";16;3076;20;10;0;<FLG>
V6155020;V615502002;HINnJ;1;"2013-09-23 00:00:00";"2013-09-23 23:59:59";16;3054;20;10;0;<FLG>
V6155020;V615502002;HINnJ;1;"2013-09-24 00:00:00";"2013-09-24 23:59:59";16;3031;20;10;0;<FLG>
V6155020;V615502002;HINnJ;1;"2013-09-25 00:00:00";"2013-09-25 23:59:59";16;3002;20;10;0;<FLG>
V6155020;V615502002;HINnJ;1;"2013-09-26 00:00:00";"2013-09-26 23:59:59";16;2968;20;10;0;<FLG>
V6155020;V615502002;HINnJ;1;"2013-09-27 00:00:00";"2013-09-27 23:59:59";16;2932;20;10;0;<FLG>
V6155020;V615502002;HINnJ;1;"2013-09-28 00:00:00";"2013-09-28 23:59:59";16;2898;20;10;0;<FLG>
V6155020;V615502002;HINnJ;1;"2013-09-29 00:00:00";"2013-09-29 12:00:00";16;2880;20;10;0;<FLG>
V6155020;V615502002;HINnJ;1;"2013-09-30 00:00:00";"2013-09-30 00:00:00";16;2885;20;10;0;<FLG>
V6155020;V615502002;HINnJ;1;"2013-10-01 00:00:00";"2013-10-01 23:59:59";16;2881;20;10;0;<FLG>
V6155020;V615502002;HINnJ;1;"2013-10-02 00:00:00";"2013-10-02 23:59:59";16;2844;20;10;0;<FLG>
V6155020;V615502002;HINnJ;1;"2013-10-03 00:00:00";"2013-10-03 23:59:59";16;2806;20;10;0;<FLG>
V6155020;V615502002;HINnJ;1;"2013-10-04 00:00:00";"2013-10-04 23:59:59";16;2769;20;10;0;<FLG>
V6155020;V615502002;HINnJ;1;"2013-10-05 00:00:00";"2013-10-05 12:00:00";16;2750;20;10;0;<FLG>
V6155020;V615502002;HINnJ;1;"2013-10-06 00:00:00";"2013-10-06 00:00:00";16;2780;20;10;0;<FLG>
V6155020;V615502002;HINnJ;1;"2013-10-07 00:00:00";"2013-10-07 23:59:59";16;2836;20;10;0;<FLG>
V6155020;V615502002;HINnJ;1;"2013-10-08 00:00:00";"2013-10-08 23:59:59";16;2768;20;10;0;<FLG>
V6155020;V615502002;HINnJ;1;"2013-10-09 00:00:00";"2013-10-09 23:59:59";16;2699;20;10;0;<FLG>
V6155020;V615502002;HINnJ;1;"2013-10-10 00:00:00";"2013-10-10 23:59:59";16;2631;20;10;0;<FLG>
V6155020;V615502002;HINnJ;1;"2013-10-11 00:00:00";"2013-10-11 23:59:59";16;2562;20;10;0;<FLG>
V6155020;V615502002;HINnJ;1;"2013-10-12 00:00:00";"2013-10-12 23:59:59";16;2494;20;10;0;<FLG>
V6155020;V615502002;HINnJ;1;"2013-10-13 00:00:00";"2013-10-13 23:59:59";16;2440;20;10;0;<FLG>
V6155020;V615502002;HINnJ;1;"2013-10-14 00:00:00";"2013-10-14 23:59:59";16;2400;20;10;0;<FLG>
V6155020;V615502002;HINnJ;1;"2013-10-15 00:00:00";"2013-10-15 23:59:59";16;2360;20;10;0;<FLG>
V6155020;V615502002;HINnJ;1;"2013-10-16 00:00:00";"2013-10-16 23:59:59";16;2320;20;10;0;<FLG>
V6155020;V615502002;HINnJ;1;"2013-10-17 00:00:00";"2013-10-17 12:00:00";16;2300;20;10;0;<FLG>
V6155020;V615502002;HINnJ;1;"2013-10-18 00:00:00";"2013-10-18 00:00:00";16;2420;20;10;0;<FLG>
V6155020;V615502002;HINnJ;1;"2013-10-19 00:00:00";"2013-10-19 00:00:00";16;2660;20;10;0;<FLG>
V6155020;V615502002;HINnJ;1;"2013-10-20 00:00:00";"2013-10-20 00:00:00";16;2900;20;10;0;<FLG>
V6155020;V615502002;HINnJ;1;"2013-10-21 00:00:00";"2013-10-21 00:00:00";16;3140;20;10;0;<FLG>
V6155020;V615502002;HINnJ;1;"2013-10-22 00:00:00";"2013-10-22 00:00:00";16;3380;20;10;0;<FLG>
V6155020;V615502002;HINnJ;1;"2013-10-23 00:00:00";"2013-10-23 00:00:00";16;3620;20;10;0;<FLG>
V6155020;V615502002;HINnJ;1;"2013-10-24 00:00:00";"2013-10-24 23:59:59";16;3858;20;10;0;<FLG>
V6155020;V615502002;HINnJ;1;"2013-10-25 00:00:00";"2013-10-25 23:59:59";16;3615;20;10;0;<FLG>
V6155020;V615502002;HINnJ;1;"2013-10-26 00:00:00";"2013-10-26 23:59:59";16;3372;20;10;0;<FLG>
V6155020;V615502002;HINnJ;1;"2013-10-27 00:00:00";"2013-10-27 23:59:59";16;3161;20;10;0;<FLG>
V6155020;V615502002;HINnJ;1;"2013-10-28 00:00:00";"2013-10-28 23:59:59";16;2982;20;10;0;<FLG>
V6155020;V615502002;HINnJ;1;"2013-10-29 00:00:00";"2013-10-29 23:59:59";16;2804;20;10;0;<FLG>
V6155020;V615502002;HINnJ;1;"2013-10-30 00:00:00";"2013-10-30 23:59:59";16;2625;20;10;0;<FLG>
V6155020;V615502002;HINnJ;1;"2013-10-31 00:00:00";"2013-10-31 23:59:59";16;2447;20;10;0;<FLG>
V6155020;V615502002;HINnJ;1;"2013-11-01 00:00:00";"2013-11-01 23:59:59";16;2268;20;10;0;<FLG>
V6155020;V615502002;HINnJ;1;"2013-11-02 00:00:00";"2013-11-02 23:59:59";16;2168;20;10;0;<FLG>
V6155020;V615502002;HINnJ;1;"2013-11-03 00:00:00";"2013-11-03 23:59:59";16;2146;20;10;0;<FLG>
V6155020;V615502002;HINnJ;1;"2013-11-04 00:00:00";"2013-11-04 23:59:59";16;2108;20;10;0;<FLG>
V6155020;V615502002;HINnJ;1;"2013-11-05 00:00:00";"2013-11-05 23:59:59";16;2055;20;10;0;<FLG>
V6155020;V615502002;HINnJ;1;"2013-11-06 00:00:00";"2013-11-06 23:59:59";16;2002;20;10;0;<FLG>
V6155020;V615502002;HINnJ;1;"2013-11-07 00:00:00";"2013-11-07 23:59:59";16;1948;20;10;0;<FLG>
V6155020;V615502002;HINnJ;1;"2013-11-08 00:00:00";"2013-11-08 23:59:59";16;1895;20;10;0;<FLG>
V6155020;V615502002;HINnJ;1;"2013-11-09 00:00:00";"2013-11-09 23:59:59";16;1842;20;10;0;<FLG>
V6155020;V615502002;HINnJ;1;"2013-11-10 00:00:00";"2013-11-10 23:59:59";16;1788;20;10;0;<FLG>
V6155020;V615502002;HINnJ;1;"2013-11-11 00:00:00";"2013-11-11 23:59:59";16;1735;20;10;0;<FLG>
V6155020;V615502002;HINnJ;1;"2013-11-12 00:00:00";"2013-11-12 23:59:59";16;1682;20;10;0;<FLG>
V6155020;V615502002;HINnJ;1;"2013-11-13 00:00:00";"2013-11-13 23:59:59";16;1653;20;10;0;<FLG>
V6155020;V615502002;HINnJ;1;"2013-11-14 00:00:00";"2013-11-14 23:59:59";16;1649;20;10;0;<FLG>
V6155020;V615502002;HINnJ;1;"2013-11-15 00:00:00";"2013-11-15 23:59:59";16;1644;20;10;0;<FLG>
V6155020;V615502002;HINnJ;1;"2013-11-16 00:00:00";"2013-11-16 23:59:59";16;1640;20;10;0;<FLG>
V6155020;V615502002;HINnJ;1;"2013-11-17 00:00:00";"2013-11-17 23:59:59";16;1636;20;10;0;<FLG>
V6155020;V615502002;HINnJ;1;"2013-11-18 00:00:00";"2013-11-18 23:59:59";16;1631;20;10;0;<FLG>
V6155020;V615502002;HINnJ;1;"2013-11-19 00:00:00";"2013-11-19 23:59:59";16;1627;20;10;0;<FLG>
V6155020;V615502002;HINnJ;1;"2013-11-20 00:00:00";"2013-11-20 12:00:00";16;1625;20;10;0;<FLG>
V6155020;V615502002;HINnJ;1;"2013-11-21 00:00:00";"2013-11-21 00:00:00";16;1702;20;10;0;<FLG>
V6155020;V615502002;HINnJ;1;"2013-11-22 00:00:00";"2013-11-22 00:00:00";16;1856;20;10;0;<FLG>
V6155020;V615502002;HINnJ;1;"2013-11-23 00:00:00";"2013-11-23 00:00:00";16;2011;20;10;0;<FLG>
V6155020;V615502002;HINnJ;1;"2013-11-24 00:00:00";"2013-11-24 00:00:00";16;2165;20;10;0;<FLG>
V6155020;V615502002;HINnJ;1;"2013-11-25 00:00:00";"2013-11-25 23:59:59";16;2222;20;10;0;<FLG>
V6155020;V615502002;HINnJ;1;"2013-11-26 00:00:00";"2013-11-26 23:59:59";16;2210;20;10;0;<FLG>
V6155020;V615502002;HINnJ;1;"2013-11-27 00:00:00";"2013-11-27 23:59:59";16;2173;20;10;0;<FLG>
V6155020;V615502002;HINnJ;1;"2013-11-28 00:00:00";"2013-11-28 23:59:59";16;2113;20;10;0;<FLG>
V6155020;V615502002;HINnJ;1;"2013-11-29 00:00:00";"2013-11-29 23:59:59";16;2052;20;10;0;<FLG>
V6155020;V615502002;HINnJ;1;"2013-11-30 00:00:00";"2013-11-30 23:59:59";16;1992;20;10;0;<FLG>
