<CdSiteHydro>;<CdStationHydro>;<TypDeGrdSerieObsElaborHydro>;<PDTSerieObsElaborHydro>;<DtObsElaborHydro>;<StObsElaborHydro>;<ResObsElaborHydro>;<QualifObsElaborHydro>;<MethObsElaborHydro>;<ContObsElaborHydro>;<FLG>
"Code du site hydrométrique";"Code de la station hydrométrique";"Type de grandeur de la série d'observations élaborées hydrométriques";"Pas de temps de la série d'observations élaborées hydrométriques";"Date d'observation élaborée hydrométrique";"Statut de l'observation élaborée hydrométrique";"Résultat de l'observation élaborée hydrométrique";"Qualification de l'observation élaborée hydrométrique";"Méthode d'obtention du résultat de l'observation élaborée hydrométrique";"Continuité de la donnée de l'observation élaborée hydrométrique";<FLG>
V6155020;V615502001;QmnJ;1;"2016-03-03 00:00:00";16;17738;20;10;0;<FLG>
V6155020;V615502001;QmnJ;1;"2016-03-04 00:00:00";16;17667;20;10;0;<FLG>
V6155020;V615502001;QmnJ;1;"2016-03-05 00:00:00";16;17622;20;10;0;<FLG>
V6155020;V615502001;QmnJ;1;"2016-03-06 00:00:00";16;17776;20;10;0;<FLG>
V6155020;V615502001;QmnJ;1;"2016-03-07 00:00:00";16;18117;20;10;0;<FLG>
V6155020;V615502001;QmnJ;1;"2016-03-08 00:00:00";16;18265;20;10;0;<FLG>
V6155020;V615502001;QmnJ;1;"2016-03-09 00:00:00";16;18158;20;10;0;<FLG>
V6155020;V615502001;QmnJ;1;"2016-03-10 00:00:00";16;17983;20;10;0;<FLG>
V6155020;V615502001;QmnJ;1;"2016-03-11 00:00:00";16;17665;20;10;0;<FLG>
V6155020;V615502001;QmnJ;1;"2016-03-12 00:00:00";16;17360;20;10;0;<FLG>
V6155020;V615502001;QmnJ;1;"2016-03-13 00:00:00";16;17027;20;10;0;<FLG>
V6155020;V615502001;QmnJ;1;"2016-03-14 00:00:00";16;16698;20;10;0;<FLG>
V6155020;V615502001;QmnJ;1;"2016-03-15 00:00:00";16;16354;20;10;0;<FLG>
V6155020;V615502001;QmnJ;1;"2016-03-16 00:00:00";16;16017;20;10;0;<FLG>
V6155020;V615502001;QmnJ;1;"2016-03-17 00:00:00";16;15697;20;10;0;<FLG>
V6155020;V615502001;QmnJ;1;"2016-03-18 00:00:00";16;15626;20;10;0;<FLG>
V6155020;V615502001;QmnJ;1;"2016-03-19 00:00:00";16;15663;20;10;0;<FLG>
V6155020;V615502001;QmnJ;1;"2016-03-20 00:00:00";16;15729;20;10;0;<FLG>
V6155020;V615502001;QmnJ;1;"2016-03-21 00:00:00";16;15810;20;10;0;<FLG>
V6155020;V615502001;QmnJ;1;"2016-03-22 00:00:00";16;15778;20;10;0;<FLG>
V6155020;V615502001;QmnJ;1;"2016-03-23 00:00:00";16;15781;20;10;0;<FLG>
V6155020;V615502001;QmnJ;1;"2016-03-24 00:00:00";16;15696;20;10;0;<FLG>
V6155020;V615502001;QmnJ;1;"2016-03-25 00:00:00";16;15447;20;10;0;<FLG>
V6155020;V615502001;QmnJ;1;"2016-03-26 00:00:00";16;15171;20;10;0;<FLG>
V6155020;V615502001;QmnJ;1;"2016-03-27 00:00:00";16;14930;20;10;0;<FLG>
V6155020;V615502001;QmnJ;1;"2016-03-28 00:00:00";16;14743;20;10;0;<FLG>
V6155020;V615502001;QmnJ;1;"2016-03-29 00:00:00";16;14571;20;10;0;<FLG>
V6155020;V615502001;QmnJ;1;"2016-03-30 00:00:00";16;14370;20;10;0;<FLG>
V6155020;V615502001;QmnJ;1;"2016-03-31 00:00:00";16;14255;20;10;0;<FLG>
V6155020;V615502001;QmnJ;1;"2016-04-01 00:00:00";16;14118;20;10;0;<FLG>
V6155020;V615502001;QmnJ;1;"2016-04-02 00:00:00";16;13920;20;10;0;<FLG>
V6155020;V615502001;QmnJ;1;"2016-04-03 00:00:00";16;13742;20;10;0;<FLG>
V6155020;V615502001;QmnJ;1;"2016-04-04 00:00:00";16;13635;20;10;0;<FLG>
V6155020;V615502001;QmnJ;1;"2016-04-05 00:00:00";16;13531;20;10;0;<FLG>
V6155020;V615502001;QmnJ;1;"2016-04-06 00:00:00";16;13341;20;10;0;<FLG>
V6155020;V615502001;QmnJ;1;"2016-04-07 00:00:00";16;13124;20;10;0;<FLG>
V6155020;V615502001;QmnJ;1;"2016-04-08 00:00:00";16;12997;20;10;0;<FLG>
V6155020;V615502001;QmnJ;1;"2016-04-09 00:00:00";16;12899;20;10;0;<FLG>
V6155020;V615502001;QmnJ;1;"2016-04-10 00:00:00";16;12741;20;10;0;<FLG>
V6155020;V615502001;QmnJ;1;"2016-04-11 00:00:00";16;12561;20;10;0;<FLG>
V6155020;V615502001;QmnJ;1;"2016-04-12 00:00:00";16;12357;20;10;0;<FLG>
V6155020;V615502001;QmnJ;1;"2016-04-13 00:00:00";16;12109;20;10;0;<FLG>
V6155020;V615502001;QmnJ;1;"2016-04-14 00:00:00";16;11907;20;10;0;<FLG>
V6155020;V615502001;QmnJ;1;"2016-04-15 00:00:00";16;11877;20;10;0;<FLG>
V6155020;V615502001;QmnJ;1;"2016-04-16 00:00:00";16;11770;20;10;0;<FLG>
V6155020;V615502001;QmnJ;1;"2016-04-17 00:00:00";16;11572;20;10;0;<FLG>
V6155020;V615502001;QmnJ;1;"2016-04-18 00:00:00";16;11274;20;10;0;<FLG>
V6155020;V615502001;QmnJ;1;"2016-04-19 00:00:00";16;11068;20;10;0;<FLG>
V6155020;V615502001;QmnJ;1;"2016-04-20 00:00:00";16;10895;20;10;0;<FLG>
V6155020;V615502001;QmnJ;1;"2016-04-21 00:00:00";16;10641;20;10;0;<FLG>
V6155020;V615502001;QmnJ;1;"2016-04-22 00:00:00";16;10453;20;10;0;<FLG>
V6155020;V615502001;QmnJ;1;"2016-04-23 00:00:00";16;10391;20;10;0;<FLG>
V6155020;V615502001;QmnJ;1;"2016-04-24 00:00:00";16;10281;20;10;0;<FLG>
V6155020;V615502001;QmnJ;1;"2016-04-25 00:00:00";16;10201;20;10;0;<FLG>
V6155020;V615502001;QmnJ;1;"2016-04-26 00:00:00";16;10069;20;10;0;<FLG>
V6155020;V615502001;QmnJ;1;"2016-04-27 00:00:00";16;9957;20;10;0;<FLG>
V6155020;V615502001;QmnJ;1;"2016-04-28 00:00:00";16;9851;20;10;0;<FLG>
V6155020;V615502001;QmnJ;1;"2016-04-29 00:00:00";16;9708;20;10;0;<FLG>
V6155020;V615502001;QmnJ;1;"2016-04-30 00:00:00";16;9567;20;10;0;<FLG>
V6155020;V615502001;QmnJ;1;"2016-05-01 00:00:00";16;9428;20;10;0;<FLG>
V6155020;V615502001;QmnJ;1;"2016-05-02 00:00:00";16;9385;20;10;0;<FLG>
V6155020;V615502001;QmnJ;1;"2016-05-03 00:00:00";16;9341;20;10;0;<FLG>
V6155020;V615502001;QmnJ;1;"2016-05-04 00:00:00";16;9173;20;10;0;<FLG>
V6155020;V615502001;QmnJ;1;"2016-05-05 00:00:00";16;8979;20;10;0;<FLG>
V6155020;V615502001;QmnJ;1;"2016-05-06 00:00:00";16;8907;20;10;0;<FLG>
V6155020;V615502001;QmnJ;1;"2016-05-07 00:00:00";16;8817;20;10;0;<FLG>
V6155020;V615502001;QmnJ;1;"2016-05-08 00:00:00";16;8725;20;10;0;<FLG>
V6155020;V615502001;QmnJ;1;"2016-05-09 00:00:00";16;8668;20;10;0;<FLG>
V6155020;V615502001;QmnJ;1;"2016-05-10 00:00:00";16;8741;20;10;0;<FLG>
V6155020;V615502001;QmnJ;1;"2016-05-11 00:00:00";16;9193;20;10;0;<FLG>
V6155020;V615502001;QmnJ;1;"2016-05-12 00:00:00";16;11842;20;10;0;<FLG>
V6155020;V615502001;QmnJ;1;"2016-05-13 00:00:00";16;14033;20;10;0;<FLG>
V6155020;V615502001;QmnJ;1;"2016-05-14 00:00:00";16;14541;20;10;0;<FLG>
V6155020;V615502001;QmnJ;1;"2016-05-15 00:00:00";16;14235;20;10;0;<FLG>
V6155020;V615502001;QmnJ;1;"2016-05-16 00:00:00";16;13805;20;10;0;<FLG>
V6155020;V615502001;QmnJ;1;"2016-05-17 00:00:00";16;13405;20;10;0;<FLG>
V6155020;V615502001;QmnJ;1;"2016-05-18 00:00:00";16;12934;20;10;0;<FLG>
V6155020;V615502001;QmnJ;1;"2016-05-19 00:00:00";16;12555;20;10;0;<FLG>
V6155020;V615502001;QmnJ;1;"2016-05-20 00:00:00";16;12132;20;10;0;<FLG>
V6155020;V615502001;QmnJ;1;"2016-05-21 00:00:00";16;11738;20;10;0;<FLG>
V6155020;V615502001;QmnJ;1;"2016-05-22 00:00:00";16;11436;20;10;0;<FLG>
V6155020;V615502001;QmnJ;1;"2016-05-23 00:00:00";16;11062;20;10;0;<FLG>
V6155020;V615502001;QmnJ;1;"2016-05-24 00:00:00";16;10845;20;10;0;<FLG>
V6155020;V615502001;QmnJ;1;"2016-05-25 00:00:00";16;10605;20;10;0;<FLG>
V6155020;V615502001;QmnJ;1;"2016-05-26 00:00:00";16;10380;20;10;0;<FLG>
V6155020;V615502001;QmnJ;1;"2016-05-27 00:00:00";16;10172;20;10;0;<FLG>
V6155020;V615502001;QmnJ;1;"2016-05-28 00:00:00";16;9966;20;10;0;<FLG>
V6155020;V615502001;QmnJ;1;"2016-05-29 00:00:00";16;9858;20;10;0;<FLG>
V6155020;V615502001;QmnJ;1;"2016-05-30 00:00:00";16;9751;20;10;0;<FLG>
V6155020;V615502001;QmnJ;1;"2016-05-31 00:00:00";16;9629;20;10;0;<FLG>
V6155020;V615502001;QmnJ;1;"2016-06-01 00:00:00";16;9511;20;10;0;<FLG>
V6155020;V615502001;QmnJ;1;"2016-06-02 00:00:00";16;9340;20;10;0;<FLG>
V6155020;V615502001;QmnJ;1;"2016-06-03 00:00:00";16;9239;20;10;0;<FLG>
V6155020;V615502001;QmnJ;1;"2016-06-04 00:00:00";16;9098;20;10;0;<FLG>
V6155020;V615502001;QmnJ;1;"2016-06-05 00:00:00";16;8999;20;10;0;<FLG>
V6155020;V615502001;QmnJ;1;"2016-06-06 00:00:00";16;9115;20;10;0;<FLG>
V6155020;V615502001;QmnJ;1;"2016-06-07 00:00:00";16;9063;20;10;0;<FLG>
V6155020;V615502001;QmnJ;1;"2016-06-08 00:00:00";16;8970;20;10;0;<FLG>
V6155020;V615502001;QmnJ;1;"2016-06-09 00:00:00";16;8914;20;10;0;<FLG>
V6155020;V615502001;QmnJ;1;"2016-06-10 00:00:00";16;8819;20;10;0;<FLG>
V6155020;V615502001;QmnJ;1;"2016-06-11 00:00:00";16;8627;20;10;0;<FLG>
V6155020;V615502001;QmnJ;1;"2016-06-12 00:00:00";16;8402;20;10;0;<FLG>
V6155020;V615502001;QmnJ;1;"2016-06-13 00:00:00";16;8268;20;10;0;<FLG>
V6155020;V615502001;QmnJ;1;"2016-06-14 00:00:00";16;8179;20;10;0;<FLG>
V6155020;V615502001;QmnJ;1;"2016-06-15 00:00:00";16;8039;20;10;0;<FLG>
V6155020;V615502001;QmnJ;1;"2016-06-16 00:00:00";16;7977;20;10;0;<FLG>
V6155020;V615502001;QmnJ;1;"2016-06-17 00:00:00";16;7855;20;10;0;<FLG>
V6155020;V615502001;QmnJ;1;"2016-06-18 00:00:00";16;7780;20;10;0;<FLG>
V6155020;V615502001;QmnJ;1;"2016-06-19 00:00:00";16;7911;20;10;0;<FLG>
V6155020;V615502001;QmnJ;1;"2016-06-20 00:00:00";16;7905;20;10;0;<FLG>
V6155020;V615502001;QmnJ;1;"2016-06-21 00:00:00";16;7778;20;10;0;<FLG>
V6155020;V615502001;QmnJ;1;"2016-06-22 00:00:00";16;7655;20;10;0;<FLG>
V6155020;V615502001;QmnJ;1;"2016-06-23 00:00:00";16;7545;20;10;0;<FLG>
V6155020;V615502001;QmnJ;1;"2016-06-24 00:00:00";16;7462;20;10;0;<FLG>
V6155020;V615502001;QmnJ;1;"2016-06-25 00:00:00";16;7366;20;10;0;<FLG>
V6155020;V615502001;QmnJ;1;"2016-06-26 00:00:00";16;7286;20;10;0;<FLG>
V6155020;V615502001;QmnJ;1;"2016-06-27 00:00:00";16;7192;20;10;0;<FLG>
V6155020;V615502001;QmnJ;1;"2016-06-28 00:00:00";16;7086;20;10;0;<FLG>
V6155020;V615502001;QmnJ;1;"2016-06-29 00:00:00";16;7012;20;10;0;<FLG>
V6155020;V615502001;QmnJ;1;"2016-06-30 00:00:00";16;6891;20;10;0;<FLG>
V6155020;V615502001;QmnJ;1;"2016-07-01 00:00:00";16;6790;20;10;0;<FLG>
V6155020;V615502001;QmnJ;1;"2016-07-02 00:00:00";16;6680;20;10;0;<FLG>
V6155020;V615502001;QmnJ;1;"2016-07-03 00:00:00";16;6593;20;10;0;<FLG>
V6155020;V615502001;QmnJ;1;"2016-07-04 00:00:00";16;6549;20;10;0;<FLG>
V6155020;V615502001;QmnJ;1;"2016-07-05 00:00:00";16;6480;20;10;0;<FLG>
V6155020;V615502001;QmnJ;1;"2016-07-06 00:00:00";16;6427;20;10;0;<FLG>
V6155020;V615502001;QmnJ;1;"2016-07-07 00:00:00";16;6366;20;10;0;<FLG>
V6155020;V615502001;QmnJ;1;"2016-07-08 00:00:00";16;6298;20;10;0;<FLG>
V6155020;V615502001;QmnJ;1;"2016-07-09 00:00:00";16;6225;20;10;0;<FLG>
V6155020;V615502001;QmnJ;1;"2016-07-10 00:00:00";16;6196;20;10;0;<FLG>
V6155020;V615502001;QmnJ;1;"2016-07-11 00:00:00";16;6123;20;10;0;<FLG>
V6155020;V615502001;QmnJ;1;"2016-07-12 00:00:00";16;6068;20;10;0;<FLG>
V6155020;V615502001;QmnJ;1;"2016-07-13 00:00:00";16;6022;20;10;0;<FLG>
V6155020;V615502001;QmnJ;1;"2016-07-14 00:00:00";16;6037;20;10;0;<FLG>
V6155020;V615502001;QmnJ;1;"2016-07-15 00:00:00";16;5967;20;10;0;<FLG>
V6155020;V615502001;QmnJ;1;"2016-07-16 00:00:00";16;5967;20;10;0;<FLG>
V6155020;V615502001;QmnJ;1;"2016-07-17 00:00:00";16;5942;20;10;0;<FLG>
V6155020;V615502001;QmnJ;1;"2016-07-18 00:00:00";16;5864;20;10;0;<FLG>
V6155020;V615502001;QmnJ;1;"2016-07-19 00:00:00";16;5842;20;10;0;<FLG>
V6155020;V615502001;QmnJ;1;"2016-07-20 00:00:00";16;5832;20;10;0;<FLG>
V6155020;V615502001;QmnJ;1;"2016-07-21 00:00:00";16;5789;20;10;0;<FLG>
V6155020;V615502001;QmnJ;1;"2016-07-22 00:00:00";16;5791;20;10;0;<FLG>
V6155020;V615502001;QmnJ;1;"2016-07-23 00:00:00";16;5760;20;10;0;<FLG>
V6155020;V615502001;QmnJ;1;"2016-07-24 00:00:00";16;5728;20;10;0;<FLG>
V6155020;V615502001;QmnJ;1;"2016-07-25 00:00:00";16;5701;20;10;0;<FLG>
V6155020;V615502001;QmnJ;1;"2016-07-26 00:00:00";16;5681;20;10;0;<FLG>
V6155020;V615502001;QmnJ;1;"2016-07-27 00:00:00";16;5634;20;10;0;<FLG>
V6155020;V615502001;QmnJ;1;"2016-07-28 00:00:00";16;5601;20;10;0;<FLG>
V6155020;V615502001;QmnJ;1;"2016-07-29 00:00:00";16;5596;20;10;0;<FLG>
V6155020;V615502001;QmnJ;1;"2016-07-30 00:00:00";16;5534;20;10;0;<FLG>
V6155020;V615502001;QmnJ;1;"2016-07-31 00:00:00";16;5448;20;10;0;<FLG>
V6155020;V615502001;QmnJ;1;"2016-08-01 00:00:00";16;5402;20;10;0;<FLG>
V6155020;V615502001;QmnJ;1;"2016-08-02 00:00:00";16;5421;20;10;0;<FLG>
V6155020;V615502001;QmnJ;1;"2016-08-03 00:00:00";16;5336;20;10;0;<FLG>
V6155020;V615502001;QmnJ;1;"2016-08-04 00:00:00";16;5270;20;10;0;<FLG>
V6155020;V615502001;QmnJ;1;"2016-08-05 00:00:00";16;5276;20;10;0;<FLG>
V6155020;V615502001;QmnJ;1;"2016-08-06 00:00:00";16;5233;20;10;0;<FLG>
V6155020;V615502001;QmnJ;1;"2016-08-07 00:00:00";16;5179;20;10;0;<FLG>
V6155020;V615502001;QmnJ;1;"2016-08-08 00:00:00";16;5133;20;10;0;<FLG>
V6155020;V615502001;QmnJ;1;"2016-08-09 00:00:00";16;5139;20;10;0;<FLG>
V6155020;V615502001;QmnJ;1;"2016-08-10 00:00:00";16;5116;20;10;0;<FLG>
V6155020;V615502001;QmnJ;1;"2016-08-11 00:00:00";16;5086;20;10;0;<FLG>
V6155020;V615502001;QmnJ;1;"2016-08-12 00:00:00";16;5043;20;10;0;<FLG>
V6155020;V615502001;QmnJ;1;"2016-08-13 00:00:00";16;4980;20;10;0;<FLG>
V6155020;V615502001;QmnJ;1;"2016-08-14 00:00:00";16;4952;20;10;0;<FLG>
V6155020;V615502001;QmnJ;1;"2016-08-15 00:00:00";16;4956;20;10;0;<FLG>
V6155020;V615502001;QmnJ;1;"2016-08-16 00:00:00";16;4942;20;10;0;<FLG>
V6155020;V615502001;QmnJ;1;"2016-08-17 00:00:00";16;4927;20;10;0;<FLG>
V6155020;V615502001;QmnJ;1;"2016-08-18 00:00:00";16;4948;20;10;0;<FLG>
V6155020;V615502001;QmnJ;1;"2016-08-19 00:00:00";16;4941;20;10;0;<FLG>
V6155020;V615502001;QmnJ;1;"2016-08-20 00:00:00";16;4838;20;10;0;<FLG>
V6155020;V615502001;QmnJ;1;"2016-08-21 00:00:00";16;4800;20;10;0;<FLG>
V6155020;V615502001;QmnJ;1;"2016-08-22 00:00:00";16;4784;20;10;0;<FLG>
V6155020;V615502001;QmnJ;1;"2016-08-23 00:00:00";16;4720;20;10;0;<FLG>
V6155020;V615502001;QmnJ;1;"2016-08-24 00:00:00";16;4687;20;10;0;<FLG>
V6155020;V615502001;QmnJ;1;"2016-08-25 00:00:00";16;4686;20;10;0;<FLG>
V6155020;V615502001;QmnJ;1;"2016-08-26 00:00:00";16;4679;20;10;0;<FLG>
V6155020;V615502001;QmnJ;1;"2016-08-27 00:00:00";16;4624;20;10;0;<FLG>
V6155020;V615502001;QmnJ;1;"2016-08-28 00:00:00";16;4610;20;10;0;<FLG>
V6155020;V615502001;QmnJ;1;"2016-08-29 00:00:00";16;4602;20;10;0;<FLG>
V6155020;V615502001;QmnJ;1;"2016-08-30 00:00:00";16;4554;20;10;0;<FLG>
V6155020;V615502001;QmnJ;1;"2016-08-31 00:00:00";16;4535;20;10;0;<FLG>
V6155020;V615502001;QmnJ;1;"2016-09-01 00:00:00";16;4536;20;10;0;<FLG>
V6155020;V615502001;QmnJ;1;"2016-09-02 00:00:00";16;4504;20;10;0;<FLG>
V6155020;V615502001;QmnJ;1;"2016-09-03 00:00:00";16;4453;20;10;0;<FLG>
V6155020;V615502001;QmnJ;1;"2016-09-04 00:00:00";16;4472;20;10;0;<FLG>
V6155020;V615502001;QmnJ;1;"2016-09-05 00:00:00";16;4436;20;10;0;<FLG>
V6155020;V615502001;QmnJ;1;"2016-09-06 00:00:00";16;4393;20;10;0;<FLG>
V6155020;V615502001;QmnJ;1;"2016-09-07 00:00:00";16;4376;20;10;0;<FLG>
V6155020;V615502001;QmnJ;1;"2016-09-08 00:00:00";16;4407;20;10;0;<FLG>
V6155020;V615502001;QmnJ;1;"2016-09-09 00:00:00";16;4361;20;10;0;<FLG>
V6155020;V615502001;QmnJ;1;"2016-09-10 00:00:00";16;4333;20;10;0;<FLG>
V6155020;V615502001;QmnJ;1;"2016-09-11 00:00:00";16;4353;20;10;0;<FLG>
V6155020;V615502001;QmnJ;1;"2016-09-12 00:00:00";16;4317;20;10;0;<FLG>
V6155020;V615502001;QmnJ;1;"2016-09-13 00:00:00";16;4285;20;10;0;<FLG>
V6155020;V615502001;QmnJ;1;"2016-09-14 00:00:00";16;4291;20;10;0;<FLG>
V6155020;V615502001;QmnJ;1;"2016-09-15 00:00:00";16;4468;20;10;0;<FLG>
V6155020;V615502001;QmnJ;1;"2016-09-16 00:00:00";16;4690;20;10;0;<FLG>
V6155020;V615502001;QmnJ;1;"2016-09-17 00:00:00";16;4581;20;10;0;<FLG>
V6155020;V615502001;QmnJ;1;"2016-09-18 00:00:00";16;4546;20;10;0;<FLG>
V6155020;V615502001;QmnJ;1;"2016-09-19 00:00:00";16;4490;20;10;0;<FLG>
V6155020;V615502001;QmnJ;1;"2016-09-20 00:00:00";16;4412;20;10;0;<FLG>
V6155020;V615502001;QmnJ;1;"2016-09-21 00:00:00";16;4372;20;10;0;<FLG>
V6155020;V615502001;QmnJ;1;"2016-09-22 00:00:00";16;4316;20;10;0;<FLG>
V6155020;V615502001;QmnJ;1;"2016-09-23 00:00:00";16;4218;20;10;0;<FLG>
V6155020;V615502001;QmnJ;1;"2016-09-24 00:00:00";16;4215;20;10;0;<FLG>
V6155020;V615502001;QmnJ;1;"2016-09-25 00:00:00";16;4279;20;10;0;<FLG>
V6155020;V615502001;QmnJ;1;"2016-09-26 00:00:00";16;4210;20;10;0;<FLG>
V6155020;V615502001;QmnJ;1;"2016-09-27 00:00:00";16;4170;20;10;0;<FLG>
V6155020;V615502001;QmnJ;1;"2016-09-28 00:00:00";16;4184;20;10;0;<FLG>
V6155020;V615502001;QmnJ;1;"2016-09-29 00:00:00";16;4212;20;10;0;<FLG>
V6155020;V615502001;QmnJ;1;"2016-09-30 00:00:00";16;4212;20;10;0;<FLG>
V6155020;V615502001;QmnJ;1;"2016-10-01 00:00:00";16;4289;20;10;0;<FLG>
V6155020;V615502001;QmnJ;1;"2016-10-02 00:00:00";16;4295;20;10;0;<FLG>
V6155020;V615502001;QmnJ;1;"2016-10-03 00:00:00";16;4206;20;10;0;<FLG>
V6155020;V615502001;QmnJ;1;"2016-10-04 00:00:00";16;4186;20;10;0;<FLG>
V6155020;V615502001;QmnJ;1;"2016-10-05 00:00:00";16;4224;20;10;0;<FLG>
V6155020;V615502001;QmnJ;1;"2016-10-06 00:00:00";16;4213;20;10;0;<FLG>
V6155020;V615502001;QmnJ;1;"2016-10-07 00:00:00";16;4185;20;10;0;<FLG>
V6155020;V615502001;QmnJ;1;"2016-10-08 00:00:00";16;4186;20;10;0;<FLG>
V6155020;V615502001;QmnJ;1;"2016-10-09 00:00:00";16;4174;20;10;0;<FLG>
V6155020;V615502001;QmnJ;1;"2016-10-10 00:00:00";16;4138;20;10;0;<FLG>
V6155020;V615502001;QmnJ;1;"2016-10-11 00:00:00";16;4134;20;10;0;<FLG>
V6155020;V615502001;QmnJ;1;"2016-10-12 00:00:00";16;4127;20;10;0;<FLG>
V6155020;V615502001;QmnJ;1;"2016-10-13 00:00:00";16;4157;20;10;0;<FLG>
V6155020;V615502001;QmnJ;1;"2016-10-14 00:00:00";16;4865;20;10;0;<FLG>
V6155020;V615502001;QmnJ;1;"2016-10-15 00:00:00";16;8817;20;10;0;<FLG>
V6155020;V615502001;QmnJ;1;"2016-10-16 00:00:00";16;9833;20;10;0;<FLG>
V6155020;V615502001;QmnJ;1;"2016-10-17 00:00:00";16;10024;20;10;0;<FLG>
V6155020;V615502001;QmnJ;1;"2016-10-18 00:00:00";16;10832;20;10;0;<FLG>
V6155020;V615502001;QmnJ;1;"2016-10-19 00:00:00";16;10422;20;10;0;<FLG>
V6155020;V615502001;QmnJ;1;"2016-10-20 00:00:00";16;9345;20;10;0;<FLG>
V6155020;V615502001;QmnJ;1;"2016-10-21 00:00:00";16;8360;20;10;0;<FLG>
V6155020;V615502001;QmnJ;1;"2016-10-22 00:00:00";16;7689;20;10;0;<FLG>
V6155020;V615502001;QmnJ;1;"2016-10-23 00:00:00";16;7469;20;10;0;<FLG>
V6155020;V615502001;QmnJ;1;"2016-10-24 00:00:00";16;7930;20;10;0;<FLG>
V6155020;V615502001;QmnJ;1;"2016-10-25 00:00:00";16;8386;20;10;0;<FLG>
V6155020;V615502001;QmnJ;1;"2016-10-26 00:00:00";16;8172;20;10;0;<FLG>
V6155020;V615502001;QmnJ;1;"2016-10-27 00:00:00";16;7730;20;10;0;<FLG>
V6155020;V615502001;QmnJ;1;"2016-10-28 00:00:00";16;7239;20;10;0;<FLG>
V6155020;V615502001;QmnJ;1;"2016-10-29 00:00:00";16;6883;20;10;0;<FLG>
V6155020;V615502001;QmnJ;1;"2016-10-30 00:00:00";16;6571;20;10;0;<FLG>
V6155020;V615502001;QmnJ;1;"2016-10-31 00:00:00";16;6317;20;10;0;<FLG>
V6155020;V615502001;QmnJ;1;"2016-11-01 00:00:00";16;6144;20;10;0;<FLG>
V6155020;V615502001;QmnJ;1;"2016-11-02 00:00:00";16;5983;20;10;0;<FLG>
V6155020;V615502001;QmnJ;1;"2016-11-03 00:00:00";16;5804;20;10;0;<FLG>
V6155020;V615502001;QmnJ;1;"2016-11-04 00:00:00";16;5641;20;10;0;<FLG>
V6155020;V615502001;QmnJ;1;"2016-11-05 00:00:00";16;7077;20;10;0;<FLG>
V6155020;V615502001;QmnJ;1;"2016-11-06 00:00:00";16;11942;20;10;0;<FLG>
V6155020;V615502001;QmnJ;1;"2016-11-07 00:00:00";16;13832;20;10;0;<FLG>
V6155020;V615502001;QmnJ;1;"2016-11-08 00:00:00";16;13740;20;10;0;<FLG>
V6155020;V615502001;QmnJ;1;"2016-11-09 00:00:00";16;13054;20;10;0;<FLG>
V6155020;V615502001;QmnJ;1;"2016-11-10 00:00:00";16;12348;20;10;0;<FLG>
V6155020;V615502001;QmnJ;1;"2016-11-11 00:00:00";16;11527;20;10;0;<FLG>
V6155020;V615502001;QmnJ;1;"2016-11-12 00:00:00";16;10760;20;10;0;<FLG>
V6155020;V615502001;QmnJ;1;"2016-11-13 00:00:00";16;10249;20;10;0;<FLG>
V6155020;V615502001;QmnJ;1;"2016-11-14 00:00:00";16;9869;20;10;0;<FLG>
V6155020;V615502001;QmnJ;1;"2016-11-15 00:00:00";16;9368;20;10;0;<FLG>
V6155020;V615502001;QmnJ;1;"2016-11-16 00:00:00";16;8873;20;10;0;<FLG>
V6155020;V615502001;QmnJ;1;"2016-11-17 00:00:00";16;8570;20;10;0;<FLG>
V6155020;V615502001;QmnJ;1;"2016-11-18 00:00:00";16;8365;20;10;0;<FLG>
V6155020;V615502001;QmnJ;1;"2016-11-19 00:00:00";16;8034;20;10;0;<FLG>
V6155020;V615502001;QmnJ;1;"2016-11-20 00:00:00";16;7968;20;10;0;<FLG>
V6155020;V615502001;QmnJ;1;"2016-11-21 00:00:00";16;8916;20;10;0;<FLG>
V6155020;V615502001;QmnJ;1;"2016-11-22 00:00:00";16;33721;20;10;0;<FLG>
V6155020;V615502001;QmnJ;1;"2016-11-23 00:00:00";16;52996;20;10;0;<FLG>
V6155020;V615502001;QmnJ;1;"2016-11-24 00:00:00";16;57400;20;10;0;<FLG>
V6155020;V615502001;QmnJ;1;"2016-11-25 00:00:00";16;66773;20;10;0;<FLG>
V6155020;V615502001;QmnJ;1;"2016-11-26 00:00:00";16;69562;20;10;0;<FLG>
V6155020;V615502001;QmnJ;1;"2016-11-27 00:00:00";16;68993;20;10;0;<FLG>
V6155020;V615502001;QmnJ;1;"2016-11-28 00:00:00";16;66366;20;10;0;<FLG>
V6155020;V615502001;QmnJ;1;"2016-11-29 00:00:00";16;63575;20;10;0;<FLG>
V6155020;V615502001;QmnJ;1;"2016-11-30 00:00:00";16;61803;20;10;0;<FLG>
V6155020;V615502001;QmnJ;1;"2016-12-01 00:00:00";16;59781;20;10;0;<FLG>
V6155020;V615502001;QmnJ;1;"2016-12-02 00:00:00";16;58475;20;10;0;<FLG>
V6155020;V615502001;QmnJ;1;"2016-12-03 00:00:00";16;55922;20;10;0;<FLG>
V6155020;V615502001;QmnJ;1;"2016-12-04 00:00:00";16;53192;20;10;0;<FLG>
V6155020;V615502001;QmnJ;1;"2016-12-05 00:00:00";16;50056;20;10;0;<FLG>
V6155020;V615502001;QmnJ;1;"2016-12-06 00:00:00";16;46758;20;10;0;<FLG>
V6155020;V615502001;QmnJ;1;"2016-12-07 00:00:00";16;43582;20;10;0;<FLG>
V6155020;V615502001;QmnJ;1;"2016-12-08 00:00:00";16;40358;20;10;0;<FLG>
V6155020;V615502001;QmnJ;1;"2016-12-09 00:00:00";16;37303;20;10;0;<FLG>
V6155020;V615502001;QmnJ;1;"2016-12-10 00:00:00";16;34279;20;10;0;<FLG>
V6155020;V615502001;QmnJ;1;"2016-12-11 00:00:00";16;31157;20;10;0;<FLG>
V6155020;V615502001;QmnJ;1;"2016-12-12 00:00:00";16;28552;20;10;0;<FLG>
V6155020;V615502001;QmnJ;1;"2016-12-13 00:00:00";16;25976;20;10;0;<FLG>
V6155020;V615502001;QmnJ;1;"2016-12-14 00:00:00";16;24184;20;10;0;<FLG>
V6155020;V615502001;QmnJ;1;"2016-12-15 00:00:00";16;22808;20;10;0;<FLG>
V6155020;V615502001;QmnJ;1;"2016-12-16 00:00:00";16;21703;20;10;0;<FLG>
V6155020;V615502001;QmnJ;1;"2016-12-17 00:00:00";16;20751;20;10;0;<FLG>
V6155020;V615502001;QmnJ;1;"2016-12-18 00:00:00";16;19895;20;10;0;<FLG>
V6155020;V615502001;QmnJ;1;"2016-12-19 00:00:00";16;19393;20;10;0;<FLG>
V6155020;V615502001;QmnJ;1;"2016-12-20 00:00:00";16;19225;20;10;0;<FLG>
V6155020;V615502001;QmnJ;1;"2016-12-21 00:00:00";16;19170;20;10;0;<FLG>
V6155020;V615502001;QmnJ;1;"2016-12-22 00:00:00";16;19108;20;10;0;<FLG>
V6155020;V615502001;QmnJ;1;"2016-12-23 00:00:00";16;18998;20;10;0;<FLG>
V6155020;V615502001;QmnJ;1;"2016-12-24 00:00:00";16;18860;20;10;0;<FLG>
V6155020;V615502001;QmnJ;1;"2016-12-25 00:00:00";16;18745;20;10;0;<FLG>
V6155020;V615502001;QmnJ;1;"2016-12-26 00:00:00";16;18487;20;10;0;<FLG>
V6155020;V615502001;QmnJ;1;"2016-12-27 00:00:00";16;18216;20;10;0;<FLG>
V6155020;V615502001;QmnJ;1;"2016-12-28 00:00:00";16;17946;20;10;0;<FLG>
V6155020;V615502001;QmnJ;1;"2016-12-29 00:00:00";16;17574;20;10;0;<FLG>
V6155020;V615502001;QmnJ;1;"2016-12-30 00:00:00";16;17264;20;10;0;<FLG>
V6155020;V615502001;QmnJ;1;"2016-12-31 00:00:00";16;17002;20;10;0;<FLG>
V6155020;V615502001;QmnJ;1;"2017-01-01 00:00:00";16;16733;20;10;0;<FLG>
V6155020;V615502001;QmnJ;1;"2017-01-02 00:00:00";16;16540;20;10;0;<FLG>
V6155020;V615502001;QmnJ;1;"2017-01-03 00:00:00";16;16212;20;10;0;<FLG>
V6155020;V615502001;QmnJ;1;"2017-01-04 00:00:00";16;15929;20;10;0;<FLG>
V6155020;V615502001;QmnJ;1;"2017-01-05 00:00:00";16;15694;20;10;0;<FLG>
V6155020;V615502001;QmnJ;1;"2017-01-06 00:00:00";16;15398;20;10;0;<FLG>
V6155020;V615502001;QmnJ;1;"2017-01-07 00:00:00";16;15103;20;10;0;<FLG>
V6155020;V615502001;QmnJ;1;"2017-01-08 00:00:00";16;14939;20;10;0;<FLG>
V6155020;V615502001;QmnJ;1;"2017-01-09 00:00:00";16;14715;20;10;0;<FLG>
V6155020;V615502001;QmnJ;1;"2017-01-10 00:00:00";16;14520;20;10;0;<FLG>
V6155020;V615502001;QmnJ;1;"2017-01-11 00:00:00";16;14298;20;10;0;<FLG>
V6155020;V615502001;QmnJ;1;"2017-01-12 00:00:00";16;14102;20;10;0;<FLG>
V6155020;V615502001;QmnJ;1;"2017-01-13 00:00:00";16;13941;20;10;0;<FLG>
V6155020;V615502001;QmnJ;1;"2017-01-14 00:00:00";16;13629;20;10;0;<FLG>
V6155020;V615502001;QmnJ;1;"2017-01-15 00:00:00";16;13422;20;10;0;<FLG>
V6155020;V615502001;QmnJ;1;"2017-01-16 00:00:00";16;13198;20;10;0;<FLG>
V6155020;V615502001;QmnJ;1;"2017-01-17 00:00:00";16;12940;20;10;0;<FLG>
V6155020;V615502001;QmnJ;1;"2017-01-18 00:00:00";16;12701;20;10;0;<FLG>
V6155020;V615502001;QmnJ;1;"2017-01-19 00:00:00";16;12421;20;10;0;<FLG>
V6155020;V615502001;QmnJ;1;"2017-01-20 00:00:00";16;12211;20;10;0;<FLG>
V6155020;V615502001;QmnJ;1;"2017-01-21 00:00:00";16;12063;20;10;0;<FLG>
V6155020;V615502001;QmnJ;1;"2017-01-22 00:00:00";16;11876;20;10;0;<FLG>
V6155020;V615502001;QmnJ;1;"2017-01-23 00:00:00";16;11780;20;10;0;<FLG>
V6155020;V615502001;QmnJ;1;"2017-01-24 00:00:00";16;11551;20;10;0;<FLG>
V6155020;V615502001;QmnJ;1;"2017-01-25 00:00:00";16;11353;20;10;0;<FLG>
V6155020;V615502001;QmnJ;1;"2017-01-26 00:00:00";16;11229;20;10;0;<FLG>
V6155020;V615502001;QmnJ;1;"2017-01-27 00:00:00";16;11140;20;10;0;<FLG>
V6155020;V615502001;QmnJ;1;"2017-01-28 00:00:00";16;11014;20;10;0;<FLG>
V6155020;V615502001;QmnJ;1;"2017-01-29 00:00:00";16;10680;20;10;0;<FLG>
V6155020;V615502001;QmnJ;1;"2017-01-30 00:00:00";16;10489;20;10;0;<FLG>
V6155020;V615502001;QmnJ;1;"2017-01-31 00:00:00";16;10437;20;10;0;<FLG>
V6155020;V615502001;QmnJ;1;"2017-02-01 00:00:00";16;10369;20;10;0;<FLG>
V6155020;V615502001;QmnJ;1;"2017-02-02 00:00:00";16;10250;20;10;0;<FLG>
V6155020;V615502001;QmnJ;1;"2017-02-03 00:00:00";16;10420;20;10;0;<FLG>
V6155020;V615502001;QmnJ;1;"2017-02-04 00:00:00";16;11535;20;10;0;<FLG>
V6155020;V615502001;QmnJ;1;"2017-02-05 00:00:00";16;13395;20;10;0;<FLG>
V6155020;V615502001;QmnJ;1;"2017-02-06 00:00:00";16;16140;20;10;0;<FLG>
V6155020;V615502001;QmnJ;1;"2017-02-07 00:00:00";16;17800;20;10;0;<FLG>
V6155020;V615502001;QmnJ;1;"2017-02-08 00:00:00";16;18073;20;10;0;<FLG>
V6155020;V615502001;QmnJ;1;"2017-02-09 00:00:00";16;17803;20;10;0;<FLG>
V6155020;V615502001;QmnJ;1;"2017-02-10 00:00:00";16;17470;20;10;0;<FLG>
V6155020;V615502001;QmnJ;1;"2017-02-11 00:00:00";16;16998;20;10;0;<FLG>
V6155020;V615502001;QmnJ;1;"2017-02-12 00:00:00";16;16547;20;10;0;<FLG>
V6155020;V615502001;QmnJ;1;"2017-02-13 00:00:00";16;16289;20;10;0;<FLG>
V6155020;V615502001;QmnJ;1;"2017-02-14 00:00:00";16;16035;20;10;0;<FLG>
V6155020;V615502001;QmnJ;1;"2017-02-15 00:00:00";16;15845;20;10;0;<FLG>
V6155020;V615502001;QmnJ;1;"2017-02-16 00:00:00";16;15543;20;10;0;<FLG>
V6155020;V615502001;QmnJ;1;"2017-02-17 00:00:00";16;15404;20;10;0;<FLG>
V6155020;V615502001;QmnJ;1;"2017-02-18 00:00:00";16;15243;20;10;0;<FLG>
V6155020;V615502001;QmnJ;1;"2017-02-19 00:00:00";16;15064;20;10;0;<FLG>
V6155020;V615502001;QmnJ;1;"2017-02-20 00:00:00";16;14768;20;10;0;<FLG>
V6155020;V615502001;QmnJ;1;"2017-02-21 00:00:00";16;14491;20;10;0;<FLG>
V6155020;V615502001;QmnJ;1;"2017-02-22 00:00:00";16;14328;20;10;0;<FLG>
V6155020;V615502001;QmnJ;1;"2017-02-23 00:00:00";16;14109;20;10;0;<FLG>
V6155020;V615502001;QmnJ;1;"2017-02-24 00:00:00";16;13917;20;10;0;<FLG>
V6155020;V615502001;QmnJ;1;"2017-02-25 00:00:00";16;13704;20;10;0;<FLG>
V6155020;V615502001;QmnJ;1;"2017-02-26 00:00:00";16;13394;20;10;0;<FLG>
V6155020;V615502001;QmnJ;1;"2017-02-27 00:00:00";16;13263;20;10;0;<FLG>
V6155020;V615502001;QmnJ;1;"2017-02-28 00:00:00";16;13129;20;10;0;<FLG>
V6155020;V615502001;QmnJ;1;"2017-03-01 00:00:00";16;13025;20;10;0;<FLG>
V6155020;V615502001;QmnJ;1;"2017-03-02 00:00:00";16;12939;20;10;0;<FLG>
V6155020;V615502001;QmnJ;1;"2017-03-03 00:00:00";16;12823;20;10;0;<FLG>
V6155020;V615502001;QmnJ;1;"2017-03-04 00:00:00";16;12859;20;10;0;<FLG>
V6155020;V615502001;QmnJ;1;"2017-03-05 00:00:00";16;13013;20;10;0;<FLG>
V6155020;V615502001;QmnJ;1;"2017-03-06 00:00:00";16;13543;20;10;0;<FLG>
V6155020;V615502001;QmnJ;1;"2017-03-07 00:00:00";16;14802;20;10;0;<FLG>
V6155020;V615502001;QmnJ;1;"2017-03-08 00:00:00";16;15900;20;10;0;<FLG>
V6155020;V615502001;QmnJ;1;"2017-03-09 00:00:00";16;16346;20;10;0;<FLG>
V6155020;V615502001;QmnJ;1;"2017-03-10 00:00:00";16;16851;20;10;0;<FLG>
V6155020;V615502001;QmnJ;1;"2017-03-11 00:00:00";16;17094;20;10;0;<FLG>
V6155020;V615502001;QmnJ;1;"2017-03-12 00:00:00";16;17085;20;10;0;<FLG>
V6155020;V615502001;QmnJ;1;"2017-03-13 00:00:00";16;16923;20;10;0;<FLG>
V6155020;V615502001;QmnJ;1;"2017-03-14 00:00:00";16;16581;20;10;0;<FLG>
V6155020;V615502001;QmnJ;1;"2017-03-15 00:00:00";16;16267;20;10;0;<FLG>
V6155020;V615502001;QmnJ;1;"2017-03-16 00:00:00";16;15977;20;10;0;<FLG>
V6155020;V615502001;QmnJ;1;"2017-03-17 00:00:00";16;15652;20;10;0;<FLG>
V6155020;V615502001;QmnJ;1;"2017-03-18 00:00:00";16;15403;20;10;0;<FLG>
V6155020;V615502001;QmnJ;1;"2017-03-19 00:00:00";16;15257;20;10;0;<FLG>
V6155020;V615502001;QmnJ;1;"2017-03-20 00:00:00";16;15018;20;10;0;<FLG>
V6155020;V615502001;QmnJ;1;"2017-03-21 00:00:00";16;14760;20;10;0;<FLG>
V6155020;V615502001;QmnJ;1;"2017-03-22 00:00:00";16;14486;20;10;0;<FLG>
V6155020;V615502001;QmnJ;1;"2017-03-23 00:00:00";16;14202;20;10;0;<FLG>
V6155020;V615502001;QmnJ;1;"2017-03-24 00:00:00";16;15114;20;10;0;<FLG>
V6155020;V615502001;QmnJ;1;"2017-03-25 00:00:00";16;18607;20;10;0;<FLG>
V6155020;V615502001;QmnJ;1;"2017-03-26 00:00:00";16;25918;20;10;0;<FLG>
V6155020;V615502001;QmnJ;1;"2017-03-27 00:00:00";16;29647;20;10;0;<FLG>
V6155020;V615502001;QmnJ;1;"2017-03-28 00:00:00";16;29460;20;10;0;<FLG>
V6155020;V615502001;QmnJ;1;"2017-03-29 00:00:00";16;27871;20;10;0;<FLG>
V6155020;V615502001;QmnJ;1;"2017-03-30 00:00:00";16;25616;20;10;0;<FLG>
V6155020;V615502001;QmnJ;1;"2017-03-31 00:00:00";16;23418;20;10;0;<FLG>
V6155020;V615502001;QmnJ;1;"2017-04-01 00:00:00";16;21684;20;10;0;<FLG>
V6155020;V615502001;QmnJ;1;"2017-04-02 00:00:00";16;20783;20;10;0;<FLG>
V6155020;V615502001;QmnJ;1;"2017-04-03 00:00:00";16;20550;20;10;0;<FLG>
V6155020;V615502001;QmnJ;1;"2017-04-04 00:00:00";16;20541;20;10;0;<FLG>
V6155020;V615502001;QmnJ;1;"2017-04-05 00:00:00";16;20342;20;10;0;<FLG>
V6155020;V615502001;QmnJ;1;"2017-04-06 00:00:00";16;20000;20;10;0;<FLG>
V6155020;V615502001;QmnJ;1;"2017-04-07 00:00:00";16;19706;20;10;0;<FLG>
V6155020;V615502001;QmnJ;1;"2017-04-08 00:00:00";16;19498;20;10;0;<FLG>
V6155020;V615502001;QmnJ;1;"2017-04-09 00:00:00";16;19288;20;10;0;<FLG>
V6155020;V615502001;QmnJ;1;"2017-04-10 00:00:00";16;19029;20;10;0;<FLG>
V6155020;V615502001;QmnJ;1;"2017-04-11 00:00:00";16;18788;20;10;0;<FLG>
V6155020;V615502001;QmnJ;1;"2017-04-12 00:00:00";16;18606;20;10;0;<FLG>
V6155020;V615502001;QmnJ;1;"2017-04-13 00:00:00";16;18412;20;10;0;<FLG>
V6155020;V615502001;QmnJ;1;"2017-04-14 00:00:00";16;18121;20;10;0;<FLG>
V6155020;V615502001;QmnJ;1;"2017-04-15 00:00:00";16;17797;20;10;0;<FLG>
V6155020;V615502001;QmnJ;1;"2017-04-16 00:00:00";16;17486;20;10;0;<FLG>
V6155020;V615502001;QmnJ;1;"2017-04-17 00:00:00";16;17257;20;10;0;<FLG>
V6155020;V615502001;QmnJ;1;"2017-04-18 00:00:00";16;16951;20;10;0;<FLG>
V6155020;V615502001;QmnJ;1;"2017-04-19 00:00:00";16;16625;20;10;0;<FLG>
V6155020;V615502001;QmnJ;1;"2017-04-20 00:00:00";16;16290;20;10;0;<FLG>
V6155020;V615502001;QmnJ;1;"2017-04-21 00:00:00";16;15986;20;10;0;<FLG>
V6155020;V615502001;QmnJ;1;"2017-04-22 00:00:00";16;15744;20;10;0;<FLG>
V6155020;V615502001;QmnJ;1;"2017-04-23 00:00:00";16;15553;20;10;0;<FLG>
V6155020;V615502001;QmnJ;1;"2017-04-24 00:00:00";16;15436;20;10;0;<FLG>
V6155020;V615502001;QmnJ;1;"2017-04-25 00:00:00";16;15167;20;10;0;<FLG>
V6155020;V615502001;QmnJ;1;"2017-04-26 00:00:00";16;15053;20;10;0;<FLG>
V6155020;V615502001;QmnJ;1;"2017-04-27 00:00:00";16;15054;20;10;0;<FLG>
V6155020;V615502001;QmnJ;1;"2017-04-28 00:00:00";16;15184;20;10;0;<FLG>
V6155020;V615502001;QmnJ;1;"2017-04-29 00:00:00";16;15190;20;10;0;<FLG>
V6155020;V615502001;QmnJ;1;"2017-04-30 00:00:00";16;15070;20;10;0;<FLG>
V6155020;V615502001;QmnJ;1;"2017-05-01 00:00:00";16;14982;20;10;0;<FLG>
V6155020;V615502001;QmnJ;1;"2017-05-02 00:00:00";16;15348;20;10;0;<FLG>
V6155020;V615502001;QmnJ;1;"2017-05-03 00:00:00";16;16188;20;10;0;<FLG>
V6155020;V615502001;QmnJ;1;"2017-05-04 00:00:00";16;17101;20;10;0;<FLG>
V6155020;V615502001;QmnJ;1;"2017-05-05 00:00:00";16;17496;20;10;0;<FLG>
V6155020;V615502001;QmnJ;1;"2017-05-06 00:00:00";16;17690;20;10;0;<FLG>
V6155020;V615502001;QmnJ;1;"2017-05-07 00:00:00";16;18100;20;10;0;<FLG>
V6155020;V615502001;QmnJ;1;"2017-05-08 00:00:00";16;18725;20;10;0;<FLG>
V6155020;V615502001;QmnJ;1;"2017-05-09 00:00:00";16;19054;20;10;0;<FLG>
V6155020;V615502001;QmnJ;1;"2017-05-10 00:00:00";16;18982;20;10;0;<FLG>
V6155020;V615502001;QmnJ;1;"2017-05-11 00:00:00";16;18816;20;10;0;<FLG>
V6155020;V615502001;QmnJ;1;"2017-05-12 00:00:00";16;18699;20;10;0;<FLG>
V6155020;V615502001;QmnJ;1;"2017-05-13 00:00:00";16;18397;20;10;0;<FLG>
V6155020;V615502001;QmnJ;1;"2017-05-14 00:00:00";16;18146;20;10;0;<FLG>
V6155020;V615502001;QmnJ;1;"2017-05-15 00:00:00";16;17812;20;10;0;<FLG>
V6155020;V615502001;QmnJ;1;"2017-05-16 00:00:00";16;17473;20;10;0;<FLG>
V6155020;V615502001;QmnJ;1;"2017-05-17 00:00:00";16;17089;20;10;0;<FLG>
V6155020;V615502001;QmnJ;1;"2017-05-18 00:00:00";16;16821;20;10;0;<FLG>
V6155020;V615502001;QmnJ;1;"2017-05-19 00:00:00";16;16527;20;10;0;<FLG>
V6155020;V615502001;QmnJ;1;"2017-05-20 00:00:00";16;16056;20;10;0;<FLG>
V6155020;V615502001;QmnJ;1;"2017-05-21 00:00:00";16;15727;20;10;0;<FLG>
V6155020;V615502001;QmnJ;1;"2017-05-22 00:00:00";16;15474;20;10;0;<FLG>
V6155020;V615502001;QmnJ;1;"2017-05-23 00:00:00";16;15158;20;10;0;<FLG>
V6155020;V615502001;QmnJ;1;"2017-05-24 00:00:00";16;14960;20;10;0;<FLG>
V6155020;V615502001;QmnJ;1;"2017-05-25 00:00:00";16;14688;20;10;0;<FLG>
V6155020;V615502001;QmnJ;1;"2017-05-26 00:00:00";16;14451;20;10;0;<FLG>
V6155020;V615502001;QmnJ;1;"2017-05-27 00:00:00";16;14104;20;10;0;<FLG>
V6155020;V615502001;QmnJ;1;"2017-05-28 00:00:00";16;13783;20;10;0;<FLG>
V6155020;V615502001;QmnJ;1;"2017-05-29 00:00:00";16;13486;20;10;0;<FLG>
V6155020;V615502001;QmnJ;1;"2017-05-30 00:00:00";16;13272;20;10;0;<FLG>
V6155020;V615502001;QmnJ;1;"2017-05-31 00:00:00";16;13051;20;10;0;<FLG>
V6155020;V615502001;QmnJ;1;"2017-06-01 00:00:00";16;12837;20;10;0;<FLG>
V6155020;V615502001;QmnJ;1;"2017-06-02 00:00:00";16;12608;20;10;0;<FLG>
V6155020;V615502001;QmnJ;1;"2017-06-03 00:00:00";16;12361;20;10;0;<FLG>
V6155020;V615502001;QmnJ;1;"2017-06-04 00:00:00";16;12111;20;10;0;<FLG>
V6155020;V615502001;QmnJ;1;"2017-06-05 00:00:00";16;11921;20;10;0;<FLG>
V6155020;V615502001;QmnJ;1;"2017-06-06 00:00:00";16;11702;20;10;0;<FLG>
V6155020;V615502001;QmnJ;1;"2017-06-07 00:00:00";16;11440;20;10;0;<FLG>
V6155020;V615502001;QmnJ;1;"2017-06-08 00:00:00";16;11169;20;10;0;<FLG>
V6155020;V615502001;QmnJ;1;"2017-06-09 00:00:00";16;11017;20;10;0;<FLG>
V6155020;V615502001;QmnJ;1;"2017-06-10 00:00:00";16;10809;20;10;0;<FLG>
V6155020;V615502001;QmnJ;1;"2017-06-11 00:00:00";16;10591;20;10;0;<FLG>
V6155020;V615502001;QmnJ;1;"2017-06-12 00:00:00";16;10386;20;10;0;<FLG>
V6155020;V615502001;QmnJ;1;"2017-06-13 00:00:00";16;10217;20;10;0;<FLG>
V6155020;V615502001;QmnJ;1;"2017-06-14 00:00:00";16;10077;20;10;0;<FLG>
V6155020;V615502001;QmnJ;1;"2017-06-15 00:00:00";16;9930;20;10;0;<FLG>
V6155020;V615502001;QmnJ;1;"2017-06-16 00:00:00";16;9777;20;10;0;<FLG>
V6155020;V615502001;QmnJ;1;"2017-06-17 00:00:00";16;9700;20;10;0;<FLG>
V6155020;V615502001;QmnJ;1;"2017-06-18 00:00:00";16;9506;20;10;0;<FLG>
V6155020;V615502001;QmnJ;1;"2017-06-19 00:00:00";16;9353;20;10;0;<FLG>
V6155020;V615502001;QmnJ;1;"2017-06-20 00:00:00";16;9252;20;10;0;<FLG>
V6155020;V615502001;QmnJ;1;"2017-06-21 00:00:00";16;9155;20;10;0;<FLG>
V6155020;V615502001;QmnJ;1;"2017-06-22 00:00:00";16;9023;20;10;0;<FLG>
V6155020;V615502001;QmnJ;1;"2017-06-23 00:00:00";16;8927;20;10;0;<FLG>
V6155020;V615502001;QmnJ;1;"2017-06-24 00:00:00";16;8842;20;10;0;<FLG>
V6155020;V615502001;QmnJ;1;"2017-06-25 00:00:00";16;8690;20;10;0;<FLG>
V6155020;V615502001;QmnJ;1;"2017-06-26 00:00:00";16;8637;20;10;0;<FLG>
V6155020;V615502001;QmnJ;1;"2017-06-27 00:00:00";16;8578;20;10;0;<FLG>
V6155020;V615502001;QmnJ;1;"2017-06-28 00:00:00";16;8557;20;10;0;<FLG>
V6155020;V615502001;QmnJ;1;"2017-06-29 00:00:00";16;8531;20;10;0;<FLG>
V6155020;V615502001;QmnJ;1;"2017-06-30 00:00:00";16;8420;20;10;0;<FLG>
V6155020;V615502001;QmnJ;1;"2017-07-01 00:00:00";16;8220;20;10;0;<FLG>
V6155020;V615502001;QmnJ;1;"2017-07-02 00:00:00";16;8127;20;10;0;<FLG>
V6155020;V615502001;QmnJ;1;"2017-07-03 00:00:00";16;8049;20;10;0;<FLG>
V6155020;V615502001;QmnJ;1;"2017-07-04 00:00:00";16;7920;20;10;0;<FLG>
V6155020;V615502001;QmnJ;1;"2017-07-05 00:00:00";16;7818;20;10;0;<FLG>
V6155020;V615502001;QmnJ;1;"2017-07-06 00:00:00";16;7742;20;10;0;<FLG>
V6155020;V615502001;QmnJ;1;"2017-07-07 00:00:00";16;7656;20;10;0;<FLG>
V6155020;V615502001;QmnJ;1;"2017-07-08 00:00:00";16;7584;20;10;0;<FLG>
V6155020;V615502001;QmnJ;1;"2017-07-09 00:00:00";16;7508;20;10;0;<FLG>
V6155020;V615502001;QmnJ;1;"2017-07-10 00:00:00";16;7457;20;10;0;<FLG>
V6155020;V615502001;QmnJ;1;"2017-07-11 00:00:00";16;7374;20;10;0;<FLG>
V6155020;V615502001;QmnJ;1;"2017-07-12 00:00:00";16;7279;20;10;0;<FLG>
V6155020;V615502001;QmnJ;1;"2017-07-13 00:00:00";16;7201;20;10;0;<FLG>
V6155020;V615502001;QmnJ;1;"2017-07-14 00:00:00";16;7126;20;10;0;<FLG>
V6155020;V615502001;QmnJ;1;"2017-07-15 00:00:00";16;7061;20;10;0;<FLG>
V6155020;V615502001;QmnJ;1;"2017-07-16 00:00:00";16;6997;20;10;0;<FLG>
V6155020;V615502001;QmnJ;1;"2017-07-17 00:00:00";16;6978;20;10;0;<FLG>
V6155020;V615502001;QmnJ;1;"2017-07-18 00:00:00";16;6979;20;10;0;<FLG>
V6155020;V615502001;QmnJ;1;"2017-07-19 00:00:00";16;6982;20;10;0;<FLG>
V6155020;V615502001;QmnJ;1;"2017-07-20 00:00:00";16;6927;20;10;0;<FLG>
V6155020;V615502001;QmnJ;1;"2017-07-21 00:00:00";16;6863;20;10;0;<FLG>
V6155020;V615502001;QmnJ;1;"2017-07-22 00:00:00";16;6796;20;10;0;<FLG>
V6155020;V615502001;QmnJ;1;"2017-07-23 00:00:00";16;6720;20;10;0;<FLG>
V6155020;V615502001;QmnJ;1;"2017-07-24 00:00:00";16;6656;20;10;0;<FLG>
V6155020;V615502001;QmnJ;1;"2017-07-25 00:00:00";16;6597;20;10;0;<FLG>
V6155020;V615502001;QmnJ;1;"2017-07-26 00:00:00";16;6555;20;10;0;<FLG>
V6155020;V615502001;QmnJ;1;"2017-07-27 00:00:00";16;6488;20;10;0;<FLG>
V6155020;V615502001;QmnJ;1;"2017-07-28 00:00:00";16;6412;20;10;0;<FLG>
V6155020;V615502001;QmnJ;1;"2017-07-29 00:00:00";16;6310;20;10;0;<FLG>
V6155020;V615502001;QmnJ;1;"2017-07-30 00:00:00";16;6247;20;10;0;<FLG>
V6155020;V615502001;QmnJ;1;"2017-07-31 00:00:00";16;6184;20;10;0;<FLG>
V6155020;V615502001;QmnJ;1;"2017-08-01 00:00:00";16;6143;20;10;0;<FLG>
V6155020;V615502001;QmnJ;1;"2017-08-02 00:00:00";16;6110;20;10;0;<FLG>
V6155020;V615502001;QmnJ;1;"2017-08-03 00:00:00";16;6090;20;10;0;<FLG>
V6155020;V615502001;QmnJ;1;"2017-08-04 00:00:00";16;6075;20;10;0;<FLG>
V6155020;V615502001;QmnJ;1;"2017-08-05 00:00:00";16;6049;20;10;0;<FLG>
V6155020;V615502001;QmnJ;1;"2017-08-06 00:00:00";16;6031;20;10;0;<FLG>
V6155020;V615502001;QmnJ;1;"2017-08-07 00:00:00";16;6034;20;10;0;<FLG>
V6155020;V615502001;QmnJ;1;"2017-08-08 00:00:00";16;6049;20;10;0;<FLG>
V6155020;V615502001;QmnJ;1;"2017-08-09 00:00:00";16;6052;20;10;0;<FLG>
V6155020;V615502001;QmnJ;1;"2017-08-10 00:00:00";16;6024;20;10;0;<FLG>
V6155020;V615502001;QmnJ;1;"2017-08-11 00:00:00";16;5982;20;10;0;<FLG>
V6155020;V615502001;QmnJ;1;"2017-08-12 00:00:00";16;5932;20;10;0;<FLG>
V6155020;V615502001;QmnJ;1;"2017-08-13 00:00:00";16;5897;20;10;0;<FLG>
V6155020;V615502001;QmnJ;1;"2017-08-14 00:00:00";16;5870;20;10;0;<FLG>
V6155020;V615502001;QmnJ;1;"2017-08-15 00:00:00";16;5837;20;10;0;<FLG>
V6155020;V615502001;QmnJ;1;"2017-08-16 00:00:00";16;5805;20;10;0;<FLG>
V6155020;V615502001;QmnJ;1;"2017-08-17 00:00:00";16;5762;20;10;0;<FLG>
V6155020;V615502001;QmnJ;1;"2017-08-18 00:00:00";16;5712;20;10;0;<FLG>
V6155020;V615502001;QmnJ;1;"2017-08-19 00:00:00";16;5663;20;10;0;<FLG>
V6155020;V615502001;QmnJ;1;"2017-08-20 00:00:00";16;5625;20;10;0;<FLG>
V6155020;V615502001;QmnJ;1;"2017-08-21 00:00:00";16;5580;20;10;0;<FLG>
V6155020;V615502001;QmnJ;1;"2017-08-22 00:00:00";16;5534;20;10;0;<FLG>
V6155020;V615502001;QmnJ;1;"2017-08-23 00:00:00";16;5489;20;10;0;<FLG>
V6155020;V615502001;QmnJ;1;"2017-08-24 00:00:00";16;5441;20;10;0;<FLG>
V6155020;V615502001;QmnJ;1;"2017-08-25 00:00:00";16;5390;20;10;0;<FLG>
V6155020;V615502001;QmnJ;1;"2017-08-26 00:00:00";16;5347;20;10;0;<FLG>
V6155020;V615502001;QmnJ;1;"2017-08-27 00:00:00";16;5303;20;10;0;<FLG>
V6155020;V615502001;QmnJ;1;"2017-08-28 00:00:00";16;5263;20;10;0;<FLG>
V6155020;V615502001;QmnJ;1;"2017-08-29 00:00:00";16;5241;20;10;0;<FLG>
V6155020;V615502001;QmnJ;1;"2017-08-30 00:00:00";16;5215;20;10;0;<FLG>
V6155020;V615502001;QmnJ;1;"2017-08-31 00:00:00";16;5181;20;10;0;<FLG>
V6155020;V615502001;QmnJ;1;"2017-09-01 00:00:00";16;5209;20;10;0;<FLG>
V6155020;V615502001;QmnJ;1;"2017-09-02 00:00:00";16;5200;20;10;0;<FLG>
V6155020;V615502001;QmnJ;1;"2017-09-03 00:00:00";16;5210;20;10;0;<FLG>
V6155020;V615502001;QmnJ;1;"2017-09-04 00:00:00";16;5199;20;10;0;<FLG>
V6155020;V615502001;QmnJ;1;"2017-09-05 00:00:00";16;5144;20;10;0;<FLG>
V6155020;V615502001;QmnJ;1;"2017-09-06 00:00:00";16;5150;20;10;0;<FLG>
V6155020;V615502001;QmnJ;1;"2017-09-07 00:00:00";16;5146;20;10;0;<FLG>
V6155020;V615502001;QmnJ;1;"2017-09-08 00:00:00";16;5131;20;10;0;<FLG>
V6155020;V615502001;QmnJ;1;"2017-09-09 00:00:00";16;5151;20;10;0;<FLG>
V6155020;V615502001;QmnJ;1;"2017-09-10 00:00:00";16;5130;20;10;0;<FLG>
V6155020;V615502001;QmnJ;1;"2017-09-11 00:00:00";16;5126;20;10;0;<FLG>
V6155020;V615502001;QmnJ;1;"2017-09-12 00:00:00";16;5046;20;10;0;<FLG>
V6155020;V615502001;QmnJ;1;"2017-09-13 00:00:00";16;4975;20;10;0;<FLG>
V6155020;V615502001;QmnJ;1;"2017-09-14 00:00:00";16;4962;20;10;0;<FLG>
V6155020;V615502001;QmnJ;1;"2017-09-15 00:00:00";16;4877;20;10;0;<FLG>
V6155020;V615502001;QmnJ;1;"2017-09-16 00:00:00";16;4860;20;10;0;<FLG>
V6155020;V615502001;QmnJ;1;"2017-09-17 00:00:00";16;4783;20;10;0;<FLG>
V6155020;V615502001;QmnJ;1;"2017-09-18 00:00:00";16;4758;20;10;0;<FLG>
V6155020;V615502001;QmnJ;1;"2017-09-19 00:00:00";16;4732;20;10;0;<FLG>
V6155020;V615502001;QmnJ;1;"2017-09-20 00:00:00";16;4668;20;10;0;<FLG>
V6155020;V615502001;QmnJ;1;"2017-09-21 00:00:00";16;4619;20;10;0;<FLG>
V6155020;V615502001;QmnJ;1;"2017-09-22 00:00:00";16;4611;20;10;0;<FLG>
V6155020;V615502001;QmnJ;1;"2017-09-23 00:00:00";16;4586;20;10;0;<FLG>
V6155020;V615502001;QmnJ;1;"2017-09-24 00:00:00";16;4548;20;10;0;<FLG>
V6155020;V615502001;QmnJ;1;"2017-09-25 00:00:00";16;4530;20;10;0;<FLG>
V6155020;V615502001;QmnJ;1;"2017-09-26 00:00:00";16;4506;20;10;0;<FLG>
V6155020;V615502001;QmnJ;1;"2017-09-27 00:00:00";16;4421;20;10;0;<FLG>
V6155020;V615502001;QmnJ;1;"2017-09-28 00:00:00";16;4357;20;10;0;<FLG>
V6155020;V615502001;QmnJ;1;"2017-09-29 00:00:00";16;4347;20;10;0;<FLG>
V6155020;V615502001;QmnJ;1;"2017-09-30 00:00:00";16;4298;20;10;0;<FLG>
V6155020;V615502001;QmnJ;1;"2017-10-01 00:00:00";16;4258;20;10;0;<FLG>
V6155020;V615502001;QmnJ;1;"2017-10-02 00:00:00";16;4245;20;10;0;<FLG>
V6155020;V615502001;QmnJ;1;"2017-10-03 00:00:00";16;4246;20;10;0;<FLG>
V6155020;V615502001;QmnJ;1;"2017-10-04 00:00:00";16;4193;20;10;0;<FLG>
V6155020;V615502001;QmnJ;1;"2017-10-05 00:00:00";16;4181;20;10;0;<FLG>
V6155020;V615502001;QmnJ;1;"2017-10-06 00:00:00";16;4187;20;10;0;<FLG>
V6155020;V615502001;QmnJ;1;"2017-10-07 00:00:00";16;4120;20;10;0;<FLG>
V6155020;V615502001;QmnJ;1;"2017-10-08 00:00:00";16;4082;20;10;0;<FLG>
V6155020;V615502001;QmnJ;1;"2017-10-09 00:00:00";16;4090;20;10;0;<FLG>
V6155020;V615502001;QmnJ;1;"2017-10-10 00:00:00";16;4067;20;10;0;<FLG>
V6155020;V615502001;QmnJ;1;"2017-10-11 00:00:00";16;4007;20;10;0;<FLG>
V6155020;V615502001;QmnJ;1;"2017-10-12 00:00:00";16;3972;20;10;0;<FLG>
V6155020;V615502001;QmnJ;1;"2017-10-13 00:00:00";16;3954;20;10;0;<FLG>
V6155020;V615502001;QmnJ;1;"2017-10-14 00:00:00";16;3927;20;10;0;<FLG>
V6155020;V615502001;QmnJ;1;"2017-10-15 00:00:00";16;3874;20;10;0;<FLG>
V6155020;V615502001;QmnJ;1;"2017-10-16 00:00:00";16;3868;20;10;0;<FLG>
V6155020;V615502001;QmnJ;1;"2017-10-17 00:00:00";16;3862;20;10;0;<FLG>
V6155020;V615502001;QmnJ;1;"2017-10-18 00:00:00";16;3859;20;10;0;<FLG>
V6155020;V615502001;QmnJ;1;"2017-10-19 00:00:00";16;3874;20;10;0;<FLG>
V6155020;V615502001;QmnJ;1;"2017-10-20 00:00:00";16;3856;20;10;0;<FLG>
V6155020;V615502001;QmnJ;1;"2017-10-21 00:00:00";16;3813;20;10;0;<FLG>
V6155020;V615502001;QmnJ;1;"2017-10-22 00:00:00";16;3748;20;10;0;<FLG>
V6155020;V615502001;QmnJ;1;"2017-10-23 00:00:00";16;3737;20;10;0;<FLG>
V6155020;V615502001;QmnJ;1;"2017-10-24 00:00:00";16;3744;20;10;0;<FLG>
V6155020;V615502001;QmnJ;1;"2017-10-25 00:00:00";16;3653;20;10;0;<FLG>
V6155020;V615502001;QmnJ;1;"2017-10-26 00:00:00";16;3618;20;10;0;<FLG>
V6155020;V615502001;QmnJ;1;"2017-10-27 00:00:00";16;3649;20;10;0;<FLG>
V6155020;V615502001;QmnJ;1;"2017-10-28 00:00:00";16;3620;20;10;0;<FLG>
V6155020;V615502001;QmnJ;1;"2017-10-29 00:00:00";16;3630;20;10;0;<FLG>
V6155020;V615502001;QmnJ;1;"2017-10-30 00:00:00";16;3613;20;10;0;<FLG>
V6155020;V615502001;QmnJ;1;"2017-10-31 00:00:00";16;3514;20;10;0;<FLG>
V6155020;V615502001;QmnJ;1;"2017-11-01 00:00:00";16;3480;20;10;0;<FLG>
V6155020;V615502001;QmnJ;1;"2017-11-02 00:00:00";16;3492;20;10;0;<FLG>
V6155020;V615502001;QmnJ;1;"2017-11-03 00:00:00";16;3533;20;10;0;<FLG>
V6155020;V615502001;QmnJ;1;"2017-11-04 00:00:00";16;3534;20;10;0;<FLG>
V6155020;V615502001;QmnJ;1;"2017-11-05 00:00:00";16;3551;20;10;0;<FLG>
V6155020;V615502001;QmnJ;1;"2017-11-06 00:00:00";16;3568;20;10;0;<FLG>
V6155020;V615502001;QmnJ;1;"2017-11-07 00:00:00";16;3526;20;10;0;<FLG>
V6155020;V615502001;QmnJ;1;"2017-11-08 00:00:00";16;3461;20;10;0;<FLG>
V6155020;V615502001;QmnJ;1;"2017-11-09 00:00:00";16;3451;20;10;0;<FLG>
V6155020;V615502001;QmnJ;1;"2017-11-10 00:00:00";16;3446;20;10;0;<FLG>
V6155020;V615502001;QmnJ;1;"2017-11-11 00:00:00";16;3455;20;10;0;<FLG>
V6155020;V615502001;QmnJ;1;"2017-11-12 00:00:00";16;3477;20;10;0;<FLG>
V6155020;V615502001;QmnJ;1;"2017-11-13 00:00:00";16;3483;20;10;0;<FLG>
V6155020;V615502001;QmnJ;1;"2017-11-14 00:00:00";16;3435;20;10;0;<FLG>
V6155020;V615502001;QmnJ;1;"2017-11-15 00:00:00";16;3365;20;10;0;<FLG>
V6155020;V615502001;QmnJ;1;"2017-11-16 00:00:00";16;3379;20;10;0;<FLG>
V6155020;V615502001;QmnJ;1;"2017-11-17 00:00:00";16;3412;20;10;0;<FLG>
V6155020;V615502001;QmnJ;1;"2017-11-18 00:00:00";16;3411;20;10;0;<FLG>
V6155020;V615502001;QmnJ;1;"2017-11-19 00:00:00";16;3403;20;10;0;<FLG>
V6155020;V615502001;QmnJ;1;"2017-11-20 00:00:00";16;3447;20;10;0;<FLG>
V6155020;V615502001;QmnJ;1;"2017-11-21 00:00:00";16;3459;20;10;0;<FLG>
V6155020;V615502001;QmnJ;1;"2017-11-22 00:00:00";16;3480;20;10;0;<FLG>
V6155020;V615502001;QmnJ;1;"2017-11-23 00:00:00";16;3494;20;10;0;<FLG>
V6155020;V615502001;QmnJ;1;"2017-11-24 00:00:00";16;3500;20;10;0;<FLG>
V6155020;V615502001;QmnJ;1;"2017-11-25 00:00:00";16;3486;20;10;0;<FLG>
V6155020;V615502001;QmnJ;1;"2017-11-26 00:00:00";16;3431;20;10;0;<FLG>
V6155020;V615502001;QmnJ;1;"2017-11-27 00:00:00";16;3462;20;10;0;<FLG>
V6155020;V615502001;QmnJ;1;"2017-11-28 00:00:00";16;3464;20;10;0;<FLG>
V6155020;V615502001;QmnJ;1;"2017-11-29 00:00:00";16;3472;20;10;0;<FLG>
V6155020;V615502001;QmnJ;1;"2017-11-30 00:00:00";16;3439;20;10;0;<FLG>
V6155020;V615502001;QmnJ;1;"2017-12-01 00:00:00";16;3433;20;10;0;<FLG>
V6155020;V615502001;QmnJ;1;"2017-12-02 00:00:00";16;3374;20;10;0;<FLG>
V6155020;V615502001;QmnJ;1;"2017-12-03 00:00:00";16;3286;20;10;0;<FLG>
V6155020;V615502001;QmnJ;1;"2017-12-04 00:00:00";16;3283;20;10;0;<FLG>
V6155020;V615502001;QmnJ;1;"2017-12-05 00:00:00";16;3242;20;10;0;<FLG>
V6155020;V615502001;QmnJ;1;"2017-12-06 00:00:00";16;3211;20;10;0;<FLG>
V6155020;V615502001;QmnJ;1;"2017-12-07 00:00:00";16;3270;20;10;0;<FLG>
V6155020;V615502001;QmnJ;1;"2017-12-08 00:00:00";16;3342;20;10;0;<FLG>
V6155020;V615502001;QmnJ;1;"2017-12-09 00:00:00";16;3274;20;10;0;<FLG>
V6155020;V615502001;QmnJ;1;"2017-12-10 00:00:00";16;3385;20;10;0;<FLG>
V6155020;V615502001;QmnJ;1;"2017-12-11 00:00:00";16;5386;20;10;0;<FLG>
V6155020;V615502001;QmnJ;1;"2017-12-12 00:00:00";16;12489;20;10;0;<FLG>
V6155020;V615502001;QmnJ;1;"2017-12-13 00:00:00";16;13453;20;10;0;<FLG>
V6155020;V615502001;QmnJ;1;"2017-12-14 00:00:00";16;12056;20;10;0;<FLG>
V6155020;V615502001;QmnJ;1;"2017-12-15 00:00:00";16;10369;20;10;0;<FLG>
V6155020;V615502001;QmnJ;1;"2017-12-16 00:00:00";16;9405;20;10;0;<FLG>
V6155020;V615502001;QmnJ;1;"2017-12-17 00:00:00";16;8511;20;10;0;<FLG>
V6155020;V615502001;QmnJ;1;"2017-12-18 00:00:00";16;7742;20;10;0;<FLG>
V6155020;V615502001;QmnJ;1;"2017-12-19 00:00:00";16;7128;20;10;0;<FLG>
V6155020;V615502001;QmnJ;1;"2017-12-20 00:00:00";16;6581;20;10;0;<FLG>
V6155020;V615502001;QmnJ;1;"2017-12-21 00:00:00";16;6239;20;10;0;<FLG>
V6155020;V615502001;QmnJ;1;"2017-12-22 00:00:00";16;5938;20;10;0;<FLG>
V6155020;V615502001;QmnJ;1;"2017-12-23 00:00:00";16;5681;20;10;0;<FLG>
V6155020;V615502001;QmnJ;1;"2017-12-24 00:00:00";16;5484;20;10;0;<FLG>
V6155020;V615502001;QmnJ;1;"2017-12-25 00:00:00";16;5372;20;10;0;<FLG>
V6155020;V615502001;QmnJ;1;"2017-12-26 00:00:00";16;5344;20;10;0;<FLG>
V6155020;V615502001;QmnJ;1;"2017-12-27 00:00:00";16;5499;20;10;0;<FLG>
V6155020;V615502001;QmnJ;1;"2017-12-28 00:00:00";16;6261;20;10;0;<FLG>
V6155020;V615502001;QmnJ;1;"2017-12-29 00:00:00";16;6583;20;10;0;<FLG>
V6155020;V615502001;QmnJ;1;"2017-12-30 00:00:00";16;6583;20;10;0;<FLG>
V6155020;V615502001;QmnJ;1;"2017-12-31 00:00:00";16;8590;20;10;0;<FLG>
V6155020;V615502001;QmnJ;1;"2018-01-01 00:00:00";16;10062;20;10;0;<FLG>
V6155020;V615502001;QmnJ;1;"2018-01-02 00:00:00";16;10032;20;10;0;<FLG>
V6155020;V615502001;QmnJ;1;"2018-01-03 00:00:00";16;9774;20;10;0;<FLG>
V6155020;V615502001;QmnJ;1;"2018-01-04 00:00:00";16;9817;20;10;0;<FLG>
V6155020;V615502001;QmnJ;1;"2018-01-05 00:00:00";16;10661;20;10;0;<FLG>
V6155020;V615502001;QmnJ;1;"2018-01-06 00:00:00";16;10848;20;10;0;<FLG>
V6155020;V615502001;QmnJ;1;"2018-01-07 00:00:00";16;10400;20;10;0;<FLG>
V6155020;V615502001;QmnJ;1;"2018-01-08 00:00:00";16;9947;20;10;0;<FLG>
V6155020;V615502001;QmnJ;1;"2018-01-09 00:00:00";16;13980;20;10;0;<FLG>
V6155020;V615502001;QmnJ;1;"2018-01-10 00:00:00";16;18110;20;10;0;<FLG>
V6155020;V615502001;QmnJ;1;"2018-01-11 00:00:00";16;18829;20;10;0;<FLG>
V6155020;V615502001;QmnJ;1;"2018-01-12 00:00:00";16;17809;20;10;0;<FLG>
V6155020;V615502001;QmnJ;1;"2018-01-13 00:00:00";16;16897;20;10;0;<FLG>
V6155020;V615502001;QmnJ;1;"2018-01-14 00:00:00";16;15961;20;10;0;<FLG>
V6155020;V615502001;QmnJ;1;"2018-01-15 00:00:00";16;14953;20;10;0;<FLG>
V6155020;V615502001;QmnJ;1;"2018-01-16 00:00:00";16;14116;20;10;0;<FLG>
V6155020;V615502001;QmnJ;1;"2018-01-17 00:00:00";16;13353;20;10;0;<FLG>
V6155020;V615502001;QmnJ;1;"2018-01-18 00:00:00";16;12971;20;10;0;<FLG>
V6155020;V615502001;QmnJ;1;"2018-01-19 00:00:00";16;12754;20;10;0;<FLG>
V6155020;V615502001;QmnJ;1;"2018-01-20 00:00:00";16;12310;20;10;0;<FLG>
V6155020;V615502001;QmnJ;1;"2018-01-21 00:00:00";16;12086;20;10;0;<FLG>
V6155020;V615502001;QmnJ;1;"2018-01-22 00:00:00";16;12868;20;10;0;<FLG>
V6155020;V615502001;QmnJ;1;"2018-01-23 00:00:00";16;13638;20;10;0;<FLG>
V6155020;V615502001;QmnJ;1;"2018-01-24 00:00:00";16;13708;20;10;0;<FLG>
V6155020;V615502001;QmnJ;1;"2018-01-25 00:00:00";16;13526;20;10;0;<FLG>
V6155020;V615502001;QmnJ;1;"2018-01-26 00:00:00";16;13018;20;10;0;<FLG>
V6155020;V615502001;QmnJ;1;"2018-01-27 00:00:00";16;13375;20;10;0;<FLG>
V6155020;V615502001;QmnJ;1;"2018-01-28 00:00:00";16;15421;20;10;0;<FLG>
V6155020;V615502001;QmnJ;1;"2018-01-29 00:00:00";16;16055;20;10;0;<FLG>
V6155020;V615502001;QmnJ;1;"2018-01-30 00:00:00";16;15816;20;10;0;<FLG>
V6155020;V615502001;QmnJ;1;"2018-01-31 00:00:00";16;15372;20;10;0;<FLG>
V6155020;V615502001;QmnJ;1;"2018-02-01 00:00:00";16;14952;20;10;0;<FLG>
V6155020;V615502001;QmnJ;1;"2018-02-02 00:00:00";16;14479;20;10;0;<FLG>
V6155020;V615502001;QmnJ;1;"2018-02-03 00:00:00";16;14038;20;10;0;<FLG>
V6155020;V615502001;QmnJ;1;"2018-02-04 00:00:00";16;13548;20;10;0;<FLG>
V6155020;V615502001;QmnJ;1;"2018-02-05 00:00:00";16;13132;20;10;0;<FLG>
V6155020;V615502001;QmnJ;1;"2018-02-06 00:00:00";16;12705;20;10;0;<FLG>
V6155020;V615502001;QmnJ;1;"2018-02-07 00:00:00";16;12260;20;10;0;<FLG>
V6155020;V615502001;QmnJ;1;"2018-02-08 00:00:00";16;11711;20;10;0;<FLG>
V6155020;V615502001;QmnJ;1;"2018-02-09 00:00:00";16;11210;20;10;0;<FLG>
V6155020;V615502001;QmnJ;1;"2018-02-10 00:00:00";16;10892;20;10;0;<FLG>
V6155020;V615502001;QmnJ;1;"2018-02-11 00:00:00";16;10526;20;10;0;<FLG>
V6155020;V615502001;QmnJ;1;"2018-02-12 00:00:00";16;10256;20;10;0;<FLG>
V6155020;V615502001;QmnJ;1;"2018-02-13 00:00:00";16;9948;20;10;0;<FLG>
V6155020;V615502001;QmnJ;1;"2018-02-14 00:00:00";16;9732;20;10;0;<FLG>
V6155020;V615502001;QmnJ;1;"2018-02-15 00:00:00";16;9526;20;10;0;<FLG>
V6155020;V615502001;QmnJ;1;"2018-02-16 00:00:00";16;9308;20;10;0;<FLG>
V6155020;V615502001;QmnJ;1;"2018-02-17 00:00:00";16;9228;20;10;0;<FLG>
V6155020;V615502001;QmnJ;1;"2018-02-18 00:00:00";16;9532;20;10;0;<FLG>
V6155020;V615502001;QmnJ;1;"2018-02-19 00:00:00";16;9994;20;10;0;<FLG>
V6155020;V615502001;QmnJ;1;"2018-02-20 00:00:00";16;10087;20;10;0;<FLG>
V6155020;V615502001;QmnJ;1;"2018-02-21 00:00:00";16;10100;20;10;0;<FLG>
V6155020;V615502001;QmnJ;1;"2018-02-22 00:00:00";16;9956;20;10;0;<FLG>
V6155020;V615502001;QmnJ;1;"2018-02-23 00:00:00";16;9792;20;10;0;<FLG>
V6155020;V615502001;QmnJ;1;"2018-02-24 00:00:00";16;9634;20;10;0;<FLG>
V6155020;V615502001;QmnJ;1;"2018-02-25 00:00:00";16;9447;20;10;0;<FLG>
V6155020;V615502001;QmnJ;1;"2018-02-26 00:00:00";16;9186;20;10;0;<FLG>
V6155020;V615502001;QmnJ;1;"2018-02-27 00:00:00";16;8989;20;10;0;<FLG>
V6155020;V615502001;QmnJ;1;"2018-02-28 00:00:00";16;8807;20;10;0;<FLG>
V6155020;V615502001;QmnJ;1;"2018-03-01 00:00:00";16;8824;20;10;0;<FLG>
V6155020;V615502001;QmnJ;1;"2018-03-02 00:00:00";16;10062;20;10;0;<FLG>
V6155020;V615502001;QmnJ;1;"2018-03-03 00:00:00";16;15800;20;10;0;<FLG>
V6155020;V615502001;QmnJ;1;"2018-03-04 00:00:00";16;23682;20;10;0;<FLG>
V6155020;V615502001;QmnJ;1;"2018-03-05 00:00:00";16;29018;20;10;0;<FLG>
V6155020;V615502001;QmnJ;1;"2018-03-06 00:00:00";16;33692;20;10;0;<FLG>
V6155020;V615502001;QmnJ;1;"2018-03-07 00:00:00";16;36547;20;10;0;<FLG>
V6155020;V615502001;QmnJ;1;"2018-03-08 00:00:00";16;36495;20;10;0;<FLG>
V6155020;V615502001;QmnJ;1;"2018-03-09 00:00:00";16;34247;20;10;0;<FLG>
V6155020;V615502001;QmnJ;1;"2018-03-10 00:00:00";16;31169;20;10;0;<FLG>
V6155020;V615502001;QmnJ;1;"2018-03-11 00:00:00";16;29810;20;10;0;<FLG>
V6155020;V615502001;QmnJ;1;"2018-03-12 00:00:00";16;33306;20;10;0;<FLG>
V6155020;V615502001;QmnJ;1;"2018-03-13 00:00:00";16;36229;20;10;0;<FLG>
V6155020;V615502001;QmnJ;1;"2018-03-14 00:00:00";16;36300;20;10;0;<FLG>
V6155020;V615502001;QmnJ;1;"2018-03-15 00:00:00";16;35856;20;10;0;<FLG>
V6155020;V615502001;QmnJ;1;"2018-03-16 00:00:00";16;41179;20;10;0;<FLG>
V6155020;V615502001;QmnJ;1;"2018-03-17 00:00:00";16;45054;20;10;0;<FLG>
V6155020;V615502001;QmnJ;1;"2018-03-18 00:00:00";16;46324;20;10;0;<FLG>
V6155020;V615502001;QmnJ;1;"2018-03-19 00:00:00";16;46600;20;10;0;<FLG>
V6155020;V615502001;QmnJ;1;"2018-03-20 00:00:00";16;45436;20;10;0;<FLG>
V6155020;V615502001;QmnJ;1;"2018-03-21 00:00:00";16;43569;20;10;0;<FLG>
V6155020;V615502001;QmnJ;1;"2018-03-22 00:00:00";16;41039;20;10;0;<FLG>
V6155020;V615502001;QmnJ;1;"2018-03-23 00:00:00";16;38635;20;10;0;<FLG>
V6155020;V615502001;QmnJ;1;"2018-03-24 00:00:00";16;36161;20;10;0;<FLG>
V6155020;V615502001;QmnJ;1;"2018-03-25 00:00:00";16;33385;20;10;0;<FLG>
V6155020;V615502001;QmnJ;1;"2018-03-26 00:00:00";16;30423;20;10;0;<FLG>
V6155020;V615502001;QmnJ;1;"2018-03-27 00:00:00";16;27725;20;10;0;<FLG>
V6155020;V615502001;QmnJ;1;"2018-03-28 00:00:00";16;25379;20;10;0;<FLG>
V6155020;V615502001;QmnJ;1;"2018-03-29 00:00:00";16;24078;20;10;0;<FLG>
V6155020;V615502001;QmnJ;1;"2018-03-30 00:00:00";16;23245;20;10;0;<FLG>
V6155020;V615502001;QmnJ;1;"2018-03-31 00:00:00";16;22365;20;10;0;<FLG>
V6155020;V615502001;QmnJ;1;"2018-04-01 00:00:00";16;21617;20;10;0;<FLG>
V6155020;V615502001;QmnJ;1;"2018-04-02 00:00:00";16;21255;20;10;0;<FLG>
V6155020;V615502001;QmnJ;1;"2018-04-03 00:00:00";16;20958;20;10;0;<FLG>
V6155020;V615502001;QmnJ;1;"2018-04-04 00:00:00";16;20517;20;10;0;<FLG>
V6155020;V615502001;QmnJ;1;"2018-04-05 00:00:00";16;20325;20;10;0;<FLG>
V6155020;V615502001;QmnJ;1;"2018-04-06 00:00:00";16;20012;20;10;0;<FLG>
V6155020;V615502001;QmnJ;1;"2018-04-07 00:00:00";16;19760;20;10;0;<FLG>
V6155020;V615502001;QmnJ;1;"2018-04-08 00:00:00";16;19570;20;10;0;<FLG>
V6155020;V615502001;QmnJ;1;"2018-04-09 00:00:00";16;19332;20;10;0;<FLG>
V6155020;V615502001;QmnJ;1;"2018-04-10 00:00:00";16;19108;20;10;0;<FLG>
V6155020;V615502001;QmnJ;1;"2018-04-11 00:00:00";16;19393;20;10;0;<FLG>
V6155020;V615502001;QmnJ;1;"2018-04-12 00:00:00";16;27191;20;10;0;<FLG>
V6155020;V615502001;QmnJ;1;"2018-04-13 00:00:00";16;43336;20;10;0;<FLG>
V6155020;V615502001;QmnJ;1;"2018-04-14 00:00:00";16;50010;20;10;0;<FLG>
V6155020;V615502001;QmnJ;1;"2018-04-15 00:00:00";16;51648;20;10;0;<FLG>
V6155020;V615502001;QmnJ;1;"2018-04-16 00:00:00";16;51360;20;10;0;<FLG>
V6155020;V615502001;QmnJ;1;"2018-04-17 00:00:00";16;50250;20;10;0;<FLG>
V6155020;V615502001;QmnJ;1;"2018-04-18 00:00:00";16;48367;20;10;0;<FLG>
V6155020;V615502001;QmnJ;1;"2018-04-19 00:00:00";16;46065;20;10;0;<FLG>
V6155020;V615502001;QmnJ;1;"2018-04-20 00:00:00";16;43748;20;10;0;<FLG>
V6155020;V615502001;QmnJ;1;"2018-04-21 00:00:00";16;41260;20;10;0;<FLG>
V6155020;V615502001;QmnJ;1;"2018-04-22 00:00:00";16;38722;20;10;0;<FLG>
V6155020;V615502001;QmnJ;1;"2018-04-23 00:00:00";16;35963;20;10;0;<FLG>
V6155020;V615502001;QmnJ;1;"2018-04-24 00:00:00";16;33508;20;10;0;<FLG>
V6155020;V615502001;QmnJ;1;"2018-04-25 00:00:00";16;30976;20;10;0;<FLG>
V6155020;V615502001;QmnJ;1;"2018-04-26 00:00:00";16;28851;20;10;0;<FLG>
V6155020;V615502001;QmnJ;1;"2018-04-27 00:00:00";16;26971;20;10;0;<FLG>
V6155020;V615502001;QmnJ;1;"2018-04-28 00:00:00";16;25307;20;10;0;<FLG>
V6155020;V615502001;QmnJ;1;"2018-04-29 00:00:00";16;24137;20;10;0;<FLG>
V6155020;V615502001;QmnJ;1;"2018-04-30 00:00:00";16;23093;20;10;0;<FLG>
V6155020;V615502001;QmnJ;1;"2018-05-01 00:00:00";16;22191;20;10;0;<FLG>
V6155020;V615502001;QmnJ;1;"2018-05-02 00:00:00";16;21655;20;10;0;<FLG>
V6155020;V615502001;QmnJ;1;"2018-05-03 00:00:00";16;21264;20;10;0;<FLG>
V6155020;V615502001;QmnJ;1;"2018-05-04 00:00:00";16;20832;20;10;0;<FLG>
V6155020;V615502001;QmnJ;1;"2018-05-05 00:00:00";16;20347;20;10;0;<FLG>
V6155020;V615502001;QmnJ;1;"2018-05-06 00:00:00";16;19975;20;10;0;<FLG>
V6155020;V615502001;QmnJ;1;"2018-05-07 00:00:00";16;19871;20;10;0;<FLG>
V6155020;V615502001;QmnJ;1;"2018-05-08 00:00:00";16;20367;20;10;0;<FLG>
V6155020;V615502001;QmnJ;1;"2018-05-09 00:00:00";16;20979;20;10;0;<FLG>
V6155020;V615502001;QmnJ;1;"2018-05-10 00:00:00";16;22227;20;10;0;<FLG>
V6155020;V615502001;QmnJ;1;"2018-05-11 00:00:00";16;23030;20;10;0;<FLG>
V6155020;V615502001;QmnJ;1;"2018-05-12 00:00:00";16;22343;20;10;0;<FLG>
V6155020;V615502001;QmnJ;1;"2018-05-13 00:00:00";16;22343;20;10;0;<FLG>
V6155020;V615502001;QmnJ;1;"2018-05-14 00:00:00";16;22501;20;10;0;<FLG>
V6155020;V615502001;QmnJ;1;"2018-05-15 00:00:00";16;23467;20;10;0;<FLG>
V6155020;V615502001;QmnJ;1;"2018-05-16 00:00:00";16;24119;20;10;0;<FLG>
V6155020;V615502001;QmnJ;1;"2018-05-17 00:00:00";16;23676;20;10;0;<FLG>
V6155020;V615502001;QmnJ;1;"2018-05-18 00:00:00";16;22896;20;10;0;<FLG>
V6155020;V615502001;QmnJ;1;"2018-05-19 00:00:00";16;22611;20;10;0;<FLG>
V6155020;V615502001;QmnJ;1;"2018-05-20 00:00:00";16;22732;20;10;0;<FLG>
V6155020;V615502001;QmnJ;1;"2018-05-21 00:00:00";16;23018;20;10;0;<FLG>
V6155020;V615502001;QmnJ;1;"2018-05-22 00:00:00";16;23600;20;10;0;<FLG>
V6155020;V615502001;QmnJ;1;"2018-05-23 00:00:00";16;27741;20;10;0;<FLG>
V6155020;V615502001;QmnJ;1;"2018-05-24 00:00:00";16;29650;20;10;0;<FLG>
V6155020;V615502001;QmnJ;1;"2018-05-25 00:00:00";16;29515;20;10;0;<FLG>
V6155020;V615502001;QmnJ;1;"2018-05-26 00:00:00";16;28564;20;10;0;<FLG>
V6155020;V615502001;QmnJ;1;"2018-05-27 00:00:00";16;27101;20;10;0;<FLG>
V6155020;V615502001;QmnJ;1;"2018-05-28 00:00:00";16;25688;20;10;0;<FLG>
V6155020;V615502001;QmnJ;1;"2018-05-29 00:00:00";16;25836;20;10;0;<FLG>
V6155020;V615502001;QmnJ;1;"2018-05-30 00:00:00";16;25240;20;10;0;<FLG>
V6155020;V615502001;QmnJ;1;"2018-05-31 00:00:00";16;25158;20;10;0;<FLG>
V6155020;V615502001;QmnJ;1;"2018-06-01 00:00:00";16;25129;20;10;0;<FLG>
V6155020;V615502001;QmnJ;1;"2018-06-02 00:00:00";16;24530;20;10;0;<FLG>
V6155020;V615502001;QmnJ;1;"2018-06-03 00:00:00";16;24555;20;10;0;<FLG>
V6155020;V615502001;QmnJ;1;"2018-06-04 00:00:00";16;24369;20;10;0;<FLG>
V6155020;V615502001;QmnJ;1;"2018-06-05 00:00:00";16;24454;20;10;0;<FLG>
V6155020;V615502001;QmnJ;1;"2018-06-06 00:00:00";16;24362;20;10;0;<FLG>
V6155020;V615502001;QmnJ;1;"2018-06-07 00:00:00";16;24178;20;10;0;<FLG>
V6155020;V615502001;QmnJ;1;"2018-06-08 00:00:00";16;23671;20;10;0;<FLG>
V6155020;V615502001;QmnJ;1;"2018-06-09 00:00:00";16;23316;20;10;0;<FLG>
V6155020;V615502001;QmnJ;1;"2018-06-10 00:00:00";16;22944;20;10;0;<FLG>
V6155020;V615502001;QmnJ;1;"2018-06-11 00:00:00";16;22431;20;10;0;<FLG>
V6155020;V615502001;QmnJ;1;"2018-06-12 00:00:00";16;22296;20;10;0;<FLG>
V6155020;V615502001;QmnJ;1;"2018-06-13 00:00:00";16;22554;20;10;0;<FLG>
V6155020;V615502001;QmnJ;1;"2018-06-14 00:00:00";16;22566;20;10;0;<FLG>
V6155020;V615502001;QmnJ;1;"2018-06-15 00:00:00";16;22045;20;10;0;<FLG>
V6155020;V615502001;QmnJ;1;"2018-06-16 00:00:00";16;21338;20;10;0;<FLG>
V6155020;V615502001;QmnJ;1;"2018-06-17 00:00:00";16;20917;20;10;0;<FLG>
V6155020;V615502001;QmnJ;1;"2018-06-18 00:00:00";16;20529;20;10;0;<FLG>
V6155020;V615502001;QmnJ;1;"2018-06-19 00:00:00";16;20189;20;10;0;<FLG>
V6155020;V615502001;QmnJ;1;"2018-06-20 00:00:00";16;19886;20;10;0;<FLG>
V6155020;V615502001;QmnJ;1;"2018-06-21 00:00:00";16;19682;20;10;0;<FLG>
V6155020;V615502001;QmnJ;1;"2018-06-22 00:00:00";16;19580;20;10;0;<FLG>
V6155020;V615502001;QmnJ;1;"2018-06-23 00:00:00";16;19393;20;10;0;<FLG>
V6155020;V615502001;QmnJ;1;"2018-06-24 00:00:00";16;19086;20;10;0;<FLG>
V6155020;V615502001;QmnJ;1;"2018-06-25 00:00:00";16;18857;20;10;0;<FLG>
V6155020;V615502001;QmnJ;1;"2018-06-26 00:00:00";16;18587;20;10;0;<FLG>
V6155020;V615502001;QmnJ;1;"2018-06-27 00:00:00";16;18320;20;10;0;<FLG>
V6155020;V615502001;QmnJ;1;"2018-06-28 00:00:00";16;17971;20;10;0;<FLG>
V6155020;V615502001;QmnJ;1;"2018-06-29 00:00:00";16;17649;20;10;0;<FLG>
V6155020;V615502001;QmnJ;1;"2018-06-30 00:00:00";16;17324;20;10;0;<FLG>
V6155020;V615502001;QmnJ;1;"2018-07-01 00:00:00";16;16996;20;10;0;<FLG>
V6155020;V615502001;QmnJ;1;"2018-07-02 00:00:00";16;16769;20;10;0;<FLG>
V6155020;V615502001;QmnJ;1;"2018-07-03 00:00:00";16;16396;20;10;0;<FLG>
V6155020;V615502001;QmnJ;1;"2018-07-04 00:00:00";16;16149;20;10;0;<FLG>
V6155020;V615502001;QmnJ;1;"2018-07-05 00:00:00";16;15884;20;10;0;<FLG>
V6155020;V615502001;QmnJ;1;"2018-07-06 00:00:00";16;15591;20;10;0;<FLG>
V6155020;V615502001;QmnJ;1;"2018-07-07 00:00:00";16;15360;20;10;0;<FLG>
V6155020;V615502001;QmnJ;1;"2018-07-08 00:00:00";16;15106;20;10;0;<FLG>
V6155020;V615502001;QmnJ;1;"2018-07-09 00:00:00";16;14862;20;10;0;<FLG>
V6155020;V615502001;QmnJ;1;"2018-07-10 00:00:00";16;14641;20;10;0;<FLG>
V6155020;V615502001;QmnJ;1;"2018-07-11 00:00:00";16;14417;20;10;0;<FLG>
V6155020;V615502001;QmnJ;1;"2018-07-12 00:00:00";16;14156;20;10;0;<FLG>
V6155020;V615502001;QmnJ;1;"2018-07-13 00:00:00";16;13897;20;10;0;<FLG>
V6155020;V615502001;QmnJ;1;"2018-07-14 00:00:00";16;13658;20;10;0;<FLG>
V6155020;V615502001;QmnJ;1;"2018-07-15 00:00:00";16;13434;20;10;0;<FLG>
V6155020;V615502001;QmnJ;1;"2018-07-16 00:00:00";16;13268;20;10;0;<FLG>
V6155020;V615502001;QmnJ;1;"2018-07-17 00:00:00";16;13030;20;10;0;<FLG>
V6155020;V615502001;QmnJ;1;"2018-07-18 00:00:00";16;12945;20;10;0;<FLG>
V6155020;V615502001;QmnJ;1;"2018-07-19 00:00:00";16;12758;20;10;0;<FLG>
V6155020;V615502001;QmnJ;1;"2018-07-20 00:00:00";16;12495;20;10;0;<FLG>
V6155020;V615502001;QmnJ;1;"2018-07-21 00:00:00";16;12484;20;10;0;<FLG>
V6155020;V615502001;QmnJ;1;"2018-07-22 00:00:00";16;12285;20;10;0;<FLG>
V6155020;V615502001;QmnJ;1;"2018-07-23 00:00:00";16;12154;20;10;0;<FLG>
V6155020;V615502001;QmnJ;1;"2018-07-24 00:00:00";16;11953;20;10;0;<FLG>
V6155020;V615502001;QmnJ;1;"2018-07-25 00:00:00";16;11695;20;10;0;<FLG>
V6155020;V615502001;QmnJ;1;"2018-07-26 00:00:00";16;11604;20;10;0;<FLG>
V6155020;V615502001;QmnJ;1;"2018-07-27 00:00:00";16;11513;20;10;0;<FLG>
V6155020;V615502001;QmnJ;1;"2018-07-28 00:00:00";16;11316;20;10;0;<FLG>
V6155020;V615502001;QmnJ;1;"2018-07-29 00:00:00";16;11125;20;10;0;<FLG>
V6155020;V615502001;QmnJ;1;"2018-07-30 00:00:00";16;10903;20;10;0;<FLG>
V6155020;V615502001;QmnJ;1;"2018-07-31 00:00:00";16;10761;20;10;0;<FLG>
V6155020;V615502001;QmnJ;1;"2018-08-01 00:00:00";16;10590;20;10;0;<FLG>
V6155020;V615502001;QmnJ;1;"2018-08-02 00:00:00";16;10445;20;10;0;<FLG>
V6155020;V615502001;QmnJ;1;"2018-08-03 00:00:00";16;10312;20;10;0;<FLG>
V6155020;V615502001;QmnJ;1;"2018-08-04 00:00:00";16;10174;20;10;0;<FLG>
V6155020;V615502001;QmnJ;1;"2018-08-05 00:00:00";16;10058;20;10;0;<FLG>
V6155020;V615502001;QmnJ;1;"2018-08-06 00:00:00";16;10084;20;10;0;<FLG>
V6155020;V615502001;QmnJ;1;"2018-08-07 00:00:00";16;10023;20;10;0;<FLG>
V6155020;V615502001;QmnJ;1;"2018-08-08 00:00:00";16;9915;20;10;0;<FLG>
V6155020;V615502001;QmnJ;1;"2018-08-09 00:00:00";16;10105;20;10;0;<FLG>
V6155020;V615502001;QmnJ;1;"2018-08-10 00:00:00";16;10683;20;10;0;<FLG>
V6155020;V615502001;QmnJ;1;"2018-08-11 00:00:00";16;10792;20;10;0;<FLG>
V6155020;V615502001;QmnJ;1;"2018-08-12 00:00:00";16;10538;20;10;0;<FLG>
V6155020;V615502001;QmnJ;1;"2018-08-13 00:00:00";16;10721;20;10;0;<FLG>
V6155020;V615502001;QmnJ;1;"2018-08-14 00:00:00";16;10572;20;10;0;<FLG>
V6155020;V615502001;QmnJ;1;"2018-08-15 00:00:00";16;10279;20;10;0;<FLG>
V6155020;V615502001;QmnJ;1;"2018-08-16 00:00:00";16;10071;20;10;0;<FLG>
V6155020;V615502001;QmnJ;1;"2018-08-17 00:00:00";16;9864;20;10;0;<FLG>
V6155020;V615502001;QmnJ;1;"2018-08-18 00:00:00";16;9735;20;10;0;<FLG>
V6155020;V615502001;QmnJ;1;"2018-08-19 00:00:00";16;9685;20;10;0;<FLG>
V6155020;V615502001;QmnJ;1;"2018-08-20 00:00:00";16;9615;20;10;0;<FLG>
V6155020;V615502001;QmnJ;1;"2018-08-21 00:00:00";16;9617;20;10;0;<FLG>
V6155020;V615502001;QmnJ;1;"2018-08-22 00:00:00";16;9924;20;10;0;<FLG>
V6155020;V615502001;QmnJ;1;"2018-08-23 00:00:00";16;9825;20;10;0;<FLG>
V6155020;V615502001;QmnJ;1;"2018-08-24 00:00:00";16;9778;20;10;0;<FLG>
V6155020;V615502001;QmnJ;1;"2018-08-25 00:00:00";16;9601;20;10;0;<FLG>
V6155020;V615502001;QmnJ;1;"2018-08-26 00:00:00";16;9465;20;10;0;<FLG>
V6155020;V615502001;QmnJ;1;"2018-08-27 00:00:00";16;9249;20;10;0;<FLG>
V6155020;V615502001;QmnJ;1;"2018-08-28 00:00:00";16;9048;20;10;0;<FLG>
V6155020;V615502001;QmnJ;1;"2018-08-29 00:00:00";16;8875;20;10;0;<FLG>
V6155020;V615502001;QmnJ;1;"2018-08-30 00:00:00";16;8795;20;10;0;<FLG>
V6155020;V615502001;QmnJ;1;"2018-08-31 00:00:00";16;8665;20;10;0;<FLG>
V6155020;V615502001;QmnJ;1;"2018-09-01 00:00:00";16;8560;20;10;0;<FLG>
V6155020;V615502001;QmnJ;1;"2018-09-02 00:00:00";16;8516;20;10;0;<FLG>
V6155020;V615502001;QmnJ;1;"2018-09-03 00:00:00";16;8389;20;10;0;<FLG>
V6155020;V615502001;QmnJ;1;"2018-09-04 00:00:00";16;8251;20;10;0;<FLG>
V6155020;V615502001;QmnJ;1;"2018-09-05 00:00:00";16;8150;20;10;0;<FLG>
V6155020;V615502001;QmnJ;1;"2018-09-06 00:00:00";16;8089;20;10;0;<FLG>
V6155020;V615502001;QmnJ;1;"2018-09-07 00:00:00";16;8005;20;10;0;<FLG>
V6155020;V615502001;QmnJ;1;"2018-09-08 00:00:00";16;7878;20;10;0;<FLG>
V6155020;V615502001;QmnJ;1;"2018-09-09 00:00:00";16;7790;20;10;0;<FLG>
V6155020;V615502001;QmnJ;1;"2018-09-10 00:00:00";16;7714;20;10;0;<FLG>
V6155020;V615502001;QmnJ;1;"2018-09-11 00:00:00";16;7627;20;10;0;<FLG>
V6155020;V615502001;QmnJ;1;"2018-09-12 00:00:00";16;7556;20;10;0;<FLG>
V6155020;V615502001;QmnJ;1;"2018-09-13 00:00:00";16;7518;20;10;0;<FLG>
V6155020;V615502001;QmnJ;1;"2018-09-14 00:00:00";16;7477;20;10;0;<FLG>
V6155020;V615502001;QmnJ;1;"2018-09-15 00:00:00";16;7356;20;10;0;<FLG>
V6155020;V615502001;QmnJ;1;"2018-09-16 00:00:00";16;7327;20;10;0;<FLG>
V6155020;V615502001;QmnJ;1;"2018-09-17 00:00:00";16;7279;20;10;0;<FLG>
V6155020;V615502001;QmnJ;1;"2018-09-18 00:00:00";16;7274;20;10;0;<FLG>
V6155020;V615502001;QmnJ;1;"2018-09-19 00:00:00";16;7278;20;10;0;<FLG>
V6155020;V615502001;QmnJ;1;"2018-09-20 00:00:00";16;7333;20;10;0;<FLG>
V6155020;V615502001;QmnJ;1;"2018-09-21 00:00:00";16;7198;20;10;0;<FLG>
V6155020;V615502001;QmnJ;1;"2018-09-22 00:00:00";16;7117;20;10;0;<FLG>
V6155020;V615502001;QmnJ;1;"2018-09-23 00:00:00";16;7087;20;10;0;<FLG>
V6155020;V615502001;QmnJ;1;"2018-09-24 00:00:00";16;7022;20;10;0;<FLG>
V6155020;V615502001;QmnJ;1;"2018-09-25 00:00:00";16;6953;20;10;0;<FLG>
V6155020;V615502001;QmnJ;1;"2018-09-26 00:00:00";16;6878;20;10;0;<FLG>
V6155020;V615502001;QmnJ;1;"2018-09-27 00:00:00";16;6840;20;10;0;<FLG>
V6155020;V615502001;QmnJ;1;"2018-09-28 00:00:00";16;6820;20;10;0;<FLG>
V6155020;V615502001;QmnJ;1;"2018-09-29 00:00:00";16;6801;20;10;0;<FLG>
V6155020;V615502001;QmnJ;1;"2018-09-30 00:00:00";16;6745;20;10;0;<FLG>
V6155020;V615502001;QmnJ;1;"2018-10-01 00:00:00";16;6702;20;10;0;<FLG>
V6155020;V615502001;QmnJ;1;"2018-10-02 00:00:00";16;6693;20;10;0;<FLG>
V6155020;V615502001;QmnJ;1;"2018-10-03 00:00:00";16;6572;20;10;0;<FLG>
V6155020;V615502001;QmnJ;1;"2018-10-04 00:00:00";16;6472;20;10;0;<FLG>
V6155020;V615502001;QmnJ;1;"2018-10-05 00:00:00";16;6445;20;10;0;<FLG>
V6155020;V615502001;QmnJ;1;"2018-10-06 00:00:00";16;6448;20;10;0;<FLG>
V6155020;V615502001;QmnJ;1;"2018-10-07 00:00:00";16;6402;20;10;0;<FLG>
V6155020;V615502001;QmnJ;1;"2018-10-08 00:00:00";16;6425;20;10;0;<FLG>
V6155020;V615502001;QmnJ;1;"2018-10-09 00:00:00";16;6459;20;10;0;<FLG>
V6155020;V615502001;QmnJ;1;"2018-10-10 00:00:00";16;6425;20;10;0;<FLG>
V6155020;V615502001;QmnJ;1;"2018-10-11 00:00:00";16;7468;20;10;0;<FLG>
V6155020;V615502001;QmnJ;1;"2018-10-12 00:00:00";16;8257;20;10;0;<FLG>
V6155020;V615502001;QmnJ;1;"2018-10-13 00:00:00";16;7920;20;10;0;<FLG>
V6155020;V615502001;QmnJ;1;"2018-10-14 00:00:00";16;7701;20;10;0;<FLG>
V6155020;V615502001;QmnJ;1;"2018-10-15 00:00:00";16;7388;20;10;0;<FLG>
V6155020;V615502001;QmnJ;1;"2018-10-16 00:00:00";16;7169;20;10;0;<FLG>
V6155020;V615502001;QmnJ;1;"2018-10-17 00:00:00";16;7043;20;10;0;<FLG>
V6155020;V615502001;QmnJ;1;"2018-10-18 00:00:00";16;6906;20;10;0;<FLG>
V6155020;V615502001;QmnJ;1;"2018-10-19 00:00:00";16;6713;20;10;0;<FLG>
V6155020;V615502001;QmnJ;1;"2018-10-20 00:00:00";16;6627;20;10;0;<FLG>
V6155020;V615502001;QmnJ;1;"2018-10-21 00:00:00";16;6516;20;10;0;<FLG>
V6155020;V615502001;QmnJ;1;"2018-10-22 00:00:00";16;6440;20;10;0;<FLG>
V6155020;V615502001;QmnJ;1;"2018-10-23 00:00:00";16;6343;20;10;0;<FLG>
V6155020;V615502001;QmnJ;1;"2018-10-24 00:00:00";16;6374;20;10;0;<FLG>
V6155020;V615502001;QmnJ;1;"2018-10-25 00:00:00";16;6303;20;10;0;<FLG>
V6155020;V615502001;QmnJ;1;"2018-10-26 00:00:00";16;6264;20;10;0;<FLG>
V6155020;V615502001;QmnJ;1;"2018-10-27 00:00:00";16;6299;20;10;0;<FLG>
V6155020;V615502001;QmnJ;1;"2018-10-28 00:00:00";16;6332;20;10;0;<FLG>
V6155020;V615502001;QmnJ;1;"2018-10-29 00:00:00";16;8505;20;10;0;<FLG>
V6155020;V615502001;QmnJ;1;"2018-10-30 00:00:00";16;18983;20;10;0;<FLG>
V6155020;V615502001;QmnJ;1;"2018-10-31 00:00:00";16;25931;20;10;0;<FLG>
V6155020;V615502001;QmnJ;1;"2018-11-01 00:00:00";16;48598;20;10;0;<FLG>
V6155020;V615502001;QmnJ;1;"2018-11-02 00:00:00";16;55595;20;10;0;<FLG>
V6155020;V615502001;QmnJ;1;"2018-11-03 00:00:00";16;56169;20;10;0;<FLG>
V6155020;V615502001;QmnJ;1;"2018-11-04 00:00:00";16;53963;20;10;0;<FLG>
V6155020;V615502001;QmnJ;1;"2018-11-05 00:00:00";16;50840;20;10;0;<FLG>
V6155020;V615502001;QmnJ;1;"2018-11-06 00:00:00";16;48972;20;10;0;<FLG>
V6155020;V615502001;QmnJ;1;"2018-11-07 00:00:00";16;52052;20;10;0;<FLG>
V6155020;V615502001;QmnJ;1;"2018-11-08 00:00:00";16;53337;20;10;0;<FLG>
V6155020;V615502001;QmnJ;1;"2018-11-09 00:00:00";16;53211;20;10;0;<FLG>
V6155020;V615502001;QmnJ;1;"2018-11-10 00:00:00";16;52331;20;10;0;<FLG>
V6155020;V615502001;QmnJ;1;"2018-11-11 00:00:00";16;50365;20;10;0;<FLG>
V6155020;V615502001;QmnJ;1;"2018-11-12 00:00:00";16;48053;20;10;0;<FLG>
V6155020;V615502001;QmnJ;1;"2018-11-13 00:00:00";16;45627;20;10;0;<FLG>
V6155020;V615502001;QmnJ;1;"2018-11-14 00:00:00";16;43240;20;10;0;<FLG>
V6155020;V615502001;QmnJ;1;"2018-11-15 00:00:00";16;40841;20;10;0;<FLG>
V6155020;V615502001;QmnJ;1;"2018-11-16 00:00:00";16;38584;20;10;0;<FLG>
V6155020;V615502001;QmnJ;1;"2018-11-17 00:00:00";16;35987;20;10;0;<FLG>
V6155020;V615502001;QmnJ;1;"2018-11-18 00:00:00";16;33352;20;10;0;<FLG>
V6155020;V615502001;QmnJ;1;"2018-11-19 00:00:00";16;30976;20;10;0;<FLG>
V6155020;V615502001;QmnJ;1;"2018-11-20 00:00:00";16;28939;20;10;0;<FLG>
V6155020;V615502001;QmnJ;1;"2018-11-21 00:00:00";16;27737;20;10;0;<FLG>
V6155020;V615502001;QmnJ;1;"2018-11-22 00:00:00";16;31043;20;10;0;<FLG>
V6155020;V615502001;QmnJ;1;"2018-11-23 00:00:00";16;33388;20;10;0;<FLG>
V6155020;V615502001;QmnJ;1;"2018-11-24 00:00:00";16;41966;20;10;0;<FLG>
V6155020;V615502001;QmnJ;1;"2018-11-25 00:00:00";16;49255;20;10;0;<FLG>
V6155020;V615502001;QmnJ;1;"2018-11-26 00:00:00";16;52494;20;10;0;<FLG>
V6155020;V615502001;QmnJ;1;"2018-11-27 00:00:00";16;52641;20;10;0;<FLG>
V6155020;V615502001;QmnJ;1;"2018-11-28 00:00:00";16;52064;20;10;0;<FLG>
V6155020;V615502001;QmnJ;1;"2018-11-29 00:00:00";16;50538;20;10;0;<FLG>
V6155020;V615502001;QmnJ;1;"2018-11-30 00:00:00";16;48445;20;10;0;<FLG>
V6155020;V615502001;QmnJ;1;"2018-12-01 00:00:00";16;46189;20;10;0;<FLG>
V6155020;V615502001;QmnJ;1;"2018-12-02 00:00:00";16;44204;20;10;0;<FLG>
V6155020;V615502001;QmnJ;1;"2018-12-03 00:00:00";16;42368;20;10;0;<FLG>
V6155020;V615502001;QmnJ;1;"2018-12-04 00:00:00";16;40204;20;10;0;<FLG>
V6155020;V615502001;QmnJ;1;"2018-12-05 00:00:00";16;38067;20;10;0;<FLG>
V6155020;V615502001;QmnJ;1;"2018-12-06 00:00:00";16;36249;20;10;0;<FLG>
V6155020;V615502001;QmnJ;1;"2018-12-07 00:00:00";16;34537;20;10;0;<FLG>
V6155020;V615502001;QmnJ;1;"2018-12-08 00:00:00";16;32906;20;10;0;<FLG>
V6155020;V615502001;QmnJ;1;"2018-12-09 00:00:00";16;31527;20;10;0;<FLG>
V6155020;V615502001;QmnJ;1;"2018-12-10 00:00:00";16;30207;20;10;0;<FLG>
V6155020;V615502001;QmnJ;1;"2018-12-11 00:00:00";16;29023;20;10;0;<FLG>
V6155020;V615502001;QmnJ;1;"2018-12-12 00:00:00";16;27632;20;10;0;<FLG>
V6155020;V615502001;QmnJ;1;"2018-12-13 00:00:00";16;26518;20;10;0;<FLG>
V6155020;V615502001;QmnJ;1;"2018-12-14 00:00:00";16;25558;20;10;0;<FLG>
V6155020;V615502001;QmnJ;1;"2018-12-15 00:00:00";16;24749;20;10;0;<FLG>
V6155020;V615502001;QmnJ;1;"2018-12-16 00:00:00";16;23992;20;10;0;<FLG>
V6155020;V615502001;QmnJ;1;"2018-12-17 00:00:00";16;23320;20;10;0;<FLG>
V6155020;V615502001;QmnJ;1;"2018-12-18 00:00:00";16;23135;20;10;0;<FLG>
V6155020;V615502001;QmnJ;1;"2018-12-19 00:00:00";16;24015;20;10;0;<FLG>
V6155020;V615502001;QmnJ;1;"2018-12-20 00:00:00";16;34110;20;10;0;<FLG>
V6155020;V615502001;QmnJ;1;"2018-12-21 00:00:00";16;40639;20;10;0;<FLG>
V6155020;V615502001;QmnJ;1;"2018-12-22 00:00:00";16;40954;20;10;0;<FLG>
V6155020;V615502001;QmnJ;1;"2018-12-23 00:00:00";16;40069;20;10;0;<FLG>
V6155020;V615502001;QmnJ;1;"2018-12-24 00:00:00";16;38789;20;10;0;<FLG>
V6155020;V615502001;QmnJ;1;"2018-12-25 00:00:00";16;37170;20;10;0;<FLG>
V6155020;V615502001;QmnJ;1;"2018-12-26 00:00:00";16;35247;20;10;0;<FLG>
V6155020;V615502001;QmnJ;1;"2018-12-27 00:00:00";16;32896;20;10;0;<FLG>
V6155020;V615502001;QmnJ;1;"2018-12-28 00:00:00";16;30755;20;10;0;<FLG>
V6155020;V615502001;QmnJ;1;"2018-12-29 00:00:00";16;29234;20;10;0;<FLG>
V6155020;V615502001;QmnJ;1;"2018-12-30 00:00:00";16;27939;20;10;0;<FLG>
V6155020;V615502001;QmnJ;1;"2018-12-31 00:00:00";16;26768;20;10;0;<FLG>
V6155020;V615502001;QmnJ;1;"2019-01-01 00:00:00";16;25566;20;10;0;<FLG>
V6155020;V615502001;QmnJ;1;"2019-01-02 00:00:00";16;24632;20;10;0;<FLG>
V6155020;V615502001;QmnJ;1;"2019-01-03 00:00:00";16;23760;20;10;0;<FLG>
V6155020;V615502001;QmnJ;1;"2019-01-04 00:00:00";16;22856;20;10;0;<FLG>
V6155020;V615502001;QmnJ;1;"2019-01-05 00:00:00";16;22331;20;10;0;<FLG>
V6155020;V615502001;QmnJ;1;"2019-01-06 00:00:00";16;21696;20;10;0;<FLG>
V6155020;V615502001;QmnJ;1;"2019-01-07 00:00:00";16;21035;20;10;0;<FLG>
V6155020;V615502001;QmnJ;1;"2019-01-08 00:00:00";16;20615;20;10;0;<FLG>
V6155020;V615502001;QmnJ;1;"2019-01-09 00:00:00";16;20298;20;10;0;<FLG>
V6155020;V615502001;QmnJ;1;"2019-01-10 00:00:00";16;19926;20;10;0;<FLG>
V6155020;V615502001;QmnJ;1;"2019-01-11 00:00:00";16;19482;20;10;0;<FLG>
V6155020;V615502001;QmnJ;1;"2019-01-12 00:00:00";16;19281;20;10;0;<FLG>
V6155020;V615502001;QmnJ;1;"2019-01-13 00:00:00";16;19109;20;10;0;<FLG>
V6155020;V615502001;QmnJ;1;"2019-01-14 00:00:00";16;18927;20;10;0;<FLG>
V6155020;V615502001;QmnJ;1;"2019-01-15 00:00:00";16;18784;20;10;0;<FLG>
V6155020;V615502001;QmnJ;1;"2019-01-16 00:00:00";16;18588;20;10;0;<FLG>
V6155020;V615502001;QmnJ;1;"2019-01-17 00:00:00";16;18411;20;10;0;<FLG>
V6155020;V615502001;QmnJ;1;"2019-01-18 00:00:00";16;18231;20;10;0;<FLG>
V6155020;V615502001;QmnJ;1;"2019-01-19 00:00:00";16;18064;20;10;0;<FLG>
V6155020;V615502001;QmnJ;1;"2019-01-20 00:00:00";16;17885;20;10;0;<FLG>
V6155020;V615502001;QmnJ;1;"2019-01-21 00:00:00";16;17690;20;10;0;<FLG>
V6155020;V615502001;QmnJ;1;"2019-01-22 00:00:00";16;17508;20;10;0;<FLG>
V6155020;V615502001;QmnJ;1;"2019-01-23 00:00:00";16;17367;20;10;0;<FLG>
V6155020;V615502001;QmnJ;1;"2019-01-24 00:00:00";16;17192;20;10;0;<FLG>
V6155020;V615502001;QmnJ;1;"2019-01-25 00:00:00";16;16960;20;10;0;<FLG>
V6155020;V615502001;QmnJ;1;"2019-01-26 00:00:00";16;16721;20;10;0;<FLG>
V6155020;V615502001;QmnJ;1;"2019-01-27 00:00:00";16;16534;20;10;0;<FLG>
V6155020;V615502001;QmnJ;1;"2019-01-28 00:00:00";16;16332;20;10;0;<FLG>
V6155020;V615502001;QmnJ;1;"2019-01-29 00:00:00";16;16149;20;10;0;<FLG>
V6155020;V615502001;QmnJ;1;"2019-01-30 00:00:00";16;15971;20;10;0;<FLG>
V6155020;V615502001;QmnJ;1;"2019-01-31 00:00:00";16;15802;20;10;0;<FLG>
V6155020;V615502001;QmnJ;1;"2019-02-01 00:00:00";16;16362;20;10;0;<FLG>
V6155020;V615502001;QmnJ;1;"2019-02-02 00:00:00";16;27013;20;10;0;<FLG>
V6155020;V615502001;QmnJ;1;"2019-02-03 00:00:00";16;36114;20;10;0;<FLG>
V6155020;V615502001;QmnJ;1;"2019-02-04 00:00:00";16;37629;20;10;0;<FLG>
V6155020;V615502001;QmnJ;1;"2019-02-05 00:00:00";16;35889;20;10;0;<FLG>
V6155020;V615502001;QmnJ;1;"2019-02-06 00:00:00";16;32876;20;10;0;<FLG>
V6155020;V615502001;QmnJ;1;"2019-02-07 00:00:00";16;30361;20;10;0;<FLG>
V6155020;V615502001;QmnJ;1;"2019-02-08 00:00:00";16;27861;20;10;0;<FLG>
V6155020;V615502001;QmnJ;1;"2019-02-09 00:00:00";16;25526;20;10;0;<FLG>
V6155020;V615502001;QmnJ;1;"2019-02-10 00:00:00";16;24135;20;10;0;<FLG>
V6155020;V615502001;QmnJ;1;"2019-02-11 00:00:00";16;23009;20;10;0;<FLG>
V6155020;V615502001;QmnJ;1;"2019-02-12 00:00:00";16;21928;20;10;0;<FLG>
V6155020;V615502001;QmnJ;1;"2019-02-13 00:00:00";16;21153;20;10;0;<FLG>
V6155020;V615502001;QmnJ;1;"2019-02-14 00:00:00";16;20495;20;10;0;<FLG>
V6155020;V615502001;QmnJ;1;"2019-02-15 00:00:00";16;19974;20;10;0;<FLG>
V6155020;V615502001;QmnJ;1;"2019-02-16 00:00:00";16;19586;20;10;0;<FLG>
V6155020;V615502001;QmnJ;1;"2019-02-17 00:00:00";16;19313;20;10;0;<FLG>
V6155020;V615502001;QmnJ;1;"2019-02-18 00:00:00";16;19119;20;10;0;<FLG>
V6155020;V615502001;QmnJ;1;"2019-02-19 00:00:00";16;18959;20;10;0;<FLG>
V6155020;V615502001;QmnJ;1;"2019-02-20 00:00:00";16;18778;20;10;0;<FLG>
V6155020;V615502001;QmnJ;1;"2019-02-21 00:00:00";16;18538;20;10;0;<FLG>
V6155020;V615502001;QmnJ;1;"2019-02-22 00:00:00";16;18357;20;10;0;<FLG>
V6155020;V615502001;QmnJ;1;"2019-02-23 00:00:00";16;18122;20;10;0;<FLG>
V6155020;V615502001;QmnJ;1;"2019-02-24 00:00:00";16;17913;20;10;0;<FLG>
V6155020;V615502001;QmnJ;1;"2019-02-25 00:00:00";16;17681;20;10;0;<FLG>
V6155020;V615502001;QmnJ;1;"2019-02-26 00:00:00";16;17478;20;10;0;<FLG>
V6155020;V615502001;QmnJ;1;"2019-02-27 00:00:00";16;17310;20;10;0;<FLG>
V6155020;V615502001;QmnJ;1;"2019-02-28 00:00:00";16;17122;20;10;0;<FLG>
V6155020;V615502001;QmnJ;1;"2019-03-01 00:00:00";16;16974;20;10;0;<FLG>
V6155020;V615502001;QmnJ;1;"2019-03-02 00:00:00";16;16782;20;10;0;<FLG>
V6155020;V615502001;QmnJ;1;"2019-03-03 00:00:00";16;16585;20;10;0;<FLG>
V6155020;V615502001;QmnJ;1;"2019-03-04 00:00:00";16;16403;20;10;0;<FLG>
V6155020;V615502001;QmnJ;1;"2019-03-05 00:00:00";16;16193;20;10;0;<FLG>
V6155020;V615502001;QmnJ;1;"2019-03-06 00:00:00";16;16021;20;10;0;<FLG>
V6155020;V615502001;QmnJ;1;"2019-03-07 00:00:00";16;15864;20;10;0;<FLG>
V6155020;V615502001;QmnJ;1;"2019-03-08 00:00:00";16;15681;20;10;0;<FLG>
V6155020;V615502001;QmnJ;1;"2019-03-09 00:00:00";16;15449;20;10;0;<FLG>
V6155020;V615502001;QmnJ;1;"2019-03-10 00:00:00";16;15253;20;10;0;<FLG>
V6155020;V615502001;QmnJ;1;"2019-03-11 00:00:00";16;15095;20;10;0;<FLG>
V6155020;V615502001;QmnJ;1;"2019-03-12 00:00:00";16;14964;20;10;0;<FLG>
V6155020;V615502001;QmnJ;1;"2019-03-13 00:00:00";16;14839;20;10;0;<FLG>
V6155020;V615502001;QmnJ;1;"2019-03-14 00:00:00";16;14677;20;10;0;<FLG>
V6155020;V615502001;QmnJ;1;"2019-03-15 00:00:00";16;14506;20;10;0;<FLG>
V6155020;V615502001;QmnJ;1;"2019-03-16 00:00:00";16;14367;20;10;0;<FLG>
V6155020;V615502001;QmnJ;1;"2019-03-17 00:00:00";16;14167;20;10;0;<FLG>
V6155020;V615502001;QmnJ;1;"2019-03-18 00:00:00";16;14019;20;10;0;<FLG>
V6155020;V615502001;QmnJ;1;"2019-03-19 00:00:00";16;13698;20;10;0;<FLG>
V6155020;V615502001;QmnJ;1;"2019-03-20 00:00:00";16;13390;20;10;0;<FLG>
V6155020;V615502001;QmnJ;1;"2019-03-21 00:00:00";16;13208;20;10;0;<FLG>
V6155020;V615502001;QmnJ;1;"2019-03-22 00:00:00";16;13058;20;10;0;<FLG>
V6155020;V615502001;QmnJ;1;"2019-03-23 00:00:00";16;12941;20;10;0;<FLG>
V6155020;V615502001;QmnJ;1;"2019-03-24 00:00:00";16;12810;20;10;0;<FLG>
V6155020;V615502001;QmnJ;1;"2019-03-25 00:00:00";16;12680;20;10;0;<FLG>
V6155020;V615502001;QmnJ;1;"2019-03-26 00:00:00";16;12612;20;10;0;<FLG>
V6155020;V615502001;QmnJ;1;"2019-03-27 00:00:00";16;12486;20;10;0;<FLG>
V6155020;V615502001;QmnJ;1;"2019-03-28 00:00:00";16;12330;20;10;0;<FLG>
V6155020;V615502001;QmnJ;1;"2019-03-29 00:00:00";16;12152;20;10;0;<FLG>
V6155020;V615502001;QmnJ;1;"2019-03-30 00:00:00";16;12026;20;10;0;<FLG>
V6155020;V615502001;QmnJ;1;"2019-03-31 00:00:00";16;11958;20;10;0;<FLG>
V6155020;V615502001;QmnJ;1;"2019-04-01 00:00:00";16;11836;20;10;0;<FLG>
V6155020;V615502001;QmnJ;1;"2019-04-02 00:00:00";16;11729;20;10;0;<FLG>
V6155020;V615502001;QmnJ;1;"2019-04-03 00:00:00";16;11658;20;10;0;<FLG>
V6155020;V615502001;QmnJ;1;"2019-04-04 00:00:00";16;12253;20;10;0;<FLG>
V6155020;V615502001;QmnJ;1;"2019-04-05 00:00:00";16;13607;20;10;0;<FLG>
V6155020;V615502001;QmnJ;1;"2019-04-06 00:00:00";16;14162;20;10;0;<FLG>
V6155020;V615502001;QmnJ;1;"2019-04-07 00:00:00";16;14176;20;10;0;<FLG>
V6155020;V615502001;QmnJ;1;"2019-04-08 00:00:00";16;14201;20;10;0;<FLG>
V6155020;V615502001;QmnJ;1;"2019-04-09 00:00:00";16;14410;20;10;0;<FLG>
V6155020;V615502001;QmnJ;1;"2019-04-10 00:00:00";16;14540;20;10;0;<FLG>
V6155020;V615502001;QmnJ;1;"2019-04-11 00:00:00";16;14695;20;10;0;<FLG>
V6155020;V615502001;QmnJ;1;"2019-04-12 00:00:00";16;14880;20;10;0;<FLG>
V6155020;V615502001;QmnJ;1;"2019-04-13 00:00:00";16;14914;20;10;0;<FLG>
V6155020;V615502001;QmnJ;1;"2019-04-14 00:00:00";16;14912;20;10;0;<FLG>
V6155020;V615502001;QmnJ;1;"2019-04-15 00:00:00";16;14851;20;10;0;<FLG>
V6155020;V615502001;QmnJ;1;"2019-04-16 00:00:00";16;14670;20;10;0;<FLG>
V6155020;V615502001;QmnJ;1;"2019-04-17 00:00:00";16;14473;20;10;0;<FLG>
V6155020;V615502001;QmnJ;1;"2019-04-18 00:00:00";16;14224;20;10;0;<FLG>
V6155020;V615502001;QmnJ;1;"2019-04-19 00:00:00";16;13988;20;10;0;<FLG>
V6155020;V615502001;QmnJ;1;"2019-04-20 00:00:00";16;13807;20;10;0;<FLG>
V6155020;V615502001;QmnJ;1;"2019-04-21 00:00:00";16;13670;20;10;0;<FLG>
V6155020;V615502001;QmnJ;1;"2019-04-22 00:00:00";16;13585;20;10;0;<FLG>
V6155020;V615502001;QmnJ;1;"2019-04-23 00:00:00";16;13519;20;10;0;<FLG>
V6155020;V615502001;QmnJ;1;"2019-04-24 00:00:00";16;13482;20;10;0;<FLG>
V6155020;V615502001;QmnJ;1;"2019-04-25 00:00:00";16;15057;20;10;0;<FLG>
V6155020;V615502001;QmnJ;1;"2019-04-26 00:00:00";16;16354;20;10;0;<FLG>
V6155020;V615502001;QmnJ;1;"2019-04-27 00:00:00";16;17615;20;10;0;<FLG>
V6155020;V615502001;QmnJ;1;"2019-04-28 00:00:00";16;18308;20;10;0;<FLG>
V6155020;V615502001;QmnJ;1;"2019-04-29 00:00:00";16;18440;20;10;0;<FLG>
V6155020;V615502001;QmnJ;1;"2019-04-30 00:00:00";16;18241;20;10;0;<FLG>
V6155020;V615502001;QmnJ;1;"2019-05-01 00:00:00";16;17975;20;10;0;<FLG>
V6155020;V615502001;QmnJ;1;"2019-05-02 00:00:00";16;17663;20;10;0;<FLG>
V6155020;V615502001;QmnJ;1;"2019-05-03 00:00:00";16;17306;20;10;0;<FLG>
V6155020;V615502001;QmnJ;1;"2019-05-04 00:00:00";16;17032;20;10;0;<FLG>
V6155020;V615502001;QmnJ;1;"2019-05-05 00:00:00";16;16691;20;10;0;<FLG>
V6155020;V615502001;QmnJ;1;"2019-05-06 00:00:00";16;16339;20;10;0;<FLG>
V6155020;V615502001;QmnJ;1;"2019-05-07 00:00:00";16;15929;20;10;0;<FLG>
V6155020;V615502001;QmnJ;1;"2019-05-08 00:00:00";16;15577;20;10;0;<FLG>
V6155020;V615502001;QmnJ;1;"2019-05-09 00:00:00";16;15307;20;10;0;<FLG>
V6155020;V615502001;QmnJ;1;"2019-05-10 00:00:00";16;15050;20;10;0;<FLG>
V6155020;V615502001;QmnJ;1;"2019-05-11 00:00:00";16;14746;20;10;0;<FLG>
V6155020;V615502001;QmnJ;1;"2019-05-12 00:00:00";16;14437;20;10;0;<FLG>
V6155020;V615502001;QmnJ;1;"2019-05-13 00:00:00";16;14198;20;10;0;<FLG>
V6155020;V615502001;QmnJ;1;"2019-05-14 00:00:00";16;13967;20;10;0;<FLG>
V6155020;V615502001;QmnJ;1;"2019-05-15 00:00:00";16;13785;20;10;0;<FLG>
V6155020;V615502001;QmnJ;1;"2019-05-16 00:00:00";16;13615;20;10;0;<FLG>
V6155020;V615502001;QmnJ;1;"2019-05-17 00:00:00";16;13436;20;10;0;<FLG>
V6155020;V615502001;QmnJ;1;"2019-05-18 00:00:00";16;13276;20;10;0;<FLG>
V6155020;V615502001;QmnJ;1;"2019-05-19 00:00:00";16;13108;20;10;0;<FLG>
V6155020;V615502001;QmnJ;1;"2019-05-20 00:00:00";16;13035;20;10;0;<FLG>
V6155020;V615502001;QmnJ;1;"2019-05-21 00:00:00";16;13081;20;10;0;<FLG>
V6155020;V615502001;QmnJ;1;"2019-05-22 00:00:00";16;13016;20;10;0;<FLG>
V6155020;V615502001;QmnJ;1;"2019-05-23 00:00:00";16;12778;20;10;0;<FLG>
V6155020;V615502001;QmnJ;1;"2019-05-24 00:00:00";16;12553;20;10;0;<FLG>
V6155020;V615502001;QmnJ;1;"2019-05-25 00:00:00";16;12464;20;10;0;<FLG>
V6155020;V615502001;QmnJ;1;"2019-05-26 00:00:00";16;12472;20;10;0;<FLG>
V6155020;V615502001;QmnJ;1;"2019-05-27 00:00:00";16;12655;20;10;0;<FLG>
V6155020;V615502001;QmnJ;1;"2019-05-28 00:00:00";16;12650;20;10;0;<FLG>
V6155020;V615502001;QmnJ;1;"2019-05-29 00:00:00";16;12481;20;10;0;<FLG>
V6155020;V615502001;QmnJ;1;"2019-05-30 00:00:00";16;12302;20;10;0;<FLG>
V6155020;V615502001;QmnJ;1;"2019-05-31 00:00:00";16;12072;20;10;0;<FLG>
V6155020;V615502001;QmnJ;1;"2019-06-01 00:00:00";16;11834;20;10;0;<FLG>
V6155020;V615502001;QmnJ;1;"2019-06-02 00:00:00";16;11660;20;10;0;<FLG>
V6155020;V615502001;QmnJ;1;"2019-06-03 00:00:00";16;11425;20;10;0;<FLG>
V6155020;V615502001;QmnJ;1;"2019-06-04 00:00:00";16;11270;20;10;0;<FLG>
V6155020;V615502001;QmnJ;1;"2019-06-05 00:00:00";16;11083;20;10;0;<FLG>
V6155020;V615502001;QmnJ;1;"2019-06-06 00:00:00";16;10869;20;10;0;<FLG>
V6155020;V615502001;QmnJ;1;"2019-06-07 00:00:00";16;10690;20;10;0;<FLG>
V6155020;V615502001;QmnJ;1;"2019-06-08 00:00:00";16;10467;20;10;0;<FLG>
V6155020;V615502001;QmnJ;1;"2019-06-09 00:00:00";16;10270;20;10;0;<FLG>
V6155020;V615502001;QmnJ;1;"2019-06-10 00:00:00";16;10179;20;10;0;<FLG>
V6155020;V615502001;QmnJ;1;"2019-06-11 00:00:00";16;10102;20;10;0;<FLG>
V6155020;V615502001;QmnJ;1;"2019-06-12 00:00:00";16;10063;20;10;0;<FLG>
V6155020;V615502001;QmnJ;1;"2019-06-13 00:00:00";16;9942;20;10;0;<FLG>
V6155020;V615502001;QmnJ;1;"2019-06-14 00:00:00";16;9865;20;10;0;<FLG>
V6155020;V615502001;QmnJ;1;"2019-06-15 00:00:00";16;9718;20;10;0;<FLG>
V6155020;V615502001;QmnJ;1;"2019-06-16 00:00:00";16;9573;20;10;0;<FLG>
V6155020;V615502001;QmnJ;1;"2019-06-17 00:00:00";16;9492;20;10;0;<FLG>
V6155020;V615502001;QmnJ;1;"2019-06-18 00:00:00";16;9400;20;10;0;<FLG>
V6155020;V615502001;QmnJ;1;"2019-06-19 00:00:00";16;9279;20;10;0;<FLG>
V6155020;V615502001;QmnJ;1;"2019-06-20 00:00:00";16;9132;20;10;0;<FLG>
V6155020;V615502001;QmnJ;1;"2019-06-21 00:00:00";16;9032;20;10;0;<FLG>
V6155020;V615502001;QmnJ;1;"2019-06-22 00:00:00";16;8924;20;10;0;<FLG>
V6155020;V615502001;QmnJ;1;"2019-06-23 00:00:00";16;8827;20;10;0;<FLG>
V6155020;V615502001;QmnJ;1;"2019-06-24 00:00:00";16;8706;20;10;0;<FLG>
V6155020;V615502001;QmnJ;1;"2019-06-25 00:00:00";16;8574;20;10;0;<FLG>
V6155020;V615502001;QmnJ;1;"2019-06-26 00:00:00";16;8463;20;10;0;<FLG>
V6155020;V615502001;QmnJ;1;"2019-06-27 00:00:00";16;8377;20;10;0;<FLG>
V6155020;V615502001;QmnJ;1;"2019-06-28 00:00:00";16;8317;20;10;0;<FLG>
V6155020;V615502001;QmnJ;1;"2019-06-29 00:00:00";16;8207;20;10;0;<FLG>
V6155020;V615502001;QmnJ;1;"2019-06-30 00:00:00";16;8093;20;10;0;<FLG>
V6155020;V615502001;QmnJ;1;"2019-07-01 00:00:00";16;8081;20;10;0;<FLG>
V6155020;V615502001;QmnJ;1;"2019-07-02 00:00:00";16;8066;20;10;0;<FLG>
V6155020;V615502001;QmnJ;1;"2019-07-03 00:00:00";16;7957;20;10;0;<FLG>
V6155020;V615502001;QmnJ;1;"2019-07-04 00:00:00";16;7876;20;10;0;<FLG>
V6155020;V615502001;QmnJ;1;"2019-07-05 00:00:00";16;7811;20;10;0;<FLG>
V6155020;V615502001;QmnJ;1;"2019-07-06 00:00:00";16;7744;20;10;0;<FLG>
V6155020;V615502001;QmnJ;1;"2019-07-07 00:00:00";16;7725;20;10;0;<FLG>
V6155020;V615502001;QmnJ;1;"2019-07-08 00:00:00";16;7677;20;10;0;<FLG>
V6155020;V615502001;QmnJ;1;"2019-07-09 00:00:00";16;7620;20;10;0;<FLG>
V6155020;V615502001;QmnJ;1;"2019-07-10 00:00:00";16;7566;20;10;0;<FLG>
V6155020;V615502001;QmnJ;1;"2019-07-11 00:00:00";16;7465;20;10;0;<FLG>
V6155020;V615502001;QmnJ;1;"2019-07-12 00:00:00";16;7406;20;10;0;<FLG>
V6155020;V615502001;QmnJ;1;"2019-07-13 00:00:00";16;7321;20;10;0;<FLG>
V6155020;V615502001;QmnJ;1;"2019-07-14 00:00:00";16;7265;20;10;0;<FLG>
V6155020;V615502001;QmnJ;1;"2019-07-15 00:00:00";16;7204;20;10;0;<FLG>
V6155020;V615502001;QmnJ;1;"2019-07-16 00:00:00";16;7159;20;10;0;<FLG>
V6155020;V615502001;QmnJ;1;"2019-07-17 00:00:00";16;7166;20;10;0;<FLG>
V6155020;V615502001;QmnJ;1;"2019-07-18 00:00:00";16;7102;20;10;0;<FLG>
V6155020;V615502001;QmnJ;1;"2019-07-19 00:00:00";16;6999;20;10;0;<FLG>
V6155020;V615502001;QmnJ;1;"2019-07-20 00:00:00";16;6840;20;10;0;<FLG>
V6155020;V615502001;QmnJ;1;"2019-07-21 00:00:00";16;6823;20;10;0;<FLG>
V6155020;V615502001;QmnJ;1;"2019-07-22 00:00:00";16;6758;20;10;0;<FLG>
V6155020;V615502001;QmnJ;1;"2019-07-23 00:00:00";16;6707;20;10;0;<FLG>
V6155020;V615502001;QmnJ;1;"2019-07-24 00:00:00";16;6672;20;10;0;<FLG>
V6155020;V615502001;QmnJ;1;"2019-07-25 00:00:00";16;6626;20;10;0;<FLG>
V6155020;V615502001;QmnJ;1;"2019-07-26 00:00:00";16;6591;20;10;0;<FLG>
V6155020;V615502001;QmnJ;1;"2019-07-27 00:00:00";16;6568;20;10;0;<FLG>
V6155020;V615502001;QmnJ;1;"2019-07-28 00:00:00";16;6634;20;10;0;<FLG>
V6155020;V615502001;QmnJ;1;"2019-07-29 00:00:00";16;6612;20;10;0;<FLG>
V6155020;V615502001;QmnJ;1;"2019-07-30 00:00:00";16;6561;20;10;0;<FLG>
V6155020;V615502001;QmnJ;1;"2019-07-31 00:00:00";16;6491;20;10;0;<FLG>
V6155020;V615502001;QmnJ;1;"2019-08-01 00:00:00";16;6464;20;10;0;<FLG>
V6155020;V615502001;QmnJ;1;"2019-08-02 00:00:00";16;6430;20;10;0;<FLG>
V6155020;V615502001;QmnJ;1;"2019-08-03 00:00:00";16;6411;20;10;0;<FLG>
V6155020;V615502001;QmnJ;1;"2019-08-04 00:00:00";16;6364;20;10;0;<FLG>
V6155020;V615502001;QmnJ;1;"2019-08-05 00:00:00";16;6297;20;10;0;<FLG>
V6155020;V615502001;QmnJ;1;"2019-08-06 00:00:00";16;6228;20;10;0;<FLG>
V6155020;V615502001;QmnJ;1;"2019-08-07 00:00:00";16;6216;20;10;0;<FLG>
V6155020;V615502001;QmnJ;1;"2019-08-08 00:00:00";16;6177;20;10;0;<FLG>
V6155020;V615502001;QmnJ;1;"2019-08-09 00:00:00";16;6120;20;10;0;<FLG>
V6155020;V615502001;QmnJ;1;"2019-08-10 00:00:00";16;6050;20;10;0;<FLG>
V6155020;V615502001;QmnJ;1;"2019-08-11 00:00:00";16;6015;20;10;0;<FLG>
V6155020;V615502001;QmnJ;1;"2019-08-12 00:00:00";16;5995;20;10;0;<FLG>
V6155020;V615502001;QmnJ;1;"2019-08-13 00:00:00";16;5951;20;10;0;<FLG>
V6155020;V615502001;QmnJ;1;"2019-08-14 00:00:00";16;5927;20;10;0;<FLG>
V6155020;V615502001;QmnJ;1;"2019-08-15 00:00:00";16;5901;20;10;0;<FLG>
V6155020;V615502001;QmnJ;1;"2019-08-16 00:00:00";16;5889;20;10;0;<FLG>
V6155020;V615502001;QmnJ;1;"2019-08-17 00:00:00";16;5879;20;10;0;<FLG>
V6155020;V615502001;QmnJ;1;"2019-08-18 00:00:00";16;5855;20;10;0;<FLG>
V6155020;V615502001;QmnJ;1;"2019-08-19 00:00:00";16;5830;20;10;0;<FLG>
V6155020;V615502001;QmnJ;1;"2019-08-20 00:00:00";16;5803;20;10;0;<FLG>
V6155020;V615502001;QmnJ;1;"2019-08-21 00:00:00";16;5775;20;10;0;<FLG>
V6155020;V615502001;QmnJ;1;"2019-08-22 00:00:00";16;5725;20;10;0;<FLG>
V6155020;V615502001;QmnJ;1;"2019-08-23 00:00:00";16;5687;20;10;0;<FLG>
V6155020;V615502001;QmnJ;1;"2019-08-24 00:00:00";16;5671;20;10;0;<FLG>
V6155020;V615502001;QmnJ;1;"2019-08-25 00:00:00";16;5655;20;10;0;<FLG>
V6155020;V615502001;QmnJ;1;"2019-08-26 00:00:00";16;5621;20;10;0;<FLG>
V6155020;V615502001;QmnJ;1;"2019-08-27 00:00:00";16;5596;20;10;0;<FLG>
V6155020;V615502001;QmnJ;1;"2019-08-28 00:00:00";16;5581;20;10;0;<FLG>
V6155020;V615502001;QmnJ;1;"2019-08-29 00:00:00";16;5561;20;10;0;<FLG>
V6155020;V615502001;QmnJ;1;"2019-08-30 00:00:00";16;5540;20;10;0;<FLG>
V6155020;V615502001;QmnJ;1;"2019-08-31 00:00:00";16;5498;20;10;0;<FLG>
V6155020;V615502001;QmnJ;1;"2019-09-01 00:00:00";16;5488;20;10;0;<FLG>
V6155020;V615502001;QmnJ;1;"2019-09-02 00:00:00";16;5472;20;10;0;<FLG>
V6155020;V615502001;QmnJ;1;"2019-09-03 00:00:00";16;5451;20;10;0;<FLG>
V6155020;V615502001;QmnJ;1;"2019-09-04 00:00:00";16;5427;20;10;0;<FLG>
V6155020;V615502001;QmnJ;1;"2019-09-05 00:00:00";16;5400;20;10;0;<FLG>
V6155020;V615502001;QmnJ;1;"2019-09-06 00:00:00";16;5399;20;10;0;<FLG>
V6155020;V615502001;QmnJ;1;"2019-09-07 00:00:00";16;5369;20;10;0;<FLG>
V6155020;V615502001;QmnJ;1;"2019-09-08 00:00:00";16;5332;20;10;0;<FLG>
V6155020;V615502001;QmnJ;1;"2019-09-09 00:00:00";16;5312;20;10;0;<FLG>
V6155020;V615502001;QmnJ;1;"2019-09-10 00:00:00";16;5314;20;10;0;<FLG>
V6155020;V615502001;QmnJ;1;"2019-09-11 00:00:00";16;5308;20;10;0;<FLG>
V6155020;V615502001;QmnJ;1;"2019-09-12 00:00:00";16;5237;20;10;0;<FLG>
V6155020;V615502001;QmnJ;1;"2019-09-13 00:00:00";16;5205;20;10;0;<FLG>
V6155020;V615502001;QmnJ;1;"2019-09-14 00:00:00";16;5152;20;10;0;<FLG>
V6155020;V615502001;QmnJ;1;"2019-09-15 00:00:00";16;5154;20;10;0;<FLG>
V6155020;V615502001;QmnJ;1;"2019-09-16 00:00:00";16;5149;20;10;0;<FLG>
V6155020;V615502001;QmnJ;1;"2019-09-17 00:00:00";16;5139;20;10;0;<FLG>
V6155020;V615502001;QmnJ;1;"2019-09-18 00:00:00";16;5126;20;10;0;<FLG>
V6155020;V615502001;QmnJ;1;"2019-09-19 00:00:00";16;5121;20;10;0;<FLG>
V6155020;V615502001;QmnJ;1;"2019-09-20 00:00:00";16;5077;20;10;0;<FLG>
V6155020;V615502001;QmnJ;1;"2019-09-21 00:00:00";16;5080;20;10;0;<FLG>
V6155020;V615502001;QmnJ;1;"2019-09-22 00:00:00";16;5128;20;10;0;<FLG>
V6155020;V615502001;QmnJ;1;"2019-09-23 00:00:00";16;5225;20;10;0;<FLG>
V6155020;V615502001;QmnJ;1;"2019-09-24 00:00:00";16;5256;20;10;0;<FLG>
V6155020;V615502001;QmnJ;1;"2019-09-25 00:00:00";16;5219;20;10;0;<FLG>
V6155020;V615502001;QmnJ;1;"2019-09-26 00:00:00";16;5126;20;10;0;<FLG>
V6155020;V615502001;QmnJ;1;"2019-09-27 00:00:00";16;5040;20;10;0;<FLG>
V6155020;V615502001;QmnJ;1;"2019-09-28 00:00:00";16;5021;20;10;0;<FLG>
V6155020;V615502001;QmnJ;1;"2019-09-29 00:00:00";16;4972;20;10;0;<FLG>
V6155020;V615502001;QmnJ;1;"2019-09-30 00:00:00";16;4897;20;10;0;<FLG>
V6155020;V615502001;QmnJ;1;"2019-10-01 00:00:00";16;4880;20;10;0;<FLG>
V6155020;V615502001;QmnJ;1;"2019-10-02 00:00:00";16;4889;20;10;0;<FLG>
V6155020;V615502001;QmnJ;1;"2019-10-03 00:00:00";16;4857;20;10;0;<FLG>
V6155020;V615502001;QmnJ;1;"2019-10-04 00:00:00";16;4826;20;10;0;<FLG>
V6155020;V615502001;QmnJ;1;"2019-10-05 00:00:00";16;4815;20;10;0;<FLG>
V6155020;V615502001;QmnJ;1;"2019-10-06 00:00:00";16;4756;20;10;0;<FLG>
V6155020;V615502001;QmnJ;1;"2019-10-07 00:00:00";16;4711;20;10;0;<FLG>
V6155020;V615502001;QmnJ;1;"2019-10-08 00:00:00";16;4717;20;10;0;<FLG>
V6155020;V615502001;QmnJ;1;"2019-10-09 00:00:00";16;4663;20;10;0;<FLG>
V6155020;V615502001;QmnJ;1;"2019-10-10 00:00:00";16;4598;20;10;0;<FLG>
V6155020;V615502001;QmnJ;1;"2019-10-11 00:00:00";16;4594;20;10;0;<FLG>
V6155020;V615502001;QmnJ;1;"2019-10-12 00:00:00";16;4588;20;10;0;<FLG>
V6155020;V615502001;QmnJ;1;"2019-10-13 00:00:00";16;4531;20;10;0;<FLG>
V6155020;V615502001;QmnJ;1;"2019-10-14 00:00:00";16;4535;20;10;0;<FLG>
V6155020;V615502001;QmnJ;1;"2019-10-15 00:00:00";16;4683;20;10;0;<FLG>
V6155020;V615502001;QmnJ;1;"2019-10-16 00:00:00";16;4881;20;10;0;<FLG>
V6155020;V615502001;QmnJ;1;"2019-10-17 00:00:00";16;4842;20;10;0;<FLG>
V6155020;V615502001;QmnJ;1;"2019-10-18 00:00:00";16;4748;20;10;0;<FLG>
V6155020;V615502001;QmnJ;1;"2019-10-19 00:00:00";16;4669;20;10;0;<FLG>
V6155020;V615502001;QmnJ;1;"2019-10-20 00:00:00";16;4825;20;10;0;<FLG>
V6155020;V615502001;QmnJ;1;"2019-10-21 00:00:00";16;5740;20;10;0;<FLG>
V6155020;V615502001;QmnJ;1;"2019-10-22 00:00:00";16;8852;20;10;0;<FLG>
V6155020;V615502001;QmnJ;1;"2019-10-23 00:00:00";16;12232;20;10;0;<FLG>
V6155020;V615502001;QmnJ;1;"2019-10-24 00:00:00";16;19316;20;10;0;<FLG>
V6155020;V615502001;QmnJ;1;"2019-10-25 00:00:00";16;25834;20;10;0;<FLG>
V6155020;V615502001;QmnJ;1;"2019-10-26 00:00:00";16;24282;20;10;0;<FLG>
V6155020;V615502001;QmnJ;1;"2019-10-27 00:00:00";16;21440;20;10;0;<FLG>
V6155020;V615502001;QmnJ;1;"2019-10-28 00:00:00";16;19646;20;10;0;<FLG>
V6155020;V615502001;QmnJ;1;"2019-10-29 00:00:00";16;18384;20;10;0;<FLG>
V6155020;V615502001;QmnJ;1;"2019-10-30 00:00:00";16;16954;20;10;0;<FLG>
V6155020;V615502001;QmnJ;1;"2019-10-31 00:00:00";16;15739;20;10;0;<FLG>
V6155020;V615502001;QmnJ;1;"2019-11-01 00:00:00";16;14791;20;10;0;<FLG>
V6155020;V615502001;QmnJ;1;"2019-11-02 00:00:00";16;14015;20;10;0;<FLG>
V6155020;V615502001;QmnJ;1;"2019-11-03 00:00:00";16;16173;20;10;0;<FLG>
V6155020;V615502001;QmnJ;1;"2019-11-04 00:00:00";16;20401;20;10;0;<FLG>
V6155020;V615502001;QmnJ;1;"2019-11-05 00:00:00";16;23014;20;10;0;<FLG>
V6155020;V615502001;QmnJ;1;"2019-11-06 00:00:00";16;24838;20;10;0;<FLG>
V6155020;V615502001;QmnJ;1;"2019-11-07 00:00:00";16;24319;20;10;0;<FLG>
V6155020;V615502001;QmnJ;1;"2019-11-08 00:00:00";16;23236;20;10;0;<FLG>
V6155020;V615502001;QmnJ;1;"2019-11-09 00:00:00";16;22349;20;10;0;<FLG>
V6155020;V615502001;QmnJ;1;"2019-11-10 00:00:00";16;21238;20;10;0;<FLG>
V6155020;V615502001;QmnJ;1;"2019-11-11 00:00:00";16;20370;20;10;0;<FLG>
V6155020;V615502001;QmnJ;1;"2019-11-12 00:00:00";16;19886;20;10;0;<FLG>
V6155020;V615502001;QmnJ;1;"2019-11-13 00:00:00";16;19315;20;10;0;<FLG>
V6155020;V615502001;QmnJ;1;"2019-11-14 00:00:00";16;19927;20;10;0;<FLG>
V6155020;V615502001;QmnJ;1;"2019-11-15 00:00:00";16;35507;20;10;0;<FLG>
V6155020;V615502001;QmnJ;1;"2019-11-16 00:00:00";16;39809;20;10;0;<FLG>
V6155020;V615502001;QmnJ;1;"2019-11-17 00:00:00";16;39494;20;10;0;<FLG>
V6155020;V615502001;QmnJ;1;"2019-11-18 00:00:00";16;37484;20;10;0;<FLG>
V6155020;V615502001;QmnJ;1;"2019-11-19 00:00:00";16;34288;20;10;0;<FLG>
V6155020;V615502001;QmnJ;1;"2019-11-20 00:00:00";16;30921;20;10;0;<FLG>
V6155020;V615502001;QmnJ;1;"2019-11-21 00:00:00";16;29690;20;10;0;<FLG>
V6155020;V615502001;QmnJ;1;"2019-11-22 00:00:00";16;34429;20;10;0;<FLG>
V6155020;V615502001;QmnJ;1;"2019-11-23 00:00:00";16;52299;20;10;0;<FLG>
V6155020;V615502001;QmnJ;1;"2019-11-24 00:00:00";16;71528;20;10;0;<FLG>
V6155020;V615502001;QmnJ;1;"2019-11-25 00:00:00";16;75222;20;10;0;<FLG>
V6155020;V615502001;QmnJ;1;"2019-11-26 00:00:00";16;75684;20;10;0;<FLG>
V6155020;V615502001;QmnJ;1;"2019-11-27 00:00:00";16;75477;20;10;0;<FLG>
V6155020;V615502001;QmnJ;1;"2019-11-28 00:00:00";16;75107;20;10;0;<FLG>
V6155020;V615502001;QmnJ;1;"2019-11-29 00:00:00";16;72592;20;10;0;<FLG>
V6155020;V615502001;QmnJ;1;"2019-11-30 00:00:00";16;70578;20;10;0;<FLG>
V6155020;V615502001;QmnJ;1;"2019-12-01 00:00:00";16;72424;20;10;0;<FLG>
V6155020;V615502001;QmnJ;1;"2019-12-02 00:00:00";16;80204;20;10;0;<FLG>
V6155020;V615502001;QmnJ;1;"2019-12-03 00:00:00";16;81612;20;10;0;<FLG>
V6155020;V615502001;QmnJ;1;"2019-12-04 00:00:00";16;81602;20;10;0;<FLG>
V6155020;V615502001;QmnJ;1;"2019-12-05 00:00:00";16;79602;20;10;0;<FLG>
V6155020;V615502001;QmnJ;1;"2019-12-06 00:00:00";16;76307;20;10;0;<FLG>
V6155020;V615502001;QmnJ;1;"2019-12-07 00:00:00";16;74006;20;10;0;<FLG>
V6155020;V615502001;QmnJ;1;"2019-12-08 00:00:00";16;72476;20;10;0;<FLG>
V6155020;V615502001;QmnJ;1;"2019-12-09 00:00:00";16;70740;20;10;0;<FLG>
V6155020;V615502001;QmnJ;1;"2019-12-10 00:00:00";16;69540;20;10;0;<FLG>
V6155020;V615502001;QmnJ;1;"2019-12-11 00:00:00";16;67290;20;10;0;<FLG>
V6155020;V615502001;QmnJ;1;"2019-12-12 00:00:00";16;64469;20;10;0;<FLG>
V6155020;V615502001;QmnJ;1;"2019-12-13 00:00:00";16;62113;20;10;0;<FLG>
V6155020;V615502001;QmnJ;1;"2019-12-14 00:00:00";16;61214;20;10;0;<FLG>
V6155020;V615502001;QmnJ;1;"2019-12-15 00:00:00";16;60661;20;10;0;<FLG>
V6155020;V615502001;QmnJ;1;"2019-12-16 00:00:00";16;59910;20;10;0;<FLG>
V6155020;V615502001;QmnJ;1;"2019-12-17 00:00:00";16;58873;20;10;0;<FLG>
V6155020;V615502001;QmnJ;1;"2019-12-18 00:00:00";16;57555;20;10;0;<FLG>
V6155020;V615502001;QmnJ;1;"2019-12-19 00:00:00";16;55962;20;10;0;<FLG>
V6155020;V615502001;QmnJ;1;"2019-12-20 00:00:00";16;58943;20;10;0;<FLG>
V6155020;V615502001;QmnJ;1;"2019-12-21 00:00:00";16;73889;20;10;0;<FLG>
V6155020;V615502001;QmnJ;1;"2019-12-22 00:00:00";16;78496;20;10;0;<FLG>
V6155020;V615502001;QmnJ;1;"2019-12-23 00:00:00";16;79630;20;10;0;<FLG>
V6155020;V615502001;QmnJ;1;"2019-12-24 00:00:00";16;79405;20;10;0;<FLG>
V6155020;V615502001;QmnJ;1;"2019-12-25 00:00:00";16;77147;20;10;0;<FLG>
V6155020;V615502001;QmnJ;1;"2019-12-26 00:00:00";16;75431;20;10;0;<FLG>
V6155020;V615502001;QmnJ;1;"2019-12-27 00:00:00";16;74652;20;10;0;<FLG>
V6155020;V615502001;QmnJ;1;"2019-12-28 00:00:00";16;73857;20;10;0;<FLG>
V6155020;V615502001;QmnJ;1;"2019-12-29 00:00:00";16;71962;20;10;0;<FLG>
V6155020;V615502001;QmnJ;1;"2019-12-30 00:00:00";16;69584;20;10;0;<FLG>
V6155020;V615502001;QmnJ;1;"2019-12-31 00:00:00";16;66962;20;10;0;<FLG>
V6155020;V615502001;QmnJ;1;"2020-01-01 00:00:00";16;64526;20;10;0;<FLG>
V6155020;V615502001;QmnJ;1;"2020-01-02 00:00:00";16;62264;20;10;0;<FLG>
V6155020;V615502001;QmnJ;1;"2020-01-03 00:00:00";16;59688;20;10;0;<FLG>
V6155020;V615502001;QmnJ;1;"2020-01-04 00:00:00";16;57505;20;10;0;<FLG>
V6155020;V615502001;QmnJ;1;"2020-01-05 00:00:00";16;55341;20;10;0;<FLG>
V6155020;V615502001;QmnJ;1;"2020-01-06 00:00:00";16;53059;20;10;0;<FLG>
V6155020;V615502001;QmnJ;1;"2020-01-07 00:00:00";16;50966;20;10;0;<FLG>
V6155020;V615502001;QmnJ;1;"2020-01-08 00:00:00";16;48731;20;10;0;<FLG>
V6155020;V615502001;QmnJ;1;"2020-01-09 00:00:00";16;46448;20;10;0;<FLG>
V6155020;V615502001;QmnJ;1;"2020-01-10 00:00:00";16;44603;20;10;0;<FLG>
V6155020;V615502001;QmnJ;1;"2020-01-11 00:00:00";16;42895;20;10;0;<FLG>
V6155020;V615502001;QmnJ;1;"2020-01-12 00:00:00";16;41241;20;10;0;<FLG>
V6155020;V615502001;QmnJ;1;"2020-01-13 00:00:00";16;39826;20;10;0;<FLG>
V6155020;V615502001;QmnJ;1;"2020-01-14 00:00:00";16;38408;20;10;0;<FLG>
V6155020;V615502001;QmnJ;1;"2020-01-15 00:00:00";16;37232;20;10;0;<FLG>
V6155020;V615502001;QmnJ;1;"2020-01-16 00:00:00";16;35910;20;10;0;<FLG>
V6155020;V615502001;QmnJ;1;"2020-01-17 00:00:00";16;35007;20;10;0;<FLG>
V6155020;V615502001;QmnJ;1;"2020-01-18 00:00:00";16;35049;20;10;0;<FLG>
V6155020;V615502001;QmnJ;1;"2020-01-19 00:00:00";16;34908;20;10;0;<FLG>
V6155020;V615502001;QmnJ;1;"2020-01-20 00:00:00";16;34319;20;10;0;<FLG>
V6155020;V615502001;QmnJ;1;"2020-01-21 00:00:00";16;33592;20;10;0;<FLG>
V6155020;V615502001;QmnJ;1;"2020-01-22 00:00:00";16;32801;20;10;0;<FLG>
V6155020;V615502001;QmnJ;1;"2020-01-23 00:00:00";16;32068;20;10;0;<FLG>
V6155020;V615502001;QmnJ;1;"2020-01-24 00:00:00";16;31316;20;10;0;<FLG>
V6155020;V615502001;QmnJ;1;"2020-01-25 00:00:00";16;30724;20;10;0;<FLG>
V6155020;V615502001;QmnJ;1;"2020-01-26 00:00:00";16;30144;20;10;0;<FLG>
V6155020;V615502001;QmnJ;1;"2020-01-27 00:00:00";16;29612;20;10;0;<FLG>
V6155020;V615502001;QmnJ;1;"2020-01-28 00:00:00";16;28873;20;10;0;<FLG>
V6155020;V615502001;QmnJ;1;"2020-01-29 00:00:00";16;28264;20;10;0;<FLG>
V6155020;V615502001;QmnJ;1;"2020-01-30 00:00:00";16;27880;20;10;0;<FLG>
V6155020;V615502001;QmnJ;1;"2020-01-31 00:00:00";16;27323;20;10;0;<FLG>
V6155020;V615502001;QmnJ;1;"2020-02-01 00:00:00";16;26707;20;10;0;<FLG>
V6155020;V615502001;QmnJ;1;"2020-02-02 00:00:00";16;26185;20;10;0;<FLG>
V6155020;V615502001;QmnJ;1;"2020-02-03 00:00:00";16;25462;20;10;0;<FLG>
V6155020;V615502001;QmnJ;1;"2020-02-04 00:00:00";16;24935;20;10;0;<FLG>
V6155020;V615502001;QmnJ;1;"2020-02-05 00:00:00";16;24575;20;10;0;<FLG>
V6155020;V615502001;QmnJ;1;"2020-02-06 00:00:00";16;24157;20;10;0;<FLG>
V6155020;V615502001;QmnJ;1;"2020-02-07 00:00:00";16;23711;20;10;0;<FLG>
V6155020;V615502001;QmnJ;1;"2020-02-08 00:00:00";16;23325;20;10;0;<FLG>
V6155020;V615502001;QmnJ;1;"2020-02-09 00:00:00";16;22838;20;10;0;<FLG>
V6155020;V615502001;QmnJ;1;"2020-02-10 00:00:00";16;22433;20;10;0;<FLG>
V6155020;V615502001;QmnJ;1;"2020-02-11 00:00:00";16;22050;20;10;0;<FLG>
V6155020;V615502001;QmnJ;1;"2020-02-12 00:00:00";16;21689;20;10;0;<FLG>
V6155020;V615502001;QmnJ;1;"2020-02-13 00:00:00";16;21391;20;10;0;<FLG>
V6155020;V615502001;QmnJ;1;"2020-02-14 00:00:00";16;21094;20;10;0;<FLG>
V6155020;V615502001;QmnJ;1;"2020-02-15 00:00:00";16;20720;20;10;0;<FLG>
V6155020;V615502001;QmnJ;1;"2020-02-16 00:00:00";16;20403;20;10;0;<FLG>
V6155020;V615502001;QmnJ;1;"2020-02-17 00:00:00";16;20151;20;10;0;<FLG>
V6155020;V615502001;QmnJ;1;"2020-02-18 00:00:00";16;19962;20;10;0;<FLG>
V6155020;V615502001;QmnJ;1;"2020-02-19 00:00:00";16;19649;20;10;0;<FLG>
V6155020;V615502001;QmnJ;1;"2020-02-20 00:00:00";16;19387;20;10;0;<FLG>
V6155020;V615502001;QmnJ;1;"2020-02-21 00:00:00";16;19239;20;10;0;<FLG>
V6155020;V615502001;QmnJ;1;"2020-02-22 00:00:00";16;19118;20;10;0;<FLG>
V6155020;V615502001;QmnJ;1;"2020-02-23 00:00:00";16;18959;20;10;0;<FLG>
V6155020;V615502001;QmnJ;1;"2020-02-24 00:00:00";16;18827;20;10;0;<FLG>
V6155020;V615502001;QmnJ;1;"2020-02-25 00:00:00";16;18708;20;10;0;<FLG>
V6155020;V615502001;QmnJ;1;"2020-02-26 00:00:00";16;18642;20;10;0;<FLG>
V6155020;V615502001;QmnJ;1;"2020-02-27 00:00:00";16;18533;20;10;0;<FLG>
V6155020;V615502001;QmnJ;1;"2020-02-28 00:00:00";16;18392;20;10;0;<FLG>
V6155020;V615502001;QmnJ;1;"2020-02-29 00:00:00";16;18266;20;10;0;<FLG>
V6155020;V615502001;QmnJ;1;"2020-03-01 00:00:00";16;18150;20;10;0;<FLG>
V6155020;V615502001;QmnJ;1;"2020-03-02 00:00:00";16;18553;20;10;0;<FLG>
V6155020;V615502001;QmnJ;1;"2020-03-03 00:00:00";16;24320;20;10;0;<FLG>
V6155020;V615502001;QmnJ;1;"2020-03-04 00:00:00";16;28660;20;10;0;<FLG>
V6155020;V615502001;QmnJ;1;"2020-03-05 00:00:00";16;29295;20;10;0;<FLG>
V6155020;V615502001;QmnJ;1;"2020-03-06 00:00:00";16;29727;20;10;0;<FLG>
V6155020;V615502001;QmnJ;1;"2020-03-07 00:00:00";16;31894;20;10;0;<FLG>
V6155020;V615502001;QmnJ;1;"2020-03-08 00:00:00";16;32666;20;10;0;<FLG>
V6155020;V615502001;QmnJ;1;"2020-03-09 00:00:00";16;32002;20;10;0;<FLG>
V6155020;V615502001;QmnJ;1;"2020-03-10 00:00:00";16;30548;20;10;0;<FLG>
V6155020;V615502001;QmnJ;1;"2020-03-11 00:00:00";16;28677;20;10;0;<FLG>
V6155020;V615502001;QmnJ;1;"2020-03-12 00:00:00";16;26854;20;10;0;<FLG>
V6155020;V615502001;QmnJ;1;"2020-03-13 00:00:00";16;25587;20;10;0;<FLG>
V6155020;V615502001;QmnJ;1;"2020-03-14 00:00:00";16;24682;20;10;0;<FLG>
V6155020;V615502001;QmnJ;1;"2020-03-15 00:00:00";16;23765;20;10;0;<FLG>
V6155020;V615502001;QmnJ;1;"2020-03-16 00:00:00";16;22891;20;10;0;<FLG>
V6155020;V615502001;QmnJ;1;"2020-03-17 00:00:00";16;22058;20;10;0;<FLG>
V6155020;V615502001;QmnJ;1;"2020-03-18 00:00:00";16;21435;20;10;0;<FLG>
V6155020;V615502001;QmnJ;1;"2020-03-19 00:00:00";16;20939;20;10;0;<FLG>
V6155020;V615502001;QmnJ;1;"2020-03-20 00:00:00";16;20498;20;10;0;<FLG>
V6155020;V615502001;QmnJ;1;"2020-03-21 00:00:00";16;20147;20;10;0;<FLG>
V6155020;V615502001;QmnJ;1;"2020-03-22 00:00:00";16;19865;20;10;0;<FLG>
V6155020;V615502001;QmnJ;1;"2020-03-23 00:00:00";16;19625;20;10;0;<FLG>
V6155020;V615502001;QmnJ;1;"2020-03-24 00:00:00";16;19402;20;10;0;<FLG>
V6155020;V615502001;QmnJ;1;"2020-03-25 00:00:00";16;19174;20;10;0;<FLG>
V6155020;V615502001;QmnJ;1;"2020-03-26 00:00:00";16;19004;20;10;0;<FLG>
V6155020;V615502001;QmnJ;1;"2020-03-27 00:00:00";16;18883;20;10;0;<FLG>
V6155020;V615502001;QmnJ;1;"2020-03-28 00:00:00";16;18682;20;10;0;<FLG>
V6155020;V615502001;QmnJ;1;"2020-03-29 00:00:00";16;18490;20;10;0;<FLG>
V6155020;V615502001;QmnJ;1;"2020-03-30 00:00:00";16;18303;20;10;0;<FLG>
V6155020;V615502001;QmnJ;1;"2020-03-31 00:00:00";16;18120;20;10;0;<FLG>
V6155020;V615502001;QmnJ;1;"2020-04-01 00:00:00";16;17940;20;10;0;<FLG>
V6155020;V615502001;QmnJ;1;"2020-04-02 00:00:00";16;17738;20;10;0;<FLG>
V6155020;V615502001;QmnJ;1;"2020-04-03 00:00:00";16;17572;20;10;0;<FLG>
V6155020;V615502001;QmnJ;1;"2020-04-04 00:00:00";16;17379;20;10;0;<FLG>
V6155020;V615502001;QmnJ;1;"2020-04-05 00:00:00";16;17153;20;10;0;<FLG>
V6155020;V615502001;QmnJ;1;"2020-04-06 00:00:00";16;16929;20;10;0;<FLG>
V6155020;V615502001;QmnJ;1;"2020-04-07 00:00:00";16;16704;20;10;0;<FLG>
V6155020;V615502001;QmnJ;1;"2020-04-08 00:00:00";16;16511;20;10;0;<FLG>
V6155020;V615502001;QmnJ;1;"2020-04-09 00:00:00";16;16328;20;10;0;<FLG>
V6155020;V615502001;QmnJ;1;"2020-04-10 00:00:00";16;16159;20;10;0;<FLG>
V6155020;V615502001;QmnJ;1;"2020-04-11 00:00:00";16;15983;20;10;0;<FLG>
V6155020;V615502001;QmnJ;1;"2020-04-12 00:00:00";16;15824;20;10;0;<FLG>
V6155020;V615502001;QmnJ;1;"2020-04-13 00:00:00";16;15662;20;10;0;<FLG>
V6155020;V615502001;QmnJ;1;"2020-04-14 00:00:00";16;15563;20;10;0;<FLG>
V6155020;V615502001;QmnJ;1;"2020-04-15 00:00:00";16;15414;20;10;0;<FLG>
V6155020;V615502001;QmnJ;1;"2020-04-16 00:00:00";16;15248;20;10;0;<FLG>
V6155020;V615502001;QmnJ;1;"2020-04-17 00:00:00";16;15101;20;10;0;<FLG>
V6155020;V615502001;QmnJ;1;"2020-04-18 00:00:00";16;14941;20;10;0;<FLG>
V6155020;V615502001;QmnJ;1;"2020-04-19 00:00:00";16;14817;20;10;0;<FLG>
V6155020;V615502001;QmnJ;1;"2020-04-20 00:00:00";16;14758;20;10;0;<FLG>
V6155020;V615502001;QmnJ;1;"2020-04-21 00:00:00";16;14753;20;10;0;<FLG>
V6155020;V615502001;QmnJ;1;"2020-04-22 00:00:00";16;14682;20;10;0;<FLG>
V6155020;V615502001;QmnJ;1;"2020-04-23 00:00:00";16;14567;20;10;0;<FLG>
V6155020;V615502001;QmnJ;1;"2020-04-24 00:00:00";16;14431;20;10;0;<FLG>
V6155020;V615502001;QmnJ;1;"2020-04-25 00:00:00";16;14715;20;10;0;<FLG>
V6155020;V615502001;QmnJ;1;"2020-04-26 00:00:00";16;14850;20;10;0;<FLG>
V6155020;V615502001;QmnJ;1;"2020-04-27 00:00:00";16;14853;20;10;0;<FLG>
V6155020;V615502001;QmnJ;1;"2020-04-28 00:00:00";16;15112;20;10;0;<FLG>
V6155020;V615502001;QmnJ;1;"2020-04-29 00:00:00";16;15713;20;10;0;<FLG>
V6155020;V615502001;QmnJ;1;"2020-04-30 00:00:00";16;16151;20;10;0;<FLG>
V6155020;V615502001;QmnJ;1;"2020-05-01 00:00:00";16;16210;20;10;0;<FLG>
V6155020;V615502001;QmnJ;1;"2020-05-02 00:00:00";16;16107;20;10;0;<FLG>
V6155020;V615502001;QmnJ;1;"2020-05-03 00:00:00";16;15936;20;10;0;<FLG>
V6155020;V615502001;QmnJ;1;"2020-05-04 00:00:00";16;15735;20;10;0;<FLG>
V6155020;V615502001;QmnJ;1;"2020-05-05 00:00:00";16;15512;20;10;0;<FLG>
V6155020;V615502001;QmnJ;1;"2020-05-06 00:00:00";16;15333;20;10;0;<FLG>
V6155020;V615502001;QmnJ;1;"2020-05-07 00:00:00";16;15151;20;10;0;<FLG>
V6155020;V615502001;QmnJ;1;"2020-05-08 00:00:00";16;14899;20;10;0;<FLG>
V6155020;V615502001;QmnJ;1;"2020-05-09 00:00:00";16;14707;20;10;0;<FLG>
V6155020;V615502001;QmnJ;1;"2020-05-10 00:00:00";16;14553;20;10;0;<FLG>
V6155020;V615502001;QmnJ;1;"2020-05-11 00:00:00";16;16011;20;10;0;<FLG>
V6155020;V615502001;QmnJ;1;"2020-05-12 00:00:00";16;21529;20;10;0;<FLG>
V6155020;V615502001;QmnJ;1;"2020-05-13 00:00:00";16;26588;20;10;0;<FLG>
V6155020;V615502001;QmnJ;1;"2020-05-14 00:00:00";16;27229;20;10;0;<FLG>
V6155020;V615502001;QmnJ;1;"2020-05-15 00:00:00";16;26026;20;10;0;<FLG>
V6155020;V615502001;QmnJ;1;"2020-05-16 00:00:00";16;24197;20;10;0;<FLG>
V6155020;V615502001;QmnJ;1;"2020-05-17 00:00:00";16;24403;20;10;0;<FLG>
V6155020;V615502001;QmnJ;1;"2020-05-18 00:00:00";16;29628;20;10;0;<FLG>
V6155020;V615502001;QmnJ;1;"2020-05-19 00:00:00";16;32162;20;10;0;<FLG>
V6155020;V615502001;QmnJ;1;"2020-05-20 00:00:00";16;32022;20;10;0;<FLG>
V6155020;V615502001;QmnJ;1;"2020-05-21 00:00:00";16;30338;20;10;0;<FLG>
V6155020;V615502001;QmnJ;1;"2020-05-22 00:00:00";16;28130;20;10;0;<FLG>
V6155020;V615502001;QmnJ;1;"2020-05-23 00:00:00";16;25502;20;10;0;<FLG>
V6155020;V615502001;QmnJ;1;"2020-05-24 00:00:00";16;23508;20;10;0;<FLG>
V6155020;V615502001;QmnJ;1;"2020-05-25 00:00:00";16;22157;20;10;0;<FLG>
V6155020;V615502001;QmnJ;1;"2020-05-26 00:00:00";16;21185;20;10;0;<FLG>
V6155020;V615502001;QmnJ;1;"2020-05-27 00:00:00";16;20366;20;10;0;<FLG>
V6155020;V615502001;QmnJ;1;"2020-05-28 00:00:00";16;19759;20;10;0;<FLG>
V6155020;V615502001;QmnJ;1;"2020-05-29 00:00:00";16;19491;20;10;0;<FLG>
V6155020;V615502001;QmnJ;1;"2020-05-30 00:00:00";16;19247;20;10;0;<FLG>
V6155020;V615502001;QmnJ;1;"2020-05-31 00:00:00";16;18955;20;10;0;<FLG>
V6155020;V615502001;QmnJ;1;"2020-06-01 00:00:00";16;18678;20;10;0;<FLG>
V6155020;V615502001;QmnJ;1;"2020-06-02 00:00:00";16;18383;20;10;0;<FLG>
V6155020;V615502001;QmnJ;1;"2020-06-03 00:00:00";16;18148;20;10;0;<FLG>
V6155020;V615502001;QmnJ;1;"2020-06-04 00:00:00";16;17810;20;10;0;<FLG>
V6155020;V615502001;QmnJ;1;"2020-06-05 00:00:00";16;17712;20;10;0;<FLG>
V6155020;V615502001;QmnJ;1;"2020-06-06 00:00:00";16;17648;20;10;0;<FLG>
V6155020;V615502001;QmnJ;1;"2020-06-07 00:00:00";16;17454;20;10;0;<FLG>
V6155020;V615502001;QmnJ;1;"2020-06-08 00:00:00";16;17262;20;10;0;<FLG>
V6155020;V615502001;QmnJ;1;"2020-06-09 00:00:00";16;17015;20;10;0;<FLG>
V6155020;V615502001;QmnJ;1;"2020-06-10 00:00:00";16;16770;20;10;0;<FLG>
V6155020;V615502001;QmnJ;1;"2020-06-11 00:00:00";16;16464;20;10;0;<FLG>
V6155020;V615502001;QmnJ;1;"2020-06-12 00:00:00";16;16166;20;10;0;<FLG>
V6155020;V615502001;QmnJ;1;"2020-06-13 00:00:00";16;16039;20;10;0;<FLG>
V6155020;V615502001;QmnJ;1;"2020-06-14 00:00:00";16;16348;20;10;0;<FLG>
V6155020;V615502001;QmnJ;1;"2020-06-15 00:00:00";16;16736;20;10;0;<FLG>
V6155020;V615502001;QmnJ;1;"2020-06-16 00:00:00";16;16662;20;10;0;<FLG>
V6155020;V615502001;QmnJ;1;"2020-06-17 00:00:00";16;16389;20;10;0;<FLG>
V6155020;V615502001;QmnJ;1;"2020-06-18 00:00:00";16;16083;20;10;0;<FLG>
V6155020;V615502001;QmnJ;1;"2020-06-19 00:00:00";16;15740;20;10;0;<FLG>
V6155020;V615502001;QmnJ;1;"2020-06-20 00:00:00";16;15462;20;10;0;<FLG>
V6155020;V615502001;QmnJ;1;"2020-06-21 00:00:00";16;15022;20;10;0;<FLG>
V6155020;V615502001;QmnJ;1;"2020-06-22 00:00:00";16;14695;20;10;0;<FLG>
V6155020;V615502001;QmnJ;1;"2020-06-23 00:00:00";16;14445;20;10;0;<FLG>
V6155020;V615502001;QmnJ;1;"2020-06-24 00:00:00";16;14214;20;10;0;<FLG>
V6155020;V615502001;QmnJ;1;"2020-06-25 00:00:00";16;14025;20;10;0;<FLG>
V6155020;V615502001;QmnJ;1;"2020-06-26 00:00:00";16;13878;20;10;0;<FLG>
V6155020;V615502001;QmnJ;1;"2020-06-27 00:00:00";16;13684;20;10;0;<FLG>
V6155020;V615502001;QmnJ;1;"2020-06-28 00:00:00";16;13472;20;10;0;<FLG>
V6155020;V615502001;QmnJ;1;"2020-06-29 00:00:00";16;13315;20;10;0;<FLG>
V6155020;V615502001;QmnJ;1;"2020-06-30 00:00:00";16;13157;20;10;0;<FLG>
V6155020;V615502001;QmnJ;1;"2020-07-01 00:00:00";16;13027;20;10;0;<FLG>
V6155020;V615502001;QmnJ;1;"2020-07-02 00:00:00";16;12863;20;10;0;<FLG>
V6155020;V615502001;QmnJ;1;"2020-07-03 00:00:00";16;12714;20;10;0;<FLG>
V6155020;V615502001;QmnJ;1;"2020-07-04 00:00:00";16;12532;20;10;0;<FLG>
V6155020;V615502001;QmnJ;1;"2020-07-05 00:00:00";16;12343;20;10;0;<FLG>
V6155020;V615502001;QmnJ;1;"2020-07-06 00:00:00";16;12168;20;10;0;<FLG>
V6155020;V615502001;QmnJ;1;"2020-07-07 00:00:00";16;12044;20;10;0;<FLG>
V6155020;V615502001;QmnJ;1;"2020-07-08 00:00:00";16;11895;20;10;0;<FLG>
V6155020;V615502001;QmnJ;1;"2020-07-09 00:00:00";16;11766;20;10;0;<FLG>
V6155020;V615502001;QmnJ;1;"2020-07-10 00:00:00";16;11599;20;10;0;<FLG>
V6155020;V615502001;QmnJ;1;"2020-07-11 00:00:00";16;11383;20;10;0;<FLG>
V6155020;V615502001;QmnJ;1;"2020-07-12 00:00:00";16;11298;20;10;0;<FLG>
V6155020;V615502001;QmnJ;1;"2020-07-13 00:00:00";16;11134;20;10;0;<FLG>
V6155020;V615502001;QmnJ;1;"2020-07-14 00:00:00";16;11004;20;10;0;<FLG>
V6155020;V615502001;QmnJ;1;"2020-07-15 00:00:00";16;10905;20;10;0;<FLG>
V6155020;V615502001;QmnJ;1;"2020-07-16 00:00:00";16;10816;20;10;0;<FLG>
V6155020;V615502001;QmnJ;1;"2020-07-17 00:00:00";16;10731;20;10;0;<FLG>
V6155020;V615502001;QmnJ;1;"2020-07-18 00:00:00";16;10578;20;10;0;<FLG>
V6155020;V615502001;QmnJ;1;"2020-07-19 00:00:00";16;10417;20;10;0;<FLG>
V6155020;V615502001;QmnJ;1;"2020-07-20 00:00:00";16;10292;20;10;0;<FLG>
V6155020;V615502001;QmnJ;1;"2020-07-21 00:00:00";16;10180;20;10;0;<FLG>
V6155020;V615502001;QmnJ;1;"2020-07-22 00:00:00";16;10113;20;10;0;<FLG>
V6155020;V615502001;QmnJ;1;"2020-07-23 00:00:00";16;10077;20;10;0;<FLG>
V6155020;V615502001;QmnJ;1;"2020-07-24 00:00:00";16;10024;20;10;0;<FLG>
V6155020;V615502001;QmnJ;1;"2020-07-25 00:00:00";16;9955;20;10;0;<FLG>
V6155020;V615502001;QmnJ;1;"2020-07-26 00:00:00";16;9770;20;10;0;<FLG>
V6155020;V615502001;QmnJ;1;"2020-07-27 00:00:00";16;9633;20;10;0;<FLG>
V6155020;V615502001;QmnJ;1;"2020-07-28 00:00:00";16;9566;20;10;0;<FLG>
V6155020;V615502001;QmnJ;1;"2020-07-29 00:00:00";16;9513;20;10;0;<FLG>
V6155020;V615502001;QmnJ;1;"2020-07-30 00:00:00";16;9463;20;10;0;<FLG>
V6155020;V615502001;QmnJ;1;"2020-07-31 00:00:00";16;9403;20;10;0;<FLG>
V6155020;V615502001;QmnJ;1;"2020-08-01 00:00:00";16;9362;20;10;0;<FLG>
V6155020;V615502001;QmnJ;1;"2020-08-02 00:00:00";16;9331;20;10;0;<FLG>
V6155020;V615502001;QmnJ;1;"2020-08-03 00:00:00";16;9155;20;10;0;<FLG>
V6155020;V615502001;QmnJ;1;"2020-08-04 00:00:00";16;9075;20;10;0;<FLG>
V6155020;V615502001;QmnJ;1;"2020-08-05 00:00:00";16;9042;20;10;0;<FLG>
V6155020;V615502001;QmnJ;1;"2020-08-06 00:00:00";16;8995;20;10;0;<FLG>
V6155020;V615502001;QmnJ;1;"2020-08-07 00:00:00";16;8956;20;10;0;<FLG>
V6155020;V615502001;QmnJ;1;"2020-08-08 00:00:00";16;8942;20;10;0;<FLG>
V6155020;V615502001;QmnJ;1;"2020-08-09 00:00:00";16;8899;20;10;0;<FLG>
V6155020;V615502001;QmnJ;1;"2020-08-10 00:00:00";16;8765;20;10;0;<FLG>
V6155020;V615502001;QmnJ;1;"2020-08-11 00:00:00";16;8674;20;10;0;<FLG>
V6155020;V615502001;QmnJ;1;"2020-08-12 00:00:00";16;8640;20;10;0;<FLG>
V6155020;V615502001;QmnJ;1;"2020-08-13 00:00:00";16;8513;20;10;0;<FLG>
V6155020;V615502001;QmnJ;1;"2020-08-14 00:00:00";16;8448;20;10;0;<FLG>
V6155020;V615502001;QmnJ;1;"2020-08-15 00:00:00";16;8433;20;10;0;<FLG>
V6155020;V615502001;QmnJ;1;"2020-08-16 00:00:00";16;8393;20;10;0;<FLG>
V6155020;V615502001;QmnJ;1;"2020-08-17 00:00:00";16;8411;20;10;0;<FLG>
V6155020;V615502001;QmnJ;1;"2020-08-18 00:00:00";16;8346;20;10;0;<FLG>
V6155020;V615502001;QmnJ;1;"2020-08-19 00:00:00";16;8238;20;10;0;<FLG>
V6155020;V615502001;QmnJ;1;"2020-08-20 00:00:00";16;8125;20;10;0;<FLG>
V6155020;V615502001;QmnJ;1;"2020-08-21 00:00:00";16;8085;20;10;0;<FLG>
V6155020;V615502001;QmnJ;1;"2020-08-22 00:00:00";16;7990;20;10;0;<FLG>
V6155020;V615502001;QmnJ;1;"2020-08-23 00:00:00";16;7943;20;10;0;<FLG>
V6155020;V615502001;QmnJ;1;"2020-08-24 00:00:00";16;8021;20;10;0;<FLG>
V6155020;V615502001;QmnJ;1;"2020-08-25 00:00:00";16;7876;20;10;0;<FLG>
V6155020;V615502001;QmnJ;1;"2020-08-26 00:00:00";16;7773;20;10;0;<FLG>
V6155020;V615502001;QmnJ;1;"2020-08-27 00:00:00";16;7766;20;10;0;<FLG>
V6155020;V615502001;QmnJ;1;"2020-08-28 00:00:00";16;7727;20;10;0;<FLG>
V6155020;V615502001;QmnJ;1;"2020-08-29 00:00:00";16;7817;20;10;0;<FLG>
V6155020;V615502001;QmnJ;1;"2020-08-30 00:00:00";16;7653;20;10;0;<FLG>
V6155020;V615502001;QmnJ;1;"2020-08-31 00:00:00";16;7553;20;10;0;<FLG>
V6155020;V615502001;QmnJ;1;"2020-09-01 00:00:00";16;7538;20;10;0;<FLG>
V6155020;V615502001;QmnJ;1;"2020-09-02 00:00:00";16;7531;20;10;0;<FLG>
V6155020;V615502001;QmnJ;1;"2020-09-03 00:00:00";16;7471;20;10;0;<FLG>
V6155020;V615502001;QmnJ;1;"2020-09-04 00:00:00";16;7447;20;10;0;<FLG>
V6155020;V615502001;QmnJ;1;"2020-09-05 00:00:00";16;7456;20;10;0;<FLG>
V6155020;V615502001;QmnJ;1;"2020-09-06 00:00:00";16;7480;20;10;0;<FLG>
V6155020;V615502001;QmnJ;1;"2020-09-07 00:00:00";16;7475;20;10;0;<FLG>
V6155020;V615502001;QmnJ;1;"2020-09-08 00:00:00";16;7385;20;10;0;<FLG>
V6155020;V615502001;QmnJ;1;"2020-09-09 00:00:00";16;7353;20;10;0;<FLG>
V6155020;V615502001;QmnJ;1;"2020-09-10 00:00:00";16;7331;20;10;0;<FLG>
V6155020;V615502001;QmnJ;1;"2020-09-11 00:00:00";16;7264;20;10;0;<FLG>
V6155020;V615502001;QmnJ;1;"2020-09-12 00:00:00";16;7237;20;10;0;<FLG>
V6155020;V615502001;QmnJ;1;"2020-09-13 00:00:00";16;7146;20;10;0;<FLG>
V6155020;V615502001;QmnJ;1;"2020-09-14 00:00:00";16;7108;20;10;0;<FLG>
V6155020;V615502001;QmnJ;1;"2020-09-15 00:00:00";16;7064;20;10;0;<FLG>
V6155020;V615502001;QmnJ;1;"2020-09-16 00:00:00";16;7067;20;10;0;<FLG>
V6155020;V615502001;QmnJ;1;"2020-09-17 00:00:00";16;7002;20;10;0;<FLG>
V6155020;V615502001;QmnJ;1;"2020-09-18 00:00:00";16;6970;20;10;0;<FLG>
V6155020;V615502001;QmnJ;1;"2020-09-19 00:00:00";16;6985;20;10;0;<FLG>
V6155020;V615502001;QmnJ;1;"2020-09-20 00:00:00";16;6960;20;10;0;<FLG>
V6155020;V615502001;QmnJ;1;"2020-09-21 00:00:00";16;7083;20;10;0;<FLG>
V6155020;V615502001;QmnJ;1;"2020-09-22 00:00:00";16;7208;20;10;0;<FLG>
V6155020;V615502001;QmnJ;1;"2020-09-23 00:00:00";16;7360;20;10;0;<FLG>
V6155020;V615502001;QmnJ;1;"2020-09-24 00:00:00";16;7362;20;10;0;<FLG>
V6155020;V615502001;QmnJ;1;"2020-09-25 00:00:00";16;7414;20;10;0;<FLG>
V6155020;V615502001;QmnJ;1;"2020-09-26 00:00:00";16;7513;20;10;0;<FLG>
V6155020;V615502001;QmnJ;1;"2020-09-27 00:00:00";16;7467;20;10;0;<FLG>
V6155020;V615502001;QmnJ;1;"2020-09-28 00:00:00";16;7408;20;10;0;<FLG>
V6155020;V615502001;QmnJ;1;"2020-09-29 00:00:00";16;7280;20;10;0;<FLG>
V6155020;V615502001;QmnJ;1;"2020-09-30 00:00:00";16;7140;20;10;0;<FLG>
V6155020;V615502001;QmnJ;1;"2020-10-01 00:00:00";16;7089;20;10;0;<FLG>
V6155020;V615502001;QmnJ;1;"2020-10-02 00:00:00";16;7291;20;10;0;<FLG>
V6155020;V615502001;QmnJ;1;"2020-10-03 00:00:00";16;8911;20;10;0;<FLG>
V6155020;V615502001;QmnJ;1;"2020-10-04 00:00:00";16;9784;20;10;0;<FLG>
V6155020;V615502001;QmnJ;1;"2020-10-05 00:00:00";16;9890;20;10;0;<FLG>
V6155020;V615502001;QmnJ;1;"2020-10-06 00:00:00";16;9746;20;10;0;<FLG>
V6155020;V615502001;QmnJ;1;"2020-10-07 00:00:00";16;9577;20;10;0;<FLG>
V6155020;V615502001;QmnJ;1;"2020-10-08 00:00:00";16;9555;20;10;0;<FLG>
V6155020;V615502001;QmnJ;1;"2020-10-09 00:00:00";16;9386;20;10;0;<FLG>
V6155020;V615502001;QmnJ;1;"2020-10-10 00:00:00";16;9184;20;10;0;<FLG>
V6155020;V615502001;QmnJ;1;"2020-10-11 00:00:00";16;8945;20;10;0;<FLG>
V6155020;V615502001;QmnJ;1;"2020-10-12 00:00:00";16;8738;20;10;0;<FLG>
V6155020;V615502001;QmnJ;1;"2020-10-13 00:00:00";16;8570;20;10;0;<FLG>
V6155020;V615502001;QmnJ;1;"2020-10-14 00:00:00";16;8388;20;10;0;<FLG>
V6155020;V615502001;QmnJ;1;"2020-10-15 00:00:00";16;8190;20;10;0;<FLG>
V6155020;V615502001;QmnJ;1;"2020-10-16 00:00:00";16;8009;20;10;0;<FLG>
V6155020;V615502001;QmnJ;1;"2020-10-17 00:00:00";16;7832;20;10;0;<FLG>
V6155020;V615502001;QmnJ;1;"2020-10-18 00:00:00";16;7667;20;10;0;<FLG>
V6155020;V615502001;QmnJ;1;"2020-10-19 00:00:00";16;7508;20;10;0;<FLG>
V6155020;V615502001;QmnJ;1;"2020-10-20 00:00:00";16;7389;20;10;0;<FLG>
V6155020;V615502001;QmnJ;1;"2020-10-21 00:00:00";16;7307;20;10;0;<FLG>
V6155020;V615502001;QmnJ;1;"2020-10-22 00:00:00";16;7207;20;10;0;<FLG>
V6155020;V615502001;QmnJ;1;"2020-10-23 00:00:00";16;7266;20;10;0;<FLG>
V6155020;V615502001;QmnJ;1;"2020-10-24 00:00:00";16;9004;20;10;0;<FLG>
V6155020;V615502001;QmnJ;1;"2020-10-25 00:00:00";16;9857;20;10;0;<FLG>
V6155020;V615502001;QmnJ;1;"2020-10-26 00:00:00";16;9852;20;10;0;<FLG>
V6155020;V615502001;QmnJ;1;"2020-10-27 00:00:00";16;10233;20;10;0;<FLG>
V6155020;V615502001;QmnJ;1;"2020-10-28 00:00:00";16;10324;20;10;0;<FLG>
V6155020;V615502001;QmnJ;1;"2020-10-29 00:00:00";16;10051;20;10;0;<FLG>
V6155020;V615502001;QmnJ;1;"2020-10-30 00:00:00";16;9721;20;10;0;<FLG>
V6155020;V615502001;QmnJ;1;"2020-10-31 00:00:00";16;9438;20;10;0;<FLG>
V6155020;V615502001;QmnJ;1;"2020-11-01 00:00:00";16;9128;20;10;0;<FLG>
V6155020;V615502001;QmnJ;1;"2020-11-02 00:00:00";16;8917;20;10;0;<FLG>
V6155020;V615502001;QmnJ;1;"2020-11-03 00:00:00";16;8678;20;10;0;<FLG>
V6155020;V615502001;QmnJ;1;"2020-11-04 00:00:00";16;8436;20;10;0;<FLG>
V6155020;V615502001;QmnJ;1;"2020-11-05 00:00:00";16;8233;20;10;0;<FLG>
V6155020;V615502001;QmnJ;1;"2020-11-06 00:00:00";16;7975;20;10;0;<FLG>
V6155020;V615502001;QmnJ;1;"2020-11-07 00:00:00";16;7812;20;10;0;<FLG>
V6155020;V615502001;QmnJ;1;"2020-11-08 00:00:00";16;7894;20;10;0;<FLG>
V6155020;V615502001;QmnJ;1;"2020-11-09 00:00:00";16;8981;20;10;0;<FLG>
V6155020;V615502001;QmnJ;1;"2020-11-10 00:00:00";16;9416;20;10;0;<FLG>
V6155020;V615502001;QmnJ;1;"2020-11-11 00:00:00";16;9292;20;10;0;<FLG>
V6155020;V615502001;QmnJ;1;"2020-11-12 00:00:00";16;9121;20;10;0;<FLG>
V6155020;V615502001;QmnJ;1;"2020-11-13 00:00:00";16;8912;20;10;0;<FLG>
V6155020;V615502001;QmnJ;1;"2020-11-14 00:00:00";16;8737;20;10;0;<FLG>
V6155020;V615502001;QmnJ;1;"2020-11-15 00:00:00";16;8597;20;10;0;<FLG>
V6155020;V615502001;QmnJ;1;"2020-11-16 00:00:00";16;8499;20;10;0;<FLG>
V6155020;V615502001;QmnJ;1;"2020-11-17 00:00:00";16;8627;20;10;0;<FLG>
V6155020;V615502001;QmnJ;1;"2020-11-18 00:00:00";16;8769;20;10;0;<FLG>
V6155020;V615502001;QmnJ;1;"2020-11-19 00:00:00";16;8797;20;10;0;<FLG>
V6155020;V615502001;QmnJ;1;"2020-11-20 00:00:00";16;8722;20;10;0;<FLG>
V6155020;V615502001;QmnJ;1;"2020-11-21 00:00:00";16;8612;20;10;0;<FLG>
V6155020;V615502001;QmnJ;1;"2020-11-22 00:00:00";16;8474;20;10;0;<FLG>
V6155020;V615502001;QmnJ;1;"2020-11-23 00:00:00";16;8334;20;10;0;<FLG>
V6155020;V615502001;QmnJ;1;"2020-11-24 00:00:00";16;8193;20;10;0;<FLG>
V6155020;V615502001;QmnJ;1;"2020-11-25 00:00:00";16;8052;20;10;0;<FLG>
V6155020;V615502001;QmnJ;1;"2020-11-26 00:00:00";16;7922;20;10;0;<FLG>
V6155020;V615502001;QmnJ;1;"2020-11-27 00:00:00";16;7719;20;10;0;<FLG>
V6155020;V615502001;QmnJ;1;"2020-11-28 00:00:00";16;7553;20;10;0;<FLG>
V6155020;V615502001;QmnJ;1;"2020-11-29 00:00:00";16;7464;20;10;0;<FLG>
V6155020;V615502001;QmnJ;1;"2020-11-30 00:00:00";16;7373;20;10;0;<FLG>
V6155020;V615502001;QmnJ;1;"2020-12-01 00:00:00";16;7303;20;10;0;<FLG>
V6155020;V615502001;QmnJ;1;"2020-12-02 00:00:00";16;7265;20;10;0;<FLG>
V6155020;V615502001;QmnJ;1;"2020-12-03 00:00:00";16;7230;20;10;0;<FLG>
V6155020;V615502001;QmnJ;1;"2020-12-04 00:00:00";16;7210;20;10;0;<FLG>
V6155020;V615502001;QmnJ;1;"2020-12-05 00:00:00";16;7198;20;10;0;<FLG>
V6155020;V615502001;QmnJ;1;"2020-12-06 00:00:00";16;7217;20;10;0;<FLG>
V6155020;V615502001;QmnJ;1;"2020-12-07 00:00:00";16;7167;20;10;0;<FLG>
V6155020;V615502001;QmnJ;1;"2020-12-08 00:00:00";16;7145;20;10;0;<FLG>
V6155020;V615502001;QmnJ;1;"2020-12-09 00:00:00";16;7075;20;10;0;<FLG>
V6155020;V615502001;QmnJ;1;"2020-12-10 00:00:00";16;7044;20;10;0;<FLG>
V6155020;V615502001;QmnJ;1;"2020-12-11 00:00:00";16;7000;20;10;0;<FLG>
V6155020;V615502001;QmnJ;1;"2020-12-12 00:00:00";16;7206;20;10;0;<FLG>
V6155020;V615502001;QmnJ;1;"2020-12-13 00:00:00";16;8194;20;10;0;<FLG>
V6155020;V615502001;QmnJ;1;"2020-12-14 00:00:00";16;8772;20;10;0;<FLG>
V6155020;V615502001;QmnJ;1;"2020-12-15 00:00:00";16;8900;20;10;0;<FLG>
V6155020;V615502001;QmnJ;1;"2020-12-16 00:00:00";16;9732;20;10;0;<FLG>
V6155020;V615502001;QmnJ;1;"2020-12-17 00:00:00";16;11443;20;10;0;<FLG>
V6155020;V615502001;QmnJ;1;"2020-12-18 00:00:00";16;12075;20;10;0;<FLG>
V6155020;V615502001;QmnJ;1;"2020-12-19 00:00:00";16;12233;20;10;0;<FLG>
V6155020;V615502001;QmnJ;1;"2020-12-20 00:00:00";16;12193;20;10;0;<FLG>
V6155020;V615502001;QmnJ;1;"2020-12-21 00:00:00";16;12794;20;10;0;<FLG>
V6155020;V615502001;QmnJ;1;"2020-12-22 00:00:00";16;13839;20;10;0;<FLG>
V6155020;V615502001;QmnJ;1;"2020-12-23 00:00:00";16;13934;20;10;0;<FLG>
V6155020;V615502001;QmnJ;1;"2020-12-24 00:00:00";16;13558;20;10;0;<FLG>
V6155020;V615502001;QmnJ;1;"2020-12-25 00:00:00";16;13405;20;10;0;<FLG>
V6155020;V615502001;QmnJ;1;"2020-12-26 00:00:00";16;13278;20;10;0;<FLG>
V6155020;V615502001;QmnJ;1;"2020-12-27 00:00:00";16;13024;20;10;0;<FLG>
V6155020;V615502001;QmnJ;1;"2020-12-28 00:00:00";16;12750;20;10;0;<FLG>
V6155020;V615502001;QmnJ;1;"2020-12-29 00:00:00";16;12467;20;10;0;<FLG>
V6155020;V615502001;QmnJ;1;"2020-12-30 00:00:00";16;12106;20;10;0;<FLG>
V6155020;V615502001;QmnJ;1;"2020-12-31 00:00:00";16;11830;20;10;0;<FLG>
V6155020;V615502001;QmnJ;1;"2021-01-01 00:00:00";16;11717;20;10;0;<FLG>
V6155020;V615502001;QmnJ;1;"2021-01-02 00:00:00";16;11898;20;10;0;<FLG>
V6155020;V615502001;QmnJ;1;"2021-01-03 00:00:00";16;12050;20;10;0;<FLG>
V6155020;V615502001;QmnJ;1;"2021-01-04 00:00:00";16;11933;20;10;0;<FLG>
V6155020;V615502001;QmnJ;1;"2021-01-05 00:00:00";16;11695;20;10;0;<FLG>
V6155020;V615502001;QmnJ;1;"2021-01-06 00:00:00";16;11437;20;10;0;<FLG>
V6155020;V615502001;QmnJ;1;"2021-01-07 00:00:00";16;11179;20;10;0;<FLG>
V6155020;V615502001;QmnJ;1;"2021-01-08 00:00:00";16;10921;20;10;0;<FLG>
V6155020;V615502001;QmnJ;1;"2021-01-09 00:00:00";16;10663;20;10;0;<FLG>
V6155020;V615502001;QmnJ;1;"2021-01-10 00:00:00";16;10412;20;10;0;<FLG>
V6155020;V615502001;QmnJ;1;"2021-01-11 00:00:00";16;10206;20;10;0;<FLG>
V6155020;V615502001;QmnJ;1;"2021-01-12 00:00:00";16;10007;20;10;0;<FLG>
V6155020;V615502001;QmnJ;1;"2021-01-13 00:00:00";16;9809;20;10;0;<FLG>
V6155020;V615502001;QmnJ;1;"2021-01-14 00:00:00";16;9766;20;10;0;<FLG>
V6155020;V615502001;QmnJ;1;"2021-01-15 00:00:00";16;9992;20;10;0;<FLG>
V6155020;V615502001;QmnJ;1;"2021-01-16 00:00:00";16;10220;20;10;0;<FLG>
V6155020;V615502001;QmnJ;1;"2021-01-17 00:00:00";16;10326;20;10;0;<FLG>
V6155020;V615502001;QmnJ;1;"2021-01-18 00:00:00";16;10297;20;10;0;<FLG>
V6155020;V615502001;QmnJ;1;"2021-01-19 00:00:00";16;10214;20;10;0;<FLG>
V6155020;V615502001;QmnJ;1;"2021-01-20 00:00:00";16;10081;20;10;0;<FLG>
V6155020;V615502001;QmnJ;1;"2021-01-21 00:00:00";16;10307;20;10;0;<FLG>
V6155020;V615502001;QmnJ;1;"2021-01-22 00:00:00";16;12378;20;10;0;<FLG>
V6155020;V615502001;QmnJ;1;"2021-01-23 00:00:00";16;15569;20;10;0;<FLG>
V6155020;V615502001;QmnJ;1;"2021-01-24 00:00:00";16;18240;20;10;0;<FLG>
V6155020;V615502001;QmnJ;1;"2021-01-25 00:00:00";16;18620;20;10;0;<FLG>
V6155020;V615502001;QmnJ;1;"2021-01-26 00:00:00";16;18392;20;10;0;<FLG>
V6155020;V615502001;QmnJ;1;"2021-01-27 00:00:00";16;17895;20;10;0;<FLG>
V6155020;V615502001;QmnJ;1;"2021-01-28 00:00:00";16;17244;20;10;0;<FLG>
V6155020;V615502001;QmnJ;1;"2021-01-29 00:00:00";16;16882;20;10;0;<FLG>
V6155020;V615502001;QmnJ;1;"2021-01-30 00:00:00";16;17056;20;10;0;<FLG>
V6155020;V615502001;QmnJ;1;"2021-01-31 00:00:00";16;17375;20;10;0;<FLG>
V6155020;V615502001;QmnJ;1;"2021-02-01 00:00:00";16;17805;20;10;0;<FLG>
V6155020;V615502001;QmnJ;1;"2021-02-02 00:00:00";16;18484;20;10;0;<FLG>
V6155020;V615502001;QmnJ;1;"2021-02-03 00:00:00";16;19182;20;10;0;<FLG>
V6155020;V615502001;QmnJ;1;"2021-02-04 00:00:00";16;19435;20;10;0;<FLG>
V6155020;V615502001;QmnJ;1;"2021-02-05 00:00:00";16;19363;20;10;0;<FLG>
V6155020;V615502001;QmnJ;1;"2021-02-06 00:00:00";16;19057;20;10;0;<FLG>
V6155020;V615502001;QmnJ;1;"2021-02-07 00:00:00";16;18748;20;10;0;<FLG>
V6155020;V615502001;QmnJ;1;"2021-02-08 00:00:00";16;18742;20;10;0;<FLG>
V6155020;V615502001;QmnJ;1;"2021-02-09 00:00:00";16;18872;20;10;0;<FLG>
V6155020;V615502001;QmnJ;1;"2021-02-10 00:00:00";16;18983;20;10;0;<FLG>
V6155020;V615502001;QmnJ;1;"2021-02-11 00:00:00";16;19593;20;10;0;<FLG>
V6155020;V615502001;QmnJ;1;"2021-02-12 00:00:00";16;20082;20;10;0;<FLG>
V6155020;V615502001;QmnJ;1;"2021-02-13 00:00:00";16;20135;20;10;0;<FLG>
V6155020;V615502001;QmnJ;1;"2021-02-14 00:00:00";16;19868;20;10;0;<FLG>
V6155020;V615502001;QmnJ;1;"2021-02-15 00:00:00";16;19493;20;10;0;<FLG>
V6155020;V615502001;QmnJ;1;"2021-02-16 00:00:00";16;19054;20;10;0;<FLG>
V6155020;V615502001;QmnJ;1;"2021-02-17 00:00:00";16;18710;20;10;0;<FLG>
V6155020;V615502001;QmnJ;1;"2021-02-18 00:00:00";16;18447;20;10;0;<FLG>
V6155020;V615502001;QmnJ;1;"2021-02-19 00:00:00";16;18132;20;10;0;<FLG>
V6155020;V615502001;QmnJ;1;"2021-02-20 00:00:00";16;17762;20;10;0;<FLG>
V6155020;V615502001;QmnJ;1;"2021-02-21 00:00:00";16;17393;20;10;0;<FLG>
V6155020;V615502001;QmnJ;1;"2021-02-22 00:00:00";16;17023;20;10;0;<FLG>
V6155020;V615502001;QmnJ;1;"2021-02-23 00:00:00";16;16666;20;10;0;<FLG>
V6155020;V615502001;QmnJ;1;"2021-02-24 00:00:00";16;16426;20;10;0;<FLG>
V6155020;V615502001;QmnJ;1;"2021-02-25 00:00:00";16;16217;20;10;0;<FLG>
V6155020;V615502001;QmnJ;1;"2021-02-26 00:00:00";16;16009;20;10;0;<FLG>
V6155020;V615502001;QmnJ;1;"2021-02-27 00:00:00";16;15800;20;10;0;<FLG>
V6155020;V615502001;QmnJ;1;"2021-02-28 00:00:00";16;15549;20;10;0;<FLG>
V6155020;V615502001;QmnJ;1;"2021-03-01 00:00:00";16;15240;20;10;0;<FLG>
V6155020;V615502001;QmnJ;1;"2021-03-02 00:00:00";16;14931;20;10;0;<FLG>
V6155020;V615502001;QmnJ;1;"2021-03-03 00:00:00";16;14622;20;10;0;<FLG>
V6155020;V615502001;QmnJ;1;"2021-03-04 00:00:00";16;14313;20;10;0;<FLG>
V6155020;V615502001;QmnJ;1;"2021-03-05 00:00:00";16;14049;20;10;0;<FLG>
V6155020;V615502001;QmnJ;1;"2021-03-06 00:00:00";16;13824;20;10;0;<FLG>
V6155020;V615502001;QmnJ;1;"2021-03-07 00:00:00";16;13599;20;10;0;<FLG>
V6155020;V615502001;QmnJ;1;"2021-03-08 00:00:00";16;13391;20;10;0;<FLG>
V6155020;V615502001;QmnJ;1;"2021-03-09 00:00:00";16;13271;20;10;0;<FLG>
V6155020;V615502001;QmnJ;1;"2021-03-10 00:00:00";16;13061;20;10;0;<FLG>
V6155020;V615502001;QmnJ;1;"2021-03-11 00:00:00";16;12768;20;10;0;<FLG>
V6155020;V615502001;QmnJ;1;"2021-03-12 00:00:00";16;12517;20;10;0;<FLG>
V6155020;V615502001;QmnJ;1;"2021-03-13 00:00:00";16;12302;20;10;0;<FLG>
V6155020;V615502001;QmnJ;1;"2021-03-14 00:00:00";16;12088;20;10;0;<FLG>
V6155020;V615502001;QmnJ;1;"2021-03-15 00:00:00";16;11873;20;10;0;<FLG>
V6155020;V615502001;QmnJ;1;"2021-03-16 00:00:00";16;11660;20;10;0;<FLG>
V6155020;V615502001;QmnJ;1;"2021-03-17 00:00:00";16;11483;20;10;0;<FLG>
V6155020;V615502001;QmnJ;1;"2021-03-18 00:00:00";16;11320;20;10;0;<FLG>
V6155020;V615502001;QmnJ;1;"2021-03-19 00:00:00";16;11157;20;10;0;<FLG>
V6155020;V615502001;QmnJ;1;"2021-03-20 00:00:00";16;10994;20;10;0;<FLG>
V6155020;V615502001;QmnJ;1;"2021-03-21 00:00:00";16;10801;20;10;0;<FLG>
V6155020;V615502001;QmnJ;1;"2021-03-22 00:00:00";16;10625;20;10;0;<FLG>
V6155020;V615502001;QmnJ;1;"2021-03-23 00:00:00";16;10423;20;10;0;<FLG>
V6155020;V615502001;QmnJ;1;"2021-03-24 00:00:00";16;10197;20;10;0;<FLG>
V6155020;V615502001;QmnJ;1;"2021-03-25 00:00:00";16;10047;20;10;0;<FLG>
V6155020;V615502001;QmnJ;1;"2021-03-26 00:00:00";16;9941;20;10;0;<FLG>
V6155020;V615502001;QmnJ;1;"2021-03-27 00:00:00";16;9834;20;10;0;<FLG>
V6155020;V615502001;QmnJ;1;"2021-03-28 00:00:00";16;9703;20;10;0;<FLG>
V6155020;V615502001;QmnJ;1;"2021-03-29 00:00:00";16;9528;20;10;0;<FLG>
V6155020;V615502001;QmnJ;1;"2021-03-30 00:00:00";16;9447;20;10;0;<FLG>
V6155020;V615502001;QmnJ;1;"2021-03-31 00:00:00";16;9374;20;10;0;<FLG>
V6155020;V615502001;QmnJ;1;"2021-04-01 00:00:00";16;9300;20;10;0;<FLG>
V6155020;V615502001;QmnJ;1;"2021-04-02 00:00:00";16;9226;20;10;0;<FLG>
V6155020;V615502001;QmnJ;1;"2021-04-03 00:00:00";16;9152;20;10;0;<FLG>
V6155020;V615502001;QmnJ;1;"2021-04-04 00:00:00";16;9078;20;10;0;<FLG>
V6155020;V615502001;QmnJ;1;"2021-04-05 00:00:00";16;9005;20;10;0;<FLG>
V6155020;V615502001;QmnJ;1;"2021-04-06 00:00:00";16;8931;20;10;0;<FLG>
V6155020;V615502001;QmnJ;1;"2021-04-07 00:00:00";16;8821;20;10;0;<FLG>
V6155020;V615502001;QmnJ;1;"2021-04-08 00:00:00";16;8653;20;10;0;<FLG>
V6155020;V615502001;QmnJ;1;"2021-04-09 00:00:00";16;8498;20;10;0;<FLG>
V6155020;V615502001;QmnJ;1;"2021-04-10 00:00:00";16;8415;20;10;0;<FLG>
V6155020;V615502001;QmnJ;1;"2021-04-11 00:00:00";16;8362;20;10;0;<FLG>
V6155020;V615502001;QmnJ;1;"2021-04-12 00:00:00";16;8764;20;10;0;<FLG>
V6155020;V615502001;QmnJ;1;"2021-04-13 00:00:00";16;10039;20;10;0;<FLG>
V6155020;V615502001;QmnJ;1;"2021-04-14 00:00:00";16;10416;20;10;0;<FLG>
V6155020;V615502001;QmnJ;1;"2021-04-15 00:00:00";16;10445;20;10;0;<FLG>
V6155020;V615502001;QmnJ;1;"2021-04-16 00:00:00";16;10383;20;10;0;<FLG>
V6155020;V615502001;QmnJ;1;"2021-04-17 00:00:00";16;10256;20;10;0;<FLG>
V6155020;V615502001;QmnJ;1;"2021-04-18 00:00:00";16;10189;20;10;0;<FLG>
V6155020;V615502001;QmnJ;1;"2021-04-19 00:00:00";16;10125;20;10;0;<FLG>
V6155020;V615502001;QmnJ;1;"2021-04-20 00:00:00";16;10104;20;10;0;<FLG>
V6155020;V615502001;QmnJ;1;"2021-04-21 00:00:00";16;10101;20;10;0;<FLG>
V6155020;V615502001;QmnJ;1;"2021-04-22 00:00:00";16;10099;20;10;0;<FLG>
V6155020;V615502001;QmnJ;1;"2021-04-23 00:00:00";16;10076;20;10;0;<FLG>
V6155020;V615502001;QmnJ;1;"2021-04-24 00:00:00";16;9988;20;10;0;<FLG>
V6155020;V615502001;QmnJ;1;"2021-04-25 00:00:00";16;9894;20;10;0;<FLG>
V6155020;V615502001;QmnJ;1;"2021-04-26 00:00:00";16;9800;20;10;0;<FLG>
V6155020;V615502001;QmnJ;1;"2021-04-27 00:00:00";16;9706;20;10;0;<FLG>
V6155020;V615502001;QmnJ;1;"2021-04-28 00:00:00";16;9638;20;10;0;<FLG>
V6155020;V615502001;QmnJ;1;"2021-04-29 00:00:00";16;10439;20;10;0;<FLG>
V6155020;V615502001;QmnJ;1;"2021-04-30 00:00:00";16;14752;20;10;0;<FLG>
V6155020;V615502001;QmnJ;1;"2021-05-01 00:00:00";16;17687;20;10;0;<FLG>
V6155020;V615502001;QmnJ;1;"2021-05-02 00:00:00";16;27048;20;10;0;<FLG>
V6155020;V615502001;QmnJ;1;"2021-05-03 00:00:00";16;34157;20;10;0;<FLG>
V6155020;V615502001;QmnJ;1;"2021-05-04 00:00:00";16;33197;20;10;0;<FLG>
V6155020;V615502001;QmnJ;1;"2021-05-05 00:00:00";16;30977;20;10;0;<FLG>
V6155020;V615502001;QmnJ;1;"2021-05-06 00:00:00";16;28767;20;10;0;<FLG>
V6155020;V615502001;QmnJ;1;"2021-05-07 00:00:00";16;25940;20;10;0;<FLG>
V6155020;V615502001;QmnJ;1;"2021-05-08 00:00:00";16;22780;20;10;0;<FLG>
V6155020;V615502001;QmnJ;1;"2021-05-09 00:00:00";16;20795;20;10;0;<FLG>
V6155020;V615502001;QmnJ;1;"2021-05-10 00:00:00";16;19933;20;10;0;<FLG>
V6155020;V615502001;QmnJ;1;"2021-05-11 00:00:00";16;25793;20;10;0;<FLG>
V6155020;V615502001;QmnJ;1;"2021-05-12 00:00:00";16;38739;20;10;0;<FLG>
V6155020;V615502001;QmnJ;1;"2021-05-13 00:00:00";16;41368;20;10;0;<FLG>
V6155020;V615502001;QmnJ;1;"2021-05-14 00:00:00";16;40270;20;10;0;<FLG>
V6155020;V615502001;QmnJ;1;"2021-05-15 00:00:00";16;38147;20;10;0;<FLG>
V6155020;V615502001;QmnJ;1;"2021-05-16 00:00:00";16;35563;20;10;0;<FLG>
V6155020;V615502001;QmnJ;1;"2021-05-17 00:00:00";16;33607;20;10;0;<FLG>
V6155020;V615502001;QmnJ;1;"2021-05-18 00:00:00";16;31898;20;10;0;<FLG>
V6155020;V615502001;QmnJ;1;"2021-05-19 00:00:00";16;30262;20;10;0;<FLG>
V6155020;V615502001;QmnJ;1;"2021-05-20 00:00:00";16;28070;20;10;0;<FLG>
V6155020;V615502001;QmnJ;1;"2021-05-21 00:00:00";16;25689;20;10;0;<FLG>
V6155020;V615502001;QmnJ;1;"2021-05-22 00:00:00";16;24023;20;10;0;<FLG>
V6155020;V615502001;QmnJ;1;"2021-05-23 00:00:00";16;22841;20;10;0;<FLG>
V6155020;V615502001;QmnJ;1;"2021-05-24 00:00:00";16;21778;20;10;0;<FLG>
V6155020;V615502001;QmnJ;1;"2021-05-25 00:00:00";16;21016;20;10;0;<FLG>
V6155020;V615502001;QmnJ;1;"2021-05-26 00:00:00";16;20324;20;10;0;<FLG>
V6155020;V615502001;QmnJ;1;"2021-05-27 00:00:00";16;19894;20;10;0;<FLG>
V6155020;V615502001;QmnJ;1;"2021-05-28 00:00:00";16;19563;20;10;0;<FLG>
V6155020;V615502001;QmnJ;1;"2021-05-29 00:00:00";16;19232;20;10;0;<FLG>
V6155020;V615502001;QmnJ;1;"2021-05-30 00:00:00";16;18920;20;10;0;<FLG>
V6155020;V615502001;QmnJ;1;"2021-05-31 00:00:00";16;18621;20;10;0;<FLG>
V6155020;V615502001;QmnJ;1;"2021-06-01 00:00:00";16;18321;20;10;0;<FLG>
V6155020;V615502001;QmnJ;1;"2021-06-02 00:00:00";16;17989;20;10;0;<FLG>
V6155020;V615502001;QmnJ;1;"2021-06-03 00:00:00";16;17614;20;10;0;<FLG>
V6155020;V615502001;QmnJ;1;"2021-06-04 00:00:00";16;17238;20;10;0;<FLG>
V6155020;V615502001;QmnJ;1;"2021-06-05 00:00:00";16;16930;20;10;0;<FLG>
V6155020;V615502001;QmnJ;1;"2021-06-06 00:00:00";16;16673;20;10;0;<FLG>
V6155020;V615502001;QmnJ;1;"2021-06-07 00:00:00";16;16371;20;10;0;<FLG>
V6155020;V615502001;QmnJ;1;"2021-06-08 00:00:00";16;16011;20;10;0;<FLG>
V6155020;V615502001;QmnJ;1;"2021-06-09 00:00:00";16;15661;20;10;0;<FLG>
V6155020;V615502001;QmnJ;1;"2021-06-10 00:00:00";16;15426;20;10;0;<FLG>
V6155020;V615502001;QmnJ;1;"2021-06-11 00:00:00";16;15267;20;10;0;<FLG>
V6155020;V615502001;QmnJ;1;"2021-06-12 00:00:00";16;14994;20;10;0;<FLG>
V6155020;V615502001;QmnJ;1;"2021-06-13 00:00:00";16;14728;20;10;0;<FLG>
V6155020;V615502001;QmnJ;1;"2021-06-14 00:00:00";16;14414;20;10;0;<FLG>
V6155020;V615502001;QmnJ;1;"2021-06-15 00:00:00";16;14151;20;10;0;<FLG>
V6155020;V615502001;QmnJ;1;"2021-06-16 00:00:00";16;13855;20;10;0;<FLG>
V6155020;V615502001;QmnJ;1;"2021-06-17 00:00:00";16;13806;20;10;0;<FLG>
V6155020;V615502001;QmnJ;1;"2021-06-18 00:00:00";16;13674;20;10;0;<FLG>
V6155020;V615502001;QmnJ;1;"2021-06-19 00:00:00";16;13401;20;10;0;<FLG>
V6155020;V615502001;QmnJ;1;"2021-06-20 00:00:00";16;13233;20;10;0;<FLG>
V6155020;V615502001;QmnJ;1;"2021-06-21 00:00:00";16;12985;20;10;0;<FLG>
V6155020;V615502001;QmnJ;1;"2021-06-22 00:00:00";16;12725;20;10;0;<FLG>
V6155020;V615502001;QmnJ;1;"2021-06-23 00:00:00";16;12508;20;10;0;<FLG>
V6155020;V615502001;QmnJ;1;"2021-06-24 00:00:00";16;12314;20;10;0;<FLG>
V6155020;V615502001;QmnJ;1;"2021-06-25 00:00:00";16;12022;20;10;0;<FLG>
V6155020;V615502001;QmnJ;1;"2021-06-26 00:00:00";16;11860;20;10;0;<FLG>
V6155020;V615502001;QmnJ;1;"2021-06-27 00:00:00";16;11713;20;10;0;<FLG>
V6155020;V615502001;QmnJ;1;"2021-06-28 00:00:00";16;11505;20;10;0;<FLG>
V6155020;V615502001;QmnJ;1;"2021-06-29 00:00:00";16;11367;20;10;0;<FLG>
V6155020;V615502001;QmnJ;1;"2021-06-30 00:00:00";16;11120;20;10;0;<FLG>
V6155020;V615502001;QmnJ;1;"2021-07-01 00:00:00";16;10905;20;10;0;<FLG>
V6155020;V615502001;QmnJ;1;"2021-07-02 00:00:00";16;10656;20;10;0;<FLG>
V6155020;V615502001;QmnJ;1;"2021-07-03 00:00:00";16;10496;20;10;0;<FLG>
V6155020;V615502001;QmnJ;1;"2021-07-04 00:00:00";16;10346;20;10;0;<FLG>
V6155020;V615502001;QmnJ;1;"2021-07-05 00:00:00";16;10207;20;10;0;<FLG>
V6155020;V615502001;QmnJ;1;"2021-07-06 00:00:00";16;10073;20;10;0;<FLG>
V6155020;V615502001;QmnJ;1;"2021-07-07 00:00:00";16;9941;20;10;0;<FLG>
V6155020;V615502001;QmnJ;1;"2021-07-08 00:00:00";16;9776;20;10;0;<FLG>
V6155020;V615502001;QmnJ;1;"2021-07-09 00:00:00";16;9646;20;10;0;<FLG>
V6155020;V615502001;QmnJ;1;"2021-07-10 00:00:00";16;9539;20;10;0;<FLG>
V6155020;V615502001;QmnJ;1;"2021-07-11 00:00:00";16;9399;20;10;0;<FLG>
V6155020;V615502001;QmnJ;1;"2021-07-12 00:00:00";16;9309;20;10;0;<FLG>
V6155020;V615502001;QmnJ;1;"2021-07-13 00:00:00";16;9185;20;10;0;<FLG>
V6155020;V615502001;QmnJ;1;"2021-07-14 00:00:00";16;9103;20;10;0;<FLG>
V6155020;V615502001;QmnJ;1;"2021-07-15 00:00:00";16;8981;20;10;0;<FLG>
V6155020;V615502001;QmnJ;1;"2021-07-16 00:00:00";16;8842;20;10;0;<FLG>
V6155020;V615502001;QmnJ;1;"2021-07-17 00:00:00";16;8716;20;10;0;<FLG>
V6155020;V615502001;QmnJ;1;"2021-07-18 00:00:00";16;8594;20;10;0;<FLG>
V6155020;V615502001;QmnJ;1;"2021-07-19 00:00:00";16;8501;20;10;0;<FLG>
V6155020;V615502001;QmnJ;1;"2021-07-20 00:00:00";16;8427;20;10;0;<FLG>
V6155020;V615502001;QmnJ;1;"2021-07-21 00:00:00";16;8318;20;10;0;<FLG>
V6155020;V615502001;QmnJ;1;"2021-07-22 00:00:00";16;8166;20;10;0;<FLG>
V6155020;V615502001;QmnJ;1;"2021-07-23 00:00:00";16;8121;20;10;0;<FLG>
V6155020;V615502001;QmnJ;1;"2021-07-24 00:00:00";16;8007;20;10;0;<FLG>
V6155020;V615502001;QmnJ;1;"2021-07-25 00:00:00";16;7973;20;10;0;<FLG>
V6155020;V615502001;QmnJ;1;"2021-07-26 00:00:00";16;7917;20;10;0;<FLG>
V6155020;V615502001;QmnJ;1;"2021-07-27 00:00:00";16;7858;20;10;0;<FLG>
V6155020;V615502001;QmnJ;1;"2021-07-28 00:00:00";16;7786;20;10;0;<FLG>
V6155020;V615502001;QmnJ;1;"2021-07-29 00:00:00";16;7715;20;10;0;<FLG>
V6155020;V615502001;QmnJ;1;"2021-07-30 00:00:00";16;7638;20;10;0;<FLG>
V6155020;V615502001;QmnJ;1;"2021-07-31 00:00:00";16;7613;20;10;0;<FLG>
V6155020;V615502001;QmnJ;1;"2021-08-01 00:00:00";16;7590;20;10;0;<FLG>
V6155020;V615502001;QmnJ;1;"2021-08-02 00:00:00";16;7550;20;10;0;<FLG>
V6155020;V615502001;QmnJ;1;"2021-08-03 00:00:00";16;7479;20;10;0;<FLG>
V6155020;V615502001;QmnJ;1;"2021-08-04 00:00:00";16;7451;20;10;0;<FLG>
V6155020;V615502001;QmnJ;1;"2021-08-05 00:00:00";16;7451;20;10;0;<FLG>
V6155020;V615502001;QmnJ;1;"2021-08-06 00:00:00";16;7357;20;10;0;<FLG>
V6155020;V615502001;QmnJ;1;"2021-08-07 00:00:00";16;7266;20;10;0;<FLG>
V6155020;V615502001;QmnJ;1;"2021-08-08 00:00:00";16;7186;20;10;0;<FLG>
V6155020;V615502001;QmnJ;1;"2021-08-09 00:00:00";16;7102;20;10;0;<FLG>
V6155020;V615502001;QmnJ;1;"2021-08-10 00:00:00";16;7076;20;10;0;<FLG>
V6155020;V615502001;QmnJ;1;"2021-08-11 00:00:00";16;7019;20;10;0;<FLG>
V6155020;V615502001;QmnJ;1;"2021-08-12 00:00:00";16;6947;20;10;0;<FLG>
V6155020;V615502001;QmnJ;1;"2021-08-13 00:00:00";16;6837;20;10;0;<FLG>
V6155020;V615502001;QmnJ;1;"2021-08-14 00:00:00";16;6737;20;10;0;<FLG>
V6155020;V615502001;QmnJ;1;"2021-08-15 00:00:00";16;6729;20;10;0;<FLG>
V6155020;V615502001;QmnJ;1;"2021-08-16 00:00:00";16;6708;20;10;0;<FLG>
V6155020;V615502001;QmnJ;1;"2021-08-17 00:00:00";16;6657;20;10;0;<FLG>
V6155020;V615502001;QmnJ;1;"2021-08-18 00:00:00";16;6667;20;10;0;<FLG>
V6155020;V615502001;QmnJ;1;"2021-08-19 00:00:00";16;6615;20;10;0;<FLG>
V6155020;V615502001;QmnJ;1;"2021-08-20 00:00:00";16;6563;20;10;0;<FLG>
V6155020;V615502001;QmnJ;1;"2021-08-21 00:00:00";16;6463;20;10;0;<FLG>
V6155020;V615502001;QmnJ;1;"2021-08-22 00:00:00";16;6390;20;10;0;<FLG>
V6155020;V615502001;QmnJ;1;"2021-08-23 00:00:00";16;6330;20;10;0;<FLG>
V6155020;V615502001;QmnJ;1;"2021-08-24 00:00:00";16;6289;20;10;0;<FLG>
V6155020;V615502001;QmnJ;1;"2021-08-25 00:00:00";16;6305;20;10;0;<FLG>
V6155020;V615502001;QmnJ;1;"2021-08-26 00:00:00";16;6230;20;10;0;<FLG>
V6155020;V615502001;QmnJ;1;"2021-08-27 00:00:00";16;6170;20;10;0;<FLG>
V6155020;V615502001;QmnJ;1;"2021-08-28 00:00:00";16;6063;20;10;0;<FLG>
V6155020;V615502001;QmnJ;1;"2021-08-29 00:00:00";16;6004;20;10;0;<FLG>
V6155020;V615502001;QmnJ;1;"2021-08-30 00:00:00";16;5960;20;10;0;<FLG>
V6155020;V615502001;QmnJ;1;"2021-08-31 00:00:00";16;5924;20;10;0;<FLG>
V6155020;V615502001;QmnJ;1;"2021-09-01 00:00:00";16;5892;20;10;0;<FLG>
V6155020;V615502001;QmnJ;1;"2021-09-02 00:00:00";16;5828;20;10;0;<FLG>
V6155020;V615502001;QmnJ;1;"2021-09-03 00:00:00";16;5831;20;10;0;<FLG>
V6155020;V615502001;QmnJ;1;"2021-09-04 00:00:00";16;5844;20;10;0;<FLG>
V6155020;V615502001;QmnJ;1;"2021-09-05 00:00:00";16;5817;20;10;0;<FLG>
V6155020;V615502001;QmnJ;1;"2021-09-06 00:00:00";16;5755;20;10;0;<FLG>
V6155020;V615502001;QmnJ;1;"2021-09-07 00:00:00";16;5721;20;10;0;<FLG>
V6155020;V615502001;QmnJ;1;"2021-09-08 00:00:00";16;5732;20;10;0;<FLG>
V6155020;V615502001;QmnJ;1;"2021-09-09 00:00:00";16;5715;20;10;0;<FLG>
V6155020;V615502001;QmnJ;1;"2021-09-10 00:00:00";16;5699;20;10;0;<FLG>
V6155020;V615502001;QmnJ;1;"2021-09-11 00:00:00";16;5683;20;10;0;<FLG>
V6155020;V615502001;QmnJ;1;"2021-09-12 00:00:00";16;5666;20;10;0;<FLG>
V6155020;V615502001;QmnJ;1;"2021-09-13 00:00:00";16;5650;20;10;0;<FLG>
V6155020;V615502001;QmnJ;1;"2021-09-14 00:00:00";16;5634;20;10;0;<FLG>
V6155020;V615502001;QmnJ;1;"2021-09-15 00:00:00";16;5674;20;10;0;<FLG>
V6155020;V615502001;QmnJ;1;"2021-09-16 00:00:00";16;6152;20;10;0;<FLG>
V6155020;V615502001;QmnJ;1;"2021-09-17 00:00:00";16;6362;20;10;0;<FLG>
V6155020;V615502001;QmnJ;1;"2021-09-18 00:00:00";16;6339;20;10;0;<FLG>
V6155020;V615502001;QmnJ;1;"2021-09-19 00:00:00";16;6191;20;10;0;<FLG>
V6155020;V615502001;QmnJ;1;"2021-09-20 00:00:00";16;6061;20;10;0;<FLG>
V6155020;V615502001;QmnJ;1;"2021-09-21 00:00:00";16;6016;20;10;0;<FLG>
V6155020;V615502001;QmnJ;1;"2021-09-22 00:00:00";16;5931;20;10;0;<FLG>
V6155020;V615502001;QmnJ;1;"2021-09-23 00:00:00";16;5838;20;10;0;<FLG>
V6155020;V615502001;QmnJ;1;"2021-09-24 00:00:00";16;5840;20;10;0;<FLG>
V6155020;V615502001;QmnJ;1;"2021-09-25 00:00:00";16;5828;20;10;0;<FLG>
V6155020;V615502001;QmnJ;1;"2021-09-26 00:00:00";16;6074;20;10;0;<FLG>
V6155020;V615502001;QmnJ;1;"2021-09-27 00:00:00";16;7016;20;10;0;<FLG>
V6155020;V615502001;QmnJ;1;"2021-09-28 00:00:00";16;6887;20;10;0;<FLG>
V6155020;V615502001;QmnJ;1;"2021-09-29 00:00:00";16;6674;20;10;0;<FLG>
V6155020;V615502001;QmnJ;1;"2021-09-30 00:00:00";16;6512;20;10;0;<FLG>
V6155020;V615502001;QmnJ;1;"2021-10-01 00:00:00";16;6389;20;10;0;<FLG>
V6155020;V615502001;QmnJ;1;"2021-10-02 00:00:00";16;6212;20;10;0;<FLG>
V6155020;V615502001;QmnJ;1;"2021-10-03 00:00:00";16;6139;20;10;0;<FLG>
V6155020;V615502001;QmnJ;1;"2021-10-04 00:00:00";16;12429;20;10;0;<FLG>
V6155020;V615502001;QmnJ;1;"2021-10-05 00:00:00";16;18895;20;10;0;<FLG>
V6155020;V615502001;QmnJ;1;"2021-10-06 00:00:00";16;18795;20;10;0;<FLG>
V6155020;V615502001;QmnJ;1;"2021-10-07 00:00:00";16;17248;20;10;0;<FLG>
V6155020;V615502001;QmnJ;1;"2021-10-08 00:00:00";16;15667;20;10;0;<FLG>
V6155020;V615502001;QmnJ;1;"2021-10-09 00:00:00";16;14536;20;10;0;<FLG>
V6155020;V615502001;QmnJ;1;"2021-10-10 00:00:00";16;13571;20;10;0;<FLG>
V6155020;V615502001;QmnJ;1;"2021-10-11 00:00:00";16;12783;20;10;0;<FLG>
V6155020;V615502001;QmnJ;1;"2021-10-12 00:00:00";16;12123;20;10;0;<FLG>
V6155020;V615502001;QmnJ;1;"2021-10-13 00:00:00";16;11538;20;10;0;<FLG>
V6155020;V615502001;QmnJ;1;"2021-10-14 00:00:00";16;10953;20;10;0;<FLG>
V6155020;V615502001;QmnJ;1;"2021-10-15 00:00:00";16;10473;20;10;0;<FLG>
V6155020;V615502001;QmnJ;1;"2021-10-16 00:00:00";16;10133;20;10;0;<FLG>
V6155020;V615502001;QmnJ;1;"2021-10-17 00:00:00";16;9811;20;10;0;<FLG>
V6155020;V615502001;QmnJ;1;"2021-10-18 00:00:00";16;9428;20;10;0;<FLG>
V6155020;V615502001;QmnJ;1;"2021-10-19 00:00:00";16;9061;20;10;0;<FLG>
V6155020;V615502001;QmnJ;1;"2021-10-20 00:00:00";16;8868;20;10;0;<FLG>
V6155020;V615502001;QmnJ;1;"2021-10-21 00:00:00";16;8637;20;10;0;<FLG>
V6155020;V615502001;QmnJ;1;"2021-10-22 00:00:00";16;8467;20;10;0;<FLG>
V6155020;V615502001;QmnJ;1;"2021-10-23 00:00:00";16;8202;20;10;0;<FLG>
V6155020;V615502001;QmnJ;1;"2021-10-24 00:00:00";16;7919;20;10;0;<FLG>
V6155020;V615502001;QmnJ;1;"2021-10-25 00:00:00";16;7785;20;10;0;<FLG>
V6155020;V615502001;QmnJ;1;"2021-10-26 00:00:00";16;7708;20;10;0;<FLG>
V6155020;V615502001;QmnJ;1;"2021-10-27 00:00:00";16;7585;20;10;0;<FLG>
V6155020;V615502001;QmnJ;1;"2021-10-28 00:00:00";16;7488;20;10;0;<FLG>
V6155020;V615502001;QmnJ;1;"2021-10-29 00:00:00";16;7406;20;10;0;<FLG>
V6155020;V615502001;QmnJ;1;"2021-10-30 00:00:00";16;7281;20;10;0;<FLG>
V6155020;V615502001;QmnJ;1;"2021-10-31 00:00:00";16;7745;20;10;0;<FLG>
V6155020;V615502001;QmnJ;1;"2021-11-01 00:00:00";16;10229;20;10;0;<FLG>
V6155020;V615502001;QmnJ;1;"2021-11-02 00:00:00";16;15278;20;10;0;<FLG>
V6155020;V615502001;QmnJ;1;"2021-11-03 00:00:00";16;16003;20;10;0;<FLG>
V6155020;V615502001;QmnJ;1;"2021-11-04 00:00:00";16;15545;20;10;0;<FLG>
V6155020;V615502001;QmnJ;1;"2021-11-05 00:00:00";16;14691;20;10;0;<FLG>
V6155020;V615502001;QmnJ;1;"2021-11-06 00:00:00";16;13990;20;10;0;<FLG>
V6155020;V615502001;QmnJ;1;"2021-11-07 00:00:00";16;13330;20;10;0;<FLG>
V6155020;V615502001;QmnJ;1;"2021-11-08 00:00:00";16;12699;20;10;0;<FLG>
V6155020;V615502001;QmnJ;1;"2021-11-09 00:00:00";16;12162;20;10;0;<FLG>
V6155020;V615502001;QmnJ;1;"2021-11-10 00:00:00";16;11669;20;10;0;<FLG>
V6155020;V615502001;QmnJ;1;"2021-11-11 00:00:00";16;11259;20;10;0;<FLG>
V6155020;V615502001;QmnJ;1;"2021-11-12 00:00:00";16;10853;20;10;0;<FLG>
V6155020;V615502001;QmnJ;1;"2021-11-13 00:00:00";16;10521;20;10;0;<FLG>
V6155020;V615502001;QmnJ;1;"2021-11-14 00:00:00";16;10269;20;10;0;<FLG>
V6155020;V615502001;QmnJ;1;"2021-11-15 00:00:00";16;10045;20;10;0;<FLG>
V6155020;V615502001;QmnJ;1;"2021-11-16 00:00:00";16;9935;20;10;0;<FLG>
V6155020;V615502001;QmnJ;1;"2021-11-17 00:00:00";16;9790;20;10;0;<FLG>
V6155020;V615502001;QmnJ;1;"2021-11-18 00:00:00";16;9619;20;10;0;<FLG>
V6155020;V615502001;QmnJ;1;"2021-11-19 00:00:00";16;9448;20;10;0;<FLG>
V6155020;V615502001;QmnJ;1;"2021-11-20 00:00:00";16;9277;20;10;0;<FLG>
V6155020;V615502001;QmnJ;1;"2021-11-21 00:00:00";16;9160;20;10;0;<FLG>
V6155020;V615502001;QmnJ;1;"2021-11-22 00:00:00";16;9114;20;10;0;<FLG>
V6155020;V615502001;QmnJ;1;"2021-11-23 00:00:00";16;8968;20;10;0;<FLG>
V6155020;V615502001;QmnJ;1;"2021-11-24 00:00:00";16;8790;20;10;0;<FLG>
V6155020;V615502001;QmnJ;1;"2021-11-25 00:00:00";16;8692;20;10;0;<FLG>
V6155020;V615502001;QmnJ;1;"2021-11-26 00:00:00";16;8849;20;10;0;<FLG>
V6155020;V615502001;QmnJ;1;"2021-11-27 00:00:00";16;9073;20;10;0;<FLG>
V6155020;V615502001;QmnJ;1;"2021-11-28 00:00:00";16;9109;20;10;0;<FLG>
V6155020;V615502001;QmnJ;1;"2021-11-29 00:00:00";16;9026;20;10;0;<FLG>
V6155020;V615502001;QmnJ;1;"2021-11-30 00:00:00";16;8855;20;10;0;<FLG>
V6155020;V615502001;QmnJ;1;"2021-12-01 00:00:00";16;8776;20;10;0;<FLG>
V6155020;V615502001;QmnJ;1;"2021-12-02 00:00:00";16;8693;20;10;0;<FLG>
V6155020;V615502001;QmnJ;1;"2021-12-03 00:00:00";16;8520;20;10;0;<FLG>
V6155020;V615502001;QmnJ;1;"2021-12-04 00:00:00";16;8471;20;10;0;<FLG>
V6155020;V615502001;QmnJ;1;"2021-12-05 00:00:00";16;9488;20;10;0;<FLG>
V6155020;V615502001;QmnJ;1;"2021-12-06 00:00:00";16;10380;20;10;0;<FLG>
V6155020;V615502001;QmnJ;1;"2021-12-07 00:00:00";16;10521;20;10;0;<FLG>
V6155020;V615502001;QmnJ;1;"2021-12-08 00:00:00";16;12415;20;10;0;<FLG>
V6155020;V615502001;QmnJ;1;"2021-12-09 00:00:00";16;17019;20;10;0;<FLG>
V6155020;V615502001;QmnJ;1;"2021-12-10 00:00:00";16;17982;20;10;0;<FLG>
V6155020;V615502001;QmnJ;1;"2021-12-11 00:00:00";16;17658;20;10;0;<FLG>
V6155020;V615502001;QmnJ;1;"2021-12-12 00:00:00";16;16873;20;10;0;<FLG>
V6155020;V615502001;QmnJ;1;"2021-12-13 00:00:00";16;16135;20;10;0;<FLG>
V6155020;V615502001;QmnJ;1;"2021-12-14 00:00:00";16;15551;20;10;0;<FLG>
V6155020;V615502001;QmnJ;1;"2021-12-15 00:00:00";16;15029;20;10;0;<FLG>
V6155020;V615502001;QmnJ;1;"2021-12-16 00:00:00";16;14599;20;10;0;<FLG>
V6155020;V615502001;QmnJ;1;"2021-12-17 00:00:00";16;14259;20;10;0;<FLG>
V6155020;V615502001;QmnJ;1;"2021-12-18 00:00:00";16;14024;20;10;0;<FLG>
V6155020;V615502001;QmnJ;1;"2021-12-19 00:00:00";16;13852;20;10;0;<FLG>
V6155020;V615502001;QmnJ;1;"2021-12-20 00:00:00";16;13752;20;10;0;<FLG>
V6155020;V615502001;QmnJ;1;"2021-12-21 00:00:00";16;13430;20;10;0;<FLG>
V6155020;V615502001;QmnJ;1;"2021-12-22 00:00:00";16;13085;20;10;0;<FLG>
V6155020;V615502001;QmnJ;1;"2021-12-23 00:00:00";16;12838;20;10;0;<FLG>
V6155020;V615502001;QmnJ;1;"2021-12-24 00:00:00";16;12636;20;10;0;<FLG>
V6155020;V615502001;QmnJ;1;"2021-12-25 00:00:00";16;13714;20;10;0;<FLG>
V6155020;V615502001;QmnJ;1;"2021-12-26 00:00:00";16;18027;20;10;0;<FLG>
V6155020;V615502001;QmnJ;1;"2021-12-27 00:00:00";16;19474;20;10;0;<FLG>
V6155020;V615502001;QmnJ;1;"2021-12-28 00:00:00";16;19965;20;10;0;<FLG>
V6155020;V615502001;QmnJ;1;"2021-12-29 00:00:00";16;21209;20;10;0;<FLG>
V6155020;V615502001;QmnJ;1;"2021-12-30 00:00:00";16;23831;20;10;0;<FLG>
V6155020;V615502001;QmnJ;1;"2021-12-31 00:00:00";16;23791;20;10;0;<FLG>
V6155020;V615502001;QmnJ;1;"2022-01-01 00:00:00";16;22385;20;10;0;<FLG>
V6155020;V615502001;QmnJ;1;"2022-01-02 00:00:00";16;20933;20;10;0;<FLG>
V6155020;V615502001;QmnJ;1;"2022-01-03 00:00:00";16;20289;20;10;0;<FLG>
V6155020;V615502001;QmnJ;1;"2022-01-04 00:00:00";16;19825;20;10;0;<FLG>
V6155020;V615502001;QmnJ;1;"2022-01-05 00:00:00";16;19388;20;10;0;<FLG>
V6155020;V615502001;QmnJ;1;"2022-01-06 00:00:00";16;18951;20;10;0;<FLG>
V6155020;V615502001;QmnJ;1;"2022-01-07 00:00:00";16;18497;20;10;0;<FLG>
V6155020;V615502001;QmnJ;1;"2022-01-08 00:00:00";16;18034;20;10;0;<FLG>
V6155020;V615502001;QmnJ;1;"2022-01-09 00:00:00";16;17556;20;10;0;<FLG>
V6155020;V615502001;QmnJ;1;"2022-01-10 00:00:00";16;17077;20;10;0;<FLG>
V6155020;V615502001;QmnJ;1;"2022-01-11 00:00:00";16;16590;20;10;0;<FLG>
V6155020;V615502001;QmnJ;1;"2022-01-12 00:00:00";16;16091;20;10;0;<FLG>
V6155020;V615502001;QmnJ;1;"2022-01-13 00:00:00";16;15631;20;10;0;<FLG>
V6155020;V615502001;QmnJ;1;"2022-01-14 00:00:00";16;15247;20;10;0;<FLG>
V6155020;V615502001;QmnJ;1;"2022-01-15 00:00:00";16;14909;20;10;0;<FLG>
V6155020;V615502001;QmnJ;1;"2022-01-16 00:00:00";16;14572;20;10;0;<FLG>
V6155020;V615502001;QmnJ;1;"2022-01-17 00:00:00";16;14234;20;10;0;<FLG>
V6155020;V615502001;QmnJ;1;"2022-01-18 00:00:00";16;13907;20;10;0;<FLG>
V6155020;V615502001;QmnJ;1;"2022-01-19 00:00:00";16;13626;20;10;0;<FLG>
V6155020;V615502001;QmnJ;1;"2022-01-20 00:00:00";16;13356;20;10;0;<FLG>
V6155020;V615502001;QmnJ;1;"2022-01-21 00:00:00";16;13087;20;10;0;<FLG>
V6155020;V615502001;QmnJ;1;"2022-01-22 00:00:00";16;12818;20;10;0;<FLG>
V6155020;V615502001;QmnJ;1;"2022-01-23 00:00:00";16;12532;20;10;0;<FLG>
V6155020;V615502001;QmnJ;1;"2022-01-24 00:00:00";16;12235;20;10;0;<FLG>
V6155020;V615502001;QmnJ;1;"2022-01-25 00:00:00";16;11949;20;10;0;<FLG>
V6155020;V615502001;QmnJ;1;"2022-01-26 00:00:00";16;11680;20;10;0;<FLG>
V6155020;V615502001;QmnJ;1;"2022-01-27 00:00:00";16;11455;20;10;0;<FLG>
V6155020;V615502001;QmnJ;1;"2022-01-28 00:00:00";16;11241;20;10;0;<FLG>
V6155020;V615502001;QmnJ;1;"2022-01-29 00:00:00";16;11027;20;10;0;<FLG>
V6155020;V615502001;QmnJ;1;"2022-01-30 00:00:00";16;10820;20;10;0;<FLG>
V6155020;V615502001;QmnJ;1;"2022-01-31 00:00:00";16;10646;20;10;0;<FLG>
V6155020;V615502001;QmnJ;1;"2022-02-01 00:00:00";16;10476;20;10;0;<FLG>
V6155020;V615502001;QmnJ;1;"2022-02-02 00:00:00";16;10320;20;10;0;<FLG>
V6155020;V615502001;QmnJ;1;"2022-02-03 00:00:00";16;10154;20;10;0;<FLG>
V6155020;V615502001;QmnJ;1;"2022-02-04 00:00:00";16;9995;20;10;0;<FLG>
V6155020;V615502001;QmnJ;1;"2022-02-05 00:00:00";16;9739;20;10;0;<FLG>
V6155020;V615502001;QmnJ;1;"2022-02-06 00:00:00";16;9535;20;10;0;<FLG>
V6155020;V615502001;QmnJ;1;"2022-02-07 00:00:00";16;9422;20;10;0;<FLG>
V6155020;V615502001;QmnJ;1;"2022-02-08 00:00:00";16;9271;20;10;0;<FLG>
V6155020;V615502001;QmnJ;1;"2022-02-09 00:00:00";16;9088;20;10;0;<FLG>
V6155020;V615502001;QmnJ;1;"2022-02-10 00:00:00";16;8969;20;10;0;<FLG>
V6155020;V615502001;QmnJ;1;"2022-02-11 00:00:00";16;8853;20;10;0;<FLG>
V6155020;V615502001;QmnJ;1;"2022-02-12 00:00:00";16;8744;20;10;0;<FLG>
V6155020;V615502001;QmnJ;1;"2022-02-13 00:00:00";16;8655;20;10;0;<FLG>
V6155020;V615502001;QmnJ;1;"2022-02-14 00:00:00";16;8632;20;10;0;<FLG>
V6155020;V615502001;QmnJ;1;"2022-02-15 00:00:00";16;9711;20;10;0;<FLG>
V6155020;V615502001;QmnJ;1;"2022-02-16 00:00:00";16;10415;20;10;0;<FLG>
V6155020;V615502001;QmnJ;1;"2022-02-17 00:00:00";16;10566;20;10;0;<FLG>
V6155020;V615502001;QmnJ;1;"2022-02-18 00:00:00";16;11304;20;10;0;<FLG>
V6155020;V615502001;QmnJ;1;"2022-02-19 00:00:00";16;11731;20;10;0;<FLG>
V6155020;V615502001;QmnJ;1;"2022-02-20 00:00:00";16;11764;20;10;0;<FLG>
V6155020;V615502001;QmnJ;1;"2022-02-21 00:00:00";16;11512;20;10;0;<FLG>
V6155020;V615502001;QmnJ;1;"2022-02-22 00:00:00";16;11134;20;10;0;<FLG>
V6155020;V615502001;QmnJ;1;"2022-02-23 00:00:00";16;10772;20;10;0;<FLG>
V6155020;V615502001;QmnJ;1;"2022-02-24 00:00:00";16;10495;20;10;0;<FLG>
V6155020;V615502001;QmnJ;1;"2022-02-25 00:00:00";16;10286;20;10;0;<FLG>
V6155020;V615502001;QmnJ;1;"2022-02-26 00:00:00";16;10093;20;10;0;<FLG>
V6155020;V615502001;QmnJ;1;"2022-02-27 00:00:00";16;9920;20;10;0;<FLG>
V6155020;V615502001;QmnJ;1;"2022-02-28 00:00:00";16;9708;20;10;0;<FLG>
V6155020;V615502001;QmnJ;1;"2022-03-01 00:00:00";16;9537;20;10;0;<FLG>
V6155020;V615502001;QmnJ;1;"2022-03-02 00:00:00";16;9370;20;10;0;<FLG>
V6155020;V615502001;QmnJ;1;"2022-03-03 00:00:00";16;9282;20;10;0;<FLG>
V6155020;V615502001;QmnJ;1;"2022-03-04 00:00:00";16;9182;20;10;0;<FLG>
V6155020;V615502001;QmnJ;1;"2022-03-05 00:00:00";16;9080;20;10;0;<FLG>
V6155020;V615502001;QmnJ;1;"2022-03-06 00:00:00";16;8972;20;10;0;<FLG>
V6155020;V615502001;QmnJ;1;"2022-03-07 00:00:00";16;8841;20;10;0;<FLG>
V6155020;V615502001;QmnJ;1;"2022-03-08 00:00:00";16;8705;20;10;0;<FLG>
V6155020;V615502001;QmnJ;1;"2022-03-09 00:00:00";16;8557;20;10;0;<FLG>
V6155020;V615502001;QmnJ;1;"2022-03-10 00:00:00";16;8426;20;10;0;<FLG>
V6155020;V615502001;QmnJ;1;"2022-03-11 00:00:00";16;8301;20;10;0;<FLG>
V6155020;V615502001;QmnJ;1;"2022-03-12 00:00:00";16;8177;20;10;0;<FLG>
V6155020;V615502001;QmnJ;1;"2022-03-13 00:00:00";16;8054;20;10;0;<FLG>
V6155020;V615502001;QmnJ;1;"2022-03-14 00:00:00";16;7939;20;10;0;<FLG>
V6155020;V615502001;QmnJ;1;"2022-03-15 00:00:00";16;7955;20;10;0;<FLG>
V6155020;V615502001;QmnJ;1;"2022-03-16 00:00:00";16;8154;20;10;0;<FLG>
V6155020;V615502001;QmnJ;1;"2022-03-17 00:00:00";16;8361;20;10;0;<FLG>
V6155020;V615502001;QmnJ;1;"2022-03-18 00:00:00";16;8490;20;10;0;<FLG>
V6155020;V615502001;QmnJ;1;"2022-03-19 00:00:00";16;8512;20;10;0;<FLG>
V6155020;V615502001;QmnJ;1;"2022-03-20 00:00:00";16;8460;20;10;0;<FLG>
V6155020;V615502001;QmnJ;1;"2022-03-21 00:00:00";16;8340;20;10;0;<FLG>
V6155020;V615502001;QmnJ;1;"2022-03-22 00:00:00";16;8186;20;10;0;<FLG>
V6155020;V615502001;QmnJ;1;"2022-03-23 00:00:00";16;8049;20;10;0;<FLG>
V6155020;V615502001;QmnJ;1;"2022-03-24 00:00:00";16;7945;20;10;0;<FLG>
V6155020;V615502001;QmnJ;1;"2022-03-25 00:00:00";16;7851;20;10;0;<FLG>
V6155020;V615502001;QmnJ;1;"2022-03-26 00:00:00";16;7757;20;10;0;<FLG>
V6155020;V615502001;QmnJ;1;"2022-03-27 00:00:00";16;7663;20;10;0;<FLG>
V6155020;V615502001;QmnJ;1;"2022-03-28 00:00:00";16;7570;20;10;0;<FLG>
V6155020;V615502001;QmnJ;1;"2022-03-29 00:00:00";16;7483;20;10;0;<FLG>
V6155020;V615502001;QmnJ;1;"2022-03-30 00:00:00";16;7410;20;10;0;<FLG>
V6155020;V615502001;QmnJ;1;"2022-03-31 00:00:00";16;7424;20;10;0;<FLG>
V6155020;V615502001;QmnJ;1;"2022-04-01 00:00:00";16;7431;20;10;0;<FLG>
V6155020;V615502001;QmnJ;1;"2022-04-02 00:00:00";16;7393;20;10;0;<FLG>
V6155020;V615502001;QmnJ;1;"2022-04-03 00:00:00";16;7289;20;10;0;<FLG>
V6155020;V615502001;QmnJ;1;"2022-04-04 00:00:00";16;7085;20;10;0;<FLG>
V6155020;V615502001;QmnJ;1;"2022-04-05 00:00:00";16;6944;20;10;0;<FLG>
V6155020;V615502001;QmnJ;1;"2022-04-06 00:00:00";16;6882;20;10;0;<FLG>
V6155020;V615502001;QmnJ;1;"2022-04-07 00:00:00";16;6803;20;10;0;<FLG>
V6155020;V615502001;QmnJ;1;"2022-04-08 00:00:00";16;6759;20;10;0;<FLG>
V6155020;V615502001;QmnJ;1;"2022-04-09 00:00:00";16;6726;20;10;0;<FLG>
V6155020;V615502001;QmnJ;1;"2022-04-10 00:00:00";16;6692;20;10;0;<FLG>
V6155020;V615502001;QmnJ;1;"2022-04-11 00:00:00";16;6606;20;10;0;<FLG>
V6155020;V615502001;QmnJ;1;"2022-04-12 00:00:00";16;6542;20;10;0;<FLG>
V6155020;V615502001;QmnJ;1;"2022-04-13 00:00:00";16;6471;20;10;0;<FLG>
V6155020;V615502001;QmnJ;1;"2022-04-14 00:00:00";16;6404;20;10;0;<FLG>
V6155020;V615502001;QmnJ;1;"2022-04-15 00:00:00";16;6324;20;10;0;<FLG>
V6155020;V615502001;QmnJ;1;"2022-04-16 00:00:00";16;6303;20;10;0;<FLG>
V6155020;V615502001;QmnJ;1;"2022-04-17 00:00:00";16;6254;20;10;0;<FLG>
V6155020;V615502001;QmnJ;1;"2022-04-18 00:00:00";16;6219;20;10;0;<FLG>
V6155020;V615502001;QmnJ;1;"2022-04-19 00:00:00";16;6196;20;10;0;<FLG>
V6155020;V615502001;QmnJ;1;"2022-04-20 00:00:00";16;6177;20;10;0;<FLG>
V6155020;V615502001;QmnJ;1;"2022-04-21 00:00:00";16;6162;20;10;0;<FLG>
V6155020;V615502001;QmnJ;1;"2022-04-22 00:00:00";16;6483;20;10;0;<FLG>
V6155020;V615502001;QmnJ;1;"2022-04-23 00:00:00";16;7337;20;10;0;<FLG>
V6155020;V615502001;QmnJ;1;"2022-04-24 00:00:00";16;13438;20;10;0;<FLG>
V6155020;V615502001;QmnJ;1;"2022-04-25 00:00:00";16;17564;20;10;0;<FLG>
V6155020;V615502001;QmnJ;1;"2022-04-26 00:00:00";16;18238;20;10;0;<FLG>
V6155020;V615502001;QmnJ;1;"2022-04-27 00:00:00";16;18197;20;10;0;<FLG>
V6155020;V615502001;QmnJ;1;"2022-04-28 00:00:00";16;17574;20;10;0;<FLG>
V6155020;V615502001;QmnJ;1;"2022-04-29 00:00:00";16;16491;20;10;0;<FLG>
V6155020;V615502001;QmnJ;1;"2022-04-30 00:00:00";16;15617;20;10;0;<FLG>
V6155020;V615502001;QmnJ;1;"2022-05-01 00:00:00";16;14898;20;10;0;<FLG>
V6155020;V615502001;QmnJ;1;"2022-05-02 00:00:00";16;14282;20;10;0;<FLG>
V6155020;V615502001;QmnJ;1;"2022-05-03 00:00:00";16;13662;20;10;0;<FLG>
V6155020;V615502001;QmnJ;1;"2022-05-04 00:00:00";16;13137;20;10;0;<FLG>
V6155020;V615502001;QmnJ;1;"2022-05-05 00:00:00";16;12826;20;10;0;<FLG>
V6155020;V615502001;QmnJ;1;"2022-05-06 00:00:00";16;12472;20;10;0;<FLG>
V6155020;V615502001;QmnJ;1;"2022-05-07 00:00:00";16;12114;20;10;0;<FLG>
V6155020;V615502001;QmnJ;1;"2022-05-08 00:00:00";16;12132;20;10;0;<FLG>
V6155020;V615502001;QmnJ;1;"2022-05-09 00:00:00";16;13218;20;10;0;<FLG>
V6155020;V615502001;QmnJ;1;"2022-05-10 00:00:00";16;14545;20;10;0;<FLG>
V6155020;V615502001;QmnJ;1;"2022-05-11 00:00:00";16;14794;20;10;0;<FLG>
V6155020;V615502001;QmnJ;1;"2022-05-12 00:00:00";16;14602;20;10;0;<FLG>
V6155020;V615502001;QmnJ;1;"2022-05-13 00:00:00";16;14199;20;10;0;<FLG>
V6155020;V615502001;QmnJ;1;"2022-05-14 00:00:00";16;13795;20;10;0;<FLG>
V6155020;V615502001;QmnJ;1;"2022-05-15 00:00:00";16;13403;20;10;0;<FLG>
V6155020;V615502001;QmnJ;1;"2022-05-16 00:00:00";16;13001;20;10;0;<FLG>
V6155020;V615502001;QmnJ;1;"2022-05-17 00:00:00";16;12566;20;10;0;<FLG>
V6155020;V615502001;QmnJ;1;"2022-05-18 00:00:00";16;12121;20;10;0;<FLG>
V6155020;V615502001;QmnJ;1;"2022-05-19 00:00:00";16;11682;20;10;0;<FLG>
V6155020;V615502001;QmnJ;1;"2022-05-20 00:00:00";16;11351;20;10;0;<FLG>
V6155020;V615502001;QmnJ;1;"2022-05-21 00:00:00";16;11046;20;10;0;<FLG>
V6155020;V615502001;QmnJ;1;"2022-05-22 00:00:00";16;10759;20;10;0;<FLG>
V6155020;V615502001;QmnJ;1;"2022-05-23 00:00:00";16;10532;20;10;0;<FLG>
V6155020;V615502001;QmnJ;1;"2022-05-24 00:00:00";16;10277;20;10;0;<FLG>
V6155020;V615502001;QmnJ;1;"2022-05-25 00:00:00";16;10030;20;10;0;<FLG>
V6155020;V615502001;QmnJ;1;"2022-05-26 00:00:00";16;9790;20;10;0;<FLG>
V6155020;V615502001;QmnJ;1;"2022-05-27 00:00:00";16;9517;20;10;0;<FLG>
V6155020;V615502001;QmnJ;1;"2022-05-28 00:00:00";16;9330;20;10;0;<FLG>
V6155020;V615502001;QmnJ;1;"2022-05-29 00:00:00";16;9177;20;10;0;<FLG>
V6155020;V615502001;QmnJ;1;"2022-05-30 00:00:00";16;9005;20;10;0;<FLG>
V6155020;V615502001;QmnJ;1;"2022-05-31 00:00:00";16;8756;20;10;0;<FLG>
V6155020;V615502001;QmnJ;1;"2022-06-01 00:00:00";16;8533;20;10;0;<FLG>
V6155020;V615502001;QmnJ;1;"2022-06-02 00:00:00";16;8343;20;10;0;<FLG>
V6155020;V615502001;QmnJ;1;"2022-06-03 00:00:00";16;8200;20;10;0;<FLG>
V6155020;V615502001;QmnJ;1;"2022-06-04 00:00:00";16;8063;20;10;0;<FLG>
V6155020;V615502001;QmnJ;1;"2022-06-05 00:00:00";16;7913;20;10;0;<FLG>
V6155020;V615502001;QmnJ;1;"2022-06-06 00:00:00";16;7781;20;10;0;<FLG>
V6155020;V615502001;QmnJ;1;"2022-06-07 00:00:00";16;7662;20;10;0;<FLG>
V6155020;V615502001;QmnJ;1;"2022-06-08 00:00:00";16;7543;20;10;0;<FLG>
V6155020;V615502001;QmnJ;1;"2022-06-09 00:00:00";16;7425;20;10;0;<FLG>
V6155020;V615502001;QmnJ;1;"2022-06-10 00:00:00";16;7317;20;10;0;<FLG>
V6155020;V615502001;QmnJ;1;"2022-06-11 00:00:00";16;7153;20;10;0;<FLG>
V6155020;V615502001;QmnJ;1;"2022-06-12 00:00:00";16;7000;20;10;0;<FLG>
V6155020;V615502001;QmnJ;1;"2022-06-13 00:00:00";16;6905;20;10;0;<FLG>
V6155020;V615502001;QmnJ;1;"2022-06-14 00:00:00";16;6813;20;10;0;<FLG>
V6155020;V615502001;QmnJ;1;"2022-06-15 00:00:00";16;6729;20;10;0;<FLG>
V6155020;V615502001;QmnJ;1;"2022-06-16 00:00:00";16;6645;20;10;0;<FLG>
V6155020;V615502001;QmnJ;1;"2022-06-17 00:00:00";16;6562;20;10;0;<FLG>
V6155020;V615502001;QmnJ;1;"2022-06-18 00:00:00";16;6482;20;10;0;<FLG>
V6155020;V615502001;QmnJ;1;"2022-06-19 00:00:00";16;6442;20;10;0;<FLG>
V6155020;V615502001;QmnJ;1;"2022-06-20 00:00:00";16;6364;20;10;0;<FLG>
V6155020;V615502001;QmnJ;1;"2022-06-21 00:00:00";16;6276;20;10;0;<FLG>
V6155020;V615502001;QmnJ;1;"2022-06-22 00:00:00";16;6189;20;10;0;<FLG>
V6155020;V615502001;QmnJ;1;"2022-06-23 00:00:00";16;6135;20;10;0;<FLG>
V6155020;V615502001;QmnJ;1;"2022-06-24 00:00:00";16;6107;20;10;0;<FLG>
V6155020;V615502001;QmnJ;1;"2022-06-25 00:00:00";16;6078;20;10;0;<FLG>
V6155020;V615502001;QmnJ;1;"2022-06-26 00:00:00";16;6005;20;10;0;<FLG>
V6155020;V615502001;QmnJ;1;"2022-06-27 00:00:00";16;5925;20;10;0;<FLG>
V6155020;V615502001;QmnJ;1;"2022-06-28 00:00:00";16;5892;20;10;0;<FLG>
V6155020;V615502001;QmnJ;1;"2022-06-29 00:00:00";16;5855;20;10;0;<FLG>
V6155020;V615502001;QmnJ;1;"2022-06-30 00:00:00";16;5809;20;10;0;<FLG>
V6155020;V615502001;QmnJ;1;"2022-07-01 00:00:00";16;5753;20;10;0;<FLG>
V6155020;V615502001;QmnJ;1;"2022-07-02 00:00:00";16;5696;20;10;0;<FLG>
V6155020;V615502001;QmnJ;1;"2022-07-03 00:00:00";16;5639;20;10;0;<FLG>
V6155020;V615502001;QmnJ;1;"2022-07-04 00:00:00";16;5582;20;10;0;<FLG>
V6155020;V615502001;QmnJ;1;"2022-07-05 00:00:00";16;5526;20;10;0;<FLG>
V6155020;V615502001;QmnJ;1;"2022-07-06 00:00:00";16;5469;20;10;0;<FLG>
V6155020;V615502001;QmnJ;1;"2022-07-07 00:00:00";16;5433;20;10;0;<FLG>
V6155020;V615502001;QmnJ;1;"2022-07-08 00:00:00";16;5424;20;10;0;<FLG>
V6155020;V615502001;QmnJ;1;"2022-07-09 00:00:00";16;5403;20;10;0;<FLG>
V6155020;V615502001;QmnJ;1;"2022-07-10 00:00:00";16;5355;20;10;0;<FLG>
V6155020;V615502001;QmnJ;1;"2022-07-11 00:00:00";16;5338;20;10;0;<FLG>
V6155020;V615502001;QmnJ;1;"2022-07-12 00:00:00";16;5288;20;10;0;<FLG>
V6155020;V615502001;QmnJ;1;"2022-07-13 00:00:00";16;5245;20;10;0;<FLG>
V6155020;V615502001;QmnJ;1;"2022-07-14 00:00:00";16;5216;20;10;0;<FLG>
V6155020;V615502001;QmnJ;1;"2022-07-15 00:00:00";16;5188;20;10;0;<FLG>
V6155020;V615502001;QmnJ;1;"2022-07-16 00:00:00";16;5152;20;10;0;<FLG>
V6155020;V615502001;QmnJ;1;"2022-07-17 00:00:00";16;5115;20;10;0;<FLG>
V6155020;V615502001;QmnJ;1;"2022-07-18 00:00:00";16;5089;20;10;0;<FLG>
V6155020;V615502001;QmnJ;1;"2022-07-19 00:00:00";16;5042;20;10;0;<FLG>
V6155020;V615502001;QmnJ;1;"2022-07-20 00:00:00";16;5017;20;10;0;<FLG>
V6155020;V615502001;QmnJ;1;"2022-07-21 00:00:00";16;5013;20;10;0;<FLG>
V6155020;V615502001;QmnJ;1;"2022-07-22 00:00:00";16;4958;20;10;0;<FLG>
V6155020;V615502001;QmnJ;1;"2022-07-23 00:00:00";16;4935;20;10;0;<FLG>
V6155020;V615502001;QmnJ;1;"2022-07-24 00:00:00";16;4870;20;10;0;<FLG>
V6155020;V615502001;QmnJ;1;"2022-07-25 00:00:00";16;4829;20;10;0;<FLG>
V6155020;V615502001;QmnJ;1;"2022-07-26 00:00:00";16;4828;20;10;0;<FLG>
V6155020;V615502001;QmnJ;1;"2022-07-27 00:00:00";16;4813;20;10;0;<FLG>
V6155020;V615502001;QmnJ;1;"2022-07-28 00:00:00";16;4790;20;10;0;<FLG>
V6155020;V615502001;QmnJ;1;"2022-07-29 00:00:00";16;4755;20;10;0;<FLG>
V6155020;V615502001;QmnJ;1;"2022-07-30 00:00:00";16;4744;20;10;0;<FLG>
V6155020;V615502001;QmnJ;1;"2022-07-31 00:00:00";16;4743;20;10;0;<FLG>
V6155020;V615502001;QmnJ;1;"2022-08-01 00:00:00";16;4719;20;10;0;<FLG>
V6155020;V615502001;QmnJ;1;"2022-08-02 00:00:00";16;4672;20;10;0;<FLG>
V6155020;V615502001;QmnJ;1;"2022-08-03 00:00:00";16;4658;20;10;0;<FLG>
V6155020;V615502001;QmnJ;1;"2022-08-04 00:00:00";16;4633;20;10;0;<FLG>
V6155020;V615502001;QmnJ;1;"2022-08-05 00:00:00";16;4596;20;10;0;<FLG>
V6155020;V615502001;QmnJ;1;"2022-08-06 00:00:00";16;4585;20;10;0;<FLG>
V6155020;V615502001;QmnJ;1;"2022-08-07 00:00:00";16;4554;20;10;0;<FLG>
V6155020;V615502001;QmnJ;1;"2022-08-08 00:00:00";16;4565;20;10;0;<FLG>
V6155020;V615502001;QmnJ;1;"2022-08-09 00:00:00";16;4529;20;10;0;<FLG>
V6155020;V615502001;QmnJ;1;"2022-08-10 00:00:00";16;4486;20;10;0;<FLG>
V6155020;V615502001;QmnJ;1;"2022-08-11 00:00:00";16;4498;20;10;0;<FLG>
V6155020;V615502001;QmnJ;1;"2022-08-12 00:00:00";16;4489;20;10;0;<FLG>
V6155020;V615502001;QmnJ;1;"2022-08-13 00:00:00";16;4479;20;10;0;<FLG>
V6155020;V615502001;QmnJ;1;"2022-08-14 00:00:00";16;4474;20;10;0;<FLG>
V6155020;V615502001;QmnJ;1;"2022-08-15 00:00:00";16;4498;20;10;0;<FLG>
V6155020;V615502001;QmnJ;1;"2022-08-16 00:00:00";16;4498;20;10;0;<FLG>
V6155020;V615502001;QmnJ;1;"2022-08-17 00:00:00";16;4435;20;10;0;<FLG>
V6155020;V615502001;QmnJ;1;"2022-08-18 00:00:00";16;4427;20;10;0;<FLG>
V6155020;V615502001;QmnJ;1;"2022-08-19 00:00:00";16;4457;20;10;0;<FLG>
V6155020;V615502001;QmnJ;1;"2022-08-20 00:00:00";16;4438;20;10;0;<FLG>
V6155020;V615502001;QmnJ;1;"2022-08-21 00:00:00";16;4364;20;10;0;<FLG>
V6155020;V615502001;QmnJ;1;"2022-08-22 00:00:00";16;4385;20;10;0;<FLG>
V6155020;V615502001;QmnJ;1;"2022-08-23 00:00:00";16;4373;20;10;0;<FLG>
V6155020;V615502001;QmnJ;1;"2022-08-24 00:00:00";16;4286;20;10;0;<FLG>
V6155020;V615502001;QmnJ;1;"2022-08-25 00:00:00";16;4283;20;10;0;<FLG>
V6155020;V615502001;QmnJ;1;"2022-08-26 00:00:00";16;4314;20;10;0;<FLG>
V6155020;V615502001;QmnJ;1;"2022-08-27 00:00:00";16;4292;20;10;0;<FLG>
V6155020;V615502001;QmnJ;1;"2022-08-28 00:00:00";16;4236;20;10;0;<FLG>
V6155020;V615502001;QmnJ;1;"2022-08-29 00:00:00";16;4268;20;10;0;<FLG>
V6155020;V615502001;QmnJ;1;"2022-08-30 00:00:00";16;4253;20;10;0;<FLG>
V6155020;V615502001;QmnJ;1;"2022-08-31 00:00:00";16;4237;20;10;0;<FLG>
V6155020;V615502001;QmnJ;1;"2022-09-01 00:00:00";16;4288;20;10;0;<FLG>
V6155020;V615502001;QmnJ;1;"2022-09-02 00:00:00";16;4338;20;10;0;<FLG>
V6155020;V615502001;QmnJ;1;"2022-09-03 00:00:00";16;4273;20;10;0;<FLG>
V6155020;V615502001;QmnJ;1;"2022-09-04 00:00:00";16;4309;20;10;0;<FLG>
V6155020;V615502001;QmnJ;1;"2022-09-05 00:00:00";16;4392;20;10;0;<FLG>
V6155020;V615502001;QmnJ;1;"2022-09-06 00:00:00";16;4359;20;10;0;<FLG>
V6155020;V615502001;QmnJ;1;"2022-09-07 00:00:00";16;4328;20;10;0;<FLG>
V6155020;V615502001;QmnJ;1;"2022-09-08 00:00:00";16;4474;20;10;0;<FLG>
V6155020;V615502001;QmnJ;1;"2022-09-09 00:00:00";16;4635;20;10;0;<FLG>
V6155020;V615502001;QmnJ;1;"2022-09-10 00:00:00";16;4575;20;10;0;<FLG>
V6155020;V615502001;QmnJ;1;"2022-09-11 00:00:00";16;4503;20;10;0;<FLG>
V6155020;V615502001;QmnJ;1;"2022-09-12 00:00:00";16;4460;20;10;0;<FLG>
V6155020;V615502001;QmnJ;1;"2022-09-13 00:00:00";16;4397;20;10;0;<FLG>
V6155020;V615502001;QmnJ;1;"2022-09-14 00:00:00";16;4337;20;10;0;<FLG>
V6155020;V615502001;QmnJ;1;"2022-09-15 00:00:00";16;4311;20;10;0;<FLG>
V6155020;V615502001;QmnJ;1;"2022-09-16 00:00:00";16;4257;20;10;0;<FLG>
V6155020;V615502001;QmnJ;1;"2022-09-17 00:00:00";16;4198;20;10;0;<FLG>
V6155020;V615502001;QmnJ;1;"2022-09-18 00:00:00";16;4228;20;10;0;<FLG>
V6155020;V615502001;QmnJ;1;"2022-09-19 00:00:00";16;4194;20;10;0;<FLG>
V6155020;V615502001;QmnJ;1;"2022-09-20 00:00:00";16;4145;20;10;0;<FLG>
V6155020;V615502001;QmnJ;1;"2022-09-21 00:00:00";16;4132;20;10;0;<FLG>
V6155020;V615502001;QmnJ;1;"2022-09-22 00:00:00";16;4152;20;10;0;<FLG>
V6155020;V615502001;QmnJ;1;"2022-09-23 00:00:00";16;4089;20;10;0;<FLG>
V6155020;V615502001;QmnJ;1;"2022-09-24 00:00:00";16;4220;20;10;0;<FLG>
V6155020;V615502001;QmnJ;1;"2022-09-25 00:00:00";16;4638;20;10;0;<FLG>
V6155020;V615502001;QmnJ;1;"2022-09-26 00:00:00";16;4696;20;10;0;<FLG>
V6155020;V615502001;QmnJ;1;"2022-09-27 00:00:00";16;4591;20;10;0;<FLG>
V6155020;V615502001;QmnJ;1;"2022-09-28 00:00:00";16;4543;20;10;0;<FLG>
V6155020;V615502001;QmnJ;1;"2022-09-29 00:00:00";16;4439;20;10;0;<FLG>
V6155020;V615502001;QmnJ;1;"2022-09-30 00:00:00";16;4296;20;10;0;<FLG>
V6155020;V615502001;QmnJ;1;"2022-10-01 00:00:00";16;4196;20;10;0;<FLG>
V6155020;V615502001;QmnJ;1;"2022-10-02 00:00:00";16;4173;20;10;0;<FLG>
V6155020;V615502001;QmnJ;1;"2022-10-03 00:00:00";16;4092;20;10;0;<FLG>
V6155020;V615502001;QmnJ;1;"2022-10-04 00:00:00";16;4054;20;10;0;<FLG>
V6155020;V615502001;QmnJ;1;"2022-10-05 00:00:00";16;4057;20;10;0;<FLG>
V6155020;V615502001;QmnJ;1;"2022-10-06 00:00:00";16;4021;20;10;0;<FLG>
V6155020;V615502001;QmnJ;1;"2022-10-07 00:00:00";16;3998;20;10;0;<FLG>
V6155020;V615502001;QmnJ;1;"2022-10-08 00:00:00";16;4017;20;10;0;<FLG>
V6155020;V615502001;QmnJ;1;"2022-10-09 00:00:00";16;4019;20;10;0;<FLG>
V6155020;V615502001;QmnJ;1;"2022-10-10 00:00:00";16;3975;20;10;0;<FLG>
V6155020;V615502001;QmnJ;1;"2022-10-11 00:00:00";16;3979;20;10;0;<FLG>
V6155020;V615502001;QmnJ;1;"2022-10-12 00:00:00";16;4010;20;10;0;<FLG>
V6155020;V615502001;QmnJ;1;"2022-10-13 00:00:00";16;3980;20;10;0;<FLG>
V6155020;V615502001;QmnJ;1;"2022-10-14 00:00:00";16;3949;20;10;0;<FLG>
V6155020;V615502001;QmnJ;1;"2022-10-15 00:00:00";16;3952;20;10;0;<FLG>
V6155020;V615502001;QmnJ;1;"2022-10-16 00:00:00";16;3914;20;10;0;<FLG>
V6155020;V615502001;QmnJ;1;"2022-10-17 00:00:00";16;3841;20;10;0;<FLG>
V6155020;V615502001;QmnJ;1;"2022-10-18 00:00:00";16;3830;20;10;0;<FLG>
V6155020;V615502001;QmnJ;1;"2022-10-19 00:00:00";16;3888;20;10;0;<FLG>
V6155020;V615502001;QmnJ;1;"2022-10-20 00:00:00";16;3864;20;10;0;<FLG>
V6155020;V615502001;QmnJ;1;"2022-10-21 00:00:00";16;3855;20;10;0;<FLG>
V6155020;V615502001;QmnJ;1;"2022-10-22 00:00:00";16;3863;20;10;0;<FLG>
V6155020;V615502001;QmnJ;1;"2022-10-23 00:00:00";16;3846;20;10;0;<FLG>
V6155020;V615502001;QmnJ;1;"2022-10-24 00:00:00";16;3806;20;10;0;<FLG>
V6155020;V615502001;QmnJ;1;"2022-10-25 00:00:00";16;3806;20;10;0;<FLG>
V6155020;V615502001;QmnJ;1;"2022-10-26 00:00:00";16;3830;20;10;0;<FLG>
V6155020;V615502001;QmnJ;1;"2022-10-27 00:00:00";16;3776;20;10;0;<FLG>
V6155020;V615502001;QmnJ;1;"2022-10-28 00:00:00";16;3764;20;10;0;<FLG>
V6155020;V615502001;QmnJ;1;"2022-10-29 00:00:00";16;3792;20;10;0;<FLG>
V6155020;V615502001;QmnJ;1;"2022-10-30 00:00:00";16;3787;20;10;0;<FLG>
V6155020;V615502001;QmnJ;1;"2022-10-31 00:00:00";16;3777;20;10;0;<FLG>
V6155020;V615502001;QmnJ;1;"2022-11-01 00:00:00";16;4118;20;10;0;<FLG>
V6155020;V615502001;QmnJ;1;"2022-11-02 00:00:00";16;4321;20;10;0;<FLG>
V6155020;V615502001;QmnJ;1;"2022-11-03 00:00:00";16;4756;20;10;0;<FLG>
V6155020;V615502001;QmnJ;1;"2022-11-04 00:00:00";16;7392;20;10;0;<FLG>
V6155020;V615502001;QmnJ;1;"2022-11-05 00:00:00";16;7690;20;10;0;<FLG>
V6155020;V615502001;QmnJ;1;"2022-11-06 00:00:00";16;7077;20;10;0;<FLG>
V6155020;V615502001;QmnJ;1;"2022-11-07 00:00:00";16;6377;20;10;0;<FLG>
V6155020;V615502001;QmnJ;1;"2022-11-08 00:00:00";16;5835;20;10;0;<FLG>
V6155020;V615502001;QmnJ;1;"2022-11-09 00:00:00";16;5579;20;10;0;<FLG>
V6155020;V615502001;QmnJ;1;"2022-11-10 00:00:00";16;7124;20;10;0;<FLG>
V6155020;V615502001;QmnJ;1;"2022-11-11 00:00:00";16;8113;20;10;0;<FLG>
V6155020;V615502001;QmnJ;1;"2022-11-12 00:00:00";16;7799;20;10;0;<FLG>
V6155020;V615502001;QmnJ;1;"2022-11-13 00:00:00";16;7367;20;10;0;<FLG>
V6155020;V615502001;QmnJ;1;"2022-11-14 00:00:00";16;6917;20;10;0;<FLG>
V6155020;V615502001;QmnJ;1;"2022-11-15 00:00:00";16;6538;20;10;0;<FLG>
V6155020;V615502001;QmnJ;1;"2022-11-16 00:00:00";16;6495;20;10;0;<FLG>
V6155020;V615502001;QmnJ;1;"2022-11-17 00:00:00";16;7163;20;10;0;<FLG>
V6155020;V615502001;QmnJ;1;"2022-11-18 00:00:00";16;7337;20;10;0;<FLG>
V6155020;V615502001;QmnJ;1;"2022-11-19 00:00:00";16;7111;20;10;0;<FLG>
V6155020;V615502001;QmnJ;1;"2022-11-20 00:00:00";16;6873;20;10;0;<FLG>
V6155020;V615502001;QmnJ;1;"2022-11-21 00:00:00";16;6630;20;10;0;<FLG>
V6155020;V615502001;QmnJ;1;"2022-11-22 00:00:00";16;6550;20;10;0;<FLG>
V6155020;V615502001;QmnJ;1;"2022-11-23 00:00:00";16;6619;20;10;0;<FLG>
V6155020;V615502001;QmnJ;1;"2022-11-24 00:00:00";16;6555;20;10;0;<FLG>
V6155020;V615502001;QmnJ;1;"2022-11-25 00:00:00";16;6441;20;10;0;<FLG>
V6155020;V615502001;QmnJ;1;"2022-11-26 00:00:00";16;6268;20;10;0;<FLG>
V6155020;V615502001;QmnJ;1;"2022-11-27 00:00:00";16;6078;20;10;0;<FLG>
V6155020;V615502001;QmnJ;1;"2022-11-28 00:00:00";16;5947;20;10;0;<FLG>
V6155020;V615502001;QmnJ;1;"2022-11-29 00:00:00";16;6280;20;10;0;<FLG>
V6155020;V615502001;QmnJ;1;"2022-11-30 00:00:00";16;6770;20;10;0;<FLG>
V6155020;V615502001;QmnJ;1;"2022-12-01 00:00:00";16;6909;20;10;0;<FLG>
V6155020;V615502001;QmnJ;1;"2022-12-02 00:00:00";16;6867;20;10;0;<FLG>
V6155020;V615502001;QmnJ;1;"2022-12-03 00:00:00";16;6765;20;10;0;<FLG>
V6155020;V615502001;QmnJ;1;"2022-12-04 00:00:00";16;10551;20;10;0;<FLG>
V6155020;V615502001;QmnJ;1;"2022-12-05 00:00:00";16;18099;20;10;0;<FLG>
V6155020;V615502001;QmnJ;1;"2022-12-06 00:00:00";16;19001;20;10;0;<FLG>
V6155020;V615502001;QmnJ;1;"2022-12-07 00:00:00";16;18257;20;10;0;<FLG>
V6155020;V615502001;QmnJ;1;"2022-12-08 00:00:00";16;16937;20;10;0;<FLG>
V6155020;V615502001;QmnJ;1;"2022-12-09 00:00:00";16;19570;20;10;0;<FLG>
V6155020;V615502001;QmnJ;1;"2022-12-10 00:00:00";16;33016;20;10;0;<FLG>
V6155020;V615502001;QmnJ;1;"2022-12-11 00:00:00";16;34774;20;10;0;<FLG>
V6155020;V615502001;QmnJ;1;"2022-12-12 00:00:00";16;31733;20;10;0;<FLG>
V6155020;V615502001;QmnJ;1;"2022-12-13 00:00:00";16;29034;20;10;0;<FLG>
V6155020;V615502001;QmnJ;1;"2022-12-14 00:00:00";16;32260;20;10;0;<FLG>
V6155020;V615502001;QmnJ;1;"2022-12-15 00:00:00";16;36770;20;10;0;<FLG>
V6155020;V615502001;QmnJ;1;"2022-12-16 00:00:00";16;49954;20;10;0;<FLG>
V6155020;V615502001;QmnJ;1;"2022-12-17 00:00:00";16;51698;20;10;0;<FLG>
V6155020;V615502001;QmnJ;1;"2022-12-18 00:00:00";16;49952;20;10;0;<FLG>
V6155020;V615502001;QmnJ;1;"2022-12-19 00:00:00";16;47386;20;10;0;<FLG>
V6155020;V615502001;QmnJ;1;"2022-12-20 00:00:00";16;44311;20;10;0;<FLG>
V6155020;V615502001;QmnJ;1;"2022-12-21 00:00:00";16;40663;20;10;0;<FLG>
V6155020;V615502001;QmnJ;1;"2022-12-22 00:00:00";16;36942;20;10;0;<FLG>
V6155020;V615502001;QmnJ;1;"2022-12-23 00:00:00";16;33864;20;10;0;<FLG>
V6155020;V615502001;QmnJ;1;"2022-12-24 00:00:00";16;31086;20;10;0;<FLG>
V6155020;V615502001;QmnJ;1;"2022-12-25 00:00:00";16;28839;20;10;0;<FLG>
V6155020;V615502001;QmnJ;1;"2022-12-26 00:00:00";16;26689;20;10;0;<FLG>
V6155020;V615502001;QmnJ;1;"2022-12-27 00:00:00";16;24678;20;10;0;<FLG>
V6155020;V615502001;QmnJ;1;"2022-12-28 00:00:00";16;23062;20;10;0;<FLG>
V6155020;V615502001;QmnJ;1;"2022-12-29 00:00:00";16;22149;20;10;0;<FLG>
V6155020;V615502001;QmnJ;1;"2022-12-30 00:00:00";16;21642;20;10;0;<FLG>
V6155020;V615502001;QmnJ;1;"2022-12-31 00:00:00";16;21213;20;10;0;<FLG>
V6155020;V615502001;QmnJ;1;"2023-01-01 00:00:00";16;20785;20;10;0;<FLG>
V6155020;V615502001;QmnJ;1;"2023-01-02 00:00:00";16;20357;20;10;0;<FLG>
V6155020;V615502001;QmnJ;1;"2023-01-03 00:00:00";16;19929;20;10;0;<FLG>
V6155020;V615502001;QmnJ;1;"2023-01-04 00:00:00";16;19501;20;10;0;<FLG>
V6155020;V615502001;QmnJ;1;"2023-01-05 00:00:00";16;19080;20;10;0;<FLG>
V6155020;V615502001;QmnJ;1;"2023-01-06 00:00:00";16;18688;20;10;0;<FLG>
V6155020;V615502001;QmnJ;1;"2023-01-07 00:00:00";16;18300;20;10;0;<FLG>
V6155020;V615502001;QmnJ;1;"2023-01-08 00:00:00";16;17913;20;10;0;<FLG>
V6155020;V615502001;QmnJ;1;"2023-01-09 00:00:00";16;17564;20;10;0;<FLG>
V6155020;V615502001;QmnJ;1;"2023-01-10 00:00:00";16;17525;20;10;0;<FLG>
V6155020;V615502001;QmnJ;1;"2023-01-11 00:00:00";16;17411;20;10;0;<FLG>
V6155020;V615502001;QmnJ;1;"2023-01-12 00:00:00";16;17233;20;10;0;<FLG>
V6155020;V615502001;QmnJ;1;"2023-01-13 00:00:00";16;17056;20;10;0;<FLG>
V6155020;V615502001;QmnJ;1;"2023-01-14 00:00:00";16;16879;20;10;0;<FLG>
V6155020;V615502001;QmnJ;1;"2023-01-15 00:00:00";16;16702;20;10;0;<FLG>
V6155020;V615502001;QmnJ;1;"2023-01-16 00:00:00";16;16525;20;10;0;<FLG>
V6155020;V615502001;QmnJ;1;"2023-01-17 00:00:00";16;16347;20;10;0;<FLG>
V6155020;V615502001;QmnJ;1;"2023-01-18 00:00:00";16;16170;20;10;0;<FLG>
V6155020;V615502001;QmnJ;1;"2023-01-19 00:00:00";16;15981;20;10;0;<FLG>
V6155020;V615502001;QmnJ;1;"2023-01-20 00:00:00";16;15691;20;10;0;<FLG>
V6155020;V615502001;QmnJ;1;"2023-01-21 00:00:00";16;15417;20;10;0;<FLG>
V6155020;V615502001;QmnJ;1;"2023-01-22 00:00:00";16;15170;20;10;0;<FLG>
V6155020;V615502001;QmnJ;1;"2023-01-23 00:00:00";16;14930;20;10;0;<FLG>
V6155020;V615502001;QmnJ;1;"2023-01-24 00:00:00";16;14696;20;10;0;<FLG>
V6155020;V615502001;QmnJ;1;"2023-01-25 00:00:00";16;14464;20;10;0;<FLG>
V6155020;V615502001;QmnJ;1;"2023-01-26 00:00:00";16;14232;20;10;0;<FLG>
V6155020;V615502001;QmnJ;1;"2023-01-27 00:00:00";16;14069;20;10;0;<FLG>
V6155020;V615502001;QmnJ;1;"2023-01-28 00:00:00";16;13794;20;10;0;<FLG>
V6155020;V615502001;QmnJ;1;"2023-01-29 00:00:00";16;13541;20;10;0;<FLG>
V6155020;V615502001;QmnJ;1;"2023-01-30 00:00:00";16;13296;20;10;0;<FLG>
V6155020;V615502001;QmnJ;1;"2023-01-31 00:00:00";16;13127;20;10;0;<FLG>
V6155020;V615502001;QmnJ;1;"2023-02-01 00:00:00";16;12872;20;10;0;<FLG>
V6155020;V615502001;QmnJ;1;"2023-02-02 00:00:00";16;12656;20;10;0;<FLG>
V6155020;V615502001;QmnJ;1;"2023-02-03 00:00:00";16;12460;20;10;0;<FLG>
V6155020;V615502001;QmnJ;1;"2023-02-04 00:00:00";16;12263;20;10;0;<FLG>
V6155020;V615502001;QmnJ;1;"2023-02-05 00:00:00";16;12066;20;10;0;<FLG>
V6155020;V615502001;QmnJ;1;"2023-02-06 00:00:00";16;11869;20;10;0;<FLG>
V6155020;V615502001;QmnJ;1;"2023-02-07 00:00:00";16;11673;20;10;0;<FLG>
V6155020;V615502001;QmnJ;1;"2023-02-08 00:00:00";16;11476;20;10;0;<FLG>
V6155020;V615502001;QmnJ;1;"2023-02-09 00:00:00";16;11279;20;10;0;<FLG>
V6155020;V615502001;QmnJ;1;"2023-02-10 00:00:00";16;11083;20;10;0;<FLG>
V6155020;V615502001;QmnJ;1;"2023-02-11 00:00:00";16;10886;20;10;0;<FLG>
V6155020;V615502001;QmnJ;1;"2023-02-12 00:00:00";16;10689;20;10;0;<FLG>
V6155020;V615502001;QmnJ;1;"2023-02-13 00:00:00";16;10442;20;10;0;<FLG>
V6155020;V615502001;QmnJ;1;"2023-02-14 00:00:00";16;10197;20;10;0;<FLG>
V6155020;V615502001;QmnJ;1;"2023-02-15 00:00:00";16;10061;20;10;0;<FLG>
V6155020;V615502001;QmnJ;1;"2023-02-16 00:00:00";16;9967;20;10;0;<FLG>
V6155020;V615502001;QmnJ;1;"2023-02-17 00:00:00";16;9872;20;10;0;<FLG>
V6155020;V615502001;QmnJ;1;"2023-02-18 00:00:00";16;9777;20;10;0;<FLG>
V6155020;V615502001;QmnJ;1;"2023-02-19 00:00:00";16;9683;20;10;0;<FLG>
V6155020;V615502001;QmnJ;1;"2023-02-20 00:00:00";16;9598;20;10;0;<FLG>
V6155020;V615502001;QmnJ;1;"2023-02-21 00:00:00";16;9518;20;10;0;<FLG>
V6155020;V615502001;QmnJ;1;"2023-02-22 00:00:00";16;9438;20;10;0;<FLG>
V6155020;V615502001;QmnJ;1;"2023-02-23 00:00:00";16;9357;20;10;0;<FLG>
V6155020;V615502001;QmnJ;1;"2023-02-24 00:00:00";16;9280;20;10;0;<FLG>
V6155020;V615502001;QmnJ;1;"2023-02-25 00:00:00";16;9237;20;10;0;<FLG>
V6155020;V615502001;QmnJ;1;"2023-02-26 00:00:00";16;9191;20;10;0;<FLG>
V6155020;V615502001;QmnJ;1;"2023-02-27 00:00:00";16;9079;20;10;0;<FLG>
V6155020;V615502001;QmnJ;1;"2023-02-28 00:00:00";16;8943;20;10;0;<FLG>
V6155020;V615502001;QmnJ;1;"2023-03-01 00:00:00";16;8853;20;10;0;<FLG>
V6155020;V615502001;QmnJ;1;"2023-03-02 00:00:00";16;8743;20;10;0;<FLG>
V6155020;V615502001;QmnJ;1;"2023-03-03 00:00:00";16;8644;20;10;0;<FLG>
V6155020;V615502001;QmnJ;1;"2023-03-04 00:00:00";16;8536;20;10;0;<FLG>
V6155020;V615502001;QmnJ;1;"2023-03-05 00:00:00";16;8420;20;10;0;<FLG>
V6155020;V615502001;QmnJ;1;"2023-03-06 00:00:00";16;8384;20;10;0;<FLG>
V6155020;V615502001;QmnJ;1;"2023-03-07 00:00:00";16;8281;20;10;0;<FLG>
V6155020;V615502001;QmnJ;1;"2023-03-08 00:00:00";16;8156;20;10;0;<FLG>
V6155020;V615502001;QmnJ;1;"2023-03-09 00:00:00";16;8090;20;10;0;<FLG>
V6155020;V615502001;QmnJ;1;"2023-03-10 00:00:00";16;8034;20;10;0;<FLG>
V6155020;V615502001;QmnJ;1;"2023-03-11 00:00:00";16;8018;20;10;0;<FLG>
V6155020;V615502001;QmnJ;1;"2023-03-12 00:00:00";16;8113;20;10;0;<FLG>
V6155020;V615502001;QmnJ;1;"2023-03-13 00:00:00";16;8248;20;10;0;<FLG>
V6155020;V615502001;QmnJ;1;"2023-03-14 00:00:00";16;8467;20;10;0;<FLG>
V6155020;V615502001;QmnJ;1;"2023-03-15 00:00:00";16;9105;20;10;0;<FLG>
V6155020;V615502001;QmnJ;1;"2023-03-16 00:00:00";16;9455;20;10;0;<FLG>
V6155020;V615502001;QmnJ;1;"2023-03-17 00:00:00";16;9418;20;10;0;<FLG>
V6155020;V615502001;QmnJ;1;"2023-03-18 00:00:00";16;9270;20;10;0;<FLG>
V6155020;V615502001;QmnJ;1;"2023-03-19 00:00:00";16;9130;20;10;0;<FLG>
V6155020;V615502001;QmnJ;1;"2023-03-20 00:00:00";16;9003;20;10;0;<FLG>
V6155020;V615502001;QmnJ;1;"2023-03-21 00:00:00";16;8908;20;10;0;<FLG>
V6155020;V615502001;QmnJ;1;"2023-03-22 00:00:00";16;8811;20;10;0;<FLG>
V6155020;V615502001;QmnJ;1;"2023-03-23 00:00:00";16;8696;20;10;0;<FLG>
V6155020;V615502001;QmnJ;1;"2023-03-24 00:00:00";16;8515;20;10;0;<FLG>
V6155020;V615502001;QmnJ;1;"2023-03-25 00:00:00";16;8311;20;10;0;<FLG>
V6155020;V615502001;QmnJ;1;"2023-03-26 00:00:00";16;8232;20;10;0;<FLG>
V6155020;V615502001;QmnJ;1;"2023-03-27 00:00:00";16;8153;20;10;0;<FLG>
V6155020;V615502001;QmnJ;1;"2023-03-28 00:00:00";16;8069;20;10;0;<FLG>
V6155020;V615502001;QmnJ;1;"2023-03-29 00:00:00";16;7939;20;10;0;<FLG>
V6155020;V615502001;QmnJ;1;"2023-03-30 00:00:00";16;7839;20;10;0;<FLG>
V6155020;V615502001;QmnJ;1;"2023-03-31 00:00:00";16;7786;20;10;0;<FLG>
V6155020;V615502001;QmnJ;1;"2023-04-01 00:00:00";16;7746;20;10;0;<FLG>
V6155020;V615502001;QmnJ;1;"2023-04-02 00:00:00";16;7693;20;10;0;<FLG>
V6155020;V615502001;QmnJ;1;"2023-04-03 00:00:00";16;7607;20;10;0;<FLG>
V6155020;V615502001;QmnJ;1;"2023-04-04 00:00:00";16;7513;20;10;0;<FLG>
V6155020;V615502001;QmnJ;1;"2023-04-05 00:00:00";16;7432;20;10;0;<FLG>
V6155020;V615502001;QmnJ;1;"2023-04-06 00:00:00";16;7354;20;10;0;<FLG>
V6155020;V615502001;QmnJ;1;"2023-04-07 00:00:00";16;7258;20;10;0;<FLG>
V6155020;V615502001;QmnJ;1;"2023-04-08 00:00:00";16;7174;20;10;0;<FLG>
V6155020;V615502001;QmnJ;1;"2023-04-09 00:00:00";16;7094;20;10;0;<FLG>
V6155020;V615502001;QmnJ;1;"2023-04-10 00:00:00";16;7014;20;10;0;<FLG>
V6155020;V615502001;QmnJ;1;"2023-04-11 00:00:00";16;6959;20;10;0;<FLG>
V6155020;V615502001;QmnJ;1;"2023-04-12 00:00:00";16;6915;20;10;0;<FLG>
V6155020;V615502001;QmnJ;1;"2023-04-13 00:00:00";16;6905;20;10;0;<FLG>
V6155020;V615502001;QmnJ;1;"2023-04-14 00:00:00";16;6859;20;10;0;<FLG>
V6155020;V615502001;QmnJ;1;"2023-04-15 00:00:00";16;6784;20;10;0;<FLG>
V6155020;V615502001;QmnJ;1;"2023-04-16 00:00:00";16;6712;20;10;0;<FLG>
V6155020;V615502001;QmnJ;1;"2023-04-17 00:00:00";16;6614;20;10;0;<FLG>
V6155020;V615502001;QmnJ;1;"2023-04-18 00:00:00";16;6549;20;10;0;<FLG>
V6155020;V615502001;QmnJ;1;"2023-04-19 00:00:00";16;6501;20;10;0;<FLG>
V6155020;V615502001;QmnJ;1;"2023-04-20 00:00:00";16;6484;20;10;0;<FLG>
V6155020;V615502001;QmnJ;1;"2023-04-21 00:00:00";16;6466;20;10;0;<FLG>
V6155020;V615502001;QmnJ;1;"2023-04-22 00:00:00";16;6418;20;10;0;<FLG>
V6155020;V615502001;QmnJ;1;"2023-04-23 00:00:00";16;6384;20;10;0;<FLG>
V6155020;V615502001;QmnJ;1;"2023-04-24 00:00:00";16;6366;20;10;0;<FLG>
V6155020;V615502001;QmnJ;1;"2023-04-25 00:00:00";16;6346;20;10;0;<FLG>
V6155020;V615502001;QmnJ;1;"2023-04-26 00:00:00";16;6301;20;10;0;<FLG>
V6155020;V615502001;QmnJ;1;"2023-04-27 00:00:00";16;6250;20;10;0;<FLG>
V6155020;V615502001;QmnJ;1;"2023-04-28 00:00:00";16;6198;20;10;0;<FLG>
V6155020;V615502001;QmnJ;1;"2023-04-29 00:00:00";16;6147;20;10;0;<FLG>
V6155020;V615502001;QmnJ;1;"2023-04-30 00:00:00";16;6114;20;10;0;<FLG>
V6155020;V615502001;QmnJ;1;"2023-05-01 00:00:00";16;6254;20;10;0;<FLG>
V6155020;V615502001;QmnJ;1;"2023-05-02 00:00:00";16;6390;20;10;0;<FLG>
V6155020;V615502001;QmnJ;1;"2023-05-03 00:00:00";16;6389;20;10;0;<FLG>
V6155020;V615502001;QmnJ;1;"2023-05-04 00:00:00";16;6297;20;10;0;<FLG>
V6155020;V615502001;QmnJ;1;"2023-05-05 00:00:00";16;6208;20;10;0;<FLG>
V6155020;V615502001;QmnJ;1;"2023-05-06 00:00:00";16;6170;20;10;0;<FLG>
V6155020;V615502001;QmnJ;1;"2023-05-07 00:00:00";16;6119;20;10;0;<FLG>
V6155020;V615502001;QmnJ;1;"2023-05-08 00:00:00";16;6058;20;10;0;<FLG>
V6155020;V615502001;QmnJ;1;"2023-05-09 00:00:00";16;6013;20;10;0;<FLG>
V6155020;V615502001;QmnJ;1;"2023-05-10 00:00:00";16;5944;20;10;0;<FLG>
V6155020;V615502001;QmnJ;1;"2023-05-11 00:00:00";16;5917;20;10;0;<FLG>
V6155020;V615502001;QmnJ;1;"2023-05-12 00:00:00";16;5848;20;10;0;<FLG>
V6155020;V615502001;QmnJ;1;"2023-05-13 00:00:00";16;5827;20;10;0;<FLG>
V6155020;V615502001;QmnJ;1;"2023-05-14 00:00:00";16;5821;20;10;0;<FLG>
V6155020;V615502001;QmnJ;1;"2023-05-15 00:00:00";16;5832;20;10;0;<FLG>
V6155020;V615502001;QmnJ;1;"2023-05-16 00:00:00";16;5818;20;10;0;<FLG>
V6155020;V615502001;QmnJ;1;"2023-05-17 00:00:00";16;5799;20;10;0;<FLG>
V6155020;V615502001;QmnJ;1;"2023-05-18 00:00:00";16;5731;20;10;0;<FLG>
V6155020;V615502001;QmnJ;1;"2023-05-19 00:00:00";16;5968;20;10;0;<FLG>
V6155020;V615502001;QmnJ;1;"2023-05-20 00:00:00";16;6633;20;10;0;<FLG>
V6155020;V615502001;QmnJ;1;"2023-05-21 00:00:00";16;7074;20;10;0;<FLG>
V6155020;V615502001;QmnJ;1;"2023-05-22 00:00:00";16;7238;20;10;0;<FLG>
V6155020;V615502001;QmnJ;1;"2023-05-23 00:00:00";16;7390;20;10;0;<FLG>
V6155020;V615502001;QmnJ;1;"2023-05-24 00:00:00";16;7748;20;10;0;<FLG>
V6155020;V615502001;QmnJ;1;"2023-05-25 00:00:00";16;9550;20;10;0;<FLG>
V6155020;V615502001;QmnJ;1;"2023-05-26 00:00:00";16;13037;20;10;0;<FLG>
V6155020;V615502001;QmnJ;1;"2023-05-27 00:00:00";16;14142;20;10;0;<FLG>
V6155020;V615502001;QmnJ;1;"2023-05-28 00:00:00";16;13772;20;10;0;<FLG>
V6155020;V615502001;QmnJ;1;"2023-05-29 00:00:00";16;13797;20;10;0;<FLG>
V6155020;V615502001;QmnJ;1;"2023-05-30 00:00:00";16;14529;20;10;0;<FLG>
V6155020;V615502001;QmnJ;1;"2023-05-31 00:00:00";16;14491;20;10;0;<FLG>
V6155020;V615502001;QmnJ;1;"2023-06-01 00:00:00";16;14348;20;10;0;<FLG>
V6155020;V615502001;QmnJ;1;"2023-06-02 00:00:00";16;14079;20;10;0;<FLG>
V6155020;V615502001;QmnJ;1;"2023-06-03 00:00:00";16;14252;20;10;0;<FLG>
V6155020;V615502001;QmnJ;1;"2023-06-04 00:00:00";16;14789;20;10;0;<FLG>
V6155020;V615502001;QmnJ;1;"2023-06-05 00:00:00";16;15919;20;10;0;<FLG>
V6155020;V615502001;QmnJ;1;"2023-06-06 00:00:00";16;18119;20;10;0;<FLG>
V6155020;V615502001;QmnJ;1;"2023-06-07 00:00:00";16;19508;20;10;0;<FLG>
V6155020;V615502001;QmnJ;1;"2023-06-08 00:00:00";16;20326;20;10;0;<FLG>
V6155020;V615502001;QmnJ;1;"2023-06-09 00:00:00";16;19442;20;10;0;<FLG>
V6155020;V615502001;QmnJ;1;"2023-06-10 00:00:00";16;18720;20;10;0;<FLG>
V6155020;V615502001;QmnJ;1;"2023-06-11 00:00:00";16;18151;20;10;0;<FLG>
V6155020;V615502001;QmnJ;1;"2023-06-12 00:00:00";16;17755;20;10;0;<FLG>
V6155020;V615502001;QmnJ;1;"2023-06-13 00:00:00";16;18725;20;10;0;<FLG>
V6155020;V615502001;QmnJ;1;"2023-06-14 00:00:00";16;25046;20;10;0;<FLG>
V6155020;V615502001;QmnJ;1;"2023-06-15 00:00:00";16;30222;20;10;0;<FLG>
V6155020;V615502001;QmnJ;1;"2023-06-16 00:00:00";16;29652;20;10;0;<FLG>
V6155020;V615502001;QmnJ;1;"2023-06-17 00:00:00";16;27598;20;10;0;<FLG>
V6155020;V615502001;QmnJ;1;"2023-06-18 00:00:00";16;24872;20;10;0;<FLG>
V6155020;V615502001;QmnJ;1;"2023-06-19 00:00:00";16;22352;20;10;0;<FLG>
V6155020;V615502001;QmnJ;1;"2023-06-20 00:00:00";16;20716;20;10;0;<FLG>
V6155020;V615502001;QmnJ;1;"2023-06-21 00:00:00";16;19631;20;10;0;<FLG>
V6155020;V615502001;QmnJ;1;"2023-06-22 00:00:00";16;19208;20;10;0;<FLG>
V6155020;V615502001;QmnJ;1;"2023-06-23 00:00:00";16;18771;20;10;0;<FLG>
V6155020;V615502001;QmnJ;1;"2023-06-24 00:00:00";16;18322;20;10;0;<FLG>
V6155020;V615502001;QmnJ;1;"2023-06-25 00:00:00";16;17884;20;10;0;<FLG>
V6155020;V615502001;QmnJ;1;"2023-06-26 00:00:00";16;17468;20;10;0;<FLG>
V6155020;V615502001;QmnJ;1;"2023-06-27 00:00:00";16;17014;20;10;0;<FLG>
V6155020;V615502001;QmnJ;1;"2023-06-28 00:00:00";16;16544;20;10;0;<FLG>
V6155020;V615502001;QmnJ;1;"2023-06-29 00:00:00";16;16106;20;10;0;<FLG>
V6155020;V615502001;QmnJ;1;"2023-06-30 00:00:00";16;15705;20;10;0;<FLG>
V6155020;V615502001;QmnJ;1;"2023-07-01 00:00:00";16;15316;20;10;0;<FLG>
V6155020;V615502001;QmnJ;1;"2023-07-02 00:00:00";16;14943;20;10;0;<FLG>
V6155020;V615502001;QmnJ;1;"2023-07-03 00:00:00";16;14590;20;10;0;<FLG>
V6155020;V615502001;QmnJ;1;"2023-07-04 00:00:00";16;14280;20;10;0;<FLG>
V6155020;V615502001;QmnJ;1;"2023-07-05 00:00:00";16;13905;20;10;0;<FLG>
V6155020;V615502001;QmnJ;1;"2023-07-06 00:00:00";16;13559;20;10;0;<FLG>
V6155020;V615502001;QmnJ;1;"2023-07-07 00:00:00";16;13213;20;10;0;<FLG>
V6155020;V615502001;QmnJ;1;"2023-07-08 00:00:00";16;12872;20;10;0;<FLG>
V6155020;V615502001;QmnJ;1;"2023-07-09 00:00:00";16;12513;20;10;0;<FLG>
V6155020;V615502001;QmnJ;1;"2023-07-10 00:00:00";16;12218;20;10;0;<FLG>
V6155020;V615502001;QmnJ;1;"2023-07-11 00:00:00";16;11914;20;10;0;<FLG>
V6155020;V615502001;QmnJ;1;"2023-07-12 00:00:00";16;11631;20;10;0;<FLG>
V6155020;V615502001;QmnJ;1;"2023-07-13 00:00:00";16;11464;20;10;0;<FLG>
V6155020;V615502001;QmnJ;1;"2023-07-14 00:00:00";16;11282;20;10;0;<FLG>
V6155020;V615502001;QmnJ;1;"2023-07-15 00:00:00";16;11019;20;10;0;<FLG>
V6155020;V615502001;QmnJ;1;"2023-07-16 00:00:00";16;10759;20;10;0;<FLG>
V6155020;V615502001;QmnJ;1;"2023-07-17 00:00:00";16;10470;20;10;0;<FLG>
V6155020;V615502001;QmnJ;1;"2023-07-18 00:00:00";16;10275;20;10;0;<FLG>
V6155020;V615502001;QmnJ;1;"2023-07-19 00:00:00";16;10045;20;10;0;<FLG>
V6155020;V615502001;QmnJ;1;"2023-07-20 00:00:00";16;9799;20;10;0;<FLG>
V6155020;V615502001;QmnJ;1;"2023-07-21 00:00:00";16;9619;20;10;0;<FLG>
V6155020;V615502001;QmnJ;1;"2023-07-22 00:00:00";16;9440;20;10;0;<FLG>
V6155020;V615502001;QmnJ;1;"2023-07-23 00:00:00";16;9304;20;10;0;<FLG>
V6155020;V615502001;QmnJ;1;"2023-07-24 00:00:00";16;9200;20;10;0;<FLG>
V6155020;V615502001;QmnJ;1;"2023-07-25 00:00:00";16;9038;20;10;0;<FLG>
V6155020;V615502001;QmnJ;1;"2023-07-26 00:00:00";16;8887;20;10;0;<FLG>
V6155020;V615502001;QmnJ;1;"2023-07-27 00:00:00";16;8787;20;10;0;<FLG>
V6155020;V615502001;QmnJ;1;"2023-07-28 00:00:00";16;8651;20;10;0;<FLG>
V6155020;V615502001;QmnJ;1;"2023-07-29 00:00:00";16;8541;20;10;0;<FLG>
V6155020;V615502001;QmnJ;1;"2023-07-30 00:00:00";16;8378;20;10;0;<FLG>
V6155020;V615502001;QmnJ;1;"2023-07-31 00:00:00";16;8245;20;10;0;<FLG>
V6155020;V615502001;QmnJ;1;"2023-08-01 00:00:00";16;8164;20;10;0;<FLG>
V6155020;V615502001;QmnJ;1;"2023-08-02 00:00:00";16;8036;20;10;0;<FLG>
V6155020;V615502001;QmnJ;1;"2023-08-03 00:00:00";16;7917;20;10;0;<FLG>
V6155020;V615502001;QmnJ;1;"2023-08-04 00:00:00";16;7809;20;10;0;<FLG>
V6155020;V615502001;QmnJ;1;"2023-08-05 00:00:00";16;7741;20;10;0;<FLG>
V6155020;V615502001;QmnJ;1;"2023-08-06 00:00:00";16;7673;20;10;0;<FLG>
V6155020;V615502001;QmnJ;1;"2023-08-07 00:00:00";16;7570;20;10;0;<FLG>
V6155020;V615502001;QmnJ;1;"2023-08-08 00:00:00";16;7466;20;10;0;<FLG>
V6155020;V615502001;QmnJ;1;"2023-08-09 00:00:00";16;7335;20;10;0;<FLG>
V6155020;V615502001;QmnJ;1;"2023-08-10 00:00:00";16;7206;20;10;0;<FLG>
V6155020;V615502001;QmnJ;1;"2023-08-11 00:00:00";16;7122;20;10;0;<FLG>
V6155020;V615502001;QmnJ;1;"2023-08-12 00:00:00";16;7037;20;10;0;<FLG>
V6155020;V615502001;QmnJ;1;"2023-08-13 00:00:00";16;6953;20;10;0;<FLG>
V6155020;V615502001;QmnJ;1;"2023-08-14 00:00:00";16;6880;20;10;0;<FLG>
V6155020;V615502001;QmnJ;1;"2023-08-15 00:00:00";16;6815;20;10;0;<FLG>
V6155020;V615502001;QmnJ;1;"2023-08-16 00:00:00";16;6749;20;10;0;<FLG>
V6155020;V615502001;QmnJ;1;"2023-08-17 00:00:00";16;6684;20;10;0;<FLG>
V6155020;V615502001;QmnJ;1;"2023-08-18 00:00:00";16;6617;20;10;0;<FLG>
V6155020;V615502001;QmnJ;1;"2023-08-19 00:00:00";16;6548;20;10;0;<FLG>
V6155020;V615502001;QmnJ;1;"2023-08-20 00:00:00";16;6479;20;10;0;<FLG>
V6155020;V615502001;QmnJ;1;"2023-08-21 00:00:00";16;6413;20;10;0;<FLG>
V6155020;V615502001;QmnJ;1;"2023-08-22 00:00:00";16;6365;20;10;0;<FLG>
V6155020;V615502001;QmnJ;1;"2023-08-23 00:00:00";16;6320;20;10;0;<FLG>
V6155020;V615502001;QmnJ;1;"2023-08-24 00:00:00";16;6275;20;10;0;<FLG>
V6155020;V615502001;QmnJ;1;"2023-08-25 00:00:00";16;6188;20;10;0;<FLG>
V6155020;V615502001;QmnJ;1;"2023-08-26 00:00:00";16;6085;20;10;0;<FLG>
V6155020;V615502001;QmnJ;1;"2023-08-27 00:00:00";16;6141;20;10;0;<FLG>
V6155020;V615502001;QmnJ;1;"2023-08-28 00:00:00";16;6170;20;10;0;<FLG>
V6155020;V615502001;QmnJ;1;"2023-08-29 00:00:00";16;6148;20;10;0;<FLG>
V6155020;V615502001;QmnJ;1;"2023-08-30 00:00:00";16;6100;20;10;0;<FLG>
V6155020;V615502001;QmnJ;1;"2023-08-31 00:00:00";16;5997;20;10;0;<FLG>
V6155020;V615502001;QmnJ;1;"2023-09-01 00:00:00";16;5883;20;10;0;<FLG>
V6155020;V615502001;QmnJ;1;"2023-09-02 00:00:00";16;5795;20;10;0;<FLG>
V6155020;V615502001;QmnJ;1;"2023-09-03 00:00:00";16;5757;20;10;0;<FLG>
V6155020;V615502001;QmnJ;1;"2023-09-04 00:00:00";16;5733;20;10;0;<FLG>
V6155020;V615502001;QmnJ;1;"2023-09-05 00:00:00";16;5706;20;10;0;<FLG>
V6155020;V615502001;QmnJ;1;"2023-09-06 00:00:00";16;5658;20;10;0;<FLG>
V6155020;V615502001;QmnJ;1;"2023-09-07 00:00:00";16;5641;20;10;0;<FLG>
V6155020;V615502001;QmnJ;1;"2023-09-08 00:00:00";16;5600;20;10;0;<FLG>
V6155020;V615502001;QmnJ;1;"2023-09-09 00:00:00";16;5574;20;10;0;<FLG>
V6155020;V615502001;QmnJ;1;"2023-09-10 00:00:00";16;5539;20;10;0;<FLG>
V6155020;V615502001;QmnJ;1;"2023-09-11 00:00:00";16;5447;20;10;0;<FLG>
V6155020;V615502001;QmnJ;1;"2023-09-12 00:00:00";16;5396;20;10;0;<FLG>
V6155020;V615502001;QmnJ;1;"2023-09-13 00:00:00";16;5360;20;10;0;<FLG>
V6155020;V615502001;QmnJ;1;"2023-09-14 00:00:00";16;5339;20;10;0;<FLG>
V6155020;V615502001;QmnJ;1;"2023-09-15 00:00:00";16;5336;20;10;0;<FLG>
V6155020;V615502001;QmnJ;1;"2023-09-16 00:00:00";16;5269;20;10;0;<FLG>
V6155020;V615502001;QmnJ;1;"2023-09-17 00:00:00";16;5273;20;10;0;<FLG>
V6155020;V615502001;QmnJ;1;"2023-09-18 00:00:00";16;5275;20;10;0;<FLG>
V6155020;V615502001;QmnJ;1;"2023-09-19 00:00:00";16;5312;20;10;0;<FLG>
V6155020;V615502001;QmnJ;1;"2023-09-20 00:00:00";16;5265;20;10;0;<FLG>
V6155020;V615502001;QmnJ;1;"2023-09-21 00:00:00";16;5310;20;10;0;<FLG>
V6155020;V615502001;QmnJ;1;"2023-09-22 00:00:00";16;5817;20;10;0;<FLG>
V6155020;V615502001;QmnJ;1;"2023-09-23 00:00:00";16;6070;20;10;0;<FLG>
V6155020;V615502001;QmnJ;1;"2023-09-24 00:00:00";16;5875;20;10;0;<FLG>
V6155020;V615502001;QmnJ;1;"2023-09-25 00:00:00";16;5623;20;10;0;<FLG>
V6155020;V615502001;QmnJ;1;"2023-09-26 00:00:00";16;5417;20;10;0;<FLG>
V6155020;V615502001;QmnJ;1;"2023-09-27 00:00:00";16;5322;20;10;0;<FLG>
V6155020;V615502001;QmnJ;1;"2023-09-28 00:00:00";16;5213;20;10;0;<FLG>
V6155020;V615502001;QmnJ;1;"2023-09-29 00:00:00";16;5122;20;10;0;<FLG>
V6155020;V615502001;QmnJ;1;"2023-09-30 00:00:00";16;5058;20;10;0;<FLG>
V6155020;V615502001;QmnJ;1;"2023-10-01 00:00:00";16;4983;20;10;0;<FLG>
V6155020;V615502001;QmnJ;1;"2023-10-02 00:00:00";16;4936;20;10;0;<FLG>
V6155020;V615502001;QmnJ;1;"2023-10-03 00:00:00";16;4865;20;10;0;<FLG>
V6155020;V615502001;QmnJ;1;"2023-10-04 00:00:00";16;4826;20;10;0;<FLG>
V6155020;V615502001;QmnJ;1;"2023-10-05 00:00:00";16;4845;20;10;0;<FLG>
V6155020;V615502001;QmnJ;1;"2023-10-06 00:00:00";16;4762;20;10;0;<FLG>
V6155020;V615502001;QmnJ;1;"2023-10-07 00:00:00";16;4742;20;10;0;<FLG>
V6155020;V615502001;QmnJ;1;"2023-10-08 00:00:00";16;4741;20;10;0;<FLG>
V6155020;V615502001;QmnJ;1;"2023-10-09 00:00:00";16;4717;20;10;0;<FLG>
V6155020;V615502001;QmnJ;1;"2023-10-10 00:00:00";16;4629;20;10;0;<FLG>
V6155020;V615502001;QmnJ;1;"2023-10-11 00:00:00";16;4649;20;10;0;<FLG>
V6155020;V615502001;QmnJ;1;"2023-10-12 00:00:00";16;4637;20;10;0;<FLG>
V6155020;V615502001;QmnJ;1;"2023-10-13 00:00:00";16;4624;20;10;0;<FLG>
V6155020;V615502001;QmnJ;1;"2023-10-14 00:00:00";16;4596;20;10;0;<FLG>
V6155020;V615502001;QmnJ;1;"2023-10-15 00:00:00";16;4594;20;10;0;<FLG>
V6155020;V615502001;QmnJ;1;"2023-10-16 00:00:00";16;4581;20;10;0;<FLG>
V6155020;V615502001;QmnJ;1;"2023-10-17 00:00:00";16;4516;20;10;0;<FLG>
V6155020;V615502001;QmnJ;1;"2023-10-18 00:00:00";16;4584;20;10;0;<FLG>
V6155020;V615502001;QmnJ;1;"2023-10-19 00:00:00";16;4631;20;10;0;<FLG>
V6155020;V615502001;QmnJ;1;"2023-10-20 00:00:00";16;5356;20;10;0;<FLG>
V6155020;V615502001;QmnJ;1;"2023-10-21 00:00:00";16;7610;20;10;0;<FLG>
V6155020;V615502001;QmnJ;1;"2023-10-22 00:00:00";16;7504;20;10;0;<FLG>
V6155020;V615502001;QmnJ;1;"2023-10-23 00:00:00";16;6928;20;10;0;<FLG>
V6155020;V615502001;QmnJ;1;"2023-10-24 00:00:00";16;6655;20;10;0;<FLG>
V6155020;V615502001;QmnJ;1;"2023-10-25 00:00:00";16;7985;20;10;0;<FLG>
V6155020;V615502001;QmnJ;1;"2023-10-26 00:00:00";16;8660;20;10;0;<FLG>
V6155020;V615502001;QmnJ;1;"2023-10-27 00:00:00";16;8399;20;10;0;<FLG>
V6155020;V615502001;QmnJ;1;"2023-10-28 00:00:00";16;8378;20;10;0;<FLG>
V6155020;V615502001;QmnJ;1;"2023-10-29 00:00:00";16;8130;20;10;0;<FLG>
V6155020;V615502001;QmnJ;1;"2023-10-30 00:00:00";16;7860;20;10;0;<FLG>
V6155020;V615502001;QmnJ;1;"2023-10-31 00:00:00";16;10568;20;10;0;<FLG>
V6155020;V615502001;QmnJ;1;"2023-11-01 00:00:00";16;12626;20;10;0;<FLG>
V6155020;V615502001;QmnJ;1;"2023-11-02 00:00:00";16;12381;20;10;0;<FLG>
V6155020;V615502001;QmnJ;1;"2023-11-03 00:00:00";16;13648;20;10;0;<FLG>
V6155020;V615502001;QmnJ;1;"2023-11-04 00:00:00";16;15040;20;10;0;<FLG>
V6155020;V615502001;QmnJ;1;"2023-11-05 00:00:00";16;15887;20;10;0;<FLG>
V6155020;V615502001;QmnJ;1;"2023-11-06 00:00:00";16;17207;20;10;0;<FLG>
V6155020;V615502001;QmnJ;1;"2023-11-07 00:00:00";16;17258;20;10;0;<FLG>
V6155020;V615502001;QmnJ;1;"2023-11-08 00:00:00";16;16520;20;10;0;<FLG>
V6155020;V615502001;QmnJ;1;"2023-11-09 00:00:00";16;15658;20;10;0;<FLG>
V6155020;V615502001;QmnJ;1;"2023-11-10 00:00:00";16;15454;20;10;0;<FLG>
V6155020;V615502001;QmnJ;1;"2023-11-11 00:00:00";16;16165;20;10;0;<FLG>
V6155020;V615502001;QmnJ;1;"2023-11-12 00:00:00";16;16528;20;10;0;<FLG>
V6155020;V615502001;QmnJ;1;"2023-11-13 00:00:00";16;16162;20;10;0;<FLG>
V6155020;V615502001;QmnJ;1;"2023-11-14 00:00:00";16;15679;20;10;0;<FLG>
V6155020;V615502001;QmnJ;1;"2023-11-15 00:00:00";16;15248;20;10;0;<FLG>
V6155020;V615502001;QmnJ;1;"2023-11-16 00:00:00";16;14699;20;10;0;<FLG>
V6155020;V615502001;QmnJ;1;"2023-11-17 00:00:00";16;14155;20;10;0;<FLG>
V6155020;V615502001;QmnJ;1;"2023-11-18 00:00:00";16;13554;20;10;0;<FLG>
V6155020;V615502001;QmnJ;1;"2023-11-19 00:00:00";16;12955;20;10;0;<FLG>
V6155020;V615502001;QmnJ;1;"2023-11-20 00:00:00";16;12429;20;10;0;<FLG>
V6155020;V615502001;QmnJ;1;"2023-11-21 00:00:00";16;11916;20;10;0;<FLG>
V6155020;V615502001;QmnJ;1;"2023-11-22 00:00:00";16;11473;20;10;0;<FLG>
V6155020;V615502001;QmnJ;1;"2023-11-23 00:00:00";16;11016;20;10;0;<FLG>
V6155020;V615502001;QmnJ;1;"2023-11-24 00:00:00";16;10625;20;10;0;<FLG>
V6155020;V615502001;QmnJ;1;"2023-11-25 00:00:00";16;10276;20;10;0;<FLG>
V6155020;V615502001;QmnJ;1;"2023-11-26 00:00:00";16;10028;20;10;0;<FLG>
V6155020;V615502001;QmnJ;1;"2023-11-27 00:00:00";16;9767;20;10;0;<FLG>
V6155020;V615502001;QmnJ;1;"2023-11-28 00:00:00";16;9529;20;10;0;<FLG>
V6155020;V615502001;QmnJ;1;"2023-11-29 00:00:00";16;9342;20;10;0;<FLG>
V6155020;V615502001;QmnJ;1;"2023-11-30 00:00:00";16;9151;20;10;0;<FLG>
V6155020;V615502001;QmnJ;1;"2023-12-01 00:00:00";16;9297;20;10;0;<FLG>
V6155020;V615502001;QmnJ;1;"2023-12-02 00:00:00";16;12131;20;10;0;<FLG>
V6155020;V615502001;QmnJ;1;"2023-12-03 00:00:00";16;14766;20;10;0;<FLG>
V6155020;V615502001;QmnJ;1;"2023-12-04 00:00:00";16;15484;20;10;0;<FLG>
V6155020;V615502001;QmnJ;1;"2023-12-05 00:00:00";16;15706;20;10;0;<FLG>
V6155020;V615502001;QmnJ;1;"2023-12-06 00:00:00";16;15962;20;10;0;<FLG>
V6155020;V615502001;QmnJ;1;"2023-12-07 00:00:00";16;15994;20;10;0;<FLG>
V6155020;V615502001;QmnJ;1;"2023-12-08 00:00:00";16;16838;20;10;0;<FLG>
V6155020;V615502001;QmnJ;1;"2023-12-09 00:00:00";16;22862;20;10;0;<FLG>
V6155020;V615502001;QmnJ;1;"2023-12-10 00:00:00";16;25265;20;10;0;<FLG>
V6155020;V615502001;QmnJ;1;"2023-12-11 00:00:00";16;24766;20;10;0;<FLG>
V6155020;V615502001;QmnJ;1;"2023-12-12 00:00:00";16;24046;20;10;0;<FLG>
V6155020;V615502001;QmnJ;1;"2023-12-13 00:00:00";16;23122;20;10;0;<FLG>
V6155020;V615502001;QmnJ;1;"2023-12-14 00:00:00";16;21565;20;10;0;<FLG>
V6155020;V615502001;QmnJ;1;"2023-12-15 00:00:00";16;20075;20;10;0;<FLG>
V6155020;V615502001;QmnJ;1;"2023-12-16 00:00:00";16;18931;20;10;0;<FLG>
V6155020;V615502001;QmnJ;1;"2023-12-17 00:00:00";16;18360;20;10;0;<FLG>
V6155020;V615502001;QmnJ;1;"2023-12-18 00:00:00";16;17949;20;10;0;<FLG>
V6155020;V615502001;QmnJ;1;"2023-12-19 00:00:00";16;17543;20;10;0;<FLG>
V6155020;V615502001;QmnJ;1;"2023-12-20 00:00:00";16;17137;20;10;0;<FLG>
V6155020;V615502001;QmnJ;1;"2023-12-21 00:00:00";16;16731;20;10;0;<FLG>
V6155020;V615502001;QmnJ;1;"2023-12-22 00:00:00";16;16298;20;10;0;<FLG>
V6155020;V615502001;QmnJ;1;"2023-12-23 00:00:00";16;15824;20;10;0;<FLG>
V6155020;V615502001;QmnJ;1;"2023-12-24 00:00:00";16;15370;20;10;0;<FLG>
V6155020;V615502001;QmnJ;1;"2023-12-25 00:00:00";16;14934;20;10;0;<FLG>
V6155020;V615502001;QmnJ;1;"2023-12-26 00:00:00";16;14525;20;10;0;<FLG>
V6155020;V615502001;QmnJ;1;"2023-12-27 00:00:00";16;14131;20;10;0;<FLG>
V6155020;V615502001;QmnJ;1;"2023-12-28 00:00:00";16;13737;20;10;0;<FLG>
V6155020;V615502001;QmnJ;1;"2023-12-29 00:00:00";16;13377;20;10;0;<FLG>
V6155020;V615502001;QmnJ;1;"2023-12-30 00:00:00";16;13065;20;10;0;<FLG>
V6155020;V615502001;QmnJ;1;"2023-12-31 00:00:00";16;12753;20;10;0;<FLG>
V6155020;V615502001;QmnJ;1;"2024-01-01 00:00:00";16;12445;20;10;0;<FLG>
V6155020;V615502001;QmnJ;1;"2024-01-02 00:00:00";16;12152;20;10;0;<FLG>
V6155020;V615502001;QmnJ;1;"2024-01-03 00:00:00";16;11861;20;10;0;<FLG>
V6155020;V615502001;QmnJ;1;"2024-01-04 00:00:00";16;11571;20;10;0;<FLG>
V6155020;V615502001;QmnJ;1;"2024-01-05 00:00:00";16;11445;20;10;0;<FLG>
V6155020;V615502001;QmnJ;1;"2024-01-06 00:00:00";16;12774;20;10;0;<FLG>
V6155020;V615502001;QmnJ;1;"2024-01-07 00:00:00";16;13978;20;10;0;<FLG>
V6155020;V615502001;QmnJ;1;"2024-01-08 00:00:00";16;14306;20;10;0;<FLG>
V6155020;V615502001;QmnJ;1;"2024-01-09 00:00:00";16;14192;20;10;0;<FLG>
V6155020;V615502001;QmnJ;1;"2024-01-10 00:00:00";16;13952;20;10;0;<FLG>
V6155020;V615502001;QmnJ;1;"2024-01-11 00:00:00";16;13862;20;10;0;<FLG>
V6155020;V615502001;QmnJ;1;"2024-01-12 00:00:00";16;14027;20;10;0;<FLG>
V6155020;V615502001;QmnJ;1;"2024-01-13 00:00:00";16;14115;20;10;0;<FLG>
V6155020;V615502001;QmnJ;1;"2024-01-14 00:00:00";16;14156;20;10;0;<FLG>
V6155020;V615502001;QmnJ;1;"2024-01-15 00:00:00";16;14163;20;10;0;<FLG>
V6155020;V615502001;QmnJ;1;"2024-01-16 00:00:00";16;14006;20;10;0;<FLG>
V6155020;V615502001;QmnJ;1;"2024-01-17 00:00:00";16;13819;20;10;0;<FLG>
V6155020;V615502001;QmnJ;1;"2024-01-18 00:00:00";16;14577;20;10;0;<FLG>
V6155020;V615502001;QmnJ;1;"2024-01-19 00:00:00";16;16282;20;10;0;<FLG>
V6155020;V615502001;QmnJ;1;"2024-01-20 00:00:00";16;17323;20;10;0;<FLG>
V6155020;V615502001;QmnJ;1;"2024-01-21 00:00:00";16;17535;20;10;0;<FLG>
V6155020;V615502001;QmnJ;1;"2024-01-22 00:00:00";16;17323;20;10;0;<FLG>
V6155020;V615502001;QmnJ;1;"2024-01-23 00:00:00";16;17029;20;10;0;<FLG>
V6155020;V615502001;QmnJ;1;"2024-01-24 00:00:00";16;16690;20;10;0;<FLG>
V6155020;V615502001;QmnJ;1;"2024-01-25 00:00:00";16;16331;20;10;0;<FLG>
V6155020;V615502001;QmnJ;1;"2024-01-26 00:00:00";16;15970;20;10;0;<FLG>
V6155020;V615502001;QmnJ;1;"2024-01-27 00:00:00";16;15585;20;10;0;<FLG>
V6155020;V615502001;QmnJ;1;"2024-01-28 00:00:00";16;15213;20;10;0;<FLG>
V6155020;V615502001;QmnJ;1;"2024-01-29 00:00:00";16;14844;20;10;0;<FLG>
V6155020;V615502001;QmnJ;1;"2024-01-30 00:00:00";16;14475;20;10;0;<FLG>
V6155020;V615502001;QmnJ;1;"2024-01-31 00:00:00";16;14106;20;10;0;<FLG>
V6155020;V615502001;QmnJ;1;"2024-02-01 00:00:00";16;13739;20;10;0;<FLG>
V6155020;V615502001;QmnJ;1;"2024-02-02 00:00:00";16;13381;20;10;0;<FLG>
V6155020;V615502001;QmnJ;1;"2024-02-03 00:00:00";16;13082;20;10;0;<FLG>
V6155020;V615502001;QmnJ;1;"2024-02-04 00:00:00";16;12772;20;10;0;<FLG>
V6155020;V615502001;QmnJ;1;"2024-02-05 00:00:00";16;12517;20;10;0;<FLG>
V6155020;V615502001;QmnJ;1;"2024-02-06 00:00:00";16;12235;20;10;0;<FLG>
V6155020;V615502001;QmnJ;1;"2024-02-07 00:00:00";16;11982;20;10;0;<FLG>
V6155020;V615502001;QmnJ;1;"2024-02-08 00:00:00";16;11849;20;10;0;<FLG>
V6155020;V615502001;QmnJ;1;"2024-02-09 00:00:00";16;11748;20;10;0;<FLG>
V6155020;V615502001;QmnJ;1;"2024-02-10 00:00:00";16;16438;20;10;0;<FLG>
V6155020;V615502001;QmnJ;1;"2024-02-11 00:00:00";16;37992;20;10;0;<FLG>
V6155020;V615502001;QmnJ;1;"2024-02-12 00:00:00";16;42957;20;10;0;<FLG>
V6155020;V615502001;QmnJ;1;"2024-02-13 00:00:00";16;41932;20;10;0;<FLG>
V6155020;V615502001;QmnJ;1;"2024-02-14 00:00:00";16;40013;20;10;0;<FLG>
V6155020;V615502001;QmnJ;1;"2024-02-15 00:00:00";16;37453;20;10;0;<FLG>
V6155020;V615502001;QmnJ;1;"2024-02-16 00:00:00";16;34566;20;10;0;<FLG>
V6155020;V615502001;QmnJ;1;"2024-02-17 00:00:00";16;31754;20;10;0;<FLG>
V6155020;V615502001;QmnJ;1;"2024-02-18 00:00:00";16;28563;20;10;0;<FLG>
V6155020;V615502001;QmnJ;1;"2024-02-19 00:00:00";16;25467;20;10;0;<FLG>
V6155020;V615502001;QmnJ;1;"2024-02-20 00:00:00";16;22874;20;10;0;<FLG>
V6155020;V615502001;QmnJ;1;"2024-02-21 00:00:00";16;21288;20;10;0;<FLG>
V6155020;V615502001;QmnJ;1;"2024-02-22 00:00:00";16;20417;20;10;0;<FLG>
V6155020;V615502001;QmnJ;1;"2024-02-23 00:00:00";16;19812;20;10;0;<FLG>
V6155020;V615502001;QmnJ;1;"2024-02-24 00:00:00";16;19545;20;10;0;<FLG>
V6155020;V615502001;QmnJ;1;"2024-02-25 00:00:00";16;19259;20;10;0;<FLG>
V6155020;V615502001;QmnJ;1;"2024-02-26 00:00:00";16;19987;20;10;0;<FLG>
V6155020;V615502001;QmnJ;1;"2024-02-27 00:00:00";16;25827;20;10;0;<FLG>
V6155020;V615502001;QmnJ;1;"2024-02-28 00:00:00";16;29141;20;10;0;<FLG>
V6155020;V615502001;QmnJ;1;"2024-02-29 00:00:00";16;29429;20;10;0;<FLG>
V6155020;V615502001;QmnJ;1;"2024-03-01 00:00:00";16;28494;20;10;0;<FLG>
V6155020;V615502001;QmnJ;1;"2024-03-02 00:00:00";16;27167;20;10;0;<FLG>
V6155020;V615502001;QmnJ;1;"2024-03-03 00:00:00";16;31353;20;10;0;<FLG>
V6155020;V615502001;QmnJ;1;"2024-03-04 00:00:00";16;47832;20;10;0;<FLG>
V6155020;V615502001;QmnJ;1;"2024-03-05 00:00:00";16;50773;20;10;0;<FLG>
V6155020;V615502001;QmnJ;1;"2024-03-06 00:00:00";16;49713;20;10;0;<FLG>
V6155020;V615502001;QmnJ;1;"2024-03-07 00:00:00";16;48670;20;10;0;<FLG>
V6155020;V615502001;QmnJ;1;"2024-03-08 00:00:00";16;46800;20;10;0;<FLG>
V6155020;V615502001;QmnJ;1;"2024-03-09 00:00:00";16;44589;20;10;0;<FLG>
V6155020;V615502001;QmnJ;1;"2024-03-10 00:00:00";16;55503;20;10;0;<FLG>
V6155020;V615502001;QmnJ;1;"2024-03-11 00:00:00";16;63309;20;10;0;<FLG>
V6155020;V615502001;QmnJ;1;"2024-03-12 00:00:00";16;64378;20;10;0;<FLG>
V6155020;V615502001;QmnJ;1;"2024-03-13 00:00:00";16;63240;20;10;0;<FLG>
V6155020;V615502001;QmnJ;1;"2024-03-14 00:00:00";16;61497;20;10;0;<FLG>
V6155020;V615502001;QmnJ;1;"2024-03-15 00:00:00";16;59291;20;10;0;<FLG>
V6155020;V615502001;QmnJ;1;"2024-03-16 00:00:00";16;57125;20;10;0;<FLG>
V6155020;V615502001;QmnJ;1;"2024-03-17 00:00:00";16;55168;20;10;0;<FLG>
V6155020;V615502001;QmnJ;1;"2024-03-18 00:00:00";16;53445;20;10;0;<FLG>
V6155020;V615502001;QmnJ;1;"2024-03-19 00:00:00";16;51278;20;10;0;<FLG>
V6155020;V615502001;QmnJ;1;"2024-03-20 00:00:00";16;48884;20;10;0;<FLG>
V6155020;V615502001;QmnJ;1;"2024-03-21 00:00:00";16;46490;20;10;0;<FLG>
V6155020;V615502001;QmnJ;1;"2024-03-22 00:00:00";16;44096;20;10;0;<FLG>
V6155020;V615502001;QmnJ;1;"2024-03-23 00:00:00";16;41702;20;10;0;<FLG>
V6155020;V615502001;QmnJ;1;"2024-03-24 00:00:00";16;39366;20;10;0;<FLG>
V6155020;V615502001;QmnJ;1;"2024-03-25 00:00:00";16;37470;20;10;0;<FLG>
V6155020;V615502001;QmnJ;1;"2024-03-26 00:00:00";16;35370;20;10;0;<FLG>
V6155020;V615502001;QmnJ;1;"2024-03-27 00:00:00";16;36442;20;10;0;<FLG>
V6155020;V615502001;QmnJ;1;"2024-03-28 00:00:00";16;43273;20;10;0;<FLG>
V6155020;V615502001;QmnJ;1;"2024-03-29 00:00:00";16;45567;20;10;0;<FLG>
V6155020;V615502001;QmnJ;1;"2024-03-30 00:00:00";16;45778;20;10;0;<FLG>
V6155020;V615502001;QmnJ;1;"2024-03-31 00:00:00";16;47150;20;10;0;<FLG>
V6155020;V615502001;QmnJ;1;"2024-04-01 00:00:00";16;63763;20;10;0;<FLG>
V6155020;V615502001;QmnJ;1;"2024-04-02 00:00:00";16;69820;20;10;0;<FLG>
V6155020;V615502001;QmnJ;1;"2024-04-03 00:00:00";16;70483;20;10;0;<FLG>
V6155020;V615502001;QmnJ;1;"2024-04-04 00:00:00";16;69326;20;10;0;<FLG>
V6155020;V615502001;QmnJ;1;"2024-04-05 00:00:00";16;67598;20;10;0;<FLG>
V6155020;V615502001;QmnJ;1;"2024-04-06 00:00:00";16;65818;20;10;0;<FLG>
V6155020;V615502001;QmnJ;1;"2024-04-07 00:00:00";16;63990;20;10;0;<FLG>
V6155020;V615502001;QmnJ;1;"2024-04-08 00:00:00";16;60275;20;10;0;<FLG>
V6155020;V615502001;QmnJ;1;"2024-04-09 00:00:00";16;57751;20;10;0;<FLG>
V6155020;V615502001;QmnJ;1;"2024-04-10 00:00:00";16;55804;20;10;0;<FLG>
V6155020;V615502001;QmnJ;1;"2024-04-11 00:00:00";16;53670;20;10;0;<FLG>
V6155020;V615502001;QmnJ;1;"2024-04-12 00:00:00";16;51621;20;10;0;<FLG>
V6155020;V615502001;QmnJ;1;"2024-04-13 00:00:00";16;49675;20;10;0;<FLG>
V6155020;V615502001;QmnJ;1;"2024-04-14 00:00:00";16;47534;20;10;0;<FLG>
V6155020;V615502001;QmnJ;1;"2024-04-15 00:00:00";16;44923;20;10;0;<FLG>
V6155020;V615502001;QmnJ;1;"2024-04-16 00:00:00";16;42527;20;10;0;<FLG>
V6155020;V615502001;QmnJ;1;"2024-04-17 00:00:00";16;40056;20;10;0;<FLG>
V6155020;V615502001;QmnJ;1;"2024-04-18 00:00:00";16;37665;20;10;0;<FLG>
V6155020;V615502001;QmnJ;1;"2024-04-19 00:00:00";16;35650;20;10;0;<FLG>
V6155020;V615502001;QmnJ;1;"2024-04-20 00:00:00";16;33861;20;10;0;<FLG>
V6155020;V615502001;QmnJ;1;"2024-04-21 00:00:00";16;32307;20;10;0;<FLG>
V6155020;V615502001;QmnJ;1;"2024-04-22 00:00:00";16;31007;20;10;0;<FLG>
V6155020;V615502001;QmnJ;1;"2024-04-23 00:00:00";16;29978;20;10;0;<FLG>
V6155020;V615502001;QmnJ;1;"2024-04-24 00:00:00";16;28986;20;10;0;<FLG>
V6155020;V615502001;QmnJ;1;"2024-04-25 00:00:00";16;27995;20;10;0;<FLG>
V6155020;V615502001;QmnJ;1;"2024-04-26 00:00:00";16;26945;20;10;0;<FLG>
V6155020;V615502001;QmnJ;1;"2024-04-27 00:00:00";16;25968;20;10;0;<FLG>
V6155020;V615502001;QmnJ;1;"2024-04-28 00:00:00";16;24967;20;10;0;<FLG>
V6155020;V615502001;QmnJ;1;"2024-04-29 00:00:00";16;24857;20;10;0;<FLG>
V6155020;V615502001;QmnJ;1;"2024-04-30 00:00:00";16;24870;20;10;0;<FLG>
V6155020;V615502001;QmnJ;1;"2024-05-01 00:00:00";16;24500;20;10;0;<FLG>
V6155020;V615502001;QmnJ;1;"2024-05-02 00:00:00";16;24179;20;10;0;<FLG>
V6155020;V615502001;QmnJ;1;"2024-05-03 00:00:00";16;25240;20;10;0;<FLG>
V6155020;V615502001;QmnJ;1;"2024-05-04 00:00:00";16;26208;20;10;0;<FLG>
V6155020;V615502001;QmnJ;1;"2024-05-05 00:00:00";16;26089;20;10;0;<FLG>
V6155020;V615502001;QmnJ;1;"2024-05-06 00:00:00";16;25420;20;10;0;<FLG>
V6155020;V615502001;QmnJ;1;"2024-05-07 00:00:00";16;24654;20;10;0;<FLG>
V6155020;V615502001;QmnJ;1;"2024-05-08 00:00:00";16;24030;20;10;0;<FLG>
V6155020;V615502001;QmnJ;1;"2024-05-09 00:00:00";16;23267;20;10;0;<FLG>
V6155020;V615502001;QmnJ;1;"2024-05-10 00:00:00";16;22565;20;10;0;<FLG>
V6155020;V615502001;QmnJ;1;"2024-05-11 00:00:00";16;21901;20;10;0;<FLG>
V6155020;V615502001;QmnJ;1;"2024-05-12 00:00:00";16;21378;20;10;0;<FLG>
V6155020;V615502001;QmnJ;1;"2024-05-13 00:00:00";16;20967;20;10;0;<FLG>
V6155020;V615502001;QmnJ;1;"2024-05-14 00:00:00";16;20638;20;10;0;<FLG>
V6155020;V615502001;QmnJ;1;"2024-05-15 00:00:00";16;20518;20;10;0;<FLG>
V6155020;V615502001;QmnJ;1;"2024-05-16 00:00:00";16;21358;20;10;0;<FLG>
V6155020;V615502001;QmnJ;1;"2024-05-17 00:00:00";16;23727;20;10;0;<FLG>
V6155020;V615502001;QmnJ;1;"2024-05-18 00:00:00";16;24694;20;10;0;<FLG>
V6155020;V615502001;QmnJ;1;"2024-05-19 00:00:00";16;24647;20;10;0;<FLG>
V6155020;V615502001;QmnJ;1;"2024-05-20 00:00:00";16;24216;20;10;0;<FLG>
V6155020;V615502001;QmnJ;1;"2024-05-21 00:00:00";16;23781;20;10;0;<FLG>
V6155020;V615502001;QmnJ;1;"2024-05-22 00:00:00";16;23117;20;10;0;<FLG>
V6155020;V615502001;QmnJ;1;"2024-05-23 00:00:00";16;22224;20;10;0;<FLG>
V6155020;V615502001;QmnJ;1;"2024-05-24 00:00:00";16;21574;20;10;0;<FLG>
V6155020;V615502001;QmnJ;1;"2024-05-25 00:00:00";16;21053;20;10;0;<FLG>
V6155020;V615502001;QmnJ;1;"2024-05-26 00:00:00";16;20567;20;10;0;<FLG>
V6155020;V615502001;QmnJ;1;"2024-05-27 00:00:00";16;20163;20;10;0;<FLG>
V6155020;V615502001;QmnJ;1;"2024-05-28 00:00:00";16;19987;20;10;0;<FLG>
V6155020;V615502001;QmnJ;1;"2024-05-29 00:00:00";16;19860;20;10;0;<FLG>
V6155020;V615502001;QmnJ;1;"2024-05-30 00:00:00";16;19694;20;10;0;<FLG>
V6155020;V615502001;QmnJ;1;"2024-05-31 00:00:00";16;19467;20;10;0;<FLG>
V6155020;V615502001;QmnJ;1;"2024-06-01 00:00:00";16;19263;20;10;0;<FLG>
V6155020;V615502001;QmnJ;1;"2024-06-02 00:00:00";16;19033;20;10;0;<FLG>
V6155020;V615502001;QmnJ;1;"2024-06-03 00:00:00";16;18873;20;10;0;<FLG>
V6155020;V615502001;QmnJ;1;"2024-06-04 00:00:00";16;18763;20;10;0;<FLG>
V6155020;V615502001;QmnJ;1;"2024-06-05 00:00:00";16;18615;20;10;0;<FLG>
V6155020;V615502001;QmnJ;1;"2024-06-06 00:00:00";16;18445;20;10;0;<FLG>
V6155020;V615502001;QmnJ;1;"2024-06-07 00:00:00";16;18246;20;10;0;<FLG>
V6155020;V615502001;QmnJ;1;"2024-06-08 00:00:00";16;18037;20;10;0;<FLG>
V6155020;V615502001;QmnJ;1;"2024-06-09 00:00:00";16;17828;20;10;0;<FLG>
V6155020;V615502001;QmnJ;1;"2024-06-10 00:00:00";16;17634;20;10;0;<FLG>
V6155020;V615502001;QmnJ;1;"2024-06-11 00:00:00";16;17385;20;10;0;<FLG>
V6155020;V615502001;QmnJ;1;"2024-06-12 00:00:00";16;16994;20;10;0;<FLG>
V6155020;V615502001;QmnJ;1;"2024-06-13 00:00:00";16;16740;20;10;0;<FLG>
V6155020;V615502001;QmnJ;1;"2024-06-14 00:00:00";16;16486;20;10;0;<FLG>
V6155020;V615502001;QmnJ;1;"2024-06-15 00:00:00";16;16232;20;10;0;<FLG>
V6155020;V615502001;QmnJ;1;"2024-06-16 00:00:00";16;15978;20;10;0;<FLG>
V6155020;V615502001;QmnJ;1;"2024-06-17 00:00:00";16;15724;20;10;0;<FLG>
V6155020;V615502001;QmnJ;1;"2024-06-18 00:00:00";16;15481;20;10;0;<FLG>
V6155020;V615502001;QmnJ;1;"2024-06-19 00:00:00";16;15254;20;10;0;<FLG>
V6155020;V615502001;QmnJ;1;"2024-06-20 00:00:00";16;15044;20;10;0;<FLG>
V6155020;V615502001;QmnJ;1;"2024-06-21 00:00:00";16;14955;20;10;0;<FLG>
V6155020;V615502001;QmnJ;1;"2024-06-22 00:00:00";16;14831;20;10;0;<FLG>
V6155020;V615502001;QmnJ;1;"2024-06-23 00:00:00";16;14689;20;10;0;<FLG>
V6155020;V615502001;QmnJ;1;"2024-06-24 00:00:00";16;14509;20;10;0;<FLG>
V6155020;V615502001;QmnJ;1;"2024-06-25 00:00:00";16;14255;20;10;0;<FLG>
V6155020;V615502001;QmnJ;1;"2024-06-26 00:00:00";16;13978;20;10;0;<FLG>
V6155020;V615502001;QmnJ;1;"2024-06-27 00:00:00";16;13798;20;10;0;<FLG>
V6155020;V615502001;QmnJ;1;"2024-06-28 00:00:00";16;13650;20;10;0;<FLG>
V6155020;V615502001;QmnJ;1;"2024-06-29 00:00:00";16;13430;20;10;0;<FLG>
V6155020;V615502001;QmnJ;1;"2024-06-30 00:00:00";16;13208;20;10;0;<FLG>
V6155020;V615502001;QmnJ;1;"2024-07-01 00:00:00";16;13023;20;10;0;<FLG>
V6155020;V615502001;QmnJ;1;"2024-07-02 00:00:00";16;12875;20;10;0;<FLG>
V6155020;V615502001;QmnJ;1;"2024-07-03 00:00:00";16;12728;20;10;0;<FLG>
V6155020;V615502001;QmnJ;1;"2024-07-04 00:00:00";16;12580;20;10;0;<FLG>
V6155020;V615502001;QmnJ;1;"2024-07-05 00:00:00";16;12433;20;10;0;<FLG>
V6155020;V615502001;QmnJ;1;"2024-07-06 00:00:00";16;12285;20;10;0;<FLG>
V6155020;V615502001;QmnJ;1;"2024-07-07 00:00:00";16;12138;20;10;0;<FLG>
V6155020;V615502001;QmnJ;1;"2024-07-08 00:00:00";16;11990;20;10;0;<FLG>
V6155020;V615502001;QmnJ;1;"2024-07-09 00:00:00";16;11843;20;10;0;<FLG>
V6155020;V615502001;QmnJ;1;"2024-07-10 00:00:00";16;11695;20;10;0;<FLG>
V6155020;V615502001;QmnJ;1;"2024-07-11 00:00:00";16;11548;20;10;0;<FLG>
V6155020;V615502001;QmnJ;1;"2024-07-12 00:00:00";16;11400;20;10;0;<FLG>
V6155020;V615502001;QmnJ;1;"2024-07-13 00:00:00";16;11253;20;10;0;<FLG>
V6155020;V615502001;QmnJ;1;"2024-07-14 00:00:00";16;11105;20;10;0;<FLG>
V6155020;V615502001;QmnJ;1;"2024-07-15 00:00:00";16;10958;20;10;0;<FLG>
V6155020;V615502001;QmnJ;1;"2024-07-16 00:00:00";16;10810;20;10;0;<FLG>
V6155020;V615502001;QmnJ;1;"2024-07-17 00:00:00";16;10663;20;10;0;<FLG>
V6155020;V615502001;QmnJ;1;"2024-07-18 00:00:00";16;10515;20;10;0;<FLG>
V6155020;V615502001;QmnJ;1;"2024-07-19 00:00:00";16;10384;20;10;0;<FLG>
V6155020;V615502001;QmnJ;1;"2024-07-20 00:00:00";16;10266;20;10;0;<FLG>
V6155020;V615502001;QmnJ;1;"2024-07-21 00:00:00";16;10106;20;10;0;<FLG>
V6155020;V615502001;QmnJ;1;"2024-07-22 00:00:00";16;10045;20;10;0;<FLG>
V6155020;V615502001;QmnJ;1;"2024-07-23 00:00:00";16;9951;20;10;0;<FLG>
V6155020;V615502001;QmnJ;1;"2024-07-24 00:00:00";16;9850;20;10;0;<FLG>
V6155020;V615502001;QmnJ;1;"2024-07-25 00:00:00";16;9749;20;10;0;<FLG>
V6155020;V615502001;QmnJ;1;"2024-07-26 00:00:00";16;9648;20;10;0;<FLG>
V6155020;V615502001;QmnJ;1;"2024-07-27 00:00:00";16;9547;20;10;0;<FLG>
V6155020;V615502001;QmnJ;1;"2024-07-28 00:00:00";16;9446;20;10;0;<FLG>
V6155020;V615502001;QmnJ;1;"2024-07-29 00:00:00";16;9345;20;10;0;<FLG>
V6155020;V615502001;QmnJ;1;"2024-07-30 00:00:00";16;9244;20;10;0;<FLG>
V6155020;V615502001;QmnJ;1;"2024-07-31 00:00:00";16;9143;20;10;0;<FLG>
V6155020;V615502001;QmnJ;1;"2024-08-01 00:00:00";16;9042;20;10;0;<FLG>
V6155020;V615502001;QmnJ;1;"2024-08-02 00:00:00";16;8949;20;10;0;<FLG>
V6155020;V615502001;QmnJ;1;"2024-08-03 00:00:00";16;8873;20;10;0;<FLG>
V6155020;V615502001;QmnJ;1;"2024-08-04 00:00:00";16;8797;20;10;0;<FLG>
V6155020;V615502001;QmnJ;1;"2024-08-05 00:00:00";16;8721;20;10;0;<FLG>
V6155020;V615502001;QmnJ;1;"2024-08-06 00:00:00";16;8645;20;10;0;<FLG>
V6155020;V615502001;QmnJ;1;"2024-08-07 00:00:00";16;8569;20;10;0;<FLG>
V6155020;V615502001;QmnJ;1;"2024-08-08 00:00:00";16;8494;20;10;0;<FLG>
V6155020;V615502001;QmnJ;1;"2024-08-09 00:00:00";16;8418;20;10;0;<FLG>
V6155020;V615502001;QmnJ;1;"2024-08-10 00:00:00";16;8350;20;10;0;<FLG>
V6155020;V615502001;QmnJ;1;"2024-08-11 00:00:00";16;8289;20;10;0;<FLG>
V6155020;V615502001;QmnJ;1;"2024-08-12 00:00:00";16;8228;20;10;0;<FLG>
V6155020;V615502001;QmnJ;1;"2024-08-13 00:00:00";16;8167;20;10;0;<FLG>
V6155020;V615502001;QmnJ;1;"2024-08-14 00:00:00";16;8106;20;10;0;<FLG>
V6155020;V615502001;QmnJ;1;"2024-08-15 00:00:00";16;8045;20;10;0;<FLG>
V6155020;V615502001;QmnJ;1;"2024-08-16 00:00:00";16;7985;20;10;0;<FLG>
V6155020;V615502001;QmnJ;1;"2024-08-17 00:00:00";16;7932;20;10;0;<FLG>
V6155020;V615502001;QmnJ;1;"2024-08-18 00:00:00";16;7881;20;10;0;<FLG>
V6155020;V615502001;QmnJ;1;"2024-08-19 00:00:00";16;7830;20;10;0;<FLG>
V6155020;V615502001;QmnJ;1;"2024-08-20 00:00:00";16;7753;20;10;0;<FLG>
V6155020;V615502001;QmnJ;1;"2024-08-21 00:00:00";16;7599;20;10;0;<FLG>
V6155020;V615502001;QmnJ;1;"2024-08-22 00:00:00";16;7551;20;10;0;<FLG>
V6155020;V615502001;QmnJ;1;"2024-08-23 00:00:00";16;7508;20;10;0;<FLG>
V6155020;V615502001;QmnJ;1;"2024-08-24 00:00:00";16;7464;20;10;0;<FLG>
V6155020;V615502001;QmnJ;1;"2024-08-25 00:00:00";16;7421;20;10;0;<FLG>
V6155020;V615502001;QmnJ;1;"2024-08-26 00:00:00";16;7378;20;10;0;<FLG>
V6155020;V615502001;QmnJ;1;"2024-08-27 00:00:00";16;7278;20;10;0;<FLG>
V6155020;V615502001;QmnJ;1;"2024-08-28 00:00:00";16;7135;20;10;0;<FLG>
V6155020;V615502001;QmnJ;1;"2024-08-29 00:00:00";16;7183;20;10;0;<FLG>
V6155020;V615502001;QmnJ;1;"2024-08-30 00:00:00";16;7159;20;10;0;<FLG>
V6155020;V615502001;QmnJ;1;"2024-08-31 00:00:00";16;7069;20;10;0;<FLG>
V6155020;V615502001;QmnJ;1;"2024-09-01 00:00:00";16;7121;20;10;0;<FLG>
V6155020;V615502001;QmnJ;1;"2024-09-02 00:00:00";16;7029;20;10;0;<FLG>
V6155020;V615502001;QmnJ;1;"2024-09-03 00:00:00";16;6915;20;10;0;<FLG>
V6155020;V615502001;QmnJ;1;"2024-09-04 00:00:00";16;6979;20;10;0;<FLG>
V6155020;V615502001;QmnJ;1;"2024-09-05 00:00:00";16;7364;20;10;0;<FLG>
V6155020;V615502001;QmnJ;1;"2024-09-06 00:00:00";16;7392;20;10;0;<FLG>
V6155020;V615502001;QmnJ;1;"2024-09-07 00:00:00";16;7304;20;10;0;<FLG>
V6155020;V615502001;QmnJ;1;"2024-09-08 00:00:00";16;7248;20;10;0;<FLG>
V6155020;V615502001;QmnJ;1;"2024-09-09 00:00:00";16;7727;20;10;0;<FLG>
V6155020;V615502001;QmnJ;1;"2024-09-10 00:00:00";16;7769;20;10;0;<FLG>
V6155020;V615502001;QmnJ;1;"2024-09-11 00:00:00";16;7544;20;10;0;<FLG>
V6155020;V615502001;QmnJ;1;"2024-09-12 00:00:00";16;7355;20;10;0;<FLG>
V6155020;V615502001;QmnJ;1;"2024-09-13 00:00:00";16;7316;20;10;0;<FLG>
V6155020;V615502001;QmnJ;1;"2024-09-14 00:00:00";16;7266;20;10;0;<FLG>
V6155020;V615502001;QmnJ;1;"2024-09-15 00:00:00";16;7137;20;10;0;<FLG>
V6155020;V615502001;QmnJ;1;"2024-09-16 00:00:00";16;7002;20;10;0;<FLG>
V6155020;V615502001;QmnJ;1;"2024-09-17 00:00:00";16;6988;20;10;0;<FLG>
V6155020;V615502001;QmnJ;1;"2024-09-18 00:00:00";16;6877;20;10;0;<FLG>
V6155020;V615502001;QmnJ;1;"2024-09-19 00:00:00";16;6819;20;10;0;<FLG>
V6155020;V615502001;QmnJ;1;"2024-09-20 00:00:00";16;6750;20;10;0;<FLG>
V6155020;V615502001;QmnJ;1;"2024-09-21 00:00:00";16;6606;20;10;0;<FLG>
V6155020;V615502001;QmnJ;1;"2024-09-22 00:00:00";16;6584;20;10;0;<FLG>
V6155020;V615502001;QmnJ;1;"2024-09-23 00:00:00";16;6770;20;10;0;<FLG>
V6155020;V615502001;QmnJ;1;"2024-09-24 00:00:00";16;6982;20;10;0;<FLG>
V6155020;V615502001;QmnJ;1;"2024-09-25 00:00:00";16;6888;20;10;0;<FLG>
V6155020;V615502001;QmnJ;1;"2024-09-26 00:00:00";16;6798;20;10;0;<FLG>
V6155020;V615502001;QmnJ;1;"2024-09-27 00:00:00";16;6732;20;10;0;<FLG>
V6155020;V615502001;QmnJ;1;"2024-09-28 00:00:00";16;6690;20;10;0;<FLG>
V6155020;V615502001;QmnJ;1;"2024-09-29 00:00:00";16;6594;20;10;0;<FLG>
V6155020;V615502001;QmnJ;1;"2024-09-30 00:00:00";16;6504;20;10;0;<FLG>
V6155020;V615502001;QmnJ;1;"2024-10-01 00:00:00";16;6503;20;10;0;<FLG>
V6155020;V615502001;QmnJ;1;"2024-10-02 00:00:00";16;6564;20;10;0;<FLG>
V6155020;V615502001;QmnJ;1;"2024-10-03 00:00:00";16;6647;20;10;0;<FLG>
V6155020;V615502001;QmnJ;1;"2024-10-04 00:00:00";16;6730;20;10;0;<FLG>
V6155020;V615502001;QmnJ;1;"2024-10-05 00:00:00";16;6812;20;10;0;<FLG>
V6155020;V615502001;QmnJ;1;"2024-10-06 00:00:00";16;6895;20;10;0;<FLG>
V6155020;V615502001;QmnJ;1;"2024-10-07 00:00:00";16;6978;20;10;0;<FLG>
V6155020;V615502001;QmnJ;1;"2024-10-08 00:00:00";16;8058;20;10;0;<FLG>
V6155020;V615502001;QmnJ;1;"2024-10-09 00:00:00";16;10754;20;10;0;<FLG>
V6155020;V615502001;QmnJ;1;"2024-10-10 00:00:00";16;11274;20;10;0;<FLG>
V6155020;V615502001;QmnJ;1;"2024-10-11 00:00:00";16;12067;20;10;0;<FLG>
V6155020;V615502001;QmnJ;1;"2024-10-12 00:00:00";16;11607;20;10;0;<FLG>
V6155020;V615502001;QmnJ;1;"2024-10-13 00:00:00";16;11215;20;10;0;<FLG>
V6155020;V615502001;QmnJ;1;"2024-10-14 00:00:00";16;11381;20;10;0;<FLG>
V6155020;V615502001;QmnJ;1;"2024-10-15 00:00:00";16;11226;20;10;0;<FLG>
V6155020;V615502001;QmnJ;1;"2024-10-16 00:00:00";16;10939;20;10;0;<FLG>
V6155020;V615502001;QmnJ;1;"2024-10-17 00:00:00";16;11956;20;10;0;<FLG>
V6155020;V615502001;QmnJ;1;"2024-10-18 00:00:00";16;14493;20;10;0;<FLG>
V6155020;V615502001;QmnJ;1;"2024-10-19 00:00:00";16;17245;20;10;0;<FLG>
V6155020;V615502001;QmnJ;1;"2024-10-20 00:00:00";16;17669;20;10;0;<FLG>
V6155020;V615502001;QmnJ;1;"2024-10-21 00:00:00";16;17156;20;10;0;<FLG>
V6155020;V615502001;QmnJ;1;"2024-10-22 00:00:00";16;16309;20;10;0;<FLG>
V6155020;V615502001;QmnJ;1;"2024-10-23 00:00:00";16;15438;20;10;0;<FLG>
V6155020;V615502001;QmnJ;1;"2024-10-24 00:00:00";16;14892;20;10;0;<FLG>
V6155020;V615502001;QmnJ;1;"2024-10-25 00:00:00";16;14427;20;10;0;<FLG>
V6155020;V615502001;QmnJ;1;"2024-10-26 00:00:00";16;13867;20;10;0;<FLG>
V6155020;V615502001;QmnJ;1;"2024-10-27 00:00:00";16;14840;20;10;0;<FLG>
V6155020;V615502001;QmnJ;1;"2024-10-28 00:00:00";16;16936;20;10;0;<FLG>
V6155020;V615502001;QmnJ;1;"2024-10-29 00:00:00";16;17661;20;10;0;<FLG>
V6155020;V615502001;QmnJ;1;"2024-10-30 00:00:00";16;17529;20;10;0;<FLG>
V6155020;V615502001;QmnJ;1;"2024-10-31 00:00:00";16;16957;20;10;0;<FLG>
V6155020;V615502001;QmnJ;1;"2024-11-01 00:00:00";16;16344;20;10;0;<FLG>
V6155020;V615502001;QmnJ;1;"2024-11-02 00:00:00";16;15725;20;10;0;<FLG>
V6155020;V615502001;QmnJ;1;"2024-11-03 00:00:00";16;15142;20;10;0;<FLG>
V6155020;V615502001;QmnJ;1;"2024-11-04 00:00:00";16;14571;20;10;0;<FLG>
V6155020;V615502001;QmnJ;1;"2024-11-05 00:00:00";16;14000;20;10;0;<FLG>
V6155020;V615502001;QmnJ;1;"2024-11-06 00:00:00";16;13429;20;10;0;<FLG>
V6155020;V615502001;QmnJ;1;"2024-11-07 00:00:00";16;12935;20;10;0;<FLG>
V6155020;V615502001;QmnJ;1;"2024-11-08 00:00:00";16;12529;20;10;0;<FLG>
V6155020;V615502001;QmnJ;1;"2024-11-09 00:00:00";16;12166;20;10;0;<FLG>
V6155020;V615502001;QmnJ;1;"2024-11-10 00:00:00";16;11860;20;10;0;<FLG>
V6155020;V615502001;QmnJ;1;"2024-11-11 00:00:00";16;11517;20;10;0;<FLG>
V6155020;V615502001;QmnJ;1;"2024-11-12 00:00:00";16;11160;20;10;0;<FLG>
V6155020;V615502001;QmnJ;1;"2024-11-13 00:00:00";16;10881;20;10;0;<FLG>
V6155020;V615502001;QmnJ;1;"2024-11-14 00:00:00";16;10618;20;10;0;<FLG>
V6155020;V615502001;QmnJ;1;"2024-11-15 00:00:00";16;10357;20;10;0;<FLG>
V6155020;V615502001;QmnJ;1;"2024-11-16 00:00:00";16;10167;20;10;0;<FLG>
V6155020;V615502001;QmnJ;1;"2024-11-17 00:00:00";16;9992;20;10;0;<FLG>
V6155020;V615502001;QmnJ;1;"2024-11-18 00:00:00";16;9809;20;10;0;<FLG>
V6155020;V615502001;QmnJ;1;"2024-11-19 00:00:00";16;9636;20;10;0;<FLG>
V6155020;V615502001;QmnJ;1;"2024-11-20 00:00:00";16;9517;20;10;0;<FLG>
V6155020;V615502001;QmnJ;1;"2024-11-21 00:00:00";16;9470;20;10;0;<FLG>
V6155020;V615502001;QmnJ;1;"2024-11-22 00:00:00";16;10944;20;10;0;<FLG>
V6155020;V615502001;QmnJ;1;"2024-11-23 00:00:00";16;13220;20;10;0;<FLG>
V6155020;V615502001;QmnJ;1;"2024-11-24 00:00:00";16;13433;20;10;0;<FLG>
V6155020;V615502001;QmnJ;1;"2024-11-25 00:00:00";16;13819;20;10;0;<FLG>
V6155020;V615502001;QmnJ;1;"2024-11-26 00:00:00";16;14771;20;10;0;<FLG>
V6155020;V615502001;QmnJ;1;"2024-11-27 00:00:00";16;16537;20;10;0;<FLG>
V6155020;V615502001;QmnJ;1;"2024-11-28 00:00:00";16;17493;20;10;0;<FLG>
V6155020;V615502001;QmnJ;1;"2024-11-29 00:00:00";16;17476;20;10;0;<FLG>
V6155020;V615502001;QmnJ;1;"2024-11-30 00:00:00";16;16991;20;10;0;<FLG>
V6155020;V615502001;QmnJ;1;"2024-12-01 00:00:00";16;16438;20;10;0;<FLG>
V6155020;V615502001;QmnJ;1;"2024-12-02 00:00:00";16;15921;20;10;0;<FLG>
V6155020;V615502001;QmnJ;1;"2024-12-03 00:00:00";16;15420;20;10;0;<FLG>
V6155020;V615502001;QmnJ;1;"2024-12-04 00:00:00";16;14944;20;10;0;<FLG>
V6155020;V615502001;QmnJ;1;"2024-12-05 00:00:00";16;14468;20;10;0;<FLG>
V6155020;V615502001;QmnJ;1;"2024-12-06 00:00:00";16;13995;20;10;0;<FLG>
V6155020;V615502001;QmnJ;1;"2024-12-07 00:00:00";16;13590;20;10;0;<FLG>
V6155020;V615502001;QmnJ;1;"2024-12-08 00:00:00";16;13217;20;10;0;<FLG>
V6155020;V615502001;QmnJ;1;"2024-12-09 00:00:00";16;12845;20;10;0;<FLG>
V6155020;V615502001;QmnJ;1;"2024-12-10 00:00:00";16;12472;20;10;0;<FLG>
V6155020;V615502001;QmnJ;1;"2024-12-11 00:00:00";16;12100;20;10;0;<FLG>
V6155020;V615502001;QmnJ;1;"2024-12-12 00:00:00";16;11733;20;10;0;<FLG>
V6155020;V615502001;QmnJ;1;"2024-12-13 00:00:00";16;11399;20;10;0;<FLG>
V6155020;V615502001;QmnJ;1;"2024-12-14 00:00:00";16;11109;20;10;0;<FLG>
V6155020;V615502001;QmnJ;1;"2024-12-15 00:00:00";16;10985;20;10;0;<FLG>
V6155020;V615502001;QmnJ;1;"2024-12-16 00:00:00";16;10880;20;10;0;<FLG>
V6155020;V615502001;QmnJ;1;"2024-12-17 00:00:00";16;10788;20;10;0;<FLG>
V6155020;V615502001;QmnJ;1;"2024-12-18 00:00:00";16;10744;20;10;0;<FLG>
V6155020;V615502001;QmnJ;1;"2024-12-19 00:00:00";16;10674;20;10;0;<FLG>
V6155020;V615502001;QmnJ;1;"2024-12-20 00:00:00";16;10506;20;10;0;<FLG>
V6155020;V615502001;QmnJ;1;"2024-12-21 00:00:00";16;10347;20;10;0;<FLG>
V6155020;V615502001;QmnJ;1;"2024-12-22 00:00:00";16;10212;20;10;0;<FLG>
V6155020;V615502001;QmnJ;1;"2024-12-23 00:00:00";16;10093;20;10;0;<FLG>
V6155020;V615502001;QmnJ;1;"2024-12-24 00:00:00";16;10092;20;10;0;<FLG>
V6155020;V615502001;QmnJ;1;"2024-12-25 00:00:00";16;10053;20;10;0;<FLG>
V6155020;V615502001;QmnJ;1;"2024-12-26 00:00:00";16;9971;20;10;0;<FLG>
V6155020;V615502001;QmnJ;1;"2024-12-27 00:00:00";16;9889;20;10;0;<FLG>
V6155020;V615502001;QmnJ;1;"2024-12-28 00:00:00";16;9856;20;10;0;<FLG>
V6155020;V615502001;QmnJ;1;"2024-12-29 00:00:00";16;9763;20;10;0;<FLG>
V6155020;V615502001;QmnJ;1;"2024-12-30 00:00:00";16;9637;20;10;0;<FLG>
V6155020;V615502001;QmnJ;1;"2024-12-31 00:00:00";16;9504;20;10;0;<FLG>
V6155621;V615562101;QmnJ;1;"2016-03-04 00:00:00";16;19600;20;10;1;<FLG>
V6155621;V615562101;QmnJ;1;"2016-03-05 00:00:00";16;19540;20;10;0;<FLG>
V6155621;V615562101;QmnJ;1;"2016-03-06 00:00:00";16;19480;20;10;0;<FLG>
V6155621;V615562101;QmnJ;1;"2016-03-07 00:00:00";16;19419;20;10;0;<FLG>
V6155621;V615562101;QmnJ;1;"2016-03-08 00:00:00";16;19359;20;10;0;<FLG>
V6155621;V615562101;QmnJ;1;"2016-03-09 00:00:00";16;19299;20;10;0;<FLG>
V6155621;V615562101;QmnJ;1;"2016-03-10 00:00:00";16;19238;20;10;0;<FLG>
V6155621;V615562101;QmnJ;1;"2016-03-11 00:00:00";16;19178;20;10;0;<FLG>
V6155621;V615562101;QmnJ;1;"2016-03-12 00:00:00";16;19101;20;10;0;<FLG>
V6155621;V615562101;QmnJ;1;"2016-03-13 00:00:00";16;18367;20;10;0;<FLG>
V6155621;V615562101;QmnJ;1;"2016-03-14 00:00:00";16;17433;20;10;0;<FLG>
V6155621;V615562101;QmnJ;1;"2016-03-15 00:00:00";16;18219;20;10;0;<FLG>
V6155621;V615562101;QmnJ;1;"2016-03-16 00:00:00";16;20216;20;10;0;<FLG>
V6155621;V615562101;QmnJ;1;"2016-03-17 00:00:00";16;23878;20;10;0;<FLG>
V6155621;V615562101;QmnJ;1;"2016-03-18 00:00:00";16;20196;20;10;0;<FLG>
V6155621;V615562101;QmnJ;1;"2016-03-19 00:00:00";16;18541;20;10;0;<FLG>
V6155621;V615562101;QmnJ;1;"2016-03-20 00:00:00";16;18274;20;10;0;<FLG>
V6155621;V615562101;QmnJ;1;"2016-03-21 00:00:00";16;18122;20;10;0;<FLG>
V6155621;V615562101;QmnJ;1;"2016-03-22 00:00:00";16;17970;20;10;0;<FLG>
V6155621;V615562101;QmnJ;1;"2016-03-23 00:00:00";16;17397;20;10;0;<FLG>
V6155621;V615562101;QmnJ;1;"2016-03-24 00:00:00";16;16339;20;10;0;<FLG>
V6155621;V615562101;QmnJ;1;"2016-03-25 00:00:00";16;16371;20;10;0;<FLG>
V6155621;V615562101;QmnJ;1;"2016-03-26 00:00:00";16;16554;20;10;0;<FLG>
V6155621;V615562101;QmnJ;1;"2016-03-27 00:00:00";16;16699;20;10;0;<FLG>
V6155621;V615562101;QmnJ;1;"2016-03-28 00:00:00";16;15818;20;10;0;<FLG>
V6155621;V615562101;QmnJ;1;"2016-03-29 00:00:00";16;14539;20;10;0;<FLG>
V6155621;V615562101;QmnJ;1;"2016-03-30 00:00:00";16;14253;20;10;0;<FLG>
V6155621;V615562101;QmnJ;1;"2016-03-31 00:00:00";16;14766;20;10;0;<FLG>
V6155621;V615562101;QmnJ;1;"2016-04-01 00:00:00";16;14634;20;10;0;<FLG>
V6155621;V615562101;QmnJ;1;"2016-04-02 00:00:00";16;14918;20;10;0;<FLG>
V6155621;V615562101;QmnJ;1;"2016-04-03 00:00:00";16;15259;20;10;0;<FLG>
V6155621;V615562101;QmnJ;1;"2016-04-04 00:00:00";16;14474;20;10;0;<FLG>
V6155621;V615562101;QmnJ;1;"2016-04-05 00:00:00";16;14519;20;10;0;<FLG>
V6155621;V615562101;QmnJ;1;"2016-04-06 00:00:00";16;13780;20;10;0;<FLG>
V6155621;V615562101;QmnJ;1;"2016-04-07 00:00:00";16;12483;20;10;0;<FLG>
V6155621;V615562101;QmnJ;1;"2016-04-08 00:00:00";16;12107;20;10;0;<FLG>
V6155621;V615562101;QmnJ;1;"2016-04-09 00:00:00";16;11704;20;10;0;<FLG>
V6155621;V615562101;QmnJ;1;"2016-04-10 00:00:00";16;11425;20;10;0;<FLG>
V6155621;V615562101;QmnJ;1;"2016-04-11 00:00:00";16;11499;20;10;0;<FLG>
V6155621;V615562101;QmnJ;1;"2016-04-12 00:00:00";16;11591;20;10;0;<FLG>
V6155621;V615562101;QmnJ;1;"2016-04-13 00:00:00";16;12011;20;10;0;<FLG>
V6155621;V615562101;QmnJ;1;"2016-04-14 00:00:00";16;11581;20;10;0;<FLG>
V6155621;V615562101;QmnJ;1;"2016-04-15 00:00:00";16;10872;20;10;0;<FLG>
V6155621;V615562101;QmnJ;1;"2016-04-16 00:00:00";16;10663;20;10;0;<FLG>
V6155621;V615562101;QmnJ;1;"2016-04-17 00:00:00";16;11260;20;10;0;<FLG>
V6155621;V615562101;QmnJ;1;"2016-04-18 00:00:00";16;10361;20;10;0;<FLG>
V6155621;V615562101;QmnJ;1;"2016-04-19 00:00:00";16;9967;20;10;0;<FLG>
V6155621;V615562101;QmnJ;1;"2016-04-20 00:00:00";16;9573;20;10;0;<FLG>
V6155621;V615562101;QmnJ;1;"2016-04-21 00:00:00";16;9701;20;10;0;<FLG>
V6155621;V615562101;QmnJ;1;"2016-04-22 00:00:00";16;10245;20;10;0;<FLG>
V6155621;V615562101;QmnJ;1;"2016-04-23 00:00:00";16;11731;20;10;0;<FLG>
V6155621;V615562101;QmnJ;1;"2016-04-24 00:00:00";16;10209;20;10;0;<FLG>
V6155621;V615562101;QmnJ;1;"2016-04-25 00:00:00";16;10215;20;10;0;<FLG>
V6155621;V615562101;QmnJ;1;"2016-04-26 00:00:00";16;10368;20;10;0;<FLG>
V6155621;V615562101;QmnJ;1;"2016-04-27 00:00:00";16;10494;20;10;0;<FLG>
V6155621;V615562101;QmnJ;1;"2016-04-28 00:00:00";16;9799;20;10;0;<FLG>
V6155621;V615562101;QmnJ;1;"2016-04-29 00:00:00";16;8780;20;10;0;<FLG>
V6155621;V615562101;QmnJ;1;"2016-04-30 00:00:00";16;8669;20;10;0;<FLG>
V6155621;V615562101;QmnJ;1;"2016-05-01 00:00:00";16;8884;20;10;0;<FLG>
V6155621;V615562101;QmnJ;1;"2016-05-02 00:00:00";16;9129;20;10;0;<FLG>
V6155621;V615562101;QmnJ;1;"2016-05-03 00:00:00";16;8455;20;10;0;<FLG>
V6155621;V615562101;QmnJ;1;"2016-05-04 00:00:00";16;8099;20;10;0;<FLG>
V6155621;V615562101;QmnJ;1;"2016-05-05 00:00:00";16;7908;20;10;0;<FLG>
V6155621;V615562101;QmnJ;1;"2016-05-06 00:00:00";16;8595;20;10;0;<FLG>
V6155621;V615562101;QmnJ;1;"2016-05-07 00:00:00";16;7006;20;10;0;<FLG>
V6155621;V615562101;QmnJ;1;"2016-05-08 00:00:00";16;6633;20;10;0;<FLG>
V6155621;V615562101;QmnJ;1;"2016-05-09 00:00:00";16;7519;20;10;0;<FLG>
V6155621;V615562101;QmnJ;1;"2016-05-10 00:00:00";16;8414;20;10;0;<FLG>
V6155621;V615562101;QmnJ;1;"2016-05-11 00:00:00";16;11500;20;10;0;<FLG>
V6155621;V615562101;QmnJ;1;"2016-05-12 00:00:00";16;9611;20;10;0;<FLG>
V6155621;V615562101;QmnJ;1;"2016-05-13 00:00:00";16;12384;20;10;0;<FLG>
V6155621;V615562101;QmnJ;1;"2016-05-14 00:00:00";16;13075;20;10;0;<FLG>
V6155621;V615562101;QmnJ;1;"2016-05-15 00:00:00";16;12172;20;10;0;<FLG>
V6155621;V615562101;QmnJ;1;"2016-05-16 00:00:00";16;11746;20;10;0;<FLG>
V6155621;V615562101;QmnJ;1;"2016-05-17 00:00:00";16;11300;20;10;0;<FLG>
V6155621;V615562101;QmnJ;1;"2016-05-18 00:00:00";16;11060;20;10;0;<FLG>
V6155621;V615562101;QmnJ;1;"2016-05-19 00:00:00";16;11519;20;10;0;<FLG>
V6155621;V615562101;QmnJ;1;"2016-05-20 00:00:00";16;10559;20;10;0;<FLG>
V6155621;V615562101;QmnJ;1;"2016-05-21 00:00:00";16;9413;20;10;0;<FLG>
V6155621;V615562101;QmnJ;1;"2016-05-22 00:00:00";16;9493;20;10;0;<FLG>
V6155621;V615562101;QmnJ;1;"2016-05-23 00:00:00";16;10994;20;10;0;<FLG>
V6155621;V615562101;QmnJ;1;"2016-05-24 00:00:00";16;9180;20;10;0;<FLG>
V6155621;V615562101;QmnJ;1;"2016-05-25 00:00:00";16;8309;20;10;0;<FLG>
V6155621;V615562101;QmnJ;1;"2016-05-26 00:00:00";16;7993;20;10;0;<FLG>
V6155621;V615562101;QmnJ;1;"2016-05-27 00:00:00";16;7676;20;10;0;<FLG>
V6155621;V615562101;QmnJ;1;"2016-05-28 00:00:00";16;8448;20;10;0;<FLG>
V6155621;V615562101;QmnJ;1;"2016-05-29 00:00:00";16;13806;20;10;0;<FLG>
V6155621;V615562101;QmnJ;1;"2016-05-30 00:00:00";16;9773;20;10;0;<FLG>
V6155621;V615562101;QmnJ;1;"2016-05-31 00:00:00";16;8768;20;10;0;<FLG>
V6155621;V615562101;QmnJ;1;"2016-06-01 00:00:00";16;9352;20;10;0;<FLG>
V6155621;V615562101;QmnJ;1;"2016-06-02 00:00:00";16;8559;20;10;0;<FLG>
V6155621;V615562101;QmnJ;1;"2016-06-03 00:00:00";16;8401;20;10;0;<FLG>
V6155621;V615562101;QmnJ;1;"2016-06-04 00:00:00";16;9234;20;10;0;<FLG>
V6155621;V615562101;QmnJ;1;"2016-06-05 00:00:00";16;8654;20;10;0;<FLG>
V6155621;V615562101;QmnJ;1;"2016-06-06 00:00:00";16;7547;20;10;0;<FLG>
V6155621;V615562101;QmnJ;1;"2016-06-07 00:00:00";16;8739;20;10;0;<FLG>
V6155621;V615562101;QmnJ;1;"2016-06-08 00:00:00";16;8120;20;10;0;<FLG>
V6155621;V615562101;QmnJ;1;"2016-06-09 00:00:00";16;7505;20;10;0;<FLG>
V6155621;V615562101;QmnJ;1;"2016-06-10 00:00:00";16;7951;20;10;0;<FLG>
V6155621;V615562101;QmnJ;1;"2016-06-11 00:00:00";16;7528;20;10;0;<FLG>
V6155621;V615562101;QmnJ;1;"2016-06-12 00:00:00";16;6892;20;10;0;<FLG>
V6155621;V615562101;QmnJ;1;"2016-06-13 00:00:00";16;6892;20;10;0;<FLG>
V6155621;V615562101;QmnJ;1;"2016-06-14 00:00:00";16;7537;20;10;0;<FLG>
V6155621;V615562101;QmnJ;1;"2016-06-15 00:00:00";16;7237;20;10;0;<FLG>
V6155621;V615562101;QmnJ;1;"2016-06-16 00:00:00";16;8422;20;10;0;<FLG>
V6155621;V615562101;QmnJ;1;"2016-06-17 00:00:00";16;6760;20;10;0;<FLG>
V6155621;V615562101;QmnJ;1;"2016-06-18 00:00:00";16;7359;20;10;0;<FLG>
V6155621;V615562101;QmnJ;1;"2016-06-19 00:00:00";16;7654;20;10;0;<FLG>
V6155621;V615562101;QmnJ;1;"2016-06-20 00:00:00";16;6790;20;10;0;<FLG>
V6155621;V615562101;QmnJ;1;"2016-06-21 00:00:00";16;6383;20;10;0;<FLG>
V6155621;V615562101;QmnJ;1;"2016-06-22 00:00:00";16;5301;20;10;0;<FLG>
V6155621;V615562101;QmnJ;1;"2016-06-23 00:00:00";16;4630;20;10;0;<FLG>
V6155621;V615562101;QmnJ;1;"2016-06-24 00:00:00";16;4247;20;10;0;<FLG>
V6155621;V615562101;QmnJ;1;"2016-06-25 00:00:00";16;4283;20;10;0;<FLG>
V6155621;V615562101;QmnJ;1;"2016-06-26 00:00:00";16;4386;20;10;0;<FLG>
V6155621;V615562101;QmnJ;1;"2016-06-27 00:00:00";16;4691;20;10;0;<FLG>
V6155621;V615562101;QmnJ;1;"2016-06-28 00:00:00";16;5027;20;10;0;<FLG>
V6155621;V615562101;QmnJ;1;"2016-06-29 00:00:00";16;5062;20;10;0;<FLG>
V6155621;V615562101;QmnJ;1;"2016-06-30 00:00:00";16;4480;20;10;0;<FLG>
V6155621;V615562101;QmnJ;1;"2016-07-01 00:00:00";16;4119;20;10;0;<FLG>
V6155621;V615562101;QmnJ;1;"2016-07-02 00:00:00";16;4074;20;10;0;<FLG>
V6155621;V615562101;QmnJ;1;"2016-07-03 00:00:00";16;4784;20;10;0;<FLG>
V6155621;V615562101;QmnJ;1;"2016-07-04 00:00:00";16;4916;20;10;0;<FLG>
V6155621;V615562101;QmnJ;1;"2016-07-05 00:00:00";16;3932;20;10;0;<FLG>
V6155621;V615562101;QmnJ;1;"2016-07-06 00:00:00";16;3853;20;10;0;<FLG>
V6155621;V615562101;QmnJ;1;"2016-07-07 00:00:00";16;3802;20;10;0;<FLG>
V6155621;V615562101;QmnJ;1;"2016-07-08 00:00:00";16;4077;20;10;0;<FLG>
V6155621;V615562101;QmnJ;1;"2016-07-09 00:00:00";16;4208;20;10;0;<FLG>
V6155621;V615562101;QmnJ;1;"2016-07-10 00:00:00";16;3890;20;10;0;<FLG>
V6155621;V615562101;QmnJ;1;"2016-07-11 00:00:00";16;4151;20;10;0;<FLG>
V6155621;V615562101;QmnJ;1;"2016-07-12 00:00:00";16;4701;20;10;0;<FLG>
V6155621;V615562101;QmnJ;1;"2016-07-13 00:00:00";16;4481;20;10;0;<FLG>
V6155621;V615562101;QmnJ;1;"2016-07-14 00:00:00";16;3946;20;10;0;<FLG>
V6155621;V615562101;QmnJ;1;"2016-07-15 00:00:00";16;3974;20;10;0;<FLG>
V6155621;V615562101;QmnJ;1;"2016-07-16 00:00:00";16;3837;20;10;0;<FLG>
V6155621;V615562101;QmnJ;1;"2016-07-17 00:00:00";16;3730;20;4;0;<FLG>
V6155621;V615562101;QmnJ;1;"2016-07-18 00:00:00";16;3671;20;4;0;<FLG>
V6155621;V615562101;QmnJ;1;"2016-07-19 00:00:00";16;3611;20;4;0;<FLG>
V6155621;V615562101;QmnJ;1;"2016-07-20 00:00:00";16;3551;20;4;0;<FLG>
V6155621;V615562101;QmnJ;1;"2016-07-21 00:00:00";16;3483;20;10;0;<FLG>
V6155621;V615562101;QmnJ;1;"2016-07-22 00:00:00";16;3883;20;10;0;<FLG>
V6155621;V615562101;QmnJ;1;"2016-07-23 00:00:00";16;5009;20;10;0;<FLG>
V6155621;V615562101;QmnJ;1;"2016-07-24 00:00:00";16;4448;20;10;0;<FLG>
V6155621;V615562101;QmnJ;1;"2016-07-25 00:00:00";16;3878;20;10;0;<FLG>
V6155621;V615562101;QmnJ;1;"2016-07-26 00:00:00";16;3689;20;10;0;<FLG>
V6155621;V615562101;QmnJ;1;"2016-07-27 00:00:00";16;3817;20;10;0;<FLG>
V6155621;V615562101;QmnJ;1;"2016-07-28 00:00:00";16;3714;20;10;0;<FLG>
V6155621;V615562101;QmnJ;1;"2016-07-29 00:00:00";16;3560;20;10;0;<FLG>
V6155621;V615562101;QmnJ;1;"2016-07-30 00:00:00";16;3854;20;10;0;<FLG>
V6155621;V615562101;QmnJ;1;"2016-07-31 00:00:00";16;3946;20;4;0;<FLG>
V6155621;V615562101;QmnJ;1;"2016-08-01 00:00:00";16;3894;20;4;0;<FLG>
V6155621;V615562101;QmnJ;1;"2016-08-02 00:00:00";16;3842;20;4;0;<FLG>
V6155621;V615562101;QmnJ;1;"2016-08-03 00:00:00";16;3790;20;4;0;<FLG>
V6155621;V615562101;QmnJ;1;"2016-08-04 00:00:00";16;3867;20;10;0;<FLG>
V6155621;V615562101;QmnJ;1;"2016-08-05 00:00:00";16;4582;20;10;0;<FLG>
V6155621;V615562101;QmnJ;1;"2016-08-06 00:00:00";16;3865;20;10;0;<FLG>
V6155621;V615562101;QmnJ;1;"2016-08-07 00:00:00";16;3765;20;10;0;<FLG>
V6155621;V615562101;QmnJ;1;"2016-08-08 00:00:00";16;3916;20;10;0;<FLG>
V6155621;V615562101;QmnJ;1;"2016-08-09 00:00:00";16;3645;20;10;0;<FLG>
V6155621;V615562101;QmnJ;1;"2016-08-10 00:00:00";16;3648;20;10;0;<FLG>
V6155621;V615562101;QmnJ;1;"2016-08-11 00:00:00";16;3782;20;10;0;<FLG>
V6155621;V615562101;QmnJ;1;"2016-08-12 00:00:00";16;3595;12;10;0;<FLG>
V6155621;V615562101;QmnJ;1;"2016-08-13 00:00:00";16;3334;12;10;0;<FLG>
V6155621;V615562101;QmnJ;1;"2016-08-14 00:00:00";16;3410;20;10;0;<FLG>
V6155621;V615562101;QmnJ;1;"2016-08-15 00:00:00";16;3565;20;10;0;<FLG>
V6155621;V615562101;QmnJ;1;"2016-08-16 00:00:00";16;3704;20;10;0;<FLG>
V6155621;V615562101;QmnJ;1;"2016-08-17 00:00:00";16;3672;20;10;0;<FLG>
V6155621;V615562101;QmnJ;1;"2016-08-18 00:00:00";16;3595;20;10;0;<FLG>
V6155621;V615562101;QmnJ;1;"2016-08-19 00:00:00";16;3527;20;10;0;<FLG>
V6155621;V615562101;QmnJ;1;"2016-08-20 00:00:00";16;3699;20;10;0;<FLG>
V6155621;V615562101;QmnJ;1;"2016-08-21 00:00:00";16;3879;20;10;0;<FLG>
V6155621;V615562101;QmnJ;1;"2016-08-22 00:00:00";16;3750;20;10;0;<FLG>
V6155621;V615562101;QmnJ;1;"2016-08-23 00:00:00";16;3597;20;10;0;<FLG>
V6155621;V615562101;QmnJ;1;"2016-08-24 00:00:00";16;3444;20;10;0;<FLG>
V6155621;V615562101;QmnJ;1;"2016-08-25 00:00:00";16;3404;20;10;0;<FLG>
V6155621;V615562101;QmnJ;1;"2016-08-26 00:00:00";16;3497;20;10;0;<FLG>
V6155621;V615562101;QmnJ;1;"2016-08-27 00:00:00";16;3590;20;10;0;<FLG>
V6155621;V615562101;QmnJ;1;"2016-08-28 00:00:00";16;3682;20;10;0;<FLG>
V6155621;V615562101;QmnJ;1;"2016-08-29 00:00:00";16;3743;20;10;0;<FLG>
V6155621;V615562101;QmnJ;1;"2016-08-30 00:00:00";16;3668;20;10;0;<FLG>
V6155621;V615562101;QmnJ;1;"2016-08-31 00:00:00";16;3577;20;10;0;<FLG>
V6155621;V615562101;QmnJ;1;"2016-09-01 00:00:00";16;3486;20;10;0;<FLG>
V6155621;V615562101;QmnJ;1;"2016-09-02 00:00:00";16;3397;20;10;0;<FLG>
V6155621;V615562101;QmnJ;1;"2016-09-03 00:00:00";16;3460;20;10;0;<FLG>
V6155621;V615562101;QmnJ;1;"2016-09-04 00:00:00";16;3616;20;10;0;<FLG>
V6155621;V615562101;QmnJ;1;"2016-09-05 00:00:00";16;3599;20;10;0;<FLG>
V6155621;V615562101;QmnJ;1;"2016-09-06 00:00:00";16;3393;20;10;0;<FLG>
V6155621;V615562101;QmnJ;1;"2016-09-07 00:00:00";16;3399;20;10;0;<FLG>
V6155621;V615562101;QmnJ;1;"2016-09-08 00:00:00";16;3405;20;10;0;<FLG>
V6155621;V615562101;QmnJ;1;"2016-09-09 00:00:00";16;3411;20;10;0;<FLG>
V6155621;V615562101;QmnJ;1;"2016-09-10 00:00:00";16;3430;20;10;0;<FLG>
V6155621;V615562101;QmnJ;1;"2016-09-11 00:00:00";16;3481;20;10;0;<FLG>
V6155621;V615562101;QmnJ;1;"2016-09-12 00:00:00";16;3643;20;10;0;<FLG>
V6155621;V615562101;QmnJ;1;"2016-09-13 00:00:00";16;3682;20;10;0;<FLG>
V6155621;V615562101;QmnJ;1;"2016-09-14 00:00:00";16;5094;20;10;0;<FLG>
V6155621;V615562101;QmnJ;1;"2016-09-15 00:00:00";16;5612;20;10;0;<FLG>
V6155621;V615562101;QmnJ;1;"2016-09-16 00:00:00";16;3952;20;10;0;<FLG>
V6155621;V615562101;QmnJ;1;"2016-09-17 00:00:00";16;4167;20;10;0;<FLG>
V6155621;V615562101;QmnJ;1;"2016-09-18 00:00:00";16;4240;20;10;0;<FLG>
V6155621;V615562101;QmnJ;1;"2016-09-19 00:00:00";16;3940;20;10;0;<FLG>
V6155621;V615562101;QmnJ;1;"2016-09-20 00:00:00";16;3806;20;10;0;<FLG>
V6155621;V615562101;QmnJ;1;"2016-09-21 00:00:00";16;3672;20;10;0;<FLG>
V6155621;V615562101;QmnJ;1;"2016-09-22 00:00:00";16;3659;20;10;0;<FLG>
V6155621;V615562101;QmnJ;1;"2016-09-23 00:00:00";16;3689;20;10;0;<FLG>
V6155621;V615562101;QmnJ;1;"2016-09-24 00:00:00";16;3867;20;10;0;<FLG>
V6155621;V615562101;QmnJ;1;"2016-09-25 00:00:00";16;3849;20;10;0;<FLG>
V6155621;V615562101;QmnJ;1;"2016-09-26 00:00:00";16;3827;20;10;0;<FLG>
V6155621;V615562101;QmnJ;1;"2016-09-27 00:00:00";16;3855;20;10;0;<FLG>
V6155621;V615562101;QmnJ;1;"2016-09-28 00:00:00";16;3883;20;10;0;<FLG>
V6155621;V615562101;QmnJ;1;"2016-09-29 00:00:00";16;3938;20;10;0;<FLG>
V6155621;V615562101;QmnJ;1;"2016-09-30 00:00:00";16;4577;20;10;0;<FLG>
V6155621;V615562101;QmnJ;1;"2016-10-01 00:00:00";16;9305;20;10;0;<FLG>
V6155621;V615562101;QmnJ;1;"2016-10-02 00:00:00";16;8028;20;10;0;<FLG>
V6155621;V615562101;QmnJ;1;"2016-10-03 00:00:00";16;6178;20;10;0;<FLG>
V6155621;V615562101;QmnJ;1;"2016-10-04 00:00:00";16;5981;20;10;0;<FLG>
V6155621;V615562101;QmnJ;1;"2016-10-05 00:00:00";16;5787;20;10;0;<FLG>
V6155621;V615562101;QmnJ;1;"2016-10-06 00:00:00";16;5593;20;10;0;<FLG>
V6155621;V615562101;QmnJ;1;"2016-10-07 00:00:00";16;5398;20;10;0;<FLG>
V6155621;V615562101;QmnJ;1;"2016-10-08 00:00:00";16;5204;20;10;0;<FLG>
V6155621;V615562101;QmnJ;1;"2016-10-09 00:00:00";16;5010;20;10;0;<FLG>
V6155621;V615562101;QmnJ;1;"2016-10-10 00:00:00";16;4763;20;10;0;<FLG>
V6155621;V615562101;QmnJ;1;"2016-10-11 00:00:00";16;4030;20;10;0;<FLG>
V6155621;V615562101;QmnJ;1;"2016-10-12 00:00:00";16;3867;20;10;0;<FLG>
V6155621;V615562101;QmnJ;1;"2016-10-13 00:00:00";16;3887;20;10;0;<FLG>
V6155621;V615562101;QmnJ;1;"2016-10-14 00:00:00";16;5455;20;10;0;<FLG>
V6155621;V615562101;QmnJ;1;"2016-10-15 00:00:00";16;6993;20;10;0;<FLG>
V6155621;V615562101;QmnJ;1;"2016-10-16 00:00:00";16;8805;20;10;0;<FLG>
V6155621;V615562101;QmnJ;1;"2016-10-17 00:00:00";16;22083;20;10;0;<FLG>
V6155621;V615562101;QmnJ;1;"2016-10-18 00:00:00";16;14789;20;10;0;<FLG>
V6155621;V615562101;QmnJ;1;"2016-10-19 00:00:00";16;11998;20;10;0;<FLG>
V6155621;V615562101;QmnJ;1;"2016-10-20 00:00:00";16;10521;20;10;0;<FLG>
V6155621;V615562101;QmnJ;1;"2016-10-21 00:00:00";16;8884;20;10;0;<FLG>
V6155621;V615562101;QmnJ;1;"2016-10-22 00:00:00";16;7976;20;10;0;<FLG>
V6155621;V615562101;QmnJ;1;"2016-10-23 00:00:00";16;8273;20;10;0;<FLG>
V6155621;V615562101;QmnJ;1;"2016-10-24 00:00:00";16;8146;20;10;0;<FLG>
V6155621;V615562101;QmnJ;1;"2016-10-25 00:00:00";16;8183;20;10;0;<FLG>
V6155621;V615562101;QmnJ;1;"2016-10-26 00:00:00";16;6275;20;10;0;<FLG>
V6155621;V615562101;QmnJ;1;"2016-10-27 00:00:00";16;5301;20;10;0;<FLG>
V6155621;V615562101;QmnJ;1;"2016-10-28 00:00:00";16;5088;20;10;0;<FLG>
V6155621;V615562101;QmnJ;1;"2016-10-29 00:00:00";16;4874;20;10;0;<FLG>
V6155621;V615562101;QmnJ;1;"2016-10-30 00:00:00";16;4661;20;10;0;<FLG>
V6155621;V615562101;QmnJ;1;"2016-10-31 00:00:00";16;4447;20;10;0;<FLG>
V6155621;V615562101;QmnJ;1;"2016-11-01 00:00:00";16;4234;20;10;0;<FLG>
V6155621;V615562101;QmnJ;1;"2016-11-02 00:00:00";16;4036;20;10;0;<FLG>
V6155621;V615562101;QmnJ;1;"2016-11-03 00:00:00";16;3956;20;10;0;<FLG>
V6155621;V615562101;QmnJ;1;"2016-11-04 00:00:00";16;4116;20;10;0;<FLG>
V6155621;V615562101;QmnJ;1;"2016-11-05 00:00:00";16;21285;20;10;0;<FLG>
V6155621;V615562101;QmnJ;1;"2016-11-06 00:00:00";16;14232;20;10;0;<FLG>
V6155621;V615562101;QmnJ;1;"2016-11-07 00:00:00";16;15172;20;10;0;<FLG>
V6155621;V615562101;QmnJ;1;"2016-11-08 00:00:00";16;14493;20;10;0;<FLG>
V6155621;V615562101;QmnJ;1;"2016-11-09 00:00:00";16;14278;20;10;0;<FLG>
V6155621;V615562101;QmnJ;1;"2016-11-10 00:00:00";16;13324;20;10;0;<FLG>
V6155621;V615562101;QmnJ;1;"2016-11-11 00:00:00";16;11337;20;10;0;<FLG>
V6155621;V615562101;QmnJ;1;"2016-11-12 00:00:00";16;10448;20;10;0;<FLG>
V6155621;V615562101;QmnJ;1;"2016-11-13 00:00:00";16;9521;20;10;0;<FLG>
V6155621;V615562101;QmnJ;1;"2016-11-14 00:00:00";16;9029;20;10;0;<FLG>
V6155621;V615562101;QmnJ;1;"2016-11-15 00:00:00";16;9387;20;10;0;<FLG>
V6155621;V615562101;QmnJ;1;"2016-11-16 00:00:00";16;8881;20;10;0;<FLG>
V6155621;V615562101;QmnJ;1;"2016-11-17 00:00:00";16;8375;20;10;0;<FLG>
V6155621;V615562101;QmnJ;1;"2016-11-18 00:00:00";16;8275;20;10;0;<FLG>
V6155621;V615562101;QmnJ;1;"2016-11-19 00:00:00";16;8384;20;10;0;<FLG>
V6155621;V615562101;QmnJ;1;"2016-11-20 00:00:00";16;7880;20;10;0;<FLG>
V6155621;V615562101;QmnJ;1;"2016-11-21 00:00:00";16;11058;20;10;0;<FLG>
V6155621;V615562101;QmnJ;1;"2017-01-10 00:00:00";16;12787;20;10;8;<FLG>
V6155621;V615562101;QmnJ;1;"2017-01-11 00:00:00";16;12541;20;10;0;<FLG>
V6155621;V615562101;QmnJ;1;"2017-01-12 00:00:00";16;12296;20;10;0;<FLG>
V6155621;V615562101;QmnJ;1;"2017-01-13 00:00:00";16;12049;20;10;0;<FLG>
V6155621;V615562101;QmnJ;1;"2017-01-14 00:00:00";16;11783;20;10;0;<FLG>
V6155621;V615562101;QmnJ;1;"2017-01-15 00:00:00";16;11510;20;10;0;<FLG>
V6155621;V615562101;QmnJ;1;"2017-01-16 00:00:00";16;11236;20;10;0;<FLG>
V6155621;V615562101;QmnJ;1;"2017-01-17 00:00:00";16;10963;20;10;0;<FLG>
V6155621;V615562101;QmnJ;1;"2017-01-18 00:00:00";16;11233;20;10;0;<FLG>
V6155621;V615562101;QmnJ;1;"2017-01-19 00:00:00";16;10281;20;10;0;<FLG>
V6155621;V615562101;QmnJ;1;"2017-01-20 00:00:00";16;9971;20;10;0;<FLG>
V6155621;V615562101;QmnJ;1;"2017-01-21 00:00:00";16;9888;20;10;0;<FLG>
V6155621;V615562101;QmnJ;1;"2017-01-22 00:00:00";16;9805;20;10;0;<FLG>
V6155621;V615562101;QmnJ;1;"2017-01-23 00:00:00";16;9722;20;10;0;<FLG>
V6155621;V615562101;QmnJ;1;"2017-01-24 00:00:00";16;9008;20;10;0;<FLG>
V6155621;V615562101;QmnJ;1;"2017-01-25 00:00:00";16;8544;20;10;0;<FLG>
V6155621;V615562101;QmnJ;1;"2017-01-26 00:00:00";16;10939;20;10;0;<FLG>
V6155621;V615562101;QmnJ;1;"2017-01-27 00:00:00";16;12185;20;10;0;<FLG>
V6155621;V615562101;QmnJ;1;"2017-01-28 00:00:00";16;10777;20;10;0;<FLG>
V6155621;V615562101;QmnJ;1;"2017-01-29 00:00:00";16;10536;20;10;0;<FLG>
V6155621;V615562101;QmnJ;1;"2017-01-30 00:00:00";16;9948;20;10;0;<FLG>
V6155621;V615562101;QmnJ;1;"2017-01-31 00:00:00";16;8950;20;10;0;<FLG>
V6155621;V615562101;QmnJ;1;"2017-02-01 00:00:00";16;8981;20;10;0;<FLG>
V6155621;V615562101;QmnJ;1;"2017-02-02 00:00:00";16;9013;20;10;0;<FLG>
V6155621;V615562101;QmnJ;1;"2017-02-03 00:00:00";16;12009;20;10;0;<FLG>
V6155621;V615562101;QmnJ;1;"2017-02-04 00:00:00";16;13710;20;10;0;<FLG>
V6155621;V615562101;QmnJ;1;"2017-02-05 00:00:00";16;15554;20;10;0;<FLG>
V6155621;V615562101;QmnJ;1;"2017-02-06 00:00:00";16;18018;20;10;0;<FLG>
V6155621;V615562101;QmnJ;1;"2017-02-07 00:00:00";16;20340;20;10;0;<FLG>
V6155621;V615562101;QmnJ;1;"2017-02-08 00:00:00";16;20406;20;10;0;<FLG>
V6155621;V615562101;QmnJ;1;"2017-02-09 00:00:00";16;19805;20;10;0;<FLG>
V6155621;V615562101;QmnJ;1;"2017-02-10 00:00:00";16;19204;20;10;0;<FLG>
V6155621;V615562101;QmnJ;1;"2017-02-11 00:00:00";16;18603;20;10;0;<FLG>
V6155621;V615562101;QmnJ;1;"2017-02-12 00:00:00";16;17618;20;10;0;<FLG>
V6155621;V615562101;QmnJ;1;"2017-02-13 00:00:00";16;16811;20;10;0;<FLG>
V6155621;V615562101;QmnJ;1;"2017-02-14 00:00:00";16;17459;20;10;0;<FLG>
V6155621;V615562101;QmnJ;1;"2017-02-15 00:00:00";16;16777;20;10;0;<FLG>
V6155621;V615562101;QmnJ;1;"2017-02-16 00:00:00";16;16638;20;10;0;<FLG>
V6155621;V615562101;QmnJ;1;"2017-02-17 00:00:00";16;17117;20;10;0;<FLG>
V6155621;V615562101;QmnJ;1;"2017-02-18 00:00:00";16;17099;20;10;0;<FLG>
V6155621;V615562101;QmnJ;1;"2017-02-19 00:00:00";16;16729;20;10;0;<FLG>
V6155621;V615562101;QmnJ;1;"2017-02-20 00:00:00";16;15773;20;10;0;<FLG>
V6155621;V615562101;QmnJ;1;"2017-02-21 00:00:00";16;15562;20;10;0;<FLG>
V6155621;V615562101;QmnJ;1;"2017-02-22 00:00:00";16;14514;20;10;0;<FLG>
V6155621;V615562101;QmnJ;1;"2017-02-23 00:00:00";16;13951;20;10;0;<FLG>
V6155621;V615562101;QmnJ;1;"2017-02-24 00:00:00";16;12483;20;10;0;<FLG>
V6155621;V615562101;QmnJ;1;"2017-02-25 00:00:00";16;11334;20;10;0;<FLG>
V6155621;V615562101;QmnJ;1;"2017-02-26 00:00:00";16;10830;20;10;0;<FLG>
V6155621;V615562101;QmnJ;1;"2017-02-27 00:00:00";16;10810;20;10;0;<FLG>
V6155621;V615562101;QmnJ;1;"2017-02-28 00:00:00";16;11472;20;10;0;<FLG>
V6155621;V615562101;QmnJ;1;"2017-03-01 00:00:00";16;10396;20;10;0;<FLG>
V6155621;V615562101;QmnJ;1;"2017-03-02 00:00:00";16;10679;20;10;0;<FLG>
V6155621;V615562101;QmnJ;1;"2017-03-03 00:00:00";16;11131;20;10;0;<FLG>
V6155621;V615562101;QmnJ;1;"2017-03-04 00:00:00";16;13427;20;10;0;<FLG>
V6155621;V615562101;QmnJ;1;"2017-03-05 00:00:00";16;11661;20;10;0;<FLG>
V6155621;V615562101;QmnJ;1;"2017-03-06 00:00:00";16;12393;20;10;0;<FLG>
V6155621;V615562101;QmnJ;1;"2017-03-07 00:00:00";16;12679;20;10;0;<FLG>
V6155621;V615562101;QmnJ;1;"2017-03-08 00:00:00";16;14364;20;10;0;<FLG>
V6155621;V615562101;QmnJ;1;"2017-03-09 00:00:00";16;14552;20;10;0;<FLG>
V6155621;V615562101;QmnJ;1;"2017-03-10 00:00:00";16;14945;20;10;0;<FLG>
V6155621;V615562101;QmnJ;1;"2017-03-11 00:00:00";16;15338;20;10;0;<FLG>
V6155621;V615562101;QmnJ;1;"2017-03-12 00:00:00";16;15723;20;10;0;<FLG>
V6155621;V615562101;QmnJ;1;"2017-03-13 00:00:00";16;15708;20;10;0;<FLG>
V6155621;V615562101;QmnJ;1;"2017-03-14 00:00:00";16;15466;20;10;0;<FLG>
V6155621;V615562101;QmnJ;1;"2017-03-15 00:00:00";16;15223;20;10;0;<FLG>
V6155621;V615562101;QmnJ;1;"2017-03-16 00:00:00";16;14981;20;10;0;<FLG>
V6155621;V615562101;QmnJ;1;"2017-03-17 00:00:00";16;14738;20;10;0;<FLG>
V6155621;V615562101;QmnJ;1;"2017-03-18 00:00:00";16;14496;20;10;0;<FLG>
V6155621;V615562101;QmnJ;1;"2017-03-19 00:00:00";16;14200;20;10;0;<FLG>
V6155621;V615562101;QmnJ;1;"2017-03-20 00:00:00";16;13148;20;10;0;<FLG>
V6155621;V615562101;QmnJ;1;"2017-03-21 00:00:00";16;12314;20;10;0;<FLG>
V6155621;V615562101;QmnJ;1;"2017-03-22 00:00:00";16;12146;20;10;0;<FLG>
V6155621;V615562101;QmnJ;1;"2017-03-23 00:00:00";16;14120;20;10;0;<FLG>
V6155621;V615562101;QmnJ;1;"2017-03-24 00:00:00";16;19807;20;10;0;<FLG>
V6155621;V615562101;QmnJ;1;"2017-03-25 00:00:00";16;25590;20;10;0;<FLG>
V6155621;V615562101;QmnJ;1;"2017-03-26 00:00:00";16;31143;20;10;0;<FLG>
V6155621;V615562101;QmnJ;1;"2017-03-27 00:00:00";16;35187;20;10;0;<FLG>
V6155621;V615562101;QmnJ;1;"2017-03-28 00:00:00";16;35238;20;10;0;<FLG>
V6155621;V615562101;QmnJ;1;"2017-03-29 00:00:00";16;33645;20;10;0;<FLG>
V6155621;V615562101;QmnJ;1;"2017-03-30 00:00:00";16;31127;20;10;0;<FLG>
V6155621;V615562101;QmnJ;1;"2017-03-31 00:00:00";16;28609;20;10;0;<FLG>
V6155621;V615562101;QmnJ;1;"2017-04-01 00:00:00";16;30018;20;10;0;<FLG>
V6155621;V615562101;QmnJ;1;"2017-04-02 00:00:00";16;29397;20;10;0;<FLG>
V6155621;V615562101;QmnJ;1;"2017-04-03 00:00:00";16;25688;20;10;0;<FLG>
V6155621;V615562101;QmnJ;1;"2017-04-04 00:00:00";16;24107;20;10;0;<FLG>
V6155621;V615562101;QmnJ;1;"2017-04-05 00:00:00";16;23778;20;10;0;<FLG>
V6155621;V615562101;QmnJ;1;"2017-04-06 00:00:00";16;23595;20;10;0;<FLG>
V6155621;V615562101;QmnJ;1;"2017-04-07 00:00:00";16;22967;20;10;0;<FLG>
V6155621;V615562101;QmnJ;1;"2017-04-08 00:00:00";16;22068;20;10;0;<FLG>
V6155621;V615562101;QmnJ;1;"2017-04-09 00:00:00";16;21169;20;10;0;<FLG>
V6155621;V615562101;QmnJ;1;"2017-04-10 00:00:00";16;20270;20;10;0;<FLG>
V6155621;V615562101;QmnJ;1;"2017-04-11 00:00:00";16;19459;20;10;0;<FLG>
V6155621;V615562101;QmnJ;1;"2017-04-12 00:00:00";16;19336;20;10;0;<FLG>
V6155621;V615562101;QmnJ;1;"2017-04-13 00:00:00";16;19358;20;10;0;<FLG>
V6155621;V615562101;QmnJ;1;"2017-04-14 00:00:00";16;19380;20;10;0;<FLG>
V6155621;V615562101;QmnJ;1;"2017-04-15 00:00:00";16;19402;20;10;0;<FLG>
V6155621;V615562101;QmnJ;1;"2017-04-16 00:00:00";16;19224;20;10;0;<FLG>
V6155621;V615562101;QmnJ;1;"2017-04-17 00:00:00";16;18312;20;10;0;<FLG>
V6155621;V615562101;QmnJ;1;"2017-04-18 00:00:00";16;17738;20;10;0;<FLG>
V6155621;V615562101;QmnJ;1;"2017-04-19 00:00:00";16;17398;20;10;0;<FLG>
V6155621;V615562101;QmnJ;1;"2017-04-20 00:00:00";16;17013;20;10;0;<FLG>
V6155621;V615562101;QmnJ;1;"2017-04-21 00:00:00";16;16387;20;10;0;<FLG>
V6155621;V615562101;QmnJ;1;"2017-04-22 00:00:00";16;16489;20;10;0;<FLG>
V6155621;V615562101;QmnJ;1;"2017-04-23 00:00:00";16;16143;20;10;0;<FLG>
V6155621;V615562101;QmnJ;1;"2017-04-24 00:00:00";16;15830;20;10;0;<FLG>
V6155621;V615562101;QmnJ;1;"2017-04-25 00:00:00";16;15140;20;10;0;<FLG>
V6155621;V615562101;QmnJ;1;"2017-04-26 00:00:00";16;18265;20;10;0;<FLG>
V6155621;V615562101;QmnJ;1;"2017-04-27 00:00:00";16;16155;20;10;0;<FLG>
V6155621;V615562101;QmnJ;1;"2017-04-28 00:00:00";16;15922;20;10;0;<FLG>
V6155621;V615562101;QmnJ;1;"2017-04-29 00:00:00";16;15695;20;10;0;<FLG>
V6155621;V615562101;QmnJ;1;"2017-04-30 00:00:00";16;16673;20;10;0;<FLG>
V6155621;V615562101;QmnJ;1;"2017-05-01 00:00:00";16;19753;20;10;0;<FLG>
V6155621;V615562101;QmnJ;1;"2017-05-02 00:00:00";16;19375;20;10;0;<FLG>
V6155621;V615562101;QmnJ;1;"2017-05-03 00:00:00";16;21160;20;10;0;<FLG>
V6155621;V615562101;QmnJ;1;"2017-05-04 00:00:00";16;19495;20;10;0;<FLG>
V6155621;V615562101;QmnJ;1;"2017-05-05 00:00:00";16;18333;20;10;0;<FLG>
V6155621;V615562101;QmnJ;1;"2017-05-06 00:00:00";16;20139;20;10;0;<FLG>
V6155621;V615562101;QmnJ;1;"2017-05-07 00:00:00";16;19273;20;10;0;<FLG>
V6155621;V615562101;QmnJ;1;"2017-05-08 00:00:00";16;19101;20;10;0;<FLG>
V6155621;V615562101;QmnJ;1;"2017-05-09 00:00:00";16;19548;20;10;0;<FLG>
V6155621;V615562101;QmnJ;1;"2017-05-10 00:00:00";16;19995;20;10;0;<FLG>
V6155621;V615562101;QmnJ;1;"2017-05-11 00:00:00";16;20420;20;10;0;<FLG>
V6155621;V615562101;QmnJ;1;"2017-05-12 00:00:00";16;19082;20;10;0;<FLG>
V6155621;V615562101;QmnJ;1;"2017-05-13 00:00:00";16;18323;20;10;0;<FLG>
V6155621;V615562101;QmnJ;1;"2017-05-14 00:00:00";16;18909;20;10;0;<FLG>
V6155621;V615562101;QmnJ;1;"2017-05-15 00:00:00";16;18451;20;10;0;<FLG>
V6155621;V615562101;QmnJ;1;"2017-05-16 00:00:00";16;17230;20;10;0;<FLG>
V6155621;V615562101;QmnJ;1;"2017-05-17 00:00:00";16;16264;20;10;0;<FLG>
V6155621;V615562101;QmnJ;1;"2017-05-18 00:00:00";16;15962;20;10;0;<FLG>
V6155621;V615562101;QmnJ;1;"2017-05-19 00:00:00";16;16388;20;10;0;<FLG>
V6155621;V615562101;QmnJ;1;"2017-05-20 00:00:00";16;15515;20;10;0;<FLG>
V6155621;V615562101;QmnJ;1;"2017-05-21 00:00:00";16;15447;20;10;0;<FLG>
V6155621;V615562101;QmnJ;1;"2017-05-22 00:00:00";16;15432;20;10;0;<FLG>
V6155621;V615562101;QmnJ;1;"2017-05-23 00:00:00";16;14081;20;10;0;<FLG>
V6155621;V615562101;QmnJ;1;"2017-05-24 00:00:00";16;12845;20;10;0;<FLG>
V6155621;V615562101;QmnJ;1;"2017-05-25 00:00:00";16;12510;20;10;0;<FLG>
V6155621;V615562101;QmnJ;1;"2017-05-26 00:00:00";16;12368;20;10;0;<FLG>
V6155621;V615562101;QmnJ;1;"2017-05-27 00:00:00";16;12225;20;10;0;<FLG>
V6155621;V615562101;QmnJ;1;"2017-05-28 00:00:00";16;12082;20;10;0;<FLG>
V6155621;V615562101;QmnJ;1;"2017-05-29 00:00:00";16;11491;20;10;0;<FLG>
V6155621;V615562101;QmnJ;1;"2017-05-30 00:00:00";16;10427;20;10;0;<FLG>
V6155621;V615562101;QmnJ;1;"2017-05-31 00:00:00";16;10210;20;10;0;<FLG>
V6155621;V615562101;QmnJ;1;"2017-06-01 00:00:00";16;10660;20;10;0;<FLG>
V6155621;V615562101;QmnJ;1;"2017-06-02 00:00:00";16;10384;20;10;0;<FLG>
V6155621;V615562101;QmnJ;1;"2017-06-03 00:00:00";16;10162;20;10;0;<FLG>
V6155621;V615562101;QmnJ;1;"2017-06-04 00:00:00";16;10678;20;10;0;<FLG>
V6155621;V615562101;QmnJ;1;"2017-06-05 00:00:00";16;10250;20;10;0;<FLG>
V6155621;V615562101;QmnJ;1;"2017-06-06 00:00:00";16;9722;20;10;0;<FLG>
V6155621;V615562101;QmnJ;1;"2017-06-07 00:00:00";16;9139;20;10;0;<FLG>
V6155621;V615562101;QmnJ;1;"2017-06-08 00:00:00";16;8556;20;10;0;<FLG>
V6155621;V615562101;QmnJ;1;"2017-06-09 00:00:00";16;7974;20;10;0;<FLG>
V6155621;V615562101;QmnJ;1;"2017-06-10 00:00:00";16;8347;20;10;0;<FLG>
V6155621;V615562101;QmnJ;1;"2017-06-11 00:00:00";16;8507;20;10;0;<FLG>
V6155621;V615562101;QmnJ;1;"2017-06-12 00:00:00";16;7594;20;10;0;<FLG>
V6155621;V615562101;QmnJ;1;"2017-06-13 00:00:00";16;7653;20;10;0;<FLG>
V6155621;V615562101;QmnJ;1;"2017-06-14 00:00:00";16;7025;20;10;0;<FLG>
V6155621;V615562101;QmnJ;1;"2017-06-15 00:00:00";16;7000;20;10;0;<FLG>
V6155621;V615562101;QmnJ;1;"2017-06-16 00:00:00";16;6663;20;10;0;<FLG>
V6155621;V615562101;QmnJ;1;"2017-06-17 00:00:00";16;5938;20;10;0;<FLG>
V6155621;V615562101;QmnJ;1;"2017-06-18 00:00:00";16;5909;20;10;0;<FLG>
V6155621;V615562101;QmnJ;1;"2017-06-19 00:00:00";16;5881;20;10;0;<FLG>
V6155621;V615562101;QmnJ;1;"2017-06-20 00:00:00";16;5853;20;10;0;<FLG>
V6155621;V615562101;QmnJ;1;"2017-06-21 00:00:00";16;5825;20;10;0;<FLG>
V6155621;V615562101;QmnJ;1;"2017-06-22 00:00:00";16;5797;20;10;0;<FLG>
V6155621;V615562101;QmnJ;1;"2017-06-23 00:00:00";16;5768;20;10;0;<FLG>
V6155621;V615562101;QmnJ;1;"2017-06-24 00:00:00";16;5740;20;10;0;<FLG>
V6155621;V615562101;QmnJ;1;"2017-06-25 00:00:00";16;5712;20;10;0;<FLG>
V6155621;V615562101;QmnJ;1;"2017-06-26 00:00:00";16;5684;20;10;0;<FLG>
V6155621;V615562101;QmnJ;1;"2017-06-27 00:00:00";16;5897;20;10;0;<FLG>
V6155621;V615562101;QmnJ;1;"2017-06-28 00:00:00";16;9037;20;10;0;<FLG>
V6155621;V615562101;QmnJ;1;"2017-06-29 00:00:00";16;7880;20;10;0;<FLG>
V6155621;V615562101;QmnJ;1;"2017-06-30 00:00:00";16;7031;20;10;0;<FLG>
V6155621;V615562101;QmnJ;1;"2017-07-01 00:00:00";16;6976;20;10;0;<FLG>
V6155621;V615562101;QmnJ;1;"2017-07-02 00:00:00";16;6920;20;10;0;<FLG>
V6155621;V615562101;QmnJ;1;"2017-07-03 00:00:00";16;6632;20;10;0;<FLG>
V6155621;V615562101;QmnJ;1;"2017-07-04 00:00:00";16;5774;20;10;0;<FLG>
V6155621;V615562101;QmnJ;1;"2017-07-05 00:00:00";16;4929;20;10;0;<FLG>
V6155621;V615562101;QmnJ;1;"2017-07-06 00:00:00";16;5149;20;10;0;<FLG>
V6155621;V615562101;QmnJ;1;"2017-07-07 00:00:00";16;4612;20;10;0;<FLG>
V6155621;V615562101;QmnJ;1;"2017-07-08 00:00:00";16;4405;20;10;0;<FLG>
V6155621;V615562101;QmnJ;1;"2017-07-09 00:00:00";16;5050;20;10;0;<FLG>
V6155621;V615562101;QmnJ;1;"2017-07-10 00:00:00";16;4860;20;10;0;<FLG>
V6155621;V615562101;QmnJ;1;"2017-07-11 00:00:00";16;3951;20;10;0;<FLG>
V6155621;V615562101;QmnJ;1;"2017-07-12 00:00:00";16;4099;20;10;0;<FLG>
V6155621;V615562101;QmnJ;1;"2017-07-13 00:00:00";16;4447;20;10;0;<FLG>
V6155621;V615562101;QmnJ;1;"2017-07-14 00:00:00";16;4806;20;10;0;<FLG>
V6155621;V615562101;QmnJ;1;"2017-07-15 00:00:00";16;4606;20;10;0;<FLG>
V6155621;V615562101;QmnJ;1;"2017-07-16 00:00:00";16;3946;20;10;0;<FLG>
V6155621;V615562101;QmnJ;1;"2017-07-17 00:00:00";16;3897;20;10;0;<FLG>
V6155621;V615562101;QmnJ;1;"2017-07-18 00:00:00";16;3849;20;10;0;<FLG>
V6155621;V615562101;QmnJ;1;"2017-07-19 00:00:00";16;3838;20;10;0;<FLG>
V6155621;V615562101;QmnJ;1;"2017-07-20 00:00:00";16;4570;20;10;0;<FLG>
V6155621;V615562101;QmnJ;1;"2017-07-21 00:00:00";16;4606;20;10;0;<FLG>
V6155621;V615562101;QmnJ;1;"2017-07-22 00:00:00";16;4383;20;10;0;<FLG>
V6155621;V615562101;QmnJ;1;"2017-07-23 00:00:00";16;4160;20;10;0;<FLG>
V6155621;V615562101;QmnJ;1;"2017-07-24 00:00:00";16;4439;20;10;0;<FLG>
V6155621;V615562101;QmnJ;1;"2017-07-25 00:00:00";16;4167;20;10;0;<FLG>
V6155621;V615562101;QmnJ;1;"2017-07-26 00:00:00";16;4436;20;10;0;<FLG>
V6155621;V615562101;QmnJ;1;"2017-07-27 00:00:00";16;3949;20;10;0;<FLG>
V6155621;V615562101;QmnJ;1;"2017-07-28 00:00:00";16;3785;20;10;0;<FLG>
V6155621;V615562101;QmnJ;1;"2017-07-29 00:00:00";16;3788;20;10;0;<FLG>
V6155621;V615562101;QmnJ;1;"2017-07-30 00:00:00";16;3882;20;10;0;<FLG>
V6155621;V615562101;QmnJ;1;"2017-07-31 00:00:00";16;3817;20;10;0;<FLG>
V6155621;V615562101;QmnJ;1;"2017-08-01 00:00:00";16;3588;20;10;0;<FLG>
V6155621;V615562101;QmnJ;1;"2017-08-02 00:00:00";16;3539;20;10;0;<FLG>
V6155621;V615562101;QmnJ;1;"2017-08-03 00:00:00";16;3526;20;10;0;<FLG>
V6155621;V615562101;QmnJ;1;"2017-08-04 00:00:00";16;3513;20;10;0;<FLG>
V6155621;V615562101;QmnJ;1;"2017-08-05 00:00:00";16;3503;20;10;0;<FLG>
V6155621;V615562101;QmnJ;1;"2017-08-06 00:00:00";16;3627;20;10;0;<FLG>
V6155621;V615562101;QmnJ;1;"2017-08-07 00:00:00";16;3827;20;10;0;<FLG>
V6155621;V615562101;QmnJ;1;"2017-08-08 00:00:00";16;3984;20;10;0;<FLG>
V6155621;V615562101;QmnJ;1;"2017-08-09 00:00:00";16;3767;20;10;0;<FLG>
V6155621;V615562101;QmnJ;1;"2017-08-10 00:00:00";16;3716;20;10;0;<FLG>
V6155621;V615562101;QmnJ;1;"2017-08-11 00:00:00";16;3721;20;10;0;<FLG>
V6155621;V615562101;QmnJ;1;"2017-08-12 00:00:00";16;3725;20;10;0;<FLG>
V6155621;V615562101;QmnJ;1;"2017-08-13 00:00:00";16;3729;20;10;0;<FLG>
V6155621;V615562101;QmnJ;1;"2017-08-14 00:00:00";16;3733;20;10;0;<FLG>
V6155621;V615562101;QmnJ;1;"2017-08-15 00:00:00";16;3737;20;10;0;<FLG>
V6155621;V615562101;QmnJ;1;"2017-08-16 00:00:00";16;4164;20;10;0;<FLG>
V6155621;V615562101;QmnJ;1;"2017-08-17 00:00:00";16;3922;20;10;0;<FLG>
V6155621;V615562101;QmnJ;1;"2017-08-18 00:00:00";16;3889;20;10;0;<FLG>
V6155621;V615562101;QmnJ;1;"2017-08-19 00:00:00";16;3944;20;10;0;<FLG>
V6155621;V615562101;QmnJ;1;"2017-08-20 00:00:00";16;4005;20;10;0;<FLG>
V6155621;V615562101;QmnJ;1;"2017-08-21 00:00:00";16;4175;20;10;0;<FLG>
V6155621;V615562101;QmnJ;1;"2017-08-22 00:00:00";16;4383;20;10;0;<FLG>
V6155621;V615562101;QmnJ;1;"2017-08-23 00:00:00";16;4591;20;10;0;<FLG>
V6155621;V615562101;QmnJ;1;"2017-08-24 00:00:00";16;4798;20;10;0;<FLG>
V6155621;V615562101;QmnJ;1;"2017-08-25 00:00:00";16;5006;20;10;0;<FLG>
V6155621;V615562101;QmnJ;1;"2017-08-26 00:00:00";16;5050;20;10;0;<FLG>
V6155621;V615562101;QmnJ;1;"2017-08-27 00:00:00";16;4831;20;10;0;<FLG>
V6155621;V615562101;QmnJ;1;"2017-08-28 00:00:00";16;4608;20;10;0;<FLG>
V6155621;V615562101;QmnJ;1;"2017-08-29 00:00:00";16;4385;20;10;0;<FLG>
V6155621;V615562101;QmnJ;1;"2017-08-30 00:00:00";16;4249;20;10;0;<FLG>
V6155621;V615562101;QmnJ;1;"2017-08-31 00:00:00";16;5597;20;10;0;<FLG>
V6155621;V615562101;QmnJ;1;"2017-09-01 00:00:00";16;5204;20;10;0;<FLG>
V6155621;V615562101;QmnJ;1;"2017-09-02 00:00:00";16;5400;20;10;0;<FLG>
V6155621;V615562101;QmnJ;1;"2017-09-03 00:00:00";16;5850;20;10;0;<FLG>
V6155621;V615562101;QmnJ;1;"2017-09-04 00:00:00";16;5985;20;10;0;<FLG>
V6155621;V615562101;QmnJ;1;"2017-09-05 00:00:00";16;5490;20;10;0;<FLG>
V6155621;V615562101;QmnJ;1;"2017-09-06 00:00:00";16;4978;20;10;0;<FLG>
V6155621;V615562101;QmnJ;1;"2017-09-07 00:00:00";16;4499;20;10;0;<FLG>
V6155621;V615562101;QmnJ;1;"2017-09-08 00:00:00";16;5017;20;10;0;<FLG>
V6155621;V615562101;QmnJ;1;"2017-09-09 00:00:00";16;5975;20;10;0;<FLG>
V6155621;V615562101;QmnJ;1;"2017-09-10 00:00:00";16;5348;20;10;0;<FLG>
V6155621;V615562101;QmnJ;1;"2017-09-11 00:00:00";16;5819;20;10;0;<FLG>
V6155621;V615562101;QmnJ;1;"2017-09-12 00:00:00";16;5765;20;10;0;<FLG>
V6155621;V615562101;QmnJ;1;"2017-09-13 00:00:00";16;4819;20;10;0;<FLG>
V6155621;V615562101;QmnJ;1;"2017-09-14 00:00:00";16;5532;20;10;0;<FLG>
V6155621;V615562101;QmnJ;1;"2017-09-15 00:00:00";16;5919;20;10;0;<FLG>
V6155621;V615562101;QmnJ;1;"2017-09-16 00:00:00";16;5488;20;10;0;<FLG>
V6155621;V615562101;QmnJ;1;"2017-09-17 00:00:00";16;5079;20;10;0;<FLG>
V6155621;V615562101;QmnJ;1;"2017-09-18 00:00:00";16;5341;20;10;0;<FLG>
V6155621;V615562101;QmnJ;1;"2017-09-19 00:00:00";16;5624;20;10;0;<FLG>
V6155621;V615562101;QmnJ;1;"2017-09-20 00:00:00";16;4641;20;10;0;<FLG>
V6155621;V615562101;QmnJ;1;"2017-09-21 00:00:00";16;4875;20;10;0;<FLG>
V6155621;V615562101;QmnJ;1;"2017-09-22 00:00:00";16;5133;20;10;0;<FLG>
V6155621;V615562101;QmnJ;1;"2017-09-23 00:00:00";16;5601;20;10;0;<FLG>
V6155621;V615562101;QmnJ;1;"2017-09-24 00:00:00";16;6157;20;10;0;<FLG>
V6155621;V615562101;QmnJ;1;"2017-09-25 00:00:00";16;6334;20;10;0;<FLG>
V6155621;V615562101;QmnJ;1;"2017-09-26 00:00:00";16;6415;20;10;0;<FLG>
V6155621;V615562101;QmnJ;1;"2017-09-27 00:00:00";16;6495;20;10;0;<FLG>
V6155621;V615562101;QmnJ;1;"2017-09-28 00:00:00";16;6575;20;10;0;<FLG>
V6155621;V615562101;QmnJ;1;"2017-09-29 00:00:00";16;6656;20;10;0;<FLG>
V6155621;V615562101;QmnJ;1;"2017-09-30 00:00:00";16;6736;20;10;0;<FLG>
V6155621;V615562101;QmnJ;1;"2017-10-01 00:00:00";16;6543;20;10;0;<FLG>
V6155621;V615562101;QmnJ;1;"2017-10-02 00:00:00";16;6081;20;10;0;<FLG>
V6155621;V615562101;QmnJ;1;"2017-10-03 00:00:00";16;5620;20;10;0;<FLG>
V6155621;V615562101;QmnJ;1;"2017-10-04 00:00:00";16;5158;20;10;0;<FLG>
V6155621;V615562101;QmnJ;1;"2017-10-05 00:00:00";16;4696;20;10;0;<FLG>
V6155621;V615562101;QmnJ;1;"2017-10-06 00:00:00";16;4617;20;10;0;<FLG>
V6155621;V615562101;QmnJ;1;"2017-10-07 00:00:00";16;5507;20;10;0;<FLG>
V6155621;V615562101;QmnJ;1;"2017-10-08 00:00:00";16;5462;20;10;0;<FLG>
V6155621;V615562101;QmnJ;1;"2017-10-09 00:00:00";16;5286;20;10;0;<FLG>
V6155621;V615562101;QmnJ;1;"2017-10-10 00:00:00";16;4420;20;10;0;<FLG>
V6155621;V615562101;QmnJ;1;"2017-11-05 00:00:00";16;13171;20;10;6;<FLG>
V6155621;V615562101;QmnJ;1;"2017-11-06 00:00:00";16;5580;20;10;0;<FLG>
V6155621;V615562101;QmnJ;1;"2017-11-07 00:00:00";16;5773;20;10;0;<FLG>
V6155621;V615562101;QmnJ;1;"2017-11-08 00:00:00";16;5648;20;10;0;<FLG>
V6155621;V615562101;QmnJ;1;"2017-11-09 00:00:00";16;5524;20;10;0;<FLG>
V6155621;V615562101;QmnJ;1;"2017-11-10 00:00:00";16;5399;20;10;0;<FLG>
V6155621;V615562101;QmnJ;1;"2017-11-11 00:00:00";16;5275;20;10;0;<FLG>
V6155621;V615562101;QmnJ;1;"2017-11-12 00:00:00";16;5150;20;10;0;<FLG>
V6155621;V615562101;QmnJ;1;"2017-11-13 00:00:00";16;4753;20;10;0;<FLG>
V6155621;V615562101;QmnJ;1;"2017-11-14 00:00:00";16;5080;20;10;0;<FLG>
V6155621;V615562101;QmnJ;1;"2017-11-15 00:00:00";16;4974;20;10;0;<FLG>
V6155621;V615562101;QmnJ;1;"2017-11-16 00:00:00";16;4868;20;10;0;<FLG>
V6155621;V615562101;QmnJ;1;"2017-11-17 00:00:00";16;4762;20;10;0;<FLG>
V6155621;V615562101;QmnJ;1;"2017-11-18 00:00:00";16;4656;20;10;0;<FLG>
V6155621;V615562101;QmnJ;1;"2017-11-19 00:00:00";16;4550;20;10;0;<FLG>
V6155621;V615562101;QmnJ;1;"2017-11-20 00:00:00";16;4453;20;10;0;<FLG>
V6155621;V615562101;QmnJ;1;"2017-11-21 00:00:00";16;4523;20;10;0;<FLG>
V6155621;V615562101;QmnJ;1;"2017-11-22 00:00:00";16;4655;20;10;0;<FLG>
V6155621;V615562101;QmnJ;1;"2017-11-23 00:00:00";16;4788;20;10;0;<FLG>
V6155621;V615562101;QmnJ;1;"2017-11-24 00:00:00";16;4920;20;10;0;<FLG>
V6155621;V615562101;QmnJ;1;"2017-11-25 00:00:00";16;5427;20;10;0;<FLG>
V6155621;V615562101;QmnJ;1;"2017-11-26 00:00:00";16;6342;20;10;0;<FLG>
V6155621;V615562101;QmnJ;1;"2017-11-27 00:00:00";16;6717;20;10;0;<FLG>
V6155621;V615562101;QmnJ;1;"2017-11-28 00:00:00";16;6877;20;10;0;<FLG>
V6155621;V615562101;QmnJ;1;"2017-11-29 00:00:00";16;5060;20;10;0;<FLG>
V6155621;V615562101;QmnJ;1;"2017-11-30 00:00:00";16;3819;20;10;0;<FLG>
V6155621;V615562101;QmnJ;1;"2017-12-01 00:00:00";16;3874;20;10;0;<FLG>
V6155621;V615562101;QmnJ;1;"2017-12-02 00:00:00";16;3929;20;10;0;<FLG>
V6155621;V615562101;QmnJ;1;"2017-12-03 00:00:00";16;3909;20;10;0;<FLG>
V6155621;V615562101;QmnJ;1;"2017-12-04 00:00:00";16;3674;20;10;0;<FLG>
V6155621;V615562101;QmnJ;1;"2017-12-05 00:00:00";16;3764;20;10;0;<FLG>
V6155621;V615562101;QmnJ;1;"2017-12-06 00:00:00";16;3759;20;10;0;<FLG>
V6155621;V615562101;QmnJ;1;"2017-12-07 00:00:00";16;3754;20;10;0;<FLG>
V6155621;V615562101;QmnJ;1;"2017-12-08 00:00:00";16;3748;20;10;0;<FLG>
V6155621;V615562101;QmnJ;1;"2017-12-09 00:00:00";16;3743;20;10;0;<FLG>
V6155621;V615562101;QmnJ;1;"2017-12-10 00:00:00";16;3828;20;10;0;<FLG>
V6155621;V615562101;QmnJ;1;"2017-12-11 00:00:00";16;4317;20;10;0;<FLG>
V6155621;V615562101;QmnJ;1;"2017-12-12 00:00:00";16;9220;20;10;0;<FLG>
V6155621;V615562101;QmnJ;1;"2017-12-13 00:00:00";16;12736;20;10;0;<FLG>
V6155621;V615562101;QmnJ;1;"2017-12-14 00:00:00";16;11156;20;10;0;<FLG>
V6155621;V615562101;QmnJ;1;"2017-12-15 00:00:00";16;6311;20;10;0;<FLG>
V6155621;V615562101;QmnJ;1;"2017-12-16 00:00:00";16;4140;20;10;0;<FLG>
V6155621;V615562101;QmnJ;1;"2017-12-17 00:00:00";16;3883;20;10;0;<FLG>
V6155621;V615562101;QmnJ;1;"2017-12-18 00:00:00";16;3978;20;10;0;<FLG>
V6155621;V615562101;QmnJ;1;"2017-12-19 00:00:00";16;3827;20;10;0;<FLG>
V6155621;V615562101;QmnJ;1;"2017-12-20 00:00:00";16;5925;20;10;0;<FLG>
V6155621;V615562101;QmnJ;1;"2017-12-21 00:00:00";16;5984;20;10;0;<FLG>
V6155621;V615562101;QmnJ;1;"2017-12-22 00:00:00";16;6024;20;10;0;<FLG>
V6155621;V615562101;QmnJ;1;"2017-12-23 00:00:00";16;5463;20;10;0;<FLG>
V6155621;V615562101;QmnJ;1;"2017-12-24 00:00:00";16;5309;20;10;0;<FLG>
V6155621;V615562101;QmnJ;1;"2017-12-25 00:00:00";16;5156;20;10;0;<FLG>
V6155621;V615562101;QmnJ;1;"2017-12-26 00:00:00";16;5953;20;10;0;<FLG>
V6155621;V615562101;QmnJ;1;"2017-12-27 00:00:00";16;5224;20;10;0;<FLG>
V6155621;V615562101;QmnJ;1;"2017-12-28 00:00:00";16;5275;20;10;0;<FLG>
V6155621;V615562101;QmnJ;1;"2017-12-29 00:00:00";16;6522;20;10;0;<FLG>
V6155621;V615562101;QmnJ;1;"2017-12-30 00:00:00";16;6680;20;10;0;<FLG>
V6155621;V615562101;QmnJ;1;"2017-12-31 00:00:00";16;6834;20;10;0;<FLG>
V6155621;V615562101;QmnJ;1;"2018-01-01 00:00:00";16;8662;20;10;0;<FLG>
V6155621;V615562101;QmnJ;1;"2018-01-02 00:00:00";16;9192;20;10;0;<FLG>
V6155621;V615562101;QmnJ;1;"2018-01-03 00:00:00";16;9137;20;10;0;<FLG>
V6155621;V615562101;QmnJ;1;"2018-01-04 00:00:00";16;9082;20;10;0;<FLG>
V6155621;V615562101;QmnJ;1;"2018-01-05 00:00:00";16;10405;20;10;0;<FLG>
V6155621;V615562101;QmnJ;1;"2018-01-06 00:00:00";16;11862;20;10;0;<FLG>
V6155621;V615562101;QmnJ;1;"2018-01-07 00:00:00";16;11517;20;10;0;<FLG>
V6155621;V615562101;QmnJ;1;"2018-01-08 00:00:00";16;14094;20;10;0;<FLG>
V6155621;V615562101;QmnJ;1;"2018-01-09 00:00:00";16;17732;20;10;0;<FLG>
V6155621;V615562101;QmnJ;1;"2018-01-10 00:00:00";16;18754;20;10;0;<FLG>
V6155621;V615562101;QmnJ;1;"2018-01-11 00:00:00";16;20748;20;10;0;<FLG>
V6155621;V615562101;QmnJ;1;"2018-01-12 00:00:00";16;19898;20;10;0;<FLG>
V6155621;V615562101;QmnJ;1;"2018-01-13 00:00:00";16;18259;20;10;0;<FLG>
V6155621;V615562101;QmnJ;1;"2018-01-14 00:00:00";16;16786;20;10;0;<FLG>
V6155621;V615562101;QmnJ;1;"2018-01-15 00:00:00";16;15386;20;10;0;<FLG>
V6155621;V615562101;QmnJ;1;"2018-01-16 00:00:00";16;14103;20;10;0;<FLG>
V6155621;V615562101;QmnJ;1;"2018-01-17 00:00:00";16;13447;20;10;0;<FLG>
V6155621;V615562101;QmnJ;1;"2018-01-18 00:00:00";16;13273;20;10;0;<FLG>
V6155621;V615562101;QmnJ;1;"2018-01-19 00:00:00";16;13406;20;10;0;<FLG>
V6155621;V615562101;QmnJ;1;"2018-01-20 00:00:00";16;13195;20;10;0;<FLG>
V6155621;V615562101;QmnJ;1;"2018-01-21 00:00:00";16;12522;20;10;0;<FLG>
V6155621;V615562101;QmnJ;1;"2018-01-22 00:00:00";16;12833;20;10;0;<FLG>
V6155621;V615562101;QmnJ;1;"2018-01-23 00:00:00";16;13795;20;10;0;<FLG>
V6155621;V615562101;QmnJ;1;"2018-01-24 00:00:00";16;13116;20;10;0;<FLG>
V6155621;V615562101;QmnJ;1;"2018-01-25 00:00:00";16;13314;20;10;0;<FLG>
V6155621;V615562101;QmnJ;1;"2018-01-26 00:00:00";16;20081;12;10;0;<FLG>
V6155621;V615562101;QmnJ;1;"2018-01-27 00:00:00";16;35758;12;10;0;<FLG>
V6155621;V615562101;QmnJ;1;"2018-01-28 00:00:00";16;24458;20;10;0;<FLG>
V6155621;V615562101;QmnJ;1;"2018-01-29 00:00:00";16;22037;20;10;0;<FLG>
V6155621;V615562101;QmnJ;1;"2018-01-30 00:00:00";16;21139;20;10;0;<FLG>
V6155621;V615562101;QmnJ;1;"2018-01-31 00:00:00";16;20470;20;10;0;<FLG>
V6155621;V615562101;QmnJ;1;"2018-02-01 00:00:00";16;19624;20;10;0;<FLG>
V6155621;V615562101;QmnJ;1;"2018-02-02 00:00:00";16;18027;20;10;0;<FLG>
V6155621;V615562101;QmnJ;1;"2018-02-03 00:00:00";16;16805;20;10;0;<FLG>
V6155621;V615562101;QmnJ;1;"2018-02-04 00:00:00";16;16328;20;10;0;<FLG>
V6155621;V615562101;QmnJ;1;"2018-02-05 00:00:00";16;15884;20;10;0;<FLG>
V6155621;V615562101;QmnJ;1;"2018-02-06 00:00:00";16;15440;20;10;0;<FLG>
V6155621;V615562101;QmnJ;1;"2018-02-07 00:00:00";16;14879;20;10;0;<FLG>
V6155621;V615562101;QmnJ;1;"2018-02-08 00:00:00";16;14543;20;10;0;<FLG>
V6155621;V615562101;QmnJ;1;"2018-02-09 00:00:00";16;12965;20;10;0;<FLG>
V6155621;V615562101;QmnJ;1;"2018-02-10 00:00:00";16;11781;20;10;0;<FLG>
V6155621;V615562101;QmnJ;1;"2018-02-11 00:00:00";16;11542;20;10;0;<FLG>
V6155621;V615562101;QmnJ;1;"2018-02-12 00:00:00";16;11539;20;10;0;<FLG>
V6155621;V615562101;QmnJ;1;"2018-02-13 00:00:00";16;12409;20;10;0;<FLG>
V6155621;V615562101;QmnJ;1;"2018-02-14 00:00:00";16;11842;20;10;0;<FLG>
V6155621;V615562101;QmnJ;1;"2018-02-15 00:00:00";16;11271;20;10;0;<FLG>
V6155621;V615562101;QmnJ;1;"2018-02-16 00:00:00";16;11759;20;10;0;<FLG>
V6155621;V615562101;QmnJ;1;"2018-02-17 00:00:00";16;12444;20;10;0;<FLG>
V6155621;V615562101;QmnJ;1;"2018-02-18 00:00:00";16;11674;20;10;0;<FLG>
V6155621;V615562101;QmnJ;1;"2018-02-19 00:00:00";16;11331;20;10;0;<FLG>
V6155621;V615562101;QmnJ;1;"2018-02-20 00:00:00";16;10933;20;10;0;<FLG>
V6155621;V615562101;QmnJ;1;"2018-02-21 00:00:00";16;10213;20;10;0;<FLG>
V6155621;V615562101;QmnJ;1;"2018-02-22 00:00:00";16;9862;20;10;0;<FLG>
V6155621;V615562101;QmnJ;1;"2018-02-23 00:00:00";16;9510;20;10;0;<FLG>
V6155621;V615562101;QmnJ;1;"2018-02-24 00:00:00";16;9185;20;10;0;<FLG>
V6155621;V615562101;QmnJ;1;"2018-02-25 00:00:00";16;9197;20;10;0;<FLG>
V6155621;V615562101;QmnJ;1;"2018-02-26 00:00:00";16;9073;20;10;0;<FLG>
V6155621;V615562101;QmnJ;1;"2018-02-27 00:00:00";16;9886;20;10;0;<FLG>
V6155621;V615562101;QmnJ;1;"2018-02-28 00:00:00";16;9481;20;10;0;<FLG>
V6155621;V615562101;QmnJ;1;"2018-03-01 00:00:00";16;9397;20;10;0;<FLG>
V6155621;V615562101;QmnJ;1;"2018-03-02 00:00:00";16;11923;20;10;0;<FLG>
V6155621;V615562101;QmnJ;1;"2018-03-03 00:00:00";16;17275;20;10;0;<FLG>
V6155621;V615562101;QmnJ;1;"2018-03-04 00:00:00";16;25657;20;10;0;<FLG>
V6155621;V615562101;QmnJ;1;"2018-03-05 00:00:00";16;35746;20;10;0;<FLG>
V6155621;V615562101;QmnJ;1;"2018-03-06 00:00:00";16;39227;20;10;0;<FLG>
V6155621;V615562101;QmnJ;1;"2018-03-07 00:00:00";16;39102;20;10;0;<FLG>
V6155621;V615562101;QmnJ;1;"2018-03-08 00:00:00";16;39205;20;10;0;<FLG>
V6155621;V615562101;QmnJ;1;"2018-03-09 00:00:00";16;37914;20;10;0;<FLG>
V6155621;V615562101;QmnJ;1;"2018-03-10 00:00:00";16;35951;20;10;0;<FLG>
V6155621;V615562101;QmnJ;1;"2018-03-11 00:00:00";16;33550;20;10;0;<FLG>
V6155621;V615562101;QmnJ;1;"2018-03-12 00:00:00";16;36729;20;10;0;<FLG>
V6155621;V615562101;QmnJ;1;"2018-03-13 00:00:00";16;38707;20;10;0;<FLG>
V6155621;V615562101;QmnJ;1;"2018-03-14 00:00:00";16;39322;20;10;0;<FLG>
V6155621;V615562101;QmnJ;1;"2018-03-15 00:00:00";16;41331;20;10;0;<FLG>
V6155621;V615562101;QmnJ;1;"2018-03-16 00:00:00";16;44356;20;10;0;<FLG>
V6155621;V615562101;QmnJ;1;"2018-03-17 00:00:00";16;58162;12;10;0;<FLG>
V6155621;V615562101;QmnJ;1;"2018-03-18 00:00:00";16;53021;12;10;0;<FLG>
V6155621;V615562101;QmnJ;1;"2018-03-19 00:00:00";16;51541;12;10;0;<FLG>
V6155621;V615562101;QmnJ;1;"2018-03-20 00:00:00";16;50072;12;10;0;<FLG>
V6155621;V615562101;QmnJ;1;"2018-03-21 00:00:00";16;47715;12;10;0;<FLG>
V6155621;V615562101;QmnJ;1;"2018-03-22 00:00:00";16;45180;20;10;0;<FLG>
V6155621;V615562101;QmnJ;1;"2018-03-23 00:00:00";16;42782;20;10;0;<FLG>
V6155621;V615562101;QmnJ;1;"2018-03-24 00:00:00";16;40427;20;10;0;<FLG>
V6155621;V615562101;QmnJ;1;"2018-03-25 00:00:00";16;38079;20;10;0;<FLG>
V6155621;V615562101;QmnJ;1;"2018-03-26 00:00:00";16;35434;20;10;0;<FLG>
V6155621;V615562101;QmnJ;1;"2018-03-27 00:00:00";16;32702;20;10;0;<FLG>
V6155621;V615562101;QmnJ;1;"2018-03-28 00:00:00";16;29415;20;10;0;<FLG>
V6155621;V615562101;QmnJ;1;"2018-03-29 00:00:00";16;27191;20;10;0;<FLG>
V6155621;V615562101;QmnJ;1;"2018-03-30 00:00:00";16;27181;20;10;0;<FLG>
V6155621;V615562101;QmnJ;1;"2018-03-31 00:00:00";16;28440;20;10;0;<FLG>
V6155621;V615562101;QmnJ;1;"2018-04-01 00:00:00";16;25463;20;10;0;<FLG>
V6155621;V615562101;QmnJ;1;"2018-04-02 00:00:00";16;24512;20;10;0;<FLG>
V6155621;V615562101;QmnJ;1;"2018-04-03 00:00:00";16;23833;20;10;0;<FLG>
V6155621;V615562101;QmnJ;1;"2018-04-04 00:00:00";16;23153;20;10;0;<FLG>
V6155621;V615562101;QmnJ;1;"2018-04-05 00:00:00";16;22474;20;10;0;<FLG>
V6155621;V615562101;QmnJ;1;"2018-04-06 00:00:00";16;21794;20;10;0;<FLG>
V6155621;V615562101;QmnJ;1;"2018-04-07 00:00:00";16;21274;20;10;0;<FLG>
V6155621;V615562101;QmnJ;1;"2018-04-08 00:00:00";16;21695;20;10;0;<FLG>
V6155621;V615562101;QmnJ;1;"2018-04-09 00:00:00";16;21758;20;10;0;<FLG>
V6155621;V615562101;QmnJ;1;"2018-04-10 00:00:00";16;24998;20;10;0;<FLG>
V6155621;V615562101;QmnJ;1;"2018-04-11 00:00:00";16;27114;12;10;0;<FLG>
V6155621;V615562101;QmnJ;1;"2018-04-12 00:00:00";16;48794;12;10;0;<FLG>
V6155621;V615562101;QmnJ;1;"2018-04-13 00:00:00";16;49887;12;10;0;<FLG>
V6155621;V615562101;QmnJ;1;"2018-04-14 00:00:00";16;55910;12;10;0;<FLG>
V6155621;V615562101;QmnJ;1;"2018-04-15 00:00:00";16;57791;12;10;0;<FLG>
V6155621;V615562101;QmnJ;1;"2018-04-16 00:00:00";16;56354;12;10;0;<FLG>
V6155621;V615562101;QmnJ;1;"2018-04-17 00:00:00";16;53968;12;10;0;<FLG>
V6155621;V615562101;QmnJ;1;"2018-04-18 00:00:00";16;51582;12;10;0;<FLG>
V6155621;V615562101;QmnJ;1;"2018-04-19 00:00:00";16;49197;12;10;0;<FLG>
V6155621;V615562101;QmnJ;1;"2018-04-20 00:00:00";16;46867;20;10;0;<FLG>
V6155621;V615562101;QmnJ;1;"2018-04-21 00:00:00";16;44474;20;10;0;<FLG>
V6155621;V615562101;QmnJ;1;"2018-04-22 00:00:00";16;42358;20;10;0;<FLG>
V6155621;V615562101;QmnJ;1;"2018-04-23 00:00:00";16;39894;20;10;0;<FLG>
V6155621;V615562101;QmnJ;1;"2018-04-24 00:00:00";16;37099;20;10;0;<FLG>
V6155621;V615562101;QmnJ;1;"2018-04-25 00:00:00";16;34318;20;10;0;<FLG>
V6155621;V615562101;QmnJ;1;"2018-04-26 00:00:00";16;32167;20;10;0;<FLG>
V6155621;V615562101;QmnJ;1;"2018-04-27 00:00:00";16;30569;20;10;0;<FLG>
V6155621;V615562101;QmnJ;1;"2018-04-28 00:00:00";16;29031;20;10;0;<FLG>
V6155621;V615562101;QmnJ;1;"2018-04-29 00:00:00";16;28608;20;10;0;<FLG>
V6155621;V615562101;QmnJ;1;"2018-04-30 00:00:00";16;27341;20;10;0;<FLG>
V6155621;V615562101;QmnJ;1;"2018-05-01 00:00:00";16;26393;20;10;0;<FLG>
V6155621;V615562101;QmnJ;1;"2018-05-02 00:00:00";16;24647;20;10;0;<FLG>
V6155621;V615562101;QmnJ;1;"2018-05-03 00:00:00";16;24131;20;10;0;<FLG>
V6155621;V615562101;QmnJ;1;"2018-05-04 00:00:00";16;23141;20;10;0;<FLG>
V6155621;V615562101;QmnJ;1;"2018-05-05 00:00:00";16;22278;20;10;0;<FLG>
V6155621;V615562101;QmnJ;1;"2018-05-06 00:00:00";16;22352;20;10;0;<FLG>
V6155621;V615562101;QmnJ;1;"2018-05-07 00:00:00";16;22268;20;10;0;<FLG>
V6155621;V615562101;QmnJ;1;"2018-05-08 00:00:00";16;24205;20;10;0;<FLG>
V6155621;V615562101;QmnJ;1;"2018-05-09 00:00:00";16;24079;20;10;0;<FLG>
V6155621;V615562101;QmnJ;1;"2018-05-10 00:00:00";16;25951;20;10;0;<FLG>
V6155621;V615562101;QmnJ;1;"2018-05-11 00:00:00";16;25752;20;10;0;<FLG>
V6155621;V615562101;QmnJ;1;"2018-05-12 00:00:00";16;26135;20;10;0;<FLG>
V6155621;V615562101;QmnJ;1;"2018-05-13 00:00:00";16;31468;20;10;0;<FLG>
V6155621;V615562101;QmnJ;1;"2018-05-14 00:00:00";16;29898;20;10;0;<FLG>
V6155621;V615562101;QmnJ;1;"2018-05-15 00:00:00";16;27757;20;10;0;<FLG>
V6155621;V615562101;QmnJ;1;"2018-05-16 00:00:00";16;27692;20;10;0;<FLG>
V6155621;V615562101;QmnJ;1;"2018-05-17 00:00:00";16;26601;20;10;0;<FLG>
V6155621;V615562101;QmnJ;1;"2018-05-18 00:00:00";16;25691;20;10;0;<FLG>
V6155621;V615562101;QmnJ;1;"2018-05-19 00:00:00";16;24562;20;10;0;<FLG>
V6155621;V615562101;QmnJ;1;"2018-05-20 00:00:00";16;24543;20;10;0;<FLG>
V6155621;V615562101;QmnJ;1;"2018-05-21 00:00:00";16;28252;20;10;0;<FLG>
V6155621;V615562101;QmnJ;1;"2018-05-22 00:00:00";16;29866;20;10;0;<FLG>
V6155621;V615562101;QmnJ;1;"2018-05-23 00:00:00";16;31907;20;10;0;<FLG>
V6155621;V615562101;QmnJ;1;"2018-05-24 00:00:00";16;33251;20;10;0;<FLG>
V6155621;V615562101;QmnJ;1;"2018-05-25 00:00:00";16;32767;20;10;0;<FLG>
V6155621;V615562101;QmnJ;1;"2018-05-26 00:00:00";16;31942;20;10;0;<FLG>
V6155621;V615562101;QmnJ;1;"2018-05-27 00:00:00";16;31165;20;10;0;<FLG>
V6155621;V615562101;QmnJ;1;"2018-05-28 00:00:00";16;33721;20;10;0;<FLG>
V6155621;V615562101;QmnJ;1;"2018-05-29 00:00:00";16;35218;20;10;0;<FLG>
V6155621;V615562101;QmnJ;1;"2018-05-30 00:00:00";16;32146;20;10;0;<FLG>
V6155621;V615562101;QmnJ;1;"2018-05-31 00:00:00";16;36999;20;10;0;<FLG>
V6155621;V615562101;QmnJ;1;"2018-06-01 00:00:00";16;34558;20;10;0;<FLG>
V6155621;V615562101;QmnJ;1;"2018-06-02 00:00:00";16;31014;20;10;0;<FLG>
V6155621;V615562101;QmnJ;1;"2018-06-03 00:00:00";16;34837;20;10;0;<FLG>
V6155621;V615562101;QmnJ;1;"2018-06-04 00:00:00";16;36742;20;10;0;<FLG>
V6155621;V615562101;QmnJ;1;"2018-06-05 00:00:00";16;32336;20;10;0;<FLG>
V6155621;V615562101;QmnJ;1;"2018-06-06 00:00:00";16;30568;20;10;0;<FLG>
V6155621;V615562101;QmnJ;1;"2018-06-07 00:00:00";16;30205;20;10;0;<FLG>
V6155621;V615562101;QmnJ;1;"2018-06-08 00:00:00";16;28962;20;10;0;<FLG>
V6155621;V615562101;QmnJ;1;"2018-06-09 00:00:00";16;27144;20;10;0;<FLG>
V6155621;V615562101;QmnJ;1;"2018-06-10 00:00:00";16;26482;20;10;0;<FLG>
V6155621;V615562101;QmnJ;1;"2018-06-11 00:00:00";16;29252;12;10;0;<FLG>
V6155621;V615562101;QmnJ;1;"2018-06-12 00:00:00";16;38912;12;10;0;<FLG>
V6155621;V615562101;QmnJ;1;"2018-06-13 00:00:00";16;30449;20;10;0;<FLG>
V6155621;V615562101;QmnJ;1;"2018-06-14 00:00:00";16;27821;20;10;0;<FLG>
V6155621;V615562101;QmnJ;1;"2018-06-15 00:00:00";16;26895;20;10;0;<FLG>
V6155621;V615562101;QmnJ;1;"2018-06-16 00:00:00";16;25827;20;10;0;<FLG>
V6155621;V615562101;QmnJ;1;"2018-06-17 00:00:00";16;24281;20;10;0;<FLG>
V6155621;V615562101;QmnJ;1;"2018-06-18 00:00:00";16;23644;20;10;0;<FLG>
V6155621;V615562101;QmnJ;1;"2018-06-19 00:00:00";16;23644;20;10;0;<FLG>
V6155621;V615562101;QmnJ;1;"2018-06-20 00:00:00";16;23248;20;10;0;<FLG>
V6155621;V615562101;QmnJ;1;"2018-06-21 00:00:00";16;21807;20;10;0;<FLG>
V6155621;V615562101;QmnJ;1;"2018-06-22 00:00:00";16;21779;20;10;0;<FLG>
V6155621;V615562101;QmnJ;1;"2018-06-23 00:00:00";16;21185;20;10;0;<FLG>
V6155621;V615562101;QmnJ;1;"2018-06-24 00:00:00";16;21223;20;10;0;<FLG>
V6155621;V615562101;QmnJ;1;"2018-06-25 00:00:00";16;21132;20;10;0;<FLG>
V6155621;V615562101;QmnJ;1;"2018-06-26 00:00:00";16;20049;20;10;0;<FLG>
V6155621;V615562101;QmnJ;1;"2018-06-27 00:00:00";16;18759;20;10;0;<FLG>
V6155621;V615562101;QmnJ;1;"2018-06-28 00:00:00";16;17572;20;10;0;<FLG>
V6155621;V615562101;QmnJ;1;"2018-06-29 00:00:00";16;17540;20;10;0;<FLG>
V6155621;V615562101;QmnJ;1;"2018-06-30 00:00:00";16;17310;20;10;0;<FLG>
V6155621;V615562101;QmnJ;1;"2018-07-01 00:00:00";16;16418;20;10;0;<FLG>
V6155621;V615562101;QmnJ;1;"2018-07-02 00:00:00";16;16172;20;10;0;<FLG>
V6155621;V615562101;QmnJ;1;"2018-07-03 00:00:00";16;15926;20;10;0;<FLG>
V6155621;V615562101;QmnJ;1;"2018-07-04 00:00:00";16;15679;20;10;0;<FLG>
V6155621;V615562101;QmnJ;1;"2018-07-05 00:00:00";16;15433;20;10;0;<FLG>
V6155621;V615562101;QmnJ;1;"2018-07-06 00:00:00";16;14644;20;10;0;<FLG>
V6155621;V615562101;QmnJ;1;"2018-07-07 00:00:00";16;14459;20;10;0;<FLG>
V6155621;V615562101;QmnJ;1;"2018-07-08 00:00:00";16;14629;20;10;0;<FLG>
V6155621;V615562101;QmnJ;1;"2018-07-09 00:00:00";16;13716;20;10;0;<FLG>
V6155621;V615562101;QmnJ;1;"2018-07-10 00:00:00";16;13532;20;10;0;<FLG>
V6155621;V615562101;QmnJ;1;"2018-07-11 00:00:00";16;13348;20;10;0;<FLG>
V6155621;V615562101;QmnJ;1;"2018-07-12 00:00:00";16;13207;20;10;0;<FLG>
V6155621;V615562101;QmnJ;1;"2018-07-13 00:00:00";16;12712;20;10;0;<FLG>
V6155621;V615562101;QmnJ;1;"2018-07-14 00:00:00";16;12802;20;10;0;<FLG>
V6155621;V615562101;QmnJ;1;"2018-07-15 00:00:00";16;13585;20;10;0;<FLG>
V6155621;V615562101;QmnJ;1;"2018-07-16 00:00:00";16;14002;20;10;0;<FLG>
V6155621;V615562101;QmnJ;1;"2018-07-17 00:00:00";16;12714;20;10;0;<FLG>
V6155621;V615562101;QmnJ;1;"2018-07-18 00:00:00";16;11697;20;10;0;<FLG>
V6155621;V615562101;QmnJ;1;"2018-07-19 00:00:00";16;10952;20;10;0;<FLG>
V6155621;V615562101;QmnJ;1;"2018-07-20 00:00:00";16;10775;20;10;0;<FLG>
V6155621;V615562101;QmnJ;1;"2018-07-21 00:00:00";16;13658;20;10;0;<FLG>
V6155621;V615562101;QmnJ;1;"2018-07-22 00:00:00";16;11590;20;10;0;<FLG>
V6155621;V615562101;QmnJ;1;"2018-07-23 00:00:00";16;11081;20;10;0;<FLG>
V6155621;V615562101;QmnJ;1;"2018-07-24 00:00:00";16;10804;20;10;0;<FLG>
V6155621;V615562101;QmnJ;1;"2018-07-25 00:00:00";16;10714;20;10;0;<FLG>
V6155621;V615562101;QmnJ;1;"2018-07-26 00:00:00";16;9501;20;10;0;<FLG>
V6155621;V615562101;QmnJ;1;"2018-07-27 00:00:00";16;10061;20;10;0;<FLG>
V6155621;V615562101;QmnJ;1;"2018-07-28 00:00:00";16;10199;20;10;0;<FLG>
V6155621;V615562101;QmnJ;1;"2018-07-29 00:00:00";16;10723;20;10;0;<FLG>
V6155621;V615562101;QmnJ;1;"2018-07-30 00:00:00";16;10447;20;10;0;<FLG>
V6155621;V615562101;QmnJ;1;"2018-07-31 00:00:00";16;10171;20;10;0;<FLG>
V6155621;V615562101;QmnJ;1;"2018-08-01 00:00:00";16;9896;20;10;0;<FLG>
V6155621;V615562101;QmnJ;1;"2018-08-02 00:00:00";16;9620;20;10;0;<FLG>
V6155621;V615562101;QmnJ;1;"2018-08-03 00:00:00";16;9291;20;10;0;<FLG>
V6155621;V615562101;QmnJ;1;"2018-08-04 00:00:00";16;9134;20;10;0;<FLG>
V6155621;V615562101;QmnJ;1;"2018-08-05 00:00:00";16;9874;20;10;0;<FLG>
V6155621;V615562101;QmnJ;1;"2018-08-06 00:00:00";16;10150;20;10;0;<FLG>
V6155621;V615562101;QmnJ;1;"2018-08-07 00:00:00";16;9395;20;10;0;<FLG>
V6155621;V615562101;QmnJ;1;"2018-08-08 00:00:00";16;9262;20;10;0;<FLG>
V6155621;V615562101;QmnJ;1;"2018-08-09 00:00:00";16;29084;12;10;0;<FLG>
V6155621;V615562101;QmnJ;1;"2018-08-10 00:00:00";16;19629;20;10;0;<FLG>
V6155621;V615562101;QmnJ;1;"2018-08-11 00:00:00";16;15000;20;10;0;<FLG>
V6155621;V615562101;QmnJ;1;"2018-08-12 00:00:00";16;14711;20;10;0;<FLG>
V6155621;V615562101;QmnJ;1;"2018-08-13 00:00:00";16;16326;20;10;0;<FLG>
V6155621;V615562101;QmnJ;1;"2018-08-14 00:00:00";16;12723;20;10;0;<FLG>
V6155621;V615562101;QmnJ;1;"2018-08-15 00:00:00";16;12058;20;10;0;<FLG>
V6155621;V615562101;QmnJ;1;"2018-08-16 00:00:00";16;11995;20;10;0;<FLG>
V6155621;V615562101;QmnJ;1;"2018-08-17 00:00:00";16;11534;20;10;0;<FLG>
V6155621;V615562101;QmnJ;1;"2018-08-18 00:00:00";16;11066;20;10;0;<FLG>
V6155621;V615562101;QmnJ;1;"2018-08-19 00:00:00";16;10599;20;10;0;<FLG>
V6155621;V615562101;QmnJ;1;"2018-08-20 00:00:00";16;10132;20;10;0;<FLG>
V6155621;V615562101;QmnJ;1;"2018-08-21 00:00:00";16;9750;20;10;0;<FLG>
V6155621;V615562101;QmnJ;1;"2018-08-22 00:00:00";16;11171;20;10;0;<FLG>
V6155621;V615562101;QmnJ;1;"2018-08-23 00:00:00";16;10981;20;10;0;<FLG>
V6155621;V615562101;QmnJ;1;"2018-08-24 00:00:00";16;10224;20;10;0;<FLG>
V6155621;V615562101;QmnJ;1;"2018-08-25 00:00:00";16;10480;20;10;0;<FLG>
V6155621;V615562101;QmnJ;1;"2018-08-26 00:00:00";16;11117;20;10;0;<FLG>
V6155621;V615562101;QmnJ;1;"2018-08-27 00:00:00";16;10032;20;10;0;<FLG>
V6155621;V615562101;QmnJ;1;"2018-08-28 00:00:00";16;9602;20;10;0;<FLG>
V6155621;V615562101;QmnJ;1;"2018-08-29 00:00:00";16;9771;20;10;0;<FLG>
V6155621;V615562101;QmnJ;1;"2018-08-30 00:00:00";16;9152;20;10;0;<FLG>
V6155621;V615562101;QmnJ;1;"2018-08-31 00:00:00";16;8936;20;10;0;<FLG>
V6155621;V615562101;QmnJ;1;"2018-09-01 00:00:00";16;8837;20;10;0;<FLG>
V6155621;V615562101;QmnJ;1;"2018-09-02 00:00:00";16;8738;20;10;0;<FLG>
V6155621;V615562101;QmnJ;1;"2018-09-03 00:00:00";16;8638;20;10;0;<FLG>
V6155621;V615562101;QmnJ;1;"2018-09-04 00:00:00";16;8539;20;10;0;<FLG>
V6155621;V615562101;QmnJ;1;"2018-09-05 00:00:00";16;8461;20;10;0;<FLG>
V6155621;V615562101;QmnJ;1;"2018-09-06 00:00:00";16;9526;20;10;0;<FLG>
V6155621;V615562101;QmnJ;1;"2018-09-07 00:00:00";16;9418;20;10;0;<FLG>
V6155621;V615562101;QmnJ;1;"2018-09-08 00:00:00";16;8651;20;10;0;<FLG>
V6155621;V615562101;QmnJ;1;"2018-09-09 00:00:00";16;8285;20;10;0;<FLG>
V6155621;V615562101;QmnJ;1;"2018-09-10 00:00:00";16;7952;20;10;0;<FLG>
V6155621;V615562101;QmnJ;1;"2018-09-11 00:00:00";16;7858;20;10;0;<FLG>
V6155621;V615562101;QmnJ;1;"2018-09-12 00:00:00";16;8001;20;10;0;<FLG>
V6155621;V615562101;QmnJ;1;"2018-09-13 00:00:00";16;9763;20;10;0;<FLG>
V6155621;V615562101;QmnJ;1;"2018-09-14 00:00:00";16;8482;20;10;0;<FLG>
V6155621;V615562101;QmnJ;1;"2018-09-15 00:00:00";16;7211;20;10;0;<FLG>
V6155621;V615562101;QmnJ;1;"2018-09-16 00:00:00";16;7071;20;10;0;<FLG>
V6155621;V615562101;QmnJ;1;"2018-09-17 00:00:00";16;6931;20;10;0;<FLG>
V6155621;V615562101;QmnJ;1;"2018-09-18 00:00:00";16;6791;20;10;0;<FLG>
V6155621;V615562101;QmnJ;1;"2018-09-19 00:00:00";16;6651;20;10;0;<FLG>
V6155621;V615562101;QmnJ;1;"2018-09-20 00:00:00";16;6511;20;10;0;<FLG>
V6155621;V615562101;QmnJ;1;"2018-09-21 00:00:00";16;6371;20;10;0;<FLG>
V6155621;V615562101;QmnJ;1;"2018-09-22 00:00:00";16;9192;20;10;0;<FLG>
V6155621;V615562101;QmnJ;1;"2018-09-23 00:00:00";16;9928;20;10;0;<FLG>
V6155621;V615562101;QmnJ;1;"2018-09-24 00:00:00";16;9786;20;10;0;<FLG>
V6155621;V615562101;QmnJ;1;"2018-09-25 00:00:00";16;9837;20;10;0;<FLG>
V6155621;V615562101;QmnJ;1;"2018-09-26 00:00:00";16;9889;20;10;0;<FLG>
V6155621;V615562101;QmnJ;1;"2018-09-27 00:00:00";16;9940;20;10;0;<FLG>
V6155621;V615562101;QmnJ;1;"2018-09-28 00:00:00";16;9991;20;10;0;<FLG>
V6155621;V615562101;QmnJ;1;"2018-09-29 00:00:00";16;10043;20;10;0;<FLG>
V6155621;V615562101;QmnJ;1;"2018-09-30 00:00:00";16;10094;20;10;0;<FLG>
V6155621;V615562101;QmnJ;1;"2018-10-01 00:00:00";16;10118;20;10;0;<FLG>
V6155621;V615562101;QmnJ;1;"2018-10-02 00:00:00";16;9812;20;10;0;<FLG>
V6155621;V615562101;QmnJ;1;"2018-10-03 00:00:00";16;10104;20;10;0;<FLG>
V6155621;V615562101;QmnJ;1;"2018-10-04 00:00:00";16;10002;20;10;0;<FLG>
V6155621;V615562101;QmnJ;1;"2018-10-05 00:00:00";16;9899;20;10;0;<FLG>
V6155621;V615562101;QmnJ;1;"2018-10-06 00:00:00";16;9797;20;10;0;<FLG>
V6155621;V615562101;QmnJ;1;"2018-10-07 00:00:00";16;12752;20;10;0;<FLG>
V6155621;V615562101;QmnJ;1;"2018-10-08 00:00:00";16;13475;20;10;0;<FLG>
V6155621;V615562101;QmnJ;1;"2018-10-09 00:00:00";16;11231;20;10;0;<FLG>
V6155621;V615562101;QmnJ;1;"2018-10-10 00:00:00";16;11961;20;10;0;<FLG>
V6155621;V615562101;QmnJ;1;"2018-10-11 00:00:00";16;15883;20;10;0;<FLG>
V6155621;V615562101;QmnJ;1;"2018-10-12 00:00:00";16;12272;20;10;0;<FLG>
V6155621;V615562101;QmnJ;1;"2018-10-13 00:00:00";16;10854;20;10;0;<FLG>
V6155621;V615562101;QmnJ;1;"2018-10-14 00:00:00";16;9001;20;10;0;<FLG>
V6155621;V615562101;QmnJ;1;"2018-10-15 00:00:00";16;10021;20;10;0;<FLG>
V6155621;V615562101;QmnJ;1;"2018-10-16 00:00:00";16;10540;20;10;0;<FLG>
V6155621;V615562101;QmnJ;1;"2018-10-17 00:00:00";16;9058;20;10;0;<FLG>
V6155621;V615562101;QmnJ;1;"2018-10-18 00:00:00";16;8178;20;10;0;<FLG>
V6155621;V615562101;QmnJ;1;"2018-10-19 00:00:00";16;7288;20;10;0;<FLG>
V6155621;V615562101;QmnJ;1;"2018-10-20 00:00:00";16;7423;20;10;0;<FLG>
V6155621;V615562101;QmnJ;1;"2018-10-21 00:00:00";16;7559;20;10;0;<FLG>
V6155621;V615562101;QmnJ;1;"2018-10-22 00:00:00";16;7592;20;10;0;<FLG>
V6155621;V615562101;QmnJ;1;"2018-10-23 00:00:00";16;6939;20;10;0;<FLG>
V6155621;V615562101;QmnJ;1;"2018-10-24 00:00:00";16;6447;20;10;0;<FLG>
V6155621;V615562101;QmnJ;1;"2018-10-25 00:00:00";16;6615;20;10;0;<FLG>
V6155621;V615562101;QmnJ;1;"2018-10-26 00:00:00";16;7096;20;10;0;<FLG>
V6155621;V615562101;QmnJ;1;"2018-10-27 00:00:00";16;8491;20;10;0;<FLG>
V6155621;V615562101;QmnJ;1;"2018-10-28 00:00:00";16;10129;20;10;0;<FLG>
V6155621;V615562101;QmnJ;1;"2018-10-29 00:00:00";16;22475;20;10;0;<FLG>
V6155621;V615562101;QmnJ;1;"2018-10-30 00:00:00";16;38887;20;10;0;<FLG>
V6155621;V615562101;QmnJ;1;"2018-10-31 00:00:00";16;45075;20;10;0;<FLG>
V6155621;V615562101;QmnJ;1;"2018-11-01 00:00:00";16;78386;20;10;0;<FLG>
V6155621;V615562101;QmnJ;1;"2018-11-02 00:00:00";16;76442;20;10;0;<FLG>
V6155621;V615562101;QmnJ;1;"2018-11-03 00:00:00";16;69371;20;10;0;<FLG>
V6155621;V615562101;QmnJ;1;"2018-11-04 00:00:00";16;66066;20;10;0;<FLG>
V6155621;V615562101;QmnJ;1;"2018-11-05 00:00:00";16;61975;20;10;0;<FLG>
V6155621;V615562101;QmnJ;1;"2018-11-06 00:00:00";16;76605;20;10;0;<FLG>
V6155621;V615562101;QmnJ;1;"2018-11-07 00:00:00";16;75020;20;10;0;<FLG>
V6155621;V615562101;QmnJ;1;"2018-11-08 00:00:00";16;78862;20;10;0;<FLG>
V6155621;V615562101;QmnJ;1;"2018-11-09 00:00:00";16;71246;20;10;0;<FLG>
V6155621;V615562101;QmnJ;1;"2018-11-10 00:00:00";16;67241;20;10;0;<FLG>
V6155621;V615562101;QmnJ;1;"2018-11-11 00:00:00";16;62478;20;10;0;<FLG>
V6155621;V615562101;QmnJ;1;"2018-11-12 00:00:00";16;58651;20;10;0;<FLG>
V6155621;V615562101;QmnJ;1;"2018-11-13 00:00:00";16;55302;20;10;0;<FLG>
V6155621;V615562101;QmnJ;1;"2018-11-14 00:00:00";16;52625;20;10;0;<FLG>
V6155621;V615562101;QmnJ;1;"2018-11-15 00:00:00";16;49949;20;10;0;<FLG>
V6155621;V615562101;QmnJ;1;"2018-11-16 00:00:00";16;47137;20;10;0;<FLG>
V6155621;V615562101;QmnJ;1;"2018-11-17 00:00:00";16;46544;20;10;0;<FLG>
V6155621;V615562101;QmnJ;1;"2018-11-18 00:00:00";16;43659;20;10;0;<FLG>
V6155621;V615562101;QmnJ;1;"2018-11-19 00:00:00";16;40317;20;10;0;<FLG>
V6155621;V615562101;QmnJ;1;"2018-11-20 00:00:00";16;38081;20;10;0;<FLG>
V6155621;V615562101;QmnJ;1;"2018-11-21 00:00:00";16;61367;20;10;0;<FLG>
V6155621;V615562101;QmnJ;1;"2018-11-22 00:00:00";16;52720;20;10;0;<FLG>
V6155621;V615562101;QmnJ;1;"2018-11-23 00:00:00";16;51303;20;10;0;<FLG>
V6155621;V615562101;QmnJ;1;"2018-11-24 00:00:00";16;67426;20;10;0;<FLG>
V6155621;V615562101;QmnJ;1;"2018-11-25 00:00:00";16;73770;20;10;0;<FLG>
V6155621;V615562101;QmnJ;1;"2018-11-26 00:00:00";16;84225;20;10;0;<FLG>
V6155621;V615562101;QmnJ;1;"2018-11-27 00:00:00";16;73932;20;10;0;<FLG>
V6155621;V615562101;QmnJ;1;"2018-11-28 00:00:00";16;68889;20;10;0;<FLG>
V6155621;V615562101;QmnJ;1;"2018-11-29 00:00:00";16;65275;20;10;0;<FLG>
V6155621;V615562101;QmnJ;1;"2018-11-30 00:00:00";16;69812;20;10;0;<FLG>
V6155621;V615562101;QmnJ;1;"2018-12-01 00:00:00";16;68718;20;10;0;<FLG>
V6155621;V615562101;QmnJ;1;"2018-12-02 00:00:00";16;60343;20;10;0;<FLG>
V6155621;V615562101;QmnJ;1;"2018-12-03 00:00:00";16;56637;20;10;0;<FLG>
V6155621;V615562101;QmnJ;1;"2018-12-04 00:00:00";16;47365;20;10;0;<FLG>
V6155621;V615562101;QmnJ;1;"2018-12-05 00:00:00";16;45595;20;10;0;<FLG>
V6155621;V615562101;QmnJ;1;"2018-12-06 00:00:00";16;44539;20;10;0;<FLG>
V6155621;V615562101;QmnJ;1;"2018-12-07 00:00:00";16;44213;20;10;0;<FLG>
V6155621;V615562101;QmnJ;1;"2018-12-08 00:00:00";16;41786;20;10;0;<FLG>
V6155621;V615562101;QmnJ;1;"2018-12-09 00:00:00";16;40199;20;10;0;<FLG>
V6155621;V615562101;QmnJ;1;"2018-12-10 00:00:00";16;38575;20;10;0;<FLG>
V6155621;V615562101;QmnJ;1;"2018-12-11 00:00:00";16;36559;20;10;0;<FLG>
V6155621;V615562101;QmnJ;1;"2018-12-12 00:00:00";16;34724;20;10;0;<FLG>
V6155621;V615562101;QmnJ;1;"2018-12-13 00:00:00";16;33568;20;10;0;<FLG>
V6155621;V615562101;QmnJ;1;"2018-12-14 00:00:00";16;32764;20;10;0;<FLG>
V6155621;V615562101;QmnJ;1;"2018-12-15 00:00:00";16;31292;20;10;0;<FLG>
V6155621;V615562101;QmnJ;1;"2018-12-16 00:00:00";16;33266;20;10;0;<FLG>
V6155621;V615562101;QmnJ;1;"2018-12-17 00:00:00";16;34321;20;10;0;<FLG>
V6155621;V615562101;QmnJ;1;"2018-12-18 00:00:00";16;31497;20;10;0;<FLG>
V6155621;V615562101;QmnJ;1;"2018-12-19 00:00:00";16;35282;20;10;0;<FLG>
V6155621;V615562101;QmnJ;1;"2018-12-20 00:00:00";16;44971;20;10;0;<FLG>
V6155621;V615562101;QmnJ;1;"2018-12-21 00:00:00";16;49076;20;10;0;<FLG>
V6155621;V615562101;QmnJ;1;"2018-12-22 00:00:00";16;49892;20;10;0;<FLG>
V6155621;V615562101;QmnJ;1;"2018-12-23 00:00:00";16;48779;20;10;0;<FLG>
V6155621;V615562101;QmnJ;1;"2018-12-24 00:00:00";16;46846;20;10;0;<FLG>
V6155621;V615562101;QmnJ;1;"2018-12-25 00:00:00";16;44956;20;10;0;<FLG>
V6155621;V615562101;QmnJ;1;"2018-12-26 00:00:00";16;42500;20;10;0;<FLG>
V6155621;V615562101;QmnJ;1;"2018-12-27 00:00:00";16;40453;20;10;0;<FLG>
V6155621;V615562101;QmnJ;1;"2018-12-28 00:00:00";16;38379;20;10;0;<FLG>
V6155621;V615562101;QmnJ;1;"2018-12-29 00:00:00";16;36473;20;10;0;<FLG>
V6155621;V615562101;QmnJ;1;"2018-12-30 00:00:00";16;34909;20;10;0;<FLG>
V6155621;V615562101;QmnJ;1;"2018-12-31 00:00:00";16;33478;20;10;0;<FLG>
V6155621;V615562101;QmnJ;1;"2019-01-01 00:00:00";16;32225;20;10;0;<FLG>
V6155621;V615562101;QmnJ;1;"2019-01-02 00:00:00";16;31521;20;10;0;<FLG>
V6155621;V615562101;QmnJ;1;"2019-01-03 00:00:00";16;30217;20;10;0;<FLG>
V6155621;V615562101;QmnJ;1;"2019-01-04 00:00:00";16;28558;20;10;0;<FLG>
V6155621;V615562101;QmnJ;1;"2019-01-05 00:00:00";16;27960;20;10;0;<FLG>
V6155621;V615562101;QmnJ;1;"2019-01-06 00:00:00";16;27098;20;10;0;<FLG>
V6155621;V615562101;QmnJ;1;"2019-01-07 00:00:00";16;26090;20;10;0;<FLG>
V6155621;V615562101;QmnJ;1;"2019-01-08 00:00:00";16;24993;20;10;0;<FLG>
V6155621;V615562101;QmnJ;1;"2019-01-09 00:00:00";16;24609;20;10;0;<FLG>
V6155621;V615562101;QmnJ;1;"2019-01-10 00:00:00";16;24009;20;10;0;<FLG>
V6155621;V615562101;QmnJ;1;"2019-01-11 00:00:00";16;23395;20;10;0;<FLG>
V6155621;V615562101;QmnJ;1;"2019-01-12 00:00:00";16;22896;20;10;0;<FLG>
V6155621;V615562101;QmnJ;1;"2019-01-13 00:00:00";16;22632;20;10;0;<FLG>
V6155621;V615562101;QmnJ;1;"2019-01-14 00:00:00";16;22726;20;10;0;<FLG>
V6155621;V615562101;QmnJ;1;"2019-01-15 00:00:00";16;22129;20;10;0;<FLG>
V6155621;V615562101;QmnJ;1;"2019-01-16 00:00:00";16;21787;20;10;0;<FLG>
V6155621;V615562101;QmnJ;1;"2019-01-17 00:00:00";16;21810;20;10;0;<FLG>
V6155621;V615562101;QmnJ;1;"2019-01-18 00:00:00";16;21264;20;10;0;<FLG>
V6155621;V615562101;QmnJ;1;"2019-01-19 00:00:00";16;20733;20;10;0;<FLG>
V6155621;V615562101;QmnJ;1;"2019-01-20 00:00:00";16;20588;20;10;0;<FLG>
V6155621;V615562101;QmnJ;1;"2019-01-21 00:00:00";16;20198;20;10;0;<FLG>
V6155621;V615562101;QmnJ;1;"2019-01-22 00:00:00";16;19770;20;10;0;<FLG>
V6155621;V615562101;QmnJ;1;"2019-01-23 00:00:00";16;20199;20;10;0;<FLG>
V6155621;V615562101;QmnJ;1;"2019-01-24 00:00:00";16;20241;20;10;0;<FLG>
V6155621;V615562101;QmnJ;1;"2019-01-25 00:00:00";16;19364;20;10;0;<FLG>
V6155621;V615562101;QmnJ;1;"2019-01-26 00:00:00";16;18712;20;10;0;<FLG>
V6155621;V615562101;QmnJ;1;"2019-01-27 00:00:00";16;18736;20;10;0;<FLG>
V6155621;V615562101;QmnJ;1;"2019-01-28 00:00:00";16;18185;20;10;0;<FLG>
V6155621;V615562101;QmnJ;1;"2019-01-29 00:00:00";16;17462;20;10;0;<FLG>
V6155621;V615562101;QmnJ;1;"2019-01-30 00:00:00";16;17003;20;10;0;<FLG>
V6155621;V615562101;QmnJ;1;"2019-01-31 00:00:00";16;16902;20;10;0;<FLG>
V6155621;V615562101;QmnJ;1;"2019-02-01 00:00:00";16;43776;20;10;0;<FLG>
V6155621;V615562101;QmnJ;1;"2019-02-02 00:00:00";16;56246;20;10;0;<FLG>
V6155621;V615562101;QmnJ;1;"2019-02-03 00:00:00";16;50676;20;10;0;<FLG>
V6155621;V615562101;QmnJ;1;"2019-02-04 00:00:00";16;48674;20;10;0;<FLG>
V6155621;V615562101;QmnJ;1;"2019-02-05 00:00:00";16;46112;20;10;0;<FLG>
V6155621;V615562101;QmnJ;1;"2019-02-06 00:00:00";16;42426;20;10;0;<FLG>
V6155621;V615562101;QmnJ;1;"2019-02-07 00:00:00";16;39314;20;10;0;<FLG>
V6155621;V615562101;QmnJ;1;"2019-02-08 00:00:00";16;36422;20;10;0;<FLG>
V6155621;V615562101;QmnJ;1;"2019-02-09 00:00:00";16;33481;20;10;0;<FLG>
V6155621;V615562101;QmnJ;1;"2019-02-10 00:00:00";16;31505;20;10;0;<FLG>
V6155621;V615562101;QmnJ;1;"2019-02-11 00:00:00";16;29498;20;10;0;<FLG>
V6155621;V615562101;QmnJ;1;"2019-02-12 00:00:00";16;27613;20;10;0;<FLG>
V6155621;V615562101;QmnJ;1;"2019-02-13 00:00:00";16;26215;20;10;0;<FLG>
V6155621;V615562101;QmnJ;1;"2019-02-14 00:00:00";16;25322;20;10;0;<FLG>
V6155621;V615562101;QmnJ;1;"2019-02-15 00:00:00";16;24729;20;10;0;<FLG>
V6155621;V615562101;QmnJ;1;"2019-02-16 00:00:00";16;24334;20;10;0;<FLG>
V6155621;V615562101;QmnJ;1;"2019-02-17 00:00:00";16;23470;20;10;0;<FLG>
V6155621;V615562101;QmnJ;1;"2019-02-18 00:00:00";16;23015;20;10;0;<FLG>
V6155621;V615562101;QmnJ;1;"2019-02-19 00:00:00";16;23545;20;10;0;<FLG>
V6155621;V615562101;QmnJ;1;"2019-02-20 00:00:00";16;22835;20;10;0;<FLG>
V6155621;V615562101;QmnJ;1;"2019-02-21 00:00:00";16;22451;20;10;0;<FLG>
V6155621;V615562101;QmnJ;1;"2019-02-22 00:00:00";16;23063;20;10;0;<FLG>
V6155621;V615562101;QmnJ;1;"2019-02-23 00:00:00";16;22663;20;10;0;<FLG>
V6155621;V615562101;QmnJ;1;"2019-02-24 00:00:00";16;22481;20;10;0;<FLG>
V6155621;V615562101;QmnJ;1;"2019-02-25 00:00:00";16;21116;20;10;0;<FLG>
V6155621;V615562101;QmnJ;1;"2019-02-26 00:00:00";16;20257;20;10;0;<FLG>
V6155621;V615562101;QmnJ;1;"2019-02-27 00:00:00";16;19989;20;10;0;<FLG>
V6155621;V615562101;QmnJ;1;"2019-02-28 00:00:00";16;19719;20;10;0;<FLG>
V6155621;V615562101;QmnJ;1;"2019-03-01 00:00:00";16;18964;20;10;0;<FLG>
V6155621;V615562101;QmnJ;1;"2019-03-02 00:00:00";16;18529;20;10;0;<FLG>
V6155621;V615562101;QmnJ;1;"2019-03-03 00:00:00";16;18758;20;10;0;<FLG>
V6155621;V615562101;QmnJ;1;"2019-03-04 00:00:00";16;18937;20;10;0;<FLG>
V6155621;V615562101;QmnJ;1;"2019-03-05 00:00:00";16;18715;20;10;0;<FLG>
V6155621;V615562101;QmnJ;1;"2019-03-06 00:00:00";16;18921;20;10;0;<FLG>
V6155621;V615562101;QmnJ;1;"2019-03-07 00:00:00";16;21168;20;10;0;<FLG>
V6155621;V615562101;QmnJ;1;"2019-03-08 00:00:00";16;19173;20;10;0;<FLG>
V6155621;V615562101;QmnJ;1;"2019-03-09 00:00:00";16;18678;20;10;0;<FLG>
V6155621;V615562101;QmnJ;1;"2019-03-10 00:00:00";16;18248;20;10;0;<FLG>
V6155621;V615562101;QmnJ;1;"2019-03-11 00:00:00";16;17513;20;10;0;<FLG>
V6155621;V615562101;QmnJ;1;"2019-03-12 00:00:00";16;17063;20;10;0;<FLG>
V6155621;V615562101;QmnJ;1;"2019-03-13 00:00:00";16;16731;20;10;0;<FLG>
V6155621;V615562101;QmnJ;1;"2019-03-14 00:00:00";16;16534;20;10;0;<FLG>
V6155621;V615562101;QmnJ;1;"2019-03-15 00:00:00";16;16568;20;10;0;<FLG>
V6155621;V615562101;QmnJ;1;"2019-03-16 00:00:00";16;16298;20;10;0;<FLG>
V6155621;V615562101;QmnJ;1;"2019-03-17 00:00:00";16;15985;20;10;0;<FLG>
V6155621;V615562101;QmnJ;1;"2019-03-18 00:00:00";16;15430;20;10;0;<FLG>
V6155621;V615562101;QmnJ;1;"2019-03-19 00:00:00";16;15068;20;10;0;<FLG>
V6155621;V615562101;QmnJ;1;"2019-03-20 00:00:00";16;14362;20;10;0;<FLG>
V6155621;V615562101;QmnJ;1;"2019-03-21 00:00:00";16;14306;20;10;0;<FLG>
V6155621;V615562101;QmnJ;1;"2019-03-22 00:00:00";16;14265;20;10;0;<FLG>
V6155621;V615562101;QmnJ;1;"2019-03-23 00:00:00";16;13885;20;10;0;<FLG>
V6155621;V615562101;QmnJ;1;"2019-03-24 00:00:00";16;13758;20;10;0;<FLG>
V6155621;V615562101;QmnJ;1;"2019-03-25 00:00:00";16;13956;20;10;0;<FLG>
V6155621;V615562101;QmnJ;1;"2019-03-26 00:00:00";16;13504;20;10;0;<FLG>
V6155621;V615562101;QmnJ;1;"2019-03-27 00:00:00";16;12936;20;10;0;<FLG>
V6155621;V615562101;QmnJ;1;"2019-03-28 00:00:00";16;12420;20;10;0;<FLG>
V6155621;V615562101;QmnJ;1;"2019-03-29 00:00:00";16;12533;20;10;0;<FLG>
V6155621;V615562101;QmnJ;1;"2019-03-30 00:00:00";16;12629;20;10;0;<FLG>
V6155621;V615562101;QmnJ;1;"2019-03-31 00:00:00";16;12415;20;10;0;<FLG>
V6155621;V615562101;QmnJ;1;"2019-04-01 00:00:00";16;13476;20;10;0;<FLG>
V6155621;V615562101;QmnJ;1;"2019-04-02 00:00:00";16;13376;20;10;0;<FLG>
V6155621;V615562101;QmnJ;1;"2019-04-03 00:00:00";16;17447;20;10;0;<FLG>
V6155621;V615562101;QmnJ;1;"2019-04-04 00:00:00";16;18171;20;10;0;<FLG>
V6155621;V615562101;QmnJ;1;"2019-04-05 00:00:00";16;16243;20;10;0;<FLG>
V6155621;V615562101;QmnJ;1;"2019-04-06 00:00:00";16;17289;20;10;0;<FLG>
V6155621;V615562101;QmnJ;1;"2019-04-07 00:00:00";16;17776;20;10;0;<FLG>
V6155621;V615562101;QmnJ;1;"2019-04-08 00:00:00";16;17449;20;10;0;<FLG>
V6155621;V615562101;QmnJ;1;"2019-04-09 00:00:00";16;17127;20;10;0;<FLG>
V6155621;V615562101;QmnJ;1;"2019-04-10 00:00:00";16;16302;20;10;0;<FLG>
V6155621;V615562101;QmnJ;1;"2019-04-11 00:00:00";16;15531;20;10;0;<FLG>
V6155621;V615562101;QmnJ;1;"2019-04-12 00:00:00";16;15567;20;10;0;<FLG>
V6155621;V615562101;QmnJ;1;"2019-04-13 00:00:00";16;15604;20;10;0;<FLG>
V6155621;V615562101;QmnJ;1;"2019-04-14 00:00:00";16;15640;20;10;0;<FLG>
V6155621;V615562101;QmnJ;1;"2019-04-15 00:00:00";16;15905;20;10;0;<FLG>
V6155621;V615562101;QmnJ;1;"2019-04-16 00:00:00";16;16563;20;10;0;<FLG>
V6155621;V615562101;QmnJ;1;"2019-04-17 00:00:00";16;15978;20;10;0;<FLG>
V6155621;V615562101;QmnJ;1;"2019-04-18 00:00:00";16;15393;20;10;0;<FLG>
V6155621;V615562101;QmnJ;1;"2019-04-19 00:00:00";16;14808;20;10;0;<FLG>
V6155621;V615562101;QmnJ;1;"2019-04-20 00:00:00";16;14223;20;10;0;<FLG>
V6155621;V615562101;QmnJ;1;"2019-04-21 00:00:00";16;13980;20;10;0;<FLG>
V6155621;V615562101;QmnJ;1;"2019-04-22 00:00:00";16;14338;20;10;0;<FLG>
V6155621;V615562101;QmnJ;1;"2019-04-23 00:00:00";16;14830;20;10;0;<FLG>
V6155621;V615562101;QmnJ;1;"2019-04-24 00:00:00";16;16342;20;10;0;<FLG>
V6155621;V615562101;QmnJ;1;"2019-04-25 00:00:00";16;16048;20;10;0;<FLG>
V6155621;V615562101;QmnJ;1;"2019-04-26 00:00:00";16;19332;20;10;0;<FLG>
V6155621;V615562101;QmnJ;1;"2019-04-27 00:00:00";16;19289;20;10;0;<FLG>
V6155621;V615562101;QmnJ;1;"2019-04-28 00:00:00";16;19553;20;10;0;<FLG>
V6155621;V615562101;QmnJ;1;"2019-04-29 00:00:00";16;19782;20;10;0;<FLG>
V6155621;V615562101;QmnJ;1;"2019-04-30 00:00:00";16;19550;20;10;0;<FLG>
V6155621;V615562101;QmnJ;1;"2019-05-01 00:00:00";16;19534;20;10;0;<FLG>
V6155621;V615562101;QmnJ;1;"2019-05-02 00:00:00";16;18584;20;10;0;<FLG>
V6155621;V615562101;QmnJ;1;"2019-05-03 00:00:00";16;18847;20;10;0;<FLG>
V6155621;V615562101;QmnJ;1;"2019-05-04 00:00:00";16;18844;20;10;0;<FLG>
V6155621;V615562101;QmnJ;1;"2019-05-05 00:00:00";16;17978;20;10;0;<FLG>
V6155621;V615562101;QmnJ;1;"2019-05-06 00:00:00";16;18606;20;10;0;<FLG>
V6155621;V615562101;QmnJ;1;"2019-05-07 00:00:00";16;17843;20;10;0;<FLG>
V6155621;V615562101;QmnJ;1;"2019-05-08 00:00:00";16;17962;20;10;0;<FLG>
V6155621;V615562101;QmnJ;1;"2019-05-09 00:00:00";16;17904;20;10;0;<FLG>
V6155621;V615562101;QmnJ;1;"2019-05-10 00:00:00";16;16473;20;10;0;<FLG>
V6155621;V615562101;QmnJ;1;"2019-05-11 00:00:00";16;16218;20;10;0;<FLG>
V6155621;V615562101;QmnJ;1;"2019-05-12 00:00:00";16;16242;20;10;0;<FLG>
V6155621;V615562101;QmnJ;1;"2019-05-13 00:00:00";16;15051;20;10;0;<FLG>
V6155621;V615562101;QmnJ;1;"2019-05-14 00:00:00";16;14570;20;10;0;<FLG>
V6155621;V615562101;QmnJ;1;"2019-05-15 00:00:00";16;14211;20;10;0;<FLG>
V6155621;V615562101;QmnJ;1;"2019-05-16 00:00:00";16;13870;20;10;0;<FLG>
V6155621;V615562101;QmnJ;1;"2019-05-17 00:00:00";16;14039;20;10;0;<FLG>
V6155621;V615562101;QmnJ;1;"2019-05-18 00:00:00";16;14447;20;10;0;<FLG>
V6155621;V615562101;QmnJ;1;"2019-05-19 00:00:00";16;14854;20;10;0;<FLG>
V6155621;V615562101;QmnJ;1;"2019-05-20 00:00:00";16;14130;20;10;0;<FLG>
V6155621;V615562101;QmnJ;1;"2019-05-21 00:00:00";16;13516;20;10;0;<FLG>
V6155621;V615562101;QmnJ;1;"2019-05-22 00:00:00";16;13100;20;10;0;<FLG>
V6155621;V615562101;QmnJ;1;"2019-05-23 00:00:00";16;12868;20;10;0;<FLG>
V6155621;V615562101;QmnJ;1;"2019-05-24 00:00:00";16;12077;20;10;0;<FLG>
V6155621;V615562101;QmnJ;1;"2019-05-25 00:00:00";16;12189;20;10;0;<FLG>
V6155621;V615562101;QmnJ;1;"2019-05-26 00:00:00";16;11778;20;10;0;<FLG>
V6155621;V615562101;QmnJ;1;"2019-05-27 00:00:00";16;12136;20;10;0;<FLG>
V6155621;V615562101;QmnJ;1;"2019-05-28 00:00:00";16;12052;20;10;0;<FLG>
V6155621;V615562101;QmnJ;1;"2019-05-29 00:00:00";16;12840;20;10;0;<FLG>
V6155621;V615562101;QmnJ;1;"2019-05-30 00:00:00";16;12489;20;10;0;<FLG>
V6155621;V615562101;QmnJ;1;"2019-05-31 00:00:00";16;12132;20;10;0;<FLG>
V6155621;V615562101;QmnJ;1;"2019-06-01 00:00:00";16;11750;20;10;0;<FLG>
V6155621;V615562101;QmnJ;1;"2019-06-02 00:00:00";16;11352;20;10;0;<FLG>
V6155621;V615562101;QmnJ;1;"2019-06-03 00:00:00";16;10955;20;10;0;<FLG>
V6155621;V615562101;QmnJ;1;"2019-06-04 00:00:00";16;10558;20;10;0;<FLG>
V6155621;V615562101;QmnJ;1;"2019-06-05 00:00:00";16;10160;20;10;0;<FLG>
V6155621;V615562101;QmnJ;1;"2019-06-06 00:00:00";16;9763;20;10;0;<FLG>
V6155621;V615562101;QmnJ;1;"2019-06-07 00:00:00";16;9365;20;10;0;<FLG>
V6155621;V615562101;QmnJ;1;"2019-06-08 00:00:00";16;8978;20;10;0;<FLG>
V6155621;V615562101;QmnJ;1;"2019-06-09 00:00:00";16;9250;20;10;0;<FLG>
V6155621;V615562101;QmnJ;1;"2019-06-10 00:00:00";16;9915;20;10;0;<FLG>
V6155621;V615562101;QmnJ;1;"2019-06-11 00:00:00";16;10886;20;10;0;<FLG>
V6155621;V615562101;QmnJ;1;"2019-06-12 00:00:00";16;12028;20;10;0;<FLG>
V6155621;V615562101;QmnJ;1;"2019-06-13 00:00:00";16;9693;20;10;0;<FLG>
V6155621;V615562101;QmnJ;1;"2019-06-14 00:00:00";16;9580;20;10;0;<FLG>
V6155621;V615562101;QmnJ;1;"2019-06-15 00:00:00";16;9612;20;10;0;<FLG>
V6155621;V615562101;QmnJ;1;"2019-06-16 00:00:00";16;9567;20;10;0;<FLG>
V6155621;V615562101;QmnJ;1;"2019-06-17 00:00:00";16;9063;20;10;0;<FLG>
V6155621;V615562101;QmnJ;1;"2019-06-18 00:00:00";16;8482;20;10;0;<FLG>
V6155621;V615562101;QmnJ;1;"2019-06-19 00:00:00";16;7914;20;10;0;<FLG>
V6155621;V615562101;QmnJ;1;"2019-06-20 00:00:00";16;8058;20;10;0;<FLG>
V6155621;V615562101;QmnJ;1;"2019-06-21 00:00:00";16;8612;20;10;0;<FLG>
V6155621;V615562101;QmnJ;1;"2019-06-22 00:00:00";16;8075;20;10;0;<FLG>
V6155621;V615562101;QmnJ;1;"2019-06-23 00:00:00";16;7390;20;10;0;<FLG>
V6155621;V615562101;QmnJ;1;"2019-06-24 00:00:00";16;6617;20;10;0;<FLG>
V6155621;V615562101;QmnJ;1;"2019-06-25 00:00:00";16;5939;20;10;0;<FLG>
V6155621;V615562101;QmnJ;1;"2019-06-26 00:00:00";16;5921;20;10;0;<FLG>
V6155621;V615562101;QmnJ;1;"2019-06-27 00:00:00";16;5903;20;10;0;<FLG>
V6155621;V615562101;QmnJ;1;"2019-06-28 00:00:00";16;5885;20;10;0;<FLG>
V6155621;V615562101;QmnJ;1;"2019-06-29 00:00:00";16;5867;20;10;0;<FLG>
V6155621;V615562101;QmnJ;1;"2019-06-30 00:00:00";16;5849;20;10;0;<FLG>
V6155621;V615562101;QmnJ;1;"2019-07-01 00:00:00";16;5831;20;10;0;<FLG>
V6155621;V615562101;QmnJ;1;"2019-07-02 00:00:00";16;5813;20;10;0;<FLG>
V6155621;V615562101;QmnJ;1;"2019-07-03 00:00:00";16;5795;20;10;0;<FLG>
V6155621;V615562101;QmnJ;1;"2019-07-04 00:00:00";16;5777;20;10;0;<FLG>
V6155621;V615562101;QmnJ;1;"2019-07-05 00:00:00";16;5759;20;10;0;<FLG>
V6155621;V615562101;QmnJ;1;"2019-07-06 00:00:00";16;5740;20;10;0;<FLG>
V6155621;V615562101;QmnJ;1;"2019-07-07 00:00:00";16;5722;20;10;0;<FLG>
V6155621;V615562101;QmnJ;1;"2019-07-08 00:00:00";16;5704;20;10;0;<FLG>
V6155621;V615562101;QmnJ;1;"2019-07-09 00:00:00";16;5686;20;10;0;<FLG>
V6155621;V615562101;QmnJ;1;"2019-07-10 00:00:00";16;5668;20;10;0;<FLG>
V6155621;V615562101;QmnJ;1;"2019-07-11 00:00:00";16;5650;20;10;0;<FLG>
V6155621;V615562101;QmnJ;1;"2019-07-12 00:00:00";16;5632;20;10;0;<FLG>
V6155621;V615562101;QmnJ;1;"2019-07-13 00:00:00";16;5614;20;10;0;<FLG>
V6155621;V615562101;QmnJ;1;"2019-07-14 00:00:00";16;5596;20;10;0;<FLG>
V6155621;V615562101;QmnJ;1;"2019-07-15 00:00:00";16;5578;20;10;0;<FLG>
V6155621;V615562101;QmnJ;1;"2019-07-16 00:00:00";16;5560;20;10;0;<FLG>
V6155621;V615562101;QmnJ;1;"2019-07-17 00:00:00";16;5428;20;10;0;<FLG>
V6155621;V615562101;QmnJ;1;"2019-07-18 00:00:00";16;5012;20;10;0;<FLG>
V6155621;V615562101;QmnJ;1;"2019-07-19 00:00:00";16;4599;20;10;0;<FLG>
V6155621;V615562101;QmnJ;1;"2019-07-20 00:00:00";16;5482;20;10;0;<FLG>
V6155621;V615562101;QmnJ;1;"2019-07-21 00:00:00";16;5765;20;10;0;<FLG>
V6155621;V615562101;QmnJ;1;"2019-07-22 00:00:00";16;6227;20;10;0;<FLG>
V6155621;V615562101;QmnJ;1;"2019-07-23 00:00:00";16;5116;20;10;0;<FLG>
V6155621;V615562101;QmnJ;1;"2019-07-24 00:00:00";16;4787;20;10;0;<FLG>
V6155621;V615562101;QmnJ;1;"2019-07-25 00:00:00";16;4884;20;10;0;<FLG>
V6155621;V615562101;QmnJ;1;"2019-07-26 00:00:00";16;5422;20;10;0;<FLG>
V6155621;V615562101;QmnJ;1;"2019-07-27 00:00:00";16;7187;20;10;0;<FLG>
V6155621;V615562101;QmnJ;1;"2019-07-28 00:00:00";16;6976;20;10;0;<FLG>
V6155621;V615562101;QmnJ;1;"2019-07-29 00:00:00";16;5843;20;10;0;<FLG>
V6155621;V615562101;QmnJ;1;"2019-07-30 00:00:00";16;5341;20;10;0;<FLG>
V6155621;V615562101;QmnJ;1;"2019-07-31 00:00:00";16;4695;20;10;0;<FLG>
V6155621;V615562101;QmnJ;1;"2019-08-01 00:00:00";16;4653;20;10;0;<FLG>
V6155621;V615562101;QmnJ;1;"2019-08-02 00:00:00";16;4610;20;10;0;<FLG>
V6155621;V615562101;QmnJ;1;"2019-08-03 00:00:00";16;4568;20;10;0;<FLG>
V6155621;V615562101;QmnJ;1;"2019-08-04 00:00:00";16;4526;20;10;0;<FLG>
V6155621;V615562101;QmnJ;1;"2019-08-05 00:00:00";16;4484;20;10;0;<FLG>
V6155621;V615562101;QmnJ;1;"2019-08-06 00:00:00";16;4442;20;10;0;<FLG>
V6155621;V615562101;QmnJ;1;"2019-08-07 00:00:00";16;4400;20;10;0;<FLG>
V6155621;V615562101;QmnJ;1;"2019-08-08 00:00:00";16;4358;20;10;0;<FLG>
V6155621;V615562101;QmnJ;1;"2019-08-09 00:00:00";16;4316;20;10;0;<FLG>
V6155621;V615562101;QmnJ;1;"2019-08-10 00:00:00";16;4274;20;10;0;<FLG>
V6155621;V615562101;QmnJ;1;"2019-08-11 00:00:00";16;4319;20;10;0;<FLG>
V6155621;V615562101;QmnJ;1;"2019-08-12 00:00:00";16;4888;20;10;0;<FLG>
V6155621;V615562101;QmnJ;1;"2019-08-13 00:00:00";16;4156;20;10;0;<FLG>
V6155621;V615562101;QmnJ;1;"2019-08-14 00:00:00";16;3882;20;10;0;<FLG>
V6155621;V615562101;QmnJ;1;"2019-08-15 00:00:00";16;3949;20;10;0;<FLG>
V6155621;V615562101;QmnJ;1;"2019-08-16 00:00:00";16;3996;20;10;0;<FLG>
V6155621;V615562101;QmnJ;1;"2019-08-17 00:00:00";16;3981;20;10;0;<FLG>
V6155621;V615562101;QmnJ;1;"2019-08-18 00:00:00";16;4168;20;10;0;<FLG>
V6155621;V615562101;QmnJ;1;"2019-08-19 00:00:00";16;4440;20;10;0;<FLG>
V6155621;V615562101;QmnJ;1;"2019-08-20 00:00:00";16;4710;20;10;0;<FLG>
V6155621;V615562101;QmnJ;1;"2019-08-21 00:00:00";16;4447;20;10;0;<FLG>
V6155621;V615562101;QmnJ;1;"2019-08-22 00:00:00";16;3954;20;10;0;<FLG>
V6155621;V615562101;QmnJ;1;"2019-08-23 00:00:00";16;3771;20;10;0;<FLG>
V6155621;V615562101;QmnJ;1;"2019-08-24 00:00:00";16;3738;20;10;0;<FLG>
V6155621;V615562101;QmnJ;1;"2019-08-25 00:00:00";16;3839;20;10;0;<FLG>
V6155621;V615562101;QmnJ;1;"2019-08-26 00:00:00";16;3940;20;10;0;<FLG>
V6155621;V615562101;QmnJ;1;"2019-08-27 00:00:00";16;4131;20;10;0;<FLG>
V6155621;V615562101;QmnJ;1;"2019-08-28 00:00:00";16;4508;20;10;0;<FLG>
V6155621;V615562101;QmnJ;1;"2019-08-29 00:00:00";16;4311;20;10;0;<FLG>
V6155621;V615562101;QmnJ;1;"2019-08-30 00:00:00";16;3822;20;10;0;<FLG>
V6155621;V615562101;QmnJ;1;"2019-08-31 00:00:00";16;3974;20;10;0;<FLG>
V6155621;V615562101;QmnJ;1;"2019-09-01 00:00:00";16;4381;20;10;0;<FLG>
V6155621;V615562101;QmnJ;1;"2019-09-02 00:00:00";16;4444;20;10;0;<FLG>
V6155621;V615562101;QmnJ;1;"2019-09-03 00:00:00";16;3918;20;10;0;<FLG>
V6155621;V615562101;QmnJ;1;"2019-09-04 00:00:00";16;3845;20;10;0;<FLG>
V6155621;V615562101;QmnJ;1;"2019-09-05 00:00:00";16;3772;20;10;0;<FLG>
V6155621;V615562101;QmnJ;1;"2019-09-06 00:00:00";16;3706;20;10;0;<FLG>
V6155621;V615562101;QmnJ;1;"2019-09-07 00:00:00";16;3727;20;10;0;<FLG>
V6155621;V615562101;QmnJ;1;"2019-09-08 00:00:00";16;3785;20;10;0;<FLG>
V6155621;V615562101;QmnJ;1;"2019-09-09 00:00:00";16;4157;20;10;0;<FLG>
V6155621;V615562101;QmnJ;1;"2019-09-10 00:00:00";16;5269;20;10;0;<FLG>
V6155621;V615562101;QmnJ;1;"2019-09-11 00:00:00";16;4933;20;10;0;<FLG>
V6155621;V615562101;QmnJ;1;"2019-09-12 00:00:00";16;3926;20;10;0;<FLG>
V6155621;V615562101;QmnJ;1;"2019-09-13 00:00:00";16;3584;20;10;0;<FLG>
V6155621;V615562101;QmnJ;1;"2019-09-14 00:00:00";16;3609;20;10;0;<FLG>
V6155621;V615562101;QmnJ;1;"2019-09-15 00:00:00";16;3747;20;10;0;<FLG>
V6155621;V615562101;QmnJ;1;"2019-09-16 00:00:00";16;3869;20;10;0;<FLG>
V6155621;V615562101;QmnJ;1;"2019-09-17 00:00:00";16;3824;20;10;0;<FLG>
V6155621;V615562101;QmnJ;1;"2019-09-18 00:00:00";16;3735;20;10;0;<FLG>
V6155621;V615562101;QmnJ;1;"2019-09-19 00:00:00";16;3788;20;10;0;<FLG>
V6155621;V615562101;QmnJ;1;"2019-09-20 00:00:00";16;3900;20;10;0;<FLG>
V6155621;V615562101;QmnJ;1;"2019-09-21 00:00:00";16;5756;20;10;0;<FLG>
V6155621;V615562101;QmnJ;1;"2019-09-22 00:00:00";16;5548;20;10;0;<FLG>
V6155621;V615562101;QmnJ;1;"2019-09-23 00:00:00";16;6690;20;10;0;<FLG>
V6155621;V615562101;QmnJ;1;"2019-09-24 00:00:00";16;5877;20;10;0;<FLG>
V6155621;V615562101;QmnJ;1;"2019-09-25 00:00:00";16;5906;20;10;0;<FLG>
V6155621;V615562101;QmnJ;1;"2019-09-26 00:00:00";16;5935;20;10;0;<FLG>
V6155621;V615562101;QmnJ;1;"2019-09-27 00:00:00";16;5171;20;10;0;<FLG>
V6155621;V615562101;QmnJ;1;"2019-09-28 00:00:00";16;4613;20;10;0;<FLG>
V6155621;V615562101;QmnJ;1;"2019-09-29 00:00:00";16;4940;20;10;0;<FLG>
V6155621;V615562101;QmnJ;1;"2019-09-30 00:00:00";16;4634;20;10;0;<FLG>
V6155621;V615562101;QmnJ;1;"2019-10-01 00:00:00";16;4538;20;10;0;<FLG>
V6155621;V615562101;QmnJ;1;"2019-10-02 00:00:00";16;5121;20;10;0;<FLG>
V6155621;V615562101;QmnJ;1;"2019-10-03 00:00:00";16;4306;20;10;0;<FLG>
V6155621;V615562101;QmnJ;1;"2019-10-04 00:00:00";16;4286;20;10;0;<FLG>
V6155621;V615562101;QmnJ;1;"2019-10-05 00:00:00";16;4266;20;10;0;<FLG>
V6155621;V615562101;QmnJ;1;"2019-10-06 00:00:00";16;4247;20;10;0;<FLG>
V6155621;V615562101;QmnJ;1;"2019-10-07 00:00:00";16;4227;20;10;0;<FLG>
V6155621;V615562101;QmnJ;1;"2019-10-08 00:00:00";4;4464;16;8;0;<FLG>
V6155621;V615562101;QmnJ;1;"2019-10-09 00:00:00";4;2070;16;8;0;<FLG>
V6155621;V615562101;QmnJ;1;"2020-02-27 00:00:00";4;30602;16;8;8;<FLG>
V6155621;V615562101;QmnJ;1;"2020-02-28 00:00:00";4;30992;16;8;0;<FLG>
V6155621;V615562101;QmnJ;1;"2020-02-29 00:00:00";4;30922;16;8;0;<FLG>
V6155621;V615562101;QmnJ;1;"2020-03-01 00:00:00";4;30852;16;8;0;<FLG>
V6155621;V615562101;QmnJ;1;"2020-03-02 00:00:00";4;30782;16;8;0;<FLG>
V6155621;V615562101;QmnJ;1;"2020-03-03 00:00:00";4;30712;16;8;0;<FLG>
V6155621;V615562101;QmnJ;1;"2020-03-04 00:00:00";4;30643;16;8;0;<FLG>
V6155621;V615562101;QmnJ;1;"2020-03-05 00:00:00";4;30573;16;8;0;<FLG>
V6155621;V615562101;QmnJ;1;"2020-03-06 00:00:00";4;30503;16;8;0;<FLG>
V6155621;V615562101;QmnJ;1;"2020-03-07 00:00:00";4;30433;16;8;0;<FLG>
V6155621;V615562101;QmnJ;1;"2020-03-08 00:00:00";4;30363;16;8;0;<FLG>
V6155621;V615562101;QmnJ;1;"2020-03-09 00:00:00";4;30294;16;8;0;<FLG>
V6155621;V615562101;QmnJ;1;"2020-03-10 00:00:00";4;30224;16;8;0;<FLG>
V6155621;V615562101;QmnJ;1;"2020-03-11 00:00:00";4;30154;16;8;0;<FLG>
V6155621;V615562101;QmnJ;1;"2020-03-12 00:00:00";4;30084;16;8;0;<FLG>
V6155621;V615562101;QmnJ;1;"2020-03-13 00:00:00";4;29529;16;8;0;<FLG>
V6155621;V615562101;QmnJ;1;"2020-03-14 00:00:00";16;27783;20;10;0;<FLG>
V6155621;V615562101;QmnJ;1;"2020-03-15 00:00:00";16;26642;20;10;0;<FLG>
V6155621;V615562101;QmnJ;1;"2020-03-16 00:00:00";16;25523;20;10;0;<FLG>
V6155621;V615562101;QmnJ;1;"2020-03-17 00:00:00";16;24474;20;10;0;<FLG>
V6155621;V615562101;QmnJ;1;"2020-03-18 00:00:00";16;23430;20;10;0;<FLG>
V6155621;V615562101;QmnJ;1;"2020-03-19 00:00:00";16;22428;20;10;0;<FLG>
V6155621;V615562101;QmnJ;1;"2020-03-20 00:00:00";16;21915;20;10;0;<FLG>
V6155621;V615562101;QmnJ;1;"2020-03-21 00:00:00";16;21539;20;10;0;<FLG>
V6155621;V615562101;QmnJ;1;"2020-03-22 00:00:00";16;21163;20;10;0;<FLG>
V6155621;V615562101;QmnJ;1;"2020-03-23 00:00:00";16;20788;20;10;0;<FLG>
V6155621;V615562101;QmnJ;1;"2020-03-24 00:00:00";16;20412;20;10;0;<FLG>
V6155621;V615562101;QmnJ;1;"2020-03-25 00:00:00";16;20519;20;10;0;<FLG>
V6155621;V615562101;QmnJ;1;"2020-03-26 00:00:00";16;21059;20;10;0;<FLG>
V6155621;V615562101;QmnJ;1;"2020-03-27 00:00:00";16;19909;20;10;0;<FLG>
V6155621;V615562101;QmnJ;1;"2020-03-28 00:00:00";16;19330;20;10;0;<FLG>
V6155621;V615562101;QmnJ;1;"2020-03-29 00:00:00";16;19039;20;10;0;<FLG>
V6155621;V615562101;QmnJ;1;"2020-03-30 00:00:00";16;18747;20;10;0;<FLG>
V6155621;V615562101;QmnJ;1;"2020-03-31 00:00:00";16;18456;20;10;0;<FLG>
V6155621;V615562101;QmnJ;1;"2020-04-01 00:00:00";16;18164;20;10;0;<FLG>
V6155621;V615562101;QmnJ;1;"2020-04-02 00:00:00";16;17874;20;10;0;<FLG>
V6155621;V615562101;QmnJ;1;"2020-04-03 00:00:00";16;17614;20;10;0;<FLG>
V6155621;V615562101;QmnJ;1;"2020-04-04 00:00:00";16;17366;20;10;0;<FLG>
V6155621;V615562101;QmnJ;1;"2020-04-05 00:00:00";16;17118;20;10;0;<FLG>
V6155621;V615562101;QmnJ;1;"2020-04-06 00:00:00";16;16746;20;10;0;<FLG>
V6155621;V615562101;QmnJ;1;"2020-04-07 00:00:00";16;16259;20;10;0;<FLG>
V6155621;V615562101;QmnJ;1;"2020-04-08 00:00:00";16;16548;20;10;0;<FLG>
V6155621;V615562101;QmnJ;1;"2020-04-09 00:00:00";16;16738;20;10;0;<FLG>
V6155621;V615562101;QmnJ;1;"2020-04-10 00:00:00";16;16586;20;10;0;<FLG>
V6155621;V615562101;QmnJ;1;"2020-04-11 00:00:00";16;16161;20;10;0;<FLG>
V6155621;V615562101;QmnJ;1;"2020-04-12 00:00:00";16;16318;20;10;0;<FLG>
V6155621;V615562101;QmnJ;1;"2020-04-13 00:00:00";16;16223;20;10;0;<FLG>
V6155621;V615562101;QmnJ;1;"2020-04-14 00:00:00";16;16059;20;10;0;<FLG>
V6155621;V615562101;QmnJ;1;"2020-04-15 00:00:00";16;15673;20;10;0;<FLG>
V6155621;V615562101;QmnJ;1;"2020-04-16 00:00:00";16;15269;20;10;0;<FLG>
V6155621;V615562101;QmnJ;1;"2020-04-17 00:00:00";16;14865;20;10;0;<FLG>
V6155621;V615562101;QmnJ;1;"2020-04-18 00:00:00";16;14461;20;10;0;<FLG>
V6155621;V615562101;QmnJ;1;"2020-04-19 00:00:00";16;14652;20;10;0;<FLG>
V6155621;V615562101;QmnJ;1;"2020-04-20 00:00:00";16;15778;20;10;0;<FLG>
V6155621;V615562101;QmnJ;1;"2020-04-21 00:00:00";16;15806;20;10;0;<FLG>
V6155621;V615562101;QmnJ;1;"2020-04-22 00:00:00";16;15990;20;10;0;<FLG>
V6155621;V615562101;QmnJ;1;"2020-04-23 00:00:00";16;15030;20;10;0;<FLG>
V6155621;V615562101;QmnJ;1;"2020-04-24 00:00:00";16;14413;20;10;0;<FLG>
V6155621;V615562101;QmnJ;1;"2020-04-25 00:00:00";16;14387;20;10;0;<FLG>
V6155621;V615562101;QmnJ;1;"2020-04-26 00:00:00";16;14708;20;10;0;<FLG>
V6155621;V615562101;QmnJ;1;"2020-04-27 00:00:00";16;15028;20;10;0;<FLG>
V6155621;V615562101;QmnJ;1;"2020-04-28 00:00:00";16;21146;20;10;0;<FLG>
V6155621;V615562101;QmnJ;1;"2020-04-29 00:00:00";16;17776;20;10;0;<FLG>
V6155621;V615562101;QmnJ;1;"2020-04-30 00:00:00";16;17645;20;10;0;<FLG>
V6155621;V615562101;QmnJ;1;"2020-05-01 00:00:00";16;17281;20;10;0;<FLG>
V6155621;V615562101;QmnJ;1;"2020-05-02 00:00:00";16;16917;20;10;0;<FLG>
V6155621;V615562101;QmnJ;1;"2020-05-03 00:00:00";16;16552;20;10;0;<FLG>
V6155621;V615562101;QmnJ;1;"2020-05-04 00:00:00";16;16188;20;10;0;<FLG>
V6155621;V615562101;QmnJ;1;"2020-05-05 00:00:00";16;15634;20;10;0;<FLG>
V6155621;V615562101;QmnJ;1;"2020-05-06 00:00:00";16;15564;20;10;0;<FLG>
V6155621;V615562101;QmnJ;1;"2020-05-07 00:00:00";16;15305;20;10;0;<FLG>
V6155621;V615562101;QmnJ;1;"2020-05-08 00:00:00";16;15045;20;10;0;<FLG>
V6155621;V615562101;QmnJ;1;"2020-05-09 00:00:00";16;14916;20;10;0;<FLG>
V6155621;V615562101;QmnJ;1;"2020-05-10 00:00:00";16;16533;20;10;0;<FLG>
V6155621;V615562101;QmnJ;1;"2020-05-11 00:00:00";16;18078;20;10;0;<FLG>
V6155621;V615562101;QmnJ;1;"2020-05-12 00:00:00";16;20564;20;10;0;<FLG>
V6155621;V615562101;QmnJ;1;"2020-05-13 00:00:00";16;26845;20;10;0;<FLG>
V6155621;V615562101;QmnJ;1;"2020-05-14 00:00:00";16;29390;20;10;0;<FLG>
V6155621;V615562101;QmnJ;1;"2020-05-15 00:00:00";16;28743;20;10;0;<FLG>
V6155621;V615562101;QmnJ;1;"2020-05-16 00:00:00";16;26227;20;10;0;<FLG>
V6155621;V615562101;QmnJ;1;"2020-05-17 00:00:00";16;26469;20;10;0;<FLG>
V6155621;V615562101;QmnJ;1;"2020-05-18 00:00:00";16;28407;20;10;0;<FLG>
V6155621;V615562101;QmnJ;1;"2020-05-19 00:00:00";16;31175;20;10;0;<FLG>
V6155621;V615562101;QmnJ;1;"2020-05-20 00:00:00";16;31278;20;10;0;<FLG>
V6155621;V615562101;QmnJ;1;"2020-05-21 00:00:00";16;29648;20;10;0;<FLG>
V6155621;V615562101;QmnJ;1;"2020-05-22 00:00:00";16;27972;20;10;0;<FLG>
V6155621;V615562101;QmnJ;1;"2020-05-23 00:00:00";16;26297;20;10;0;<FLG>
V6155621;V615562101;QmnJ;1;"2020-05-24 00:00:00";16;24711;20;10;0;<FLG>
V6155621;V615562101;QmnJ;1;"2020-05-25 00:00:00";16;23176;20;10;0;<FLG>
V6155621;V615562101;QmnJ;1;"2020-05-26 00:00:00";16;21642;20;10;0;<FLG>
V6155621;V615562101;QmnJ;1;"2020-05-27 00:00:00";16;19644;20;10;0;<FLG>
V6155621;V615562101;QmnJ;1;"2020-05-28 00:00:00";16;18275;20;10;0;<FLG>
V6155621;V615562101;QmnJ;1;"2020-05-29 00:00:00";16;18043;20;10;0;<FLG>
V6155621;V615562101;QmnJ;1;"2020-05-30 00:00:00";16;18735;20;10;0;<FLG>
V6155621;V615562101;QmnJ;1;"2020-05-31 00:00:00";16;17952;20;10;0;<FLG>
V6155621;V615562101;QmnJ;1;"2020-06-01 00:00:00";16;17247;20;10;0;<FLG>
V6155621;V615562101;QmnJ;1;"2020-06-02 00:00:00";16;16570;20;10;0;<FLG>
V6155621;V615562101;QmnJ;1;"2020-06-03 00:00:00";16;16509;20;10;0;<FLG>
V6155621;V615562101;QmnJ;1;"2020-06-04 00:00:00";16;19519;20;10;0;<FLG>
V6155621;V615562101;QmnJ;1;"2020-06-05 00:00:00";16;18162;20;10;0;<FLG>
V6155621;V615562101;QmnJ;1;"2020-06-06 00:00:00";16;16980;20;10;0;<FLG>
V6155621;V615562101;QmnJ;1;"2020-06-07 00:00:00";16;17663;20;10;0;<FLG>
V6155621;V615562101;QmnJ;1;"2020-06-08 00:00:00";16;15882;20;10;0;<FLG>
V6155621;V615562101;QmnJ;1;"2020-06-09 00:00:00";16;15829;20;10;0;<FLG>
V6155621;V615562101;QmnJ;1;"2020-06-10 00:00:00";16;15799;20;10;0;<FLG>
V6155621;V615562101;QmnJ;1;"2020-06-11 00:00:00";16;15052;20;10;0;<FLG>
V6155621;V615562101;QmnJ;1;"2020-06-12 00:00:00";16;14552;20;10;0;<FLG>
V6155621;V615562101;QmnJ;1;"2020-06-13 00:00:00";16;18349;20;10;0;<FLG>
V6155621;V615562101;QmnJ;1;"2020-06-14 00:00:00";16;16387;20;10;0;<FLG>
V6155621;V615562101;QmnJ;1;"2020-06-15 00:00:00";16;15618;20;10;0;<FLG>
V6155621;V615562101;QmnJ;1;"2020-06-16 00:00:00";16;15224;20;10;0;<FLG>
V6155621;V615562101;QmnJ;1;"2020-06-17 00:00:00";16;14757;20;10;0;<FLG>
V6155621;V615562101;QmnJ;1;"2020-06-18 00:00:00";16;14290;20;10;0;<FLG>
V6155621;V615562101;QmnJ;1;"2020-06-19 00:00:00";16;13823;20;10;0;<FLG>
V6155621;V615562101;QmnJ;1;"2020-06-20 00:00:00";16;13357;20;10;0;<FLG>
V6155621;V615562101;QmnJ;1;"2020-06-21 00:00:00";16;12890;20;10;0;<FLG>
V6155621;V615562101;QmnJ;1;"2020-06-22 00:00:00";16;12423;20;10;0;<FLG>
V6155621;V615562101;QmnJ;1;"2020-06-23 00:00:00";16;11947;20;10;0;<FLG>
V6155621;V615562101;QmnJ;1;"2020-06-24 00:00:00";16;11432;20;10;0;<FLG>
V6155621;V615562101;QmnJ;1;"2020-06-25 00:00:00";16;10913;20;10;0;<FLG>
V6155621;V615562101;QmnJ;1;"2020-06-26 00:00:00";16;10436;20;10;0;<FLG>
V6155621;V615562101;QmnJ;1;"2020-06-27 00:00:00";16;10287;20;10;0;<FLG>
V6155621;V615562101;QmnJ;1;"2020-06-28 00:00:00";16;10208;20;10;0;<FLG>
V6155621;V615562101;QmnJ;1;"2020-06-29 00:00:00";16;10129;20;10;0;<FLG>
V6155621;V615562101;QmnJ;1;"2020-06-30 00:00:00";16;9831;20;10;0;<FLG>
V6155621;V615562101;QmnJ;1;"2020-07-01 00:00:00";16;9508;20;10;0;<FLG>
V6155621;V615562101;QmnJ;1;"2020-07-02 00:00:00";16;9370;20;10;0;<FLG>
V6155621;V615562101;QmnJ;1;"2020-07-03 00:00:00";16;12051;20;10;0;<FLG>
V6155621;V615562101;QmnJ;1;"2020-07-04 00:00:00";16;15034;20;10;0;<FLG>
V6155621;V615562101;QmnJ;1;"2020-07-05 00:00:00";16;14832;20;10;0;<FLG>
V6155621;V615562101;QmnJ;1;"2020-07-06 00:00:00";16;14658;20;10;0;<FLG>
V6155621;V615562101;QmnJ;1;"2020-07-07 00:00:00";16;14484;20;10;0;<FLG>
V6155621;V615562101;QmnJ;1;"2020-07-08 00:00:00";16;14066;20;10;0;<FLG>
V6155621;V615562101;QmnJ;1;"2020-07-09 00:00:00";16;13629;20;10;0;<FLG>
V6155621;V615562101;QmnJ;1;"2020-07-10 00:00:00";16;13227;20;10;0;<FLG>
V6155621;V615562101;QmnJ;1;"2020-07-11 00:00:00";16;13378;20;10;0;<FLG>
V6155621;V615562101;QmnJ;1;"2020-07-12 00:00:00";16;13719;20;10;0;<FLG>
V6155621;V615562101;QmnJ;1;"2020-07-13 00:00:00";16;13706;20;10;0;<FLG>
V6155621;V615562101;QmnJ;1;"2020-07-14 00:00:00";16;13748;20;10;0;<FLG>
V6155621;V615562101;QmnJ;1;"2020-07-15 00:00:00";16;13553;20;10;0;<FLG>
V6155621;V615562101;QmnJ;1;"2020-07-16 00:00:00";16;13524;20;10;0;<FLG>
V6155621;V615562101;QmnJ;1;"2020-07-17 00:00:00";16;12830;20;10;0;<FLG>
V6155621;V615562101;QmnJ;1;"2020-07-18 00:00:00";16;12472;20;10;0;<FLG>
V6155621;V615562101;QmnJ;1;"2020-07-19 00:00:00";16;12263;20;10;0;<FLG>
V6155621;V615562101;QmnJ;1;"2020-07-20 00:00:00";16;11877;20;10;0;<FLG>
V6155621;V615562101;QmnJ;1;"2020-07-21 00:00:00";16;11470;20;10;0;<FLG>
V6155621;V615562101;QmnJ;1;"2020-07-22 00:00:00";16;9512;20;10;0;<FLG>
V6155621;V615562101;QmnJ;1;"2020-07-23 00:00:00";16;8003;20;10;0;<FLG>
V6155621;V615562101;QmnJ;1;"2020-07-24 00:00:00";16;8143;20;10;0;<FLG>
V6155621;V615562101;QmnJ;1;"2020-07-25 00:00:00";16;8284;20;10;0;<FLG>
V6155621;V615562101;QmnJ;1;"2020-07-26 00:00:00";16;8425;20;10;0;<FLG>
V6155621;V615562101;QmnJ;1;"2020-07-27 00:00:00";16;8566;20;10;0;<FLG>
V6155621;V615562101;QmnJ;1;"2020-07-28 00:00:00";16;8706;20;10;0;<FLG>
V6155621;V615562101;QmnJ;1;"2020-07-29 00:00:00";16;8523;20;10;0;<FLG>
V6155621;V615562101;QmnJ;1;"2020-07-30 00:00:00";16;7559;20;10;0;<FLG>
V6155621;V615562101;QmnJ;1;"2020-07-31 00:00:00";16;7452;20;10;0;<FLG>
V6155621;V615562101;QmnJ;1;"2020-08-01 00:00:00";16;7901;20;10;0;<FLG>
V6155621;V615562101;QmnJ;1;"2020-08-02 00:00:00";16;8471;20;10;0;<FLG>
V6155621;V615562101;QmnJ;1;"2020-08-03 00:00:00";16;7485;20;10;0;<FLG>
V6155621;V615562101;QmnJ;1;"2020-08-04 00:00:00";16;7330;20;10;0;<FLG>
V6155621;V615562101;QmnJ;1;"2020-08-05 00:00:00";16;7240;20;10;0;<FLG>
V6155621;V615562101;QmnJ;1;"2020-08-06 00:00:00";16;7088;20;10;0;<FLG>
V6155621;V615562101;QmnJ;1;"2020-08-07 00:00:00";16;6793;20;10;0;<FLG>
V6155621;V615562101;QmnJ;1;"2020-08-08 00:00:00";16;6497;20;10;0;<FLG>
V6155621;V615562101;QmnJ;1;"2020-08-09 00:00:00";16;6204;20;10;0;<FLG>
V6155621;V615562101;QmnJ;1;"2020-08-10 00:00:00";16;7087;20;10;0;<FLG>
V6155621;V615562101;QmnJ;1;"2020-08-11 00:00:00";16;6721;20;10;0;<FLG>
V6155621;V615562101;QmnJ;1;"2020-08-12 00:00:00";16;6484;20;10;0;<FLG>
V6155621;V615562101;QmnJ;1;"2020-08-13 00:00:00";16;6897;20;10;0;<FLG>
V6155621;V615562101;QmnJ;1;"2020-08-14 00:00:00";16;7316;20;10;0;<FLG>
V6155621;V615562101;QmnJ;1;"2020-08-15 00:00:00";16;6545;20;10;0;<FLG>
V6155621;V615562101;QmnJ;1;"2020-08-16 00:00:00";16;6717;20;10;0;<FLG>
V6155621;V615562101;QmnJ;1;"2020-08-17 00:00:00";16;8769;20;10;0;<FLG>
V6155621;V615562101;QmnJ;1;"2020-08-18 00:00:00";16;7510;20;10;0;<FLG>
V6155621;V615562101;QmnJ;1;"2020-08-19 00:00:00";16;7361;20;10;0;<FLG>
V6155621;V615562101;QmnJ;1;"2020-08-20 00:00:00";16;6631;20;10;0;<FLG>
V6155621;V615562101;QmnJ;1;"2020-08-21 00:00:00";16;6375;20;10;0;<FLG>
V6155621;V615562101;QmnJ;1;"2020-08-22 00:00:00";16;6389;20;10;0;<FLG>
V6155621;V615562101;QmnJ;1;"2020-08-23 00:00:00";16;6403;20;10;0;<FLG>
V6155621;V615562101;QmnJ;1;"2020-08-24 00:00:00";16;6417;20;10;0;<FLG>
V6155621;V615562101;QmnJ;1;"2020-08-25 00:00:00";16;6431;20;10;0;<FLG>
V6155621;V615562101;QmnJ;1;"2020-08-26 00:00:00";16;6445;20;10;0;<FLG>
V6155621;V615562101;QmnJ;1;"2020-08-27 00:00:00";16;6459;20;10;0;<FLG>
V6155621;V615562101;QmnJ;1;"2020-08-28 00:00:00";16;7409;20;10;0;<FLG>
V6155621;V615562101;QmnJ;1;"2020-08-29 00:00:00";16;10355;20;10;0;<FLG>
V6155621;V615562101;QmnJ;1;"2020-08-30 00:00:00";16;8307;20;10;0;<FLG>
V6155621;V615562101;QmnJ;1;"2020-08-31 00:00:00";16;7321;20;10;0;<FLG>
V6155621;V615562101;QmnJ;1;"2020-09-01 00:00:00";16;6958;20;10;0;<FLG>
V6155621;V615562101;QmnJ;1;"2020-09-02 00:00:00";16;6803;20;10;0;<FLG>
V6155621;V615562101;QmnJ;1;"2020-09-03 00:00:00";16;6649;20;10;0;<FLG>
V6155621;V615562101;QmnJ;1;"2020-09-04 00:00:00";16;6494;20;10;0;<FLG>
V6155621;V615562101;QmnJ;1;"2020-09-05 00:00:00";16;6339;20;10;0;<FLG>
V6155621;V615562101;QmnJ;1;"2020-09-06 00:00:00";16;6185;20;10;0;<FLG>
V6155621;V615562101;QmnJ;1;"2020-09-07 00:00:00";16;6030;20;10;0;<FLG>
V6155621;V615562101;QmnJ;1;"2020-09-08 00:00:00";16;5875;20;10;0;<FLG>
V6155621;V615562101;QmnJ;1;"2020-09-09 00:00:00";16;6400;20;10;0;<FLG>
V6155621;V615562101;QmnJ;1;"2020-09-10 00:00:00";16;7703;20;10;0;<FLG>
V6155621;V615562101;QmnJ;1;"2020-09-11 00:00:00";16;6937;20;10;0;<FLG>
V6155621;V615562101;QmnJ;1;"2020-09-12 00:00:00";16;5798;20;10;0;<FLG>
V6155621;V615562101;QmnJ;1;"2020-09-13 00:00:00";16;5862;20;10;0;<FLG>
V6155621;V615562101;QmnJ;1;"2020-09-14 00:00:00";16;5926;20;10;0;<FLG>
V6155621;V615562101;QmnJ;1;"2020-09-15 00:00:00";16;5990;20;10;0;<FLG>
V6155621;V615562101;QmnJ;1;"2020-09-16 00:00:00";16;5762;20;10;0;<FLG>
V6155621;V615562101;QmnJ;1;"2020-09-17 00:00:00";16;6045;20;10;0;<FLG>
V6155621;V615562101;QmnJ;1;"2020-09-18 00:00:00";16;6221;20;10;0;<FLG>
V6155621;V615562101;QmnJ;1;"2020-09-19 00:00:00";16;6441;20;10;0;<FLG>
V6155621;V615562101;QmnJ;1;"2020-09-20 00:00:00";16;10974;20;10;0;<FLG>
V6155621;V615562101;QmnJ;1;"2020-09-21 00:00:00";16;8371;20;10;0;<FLG>
V6155621;V615562101;QmnJ;1;"2020-09-22 00:00:00";16;9956;20;10;0;<FLG>
V6155621;V615562101;QmnJ;1;"2020-09-23 00:00:00";16;10419;20;10;0;<FLG>
V6155621;V615562101;QmnJ;1;"2020-09-24 00:00:00";16;9179;20;10;0;<FLG>
V6155621;V615562101;QmnJ;1;"2020-09-25 00:00:00";16;8767;20;10;0;<FLG>
V6155621;V615562101;QmnJ;1;"2020-09-26 00:00:00";16;10031;20;10;0;<FLG>
V6155621;V615562101;QmnJ;1;"2020-09-27 00:00:00";16;11296;20;10;0;<FLG>
V6155621;V615562101;QmnJ;1;"2020-09-28 00:00:00";16;11315;20;10;0;<FLG>
V6155621;V615562101;QmnJ;1;"2020-09-29 00:00:00";16;11334;20;10;0;<FLG>
V6155621;V615562101;QmnJ;1;"2020-09-30 00:00:00";16;11353;20;10;0;<FLG>
V6155621;V615562101;QmnJ;1;"2020-10-01 00:00:00";16;11371;20;10;0;<FLG>
V6155621;V615562101;QmnJ;1;"2020-10-02 00:00:00";16;12757;20;10;0;<FLG>
V6155621;V615562101;QmnJ;1;"2020-10-03 00:00:00";16;13329;20;10;0;<FLG>
V6155621;V615562101;QmnJ;1;"2020-10-04 00:00:00";16;13525;20;10;0;<FLG>
V6155621;V615562101;QmnJ;1;"2020-10-05 00:00:00";16;13984;20;10;0;<FLG>
V6155621;V615562101;QmnJ;1;"2020-10-06 00:00:00";16;13970;20;10;0;<FLG>
V6155621;V615562101;QmnJ;1;"2020-10-07 00:00:00";16;13270;20;10;0;<FLG>
V6155621;V615562101;QmnJ;1;"2020-10-08 00:00:00";16;12904;20;10;0;<FLG>
V6155621;V615562101;QmnJ;1;"2020-10-09 00:00:00";16;12610;20;10;0;<FLG>
V6155621;V615562101;QmnJ;1;"2020-10-10 00:00:00";16;11633;20;10;0;<FLG>
V6155621;V615562101;QmnJ;1;"2020-10-11 00:00:00";16;10723;20;10;0;<FLG>
V6155621;V615562101;QmnJ;1;"2020-10-12 00:00:00";16;9852;20;10;0;<FLG>
V6155621;V615562101;QmnJ;1;"2020-10-13 00:00:00";16;9118;20;10;0;<FLG>
V6155621;V615562101;QmnJ;1;"2020-10-14 00:00:00";16;9103;20;10;0;<FLG>
V6155621;V615562101;QmnJ;1;"2020-10-15 00:00:00";16;9088;20;10;0;<FLG>
V6155621;V615562101;QmnJ;1;"2020-10-16 00:00:00";16;9073;20;10;0;<FLG>
V6155621;V615562101;QmnJ;1;"2020-10-17 00:00:00";16;9058;20;10;0;<FLG>
V6155621;V615562101;QmnJ;1;"2020-10-18 00:00:00";16;9043;20;10;0;<FLG>
V6155621;V615562101;QmnJ;1;"2020-10-19 00:00:00";16;8869;20;10;0;<FLG>
V6155621;V615562101;QmnJ;1;"2020-10-20 00:00:00";16;7952;20;10;0;<FLG>
V6155621;V615562101;QmnJ;1;"2020-10-21 00:00:00";16;7824;20;10;0;<FLG>
V6155621;V615562101;QmnJ;1;"2020-10-22 00:00:00";16;8426;20;10;0;<FLG>
V6155621;V615562101;QmnJ;1;"2020-10-23 00:00:00";16;10194;20;10;0;<FLG>
V6155621;V615562101;QmnJ;1;"2020-10-24 00:00:00";16;11645;20;10;0;<FLG>
V6155621;V615562101;QmnJ;1;"2020-10-25 00:00:00";16;12168;20;10;0;<FLG>
V6155621;V615562101;QmnJ;1;"2020-10-26 00:00:00";16;12882;20;10;0;<FLG>
V6155621;V615562101;QmnJ;1;"2020-10-27 00:00:00";16;12167;20;10;0;<FLG>
V6155621;V615562101;QmnJ;1;"2020-10-28 00:00:00";16;12409;20;10;0;<FLG>
V6155621;V615562101;QmnJ;1;"2020-10-29 00:00:00";16;12263;20;10;0;<FLG>
V6155621;V615562101;QmnJ;1;"2020-10-30 00:00:00";16;12098;20;10;0;<FLG>
V6155621;V615562101;QmnJ;1;"2020-10-31 00:00:00";16;11681;20;10;0;<FLG>
V6155621;V615562101;QmnJ;1;"2020-11-01 00:00:00";16;11178;20;10;0;<FLG>
V6155621;V615562101;QmnJ;1;"2020-11-02 00:00:00";16;10675;20;10;0;<FLG>
V6155621;V615562101;QmnJ;1;"2020-11-03 00:00:00";16;10172;20;10;0;<FLG>
V6155621;V615562101;QmnJ;1;"2020-11-04 00:00:00";16;9669;20;10;0;<FLG>
V6155621;V615562101;QmnJ;1;"2020-11-05 00:00:00";16;10037;20;10;0;<FLG>
V6155621;V615562101;QmnJ;1;"2020-11-06 00:00:00";16;10864;20;10;0;<FLG>
V6155621;V615562101;QmnJ;1;"2020-11-07 00:00:00";16;10953;20;10;0;<FLG>
V6155621;V615562101;QmnJ;1;"2020-11-08 00:00:00";16;13929;20;10;0;<FLG>
V6155621;V615562101;QmnJ;1;"2020-11-09 00:00:00";16;11778;20;10;0;<FLG>
V6155621;V615562101;QmnJ;1;"2020-11-10 00:00:00";16;12588;20;10;0;<FLG>
V6155621;V615562101;QmnJ;1;"2020-11-11 00:00:00";16;12492;20;10;0;<FLG>
V6155621;V615562101;QmnJ;1;"2020-11-12 00:00:00";16;13072;20;10;0;<FLG>
V6155621;V615562101;QmnJ;1;"2020-11-13 00:00:00";16;12929;20;10;0;<FLG>
V6155621;V615562101;QmnJ;1;"2020-11-14 00:00:00";16;12870;20;10;0;<FLG>
V6155621;V615562101;QmnJ;1;"2020-11-15 00:00:00";16;12911;20;10;0;<FLG>
V6155621;V615562101;QmnJ;1;"2020-11-16 00:00:00";16;14213;20;10;0;<FLG>
V6155621;V615562101;QmnJ;1;"2020-11-17 00:00:00";16;13226;20;10;0;<FLG>
V6155621;V615562101;QmnJ;1;"2020-11-18 00:00:00";16;13216;20;10;0;<FLG>
V6155621;V615562101;QmnJ;1;"2020-11-19 00:00:00";16;13315;20;10;0;<FLG>
V6155621;V615562101;QmnJ;1;"2020-11-20 00:00:00";16;13413;20;10;0;<FLG>
V6155621;V615562101;QmnJ;1;"2020-11-21 00:00:00";16;13512;20;10;0;<FLG>
V6155621;V615562101;QmnJ;1;"2020-11-22 00:00:00";16;13610;20;10;0;<FLG>
V6155621;V615562101;QmnJ;1;"2020-11-23 00:00:00";16;10901;20;10;0;<FLG>
V6155621;V615562101;QmnJ;1;"2020-11-24 00:00:00";16;8507;20;10;0;<FLG>
V6155621;V615562101;QmnJ;1;"2020-11-25 00:00:00";16;8602;20;10;0;<FLG>
V6155621;V615562101;QmnJ;1;"2020-11-26 00:00:00";16;8678;20;10;0;<FLG>
V6155621;V615562101;QmnJ;1;"2020-11-27 00:00:00";16;7382;20;10;0;<FLG>
V6155621;V615562101;QmnJ;1;"2020-11-28 00:00:00";16;6822;20;10;0;<FLG>
V6155621;V615562101;QmnJ;1;"2020-11-29 00:00:00";16;6855;20;10;0;<FLG>
V6155621;V615562101;QmnJ;1;"2020-11-30 00:00:00";16;6255;20;10;0;<FLG>
V6155621;V615562101;QmnJ;1;"2020-12-01 00:00:00";16;5253;20;10;0;<FLG>
V6155621;V615562101;QmnJ;1;"2020-12-02 00:00:00";16;4880;20;10;0;<FLG>
V6155621;V615562101;QmnJ;1;"2020-12-03 00:00:00";16;5471;20;10;0;<FLG>
V6155621;V615562101;QmnJ;1;"2020-12-04 00:00:00";16;6379;20;10;0;<FLG>
V6155621;V615562101;QmnJ;1;"2020-12-05 00:00:00";16;7249;20;10;0;<FLG>
V6155621;V615562101;QmnJ;1;"2020-12-06 00:00:00";16;6797;20;10;0;<FLG>
V6155621;V615562101;QmnJ;1;"2020-12-07 00:00:00";16;6345;20;10;0;<FLG>
V6155621;V615562101;QmnJ;1;"2020-12-08 00:00:00";16;5892;20;10;0;<FLG>
V6155621;V615562101;QmnJ;1;"2020-12-09 00:00:00";16;5719;20;10;0;<FLG>
V6155621;V615562101;QmnJ;1;"2020-12-10 00:00:00";16;6262;20;10;0;<FLG>
V6155621;V615562101;QmnJ;1;"2020-12-11 00:00:00";16;6836;20;10;0;<FLG>
V6155621;V615562101;QmnJ;1;"2020-12-12 00:00:00";16;6706;20;10;0;<FLG>
V6155621;V615562101;QmnJ;1;"2020-12-13 00:00:00";16;6364;20;10;0;<FLG>
V6155621;V615562101;QmnJ;1;"2020-12-14 00:00:00";16;7591;20;10;0;<FLG>
V6155621;V615562101;QmnJ;1;"2020-12-15 00:00:00";16;8339;20;10;0;<FLG>
V6155621;V615562101;QmnJ;1;"2020-12-16 00:00:00";16;8488;20;10;0;<FLG>
V6155621;V615562101;QmnJ;1;"2020-12-17 00:00:00";16;9929;20;10;0;<FLG>
V6155621;V615562101;QmnJ;1;"2020-12-18 00:00:00";16;11043;20;10;0;<FLG>
V6155621;V615562101;QmnJ;1;"2020-12-19 00:00:00";16;11649;20;10;0;<FLG>
V6155621;V615562101;QmnJ;1;"2020-12-20 00:00:00";16;12207;20;10;0;<FLG>
V6155621;V615562101;QmnJ;1;"2020-12-21 00:00:00";16;12399;20;10;0;<FLG>
V6155621;V615562101;QmnJ;1;"2020-12-22 00:00:00";16;13424;20;10;0;<FLG>
V6155621;V615562101;QmnJ;1;"2020-12-23 00:00:00";16;13753;20;10;0;<FLG>
V6155621;V615562101;QmnJ;1;"2020-12-24 00:00:00";16;13368;20;10;0;<FLG>
V6155621;V615562101;QmnJ;1;"2020-12-25 00:00:00";16;12983;20;10;0;<FLG>
V6155621;V615562101;QmnJ;1;"2020-12-26 00:00:00";16;12598;20;10;0;<FLG>
V6155621;V615562101;QmnJ;1;"2020-12-27 00:00:00";16;12214;20;10;0;<FLG>
V6155621;V615562101;QmnJ;1;"2020-12-28 00:00:00";16;11810;20;10;0;<FLG>
V6155621;V615562101;QmnJ;1;"2020-12-29 00:00:00";16;11381;20;10;0;<FLG>
V6155621;V615562101;QmnJ;1;"2020-12-30 00:00:00";16;11075;20;10;0;<FLG>
V6155621;V615562101;QmnJ;1;"2020-12-31 00:00:00";16;11366;20;10;0;<FLG>
V6155621;V615562101;QmnJ;1;"2021-01-01 00:00:00";16;11736;20;10;0;<FLG>
V6155621;V615562101;QmnJ;1;"2021-01-02 00:00:00";16;12074;20;10;0;<FLG>
V6155621;V615562101;QmnJ;1;"2021-01-03 00:00:00";16;11862;20;10;0;<FLG>
V6155621;V615562101;QmnJ;1;"2021-01-04 00:00:00";16;11399;20;10;0;<FLG>
V6155621;V615562101;QmnJ;1;"2021-01-05 00:00:00";16;10934;20;10;0;<FLG>
V6155621;V615562101;QmnJ;1;"2021-01-06 00:00:00";16;10470;20;10;0;<FLG>
V6155621;V615562101;QmnJ;1;"2021-01-07 00:00:00";16;10005;20;10;0;<FLG>
V6155621;V615562101;QmnJ;1;"2021-01-08 00:00:00";16;9541;20;10;0;<FLG>
V6155621;V615562101;QmnJ;1;"2021-01-09 00:00:00";16;9077;20;10;0;<FLG>
V6155621;V615562101;QmnJ;1;"2021-01-10 00:00:00";16;8612;20;10;0;<FLG>
V6155621;V615562101;QmnJ;1;"2021-01-11 00:00:00";16;8148;20;10;0;<FLG>
V6155621;V615562101;QmnJ;1;"2021-01-12 00:00:00";16;7948;20;10;0;<FLG>
V6155621;V615562101;QmnJ;1;"2021-01-13 00:00:00";16;8043;20;10;0;<FLG>
V6155621;V615562101;QmnJ;1;"2021-01-14 00:00:00";16;8139;20;10;0;<FLG>
V6155621;V615562101;QmnJ;1;"2021-01-15 00:00:00";16;8223;20;10;0;<FLG>
V6155621;V615562101;QmnJ;1;"2021-01-16 00:00:00";16;8286;20;10;0;<FLG>
V6155621;V615562101;QmnJ;1;"2021-01-17 00:00:00";16;8312;20;10;0;<FLG>
V6155621;V615562101;QmnJ;1;"2021-01-18 00:00:00";16;8312;20;10;0;<FLG>
V6155621;V615562101;QmnJ;1;"2021-01-19 00:00:00";16;8385;20;10;0;<FLG>
V6155621;V615562101;QmnJ;1;"2021-01-20 00:00:00";16;8649;20;10;0;<FLG>
V6155621;V615562101;QmnJ;1;"2021-01-21 00:00:00";16;8599;20;10;0;<FLG>
V6155621;V615562101;QmnJ;1;"2021-01-22 00:00:00";16;10355;20;10;0;<FLG>
V6155621;V615562101;QmnJ;1;"2021-01-23 00:00:00";16;13530;20;10;0;<FLG>
V6155621;V615562101;QmnJ;1;"2021-01-24 00:00:00";16;17158;20;10;0;<FLG>
V6155621;V615562101;QmnJ;1;"2021-01-25 00:00:00";16;18348;20;10;0;<FLG>
V6155621;V615562101;QmnJ;1;"2021-01-26 00:00:00";16;18346;20;10;0;<FLG>
V6155621;V615562101;QmnJ;1;"2021-01-27 00:00:00";16;17795;20;10;0;<FLG>
V6155621;V615562101;QmnJ;1;"2021-01-28 00:00:00";16;17306;20;10;0;<FLG>
V6155621;V615562101;QmnJ;1;"2021-01-29 00:00:00";16;16827;20;10;0;<FLG>
V6155621;V615562101;QmnJ;1;"2021-01-30 00:00:00";16;17781;20;10;0;<FLG>
V6155621;V615562101;QmnJ;1;"2021-01-31 00:00:00";16;18776;20;10;0;<FLG>
V6155621;V615562101;QmnJ;1;"2021-02-01 00:00:00";16;18121;20;10;0;<FLG>
V6155621;V615562101;QmnJ;1;"2021-02-02 00:00:00";16;18671;20;10;0;<FLG>
V6155621;V615562101;QmnJ;1;"2021-02-03 00:00:00";16;19221;20;10;0;<FLG>
V6155621;V615562101;QmnJ;1;"2021-02-04 00:00:00";16;19670;20;10;0;<FLG>
V6155621;V615562101;QmnJ;1;"2021-02-05 00:00:00";16;19605;20;10;0;<FLG>
V6155621;V615562101;QmnJ;1;"2021-02-06 00:00:00";16;19485;20;10;0;<FLG>
V6155621;V615562101;QmnJ;1;"2021-02-07 00:00:00";16;21789;20;10;0;<FLG>
V6155621;V615562101;QmnJ;1;"2021-02-08 00:00:00";16;20133;20;10;0;<FLG>
V6155621;V615562101;QmnJ;1;"2021-02-09 00:00:00";16;21857;20;10;0;<FLG>
V6155621;V615562101;QmnJ;1;"2021-02-10 00:00:00";16;21791;20;10;0;<FLG>
V6155621;V615562101;QmnJ;1;"2021-02-11 00:00:00";16;21798;20;10;0;<FLG>
V6155621;V615562101;QmnJ;1;"2021-02-12 00:00:00";16;22458;20;10;0;<FLG>
V6155621;V615562101;QmnJ;1;"2021-02-13 00:00:00";16;22604;20;10;0;<FLG>
V6155621;V615562101;QmnJ;1;"2021-02-14 00:00:00";16;21483;20;10;0;<FLG>
V6155621;V615562101;QmnJ;1;"2021-02-15 00:00:00";16;20387;20;10;0;<FLG>
V6155621;V615562101;QmnJ;1;"2021-02-16 00:00:00";16;20378;20;10;0;<FLG>
V6155621;V615562101;QmnJ;1;"2021-02-17 00:00:00";16;19607;20;10;0;<FLG>
V6155621;V615562101;QmnJ;1;"2021-02-18 00:00:00";16;19485;20;10;0;<FLG>
V6155621;V615562101;QmnJ;1;"2021-02-19 00:00:00";16;19447;20;10;0;<FLG>
V6155621;V615562101;QmnJ;1;"2021-02-20 00:00:00";16;19086;20;10;0;<FLG>
V6155621;V615562101;QmnJ;1;"2021-02-21 00:00:00";16;18725;20;10;0;<FLG>
V6155621;V615562101;QmnJ;1;"2021-02-22 00:00:00";16;18364;20;10;0;<FLG>
V6155621;V615562101;QmnJ;1;"2021-02-23 00:00:00";16;17818;20;10;0;<FLG>
V6155621;V615562101;QmnJ;1;"2021-02-24 00:00:00";16;17403;20;10;0;<FLG>
V6155621;V615562101;QmnJ;1;"2021-02-25 00:00:00";16;17055;20;10;0;<FLG>
V6155621;V615562101;QmnJ;1;"2021-02-26 00:00:00";16;16707;20;10;0;<FLG>
V6155621;V615562101;QmnJ;1;"2021-02-27 00:00:00";16;16359;20;10;0;<FLG>
V6155621;V615562101;QmnJ;1;"2021-02-28 00:00:00";16;16011;20;10;0;<FLG>
V6155621;V615562101;QmnJ;1;"2021-03-01 00:00:00";16;15663;20;10;0;<FLG>
V6155621;V615562101;QmnJ;1;"2021-03-02 00:00:00";16;15315;20;10;0;<FLG>
V6155621;V615562101;QmnJ;1;"2021-03-03 00:00:00";16;14967;20;10;0;<FLG>
V6155621;V615562101;QmnJ;1;"2021-03-04 00:00:00";16;14619;20;10;0;<FLG>
V6155621;V615562101;QmnJ;1;"2021-03-05 00:00:00";16;14014;20;10;0;<FLG>
V6155621;V615562101;QmnJ;1;"2021-03-06 00:00:00";16;13197;20;10;0;<FLG>
V6155621;V615562101;QmnJ;1;"2021-03-07 00:00:00";16;13197;20;10;0;<FLG>
V6155621;V615562101;QmnJ;1;"2021-03-08 00:00:00";16;13197;20;10;0;<FLG>
V6155621;V615562101;QmnJ;1;"2021-03-09 00:00:00";16;13197;20;10;0;<FLG>
V6155621;V615562101;QmnJ;1;"2021-03-10 00:00:00";16;13197;20;10;0;<FLG>
V6155621;V615562101;QmnJ;1;"2021-03-11 00:00:00";16;13187;20;10;0;<FLG>
V6155621;V615562101;QmnJ;1;"2021-03-12 00:00:00";16;12849;20;10;0;<FLG>
V6155621;V615562101;QmnJ;1;"2021-03-13 00:00:00";16;12354;20;10;0;<FLG>
V6155621;V615562101;QmnJ;1;"2021-03-14 00:00:00";16;11841;20;10;0;<FLG>
V6155621;V615562101;QmnJ;1;"2021-03-15 00:00:00";16;11296;20;10;0;<FLG>
V6155621;V615562101;QmnJ;1;"2021-03-16 00:00:00";16;11424;20;10;0;<FLG>
V6155621;V615562101;QmnJ;1;"2021-03-17 00:00:00";16;11318;20;10;0;<FLG>
V6155621;V615562101;QmnJ;1;"2021-03-18 00:00:00";16;11198;20;10;0;<FLG>
V6155621;V615562101;QmnJ;1;"2021-03-19 00:00:00";16;11077;20;10;0;<FLG>
V6155621;V615562101;QmnJ;1;"2021-03-20 00:00:00";16;10957;20;10;0;<FLG>
V6155621;V615562101;QmnJ;1;"2021-03-21 00:00:00";16;10837;20;10;0;<FLG>
V6155621;V615562101;QmnJ;1;"2021-03-22 00:00:00";16;10716;20;10;0;<FLG>
V6155621;V615562101;QmnJ;1;"2021-03-23 00:00:00";16;10596;20;10;0;<FLG>
V6155621;V615562101;QmnJ;1;"2021-03-24 00:00:00";16;10476;20;10;0;<FLG>
V6155621;V615562101;QmnJ;1;"2021-03-25 00:00:00";16;10355;20;10;0;<FLG>
V6155621;V615562101;QmnJ;1;"2021-03-26 00:00:00";16;10235;20;10;0;<FLG>
V6155621;V615562101;QmnJ;1;"2021-03-27 00:00:00";16;9785;20;10;0;<FLG>
V6155621;V615562101;QmnJ;1;"2021-03-28 00:00:00";16;8756;20;10;0;<FLG>
V6155621;V615562101;QmnJ;1;"2021-03-29 00:00:00";16;7721;20;10;0;<FLG>
V6155621;V615562101;QmnJ;1;"2021-03-30 00:00:00";16;7302;20;10;0;<FLG>
V6155621;V615562101;QmnJ;1;"2021-03-31 00:00:00";16;7326;20;10;0;<FLG>
V6155621;V615562101;QmnJ;1;"2021-04-01 00:00:00";16;7349;20;10;0;<FLG>
V6155621;V615562101;QmnJ;1;"2021-04-02 00:00:00";16;7373;20;10;0;<FLG>
V6155621;V615562101;QmnJ;1;"2021-04-03 00:00:00";16;7397;20;10;0;<FLG>
V6155621;V615562101;QmnJ;1;"2021-04-04 00:00:00";16;7421;20;10;0;<FLG>
V6155621;V615562101;QmnJ;1;"2021-04-05 00:00:00";16;7444;20;10;0;<FLG>
V6155621;V615562101;QmnJ;1;"2021-04-06 00:00:00";16;7468;20;10;0;<FLG>
V6155621;V615562101;QmnJ;1;"2021-04-07 00:00:00";16;7341;20;10;0;<FLG>
V6155621;V615562101;QmnJ;1;"2021-04-08 00:00:00";16;6463;20;10;0;<FLG>
V6155621;V615562101;QmnJ;1;"2021-04-09 00:00:00";16;6770;20;10;0;<FLG>
V6155621;V615562101;QmnJ;1;"2021-04-10 00:00:00";16;7232;20;10;0;<FLG>
V6155621;V615562101;QmnJ;1;"2021-04-11 00:00:00";16;7995;20;10;0;<FLG>
V6155621;V615562101;QmnJ;1;"2021-04-12 00:00:00";16;9992;20;10;0;<FLG>
V6155621;V615562101;QmnJ;1;"2021-04-13 00:00:00";16;8010;20;10;0;<FLG>
V6155621;V615562101;QmnJ;1;"2021-04-14 00:00:00";16;8146;20;10;0;<FLG>
V6155621;V615562101;QmnJ;1;"2021-04-15 00:00:00";16;8729;20;10;0;<FLG>
V6155621;V615562101;QmnJ;1;"2021-04-16 00:00:00";16;9190;20;10;0;<FLG>
V6155621;V615562101;QmnJ;1;"2021-04-17 00:00:00";16;9206;20;10;0;<FLG>
V6155621;V615562101;QmnJ;1;"2021-04-18 00:00:00";16;9180;20;10;0;<FLG>
V6155621;V615562101;QmnJ;1;"2021-04-19 00:00:00";16;9155;20;10;0;<FLG>
V6155621;V615562101;QmnJ;1;"2021-04-20 00:00:00";16;9130;20;10;0;<FLG>
V6155621;V615562101;QmnJ;1;"2021-04-21 00:00:00";16;9105;20;10;0;<FLG>
V6155621;V615562101;QmnJ;1;"2021-04-22 00:00:00";16;9080;20;10;0;<FLG>
V6155621;V615562101;QmnJ;1;"2021-04-23 00:00:00";16;9054;20;10;0;<FLG>
V6155621;V615562101;QmnJ;1;"2021-04-24 00:00:00";16;9029;20;10;0;<FLG>
V6155621;V615562101;QmnJ;1;"2021-04-25 00:00:00";16;9004;20;10;0;<FLG>
V6155621;V615562101;QmnJ;1;"2021-04-26 00:00:00";16;8979;20;10;0;<FLG>
V6155621;V615562101;QmnJ;1;"2021-04-27 00:00:00";16;8953;20;10;0;<FLG>
V6155621;V615562101;QmnJ;1;"2021-04-28 00:00:00";16;9457;20;10;0;<FLG>
V6155621;V615562101;QmnJ;1;"2021-04-29 00:00:00";16;12684;20;10;0;<FLG>
V6155621;V615562101;QmnJ;1;"2021-04-30 00:00:00";16;15867;20;10;0;<FLG>
V6155621;V615562101;QmnJ;1;"2021-05-01 00:00:00";16;24783;20;10;0;<FLG>
V6155621;V615562101;QmnJ;1;"2021-05-02 00:00:00";16;29165;20;10;0;<FLG>
V6155621;V615562101;QmnJ;1;"2021-05-03 00:00:00";16;36087;20;10;0;<FLG>
V6155621;V615562101;QmnJ;1;"2021-05-04 00:00:00";16;36095;20;10;0;<FLG>
V6155621;V615562101;QmnJ;1;"2021-05-05 00:00:00";16;33666;20;10;0;<FLG>
V6155621;V615562101;QmnJ;1;"2021-05-06 00:00:00";16;31350;20;10;0;<FLG>
V6155621;V615562101;QmnJ;1;"2021-05-07 00:00:00";16;29286;20;10;0;<FLG>
V6155621;V615562101;QmnJ;1;"2021-05-08 00:00:00";16;26221;20;10;0;<FLG>
V6155621;V615562101;QmnJ;1;"2021-05-09 00:00:00";16;23359;20;10;0;<FLG>
V6155621;V615562101;QmnJ;1;"2021-05-10 00:00:00";16;22207;20;10;0;<FLG>
V6155621;V615562101;QmnJ;1;"2021-05-11 00:00:00";16;32338;20;10;0;<FLG>
V6155621;V615562101;QmnJ;1;"2021-05-12 00:00:00";16;38991;20;10;0;<FLG>
V6155621;V615562101;QmnJ;1;"2021-05-13 00:00:00";16;42433;20;10;0;<FLG>
V6155621;V615562101;QmnJ;1;"2021-05-14 00:00:00";16;42033;20;10;0;<FLG>
V6155621;V615562101;QmnJ;1;"2021-05-15 00:00:00";16;41037;20;10;0;<FLG>
V6155621;V615562101;QmnJ;1;"2021-05-16 00:00:00";16;40041;20;10;0;<FLG>
V6155621;V615562101;QmnJ;1;"2021-05-17 00:00:00";16;35573;20;10;0;<FLG>
V6155621;V615562101;QmnJ;1;"2021-05-18 00:00:00";16;32890;20;10;0;<FLG>
V6155621;V615562101;QmnJ;1;"2021-05-19 00:00:00";16;32828;20;10;0;<FLG>
V6155621;V615562101;QmnJ;1;"2021-05-20 00:00:00";16;30564;20;10;0;<FLG>
V6155621;V615562101;QmnJ;1;"2021-05-21 00:00:00";16;28701;20;10;0;<FLG>
V6155621;V615562101;QmnJ;1;"2021-05-22 00:00:00";16;28709;20;10;0;<FLG>
V6155621;V615562101;QmnJ;1;"2021-05-23 00:00:00";16;26064;20;10;0;<FLG>
V6155621;V615562101;QmnJ;1;"2021-05-24 00:00:00";16;24432;20;10;0;<FLG>
V6155621;V615562101;QmnJ;1;"2021-05-25 00:00:00";16;22837;20;10;0;<FLG>
V6155621;V615562101;QmnJ;1;"2021-05-26 00:00:00";16;21249;20;10;0;<FLG>
V6155621;V615562101;QmnJ;1;"2021-05-27 00:00:00";16;20448;20;10;0;<FLG>
V6155621;V615562101;QmnJ;1;"2021-05-28 00:00:00";16;20175;20;10;0;<FLG>
V6155621;V615562101;QmnJ;1;"2021-05-29 00:00:00";16;19902;20;10;0;<FLG>
V6155621;V615562101;QmnJ;1;"2021-05-30 00:00:00";16;19604;20;10;0;<FLG>
V6155621;V615562101;QmnJ;1;"2021-05-31 00:00:00";16;19172;20;10;0;<FLG>
V6155621;V615562101;QmnJ;1;"2021-06-01 00:00:00";16;18722;20;10;0;<FLG>
V6155621;V615562101;QmnJ;1;"2021-06-02 00:00:00";16;18272;20;10;0;<FLG>
V6155621;V615562101;QmnJ;1;"2021-06-03 00:00:00";16;17829;20;10;0;<FLG>
V6155621;V615562101;QmnJ;1;"2021-06-04 00:00:00";16;17436;20;10;0;<FLG>
V6155621;V615562101;QmnJ;1;"2021-06-05 00:00:00";16;17053;20;10;0;<FLG>
V6155621;V615562101;QmnJ;1;"2021-06-06 00:00:00";16;16670;20;10;0;<FLG>
V6155621;V615562101;QmnJ;1;"2021-06-07 00:00:00";16;16287;20;10;0;<FLG>
V6155621;V615562101;QmnJ;1;"2021-06-08 00:00:00";16;15905;20;10;0;<FLG>
V6155621;V615562101;QmnJ;1;"2021-06-09 00:00:00";16;15522;20;10;0;<FLG>
V6155621;V615562101;QmnJ;1;"2021-06-10 00:00:00";16;15139;20;10;0;<FLG>
V6155621;V615562101;QmnJ;1;"2021-06-11 00:00:00";16;14756;20;10;0;<FLG>
V6155621;V615562101;QmnJ;1;"2021-06-12 00:00:00";16;14373;20;10;0;<FLG>
V6155621;V615562101;QmnJ;1;"2021-06-13 00:00:00";16;13990;20;10;0;<FLG>
V6155621;V615562101;QmnJ;1;"2021-06-14 00:00:00";16;13607;20;10;0;<FLG>
V6155621;V615562101;QmnJ;1;"2021-06-15 00:00:00";16;13224;20;10;0;<FLG>
V6155621;V615562101;QmnJ;1;"2021-06-16 00:00:00";16;12842;20;10;0;<FLG>
V6155621;V615562101;QmnJ;1;"2021-06-17 00:00:00";16;12459;20;10;0;<FLG>
V6155621;V615562101;QmnJ;1;"2021-06-18 00:00:00";16;12074;20;10;0;<FLG>
V6155621;V615562101;QmnJ;1;"2021-06-19 00:00:00";16;11658;20;10;0;<FLG>
V6155621;V615562101;QmnJ;1;"2021-06-20 00:00:00";16;11232;20;10;0;<FLG>
V6155621;V615562101;QmnJ;1;"2021-06-21 00:00:00";16;10806;20;10;0;<FLG>
V6155621;V615562101;QmnJ;1;"2021-06-22 00:00:00";16;10278;20;10;0;<FLG>
V6155621;V615562101;QmnJ;1;"2021-06-23 00:00:00";16;9797;20;10;0;<FLG>
V6155621;V615562101;QmnJ;1;"2021-06-24 00:00:00";16;9216;20;10;0;<FLG>
V6155621;V615562101;QmnJ;1;"2021-06-25 00:00:00";16;8627;20;10;0;<FLG>
V6155621;V615562101;QmnJ;1;"2021-06-26 00:00:00";16;8473;20;10;0;<FLG>
V6155621;V615562101;QmnJ;1;"2021-06-27 00:00:00";16;8294;20;10;0;<FLG>
V6155621;V615562101;QmnJ;1;"2021-06-28 00:00:00";16;7973;20;10;0;<FLG>
V6155621;V615562101;QmnJ;1;"2021-06-29 00:00:00";16;7638;20;10;0;<FLG>
V6155621;V615562101;QmnJ;1;"2021-06-30 00:00:00";16;7285;20;10;0;<FLG>
V6155621;V615562101;QmnJ;1;"2021-07-01 00:00:00";16;6581;20;10;0;<FLG>
V6155621;V615562101;QmnJ;1;"2021-07-02 00:00:00";16;6244;20;10;0;<FLG>
V6155621;V615562101;QmnJ;1;"2021-07-03 00:00:00";16;6262;20;10;0;<FLG>
V6155621;V615562101;QmnJ;1;"2021-07-04 00:00:00";16;7328;20;10;0;<FLG>
V6155621;V615562101;QmnJ;1;"2021-07-05 00:00:00";16;6938;20;10;0;<FLG>
V6155621;V615562101;QmnJ;1;"2021-07-06 00:00:00";16;6681;20;10;0;<FLG>
V6155621;V615562101;QmnJ;1;"2021-07-07 00:00:00";16;7286;20;10;0;<FLG>
V6155621;V615562101;QmnJ;1;"2021-07-08 00:00:00";16;5870;20;10;0;<FLG>
V6155621;V615562101;QmnJ;1;"2021-07-09 00:00:00";16;5590;20;10;0;<FLG>
V6155621;V615562101;QmnJ;1;"2021-07-10 00:00:00";16;5348;20;10;0;<FLG>
V6155621;V615562101;QmnJ;1;"2021-07-11 00:00:00";16;5347;20;10;0;<FLG>
V6155621;V615562101;QmnJ;1;"2021-07-12 00:00:00";16;4900;20;10;0;<FLG>
V6155621;V615562101;QmnJ;1;"2021-07-13 00:00:00";16;5197;20;10;0;<FLG>
V6155621;V615562101;QmnJ;1;"2021-07-14 00:00:00";16;5473;20;10;0;<FLG>
V6155621;V615562101;QmnJ;1;"2021-07-15 00:00:00";16;5164;20;10;0;<FLG>
V6155621;V615562101;QmnJ;1;"2021-07-16 00:00:00";16;4607;20;10;0;<FLG>
V6155621;V615562101;QmnJ;1;"2021-07-17 00:00:00";16;4274;20;10;0;<FLG>
V6155621;V615562101;QmnJ;1;"2021-07-18 00:00:00";16;4259;20;10;0;<FLG>
V6155621;V615562101;QmnJ;1;"2021-07-19 00:00:00";16;3950;20;10;0;<FLG>
V6155621;V615562101;QmnJ;1;"2021-07-20 00:00:00";16;3822;20;10;0;<FLG>
V6155621;V615562101;QmnJ;1;"2021-07-21 00:00:00";16;3743;20;10;0;<FLG>
V6155621;V615562101;QmnJ;1;"2021-07-22 00:00:00";16;3670;20;10;0;<FLG>
V6155621;V615562101;QmnJ;1;"2021-07-23 00:00:00";16;3654;20;10;0;<FLG>
V6155621;V615562101;QmnJ;1;"2021-07-24 00:00:00";16;3689;20;10;0;<FLG>
V6155621;V615562101;QmnJ;1;"2021-07-25 00:00:00";16;3755;20;10;0;<FLG>
V6155621;V615562101;QmnJ;1;"2021-07-26 00:00:00";16;3669;20;10;0;<FLG>
V6155621;V615562101;QmnJ;1;"2021-07-27 00:00:00";16;3676;20;10;0;<FLG>
V6155621;V615562101;QmnJ;1;"2021-07-28 00:00:00";16;3602;20;10;0;<FLG>
V6155621;V615562101;QmnJ;1;"2021-07-29 00:00:00";16;3303;12;4;0;<FLG>
V6155621;V615562101;QmnJ;1;"2021-07-30 00:00:00";16;3232;12;4;0;<FLG>
V6155621;V615562101;QmnJ;1;"2021-07-31 00:00:00";16;3162;12;4;0;<FLG>
V6155621;V615562101;QmnJ;1;"2021-08-01 00:00:00";16;3277;12;10;0;<FLG>
V6155621;V615562101;QmnJ;1;"2021-08-02 00:00:00";16;3186;12;10;0;<FLG>
V6155621;V615562101;QmnJ;1;"2021-08-03 00:00:00";16;3194;12;10;0;<FLG>
V6155621;V615562101;QmnJ;1;"2021-08-04 00:00:00";16;3651;20;10;0;<FLG>
V6155621;V615562101;QmnJ;1;"2021-08-05 00:00:00";16;3687;20;10;0;<FLG>
V6155621;V615562101;QmnJ;1;"2021-08-06 00:00:00";16;3430;12;10;0;<FLG>
V6155621;V615562101;QmnJ;1;"2021-08-07 00:00:00";16;3552;20;10;0;<FLG>
V6155621;V615562101;QmnJ;1;"2021-08-08 00:00:00";16;3707;20;10;0;<FLG>
V6155621;V615562101;QmnJ;1;"2021-08-09 00:00:00";16;3396;12;4;0;<FLG>
V6155621;V615562101;QmnJ;1;"2021-08-10 00:00:00";16;3395;12;4;0;<FLG>
V6155621;V615562101;QmnJ;1;"2021-08-11 00:00:00";16;3393;12;4;0;<FLG>
V6155621;V615562101;QmnJ;1;"2021-08-12 00:00:00";16;3391;12;4;0;<FLG>
V6155621;V615562101;QmnJ;1;"2021-08-13 00:00:00";16;3390;12;4;0;<FLG>
V6155621;V615562101;QmnJ;1;"2021-08-14 00:00:00";16;3388;12;4;0;<FLG>
V6155621;V615562101;QmnJ;1;"2021-08-15 00:00:00";16;3386;12;4;0;<FLG>
V6155621;V615562101;QmnJ;1;"2021-08-16 00:00:00";16;3385;12;4;0;<FLG>
V6155621;V615562101;QmnJ;1;"2021-08-17 00:00:00";16;3383;12;4;0;<FLG>
V6155621;V615562101;QmnJ;1;"2021-08-18 00:00:00";16;3452;20;10;0;<FLG>
V6155621;V615562101;QmnJ;1;"2021-08-19 00:00:00";16;3350;12;4;0;<FLG>
V6155621;V615562101;QmnJ;1;"2021-08-20 00:00:00";16;3285;12;4;0;<FLG>
V6155621;V615562101;QmnJ;1;"2021-08-21 00:00:00";16;3220;12;4;0;<FLG>
V6155621;V615562101;QmnJ;1;"2021-08-22 00:00:00";16;3155;12;4;0;<FLG>
V6155621;V615562101;QmnJ;1;"2021-08-23 00:00:00";16;3229;12;10;0;<FLG>
V6155621;V615562101;QmnJ;1;"2021-08-24 00:00:00";16;3279;12;10;0;<FLG>
V6155621;V615562101;QmnJ;1;"2021-08-25 00:00:00";16;3290;12;10;0;<FLG>
V6155621;V615562101;QmnJ;1;"2021-08-26 00:00:00";16;3229;12;10;0;<FLG>
V6155621;V615562101;QmnJ;1;"2021-08-27 00:00:00";16;3206;12;10;0;<FLG>
V6155621;V615562101;QmnJ;1;"2021-08-28 00:00:00";16;3218;12;10;0;<FLG>
V6155621;V615562101;QmnJ;1;"2021-08-29 00:00:00";16;3222;12;10;0;<FLG>
V6155621;V615562101;QmnJ;1;"2021-08-30 00:00:00";16;3217;12;10;0;<FLG>
V6155621;V615562101;QmnJ;1;"2021-08-31 00:00:00";16;3261;12;10;0;<FLG>
V6155621;V615562101;QmnJ;1;"2021-09-01 00:00:00";16;3147;12;10;0;<FLG>
V6155621;V615562101;QmnJ;1;"2021-09-02 00:00:00";16;3149;12;10;0;<FLG>
V6155621;V615562101;QmnJ;1;"2021-09-03 00:00:00";16;3355;20;10;0;<FLG>
V6155621;V615562101;QmnJ;1;"2021-09-04 00:00:00";16;3446;20;10;0;<FLG>
V6155621;V615562101;QmnJ;1;"2021-09-05 00:00:00";16;3355;12;10;0;<FLG>
V6155621;V615562101;QmnJ;1;"2021-09-06 00:00:00";16;3284;12;4;0;<FLG>
V6155621;V615562101;QmnJ;1;"2021-09-07 00:00:00";16;3254;12;4;0;<FLG>
V6155621;V615562101;QmnJ;1;"2021-09-08 00:00:00";16;3225;12;4;0;<FLG>
V6155621;V615562101;QmnJ;1;"2021-09-09 00:00:00";16;3206;12;10;0;<FLG>
V6155621;V615562101;QmnJ;1;"2021-09-10 00:00:00";16;3243;12;10;0;<FLG>
V6155621;V615562101;QmnJ;1;"2021-09-11 00:00:00";16;3249;12;10;0;<FLG>
V6155621;V615562101;QmnJ;1;"2021-09-12 00:00:00";16;3224;12;10;0;<FLG>
V6155621;V615562101;QmnJ;1;"2021-09-13 00:00:00";16;3207;12;10;0;<FLG>
V6155621;V615562101;QmnJ;1;"2021-09-14 00:00:00";16;3172;12;10;0;<FLG>
V6155621;V615562101;QmnJ;1;"2021-09-15 00:00:00";16;5400;12;10;0;<FLG>
V6155621;V615562101;QmnJ;1;"2021-09-16 00:00:00";16;10257;20;10;0;<FLG>
V6155621;V615562101;QmnJ;1;"2021-09-17 00:00:00";16;3723;20;10;0;<FLG>
V6155621;V615562101;QmnJ;1;"2021-09-18 00:00:00";16;3525;20;10;0;<FLG>
V6155621;V615562101;QmnJ;1;"2021-09-19 00:00:00";16;3587;20;10;0;<FLG>
V6155621;V615562101;QmnJ;1;"2021-09-20 00:00:00";16;3477;20;10;0;<FLG>
V6155621;V615562101;QmnJ;1;"2021-09-21 00:00:00";16;3423;12;10;0;<FLG>
V6155621;V615562101;QmnJ;1;"2021-09-22 00:00:00";16;3353;12;10;0;<FLG>
V6155621;V615562101;QmnJ;1;"2021-09-23 00:00:00";16;3230;12;10;0;<FLG>
V6155621;V615562101;QmnJ;1;"2021-09-24 00:00:00";16;3153;12;10;0;<FLG>
V6155621;V615562101;QmnJ;1;"2021-09-25 00:00:00";16;3296;12;10;0;<FLG>
V6155621;V615562101;QmnJ;1;"2021-09-26 00:00:00";16;7982;20;10;0;<FLG>
V6155621;V615562101;QmnJ;1;"2021-09-27 00:00:00";16;5934;20;10;0;<FLG>
V6155621;V615562101;QmnJ;1;"2021-09-28 00:00:00";16;5970;20;10;0;<FLG>
V6155621;V615562101;QmnJ;1;"2021-09-29 00:00:00";16;5494;20;10;0;<FLG>
V6155621;V615562101;QmnJ;1;"2021-09-30 00:00:00";16;5516;20;10;0;<FLG>
V6155621;V615562101;QmnJ;1;"2021-10-01 00:00:00";16;5307;20;10;0;<FLG>
V6155621;V615562101;QmnJ;1;"2021-10-02 00:00:00";16;5048;20;10;0;<FLG>
V6155621;V615562101;QmnJ;1;"2021-10-03 00:00:00";16;6255;20;10;0;<FLG>
V6155621;V615562101;QmnJ;1;"2021-10-04 00:00:00";16;28196;12;10;0;<FLG>
V6155621;V615562101;QmnJ;1;"2021-10-05 00:00:00";16;30270;12;10;0;<FLG>
V6155621;V615562101;QmnJ;1;"2021-10-06 00:00:00";16;21542;20;10;0;<FLG>
V6155621;V615562101;QmnJ;1;"2021-10-07 00:00:00";16;18642;20;10;0;<FLG>
V6155621;V615562101;QmnJ;1;"2021-10-08 00:00:00";16;16799;20;10;0;<FLG>
V6155621;V615562101;QmnJ;1;"2021-10-09 00:00:00";16;15166;20;10;0;<FLG>
V6155621;V615562101;QmnJ;1;"2021-10-10 00:00:00";16;14004;20;10;0;<FLG>
V6155621;V615562101;QmnJ;1;"2021-10-11 00:00:00";16;13324;20;10;0;<FLG>
V6155621;V615562101;QmnJ;1;"2021-10-12 00:00:00";16;11114;20;10;0;<FLG>
V6155621;V615562101;QmnJ;1;"2021-10-13 00:00:00";16;8566;20;10;0;<FLG>
V6155621;V615562101;QmnJ;1;"2021-10-14 00:00:00";16;7128;20;10;0;<FLG>
V6155621;V615562101;QmnJ;1;"2021-10-15 00:00:00";16;7491;20;10;0;<FLG>
V6155621;V615562101;QmnJ;1;"2021-10-16 00:00:00";16;7321;20;10;0;<FLG>
V6155621;V615562101;QmnJ;1;"2021-10-17 00:00:00";16;7235;20;10;0;<FLG>
V6155621;V615562101;QmnJ;1;"2021-10-18 00:00:00";16;6612;20;10;0;<FLG>
V6155621;V615562101;QmnJ;1;"2021-10-19 00:00:00";16;6022;20;10;0;<FLG>
V6155621;V615562101;QmnJ;1;"2021-10-20 00:00:00";16;5798;20;10;0;<FLG>
V6155621;V615562101;QmnJ;1;"2021-10-21 00:00:00";16;5369;20;10;0;<FLG>
V6155621;V615562101;QmnJ;1;"2021-10-22 00:00:00";16;4004;20;10;0;<FLG>
V6155621;V615562101;QmnJ;1;"2021-10-23 00:00:00";16;4150;20;10;0;<FLG>
V6155621;V615562101;QmnJ;1;"2021-10-24 00:00:00";16;3980;20;10;0;<FLG>
V6155621;V615562101;QmnJ;1;"2021-10-25 00:00:00";16;3919;20;10;0;<FLG>
V6155621;V615562101;QmnJ;1;"2021-10-26 00:00:00";16;3858;20;10;0;<FLG>
V6155621;V615562101;QmnJ;1;"2021-10-27 00:00:00";16;3824;20;10;0;<FLG>
V6155621;V615562101;QmnJ;1;"2021-10-28 00:00:00";16;3852;20;10;0;<FLG>
V6155621;V615562101;QmnJ;1;"2021-10-29 00:00:00";16;3736;20;10;0;<FLG>
V6155621;V615562101;QmnJ;1;"2021-10-30 00:00:00";16;3914;20;10;0;<FLG>
V6155621;V615562101;QmnJ;1;"2021-10-31 00:00:00";16;4198;20;10;0;<FLG>
V6155621;V615562101;QmnJ;1;"2021-11-01 00:00:00";16;10972;20;10;0;<FLG>
V6155621;V615562101;QmnJ;1;"2021-11-02 00:00:00";16;12411;20;10;0;<FLG>
V6155621;V615562101;QmnJ;1;"2021-11-03 00:00:00";16;13886;20;10;0;<FLG>
V6155621;V615562101;QmnJ;1;"2021-11-04 00:00:00";16;13493;20;10;0;<FLG>
V6155621;V615562101;QmnJ;1;"2021-11-05 00:00:00";16;12626;20;10;0;<FLG>
V6155621;V615562101;QmnJ;1;"2021-11-06 00:00:00";16;11641;20;10;0;<FLG>
V6155621;V615562101;QmnJ;1;"2021-11-07 00:00:00";16;11347;20;10;0;<FLG>
V6155621;V615562101;QmnJ;1;"2021-11-08 00:00:00";16;10778;20;10;0;<FLG>
V6155621;V615562101;QmnJ;1;"2021-11-09 00:00:00";16;9626;20;10;0;<FLG>
V6155621;V615562101;QmnJ;1;"2021-11-10 00:00:00";16;8816;20;10;0;<FLG>
V6155621;V615562101;QmnJ;1;"2021-11-11 00:00:00";16;8785;20;10;0;<FLG>
V6155621;V615562101;QmnJ;1;"2021-11-12 00:00:00";16;7896;20;10;0;<FLG>
V6155621;V615562101;QmnJ;1;"2021-11-13 00:00:00";16;7902;20;10;0;<FLG>
V6155621;V615562101;QmnJ;1;"2021-11-14 00:00:00";16;7614;20;10;0;<FLG>
V6155621;V615562101;QmnJ;1;"2021-11-15 00:00:00";16;8115;20;10;0;<FLG>
V6155621;V615562101;QmnJ;1;"2021-11-16 00:00:00";16;7535;20;10;0;<FLG>
V6155621;V615562101;QmnJ;1;"2021-11-17 00:00:00";16;7131;20;10;0;<FLG>
V6155621;V615562101;QmnJ;1;"2021-11-18 00:00:00";16;6921;20;10;0;<FLG>
V6155621;V615562101;QmnJ;1;"2021-11-19 00:00:00";16;6222;20;10;0;<FLG>
V6155621;V615562101;QmnJ;1;"2021-11-20 00:00:00";16;5748;20;10;0;<FLG>
V6155621;V615562101;QmnJ;1;"2021-11-21 00:00:00";16;5700;20;10;0;<FLG>
V6155621;V615562101;QmnJ;1;"2021-11-22 00:00:00";16;5664;20;10;0;<FLG>
V6155621;V615562101;QmnJ;1;"2021-11-23 00:00:00";16;5538;20;10;0;<FLG>
V6155621;V615562101;QmnJ;1;"2021-11-24 00:00:00";16;5535;20;10;0;<FLG>
V6155621;V615562101;QmnJ;1;"2021-11-25 00:00:00";16;7760;20;10;0;<FLG>
V6155621;V615562101;QmnJ;1;"2021-11-26 00:00:00";16;7174;20;10;0;<FLG>
V6155621;V615562101;QmnJ;1;"2021-11-27 00:00:00";16;7223;20;10;0;<FLG>
V6155621;V615562101;QmnJ;1;"2021-11-28 00:00:00";16;7018;20;10;0;<FLG>
V6155621;V615562101;QmnJ;1;"2021-11-29 00:00:00";16;6367;20;10;0;<FLG>
V6155621;V615562101;QmnJ;1;"2021-11-30 00:00:00";16;5104;20;10;0;<FLG>
V6155621;V615562101;QmnJ;1;"2021-12-01 00:00:00";16;4696;20;10;0;<FLG>
V6155621;V615562101;QmnJ;1;"2021-12-02 00:00:00";16;4595;20;10;0;<FLG>
V6155621;V615562101;QmnJ;1;"2021-12-03 00:00:00";16;4633;20;10;0;<FLG>
V6155621;V615562101;QmnJ;1;"2021-12-04 00:00:00";16;4775;20;10;0;<FLG>
V6155621;V615562101;QmnJ;1;"2021-12-05 00:00:00";16;4924;20;10;0;<FLG>
V6155621;V615562101;QmnJ;1;"2021-12-06 00:00:00";16;5725;20;10;0;<FLG>
V6155621;V615562101;QmnJ;1;"2021-12-07 00:00:00";16;6133;20;10;0;<FLG>
V6155621;V615562101;QmnJ;1;"2021-12-08 00:00:00";16;13582;20;10;0;<FLG>
V6155621;V615562101;QmnJ;1;"2021-12-09 00:00:00";16;16719;20;10;0;<FLG>
V6155621;V615562101;QmnJ;1;"2021-12-10 00:00:00";16;20638;20;10;0;<FLG>
V6155621;V615562101;QmnJ;1;"2021-12-11 00:00:00";16;19339;20;10;0;<FLG>
V6155621;V615562101;QmnJ;1;"2021-12-12 00:00:00";16;17735;20;10;0;<FLG>
V6155621;V615562101;QmnJ;1;"2021-12-13 00:00:00";16;13867;20;10;0;<FLG>
V6155621;V615562101;QmnJ;1;"2021-12-14 00:00:00";16;10617;20;10;0;<FLG>
V6155621;V615562101;QmnJ;1;"2021-12-15 00:00:00";16;9570;20;10;0;<FLG>
V6155621;V615562101;QmnJ;1;"2021-12-16 00:00:00";16;8961;20;10;0;<FLG>
V6155621;V615562101;QmnJ;1;"2021-12-17 00:00:00";16;8248;20;10;0;<FLG>
V6155621;V615562101;QmnJ;1;"2021-12-18 00:00:00";16;7497;20;10;0;<FLG>
V6155621;V615562101;QmnJ;1;"2021-12-19 00:00:00";16;7310;20;10;0;<FLG>
V6155621;V615562101;QmnJ;1;"2021-12-20 00:00:00";16;7297;20;10;0;<FLG>
V6155621;V615562101;QmnJ;1;"2021-12-21 00:00:00";16;6967;20;10;0;<FLG>
V6155621;V615562101;QmnJ;1;"2021-12-22 00:00:00";16;6756;20;10;0;<FLG>
V6155621;V615562101;QmnJ;1;"2021-12-23 00:00:00";16;6208;20;10;0;<FLG>
V6155621;V615562101;QmnJ;1;"2021-12-24 00:00:00";16;5959;20;10;0;<FLG>
V6155621;V615562101;QmnJ;1;"2021-12-25 00:00:00";16;7762;20;10;0;<FLG>
V6155621;V615562101;QmnJ;1;"2021-12-26 00:00:00";16;11864;20;10;0;<FLG>
V6155621;V615562101;QmnJ;1;"2021-12-27 00:00:00";16;16340;20;10;0;<FLG>
V6155621;V615562101;QmnJ;1;"2021-12-28 00:00:00";16;16902;20;10;0;<FLG>
V6155621;V615562101;QmnJ;1;"2021-12-29 00:00:00";16;16528;20;10;0;<FLG>
V6155621;V615562101;QmnJ;1;"2021-12-30 00:00:00";16;19263;20;10;0;<FLG>
V6155621;V615562101;QmnJ;1;"2021-12-31 00:00:00";16;20348;20;10;0;<FLG>
V6155621;V615562101;QmnJ;1;"2022-01-01 00:00:00";16;19153;20;10;0;<FLG>
V6155621;V615562101;QmnJ;1;"2022-01-02 00:00:00";16;17946;20;10;0;<FLG>
V6155621;V615562101;QmnJ;1;"2022-01-03 00:00:00";16;16498;20;10;0;<FLG>
V6155621;V615562101;QmnJ;1;"2022-01-04 00:00:00";16;16004;20;10;0;<FLG>
V6155621;V615562101;QmnJ;1;"2022-01-05 00:00:00";16;15729;20;10;0;<FLG>
V6155621;V615562101;QmnJ;1;"2022-01-06 00:00:00";16;15385;20;10;0;<FLG>
V6155621;V615562101;QmnJ;1;"2022-01-07 00:00:00";16;14483;20;10;0;<FLG>
V6155621;V615562101;QmnJ;1;"2022-01-08 00:00:00";16;13705;20;10;0;<FLG>
V6155621;V615562101;QmnJ;1;"2022-01-09 00:00:00";16;13266;20;10;0;<FLG>
V6155621;V615562101;QmnJ;1;"2022-01-10 00:00:00";16;12827;20;10;0;<FLG>
V6155621;V615562101;QmnJ;1;"2022-01-11 00:00:00";16;12334;20;10;0;<FLG>
V6155621;V615562101;QmnJ;1;"2022-01-12 00:00:00";16;11767;20;10;0;<FLG>
V6155621;V615562101;QmnJ;1;"2022-01-13 00:00:00";16;11299;20;10;0;<FLG>
V6155621;V615562101;QmnJ;1;"2022-01-14 00:00:00";16;10373;20;10;0;<FLG>
V6155621;V615562101;QmnJ;1;"2022-01-15 00:00:00";16;9763;20;10;0;<FLG>
V6155621;V615562101;QmnJ;1;"2022-01-16 00:00:00";16;9655;20;10;0;<FLG>
V6155621;V615562101;QmnJ;1;"2022-01-17 00:00:00";16;9054;20;10;0;<FLG>
V6155621;V615562101;QmnJ;1;"2022-01-18 00:00:00";16;8366;20;10;0;<FLG>
V6155621;V615562101;QmnJ;1;"2022-01-19 00:00:00";16;8005;20;10;0;<FLG>
V6155621;V615562101;QmnJ;1;"2022-01-20 00:00:00";16;7944;20;10;0;<FLG>
V6155621;V615562101;QmnJ;1;"2022-01-21 00:00:00";16;7539;20;10;0;<FLG>
V6155621;V615562101;QmnJ;1;"2022-01-22 00:00:00";16;7205;20;10;0;<FLG>
V6155621;V615562101;QmnJ;1;"2022-01-23 00:00:00";16;6390;20;10;0;<FLG>
V6155621;V615562101;QmnJ;1;"2022-01-24 00:00:00";16;6162;20;10;0;<FLG>
V6155621;V615562101;QmnJ;1;"2022-01-25 00:00:00";16;6056;20;10;0;<FLG>
V6155621;V615562101;QmnJ;1;"2022-01-26 00:00:00";16;5492;20;10;0;<FLG>
V6155621;V615562101;QmnJ;1;"2022-01-27 00:00:00";16;5173;20;10;0;<FLG>
V6155621;V615562101;QmnJ;1;"2022-01-28 00:00:00";16;4964;20;10;0;<FLG>
V6155621;V615562101;QmnJ;1;"2022-01-29 00:00:00";16;4641;20;10;0;<FLG>
V6155621;V615562101;QmnJ;1;"2022-01-30 00:00:00";16;4434;20;10;0;<FLG>
V6155621;V615562101;QmnJ;1;"2022-01-31 00:00:00";16;3933;20;10;0;<FLG>
V6155621;V615562101;QmnJ;1;"2022-02-01 00:00:00";16;3820;20;10;0;<FLG>
V6155621;V615562101;QmnJ;1;"2022-02-02 00:00:00";16;3753;20;10;0;<FLG>
V6155621;V615562101;QmnJ;1;"2022-02-03 00:00:00";16;3661;20;10;0;<FLG>
V6155621;V615562101;QmnJ;1;"2022-02-04 00:00:00";16;3581;20;10;0;<FLG>
V6155621;V615562101;QmnJ;1;"2022-02-05 00:00:00";16;3601;20;10;0;<FLG>
V6155621;V615562101;QmnJ;1;"2022-02-06 00:00:00";16;3570;20;10;0;<FLG>
V6155621;V615562101;QmnJ;1;"2022-02-07 00:00:00";16;3606;20;10;0;<FLG>
V6155621;V615562101;QmnJ;1;"2022-02-08 00:00:00";16;3996;20;10;0;<FLG>
V6155621;V615562101;QmnJ;1;"2022-02-09 00:00:00";16;3788;20;10;0;<FLG>
V6155621;V615562101;QmnJ;1;"2022-02-10 00:00:00";16;3979;20;10;0;<FLG>
V6155621;V615562101;QmnJ;1;"2022-02-11 00:00:00";16;5344;20;10;0;<FLG>
V6155621;V615562101;QmnJ;1;"2022-02-12 00:00:00";16;5440;20;10;0;<FLG>
V6155621;V615562101;QmnJ;1;"2022-02-13 00:00:00";16;5229;20;10;0;<FLG>
V6155621;V615562101;QmnJ;1;"2022-02-14 00:00:00";16;6850;20;10;0;<FLG>
V6155621;V615562101;QmnJ;1;"2022-02-15 00:00:00";16;6533;20;10;0;<FLG>
V6155621;V615562101;QmnJ;1;"2022-02-16 00:00:00";16;5896;20;10;0;<FLG>
V6155621;V615562101;QmnJ;1;"2022-02-17 00:00:00";16;5241;20;10;0;<FLG>
V6155621;V615562101;QmnJ;1;"2022-02-18 00:00:00";16;5322;20;10;0;<FLG>
V6155621;V615562101;QmnJ;1;"2022-02-19 00:00:00";16;5951;20;10;0;<FLG>
V6155621;V615562101;QmnJ;1;"2022-02-20 00:00:00";16;6377;20;10;0;<FLG>
V6155621;V615562101;QmnJ;1;"2022-02-21 00:00:00";16;5652;20;10;0;<FLG>
V6155621;V615562101;QmnJ;1;"2022-02-22 00:00:00";16;6139;20;10;0;<FLG>
V6155621;V615562101;QmnJ;1;"2022-02-23 00:00:00";16;6658;20;10;0;<FLG>
V6155621;V615562101;QmnJ;1;"2022-02-24 00:00:00";16;7473;20;10;0;<FLG>
V6155621;V615562101;QmnJ;1;"2022-02-25 00:00:00";16;7549;20;10;0;<FLG>
V6155621;V615562101;QmnJ;1;"2022-02-26 00:00:00";16;7413;20;10;0;<FLG>
V6155621;V615562101;QmnJ;1;"2022-02-27 00:00:00";16;7076;20;10;0;<FLG>
V6155621;V615562101;QmnJ;1;"2022-02-28 00:00:00";16;7034;20;10;0;<FLG>
V6155621;V615562101;QmnJ;1;"2022-03-01 00:00:00";16;6864;20;10;0;<FLG>
V6155621;V615562101;QmnJ;1;"2022-03-02 00:00:00";16;6682;20;10;0;<FLG>
V6155621;V615562101;QmnJ;1;"2022-03-03 00:00:00";16;6762;20;10;0;<FLG>
V6155621;V615562101;QmnJ;1;"2022-03-04 00:00:00";16;6725;20;10;0;<FLG>
V6155621;V615562101;QmnJ;1;"2022-03-05 00:00:00";16;6707;20;10;0;<FLG>
V6155621;V615562101;QmnJ;1;"2022-03-06 00:00:00";16;6704;20;10;0;<FLG>
V6155621;V615562101;QmnJ;1;"2022-03-07 00:00:00";16;6676;20;10;0;<FLG>
V6155621;V615562101;QmnJ;1;"2022-03-08 00:00:00";16;6678;20;10;0;<FLG>
V6155621;V615562101;QmnJ;1;"2022-03-09 00:00:00";16;6470;20;10;0;<FLG>
V6155621;V615562101;QmnJ;1;"2022-03-10 00:00:00";16;6191;20;10;0;<FLG>
V6155621;V615562101;QmnJ;1;"2022-03-11 00:00:00";16;6163;20;10;0;<FLG>
V6155621;V615562101;QmnJ;1;"2022-03-12 00:00:00";16;5312;20;10;0;<FLG>
V6155621;V615562101;QmnJ;1;"2022-03-13 00:00:00";16;4752;20;10;0;<FLG>
V6155621;V615562101;QmnJ;1;"2022-03-14 00:00:00";16;4177;20;10;0;<FLG>
V6155621;V615562101;QmnJ;1;"2022-03-15 00:00:00";16;3675;20;10;0;<FLG>
V6155621;V615562101;QmnJ;1;"2022-03-16 00:00:00";16;3680;20;10;0;<FLG>
V6155621;V615562101;QmnJ;1;"2022-03-17 00:00:00";16;3726;20;10;0;<FLG>
V6155621;V615562101;QmnJ;1;"2022-03-18 00:00:00";16;3804;20;10;0;<FLG>
V6155621;V615562101;QmnJ;1;"2022-03-19 00:00:00";16;3727;20;10;0;<FLG>
V6155621;V615562101;QmnJ;1;"2022-03-20 00:00:00";16;3841;20;10;0;<FLG>
V6155621;V615562101;QmnJ;1;"2022-03-21 00:00:00";16;3762;20;10;0;<FLG>
V6155621;V615562101;QmnJ;1;"2022-03-22 00:00:00";16;3717;20;10;0;<FLG>
V6155621;V615562101;QmnJ;1;"2022-03-23 00:00:00";16;3721;20;10;0;<FLG>
V6155621;V615562101;QmnJ;1;"2022-03-24 00:00:00";16;3695;20;10;0;<FLG>
V6155621;V615562101;QmnJ;1;"2022-03-25 00:00:00";16;3656;20;10;0;<FLG>
V6155621;V615562101;QmnJ;1;"2022-03-26 00:00:00";16;3614;20;10;0;<FLG>
V6155621;V615562101;QmnJ;1;"2022-03-27 00:00:00";16;3604;20;10;0;<FLG>
V6155621;V615562101;QmnJ;1;"2022-03-28 00:00:00";16;3597;20;10;0;<FLG>
V6155621;V615562101;QmnJ;1;"2022-03-29 00:00:00";16;3522;20;10;0;<FLG>
V6155621;V615562101;QmnJ;1;"2022-03-30 00:00:00";16;3693;20;10;0;<FLG>
V6155621;V615562101;QmnJ;1;"2022-03-31 00:00:00";16;3663;20;10;0;<FLG>
V6155621;V615562101;QmnJ;1;"2022-04-01 00:00:00";16;3790;20;10;0;<FLG>
V6155621;V615562101;QmnJ;1;"2022-04-02 00:00:00";16;3865;20;10;0;<FLG>
V6155621;V615562101;QmnJ;1;"2022-04-03 00:00:00";16;3846;20;10;0;<FLG>
V6155621;V615562101;QmnJ;1;"2022-04-04 00:00:00";16;3782;20;10;0;<FLG>
V6155621;V615562101;QmnJ;1;"2022-04-05 00:00:00";16;3686;20;10;0;<FLG>
V6155621;V615562101;QmnJ;1;"2022-04-06 00:00:00";16;3556;20;10;0;<FLG>
V6155621;V615562101;QmnJ;1;"2022-04-07 00:00:00";16;3469;20;10;0;<FLG>
V6155621;V615562101;QmnJ;1;"2022-04-08 00:00:00";16;3563;20;10;0;<FLG>
V6155621;V615562101;QmnJ;1;"2022-04-09 00:00:00";16;3625;20;10;0;<FLG>
V6155621;V615562101;QmnJ;1;"2022-04-10 00:00:00";16;3607;20;10;0;<FLG>
V6155621;V615562101;QmnJ;1;"2022-04-11 00:00:00";16;3622;20;10;0;<FLG>
V6155621;V615562101;QmnJ;1;"2022-04-12 00:00:00";16;3550;20;10;0;<FLG>
V6155621;V615562101;QmnJ;1;"2022-04-13 00:00:00";16;3475;20;10;0;<FLG>
V6155621;V615562101;QmnJ;1;"2022-04-14 00:00:00";16;3486;20;10;0;<FLG>
V6155621;V615562101;QmnJ;1;"2022-04-15 00:00:00";16;3445;20;10;0;<FLG>
V6155621;V615562101;QmnJ;1;"2022-04-16 00:00:00";16;3421;20;10;0;<FLG>
V6155621;V615562101;QmnJ;1;"2022-04-17 00:00:00";16;3399;20;10;0;<FLG>
V6155621;V615562101;QmnJ;1;"2022-04-18 00:00:00";16;3407;20;10;0;<FLG>
V6155621;V615562101;QmnJ;1;"2022-04-19 00:00:00";16;3541;20;10;0;<FLG>
V6155621;V615562101;QmnJ;1;"2022-04-20 00:00:00";16;3670;20;10;0;<FLG>
V6155621;V615562101;QmnJ;1;"2022-04-21 00:00:00";16;3791;20;10;0;<FLG>
V6155621;V615562101;QmnJ;1;"2022-04-22 00:00:00";16;3849;20;10;0;<FLG>
V6155621;V615562101;QmnJ;1;"2022-04-23 00:00:00";16;5131;20;10;0;<FLG>
V6155621;V615562101;QmnJ;1;"2022-04-24 00:00:00";16;7993;20;10;0;<FLG>
V6155621;V615562101;QmnJ;1;"2022-04-25 00:00:00";16;13723;20;10;0;<FLG>
V6155621;V615562101;QmnJ;1;"2022-04-26 00:00:00";16;15542;20;10;0;<FLG>
V6155621;V615562101;QmnJ;1;"2022-04-27 00:00:00";16;15037;20;10;0;<FLG>
V6155621;V615562101;QmnJ;1;"2022-04-28 00:00:00";16;14465;20;10;0;<FLG>
V6155621;V615562101;QmnJ;1;"2022-04-29 00:00:00";16;13479;20;10;0;<FLG>
V6155621;V615562101;QmnJ;1;"2022-04-30 00:00:00";16;12530;20;10;0;<FLG>
V6155621;V615562101;QmnJ;1;"2022-05-01 00:00:00";16;11863;20;10;0;<FLG>
V6155621;V615562101;QmnJ;1;"2022-05-02 00:00:00";16;10764;20;10;0;<FLG>
V6155621;V615562101;QmnJ;1;"2022-05-03 00:00:00";16;10338;20;10;0;<FLG>
V6155621;V615562101;QmnJ;1;"2022-05-04 00:00:00";16;9999;20;10;0;<FLG>
V6155621;V615562101;QmnJ;1;"2022-05-05 00:00:00";16;9744;20;10;0;<FLG>
V6155621;V615562101;QmnJ;1;"2022-05-06 00:00:00";16;9148;20;10;0;<FLG>
V6155621;V615562101;QmnJ;1;"2022-05-07 00:00:00";16;8319;20;10;0;<FLG>
V6155621;V615562101;QmnJ;1;"2022-05-08 00:00:00";16;7994;20;10;0;<FLG>
V6155621;V615562101;QmnJ;1;"2022-05-09 00:00:00";16;8817;20;10;0;<FLG>
V6155621;V615562101;QmnJ;1;"2022-05-10 00:00:00";16;10083;20;10;0;<FLG>
V6155621;V615562101;QmnJ;1;"2022-05-11 00:00:00";16;10610;20;10;0;<FLG>
V6155621;V615562101;QmnJ;1;"2022-05-12 00:00:00";16;10152;20;10;0;<FLG>
V6155621;V615562101;QmnJ;1;"2022-05-13 00:00:00";16;9658;20;10;0;<FLG>
V6155621;V615562101;QmnJ;1;"2022-05-14 00:00:00";16;9247;20;10;0;<FLG>
V6155621;V615562101;QmnJ;1;"2022-05-15 00:00:00";16;8809;20;10;0;<FLG>
V6155621;V615562101;QmnJ;1;"2022-05-16 00:00:00";16;8424;20;10;0;<FLG>
V6155621;V615562101;QmnJ;1;"2022-05-17 00:00:00";16;7912;20;10;0;<FLG>
V6155621;V615562101;QmnJ;1;"2022-05-18 00:00:00";16;7109;20;10;0;<FLG>
V6155621;V615562101;QmnJ;1;"2022-05-19 00:00:00";16;6919;20;10;0;<FLG>
V6155621;V615562101;QmnJ;1;"2022-05-20 00:00:00";16;6527;20;10;0;<FLG>
V6155621;V615562101;QmnJ;1;"2022-05-21 00:00:00";16;6313;20;10;0;<FLG>
V6155621;V615562101;QmnJ;1;"2022-05-22 00:00:00";16;5964;20;10;0;<FLG>
V6155621;V615562101;QmnJ;1;"2022-05-23 00:00:00";16;5716;20;10;0;<FLG>
V6155621;V615562101;QmnJ;1;"2022-05-24 00:00:00";16;5667;20;10;0;<FLG>
V6155621;V615562101;QmnJ;1;"2022-05-25 00:00:00";16;5976;20;10;0;<FLG>
V6155621;V615562101;QmnJ;1;"2022-05-26 00:00:00";16;5439;20;10;0;<FLG>
V6155621;V615562101;QmnJ;1;"2022-05-27 00:00:00";16;5088;20;10;0;<FLG>
V6155621;V615562101;QmnJ;1;"2022-05-28 00:00:00";16;5000;20;10;0;<FLG>
V6155621;V615562101;QmnJ;1;"2022-05-29 00:00:00";16;5178;20;10;0;<FLG>
V6155621;V615562101;QmnJ;1;"2022-05-30 00:00:00";16;4625;20;10;0;<FLG>
V6155621;V615562101;QmnJ;1;"2022-05-31 00:00:00";16;4400;20;10;0;<FLG>
V6155621;V615562101;QmnJ;1;"2022-06-01 00:00:00";16;4182;20;10;0;<FLG>
V6155621;V615562101;QmnJ;1;"2022-06-02 00:00:00";16;4029;20;10;0;<FLG>
V6155621;V615562101;QmnJ;1;"2022-06-03 00:00:00";16;3816;20;10;0;<FLG>
V6155621;V615562101;QmnJ;1;"2022-06-04 00:00:00";16;3838;20;10;0;<FLG>
V6155621;V615562101;QmnJ;1;"2022-06-05 00:00:00";16;4146;20;10;0;<FLG>
V6155621;V615562101;QmnJ;1;"2022-06-06 00:00:00";16;4466;20;10;0;<FLG>
V6155621;V615562101;QmnJ;1;"2022-06-07 00:00:00";16;4206;20;10;0;<FLG>
V6155621;V615562101;QmnJ;1;"2022-06-08 00:00:00";16;4360;20;10;0;<FLG>
V6155621;V615562101;QmnJ;1;"2022-06-09 00:00:00";16;4314;20;10;0;<FLG>
V6155621;V615562101;QmnJ;1;"2022-06-10 00:00:00";16;4294;20;10;0;<FLG>
V6155621;V615562101;QmnJ;1;"2022-06-11 00:00:00";16;4010;20;10;0;<FLG>
V6155621;V615562101;QmnJ;1;"2022-06-12 00:00:00";16;3746;20;10;0;<FLG>
V6155621;V615562101;QmnJ;1;"2022-06-13 00:00:00";16;3703;20;10;0;<FLG>
V6155621;V615562101;QmnJ;1;"2022-06-14 00:00:00";16;3693;20;10;0;<FLG>
V6155621;V615562101;QmnJ;1;"2022-06-15 00:00:00";16;3554;20;10;0;<FLG>
V6155621;V615562101;QmnJ;1;"2022-06-16 00:00:00";16;3551;20;10;0;<FLG>
V6155621;V615562101;QmnJ;1;"2022-06-17 00:00:00";16;3518;20;10;0;<FLG>
V6155621;V615562101;QmnJ;1;"2022-06-18 00:00:00";16;3390;20;10;0;<FLG>
V6155621;V615562101;QmnJ;1;"2022-06-19 00:00:00";16;3420;20;10;0;<FLG>
V6155621;V615562101;QmnJ;1;"2022-06-20 00:00:00";16;3489;20;10;0;<FLG>
V6155621;V615562101;QmnJ;1;"2022-06-21 00:00:00";16;3491;20;10;0;<FLG>
V6155621;V615562101;QmnJ;1;"2022-06-22 00:00:00";16;3758;20;10;0;<FLG>
V6155621;V615562101;QmnJ;1;"2022-06-23 00:00:00";16;3815;20;10;0;<FLG>
V6155621;V615562101;QmnJ;1;"2022-06-24 00:00:00";16;4899;20;10;0;<FLG>
V6155621;V615562101;QmnJ;1;"2022-06-25 00:00:00";16;3861;20;10;0;<FLG>
V6155621;V615562101;QmnJ;1;"2022-06-26 00:00:00";16;3748;20;10;0;<FLG>
V6155621;V615562101;QmnJ;1;"2022-06-27 00:00:00";16;3565;20;10;0;<FLG>
V6155621;V615562101;QmnJ;1;"2022-06-28 00:00:00";16;3664;20;10;0;<FLG>
V6155621;V615562101;QmnJ;1;"2022-06-29 00:00:00";16;3415;20;10;0;<FLG>
V6155621;V615562101;QmnJ;1;"2022-06-30 00:00:00";16;3382;20;10;0;<FLG>
V6155621;V615562101;QmnJ;1;"2022-07-01 00:00:00";16;3439;20;10;0;<FLG>
V6155621;V615562101;QmnJ;1;"2022-07-02 00:00:00";16;3440;20;10;0;<FLG>
V6155621;V615562101;QmnJ;1;"2022-07-03 00:00:00";16;3359;20;10;0;<FLG>
V6155621;V615562101;QmnJ;1;"2022-07-04 00:00:00";16;3306;20;10;0;<FLG>
V6155621;V615562101;QmnJ;1;"2022-07-05 00:00:00";16;3337;20;10;0;<FLG>
V6155621;V615562101;QmnJ;1;"2022-07-06 00:00:00";16;3265;20;10;0;<FLG>
V6155621;V615562101;QmnJ;1;"2022-07-07 00:00:00";16;3368;20;10;0;<FLG>
V6155621;V615562101;QmnJ;1;"2022-07-08 00:00:00";16;3259;20;10;0;<FLG>
V6155621;V615562101;QmnJ;1;"2022-07-09 00:00:00";16;3280;20;10;0;<FLG>
V6155621;V615562101;QmnJ;1;"2022-07-10 00:00:00";16;3269;20;10;0;<FLG>
V6155621;V615562101;QmnJ;1;"2022-07-11 00:00:00";16;3047;20;10;0;<FLG>
V6155621;V615562101;QmnJ;1;"2022-07-12 00:00:00";16;3080;20;10;0;<FLG>
V6155621;V615562101;QmnJ;1;"2022-07-13 00:00:00";16;2988;20;10;0;<FLG>
V6155621;V615562101;QmnJ;1;"2022-07-14 00:00:00";16;2932;20;10;0;<FLG>
V6155621;V615562101;QmnJ;1;"2022-07-15 00:00:00";16;2832;20;10;0;<FLG>
V6155621;V615562101;QmnJ;1;"2022-07-16 00:00:00";16;2813;20;10;0;<FLG>
V6155621;V615562101;QmnJ;1;"2022-07-17 00:00:00";16;2846;20;10;0;<FLG>
V6155621;V615562101;QmnJ;1;"2022-07-18 00:00:00";16;2648;20;10;0;<FLG>
V6155621;V615562101;QmnJ;1;"2022-07-19 00:00:00";16;2490;20;10;0;<FLG>
V6155621;V615562101;QmnJ;1;"2022-07-20 00:00:00";16;2407;20;10;0;<FLG>
V6155621;V615562101;QmnJ;1;"2022-07-21 00:00:00";16;2372;20;10;0;<FLG>
V6155621;V615562101;QmnJ;1;"2022-07-22 00:00:00";16;2283;20;10;0;<FLG>
V6155621;V615562101;QmnJ;1;"2022-07-23 00:00:00";16;2194;20;10;0;<FLG>
V6155621;V615562101;QmnJ;1;"2022-07-24 00:00:00";16;2373;20;10;0;<FLG>
V6155621;V615562101;QmnJ;1;"2022-07-25 00:00:00";16;2362;20;10;0;<FLG>
V6155621;V615562101;QmnJ;1;"2022-07-26 00:00:00";16;2347;20;10;0;<FLG>
V6155621;V615562101;QmnJ;1;"2022-07-27 00:00:00";16;2333;20;10;0;<FLG>
V6155621;V615562101;QmnJ;1;"2022-07-28 00:00:00";16;2310;20;10;0;<FLG>
V6155621;V615562101;QmnJ;1;"2022-07-29 00:00:00";16;2392;20;10;0;<FLG>
V6155621;V615562101;QmnJ;1;"2022-07-30 00:00:00";16;2469;20;10;0;<FLG>
V6155621;V615562101;QmnJ;1;"2022-07-31 00:00:00";16;2453;20;10;0;<FLG>
V6155621;V615562101;QmnJ;1;"2022-08-01 00:00:00";16;2406;20;10;0;<FLG>
V6155621;V615562101;QmnJ;1;"2022-08-02 00:00:00";16;2324;20;10;0;<FLG>
V6155621;V615562101;QmnJ;1;"2022-08-03 00:00:00";16;2318;20;10;0;<FLG>
V6155621;V615562101;QmnJ;1;"2022-08-04 00:00:00";16;2312;20;10;0;<FLG>
V6155621;V615562101;QmnJ;1;"2022-08-05 00:00:00";16;2306;20;10;0;<FLG>
V6155621;V615562101;QmnJ;1;"2022-08-06 00:00:00";16;2300;20;10;0;<FLG>
V6155621;V615562101;QmnJ;1;"2022-08-07 00:00:00";16;2321;20;10;0;<FLG>
V6155621;V615562101;QmnJ;1;"2022-08-08 00:00:00";16;2410;20;10;0;<FLG>
V6155621;V615562101;QmnJ;1;"2022-08-09 00:00:00";16;2461;20;10;0;<FLG>
V6155621;V615562101;QmnJ;1;"2022-08-10 00:00:00";16;2483;20;10;0;<FLG>
V6155621;V615562101;QmnJ;1;"2022-08-11 00:00:00";16;2524;20;10;0;<FLG>
V6155621;V615562101;QmnJ;1;"2022-08-12 00:00:00";16;2761;20;10;0;<FLG>
V6155621;V615562101;QmnJ;1;"2022-08-13 00:00:00";16;2997;20;10;0;<FLG>
V6155621;V615562101;QmnJ;1;"2022-08-14 00:00:00";16;3234;20;10;0;<FLG>
V6155621;V615562101;QmnJ;1;"2022-08-15 00:00:00";16;3785;20;10;0;<FLG>
V6155621;V615562101;QmnJ;1;"2022-08-16 00:00:00";16;3462;20;10;0;<FLG>
V6155621;V615562101;QmnJ;1;"2022-08-17 00:00:00";16;3852;20;10;0;<FLG>
V6155621;V615562101;QmnJ;1;"2022-08-18 00:00:00";16;5334;20;10;0;<FLG>
V6155621;V615562101;QmnJ;1;"2022-08-19 00:00:00";16;3093;20;10;0;<FLG>
V6155621;V615562101;QmnJ;1;"2022-08-20 00:00:00";16;2975;20;10;0;<FLG>
V6155621;V615562101;QmnJ;1;"2022-08-21 00:00:00";16;2825;20;10;0;<FLG>
V6155621;V615562101;QmnJ;1;"2022-08-22 00:00:00";16;2709;20;10;0;<FLG>
V6155621;V615562101;QmnJ;1;"2022-08-23 00:00:00";16;2704;20;10;0;<FLG>
V6155621;V615562101;QmnJ;1;"2022-09-09 00:00:00";16;3659;20;10;4;<FLG>
V6155621;V615562101;QmnJ;1;"2022-09-10 00:00:00";16;3258;20;10;0;<FLG>
V6155621;V615562101;QmnJ;1;"2022-09-11 00:00:00";16;3329;20;10;0;<FLG>
V6155621;V615562101;QmnJ;1;"2022-09-12 00:00:00";16;3399;20;10;0;<FLG>
V6155621;V615562101;QmnJ;1;"2022-09-13 00:00:00";16;3523;20;10;0;<FLG>
V6155621;V615562101;QmnJ;1;"2022-09-14 00:00:00";16;3941;20;10;0;<FLG>
V6155621;V615562101;QmnJ;1;"2022-09-15 00:00:00";16;3686;20;10;0;<FLG>
V6155621;V615562101;QmnJ;1;"2022-09-16 00:00:00";16;3475;20;10;0;<FLG>
V6155621;V615562101;QmnJ;1;"2022-09-17 00:00:00";16;3709;20;10;0;<FLG>
V6155621;V615562101;QmnJ;1;"2022-09-18 00:00:00";16;3919;20;10;0;<FLG>
V6155621;V615562101;QmnJ;1;"2022-09-19 00:00:00";16;3486;20;10;0;<FLG>
V6155621;V615562101;QmnJ;1;"2022-09-20 00:00:00";16;3208;20;10;0;<FLG>
V6155621;V615562101;QmnJ;1;"2022-09-21 00:00:00";16;3409;20;10;0;<FLG>
V6155621;V615562101;QmnJ;1;"2022-09-22 00:00:00";16;3414;20;10;0;<FLG>
V6155621;V615562101;QmnJ;1;"2022-09-23 00:00:00";16;3333;20;10;0;<FLG>
V6155621;V615562101;QmnJ;1;"2022-09-24 00:00:00";16;7535;20;10;0;<FLG>
V6155621;V615562101;QmnJ;1;"2022-09-25 00:00:00";16;4502;20;10;0;<FLG>
V6155621;V615562101;QmnJ;1;"2022-09-26 00:00:00";16;3993;20;10;0;<FLG>
V6155621;V615562101;QmnJ;1;"2022-09-27 00:00:00";16;3917;20;10;0;<FLG>
V6155621;V615562101;QmnJ;1;"2022-09-28 00:00:00";16;3865;20;10;0;<FLG>
V6155621;V615562101;QmnJ;1;"2022-09-29 00:00:00";16;3782;20;10;0;<FLG>
V6155621;V615562101;QmnJ;1;"2022-09-30 00:00:00";16;3710;20;10;0;<FLG>
V6155621;V615562101;QmnJ;1;"2022-10-01 00:00:00";16;3675;20;10;0;<FLG>
V6155621;V615562101;QmnJ;1;"2022-10-02 00:00:00";16;3597;20;10;0;<FLG>
V6155621;V615562101;QmnJ;1;"2022-10-03 00:00:00";16;3558;20;10;0;<FLG>
V6155621;V615562101;QmnJ;1;"2022-10-04 00:00:00";16;3498;20;10;0;<FLG>
V6155621;V615562101;QmnJ;1;"2022-10-05 00:00:00";16;3473;20;10;0;<FLG>
V6155621;V615562101;QmnJ;1;"2022-10-06 00:00:00";16;3530;20;10;0;<FLG>
V6155621;V615562101;QmnJ;1;"2022-10-07 00:00:00";16;3425;20;10;0;<FLG>
V6155621;V615562101;QmnJ;1;"2022-10-08 00:00:00";16;3493;20;10;0;<FLG>
V6155621;V615562101;QmnJ;1;"2022-10-09 00:00:00";16;3703;20;10;0;<FLG>
V6155621;V615562101;QmnJ;1;"2022-10-10 00:00:00";16;3872;20;10;0;<FLG>
V6155621;V615562101;QmnJ;1;"2022-10-11 00:00:00";16;3695;20;10;0;<FLG>
V6155621;V615562101;QmnJ;1;"2022-10-12 00:00:00";16;3614;20;10;0;<FLG>
V6155621;V615562101;QmnJ;1;"2022-10-13 00:00:00";16;3241;20;10;0;<FLG>
V6155621;V615562101;QmnJ;1;"2022-10-14 00:00:00";16;2846;20;10;0;<FLG>
V6155621;V615562101;QmnJ;1;"2022-10-15 00:00:00";16;2805;20;10;0;<FLG>
V6155621;V615562101;QmnJ;1;"2022-10-16 00:00:00";16;2799;20;10;0;<FLG>
V6155621;V615562101;QmnJ;1;"2022-10-17 00:00:00";16;2893;20;10;0;<FLG>
V6155621;V615562101;QmnJ;1;"2022-10-18 00:00:00";16;2991;20;10;0;<FLG>
V6155621;V615562101;QmnJ;1;"2022-10-19 00:00:00";16;3019;20;10;0;<FLG>
V6155621;V615562101;QmnJ;1;"2022-10-20 00:00:00";16;3017;20;10;0;<FLG>
V6155621;V615562101;QmnJ;1;"2022-10-21 00:00:00";16;3022;20;10;0;<FLG>
V6155621;V615562101;QmnJ;1;"2022-10-22 00:00:00";16;3008;20;10;0;<FLG>
V6155621;V615562101;QmnJ;1;"2022-10-23 00:00:00";16;3083;20;10;0;<FLG>
V6155621;V615562101;QmnJ;1;"2022-10-24 00:00:00";16;3092;20;10;0;<FLG>
V6155621;V615562101;QmnJ;1;"2022-10-25 00:00:00";16;3061;20;10;0;<FLG>
V6155621;V615562101;QmnJ;1;"2022-10-26 00:00:00";16;3103;20;10;0;<FLG>
V6155621;V615562101;QmnJ;1;"2022-10-27 00:00:00";16;2996;20;10;0;<FLG>
V6155621;V615562101;QmnJ;1;"2022-10-28 00:00:00";16;2983;20;10;0;<FLG>
V6155621;V615562101;QmnJ;1;"2022-10-29 00:00:00";16;2976;20;10;0;<FLG>
V6155621;V615562101;QmnJ;1;"2022-10-30 00:00:00";16;3055;20;10;0;<FLG>
V6155621;V615562101;QmnJ;1;"2022-10-31 00:00:00";16;3070;20;10;0;<FLG>
V6155621;V615562101;QmnJ;1;"2022-11-01 00:00:00";16;12204;20;10;0;<FLG>
V6155621;V615562101;QmnJ;1;"2022-11-02 00:00:00";16;4010;20;10;0;<FLG>
V6155621;V615562101;QmnJ;1;"2022-11-03 00:00:00";16;5479;20;10;0;<FLG>
V6155621;V615562101;QmnJ;1;"2022-11-04 00:00:00";16;7436;20;10;0;<FLG>
V6155621;V615562101;QmnJ;1;"2022-11-05 00:00:00";16;6804;20;10;0;<FLG>
V6155621;V615562101;QmnJ;1;"2022-11-06 00:00:00";16;6308;20;10;0;<FLG>
V6155621;V615562101;QmnJ;1;"2022-11-07 00:00:00";16;5387;20;10;0;<FLG>
V6155621;V615562101;QmnJ;1;"2022-11-08 00:00:00";16;4730;20;10;0;<FLG>
V6155621;V615562101;QmnJ;1;"2022-11-09 00:00:00";16;8965;20;10;0;<FLG>
V6155621;V615562101;QmnJ;1;"2022-11-10 00:00:00";16;10544;20;10;0;<FLG>
V6155621;V615562101;QmnJ;1;"2022-11-11 00:00:00";16;7012;20;10;0;<FLG>
V6155621;V615562101;QmnJ;1;"2022-11-12 00:00:00";16;6583;20;10;0;<FLG>
V6155621;V615562101;QmnJ;1;"2022-11-13 00:00:00";16;5850;20;10;0;<FLG>
V6155621;V615562101;QmnJ;1;"2022-11-14 00:00:00";16;5948;20;10;0;<FLG>
V6155621;V615562101;QmnJ;1;"2022-11-15 00:00:00";16;5890;20;10;0;<FLG>
V6155621;V615562101;QmnJ;1;"2022-11-16 00:00:00";16;8245;20;10;0;<FLG>
V6155621;V615562101;QmnJ;1;"2022-11-17 00:00:00";16;5859;20;10;0;<FLG>
V6155621;V615562101;QmnJ;1;"2022-11-18 00:00:00";16;6155;20;10;0;<FLG>
V6155621;V615562101;QmnJ;1;"2022-11-19 00:00:00";16;6161;20;10;0;<FLG>
V6155621;V615562101;QmnJ;1;"2022-11-20 00:00:00";16;6117;20;10;0;<FLG>
V6155621;V615562101;QmnJ;1;"2022-11-21 00:00:00";16;5634;20;10;0;<FLG>
V6155621;V615562101;QmnJ;1;"2022-11-22 00:00:00";16;6237;20;10;0;<FLG>
V6155621;V615562101;QmnJ;1;"2022-11-23 00:00:00";16;4544;20;10;0;<FLG>
V6155621;V615562101;QmnJ;1;"2022-11-24 00:00:00";16;4542;20;10;0;<FLG>
V6155621;V615562101;QmnJ;1;"2022-11-25 00:00:00";16;4344;20;10;0;<FLG>
V6155621;V615562101;QmnJ;1;"2022-11-26 00:00:00";16;4766;20;10;0;<FLG>
V6155621;V615562101;QmnJ;1;"2022-11-27 00:00:00";16;4628;20;10;0;<FLG>
V6155621;V615562101;QmnJ;1;"2022-11-28 00:00:00";16;6747;20;10;0;<FLG>
V6155621;V615562101;QmnJ;1;"2022-11-29 00:00:00";16;8194;20;10;0;<FLG>
V6155621;V615562101;QmnJ;1;"2022-11-30 00:00:00";16;7658;20;10;0;<FLG>
V6155621;V615562101;QmnJ;1;"2022-12-01 00:00:00";16;7131;20;10;0;<FLG>
V6155621;V615562101;QmnJ;1;"2022-12-02 00:00:00";16;6296;20;10;0;<FLG>
V6155621;V615562101;QmnJ;1;"2022-12-03 00:00:00";16;6479;20;10;0;<FLG>
V6155621;V615562101;QmnJ;1;"2022-12-04 00:00:00";16;19611;20;10;0;<FLG>
V6155621;V615562101;QmnJ;1;"2022-12-05 00:00:00";16;27324;20;10;0;<FLG>
V6155621;V615562101;QmnJ;1;"2022-12-06 00:00:00";16;25625;20;10;0;<FLG>
V6155621;V615562101;QmnJ;1;"2022-12-07 00:00:00";16;25275;20;10;0;<FLG>
V6155621;V615562101;QmnJ;1;"2022-12-08 00:00:00";16;23078;20;10;0;<FLG>
V6155621;V615562101;QmnJ;1;"2022-12-10 00:00:00";16;39448;20;10;8;<FLG>
V6155621;V615562101;QmnJ;1;"2022-12-11 00:00:00";16;41631;20;10;0;<FLG>
V6155621;V615562101;QmnJ;1;"2022-12-12 00:00:00";16;38154;20;10;0;<FLG>
V6155621;V615562101;QmnJ;1;"2022-12-13 00:00:00";16;35851;20;10;0;<FLG>
V6155621;V615562101;QmnJ;1;"2022-12-14 00:00:00";16;36306;20;10;0;<FLG>
V6155621;V615562101;QmnJ;1;"2022-12-17 00:00:00";16;76024;20;10;8;<FLG>
V6155621;V615562101;QmnJ;1;"2022-12-18 00:00:00";16;62490;20;10;0;<FLG>
V6155621;V615562101;QmnJ;1;"2022-12-19 00:00:00";16;55451;20;10;0;<FLG>
V6155621;V615562101;QmnJ;1;"2022-12-20 00:00:00";16;51608;20;10;0;<FLG>
V6155621;V615562101;QmnJ;1;"2022-12-21 00:00:00";16;48780;20;10;0;<FLG>
V6155621;V615562101;QmnJ;1;"2022-12-22 00:00:00";16;43324;20;10;0;<FLG>
V6155621;V615562101;QmnJ;1;"2022-12-23 00:00:00";16;38632;20;10;0;<FLG>
V6155621;V615562101;QmnJ;1;"2022-12-24 00:00:00";16;36066;20;10;0;<FLG>
V6155621;V615562101;QmnJ;1;"2022-12-25 00:00:00";16;33517;20;10;0;<FLG>
V6155621;V615562101;QmnJ;1;"2022-12-26 00:00:00";16;30578;20;10;0;<FLG>
V6155621;V615562101;QmnJ;1;"2022-12-27 00:00:00";16;27133;20;10;0;<FLG>
V6155621;V615562101;QmnJ;1;"2022-12-28 00:00:00";16;24892;20;10;0;<FLG>
V6155621;V615562101;QmnJ;1;"2022-12-29 00:00:00";16;23389;20;10;0;<FLG>
V6155621;V615562101;QmnJ;1;"2022-12-30 00:00:00";16;21956;20;10;0;<FLG>
V6155621;V615562101;QmnJ;1;"2022-12-31 00:00:00";16;20809;20;10;0;<FLG>
V6155621;V615562101;QmnJ;1;"2023-01-01 00:00:00";16;19556;20;10;0;<FLG>
V6155621;V615562101;QmnJ;1;"2023-01-02 00:00:00";16;18714;20;10;0;<FLG>
V6155621;V615562101;QmnJ;1;"2023-01-03 00:00:00";16;18476;20;10;0;<FLG>
V6155621;V615562101;QmnJ;1;"2023-01-04 00:00:00";16;18093;20;10;0;<FLG>
V6155621;V615562101;QmnJ;1;"2023-01-05 00:00:00";16;17488;20;10;0;<FLG>
V6155621;V615562101;QmnJ;1;"2023-01-06 00:00:00";16;16950;20;10;0;<FLG>
V6155621;V615562101;QmnJ;1;"2023-01-07 00:00:00";16;16513;20;10;0;<FLG>
V6155621;V615562101;QmnJ;1;"2023-01-08 00:00:00";16;16256;20;10;0;<FLG>
V6155621;V615562101;QmnJ;1;"2023-01-09 00:00:00";16;15843;20;10;0;<FLG>
V6155621;V615562101;QmnJ;1;"2023-01-10 00:00:00";16;15916;20;10;0;<FLG>
V6155621;V615562101;QmnJ;1;"2023-01-11 00:00:00";16;16147;20;10;0;<FLG>
V6155621;V615562101;QmnJ;1;"2023-01-12 00:00:00";16;15328;20;10;0;<FLG>
V6155621;V615562101;QmnJ;1;"2023-01-13 00:00:00";16;15358;20;10;0;<FLG>
V6155621;V615562101;QmnJ;1;"2023-01-14 00:00:00";16;14896;20;10;0;<FLG>
V6155621;V615562101;QmnJ;1;"2023-01-15 00:00:00";16;14840;20;10;0;<FLG>
V6155621;V615562101;QmnJ;1;"2023-01-16 00:00:00";16;15151;20;10;0;<FLG>
V6155621;V615562101;QmnJ;1;"2023-01-17 00:00:00";16;14828;20;10;0;<FLG>
V6155621;V615562101;QmnJ;1;"2023-01-18 00:00:00";16;14791;20;10;0;<FLG>
V6155621;V615562101;QmnJ;1;"2023-01-19 00:00:00";16;14814;20;10;0;<FLG>
V6155621;V615562101;QmnJ;1;"2023-01-20 00:00:00";16;14489;20;10;0;<FLG>
V6155621;V615562101;QmnJ;1;"2023-01-21 00:00:00";16;14195;20;10;0;<FLG>
V6155621;V615562101;QmnJ;1;"2023-01-22 00:00:00";16;13755;20;10;0;<FLG>
V6155621;V615562101;QmnJ;1;"2023-01-23 00:00:00";16;13508;20;10;0;<FLG>
V6155621;V615562101;QmnJ;1;"2023-01-24 00:00:00";16;12792;20;10;0;<FLG>
V6155621;V615562101;QmnJ;1;"2023-01-25 00:00:00";16;12283;20;10;0;<FLG>
V6155621;V615562101;QmnJ;1;"2023-01-26 00:00:00";16;12334;20;10;0;<FLG>
V6155621;V615562101;QmnJ;1;"2023-01-27 00:00:00";16;12277;20;10;0;<FLG>
V6155621;V615562101;QmnJ;1;"2023-01-28 00:00:00";16;11395;20;10;0;<FLG>
V6155621;V615562101;QmnJ;1;"2023-01-29 00:00:00";16;10955;20;10;0;<FLG>
V6155621;V615562101;QmnJ;1;"2023-01-30 00:00:00";16;10486;20;10;0;<FLG>
V6155621;V615562101;QmnJ;1;"2023-01-31 00:00:00";16;9750;20;10;0;<FLG>
V6155621;V615562101;QmnJ;1;"2023-02-01 00:00:00";16;9343;20;10;0;<FLG>
V6155621;V615562101;QmnJ;1;"2023-02-02 00:00:00";16;9214;20;10;0;<FLG>
V6155621;V615562101;QmnJ;1;"2023-02-03 00:00:00";16;9138;20;10;0;<FLG>
V6155621;V615562101;QmnJ;1;"2023-02-04 00:00:00";16;8976;20;10;0;<FLG>
V6155621;V615562101;QmnJ;1;"2023-02-05 00:00:00";16;8380;20;10;0;<FLG>
V6155621;V615562101;QmnJ;1;"2023-02-06 00:00:00";16;8300;20;10;0;<FLG>
V6155621;V615562101;QmnJ;1;"2023-02-07 00:00:00";16;7930;20;10;0;<FLG>
V6155621;V615562101;QmnJ;1;"2023-02-08 00:00:00";16;8150;20;10;0;<FLG>
V6155621;V615562101;QmnJ;1;"2023-02-09 00:00:00";16;7898;20;10;0;<FLG>
V6155621;V615562101;QmnJ;1;"2023-02-10 00:00:00";16;7529;20;10;0;<FLG>
V6155621;V615562101;QmnJ;1;"2023-02-11 00:00:00";16;7076;20;10;0;<FLG>
V6155621;V615562101;QmnJ;1;"2023-02-12 00:00:00";16;6990;20;10;0;<FLG>
V6155621;V615562101;QmnJ;1;"2023-02-13 00:00:00";16;7034;20;10;0;<FLG>
V6155621;V615562101;QmnJ;1;"2023-02-14 00:00:00";16;7504;20;10;0;<FLG>
V6155621;V615562101;QmnJ;1;"2023-02-15 00:00:00";16;6842;20;10;0;<FLG>
V6155621;V615562101;QmnJ;1;"2023-02-16 00:00:00";16;7294;20;10;0;<FLG>
V6155621;V615562101;QmnJ;1;"2023-02-17 00:00:00";16;8987;20;10;0;<FLG>
V6155621;V615562101;QmnJ;1;"2023-02-18 00:00:00";16;8983;20;10;0;<FLG>
V6155621;V615562101;QmnJ;1;"2023-02-19 00:00:00";16;9059;20;10;0;<FLG>
V6155621;V615562101;QmnJ;1;"2023-02-20 00:00:00";16;8194;20;10;0;<FLG>
V6155621;V615562101;QmnJ;1;"2023-02-21 00:00:00";16;7234;20;10;0;<FLG>
V6155621;V615562101;QmnJ;1;"2023-02-22 00:00:00";16;6386;20;10;0;<FLG>
V6155621;V615562101;QmnJ;1;"2023-02-23 00:00:00";16;6019;20;10;0;<FLG>
V6155621;V615562101;QmnJ;1;"2023-02-24 00:00:00";16;5733;20;10;0;<FLG>
V6155621;V615562101;QmnJ;1;"2023-02-25 00:00:00";16;5840;20;10;0;<FLG>
V6155621;V615562101;QmnJ;1;"2023-02-26 00:00:00";16;6504;20;10;0;<FLG>
V6155621;V615562101;QmnJ;1;"2023-02-27 00:00:00";16;7364;20;10;0;<FLG>
V6155621;V615562101;QmnJ;1;"2023-02-28 00:00:00";16;7390;20;10;0;<FLG>
V6155621;V615562101;QmnJ;1;"2023-03-01 00:00:00";16;7142;20;10;0;<FLG>
V6155621;V615562101;QmnJ;1;"2023-03-02 00:00:00";16;6652;20;10;0;<FLG>
V6155621;V615562101;QmnJ;1;"2023-03-03 00:00:00";16;6364;20;10;0;<FLG>
V6155621;V615562101;QmnJ;1;"2023-03-04 00:00:00";16;6234;20;10;0;<FLG>
V6155621;V615562101;QmnJ;1;"2023-03-05 00:00:00";16;6069;20;10;0;<FLG>
V6155621;V615562101;QmnJ;1;"2023-03-06 00:00:00";16;6016;20;10;0;<FLG>
V6155621;V615562101;QmnJ;1;"2023-03-07 00:00:00";16;6097;20;10;0;<FLG>
V6155621;V615562101;QmnJ;1;"2023-03-08 00:00:00";16;6203;20;10;0;<FLG>
V6155621;V615562101;QmnJ;1;"2023-03-09 00:00:00";16;6070;20;10;0;<FLG>
V6155621;V615562101;QmnJ;1;"2023-03-10 00:00:00";16;5924;20;10;0;<FLG>
V6155621;V615562101;QmnJ;1;"2023-03-11 00:00:00";16;5648;20;10;0;<FLG>
V6155621;V615562101;QmnJ;1;"2023-03-12 00:00:00";16;5352;20;10;0;<FLG>
V6155621;V615562101;QmnJ;1;"2023-03-13 00:00:00";16;5503;20;10;0;<FLG>
V6155621;V615562101;QmnJ;1;"2023-03-14 00:00:00";16;8717;20;10;0;<FLG>
V6155621;V615562101;QmnJ;1;"2023-03-15 00:00:00";16;7067;20;10;0;<FLG>
V6155621;V615562101;QmnJ;1;"2023-03-16 00:00:00";16;6881;20;10;0;<FLG>
V6155621;V615562101;QmnJ;1;"2023-03-17 00:00:00";16;6411;20;10;0;<FLG>
V6155621;V615562101;QmnJ;1;"2023-03-18 00:00:00";16;6103;20;10;0;<FLG>
V6155621;V615562101;QmnJ;1;"2023-03-19 00:00:00";16;5787;20;10;0;<FLG>
V6155621;V615562101;QmnJ;1;"2023-03-20 00:00:00";16;5647;20;10;0;<FLG>
V6155621;V615562101;QmnJ;1;"2023-03-21 00:00:00";16;5558;20;10;0;<FLG>
V6155621;V615562101;QmnJ;1;"2023-03-22 00:00:00";16;5581;20;10;0;<FLG>
V6155621;V615562101;QmnJ;1;"2023-03-23 00:00:00";16;5095;20;10;0;<FLG>
V6155621;V615562101;QmnJ;1;"2023-03-24 00:00:00";16;4666;20;10;0;<FLG>
V6155621;V615562101;QmnJ;1;"2023-03-25 00:00:00";16;4634;20;10;0;<FLG>
V6155621;V615562101;QmnJ;1;"2023-03-26 00:00:00";16;4559;20;10;0;<FLG>
V6155621;V615562101;QmnJ;1;"2023-03-27 00:00:00";16;4799;20;10;0;<FLG>
V6155621;V615562101;QmnJ;1;"2023-03-28 00:00:00";16;4580;20;10;0;<FLG>
V6155621;V615562101;QmnJ;1;"2023-03-29 00:00:00";16;4325;20;10;0;<FLG>
V6155621;V615562101;QmnJ;1;"2023-03-30 00:00:00";16;4108;20;10;0;<FLG>
V6155621;V615562101;QmnJ;1;"2023-03-31 00:00:00";16;4136;20;10;0;<FLG>
V6155621;V615562101;QmnJ;1;"2023-04-01 00:00:00";16;4314;20;10;0;<FLG>
V6155621;V615562101;QmnJ;1;"2023-04-02 00:00:00";16;4413;20;10;0;<FLG>
V6155621;V615562101;QmnJ;1;"2023-04-03 00:00:00";16;4483;20;10;0;<FLG>
V6155621;V615562101;QmnJ;1;"2023-04-04 00:00:00";16;4847;20;10;0;<FLG>
V6155621;V615562101;QmnJ;1;"2023-04-05 00:00:00";16;4981;20;10;0;<FLG>
V6155621;V615562101;QmnJ;1;"2023-04-06 00:00:00";16;4486;20;10;0;<FLG>
V6155621;V615562101;QmnJ;1;"2023-04-07 00:00:00";16;4247;20;10;0;<FLG>
V6155621;V615562101;QmnJ;1;"2023-04-08 00:00:00";16;4373;20;10;0;<FLG>
V6155621;V615562101;QmnJ;1;"2023-04-09 00:00:00";16;4143;20;10;0;<FLG>
V6155621;V615562101;QmnJ;1;"2023-04-10 00:00:00";16;4065;20;10;0;<FLG>
V6155621;V615562101;QmnJ;1;"2023-04-11 00:00:00";16;3987;20;10;0;<FLG>
V6155621;V615562101;QmnJ;1;"2023-04-12 00:00:00";16;3998;20;10;0;<FLG>
V6155621;V615562101;QmnJ;1;"2023-04-13 00:00:00";16;3977;20;10;0;<FLG>
V6155621;V615562101;QmnJ;1;"2023-04-14 00:00:00";16;4003;20;10;0;<FLG>
V6155621;V615562101;QmnJ;1;"2023-04-15 00:00:00";16;4384;20;10;0;<FLG>
V6155621;V615562101;QmnJ;1;"2023-04-16 00:00:00";16;4159;20;10;0;<FLG>
V6155621;V615562101;QmnJ;1;"2023-04-17 00:00:00";16;4214;20;10;0;<FLG>
V6155621;V615562101;QmnJ;1;"2023-04-18 00:00:00";16;3965;20;10;0;<FLG>
V6155621;V615562101;QmnJ;1;"2023-04-19 00:00:00";16;3932;20;10;0;<FLG>
V6155621;V615562101;QmnJ;1;"2023-04-20 00:00:00";16;3860;20;10;0;<FLG>
V6155621;V615562101;QmnJ;1;"2023-04-21 00:00:00";16;3871;20;10;0;<FLG>
V6155621;V615562101;QmnJ;1;"2023-04-22 00:00:00";16;3899;20;10;0;<FLG>
V6155621;V615562101;QmnJ;1;"2023-04-23 00:00:00";16;3877;20;10;0;<FLG>
V6155621;V615562101;QmnJ;1;"2023-04-24 00:00:00";16;4010;20;10;0;<FLG>
V6155621;V615562101;QmnJ;1;"2023-04-25 00:00:00";16;4000;20;10;0;<FLG>
V6155621;V615562101;QmnJ;1;"2023-04-26 00:00:00";16;3854;20;10;0;<FLG>
V6155621;V615562101;QmnJ;1;"2023-04-27 00:00:00";16;3722;20;10;0;<FLG>
V6155621;V615562101;QmnJ;1;"2023-04-28 00:00:00";16;3647;20;10;0;<FLG>
V6155621;V615562101;QmnJ;1;"2023-04-29 00:00:00";16;3731;20;10;0;<FLG>
V6155621;V615562101;QmnJ;1;"2023-04-30 00:00:00";16;3786;20;10;0;<FLG>
V6155621;V615562101;QmnJ;1;"2023-05-01 00:00:00";16;3752;20;10;0;<FLG>
V6155621;V615562101;QmnJ;1;"2023-05-02 00:00:00";16;3699;20;10;0;<FLG>
V6155621;V615562101;QmnJ;1;"2023-05-03 00:00:00";16;3494;20;10;0;<FLG>
V6155621;V615562101;QmnJ;1;"2023-05-04 00:00:00";16;3486;20;10;0;<FLG>
V6155621;V615562101;QmnJ;1;"2023-05-05 00:00:00";16;3355;20;10;0;<FLG>
V6155621;V615562101;QmnJ;1;"2023-05-06 00:00:00";16;3222;20;10;0;<FLG>
V6155621;V615562101;QmnJ;1;"2023-05-07 00:00:00";16;3178;20;10;0;<FLG>
V6155621;V615562101;QmnJ;1;"2023-05-08 00:00:00";16;3208;20;10;0;<FLG>
V6155621;V615562101;QmnJ;1;"2023-05-09 00:00:00";16;3043;20;10;0;<FLG>
V6155621;V615562101;QmnJ;1;"2023-05-10 00:00:00";16;2974;20;10;0;<FLG>
V6155621;V615562101;QmnJ;1;"2023-05-11 00:00:00";16;2949;20;10;0;<FLG>
V6155621;V615562101;QmnJ;1;"2023-05-12 00:00:00";16;3109;20;10;0;<FLG>
V6155621;V615562101;QmnJ;1;"2023-05-13 00:00:00";16;3010;20;10;0;<FLG>
V6155621;V615562101;QmnJ;1;"2023-05-14 00:00:00";16;2988;20;10;0;<FLG>
V6155621;V615562101;QmnJ;1;"2023-05-15 00:00:00";16;2948;20;10;0;<FLG>
V6155621;V615562101;QmnJ;1;"2023-05-16 00:00:00";16;2958;20;10;0;<FLG>
V6155621;V615562101;QmnJ;1;"2023-05-17 00:00:00";16;3126;20;10;0;<FLG>
V6155621;V615562101;QmnJ;1;"2023-05-18 00:00:00";16;3213;20;10;0;<FLG>
V6155621;V615562101;QmnJ;1;"2023-05-19 00:00:00";16;3353;20;10;0;<FLG>
V6155621;V615562101;QmnJ;1;"2023-05-20 00:00:00";16;3470;20;10;0;<FLG>
V6155621;V615562101;QmnJ;1;"2023-05-21 00:00:00";16;3599;20;10;0;<FLG>
V6155621;V615562101;QmnJ;1;"2023-05-22 00:00:00";16;3599;20;10;0;<FLG>
V6155621;V615562101;QmnJ;1;"2023-05-23 00:00:00";16;3606;20;10;0;<FLG>
V6155621;V615562101;QmnJ;1;"2023-05-24 00:00:00";16;3460;20;10;0;<FLG>
V6155621;V615562101;QmnJ;1;"2023-05-25 00:00:00";16;4223;20;10;0;<FLG>
V6155621;V615562101;QmnJ;1;"2023-05-26 00:00:00";16;7216;20;10;0;<FLG>
V6155621;V615562101;QmnJ;1;"2023-05-27 00:00:00";16;9127;20;10;0;<FLG>
V6155621;V615562101;QmnJ;1;"2023-05-28 00:00:00";16;9019;20;10;0;<FLG>
V6155621;V615562101;QmnJ;1;"2023-05-29 00:00:00";16;11054;20;10;0;<FLG>
V6155621;V615562101;QmnJ;1;"2023-05-30 00:00:00";16;13097;20;10;0;<FLG>
V6155621;V615562101;QmnJ;1;"2023-05-31 00:00:00";16;14726;20;10;0;<FLG>
V6155621;V615562101;QmnJ;1;"2023-06-01 00:00:00";16;13845;20;10;0;<FLG>
V6155621;V615562101;QmnJ;1;"2023-06-02 00:00:00";16;13060;20;10;0;<FLG>
V6155621;V615562101;QmnJ;1;"2023-06-03 00:00:00";16;12907;20;10;0;<FLG>
V6155621;V615562101;QmnJ;1;"2023-06-04 00:00:00";16;14545;20;10;0;<FLG>
V6155621;V615562101;QmnJ;1;"2023-06-05 00:00:00";16;15421;20;10;0;<FLG>
V6155621;V615562101;QmnJ;1;"2023-06-06 00:00:00";16;17369;20;10;0;<FLG>
V6155621;V615562101;QmnJ;1;"2023-06-07 00:00:00";16;19923;20;10;0;<FLG>
V6155621;V615562101;QmnJ;1;"2023-06-08 00:00:00";16;21316;20;10;0;<FLG>
V6155621;V615562101;QmnJ;1;"2023-06-09 00:00:00";16;21437;20;10;0;<FLG>
V6155621;V615562101;QmnJ;1;"2023-06-10 00:00:00";16;21957;20;10;0;<FLG>
V6155621;V615562101;QmnJ;1;"2023-06-11 00:00:00";16;20165;20;10;0;<FLG>
V6155621;V615562101;QmnJ;1;"2023-06-12 00:00:00";16;26436;20;10;0;<FLG>
V6155621;V615562101;QmnJ;1;"2023-06-13 00:00:00";16;32625;20;10;0;<FLG>
V6155621;V615562101;QmnJ;1;"2023-06-14 00:00:00";16;29374;20;10;0;<FLG>
V6155621;V615562101;QmnJ;1;"2023-06-15 00:00:00";16;34032;20;10;0;<FLG>
V6155621;V615562101;QmnJ;1;"2023-06-16 00:00:00";16;33544;20;10;0;<FLG>
V6155621;V615562101;QmnJ;1;"2023-06-17 00:00:00";16;31056;20;10;0;<FLG>
V6155621;V615562101;QmnJ;1;"2023-06-18 00:00:00";16;27748;20;10;0;<FLG>
V6155621;V615562101;QmnJ;1;"2023-06-19 00:00:00";16;23872;20;10;0;<FLG>
V6155621;V615562101;QmnJ;1;"2023-06-20 00:00:00";16;20717;20;10;0;<FLG>
V6155621;V615562101;QmnJ;1;"2023-06-21 00:00:00";16;18208;20;10;0;<FLG>
V6155621;V615562101;QmnJ;1;"2023-06-22 00:00:00";16;19125;20;10;0;<FLG>
V6155621;V615562101;QmnJ;1;"2023-06-23 00:00:00";16;17429;20;10;0;<FLG>
V6155621;V615562101;QmnJ;1;"2023-06-24 00:00:00";16;16051;20;10;0;<FLG>
V6155621;V615562101;QmnJ;1;"2023-06-25 00:00:00";16;15298;20;10;0;<FLG>
V6155621;V615562101;QmnJ;1;"2023-06-26 00:00:00";16;14392;20;10;0;<FLG>
V6155621;V615562101;QmnJ;1;"2023-06-27 00:00:00";16;13599;20;10;0;<FLG>
V6155621;V615562101;QmnJ;1;"2023-06-28 00:00:00";16;13040;20;10;0;<FLG>
V6155621;V615562101;QmnJ;1;"2023-06-29 00:00:00";16;13161;20;10;0;<FLG>
V6155621;V615562101;QmnJ;1;"2023-06-30 00:00:00";16;16783;20;10;0;<FLG>
V6155621;V615562101;QmnJ;1;"2023-07-01 00:00:00";16;13608;20;10;0;<FLG>
V6155621;V615562101;QmnJ;1;"2023-07-02 00:00:00";16;12807;20;10;0;<FLG>
V6155621;V615562101;QmnJ;1;"2023-07-03 00:00:00";16;11655;20;10;0;<FLG>
V6155621;V615562101;QmnJ;1;"2023-07-04 00:00:00";16;10406;20;10;0;<FLG>
V6155621;V615562101;QmnJ;1;"2023-07-05 00:00:00";16;9651;20;10;0;<FLG>
V6155621;V615562101;QmnJ;1;"2023-07-06 00:00:00";16;8730;20;10;0;<FLG>
V6155621;V615562101;QmnJ;1;"2023-07-07 00:00:00";16;7973;20;10;0;<FLG>
V6155621;V615562101;QmnJ;1;"2023-07-08 00:00:00";16;7992;20;10;0;<FLG>
V6155621;V615562101;QmnJ;1;"2023-07-09 00:00:00";16;7538;20;10;0;<FLG>
V6155621;V615562101;QmnJ;1;"2023-07-10 00:00:00";16;7207;20;10;0;<FLG>
V6155621;V615562101;QmnJ;1;"2023-07-11 00:00:00";16;6528;20;10;0;<FLG>
V6155621;V615562101;QmnJ;1;"2023-07-12 00:00:00";16;5912;20;10;0;<FLG>
V6155621;V615562101;QmnJ;1;"2023-07-13 00:00:00";16;5530;20;10;0;<FLG>
V6155621;V615562101;QmnJ;1;"2023-07-14 00:00:00";16;5579;20;10;0;<FLG>
V6155621;V615562101;QmnJ;1;"2023-07-15 00:00:00";16;5118;20;10;0;<FLG>
V6155621;V615562101;QmnJ;1;"2023-07-16 00:00:00";16;4697;20;10;0;<FLG>
V6155621;V615562101;QmnJ;1;"2023-07-17 00:00:00";16;4300;20;10;0;<FLG>
V6155621;V615562101;QmnJ;1;"2023-07-18 00:00:00";16;4171;20;10;0;<FLG>
V6155621;V615562101;QmnJ;1;"2023-07-19 00:00:00";16;4036;20;10;0;<FLG>
V6155621;V615562101;QmnJ;1;"2023-07-20 00:00:00";16;4011;20;10;0;<FLG>
V6155621;V615562101;QmnJ;1;"2023-07-21 00:00:00";16;3850;20;10;0;<FLG>
V6155621;V615562101;QmnJ;1;"2023-07-22 00:00:00";16;3838;20;10;0;<FLG>
V6155621;V615562101;QmnJ;1;"2023-07-23 00:00:00";16;4116;20;10;0;<FLG>
V6155621;V615562101;QmnJ;1;"2023-07-24 00:00:00";16;4118;20;10;0;<FLG>
V6155621;V615562101;QmnJ;1;"2023-07-25 00:00:00";16;3837;20;10;0;<FLG>
V6155621;V615562101;QmnJ;1;"2023-07-26 00:00:00";16;3793;20;10;0;<FLG>
V6155621;V615562101;QmnJ;1;"2023-07-27 00:00:00";16;3686;20;10;0;<FLG>
V6155621;V615562101;QmnJ;1;"2023-07-28 00:00:00";16;4150;20;10;0;<FLG>
V6155621;V615562101;QmnJ;1;"2023-07-29 00:00:00";16;3656;20;10;0;<FLG>
V6155621;V615562101;QmnJ;1;"2023-07-30 00:00:00";16;3727;20;10;0;<FLG>
V6155621;V615562101;QmnJ;1;"2023-07-31 00:00:00";16;3694;20;10;0;<FLG>
V6155621;V615562101;QmnJ;1;"2023-08-01 00:00:00";16;3617;20;10;0;<FLG>
V6155621;V615562101;QmnJ;1;"2023-08-02 00:00:00";16;3449;20;10;0;<FLG>
V6155621;V615562101;QmnJ;1;"2023-08-03 00:00:00";16;3301;20;10;0;<FLG>
V6155621;V615562101;QmnJ;1;"2023-08-04 00:00:00";16;3353;20;10;0;<FLG>
V6155621;V615562101;QmnJ;1;"2023-08-05 00:00:00";16;3524;20;10;0;<FLG>
V6155621;V615562101;QmnJ;1;"2023-08-06 00:00:00";16;3396;20;10;0;<FLG>
V6155621;V615562101;QmnJ;1;"2023-08-07 00:00:00";16;3518;20;10;0;<FLG>
V6155621;V615562101;QmnJ;1;"2023-08-08 00:00:00";16;3447;20;10;0;<FLG>
V6155621;V615562101;QmnJ;1;"2023-08-09 00:00:00";16;3327;20;10;0;<FLG>
V6155621;V615562101;QmnJ;1;"2023-08-10 00:00:00";16;3171;20;10;0;<FLG>
V6155621;V615562101;QmnJ;1;"2023-08-11 00:00:00";16;3240;20;10;0;<FLG>
V6155621;V615562101;QmnJ;1;"2023-08-12 00:00:00";16;3094;20;10;0;<FLG>
V6155621;V615562101;QmnJ;1;"2023-08-13 00:00:00";16;3136;20;10;0;<FLG>
V6155621;V615562101;QmnJ;1;"2023-08-14 00:00:00";16;3128;20;10;0;<FLG>
V6155621;V615562101;QmnJ;1;"2023-08-15 00:00:00";16;3096;20;10;0;<FLG>
V6155621;V615562101;QmnJ;1;"2023-08-16 00:00:00";16;3149;20;10;0;<FLG>
V6155621;V615562101;QmnJ;1;"2023-08-17 00:00:00";16;3090;20;10;0;<FLG>
V6155621;V615562101;QmnJ;1;"2023-08-18 00:00:00";16;3049;20;10;0;<FLG>
V6155621;V615562101;QmnJ;1;"2023-08-19 00:00:00";16;3066;20;10;0;<FLG>
V6155621;V615562101;QmnJ;1;"2023-08-20 00:00:00";16;3087;20;10;0;<FLG>
V6155621;V615562101;QmnJ;1;"2023-08-21 00:00:00";16;3018;20;10;0;<FLG>
V6155621;V615562101;QmnJ;1;"2023-08-22 00:00:00";16;2908;20;10;0;<FLG>
V6155621;V615562101;QmnJ;1;"2023-08-23 00:00:00";16;2938;20;10;0;<FLG>
V6155621;V615562101;QmnJ;1;"2023-08-24 00:00:00";16;2877;20;10;0;<FLG>
V6155621;V615562101;QmnJ;1;"2023-08-25 00:00:00";16;2966;20;10;0;<FLG>
V6155621;V615562101;QmnJ;1;"2023-08-26 00:00:00";16;2943;20;10;0;<FLG>
V6155621;V615562101;QmnJ;1;"2023-08-27 00:00:00";16;3971;20;10;0;<FLG>
V6155621;V615562101;QmnJ;1;"2023-08-28 00:00:00";16;3569;20;10;0;<FLG>
V6155621;V615562101;QmnJ;1;"2023-08-29 00:00:00";16;3380;20;10;0;<FLG>
V6155621;V615562101;QmnJ;1;"2023-08-30 00:00:00";16;3337;20;10;0;<FLG>
V6155621;V615562101;QmnJ;1;"2023-08-31 00:00:00";16;3257;20;10;0;<FLG>
V6155621;V615562101;QmnJ;1;"2023-09-01 00:00:00";16;3191;20;10;0;<FLG>
V6155621;V615562101;QmnJ;1;"2023-09-02 00:00:00";16;3030;20;10;0;<FLG>
V6155621;V615562101;QmnJ;1;"2023-09-03 00:00:00";16;3053;20;10;0;<FLG>
V6155621;V615562101;QmnJ;1;"2023-09-04 00:00:00";16;2915;20;10;0;<FLG>
V6155621;V615562101;QmnJ;1;"2023-09-05 00:00:00";16;2827;20;10;0;<FLG>
V6155621;V615562101;QmnJ;1;"2023-09-06 00:00:00";16;2981;20;10;0;<FLG>
V6155621;V615562101;QmnJ;1;"2023-09-07 00:00:00";16;2929;20;10;0;<FLG>
V6155621;V615562101;QmnJ;1;"2023-09-08 00:00:00";16;2881;20;10;0;<FLG>
V6155621;V615562101;QmnJ;1;"2023-09-09 00:00:00";16;2823;20;10;0;<FLG>
V6155621;V615562101;QmnJ;1;"2023-09-10 00:00:00";16;2825;20;10;0;<FLG>
V6155621;V615562101;QmnJ;1;"2023-09-11 00:00:00";16;2947;20;10;0;<FLG>
V6155621;V615562101;QmnJ;1;"2023-09-12 00:00:00";16;3020;20;10;0;<FLG>
V6155621;V615562101;QmnJ;1;"2023-09-13 00:00:00";16;3061;20;10;0;<FLG>
V6155621;V615562101;QmnJ;1;"2023-09-14 00:00:00";16;2973;20;10;0;<FLG>
V6155621;V615562101;QmnJ;1;"2023-09-15 00:00:00";16;3016;20;10;0;<FLG>
V6155621;V615562101;QmnJ;1;"2023-09-16 00:00:00";16;3028;20;10;0;<FLG>
V6155621;V615562101;QmnJ;1;"2023-09-17 00:00:00";16;2944;20;10;0;<FLG>
V6155621;V615562101;QmnJ;1;"2023-09-18 00:00:00";16;3011;20;10;0;<FLG>
V6155621;V615562101;QmnJ;1;"2023-09-19 00:00:00";16;2945;20;10;0;<FLG>
V6155621;V615562101;QmnJ;1;"2023-09-20 00:00:00";16;3664;20;10;0;<FLG>
V6155621;V615562101;QmnJ;1;"2023-09-21 00:00:00";16;3479;20;10;0;<FLG>
V6155621;V615562101;QmnJ;1;"2023-09-22 00:00:00";16;3636;20;10;0;<FLG>
V6155621;V615562101;QmnJ;1;"2023-09-23 00:00:00";16;3672;20;10;0;<FLG>
V6155621;V615562101;QmnJ;1;"2023-09-24 00:00:00";16;3874;20;10;0;<FLG>
V6155621;V615562101;QmnJ;1;"2023-09-25 00:00:00";16;4055;20;10;0;<FLG>
V6155621;V615562101;QmnJ;1;"2023-09-26 00:00:00";16;3926;20;10;0;<FLG>
V6155621;V615562101;QmnJ;1;"2023-09-27 00:00:00";16;3729;20;10;0;<FLG>
V6155621;V615562101;QmnJ;1;"2023-09-28 00:00:00";16;3595;20;10;0;<FLG>
V6155621;V615562101;QmnJ;1;"2023-09-29 00:00:00";16;3593;20;10;0;<FLG>
V6155621;V615562101;QmnJ;1;"2023-09-30 00:00:00";16;3503;20;10;0;<FLG>
V6155621;V615562101;QmnJ;1;"2023-10-01 00:00:00";16;3505;20;10;0;<FLG>
V6155621;V615562101;QmnJ;1;"2023-10-02 00:00:00";16;3570;20;10;0;<FLG>
V6155621;V615562101;QmnJ;1;"2023-10-03 00:00:00";16;3521;20;10;0;<FLG>
V6155621;V615562101;QmnJ;1;"2023-10-04 00:00:00";16;3573;20;10;0;<FLG>
V6155621;V615562101;QmnJ;1;"2023-10-05 00:00:00";16;3481;20;10;0;<FLG>
V6155621;V615562101;QmnJ;1;"2023-10-06 00:00:00";16;3507;20;10;0;<FLG>
V6155621;V615562101;QmnJ;1;"2023-10-07 00:00:00";16;3552;20;10;0;<FLG>
V6155621;V615562101;QmnJ;1;"2023-10-08 00:00:00";16;3534;20;10;0;<FLG>
V6155621;V615562101;QmnJ;1;"2023-10-09 00:00:00";16;3150;20;10;0;<FLG>
V6155621;V615562101;QmnJ;1;"2023-10-10 00:00:00";16;2662;20;10;0;<FLG>
V6155621;V615562101;QmnJ;1;"2023-10-11 00:00:00";16;2569;20;10;0;<FLG>
V6155621;V615562101;QmnJ;1;"2023-10-12 00:00:00";16;2645;20;10;0;<FLG>
V6155621;V615562101;QmnJ;1;"2023-10-13 00:00:00";16;2630;20;10;0;<FLG>
V6155621;V615562101;QmnJ;1;"2023-10-14 00:00:00";16;2742;20;10;0;<FLG>
V6155621;V615562101;QmnJ;1;"2023-10-15 00:00:00";16;2841;20;10;0;<FLG>
V6155621;V615562101;QmnJ;1;"2023-10-16 00:00:00";16;2980;20;10;0;<FLG>
V6155621;V615562101;QmnJ;1;"2023-10-17 00:00:00";16;3042;20;10;0;<FLG>
V6155621;V615562101;QmnJ;1;"2023-10-18 00:00:00";16;2858;20;10;0;<FLG>
V6155621;V615562101;QmnJ;1;"2023-10-19 00:00:00";16;2748;20;10;0;<FLG>
V6155621;V615562101;QmnJ;1;"2023-10-20 00:00:00";16;3208;20;10;0;<FLG>
V6155621;V615562101;QmnJ;1;"2023-10-21 00:00:00";16;3329;20;10;0;<FLG>
V6155621;V615562101;QmnJ;1;"2023-10-22 00:00:00";16;3736;20;10;0;<FLG>
V6155621;V615562101;QmnJ;1;"2023-10-23 00:00:00";16;3666;20;10;0;<FLG>
V6155621;V615562101;QmnJ;1;"2023-10-24 00:00:00";16;3658;20;10;0;<FLG>
V6155621;V615562101;QmnJ;1;"2023-10-25 00:00:00";16;3653;20;10;0;<FLG>
V6155621;V615562101;QmnJ;1;"2023-10-26 00:00:00";16;3836;20;10;0;<FLG>
V6155621;V615562101;QmnJ;1;"2023-10-27 00:00:00";16;3935;20;10;0;<FLG>
V6155621;V615562101;QmnJ;1;"2023-10-28 00:00:00";16;3921;20;10;0;<FLG>
V6155621;V615562101;QmnJ;1;"2023-10-29 00:00:00";16;3850;20;10;0;<FLG>
V6155621;V615562101;QmnJ;1;"2023-10-30 00:00:00";16;7685;20;10;0;<FLG>
V6155621;V615562101;QmnJ;1;"2023-10-31 00:00:00";16;8176;20;10;0;<FLG>
V6155621;V615562101;QmnJ;1;"2023-11-01 00:00:00";16;9570;20;10;0;<FLG>
V6155621;V615562101;QmnJ;1;"2023-11-02 00:00:00";16;10254;20;10;0;<FLG>
V6155621;V615562101;QmnJ;1;"2023-11-03 00:00:00";16;11790;20;10;0;<FLG>
V6155621;V615562101;QmnJ;1;"2023-11-04 00:00:00";16;13195;20;10;0;<FLG>
V6155621;V615562101;QmnJ;1;"2023-11-05 00:00:00";16;14031;20;10;0;<FLG>
V6155621;V615562101;QmnJ;1;"2023-11-06 00:00:00";16;14967;20;10;0;<FLG>
V6155621;V615562101;QmnJ;1;"2023-11-07 00:00:00";16;15867;20;10;0;<FLG>
V6155621;V615562101;QmnJ;1;"2023-11-08 00:00:00";16;15342;20;10;0;<FLG>
V6155621;V615562101;QmnJ;1;"2023-11-09 00:00:00";16;15741;20;10;0;<FLG>
V6155621;V615562101;QmnJ;1;"2023-11-10 00:00:00";16;15277;20;10;0;<FLG>
V6155621;V615562101;QmnJ;1;"2023-11-11 00:00:00";16;15620;20;10;0;<FLG>
V6155621;V615562101;QmnJ;1;"2023-11-12 00:00:00";16;16343;20;10;0;<FLG>
V6155621;V615562101;QmnJ;1;"2023-11-13 00:00:00";16;15575;20;10;0;<FLG>
V6155621;V615562101;QmnJ;1;"2023-11-14 00:00:00";16;14810;20;10;0;<FLG>
V6155621;V615562101;QmnJ;1;"2023-11-15 00:00:00";16;14414;20;10;0;<FLG>
V6155621;V615562101;QmnJ;1;"2023-11-16 00:00:00";16;14355;20;10;0;<FLG>
V6155621;V615562101;QmnJ;1;"2023-11-17 00:00:00";16;13886;20;10;0;<FLG>
V6155621;V615562101;QmnJ;1;"2023-11-18 00:00:00";16;13062;20;10;0;<FLG>
V6155621;V615562101;QmnJ;1;"2023-11-19 00:00:00";16;12432;20;10;0;<FLG>
V6155621;V615562101;QmnJ;1;"2023-11-20 00:00:00";16;11925;20;10;0;<FLG>
V6155621;V615562101;QmnJ;1;"2023-11-21 00:00:00";16;11215;20;10;0;<FLG>
V6155621;V615562101;QmnJ;1;"2023-11-22 00:00:00";16;9869;20;10;0;<FLG>
V6155621;V615562101;QmnJ;1;"2023-11-23 00:00:00";16;9118;20;10;0;<FLG>
V6155621;V615562101;QmnJ;1;"2023-11-24 00:00:00";16;7914;20;10;0;<FLG>
V6155621;V615562101;QmnJ;1;"2023-11-25 00:00:00";16;7433;20;10;0;<FLG>
V6155621;V615562101;QmnJ;1;"2023-11-26 00:00:00";16;7250;20;10;0;<FLG>
V6155621;V615562101;QmnJ;1;"2023-11-27 00:00:00";16;6855;20;10;0;<FLG>
V6155621;V615562101;QmnJ;1;"2023-11-28 00:00:00";16;6475;20;10;0;<FLG>
V6155621;V615562101;QmnJ;1;"2023-11-29 00:00:00";16;5926;20;10;0;<FLG>
V6155621;V615562101;QmnJ;1;"2023-11-30 00:00:00";16;5088;20;10;0;<FLG>
V6155621;V615562101;QmnJ;1;"2023-12-01 00:00:00";16;5438;20;10;0;<FLG>
V6155621;V615562101;QmnJ;1;"2023-12-02 00:00:00";16;7190;20;10;0;<FLG>
V6155621;V615562101;QmnJ;1;"2023-12-03 00:00:00";16;11388;20;10;0;<FLG>
V6155621;V615562101;QmnJ;1;"2023-12-04 00:00:00";16;13066;20;10;0;<FLG>
V6155621;V615562101;QmnJ;1;"2023-12-05 00:00:00";16;13290;20;10;0;<FLG>
V6155621;V615562101;QmnJ;1;"2023-12-06 00:00:00";16;13856;20;10;0;<FLG>
V6155621;V615562101;QmnJ;1;"2023-12-07 00:00:00";16;15155;20;10;0;<FLG>
V6155621;V615562101;QmnJ;1;"2023-12-08 00:00:00";16;19034;20;10;0;<FLG>
V6155621;V615562101;QmnJ;1;"2023-12-09 00:00:00";16;23682;20;10;0;<FLG>
V6155621;V615562101;QmnJ;1;"2023-12-10 00:00:00";16;27153;20;10;0;<FLG>
V6155621;V615562101;QmnJ;1;"2023-12-11 00:00:00";16;26641;20;10;0;<FLG>
V6155621;V615562101;QmnJ;1;"2023-12-12 00:00:00";16;26228;20;10;0;<FLG>
V6155621;V615562101;QmnJ;1;"2023-12-13 00:00:00";16;25654;20;10;0;<FLG>
V6155621;V615562101;QmnJ;1;"2023-12-14 00:00:00";16;24113;20;10;0;<FLG>
V6155621;V615562101;QmnJ;1;"2023-12-15 00:00:00";16;22617;20;10;0;<FLG>
V6155621;V615562101;QmnJ;1;"2023-12-16 00:00:00";16;20475;20;10;0;<FLG>
V6155621;V615562101;QmnJ;1;"2023-12-17 00:00:00";16;19470;20;10;0;<FLG>
V6155621;V615562101;QmnJ;1;"2023-12-18 00:00:00";16;18017;20;10;0;<FLG>
V6155621;V615562101;QmnJ;1;"2023-12-19 00:00:00";16;16734;20;10;0;<FLG>
V6155621;V615562101;QmnJ;1;"2023-12-20 00:00:00";16;15943;20;10;0;<FLG>
V6155621;V615562101;QmnJ;1;"2023-12-21 00:00:00";16;15509;20;10;0;<FLG>
V6155621;V615562101;QmnJ;1;"2023-12-22 00:00:00";16;15006;20;10;0;<FLG>
V6155621;V615562101;QmnJ;1;"2023-12-23 00:00:00";16;14612;20;10;0;<FLG>
V6155621;V615562101;QmnJ;1;"2023-12-24 00:00:00";16;14277;20;10;0;<FLG>
V6155621;V615562101;QmnJ;1;"2023-12-25 00:00:00";16;13917;20;10;0;<FLG>
V6155621;V615562101;QmnJ;1;"2023-12-26 00:00:00";16;13755;20;10;0;<FLG>
V6155621;V615562101;QmnJ;1;"2023-12-27 00:00:00";16;13445;20;10;0;<FLG>
V6155621;V615562101;QmnJ;1;"2023-12-28 00:00:00";16;12994;20;10;0;<FLG>
V6155621;V615562101;QmnJ;1;"2023-12-29 00:00:00";16;12540;20;10;0;<FLG>
V6155621;V615562101;QmnJ;1;"2023-12-30 00:00:00";16;12233;20;10;0;<FLG>
V6155621;V615562101;QmnJ;1;"2023-12-31 00:00:00";16;11945;20;10;0;<FLG>
V6155621;V615562101;QmnJ;1;"2024-01-01 00:00:00";16;11882;20;10;0;<FLG>
V6155621;V615562101;QmnJ;1;"2024-01-02 00:00:00";16;11115;20;10;0;<FLG>
V6155621;V615562101;QmnJ;1;"2024-01-03 00:00:00";16;9896;20;10;0;<FLG>
V6155621;V615562101;QmnJ;1;"2024-01-04 00:00:00";16;9571;20;10;0;<FLG>
V6155621;V615562101;QmnJ;1;"2024-01-05 00:00:00";16;10347;20;10;0;<FLG>
V6155621;V615562101;QmnJ;1;"2024-01-06 00:00:00";16;11421;20;10;0;<FLG>
V6155621;V615562101;QmnJ;1;"2024-01-07 00:00:00";16;12577;20;10;0;<FLG>
V6155621;V615562101;QmnJ;1;"2024-01-08 00:00:00";16;13211;20;10;0;<FLG>
V6155621;V615562101;QmnJ;1;"2024-01-09 00:00:00";16;12793;20;10;0;<FLG>
V6155621;V615562101;QmnJ;1;"2024-01-10 00:00:00";16;12394;20;10;0;<FLG>
V6155621;V615562101;QmnJ;1;"2024-01-11 00:00:00";16;12646;20;10;0;<FLG>
V6155621;V615562101;QmnJ;1;"2024-01-12 00:00:00";16;12756;20;10;0;<FLG>
V6155621;V615562101;QmnJ;1;"2024-01-13 00:00:00";16;12677;20;10;0;<FLG>
V6155621;V615562101;QmnJ;1;"2024-01-14 00:00:00";16;12662;20;10;0;<FLG>
V6155621;V615562101;QmnJ;1;"2024-01-15 00:00:00";16;12537;20;10;0;<FLG>
V6155621;V615562101;QmnJ;1;"2024-01-16 00:00:00";16;12408;20;10;0;<FLG>
V6155621;V615562101;QmnJ;1;"2024-01-17 00:00:00";16;12655;20;10;0;<FLG>
V6155621;V615562101;QmnJ;1;"2024-01-18 00:00:00";16;13027;20;10;0;<FLG>
V6155621;V615562101;QmnJ;1;"2024-01-19 00:00:00";16;14562;20;10;0;<FLG>
V6155621;V615562101;QmnJ;1;"2024-01-20 00:00:00";16;15861;20;10;0;<FLG>
V6155621;V615562101;QmnJ;1;"2024-01-21 00:00:00";16;15965;20;10;0;<FLG>
V6155621;V615562101;QmnJ;1;"2024-01-22 00:00:00";16;15511;20;10;0;<FLG>
V6155621;V615562101;QmnJ;1;"2024-01-23 00:00:00";16;14899;20;10;0;<FLG>
V6155621;V615562101;QmnJ;1;"2024-01-24 00:00:00";16;14546;20;10;0;<FLG>
V6155621;V615562101;QmnJ;1;"2024-01-25 00:00:00";16;14046;20;10;0;<FLG>
V6155621;V615562101;QmnJ;1;"2024-01-26 00:00:00";16;13740;20;10;0;<FLG>
V6155621;V615562101;QmnJ;1;"2024-01-27 00:00:00";16;13445;20;10;0;<FLG>
V6155621;V615562101;QmnJ;1;"2024-01-28 00:00:00";16;13382;20;10;0;<FLG>
V6155621;V615562101;QmnJ;1;"2024-01-29 00:00:00";16;12934;20;10;0;<FLG>
V6155621;V615562101;QmnJ;1;"2024-01-30 00:00:00";16;12562;20;10;0;<FLG>
V6155621;V615562101;QmnJ;1;"2024-01-31 00:00:00";16;12304;20;10;0;<FLG>
V6155621;V615562101;QmnJ;1;"2024-02-01 00:00:00";16;12043;20;10;0;<FLG>
V6155621;V615562101;QmnJ;1;"2024-02-02 00:00:00";16;11689;20;10;0;<FLG>
V6155621;V615562101;QmnJ;1;"2024-02-03 00:00:00";16;11492;20;10;0;<FLG>
V6155621;V615562101;QmnJ;1;"2024-02-04 00:00:00";16;11168;20;10;0;<FLG>
V6155621;V615562101;QmnJ;1;"2024-02-05 00:00:00";16;10902;20;10;0;<FLG>
V6155621;V615562101;QmnJ;1;"2024-02-06 00:00:00";16;10619;20;10;0;<FLG>
V6155621;V615562101;QmnJ;1;"2024-02-07 00:00:00";16;10098;20;10;0;<FLG>
V6155621;V615562101;QmnJ;1;"2024-02-08 00:00:00";16;9922;20;10;0;<FLG>
V6155621;V615562101;QmnJ;1;"2024-02-09 00:00:00";16;11063;20;10;0;<FLG>
V6155621;V615562101;QmnJ;1;"2024-02-10 00:00:00";16;15382;20;10;0;<FLG>
V6155621;V615562101;QmnJ;1;"2024-02-11 00:00:00";16;35090;20;10;0;<FLG>
V6155621;V615562101;QmnJ;1;"2024-02-12 00:00:00";16;44729;20;10;0;<FLG>
V6155621;V615562101;QmnJ;1;"2024-02-13 00:00:00";16;45438;20;10;0;<FLG>
V6155621;V615562101;QmnJ;1;"2024-02-14 00:00:00";16;42860;20;10;0;<FLG>
V6155621;V615562101;QmnJ;1;"2024-02-15 00:00:00";16;40465;20;10;0;<FLG>
V6155621;V615562101;QmnJ;1;"2024-02-16 00:00:00";16;37944;20;10;0;<FLG>
V6155621;V615562101;QmnJ;1;"2024-02-17 00:00:00";16;34458;20;10;0;<FLG>
V6155621;V615562101;QmnJ;1;"2024-02-18 00:00:00";16;30973;20;10;0;<FLG>
V6155621;V615562101;QmnJ;1;"2024-02-19 00:00:00";16;27228;20;10;0;<FLG>
V6155621;V615562101;QmnJ;1;"2024-02-20 00:00:00";16;23711;20;10;0;<FLG>
V6155621;V615562101;QmnJ;1;"2024-02-21 00:00:00";16;20983;20;10;0;<FLG>
V6155621;V615562101;QmnJ;1;"2024-02-22 00:00:00";16;19296;20;10;0;<FLG>
V6155621;V615562101;QmnJ;1;"2024-02-23 00:00:00";16;18941;20;10;0;<FLG>
V6155621;V615562101;QmnJ;1;"2024-02-24 00:00:00";16;18370;20;10;0;<FLG>
V6155621;V615562101;QmnJ;1;"2024-02-25 00:00:00";16;18465;20;10;0;<FLG>
V6155621;V615562101;QmnJ;1;"2024-02-26 00:00:00";16;23396;20;10;0;<FLG>
V6155621;V615562101;QmnJ;1;"2024-02-27 00:00:00";16;25370;20;10;0;<FLG>
V6155621;V615562101;QmnJ;1;"2024-02-28 00:00:00";16;29939;20;10;0;<FLG>
V6155621;V615562101;QmnJ;1;"2024-02-29 00:00:00";16;29950;20;10;0;<FLG>
V6155621;V615562101;QmnJ;1;"2024-03-01 00:00:00";16;29074;20;10;0;<FLG>
V6155621;V615562101;QmnJ;1;"2024-03-02 00:00:00";16;29489;20;10;0;<FLG>
V6155621;V615562101;QmnJ;1;"2024-03-03 00:00:00";16;34172;20;10;0;<FLG>
V6155621;V615562101;QmnJ;1;"2024-03-04 00:00:00";16;49380;20;10;0;<FLG>
V6155621;V615562101;QmnJ;1;"2024-03-05 00:00:00";16;52691;20;10;0;<FLG>
V6155621;V615562101;QmnJ;1;"2024-03-06 00:00:00";16;51750;20;10;0;<FLG>
V6155621;V615562101;QmnJ;1;"2024-03-07 00:00:00";16;50376;20;10;0;<FLG>
V6155621;V615562101;QmnJ;1;"2024-03-08 00:00:00";16;50376;20;10;0;<FLG>
V6155621;V615562101;QmnJ;1;"2024-03-09 00:00:00";16;50192;20;10;0;<FLG>
V6155621;V615562101;QmnJ;1;"2024-03-14 00:00:00";16;75941;20;10;8;<FLG>
V6155621;V615562101;QmnJ;1;"2024-03-15 00:00:00";16;68612;20;10;0;<FLG>
V6155621;V615562101;QmnJ;1;"2024-03-16 00:00:00";16;64153;20;10;0;<FLG>
V6155621;V615562101;QmnJ;1;"2024-03-17 00:00:00";16;60142;20;10;0;<FLG>
V6155621;V615562101;QmnJ;1;"2024-03-18 00:00:00";16;56099;20;10;0;<FLG>
V6155621;V615562101;QmnJ;1;"2024-03-19 00:00:00";16;52548;20;10;0;<FLG>
V6155621;V615562101;QmnJ;1;"2024-03-20 00:00:00";16;49745;20;10;0;<FLG>
V6155621;V615562101;QmnJ;1;"2024-03-21 00:00:00";16;47104;20;10;0;<FLG>
V6155621;V615562101;QmnJ;1;"2024-03-22 00:00:00";16;44330;20;10;0;<FLG>
V6155621;V615562101;QmnJ;1;"2024-03-23 00:00:00";16;42113;20;10;0;<FLG>
V6155621;V615562101;QmnJ;1;"2024-03-24 00:00:00";16;40493;20;10;0;<FLG>
V6155621;V615562101;QmnJ;1;"2024-03-25 00:00:00";16;38656;20;10;0;<FLG>
V6155621;V615562101;QmnJ;1;"2024-03-26 00:00:00";16;36843;20;10;0;<FLG>
V6155621;V615562101;QmnJ;1;"2024-03-27 00:00:00";16;46897;20;10;0;<FLG>
V6155621;V615562101;QmnJ;1;"2024-03-28 00:00:00";16;45931;20;10;0;<FLG>
V6155621;V615562101;QmnJ;1;"2024-03-29 00:00:00";16;46951;20;10;0;<FLG>
V6155621;V615562101;QmnJ;1;"2024-03-30 00:00:00";16;46971;20;10;0;<FLG>
V6155621;V615562101;QmnJ;1;"2024-04-07 00:00:00";16;81496;20;10;8;<FLG>
V6155621;V615562101;QmnJ;1;"2024-04-08 00:00:00";16;77473;20;10;0;<FLG>
V6155621;V615562101;QmnJ;1;"2024-04-09 00:00:00";16;73058;20;10;0;<FLG>
V6155621;V615562101;QmnJ;1;"2024-04-10 00:00:00";16;68604;20;10;0;<FLG>
V6155621;V615562101;QmnJ;1;"2024-04-11 00:00:00";16;64143;20;10;0;<FLG>
V6155621;V615562101;QmnJ;1;"2024-04-12 00:00:00";16;59037;20;10;0;<FLG>
V6155621;V615562101;QmnJ;1;"2024-04-13 00:00:00";16;54819;20;10;0;<FLG>
V6155621;V615562101;QmnJ;1;"2024-04-14 00:00:00";16;51421;20;10;0;<FLG>
V6155621;V615562101;QmnJ;1;"2024-04-15 00:00:00";16;48798;20;10;0;<FLG>
V6155621;V615562101;QmnJ;1;"2024-04-16 00:00:00";16;46311;20;10;0;<FLG>
V6155621;V615562101;QmnJ;1;"2024-04-17 00:00:00";16;43967;20;10;0;<FLG>
V6155621;V615562101;QmnJ;1;"2024-04-18 00:00:00";16;41602;20;10;0;<FLG>
V6155621;V615562101;QmnJ;1;"2024-04-19 00:00:00";16;39125;20;10;0;<FLG>
V6155621;V615562101;QmnJ;1;"2024-04-20 00:00:00";16;37150;20;10;0;<FLG>
V6155621;V615562101;QmnJ;1;"2024-04-21 00:00:00";16;35899;20;10;0;<FLG>
V6155621;V615562101;QmnJ;1;"2024-04-22 00:00:00";16;35047;20;10;0;<FLG>
V6155621;V615562101;QmnJ;1;"2024-04-23 00:00:00";16;33092;20;10;0;<FLG>
V6155621;V615562101;QmnJ;1;"2024-04-24 00:00:00";16;31942;20;10;0;<FLG>
V6155621;V615562101;QmnJ;1;"2024-04-25 00:00:00";16;30305;20;10;0;<FLG>
V6155621;V615562101;QmnJ;1;"2024-04-26 00:00:00";16;28894;20;10;0;<FLG>
V6155621;V615562101;QmnJ;1;"2024-04-27 00:00:00";16;28104;20;10;0;<FLG>
V6155621;V615562101;QmnJ;1;"2024-04-28 00:00:00";16;27953;20;10;0;<FLG>
V6155621;V615562101;QmnJ;1;"2024-04-29 00:00:00";16;26893;20;10;0;<FLG>
V6155621;V615562101;QmnJ;1;"2024-04-30 00:00:00";16;25889;20;10;0;<FLG>
V6155621;V615562101;QmnJ;1;"2024-05-01 00:00:00";16;27239;20;10;0;<FLG>
V6155621;V615562101;QmnJ;1;"2024-05-02 00:00:00";16;28410;20;10;0;<FLG>
V6155621;V615562101;QmnJ;1;"2024-05-03 00:00:00";16;26871;20;10;0;<FLG>
V6155621;V615562101;QmnJ;1;"2024-05-04 00:00:00";16;27238;20;10;0;<FLG>
V6155621;V615562101;QmnJ;1;"2024-05-05 00:00:00";16;26846;20;10;0;<FLG>
V6155621;V615562101;QmnJ;1;"2024-05-06 00:00:00";16;26466;20;10;0;<FLG>
V6155621;V615562101;QmnJ;1;"2024-05-07 00:00:00";16;25174;20;10;0;<FLG>
V6155621;V615562101;QmnJ;1;"2024-05-08 00:00:00";16;23775;20;10;0;<FLG>
V6155621;V615562101;QmnJ;1;"2024-05-09 00:00:00";16;22689;20;10;0;<FLG>
V6155621;V615562101;QmnJ;1;"2024-05-10 00:00:00";16;22021;20;10;0;<FLG>
V6155621;V615562101;QmnJ;1;"2024-05-11 00:00:00";16;21226;20;10;0;<FLG>
V6155621;V615562101;QmnJ;1;"2024-05-12 00:00:00";16;20516;20;10;0;<FLG>
V6155621;V615562101;QmnJ;1;"2024-05-13 00:00:00";16;20180;20;10;0;<FLG>
V6155621;V615562101;QmnJ;1;"2024-05-14 00:00:00";16;21008;20;10;0;<FLG>
V6155621;V615562101;QmnJ;1;"2024-05-15 00:00:00";16;23191;20;10;0;<FLG>
V6155621;V615562101;QmnJ;1;"2024-05-16 00:00:00";16;23061;20;10;0;<FLG>
V6155621;V615562101;QmnJ;1;"2024-05-17 00:00:00";16;24577;20;10;0;<FLG>
V6155621;V615562101;QmnJ;1;"2024-05-18 00:00:00";16;24487;20;10;0;<FLG>
V6155621;V615562101;QmnJ;1;"2024-05-19 00:00:00";16;24571;20;10;0;<FLG>
V6155621;V615562101;QmnJ;1;"2024-05-20 00:00:00";16;23874;20;10;0;<FLG>
V6155621;V615562101;QmnJ;1;"2024-05-21 00:00:00";16;22934;20;10;0;<FLG>
V6155621;V615562101;QmnJ;1;"2024-05-22 00:00:00";16;21579;20;10;0;<FLG>
V6155621;V615562101;QmnJ;1;"2024-05-23 00:00:00";16;20351;20;10;0;<FLG>
V6155621;V615562101;QmnJ;1;"2024-05-24 00:00:00";16;19249;20;10;0;<FLG>
V6155621;V615562101;QmnJ;1;"2024-05-25 00:00:00";16;18492;20;10;0;<FLG>
V6155621;V615562101;QmnJ;1;"2024-05-26 00:00:00";16;17694;20;10;0;<FLG>
V6155621;V615562101;QmnJ;1;"2024-05-27 00:00:00";16;18317;20;10;0;<FLG>
V6155621;V615562101;QmnJ;1;"2024-05-28 00:00:00";16;18272;20;10;0;<FLG>
V6155621;V615562101;QmnJ;1;"2024-05-29 00:00:00";16;17443;20;10;0;<FLG>
V6155621;V615562101;QmnJ;1;"2024-05-30 00:00:00";16;17068;20;10;0;<FLG>
V6155621;V615562101;QmnJ;1;"2024-05-31 00:00:00";16;16401;20;10;0;<FLG>
V6155621;V615562101;QmnJ;1;"2024-06-01 00:00:00";16;15723;20;10;0;<FLG>
V6155621;V615562101;QmnJ;1;"2024-06-02 00:00:00";16;15330;20;10;0;<FLG>
V6155621;V615562101;QmnJ;1;"2024-06-03 00:00:00";16;14741;20;10;0;<FLG>
V6155621;V615562101;QmnJ;1;"2024-06-04 00:00:00";16;14420;20;10;0;<FLG>
V6155621;V615562101;QmnJ;1;"2024-06-05 00:00:00";16;14003;20;10;0;<FLG>
V6155621;V615562101;QmnJ;1;"2024-06-06 00:00:00";16;14183;20;10;0;<FLG>
V6155621;V615562101;QmnJ;1;"2024-06-07 00:00:00";16;15145;20;10;0;<FLG>
V6155621;V615562101;QmnJ;1;"2024-06-08 00:00:00";16;15523;20;10;0;<FLG>
V6155621;V615562101;QmnJ;1;"2024-06-09 00:00:00";16;16054;20;10;0;<FLG>
V6155621;V615562101;QmnJ;1;"2024-06-10 00:00:00";16;15055;20;10;0;<FLG>
V6155621;V615562101;QmnJ;1;"2024-06-11 00:00:00";16;13287;20;10;0;<FLG>
V6155621;V615562101;QmnJ;1;"2024-06-12 00:00:00";16;13410;20;10;0;<FLG>
V6155621;V615562101;QmnJ;1;"2024-06-13 00:00:00";16;12817;20;10;0;<FLG>
V6155621;V615562101;QmnJ;1;"2024-06-14 00:00:00";16;12221;20;10;0;<FLG>
V6155621;V615562101;QmnJ;1;"2024-06-15 00:00:00";16;12254;20;10;0;<FLG>
V6155621;V615562101;QmnJ;1;"2024-06-16 00:00:00";16;12253;20;10;0;<FLG>
V6155621;V615562101;QmnJ;1;"2024-06-17 00:00:00";16;11337;20;10;0;<FLG>
V6155621;V615562101;QmnJ;1;"2024-06-18 00:00:00";16;10891;20;10;0;<FLG>
V6155621;V615562101;QmnJ;1;"2024-06-19 00:00:00";16;10494;20;10;0;<FLG>
V6155621;V615562101;QmnJ;1;"2024-06-20 00:00:00";16;12287;20;10;0;<FLG>
V6155621;V615562101;QmnJ;1;"2024-06-21 00:00:00";16;12153;20;10;0;<FLG>
V6155621;V615562101;QmnJ;1;"2024-06-22 00:00:00";16;11807;20;10;0;<FLG>
V6155621;V615562101;QmnJ;1;"2024-06-23 00:00:00";16;11677;20;10;0;<FLG>
V6155621;V615562101;QmnJ;1;"2024-06-24 00:00:00";16;10584;20;10;0;<FLG>
V6155621;V615562101;QmnJ;1;"2024-06-25 00:00:00";16;10201;20;10;0;<FLG>
V6155621;V615562101;QmnJ;1;"2024-06-26 00:00:00";16;9011;20;10;0;<FLG>
V6155621;V615562101;QmnJ;1;"2024-06-27 00:00:00";16;7768;20;10;0;<FLG>
V6155621;V615562101;QmnJ;1;"2024-06-28 00:00:00";16;7431;20;10;0;<FLG>
V6155621;V615562101;QmnJ;1;"2024-06-29 00:00:00";16;7710;20;10;0;<FLG>
V6155621;V615562101;QmnJ;1;"2024-06-30 00:00:00";16;7893;20;10;0;<FLG>
V6155621;V615562101;QmnJ;1;"2024-07-01 00:00:00";16;7424;20;10;0;<FLG>
V6155621;V615562101;QmnJ;1;"2024-07-02 00:00:00";16;7156;20;10;0;<FLG>
V6155621;V615562101;QmnJ;1;"2024-07-03 00:00:00";16;7049;20;10;0;<FLG>
V6155621;V615562101;QmnJ;1;"2024-07-04 00:00:00";16;6435;20;10;0;<FLG>
V6155621;V615562101;QmnJ;1;"2024-07-05 00:00:00";16;5712;20;10;0;<FLG>
V6155621;V615562101;QmnJ;1;"2024-07-06 00:00:00";16;5532;20;10;0;<FLG>
V6155621;V615562101;QmnJ;1;"2024-07-07 00:00:00";16;6603;20;10;0;<FLG>
V6155621;V615562101;QmnJ;1;"2024-07-08 00:00:00";16;5404;20;10;0;<FLG>
V6155621;V615562101;QmnJ;1;"2024-07-09 00:00:00";16;4555;20;10;0;<FLG>
V6155621;V615562101;QmnJ;1;"2024-07-10 00:00:00";16;4392;20;10;0;<FLG>
V6155621;V615562101;QmnJ;1;"2024-07-11 00:00:00";16;3871;20;10;0;<FLG>
V6155621;V615562101;QmnJ;1;"2024-07-12 00:00:00";16;4208;20;10;0;<FLG>
V6155621;V615562101;QmnJ;1;"2024-07-13 00:00:00";16;4199;20;10;0;<FLG>
V6155621;V615562101;QmnJ;1;"2024-07-14 00:00:00";16;4249;20;10;0;<FLG>
V6155621;V615562101;QmnJ;1;"2024-07-15 00:00:00";16;4360;20;10;0;<FLG>
V6155621;V615562101;QmnJ;1;"2024-07-16 00:00:00";16;4431;20;10;0;<FLG>
V6155621;V615562101;QmnJ;1;"2024-07-17 00:00:00";16;4124;20;10;0;<FLG>
V6155621;V615562101;QmnJ;1;"2024-07-18 00:00:00";16;3836;20;10;0;<FLG>
V6155621;V615562101;QmnJ;1;"2024-07-19 00:00:00";16;3635;20;10;0;<FLG>
V6155621;V615562101;QmnJ;1;"2024-07-20 00:00:00";16;3225;20;10;0;<FLG>
V6155621;V615562101;QmnJ;1;"2024-07-21 00:00:00";16;4594;20;10;0;<FLG>
V6155621;V615562101;QmnJ;1;"2024-07-22 00:00:00";16;4727;20;10;0;<FLG>
V6155621;V615562101;QmnJ;1;"2024-07-23 00:00:00";16;3707;20;10;0;<FLG>
V6155621;V615562101;QmnJ;1;"2024-07-24 00:00:00";16;3531;20;10;0;<FLG>
V6155621;V615562101;QmnJ;1;"2024-07-25 00:00:00";16;3391;20;10;0;<FLG>
V6155621;V615562101;QmnJ;1;"2024-07-26 00:00:00";16;3189;20;10;0;<FLG>
V6155621;V615562101;QmnJ;1;"2024-07-27 00:00:00";16;3184;20;10;0;<FLG>
V6155621;V615562101;QmnJ;1;"2024-07-28 00:00:00";16;3146;20;10;0;<FLG>
V6155621;V615562101;QmnJ;1;"2024-07-29 00:00:00";16;2913;20;10;0;<FLG>
V6155621;V615562101;QmnJ;1;"2024-07-30 00:00:00";16;2688;20;10;0;<FLG>
V6155621;V615562101;QmnJ;1;"2024-07-31 00:00:00";16;2740;20;10;0;<FLG>
V6155621;V615562101;QmnJ;1;"2024-08-01 00:00:00";16;2665;20;10;0;<FLG>
V6155621;V615562101;QmnJ;1;"2024-08-02 00:00:00";16;2734;20;10;0;<FLG>
V6155621;V615562101;QmnJ;1;"2024-08-03 00:00:00";16;3074;20;10;0;<FLG>
V6155621;V615562101;QmnJ;1;"2024-08-04 00:00:00";16;3127;20;10;0;<FLG>
V6155621;V615562101;QmnJ;1;"2024-08-05 00:00:00";16;2965;20;10;0;<FLG>
V6155621;V615562101;QmnJ;1;"2024-08-06 00:00:00";16;2606;20;10;0;<FLG>
V6155621;V615562101;QmnJ;1;"2024-08-07 00:00:00";16;2543;20;10;0;<FLG>
V6155621;V615562101;QmnJ;1;"2024-08-08 00:00:00";16;2473;20;10;0;<FLG>
V6155621;V615562101;QmnJ;1;"2024-08-09 00:00:00";16;2417;20;10;0;<FLG>
V6155621;V615562101;QmnJ;1;"2024-08-10 00:00:00";16;2362;20;10;0;<FLG>
V6155621;V615562101;QmnJ;1;"2024-08-11 00:00:00";16;2434;20;10;0;<FLG>
V6155621;V615562101;QmnJ;1;"2024-08-12 00:00:00";16;2400;20;10;0;<FLG>
V6155621;V615562101;QmnJ;1;"2024-08-13 00:00:00";16;2388;20;10;0;<FLG>
V6155621;V615562101;QmnJ;1;"2024-08-14 00:00:00";16;2608;20;10;0;<FLG>
V6155621;V615562101;QmnJ;1;"2024-08-15 00:00:00";16;3064;20;10;0;<FLG>
V6155621;V615562101;QmnJ;1;"2024-08-16 00:00:00";16;3197;20;10;0;<FLG>
V6155621;V615562101;QmnJ;1;"2024-08-17 00:00:00";16;3134;20;10;0;<FLG>
V6155621;V615562101;QmnJ;1;"2024-08-18 00:00:00";16;3276;20;10;0;<FLG>
V6155621;V615562101;QmnJ;1;"2024-08-19 00:00:00";16;3244;20;10;0;<FLG>
V6155621;V615562101;QmnJ;1;"2024-08-20 00:00:00";16;2818;20;10;0;<FLG>
V6155621;V615562101;QmnJ;1;"2024-08-21 00:00:00";16;2820;20;10;0;<FLG>
V6155621;V615562101;QmnJ;1;"2024-08-22 00:00:00";16;2943;20;10;0;<FLG>
V6155621;V615562101;QmnJ;1;"2024-08-23 00:00:00";16;2780;20;10;0;<FLG>
V6155621;V615562101;QmnJ;1;"2024-08-24 00:00:00";16;2798;20;10;0;<FLG>
V6155621;V615562101;QmnJ;1;"2024-08-25 00:00:00";16;2852;20;10;0;<FLG>
V6155621;V615562101;QmnJ;1;"2024-08-26 00:00:00";16;2959;20;10;0;<FLG>
V6155621;V615562101;QmnJ;1;"2024-08-27 00:00:00";16;2915;20;10;0;<FLG>
V6155621;V615562101;QmnJ;1;"2024-08-28 00:00:00";16;2761;20;10;0;<FLG>
V6155621;V615562101;QmnJ;1;"2024-08-29 00:00:00";16;2710;20;10;0;<FLG>
V6155621;V615562101;QmnJ;1;"2024-08-30 00:00:00";16;2583;20;10;0;<FLG>
V6155621;V615562101;QmnJ;1;"2024-08-31 00:00:00";16;2549;20;10;0;<FLG>
V6155621;V615562101;QmnJ;1;"2024-09-01 00:00:00";16;2677;20;10;0;<FLG>
V6155621;V615562101;QmnJ;1;"2024-09-02 00:00:00";16;2841;20;10;0;<FLG>
V6155621;V615562101;QmnJ;1;"2024-09-03 00:00:00";16;3444;20;10;0;<FLG>
V6155621;V615562101;QmnJ;1;"2024-09-04 00:00:00";16;5226;20;10;0;<FLG>
V6155621;V615562101;QmnJ;1;"2024-09-05 00:00:00";16;11392;20;10;0;<FLG>
V6155621;V615562101;QmnJ;1;"2024-09-06 00:00:00";16;4931;20;10;0;<FLG>
V6155621;V615562101;QmnJ;1;"2024-09-07 00:00:00";16;4433;20;10;0;<FLG>
V6155621;V615562101;QmnJ;1;"2024-09-08 00:00:00";16;7434;20;10;0;<FLG>
V6155621;V615562101;QmnJ;1;"2024-09-09 00:00:00";16;5794;20;10;0;<FLG>
V6155621;V615562101;QmnJ;1;"2024-09-10 00:00:00";16;4582;20;10;0;<FLG>
V6155621;V615562101;QmnJ;1;"2024-09-11 00:00:00";16;4485;20;10;0;<FLG>
V6155621;V615562101;QmnJ;1;"2024-09-12 00:00:00";16;4326;20;10;0;<FLG>
V6155621;V615562101;QmnJ;1;"2024-09-13 00:00:00";16;5015;20;10;0;<FLG>
V6155621;V615562101;QmnJ;1;"2024-09-14 00:00:00";16;4895;20;10;0;<FLG>
V6155621;V615562101;QmnJ;1;"2024-09-15 00:00:00";16;5087;20;10;0;<FLG>
V6155621;V615562101;QmnJ;1;"2024-09-16 00:00:00";16;4711;20;10;0;<FLG>
V6155621;V615562101;QmnJ;1;"2024-09-17 00:00:00";16;4083;20;10;0;<FLG>
V6155621;V615562101;QmnJ;1;"2024-09-18 00:00:00";16;3897;20;10;0;<FLG>
V6155621;V615562101;QmnJ;1;"2024-09-19 00:00:00";16;3718;20;10;0;<FLG>
V6155621;V615562101;QmnJ;1;"2024-09-20 00:00:00";16;3783;20;10;0;<FLG>
V6155621;V615562101;QmnJ;1;"2024-09-21 00:00:00";16;3968;20;10;0;<FLG>
V6155621;V615562101;QmnJ;1;"2024-09-22 00:00:00";16;6346;20;10;0;<FLG>
V6155621;V615562101;QmnJ;1;"2024-09-23 00:00:00";16;11427;20;10;0;<FLG>
V6155621;V615562101;QmnJ;1;"2024-09-24 00:00:00";16;9005;20;10;0;<FLG>
V6155621;V615562101;QmnJ;1;"2024-09-25 00:00:00";16;9498;20;10;0;<FLG>
V6155621;V615562101;QmnJ;1;"2024-09-26 00:00:00";16;9092;20;10;0;<FLG>
V6155621;V615562101;QmnJ;1;"2024-09-27 00:00:00";16;9089;20;10;0;<FLG>
V6155621;V615562101;QmnJ;1;"2024-09-28 00:00:00";16;9597;20;10;0;<FLG>
V6155621;V615562101;QmnJ;1;"2024-09-29 00:00:00";16;10410;20;10;0;<FLG>
V6155621;V615562101;QmnJ;1;"2024-09-30 00:00:00";16;9994;20;10;0;<FLG>
V6155621;V615562101;QmnJ;1;"2024-10-01 00:00:00";16;8241;20;10;0;<FLG>
V6155621;V615562101;QmnJ;1;"2024-10-02 00:00:00";16;7784;20;10;0;<FLG>
V6155621;V615562101;QmnJ;1;"2024-10-03 00:00:00";16;8322;20;10;0;<FLG>
V6155621;V615562101;QmnJ;1;"2024-10-04 00:00:00";16;8757;20;10;0;<FLG>
V6155621;V615562101;QmnJ;1;"2024-10-05 00:00:00";16;8791;20;10;0;<FLG>
V6155621;V615562101;QmnJ;1;"2024-10-06 00:00:00";16;8847;20;10;0;<FLG>
V6155621;V615562101;QmnJ;1;"2024-10-07 00:00:00";16;8241;20;10;0;<FLG>
V6155621;V615562101;QmnJ;1;"2024-10-08 00:00:00";16;10237;20;10;0;<FLG>
V6155621;V615562101;QmnJ;1;"2024-10-09 00:00:00";16;8465;20;10;0;<FLG>
V6155621;V615562101;QmnJ;1;"2024-10-10 00:00:00";16;9174;20;10;0;<FLG>
V6155621;V615562101;QmnJ;1;"2024-10-11 00:00:00";16;8553;20;10;0;<FLG>
V6155621;V615562101;QmnJ;1;"2024-10-12 00:00:00";16;9006;20;10;0;<FLG>
V6155621;V615562101;QmnJ;1;"2024-10-13 00:00:00";16;8178;20;10;0;<FLG>
V6155621;V615562101;QmnJ;1;"2024-10-14 00:00:00";16;7762;20;10;0;<FLG>
V6155621;V615562101;QmnJ;1;"2024-10-15 00:00:00";16;7872;20;10;0;<FLG>
V6155621;V615562101;QmnJ;1;"2024-10-16 00:00:00";16;9810;20;10;0;<FLG>
V6155621;V615562101;QmnJ;1;"2024-10-17 00:00:00";16;10397;20;10;0;<FLG>
V6155621;V615562101;QmnJ;1;"2024-10-18 00:00:00";16;14241;20;10;0;<FLG>
V6155621;V615562101;QmnJ;1;"2024-10-19 00:00:00";16;15694;20;10;0;<FLG>
V6155621;V615562101;QmnJ;1;"2024-10-20 00:00:00";16;17589;20;10;0;<FLG>
V6155621;V615562101;QmnJ;1;"2024-10-21 00:00:00";16;17352;20;10;0;<FLG>
V6155621;V615562101;QmnJ;1;"2024-10-22 00:00:00";16;16241;20;10;0;<FLG>
V6155621;V615562101;QmnJ;1;"2024-10-23 00:00:00";16;14974;20;10;0;<FLG>
V6155621;V615562101;QmnJ;1;"2024-10-24 00:00:00";16;15312;20;10;0;<FLG>
V6155621;V615562101;QmnJ;1;"2024-10-25 00:00:00";16;15437;20;10;0;<FLG>
V6155621;V615562101;QmnJ;1;"2024-10-26 00:00:00";16;14472;20;10;0;<FLG>
V6155621;V615562101;QmnJ;1;"2024-10-27 00:00:00";16;14721;20;10;0;<FLG>
V6155621;V615562101;QmnJ;1;"2024-10-28 00:00:00";16;16530;20;10;0;<FLG>
V6155621;V615562101;QmnJ;1;"2024-10-29 00:00:00";16;18116;20;10;0;<FLG>
V6155621;V615562101;QmnJ;1;"2024-10-30 00:00:00";16;18130;20;10;0;<FLG>
V6155621;V615562101;QmnJ;1;"2024-10-31 00:00:00";16;17471;20;10;0;<FLG>
V6155621;V615562101;QmnJ;1;"2024-11-01 00:00:00";16;17129;20;10;0;<FLG>
V6155621;V615562101;QmnJ;1;"2024-11-02 00:00:00";16;16794;20;10;0;<FLG>
V6155621;V615562101;QmnJ;1;"2024-11-03 00:00:00";16;16317;20;10;0;<FLG>
V6155621;V615562101;QmnJ;1;"2024-11-04 00:00:00";16;15384;20;10;0;<FLG>
V6155621;V615562101;QmnJ;1;"2024-11-05 00:00:00";16;14136;20;10;0;<FLG>
V6155621;V615562101;QmnJ;1;"2024-11-06 00:00:00";16;13092;20;10;0;<FLG>
V6155621;V615562101;QmnJ;1;"2024-11-07 00:00:00";16;12204;20;10;0;<FLG>
V6155621;V615562101;QmnJ;1;"2024-11-08 00:00:00";16;11863;20;10;0;<FLG>
V6155621;V615562101;QmnJ;1;"2024-11-09 00:00:00";16;11074;20;10;0;<FLG>
V6155621;V615562101;QmnJ;1;"2024-11-10 00:00:00";16;10940;20;10;0;<FLG>
V6155621;V615562101;QmnJ;1;"2024-11-11 00:00:00";16;11402;20;10;0;<FLG>
V6155621;V615562101;QmnJ;1;"2024-11-12 00:00:00";16;11870;20;10;0;<FLG>
V6155621;V615562101;QmnJ;1;"2024-11-13 00:00:00";16;11126;20;10;0;<FLG>
V6155621;V615562101;QmnJ;1;"2024-11-14 00:00:00";16;10798;20;10;0;<FLG>
V6155621;V615562101;QmnJ;1;"2024-11-15 00:00:00";16;10094;20;10;0;<FLG>
V6155621;V615562101;QmnJ;1;"2024-11-16 00:00:00";16;9866;20;10;0;<FLG>
V6155621;V615562101;QmnJ;1;"2024-11-17 00:00:00";16;9177;20;10;0;<FLG>
V6155621;V615562101;QmnJ;1;"2024-11-18 00:00:00";16;8827;20;10;0;<FLG>
V6155621;V615562101;QmnJ;1;"2024-11-19 00:00:00";16;8596;20;10;0;<FLG>
V6155621;V615562101;QmnJ;1;"2024-11-20 00:00:00";16;8191;20;10;0;<FLG>
V6155621;V615562101;QmnJ;1;"2024-11-21 00:00:00";16;8350;20;10;0;<FLG>
V6155621;V615562101;QmnJ;1;"2024-11-22 00:00:00";16;8660;20;10;0;<FLG>
V6155621;V615562101;QmnJ;1;"2024-11-23 00:00:00";16;10849;20;10;0;<FLG>
V6155621;V615562101;QmnJ;1;"2024-11-24 00:00:00";16;10416;20;10;0;<FLG>
V6155621;V615562101;QmnJ;1;"2024-11-25 00:00:00";16;11081;20;10;0;<FLG>
V6155621;V615562101;QmnJ;1;"2024-11-26 00:00:00";16;14710;20;10;0;<FLG>
V6155621;V615562101;QmnJ;1;"2024-11-27 00:00:00";16;15515;20;10;0;<FLG>
V6155621;V615562101;QmnJ;1;"2024-11-28 00:00:00";16;17033;20;10;0;<FLG>
V6155621;V615562101;QmnJ;1;"2024-11-29 00:00:00";16;16896;20;10;0;<FLG>
V6155621;V615562101;QmnJ;1;"2024-11-30 00:00:00";16;16064;20;10;0;<FLG>
V6155621;V615562101;QmnJ;1;"2024-12-01 00:00:00";16;14995;20;10;0;<FLG>
V6155621;V615562101;QmnJ;1;"2024-12-02 00:00:00";16;14376;20;10;0;<FLG>
V6155621;V615562101;QmnJ;1;"2024-12-03 00:00:00";16;13817;20;10;0;<FLG>
V6155621;V615562101;QmnJ;1;"2024-12-04 00:00:00";16;13771;20;10;0;<FLG>
V6155621;V615562101;QmnJ;1;"2024-12-05 00:00:00";16;13611;20;10;0;<FLG>
V6155621;V615562101;QmnJ;1;"2024-12-06 00:00:00";16;12682;20;10;0;<FLG>
V6155621;V615562101;QmnJ;1;"2024-12-07 00:00:00";16;11469;20;10;0;<FLG>
V6155621;V615562101;QmnJ;1;"2024-12-08 00:00:00";16;10181;20;10;0;<FLG>
V6155621;V615562101;QmnJ;1;"2024-12-09 00:00:00";16;8920;20;10;0;<FLG>
V6155621;V615562101;QmnJ;1;"2024-12-10 00:00:00";16;7970;20;10;0;<FLG>
V6155621;V615562101;QmnJ;1;"2024-12-11 00:00:00";16;7308;20;10;0;<FLG>
V6155621;V615562101;QmnJ;1;"2024-12-12 00:00:00";16;7210;20;10;0;<FLG>
V6155621;V615562101;QmnJ;1;"2024-12-13 00:00:00";16;7061;20;10;0;<FLG>
V6155621;V615562101;QmnJ;1;"2024-12-14 00:00:00";16;6848;20;10;0;<FLG>
V6155621;V615562101;QmnJ;1;"2024-12-15 00:00:00";16;6177;20;10;0;<FLG>
V6155621;V615562101;QmnJ;1;"2024-12-16 00:00:00";16;6073;20;10;0;<FLG>
V6155621;V615562101;QmnJ;1;"2024-12-17 00:00:00";16;5998;20;10;0;<FLG>
V6155621;V615562101;QmnJ;1;"2024-12-18 00:00:00";16;5955;20;10;0;<FLG>
V6155621;V615562101;QmnJ;1;"2024-12-19 00:00:00";16;6161;20;10;0;<FLG>
V6155621;V615562101;QmnJ;1;"2024-12-20 00:00:00";16;5762;20;10;0;<FLG>
V6155621;V615562101;QmnJ;1;"2024-12-21 00:00:00";16;5460;20;10;0;<FLG>
V6155621;V615562101;QmnJ;1;"2024-12-22 00:00:00";16;5707;20;10;0;<FLG>
V6155621;V615562101;QmnJ;1;"2024-12-23 00:00:00";16;5355;20;10;0;<FLG>
V6155621;V615562101;QmnJ;1;"2024-12-24 00:00:00";16;5557;20;10;0;<FLG>
V6155621;V615562101;QmnJ;1;"2024-12-25 00:00:00";16;5371;20;10;0;<FLG>
V6155621;V615562101;QmnJ;1;"2024-12-26 00:00:00";16;5284;20;10;0;<FLG>
V6155621;V615562101;QmnJ;1;"2024-12-27 00:00:00";16;5097;20;10;0;<FLG>
V6155621;V615562101;QmnJ;1;"2024-12-28 00:00:00";16;4911;20;10;0;<FLG>
V6155621;V615562101;QmnJ;1;"2024-12-29 00:00:00";16;4732;20;10;0;<FLG>
V6155621;V615562101;QmnJ;1;"2024-12-30 00:00:00";16;4690;20;10;0;<FLG>
V6155621;V615562101;QmnJ;1;"2024-12-31 00:00:00";16;4509;20;10;0;<FLG>
V6155020;V615502002;QmnJ;1;"2016-03-03 00:00:00";16;17405;20;10;0;<FLG>
V6155020;V615502002;QmnJ;1;"2016-03-04 00:00:00";16;17426;20;10;0;<FLG>
V6155020;V615502002;QmnJ;1;"2016-03-05 00:00:00";16;17446;20;10;0;<FLG>
V6155020;V615502002;QmnJ;1;"2016-03-06 00:00:00";16;17483;20;10;0;<FLG>
V6155020;V615502002;QmnJ;1;"2016-03-07 00:00:00";16;17621;20;10;0;<FLG>
V6155020;V615502002;QmnJ;1;"2016-03-08 00:00:00";16;17777;20;10;0;<FLG>
V6155020;V615502002;QmnJ;1;"2016-03-09 00:00:00";16;17876;20;10;0;<FLG>
V6155020;V615502002;QmnJ;1;"2016-03-10 00:00:00";16;17631;20;10;0;<FLG>
V6155020;V615502002;QmnJ;1;"2016-03-11 00:00:00";16;17326;20;10;0;<FLG>
V6155020;V615502002;QmnJ;1;"2016-03-12 00:00:00";16;16998;20;10;0;<FLG>
V6155020;V615502002;QmnJ;1;"2016-03-13 00:00:00";16;16701;20;10;0;<FLG>
V6155020;V615502002;QmnJ;1;"2016-03-14 00:00:00";16;16410;20;10;0;<FLG>
V6155020;V615502002;QmnJ;1;"2016-03-15 00:00:00";16;16119;20;10;0;<FLG>
V6155020;V615502002;QmnJ;1;"2016-03-16 00:00:00";16;15827;20;10;0;<FLG>
V6155020;V615502002;QmnJ;1;"2016-03-17 00:00:00";16;15564;20;10;0;<FLG>
V6155020;V615502002;QmnJ;1;"2016-03-18 00:00:00";16;15479;20;10;0;<FLG>
V6155020;V615502002;QmnJ;1;"2016-03-19 00:00:00";16;15493;20;10;0;<FLG>
V6155020;V615502002;QmnJ;1;"2016-03-20 00:00:00";16;15518;20;10;0;<FLG>
V6155020;V615502002;QmnJ;1;"2016-03-21 00:00:00";16;15544;20;10;0;<FLG>
V6155020;V615502002;QmnJ;1;"2016-03-22 00:00:00";16;15569;20;10;0;<FLG>
V6155020;V615502002;QmnJ;1;"2016-03-23 00:00:00";16;15567;20;10;0;<FLG>
V6155020;V615502002;QmnJ;1;"2016-03-24 00:00:00";16;15401;20;10;0;<FLG>
V6155020;V615502002;QmnJ;1;"2016-03-25 00:00:00";16;15207;20;10;0;<FLG>
V6155020;V615502002;QmnJ;1;"2016-03-26 00:00:00";16;15008;20;10;0;<FLG>
V6155020;V615502002;QmnJ;1;"2016-03-27 00:00:00";16;14773;20;10;0;<FLG>
V6155020;V615502002;QmnJ;1;"2016-03-28 00:00:00";16;14529;20;10;0;<FLG>
V6155020;V615502002;QmnJ;1;"2016-03-29 00:00:00";16;14297;20;10;0;<FLG>
V6155020;V615502002;QmnJ;1;"2016-03-30 00:00:00";16;14132;20;10;0;<FLG>
V6155020;V615502002;QmnJ;1;"2016-03-31 00:00:00";16;13977;20;10;0;<FLG>
V6155020;V615502002;QmnJ;1;"2016-04-01 00:00:00";16;13822;20;10;0;<FLG>
V6155020;V615502002;QmnJ;1;"2016-04-02 00:00:00";16;13668;20;10;0;<FLG>
V6155020;V615502002;QmnJ;1;"2016-04-03 00:00:00";16;13514;20;10;0;<FLG>
V6155020;V615502002;QmnJ;1;"2016-04-04 00:00:00";16;13364;20;10;0;<FLG>
V6155020;V615502002;QmnJ;1;"2016-04-05 00:00:00";16;13215;20;10;0;<FLG>
V6155020;V615502002;QmnJ;1;"2016-04-06 00:00:00";16;13069;20;10;0;<FLG>
V6155020;V615502002;QmnJ;1;"2016-04-07 00:00:00";16;12933;20;10;0;<FLG>
V6155020;V615502002;QmnJ;1;"2016-04-08 00:00:00";16;12800;20;10;0;<FLG>
V6155020;V615502002;QmnJ;1;"2016-04-09 00:00:00";16;12659;20;10;0;<FLG>
V6155020;V615502002;QmnJ;1;"2016-04-10 00:00:00";16;12498;20;10;0;<FLG>
V6155020;V615502002;QmnJ;1;"2016-04-11 00:00:00";16;12335;20;10;0;<FLG>
V6155020;V615502002;QmnJ;1;"2016-04-12 00:00:00";16;12172;20;10;0;<FLG>
V6155020;V615502002;QmnJ;1;"2016-04-13 00:00:00";16;12008;20;10;0;<FLG>
V6155020;V615502002;QmnJ;1;"2016-04-14 00:00:00";16;11845;20;10;0;<FLG>
V6155020;V615502002;QmnJ;1;"2016-04-15 00:00:00";16;11682;20;10;0;<FLG>
V6155020;V615502002;QmnJ;1;"2016-04-16 00:00:00";16;11518;20;10;0;<FLG>
V6155020;V615502002;QmnJ;1;"2016-04-17 00:00:00";16;11355;20;10;0;<FLG>
V6155020;V615502002;QmnJ;1;"2016-04-18 00:00:00";16;11191;20;10;0;<FLG>
V6155020;V615502002;QmnJ;1;"2016-04-19 00:00:00";16;11028;20;10;0;<FLG>
V6155020;V615502002;QmnJ;1;"2016-04-20 00:00:00";16;10865;20;10;0;<FLG>
V6155020;V615502002;QmnJ;1;"2016-04-21 00:00:00";16;10701;20;10;0;<FLG>
V6155020;V615502002;QmnJ;1;"2016-04-22 00:00:00";16;10538;20;10;0;<FLG>
V6155020;V615502002;QmnJ;1;"2016-04-23 00:00:00";16;10374;20;10;0;<FLG>
V6155020;V615502002;QmnJ;1;"2016-04-24 00:00:00";16;10211;20;10;0;<FLG>
V6155020;V615502002;QmnJ;1;"2016-04-25 00:00:00";16;10039;20;10;0;<FLG>
V6155020;V615502002;QmnJ;1;"2016-04-26 00:00:00";16;9850;20;10;0;<FLG>
V6155020;V615502002;QmnJ;1;"2016-04-27 00:00:00";16;9669;20;10;0;<FLG>
V6155020;V615502002;QmnJ;1;"2016-04-28 00:00:00";16;9530;20;10;0;<FLG>
V6155020;V615502002;QmnJ;1;"2016-04-29 00:00:00";16;9398;20;10;0;<FLG>
V6155020;V615502002;QmnJ;1;"2016-04-30 00:00:00";16;9266;20;10;0;<FLG>
V6155020;V615502002;QmnJ;1;"2016-05-01 00:00:00";16;9134;20;10;0;<FLG>
V6155020;V615502002;QmnJ;1;"2016-05-02 00:00:00";16;9002;20;10;0;<FLG>
V6155020;V615502002;QmnJ;1;"2016-05-03 00:00:00";16;8876;20;10;0;<FLG>
V6155020;V615502002;QmnJ;1;"2016-05-04 00:00:00";16;8784;20;10;0;<FLG>
V6155020;V615502002;QmnJ;1;"2016-05-05 00:00:00";16;8697;20;10;0;<FLG>
V6155020;V615502002;QmnJ;1;"2016-05-06 00:00:00";16;8611;20;10;0;<FLG>
V6155020;V615502002;QmnJ;1;"2016-05-07 00:00:00";16;8524;20;10;0;<FLG>
V6155020;V615502002;QmnJ;1;"2016-05-08 00:00:00";16;8438;20;10;0;<FLG>
V6155020;V615502002;QmnJ;1;"2016-05-09 00:00:00";16;8351;20;10;0;<FLG>
V6155020;V615502002;QmnJ;1;"2016-05-10 00:00:00";16;8503;20;10;0;<FLG>
V6155020;V615502002;QmnJ;1;"2016-05-11 00:00:00";16;10051;20;10;0;<FLG>
V6155020;V615502002;QmnJ;1;"2016-05-12 00:00:00";16;11609;20;10;0;<FLG>
V6155020;V615502002;QmnJ;1;"2016-05-13 00:00:00";16;12830;20;10;0;<FLG>
V6155020;V615502002;QmnJ;1;"2016-05-14 00:00:00";16;13678;20;10;0;<FLG>
V6155020;V615502002;QmnJ;1;"2016-05-15 00:00:00";16;13466;20;10;0;<FLG>
V6155020;V615502002;QmnJ;1;"2016-05-16 00:00:00";16;13080;20;10;0;<FLG>
V6155020;V615502002;QmnJ;1;"2016-05-17 00:00:00";16;12683;20;10;0;<FLG>
V6155020;V615502002;QmnJ;1;"2016-05-18 00:00:00";16;12225;20;10;0;<FLG>
V6155020;V615502002;QmnJ;1;"2016-05-19 00:00:00";16;11785;20;10;0;<FLG>
V6155020;V615502002;QmnJ;1;"2016-05-20 00:00:00";16;11509;20;10;0;<FLG>
V6155020;V615502002;QmnJ;1;"2016-05-21 00:00:00";16;11260;20;10;0;<FLG>
V6155020;V615502002;QmnJ;1;"2016-05-22 00:00:00";16;11012;20;10;0;<FLG>
V6155020;V615502002;QmnJ;1;"2016-05-23 00:00:00";16;10763;20;10;0;<FLG>
V6155020;V615502002;QmnJ;1;"2016-05-24 00:00:00";16;10514;20;10;0;<FLG>
V6155020;V615502002;QmnJ;1;"2016-05-25 00:00:00";16;10266;20;10;0;<FLG>
V6155020;V615502002;QmnJ;1;"2016-05-26 00:00:00";16;10003;20;10;0;<FLG>
V6155020;V615502002;QmnJ;1;"2016-05-27 00:00:00";16;9716;20;10;0;<FLG>
V6155020;V615502002;QmnJ;1;"2016-05-28 00:00:00";16;9450;20;10;0;<FLG>
V6155020;V615502002;QmnJ;1;"2016-05-29 00:00:00";16;9312;20;10;0;<FLG>
V6155020;V615502002;QmnJ;1;"2016-05-30 00:00:00";16;9198;20;10;0;<FLG>
V6155020;V615502002;QmnJ;1;"2016-05-31 00:00:00";16;9095;20;10;0;<FLG>
V6155020;V615502002;QmnJ;1;"2016-06-01 00:00:00";16;8994;20;10;0;<FLG>
V6155020;V615502002;QmnJ;1;"2016-06-02 00:00:00";16;8893;20;10;0;<FLG>
V6155020;V615502002;QmnJ;1;"2016-06-03 00:00:00";16;8793;20;10;0;<FLG>
V6155020;V615502002;QmnJ;1;"2016-06-04 00:00:00";16;8692;20;10;0;<FLG>
V6155020;V615502002;QmnJ;1;"2016-06-05 00:00:00";16;8603;20;10;0;<FLG>
V6155020;V615502002;QmnJ;1;"2016-06-06 00:00:00";16;8591;20;10;0;<FLG>
V6155020;V615502002;QmnJ;1;"2016-06-07 00:00:00";16;8591;20;10;0;<FLG>
V6155020;V615502002;QmnJ;1;"2016-06-08 00:00:00";16;8591;20;10;0;<FLG>
V6155020;V615502002;QmnJ;1;"2016-06-09 00:00:00";16;8575;20;10;0;<FLG>
V6155020;V615502002;QmnJ;1;"2016-06-10 00:00:00";16;8467;20;10;0;<FLG>
V6155020;V615502002;QmnJ;1;"2016-06-11 00:00:00";16;8343;20;10;0;<FLG>
V6155020;V615502002;QmnJ;1;"2016-06-12 00:00:00";16;8224;20;10;0;<FLG>
V6155020;V615502002;QmnJ;1;"2016-06-13 00:00:00";16;8139;20;10;0;<FLG>
V6155020;V615502002;QmnJ;1;"2016-06-14 00:00:00";16;8059;20;10;0;<FLG>
V6155020;V615502002;QmnJ;1;"2016-06-15 00:00:00";16;7979;20;10;0;<FLG>
V6155020;V615502002;QmnJ;1;"2016-06-16 00:00:00";16;7899;20;10;0;<FLG>
V6155020;V615502002;QmnJ;1;"2016-06-17 00:00:00";16;7819;20;10;0;<FLG>
V6155020;V615502002;QmnJ;1;"2016-06-18 00:00:00";16;7740;20;10;0;<FLG>
V6155020;V615502002;QmnJ;1;"2016-06-19 00:00:00";16;7657;20;10;0;<FLG>
V6155020;V615502002;QmnJ;1;"2016-06-20 00:00:00";16;7565;20;10;0;<FLG>
V6155020;V615502002;QmnJ;1;"2016-06-21 00:00:00";16;7473;20;10;0;<FLG>
V6155020;V615502002;QmnJ;1;"2016-06-22 00:00:00";16;7380;20;10;0;<FLG>
V6155020;V615502002;QmnJ;1;"2016-06-23 00:00:00";16;7287;20;10;0;<FLG>
V6155020;V615502002;QmnJ;1;"2016-06-24 00:00:00";16;7195;20;10;0;<FLG>
V6155020;V615502002;QmnJ;1;"2016-06-25 00:00:00";16;7102;20;10;0;<FLG>
V6155020;V615502002;QmnJ;1;"2016-06-26 00:00:00";16;7010;20;10;0;<FLG>
V6155020;V615502002;QmnJ;1;"2016-06-27 00:00:00";16;6924;20;10;0;<FLG>
V6155020;V615502002;QmnJ;1;"2016-06-28 00:00:00";16;6839;20;10;0;<FLG>
V6155020;V615502002;QmnJ;1;"2016-06-29 00:00:00";16;6754;20;10;0;<FLG>
V6155020;V615502002;QmnJ;1;"2016-06-30 00:00:00";16;6669;20;10;0;<FLG>
V6155020;V615502002;QmnJ;1;"2016-07-01 00:00:00";16;6584;20;10;0;<FLG>
V6155020;V615502002;QmnJ;1;"2016-07-02 00:00:00";16;6499;20;10;0;<FLG>
V6155020;V615502002;QmnJ;1;"2016-07-03 00:00:00";16;6417;20;10;0;<FLG>
V6155020;V615502002;QmnJ;1;"2016-07-04 00:00:00";16;6351;20;10;0;<FLG>
V6155020;V615502002;QmnJ;1;"2016-07-05 00:00:00";16;6288;20;10;0;<FLG>
V6155020;V615502002;QmnJ;1;"2016-07-06 00:00:00";16;6225;20;10;0;<FLG>
V6155020;V615502002;QmnJ;1;"2016-07-07 00:00:00";16;6163;20;10;0;<FLG>
V6155020;V615502002;QmnJ;1;"2016-07-08 00:00:00";16;6144;20;10;0;<FLG>
V6155020;V615502002;QmnJ;1;"2016-07-09 00:00:00";16;6144;20;10;0;<FLG>
V6155020;V615502002;QmnJ;1;"2016-07-10 00:00:00";16;6126;20;10;0;<FLG>
V6155020;V615502002;QmnJ;1;"2016-07-11 00:00:00";16;6090;20;10;0;<FLG>
V6155020;V615502002;QmnJ;1;"2016-07-12 00:00:00";16;6054;20;10;0;<FLG>
V6155020;V615502002;QmnJ;1;"2016-07-13 00:00:00";16;6017;20;10;0;<FLG>
V6155020;V615502002;QmnJ;1;"2016-07-14 00:00:00";16;5980;20;10;0;<FLG>
V6155020;V615502002;QmnJ;1;"2016-07-15 00:00:00";16;5939;20;10;0;<FLG>
V6155020;V615502002;QmnJ;1;"2016-07-16 00:00:00";16;5898;20;10;0;<FLG>
V6155020;V615502002;QmnJ;1;"2016-07-17 00:00:00";16;5856;20;10;0;<FLG>
V6155020;V615502002;QmnJ;1;"2016-07-18 00:00:00";16;5815;20;10;0;<FLG>
V6155020;V615502002;QmnJ;1;"2016-07-19 00:00:00";16;5774;20;10;0;<FLG>
V6155020;V615502002;QmnJ;1;"2016-07-20 00:00:00";16;5732;20;10;0;<FLG>
V6155020;V615502002;QmnJ;1;"2016-07-21 00:00:00";16;5691;20;10;0;<FLG>
V6155020;V615502002;QmnJ;1;"2016-07-22 00:00:00";16;5651;20;10;0;<FLG>
V6155020;V615502002;QmnJ;1;"2016-07-23 00:00:00";16;5622;20;10;0;<FLG>
V6155020;V615502002;QmnJ;1;"2016-07-24 00:00:00";16;5595;20;10;0;<FLG>
V6155020;V615502002;QmnJ;1;"2016-07-25 00:00:00";16;5567;20;10;0;<FLG>
V6155020;V615502002;QmnJ;1;"2016-07-26 00:00:00";16;5539;20;10;0;<FLG>
V6155020;V615502002;QmnJ;1;"2016-07-27 00:00:00";16;5512;20;10;0;<FLG>
V6155020;V615502002;QmnJ;1;"2016-07-28 00:00:00";16;5484;20;10;0;<FLG>
V6155020;V615502002;QmnJ;1;"2016-07-29 00:00:00";16;5451;20;10;0;<FLG>
V6155020;V615502002;QmnJ;1;"2016-07-30 00:00:00";16;5418;20;10;0;<FLG>
V6155020;V615502002;QmnJ;1;"2016-07-31 00:00:00";16;5385;20;10;0;<FLG>
V6155020;V615502002;QmnJ;1;"2016-08-01 00:00:00";16;5352;20;10;0;<FLG>
V6155020;V615502002;QmnJ;1;"2016-08-02 00:00:00";16;5319;20;10;0;<FLG>
V6155020;V615502002;QmnJ;1;"2016-08-03 00:00:00";16;5286;20;10;0;<FLG>
V6155020;V615502002;QmnJ;1;"2016-08-04 00:00:00";16;5253;20;10;0;<FLG>
V6155020;V615502002;QmnJ;1;"2016-08-05 00:00:00";16;5220;20;10;0;<FLG>
V6155020;V615502002;QmnJ;1;"2016-08-06 00:00:00";16;5187;20;10;0;<FLG>
V6155020;V615502002;QmnJ;1;"2016-08-07 00:00:00";16;5154;20;10;0;<FLG>
V6155020;V615502002;QmnJ;1;"2016-08-08 00:00:00";16;5126;20;10;0;<FLG>
V6155020;V615502002;QmnJ;1;"2016-08-09 00:00:00";16;5098;20;10;0;<FLG>
V6155020;V615502002;QmnJ;1;"2016-08-10 00:00:00";16;5071;20;10;0;<FLG>
V6155020;V615502002;QmnJ;1;"2016-08-11 00:00:00";16;5043;20;10;0;<FLG>
V6155020;V615502002;QmnJ;1;"2016-08-12 00:00:00";16;5016;20;10;0;<FLG>
V6155020;V615502002;QmnJ;1;"2016-08-13 00:00:00";16;4988;20;10;0;<FLG>
V6155020;V615502002;QmnJ;1;"2016-08-14 00:00:00";16;4961;20;10;0;<FLG>
V6155020;V615502002;QmnJ;1;"2016-08-15 00:00:00";16;4934;20;10;0;<FLG>
V6155020;V615502002;QmnJ;1;"2016-08-16 00:00:00";16;4911;20;10;0;<FLG>
V6155020;V615502002;QmnJ;1;"2016-08-17 00:00:00";16;4889;20;10;0;<FLG>
V6155020;V615502002;QmnJ;1;"2016-08-18 00:00:00";16;4867;20;10;0;<FLG>
V6155020;V615502002;QmnJ;1;"2016-08-19 00:00:00";16;4845;20;10;0;<FLG>
V6155020;V615502002;QmnJ;1;"2016-08-20 00:00:00";16;4823;20;10;0;<FLG>
V6155020;V615502002;QmnJ;1;"2016-08-21 00:00:00";16;4792;20;10;0;<FLG>
V6155020;V615502002;QmnJ;1;"2016-08-22 00:00:00";16;4723;20;10;0;<FLG>
V6155020;V615502002;QmnJ;1;"2016-08-23 00:00:00";16;4707;20;10;0;<FLG>
V6155020;V615502002;QmnJ;1;"2016-08-24 00:00:00";16;4701;20;10;0;<FLG>
V6155020;V615502002;QmnJ;1;"2016-08-25 00:00:00";16;4696;20;10;0;<FLG>
V6155020;V615502002;QmnJ;1;"2016-08-26 00:00:00";16;4688;20;10;0;<FLG>
V6155020;V615502002;QmnJ;1;"2016-08-27 00:00:00";16;4668;20;10;0;<FLG>
V6155020;V615502002;QmnJ;1;"2016-08-28 00:00:00";16;4646;20;10;0;<FLG>
V6155020;V615502002;QmnJ;1;"2016-08-29 00:00:00";16;4624;20;10;0;<FLG>
V6155020;V615502002;QmnJ;1;"2016-08-30 00:00:00";16;4602;20;10;0;<FLG>
V6155020;V615502002;QmnJ;1;"2016-08-31 00:00:00";16;4581;20;10;0;<FLG>
V6155020;V615502002;QmnJ;1;"2016-09-01 00:00:00";16;4562;20;10;0;<FLG>
V6155020;V615502002;QmnJ;1;"2016-09-02 00:00:00";16;4545;20;10;0;<FLG>
V6155020;V615502002;QmnJ;1;"2016-09-03 00:00:00";16;4527;20;10;0;<FLG>
V6155020;V615502002;QmnJ;1;"2016-09-04 00:00:00";16;4510;20;10;0;<FLG>
V6155020;V615502002;QmnJ;1;"2016-09-05 00:00:00";16;4493;20;10;0;<FLG>
V6155020;V615502002;QmnJ;1;"2016-09-06 00:00:00";16;4479;20;10;0;<FLG>
V6155020;V615502002;QmnJ;1;"2016-09-07 00:00:00";16;4467;20;10;0;<FLG>
V6155020;V615502002;QmnJ;1;"2016-09-08 00:00:00";16;4454;20;10;0;<FLG>
V6155020;V615502002;QmnJ;1;"2016-09-09 00:00:00";16;4443;20;10;0;<FLG>
V6155020;V615502002;QmnJ;1;"2016-09-10 00:00:00";16;4433;20;10;0;<FLG>
V6155020;V615502002;QmnJ;1;"2016-09-11 00:00:00";16;4422;20;10;0;<FLG>
V6155020;V615502002;QmnJ;1;"2016-09-12 00:00:00";16;4413;20;10;0;<FLG>
V6155020;V615502002;QmnJ;1;"2016-09-13 00:00:00";16;4412;20;10;0;<FLG>
V6155020;V615502002;QmnJ;1;"2016-09-14 00:00:00";16;4412;20;10;0;<FLG>
V6155020;V615502002;QmnJ;1;"2016-09-15 00:00:00";16;4422;20;10;0;<FLG>
V6155020;V615502002;QmnJ;1;"2016-09-16 00:00:00";16;4503;20;10;0;<FLG>
V6155020;V615502002;QmnJ;1;"2016-09-17 00:00:00";16;4584;20;10;0;<FLG>
V6155020;V615502002;QmnJ;1;"2016-09-18 00:00:00";16;4558;20;10;0;<FLG>
V6155020;V615502002;QmnJ;1;"2016-09-19 00:00:00";16;4514;20;10;0;<FLG>
V6155020;V615502002;QmnJ;1;"2016-09-20 00:00:00";16;4470;20;10;0;<FLG>
V6155020;V615502002;QmnJ;1;"2016-09-21 00:00:00";16;4430;20;10;0;<FLG>
V6155020;V615502002;QmnJ;1;"2016-09-22 00:00:00";16;4395;20;10;0;<FLG>
V6155020;V615502002;QmnJ;1;"2016-09-23 00:00:00";16;4364;20;10;0;<FLG>
V6155020;V615502002;QmnJ;1;"2016-09-24 00:00:00";16;4335;20;10;0;<FLG>
V6155020;V615502002;QmnJ;1;"2016-09-25 00:00:00";16;4305;20;10;0;<FLG>
V6155020;V615502002;QmnJ;1;"2016-09-26 00:00:00";16;4280;20;10;0;<FLG>
V6155020;V615502002;QmnJ;1;"2016-09-27 00:00:00";16;4276;20;10;0;<FLG>
V6155020;V615502002;QmnJ;1;"2016-09-28 00:00:00";16;4276;20;10;0;<FLG>
V6155020;V615502002;QmnJ;1;"2016-09-29 00:00:00";16;4276;20;10;0;<FLG>
V6155020;V615502002;QmnJ;1;"2016-09-30 00:00:00";16;4276;20;10;0;<FLG>
V6155020;V615502002;QmnJ;1;"2016-10-01 00:00:00";16;4276;20;10;0;<FLG>
V6155020;V615502002;QmnJ;1;"2016-10-02 00:00:00";16;4276;20;10;0;<FLG>
V6155020;V615502002;QmnJ;1;"2016-10-03 00:00:00";16;4278;20;10;0;<FLG>
V6155020;V615502002;QmnJ;1;"2016-10-04 00:00:00";16;4290;20;10;0;<FLG>
V6155020;V615502002;QmnJ;1;"2016-10-05 00:00:00";16;4299;20;10;0;<FLG>
V6155020;V615502002;QmnJ;1;"2016-10-06 00:00:00";16;4280;20;10;0;<FLG>
V6155020;V615502002;QmnJ;1;"2016-10-07 00:00:00";16;4258;20;10;0;<FLG>
V6155020;V615502002;QmnJ;1;"2016-10-08 00:00:00";16;4235;20;10;0;<FLG>
V6155020;V615502002;QmnJ;1;"2016-10-09 00:00:00";16;4214;20;10;0;<FLG>
V6155020;V615502002;QmnJ;1;"2016-10-10 00:00:00";16;4203;20;10;0;<FLG>
V6155020;V615502002;QmnJ;1;"2016-10-11 00:00:00";16;4314;20;10;0;<FLG>
V6155020;V615502002;QmnJ;1;"2016-10-12 00:00:00";16;5247;20;10;0;<FLG>
V6155020;V615502002;QmnJ;1;"2016-10-13 00:00:00";16;6349;20;10;0;<FLG>
V6155020;V615502002;QmnJ;1;"2016-10-14 00:00:00";16;7430;20;10;0;<FLG>
V6155020;V615502002;QmnJ;1;"2016-10-15 00:00:00";16;8474;20;10;0;<FLG>
V6155020;V615502002;QmnJ;1;"2016-10-16 00:00:00";16;9731;20;10;0;<FLG>
V6155020;V615502002;QmnJ;1;"2016-10-17 00:00:00";16;10129;20;10;0;<FLG>
V6155020;V615502002;QmnJ;1;"2016-10-18 00:00:00";16;10526;20;10;0;<FLG>
V6155020;V615502002;QmnJ;1;"2016-10-19 00:00:00";16;10182;20;10;0;<FLG>
V6155020;V615502002;QmnJ;1;"2016-10-20 00:00:00";16;9312;20;10;0;<FLG>
V6155020;V615502002;QmnJ;1;"2016-10-21 00:00:00";16;8498;20;10;0;<FLG>
V6155020;V615502002;QmnJ;1;"2016-10-22 00:00:00";16;7820;20;10;0;<FLG>
V6155020;V615502002;QmnJ;1;"2016-10-23 00:00:00";16;7823;20;10;0;<FLG>
V6155020;V615502002;QmnJ;1;"2016-10-24 00:00:00";16;7925;20;10;0;<FLG>
V6155020;V615502002;QmnJ;1;"2016-10-25 00:00:00";16;7939;20;10;0;<FLG>
V6155020;V615502002;QmnJ;1;"2016-10-26 00:00:00";16;7910;20;10;0;<FLG>
V6155020;V615502002;QmnJ;1;"2016-10-27 00:00:00";16;7691;20;10;0;<FLG>
V6155020;V615502002;QmnJ;1;"2016-10-28 00:00:00";16;7334;20;10;0;<FLG>
V6155020;V615502002;QmnJ;1;"2016-10-29 00:00:00";16;6975;20;10;0;<FLG>
V6155020;V615502002;QmnJ;1;"2016-10-30 00:00:00";16;6739;20;10;0;<FLG>
V6155020;V615502002;QmnJ;1;"2016-10-31 00:00:00";16;6523;20;10;0;<FLG>
V6155020;V615502002;QmnJ;1;"2016-11-01 00:00:00";16;6306;20;10;0;<FLG>
V6155020;V615502002;QmnJ;1;"2016-11-02 00:00:00";16;6100;20;10;0;<FLG>
V6155020;V615502002;QmnJ;1;"2016-11-03 00:00:00";16;5953;20;10;0;<FLG>
V6155020;V615502002;QmnJ;1;"2016-11-04 00:00:00";16;5908;20;10;0;<FLG>
V6155020;V615502002;QmnJ;1;"2016-11-05 00:00:00";16;6898;20;10;0;<FLG>
V6155020;V615502002;QmnJ;1;"2016-11-06 00:00:00";16;10446;20;10;0;<FLG>
V6155020;V615502002;QmnJ;1;"2016-11-07 00:00:00";16;13343;20;10;0;<FLG>
V6155020;V615502002;QmnJ;1;"2016-11-08 00:00:00";16;13640;20;10;0;<FLG>
V6155020;V615502002;QmnJ;1;"2016-11-09 00:00:00";16;13020;20;10;0;<FLG>
V6155020;V615502002;QmnJ;1;"2016-11-10 00:00:00";16;12231;20;10;0;<FLG>
V6155020;V615502002;QmnJ;1;"2016-11-11 00:00:00";16;11416;20;10;0;<FLG>
V6155020;V615502002;QmnJ;1;"2016-11-12 00:00:00";16;10652;20;10;0;<FLG>
V6155020;V615502002;QmnJ;1;"2016-11-13 00:00:00";16;10159;20;10;0;<FLG>
V6155020;V615502002;QmnJ;1;"2016-11-14 00:00:00";16;9680;20;10;0;<FLG>
V6155020;V615502002;QmnJ;1;"2016-11-15 00:00:00";16;9301;20;10;0;<FLG>
V6155020;V615502002;QmnJ;1;"2016-11-16 00:00:00";16;8940;20;10;0;<FLG>
V6155020;V615502002;QmnJ;1;"2016-11-17 00:00:00";16;8579;20;10;0;<FLG>
V6155020;V615502002;QmnJ;1;"2016-11-18 00:00:00";16;8823;20;10;0;<FLG>
V6155020;V615502002;QmnJ;1;"2016-11-19 00:00:00";16;12301;20;10;0;<FLG>
V6155020;V615502002;QmnJ;1;"2016-11-20 00:00:00";16;15474;20;10;0;<FLG>
V6155020;V615502002;QmnJ;1;"2016-11-21 00:00:00";16;17980;20;10;0;<FLG>
V6155020;V615502002;QmnJ;1;"2016-11-22 00:00:00";16;27189;20;10;0;<FLG>
V6155020;V615502002;QmnJ;1;"2016-11-23 00:00:00";16;49795;20;10;0;<FLG>
V6155020;V615502002;QmnJ;1;"2016-11-24 00:00:00";16;58117;20;10;0;<FLG>
V6155020;V615502002;QmnJ;1;"2016-11-25 00:00:00";16;66761;20;10;0;<FLG>
V6155020;V615502002;QmnJ;1;"2016-11-26 00:00:00";16;70624;20;10;0;<FLG>
V6155020;V615502002;QmnJ;1;"2016-11-27 00:00:00";16;70269;20;10;0;<FLG>
V6155020;V615502002;QmnJ;1;"2016-11-28 00:00:00";16;67709;20;10;0;<FLG>
V6155020;V615502002;QmnJ;1;"2016-11-29 00:00:00";16;65163;20;10;0;<FLG>
V6155020;V615502002;QmnJ;1;"2016-11-30 00:00:00";16;62957;20;10;0;<FLG>
V6155020;V615502002;QmnJ;1;"2016-12-01 00:00:00";16;61268;20;10;0;<FLG>
V6155020;V615502002;QmnJ;1;"2016-12-02 00:00:00";16;59349;20;10;0;<FLG>
V6155020;V615502002;QmnJ;1;"2016-12-03 00:00:00";16;55540;20;10;0;<FLG>
V6155020;V615502002;QmnJ;1;"2016-12-04 00:00:00";16;51415;20;10;0;<FLG>
V6155020;V615502002;QmnJ;1;"2016-12-05 00:00:00";16;47291;20;10;0;<FLG>
V6155020;V615502002;QmnJ;1;"2016-12-06 00:00:00";16;43753;20;10;0;<FLG>
V6155020;V615502002;QmnJ;1;"2016-12-07 00:00:00";16;40941;20;10;0;<FLG>
V6155020;V615502002;QmnJ;1;"2016-12-08 00:00:00";16;38153;20;10;0;<FLG>
V6155020;V615502002;QmnJ;1;"2016-12-09 00:00:00";16;35646;20;10;0;<FLG>
V6155020;V615502002;QmnJ;1;"2016-12-10 00:00:00";16;32973;20;10;0;<FLG>
V6155020;V615502002;QmnJ;1;"2016-12-11 00:00:00";16;30254;20;10;0;<FLG>
V6155020;V615502002;QmnJ;1;"2016-12-12 00:00:00";16;27602;20;10;0;<FLG>
V6155020;V615502002;QmnJ;1;"2016-12-13 00:00:00";16;25525;20;10;0;<FLG>
V6155020;V615502002;QmnJ;1;"2016-12-14 00:00:00";16;23718;20;10;0;<FLG>
V6155020;V615502002;QmnJ;1;"2016-12-15 00:00:00";16;22307;20;10;0;<FLG>
V6155020;V615502002;QmnJ;1;"2016-12-16 00:00:00";16;21431;20;10;0;<FLG>
V6155020;V615502002;QmnJ;1;"2016-12-17 00:00:00";16;21030;20;10;0;<FLG>
V6155020;V615502002;QmnJ;1;"2016-12-18 00:00:00";16;20422;20;10;0;<FLG>
V6155020;V615502002;QmnJ;1;"2016-12-19 00:00:00";16;19974;20;10;0;<FLG>
V6155020;V615502002;QmnJ;1;"2016-12-20 00:00:00";16;19714;20;10;0;<FLG>
V6155020;V615502002;QmnJ;1;"2016-12-21 00:00:00";16;19531;20;10;0;<FLG>
V6155020;V615502002;QmnJ;1;"2016-12-22 00:00:00";16;19437;20;10;0;<FLG>
V6155020;V615502002;QmnJ;1;"2016-12-23 00:00:00";16;19342;20;10;0;<FLG>
V6155020;V615502002;QmnJ;1;"2016-12-24 00:00:00";16;19127;20;10;0;<FLG>
V6155020;V615502002;QmnJ;1;"2016-12-25 00:00:00";16;18893;20;10;0;<FLG>
V6155020;V615502002;QmnJ;1;"2016-12-26 00:00:00";16;18653;20;10;0;<FLG>
V6155020;V615502002;QmnJ;1;"2016-12-27 00:00:00";16;18387;20;10;0;<FLG>
V6155020;V615502002;QmnJ;1;"2016-12-28 00:00:00";16;18120;20;10;0;<FLG>
V6155020;V615502002;QmnJ;1;"2016-12-29 00:00:00";16;17854;20;10;0;<FLG>
V6155020;V615502002;QmnJ;1;"2016-12-30 00:00:00";16;17593;20;10;0;<FLG>
V6155020;V615502002;QmnJ;1;"2016-12-31 00:00:00";16;17331;20;10;0;<FLG>
V6155020;V615502002;QmnJ;1;"2017-01-01 00:00:00";16;17045;20;10;0;<FLG>
V6155020;V615502002;QmnJ;1;"2017-01-02 00:00:00";16;16760;20;10;0;<FLG>
V6155020;V615502002;QmnJ;1;"2017-01-03 00:00:00";16;16518;20;10;0;<FLG>
V6155020;V615502002;QmnJ;1;"2017-01-04 00:00:00";16;16282;20;10;0;<FLG>
V6155020;V615502002;QmnJ;1;"2017-01-05 00:00:00";16;16047;20;10;0;<FLG>
V6155020;V615502002;QmnJ;1;"2017-01-06 00:00:00";16;15812;20;10;0;<FLG>
V6155020;V615502002;QmnJ;1;"2017-01-07 00:00:00";16;15576;20;10;0;<FLG>
V6155020;V615502002;QmnJ;1;"2017-01-08 00:00:00";16;15341;20;10;0;<FLG>
V6155020;V615502002;QmnJ;1;"2017-01-09 00:00:00";16;15111;20;10;0;<FLG>
V6155020;V615502002;QmnJ;1;"2017-01-10 00:00:00";16;14893;20;10;0;<FLG>
V6155020;V615502002;QmnJ;1;"2017-01-11 00:00:00";16;14653;20;10;0;<FLG>
V6155020;V615502002;QmnJ;1;"2017-01-12 00:00:00";16;14413;20;10;0;<FLG>
V6155020;V615502002;QmnJ;1;"2017-01-13 00:00:00";16;14173;20;10;0;<FLG>
V6155020;V615502002;QmnJ;1;"2017-01-14 00:00:00";16;13937;20;10;0;<FLG>
V6155020;V615502002;QmnJ;1;"2017-01-15 00:00:00";16;13725;20;10;0;<FLG>
V6155020;V615502002;QmnJ;1;"2017-01-16 00:00:00";16;13516;20;10;0;<FLG>
V6155020;V615502002;QmnJ;1;"2017-01-17 00:00:00";16;13308;20;10;0;<FLG>
V6155020;V615502002;QmnJ;1;"2017-01-18 00:00:00";16;13100;20;10;0;<FLG>
V6155020;V615502002;QmnJ;1;"2017-01-19 00:00:00";16;12892;20;10;0;<FLG>
V6155020;V615502002;QmnJ;1;"2017-01-20 00:00:00";16;12676;20;10;0;<FLG>
V6155020;V615502002;QmnJ;1;"2017-01-21 00:00:00";16;12428;20;10;0;<FLG>
V6155020;V615502002;QmnJ;1;"2017-01-22 00:00:00";16;12185;20;10;0;<FLG>
V6155020;V615502002;QmnJ;1;"2017-01-23 00:00:00";16;11995;20;10;0;<FLG>
V6155020;V615502002;QmnJ;1;"2017-01-24 00:00:00";16;11815;20;10;0;<FLG>
V6155020;V615502002;QmnJ;1;"2017-01-25 00:00:00";16;11640;20;10;0;<FLG>
V6155020;V615502002;QmnJ;1;"2017-01-26 00:00:00";16;11465;20;10;0;<FLG>
V6155020;V615502002;QmnJ;1;"2017-01-27 00:00:00";16;11298;20;10;0;<FLG>
V6155020;V615502002;QmnJ;1;"2017-01-28 00:00:00";16;11170;20;10;0;<FLG>
V6155020;V615502002;QmnJ;1;"2017-01-29 00:00:00";16;11079;20;10;0;<FLG>
V6155020;V615502002;QmnJ;1;"2017-01-30 00:00:00";16;11166;20;10;0;<FLG>
V6155020;V615502002;QmnJ;1;"2017-01-31 00:00:00";16;11283;20;10;0;<FLG>
V6155020;V615502002;QmnJ;1;"2017-02-01 00:00:00";16;11400;20;10;0;<FLG>
V6155020;V615502002;QmnJ;1;"2017-02-02 00:00:00";16;11516;20;10;0;<FLG>
V6155020;V615502002;QmnJ;1;"2017-02-03 00:00:00";16;11633;20;10;0;<FLG>
V6155020;V615502002;QmnJ;1;"2017-02-04 00:00:00";16;12078;20;10;0;<FLG>
V6155020;V615502002;QmnJ;1;"2017-02-05 00:00:00";16;14217;20;10;0;<FLG>
V6155020;V615502002;QmnJ;1;"2017-02-06 00:00:00";16;16231;20;10;0;<FLG>
V6155020;V615502002;QmnJ;1;"2017-02-07 00:00:00";16;17820;20;10;0;<FLG>
V6155020;V615502002;QmnJ;1;"2017-02-08 00:00:00";16;17971;20;10;0;<FLG>
V6155020;V615502002;QmnJ;1;"2017-02-09 00:00:00";16;17856;20;10;0;<FLG>
V6155020;V615502002;QmnJ;1;"2017-02-10 00:00:00";16;17475;20;10;0;<FLG>
V6155020;V615502002;QmnJ;1;"2017-02-11 00:00:00";16;17040;20;10;0;<FLG>
V6155020;V615502002;QmnJ;1;"2017-02-12 00:00:00";16;16713;20;10;0;<FLG>
V6155020;V615502002;QmnJ;1;"2017-02-13 00:00:00";16;16408;20;10;0;<FLG>
V6155020;V615502002;QmnJ;1;"2017-02-14 00:00:00";16;16102;20;10;0;<FLG>
V6155020;V615502002;QmnJ;1;"2017-02-15 00:00:00";16;15814;20;10;0;<FLG>
V6155020;V615502002;QmnJ;1;"2017-02-16 00:00:00";16;15627;20;10;0;<FLG>
V6155020;V615502002;QmnJ;1;"2017-02-17 00:00:00";16;15456;20;10;0;<FLG>
V6155020;V615502002;QmnJ;1;"2017-02-18 00:00:00";16;15286;20;10;0;<FLG>
V6155020;V615502002;QmnJ;1;"2017-02-19 00:00:00";16;15116;20;10;0;<FLG>
V6155020;V615502002;QmnJ;1;"2017-02-20 00:00:00";16;14931;20;10;0;<FLG>
V6155020;V615502002;QmnJ;1;"2017-02-21 00:00:00";16;14710;20;10;0;<FLG>
V6155020;V615502002;QmnJ;1;"2017-02-22 00:00:00";16;14488;20;10;0;<FLG>
V6155020;V615502002;QmnJ;1;"2017-02-23 00:00:00";16;14265;20;10;0;<FLG>
V6155020;V615502002;QmnJ;1;"2017-02-24 00:00:00";16;14043;20;10;0;<FLG>
V6155020;V615502002;QmnJ;1;"2017-02-25 00:00:00";16;13821;20;10;0;<FLG>
V6155020;V615502002;QmnJ;1;"2017-02-26 00:00:00";16;13598;20;10;0;<FLG>
V6155020;V615502002;QmnJ;1;"2017-02-27 00:00:00";16;13376;20;10;0;<FLG>
V6155020;V615502002;QmnJ;1;"2017-02-28 00:00:00";16;13178;20;10;0;<FLG>
V6155020;V615502002;QmnJ;1;"2017-03-01 00:00:00";16;13128;20;10;0;<FLG>
V6155020;V615502002;QmnJ;1;"2017-03-02 00:00:00";16;13103;20;10;0;<FLG>
V6155020;V615502002;QmnJ;1;"2017-03-03 00:00:00";16;13077;20;10;0;<FLG>
V6155020;V615502002;QmnJ;1;"2017-03-04 00:00:00";16;13052;20;10;0;<FLG>
V6155020;V615502002;QmnJ;1;"2017-03-05 00:00:00";16;13076;20;10;0;<FLG>
V6155020;V615502002;QmnJ;1;"2017-03-06 00:00:00";16;13536;20;10;0;<FLG>
V6155020;V615502002;QmnJ;1;"2017-03-07 00:00:00";16;14848;20;10;0;<FLG>
V6155020;V615502002;QmnJ;1;"2017-03-08 00:00:00";16;15996;20;10;0;<FLG>
V6155020;V615502002;QmnJ;1;"2017-03-09 00:00:00";16;16414;20;10;0;<FLG>
V6155020;V615502002;QmnJ;1;"2017-03-10 00:00:00";16;16873;20;10;0;<FLG>
V6155020;V615502002;QmnJ;1;"2017-03-11 00:00:00";16;17082;20;10;0;<FLG>
V6155020;V615502002;QmnJ;1;"2017-03-12 00:00:00";16;16992;20;10;0;<FLG>
V6155020;V615502002;QmnJ;1;"2017-03-13 00:00:00";16;16830;20;10;0;<FLG>
V6155020;V615502002;QmnJ;1;"2017-03-14 00:00:00";16;16503;20;10;0;<FLG>
V6155020;V615502002;QmnJ;1;"2017-03-15 00:00:00";16;16239;20;10;0;<FLG>
V6155020;V615502002;QmnJ;1;"2017-03-16 00:00:00";16;15991;20;10;0;<FLG>
V6155020;V615502002;QmnJ;1;"2017-03-17 00:00:00";16;15743;20;10;0;<FLG>
V6155020;V615502002;QmnJ;1;"2017-03-18 00:00:00";16;15495;20;10;0;<FLG>
V6155020;V615502002;QmnJ;1;"2017-03-19 00:00:00";16;15247;20;10;0;<FLG>
V6155020;V615502002;QmnJ;1;"2017-03-20 00:00:00";16;14993;20;10;0;<FLG>
V6155020;V615502002;QmnJ;1;"2017-03-21 00:00:00";16;14699;20;10;0;<FLG>
V6155020;V615502002;QmnJ;1;"2017-03-22 00:00:00";16;14412;20;10;0;<FLG>
V6155020;V615502002;QmnJ;1;"2017-03-23 00:00:00";16;14250;20;10;0;<FLG>
V6155020;V615502002;QmnJ;1;"2017-03-24 00:00:00";16;14909;20;10;0;<FLG>
V6155020;V615502002;QmnJ;1;"2017-03-25 00:00:00";16;18656;20;10;0;<FLG>
V6155020;V615502002;QmnJ;1;"2017-03-26 00:00:00";16;23228;20;10;0;<FLG>
V6155020;V615502002;QmnJ;1;"2017-03-27 00:00:00";16;28024;20;10;0;<FLG>
V6155020;V615502002;QmnJ;1;"2017-03-28 00:00:00";16;28306;20;10;0;<FLG>
V6155020;V615502002;QmnJ;1;"2017-03-29 00:00:00";16;26385;20;10;0;<FLG>
V6155020;V615502002;QmnJ;1;"2017-03-30 00:00:00";16;24359;20;10;0;<FLG>
V6155020;V615502002;QmnJ;1;"2017-03-31 00:00:00";16;22056;20;10;0;<FLG>
V6155020;V615502002;QmnJ;1;"2017-04-01 00:00:00";16;21234;20;10;0;<FLG>
V6155020;V615502002;QmnJ;1;"2017-04-02 00:00:00";16;20843;20;10;0;<FLG>
V6155020;V615502002;QmnJ;1;"2017-04-03 00:00:00";16;20649;20;10;0;<FLG>
V6155020;V615502002;QmnJ;1;"2017-04-04 00:00:00";16;20624;20;10;0;<FLG>
V6155020;V615502002;QmnJ;1;"2017-04-05 00:00:00";16;20574;20;10;0;<FLG>
V6155020;V615502002;QmnJ;1;"2017-04-06 00:00:00";16;20225;20;10;0;<FLG>
V6155020;V615502002;QmnJ;1;"2017-04-07 00:00:00";16;19945;20;10;0;<FLG>
V6155020;V615502002;QmnJ;1;"2017-04-08 00:00:00";16;19577;20;10;0;<FLG>
V6155020;V615502002;QmnJ;1;"2017-04-09 00:00:00";16;19283;20;10;0;<FLG>
V6155020;V615502002;QmnJ;1;"2017-04-10 00:00:00";16;18883;20;10;0;<FLG>
V6155020;V615502002;QmnJ;1;"2017-04-11 00:00:00";16;18598;20;10;0;<FLG>
V6155020;V615502002;QmnJ;1;"2017-04-12 00:00:00";16;18348;20;10;0;<FLG>
V6155020;V615502002;QmnJ;1;"2017-04-13 00:00:00";16;18100;20;10;0;<FLG>
V6155020;V615502002;QmnJ;1;"2017-04-14 00:00:00";16;17853;20;10;0;<FLG>
V6155020;V615502002;QmnJ;1;"2017-04-15 00:00:00";16;17606;20;10;0;<FLG>
V6155020;V615502002;QmnJ;1;"2017-04-16 00:00:00";16;17359;20;10;0;<FLG>
V6155020;V615502002;QmnJ;1;"2017-04-17 00:00:00";16;17090;20;10;0;<FLG>
V6155020;V615502002;QmnJ;1;"2017-04-18 00:00:00";16;16812;20;10;0;<FLG>
V6155020;V615502002;QmnJ;1;"2017-04-19 00:00:00";16;16535;20;10;0;<FLG>
V6155020;V615502002;QmnJ;1;"2017-04-20 00:00:00";16;16257;20;10;0;<FLG>
V6155020;V615502002;QmnJ;1;"2017-04-21 00:00:00";16;15980;20;10;0;<FLG>
V6155020;V615502002;QmnJ;1;"2017-04-22 00:00:00";16;15702;20;10;0;<FLG>
V6155020;V615502002;QmnJ;1;"2017-04-23 00:00:00";16;15433;20;10;0;<FLG>
V6155020;V615502002;QmnJ;1;"2017-04-24 00:00:00";16;15212;20;10;0;<FLG>
V6155020;V615502002;QmnJ;1;"2017-04-25 00:00:00";16;15009;20;10;0;<FLG>
V6155020;V615502002;QmnJ;1;"2017-04-26 00:00:00";16;14916;20;10;0;<FLG>
V6155020;V615502002;QmnJ;1;"2017-04-27 00:00:00";16;15092;20;10;0;<FLG>
V6155020;V615502002;QmnJ;1;"2017-04-28 00:00:00";16;15185;20;10;0;<FLG>
V6155020;V615502002;QmnJ;1;"2017-04-29 00:00:00";16;15106;20;10;0;<FLG>
V6155020;V615502002;QmnJ;1;"2017-04-30 00:00:00";16;14996;20;10;0;<FLG>
V6155020;V615502002;QmnJ;1;"2017-05-01 00:00:00";16;14939;20;10;0;<FLG>
V6155020;V615502002;QmnJ;1;"2017-05-02 00:00:00";16;15292;20;10;0;<FLG>
V6155020;V615502002;QmnJ;1;"2017-05-03 00:00:00";16;15890;20;10;0;<FLG>
V6155020;V615502002;QmnJ;1;"2017-05-04 00:00:00";16;16673;20;10;0;<FLG>
V6155020;V615502002;QmnJ;1;"2017-05-05 00:00:00";16;17019;20;10;0;<FLG>
V6155020;V615502002;QmnJ;1;"2017-05-06 00:00:00";16;17317;20;10;0;<FLG>
V6155020;V615502002;QmnJ;1;"2017-05-07 00:00:00";16;17805;20;10;0;<FLG>
V6155020;V615502002;QmnJ;1;"2017-05-08 00:00:00";16;18307;20;10;0;<FLG>
V6155020;V615502002;QmnJ;1;"2017-05-09 00:00:00";16;18659;20;10;0;<FLG>
V6155020;V615502002;QmnJ;1;"2017-05-10 00:00:00";16;18677;20;10;0;<FLG>
V6155020;V615502002;QmnJ;1;"2017-05-11 00:00:00";16;18466;20;10;0;<FLG>
V6155020;V615502002;QmnJ;1;"2017-05-12 00:00:00";16;18227;20;10;0;<FLG>
V6155020;V615502002;QmnJ;1;"2017-05-13 00:00:00";16;17971;20;10;0;<FLG>
V6155020;V615502002;QmnJ;1;"2017-05-14 00:00:00";16;17696;20;10;0;<FLG>
V6155020;V615502002;QmnJ;1;"2017-05-15 00:00:00";16;17343;20;10;0;<FLG>
V6155020;V615502002;QmnJ;1;"2017-05-16 00:00:00";16;17019;20;10;0;<FLG>
V6155020;V615502002;QmnJ;1;"2017-05-17 00:00:00";16;16700;20;10;0;<FLG>
V6155020;V615502002;QmnJ;1;"2017-05-18 00:00:00";16;16394;20;10;0;<FLG>
V6155020;V615502002;QmnJ;1;"2017-05-19 00:00:00";16;16162;20;10;0;<FLG>
V6155020;V615502002;QmnJ;1;"2017-05-20 00:00:00";16;15903;20;10;0;<FLG>
V6155020;V615502002;QmnJ;1;"2017-05-21 00:00:00";16;15640;20;10;0;<FLG>
V6155020;V615502002;QmnJ;1;"2017-05-22 00:00:00";16;15398;20;10;0;<FLG>
V6155020;V615502002;QmnJ;1;"2017-05-23 00:00:00";16;15159;20;10;0;<FLG>
V6155020;V615502002;QmnJ;1;"2017-05-24 00:00:00";16;14899;20;10;0;<FLG>
V6155020;V615502002;QmnJ;1;"2017-05-25 00:00:00";16;14603;20;10;0;<FLG>
V6155020;V615502002;QmnJ;1;"2017-05-26 00:00:00";16;14325;20;10;0;<FLG>
V6155020;V615502002;QmnJ;1;"2017-05-27 00:00:00";16;14050;20;10;0;<FLG>
V6155020;V615502002;QmnJ;1;"2017-05-28 00:00:00";16;13775;20;10;0;<FLG>
V6155020;V615502002;QmnJ;1;"2017-05-29 00:00:00";16;13507;20;10;0;<FLG>
V6155020;V615502002;QmnJ;1;"2017-05-30 00:00:00";16;13280;20;10;0;<FLG>
V6155020;V615502002;QmnJ;1;"2017-05-31 00:00:00";16;13060;20;10;0;<FLG>
V6155020;V615502002;QmnJ;1;"2017-06-01 00:00:00";16;12840;20;10;0;<FLG>
V6155020;V615502002;QmnJ;1;"2017-06-02 00:00:00";16;12605;20;10;0;<FLG>
V6155020;V615502002;QmnJ;1;"2017-06-03 00:00:00";16;12363;20;10;0;<FLG>
V6155020;V615502002;QmnJ;1;"2017-06-04 00:00:00";16;12169;20;10;0;<FLG>
V6155020;V615502002;QmnJ;1;"2017-06-05 00:00:00";16;11935;20;10;0;<FLG>
V6155020;V615502002;QmnJ;1;"2017-06-06 00:00:00";16;11702;20;10;0;<FLG>
V6155020;V615502002;QmnJ;1;"2017-06-07 00:00:00";16;11521;20;10;0;<FLG>
V6155020;V615502002;QmnJ;1;"2017-06-08 00:00:00";16;11348;20;10;0;<FLG>
V6155020;V615502002;QmnJ;1;"2017-06-09 00:00:00";16;11176;20;10;0;<FLG>
V6155020;V615502002;QmnJ;1;"2017-06-10 00:00:00";16;11003;20;10;0;<FLG>
V6155020;V615502002;QmnJ;1;"2017-06-11 00:00:00";16;10831;20;10;0;<FLG>
V6155020;V615502002;QmnJ;1;"2017-06-12 00:00:00";16;10658;20;10;0;<FLG>
V6155020;V615502002;QmnJ;1;"2017-06-13 00:00:00";16;10493;20;10;0;<FLG>
V6155020;V615502002;QmnJ;1;"2017-06-14 00:00:00";16;10371;20;10;0;<FLG>
V6155020;V615502002;QmnJ;1;"2017-06-15 00:00:00";16;10256;20;10;0;<FLG>
V6155020;V615502002;QmnJ;1;"2017-06-16 00:00:00";16;10140;20;10;0;<FLG>
V6155020;V615502002;QmnJ;1;"2017-06-17 00:00:00";16;10014;20;10;0;<FLG>
V6155020;V615502002;QmnJ;1;"2017-06-18 00:00:00";16;9881;20;10;0;<FLG>
V6155020;V615502002;QmnJ;1;"2017-06-19 00:00:00";16;9748;20;10;0;<FLG>
V6155020;V615502002;QmnJ;1;"2017-06-20 00:00:00";16;9615;20;10;0;<FLG>
V6155020;V615502002;QmnJ;1;"2017-06-21 00:00:00";16;9482;20;10;0;<FLG>
V6155020;V615502002;QmnJ;1;"2017-06-22 00:00:00";16;9349;20;10;0;<FLG>
V6155020;V615502002;QmnJ;1;"2017-06-23 00:00:00";16;9216;20;10;0;<FLG>
V6155020;V615502002;QmnJ;1;"2017-06-24 00:00:00";16;9083;20;10;0;<FLG>
V6155020;V615502002;QmnJ;1;"2017-06-25 00:00:00";16;8950;20;10;0;<FLG>
V6155020;V615502002;QmnJ;1;"2017-06-26 00:00:00";16;8817;20;10;0;<FLG>
V6155020;V615502002;QmnJ;1;"2017-06-27 00:00:00";16;8691;20;10;0;<FLG>
V6155020;V615502002;QmnJ;1;"2017-06-28 00:00:00";16;8606;20;10;0;<FLG>
V6155020;V615502002;QmnJ;1;"2017-06-29 00:00:00";16;8529;20;10;0;<FLG>
V6155020;V615502002;QmnJ;1;"2017-06-30 00:00:00";16;8452;20;10;0;<FLG>
V6155020;V615502002;QmnJ;1;"2017-07-01 00:00:00";16;8381;20;10;0;<FLG>
V6155020;V615502002;QmnJ;1;"2017-07-02 00:00:00";16;8302;20;10;0;<FLG>
V6155020;V615502002;QmnJ;1;"2017-07-03 00:00:00";16;8163;20;10;0;<FLG>
V6155020;V615502002;QmnJ;1;"2017-07-04 00:00:00";16;8014;20;10;0;<FLG>
V6155020;V615502002;QmnJ;1;"2017-07-05 00:00:00";16;7908;20;10;0;<FLG>
V6155020;V615502002;QmnJ;1;"2017-07-06 00:00:00";16;7846;20;10;0;<FLG>
V6155020;V615502002;QmnJ;1;"2017-07-07 00:00:00";16;7784;20;10;0;<FLG>
V6155020;V615502002;QmnJ;1;"2017-07-08 00:00:00";16;7722;20;10;0;<FLG>
V6155020;V615502002;QmnJ;1;"2017-07-09 00:00:00";16;7656;20;10;0;<FLG>
V6155020;V615502002;QmnJ;1;"2017-07-10 00:00:00";16;7577;20;10;0;<FLG>
V6155020;V615502002;QmnJ;1;"2017-07-11 00:00:00";16;7496;20;10;0;<FLG>
V6155020;V615502002;QmnJ;1;"2017-07-12 00:00:00";16;7415;20;10;0;<FLG>
V6155020;V615502002;QmnJ;1;"2017-07-13 00:00:00";16;7336;20;10;0;<FLG>
V6155020;V615502002;QmnJ;1;"2017-07-14 00:00:00";16;7269;20;10;0;<FLG>
V6155020;V615502002;QmnJ;1;"2017-07-15 00:00:00";16;7204;20;10;0;<FLG>
V6155020;V615502002;QmnJ;1;"2017-07-16 00:00:00";16;7139;20;10;0;<FLG>
V6155020;V615502002;QmnJ;1;"2017-07-17 00:00:00";16;7074;20;10;0;<FLG>
V6155020;V615502002;QmnJ;1;"2017-07-18 00:00:00";16;7011;20;10;0;<FLG>
V6155020;V615502002;QmnJ;1;"2017-07-19 00:00:00";16;6955;20;10;0;<FLG>
V6155020;V615502002;QmnJ;1;"2017-07-20 00:00:00";16;6901;20;10;0;<FLG>
V6155020;V615502002;QmnJ;1;"2017-07-21 00:00:00";16;6847;20;10;0;<FLG>
V6155020;V615502002;QmnJ;1;"2017-07-22 00:00:00";16;6793;20;10;0;<FLG>
V6155020;V615502002;QmnJ;1;"2017-07-23 00:00:00";16;6739;20;10;0;<FLG>
V6155020;V615502002;QmnJ;1;"2017-07-24 00:00:00";16;6685;20;10;0;<FLG>
V6155020;V615502002;QmnJ;1;"2017-07-25 00:00:00";16;6631;20;10;0;<FLG>
V6155020;V615502002;QmnJ;1;"2017-07-26 00:00:00";16;6573;20;10;0;<FLG>
V6155020;V615502002;QmnJ;1;"2017-07-27 00:00:00";16;6490;20;10;0;<FLG>
V6155020;V615502002;QmnJ;1;"2017-07-28 00:00:00";16;6404;20;10;0;<FLG>
V6155020;V615502002;QmnJ;1;"2017-07-29 00:00:00";16;6317;20;10;0;<FLG>
V6155020;V615502002;QmnJ;1;"2017-07-30 00:00:00";16;6231;20;10;0;<FLG>
V6155020;V615502002;QmnJ;1;"2017-07-31 00:00:00";16;6153;20;10;0;<FLG>
V6155020;V615502002;QmnJ;1;"2017-08-01 00:00:00";16;6128;20;10;0;<FLG>
V6155020;V615502002;QmnJ;1;"2017-08-02 00:00:00";16;6112;20;10;0;<FLG>
V6155020;V615502002;QmnJ;1;"2017-08-03 00:00:00";16;6095;20;10;0;<FLG>
V6155020;V615502002;QmnJ;1;"2017-08-04 00:00:00";16;6079;20;10;0;<FLG>
V6155020;V615502002;QmnJ;1;"2017-08-05 00:00:00";16;6063;20;10;0;<FLG>
V6155020;V615502002;QmnJ;1;"2017-08-06 00:00:00";16;6047;20;10;0;<FLG>
V6155020;V615502002;QmnJ;1;"2017-08-07 00:00:00";16;6030;20;10;0;<FLG>
V6155020;V615502002;QmnJ;1;"2017-08-08 00:00:00";16;6014;20;10;0;<FLG>
V6155020;V615502002;QmnJ;1;"2017-08-09 00:00:00";16;6003;20;10;0;<FLG>
V6155020;V615502002;QmnJ;1;"2017-08-10 00:00:00";16;5992;20;10;0;<FLG>
V6155020;V615502002;QmnJ;1;"2017-08-11 00:00:00";16;5977;20;10;0;<FLG>
V6155020;V615502002;QmnJ;1;"2017-08-12 00:00:00";16;5944;20;10;0;<FLG>
V6155020;V615502002;QmnJ;1;"2017-08-13 00:00:00";16;5907;20;10;0;<FLG>
V6155020;V615502002;QmnJ;1;"2017-08-14 00:00:00";16;5869;20;10;0;<FLG>
V6155020;V615502002;QmnJ;1;"2017-08-15 00:00:00";16;5824;20;10;0;<FLG>
V6155020;V615502002;QmnJ;1;"2017-08-16 00:00:00";16;5778;20;10;0;<FLG>
V6155020;V615502002;QmnJ;1;"2017-08-17 00:00:00";16;5732;20;10;0;<FLG>
V6155020;V615502002;QmnJ;1;"2017-08-18 00:00:00";16;5686;20;10;0;<FLG>
V6155020;V615502002;QmnJ;1;"2017-08-19 00:00:00";16;5641;20;10;0;<FLG>
V6155020;V615502002;QmnJ;1;"2017-08-20 00:00:00";16;5600;20;10;0;<FLG>
V6155020;V615502002;QmnJ;1;"2017-08-21 00:00:00";16;5590;20;10;0;<FLG>
V6155020;V615502002;QmnJ;1;"2017-08-22 00:00:00";16;5558;20;10;0;<FLG>
V6155020;V615502002;QmnJ;1;"2017-08-23 00:00:00";16;5521;20;10;0;<FLG>
V6155020;V615502002;QmnJ;1;"2017-08-24 00:00:00";16;5484;20;10;0;<FLG>
V6155020;V615502002;QmnJ;1;"2017-08-25 00:00:00";16;5448;20;10;0;<FLG>
V6155020;V615502002;QmnJ;1;"2017-08-26 00:00:00";16;5411;20;10;0;<FLG>
V6155020;V615502002;QmnJ;1;"2017-08-27 00:00:00";16;5375;20;10;0;<FLG>
V6155020;V615502002;QmnJ;1;"2017-08-28 00:00:00";16;5346;20;10;0;<FLG>
V6155020;V615502002;QmnJ;1;"2017-08-29 00:00:00";16;5319;20;10;0;<FLG>
V6155020;V615502002;QmnJ;1;"2017-08-30 00:00:00";16;5291;20;10;0;<FLG>
V6155020;V615502002;QmnJ;1;"2017-08-31 00:00:00";16;5267;20;10;0;<FLG>
V6155020;V615502002;QmnJ;1;"2017-09-01 00:00:00";16;5264;20;10;0;<FLG>
V6155020;V615502002;QmnJ;1;"2017-09-02 00:00:00";16;5264;20;10;0;<FLG>
V6155020;V615502002;QmnJ;1;"2017-09-03 00:00:00";16;5261;20;10;0;<FLG>
V6155020;V615502002;QmnJ;1;"2017-09-04 00:00:00";16;5242;20;10;0;<FLG>
V6155020;V615502002;QmnJ;1;"2017-09-05 00:00:00";16;5220;20;10;0;<FLG>
V6155020;V615502002;QmnJ;1;"2017-09-06 00:00:00";16;5198;20;10;0;<FLG>
V6155020;V615502002;QmnJ;1;"2017-09-07 00:00:00";16;5176;20;10;0;<FLG>
V6155020;V615502002;QmnJ;1;"2017-09-08 00:00:00";16;5156;20;10;0;<FLG>
V6155020;V615502002;QmnJ;1;"2017-09-09 00:00:00";16;5154;20;10;0;<FLG>
V6155020;V615502002;QmnJ;1;"2017-09-10 00:00:00";16;5154;20;10;0;<FLG>
V6155020;V615502002;QmnJ;1;"2017-09-11 00:00:00";16;5147;20;10;0;<FLG>
V6155020;V615502002;QmnJ;1;"2017-09-12 00:00:00";16;5098;20;10;0;<FLG>
V6155020;V615502002;QmnJ;1;"2017-09-13 00:00:00";16;5043;20;10;0;<FLG>
V6155020;V615502002;QmnJ;1;"2017-09-14 00:00:00";16;4988;20;10;0;<FLG>
V6155020;V615502002;QmnJ;1;"2017-09-15 00:00:00";16;4938;20;10;0;<FLG>
V6155020;V615502002;QmnJ;1;"2017-09-16 00:00:00";16;4922;20;10;0;<FLG>
V6155020;V615502002;QmnJ;1;"2017-09-17 00:00:00";16;4908;20;10;0;<FLG>
V6155020;V615502002;QmnJ;1;"2017-09-18 00:00:00";16;4878;20;10;0;<FLG>
V6155020;V615502002;QmnJ;1;"2017-09-19 00:00:00";16;4846;20;10;0;<FLG>
V6155020;V615502002;QmnJ;1;"2017-09-20 00:00:00";16;4819;20;10;0;<FLG>
V6155020;V615502002;QmnJ;1;"2017-09-21 00:00:00";16;4793;20;10;0;<FLG>
V6155020;V615502002;QmnJ;1;"2017-09-22 00:00:00";16;4768;20;10;0;<FLG>
V6155020;V615502002;QmnJ;1;"2017-09-23 00:00:00";16;4746;20;10;0;<FLG>
V6155020;V615502002;QmnJ;1;"2017-09-24 00:00:00";16;4723;20;10;0;<FLG>
V6155020;V615502002;QmnJ;1;"2017-09-25 00:00:00";16;4701;20;10;0;<FLG>
V6155020;V615502002;QmnJ;1;"2017-09-26 00:00:00";16;4679;20;10;0;<FLG>
V6155020;V615502002;QmnJ;1;"2017-09-27 00:00:00";16;4658;20;10;0;<FLG>
V6155020;V615502002;QmnJ;1;"2017-09-28 00:00:00";16;4638;20;10;0;<FLG>
V6155020;V615502002;QmnJ;1;"2017-09-29 00:00:00";16;4619;20;10;0;<FLG>
V6155020;V615502002;QmnJ;1;"2017-09-30 00:00:00";16;4599;20;10;0;<FLG>
V6155020;V615502002;QmnJ;1;"2017-10-01 00:00:00";16;4580;20;10;0;<FLG>
V6155020;V615502002;QmnJ;1;"2017-10-02 00:00:00";16;4562;20;10;0;<FLG>
V6155020;V615502002;QmnJ;1;"2017-10-03 00:00:00";16;4545;20;10;0;<FLG>
V6155020;V615502002;QmnJ;1;"2017-10-04 00:00:00";16;4527;20;10;0;<FLG>
V6155020;V615502002;QmnJ;1;"2017-10-05 00:00:00";16;4510;20;10;0;<FLG>
V6155020;V615502002;QmnJ;1;"2017-10-06 00:00:00";16;4492;20;10;0;<FLG>
V6155020;V615502002;QmnJ;1;"2017-10-07 00:00:00";16;4474;20;10;0;<FLG>
V6155020;V615502002;QmnJ;1;"2017-10-08 00:00:00";16;4455;20;10;0;<FLG>
V6155020;V615502002;QmnJ;1;"2017-10-09 00:00:00";16;4439;20;10;0;<FLG>
V6155020;V615502002;QmnJ;1;"2017-10-10 00:00:00";16;4424;20;10;0;<FLG>
V6155020;V615502002;QmnJ;1;"2017-10-11 00:00:00";16;4409;20;10;0;<FLG>
V6155020;V615502002;QmnJ;1;"2017-10-12 00:00:00";16;4394;20;10;0;<FLG>
V6155020;V615502002;QmnJ;1;"2017-10-13 00:00:00";16;4382;20;10;0;<FLG>
V6155020;V615502002;QmnJ;1;"2017-10-14 00:00:00";16;4370;20;10;0;<FLG>
V6155020;V615502002;QmnJ;1;"2017-10-15 00:00:00";16;4358;20;10;0;<FLG>
V6155020;V615502002;QmnJ;1;"2017-10-16 00:00:00";16;4345;20;10;0;<FLG>
V6155020;V615502002;QmnJ;1;"2017-10-17 00:00:00";16;4333;20;10;0;<FLG>
V6155020;V615502002;QmnJ;1;"2017-10-18 00:00:00";16;4322;20;10;0;<FLG>
V6155020;V615502002;QmnJ;1;"2017-10-19 00:00:00";16;4314;20;10;0;<FLG>
V6155020;V615502002;QmnJ;1;"2017-10-20 00:00:00";16;4307;20;10;0;<FLG>
V6155020;V615502002;QmnJ;1;"2017-10-21 00:00:00";16;4300;20;10;0;<FLG>
V6155020;V615502002;QmnJ;1;"2017-10-22 00:00:00";16;4292;20;10;0;<FLG>
V6155020;V615502002;QmnJ;1;"2017-10-23 00:00:00";16;4285;20;10;0;<FLG>
V6155020;V615502002;QmnJ;1;"2017-10-24 00:00:00";16;4274;20;10;0;<FLG>
V6155020;V615502002;QmnJ;1;"2017-10-25 00:00:00";16;4263;20;10;0;<FLG>
V6155020;V615502002;QmnJ;1;"2017-10-26 00:00:00";16;4252;20;10;0;<FLG>
V6155020;V615502002;QmnJ;1;"2017-10-27 00:00:00";16;4242;20;10;0;<FLG>
V6155020;V615502002;QmnJ;1;"2017-10-28 00:00:00";16;4231;20;10;0;<FLG>
V6155020;V615502002;QmnJ;1;"2017-10-29 00:00:00";16;4219;20;10;0;<FLG>
V6155020;V615502002;QmnJ;1;"2017-10-30 00:00:00";16;4208;20;10;0;<FLG>
V6155020;V615502002;QmnJ;1;"2017-10-31 00:00:00";16;4197;20;10;0;<FLG>
V6155020;V615502002;QmnJ;1;"2017-11-01 00:00:00";16;4187;20;10;0;<FLG>
V6155020;V615502002;QmnJ;1;"2017-11-02 00:00:00";16;4185;20;10;0;<FLG>
V6155020;V615502002;QmnJ;1;"2017-11-03 00:00:00";16;4185;20;10;0;<FLG>
V6155020;V615502002;QmnJ;1;"2017-11-04 00:00:00";16;4184;20;10;0;<FLG>
V6155020;V615502002;QmnJ;1;"2017-11-05 00:00:00";16;4177;20;10;0;<FLG>
V6155020;V615502002;QmnJ;1;"2017-11-06 00:00:00";16;4169;20;10;0;<FLG>
V6155020;V615502002;QmnJ;1;"2017-11-07 00:00:00";16;4162;20;10;0;<FLG>
V6155020;V615502002;QmnJ;1;"2017-11-08 00:00:00";16;4154;20;10;0;<FLG>
V6155020;V615502002;QmnJ;1;"2017-11-09 00:00:00";16;4146;20;10;0;<FLG>
V6155020;V615502002;QmnJ;1;"2017-11-10 00:00:00";16;4138;20;10;0;<FLG>
V6155020;V615502002;QmnJ;1;"2017-11-11 00:00:00";16;4133;20;10;0;<FLG>
V6155020;V615502002;QmnJ;1;"2017-11-12 00:00:00";16;4128;20;10;0;<FLG>
V6155020;V615502002;QmnJ;1;"2017-11-13 00:00:00";16;4127;20;10;0;<FLG>
V6155020;V615502002;QmnJ;1;"2017-11-14 00:00:00";16;4127;20;10;0;<FLG>
V6155020;V615502002;QmnJ;1;"2017-11-15 00:00:00";16;4126;20;10;0;<FLG>
V6155020;V615502002;QmnJ;1;"2017-11-16 00:00:00";16;4116;20;10;0;<FLG>
V6155020;V615502002;QmnJ;1;"2017-11-17 00:00:00";16;4106;20;10;0;<FLG>
V6155020;V615502002;QmnJ;1;"2017-11-18 00:00:00";16;4095;20;10;0;<FLG>
V6155020;V615502002;QmnJ;1;"2017-11-19 00:00:00";16;4085;20;10;0;<FLG>
V6155020;V615502002;QmnJ;1;"2017-11-20 00:00:00";16;4075;20;10;0;<FLG>
V6155020;V615502002;QmnJ;1;"2017-11-21 00:00:00";16;4072;20;10;0;<FLG>
V6155020;V615502002;QmnJ;1;"2017-11-22 00:00:00";16;4069;20;10;0;<FLG>
V6155020;V615502002;QmnJ;1;"2017-11-23 00:00:00";16;4066;20;10;0;<FLG>
V6155020;V615502002;QmnJ;1;"2017-11-24 00:00:00";16;4064;20;10;0;<FLG>
V6155020;V615502002;QmnJ;1;"2017-11-25 00:00:00";16;4061;20;10;0;<FLG>
V6155020;V615502002;QmnJ;1;"2017-11-26 00:00:00";16;4061;20;10;0;<FLG>
V6155020;V615502002;QmnJ;1;"2017-11-27 00:00:00";16;4061;20;10;0;<FLG>
V6155020;V615502002;QmnJ;1;"2017-11-28 00:00:00";16;4061;20;10;0;<FLG>
V6155020;V615502002;QmnJ;1;"2017-11-29 00:00:00";16;4061;20;10;0;<FLG>
V6155020;V615502002;QmnJ;1;"2017-11-30 00:00:00";16;4061;20;10;0;<FLG>
V6155020;V615502002;QmnJ;1;"2017-12-01 00:00:00";16;4061;20;10;0;<FLG>
V6155020;V615502002;QmnJ;1;"2017-12-02 00:00:00";16;4060;20;10;0;<FLG>
V6155020;V615502002;QmnJ;1;"2017-12-03 00:00:00";16;4053;20;10;0;<FLG>
V6155020;V615502002;QmnJ;1;"2017-12-04 00:00:00";16;4046;20;10;0;<FLG>
V6155020;V615502002;QmnJ;1;"2017-12-05 00:00:00";16;4038;20;10;0;<FLG>
V6155020;V615502002;QmnJ;1;"2017-12-06 00:00:00";16;4031;20;10;0;<FLG>
V6155020;V615502002;QmnJ;1;"2017-12-07 00:00:00";16;4023;20;10;0;<FLG>
V6155020;V615502002;QmnJ;1;"2017-12-08 00:00:00";16;4016;20;10;0;<FLG>
V6155020;V615502002;QmnJ;1;"2017-12-09 00:00:00";16;4481;20;10;0;<FLG>
V6155020;V615502002;QmnJ;1;"2017-12-10 00:00:00";16;8031;20;10;0;<FLG>
V6155020;V615502002;QmnJ;1;"2017-12-11 00:00:00";16;11506;20;10;0;<FLG>
V6155020;V615502002;QmnJ;1;"2017-12-12 00:00:00";16;14172;20;10;0;<FLG>
V6155020;V615502002;QmnJ;1;"2017-12-13 00:00:00";16;15210;20;10;0;<FLG>
V6155020;V615502002;QmnJ;1;"2017-12-14 00:00:00";16;13816;20;10;0;<FLG>
V6155020;V615502002;QmnJ;1;"2017-12-15 00:00:00";16;11963;20;10;0;<FLG>
V6155020;V615502002;QmnJ;1;"2017-12-16 00:00:00";16;10788;20;10;0;<FLG>
V6155020;V615502002;QmnJ;1;"2017-12-17 00:00:00";16;9796;20;10;0;<FLG>
V6155020;V615502002;QmnJ;1;"2017-12-18 00:00:00";16;9243;20;10;0;<FLG>
V6155020;V615502002;QmnJ;1;"2017-12-19 00:00:00";16;8777;20;10;0;<FLG>
V6155020;V615502002;QmnJ;1;"2017-12-20 00:00:00";16;8311;20;10;0;<FLG>
V6155020;V615502002;QmnJ;1;"2017-12-21 00:00:00";16;7845;20;10;0;<FLG>
V6155020;V615502002;QmnJ;1;"2017-12-22 00:00:00";16;7334;20;10;0;<FLG>
V6155020;V615502002;QmnJ;1;"2017-12-23 00:00:00";16;6879;20;10;0;<FLG>
V6155020;V615502002;QmnJ;1;"2017-12-24 00:00:00";16;6944;20;10;0;<FLG>
V6155020;V615502002;QmnJ;1;"2017-12-25 00:00:00";16;7096;20;10;0;<FLG>
V6155020;V615502002;QmnJ;1;"2017-12-26 00:00:00";16;7247;20;10;0;<FLG>
V6155020;V615502002;QmnJ;1;"2017-12-27 00:00:00";16;7399;20;10;0;<FLG>
V6155020;V615502002;QmnJ;1;"2017-12-28 00:00:00";16;7558;20;10;0;<FLG>
V6155020;V615502002;QmnJ;1;"2017-12-29 00:00:00";16;7718;20;10;0;<FLG>
V6155020;V615502002;QmnJ;1;"2017-12-30 00:00:00";16;7936;20;10;0;<FLG>
V6155020;V615502002;QmnJ;1;"2017-12-31 00:00:00";16;9761;20;10;0;<FLG>
V6155020;V615502002;QmnJ;1;"2018-01-01 00:00:00";16;11407;20;10;0;<FLG>
V6155020;V615502002;QmnJ;1;"2018-01-02 00:00:00";16;11512;20;10;0;<FLG>
V6155020;V615502002;QmnJ;1;"2018-01-03 00:00:00";16;11389;20;10;0;<FLG>
V6155020;V615502002;QmnJ;1;"2018-01-04 00:00:00";16;11521;20;10;0;<FLG>
V6155020;V615502002;QmnJ;1;"2018-01-05 00:00:00";16;12427;20;10;0;<FLG>
V6155020;V615502002;QmnJ;1;"2018-01-06 00:00:00";16;12548;20;10;0;<FLG>
V6155020;V615502002;QmnJ;1;"2018-01-07 00:00:00";16;12076;20;10;0;<FLG>
V6155020;V615502002;QmnJ;1;"2018-01-08 00:00:00";16;12003;20;10;0;<FLG>
V6155020;V615502002;QmnJ;1;"2018-01-09 00:00:00";16;15241;20;10;0;<FLG>
V6155020;V615502002;QmnJ;1;"2018-01-10 00:00:00";16;19322;20;10;0;<FLG>
V6155020;V615502002;QmnJ;1;"2018-01-11 00:00:00";16;20680;20;10;0;<FLG>
V6155020;V615502002;QmnJ;1;"2018-01-12 00:00:00";16;19737;20;10;0;<FLG>
V6155020;V615502002;QmnJ;1;"2018-01-13 00:00:00";16;18467;20;10;0;<FLG>
V6155020;V615502002;QmnJ;1;"2018-01-14 00:00:00";16;17535;20;10;0;<FLG>
V6155020;V615502002;QmnJ;1;"2018-01-15 00:00:00";16;16576;20;10;0;<FLG>
V6155020;V615502002;QmnJ;1;"2018-01-16 00:00:00";16;15691;20;10;0;<FLG>
V6155020;V615502002;QmnJ;1;"2018-01-17 00:00:00";16;15451;20;10;0;<FLG>
V6155020;V615502002;QmnJ;1;"2018-01-18 00:00:00";16;15318;20;10;0;<FLG>
V6155020;V615502002;QmnJ;1;"2018-01-19 00:00:00";16;15185;20;10;0;<FLG>
V6155020;V615502002;QmnJ;1;"2018-01-20 00:00:00";16;15052;20;10;0;<FLG>
V6155020;V615502002;QmnJ;1;"2018-01-21 00:00:00";16;14899;20;10;0;<FLG>
V6155020;V615502002;QmnJ;1;"2018-01-22 00:00:00";16;14804;20;10;0;<FLG>
V6155020;V615502002;QmnJ;1;"2018-01-23 00:00:00";16;15105;20;10;0;<FLG>
V6155020;V615502002;QmnJ;1;"2018-01-24 00:00:00";16;15453;20;10;0;<FLG>
V6155020;V615502002;QmnJ;1;"2018-01-25 00:00:00";16;15967;20;10;0;<FLG>
V6155020;V615502002;QmnJ;1;"2018-01-26 00:00:00";16;16509;20;10;0;<FLG>
V6155020;V615502002;QmnJ;1;"2018-01-27 00:00:00";16;17051;20;10;0;<FLG>
V6155020;V615502002;QmnJ;1;"2018-01-28 00:00:00";16;17560;20;10;0;<FLG>
V6155020;V615502002;QmnJ;1;"2018-01-29 00:00:00";16;17952;20;10;0;<FLG>
V6155020;V615502002;QmnJ;1;"2018-01-30 00:00:00";16;17805;20;10;0;<FLG>
V6155020;V615502002;QmnJ;1;"2018-01-31 00:00:00";16;17540;20;10;0;<FLG>
V6155020;V615502002;QmnJ;1;"2018-02-01 00:00:00";16;17072;20;10;0;<FLG>
V6155020;V615502002;QmnJ;1;"2018-02-02 00:00:00";16;16552;20;10;0;<FLG>
V6155020;V615502002;QmnJ;1;"2018-02-03 00:00:00";16;16102;20;10;0;<FLG>
V6155020;V615502002;QmnJ;1;"2018-02-04 00:00:00";16;15664;20;10;0;<FLG>
V6155020;V615502002;QmnJ;1;"2018-02-05 00:00:00";16;15225;20;10;0;<FLG>
V6155020;V615502002;QmnJ;1;"2018-02-06 00:00:00";16;14749;20;10;0;<FLG>
V6155020;V615502002;QmnJ;1;"2018-02-07 00:00:00";16;14316;20;10;0;<FLG>
V6155020;V615502002;QmnJ;1;"2018-02-08 00:00:00";16;13900;20;10;0;<FLG>
V6155020;V615502002;QmnJ;1;"2018-02-09 00:00:00";16;13483;20;10;0;<FLG>
V6155020;V615502002;QmnJ;1;"2018-02-10 00:00:00";16;13083;20;10;0;<FLG>
V6155020;V615502002;QmnJ;1;"2018-02-11 00:00:00";16;12776;20;10;0;<FLG>
V6155020;V615502002;QmnJ;1;"2018-02-12 00:00:00";16;12445;20;10;0;<FLG>
V6155020;V615502002;QmnJ;1;"2018-02-13 00:00:00";16;12096;20;10;0;<FLG>
V6155020;V615502002;QmnJ;1;"2018-02-14 00:00:00";16;11747;20;10;0;<FLG>
V6155020;V615502002;QmnJ;1;"2018-02-15 00:00:00";16;11398;20;10;0;<FLG>
V6155020;V615502002;QmnJ;1;"2018-02-16 00:00:00";16;11120;20;10;0;<FLG>
V6155020;V615502002;QmnJ;1;"2018-02-17 00:00:00";16;11267;20;10;0;<FLG>
V6155020;V615502002;QmnJ;1;"2018-02-18 00:00:00";16;11484;20;10;0;<FLG>
V6155020;V615502002;QmnJ;1;"2018-02-19 00:00:00";16;11702;20;10;0;<FLG>
V6155020;V615502002;QmnJ;1;"2018-02-20 00:00:00";16;11919;20;10;0;<FLG>
V6155020;V615502002;QmnJ;1;"2018-02-21 00:00:00";16;12082;20;10;0;<FLG>
V6155020;V615502002;QmnJ;1;"2018-02-22 00:00:00";16;11919;20;10;0;<FLG>
V6155020;V615502002;QmnJ;1;"2018-02-23 00:00:00";16;11702;20;10;0;<FLG>
V6155020;V615502002;QmnJ;1;"2018-02-24 00:00:00";16;11484;20;10;0;<FLG>
V6155020;V615502002;QmnJ;1;"2018-02-25 00:00:00";16;11267;20;10;0;<FLG>
V6155020;V615502002;QmnJ;1;"2018-02-26 00:00:00";16;11280;20;10;0;<FLG>
V6155020;V615502002;QmnJ;1;"2018-02-27 00:00:00";16;12643;20;10;0;<FLG>
V6155020;V615502002;QmnJ;1;"2018-02-28 00:00:00";16;14026;20;10;0;<FLG>
V6155020;V615502002;QmnJ;1;"2018-03-01 00:00:00";16;15290;20;10;0;<FLG>
V6155020;V615502002;QmnJ;1;"2018-03-02 00:00:00";16;16371;20;10;0;<FLG>
V6155020;V615502002;QmnJ;1;"2018-03-03 00:00:00";16;17649;20;10;0;<FLG>
V6155020;V615502002;QmnJ;1;"2018-03-04 00:00:00";16;23788;20;10;0;<FLG>
V6155020;V615502002;QmnJ;1;"2018-03-05 00:00:00";16;30676;20;10;0;<FLG>
V6155020;V615502002;QmnJ;1;"2018-03-06 00:00:00";16;31901;20;10;0;<FLG>
V6155020;V615502002;QmnJ;1;"2018-03-07 00:00:00";16;32555;20;10;0;<FLG>
V6155020;V615502002;QmnJ;1;"2018-03-08 00:00:00";16;33208;20;10;0;<FLG>
V6155020;V615502002;QmnJ;1;"2018-03-09 00:00:00";16;33290;20;10;0;<FLG>
V6155020;V615502002;QmnJ;1;"2018-03-10 00:00:00";16;29940;20;10;0;<FLG>
V6155020;V615502002;QmnJ;1;"2018-03-11 00:00:00";16;30095;20;10;0;<FLG>
V6155020;V615502002;QmnJ;1;"2018-03-12 00:00:00";16;33001;20;10;0;<FLG>
V6155020;V615502002;QmnJ;1;"2018-03-13 00:00:00";16;35471;20;10;0;<FLG>
V6155020;V615502002;QmnJ;1;"2018-03-14 00:00:00";16;35812;20;10;0;<FLG>
V6155020;V615502002;QmnJ;1;"2018-03-15 00:00:00";16;35702;20;10;0;<FLG>
V6155020;V615502002;QmnJ;1;"2018-03-16 00:00:00";16;39711;20;10;0;<FLG>
V6155020;V615502002;QmnJ;1;"2018-03-17 00:00:00";16;43698;20;10;0;<FLG>
V6155020;V615502002;QmnJ;1;"2018-03-18 00:00:00";16;44892;20;10;0;<FLG>
V6155020;V615502002;QmnJ;1;"2018-03-19 00:00:00";16;44735;20;10;0;<FLG>
V6155020;V615502002;QmnJ;1;"2018-03-20 00:00:00";16;42796;20;10;0;<FLG>
V6155020;V615502002;QmnJ;1;"2018-03-21 00:00:00";16;40807;20;10;0;<FLG>
V6155020;V615502002;QmnJ;1;"2018-03-22 00:00:00";16;38817;20;10;0;<FLG>
V6155020;V615502002;QmnJ;1;"2018-03-23 00:00:00";16;36828;20;10;0;<FLG>
V6155020;V615502002;QmnJ;1;"2018-03-24 00:00:00";16;34839;20;10;0;<FLG>
V6155020;V615502002;QmnJ;1;"2018-03-25 00:00:00";16;32850;20;10;0;<FLG>
V6155020;V615502002;QmnJ;1;"2018-03-26 00:00:00";16;30861;20;10;0;<FLG>
V6155020;V615502002;QmnJ;1;"2018-03-27 00:00:00";16;28872;20;10;0;<FLG>
V6155020;V615502002;QmnJ;1;"2018-03-28 00:00:00";16;26883;20;10;0;<FLG>
V6155020;V615502002;QmnJ;1;"2018-03-29 00:00:00";16;24919;20;10;0;<FLG>
V6155020;V615502002;QmnJ;1;"2018-03-30 00:00:00";16;23789;20;10;0;<FLG>
V6155020;V615502002;QmnJ;1;"2018-03-31 00:00:00";16;23061;20;10;0;<FLG>
V6155020;V615502002;QmnJ;1;"2018-04-01 00:00:00";16;22334;20;10;0;<FLG>
V6155020;V615502002;QmnJ;1;"2018-04-02 00:00:00";16;21785;20;10;0;<FLG>
V6155020;V615502002;QmnJ;1;"2018-04-03 00:00:00";16;21575;20;10;0;<FLG>
V6155020;V615502002;QmnJ;1;"2018-04-04 00:00:00";16;21217;20;10;0;<FLG>
V6155020;V615502002;QmnJ;1;"2018-04-05 00:00:00";16;20859;20;10;0;<FLG>
V6155020;V615502002;QmnJ;1;"2018-04-06 00:00:00";16;20501;20;10;0;<FLG>
V6155020;V615502002;QmnJ;1;"2018-04-07 00:00:00";16;20143;20;10;0;<FLG>
V6155020;V615502002;QmnJ;1;"2018-04-08 00:00:00";16;19806;20;10;0;<FLG>
V6155020;V615502002;QmnJ;1;"2018-04-09 00:00:00";16;19658;20;10;0;<FLG>
V6155020;V615502002;QmnJ;1;"2018-04-10 00:00:00";16;19329;20;10;0;<FLG>
V6155020;V615502002;QmnJ;1;"2018-04-11 00:00:00";16;19810;20;10;0;<FLG>
V6155020;V615502002;QmnJ;1;"2018-04-12 00:00:00";16;27373;20;10;0;<FLG>
V6155020;V615502002;QmnJ;1;"2018-04-13 00:00:00";16;41771;20;10;0;<FLG>
V6155020;V615502002;QmnJ;1;"2018-04-14 00:00:00";16;48072;20;10;0;<FLG>
V6155020;V615502002;QmnJ;1;"2018-04-15 00:00:00";16;49858;20;10;0;<FLG>
V6155020;V615502002;QmnJ;1;"2018-04-16 00:00:00";16;49702;20;10;0;<FLG>
V6155020;V615502002;QmnJ;1;"2018-04-17 00:00:00";16;48242;20;10;0;<FLG>
V6155020;V615502002;QmnJ;1;"2018-04-18 00:00:00";16;46065;20;10;0;<FLG>
V6155020;V615502002;QmnJ;1;"2018-04-19 00:00:00";16;43888;20;10;0;<FLG>
V6155020;V615502002;QmnJ;1;"2018-04-20 00:00:00";16;41711;20;10;0;<FLG>
V6155020;V615502002;QmnJ;1;"2018-04-21 00:00:00";16;37369;20;10;0;<FLG>
V6155020;V615502002;QmnJ;1;"2018-04-22 00:00:00";16;35604;20;10;0;<FLG>
V6155020;V615502002;QmnJ;1;"2018-04-23 00:00:00";16;33916;20;10;0;<FLG>
V6155020;V615502002;QmnJ;1;"2018-04-24 00:00:00";16;32555;20;10;0;<FLG>
V6155020;V615502002;QmnJ;1;"2018-04-25 00:00:00";16;31084;20;10;0;<FLG>
V6155020;V615502002;QmnJ;1;"2018-04-26 00:00:00";16;28633;20;10;0;<FLG>
V6155020;V615502002;QmnJ;1;"2018-04-27 00:00:00";16;26385;20;10;0;<FLG>
V6155020;V615502002;QmnJ;1;"2018-04-28 00:00:00";16;24526;20;10;0;<FLG>
V6155020;V615502002;QmnJ;1;"2018-04-29 00:00:00";16;23102;20;10;0;<FLG>
V6155020;V615502002;QmnJ;1;"2018-04-30 00:00:00";16;21936;20;10;0;<FLG>
V6155020;V615502002;QmnJ;1;"2018-05-01 00:00:00";16;21418;20;10;0;<FLG>
V6155020;V615502002;QmnJ;1;"2018-05-02 00:00:00";16;21345;20;10;0;<FLG>
V6155020;V615502002;QmnJ;1;"2018-05-03 00:00:00";16;21052;20;10;0;<FLG>
V6155020;V615502002;QmnJ;1;"2018-05-04 00:00:00";16;20637;20;10;0;<FLG>
V6155020;V615502002;QmnJ;1;"2018-05-05 00:00:00";16;20322;20;10;0;<FLG>
V6155020;V615502002;QmnJ;1;"2018-05-06 00:00:00";16;20040;20;10;0;<FLG>
V6155020;V615502002;QmnJ;1;"2018-05-07 00:00:00";16;19815;20;10;0;<FLG>
V6155020;V615502002;QmnJ;1;"2018-05-08 00:00:00";16;20340;20;10;0;<FLG>
V6155020;V615502002;QmnJ;1;"2018-05-09 00:00:00";16;20801;20;10;0;<FLG>
V6155020;V615502002;QmnJ;1;"2018-05-10 00:00:00";16;21123;20;10;0;<FLG>
V6155020;V615502002;QmnJ;1;"2018-05-11 00:00:00";16;21735;20;10;0;<FLG>
V6155020;V615502002;QmnJ;1;"2018-05-12 00:00:00";16;21835;20;10;0;<FLG>
V6155020;V615502002;QmnJ;1;"2018-05-13 00:00:00";16;21529;20;10;0;<FLG>
V6155020;V615502002;QmnJ;1;"2018-05-14 00:00:00";16;21437;20;10;0;<FLG>
V6155020;V615502002;QmnJ;1;"2018-05-15 00:00:00";16;21936;20;10;0;<FLG>
V6155020;V615502002;QmnJ;1;"2018-05-16 00:00:00";16;22804;20;10;0;<FLG>
V6155020;V615502002;QmnJ;1;"2018-05-17 00:00:00";16;21936;20;10;0;<FLG>
V6155020;V615502002;QmnJ;1;"2018-05-18 00:00:00";16;21418;20;10;0;<FLG>
V6155020;V615502002;QmnJ;1;"2018-05-19 00:00:00";16;21381;20;10;0;<FLG>
V6155020;V615502002;QmnJ;1;"2018-05-20 00:00:00";16;21381;20;10;0;<FLG>
V6155020;V615502002;QmnJ;1;"2018-05-21 00:00:00";16;21381;20;10;0;<FLG>
V6155020;V615502002;QmnJ;1;"2018-05-22 00:00:00";16;21578;20;10;0;<FLG>
V6155020;V615502002;QmnJ;1;"2018-05-23 00:00:00";16;24437;20;10;0;<FLG>
V6155020;V615502002;QmnJ;1;"2018-05-24 00:00:00";16;28024;20;10;0;<FLG>
V6155020;V615502002;QmnJ;1;"2018-05-25 00:00:00";16;28306;20;10;0;<FLG>
V6155020;V615502002;QmnJ;1;"2018-05-26 00:00:00";16;26385;20;10;0;<FLG>
V6155020;V615502002;QmnJ;1;"2018-05-27 00:00:00";16;24750;20;10;0;<FLG>
V6155020;V615502002;QmnJ;1;"2018-05-28 00:00:00";16;24516;20;10;0;<FLG>
V6155020;V615502002;QmnJ;1;"2018-05-29 00:00:00";16;24293;20;10;0;<FLG>
V6155020;V615502002;QmnJ;1;"2018-05-30 00:00:00";16;23251;20;10;0;<FLG>
V6155020;V615502002;QmnJ;1;"2018-05-31 00:00:00";16;23102;20;10;0;<FLG>
V6155020;V615502002;QmnJ;1;"2018-06-01 00:00:00";16;23102;20;10;0;<FLG>
V6155020;V615502002;QmnJ;1;"2018-06-02 00:00:00";16;23102;20;10;0;<FLG>
V6155020;V615502002;QmnJ;1;"2018-06-03 00:00:00";16;23102;20;10;0;<FLG>
V6155020;V615502002;QmnJ;1;"2018-06-04 00:00:00";16;23102;20;10;0;<FLG>
V6155020;V615502002;QmnJ;1;"2018-06-05 00:00:00";16;23102;20;10;0;<FLG>
V6155020;V615502002;QmnJ;1;"2018-06-06 00:00:00";16;23102;20;10;0;<FLG>
V6155020;V615502002;QmnJ;1;"2018-06-07 00:00:00";16;22953;20;10;0;<FLG>
V6155020;V615502002;QmnJ;1;"2018-06-08 00:00:00";16;22059;20;10;0;<FLG>
V6155020;V615502002;QmnJ;1;"2018-06-09 00:00:00";16;21835;20;10;0;<FLG>
V6155020;V615502002;QmnJ;1;"2018-06-10 00:00:00";16;21529;20;10;0;<FLG>
V6155020;V615502002;QmnJ;1;"2018-06-11 00:00:00";16;21400;20;10;0;<FLG>
V6155020;V615502002;QmnJ;1;"2018-06-12 00:00:00";16;21381;20;10;0;<FLG>
V6155020;V615502002;QmnJ;1;"2018-06-13 00:00:00";16;21363;20;10;0;<FLG>
V6155020;V615502002;QmnJ;1;"2018-06-14 00:00:00";16;21234;20;10;0;<FLG>
V6155020;V615502002;QmnJ;1;"2018-06-15 00:00:00";16;21050;20;10;0;<FLG>
V6155020;V615502002;QmnJ;1;"2018-06-16 00:00:00";16;20725;20;10;0;<FLG>
V6155020;V615502002;QmnJ;1;"2018-06-17 00:00:00";16;20376;20;10;0;<FLG>
V6155020;V615502002;QmnJ;1;"2018-06-18 00:00:00";16;19943;20;10;0;<FLG>
V6155020;V615502002;QmnJ;1;"2018-06-19 00:00:00";16;19642;20;10;0;<FLG>
V6155020;V615502002;QmnJ;1;"2018-06-20 00:00:00";16;19401;20;10;0;<FLG>
V6155020;V615502002;QmnJ;1;"2018-06-21 00:00:00";16;19160;20;10;0;<FLG>
V6155020;V615502002;QmnJ;1;"2018-06-22 00:00:00";16;18909;20;10;0;<FLG>
V6155020;V615502002;QmnJ;1;"2018-06-23 00:00:00";16;18659;20;10;0;<FLG>
V6155020;V615502002;QmnJ;1;"2018-06-24 00:00:00";16;18419;20;10;0;<FLG>
V6155020;V615502002;QmnJ;1;"2018-06-25 00:00:00";16;18209;20;10;0;<FLG>
V6155020;V615502002;QmnJ;1;"2018-06-26 00:00:00";16;18159;20;10;0;<FLG>
V6155020;V615502002;QmnJ;1;"2018-06-27 00:00:00";16;18108;20;10;0;<FLG>
V6155020;V615502002;QmnJ;1;"2018-06-28 00:00:00";16;17893;20;10;0;<FLG>
V6155020;V615502002;QmnJ;1;"2018-06-29 00:00:00";16;17650;20;10;0;<FLG>
V6155020;V615502002;QmnJ;1;"2018-06-30 00:00:00";16;17408;20;10;0;<FLG>
V6155020;V615502002;QmnJ;1;"2018-07-01 00:00:00";16;17148;20;10;0;<FLG>
V6155020;V615502002;QmnJ;1;"2018-07-02 00:00:00";16;16875;20;10;0;<FLG>
V6155020;V615502002;QmnJ;1;"2018-07-03 00:00:00";16;16601;20;10;0;<FLG>
V6155020;V615502002;QmnJ;1;"2018-07-04 00:00:00";16;16328;20;10;0;<FLG>
V6155020;V615502002;QmnJ;1;"2018-07-05 00:00:00";16;16055;20;10;0;<FLG>
V6155020;V615502002;QmnJ;1;"2018-07-06 00:00:00";16;15781;20;10;0;<FLG>
V6155020;V615502002;QmnJ;1;"2018-07-07 00:00:00";16;15508;20;10;0;<FLG>
V6155020;V615502002;QmnJ;1;"2018-07-08 00:00:00";16;15235;20;10;0;<FLG>
V6155020;V615502002;QmnJ;1;"2018-07-09 00:00:00";16;14947;20;10;0;<FLG>
V6155020;V615502002;QmnJ;1;"2018-07-10 00:00:00";16;14609;20;10;0;<FLG>
V6155020;V615502002;QmnJ;1;"2018-07-11 00:00:00";16;14285;20;10;0;<FLG>
V6155020;V615502002;QmnJ;1;"2018-07-12 00:00:00";16;14072;20;10;0;<FLG>
V6155020;V615502002;QmnJ;1;"2018-07-13 00:00:00";16;13878;20;10;0;<FLG>
V6155020;V615502002;QmnJ;1;"2018-07-14 00:00:00";16;13685;20;10;0;<FLG>
V6155020;V615502002;QmnJ;1;"2018-07-15 00:00:00";16;13491;20;10;0;<FLG>
V6155020;V615502002;QmnJ;1;"2018-07-16 00:00:00";16;13297;20;10;0;<FLG>
V6155020;V615502002;QmnJ;1;"2018-07-17 00:00:00";16;13103;20;10;0;<FLG>
V6155020;V615502002;QmnJ;1;"2018-07-18 00:00:00";16;12909;20;10;0;<FLG>
V6155020;V615502002;QmnJ;1;"2018-07-19 00:00:00";16;12712;20;10;0;<FLG>
V6155020;V615502002;QmnJ;1;"2018-07-20 00:00:00";16;12484;20;10;0;<FLG>
V6155020;V615502002;QmnJ;1;"2018-07-21 00:00:00";16;12250;20;10;0;<FLG>
V6155020;V615502002;QmnJ;1;"2018-07-22 00:00:00";16;12027;20;10;0;<FLG>
V6155020;V615502002;QmnJ;1;"2018-07-23 00:00:00";16;11875;20;10;0;<FLG>
V6155020;V615502002;QmnJ;1;"2018-07-24 00:00:00";16;11734;20;10;0;<FLG>
V6155020;V615502002;QmnJ;1;"2018-07-25 00:00:00";16;11593;20;10;0;<FLG>
V6155020;V615502002;QmnJ;1;"2018-07-26 00:00:00";16;11455;20;10;0;<FLG>
V6155020;V615502002;QmnJ;1;"2018-07-27 00:00:00";16;11337;20;10;0;<FLG>
V6155020;V615502002;QmnJ;1;"2018-07-28 00:00:00";16;11221;20;10;0;<FLG>
V6155020;V615502002;QmnJ;1;"2018-07-29 00:00:00";16;11115;20;10;0;<FLG>
V6155020;V615502002;QmnJ;1;"2018-07-30 00:00:00";16;11067;20;10;0;<FLG>
V6155020;V615502002;QmnJ;1;"2018-07-31 00:00:00";16;11029;20;10;0;<FLG>
V6155020;V615502002;QmnJ;1;"2018-08-01 00:00:00";16;10991;20;10;0;<FLG>
V6155020;V615502002;QmnJ;1;"2018-08-02 00:00:00";16;10953;20;10;0;<FLG>
V6155020;V615502002;QmnJ;1;"2018-08-03 00:00:00";16;10914;20;10;0;<FLG>
V6155020;V615502002;QmnJ;1;"2018-08-04 00:00:00";16;10876;20;10;0;<FLG>
V6155020;V615502002;QmnJ;1;"2018-08-05 00:00:00";16;10838;20;10;0;<FLG>
V6155020;V615502002;QmnJ;1;"2018-08-06 00:00:00";16;10800;20;10;0;<FLG>
V6155020;V615502002;QmnJ;1;"2018-08-07 00:00:00";16;10761;20;10;0;<FLG>
V6155020;V615502002;QmnJ;1;"2018-08-08 00:00:00";16;10723;20;10;0;<FLG>
V6155020;V615502002;QmnJ;1;"2018-08-09 00:00:00";16;10685;20;10;0;<FLG>
V6155020;V615502002;QmnJ;1;"2018-08-10 00:00:00";16;10672;20;10;0;<FLG>
V6155020;V615502002;QmnJ;1;"2018-08-11 00:00:00";16;10781;20;10;0;<FLG>
V6155020;V615502002;QmnJ;1;"2018-08-12 00:00:00";16;10754;20;10;0;<FLG>
V6155020;V615502002;QmnJ;1;"2018-08-13 00:00:00";16;10700;20;10;0;<FLG>
V6155020;V615502002;QmnJ;1;"2018-08-14 00:00:00";16;10620;20;10;0;<FLG>
V6155020;V615502002;QmnJ;1;"2018-08-15 00:00:00";16;10378;20;10;0;<FLG>
V6155020;V615502002;QmnJ;1;"2018-08-16 00:00:00";16;10105;20;10;0;<FLG>
V6155020;V615502002;QmnJ;1;"2018-08-17 00:00:00";16;9831;20;10;0;<FLG>
V6155020;V615502002;QmnJ;1;"2018-08-18 00:00:00";16;9731;20;10;0;<FLG>
V6155020;V615502002;QmnJ;1;"2018-08-19 00:00:00";16;9656;20;10;0;<FLG>
V6155020;V615502002;QmnJ;1;"2018-08-20 00:00:00";16;9545;20;10;0;<FLG>
V6155020;V615502002;QmnJ;1;"2018-08-21 00:00:00";16;9464;20;10;0;<FLG>
V6155020;V615502002;QmnJ;1;"2018-08-22 00:00:00";16;9592;20;10;0;<FLG>
V6155020;V615502002;QmnJ;1;"2018-08-23 00:00:00";16;9728;20;10;0;<FLG>
V6155020;V615502002;QmnJ;1;"2018-08-24 00:00:00";16;9682;20;10;0;<FLG>
V6155020;V615502002;QmnJ;1;"2018-08-25 00:00:00";16;9452;20;10;0;<FLG>
V6155020;V615502002;QmnJ;1;"2018-08-26 00:00:00";16;9209;20;10;0;<FLG>
V6155020;V615502002;QmnJ;1;"2018-08-27 00:00:00";16;9045;20;10;0;<FLG>
V6155020;V615502002;QmnJ;1;"2018-08-28 00:00:00";16;8893;20;10;0;<FLG>
V6155020;V615502002;QmnJ;1;"2018-08-29 00:00:00";16;8742;20;10;0;<FLG>
V6155020;V615502002;QmnJ;1;"2018-08-30 00:00:00";16;8599;20;10;0;<FLG>
V6155020;V615502002;QmnJ;1;"2018-08-31 00:00:00";16;8506;20;10;0;<FLG>
V6155020;V615502002;QmnJ;1;"2018-09-01 00:00:00";16;8422;20;10;0;<FLG>
V6155020;V615502002;QmnJ;1;"2018-09-02 00:00:00";16;8337;20;10;0;<FLG>
V6155020;V615502002;QmnJ;1;"2018-09-03 00:00:00";16;8252;20;10;0;<FLG>
V6155020;V615502002;QmnJ;1;"2018-09-04 00:00:00";16;8168;20;10;0;<FLG>
V6155020;V615502002;QmnJ;1;"2018-09-05 00:00:00";16;8083;20;10;0;<FLG>
V6155020;V615502002;QmnJ;1;"2018-09-06 00:00:00";16;7998;20;10;0;<FLG>
V6155020;V615502002;QmnJ;1;"2018-09-07 00:00:00";16;7914;20;10;0;<FLG>
V6155020;V615502002;QmnJ;1;"2018-09-08 00:00:00";16;7829;20;10;0;<FLG>
V6155020;V615502002;QmnJ;1;"2018-09-09 00:00:00";16;7744;20;10;0;<FLG>
V6155020;V615502002;QmnJ;1;"2018-09-10 00:00:00";16;7659;20;10;0;<FLG>
V6155020;V615502002;QmnJ;1;"2018-09-11 00:00:00";16;7577;20;10;0;<FLG>
V6155020;V615502002;QmnJ;1;"2018-09-12 00:00:00";16;7493;20;10;0;<FLG>
V6155020;V615502002;QmnJ;1;"2018-09-13 00:00:00";16;7388;20;10;0;<FLG>
V6155020;V615502002;QmnJ;1;"2018-09-14 00:00:00";16;7280;20;10;0;<FLG>
V6155020;V615502002;QmnJ;1;"2018-09-15 00:00:00";16;7171;20;10;0;<FLG>
V6155020;V615502002;QmnJ;1;"2018-09-16 00:00:00";16;7074;20;10;0;<FLG>
V6155020;V615502002;QmnJ;1;"2018-09-17 00:00:00";16;7042;20;10;0;<FLG>
V6155020;V615502002;QmnJ;1;"2018-09-18 00:00:00";16;7020;20;10;0;<FLG>
V6155020;V615502002;QmnJ;1;"2018-09-19 00:00:00";16;6998;20;10;0;<FLG>
V6155020;V615502002;QmnJ;1;"2018-09-20 00:00:00";16;6977;20;10;0;<FLG>
V6155020;V615502002;QmnJ;1;"2018-09-21 00:00:00";16;6953;20;10;0;<FLG>
V6155020;V615502002;QmnJ;1;"2018-09-22 00:00:00";16;6915;20;10;0;<FLG>
V6155020;V615502002;QmnJ;1;"2018-09-23 00:00:00";16;6874;20;10;0;<FLG>
V6155020;V615502002;QmnJ;1;"2018-09-24 00:00:00";16;6834;20;10;0;<FLG>
V6155020;V615502002;QmnJ;1;"2018-09-25 00:00:00";16;6794;20;10;0;<FLG>
V6155020;V615502002;QmnJ;1;"2018-09-26 00:00:00";16;6761;20;10;0;<FLG>
V6155020;V615502002;QmnJ;1;"2018-09-27 00:00:00";16;6728;20;10;0;<FLG>
V6155020;V615502002;QmnJ;1;"2018-09-28 00:00:00";16;6696;20;10;0;<FLG>
V6155020;V615502002;QmnJ;1;"2018-09-29 00:00:00";16;6663;20;10;0;<FLG>
V6155020;V615502002;QmnJ;1;"2018-09-30 00:00:00";16;6623;20;10;0;<FLG>
V6155020;V615502002;QmnJ;1;"2018-10-01 00:00:00";16;6536;20;10;0;<FLG>
V6155020;V615502002;QmnJ;1;"2018-10-02 00:00:00";16;6441;20;10;0;<FLG>
V6155020;V615502002;QmnJ;1;"2018-10-03 00:00:00";16;6347;20;10;0;<FLG>
V6155020;V615502002;QmnJ;1;"2018-10-04 00:00:00";16;6264;20;10;0;<FLG>
V6155020;V615502002;QmnJ;1;"2018-10-05 00:00:00";16;6252;20;10;0;<FLG>
V6155020;V615502002;QmnJ;1;"2018-10-06 00:00:00";16;6252;20;10;0;<FLG>
V6155020;V615502002;QmnJ;1;"2018-10-07 00:00:00";16;6252;20;10;0;<FLG>
V6155020;V615502002;QmnJ;1;"2018-10-08 00:00:00";16;6252;20;10;0;<FLG>
V6155020;V615502002;QmnJ;1;"2018-10-09 00:00:00";16;6300;20;10;0;<FLG>
V6155020;V615502002;QmnJ;1;"2018-10-10 00:00:00";16;6631;20;10;0;<FLG>
V6155020;V615502002;QmnJ;1;"2018-10-11 00:00:00";16;7070;20;10;0;<FLG>
V6155020;V615502002;QmnJ;1;"2018-10-12 00:00:00";16;7714;20;10;0;<FLG>
V6155020;V615502002;QmnJ;1;"2018-10-13 00:00:00";16;7553;20;10;0;<FLG>
V6155020;V615502002;QmnJ;1;"2018-10-14 00:00:00";16;7253;20;10;0;<FLG>
V6155020;V615502002;QmnJ;1;"2018-10-15 00:00:00";16;6955;20;10;0;<FLG>
V6155020;V615502002;QmnJ;1;"2018-10-16 00:00:00";16;6658;20;10;0;<FLG>
V6155020;V615502002;QmnJ;1;"2018-10-17 00:00:00";16;6392;20;10;0;<FLG>
V6155020;V615502002;QmnJ;1;"2018-10-18 00:00:00";16;6320;20;10;0;<FLG>
V6155020;V615502002;QmnJ;1;"2018-10-19 00:00:00";16;6279;20;10;0;<FLG>
V6155020;V615502002;QmnJ;1;"2018-10-20 00:00:00";16;6239;20;10;0;<FLG>
V6155020;V615502002;QmnJ;1;"2018-10-21 00:00:00";16;6198;20;10;0;<FLG>
V6155020;V615502002;QmnJ;1;"2018-10-22 00:00:00";16;6158;20;10;0;<FLG>
V6155020;V615502002;QmnJ;1;"2018-10-23 00:00:00";16;6117;20;10;0;<FLG>
V6155020;V615502002;QmnJ;1;"2018-10-24 00:00:00";16;6076;20;10;0;<FLG>
V6155020;V615502002;QmnJ;1;"2018-10-25 00:00:00";16;6039;20;10;0;<FLG>
V6155020;V615502002;QmnJ;1;"2018-10-26 00:00:00";16;6017;20;10;0;<FLG>
V6155020;V615502002;QmnJ;1;"2018-10-27 00:00:00";16;5999;20;10;0;<FLG>
V6155020;V615502002;QmnJ;1;"2018-10-28 00:00:00";16;7077;20;10;0;<FLG>
V6155020;V615502002;QmnJ;1;"2018-10-29 00:00:00";16;13373;20;10;0;<FLG>
V6155020;V615502002;QmnJ;1;"2018-10-30 00:00:00";16;17935;20;10;0;<FLG>
V6155020;V615502002;QmnJ;1;"2018-10-31 00:00:00";16;22498;20;10;0;<FLG>
V6155020;V615502002;QmnJ;1;"2018-11-01 00:00:00";16;45725;20;10;0;<FLG>
V6155020;V615502002;QmnJ;1;"2018-11-02 00:00:00";16;54509;20;10;0;<FLG>
V6155020;V615502002;QmnJ;1;"2018-11-03 00:00:00";16;54795;20;10;0;<FLG>
V6155020;V615502002;QmnJ;1;"2018-11-04 00:00:00";16;52790;20;10;0;<FLG>
V6155020;V615502002;QmnJ;1;"2018-11-05 00:00:00";16;50785;20;10;0;<FLG>
V6155020;V615502002;QmnJ;1;"2018-11-06 00:00:00";16;50499;20;10;0;<FLG>
V6155020;V615502002;QmnJ;1;"2018-11-07 00:00:00";16;50499;20;10;0;<FLG>
V6155020;V615502002;QmnJ;1;"2018-11-08 00:00:00";16;50499;20;10;0;<FLG>
V6155020;V615502002;QmnJ;1;"2018-11-09 00:00:00";16;50499;20;10;0;<FLG>
V6155020;V615502002;QmnJ;1;"2018-11-10 00:00:00";16;50213;20;10;0;<FLG>
V6155020;V615502002;QmnJ;1;"2018-11-11 00:00:00";16;48208;20;10;0;<FLG>
V6155020;V615502002;QmnJ;1;"2018-11-12 00:00:00";16;45920;20;10;0;<FLG>
V6155020;V615502002;QmnJ;1;"2018-11-13 00:00:00";16;44063;20;10;0;<FLG>
V6155020;V615502002;QmnJ;1;"2018-11-14 00:00:00";16;42372;20;10;0;<FLG>
V6155020;V615502002;QmnJ;1;"2018-11-15 00:00:00";16;39900;20;10;0;<FLG>
V6155020;V615502002;QmnJ;1;"2018-11-16 00:00:00";16;37379;20;10;0;<FLG>
V6155020;V615502002;QmnJ;1;"2018-11-17 00:00:00";16;35169;20;10;0;<FLG>
V6155020;V615502002;QmnJ;1;"2018-11-18 00:00:00";16;32990;20;10;0;<FLG>
V6155020;V615502002;QmnJ;1;"2018-11-19 00:00:00";16;30812;20;10;0;<FLG>
V6155020;V615502002;QmnJ;1;"2018-11-20 00:00:00";16;28579;20;10;0;<FLG>
V6155020;V615502002;QmnJ;1;"2018-11-21 00:00:00";16;27034;20;10;0;<FLG>
V6155020;V615502002;QmnJ;1;"2018-11-22 00:00:00";16;30376;20;10;0;<FLG>
V6155020;V615502002;QmnJ;1;"2018-11-23 00:00:00";16;34733;20;10;0;<FLG>
V6155020;V615502002;QmnJ;1;"2018-11-24 00:00:00";16;39520;20;10;0;<FLG>
V6155020;V615502002;QmnJ;1;"2018-11-25 00:00:00";16;45577;20;10;0;<FLG>
V6155020;V615502002;QmnJ;1;"2018-11-26 00:00:00";16;49926;20;10;0;<FLG>
V6155020;V615502002;QmnJ;1;"2018-11-27 00:00:00";16;50499;20;10;0;<FLG>
V6155020;V615502002;QmnJ;1;"2018-11-28 00:00:00";16;50499;20;10;0;<FLG>
V6155020;V615502002;QmnJ;1;"2018-11-29 00:00:00";16;50213;20;10;0;<FLG>
V6155020;V615502002;QmnJ;1;"2018-11-30 00:00:00";16;48208;20;10;0;<FLG>
V6155020;V615502002;QmnJ;1;"2018-12-01 00:00:00";16;45696;20;10;0;<FLG>
V6155020;V615502002;QmnJ;1;"2018-12-02 00:00:00";16;42697;20;10;0;<FLG>
V6155020;V615502002;QmnJ;1;"2018-12-03 00:00:00";16;40941;20;10;0;<FLG>
V6155020;V615502002;QmnJ;1;"2018-12-04 00:00:00";16;39282;20;10;0;<FLG>
V6155020;V615502002;QmnJ;1;"2018-12-05 00:00:00";16;37142;20;10;0;<FLG>
V6155020;V615502002;QmnJ;1;"2018-12-06 00:00:00";16;35169;20;10;0;<FLG>
V6155020;V615502002;QmnJ;1;"2018-12-07 00:00:00";16;33208;20;10;0;<FLG>
V6155020;V615502002;QmnJ;1;"2018-12-08 00:00:00";16;31362;20;10;0;<FLG>
V6155020;V615502002;QmnJ;1;"2018-12-09 00:00:00";16;30202;20;10;0;<FLG>
V6155020;V615502002;QmnJ;1;"2018-12-10 00:00:00";16;29156;20;10;0;<FLG>
V6155020;V615502002;QmnJ;1;"2018-12-11 00:00:00";16;28110;20;10;0;<FLG>
V6155020;V615502002;QmnJ;1;"2018-12-12 00:00:00";16;27143;20;10;0;<FLG>
V6155020;V615502002;QmnJ;1;"2018-12-13 00:00:00";16;26303;20;10;0;<FLG>
V6155020;V615502002;QmnJ;1;"2018-12-14 00:00:00";16;24984;20;10;0;<FLG>
V6155020;V615502002;QmnJ;1;"2018-12-15 00:00:00";16;23716;20;10;0;<FLG>
V6155020;V615502002;QmnJ;1;"2018-12-16 00:00:00";16;22804;20;10;0;<FLG>
V6155020;V615502002;QmnJ;1;"2018-12-17 00:00:00";16;22319;20;10;0;<FLG>
V6155020;V615502002;QmnJ;1;"2018-12-18 00:00:00";16;24592;20;10;0;<FLG>
V6155020;V615502002;QmnJ;1;"2018-12-19 00:00:00";16;28678;20;10;0;<FLG>
V6155020;V615502002;QmnJ;1;"2018-12-20 00:00:00";16;33862;20;10;0;<FLG>
V6155020;V615502002;QmnJ;1;"2018-12-21 00:00:00";16;38623;20;10;0;<FLG>
V6155020;V615502002;QmnJ;1;"2018-12-22 00:00:00";16;39250;20;10;0;<FLG>
V6155020;V615502002;QmnJ;1;"2018-12-23 00:00:00";16;38339;20;10;0;<FLG>
V6155020;V615502002;QmnJ;1;"2018-12-24 00:00:00";16;37351;20;10;0;<FLG>
V6155020;V615502002;QmnJ;1;"2018-12-25 00:00:00";16;36258;20;10;0;<FLG>
V6155020;V615502002;QmnJ;1;"2018-12-26 00:00:00";16;33862;20;10;0;<FLG>
V6155020;V615502002;QmnJ;1;"2018-12-27 00:00:00";16;31247;20;10;0;<FLG>
V6155020;V615502002;QmnJ;1;"2018-12-28 00:00:00";16;28797;20;10;0;<FLG>
V6155020;V615502002;QmnJ;1;"2018-12-29 00:00:00";16;27369;20;10;0;<FLG>
V6155020;V615502002;QmnJ;1;"2018-12-30 00:00:00";16;26346;20;10;0;<FLG>
V6155020;V615502002;QmnJ;1;"2018-12-31 00:00:00";16;25139;20;10;0;<FLG>
V6155020;V615502002;QmnJ;1;"2019-01-01 00:00:00";16;23951;20;10;0;<FLG>
V6155020;V615502002;QmnJ;1;"2019-01-02 00:00:00";16;23126;20;10;0;<FLG>
V6155020;V615502002;QmnJ;1;"2019-01-03 00:00:00";16;22506;20;10;0;<FLG>
V6155020;V615502002;QmnJ;1;"2019-01-04 00:00:00";16;21876;20;10;0;<FLG>
V6155020;V615502002;QmnJ;1;"2019-01-05 00:00:00";16;21441;20;10;0;<FLG>
V6155020;V615502002;QmnJ;1;"2019-01-06 00:00:00";16;21204;20;10;0;<FLG>
V6155020;V615502002;QmnJ;1;"2019-01-07 00:00:00";16;20970;20;10;0;<FLG>
V6155020;V615502002;QmnJ;1;"2019-01-08 00:00:00";16;20785;20;10;0;<FLG>
V6155020;V615502002;QmnJ;1;"2019-01-09 00:00:00";16;20563;20;10;0;<FLG>
V6155020;V615502002;QmnJ;1;"2019-01-10 00:00:00";16;20063;20;10;0;<FLG>
V6155020;V615502002;QmnJ;1;"2019-01-11 00:00:00";16;19757;20;10;0;<FLG>
V6155020;V615502002;QmnJ;1;"2019-01-12 00:00:00";16;19492;20;10;0;<FLG>
V6155020;V615502002;QmnJ;1;"2019-01-13 00:00:00";16;19321;20;10;0;<FLG>
V6155020;V615502002;QmnJ;1;"2019-01-14 00:00:00";16;19153;20;10;0;<FLG>
V6155020;V615502002;QmnJ;1;"2019-01-15 00:00:00";16;18940;20;10;0;<FLG>
V6155020;V615502002;QmnJ;1;"2019-01-16 00:00:00";16;18719;20;10;0;<FLG>
V6155020;V615502002;QmnJ;1;"2019-01-17 00:00:00";16;18504;20;10;0;<FLG>
V6155020;V615502002;QmnJ;1;"2019-01-18 00:00:00";16;18296;20;10;0;<FLG>
V6155020;V615502002;QmnJ;1;"2019-01-19 00:00:00";16;18092;20;10;0;<FLG>
V6155020;V615502002;QmnJ;1;"2019-01-20 00:00:00";16;17908;20;10;0;<FLG>
V6155020;V615502002;QmnJ;1;"2019-01-21 00:00:00";16;17727;20;10;0;<FLG>
V6155020;V615502002;QmnJ;1;"2019-01-22 00:00:00";16;17546;20;10;0;<FLG>
V6155020;V615502002;QmnJ;1;"2019-01-23 00:00:00";16;17365;20;10;0;<FLG>
V6155020;V615502002;QmnJ;1;"2019-01-24 00:00:00";16;17169;20;10;0;<FLG>
V6155020;V615502002;QmnJ;1;"2019-01-25 00:00:00";16;16966;20;10;0;<FLG>
V6155020;V615502002;QmnJ;1;"2019-01-26 00:00:00";16;16766;20;10;0;<FLG>
V6155020;V615502002;QmnJ;1;"2019-01-27 00:00:00";16;16567;20;10;0;<FLG>
V6155020;V615502002;QmnJ;1;"2019-01-28 00:00:00";16;16368;20;10;0;<FLG>
V6155020;V615502002;QmnJ;1;"2019-01-29 00:00:00";16;16333;20;10;0;<FLG>
V6155020;V615502002;QmnJ;1;"2019-01-30 00:00:00";16;17270;20;10;0;<FLG>
V6155020;V615502002;QmnJ;1;"2019-01-31 00:00:00";16;18278;20;10;0;<FLG>
V6155020;V615502002;QmnJ;1;"2019-02-01 00:00:00";16;19355;20;10;0;<FLG>
V6155020;V615502002;QmnJ;1;"2019-02-02 00:00:00";16;26464;20;10;0;<FLG>
V6155020;V615502002;QmnJ;1;"2019-02-03 00:00:00";16;35332;20;10;0;<FLG>
V6155020;V615502002;QmnJ;1;"2019-02-04 00:00:00";16;35169;20;10;0;<FLG>
V6155020;V615502002;QmnJ;1;"2019-02-05 00:00:00";16;33698;20;10;0;<FLG>
V6155020;V615502002;QmnJ;1;"2019-02-06 00:00:00";16;31247;20;10;0;<FLG>
V6155020;V615502002;QmnJ;1;"2019-02-07 00:00:00";16;28633;20;10;0;<FLG>
V6155020;V615502002;QmnJ;1;"2019-02-08 00:00:00";16;26385;20;10;0;<FLG>
V6155020;V615502002;QmnJ;1;"2019-02-09 00:00:00";16;24526;20;10;0;<FLG>
V6155020;V615502002;QmnJ;1;"2019-02-10 00:00:00";16;23102;20;10;0;<FLG>
V6155020;V615502002;QmnJ;1;"2019-02-11 00:00:00";16;21936;20;10;0;<FLG>
V6155020;V615502002;QmnJ;1;"2019-02-12 00:00:00";16;21381;20;10;0;<FLG>
V6155020;V615502002;QmnJ;1;"2019-02-13 00:00:00";16;21086;20;10;0;<FLG>
V6155020;V615502002;QmnJ;1;"2019-02-14 00:00:00";16;20826;20;10;0;<FLG>
V6155020;V615502002;QmnJ;1;"2019-02-15 00:00:00";16;20599;20;10;0;<FLG>
V6155020;V615502002;QmnJ;1;"2019-02-16 00:00:00";16;20211;20;10;0;<FLG>
V6155020;V615502002;QmnJ;1;"2019-02-17 00:00:00";16;19872;20;10;0;<FLG>
V6155020;V615502002;QmnJ;1;"2019-02-18 00:00:00";16;19534;20;10;0;<FLG>
V6155020;V615502002;QmnJ;1;"2019-02-19 00:00:00";16;19286;20;10;0;<FLG>
V6155020;V615502002;QmnJ;1;"2019-02-20 00:00:00";16;19054;20;10;0;<FLG>
V6155020;V615502002;QmnJ;1;"2019-02-21 00:00:00";16;18789;20;10;0;<FLG>
V6155020;V615502002;QmnJ;1;"2019-02-22 00:00:00";16;18523;20;10;0;<FLG>
V6155020;V615502002;QmnJ;1;"2019-02-23 00:00:00";16;18268;20;10;0;<FLG>
V6155020;V615502002;QmnJ;1;"2019-02-24 00:00:00";16;18013;20;10;0;<FLG>
V6155020;V615502002;QmnJ;1;"2019-02-25 00:00:00";16;17769;20;10;0;<FLG>
V6155020;V615502002;QmnJ;1;"2019-02-26 00:00:00";16;17591;20;10;0;<FLG>
V6155020;V615502002;QmnJ;1;"2019-02-27 00:00:00";16;17424;20;10;0;<FLG>
V6155020;V615502002;QmnJ;1;"2019-02-28 00:00:00";16;17251;20;10;0;<FLG>
V6155020;V615502002;QmnJ;1;"2019-03-01 00:00:00";16;17063;20;10;0;<FLG>
V6155020;V615502002;QmnJ;1;"2019-03-02 00:00:00";16;16874;20;10;0;<FLG>
V6155020;V615502002;QmnJ;1;"2019-03-03 00:00:00";16;16676;20;10;0;<FLG>
V6155020;V615502002;QmnJ;1;"2019-03-04 00:00:00";16;16475;20;10;0;<FLG>
V6155020;V615502002;QmnJ;1;"2019-03-05 00:00:00";16;16280;20;10;0;<FLG>
V6155020;V615502002;QmnJ;1;"2019-03-06 00:00:00";16;16115;20;10;0;<FLG>
V6155020;V615502002;QmnJ;1;"2019-03-07 00:00:00";16;15957;20;10;0;<FLG>
V6155020;V615502002;QmnJ;1;"2019-03-08 00:00:00";16;15806;20;10;0;<FLG>
V6155020;V615502002;QmnJ;1;"2019-03-09 00:00:00";16;15657;20;10;0;<FLG>
V6155020;V615502002;QmnJ;1;"2019-03-10 00:00:00";16;15507;20;10;0;<FLG>
V6155020;V615502002;QmnJ;1;"2019-03-11 00:00:00";16;15357;20;10;0;<FLG>
V6155020;V615502002;QmnJ;1;"2019-03-12 00:00:00";16;15207;20;10;0;<FLG>
V6155020;V615502002;QmnJ;1;"2019-03-13 00:00:00";16;15057;20;10;0;<FLG>
V6155020;V615502002;QmnJ;1;"2019-03-14 00:00:00";16;14884;20;10;0;<FLG>
V6155020;V615502002;QmnJ;1;"2019-03-15 00:00:00";16;14696;20;10;0;<FLG>
V6155020;V615502002;QmnJ;1;"2019-03-16 00:00:00";16;14509;20;10;0;<FLG>
V6155020;V615502002;QmnJ;1;"2019-03-17 00:00:00";16;14321;20;10;0;<FLG>
V6155020;V615502002;QmnJ;1;"2019-03-18 00:00:00";16;14131;20;10;0;<FLG>
V6155020;V615502002;QmnJ;1;"2019-03-19 00:00:00";16;13933;20;10;0;<FLG>
V6155020;V615502002;QmnJ;1;"2019-03-20 00:00:00";16;13733;20;10;0;<FLG>
V6155020;V615502002;QmnJ;1;"2019-03-21 00:00:00";16;13539;20;10;0;<FLG>
V6155020;V615502002;QmnJ;1;"2019-03-22 00:00:00";16;13383;20;10;0;<FLG>
V6155020;V615502002;QmnJ;1;"2019-03-23 00:00:00";16;13233;20;10;0;<FLG>
V6155020;V615502002;QmnJ;1;"2019-03-24 00:00:00";16;13083;20;10;0;<FLG>
V6155020;V615502002;QmnJ;1;"2019-03-25 00:00:00";16;12936;20;10;0;<FLG>
V6155020;V615502002;QmnJ;1;"2019-03-26 00:00:00";16;12806;20;10;0;<FLG>
V6155020;V615502002;QmnJ;1;"2019-03-27 00:00:00";16;12672;20;10;0;<FLG>
V6155020;V615502002;QmnJ;1;"2019-03-28 00:00:00";16;12519;20;10;0;<FLG>
V6155020;V615502002;QmnJ;1;"2019-03-29 00:00:00";16;12364;20;10;0;<FLG>
V6155020;V615502002;QmnJ;1;"2019-03-30 00:00:00";16;12210;20;10;0;<FLG>
V6155020;V615502002;QmnJ;1;"2019-03-31 00:00:00";16;12060;20;10;0;<FLG>
V6155020;V615502002;QmnJ;1;"2019-04-01 00:00:00";16;11935;20;10;0;<FLG>
V6155020;V615502002;QmnJ;1;"2019-04-02 00:00:00";16;11867;20;10;0;<FLG>
V6155020;V615502002;QmnJ;1;"2019-04-03 00:00:00";16;12116;20;10;0;<FLG>
V6155020;V615502002;QmnJ;1;"2019-04-04 00:00:00";16;12576;20;10;0;<FLG>
V6155020;V615502002;QmnJ;1;"2019-04-05 00:00:00";16;13733;20;10;0;<FLG>
V6155020;V615502002;QmnJ;1;"2019-04-06 00:00:00";16;14166;20;10;0;<FLG>
V6155020;V615502002;QmnJ;1;"2019-04-07 00:00:00";16;14275;20;10;0;<FLG>
V6155020;V615502002;QmnJ;1;"2019-04-08 00:00:00";16;14400;20;10;0;<FLG>
V6155020;V615502002;QmnJ;1;"2019-04-09 00:00:00";16;14541;20;10;0;<FLG>
V6155020;V615502002;QmnJ;1;"2019-04-10 00:00:00";16;14716;20;10;0;<FLG>
V6155020;V615502002;QmnJ;1;"2019-04-11 00:00:00";16;14808;20;10;0;<FLG>
V6155020;V615502002;QmnJ;1;"2019-04-12 00:00:00";16;14920;20;10;0;<FLG>
V6155020;V615502002;QmnJ;1;"2019-04-13 00:00:00";16;14966;20;10;0;<FLG>
V6155020;V615502002;QmnJ;1;"2019-04-14 00:00:00";16;14970;20;10;0;<FLG>
V6155020;V615502002;QmnJ;1;"2019-04-15 00:00:00";16;14799;20;10;0;<FLG>
V6155020;V615502002;QmnJ;1;"2019-04-16 00:00:00";16;14599;20;10;0;<FLG>
V6155020;V615502002;QmnJ;1;"2019-04-17 00:00:00";16;14400;20;10;0;<FLG>
V6155020;V615502002;QmnJ;1;"2019-04-18 00:00:00";16;14195;20;10;0;<FLG>
V6155020;V615502002;QmnJ;1;"2019-04-19 00:00:00";16;13960;20;10;0;<FLG>
V6155020;V615502002;QmnJ;1;"2019-04-20 00:00:00";16;13736;20;10;0;<FLG>
V6155020;V615502002;QmnJ;1;"2019-04-21 00:00:00";16;13613;20;10;0;<FLG>
V6155020;V615502002;QmnJ;1;"2019-04-22 00:00:00";16;13506;20;10;0;<FLG>
V6155020;V615502002;QmnJ;1;"2019-04-23 00:00:00";16;13396;20;10;0;<FLG>
V6155020;V615502002;QmnJ;1;"2019-04-24 00:00:00";16;13458;20;10;0;<FLG>
V6155020;V615502002;QmnJ;1;"2019-04-25 00:00:00";16;14642;20;10;0;<FLG>
V6155020;V615502002;QmnJ;1;"2019-04-26 00:00:00";16;15763;20;10;0;<FLG>
V6155020;V615502002;QmnJ;1;"2019-04-27 00:00:00";16;16879;20;10;0;<FLG>
V6155020;V615502002;QmnJ;1;"2019-04-28 00:00:00";16;17658;20;10;0;<FLG>
V6155020;V615502002;QmnJ;1;"2019-04-29 00:00:00";16;17758;20;10;0;<FLG>
V6155020;V615502002;QmnJ;1;"2019-04-30 00:00:00";16;17720;20;10;0;<FLG>
V6155020;V615502002;QmnJ;1;"2019-05-01 00:00:00";16;17451;20;10;0;<FLG>
V6155020;V615502002;QmnJ;1;"2019-05-02 00:00:00";16;17128;20;10;0;<FLG>
V6155020;V615502002;QmnJ;1;"2019-05-03 00:00:00";16;16804;20;10;0;<FLG>
V6155020;V615502002;QmnJ;1;"2019-05-04 00:00:00";16;16470;20;10;0;<FLG>
V6155020;V615502002;QmnJ;1;"2019-05-05 00:00:00";16;16133;20;10;0;<FLG>
V6155020;V615502002;QmnJ;1;"2019-05-06 00:00:00";16;15799;20;10;0;<FLG>
V6155020;V615502002;QmnJ;1;"2019-05-07 00:00:00";16;15495;20;10;0;<FLG>
V6155020;V615502002;QmnJ;1;"2019-05-08 00:00:00";16;15294;20;10;0;<FLG>
V6155020;V615502002;QmnJ;1;"2019-05-09 00:00:00";16;15110;20;10;0;<FLG>
V6155020;V615502002;QmnJ;1;"2019-05-10 00:00:00";16;14907;20;10;0;<FLG>
V6155020;V615502002;QmnJ;1;"2019-05-11 00:00:00";16;14676;20;10;0;<FLG>
V6155020;V615502002;QmnJ;1;"2019-05-12 00:00:00";16;14446;20;10;0;<FLG>
V6155020;V615502002;QmnJ;1;"2019-05-13 00:00:00";16;14215;20;10;0;<FLG>
V6155020;V615502002;QmnJ;1;"2019-05-14 00:00:00";16;13984;20;10;0;<FLG>
V6155020;V615502002;QmnJ;1;"2019-05-15 00:00:00";16;13754;20;10;0;<FLG>
V6155020;V615502002;QmnJ;1;"2019-05-16 00:00:00";16;13523;20;10;0;<FLG>
V6155020;V615502002;QmnJ;1;"2019-05-17 00:00:00";16;13292;20;10;0;<FLG>
V6155020;V615502002;QmnJ;1;"2019-05-18 00:00:00";16;13061;20;10;0;<FLG>
V6155020;V615502002;QmnJ;1;"2019-05-19 00:00:00";16;12831;20;10;0;<FLG>
V6155020;V615502002;QmnJ;1;"2019-05-20 00:00:00";16;12624;20;10;0;<FLG>
V6155020;V615502002;QmnJ;1;"2019-05-21 00:00:00";16;12636;20;10;0;<FLG>
V6155020;V615502002;QmnJ;1;"2019-05-22 00:00:00";16;12547;20;10;0;<FLG>
V6155020;V615502002;QmnJ;1;"2019-05-23 00:00:00";16;12432;20;10;0;<FLG>
V6155020;V615502002;QmnJ;1;"2019-05-24 00:00:00";16;12305;20;10;0;<FLG>
V6155020;V615502002;QmnJ;1;"2019-05-25 00:00:00";16;12201;20;10;0;<FLG>
V6155020;V615502002;QmnJ;1;"2019-05-26 00:00:00";16;12244;20;10;0;<FLG>
V6155020;V615502002;QmnJ;1;"2019-05-27 00:00:00";16;12311;20;10;0;<FLG>
V6155020;V615502002;QmnJ;1;"2019-05-28 00:00:00";16;12341;20;10;0;<FLG>
V6155020;V615502002;QmnJ;1;"2019-05-29 00:00:00";16;12150;20;10;0;<FLG>
V6155020;V615502002;QmnJ;1;"2019-05-30 00:00:00";16;11922;20;10;0;<FLG>
V6155020;V615502002;QmnJ;1;"2019-05-31 00:00:00";16;11702;20;10;0;<FLG>
V6155020;V615502002;QmnJ;1;"2019-06-01 00:00:00";16;11532;20;10;0;<FLG>
V6155020;V615502002;QmnJ;1;"2019-06-02 00:00:00";16;11371;20;10;0;<FLG>
V6155020;V615502002;QmnJ;1;"2019-06-03 00:00:00";16;11210;20;10;0;<FLG>
V6155020;V615502002;QmnJ;1;"2019-06-04 00:00:00";16;11049;20;10;0;<FLG>
V6155020;V615502002;QmnJ;1;"2019-06-05 00:00:00";16;10888;20;10;0;<FLG>
V6155020;V615502002;QmnJ;1;"2019-06-06 00:00:00";16;10727;20;10;0;<FLG>
V6155020;V615502002;QmnJ;1;"2019-06-07 00:00:00";16;10565;20;10;0;<FLG>
V6155020;V615502002;QmnJ;1;"2019-06-08 00:00:00";16;10392;20;10;0;<FLG>
V6155020;V615502002;QmnJ;1;"2019-06-09 00:00:00";16;10217;20;10;0;<FLG>
V6155020;V615502002;QmnJ;1;"2019-06-10 00:00:00";16;10051;20;10;0;<FLG>
V6155020;V615502002;QmnJ;1;"2019-06-11 00:00:00";16;9972;20;10;0;<FLG>
V6155020;V615502002;QmnJ;1;"2019-06-12 00:00:00";16;9910;20;10;0;<FLG>
V6155020;V615502002;QmnJ;1;"2019-06-13 00:00:00";16;9848;20;10;0;<FLG>
V6155020;V615502002;QmnJ;1;"2019-06-14 00:00:00";16;9786;20;10;0;<FLG>
V6155020;V615502002;QmnJ;1;"2019-06-15 00:00:00";16;9724;20;10;0;<FLG>
V6155020;V615502002;QmnJ;1;"2019-06-16 00:00:00";16;9637;20;10;0;<FLG>
V6155020;V615502002;QmnJ;1;"2019-06-17 00:00:00";16;9405;20;10;0;<FLG>
V6155020;V615502002;QmnJ;1;"2019-06-18 00:00:00";16;9165;20;10;0;<FLG>
V6155020;V615502002;QmnJ;1;"2019-06-19 00:00:00";16;9021;20;10;0;<FLG>
V6155020;V615502002;QmnJ;1;"2019-06-20 00:00:00";16;8893;20;10;0;<FLG>
V6155020;V615502002;QmnJ;1;"2019-06-21 00:00:00";16;8765;20;10;0;<FLG>
V6155020;V615502002;QmnJ;1;"2019-06-22 00:00:00";16;8644;20;10;0;<FLG>
V6155020;V615502002;QmnJ;1;"2019-06-23 00:00:00";16;8566;20;10;0;<FLG>
V6155020;V615502002;QmnJ;1;"2019-06-24 00:00:00";16;8494;20;10;0;<FLG>
V6155020;V615502002;QmnJ;1;"2019-06-25 00:00:00";16;8422;20;10;0;<FLG>
V6155020;V615502002;QmnJ;1;"2019-06-26 00:00:00";16;8351;20;10;0;<FLG>
V6155020;V615502002;QmnJ;1;"2019-06-27 00:00:00";16;8279;20;10;0;<FLG>
V6155020;V615502002;QmnJ;1;"2019-06-28 00:00:00";16;8207;20;10;0;<FLG>
V6155020;V615502002;QmnJ;1;"2019-06-29 00:00:00";16;8136;20;10;0;<FLG>
V6155020;V615502002;QmnJ;1;"2019-06-30 00:00:00";16;8064;20;10;0;<FLG>
V6155020;V615502002;QmnJ;1;"2019-07-01 00:00:00";16;7992;20;10;0;<FLG>
V6155020;V615502002;QmnJ;1;"2019-07-02 00:00:00";16;7921;20;10;0;<FLG>
V6155020;V615502002;QmnJ;1;"2019-07-03 00:00:00";16;7850;20;10;0;<FLG>
V6155020;V615502002;QmnJ;1;"2019-07-04 00:00:00";16;7779;20;10;0;<FLG>
V6155020;V615502002;QmnJ;1;"2019-07-05 00:00:00";16;7709;20;10;0;<FLG>
V6155020;V615502002;QmnJ;1;"2019-07-06 00:00:00";16;7633;20;10;0;<FLG>
V6155020;V615502002;QmnJ;1;"2019-07-07 00:00:00";16;7552;20;10;0;<FLG>
V6155020;V615502002;QmnJ;1;"2019-07-08 00:00:00";16;7470;20;10;0;<FLG>
V6155020;V615502002;QmnJ;1;"2019-07-09 00:00:00";16;7395;20;10;0;<FLG>
V6155020;V615502002;QmnJ;1;"2019-07-10 00:00:00";16;7361;20;10;0;<FLG>
V6155020;V615502002;QmnJ;1;"2019-07-11 00:00:00";16;7330;20;10;0;<FLG>
V6155020;V615502002;QmnJ;1;"2019-07-12 00:00:00";16;7274;20;10;0;<FLG>
V6155020;V615502002;QmnJ;1;"2019-07-13 00:00:00";16;7214;20;10;0;<FLG>
V6155020;V615502002;QmnJ;1;"2019-07-14 00:00:00";16;7153;20;10;0;<FLG>
V6155020;V615502002;QmnJ;1;"2019-07-15 00:00:00";16;7093;20;10;0;<FLG>
V6155020;V615502002;QmnJ;1;"2019-07-16 00:00:00";16;7033;20;10;0;<FLG>
V6155020;V615502002;QmnJ;1;"2019-07-17 00:00:00";16;6973;20;10;0;<FLG>
V6155020;V615502002;QmnJ;1;"2019-07-18 00:00:00";16;6913;20;10;0;<FLG>
V6155020;V615502002;QmnJ;1;"2019-07-19 00:00:00";16;6853;20;10;0;<FLG>
V6155020;V615502002;QmnJ;1;"2019-07-20 00:00:00";16;6796;20;10;0;<FLG>
V6155020;V615502002;QmnJ;1;"2019-07-21 00:00:00";16;6753;20;10;0;<FLG>
V6155020;V615502002;QmnJ;1;"2019-07-22 00:00:00";16;6714;20;10;0;<FLG>
V6155020;V615502002;QmnJ;1;"2019-07-23 00:00:00";16;6674;20;10;0;<FLG>
V6155020;V615502002;QmnJ;1;"2019-07-24 00:00:00";16;6634;20;10;0;<FLG>
V6155020;V615502002;QmnJ;1;"2019-07-25 00:00:00";16;6595;20;10;0;<FLG>
V6155020;V615502002;QmnJ;1;"2019-07-26 00:00:00";16;6565;20;10;0;<FLG>
V6155020;V615502002;QmnJ;1;"2019-07-27 00:00:00";16;6593;20;10;0;<FLG>
V6155020;V615502002;QmnJ;1;"2019-07-28 00:00:00";16;6618;20;10;0;<FLG>
V6155020;V615502002;QmnJ;1;"2019-07-29 00:00:00";16;6566;20;10;0;<FLG>
V6155020;V615502002;QmnJ;1;"2019-07-30 00:00:00";16;6504;20;10;0;<FLG>
V6155020;V615502002;QmnJ;1;"2019-07-31 00:00:00";16;6458;20;10;0;<FLG>
V6155020;V615502002;QmnJ;1;"2019-08-01 00:00:00";16;6415;20;10;0;<FLG>
V6155020;V615502002;QmnJ;1;"2019-08-02 00:00:00";16;6374;20;10;0;<FLG>
V6155020;V615502002;QmnJ;1;"2019-08-03 00:00:00";16;6334;20;10;0;<FLG>
V6155020;V615502002;QmnJ;1;"2019-08-04 00:00:00";16;6294;20;10;0;<FLG>
V6155020;V615502002;QmnJ;1;"2019-08-05 00:00:00";16;6254;20;10;0;<FLG>
V6155020;V615502002;QmnJ;1;"2019-08-06 00:00:00";16;6214;20;10;0;<FLG>
V6155020;V615502002;QmnJ;1;"2019-08-07 00:00:00";16;6174;20;10;0;<FLG>
V6155020;V615502002;QmnJ;1;"2019-08-08 00:00:00";16;6134;20;10;0;<FLG>
V6155020;V615502002;QmnJ;1;"2019-08-09 00:00:00";16;6094;20;10;0;<FLG>
V6155020;V615502002;QmnJ;1;"2019-08-10 00:00:00";16;6054;20;10;0;<FLG>
V6155020;V615502002;QmnJ;1;"2019-08-11 00:00:00";16;6016;20;10;0;<FLG>
V6155020;V615502002;QmnJ;1;"2019-08-12 00:00:00";16;5992;20;10;0;<FLG>
V6155020;V615502002;QmnJ;1;"2019-08-13 00:00:00";16;5970;20;10;0;<FLG>
V6155020;V615502002;QmnJ;1;"2019-08-14 00:00:00";16;5947;20;10;0;<FLG>
V6155020;V615502002;QmnJ;1;"2019-08-15 00:00:00";16;5923;20;10;0;<FLG>
V6155020;V615502002;QmnJ;1;"2019-08-16 00:00:00";16;5886;20;10;0;<FLG>
V6155020;V615502002;QmnJ;1;"2019-08-17 00:00:00";16;5846;20;10;0;<FLG>
V6155020;V615502002;QmnJ;1;"2019-08-18 00:00:00";16;5806;20;10;0;<FLG>
V6155020;V615502002;QmnJ;1;"2019-08-19 00:00:00";16;5767;20;10;0;<FLG>
V6155020;V615502002;QmnJ;1;"2019-08-20 00:00:00";16;5727;20;10;0;<FLG>
V6155020;V615502002;QmnJ;1;"2019-08-21 00:00:00";16;5690;20;10;0;<FLG>
V6155020;V615502002;QmnJ;1;"2019-08-22 00:00:00";16;5653;20;10;0;<FLG>
V6155020;V615502002;QmnJ;1;"2019-08-23 00:00:00";16;5619;20;10;0;<FLG>
V6155020;V615502002;QmnJ;1;"2019-08-24 00:00:00";16;5598;20;10;0;<FLG>
V6155020;V615502002;QmnJ;1;"2019-08-25 00:00:00";16;5580;20;10;0;<FLG>
V6155020;V615502002;QmnJ;1;"2019-08-26 00:00:00";16;5561;20;10;0;<FLG>
V6155020;V615502002;QmnJ;1;"2019-08-27 00:00:00";16;5542;20;10;0;<FLG>
V6155020;V615502002;QmnJ;1;"2019-08-28 00:00:00";16;5522;20;10;0;<FLG>
V6155020;V615502002;QmnJ;1;"2019-08-29 00:00:00";16;5502;20;10;0;<FLG>
V6155020;V615502002;QmnJ;1;"2019-08-30 00:00:00";16;5482;20;10;0;<FLG>
V6155020;V615502002;QmnJ;1;"2019-08-31 00:00:00";16;5468;20;10;0;<FLG>
V6155020;V615502002;QmnJ;1;"2019-09-01 00:00:00";16;5479;20;10;0;<FLG>
V6155020;V615502002;QmnJ;1;"2019-09-02 00:00:00";16;5462;20;10;0;<FLG>
V6155020;V615502002;QmnJ;1;"2019-09-03 00:00:00";16;5437;20;10;0;<FLG>
V6155020;V615502002;QmnJ;1;"2019-09-04 00:00:00";16;5412;20;10;0;<FLG>
V6155020;V615502002;QmnJ;1;"2019-09-05 00:00:00";16;5387;20;10;0;<FLG>
V6155020;V615502002;QmnJ;1;"2019-09-06 00:00:00";16;5361;20;10;0;<FLG>
V6155020;V615502002;QmnJ;1;"2019-09-07 00:00:00";16;5336;20;10;0;<FLG>
V6155020;V615502002;QmnJ;1;"2019-09-08 00:00:00";16;5311;20;10;0;<FLG>
V6155020;V615502002;QmnJ;1;"2019-09-09 00:00:00";16;5283;20;10;0;<FLG>
V6155020;V615502002;QmnJ;1;"2019-09-10 00:00:00";16;5242;20;10;0;<FLG>
V6155020;V615502002;QmnJ;1;"2019-09-11 00:00:00";16;5198;20;10;0;<FLG>
V6155020;V615502002;QmnJ;1;"2019-09-12 00:00:00";16;5157;20;10;0;<FLG>
V6155020;V615502002;QmnJ;1;"2019-09-13 00:00:00";16;5137;20;10;0;<FLG>
V6155020;V615502002;QmnJ;1;"2019-09-14 00:00:00";16;5121;20;10;0;<FLG>
V6155020;V615502002;QmnJ;1;"2019-09-15 00:00:00";16;5106;20;10;0;<FLG>
V6155020;V615502002;QmnJ;1;"2019-09-16 00:00:00";16;5091;20;10;0;<FLG>
V6155020;V615502002;QmnJ;1;"2019-09-17 00:00:00";16;5076;20;10;0;<FLG>
V6155020;V615502002;QmnJ;1;"2019-09-18 00:00:00";16;5057;20;10;0;<FLG>
V6155020;V615502002;QmnJ;1;"2019-09-19 00:00:00";16;5038;20;10;0;<FLG>
V6155020;V615502002;QmnJ;1;"2019-09-20 00:00:00";16;5018;20;10;0;<FLG>
V6155020;V615502002;QmnJ;1;"2019-09-21 00:00:00";16;5007;20;10;0;<FLG>
V6155020;V615502002;QmnJ;1;"2019-09-22 00:00:00";16;5040;20;10;0;<FLG>
V6155020;V615502002;QmnJ;1;"2019-09-23 00:00:00";16;5076;20;10;0;<FLG>
V6155020;V615502002;QmnJ;1;"2019-09-24 00:00:00";16;5155;20;10;0;<FLG>
V6155020;V615502002;QmnJ;1;"2019-09-25 00:00:00";16;5124;20;10;0;<FLG>
V6155020;V615502002;QmnJ;1;"2019-09-26 00:00:00";16;5073;20;10;0;<FLG>
V6155020;V615502002;QmnJ;1;"2019-09-27 00:00:00";16;5026;20;10;0;<FLG>
V6155020;V615502002;QmnJ;1;"2019-09-28 00:00:00";16;5005;20;10;0;<FLG>
V6155020;V615502002;QmnJ;1;"2019-09-29 00:00:00";16;4987;20;10;0;<FLG>
V6155020;V615502002;QmnJ;1;"2019-09-30 00:00:00";16;4961;20;10;0;<FLG>
V6155020;V615502002;QmnJ;1;"2019-10-01 00:00:00";16;4941;20;10;0;<FLG>
V6155020;V615502002;QmnJ;1;"2019-10-02 00:00:00";16;4958;20;10;0;<FLG>
V6155020;V615502002;QmnJ;1;"2019-10-03 00:00:00";16;4933;20;10;0;<FLG>
V6155020;V615502002;QmnJ;1;"2019-10-04 00:00:00";16;4901;20;10;0;<FLG>
V6155020;V615502002;QmnJ;1;"2019-10-05 00:00:00";16;4874;20;10;0;<FLG>
V6155020;V615502002;QmnJ;1;"2019-10-06 00:00:00";16;4848;20;10;0;<FLG>
V6155020;V615502002;QmnJ;1;"2019-10-07 00:00:00";16;4823;20;10;0;<FLG>
V6155020;V615502002;QmnJ;1;"2019-10-08 00:00:00";16;4818;20;10;0;<FLG>
V6155020;V615502002;QmnJ;1;"2019-10-09 00:00:00";16;4918;20;10;0;<FLG>
V6155020;V615502002;QmnJ;1;"2019-10-10 00:00:00";16;5036;20;10;0;<FLG>
V6155020;V615502002;QmnJ;1;"2019-10-11 00:00:00";16;5117;20;10;0;<FLG>
V6155020;V615502002;QmnJ;1;"2019-10-12 00:00:00";16;4981;20;10;0;<FLG>
V6155020;V615502002;QmnJ;1;"2019-10-13 00:00:00";16;4808;20;10;0;<FLG>
V6155020;V615502002;QmnJ;1;"2019-10-14 00:00:00";16;4676;20;10;0;<FLG>
V6155020;V615502002;QmnJ;1;"2019-10-15 00:00:00";16;4778;20;10;0;<FLG>
V6155020;V615502002;QmnJ;1;"2019-10-16 00:00:00";16;4850;20;10;0;<FLG>
V6155020;V615502002;QmnJ;1;"2019-10-17 00:00:00";16;4898;20;10;0;<FLG>
V6155020;V615502002;QmnJ;1;"2019-10-18 00:00:00";16;4867;20;10;0;<FLG>
V6155020;V615502002;QmnJ;1;"2019-10-19 00:00:00";16;4836;20;10;0;<FLG>
V6155020;V615502002;QmnJ;1;"2019-10-20 00:00:00";16;4889;20;10;0;<FLG>
V6155020;V615502002;QmnJ;1;"2019-10-21 00:00:00";16;5411;20;10;0;<FLG>
V6155020;V615502002;QmnJ;1;"2019-10-22 00:00:00";16;7947;20;10;0;<FLG>
V6155020;V615502002;QmnJ;1;"2019-10-23 00:00:00";16;9053;20;10;0;<FLG>
V6155020;V615502002;QmnJ;1;"2019-10-24 00:00:00";16;16764;20;10;0;<FLG>
V6155020;V615502002;QmnJ;1;"2019-10-25 00:00:00";16;22002;20;10;0;<FLG>
V6155020;V615502002;QmnJ;1;"2019-10-26 00:00:00";16;22812;20;10;0;<FLG>
V6155020;V615502002;QmnJ;1;"2019-10-27 00:00:00";16;20968;20;10;0;<FLG>
V6155020;V615502002;QmnJ;1;"2019-10-28 00:00:00";16;19581;20;10;0;<FLG>
V6155020;V615502002;QmnJ;1;"2019-10-29 00:00:00";16;17834;20;10;0;<FLG>
V6155020;V615502002;QmnJ;1;"2019-10-30 00:00:00";16;16468;20;10;0;<FLG>
V6155020;V615502002;QmnJ;1;"2019-10-31 00:00:00";16;15366;20;10;0;<FLG>
V6155020;V615502002;QmnJ;1;"2019-11-01 00:00:00";16;14486;20;10;0;<FLG>
V6155020;V615502002;QmnJ;1;"2019-11-02 00:00:00";16;13865;20;10;0;<FLG>
V6155020;V615502002;QmnJ;1;"2019-11-03 00:00:00";16;15392;20;10;0;<FLG>
V6155020;V615502002;QmnJ;1;"2019-11-04 00:00:00";16;18959;20;10;0;<FLG>
V6155020;V615502002;QmnJ;1;"2019-11-05 00:00:00";16;20961;20;10;0;<FLG>
V6155020;V615502002;QmnJ;1;"2019-11-06 00:00:00";16;21480;20;10;0;<FLG>
V6155020;V615502002;QmnJ;1;"2019-11-07 00:00:00";16;21590;20;10;0;<FLG>
V6155020;V615502002;QmnJ;1;"2019-11-08 00:00:00";16;21708;20;10;0;<FLG>
V6155020;V615502002;QmnJ;1;"2019-11-09 00:00:00";16;21234;20;10;0;<FLG>
V6155020;V615502002;QmnJ;1;"2019-11-10 00:00:00";16;20691;20;10;0;<FLG>
V6155020;V615502002;QmnJ;1;"2019-11-11 00:00:00";16;19769;20;10;0;<FLG>
V6155020;V615502002;QmnJ;1;"2019-11-12 00:00:00";16;19186;20;10;0;<FLG>
V6155020;V615502002;QmnJ;1;"2019-11-13 00:00:00";16;18875;20;10;0;<FLG>
V6155020;V615502002;QmnJ;1;"2019-11-14 00:00:00";16;19706;20;10;0;<FLG>
V6155020;V615502002;QmnJ;1;"2019-11-15 00:00:00";16;28229;20;10;0;<FLG>
V6155020;V615502002;QmnJ;1;"2019-11-16 00:00:00";16;35822;20;10;0;<FLG>
V6155020;V615502002;QmnJ;1;"2019-11-17 00:00:00";16;36476;20;10;0;<FLG>
V6155020;V615502002;QmnJ;1;"2019-11-18 00:00:00";16;35986;20;10;0;<FLG>
V6155020;V615502002;QmnJ;1;"2019-11-19 00:00:00";16;32555;20;10;0;<FLG>
V6155020;V615502002;QmnJ;1;"2019-11-20 00:00:00";16;29287;20;10;0;<FLG>
V6155020;V615502002;QmnJ;1;"2019-11-21 00:00:00";16;29940;20;10;0;<FLG>
V6155020;V615502002;QmnJ;1;"2019-11-22 00:00:00";16;33058;20;10;0;<FLG>
V6155020;V615502002;QmnJ;1;"2019-11-23 00:00:00";16;49847;20;10;0;<FLG>
V6155020;V615502002;QmnJ;1;"2019-11-24 00:00:00";16;67976;20;10;0;<FLG>
V6155020;V615502002;QmnJ;1;"2019-11-25 00:00:00";16;74422;20;10;0;<FLG>
V6155020;V615502002;QmnJ;1;"2019-11-26 00:00:00";16;75104;20;10;0;<FLG>
V6155020;V615502002;QmnJ;1;"2019-11-27 00:00:00";16;75104;20;10;0;<FLG>
V6155020;V615502002;QmnJ;1;"2019-11-28 00:00:00";16;74749;20;10;0;<FLG>
V6155020;V615502002;QmnJ;1;"2019-11-29 00:00:00";16;72260;20;10;0;<FLG>
V6155020;V615502002;QmnJ;1;"2019-11-30 00:00:00";16;69771;20;10;0;<FLG>
V6155020;V615502002;QmnJ;1;"2019-12-01 00:00:00";16;70837;20;10;0;<FLG>
V6155020;V615502002;QmnJ;1;"2019-12-02 00:00:00";16;79371;20;10;0;<FLG>
V6155020;V615502002;QmnJ;1;"2019-12-03 00:00:00";16;80638;20;10;0;<FLG>
V6155020;V615502002;QmnJ;1;"2019-12-04 00:00:00";16;79550;20;10;0;<FLG>
V6155020;V615502002;QmnJ;1;"2019-12-05 00:00:00";16;78298;20;10;0;<FLG>
V6155020;V615502002;QmnJ;1;"2019-12-06 00:00:00";16;76766;20;10;0;<FLG>
V6155020;V615502002;QmnJ;1;"2019-12-07 00:00:00";16;75312;20;10;0;<FLG>
V6155020;V615502002;QmnJ;1;"2019-12-08 00:00:00";16;74734;20;10;0;<FLG>
V6155020;V615502002;QmnJ;1;"2019-12-09 00:00:00";16;72174;20;10;0;<FLG>
V6155020;V615502002;QmnJ;1;"2019-12-10 00:00:00";16;69757;20;10;0;<FLG>
V6155020;V615502002;QmnJ;1;"2019-12-11 00:00:00";16;69415;20;10;0;<FLG>
V6155020;V615502002;QmnJ;1;"2019-12-12 00:00:00";16;68704;20;10;0;<FLG>
V6155020;V615502002;QmnJ;1;"2019-12-13 00:00:00";16;64247;20;10;0;<FLG>
V6155020;V615502002;QmnJ;1;"2019-12-14 00:00:00";16;60237;20;10;0;<FLG>
V6155020;V615502002;QmnJ;1;"2019-12-15 00:00:00";16;59473;20;10;0;<FLG>
V6155020;V615502002;QmnJ;1;"2019-12-16 00:00:00";16;58136;20;10;0;<FLG>
V6155020;V615502002;QmnJ;1;"2019-12-17 00:00:00";16;56609;20;10;0;<FLG>
V6155020;V615502002;QmnJ;1;"2019-12-18 00:00:00";16;55272;20;10;0;<FLG>
V6155020;V615502002;QmnJ;1;"2019-12-19 00:00:00";16;56227;20;10;0;<FLG>
V6155020;V615502002;QmnJ;1;"2019-12-20 00:00:00";16;64324;20;10;0;<FLG>
V6155020;V615502002;QmnJ;1;"2019-12-21 00:00:00";16;74393;20;10;0;<FLG>
V6155020;V615502002;QmnJ;1;"2019-12-22 00:00:00";16;80082;20;10;0;<FLG>
V6155020;V615502002;QmnJ;1;"2019-12-23 00:00:00";16;80793;20;10;0;<FLG>
V6155020;V615502002;QmnJ;1;"2019-12-24 00:00:00";16;80438;20;10;0;<FLG>
V6155020;V615502002;QmnJ;1;"2019-12-25 00:00:00";16;77949;20;10;0;<FLG>
V6155020;V615502002;QmnJ;1;"2019-12-26 00:00:00";16;75460;20;10;0;<FLG>
V6155020;V615502002;QmnJ;1;"2019-12-27 00:00:00";16;75104;20;10;0;<FLG>
V6155020;V615502002;QmnJ;1;"2019-12-28 00:00:00";16;75104;20;10;0;<FLG>
V6155020;V615502002;QmnJ;1;"2019-12-29 00:00:00";16;74393;20;10;0;<FLG>
V6155020;V615502002;QmnJ;1;"2019-12-30 00:00:00";16;69415;20;10;0;<FLG>
V6155020;V615502002;QmnJ;1;"2019-12-31 00:00:00";16;64533;20;10;0;<FLG>
V6155020;V615502002;QmnJ;1;"2020-01-01 00:00:00";16;61955;20;10;0;<FLG>
V6155020;V615502002;QmnJ;1;"2020-01-02 00:00:00";16;59950;20;10;0;<FLG>
V6155020;V615502002;QmnJ;1;"2020-01-03 00:00:00";16;59664;20;10;0;<FLG>
V6155020;V615502002;QmnJ;1;"2020-01-04 00:00:00";16;59091;20;10;0;<FLG>
V6155020;V615502002;QmnJ;1;"2020-01-05 00:00:00";16;55368;20;10;0;<FLG>
V6155020;V615502002;QmnJ;1;"2020-01-06 00:00:00";16;52790;20;10;0;<FLG>
V6155020;V615502002;QmnJ;1;"2020-01-07 00:00:00";16;50213;20;10;0;<FLG>
V6155020;V615502002;QmnJ;1;"2020-01-08 00:00:00";16;46207;20;10;0;<FLG>
V6155020;V615502002;QmnJ;1;"2020-01-09 00:00:00";16;44063;20;10;0;<FLG>
V6155020;V615502002;QmnJ;1;"2020-01-10 00:00:00";16;42307;20;10;0;<FLG>
V6155020;V615502002;QmnJ;1;"2020-01-11 00:00:00";16;39575;20;10;0;<FLG>
V6155020;V615502002;QmnJ;1;"2020-01-12 00:00:00";16;37835;20;10;0;<FLG>
V6155020;V615502002;QmnJ;1;"2020-01-13 00:00:00";16;36541;20;10;0;<FLG>
V6155020;V615502002;QmnJ;1;"2020-01-14 00:00:00";16;35692;20;10;0;<FLG>
V6155020;V615502002;QmnJ;1;"2020-01-15 00:00:00";16;34907;20;10;0;<FLG>
V6155020;V615502002;QmnJ;1;"2020-01-16 00:00:00";16;34123;20;10;0;<FLG>
V6155020;V615502002;QmnJ;1;"2020-01-17 00:00:00";16;33404;20;10;0;<FLG>
V6155020;V615502002;QmnJ;1;"2020-01-18 00:00:00";16;33056;20;10;0;<FLG>
V6155020;V615502002;QmnJ;1;"2020-01-19 00:00:00";16;32642;20;10;0;<FLG>
V6155020;V615502002;QmnJ;1;"2020-01-20 00:00:00";16;32206;20;10;0;<FLG>
V6155020;V615502002;QmnJ;1;"2020-01-21 00:00:00";16;31727;20;10;0;<FLG>
V6155020;V615502002;QmnJ;1;"2020-01-22 00:00:00";16;30986;20;10;0;<FLG>
V6155020;V615502002;QmnJ;1;"2020-01-23 00:00:00";16;30202;20;10;0;<FLG>
V6155020;V615502002;QmnJ;1;"2020-01-24 00:00:00";16;29418;20;10;0;<FLG>
V6155020;V615502002;QmnJ;1;"2020-01-25 00:00:00";16;28633;20;10;0;<FLG>
V6155020;V615502002;QmnJ;1;"2020-01-26 00:00:00";16;27882;20;10;0;<FLG>
V6155020;V615502002;QmnJ;1;"2020-01-27 00:00:00";16;27341;20;10;0;<FLG>
V6155020;V615502002;QmnJ;1;"2020-01-28 00:00:00";16;26929;20;10;0;<FLG>
V6155020;V615502002;QmnJ;1;"2020-01-29 00:00:00";16;26447;20;10;0;<FLG>
V6155020;V615502002;QmnJ;1;"2020-01-30 00:00:00";16;25949;20;10;0;<FLG>
V6155020;V615502002;QmnJ;1;"2020-01-31 00:00:00";16;25435;20;10;0;<FLG>
V6155020;V615502002;QmnJ;1;"2020-02-01 00:00:00";16;24828;20;10;0;<FLG>
V6155020;V615502002;QmnJ;1;"2020-02-02 00:00:00";16;24205;20;10;0;<FLG>
V6155020;V615502002;QmnJ;1;"2020-02-03 00:00:00";16;23710;20;10;0;<FLG>
V6155020;V615502002;QmnJ;1;"2020-02-04 00:00:00";16;23399;20;10;0;<FLG>
V6155020;V615502002;QmnJ;1;"2020-02-05 00:00:00";16;23129;20;10;0;<FLG>
V6155020;V615502002;QmnJ;1;"2020-02-06 00:00:00";16;23022;20;10;0;<FLG>
V6155020;V615502002;QmnJ;1;"2020-02-07 00:00:00";16;22943;20;10;0;<FLG>
V6155020;V615502002;QmnJ;1;"2020-02-08 00:00:00";16;22747;20;10;0;<FLG>
V6155020;V615502002;QmnJ;1;"2020-02-09 00:00:00";16;21875;20;10;0;<FLG>
V6155020;V615502002;QmnJ;1;"2020-02-10 00:00:00";16;21421;20;10;0;<FLG>
V6155020;V615502002;QmnJ;1;"2020-02-11 00:00:00";16;21244;20;10;0;<FLG>
V6155020;V615502002;QmnJ;1;"2020-02-12 00:00:00";16;21076;20;10;0;<FLG>
V6155020;V615502002;QmnJ;1;"2020-02-13 00:00:00";16;20930;20;10;0;<FLG>
V6155020;V615502002;QmnJ;1;"2020-02-14 00:00:00";16;20909;20;10;0;<FLG>
V6155020;V615502002;QmnJ;1;"2020-02-15 00:00:00";16;20855;20;10;0;<FLG>
V6155020;V615502002;QmnJ;1;"2020-02-16 00:00:00";16;20499;20;10;0;<FLG>
V6155020;V615502002;QmnJ;1;"2020-02-17 00:00:00";16;20194;20;10;0;<FLG>
V6155020;V615502002;QmnJ;1;"2020-02-18 00:00:00";16;19997;20;10;0;<FLG>
V6155020;V615502002;QmnJ;1;"2020-02-19 00:00:00";16;19766;20;10;0;<FLG>
V6155020;V615502002;QmnJ;1;"2020-02-20 00:00:00";16;19493;20;10;0;<FLG>
V6155020;V615502002;QmnJ;1;"2020-02-21 00:00:00";16;19310;20;10;0;<FLG>
V6155020;V615502002;QmnJ;1;"2020-02-22 00:00:00";16;19128;20;10;0;<FLG>
V6155020;V615502002;QmnJ;1;"2020-02-23 00:00:00";16;18945;20;10;0;<FLG>
V6155020;V615502002;QmnJ;1;"2020-02-24 00:00:00";16;18771;20;10;0;<FLG>
V6155020;V615502002;QmnJ;1;"2020-02-25 00:00:00";16;18641;20;10;0;<FLG>
V6155020;V615502002;QmnJ;1;"2020-02-26 00:00:00";16;18519;20;10;0;<FLG>
V6155020;V615502002;QmnJ;1;"2020-02-27 00:00:00";16;18375;20;10;0;<FLG>
V6155020;V615502002;QmnJ;1;"2020-02-28 00:00:00";16;18227;20;10;0;<FLG>
V6155020;V615502002;QmnJ;1;"2020-02-29 00:00:00";16;18098;20;10;0;<FLG>
V6155020;V615502002;QmnJ;1;"2020-03-01 00:00:00";16;18085;20;10;0;<FLG>
V6155020;V615502002;QmnJ;1;"2020-03-02 00:00:00";16;18793;20;10;0;<FLG>
V6155020;V615502002;QmnJ;1;"2020-03-03 00:00:00";16;22715;20;10;0;<FLG>
V6155020;V615502002;QmnJ;1;"2020-03-04 00:00:00";16;26967;20;10;0;<FLG>
V6155020;V615502002;QmnJ;1;"2020-03-05 00:00:00";16;27849;20;10;0;<FLG>
V6155020;V615502002;QmnJ;1;"2020-03-06 00:00:00";16;28601;20;10;0;<FLG>
V6155020;V615502002;QmnJ;1;"2020-03-07 00:00:00";16;30480;20;10;0;<FLG>
V6155020;V615502002;QmnJ;1;"2020-03-08 00:00:00";16;31117;20;10;0;<FLG>
V6155020;V615502002;QmnJ;1;"2020-03-09 00:00:00";16;31215;20;10;0;<FLG>
V6155020;V615502002;QmnJ;1;"2020-03-10 00:00:00";16;29548;20;10;0;<FLG>
V6155020;V615502002;QmnJ;1;"2020-03-11 00:00:00";16;27539;20;10;0;<FLG>
V6155020;V615502002;QmnJ;1;"2020-03-12 00:00:00";16;25544;20;10;0;<FLG>
V6155020;V615502002;QmnJ;1;"2020-03-13 00:00:00";16;24182;20;10;0;<FLG>
V6155020;V615502002;QmnJ;1;"2020-03-14 00:00:00";16;23340;20;10;0;<FLG>
V6155020;V615502002;QmnJ;1;"2020-03-15 00:00:00";16;22610;20;10;0;<FLG>
V6155020;V615502002;QmnJ;1;"2020-03-16 00:00:00";16;21797;20;10;0;<FLG>
V6155020;V615502002;QmnJ;1;"2020-03-17 00:00:00";16;21346;20;10;0;<FLG>
V6155020;V615502002;QmnJ;1;"2020-03-18 00:00:00";16;21045;20;10;0;<FLG>
V6155020;V615502002;QmnJ;1;"2020-03-19 00:00:00";16;20793;20;10;0;<FLG>
V6155020;V615502002;QmnJ;1;"2020-03-20 00:00:00";16;20588;20;10;0;<FLG>
V6155020;V615502002;QmnJ;1;"2020-03-21 00:00:00";16;20320;20;10;0;<FLG>
V6155020;V615502002;QmnJ;1;"2020-03-22 00:00:00";16;19901;20;10;0;<FLG>
V6155020;V615502002;QmnJ;1;"2020-03-23 00:00:00";16;19581;20;10;0;<FLG>
V6155020;V615502002;QmnJ;1;"2020-03-24 00:00:00";16;19353;20;10;0;<FLG>
V6155020;V615502002;QmnJ;1;"2020-03-25 00:00:00";16;19117;20;10;0;<FLG>
V6155020;V615502002;QmnJ;1;"2020-03-26 00:00:00";16;18916;20;10;0;<FLG>
V6155020;V615502002;QmnJ;1;"2020-03-27 00:00:00";16;18730;20;10;0;<FLG>
V6155020;V615502002;QmnJ;1;"2020-03-28 00:00:00";16;18532;20;10;0;<FLG>
V6155020;V615502002;QmnJ;1;"2020-03-29 00:00:00";16;18334;20;10;0;<FLG>
V6155020;V615502002;QmnJ;1;"2020-03-30 00:00:00";16;18136;20;10;0;<FLG>
V6155020;V615502002;QmnJ;1;"2020-03-31 00:00:00";16;17937;20;10;0;<FLG>
V6155020;V615502002;QmnJ;1;"2020-04-01 00:00:00";16;17748;20;10;0;<FLG>
V6155020;V615502002;QmnJ;1;"2020-04-02 00:00:00";16;17612;20;10;0;<FLG>
V6155020;V615502002;QmnJ;1;"2020-04-03 00:00:00";16;17485;20;10;0;<FLG>
V6155020;V615502002;QmnJ;1;"2020-04-04 00:00:00";16;17328;20;10;0;<FLG>
V6155020;V615502002;QmnJ;1;"2020-04-05 00:00:00";16;16998;20;10;0;<FLG>
V6155020;V615502002;QmnJ;1;"2020-04-06 00:00:00";16;16760;20;10;0;<FLG>
V6155020;V615502002;QmnJ;1;"2020-04-07 00:00:00";16;16544;20;10;0;<FLG>
V6155020;V615502002;QmnJ;1;"2020-04-08 00:00:00";16;16334;20;10;0;<FLG>
V6155020;V615502002;QmnJ;1;"2020-04-09 00:00:00";16;16160;20;10;0;<FLG>
V6155020;V615502002;QmnJ;1;"2020-04-10 00:00:00";16;15991;20;10;0;<FLG>
V6155020;V615502002;QmnJ;1;"2020-04-11 00:00:00";16;15830;20;10;0;<FLG>
V6155020;V615502002;QmnJ;1;"2020-04-12 00:00:00";16;15712;20;10;0;<FLG>
V6155020;V615502002;QmnJ;1;"2020-04-13 00:00:00";16;15600;20;10;0;<FLG>
V6155020;V615502002;QmnJ;1;"2020-04-14 00:00:00";16;15476;20;10;0;<FLG>
V6155020;V615502002;QmnJ;1;"2020-04-15 00:00:00";16;15288;20;10;0;<FLG>
V6155020;V615502002;QmnJ;1;"2020-04-16 00:00:00";16;15159;20;10;0;<FLG>
V6155020;V615502002;QmnJ;1;"2020-04-17 00:00:00";16;15042;20;10;0;<FLG>
V6155020;V615502002;QmnJ;1;"2020-04-18 00:00:00";16;14915;20;10;0;<FLG>
V6155020;V615502002;QmnJ;1;"2020-04-19 00:00:00";16;14833;20;10;0;<FLG>
V6155020;V615502002;QmnJ;1;"2020-04-20 00:00:00";16;14759;20;10;0;<FLG>
V6155020;V615502002;QmnJ;1;"2020-04-21 00:00:00";16;14686;20;10;0;<FLG>
V6155020;V615502002;QmnJ;1;"2020-04-22 00:00:00";16;14604;20;10;0;<FLG>
V6155020;V615502002;QmnJ;1;"2020-04-23 00:00:00";16;14493;20;10;0;<FLG>
V6155020;V615502002;QmnJ;1;"2020-04-24 00:00:00";16;14536;20;10;0;<FLG>
V6155020;V615502002;QmnJ;1;"2020-04-25 00:00:00";16;14606;20;10;0;<FLG>
V6155020;V615502002;QmnJ;1;"2020-04-26 00:00:00";16;14676;20;10;0;<FLG>
V6155020;V615502002;QmnJ;1;"2020-04-27 00:00:00";16;14781;20;10;0;<FLG>
V6155020;V615502002;QmnJ;1;"2020-04-28 00:00:00";16;15089;20;10;0;<FLG>
V6155020;V615502002;QmnJ;1;"2020-04-29 00:00:00";16;15491;20;10;0;<FLG>
V6155020;V615502002;QmnJ;1;"2020-04-30 00:00:00";16;15910;20;10;0;<FLG>
V6155020;V615502002;QmnJ;1;"2020-05-01 00:00:00";16;16033;20;10;0;<FLG>
V6155020;V615502002;QmnJ;1;"2020-05-02 00:00:00";16;15937;20;10;0;<FLG>
V6155020;V615502002;QmnJ;1;"2020-05-03 00:00:00";16;15806;20;10;0;<FLG>
V6155020;V615502002;QmnJ;1;"2020-05-04 00:00:00";16;15635;20;10;0;<FLG>
V6155020;V615502002;QmnJ;1;"2020-05-05 00:00:00";16;15458;20;10;0;<FLG>
V6155020;V615502002;QmnJ;1;"2020-05-06 00:00:00";16;15280;20;10;0;<FLG>
V6155020;V615502002;QmnJ;1;"2020-05-07 00:00:00";16;15092;20;10;0;<FLG>
V6155020;V615502002;QmnJ;1;"2020-05-08 00:00:00";16;14877;20;10;0;<FLG>
V6155020;V615502002;QmnJ;1;"2020-05-09 00:00:00";16;15006;20;10;0;<FLG>
V6155020;V615502002;QmnJ;1;"2020-05-10 00:00:00";16;17123;20;10;0;<FLG>
V6155020;V615502002;QmnJ;1;"2020-05-11 00:00:00";16;19250;20;10;0;<FLG>
V6155020;V615502002;QmnJ;1;"2020-05-12 00:00:00";16;23219;20;10;0;<FLG>
V6155020;V615502002;QmnJ;1;"2020-05-13 00:00:00";16;25451;20;10;0;<FLG>
V6155020;V615502002;QmnJ;1;"2020-05-14 00:00:00";16;25731;20;10;0;<FLG>
V6155020;V615502002;QmnJ;1;"2020-05-15 00:00:00";16;24348;20;10;0;<FLG>
V6155020;V615502002;QmnJ;1;"2020-05-16 00:00:00";16;23206;20;10;0;<FLG>
V6155020;V615502002;QmnJ;1;"2020-05-17 00:00:00";16;23304;20;10;0;<FLG>
V6155020;V615502002;QmnJ;1;"2020-05-18 00:00:00";16;27016;20;10;0;<FLG>
V6155020;V615502002;QmnJ;1;"2020-05-19 00:00:00";16;30725;20;10;0;<FLG>
V6155020;V615502002;QmnJ;1;"2020-05-20 00:00:00";16;30953;20;10;0;<FLG>
V6155020;V615502002;QmnJ;1;"2020-05-21 00:00:00";16;28895;20;10;0;<FLG>
V6155020;V615502002;QmnJ;1;"2020-05-22 00:00:00";16;26792;20;10;0;<FLG>
V6155020;V615502002;QmnJ;1;"2020-05-23 00:00:00";16;25124;20;10;0;<FLG>
V6155020;V615502002;QmnJ;1;"2020-05-24 00:00:00";16;23102;20;10;0;<FLG>
V6155020;V615502002;QmnJ;1;"2020-05-25 00:00:00";16;21639;20;10;0;<FLG>
V6155020;V615502002;QmnJ;1;"2020-05-26 00:00:00";16;20999;20;10;0;<FLG>
V6155020;V615502002;QmnJ;1;"2020-05-27 00:00:00";16;20570;20;10;0;<FLG>
V6155020;V615502002;QmnJ;1;"2020-05-28 00:00:00";16;20155;20;10;0;<FLG>
V6155020;V615502002;QmnJ;1;"2020-05-29 00:00:00";16;19703;20;10;0;<FLG>
V6155020;V615502002;QmnJ;1;"2020-05-30 00:00:00";16;19361;20;10;0;<FLG>
V6155020;V615502002;QmnJ;1;"2020-05-31 00:00:00";16;19047;20;10;0;<FLG>
V6155020;V615502002;QmnJ;1;"2020-06-01 00:00:00";16;18707;20;10;0;<FLG>
V6155020;V615502002;QmnJ;1;"2020-06-02 00:00:00";16;18374;20;10;0;<FLG>
V6155020;V615502002;QmnJ;1;"2020-06-03 00:00:00";16;18086;20;10;0;<FLG>
V6155020;V615502002;QmnJ;1;"2020-06-04 00:00:00";16;17821;20;10;0;<FLG>
V6155020;V615502002;QmnJ;1;"2020-06-05 00:00:00";16;17730;20;10;0;<FLG>
V6155020;V615502002;QmnJ;1;"2020-06-06 00:00:00";16;17625;20;10;0;<FLG>
V6155020;V615502002;QmnJ;1;"2020-06-07 00:00:00";16;17425;20;10;0;<FLG>
V6155020;V615502002;QmnJ;1;"2020-06-08 00:00:00";16;17181;20;10;0;<FLG>
V6155020;V615502002;QmnJ;1;"2020-06-09 00:00:00";16;16934;20;10;0;<FLG>
V6155020;V615502002;QmnJ;1;"2020-06-10 00:00:00";16;16690;20;10;0;<FLG>
V6155020;V615502002;QmnJ;1;"2020-06-11 00:00:00";16;16467;20;10;0;<FLG>
V6155020;V615502002;QmnJ;1;"2020-06-12 00:00:00";16;16342;20;10;0;<FLG>
V6155020;V615502002;QmnJ;1;"2020-06-13 00:00:00";16;16234;20;10;0;<FLG>
V6155020;V615502002;QmnJ;1;"2020-06-14 00:00:00";16;16205;20;10;0;<FLG>
V6155020;V615502002;QmnJ;1;"2020-06-15 00:00:00";16;16559;20;10;0;<FLG>
V6155020;V615502002;QmnJ;1;"2020-06-16 00:00:00";16;16461;20;10;0;<FLG>
V6155020;V615502002;QmnJ;1;"2020-06-17 00:00:00";16;16265;20;10;0;<FLG>
V6155020;V615502002;QmnJ;1;"2020-06-18 00:00:00";16;16013;20;10;0;<FLG>
V6155020;V615502002;QmnJ;1;"2020-06-19 00:00:00";16;15751;20;10;0;<FLG>
V6155020;V615502002;QmnJ;1;"2020-06-20 00:00:00";16;15491;20;10;0;<FLG>
V6155020;V615502002;QmnJ;1;"2020-06-21 00:00:00";16;15250;20;10;0;<FLG>
V6155020;V615502002;QmnJ;1;"2020-06-22 00:00:00";16;15013;20;10;0;<FLG>
V6155020;V615502002;QmnJ;1;"2020-06-23 00:00:00";16;14736;20;10;0;<FLG>
V6155020;V615502002;QmnJ;1;"2020-06-24 00:00:00";16;14470;20;10;0;<FLG>
V6155020;V615502002;QmnJ;1;"2020-06-25 00:00:00";16;14233;20;10;0;<FLG>
V6155020;V615502002;QmnJ;1;"2020-06-26 00:00:00";16;14002;20;10;0;<FLG>
V6155020;V615502002;QmnJ;1;"2020-06-27 00:00:00";16;13783;20;10;0;<FLG>
V6155020;V615502002;QmnJ;1;"2020-06-28 00:00:00";16;13572;20;10;0;<FLG>
V6155020;V615502002;QmnJ;1;"2020-06-29 00:00:00";16;13395;20;10;0;<FLG>
V6155020;V615502002;QmnJ;1;"2020-06-30 00:00:00";16;13223;20;10;0;<FLG>
V6155020;V615502002;QmnJ;1;"2020-07-01 00:00:00";16;13052;20;10;0;<FLG>
V6155020;V615502002;QmnJ;1;"2020-07-02 00:00:00";16;12880;20;10;0;<FLG>
V6155020;V615502002;QmnJ;1;"2020-07-03 00:00:00";16;12703;20;10;0;<FLG>
V6155020;V615502002;QmnJ;1;"2020-07-04 00:00:00";16;12505;20;10;0;<FLG>
V6155020;V615502002;QmnJ;1;"2020-07-05 00:00:00";16;12338;20;10;0;<FLG>
V6155020;V615502002;QmnJ;1;"2020-07-06 00:00:00";16;12177;20;10;0;<FLG>
V6155020;V615502002;QmnJ;1;"2020-07-07 00:00:00";16;12000;20;10;0;<FLG>
V6155020;V615502002;QmnJ;1;"2020-07-08 00:00:00";16;11734;20;10;0;<FLG>
V6155020;V615502002;QmnJ;1;"2020-07-09 00:00:00";16;11492;20;10;0;<FLG>
V6155020;V615502002;QmnJ;1;"2020-07-10 00:00:00";16;11479;20;10;0;<FLG>
V6155020;V615502002;QmnJ;1;"2020-07-11 00:00:00";16;11424;20;10;0;<FLG>
V6155020;V615502002;QmnJ;1;"2020-07-12 00:00:00";16;11346;20;10;0;<FLG>
V6155020;V615502002;QmnJ;1;"2020-07-13 00:00:00";16;11210;20;10;0;<FLG>
V6155020;V615502002;QmnJ;1;"2020-07-14 00:00:00";16;11065;20;10;0;<FLG>
V6155020;V615502002;QmnJ;1;"2020-07-15 00:00:00";16;10921;20;10;0;<FLG>
V6155020;V615502002;QmnJ;1;"2020-07-16 00:00:00";16;10776;20;10;0;<FLG>
V6155020;V615502002;QmnJ;1;"2020-07-17 00:00:00";16;10631;20;10;0;<FLG>
V6155020;V615502002;QmnJ;1;"2020-07-18 00:00:00";16;10490;20;10;0;<FLG>
V6155020;V615502002;QmnJ;1;"2020-07-19 00:00:00";16;10375;20;10;0;<FLG>
V6155020;V615502002;QmnJ;1;"2020-07-20 00:00:00";16;10264;20;10;0;<FLG>
V6155020;V615502002;QmnJ;1;"2020-07-21 00:00:00";16;10154;20;10;0;<FLG>
V6155020;V615502002;QmnJ;1;"2020-07-22 00:00:00";16;10038;20;10;0;<FLG>
V6155020;V615502002;QmnJ;1;"2020-07-23 00:00:00";16;9941;20;10;0;<FLG>
V6155020;V615502002;QmnJ;1;"2020-07-24 00:00:00";16;9848;20;10;0;<FLG>
V6155020;V615502002;QmnJ;1;"2020-07-25 00:00:00";16;9756;20;10;0;<FLG>
V6155020;V615502002;QmnJ;1;"2020-07-26 00:00:00";16;9675;20;10;0;<FLG>
V6155020;V615502002;QmnJ;1;"2020-07-27 00:00:00";16;9592;20;10;0;<FLG>
V6155020;V615502002;QmnJ;1;"2020-07-28 00:00:00";16;9485;20;10;0;<FLG>
V6155020;V615502002;QmnJ;1;"2020-07-29 00:00:00";16;9373;20;10;0;<FLG>
V6155020;V615502002;QmnJ;1;"2020-07-30 00:00:00";16;9261;20;10;0;<FLG>
V6155020;V615502002;QmnJ;1;"2020-07-31 00:00:00";16;9158;20;10;0;<FLG>
V6155020;V615502002;QmnJ;1;"2020-08-01 00:00:00";16;9103;20;10;0;<FLG>
V6155020;V615502002;QmnJ;1;"2020-08-02 00:00:00";16;9056;20;10;0;<FLG>
V6155020;V615502002;QmnJ;1;"2020-08-03 00:00:00";16;9008;20;10;0;<FLG>
V6155020;V615502002;QmnJ;1;"2020-08-04 00:00:00";16;8948;20;10;0;<FLG>
V6155020;V615502002;QmnJ;1;"2020-08-05 00:00:00";16;8886;20;10;0;<FLG>
V6155020;V615502002;QmnJ;1;"2020-08-06 00:00:00";16;8817;20;10;0;<FLG>
V6155020;V615502002;QmnJ;1;"2020-08-07 00:00:00";16;8707;20;10;0;<FLG>
V6155020;V615502002;QmnJ;1;"2020-08-08 00:00:00";16;8596;20;10;0;<FLG>
V6155020;V615502002;QmnJ;1;"2020-08-09 00:00:00";16;8513;20;10;0;<FLG>
V6155020;V615502002;QmnJ;1;"2020-08-10 00:00:00";16;8436;20;10;0;<FLG>
V6155020;V615502002;QmnJ;1;"2020-08-11 00:00:00";16;8359;20;10;0;<FLG>
V6155020;V615502002;QmnJ;1;"2020-08-12 00:00:00";16;8288;20;10;0;<FLG>
V6155020;V615502002;QmnJ;1;"2020-08-13 00:00:00";16;8218;20;10;0;<FLG>
V6155020;V615502002;QmnJ;1;"2020-08-14 00:00:00";16;8149;20;10;0;<FLG>
V6155020;V615502002;QmnJ;1;"2020-08-15 00:00:00";16;8084;20;10;0;<FLG>
V6155020;V615502002;QmnJ;1;"2020-08-16 00:00:00";16;8051;20;10;0;<FLG>
V6155020;V615502002;QmnJ;1;"2020-08-17 00:00:00";16;8023;20;10;0;<FLG>
V6155020;V615502002;QmnJ;1;"2020-08-18 00:00:00";16;7995;20;10;0;<FLG>
V6155020;V615502002;QmnJ;1;"2020-08-19 00:00:00";16;7967;20;10;0;<FLG>
V6155020;V615502002;QmnJ;1;"2020-08-20 00:00:00";16;7937;20;10;0;<FLG>
V6155020;V615502002;QmnJ;1;"2020-08-21 00:00:00";16;7893;20;10;0;<FLG>
V6155020;V615502002;QmnJ;1;"2020-08-22 00:00:00";16;7849;20;10;0;<FLG>
V6155020;V615502002;QmnJ;1;"2020-08-23 00:00:00";16;7821;20;10;0;<FLG>
V6155020;V615502002;QmnJ;1;"2020-08-24 00:00:00";16;7796;20;10;0;<FLG>
V6155020;V615502002;QmnJ;1;"2020-08-25 00:00:00";16;7763;20;10;0;<FLG>
V6155020;V615502002;QmnJ;1;"2020-08-26 00:00:00";16;7677;20;10;0;<FLG>
V6155020;V615502002;QmnJ;1;"2020-08-27 00:00:00";16;7585;20;10;0;<FLG>
V6155020;V615502002;QmnJ;1;"2020-08-28 00:00:00";16;7572;20;10;0;<FLG>
V6155020;V615502002;QmnJ;1;"2020-08-29 00:00:00";16;7572;20;10;0;<FLG>
V6155020;V615502002;QmnJ;1;"2020-08-30 00:00:00";16;7555;20;10;0;<FLG>
V6155020;V615502002;QmnJ;1;"2020-08-31 00:00:00";16;7447;20;10;0;<FLG>
V6155020;V615502002;QmnJ;1;"2020-09-01 00:00:00";16;7360;20;10;0;<FLG>
V6155020;V615502002;QmnJ;1;"2020-09-02 00:00:00";16;7308;20;10;0;<FLG>
V6155020;V615502002;QmnJ;1;"2020-09-03 00:00:00";16;7260;20;10;0;<FLG>
V6155020;V615502002;QmnJ;1;"2020-09-04 00:00:00";16;7213;20;10;0;<FLG>
V6155020;V615502002;QmnJ;1;"2020-09-05 00:00:00";16;7165;20;10;0;<FLG>
V6155020;V615502002;QmnJ;1;"2020-09-06 00:00:00";16;7118;20;10;0;<FLG>
V6155020;V615502002;QmnJ;1;"2020-09-07 00:00:00";16;7077;20;10;0;<FLG>
V6155020;V615502002;QmnJ;1;"2020-09-08 00:00:00";16;7036;20;10;0;<FLG>
V6155020;V615502002;QmnJ;1;"2020-09-09 00:00:00";16;6996;20;10;0;<FLG>
V6155020;V615502002;QmnJ;1;"2020-09-10 00:00:00";16;6957;20;10;0;<FLG>
V6155020;V615502002;QmnJ;1;"2020-09-11 00:00:00";16;6928;20;10;0;<FLG>
V6155020;V615502002;QmnJ;1;"2020-09-12 00:00:00";16;6899;20;10;0;<FLG>
V6155020;V615502002;QmnJ;1;"2020-09-13 00:00:00";16;6858;20;10;0;<FLG>
V6155020;V615502002;QmnJ;1;"2020-09-14 00:00:00";16;6815;20;10;0;<FLG>
V6155020;V615502002;QmnJ;1;"2020-09-15 00:00:00";16;6771;20;10;0;<FLG>
V6155020;V615502002;QmnJ;1;"2020-09-16 00:00:00";16;6728;20;10;0;<FLG>
V6155020;V615502002;QmnJ;1;"2020-09-17 00:00:00";16;6694;20;10;0;<FLG>
V6155020;V615502002;QmnJ;1;"2020-09-18 00:00:00";16;6717;20;10;0;<FLG>
V6155020;V615502002;QmnJ;1;"2020-09-19 00:00:00";16;6750;20;10;0;<FLG>
V6155020;V615502002;QmnJ;1;"2020-09-20 00:00:00";16;6782;20;10;0;<FLG>
V6155020;V615502002;QmnJ;1;"2020-09-21 00:00:00";16;6815;20;10;0;<FLG>
V6155020;V615502002;QmnJ;1;"2020-09-22 00:00:00";16;6863;20;10;0;<FLG>
V6155020;V615502002;QmnJ;1;"2020-09-23 00:00:00";16;6989;20;10;0;<FLG>
V6155020;V615502002;QmnJ;1;"2020-09-24 00:00:00";16;7009;20;10;0;<FLG>
V6155020;V615502002;QmnJ;1;"2020-09-25 00:00:00";16;7009;20;10;0;<FLG>
V6155020;V615502002;QmnJ;1;"2020-09-26 00:00:00";16;7009;20;10;0;<FLG>
V6155020;V615502002;QmnJ;1;"2020-09-27 00:00:00";16;7009;20;10;0;<FLG>
V6155020;V615502002;QmnJ;1;"2020-09-28 00:00:00";16;6998;20;10;0;<FLG>
V6155020;V615502002;QmnJ;1;"2020-09-29 00:00:00";16;6929;20;10;0;<FLG>
V6155020;V615502002;QmnJ;1;"2020-09-30 00:00:00";16;6885;20;10;0;<FLG>
V6155020;V615502002;QmnJ;1;"2020-10-01 00:00:00";16;6943;20;10;0;<FLG>
V6155020;V615502002;QmnJ;1;"2020-10-02 00:00:00";16;7570;20;10;0;<FLG>
V6155020;V615502002;QmnJ;1;"2020-10-03 00:00:00";16;8289;20;10;0;<FLG>
V6155020;V615502002;QmnJ;1;"2020-10-04 00:00:00";16;9275;20;10;0;<FLG>
V6155020;V615502002;QmnJ;1;"2020-10-05 00:00:00";16;9492;20;10;0;<FLG>
V6155020;V615502002;QmnJ;1;"2020-10-06 00:00:00";16;9398;20;10;0;<FLG>
V6155020;V615502002;QmnJ;1;"2020-10-07 00:00:00";16;9274;20;10;0;<FLG>
V6155020;V615502002;QmnJ;1;"2020-10-08 00:00:00";16;9145;20;10;0;<FLG>
V6155020;V615502002;QmnJ;1;"2020-10-09 00:00:00";16;8986;20;10;0;<FLG>
V6155020;V615502002;QmnJ;1;"2020-10-10 00:00:00";16;8821;20;10;0;<FLG>
V6155020;V615502002;QmnJ;1;"2020-10-11 00:00:00";16;8637;20;10;0;<FLG>
V6155020;V615502002;QmnJ;1;"2020-10-12 00:00:00";16;8451;20;10;0;<FLG>
V6155020;V615502002;QmnJ;1;"2020-10-13 00:00:00";16;8268;20;10;0;<FLG>
V6155020;V615502002;QmnJ;1;"2020-10-14 00:00:00";16;8107;20;10;0;<FLG>
V6155020;V615502002;QmnJ;1;"2020-10-15 00:00:00";16;7948;20;10;0;<FLG>
V6155020;V615502002;QmnJ;1;"2020-10-16 00:00:00";16;7790;20;10;0;<FLG>
V6155020;V615502002;QmnJ;1;"2020-10-17 00:00:00";16;7625;20;10;0;<FLG>
V6155020;V615502002;QmnJ;1;"2020-10-18 00:00:00";16;7451;20;10;0;<FLG>
V6155020;V615502002;QmnJ;1;"2020-10-19 00:00:00";16;7334;20;10;0;<FLG>
V6155020;V615502002;QmnJ;1;"2020-10-20 00:00:00";16;7226;20;10;0;<FLG>
V6155020;V615502002;QmnJ;1;"2020-10-21 00:00:00";16;7117;20;10;0;<FLG>
V6155020;V615502002;QmnJ;1;"2020-10-22 00:00:00";16;7124;20;10;0;<FLG>
V6155020;V615502002;QmnJ;1;"2020-10-23 00:00:00";16;7794;20;10;0;<FLG>
V6155020;V615502002;QmnJ;1;"2020-10-24 00:00:00";16;8562;20;10;0;<FLG>
V6155020;V615502002;QmnJ;1;"2020-10-25 00:00:00";16;9545;20;10;0;<FLG>
V6155020;V615502002;QmnJ;1;"2020-10-26 00:00:00";16;9673;20;10;0;<FLG>
V6155020;V615502002;QmnJ;1;"2020-10-27 00:00:00";16;9986;20;10;0;<FLG>
V6155020;V615502002;QmnJ;1;"2020-10-28 00:00:00";16;10229;20;10;0;<FLG>
V6155020;V615502002;QmnJ;1;"2020-10-29 00:00:00";16;9865;20;10;0;<FLG>
V6155020;V615502002;QmnJ;1;"2020-10-30 00:00:00";16;9475;20;10;0;<FLG>
V6155020;V615502002;QmnJ;1;"2020-10-31 00:00:00";16;9116;20;10;0;<FLG>
V6155020;V615502002;QmnJ;1;"2020-11-01 00:00:00";16;8839;20;10;0;<FLG>
V6155020;V615502002;QmnJ;1;"2020-11-02 00:00:00";16;8575;20;10;0;<FLG>
V6155020;V615502002;QmnJ;1;"2020-11-03 00:00:00";16;8321;20;10;0;<FLG>
V6155020;V615502002;QmnJ;1;"2020-11-04 00:00:00";16;8125;20;10;0;<FLG>
V6155020;V615502002;QmnJ;1;"2020-11-05 00:00:00";16;7939;20;10;0;<FLG>
V6155020;V615502002;QmnJ;1;"2020-11-06 00:00:00";16;7753;20;10;0;<FLG>
V6155020;V615502002;QmnJ;1;"2020-11-07 00:00:00";16;7648;20;10;0;<FLG>
V6155020;V615502002;QmnJ;1;"2020-11-08 00:00:00";16;8079;20;10;0;<FLG>
V6155020;V615502002;QmnJ;1;"2020-11-09 00:00:00";16;8559;20;10;0;<FLG>
V6155020;V615502002;QmnJ;1;"2020-11-10 00:00:00";16;8847;20;10;0;<FLG>
V6155020;V615502002;QmnJ;1;"2020-11-11 00:00:00";16;9042;20;10;0;<FLG>
V6155020;V615502002;QmnJ;1;"2020-11-12 00:00:00";16;8876;20;10;0;<FLG>
V6155020;V615502002;QmnJ;1;"2020-11-13 00:00:00";16;8684;20;10;0;<FLG>
V6155020;V615502002;QmnJ;1;"2020-11-14 00:00:00";16;8515;20;10;0;<FLG>
V6155020;V615502002;QmnJ;1;"2020-11-15 00:00:00";16;8454;20;10;0;<FLG>
V6155020;V615502002;QmnJ;1;"2020-11-16 00:00:00";16;8428;20;10;0;<FLG>
V6155020;V615502002;QmnJ;1;"2020-11-17 00:00:00";16;8419;20;10;0;<FLG>
V6155020;V615502002;QmnJ;1;"2020-11-18 00:00:00";16;8474;20;10;0;<FLG>
V6155020;V615502002;QmnJ;1;"2020-11-19 00:00:00";16;8405;20;10;0;<FLG>
V6155020;V615502002;QmnJ;1;"2020-11-20 00:00:00";16;8311;20;10;0;<FLG>
V6155020;V615502002;QmnJ;1;"2020-11-21 00:00:00";16;8224;20;10;0;<FLG>
V6155020;V615502002;QmnJ;1;"2020-11-22 00:00:00";16;8162;20;10;0;<FLG>
V6155020;V615502002;QmnJ;1;"2020-11-23 00:00:00";16;8048;20;10;0;<FLG>
V6155020;V615502002;QmnJ;1;"2020-11-24 00:00:00";16;7924;20;10;0;<FLG>
V6155020;V615502002;QmnJ;1;"2020-11-25 00:00:00";16;7802;20;10;0;<FLG>
V6155020;V615502002;QmnJ;1;"2020-11-26 00:00:00";16;7697;20;10;0;<FLG>
V6155020;V615502002;QmnJ;1;"2020-11-27 00:00:00";16;7582;20;10;0;<FLG>
V6155020;V615502002;QmnJ;1;"2020-11-28 00:00:00";16;7463;20;10;0;<FLG>
V6155020;V615502002;QmnJ;1;"2020-11-29 00:00:00";16;7344;20;10;0;<FLG>
V6155020;V615502002;QmnJ;1;"2020-11-30 00:00:00";16;7227;20;10;0;<FLG>
V6155020;V615502002;QmnJ;1;"2020-12-01 00:00:00";16;7126;20;10;0;<FLG>
V6155020;V615502002;QmnJ;1;"2020-12-02 00:00:00";16;7081;20;10;0;<FLG>
V6155020;V615502002;QmnJ;1;"2020-12-03 00:00:00";16;7045;20;10;0;<FLG>
V6155020;V615502002;QmnJ;1;"2020-12-04 00:00:00";16;7011;20;10;0;<FLG>
V6155020;V615502002;QmnJ;1;"2020-12-05 00:00:00";16;6985;20;10;0;<FLG>
V6155020;V615502002;QmnJ;1;"2020-12-06 00:00:00";16;6944;20;10;0;<FLG>
V6155020;V615502002;QmnJ;1;"2020-12-07 00:00:00";16;6902;20;10;0;<FLG>
V6155020;V615502002;QmnJ;1;"2020-12-08 00:00:00";16;6865;20;10;0;<FLG>
V6155020;V615502002;QmnJ;1;"2020-12-09 00:00:00";16;6829;20;10;0;<FLG>
V6155020;V615502002;QmnJ;1;"2020-12-10 00:00:00";16;6797;20;10;0;<FLG>
V6155020;V615502002;QmnJ;1;"2020-12-11 00:00:00";16;6793;20;10;0;<FLG>
V6155020;V615502002;QmnJ;1;"2020-12-12 00:00:00";16;6942;20;10;0;<FLG>
V6155020;V615502002;QmnJ;1;"2020-12-13 00:00:00";16;7882;20;10;0;<FLG>
V6155020;V615502002;QmnJ;1;"2020-12-14 00:00:00";16;8480;20;10;0;<FLG>
V6155020;V615502002;QmnJ;1;"2020-12-15 00:00:00";16;8690;20;10;0;<FLG>
V6155020;V615502002;QmnJ;1;"2020-12-16 00:00:00";16;9362;20;10;0;<FLG>
V6155020;V615502002;QmnJ;1;"2020-12-17 00:00:00";16;11057;20;10;0;<FLG>
V6155020;V615502002;QmnJ;1;"2020-12-18 00:00:00";16;11913;20;10;0;<FLG>
V6155020;V615502002;QmnJ;1;"2020-12-19 00:00:00";16;12016;20;10;0;<FLG>
V6155020;V615502002;QmnJ;1;"2020-12-20 00:00:00";16;12061;20;10;0;<FLG>
V6155020;V615502002;QmnJ;1;"2020-12-21 00:00:00";16;12500;20;10;0;<FLG>
V6155020;V615502002;QmnJ;1;"2020-12-22 00:00:00";16;13471;20;10;0;<FLG>
V6155020;V615502002;QmnJ;1;"2020-12-23 00:00:00";16;13666;20;10;0;<FLG>
V6155020;V615502002;QmnJ;1;"2020-12-24 00:00:00";16;13365;20;10;0;<FLG>
V6155020;V615502002;QmnJ;1;"2020-12-25 00:00:00";16;13190;20;10;0;<FLG>
V6155020;V615502002;QmnJ;1;"2020-12-26 00:00:00";16;13048;20;10;0;<FLG>
V6155020;V615502002;QmnJ;1;"2020-12-27 00:00:00";16;12796;20;10;0;<FLG>
V6155020;V615502002;QmnJ;1;"2020-12-28 00:00:00";16;12491;20;10;0;<FLG>
V6155020;V615502002;QmnJ;1;"2020-12-29 00:00:00";16;12165;20;10;0;<FLG>
V6155020;V615502002;QmnJ;1;"2020-12-30 00:00:00";16;11842;20;10;0;<FLG>
V6155020;V615502002;QmnJ;1;"2020-12-31 00:00:00";16;11545;20;10;0;<FLG>
V6155020;V615502002;QmnJ;1;"2021-01-01 00:00:00";16;11292;20;10;0;<FLG>
V6155020;V615502002;QmnJ;1;"2021-01-02 00:00:00";16;11306;20;10;0;<FLG>
V6155020;V615502002;QmnJ;1;"2021-01-03 00:00:00";16;11412;20;10;0;<FLG>
V6155020;V615502002;QmnJ;1;"2021-01-04 00:00:00";16;11283;20;10;0;<FLG>
V6155020;V615502002;QmnJ;1;"2021-01-05 00:00:00";16;11065;20;10;0;<FLG>
V6155020;V615502002;QmnJ;1;"2021-01-06 00:00:00";16;10840;20;10;0;<FLG>
V6155020;V615502002;QmnJ;1;"2021-01-07 00:00:00";16;10615;20;10;0;<FLG>
V6155020;V615502002;QmnJ;1;"2021-01-08 00:00:00";16;10389;20;10;0;<FLG>
V6155020;V615502002;QmnJ;1;"2021-01-09 00:00:00";16;10166;20;10;0;<FLG>
V6155020;V615502002;QmnJ;1;"2021-01-10 00:00:00";16;9945;20;10;0;<FLG>
V6155020;V615502002;QmnJ;1;"2021-01-11 00:00:00";16;9739;20;10;0;<FLG>
V6155020;V615502002;QmnJ;1;"2021-01-12 00:00:00";16;9537;20;10;0;<FLG>
V6155020;V615502002;QmnJ;1;"2021-01-13 00:00:00";16;9380;20;10;0;<FLG>
V6155020;V615502002;QmnJ;1;"2021-01-14 00:00:00";16;9488;20;10;0;<FLG>
V6155020;V615502002;QmnJ;1;"2021-01-15 00:00:00";16;9640;20;10;0;<FLG>
V6155020;V615502002;QmnJ;1;"2021-01-16 00:00:00";16;9776;20;10;0;<FLG>
V6155020;V615502002;QmnJ;1;"2021-01-17 00:00:00";16;9820;20;10;0;<FLG>
V6155020;V615502002;QmnJ;1;"2021-01-18 00:00:00";16;9834;20;10;0;<FLG>
V6155020;V615502002;QmnJ;1;"2021-01-19 00:00:00";16;9770;20;10;0;<FLG>
V6155020;V615502002;QmnJ;1;"2021-01-20 00:00:00";16;9693;20;10;0;<FLG>
V6155020;V615502002;QmnJ;1;"2021-01-21 00:00:00";16;9871;20;10;0;<FLG>
V6155020;V615502002;QmnJ;1;"2021-01-22 00:00:00";16;11712;20;10;0;<FLG>
V6155020;V615502002;QmnJ;1;"2021-01-23 00:00:00";16;14863;20;10;0;<FLG>
V6155020;V615502002;QmnJ;1;"2021-01-24 00:00:00";16;17319;20;10;0;<FLG>
V6155020;V615502002;QmnJ;1;"2021-01-25 00:00:00";16;18005;20;10;0;<FLG>
V6155020;V615502002;QmnJ;1;"2021-01-26 00:00:00";16;17807;20;10;0;<FLG>
V6155020;V615502002;QmnJ;1;"2021-01-27 00:00:00";16;17222;20;10;0;<FLG>
V6155020;V615502002;QmnJ;1;"2021-01-28 00:00:00";16;16599;20;10;0;<FLG>
V6155020;V615502002;QmnJ;1;"2021-01-29 00:00:00";16;16474;20;10;0;<FLG>
V6155020;V615502002;QmnJ;1;"2021-01-30 00:00:00";16;16476;20;10;0;<FLG>
V6155020;V615502002;QmnJ;1;"2021-01-31 00:00:00";16;16750;20;10;0;<FLG>
V6155020;V615502002;QmnJ;1;"2021-02-01 00:00:00";16;17210;20;10;0;<FLG>
V6155020;V615502002;QmnJ;1;"2021-02-02 00:00:00";16;17753;20;10;0;<FLG>
V6155020;V615502002;QmnJ;1;"2021-02-03 00:00:00";16;18541;20;10;0;<FLG>
V6155020;V615502002;QmnJ;1;"2021-02-04 00:00:00";16;18949;20;10;0;<FLG>
V6155020;V615502002;QmnJ;1;"2021-02-05 00:00:00";16;18903;20;10;0;<FLG>
V6155020;V615502002;QmnJ;1;"2021-02-06 00:00:00";16;18618;20;10;0;<FLG>
V6155020;V615502002;QmnJ;1;"2021-02-07 00:00:00";16;18239;20;10;0;<FLG>
V6155020;V615502002;QmnJ;1;"2021-02-08 00:00:00";16;18149;20;10;0;<FLG>
V6155020;V615502002;QmnJ;1;"2021-02-09 00:00:00";16;18256;20;10;0;<FLG>
V6155020;V615502002;QmnJ;1;"2021-02-10 00:00:00";16;18404;20;10;0;<FLG>
V6155020;V615502002;QmnJ;1;"2021-02-11 00:00:00";16;19059;20;10;0;<FLG>
V6155020;V615502002;QmnJ;1;"2021-02-12 00:00:00";16;19773;20;10;0;<FLG>
V6155020;V615502002;QmnJ;1;"2021-02-13 00:00:00";16;19919;20;10;0;<FLG>
V6155020;V615502002;QmnJ;1;"2021-02-14 00:00:00";16;19506;20;10;0;<FLG>
V6155020;V615502002;QmnJ;1;"2021-02-15 00:00:00";16;19047;20;10;0;<FLG>
V6155020;V615502002;QmnJ;1;"2021-02-16 00:00:00";16;18640;20;10;0;<FLG>
V6155020;V615502002;QmnJ;1;"2021-02-17 00:00:00";16;18270;20;10;0;<FLG>
V6155020;V615502002;QmnJ;1;"2021-02-18 00:00:00";16;17963;20;10;0;<FLG>
V6155020;V615502002;QmnJ;1;"2021-02-19 00:00:00";16;17625;20;10;0;<FLG>
V6155020;V615502002;QmnJ;1;"2021-02-20 00:00:00";16;17516;20;10;0;<FLG>
V6155020;V615502002;QmnJ;1;"2021-02-21 00:00:00";16;18377;20;10;0;<FLG>
V6155020;V615502002;QmnJ;1;"2021-02-22 00:00:00";16;16834;20;10;0;<FLG>
V6155020;V615502002;QmnJ;1;"2021-02-23 00:00:00";16;16232;20;10;0;<FLG>
V6155020;V615502002;QmnJ;1;"2021-02-24 00:00:00";16;16014;20;10;0;<FLG>
V6155020;V615502002;QmnJ;1;"2021-02-25 00:00:00";16;15843;20;10;0;<FLG>
V6155020;V615502002;QmnJ;1;"2021-02-26 00:00:00";16;15642;20;10;0;<FLG>
V6155020;V615502002;QmnJ;1;"2021-02-27 00:00:00";16;15456;20;10;0;<FLG>
V6155020;V615502002;QmnJ;1;"2021-02-28 00:00:00";16;15239;20;10;0;<FLG>
V6155020;V615502002;QmnJ;1;"2021-03-01 00:00:00";16;14975;20;10;0;<FLG>
V6155020;V615502002;QmnJ;1;"2021-03-02 00:00:00";16;14664;20;10;0;<FLG>
V6155020;V615502002;QmnJ;1;"2021-03-03 00:00:00";16;14337;20;10;0;<FLG>
V6155020;V615502002;QmnJ;1;"2021-03-04 00:00:00";16;14040;20;10;0;<FLG>
V6155020;V615502002;QmnJ;1;"2021-03-05 00:00:00";16;13789;20;10;0;<FLG>
V6155020;V615502002;QmnJ;1;"2021-03-06 00:00:00";16;13544;20;10;0;<FLG>
V6155020;V615502002;QmnJ;1;"2021-03-07 00:00:00";16;13303;20;10;0;<FLG>
V6155020;V615502002;QmnJ;1;"2021-03-08 00:00:00";16;13089;20;10;0;<FLG>
V6155020;V615502002;QmnJ;1;"2021-03-09 00:00:00";16;12931;20;10;0;<FLG>
V6155020;V615502002;QmnJ;1;"2021-03-10 00:00:00";16;12755;20;10;0;<FLG>
V6155020;V615502002;QmnJ;1;"2021-03-11 00:00:00";16;12479;20;10;0;<FLG>
V6155020;V615502002;QmnJ;1;"2021-03-12 00:00:00";16;12192;20;10;0;<FLG>
V6155020;V615502002;QmnJ;1;"2021-03-13 00:00:00";16;11995;20;10;0;<FLG>
V6155020;V615502002;QmnJ;1;"2021-03-14 00:00:00";16;11808;20;10;0;<FLG>
V6155020;V615502002;QmnJ;1;"2021-03-15 00:00:00";16;11586;20;10;0;<FLG>
V6155020;V615502002;QmnJ;1;"2021-03-16 00:00:00";16;11358;20;10;0;<FLG>
V6155020;V615502002;QmnJ;1;"2021-03-17 00:00:00";16;11140;20;10;0;<FLG>
V6155020;V615502002;QmnJ;1;"2021-03-18 00:00:00";16;10982;20;10;0;<FLG>
V6155020;V615502002;QmnJ;1;"2021-03-19 00:00:00";16;10835;20;10;0;<FLG>
V6155020;V615502002;QmnJ;1;"2021-03-20 00:00:00";16;10685;20;10;0;<FLG>
V6155020;V615502002;QmnJ;1;"2021-03-21 00:00:00";16;10526;20;10;0;<FLG>
V6155020;V615502002;QmnJ;1;"2021-03-22 00:00:00";16;10366;20;10;0;<FLG>
V6155020;V615502002;QmnJ;1;"2021-03-23 00:00:00";16;10214;20;10;0;<FLG>
V6155020;V615502002;QmnJ;1;"2021-03-24 00:00:00";16;10056;20;10;0;<FLG>
V6155020;V615502002;QmnJ;1;"2021-03-25 00:00:00";16;9883;20;10;0;<FLG>
V6155020;V615502002;QmnJ;1;"2021-03-26 00:00:00";16;9701;20;10;0;<FLG>
V6155020;V615502002;QmnJ;1;"2021-03-27 00:00:00";16;9475;20;10;0;<FLG>
V6155020;V615502002;QmnJ;1;"2021-03-28 00:00:00";16;9263;20;10;0;<FLG>
V6155020;V615502002;QmnJ;1;"2021-03-29 00:00:00";16;9173;20;10;0;<FLG>
V6155020;V615502002;QmnJ;1;"2021-03-30 00:00:00";16;9104;20;10;0;<FLG>
V6155020;V615502002;QmnJ;1;"2021-03-31 00:00:00";16;9041;20;10;0;<FLG>
V6155020;V615502002;QmnJ;1;"2021-04-01 00:00:00";16;8979;20;10;0;<FLG>
V6155020;V615502002;QmnJ;1;"2021-04-02 00:00:00";16;8893;20;10;0;<FLG>
V6155020;V615502002;QmnJ;1;"2021-04-03 00:00:00";16;8685;20;10;0;<FLG>
V6155020;V615502002;QmnJ;1;"2021-04-04 00:00:00";16;8575;20;10;0;<FLG>
V6155020;V615502002;QmnJ;1;"2021-04-05 00:00:00";16;8485;20;10;0;<FLG>
V6155020;V615502002;QmnJ;1;"2021-04-06 00:00:00";16;8395;20;10;0;<FLG>
V6155020;V615502002;QmnJ;1;"2021-04-07 00:00:00";16;8305;20;10;0;<FLG>
V6155020;V615502002;QmnJ;1;"2021-04-08 00:00:00";16;8215;20;10;0;<FLG>
V6155020;V615502002;QmnJ;1;"2021-04-09 00:00:00";16;8131;20;10;0;<FLG>
V6155020;V615502002;QmnJ;1;"2021-04-10 00:00:00";16;8079;20;10;0;<FLG>
V6155020;V615502002;QmnJ;1;"2021-04-11 00:00:00";16;8050;20;10;0;<FLG>
V6155020;V615502002;QmnJ;1;"2021-04-12 00:00:00";16;8331;20;10;0;<FLG>
V6155020;V615502002;QmnJ;1;"2021-04-13 00:00:00";16;9675;20;10;0;<FLG>
V6155020;V615502002;QmnJ;1;"2021-04-14 00:00:00";16;10053;20;10;0;<FLG>
V6155020;V615502002;QmnJ;1;"2021-04-15 00:00:00";16;10071;20;10;0;<FLG>
V6155020;V615502002;QmnJ;1;"2021-04-16 00:00:00";16;10051;20;10;0;<FLG>
V6155020;V615502002;QmnJ;1;"2021-04-17 00:00:00";16;9963;20;10;0;<FLG>
V6155020;V615502002;QmnJ;1;"2021-04-18 00:00:00";16;9863;20;10;0;<FLG>
V6155020;V615502002;QmnJ;1;"2021-04-19 00:00:00";16;9773;20;10;0;<FLG>
V6155020;V615502002;QmnJ;1;"2021-04-20 00:00:00";16;9736;20;10;0;<FLG>
V6155020;V615502002;QmnJ;1;"2021-04-21 00:00:00";16;9702;20;10;0;<FLG>
V6155020;V615502002;QmnJ;1;"2021-04-22 00:00:00";16;9630;20;10;0;<FLG>
V6155020;V615502002;QmnJ;1;"2021-04-23 00:00:00";16;9553;20;10;0;<FLG>
V6155020;V615502002;QmnJ;1;"2021-04-24 00:00:00";16;9473;20;10;0;<FLG>
V6155020;V615502002;QmnJ;1;"2021-04-25 00:00:00";16;9382;20;10;0;<FLG>
V6155020;V615502002;QmnJ;1;"2021-04-26 00:00:00";16;9289;20;10;0;<FLG>
V6155020;V615502002;QmnJ;1;"2021-04-27 00:00:00";16;9196;20;10;0;<FLG>
V6155020;V615502002;QmnJ;1;"2021-04-28 00:00:00";16;9248;20;10;0;<FLG>
V6155020;V615502002;QmnJ;1;"2021-04-29 00:00:00";16;10686;20;10;0;<FLG>
V6155020;V615502002;QmnJ;1;"2021-04-30 00:00:00";16;14590;20;10;0;<FLG>
V6155020;V615502002;QmnJ;1;"2021-05-01 00:00:00";16;16846;20;10;0;<FLG>
V6155020;V615502002;QmnJ;1;"2021-05-02 00:00:00";16;21858;20;10;0;<FLG>
V6155020;V615502002;QmnJ;1;"2021-05-03 00:00:00";16;30939;20;10;0;<FLG>
V6155020;V615502002;QmnJ;1;"2021-05-04 00:00:00";16;32162;20;10;0;<FLG>
V6155020;V615502002;QmnJ;1;"2021-05-05 00:00:00";16;29467;20;10;0;<FLG>
V6155020;V615502002;QmnJ;1;"2021-05-06 00:00:00";16;26881;20;10;0;<FLG>
V6155020;V615502002;QmnJ;1;"2021-05-07 00:00:00";16;24655;20;10;0;<FLG>
V6155020;V615502002;QmnJ;1;"2021-05-08 00:00:00";16;21955;20;10;0;<FLG>
V6155020;V615502002;QmnJ;1;"2021-05-09 00:00:00";16;20729;20;10;0;<FLG>
V6155020;V615502002;QmnJ;1;"2021-05-10 00:00:00";16;19964;20;10;0;<FLG>
V6155020;V615502002;QmnJ;1;"2021-05-11 00:00:00";16;21202;20;10;0;<FLG>
V6155020;V615502002;QmnJ;1;"2021-05-12 00:00:00";16;33050;20;10;0;<FLG>
V6155020;V615502002;QmnJ;1;"2021-05-13 00:00:00";16;38717;20;10;0;<FLG>
V6155020;V615502002;QmnJ;1;"2021-05-14 00:00:00";16;38060;20;10;0;<FLG>
V6155020;V615502002;QmnJ;1;"2021-05-15 00:00:00";16;36411;20;10;0;<FLG>
V6155020;V615502002;QmnJ;1;"2021-05-16 00:00:00";16;34417;20;10;0;<FLG>
V6155020;V615502002;QmnJ;1;"2021-05-17 00:00:00";16;33012;20;10;0;<FLG>
V6155020;V615502002;QmnJ;1;"2021-05-18 00:00:00";16;33470;20;10;0;<FLG>
V6155020;V615502002;QmnJ;1;"2021-05-19 00:00:00";16;29238;20;10;0;<FLG>
V6155020;V615502002;QmnJ;1;"2021-05-20 00:00:00";16;26481;20;10;0;<FLG>
V6155020;V615502002;QmnJ;1;"2021-05-21 00:00:00";16;24485;20;10;0;<FLG>
V6155020;V615502002;QmnJ;1;"2021-05-22 00:00:00";16;22819;20;10;0;<FLG>
V6155020;V615502002;QmnJ;1;"2021-05-23 00:00:00";16;21813;20;10;0;<FLG>
V6155020;V615502002;QmnJ;1;"2021-05-24 00:00:00";16;21330;20;10;0;<FLG>
V6155020;V615502002;QmnJ;1;"2021-05-25 00:00:00";16;20896;20;10;0;<FLG>
V6155020;V615502002;QmnJ;1;"2021-05-26 00:00:00";16;20493;20;10;0;<FLG>
V6155020;V615502002;QmnJ;1;"2021-05-27 00:00:00";16;19993;20;10;0;<FLG>
V6155020;V615502002;QmnJ;1;"2021-05-28 00:00:00";16;19508;20;10;0;<FLG>
V6155020;V615502002;QmnJ;1;"2021-05-29 00:00:00";16;19114;20;10;0;<FLG>
V6155020;V615502002;QmnJ;1;"2021-05-30 00:00:00";16;18746;20;10;0;<FLG>
V6155020;V615502002;QmnJ;1;"2021-05-31 00:00:00";16;18353;20;10;0;<FLG>
V6155020;V615502002;QmnJ;1;"2021-06-01 00:00:00";16;18112;20;10;0;<FLG>
V6155020;V615502002;QmnJ;1;"2021-06-02 00:00:00";16;17811;20;10;0;<FLG>
V6155020;V615502002;QmnJ;1;"2021-06-03 00:00:00";16;17476;20;10;0;<FLG>
V6155020;V615502002;QmnJ;1;"2021-06-04 00:00:00";16;17134;20;10;0;<FLG>
V6155020;V615502002;QmnJ;1;"2021-06-05 00:00:00";16;16825;20;10;0;<FLG>
V6155020;V615502002;QmnJ;1;"2021-06-06 00:00:00";16;16524;20;10;0;<FLG>
V6155020;V615502002;QmnJ;1;"2021-06-07 00:00:00";16;16226;20;10;0;<FLG>
V6155020;V615502002;QmnJ;1;"2021-06-08 00:00:00";16;15956;20;10;0;<FLG>
V6155020;V615502002;QmnJ;1;"2021-06-09 00:00:00";16;15698;20;10;0;<FLG>
V6155020;V615502002;QmnJ;1;"2021-06-10 00:00:00";16;15487;20;10;0;<FLG>
V6155020;V615502002;QmnJ;1;"2021-06-11 00:00:00";16;15283;20;10;0;<FLG>
V6155020;V615502002;QmnJ;1;"2021-06-12 00:00:00";16;15074;20;10;0;<FLG>
V6155020;V615502002;QmnJ;1;"2021-06-13 00:00:00";16;14799;20;10;0;<FLG>
V6155020;V615502002;QmnJ;1;"2021-06-14 00:00:00";16;14510;20;10;0;<FLG>
V6155020;V615502002;QmnJ;1;"2021-06-15 00:00:00";16;14281;20;10;0;<FLG>
V6155020;V615502002;QmnJ;1;"2021-06-16 00:00:00";16;14063;20;10;0;<FLG>
V6155020;V615502002;QmnJ;1;"2021-06-17 00:00:00";16;13845;20;10;0;<FLG>
V6155020;V615502002;QmnJ;1;"2021-06-18 00:00:00";16;13624;20;10;0;<FLG>
V6155020;V615502002;QmnJ;1;"2021-06-19 00:00:00";16;13390;20;10;0;<FLG>
V6155020;V615502002;QmnJ;1;"2021-06-20 00:00:00";16;13153;20;10;0;<FLG>
V6155020;V615502002;QmnJ;1;"2021-06-21 00:00:00";16;12917;20;10;0;<FLG>
V6155020;V615502002;QmnJ;1;"2021-06-22 00:00:00";16;12675;20;10;0;<FLG>
V6155020;V615502002;QmnJ;1;"2021-06-23 00:00:00";16;12413;20;10;0;<FLG>
V6155020;V615502002;QmnJ;1;"2021-06-24 00:00:00";16;12123;20;10;0;<FLG>
V6155020;V615502002;QmnJ;1;"2021-06-25 00:00:00";16;11828;20;10;0;<FLG>
V6155020;V615502002;QmnJ;1;"2021-06-26 00:00:00";16;11552;20;10;0;<FLG>
V6155020;V615502002;QmnJ;1;"2021-06-27 00:00:00";16;11396;20;10;0;<FLG>
V6155020;V615502002;QmnJ;1;"2021-06-28 00:00:00";16;11259;20;10;0;<FLG>
V6155020;V615502002;QmnJ;1;"2021-06-29 00:00:00";16;11100;20;10;0;<FLG>
V6155020;V615502002;QmnJ;1;"2021-06-30 00:00:00";16;10831;20;10;0;<FLG>
V6155020;V615502002;QmnJ;1;"2021-07-01 00:00:00";16;10677;20;10;0;<FLG>
V6155020;V615502002;QmnJ;1;"2021-07-02 00:00:00";16;10546;20;10;0;<FLG>
V6155020;V615502002;QmnJ;1;"2021-07-03 00:00:00";16;10415;20;10;0;<FLG>
V6155020;V615502002;QmnJ;1;"2021-07-04 00:00:00";16;10284;20;10;0;<FLG>
V6155020;V615502002;QmnJ;1;"2021-07-05 00:00:00";16;10154;20;10;0;<FLG>
V6155020;V615502002;QmnJ;1;"2021-07-06 00:00:00";16;10022;20;10;0;<FLG>
V6155020;V615502002;QmnJ;1;"2021-07-07 00:00:00";16;9883;20;10;0;<FLG>
V6155020;V615502002;QmnJ;1;"2021-07-08 00:00:00";16;9743;20;10;0;<FLG>
V6155020;V615502002;QmnJ;1;"2021-07-09 00:00:00";16;9603;20;10;0;<FLG>
V6155020;V615502002;QmnJ;1;"2021-07-10 00:00:00";16;9464;20;10;0;<FLG>
V6155020;V615502002;QmnJ;1;"2021-07-11 00:00:00";16;9332;20;10;0;<FLG>
V6155020;V615502002;QmnJ;1;"2021-07-12 00:00:00";16;9235;20;10;0;<FLG>
V6155020;V615502002;QmnJ;1;"2021-07-13 00:00:00";16;9142;20;10;0;<FLG>
V6155020;V615502002;QmnJ;1;"2021-07-14 00:00:00";16;9049;20;10;0;<FLG>
V6155020;V615502002;QmnJ;1;"2021-07-15 00:00:00";16;8955;20;10;0;<FLG>
V6155020;V615502002;QmnJ;1;"2021-07-16 00:00:00";16;8857;20;10;0;<FLG>
V6155020;V615502002;QmnJ;1;"2021-07-17 00:00:00";16;8733;20;10;0;<FLG>
V6155020;V615502002;QmnJ;1;"2021-07-18 00:00:00";16;8606;20;10;0;<FLG>
V6155020;V615502002;QmnJ;1;"2021-07-19 00:00:00";16;8480;20;10;0;<FLG>
V6155020;V615502002;QmnJ;1;"2021-07-20 00:00:00";16;8353;20;10;0;<FLG>
V6155020;V615502002;QmnJ;1;"2021-07-21 00:00:00";16;8235;20;10;0;<FLG>
V6155020;V615502002;QmnJ;1;"2021-07-22 00:00:00";16;8156;20;10;0;<FLG>
V6155020;V615502002;QmnJ;1;"2021-07-23 00:00:00";16;8081;20;10;0;<FLG>
V6155020;V615502002;QmnJ;1;"2021-07-24 00:00:00";16;8006;20;10;0;<FLG>
V6155020;V615502002;QmnJ;1;"2021-07-25 00:00:00";16;7932;20;10;0;<FLG>
V6155020;V615502002;QmnJ;1;"2021-07-26 00:00:00";16;7857;20;10;0;<FLG>
V6155020;V615502002;QmnJ;1;"2021-07-27 00:00:00";16;7782;20;10;0;<FLG>
V6155020;V615502002;QmnJ;1;"2021-07-28 00:00:00";16;7707;20;10;0;<FLG>
V6155020;V615502002;QmnJ;1;"2021-07-29 00:00:00";16;7626;20;10;0;<FLG>
V6155020;V615502002;QmnJ;1;"2021-07-30 00:00:00";16;7540;20;10;0;<FLG>
V6155020;V615502002;QmnJ;1;"2021-07-31 00:00:00";16;7454;20;10;0;<FLG>
V6155020;V615502002;QmnJ;1;"2021-08-01 00:00:00";16;7385;20;10;0;<FLG>
V6155020;V615502002;QmnJ;1;"2021-08-02 00:00:00";16;7320;20;10;0;<FLG>
V6155020;V615502002;QmnJ;1;"2021-08-03 00:00:00";16;7255;20;10;0;<FLG>
V6155020;V615502002;QmnJ;1;"2021-08-04 00:00:00";16;7190;20;10;0;<FLG>
V6155020;V615502002;QmnJ;1;"2021-08-05 00:00:00";16;7125;20;10;0;<FLG>
V6155020;V615502002;QmnJ;1;"2021-08-06 00:00:00";16;7050;20;10;0;<FLG>
V6155020;V615502002;QmnJ;1;"2021-08-07 00:00:00";16;6972;20;10;0;<FLG>
V6155020;V615502002;QmnJ;1;"2021-08-08 00:00:00";16;6899;20;10;0;<FLG>
V6155020;V615502002;QmnJ;1;"2021-08-09 00:00:00";16;6843;20;10;0;<FLG>
V6155020;V615502002;QmnJ;1;"2021-08-10 00:00:00";16;6788;20;10;0;<FLG>
V6155020;V615502002;QmnJ;1;"2021-08-11 00:00:00";16;6734;20;10;0;<FLG>
V6155020;V615502002;QmnJ;1;"2021-08-12 00:00:00";16;6680;20;10;0;<FLG>
V6155020;V615502002;QmnJ;1;"2021-08-13 00:00:00";16;6626;20;10;0;<FLG>
V6155020;V615502002;QmnJ;1;"2021-08-14 00:00:00";16;6576;20;10;0;<FLG>
V6155020;V615502002;QmnJ;1;"2021-08-15 00:00:00";16;6544;20;10;0;<FLG>
V6155020;V615502002;QmnJ;1;"2021-08-16 00:00:00";16;6514;20;10;0;<FLG>
V6155020;V615502002;QmnJ;1;"2021-08-17 00:00:00";16;6484;20;10;0;<FLG>
V6155020;V615502002;QmnJ;1;"2021-08-18 00:00:00";16;6454;20;10;0;<FLG>
V6155020;V615502002;QmnJ;1;"2021-08-19 00:00:00";16;6424;20;10;0;<FLG>
V6155020;V615502002;QmnJ;1;"2021-08-20 00:00:00";16;6394;20;10;0;<FLG>
V6155020;V615502002;QmnJ;1;"2021-08-21 00:00:00";16;6364;20;10;0;<FLG>
V6155020;V615502002;QmnJ;1;"2021-08-22 00:00:00";16;6333;20;10;0;<FLG>
V6155020;V615502002;QmnJ;1;"2021-08-23 00:00:00";16;6302;20;10;0;<FLG>
V6155020;V615502002;QmnJ;1;"2021-08-24 00:00:00";16;6272;20;10;0;<FLG>
V6155020;V615502002;QmnJ;1;"2021-08-25 00:00:00";16;6241;20;10;0;<FLG>
V6155020;V615502002;QmnJ;1;"2021-08-26 00:00:00";16;6210;20;10;0;<FLG>
V6155020;V615502002;QmnJ;1;"2021-08-27 00:00:00";16;6179;20;10;0;<FLG>
V6155020;V615502002;QmnJ;1;"2021-08-28 00:00:00";16;6145;20;10;0;<FLG>
V6155020;V615502002;QmnJ;1;"2021-08-29 00:00:00";16;6081;20;10;0;<FLG>
V6155020;V615502002;QmnJ;1;"2021-08-30 00:00:00";16;6008;20;10;0;<FLG>
V6155020;V615502002;QmnJ;1;"2021-08-31 00:00:00";16;5937;20;10;0;<FLG>
V6155020;V615502002;QmnJ;1;"2021-09-01 00:00:00";16;5889;20;10;0;<FLG>
V6155020;V615502002;QmnJ;1;"2021-09-02 00:00:00";16;5848;20;10;0;<FLG>
V6155020;V615502002;QmnJ;1;"2021-09-03 00:00:00";16;5807;20;10;0;<FLG>
V6155020;V615502002;QmnJ;1;"2021-09-04 00:00:00";16;5766;20;10;0;<FLG>
V6155020;V615502002;QmnJ;1;"2021-09-05 00:00:00";16;5736;20;10;0;<FLG>
V6155020;V615502002;QmnJ;1;"2021-09-06 00:00:00";16;5708;20;10;0;<FLG>
V6155020;V615502002;QmnJ;1;"2021-09-07 00:00:00";16;5681;20;10;0;<FLG>
V6155020;V615502002;QmnJ;1;"2021-09-08 00:00:00";16;5653;20;10;0;<FLG>
V6155020;V615502002;QmnJ;1;"2021-09-09 00:00:00";16;5627;20;10;0;<FLG>
V6155020;V615502002;QmnJ;1;"2021-09-10 00:00:00";16;5601;20;10;0;<FLG>
V6155020;V615502002;QmnJ;1;"2021-09-11 00:00:00";16;5582;20;10;0;<FLG>
V6155020;V615502002;QmnJ;1;"2021-09-12 00:00:00";16;5627;20;10;0;<FLG>
V6155020;V615502002;QmnJ;1;"2021-09-13 00:00:00";16;5689;20;10;0;<FLG>
V6155020;V615502002;QmnJ;1;"2021-09-14 00:00:00";16;5751;20;10;0;<FLG>
V6155020;V615502002;QmnJ;1;"2021-09-15 00:00:00";16;5813;20;10;0;<FLG>
V6155020;V615502002;QmnJ;1;"2021-09-16 00:00:00";16;5874;20;10;0;<FLG>
V6155020;V615502002;QmnJ;1;"2021-09-17 00:00:00";16;5919;20;10;0;<FLG>
V6155020;V615502002;QmnJ;1;"2021-09-18 00:00:00";16;5913;20;10;0;<FLG>
V6155020;V615502002;QmnJ;1;"2021-09-19 00:00:00";16;5883;20;10;0;<FLG>
V6155020;V615502002;QmnJ;1;"2021-09-20 00:00:00";16;5767;20;10;0;<FLG>
V6155020;V615502002;QmnJ;1;"2021-09-21 00:00:00";16;5641;20;10;0;<FLG>
V6155020;V615502002;QmnJ;1;"2021-09-22 00:00:00";16;5516;20;10;0;<FLG>
V6155020;V615502002;QmnJ;1;"2021-09-23 00:00:00";16;5417;20;10;0;<FLG>
V6155020;V615502002;QmnJ;1;"2021-09-24 00:00:00";16;5603;20;10;0;<FLG>
V6155020;V615502002;QmnJ;1;"2021-09-25 00:00:00";16;5865;20;10;0;<FLG>
V6155020;V615502002;QmnJ;1;"2021-09-26 00:00:00";16;6125;20;10;0;<FLG>
V6155020;V615502002;QmnJ;1;"2021-09-27 00:00:00";16;6355;20;10;0;<FLG>
V6155020;V615502002;QmnJ;1;"2021-09-28 00:00:00";16;6293;20;10;0;<FLG>
V6155020;V615502002;QmnJ;1;"2021-09-29 00:00:00";16;6154;20;10;0;<FLG>
V6155020;V615502002;QmnJ;1;"2021-09-30 00:00:00";16;6011;20;10;0;<FLG>
V6155020;V615502002;QmnJ;1;"2021-10-01 00:00:00";16;5864;20;10;0;<FLG>
V6155020;V615502002;QmnJ;1;"2021-10-02 00:00:00";16;5724;20;10;0;<FLG>
V6155020;V615502002;QmnJ;1;"2021-10-03 00:00:00";16;5660;20;10;0;<FLG>
V6155020;V615502002;QmnJ;1;"2021-10-04 00:00:00";16;11360;20;10;0;<FLG>
V6155020;V615502002;QmnJ;1;"2021-10-05 00:00:00";16;17972;20;10;0;<FLG>
V6155020;V615502002;QmnJ;1;"2021-10-06 00:00:00";16;18036;20;10;0;<FLG>
V6155020;V615502002;QmnJ;1;"2021-10-07 00:00:00";16;16398;20;10;0;<FLG>
V6155020;V615502002;QmnJ;1;"2021-10-08 00:00:00";16;14990;20;10;0;<FLG>
V6155020;V615502002;QmnJ;1;"2021-10-09 00:00:00";16;13817;20;10;0;<FLG>
V6155020;V615502002;QmnJ;1;"2021-10-10 00:00:00";16;12850;20;10;0;<FLG>
V6155020;V615502002;QmnJ;1;"2021-10-11 00:00:00";16;12001;20;10;0;<FLG>
V6155020;V615502002;QmnJ;1;"2021-10-12 00:00:00";16;11379;20;10;0;<FLG>
V6155020;V615502002;QmnJ;1;"2021-10-13 00:00:00";16;10815;20;10;0;<FLG>
V6155020;V615502002;QmnJ;1;"2021-10-14 00:00:00";16;10305;20;10;0;<FLG>
V6155020;V615502002;QmnJ;1;"2021-10-15 00:00:00";16;9877;20;10;0;<FLG>
V6155020;V615502002;QmnJ;1;"2021-10-16 00:00:00";16;9493;20;10;0;<FLG>
V6155020;V615502002;QmnJ;1;"2021-10-17 00:00:00";16;9160;20;10;0;<FLG>
V6155020;V615502002;QmnJ;1;"2021-10-18 00:00:00";16;8833;20;10;0;<FLG>
V6155020;V615502002;QmnJ;1;"2021-10-19 00:00:00";16;8521;20;10;0;<FLG>
V6155020;V615502002;QmnJ;1;"2021-10-20 00:00:00";16;8335;20;10;0;<FLG>
V6155020;V615502002;QmnJ;1;"2021-10-21 00:00:00";16;8157;20;10;0;<FLG>
V6155020;V615502002;QmnJ;1;"2021-10-22 00:00:00";16;7988;20;10;0;<FLG>
V6155020;V615502002;QmnJ;1;"2021-10-23 00:00:00";16;7813;20;10;0;<FLG>
V6155020;V615502002;QmnJ;1;"2021-10-24 00:00:00";16;7630;20;10;0;<FLG>
V6155020;V615502002;QmnJ;1;"2021-10-25 00:00:00";16;7455;20;10;0;<FLG>
V6155020;V615502002;QmnJ;1;"2021-10-26 00:00:00";16;7298;20;10;0;<FLG>
V6155020;V615502002;QmnJ;1;"2021-10-27 00:00:00";16;7154;20;10;0;<FLG>
V6155020;V615502002;QmnJ;1;"2021-10-28 00:00:00";16;7037;20;10;0;<FLG>
V6155020;V615502002;QmnJ;1;"2021-10-29 00:00:00";16;6944;20;10;0;<FLG>
V6155020;V615502002;QmnJ;1;"2021-10-30 00:00:00";16;6857;20;10;0;<FLG>
V6155020;V615502002;QmnJ;1;"2021-10-31 00:00:00";16;7298;20;10;0;<FLG>
V6155020;V615502002;QmnJ;1;"2021-11-01 00:00:00";16;9521;20;10;0;<FLG>
V6155020;V615502002;QmnJ;1;"2021-11-02 00:00:00";16;14604;20;10;0;<FLG>
V6155020;V615502002;QmnJ;1;"2021-11-03 00:00:00";16;15328;20;10;0;<FLG>
V6155020;V615502002;QmnJ;1;"2021-11-04 00:00:00";16;14835;20;10;0;<FLG>
V6155020;V615502002;QmnJ;1;"2021-11-05 00:00:00";16;13937;20;10;0;<FLG>
V6155020;V615502002;QmnJ;1;"2021-11-06 00:00:00";16;13097;20;10;0;<FLG>
V6155020;V615502002;QmnJ;1;"2021-11-07 00:00:00";16;12414;20;10;0;<FLG>
V6155020;V615502002;QmnJ;1;"2021-11-08 00:00:00";16;11775;20;10;0;<FLG>
V6155020;V615502002;QmnJ;1;"2021-11-09 00:00:00";16;11206;20;10;0;<FLG>
V6155020;V615502002;QmnJ;1;"2021-11-10 00:00:00";16;10734;20;10;0;<FLG>
V6155020;V615502002;QmnJ;1;"2021-11-11 00:00:00";16;10354;20;10;0;<FLG>
V6155020;V615502002;QmnJ;1;"2021-11-12 00:00:00";16;10035;20;10;0;<FLG>
V6155020;V615502002;QmnJ;1;"2021-11-13 00:00:00";16;9741;20;10;0;<FLG>
V6155020;V615502002;QmnJ;1;"2021-11-14 00:00:00";16;9486;20;10;0;<FLG>
V6155020;V615502002;QmnJ;1;"2021-11-15 00:00:00";16;9241;20;10;0;<FLG>
V6155020;V615502002;QmnJ;1;"2021-11-16 00:00:00";16;9045;20;10;0;<FLG>
V6155020;V615502002;QmnJ;1;"2021-11-17 00:00:00";16;8893;20;10;0;<FLG>
V6155020;V615502002;QmnJ;1;"2021-11-18 00:00:00";16;8722;20;10;0;<FLG>
V6155020;V615502002;QmnJ;1;"2021-11-19 00:00:00";16;8529;20;10;0;<FLG>
V6155020;V615502002;QmnJ;1;"2021-11-20 00:00:00";16;8388;20;10;0;<FLG>
V6155020;V615502002;QmnJ;1;"2021-11-21 00:00:00";16;8293;20;10;0;<FLG>
V6155020;V615502002;QmnJ;1;"2021-11-22 00:00:00";16;8215;20;10;0;<FLG>
V6155020;V615502002;QmnJ;1;"2021-11-23 00:00:00";16;8081;20;10;0;<FLG>
V6155020;V615502002;QmnJ;1;"2021-11-24 00:00:00";16;7949;20;10;0;<FLG>
V6155020;V615502002;QmnJ;1;"2021-11-25 00:00:00";16;7886;20;10;0;<FLG>
V6155020;V615502002;QmnJ;1;"2021-11-26 00:00:00";16;8014;20;10;0;<FLG>
V6155020;V615502002;QmnJ;1;"2021-11-27 00:00:00";16;8192;20;10;0;<FLG>
V6155020;V615502002;QmnJ;1;"2021-11-28 00:00:00";16;8226;20;10;0;<FLG>
V6155020;V615502002;QmnJ;1;"2021-11-29 00:00:00";16;8150;20;10;0;<FLG>
V6155020;V615502002;QmnJ;1;"2021-11-30 00:00:00";16;8001;20;10;0;<FLG>
V6155020;V615502002;QmnJ;1;"2021-12-01 00:00:00";16;7890;20;10;0;<FLG>
V6155020;V615502002;QmnJ;1;"2021-12-02 00:00:00";16;7847;20;10;0;<FLG>
V6155020;V615502002;QmnJ;1;"2021-12-03 00:00:00";16;7805;20;10;0;<FLG>
V6155020;V615502002;QmnJ;1;"2021-12-04 00:00:00";16;7765;20;10;0;<FLG>
V6155020;V615502002;QmnJ;1;"2021-12-05 00:00:00";16;8626;20;10;0;<FLG>
V6155020;V615502002;QmnJ;1;"2021-12-06 00:00:00";16;9500;20;10;0;<FLG>
V6155020;V615502002;QmnJ;1;"2021-12-07 00:00:00";16;9669;20;10;0;<FLG>
V6155020;V615502002;QmnJ;1;"2021-12-08 00:00:00";16;11379;20;10;0;<FLG>
V6155020;V615502002;QmnJ;1;"2021-12-09 00:00:00";16;15976;20;10;0;<FLG>
V6155020;V615502002;QmnJ;1;"2021-12-10 00:00:00";16;16865;20;10;0;<FLG>
V6155020;V615502002;QmnJ;1;"2021-12-11 00:00:00";16;16543;20;10;0;<FLG>
V6155020;V615502002;QmnJ;1;"2021-12-12 00:00:00";16;15754;20;10;0;<FLG>
V6155020;V615502002;QmnJ;1;"2021-12-13 00:00:00";16;15096;20;10;0;<FLG>
V6155020;V615502002;QmnJ;1;"2021-12-14 00:00:00";16;14528;20;10;0;<FLG>
V6155020;V615502002;QmnJ;1;"2021-12-15 00:00:00";16;13977;20;10;0;<FLG>
V6155020;V615502002;QmnJ;1;"2021-12-16 00:00:00";16;13514;20;10;0;<FLG>
V6155020;V615502002;QmnJ;1;"2021-12-17 00:00:00";16;13180;20;10;0;<FLG>
V6155020;V615502002;QmnJ;1;"2021-12-18 00:00:00";16;12944;20;10;0;<FLG>
V6155020;V615502002;QmnJ;1;"2021-12-19 00:00:00";16;12744;20;10;0;<FLG>
V6155020;V615502002;QmnJ;1;"2021-12-20 00:00:00";16;12573;20;10;0;<FLG>
V6155020;V615502002;QmnJ;1;"2021-12-21 00:00:00";16;12347;20;10;0;<FLG>
V6155020;V615502002;QmnJ;1;"2021-12-22 00:00:00";16;12055;20;10;0;<FLG>
V6155020;V615502002;QmnJ;1;"2021-12-23 00:00:00";16;11773;20;10;0;<FLG>
V6155020;V615502002;QmnJ;1;"2021-12-24 00:00:00";16;11573;20;10;0;<FLG>
V6155020;V615502002;QmnJ;1;"2021-12-25 00:00:00";16;12568;20;10;0;<FLG>
V6155020;V615502002;QmnJ;1;"2021-12-26 00:00:00";16;16874;20;10;0;<FLG>
V6155020;V615502002;QmnJ;1;"2021-12-27 00:00:00";16;18378;20;10;0;<FLG>
V6155020;V615502002;QmnJ;1;"2021-12-28 00:00:00";16;18695;20;10;0;<FLG>
V6155020;V615502002;QmnJ;1;"2021-12-29 00:00:00";16;20160;20;10;0;<FLG>
V6155020;V615502002;QmnJ;1;"2021-12-30 00:00:00";16;21472;20;10;0;<FLG>
V6155020;V615502002;QmnJ;1;"2021-12-31 00:00:00";16;21499;20;10;0;<FLG>
V6155020;V615502002;QmnJ;1;"2022-01-01 00:00:00";16;20994;20;10;0;<FLG>
V6155020;V615502002;QmnJ;1;"2022-01-02 00:00:00";16;20284;20;10;0;<FLG>
V6155020;V615502002;QmnJ;1;"2022-01-03 00:00:00";16;19436;20;10;0;<FLG>
V6155020;V615502002;QmnJ;1;"2022-01-04 00:00:00";16;18903;20;10;0;<FLG>
V6155020;V615502002;QmnJ;1;"2022-01-05 00:00:00";16;18433;20;10;0;<FLG>
V6155020;V615502002;QmnJ;1;"2022-01-06 00:00:00";16;18014;20;10;0;<FLG>
V6155020;V615502002;QmnJ;1;"2022-01-07 00:00:00";16;17547;20;10;0;<FLG>
V6155020;V615502002;QmnJ;1;"2022-01-08 00:00:00";16;17061;20;10;0;<FLG>
V6155020;V615502002;QmnJ;1;"2022-01-09 00:00:00";16;16616;20;10;0;<FLG>
V6155020;V615502002;QmnJ;1;"2022-01-10 00:00:00";16;16217;20;10;0;<FLG>
V6155020;V615502002;QmnJ;1;"2022-01-11 00:00:00";16;15788;20;10;0;<FLG>
V6155020;V615502002;QmnJ;1;"2022-01-12 00:00:00";16;15380;20;10;0;<FLG>
V6155020;V615502002;QmnJ;1;"2022-01-13 00:00:00";16;14991;20;10;0;<FLG>
V6155020;V615502002;QmnJ;1;"2022-01-14 00:00:00";16;14573;20;10;0;<FLG>
V6155020;V615502002;QmnJ;1;"2022-01-15 00:00:00";16;14216;20;10;0;<FLG>
V6155020;V615502002;QmnJ;1;"2022-01-16 00:00:00";16;13880;20;10;0;<FLG>
V6155020;V615502002;QmnJ;1;"2022-01-17 00:00:00";16;13556;20;10;0;<FLG>
V6155020;V615502002;QmnJ;1;"2022-01-18 00:00:00";16;13255;20;10;0;<FLG>
V6155020;V615502002;QmnJ;1;"2022-01-19 00:00:00";16;12974;20;10;0;<FLG>
V6155020;V615502002;QmnJ;1;"2022-01-20 00:00:00";16;12755;20;10;0;<FLG>
V6155020;V615502002;QmnJ;1;"2022-01-21 00:00:00";16;12519;20;10;0;<FLG>
V6155020;V615502002;QmnJ;1;"2022-01-22 00:00:00";16;12235;20;10;0;<FLG>
V6155020;V615502002;QmnJ;1;"2022-01-23 00:00:00";16;11948;20;10;0;<FLG>
V6155020;V615502002;QmnJ;1;"2022-01-24 00:00:00";16;11675;20;10;0;<FLG>
V6155020;V615502002;QmnJ;1;"2022-01-25 00:00:00";16;11417;20;10;0;<FLG>
V6155020;V615502002;QmnJ;1;"2022-01-26 00:00:00";16;11209;20;10;0;<FLG>
V6155020;V615502002;QmnJ;1;"2022-01-27 00:00:00";16;11016;20;10;0;<FLG>
V6155020;V615502002;QmnJ;1;"2022-01-28 00:00:00";16;10826;20;10;0;<FLG>
V6155020;V615502002;QmnJ;1;"2022-01-29 00:00:00";16;10629;20;10;0;<FLG>
V6155020;V615502002;QmnJ;1;"2022-01-30 00:00:00";16;10474;20;10;0;<FLG>
V6155020;V615502002;QmnJ;1;"2022-01-31 00:00:00";16;10343;20;10;0;<FLG>
V6155020;V615502002;QmnJ;1;"2022-02-01 00:00:00";16;10218;20;10;0;<FLG>
V6155020;V615502002;QmnJ;1;"2022-02-02 00:00:00";16;10068;20;10;0;<FLG>
V6155020;V615502002;QmnJ;1;"2022-02-03 00:00:00";16;9887;20;10;0;<FLG>
V6155020;V615502002;QmnJ;1;"2022-02-04 00:00:00";16;9718;20;10;0;<FLG>
V6155020;V615502002;QmnJ;1;"2022-02-05 00:00:00";16;9556;20;10;0;<FLG>
V6155020;V615502002;QmnJ;1;"2022-02-06 00:00:00";16;9390;20;10;0;<FLG>
V6155020;V615502002;QmnJ;1;"2022-02-07 00:00:00";16;9248;20;10;0;<FLG>
V6155020;V615502002;QmnJ;1;"2022-02-08 00:00:00";16;9090;20;10;0;<FLG>
V6155020;V615502002;QmnJ;1;"2022-02-09 00:00:00";16;8930;20;10;0;<FLG>
V6155020;V615502002;QmnJ;1;"2022-02-10 00:00:00";16;8812;20;10;0;<FLG>
V6155020;V615502002;QmnJ;1;"2022-02-11 00:00:00";16;8720;20;10;0;<FLG>
V6155020;V615502002;QmnJ;1;"2022-02-12 00:00:00";16;8622;20;10;0;<FLG>
V6155020;V615502002;QmnJ;1;"2022-02-13 00:00:00";16;8533;20;10;0;<FLG>
V6155020;V615502002;QmnJ;1;"2022-02-14 00:00:00";16;8493;20;10;0;<FLG>
V6155020;V615502002;QmnJ;1;"2022-02-15 00:00:00";16;9590;20;10;0;<FLG>
V6155020;V615502002;QmnJ;1;"2022-02-16 00:00:00";16;10411;20;10;0;<FLG>
V6155020;V615502002;QmnJ;1;"2022-02-17 00:00:00";16;10569;20;10;0;<FLG>
V6155020;V615502002;QmnJ;1;"2022-02-18 00:00:00";16;11218;20;10;0;<FLG>
V6155020;V615502002;QmnJ;1;"2022-02-19 00:00:00";16;11637;20;10;0;<FLG>
V6155020;V615502002;QmnJ;1;"2022-02-20 00:00:00";16;11660;20;10;0;<FLG>
V6155020;V615502002;QmnJ;1;"2022-02-21 00:00:00";16;11416;20;10;0;<FLG>
V6155020;V615502002;QmnJ;1;"2022-02-22 00:00:00";16;11137;20;10;0;<FLG>
V6155020;V615502002;QmnJ;1;"2022-02-23 00:00:00";16;10845;20;10;0;<FLG>
V6155020;V615502002;QmnJ;1;"2022-02-24 00:00:00";16;10572;20;10;0;<FLG>
V6155020;V615502002;QmnJ;1;"2022-02-25 00:00:00";16;10367;20;10;0;<FLG>
V6155020;V615502002;QmnJ;1;"2022-02-26 00:00:00";16;10176;20;10;0;<FLG>
V6155020;V615502002;QmnJ;1;"2022-02-27 00:00:00";16;9945;20;10;0;<FLG>
V6155020;V615502002;QmnJ;1;"2022-02-28 00:00:00";16;9728;20;10;0;<FLG>
V6155020;V615502002;QmnJ;1;"2022-03-01 00:00:00";16;9532;20;10;0;<FLG>
V6155020;V615502002;QmnJ;1;"2022-03-02 00:00:00";16;9364;20;10;0;<FLG>
V6155020;V615502002;QmnJ;1;"2022-03-03 00:00:00";16;9246;20;10;0;<FLG>
V6155020;V615502002;QmnJ;1;"2022-03-04 00:00:00";16;9142;20;10;0;<FLG>
V6155020;V615502002;QmnJ;1;"2022-03-05 00:00:00";16;9026;20;10;0;<FLG>
V6155020;V615502002;QmnJ;1;"2022-03-06 00:00:00";16;8896;20;10;0;<FLG>
V6155020;V615502002;QmnJ;1;"2022-03-07 00:00:00";16;8762;20;10;0;<FLG>
V6155020;V615502002;QmnJ;1;"2022-03-08 00:00:00";16;8622;20;10;0;<FLG>
V6155020;V615502002;QmnJ;1;"2022-03-09 00:00:00";16;8472;20;10;0;<FLG>
V6155020;V615502002;QmnJ;1;"2022-03-10 00:00:00";16;8339;20;10;0;<FLG>
V6155020;V615502002;QmnJ;1;"2022-03-11 00:00:00";16;8234;20;10;0;<FLG>
V6155020;V615502002;QmnJ;1;"2022-03-12 00:00:00";16;8139;20;10;0;<FLG>
V6155020;V615502002;QmnJ;1;"2022-03-13 00:00:00";16;8049;20;10;0;<FLG>
V6155020;V615502002;QmnJ;1;"2022-03-14 00:00:00";16;7963;20;10;0;<FLG>
V6155020;V615502002;QmnJ;1;"2022-03-15 00:00:00";16;7963;20;10;0;<FLG>
V6155020;V615502002;QmnJ;1;"2022-03-16 00:00:00";16;8126;20;10;0;<FLG>
V6155020;V615502002;QmnJ;1;"2022-03-17 00:00:00";16;8322;20;10;0;<FLG>
V6155020;V615502002;QmnJ;1;"2022-03-18 00:00:00";16;8429;20;10;0;<FLG>
V6155020;V615502002;QmnJ;1;"2022-03-19 00:00:00";16;8450;20;10;0;<FLG>
V6155020;V615502002;QmnJ;1;"2022-03-20 00:00:00";16;8414;20;10;0;<FLG>
V6155020;V615502002;QmnJ;1;"2022-03-21 00:00:00";16;8290;20;10;0;<FLG>
V6155020;V615502002;QmnJ;1;"2022-03-22 00:00:00";16;8142;20;10;0;<FLG>
V6155020;V615502002;QmnJ;1;"2022-03-23 00:00:00";16;8023;20;10;0;<FLG>
V6155020;V615502002;QmnJ;1;"2022-03-24 00:00:00";16;7929;20;10;0;<FLG>
V6155020;V615502002;QmnJ;1;"2022-03-25 00:00:00";16;7838;20;10;0;<FLG>
V6155020;V615502002;QmnJ;1;"2022-03-26 00:00:00";16;7755;20;10;0;<FLG>
V6155020;V615502002;QmnJ;1;"2022-03-27 00:00:00";16;7655;20;10;0;<FLG>
V6155020;V615502002;QmnJ;1;"2022-03-28 00:00:00";16;7556;20;10;0;<FLG>
V6155020;V615502002;QmnJ;1;"2022-03-29 00:00:00";16;7498;20;10;0;<FLG>
V6155020;V615502002;QmnJ;1;"2022-03-30 00:00:00";16;7485;20;10;0;<FLG>
V6155020;V615502002;QmnJ;1;"2022-03-31 00:00:00";16;7491;20;10;0;<FLG>
V6155020;V615502002;QmnJ;1;"2022-04-01 00:00:00";16;7458;20;10;0;<FLG>
V6155020;V615502002;QmnJ;1;"2022-04-02 00:00:00";16;7377;20;10;0;<FLG>
V6155020;V615502002;QmnJ;1;"2022-04-03 00:00:00";16;7241;20;10;0;<FLG>
V6155020;V615502002;QmnJ;1;"2022-04-04 00:00:00";16;7087;20;10;0;<FLG>
V6155020;V615502002;QmnJ;1;"2022-04-05 00:00:00";16;6990;20;10;0;<FLG>
V6155020;V615502002;QmnJ;1;"2022-04-06 00:00:00";16;6927;20;10;0;<FLG>
V6155020;V615502002;QmnJ;1;"2022-04-07 00:00:00";16;6864;20;10;0;<FLG>
V6155020;V615502002;QmnJ;1;"2022-04-08 00:00:00";16;6811;20;10;0;<FLG>
V6155020;V615502002;QmnJ;1;"2022-04-09 00:00:00";16;6763;20;10;0;<FLG>
V6155020;V615502002;QmnJ;1;"2022-04-10 00:00:00";16;6716;20;10;0;<FLG>
V6155020;V615502002;QmnJ;1;"2022-04-11 00:00:00";16;6630;20;10;0;<FLG>
V6155020;V615502002;QmnJ;1;"2022-04-12 00:00:00";16;6565;20;10;0;<FLG>
V6155020;V615502002;QmnJ;1;"2022-04-13 00:00:00";16;6508;20;10;0;<FLG>
V6155020;V615502002;QmnJ;1;"2022-04-14 00:00:00";16;6454;20;10;0;<FLG>
V6155020;V615502002;QmnJ;1;"2022-04-15 00:00:00";16;6399;20;10;0;<FLG>
V6155020;V615502002;QmnJ;1;"2022-04-16 00:00:00";16;6358;20;10;0;<FLG>
V6155020;V615502002;QmnJ;1;"2022-04-17 00:00:00";16;6314;20;10;0;<FLG>
V6155020;V615502002;QmnJ;1;"2022-04-18 00:00:00";16;6283;20;10;0;<FLG>
V6155020;V615502002;QmnJ;1;"2022-04-19 00:00:00";16;6253;20;10;0;<FLG>
V6155020;V615502002;QmnJ;1;"2022-04-20 00:00:00";16;6223;20;10;0;<FLG>
V6155020;V615502002;QmnJ;1;"2022-04-21 00:00:00";16;6202;20;10;0;<FLG>
V6155020;V615502002;QmnJ;1;"2022-04-22 00:00:00";16;6480;20;10;0;<FLG>
V6155020;V615502002;QmnJ;1;"2022-04-23 00:00:00";16;7223;20;10;0;<FLG>
V6155020;V615502002;QmnJ;1;"2022-04-24 00:00:00";16;13196;20;10;0;<FLG>
V6155020;V615502002;QmnJ;1;"2022-04-25 00:00:00";16;17546;20;10;0;<FLG>
V6155020;V615502002;QmnJ;1;"2022-04-26 00:00:00";16;18275;20;10;0;<FLG>
V6155020;V615502002;QmnJ;1;"2022-04-27 00:00:00";16;18222;20;10;0;<FLG>
V6155020;V615502002;QmnJ;1;"2022-04-28 00:00:00";16;17562;20;10;0;<FLG>
V6155020;V615502002;QmnJ;1;"2022-04-29 00:00:00";16;16475;20;10;0;<FLG>
V6155020;V615502002;QmnJ;1;"2022-04-30 00:00:00";12;15656;20;10;0;<FLG>
V6155020;V615502002;QmnJ;1;"2022-05-01 00:00:00";12;14965;20;10;0;<FLG>
V6155020;V615502002;QmnJ;1;"2022-05-02 00:00:00";12;14312;20;10;0;<FLG>
V6155020;V615502002;QmnJ;1;"2022-05-03 00:00:00";12;13666;20;10;0;<FLG>
V6155020;V615502002;QmnJ;1;"2022-05-04 00:00:00";12;13090;20;10;0;<FLG>
V6155020;V615502002;QmnJ;1;"2022-05-05 00:00:00";12;12663;20;10;0;<FLG>
V6155020;V615502002;QmnJ;1;"2022-05-06 00:00:00";12;12323;20;10;0;<FLG>
V6155020;V615502002;QmnJ;1;"2022-05-07 00:00:00";12;11963;20;10;0;<FLG>
V6155020;V615502002;QmnJ;1;"2022-05-08 00:00:00";12;11940;20;10;0;<FLG>
V6155020;V615502002;QmnJ;1;"2022-05-09 00:00:00";12;13026;20;10;0;<FLG>
V6155020;V615502002;QmnJ;1;"2022-05-10 00:00:00";12;14448;20;10;0;<FLG>
V6155020;V615502002;QmnJ;1;"2022-05-11 00:00:00";12;14708;20;10;0;<FLG>
V6155020;V615502002;QmnJ;1;"2022-05-12 00:00:00";12;14516;20;10;0;<FLG>
V6155020;V615502002;QmnJ;1;"2022-05-13 00:00:00";12;14116;20;10;0;<FLG>
V6155020;V615502002;QmnJ;1;"2022-05-14 00:00:00";12;13686;20;10;0;<FLG>
V6155020;V615502002;QmnJ;1;"2022-05-15 00:00:00";12;13272;20;10;0;<FLG>
V6155020;V615502002;QmnJ;1;"2022-05-16 00:00:00";12;12860;20;10;0;<FLG>
V6155020;V615502002;QmnJ;1;"2022-05-17 00:00:00";12;12432;20;10;0;<FLG>
V6155020;V615502002;QmnJ;1;"2022-05-18 00:00:00";12;11969;20;10;0;<FLG>
V6155020;V615502002;QmnJ;1;"2022-05-19 00:00:00";12;11545;20;10;0;<FLG>
V6155020;V615502002;QmnJ;1;"2022-05-20 00:00:00";12;11174;20;10;0;<FLG>
V6155020;V615502002;QmnJ;1;"2022-05-21 00:00:00";12;10878;20;10;0;<FLG>
V6155020;V615502002;QmnJ;1;"2022-05-22 00:00:00";12;10641;20;10;0;<FLG>
V6155020;V615502002;QmnJ;1;"2022-05-23 00:00:00";12;10423;20;10;0;<FLG>
V6155020;V615502002;QmnJ;1;"2022-05-24 00:00:00";12;10198;20;10;0;<FLG>
V6155020;V615502002;QmnJ;1;"2022-05-25 00:00:00";12;9935;20;10;0;<FLG>
V6155020;V615502002;QmnJ;1;"2022-05-26 00:00:00";12;9655;20;10;0;<FLG>
V6155020;V615502002;QmnJ;1;"2022-05-27 00:00:00";12;9406;20;10;0;<FLG>
V6155020;V615502002;QmnJ;1;"2022-05-28 00:00:00";12;9204;20;10;0;<FLG>
V6155020;V615502002;QmnJ;1;"2022-05-29 00:00:00";12;9055;20;10;0;<FLG>
V6155020;V615502002;QmnJ;1;"2022-05-30 00:00:00";12;8878;20;10;0;<FLG>
V6155020;V615502002;QmnJ;1;"2022-05-31 00:00:00";12;8660;20;10;0;<FLG>
V6155020;V615502002;QmnJ;1;"2022-06-01 00:00:00";12;8457;20;10;0;<FLG>
V6155020;V615502002;QmnJ;1;"2022-06-02 00:00:00";12;8276;20;10;0;<FLG>
V6155020;V615502002;QmnJ;1;"2022-06-03 00:00:00";12;8120;20;10;0;<FLG>
V6155020;V615502002;QmnJ;1;"2022-06-04 00:00:00";12;7977;20;10;0;<FLG>
V6155020;V615502002;QmnJ;1;"2022-06-05 00:00:00";12;7841;20;10;0;<FLG>
V6155020;V615502002;QmnJ;1;"2022-06-06 00:00:00";12;7713;20;10;0;<FLG>
V6155020;V615502002;QmnJ;1;"2022-06-07 00:00:00";12;7589;20;10;0;<FLG>
V6155020;V615502002;QmnJ;1;"2022-06-08 00:00:00";12;7473;20;10;0;<FLG>
V6155020;V615502002;QmnJ;1;"2022-06-09 00:00:00";12;7354;20;10;0;<FLG>
V6155020;V615502002;QmnJ;1;"2022-06-10 00:00:00";12;7234;20;10;0;<FLG>
V6155020;V615502002;QmnJ;1;"2022-06-11 00:00:00";12;7100;20;10;0;<FLG>
V6155020;V615502002;QmnJ;1;"2022-06-12 00:00:00";12;6981;20;10;0;<FLG>
V6155020;V615502002;QmnJ;1;"2022-06-13 00:00:00";12;6891;20;10;0;<FLG>
V6155020;V615502002;QmnJ;1;"2022-06-14 00:00:00";12;6807;20;10;0;<FLG>
V6155020;V615502002;QmnJ;1;"2022-06-15 00:00:00";12;6721;20;10;0;<FLG>
V6155020;V615502002;QmnJ;1;"2022-06-16 00:00:00";12;6630;20;10;0;<FLG>
V6155020;V615502002;QmnJ;1;"2022-06-17 00:00:00";12;6545;20;10;0;<FLG>
V6155020;V615502002;QmnJ;1;"2022-06-18 00:00:00";12;6467;20;10;0;<FLG>
V6155020;V615502002;QmnJ;1;"2022-06-19 00:00:00";12;6411;20;10;0;<FLG>
V6155020;V615502002;QmnJ;1;"2022-06-20 00:00:00";12;6350;20;10;0;<FLG>
V6155020;V615502002;QmnJ;1;"2022-06-21 00:00:00";12;6286;20;10;0;<FLG>
V6155020;V615502002;QmnJ;1;"2022-06-22 00:00:00";12;6229;20;10;0;<FLG>
V6155020;V615502002;QmnJ;1;"2022-06-23 00:00:00";12;6185;20;10;0;<FLG>
V6155020;V615502002;QmnJ;1;"2022-06-24 00:00:00";12;6128;20;10;0;<FLG>
V6155020;V615502002;QmnJ;1;"2022-06-25 00:00:00";12;6095;20;10;0;<FLG>
V6155020;V615502002;QmnJ;1;"2022-06-26 00:00:00";12;6038;20;10;0;<FLG>
V6155020;V615502002;QmnJ;1;"2022-06-27 00:00:00";12;5964;20;10;0;<FLG>
V6155020;V615502002;QmnJ;1;"2022-06-28 00:00:00";12;5906;20;10;0;<FLG>
V6155020;V615502002;QmnJ;1;"2022-06-29 00:00:00";12;5857;20;10;0;<FLG>
V6155020;V615502002;QmnJ;1;"2022-06-30 00:00:00";12;5805;20;10;0;<FLG>
V6155020;V615502002;QmnJ;1;"2022-07-01 00:00:00";12;5742;20;10;0;<FLG>
V6155020;V615502002;QmnJ;1;"2022-07-02 00:00:00";12;5685;20;10;0;<FLG>
V6155020;V615502002;QmnJ;1;"2022-07-03 00:00:00";12;5629;20;10;0;<FLG>
V6155020;V615502002;QmnJ;1;"2022-07-04 00:00:00";12;5590;20;10;0;<FLG>
V6155020;V615502002;QmnJ;1;"2022-07-05 00:00:00";12;5540;20;10;0;<FLG>
V6155020;V615502002;QmnJ;1;"2022-07-06 00:00:00";12;5493;20;10;0;<FLG>
V6155020;V615502002;QmnJ;1;"2022-07-07 00:00:00";12;5456;20;10;0;<FLG>
V6155020;V615502002;QmnJ;1;"2022-07-08 00:00:00";12;5407;20;10;0;<FLG>
V6155020;V615502002;QmnJ;1;"2022-07-09 00:00:00";12;5367;20;10;0;<FLG>
V6155020;V615502002;QmnJ;1;"2022-07-10 00:00:00";12;5331;20;10;0;<FLG>
V6155020;V615502002;QmnJ;1;"2022-07-11 00:00:00";12;5310;20;10;0;<FLG>
V6155020;V615502002;QmnJ;1;"2022-07-12 00:00:00";12;5256;20;10;0;<FLG>
V6155020;V615502002;QmnJ;1;"2022-07-13 00:00:00";12;5218;20;10;0;<FLG>
V6155020;V615502002;QmnJ;1;"2022-07-14 00:00:00";12;5189;20;10;0;<FLG>
V6155020;V615502002;QmnJ;1;"2022-07-15 00:00:00";12;5166;20;10;0;<FLG>
V6155020;V615502002;QmnJ;1;"2022-07-16 00:00:00";12;5147;20;10;0;<FLG>
V6155020;V615502002;QmnJ;1;"2022-07-17 00:00:00";12;5093;20;10;0;<FLG>
V6155020;V615502002;QmnJ;1;"2022-07-18 00:00:00";12;5068;20;10;0;<FLG>
V6155020;V615502002;QmnJ;1;"2022-07-19 00:00:00";12;5036;20;10;0;<FLG>
V6155020;V615502002;QmnJ;1;"2022-07-20 00:00:00";12;5004;20;10;0;<FLG>
V6155020;V615502002;QmnJ;1;"2022-07-21 00:00:00";12;4994;20;10;0;<FLG>
V6155020;V615502002;QmnJ;1;"2022-07-22 00:00:00";12;4957;20;10;0;<FLG>
V6155020;V615502002;QmnJ;1;"2022-07-23 00:00:00";12;4934;20;10;0;<FLG>
V6155020;V615502002;QmnJ;1;"2022-07-24 00:00:00";12;4908;20;10;0;<FLG>
V6155020;V615502002;QmnJ;1;"2022-07-25 00:00:00";12;4883;20;10;0;<FLG>
V6155020;V615502002;QmnJ;1;"2022-07-26 00:00:00";4;4881;16;8;0;<FLG>
V6155020;V615502002;QmnJ;1;"2022-07-27 00:00:00";4;4849;16;8;0;<FLG>
V6155020;V615502002;QmnJ;1;"2022-07-28 00:00:00";4;4819;16;8;0;<FLG>
V6155020;V615502002;QmnJ;1;"2022-07-29 00:00:00";4;4789;16;8;0;<FLG>
V6155020;V615502002;QmnJ;1;"2022-07-30 00:00:00";4;4754;16;8;0;<FLG>
V6155020;V615502002;QmnJ;1;"2022-07-31 00:00:00";4;4740;16;8;0;<FLG>
V6155020;V615502002;QmnJ;1;"2022-08-01 00:00:00";4;4717;16;8;0;<FLG>
V6155020;V615502002;QmnJ;1;"2022-08-02 00:00:00";4;4685;16;8;0;<FLG>
V6155020;V615502002;QmnJ;1;"2022-08-03 00:00:00";4;4669;16;8;0;<FLG>
V6155020;V615502002;QmnJ;1;"2022-08-04 00:00:00";4;4638;16;8;0;<FLG>
V6155020;V615502002;QmnJ;1;"2022-08-05 00:00:00";4;4620;16;8;0;<FLG>
V6155020;V615502002;QmnJ;1;"2022-08-06 00:00:00";4;4611;16;8;0;<FLG>
V6155020;V615502002;QmnJ;1;"2022-08-07 00:00:00";4;4581;16;8;0;<FLG>
V6155020;V615502002;QmnJ;1;"2022-08-08 00:00:00";4;4566;16;8;0;<FLG>
V6155020;V615502002;QmnJ;1;"2022-08-09 00:00:00";4;4539;16;8;0;<FLG>
V6155020;V615502002;QmnJ;1;"2022-08-10 00:00:00";4;4514;16;8;0;<FLG>
V6155020;V615502002;QmnJ;1;"2022-08-11 00:00:00";4;4510;16;8;0;<FLG>
V6155020;V615502002;QmnJ;1;"2022-08-12 00:00:00";4;4490;16;8;0;<FLG>
V6155020;V615502002;QmnJ;1;"2022-08-13 00:00:00";4;4493;16;8;0;<FLG>
V6155020;V615502002;QmnJ;1;"2022-08-14 00:00:00";4;4476;16;8;0;<FLG>
V6155020;V615502002;QmnJ;1;"2022-08-15 00:00:00";4;4458;16;8;0;<FLG>
V6155020;V615502002;QmnJ;1;"2022-08-16 00:00:00";4;4467;16;8;0;<FLG>
V6155020;V615502002;QmnJ;1;"2022-08-17 00:00:00";4;4435;16;8;0;<FLG>
V6155020;V615502002;QmnJ;1;"2022-08-18 00:00:00";4;4420;16;8;0;<FLG>
V6155020;V615502002;QmnJ;1;"2022-08-19 00:00:00";4;4425;16;8;0;<FLG>
V6155020;V615502002;QmnJ;1;"2022-08-20 00:00:00";4;4410;16;8;0;<FLG>
V6155020;V615502002;QmnJ;1;"2022-08-21 00:00:00";4;4379;16;8;0;<FLG>
V6155020;V615502002;QmnJ;1;"2022-08-22 00:00:00";4;4375;16;8;0;<FLG>
V6155020;V615502002;QmnJ;1;"2022-08-23 00:00:00";4;4373;16;8;0;<FLG>
V6155020;V615502002;QmnJ;1;"2022-08-24 00:00:00";4;4328;16;8;0;<FLG>
V6155020;V615502002;QmnJ;1;"2022-08-25 00:00:00";4;4310;16;8;0;<FLG>
V6155020;V615502002;QmnJ;1;"2022-08-26 00:00:00";4;4326;16;8;0;<FLG>
V6155020;V615502002;QmnJ;1;"2022-08-27 00:00:00";4;4305;16;8;0;<FLG>
V6155020;V615502002;QmnJ;1;"2022-08-28 00:00:00";4;4279;16;8;0;<FLG>
V6155020;V615502002;QmnJ;1;"2022-08-29 00:00:00";4;4285;16;8;0;<FLG>
V6155020;V615502002;QmnJ;1;"2022-08-30 00:00:00";4;4274;16;8;0;<FLG>
V6155020;V615502002;QmnJ;1;"2022-08-31 00:00:00";4;4257;16;8;0;<FLG>
V6155020;V615502002;QmnJ;1;"2022-09-01 00:00:00";4;4282;16;8;0;<FLG>
V6155020;V615502002;QmnJ;1;"2022-09-02 00:00:00";4;4289;16;8;0;<FLG>
V6155020;V615502002;QmnJ;1;"2022-09-03 00:00:00";4;4249;16;8;0;<FLG>
V6155020;V615502002;QmnJ;1;"2022-09-04 00:00:00";4;4275;16;8;0;<FLG>
V6155020;V615502002;QmnJ;1;"2022-09-05 00:00:00";4;4340;16;8;0;<FLG>
V6155020;V615502002;QmnJ;1;"2022-09-06 00:00:00";4;4319;16;8;0;<FLG>
V6155020;V615502002;QmnJ;1;"2022-09-07 00:00:00";4;4296;16;8;0;<FLG>
V6155020;V615502002;QmnJ;1;"2022-09-08 00:00:00";4;4380;16;8;0;<FLG>
V6155020;V615502002;QmnJ;1;"2022-09-09 00:00:00";4;4462;16;8;0;<FLG>
V6155020;V615502002;QmnJ;1;"2022-09-10 00:00:00";4;4406;16;8;0;<FLG>
V6155020;V615502002;QmnJ;1;"2022-09-11 00:00:00";4;4367;16;8;0;<FLG>
V6155020;V615502002;QmnJ;1;"2022-09-12 00:00:00";4;4338;16;8;0;<FLG>
V6155020;V615502002;QmnJ;1;"2022-09-13 00:00:00";4;4278;16;8;0;<FLG>
V6155020;V615502002;QmnJ;1;"2022-09-14 00:00:00";4;4246;16;8;0;<FLG>
V6155020;V615502002;QmnJ;1;"2022-09-15 00:00:00";4;4243;16;8;0;<FLG>
V6155020;V615502002;QmnJ;1;"2022-09-16 00:00:00";4;4213;16;8;0;<FLG>
V6155020;V615502002;QmnJ;1;"2022-09-17 00:00:00";4;4172;16;8;0;<FLG>
V6155020;V615502002;QmnJ;1;"2022-09-18 00:00:00";4;4169;16;8;0;<FLG>
V6155020;V615502002;QmnJ;1;"2022-09-19 00:00:00";4;4158;16;8;0;<FLG>
V6155020;V615502002;QmnJ;1;"2022-09-20 00:00:00";4;4127;16;8;0;<FLG>
V6155020;V615502002;QmnJ;1;"2022-09-21 00:00:00";4;4113;16;8;0;<FLG>
V6155020;V615502002;QmnJ;1;"2022-09-22 00:00:00";4;4119;16;8;0;<FLG>
V6155020;V615502002;QmnJ;1;"2022-09-23 00:00:00";4;4098;16;8;0;<FLG>
V6155020;V615502002;QmnJ;1;"2022-09-24 00:00:00";4;4180;20;8;0;<FLG>
V6155020;V615502002;QmnJ;1;"2022-09-25 00:00:00";4;4478;20;8;0;<FLG>
V6155020;V615502002;QmnJ;1;"2022-09-26 00:00:00";4;4537;20;8;0;<FLG>
V6155020;V615502002;QmnJ;1;"2022-09-27 00:00:00";4;4467;20;8;0;<FLG>
V6155020;V615502002;QmnJ;1;"2022-09-28 00:00:00";4;4432;20;8;0;<FLG>
V6155020;V615502002;QmnJ;1;"2022-09-29 00:00:00";4;4382;20;8;0;<FLG>
V6155020;V615502002;QmnJ;1;"2022-09-30 00:00:00";4;4280;20;8;0;<FLG>
V6155020;V615502002;QmnJ;1;"2022-10-01 00:00:00";4;4207;20;8;0;<FLG>
V6155020;V615502002;QmnJ;1;"2022-10-02 00:00:00";4;4183;20;8;0;<FLG>
V6155020;V615502002;QmnJ;1;"2022-10-03 00:00:00";4;4137;20;8;0;<FLG>
V6155020;V615502002;QmnJ;1;"2022-10-04 00:00:00";4;4115;20;8;0;<FLG>
V6155020;V615502002;QmnJ;1;"2022-10-05 00:00:00";4;4109;20;8;0;<FLG>
V6155020;V615502002;QmnJ;1;"2022-10-06 00:00:00";4;4085;20;8;0;<FLG>
V6155020;V615502002;QmnJ;1;"2022-10-07 00:00:00";4;4072;20;8;0;<FLG>
V6155020;V615502002;QmnJ;1;"2022-10-08 00:00:00";4;4082;20;8;0;<FLG>
V6155020;V615502002;QmnJ;1;"2022-10-09 00:00:00";4;4085;20;8;0;<FLG>
V6155020;V615502002;QmnJ;1;"2022-10-10 00:00:00";4;4057;20;8;0;<FLG>
V6155020;V615502002;QmnJ;1;"2022-10-11 00:00:00";4;4048;20;8;0;<FLG>
V6155020;V615502002;QmnJ;1;"2022-10-12 00:00:00";4;4055;20;8;0;<FLG>
V6155020;V615502002;QmnJ;1;"2022-10-13 00:00:00";4;4035;20;8;0;<FLG>
V6155020;V615502002;QmnJ;1;"2022-10-14 00:00:00";4;4029;20;8;0;<FLG>
V6155020;V615502002;QmnJ;1;"2022-10-15 00:00:00";4;4039;20;8;0;<FLG>
V6155020;V615502002;QmnJ;1;"2022-10-16 00:00:00";4;4024;20;8;0;<FLG>
V6155020;V615502002;QmnJ;1;"2022-10-17 00:00:00";4;3991;20;8;0;<FLG>
V6155020;V615502002;QmnJ;1;"2022-10-18 00:00:00";4;3988;20;8;0;<FLG>
V6155020;V615502002;QmnJ;1;"2022-10-19 00:00:00";4;4006;20;8;0;<FLG>
V6155020;V615502002;QmnJ;1;"2022-10-20 00:00:00";4;3992;20;8;0;<FLG>
V6155020;V615502002;QmnJ;1;"2022-10-21 00:00:00";4;3987;20;8;0;<FLG>
V6155020;V615502002;QmnJ;1;"2022-10-22 00:00:00";4;3993;20;8;0;<FLG>
V6155020;V615502002;QmnJ;1;"2022-10-23 00:00:00";4;3984;20;8;0;<FLG>
V6155020;V615502002;QmnJ;1;"2022-10-24 00:00:00";4;3963;20;8;0;<FLG>
V6155020;V615502002;QmnJ;1;"2022-10-25 00:00:00";4;3961;20;8;0;<FLG>
V6155020;V615502002;QmnJ;1;"2022-10-26 00:00:00";4;3958;20;8;0;<FLG>
V6155020;V615502002;QmnJ;1;"2022-10-27 00:00:00";4;3927;12;8;0;<FLG>
V6155020;V615502002;QmnJ;1;"2022-10-28 00:00:00";4;3920;12;8;0;<FLG>
V6155020;V615502002;QmnJ;1;"2022-10-29 00:00:00";4;3936;12;8;0;<FLG>
V6155020;V615502002;QmnJ;1;"2022-10-30 00:00:00";4;3930;12;8;0;<FLG>
V6155020;V615502002;QmnJ;1;"2022-10-31 00:00:00";4;3919;12;8;0;<FLG>
V6155020;V615502002;QmnJ;1;"2022-11-01 00:00:00";4;4098;12;8;0;<FLG>
V6155020;V615502002;QmnJ;1;"2022-11-02 00:00:00";4;4286;20;8;0;<FLG>
V6155020;V615502002;QmnJ;1;"2022-11-03 00:00:00";4;4691;20;8;0;<FLG>
V6155020;V615502002;QmnJ;1;"2022-11-04 00:00:00";4;7409;20;8;0;<FLG>
V6155020;V615502002;QmnJ;1;"2022-11-05 00:00:00";4;7716;20;8;0;<FLG>
V6155020;V615502002;QmnJ;1;"2022-11-06 00:00:00";4;7170;20;8;0;<FLG>
V6155020;V615502002;QmnJ;1;"2022-11-07 00:00:00";4;6524;20;8;0;<FLG>
V6155020;V615502002;QmnJ;1;"2022-11-08 00:00:00";4;5968;20;8;0;<FLG>
V6155020;V615502002;QmnJ;1;"2022-11-09 00:00:00";4;5634;20;8;0;<FLG>
V6155020;V615502002;QmnJ;1;"2022-11-10 00:00:00";4;7115;20;8;0;<FLG>
V6155020;V615502002;QmnJ;1;"2022-11-11 00:00:00";4;8063;20;8;0;<FLG>
V6155020;V615502002;QmnJ;1;"2022-11-12 00:00:00";4;7747;20;8;0;<FLG>
V6155020;V615502002;QmnJ;1;"2022-11-13 00:00:00";4;7303;20;8;0;<FLG>
V6155020;V615502002;QmnJ;1;"2022-11-14 00:00:00";4;6950;20;8;0;<FLG>
V6155020;V615502002;QmnJ;1;"2022-11-15 00:00:00";4;6998;20;8;0;<FLG>
V6155020;V615502002;QmnJ;1;"2022-11-16 00:00:00";4;7070;20;8;0;<FLG>
V6155020;V615502002;QmnJ;1;"2022-11-17 00:00:00";4;7143;20;8;0;<FLG>
V6155020;V615502002;QmnJ;1;"2022-11-18 00:00:00";4;7184;20;8;0;<FLG>
V6155020;V615502002;QmnJ;1;"2022-11-19 00:00:00";4;6985;20;8;0;<FLG>
V6155020;V615502002;QmnJ;1;"2022-11-20 00:00:00";4;6699;20;8;0;<FLG>
V6155020;V615502002;QmnJ;1;"2022-11-21 00:00:00";4;6471;20;8;0;<FLG>
V6155020;V615502002;QmnJ;1;"2022-11-22 00:00:00";4;6380;20;8;0;<FLG>
V6155020;V615502002;QmnJ;1;"2022-11-23 00:00:00";4;6484;20;8;0;<FLG>
V6155020;V615502002;QmnJ;1;"2022-11-24 00:00:00";4;6470;20;8;0;<FLG>
V6155020;V615502002;QmnJ;1;"2022-11-25 00:00:00";4;6346;20;8;0;<FLG>
V6155020;V615502002;QmnJ;1;"2022-11-26 00:00:00";4;6167;20;8;0;<FLG>
V6155020;V615502002;QmnJ;1;"2022-11-27 00:00:00";4;6004;20;8;0;<FLG>
V6155020;V615502002;QmnJ;1;"2022-11-28 00:00:00";4;5891;20;8;0;<FLG>
V6155020;V615502002;QmnJ;1;"2022-11-29 00:00:00";4;6157;20;8;0;<FLG>
V6155020;V615502002;QmnJ;1;"2022-11-30 00:00:00";4;6609;20;8;0;<FLG>
V6155020;V615502002;QmnJ;1;"2022-12-01 00:00:00";4;6717;20;8;0;<FLG>
V6155020;V615502002;QmnJ;1;"2022-12-02 00:00:00";4;6664;20;8;0;<FLG>
V6155020;V615502002;QmnJ;1;"2022-12-03 00:00:00";4;6580;20;8;0;<FLG>
V6155020;V615502002;QmnJ;1;"2022-12-04 00:00:00";4;10122;20;8;0;<FLG>
V6155020;V615502002;QmnJ;1;"2022-12-05 00:00:00";4;17981;20;8;0;<FLG>
V6155020;V615502002;QmnJ;1;"2022-12-06 00:00:00";4;19146;20;8;0;<FLG>
V6155020;V615502002;QmnJ;1;"2022-12-07 00:00:00";4;18263;20;8;0;<FLG>
V6155020;V615502002;QmnJ;1;"2022-12-08 00:00:00";4;16812;20;8;0;<FLG>
V6155020;V615502002;QmnJ;1;"2022-12-09 00:00:00";4;18736;20;8;0;<FLG>
V6155020;V615502002;QmnJ;1;"2022-12-10 00:00:00";4;31810;20;8;0;<FLG>
V6155020;V615502002;QmnJ;1;"2022-12-11 00:00:00";4;34292;20;8;0;<FLG>
V6155020;V615502002;QmnJ;1;"2022-12-12 00:00:00";4;30876;20;8;0;<FLG>
V6155020;V615502002;QmnJ;1;"2022-12-13 00:00:00";4;27191;20;8;0;<FLG>
V6155020;V615502002;QmnJ;1;"2022-12-14 00:00:00";4;31252;20;8;0;<FLG>
V6155020;V615502002;QmnJ;1;"2022-12-15 00:00:00";4;36235;20;8;0;<FLG>
V6155020;V615502002;QmnJ;1;"2022-12-16 00:00:00";4;58771;20;8;0;<FLG>
V6155020;V615502002;QmnJ;1;"2022-12-17 00:00:00";4;63225;20;8;0;<FLG>
V6155020;V615502002;QmnJ;1;"2022-12-18 00:00:00";4;59105;20;8;0;<FLG>
V6155020;V615502002;QmnJ;1;"2022-12-19 00:00:00";4;53740;20;8;0;<FLG>
V6155020;V615502002;QmnJ;1;"2022-12-20 00:00:00";4;47280;20;8;0;<FLG>
V6155020;V615502002;QmnJ;1;"2022-12-21 00:00:00";4;41645;20;8;0;<FLG>
V6155020;V615502002;QmnJ;1;"2022-12-22 00:00:00";4;36700;20;8;0;<FLG>
V6155020;V615502002;QmnJ;1;"2022-12-23 00:00:00";4;33060;20;8;0;<FLG>
V6155020;V615502002;QmnJ;1;"2022-12-24 00:00:00";4;29953;20;8;0;<FLG>
V6155020;V615502002;QmnJ;1;"2022-12-25 00:00:00";4;27233;20;8;0;<FLG>
V6155020;V615502002;QmnJ;1;"2022-12-26 00:00:00";4;25093;20;8;0;<FLG>
V6155020;V615502002;QmnJ;1;"2022-12-27 00:00:00";4;23277;20;8;0;<FLG>
V6155020;V615502002;QmnJ;1;"2022-12-28 00:00:00";4;22000;20;8;0;<FLG>
V6155020;V615502002;QmnJ;1;"2022-12-29 00:00:00";4;21381;20;8;0;<FLG>
V6155020;V615502002;QmnJ;1;"2022-12-30 00:00:00";4;21006;20;8;0;<FLG>
V6155020;V615502002;QmnJ;1;"2022-12-31 00:00:00";4;20628;20;8;0;<FLG>
V6155020;V615502002;QmnJ;1;"2023-01-01 00:00:00";8;20183;20;8;0;<FLG>
V6155020;V615502002;QmnJ;1;"2023-01-02 00:00:00";8;19717;20;8;0;<FLG>
V6155020;V615502002;QmnJ;1;"2023-01-03 00:00:00";8;19289;20;8;0;<FLG>
V6155020;V615502002;QmnJ;1;"2023-01-04 00:00:00";8;18918;20;8;0;<FLG>
V6155020;V615502002;QmnJ;1;"2023-01-05 00:00:00";8;18573;20;8;0;<FLG>
V6155020;V615502002;QmnJ;1;"2023-01-06 00:00:00";8;18250;20;8;0;<FLG>
V6155020;V615502002;QmnJ;1;"2023-01-07 00:00:00";8;17943;20;8;0;<FLG>
V6155020;V615502002;QmnJ;1;"2023-01-08 00:00:00";8;17677;20;8;0;<FLG>
V6155020;V615502002;QmnJ;1;"2023-01-09 00:00:00";8;17616;20;8;0;<FLG>
V6155020;V615502002;QmnJ;1;"2023-01-10 00:00:00";8;17699;20;8;0;<FLG>
V6155020;V615502002;QmnJ;1;"2023-01-11 00:00:00";8;17607;20;8;0;<FLG>
V6155020;V615502002;QmnJ;1;"2023-01-12 00:00:00";8;17437;20;8;0;<FLG>
V6155020;V615502002;QmnJ;1;"2023-01-13 00:00:00";8;17259;20;8;0;<FLG>
V6155020;V615502002;QmnJ;1;"2023-01-14 00:00:00";8;17081;20;8;0;<FLG>
V6155020;V615502002;QmnJ;1;"2023-01-15 00:00:00";8;16904;20;8;0;<FLG>
V6155020;V615502002;QmnJ;1;"2023-01-16 00:00:00";8;16724;20;8;0;<FLG>
V6155020;V615502002;QmnJ;1;"2023-01-17 00:00:00";8;16578;20;8;0;<FLG>
V6155020;V615502002;QmnJ;1;"2023-01-18 00:00:00";8;16411;20;8;0;<FLG>
V6155020;V615502002;QmnJ;1;"2023-01-19 00:00:00";8;16175;20;8;0;<FLG>
V6155020;V615502002;QmnJ;1;"2023-01-20 00:00:00";8;15918;20;8;0;<FLG>
V6155020;V615502002;QmnJ;1;"2023-01-21 00:00:00";8;15679;20;8;0;<FLG>
V6155020;V615502002;QmnJ;1;"2023-01-22 00:00:00";8;15449;20;8;0;<FLG>
V6155020;V615502002;QmnJ;1;"2023-01-23 00:00:00";8;15227;20;8;0;<FLG>
V6155020;V615502002;QmnJ;1;"2023-01-24 00:00:00";8;14995;20;8;0;<FLG>
V6155020;V615502002;QmnJ;1;"2023-01-25 00:00:00";8;14715;20;8;0;<FLG>
V6155020;V615502002;QmnJ;1;"2023-01-26 00:00:00";8;14477;20;8;0;<FLG>
V6155020;V615502002;QmnJ;1;"2023-01-27 00:00:00";8;14273;20;8;0;<FLG>
V6155020;V615502002;QmnJ;1;"2023-01-28 00:00:00";8;13959;20;8;0;<FLG>
V6155020;V615502002;QmnJ;1;"2023-01-29 00:00:00";8;13725;20;8;0;<FLG>
V6155020;V615502002;QmnJ;1;"2023-01-30 00:00:00";8;13483;20;8;0;<FLG>
V6155020;V615502002;QmnJ;1;"2023-01-31 00:00:00";8;13262;20;8;0;<FLG>
V6155020;V615502002;QmnJ;1;"2023-02-01 00:00:00";8;13031;20;8;0;<FLG>
V6155020;V615502002;QmnJ;1;"2023-02-02 00:00:00";8;12793;20;8;0;<FLG>
V6155020;V615502002;QmnJ;1;"2023-02-03 00:00:00";8;12576;20;8;0;<FLG>
V6155020;V615502002;QmnJ;1;"2023-02-04 00:00:00";8;12392;20;8;0;<FLG>
V6155020;V615502002;QmnJ;1;"2023-02-05 00:00:00";8;12113;20;8;0;<FLG>
V6155020;V615502002;QmnJ;1;"2023-02-06 00:00:00";8;11942;20;8;0;<FLG>
V6155020;V615502002;QmnJ;1;"2023-02-07 00:00:00";8;11754;20;8;0;<FLG>
V6155020;V615502002;QmnJ;1;"2023-02-08 00:00:00";8;11569;20;8;0;<FLG>
V6155020;V615502002;QmnJ;1;"2023-02-09 00:00:00";8;11384;20;8;0;<FLG>
V6155020;V615502002;QmnJ;1;"2023-02-10 00:00:00";8;11174;20;8;0;<FLG>
V6155020;V615502002;QmnJ;1;"2023-02-11 00:00:00";8;10992;20;8;0;<FLG>
V6155020;V615502002;QmnJ;1;"2023-02-12 00:00:00";8;10846;20;8;0;<FLG>
V6155020;V615502002;QmnJ;1;"2023-02-13 00:00:00";4;10626;20;8;0;<FLG>
V6155020;V615502002;QmnJ;1;"2023-02-14 00:00:00";4;10466;20;8;0;<FLG>
V6155020;V615502002;QmnJ;1;"2023-02-15 00:00:00";4;10342;20;8;0;<FLG>
V6155020;V615502002;QmnJ;1;"2023-02-16 00:00:00";4;10220;20;8;0;<FLG>
V6155020;V615502002;QmnJ;1;"2023-02-17 00:00:00";4;10095;20;8;0;<FLG>
V6155020;V615502002;QmnJ;1;"2023-02-18 00:00:00";4;9970;20;8;0;<FLG>
V6155020;V615502002;QmnJ;1;"2023-02-19 00:00:00";4;9851;20;8;0;<FLG>
V6155020;V615502002;QmnJ;1;"2023-02-20 00:00:00";4;9728;20;8;0;<FLG>
V6155020;V615502002;QmnJ;1;"2023-02-21 00:00:00";4;9622;20;8;0;<FLG>
V6155020;V615502002;QmnJ;1;"2023-02-22 00:00:00";4;9529;20;8;0;<FLG>
V6155020;V615502002;QmnJ;1;"2023-02-23 00:00:00";4;9449;20;8;0;<FLG>
V6155020;V615502002;QmnJ;1;"2023-02-24 00:00:00";4;9370;20;8;0;<FLG>
V6155020;V615502002;QmnJ;1;"2023-02-25 00:00:00";4;9307;20;8;0;<FLG>
V6155020;V615502002;QmnJ;1;"2023-02-26 00:00:00";4;9241;20;8;0;<FLG>
V6155020;V615502002;QmnJ;1;"2023-02-27 00:00:00";4;9132;20;8;0;<FLG>
V6155020;V615502002;QmnJ;1;"2023-02-28 00:00:00";4;8988;20;8;0;<FLG>
V6155020;V615502002;QmnJ;1;"2023-03-01 00:00:00";4;8863;20;8;0;<FLG>
V6155020;V615502002;QmnJ;1;"2023-03-02 00:00:00";4;8746;20;8;0;<FLG>
V6155020;V615502002;QmnJ;1;"2023-03-03 00:00:00";4;8642;20;8;0;<FLG>
V6155020;V615502002;QmnJ;1;"2023-03-04 00:00:00";4;8533;20;8;0;<FLG>
V6155020;V615502002;QmnJ;1;"2023-03-05 00:00:00";4;8450;20;8;0;<FLG>
V6155020;V615502002;QmnJ;1;"2023-03-06 00:00:00";4;8389;20;8;0;<FLG>
V6155020;V615502002;QmnJ;1;"2023-03-07 00:00:00";4;8327;20;8;0;<FLG>
V6155020;V615502002;QmnJ;1;"2023-03-08 00:00:00";4;8255;20;8;0;<FLG>
V6155020;V615502002;QmnJ;1;"2023-03-09 00:00:00";4;8175;20;8;0;<FLG>
V6155020;V615502002;QmnJ;1;"2023-03-10 00:00:00";4;8114;20;8;0;<FLG>
V6155020;V615502002;QmnJ;1;"2023-03-11 00:00:00";4;8096;20;8;0;<FLG>
V6155020;V615502002;QmnJ;1;"2023-03-12 00:00:00";4;8166;20;8;0;<FLG>
V6155020;V615502002;QmnJ;1;"2023-03-13 00:00:00";4;8273;20;8;0;<FLG>
V6155020;V615502002;QmnJ;1;"2023-03-14 00:00:00";4;8424;20;8;0;<FLG>
V6155020;V615502002;QmnJ;1;"2023-03-15 00:00:00";4;9049;20;8;0;<FLG>
V6155020;V615502002;QmnJ;1;"2023-03-16 00:00:00";4;9370;20;8;0;<FLG>
V6155020;V615502002;QmnJ;1;"2023-03-17 00:00:00";4;9351;20;8;0;<FLG>
V6155020;V615502002;QmnJ;1;"2023-03-18 00:00:00";4;9187;20;8;0;<FLG>
V6155020;V615502002;QmnJ;1;"2023-03-19 00:00:00";4;9031;20;8;0;<FLG>
V6155020;V615502002;QmnJ;1;"2023-03-20 00:00:00";4;8894;20;8;0;<FLG>
V6155020;V615502002;QmnJ;1;"2023-03-21 00:00:00";4;8769;20;8;0;<FLG>
V6155020;V615502002;QmnJ;1;"2023-03-22 00:00:00";4;8653;20;8;0;<FLG>
V6155020;V615502002;QmnJ;1;"2023-03-23 00:00:00";4;8534;20;8;0;<FLG>
V6155020;V615502002;QmnJ;1;"2023-03-24 00:00:00";4;8422;20;8;0;<FLG>
V6155020;V615502002;QmnJ;1;"2023-03-25 00:00:00";4;8304;20;8;0;<FLG>
V6155020;V615502002;QmnJ;1;"2023-03-26 00:00:00";4;8228;20;8;0;<FLG>
V6155020;V615502002;QmnJ;1;"2023-03-27 00:00:00";4;8129;20;8;0;<FLG>
V6155020;V615502002;QmnJ;1;"2023-03-28 00:00:00";4;8026;20;8;0;<FLG>
V6155020;V615502002;QmnJ;1;"2023-03-29 00:00:00";4;7913;20;8;0;<FLG>
V6155020;V615502002;QmnJ;1;"2023-03-30 00:00:00";4;7824;20;8;0;<FLG>
V6155020;V615502002;QmnJ;1;"2023-03-31 00:00:00";4;7766;20;8;0;<FLG>
V6155020;V615502002;QmnJ;1;"2023-04-01 00:00:00";4;7715;20;8;0;<FLG>
V6155020;V615502002;QmnJ;1;"2023-04-02 00:00:00";4;7645;20;8;0;<FLG>
V6155020;V615502002;QmnJ;1;"2023-04-03 00:00:00";4;7558;20;8;0;<FLG>
V6155020;V615502002;QmnJ;1;"2023-04-04 00:00:00";4;7461;20;8;0;<FLG>
V6155020;V615502002;QmnJ;1;"2023-04-05 00:00:00";4;7370;20;8;0;<FLG>
V6155020;V615502002;QmnJ;1;"2023-04-06 00:00:00";4;7287;20;8;0;<FLG>
V6155020;V615502002;QmnJ;1;"2023-04-07 00:00:00";4;7204;20;8;0;<FLG>
V6155020;V615502002;QmnJ;1;"2023-04-08 00:00:00";4;7128;20;8;0;<FLG>
V6155020;V615502002;QmnJ;1;"2023-04-09 00:00:00";4;7047;20;8;0;<FLG>
V6155020;V615502002;QmnJ;1;"2023-04-10 00:00:00";4;6959;20;8;0;<FLG>
V6155020;V615502002;QmnJ;1;"2023-04-11 00:00:00";4;6907;20;8;0;<FLG>
V6155020;V615502002;QmnJ;1;"2023-04-12 00:00:00";4;6876;20;8;0;<FLG>
V6155020;V615502002;QmnJ;1;"2023-04-13 00:00:00";4;6834;20;8;0;<FLG>
V6155020;V615502002;QmnJ;1;"2023-04-14 00:00:00";4;6799;20;8;0;<FLG>
V6155020;V615502002;QmnJ;1;"2023-04-15 00:00:00";4;6739;20;8;0;<FLG>
V6155020;V615502002;QmnJ;1;"2023-04-16 00:00:00";4;6680;20;8;0;<FLG>
V6155020;V615502002;QmnJ;1;"2023-04-17 00:00:00";4;6616;20;8;0;<FLG>
V6155020;V615502002;QmnJ;1;"2023-04-18 00:00:00";4;6545;20;8;0;<FLG>
V6155020;V615502002;QmnJ;1;"2023-04-19 00:00:00";4;6500;20;8;0;<FLG>
V6155020;V615502002;QmnJ;1;"2023-04-20 00:00:00";4;6482;20;8;0;<FLG>
V6155020;V615502002;QmnJ;1;"2023-04-21 00:00:00";4;6446;20;8;0;<FLG>
V6155020;V615502002;QmnJ;1;"2023-04-22 00:00:00";4;6393;20;8;0;<FLG>
V6155020;V615502002;QmnJ;1;"2023-04-23 00:00:00";4;6347;20;8;0;<FLG>
V6155020;V615502002;QmnJ;1;"2023-04-24 00:00:00";4;6355;20;8;0;<FLG>
V6155020;V615502002;QmnJ;1;"2023-04-25 00:00:00";4;6343;20;8;0;<FLG>
V6155020;V615502002;QmnJ;1;"2023-04-26 00:00:00";4;6293;20;8;0;<FLG>
V6155020;V615502002;QmnJ;1;"2023-04-27 00:00:00";4;6238;20;8;0;<FLG>
V6155020;V615502002;QmnJ;1;"2023-04-28 00:00:00";4;6181;20;8;0;<FLG>
V6155020;V615502002;QmnJ;1;"2023-04-29 00:00:00";4;6154;20;8;0;<FLG>
V6155020;V615502002;QmnJ;1;"2023-04-30 00:00:00";4;6128;20;8;0;<FLG>
V6155020;V615502002;QmnJ;1;"2023-05-01 00:00:00";4;6236;20;8;0;<FLG>
V6155020;V615502002;QmnJ;1;"2023-05-02 00:00:00";4;6361;20;8;0;<FLG>
V6155020;V615502002;QmnJ;1;"2023-05-03 00:00:00";4;6329;20;8;0;<FLG>
V6155020;V615502002;QmnJ;1;"2023-05-04 00:00:00";4;6259;20;8;0;<FLG>
V6155020;V615502002;QmnJ;1;"2023-05-05 00:00:00";4;6199;20;8;0;<FLG>
V6155020;V615502002;QmnJ;1;"2023-05-06 00:00:00";4;6153;20;8;0;<FLG>
V6155020;V615502002;QmnJ;1;"2023-05-07 00:00:00";4;6104;20;8;0;<FLG>
V6155020;V615502002;QmnJ;1;"2023-05-08 00:00:00";4;6051;20;8;0;<FLG>
V6155020;V615502002;QmnJ;1;"2023-05-09 00:00:00";4;6002;20;8;0;<FLG>
V6155020;V615502002;QmnJ;1;"2023-05-10 00:00:00";4;5962;20;8;0;<FLG>
V6155020;V615502002;QmnJ;1;"2023-05-11 00:00:00";4;5943;20;8;0;<FLG>
V6155020;V615502002;QmnJ;1;"2023-05-12 00:00:00";4;5902;20;8;0;<FLG>
V6155020;V615502002;QmnJ;1;"2023-05-13 00:00:00";4;5856;20;8;0;<FLG>
V6155020;V615502002;QmnJ;1;"2023-05-14 00:00:00";4;5847;20;8;0;<FLG>
V6155020;V615502002;QmnJ;1;"2023-05-15 00:00:00";4;5854;20;8;0;<FLG>
V6155020;V615502002;QmnJ;1;"2023-05-16 00:00:00";4;5836;20;8;0;<FLG>
V6155020;V615502002;QmnJ;1;"2023-05-17 00:00:00";4;5784;20;8;0;<FLG>
V6155020;V615502002;QmnJ;1;"2023-05-18 00:00:00";4;5712;20;8;0;<FLG>
V6155020;V615502002;QmnJ;1;"2023-05-19 00:00:00";4;5916;20;8;0;<FLG>
V6155020;V615502002;QmnJ;1;"2023-05-20 00:00:00";4;6523;20;8;0;<FLG>
V6155020;V615502002;QmnJ;1;"2023-05-21 00:00:00";4;6978;20;8;0;<FLG>
V6155020;V615502002;QmnJ;1;"2023-05-22 00:00:00";4;7152;20;8;0;<FLG>
V6155020;V615502002;QmnJ;1;"2023-05-23 00:00:00";4;7289;20;8;0;<FLG>
V6155020;V615502002;QmnJ;1;"2023-05-24 00:00:00";4;7691;20;8;0;<FLG>
V6155020;V615502002;QmnJ;1;"2023-05-25 00:00:00";4;9434;20;8;0;<FLG>
V6155020;V615502002;QmnJ;1;"2023-05-26 00:00:00";4;13111;20;8;0;<FLG>
V6155020;V615502002;QmnJ;1;"2023-05-27 00:00:00";4;14286;20;8;0;<FLG>
V6155020;V615502002;QmnJ;1;"2023-05-28 00:00:00";4;13931;20;8;0;<FLG>
V6155020;V615502002;QmnJ;1;"2023-05-29 00:00:00";4;13906;20;8;0;<FLG>
V6155020;V615502002;QmnJ;1;"2023-05-30 00:00:00";4;14665;20;8;0;<FLG>
V6155020;V615502002;QmnJ;1;"2023-05-31 00:00:00";4;14612;20;8;0;<FLG>
V6155020;V615502002;QmnJ;1;"2023-06-01 00:00:00";4;14495;20;8;0;<FLG>
V6155020;V615502002;QmnJ;1;"2023-06-02 00:00:00";4;14249;20;8;0;<FLG>
V6155020;V615502002;QmnJ;1;"2023-06-03 00:00:00";4;14363;20;8;0;<FLG>
V6155020;V615502002;QmnJ;1;"2023-06-04 00:00:00";4;14996;20;8;0;<FLG>
V6155020;V615502002;QmnJ;1;"2023-06-05 00:00:00";4;16087;20;8;0;<FLG>
V6155020;V615502002;QmnJ;1;"2023-06-06 00:00:00";4;18401;20;8;0;<FLG>
V6155020;V615502002;QmnJ;1;"2023-06-07 00:00:00";4;20217;20;8;0;<FLG>
V6155020;V615502002;QmnJ;1;"2023-06-08 00:00:00";4;20713;20;8;0;<FLG>
V6155020;V615502002;QmnJ;1;"2023-06-09 00:00:00";4;20226;20;8;0;<FLG>
V6155020;V615502002;QmnJ;1;"2023-06-10 00:00:00";4;19367;20;8;0;<FLG>
V6155020;V615502002;QmnJ;1;"2023-06-11 00:00:00";4;18658;20;8;0;<FLG>
V6155020;V615502002;QmnJ;1;"2023-06-12 00:00:00";4;18166;20;8;0;<FLG>
V6155020;V615502002;QmnJ;1;"2023-06-13 00:00:00";4;19333;20;8;0;<FLG>
V6155020;V615502002;QmnJ;1;"2023-06-14 00:00:00";4;24222;20;8;0;<FLG>
V6155020;V615502002;QmnJ;1;"2023-06-15 00:00:00";4;30239;20;8;0;<FLG>
V6155020;V615502002;QmnJ;1;"2023-06-16 00:00:00";4;29329;20;8;0;<FLG>
V6155020;V615502002;QmnJ;1;"2023-06-17 00:00:00";4;26531;20;8;0;<FLG>
V6155020;V615502002;QmnJ;1;"2023-06-18 00:00:00";4;23475;20;8;0;<FLG>
V6155020;V615502002;QmnJ;1;"2023-06-19 00:00:00";4;21426;20;8;0;<FLG>
V6155020;V615502002;QmnJ;1;"2023-06-20 00:00:00";4;20675;20;8;0;<FLG>
V6155020;V615502002;QmnJ;1;"2023-06-21 00:00:00";4;19909;20;8;0;<FLG>
V6155020;V615502002;QmnJ;1;"2023-06-22 00:00:00";4;19272;20;8;0;<FLG>
V6155020;V615502002;QmnJ;1;"2023-06-23 00:00:00";4;18752;20;8;0;<FLG>
V6155020;V615502002;QmnJ;1;"2023-06-24 00:00:00";4;18255;20;8;0;<FLG>
V6155020;V615502002;QmnJ;1;"2023-06-25 00:00:00";4;17788;20;8;0;<FLG>
V6155020;V615502002;QmnJ;1;"2023-06-26 00:00:00";4;17360;20;8;0;<FLG>
V6155020;V615502002;QmnJ;1;"2023-06-27 00:00:00";4;16898;20;8;0;<FLG>
V6155020;V615502002;QmnJ;1;"2023-06-28 00:00:00";4;16457;20;8;0;<FLG>
V6155020;V615502002;QmnJ;1;"2023-06-29 00:00:00";4;16037;20;8;0;<FLG>
V6155020;V615502002;QmnJ;1;"2023-06-30 00:00:00";4;15670;20;8;0;<FLG>
V6155020;V615502002;QmnJ;1;"2023-07-01 00:00:00";4;15369;20;8;0;<FLG>
V6155020;V615502002;QmnJ;1;"2023-07-02 00:00:00";4;15079;20;8;0;<FLG>
V6155020;V615502002;QmnJ;1;"2023-07-03 00:00:00";4;14716;20;8;0;<FLG>
V6155020;V615502002;QmnJ;1;"2023-07-04 00:00:00";4;14329;20;8;0;<FLG>
V6155020;V615502002;QmnJ;1;"2023-07-05 00:00:00";4;13945;20;8;0;<FLG>
V6155020;V615502002;QmnJ;1;"2023-07-06 00:00:00";4;13597;20;8;0;<FLG>
V6155020;V615502002;QmnJ;1;"2023-07-07 00:00:00";4;13262;20;8;0;<FLG>
V6155020;V615502002;QmnJ;1;"2023-07-08 00:00:00";4;12938;20;8;0;<FLG>
V6155020;V615502002;QmnJ;1;"2023-07-09 00:00:00";4;12559;20;8;0;<FLG>
V6155020;V615502002;QmnJ;1;"2023-07-10 00:00:00";4;12283;20;8;0;<FLG>
V6155020;V615502002;QmnJ;1;"2023-07-11 00:00:00";4;11935;20;8;0;<FLG>
V6155020;V615502002;QmnJ;1;"2023-07-12 00:00:00";4;11658;20;8;0;<FLG>
V6155020;V615502002;QmnJ;1;"2023-07-13 00:00:00";4;11493;20;8;0;<FLG>
V6155020;V615502002;QmnJ;1;"2023-07-14 00:00:00";4;11291;20;8;0;<FLG>
V6155020;V615502002;QmnJ;1;"2023-07-15 00:00:00";4;11038;20;8;0;<FLG>
V6155020;V615502002;QmnJ;1;"2023-07-16 00:00:00";4;10826;20;8;0;<FLG>
V6155020;V615502002;QmnJ;1;"2023-07-17 00:00:00";4;10579;20;8;0;<FLG>
V6155020;V615502002;QmnJ;1;"2023-07-18 00:00:00";4;10352;20;8;0;<FLG>
V6155020;V615502002;QmnJ;1;"2023-07-19 00:00:00";4;10130;20;8;0;<FLG>
V6155020;V615502002;QmnJ;1;"2023-07-20 00:00:00";4;9917;20;8;0;<FLG>
V6155020;V615502002;QmnJ;1;"2023-07-21 00:00:00";4;9731;20;8;0;<FLG>
V6155020;V615502002;QmnJ;1;"2023-07-22 00:00:00";4;9533;20;8;0;<FLG>
V6155020;V615502002;QmnJ;1;"2023-07-23 00:00:00";4;9358;20;8;0;<FLG>
V6155020;V615502002;QmnJ;1;"2023-07-24 00:00:00";4;9200;20;8;0;<FLG>
V6155020;V615502002;QmnJ;1;"2023-07-25 00:00:00";4;9054;20;8;0;<FLG>
V6155020;V615502002;QmnJ;1;"2023-07-26 00:00:00";4;8893;20;8;0;<FLG>
V6155020;V615502002;QmnJ;1;"2023-07-27 00:00:00";8;8752;20;8;0;<FLG>
V6155020;V615502002;QmnJ;1;"2023-07-28 00:00:00";8;8613;20;8;0;<FLG>
V6155020;V615502002;QmnJ;1;"2023-07-29 00:00:00";8;8488;20;8;0;<FLG>
V6155020;V615502002;QmnJ;1;"2023-07-30 00:00:00";8;8353;20;8;0;<FLG>
V6155020;V615502002;QmnJ;1;"2023-07-31 00:00:00";8;8238;20;8;0;<FLG>
V6155020;V615502002;QmnJ;1;"2023-08-01 00:00:00";8;8154;20;8;0;<FLG>
V6155020;V615502002;QmnJ;1;"2023-08-02 00:00:00";8;8049;20;8;0;<FLG>
V6155020;V615502002;QmnJ;1;"2023-08-03 00:00:00";8;7938;20;8;0;<FLG>
V6155020;V615502002;QmnJ;1;"2023-08-04 00:00:00";8;7831;20;8;0;<FLG>
V6155020;V615502002;QmnJ;1;"2023-08-05 00:00:00";8;7738;20;8;0;<FLG>
V6155020;V615502002;QmnJ;1;"2023-08-06 00:00:00";8;7621;20;8;0;<FLG>
V6155020;V615502002;QmnJ;1;"2023-08-07 00:00:00";8;7502;20;8;0;<FLG>
V6155020;V615502002;QmnJ;1;"2023-08-08 00:00:00";8;7400;20;8;0;<FLG>
V6155020;V615502002;QmnJ;1;"2023-08-09 00:00:00";8;7293;20;8;0;<FLG>
V6155020;V615502002;QmnJ;1;"2023-08-10 00:00:00";8;7192;20;8;0;<FLG>
V6155020;V615502002;QmnJ;1;"2023-08-11 00:00:00";8;7094;20;8;0;<FLG>
V6155020;V615502002;QmnJ;1;"2023-08-12 00:00:00";8;7001;20;8;0;<FLG>
V6155020;V615502002;QmnJ;1;"2023-08-13 00:00:00";8;6927;20;8;0;<FLG>
V6155020;V615502002;QmnJ;1;"2023-08-14 00:00:00";8;6848;20;8;0;<FLG>
V6155020;V615502002;QmnJ;1;"2023-08-15 00:00:00";8;6785;20;8;0;<FLG>
V6155020;V615502002;QmnJ;1;"2023-08-16 00:00:00";8;6703;20;8;0;<FLG>
V6155020;V615502002;QmnJ;1;"2023-08-17 00:00:00";8;6644;20;8;0;<FLG>
V6155020;V615502002;QmnJ;1;"2023-08-18 00:00:00";8;6579;20;8;0;<FLG>
V6155020;V615502002;QmnJ;1;"2023-08-19 00:00:00";8;6502;20;8;0;<FLG>
V6155020;V615502002;QmnJ;1;"2023-08-20 00:00:00";8;6441;20;8;0;<FLG>
V6155020;V615502002;QmnJ;1;"2023-08-21 00:00:00";8;6362;20;8;0;<FLG>
V6155020;V615502002;QmnJ;1;"2023-08-22 00:00:00";8;6316;20;8;0;<FLG>
V6155020;V615502002;QmnJ;1;"2023-08-23 00:00:00";8;6263;20;8;0;<FLG>
V6155020;V615502002;QmnJ;1;"2023-08-24 00:00:00";4;6200;20;8;0;<FLG>
V6155020;V615502002;QmnJ;1;"2023-08-25 00:00:00";4;6161;20;8;0;<FLG>
V6155020;V615502002;QmnJ;1;"2023-08-26 00:00:00";4;6105;20;8;0;<FLG>
V6155020;V615502002;QmnJ;1;"2023-08-27 00:00:00";4;6116;20;8;0;<FLG>
V6155020;V615502002;QmnJ;1;"2023-08-28 00:00:00";4;6141;20;8;0;<FLG>
V6155020;V615502002;QmnJ;1;"2023-08-29 00:00:00";4;6154;20;8;0;<FLG>
V6155020;V615502002;QmnJ;1;"2023-08-30 00:00:00";4;6111;20;8;0;<FLG>
V6155020;V615502002;QmnJ;1;"2023-08-31 00:00:00";4;6001;20;8;0;<FLG>
V6155020;V615502002;QmnJ;1;"2023-09-01 00:00:00";4;5922;20;8;0;<FLG>
V6155020;V615502002;QmnJ;1;"2023-09-02 00:00:00";4;5837;20;8;0;<FLG>
V6155020;V615502002;QmnJ;1;"2023-09-03 00:00:00";4;5774;20;8;0;<FLG>
V6155020;V615502002;QmnJ;1;"2023-09-04 00:00:00";4;5732;20;8;0;<FLG>
V6155020;V615502002;QmnJ;1;"2023-09-05 00:00:00";4;5675;20;8;0;<FLG>
V6155020;V615502002;QmnJ;1;"2023-09-06 00:00:00";4;5638;20;8;0;<FLG>
V6155020;V615502002;QmnJ;1;"2023-09-07 00:00:00";4;5600;20;8;0;<FLG>
V6155020;V615502002;QmnJ;1;"2023-09-08 00:00:00";4;5548;20;8;0;<FLG>
V6155020;V615502002;QmnJ;1;"2023-09-09 00:00:00";4;5521;20;8;0;<FLG>
V6155020;V615502002;QmnJ;1;"2023-09-10 00:00:00";4;5473;20;8;0;<FLG>
V6155020;V615502002;QmnJ;1;"2023-09-11 00:00:00";4;5436;20;8;0;<FLG>
V6155020;V615502002;QmnJ;1;"2023-09-12 00:00:00";4;5409;20;8;0;<FLG>
V6155020;V615502002;QmnJ;1;"2023-09-13 00:00:00";4;5361;20;8;0;<FLG>
V6155020;V615502002;QmnJ;1;"2023-09-14 00:00:00";4;5356;20;8;0;<FLG>
V6155020;V615502002;QmnJ;1;"2023-09-15 00:00:00";4;5323;20;8;0;<FLG>
V6155020;V615502002;QmnJ;1;"2023-09-16 00:00:00";4;5281;20;8;0;<FLG>
V6155020;V615502002;QmnJ;1;"2023-09-17 00:00:00";4;5271;20;8;0;<FLG>
V6155020;V615502002;QmnJ;1;"2023-09-18 00:00:00";4;5229;20;8;0;<FLG>
V6155020;V615502002;QmnJ;1;"2023-09-19 00:00:00";4;5279;20;8;0;<FLG>
V6155020;V615502002;QmnJ;1;"2023-09-20 00:00:00";4;5312;20;8;0;<FLG>
V6155020;V615502002;QmnJ;1;"2023-09-21 00:00:00";4;5417;20;8;0;<FLG>
V6155020;V615502002;QmnJ;1;"2023-09-22 00:00:00";4;5969;20;8;0;<FLG>
V6155020;V615502002;QmnJ;1;"2023-09-23 00:00:00";4;6338;20;8;0;<FLG>
V6155020;V615502002;QmnJ;1;"2023-09-24 00:00:00";4;6117;20;8;0;<FLG>
V6155020;V615502002;QmnJ;1;"2023-09-25 00:00:00";4;5790;20;8;0;<FLG>
V6155020;V615502002;QmnJ;1;"2023-09-26 00:00:00";4;5554;20;8;0;<FLG>
V6155020;V615502002;QmnJ;1;"2023-09-27 00:00:00";4;5421;20;8;0;<FLG>
V6155020;V615502002;QmnJ;1;"2023-09-28 00:00:00";4;5302;20;8;0;<FLG>
V6155020;V615502002;QmnJ;1;"2023-09-29 00:00:00";4;5235;20;8;0;<FLG>
V6155020;V615502002;QmnJ;1;"2023-09-30 00:00:00";4;5146;20;8;0;<FLG>
V6155020;V615502002;QmnJ;1;"2023-10-01 00:00:00";4;5083;20;8;0;<FLG>
V6155020;V615502002;QmnJ;1;"2023-10-02 00:00:00";4;5042;20;8;0;<FLG>
V6155020;V615502002;QmnJ;1;"2023-10-03 00:00:00";4;4970;20;8;0;<FLG>
V6155020;V615502002;QmnJ;1;"2023-10-04 00:00:00";4;4926;20;8;0;<FLG>
V6155020;V615502002;QmnJ;1;"2023-10-05 00:00:00";4;4913;20;8;0;<FLG>
V6155020;V615502002;QmnJ;1;"2023-10-06 00:00:00";4;4859;20;8;0;<FLG>
V6155020;V615502002;QmnJ;1;"2023-10-07 00:00:00";4;4815;20;8;0;<FLG>
V6155020;V615502002;QmnJ;1;"2023-10-08 00:00:00";4;4801;20;8;0;<FLG>
V6155020;V615502002;QmnJ;1;"2023-10-09 00:00:00";4;4771;20;8;0;<FLG>
V6155020;V615502002;QmnJ;1;"2023-10-10 00:00:00";4;4725;20;8;0;<FLG>
V6155020;V615502002;QmnJ;1;"2023-10-11 00:00:00";4;4701;20;8;0;<FLG>
V6155020;V615502002;QmnJ;1;"2023-10-12 00:00:00";4;4700;20;8;0;<FLG>
V6155020;V615502002;QmnJ;1;"2023-10-13 00:00:00";4;4653;20;8;0;<FLG>
V6155020;V615502002;QmnJ;1;"2023-10-14 00:00:00";4;4630;20;8;0;<FLG>
V6155020;V615502002;QmnJ;1;"2023-10-15 00:00:00";4;4638;20;8;0;<FLG>
V6155020;V615502002;QmnJ;1;"2023-10-16 00:00:00";4;4610;20;8;0;<FLG>
V6155020;V615502002;QmnJ;1;"2023-10-17 00:00:00";4;4575;20;8;0;<FLG>
V6155020;V615502002;QmnJ;1;"2023-10-18 00:00:00";4;4586;20;8;0;<FLG>
V6155020;V615502002;QmnJ;1;"2023-10-19 00:00:00";4;4616;20;8;0;<FLG>
V6155020;V615502002;QmnJ;1;"2023-10-20 00:00:00";4;5348;20;8;0;<FLG>
V6155020;V615502002;QmnJ;1;"2023-10-21 00:00:00";4;7833;20;8;0;<FLG>
V6155020;V615502002;QmnJ;1;"2023-10-22 00:00:00";4;7677;20;8;0;<FLG>
V6155020;V615502002;QmnJ;1;"2023-10-23 00:00:00";4;7059;20;8;0;<FLG>
V6155020;V615502002;QmnJ;1;"2023-10-24 00:00:00";4;6713;20;8;0;<FLG>
V6155020;V615502002;QmnJ;1;"2023-10-25 00:00:00";4;8068;20;8;0;<FLG>
V6155020;V615502002;QmnJ;1;"2023-10-26 00:00:00";4;8724;20;8;0;<FLG>
V6155020;V615502002;QmnJ;1;"2023-10-27 00:00:00";4;8449;20;8;0;<FLG>
V6155020;V615502002;QmnJ;1;"2023-10-28 00:00:00";4;8392;20;8;0;<FLG>
V6155020;V615502002;QmnJ;1;"2023-10-29 00:00:00";4;8170;20;8;0;<FLG>
V6155020;V615502002;QmnJ;1;"2023-10-30 00:00:00";4;7873;20;8;0;<FLG>
V6155020;V615502002;QmnJ;1;"2023-10-31 00:00:00";4;10718;20;8;0;<FLG>
V6155020;V615502002;QmnJ;1;"2023-11-01 00:00:00";4;12888;20;8;0;<FLG>
V6155020;V615502002;QmnJ;1;"2023-11-02 00:00:00";4;12659;20;8;0;<FLG>
V6155020;V615502002;QmnJ;1;"2023-11-03 00:00:00";4;13801;20;8;0;<FLG>
V6155020;V615502002;QmnJ;1;"2023-11-04 00:00:00";4;15354;20;8;0;<FLG>
V6155020;V615502002;QmnJ;1;"2023-11-05 00:00:00";4;16107;20;8;0;<FLG>
V6155020;V615502002;QmnJ;1;"2023-11-06 00:00:00";4;17188;20;8;0;<FLG>
V6155020;V615502002;QmnJ;1;"2023-11-07 00:00:00";4;16764;20;8;0;<FLG>
V6155020;V615502002;QmnJ;1;"2023-11-08 00:00:00";4;16245;20;8;0;<FLG>
V6155020;V615502002;QmnJ;1;"2023-11-09 00:00:00";4;15727;20;8;0;<FLG>
V6155020;V615502002;QmnJ;1;"2023-11-10 00:00:00";4;15571;20;8;0;<FLG>
V6155020;V615502002;QmnJ;1;"2023-11-11 00:00:00";4;16255;20;8;0;<FLG>
V6155020;V615502002;QmnJ;1;"2023-11-12 00:00:00";4;16609;20;8;0;<FLG>
V6155020;V615502002;QmnJ;1;"2023-11-13 00:00:00";4;16324;20;8;0;<FLG>
V6155020;V615502002;QmnJ;1;"2023-11-14 00:00:00";4;15945;20;8;0;<FLG>
V6155020;V615502002;QmnJ;1;"2023-11-15 00:00:00";4;15454;20;8;0;<FLG>
V6155020;V615502002;QmnJ;1;"2023-11-16 00:00:00";4;14943;20;8;0;<FLG>
V6155020;V615502002;QmnJ;1;"2023-11-17 00:00:00";4;14345;20;8;0;<FLG>
V6155020;V615502002;QmnJ;1;"2023-11-18 00:00:00";4;13690;20;8;0;<FLG>
V6155020;V615502002;QmnJ;1;"2023-11-19 00:00:00";4;13090;20;8;0;<FLG>
V6155020;V615502002;QmnJ;1;"2023-11-20 00:00:00";4;12577;20;8;0;<FLG>
V6155020;V615502002;QmnJ;1;"2023-11-21 00:00:00";4;12066;20;8;0;<FLG>
V6155020;V615502002;QmnJ;1;"2023-11-22 00:00:00";4;11578;20;8;0;<FLG>
V6155020;V615502002;QmnJ;1;"2023-11-23 00:00:00";4;11123;20;8;0;<FLG>
V6155020;V615502002;QmnJ;1;"2023-11-24 00:00:00";4;10765;20;8;0;<FLG>
V6155020;V615502002;QmnJ;1;"2023-11-25 00:00:00";4;10447;20;8;0;<FLG>
V6155020;V615502002;QmnJ;1;"2023-11-26 00:00:00";4;10146;20;8;0;<FLG>
V6155020;V615502002;QmnJ;1;"2023-11-27 00:00:00";4;9841;20;8;0;<FLG>
V6155020;V615502002;QmnJ;1;"2023-11-28 00:00:00";4;9577;20;8;0;<FLG>
V6155020;V615502002;QmnJ;1;"2023-11-29 00:00:00";4;9323;20;8;0;<FLG>
V6155020;V615502002;QmnJ;1;"2023-11-30 00:00:00";4;9119;20;8;0;<FLG>
V6155020;V615502002;QmnJ;1;"2023-12-01 00:00:00";4;9250;20;8;0;<FLG>
V6155020;V615502002;QmnJ;1;"2023-12-02 00:00:00";4;12174;20;8;0;<FLG>
V6155020;V615502002;QmnJ;1;"2023-12-03 00:00:00";4;14975;20;8;0;<FLG>
V6155020;V615502002;QmnJ;1;"2023-12-04 00:00:00";4;15675;20;8;0;<FLG>
V6155020;V615502002;QmnJ;1;"2023-12-05 00:00:00";4;15817;20;8;0;<FLG>
V6155020;V615502002;QmnJ;1;"2023-12-06 00:00:00";4;16057;20;8;0;<FLG>
V6155020;V615502002;QmnJ;1;"2023-12-07 00:00:00";4;16088;20;8;0;<FLG>
V6155020;V615502002;QmnJ;1;"2023-12-08 00:00:00";4;16907;20;8;0;<FLG>
V6155020;V615502002;QmnJ;1;"2023-12-09 00:00:00";4;22088;20;8;0;<FLG>
V6155020;V615502002;QmnJ;1;"2023-12-10 00:00:00";4;24095;20;8;0;<FLG>
V6155020;V615502002;QmnJ;1;"2023-12-11 00:00:00";4;23635;20;8;0;<FLG>
V6155020;V615502002;QmnJ;1;"2023-12-12 00:00:00";4;23103;20;8;0;<FLG>
V6155020;V615502002;QmnJ;1;"2023-12-13 00:00:00";4;22205;20;8;0;<FLG>
V6155020;V615502002;QmnJ;1;"2023-12-14 00:00:00";4;21308;20;8;0;<FLG>
V6155020;V615502002;QmnJ;1;"2023-12-15 00:00:00";4;20583;20;8;0;<FLG>
V6155020;V615502002;QmnJ;1;"2023-12-16 00:00:00";4;19609;20;8;0;<FLG>
V6155020;V615502002;QmnJ;1;"2023-12-17 00:00:00";4;18859;20;8;0;<FLG>
V6155020;V615502002;QmnJ;1;"2023-12-18 00:00:00";4;18282;20;8;0;<FLG>
V6155020;V615502002;QmnJ;1;"2023-12-19 00:00:00";4;17812;20;8;0;<FLG>
V6155020;V615502002;QmnJ;1;"2023-12-20 00:00:00";4;17394;20;8;0;<FLG>
V6155020;V615502002;QmnJ;1;"2023-12-21 00:00:00";4;16967;20;8;0;<FLG>
V6155020;V615502002;QmnJ;1;"2023-12-22 00:00:00";4;16541;20;8;0;<FLG>
V6155020;V615502002;QmnJ;1;"2023-12-23 00:00:00";4;16108;20;8;0;<FLG>
V6155020;V615502002;QmnJ;1;"2023-12-24 00:00:00";4;15673;20;8;0;<FLG>
V6155020;V615502002;QmnJ;1;"2023-12-25 00:00:00";4;15282;20;8;0;<FLG>
V6155020;V615502002;QmnJ;1;"2023-12-26 00:00:00";4;14885;20;8;0;<FLG>
V6155020;V615502002;QmnJ;1;"2023-12-27 00:00:00";4;14428;20;8;0;<FLG>
V6155020;V615502002;QmnJ;1;"2023-12-28 00:00:00";4;13978;20;8;0;<FLG>
V6155020;V615502002;QmnJ;1;"2023-12-29 00:00:00";4;13594;20;8;0;<FLG>
V6155020;V615502002;QmnJ;1;"2023-12-30 00:00:00";4;13272;20;8;0;<FLG>
V6155020;V615502002;QmnJ;1;"2023-12-31 00:00:00";4;13007;20;8;0;<FLG>
V6155020;V615502002;QmnJ;1;"2024-01-01 00:00:00";4;12716;20;8;0;<FLG>
V6155020;V615502002;QmnJ;1;"2024-01-02 00:00:00";4;12409;20;8;0;<FLG>
V6155020;V615502002;QmnJ;1;"2024-01-03 00:00:00";4;12104;20;8;0;<FLG>
V6155020;V615502002;QmnJ;1;"2024-01-04 00:00:00";4;11815;20;8;0;<FLG>
V6155020;V615502002;QmnJ;1;"2024-01-05 00:00:00";4;11679;20;8;0;<FLG>
V6155020;V615502002;QmnJ;1;"2024-01-06 00:00:00";4;13042;20;8;0;<FLG>
V6155020;V615502002;QmnJ;1;"2024-01-07 00:00:00";4;14299;20;8;0;<FLG>
V6155020;V615502002;QmnJ;1;"2024-01-08 00:00:00";4;14661;20;8;0;<FLG>
V6155020;V615502002;QmnJ;1;"2024-01-09 00:00:00";4;14564;20;8;0;<FLG>
V6155020;V615502002;QmnJ;1;"2024-01-10 00:00:00";4;14335;20;8;0;<FLG>
V6155020;V615502002;QmnJ;1;"2024-01-11 00:00:00";4;14223;20;8;0;<FLG>
V6155020;V615502002;QmnJ;1;"2024-01-12 00:00:00";4;14346;20;8;0;<FLG>
V6155020;V615502002;QmnJ;1;"2024-01-13 00:00:00";4;14495;20;8;0;<FLG>
V6155020;V615502002;QmnJ;1;"2024-01-14 00:00:00";4;14551;20;8;0;<FLG>
V6155020;V615502002;QmnJ;1;"2024-01-15 00:00:00";4;14542;20;8;0;<FLG>
V6155020;V615502002;QmnJ;1;"2024-01-16 00:00:00";4;14405;20;8;0;<FLG>
V6155020;V615502002;QmnJ;1;"2024-01-17 00:00:00";4;14254;20;8;0;<FLG>
V6155020;V615502002;QmnJ;1;"2024-01-18 00:00:00";4;14966;20;8;0;<FLG>
V6155020;V615502002;QmnJ;1;"2024-01-19 00:00:00";4;16651;20;8;0;<FLG>
V6155020;V615502002;QmnJ;1;"2024-01-20 00:00:00";4;17713;20;8;0;<FLG>
V6155020;V615502002;QmnJ;1;"2024-01-21 00:00:00";4;17961;20;8;0;<FLG>
V6155020;V615502002;QmnJ;1;"2024-01-22 00:00:00";4;17768;20;8;0;<FLG>
V6155020;V615502002;QmnJ;1;"2024-01-23 00:00:00";4;17442;20;8;0;<FLG>
V6155020;V615502002;QmnJ;1;"2024-01-24 00:00:00";4;17104;20;8;0;<FLG>
V6155020;V615502002;QmnJ;1;"2024-01-25 00:00:00";4;16735;20;8;0;<FLG>
V6155020;V615502002;QmnJ;1;"2024-01-26 00:00:00";4;16392;20;8;0;<FLG>
V6155020;V615502002;QmnJ;1;"2024-01-27 00:00:00";4;16037;20;8;0;<FLG>
V6155020;V615502002;QmnJ;1;"2024-01-28 00:00:00";4;15680;20;8;0;<FLG>
V6155020;V615502002;QmnJ;1;"2024-01-29 00:00:00";4;15327;20;8;0;<FLG>
V6155020;V615502002;QmnJ;1;"2024-01-30 00:00:00";4;14969;20;8;0;<FLG>
V6155020;V615502002;QmnJ;1;"2024-01-31 00:00:00";4;14545;20;8;0;<FLG>
V6155020;V615502002;QmnJ;1;"2024-02-01 00:00:00";4;14163;20;8;0;<FLG>
V6155020;V615502002;QmnJ;1;"2024-02-02 00:00:00";4;13808;20;8;0;<FLG>
V6155020;V615502002;QmnJ;1;"2024-02-03 00:00:00";4;13473;20;8;0;<FLG>
V6155020;V615502002;QmnJ;1;"2024-02-04 00:00:00";4;13177;20;8;0;<FLG>
V6155020;V615502002;QmnJ;1;"2024-02-05 00:00:00";4;12911;20;8;0;<FLG>
V6155020;V615502002;QmnJ;1;"2024-02-06 00:00:00";4;12654;20;8;0;<FLG>
V6155020;V615502002;QmnJ;1;"2024-02-07 00:00:00";4;12412;20;8;0;<FLG>
V6155020;V615502002;QmnJ;1;"2024-02-08 00:00:00";4;12203;20;8;0;<FLG>
V6155020;V615502002;QmnJ;1;"2024-02-09 00:00:00";4;12064;20;8;0;<FLG>
V6155020;V615502002;QmnJ;1;"2024-02-10 00:00:00";4;16308;20;8;0;<FLG>
V6155020;V615502002;QmnJ;1;"2024-02-11 00:00:00";4;40046;20;8;0;<FLG>
V6155020;V615502002;QmnJ;1;"2024-02-12 00:00:00";4;48635;20;8;0;<FLG>
V6155020;V615502002;QmnJ;1;"2024-02-13 00:00:00";4;46728;20;8;0;<FLG>
V6155020;V615502002;QmnJ;1;"2024-02-14 00:00:00";4;43804;20;8;0;<FLG>
V6155020;V615502002;QmnJ;1;"2024-02-15 00:00:00";4;40547;20;8;0;<FLG>
V6155020;V615502002;QmnJ;1;"2024-02-16 00:00:00";4;36101;20;8;0;<FLG>
V6155020;V615502002;QmnJ;1;"2024-02-17 00:00:00";4;31877;20;8;0;<FLG>
V6155020;V615502002;QmnJ;1;"2024-02-18 00:00:00";4;27657;20;8;0;<FLG>
V6155020;V615502002;QmnJ;1;"2024-02-19 00:00:00";4;24367;20;8;0;<FLG>
V6155020;V615502002;QmnJ;1;"2024-02-20 00:00:00";4;21927;20;8;0;<FLG>
V6155020;V615502002;QmnJ;1;"2024-02-21 00:00:00";4;20977;20;8;0;<FLG>
V6155020;V615502002;QmnJ;1;"2024-02-22 00:00:00";4;20479;20;8;0;<FLG>
V6155020;V615502002;QmnJ;1;"2024-02-23 00:00:00";4;19990;20;8;0;<FLG>
V6155020;V615502002;QmnJ;1;"2024-02-24 00:00:00";4;19533;20;8;0;<FLG>
V6155020;V615502002;QmnJ;1;"2024-02-25 00:00:00";4;19155;20;8;0;<FLG>
V6155020;V615502002;QmnJ;1;"2024-02-26 00:00:00";4;19742;20;8;0;<FLG>
V6155020;V615502002;QmnJ;1;"2024-02-27 00:00:00";4;24119;20;8;0;<FLG>
V6155020;V615502002;QmnJ;1;"2024-02-28 00:00:00";4;27757;20;8;0;<FLG>
V6155020;V615502002;QmnJ;1;"2024-02-29 00:00:00";4;28155;20;8;0;<FLG>
V6155020;V615502002;QmnJ;1;"2024-03-01 00:00:00";4;27094;20;8;0;<FLG>
V6155020;V615502002;QmnJ;1;"2024-03-02 00:00:00";4;25756;20;8;0;<FLG>
V6155020;V615502002;QmnJ;1;"2024-03-03 00:00:00";4;29969;20;8;0;<FLG>
V6155020;V615502002;QmnJ;1;"2024-03-04 00:00:00";4;54125;20;8;0;<FLG>
V6155020;V615502002;QmnJ;1;"2024-03-05 00:00:00";4;61170;20;8;0;<FLG>
V6155020;V615502002;QmnJ;1;"2024-03-06 00:00:00";4;59819;20;8;0;<FLG>
V6155020;V615502002;QmnJ;1;"2024-03-07 00:00:00";4;57136;20;8;0;<FLG>
V6155020;V615502002;QmnJ;1;"2024-03-08 00:00:00";4;53151;20;8;0;<FLG>
V6155020;V615502002;QmnJ;1;"2024-03-09 00:00:00";4;48575;20;8;0;<FLG>
V6155020;V615502002;QmnJ;1;"2024-03-10 00:00:00";4;72377;20;8;0;<FLG>
V6155020;V615502002;QmnJ;1;"2024-03-11 00:00:00";4;67317;20;8;0;<FLG>
V6155020;V615502002;QmnJ;1;"2024-03-12 00:00:00";4;64140;20;8;0;<FLG>
V6155020;V615502002;QmnJ;1;"2024-03-13 00:00:00";4;63703;20;8;0;<FLG>
V6155020;V615502002;QmnJ;1;"2024-03-14 00:00:00";4;62709;20;8;0;<FLG>
V6155020;V615502002;QmnJ;1;"2024-03-15 00:00:00";4;60299;20;8;0;<FLG>
V6155020;V615502002;QmnJ;1;"2024-03-16 00:00:00";4;58246;20;8;0;<FLG>
V6155020;V615502002;QmnJ;1;"2024-03-17 00:00:00";4;55742;20;8;0;<FLG>
V6155020;V615502002;QmnJ;1;"2024-03-18 00:00:00";4;53170;20;8;0;<FLG>
V6155020;V615502002;QmnJ;1;"2024-03-19 00:00:00";4;50497;20;8;0;<FLG>
V6155020;V615502002;QmnJ;1;"2024-03-20 00:00:00";4;47659;20;8;0;<FLG>
V6155020;V615502002;QmnJ;1;"2024-03-21 00:00:00";4;44548;20;8;0;<FLG>
V6155020;V615502002;QmnJ;1;"2024-03-22 00:00:00";4;42222;20;8;0;<FLG>
V6155020;V615502002;QmnJ;1;"2024-03-23 00:00:00";4;40156;20;8;0;<FLG>
V6155020;V615502002;QmnJ;1;"2024-03-24 00:00:00";4;38077;20;8;0;<FLG>
V6155020;V615502002;QmnJ;1;"2024-03-25 00:00:00";4;35741;20;8;0;<FLG>
V6155020;V615502002;QmnJ;1;"2024-03-26 00:00:00";8;35822;20;8;0;<FLG>
V6155020;V615502002;QmnJ;1;"2024-03-27 00:00:00";8;39536;20;8;0;<FLG>
V6155020;V615502002;QmnJ;1;"2024-03-28 00:00:00";8;43798;20;8;0;<FLG>
V6155020;V615502002;QmnJ;1;"2024-03-29 00:00:00";8;49353;20;8;0;<FLG>
V6155020;V615502002;QmnJ;1;"2024-03-30 00:00:00";8;55310;20;8;0;<FLG>
V6155020;V615502002;QmnJ;1;"2024-03-31 00:00:00";8;61268;20;8;0;<FLG>
V6155020;V615502002;QmnJ;1;"2024-04-01 00:00:00";8;68074;20;8;0;<FLG>
V6155020;V615502002;QmnJ;1;"2024-04-02 00:00:00";8;71975;20;8;0;<FLG>
V6155020;V615502002;QmnJ;1;"2024-04-03 00:00:00";8;71406;20;8;0;<FLG>
V6155020;V615502002;QmnJ;1;"2024-04-04 00:00:00";8;69415;20;8;0;<FLG>
V6155020;V615502002;QmnJ;1;"2024-04-05 00:00:00";8;66367;20;8;0;<FLG>
V6155020;V615502002;QmnJ;1;"2024-04-06 00:00:00";8;63788;20;8;0;<FLG>
V6155020;V615502002;QmnJ;1;"2024-04-07 00:00:00";8;61039;20;8;0;<FLG>
V6155020;V615502002;QmnJ;1;"2024-04-08 00:00:00";8;58518;20;8;0;<FLG>
V6155020;V615502002;QmnJ;1;"2024-04-09 00:00:00";8;56227;20;8;0;<FLG>
V6155020;V615502002;QmnJ;1;"2024-04-10 00:00:00";8;54165;20;8;0;<FLG>
V6155020;V615502002;QmnJ;1;"2024-04-11 00:00:00";8;52103;20;8;0;<FLG>
V6155020;V615502002;QmnJ;1;"2024-04-12 00:00:00";8;49812;20;8;0;<FLG>
V6155020;V615502002;QmnJ;1;"2024-04-13 00:00:00";8;47291;20;8;0;<FLG>
V6155020;V615502002;QmnJ;1;"2024-04-14 00:00:00";8;44573;20;8;0;<FLG>
V6155020;V615502002;QmnJ;1;"2024-04-15 00:00:00";8;42502;20;8;0;<FLG>
V6155020;V615502002;QmnJ;1;"2024-04-16 00:00:00";8;40473;20;8;0;<FLG>
V6155020;V615502002;QmnJ;1;"2024-04-17 00:00:00";8;38443;20;8;0;<FLG>
V6155020;V615502002;QmnJ;1;"2024-04-18 00:00:00";8;36737;20;8;0;<FLG>
V6155020;V615502002;QmnJ;1;"2024-04-19 00:00:00";8;35169;20;8;0;<FLG>
V6155020;V615502002;QmnJ;1;"2024-04-20 00:00:00";8;33600;20;8;0;<FLG>
V6155020;V615502002;QmnJ;1;"2024-04-21 00:00:00";8;32032;20;8;0;<FLG>
V6155020;V615502002;QmnJ;1;"2024-04-22 00:00:00";8;30594;20;8;0;<FLG>
V6155020;V615502002;QmnJ;1;"2024-04-23 00:00:00";8;29287;20;8;0;<FLG>
V6155020;V615502002;QmnJ;1;"2024-04-24 00:00:00";8;27980;20;8;0;<FLG>
V6155020;V615502002;QmnJ;1;"2024-04-25 00:00:00";8;26945;20;8;0;<FLG>
V6155020;V615502002;QmnJ;1;"2024-04-26 00:00:00";8;26198;20;8;0;<FLG>
V6155020;V615502002;QmnJ;1;"2024-04-27 00:00:00";8;25544;20;8;0;<FLG>
V6155020;V615502002;QmnJ;1;"2024-04-28 00:00:00";8;24890;20;8;0;<FLG>
V6155020;V615502002;QmnJ;1;"2024-04-29 00:00:00";8;24147;20;8;0;<FLG>
V6155020;V615502002;QmnJ;1;"2024-04-30 00:00:00";4;23793;20;8;0;<FLG>
V6155020;V615502002;QmnJ;1;"2024-05-01 00:00:00";4;23696;20;8;0;<FLG>
V6155020;V615502002;QmnJ;1;"2024-05-02 00:00:00";4;23594;20;8;0;<FLG>
V6155020;V615502002;QmnJ;1;"2024-05-03 00:00:00";4;23492;20;8;0;<FLG>
V6155020;V615502002;QmnJ;1;"2024-05-04 00:00:00";4;23389;20;8;0;<FLG>
V6155020;V615502002;QmnJ;1;"2024-05-05 00:00:00";4;23287;20;8;0;<FLG>
V6155020;V615502002;QmnJ;1;"2024-05-06 00:00:00";4;23185;20;8;0;<FLG>
V6155020;V615502002;QmnJ;1;"2024-05-07 00:00:00";4;22931;20;8;0;<FLG>
V6155020;V615502002;QmnJ;1;"2024-05-08 00:00:00";4;22212;20;8;0;<FLG>
V6155020;V615502002;QmnJ;1;"2024-05-09 00:00:00";4;21593;20;8;0;<FLG>
V6155020;V615502002;QmnJ;1;"2024-05-10 00:00:00";4;21379;20;8;0;<FLG>
V6155020;V615502002;QmnJ;1;"2024-05-11 00:00:00";4;21193;20;8;0;<FLG>
V6155020;V615502002;QmnJ;1;"2024-05-12 00:00:00";4;21007;20;8;0;<FLG>
V6155020;V615502002;QmnJ;1;"2024-05-13 00:00:00";4;20854;20;8;0;<FLG>
V6155020;V615502002;QmnJ;1;"2024-05-14 00:00:00";4;20785;20;8;0;<FLG>
V6155020;V615502002;QmnJ;1;"2024-05-15 00:00:00";4;20725;20;8;0;<FLG>
V6155020;V615502002;QmnJ;1;"2024-05-16 00:00:00";4;20703;20;8;0;<FLG>
V6155020;V615502002;QmnJ;1;"2024-05-17 00:00:00";4;20935;20;8;0;<FLG>
V6155020;V615502002;QmnJ;1;"2024-05-18 00:00:00";4;21294;20;8;0;<FLG>
V6155020;V615502002;QmnJ;1;"2024-05-19 00:00:00";4;21918;20;8;0;<FLG>
V6155020;V615502002;QmnJ;1;"2024-05-20 00:00:00";4;22807;20;8;0;<FLG>
V6155020;V615502002;QmnJ;1;"2024-05-21 00:00:00";4;21992;20;8;0;<FLG>
V6155020;V615502002;QmnJ;1;"2024-05-22 00:00:00";4;21460;20;8;0;<FLG>
V6155020;V615502002;QmnJ;1;"2024-05-23 00:00:00";4;21223;20;8;0;<FLG>
V6155020;V615502002;QmnJ;1;"2024-05-24 00:00:00";4;20988;20;8;0;<FLG>
V6155020;V615502002;QmnJ;1;"2024-05-25 00:00:00";4;20685;20;8;0;<FLG>
V6155020;V615502002;QmnJ;1;"2024-05-26 00:00:00";4;20110;20;8;0;<FLG>
V6155020;V615502002;QmnJ;1;"2024-05-27 00:00:00";4;19779;20;8;0;<FLG>
V6155020;V615502002;QmnJ;1;"2024-05-28 00:00:00";4;19506;20;8;0;<FLG>
V6155020;V615502002;QmnJ;1;"2024-05-29 00:00:00";4;19342;20;8;0;<FLG>
V6155020;V615502002;QmnJ;1;"2024-05-30 00:00:00";4;19192;20;8;0;<FLG>
V6155020;V615502002;QmnJ;1;"2024-05-31 00:00:00";4;19041;20;8;0;<FLG>
V6155020;V615502002;QmnJ;1;"2024-06-01 00:00:00";4;18891;20;8;0;<FLG>
V6155020;V615502002;QmnJ;1;"2024-06-02 00:00:00";4;18737;20;8;0;<FLG>
V6155020;V615502002;QmnJ;1;"2024-06-03 00:00:00";4;18575;20;8;0;<FLG>
V6155020;V615502002;QmnJ;1;"2024-06-04 00:00:00";4;18419;20;8;0;<FLG>
V6155020;V615502002;QmnJ;1;"2024-06-05 00:00:00";4;18264;20;8;0;<FLG>
V6155020;V615502002;QmnJ;1;"2024-06-06 00:00:00";4;18108;20;8;0;<FLG>
V6155020;V615502002;QmnJ;1;"2024-06-07 00:00:00";4;17953;20;8;0;<FLG>
V6155020;V615502002;QmnJ;1;"2024-06-08 00:00:00";4;17791;20;8;0;<FLG>
V6155020;V615502002;QmnJ;1;"2024-06-09 00:00:00";4;17610;20;8;0;<FLG>
V6155020;V615502002;QmnJ;1;"2024-06-10 00:00:00";4;17428;20;8;0;<FLG>
V6155020;V615502002;QmnJ;1;"2024-06-11 00:00:00";4;17230;20;8;0;<FLG>
V6155020;V615502002;QmnJ;1;"2024-06-12 00:00:00";4;16994;20;8;0;<FLG>
V6155020;V615502002;QmnJ;1;"2024-06-13 00:00:00";4;16756;20;8;0;<FLG>
V6155020;V615502002;QmnJ;1;"2024-06-14 00:00:00";4;16518;20;8;0;<FLG>
V6155020;V615502002;QmnJ;1;"2024-06-15 00:00:00";4;16280;20;8;0;<FLG>
V6155020;V615502002;QmnJ;1;"2024-06-16 00:00:00";4;16042;20;8;0;<FLG>
V6155020;V615502002;QmnJ;1;"2024-06-17 00:00:00";4;15824;20;8;0;<FLG>
V6155020;V615502002;QmnJ;1;"2024-06-18 00:00:00";4;15667;20;8;0;<FLG>
V6155020;V615502002;QmnJ;1;"2024-06-19 00:00:00";4;15514;20;8;0;<FLG>
V6155020;V615502002;QmnJ;1;"2024-06-20 00:00:00";4;15361;20;8;0;<FLG>
V6155020;V615502002;QmnJ;1;"2024-06-21 00:00:00";4;15208;20;8;0;<FLG>
V6155020;V615502002;QmnJ;1;"2024-06-22 00:00:00";4;15055;20;8;0;<FLG>
V6155020;V615502002;QmnJ;1;"2024-06-23 00:00:00";4;14878;20;8;0;<FLG>
V6155020;V615502002;QmnJ;1;"2024-06-24 00:00:00";4;14686;20;8;0;<FLG>
V6155020;V615502002;QmnJ;1;"2024-06-25 00:00:00";4;14494;20;8;0;<FLG>
V6155020;V615502002;QmnJ;1;"2024-06-26 00:00:00";4;14303;20;8;0;<FLG>
V6155020;V615502002;QmnJ;1;"2024-06-27 00:00:00";4;14111;20;8;0;<FLG>
V6155020;V615502002;QmnJ;1;"2024-06-28 00:00:00";4;13919;20;8;0;<FLG>
V6155020;V615502002;QmnJ;1;"2024-06-29 00:00:00";4;13728;20;8;0;<FLG>
V6155020;V615502002;QmnJ;1;"2024-06-30 00:00:00";4;13538;20;8;0;<FLG>
V6155020;V615502002;QmnJ;1;"2024-07-01 00:00:00";4;13358;20;8;0;<FLG>
V6155020;V615502002;QmnJ;1;"2024-07-02 00:00:00";4;13178;20;8;0;<FLG>
V6155020;V615502002;QmnJ;1;"2024-07-03 00:00:00";4;12998;20;8;0;<FLG>
V6155020;V615502002;QmnJ;1;"2024-07-04 00:00:00";4;12818;20;8;0;<FLG>
V6155020;V615502002;QmnJ;1;"2024-07-05 00:00:00";4;12625;20;8;0;<FLG>
V6155020;V615502002;QmnJ;1;"2024-07-06 00:00:00";4;12408;20;8;0;<FLG>
V6155020;V615502002;QmnJ;1;"2024-07-07 00:00:00";4;12191;20;8;0;<FLG>
V6155020;V615502002;QmnJ;1;"2024-07-08 00:00:00";4;11992;20;8;0;<FLG>
V6155020;V615502002;QmnJ;1;"2024-07-09 00:00:00";4;11847;20;8;0;<FLG>
V6155020;V615502002;QmnJ;1;"2024-07-10 00:00:00";4;11706;20;8;0;<FLG>
V6155020;V615502002;QmnJ;1;"2024-07-11 00:00:00";4;11565;20;8;0;<FLG>
V6155020;V615502002;QmnJ;1;"2024-07-12 00:00:00";4;11424;20;8;0;<FLG>
V6155020;V615502002;QmnJ;1;"2024-07-13 00:00:00";4;11282;20;8;0;<FLG>
V6155020;V615502002;QmnJ;1;"2024-07-14 00:00:00";4;11141;20;8;0;<FLG>
V6155020;V615502002;QmnJ;1;"2024-07-15 00:00:00";4;11000;20;8;0;<FLG>
V6155020;V615502002;QmnJ;1;"2024-07-16 00:00:00";4;10874;20;8;0;<FLG>
V6155020;V615502002;QmnJ;1;"2024-07-17 00:00:00";4;10791;20;8;0;<FLG>
V6155020;V615502002;QmnJ;1;"2024-07-18 00:00:00";4;10711;20;8;0;<FLG>
V6155020;V615502002;QmnJ;1;"2024-07-19 00:00:00";4;10631;20;8;0;<FLG>
V6155020;V615502002;QmnJ;1;"2024-07-20 00:00:00";4;10551;20;8;0;<FLG>
V6155020;V615502002;QmnJ;1;"2024-07-21 00:00:00";4;10470;20;8;0;<FLG>
V6155020;V615502002;QmnJ;1;"2024-07-22 00:00:00";4;10396;20;8;0;<FLG>
V6155020;V615502002;QmnJ;1;"2024-07-23 00:00:00";4;10342;20;8;0;<FLG>
V6155020;V615502002;QmnJ;1;"2024-07-24 00:00:00";4;10288;20;8;0;<FLG>
V6155020;V615502002;QmnJ;1;"2024-07-25 00:00:00";4;10223;20;8;0;<FLG>
V6155020;V615502002;QmnJ;1;"2024-07-26 00:00:00";4;10107;20;8;0;<FLG>
V6155020;V615502002;QmnJ;1;"2024-07-27 00:00:00";4;9973;20;8;0;<FLG>
V6155020;V615502002;QmnJ;1;"2024-07-28 00:00:00";4;9836;20;8;0;<FLG>
V6155020;V615502002;QmnJ;1;"2024-07-29 00:00:00";4;9698;20;8;0;<FLG>
V6155020;V615502002;QmnJ;1;"2024-07-30 00:00:00";4;9561;20;8;0;<FLG>
V6155020;V615502002;QmnJ;1;"2024-07-31 00:00:00";4;9423;20;8;0;<FLG>
V6155020;V615502002;QmnJ;1;"2024-08-01 00:00:00";4;9289;20;8;0;<FLG>
V6155020;V615502002;QmnJ;1;"2024-08-02 00:00:00";4;9159;20;8;0;<FLG>
V6155020;V615502002;QmnJ;1;"2024-08-03 00:00:00";4;9028;20;8;0;<FLG>
V6155020;V615502002;QmnJ;1;"2024-08-04 00:00:00";4;8943;20;8;0;<FLG>
V6155020;V615502002;QmnJ;1;"2024-08-05 00:00:00";4;8865;20;8;0;<FLG>
V6155020;V615502002;QmnJ;1;"2024-08-06 00:00:00";4;8800;20;8;0;<FLG>
V6155020;V615502002;QmnJ;1;"2024-08-07 00:00:00";4;8730;20;8;0;<FLG>
V6155020;V615502002;QmnJ;1;"2024-08-08 00:00:00";4;8661;20;8;0;<FLG>
V6155020;V615502002;QmnJ;1;"2024-08-09 00:00:00";4;8595;20;8;0;<FLG>
V6155020;V615502002;QmnJ;1;"2024-08-10 00:00:00";4;8530;20;8;0;<FLG>
V6155020;V615502002;QmnJ;1;"2024-08-11 00:00:00";4;8465;20;8;0;<FLG>
V6155020;V615502002;QmnJ;1;"2024-08-12 00:00:00";4;8400;20;8;0;<FLG>
V6155020;V615502002;QmnJ;1;"2024-08-13 00:00:00";4;8335;20;8;0;<FLG>
V6155020;V615502002;QmnJ;1;"2024-08-14 00:00:00";4;8265;20;8;0;<FLG>
V6155020;V615502002;QmnJ;1;"2024-08-15 00:00:00";4;8195;20;8;0;<FLG>
V6155020;V615502002;QmnJ;1;"2024-08-16 00:00:00";4;8130;20;8;0;<FLG>
V6155020;V615502002;QmnJ;1;"2024-08-17 00:00:00";4;8065;20;8;0;<FLG>
V6155020;V615502002;QmnJ;1;"2024-08-18 00:00:00";4;8014;20;8;0;<FLG>
V6155020;V615502002;QmnJ;1;"2024-08-19 00:00:00";4;7948;20;8;0;<FLG>
V6155020;V615502002;QmnJ;1;"2024-08-20 00:00:00";4;7897;20;8;0;<FLG>
V6155020;V615502002;QmnJ;1;"2024-08-21 00:00:00";4;7846;20;8;0;<FLG>
V6155020;V615502002;QmnJ;1;"2024-08-22 00:00:00";4;7790;20;8;0;<FLG>
V6155020;V615502002;QmnJ;1;"2024-08-23 00:00:00";4;7734;20;8;0;<FLG>
V6155020;V615502002;QmnJ;1;"2024-08-24 00:00:00";4;7683;20;8;0;<FLG>
V6155020;V615502002;QmnJ;1;"2024-08-25 00:00:00";4;7626;20;8;0;<FLG>
V6155020;V615502002;QmnJ;1;"2024-08-26 00:00:00";4;7561;20;8;0;<FLG>
V6155020;V615502002;QmnJ;1;"2024-08-27 00:00:00";4;7496;20;8;0;<FLG>
V6155020;V615502002;QmnJ;1;"2024-08-28 00:00:00";4;7436;20;8;0;<FLG>
V6155020;V615502002;QmnJ;1;"2024-08-29 00:00:00";4;7377;20;8;0;<FLG>
V6155020;V615502002;QmnJ;1;"2024-08-30 00:00:00";4;7312;20;8;0;<FLG>
V6155020;V615502002;QmnJ;1;"2024-08-31 00:00:00";4;7290;20;8;0;<FLG>
V6155020;V615502002;QmnJ;1;"2024-09-01 00:00:00";4;7323;20;8;0;<FLG>
V6155020;V615502002;QmnJ;1;"2024-09-02 00:00:00";4;7350;20;8;0;<FLG>
V6155020;V615502002;QmnJ;1;"2024-09-03 00:00:00";4;7377;20;8;0;<FLG>
V6155020;V615502002;QmnJ;1;"2024-09-04 00:00:00";4;7404;20;8;0;<FLG>
V6155020;V615502002;QmnJ;1;"2024-09-05 00:00:00";4;7431;20;8;0;<FLG>
V6155020;V615502002;QmnJ;1;"2024-09-06 00:00:00";4;7463;20;8;0;<FLG>
V6155020;V615502002;QmnJ;1;"2024-09-07 00:00:00";4;7501;20;8;0;<FLG>
V6155020;V615502002;QmnJ;1;"2024-09-08 00:00:00";4;7534;20;8;0;<FLG>
V6155020;V615502002;QmnJ;1;"2024-09-09 00:00:00";4;7572;20;8;0;<FLG>
V6155020;V615502002;QmnJ;1;"2024-09-10 00:00:00";4;7609;20;8;0;<FLG>
V6155020;V615502002;QmnJ;1;"2024-09-11 00:00:00";4;7642;20;8;0;<FLG>
V6155020;V615502002;QmnJ;1;"2024-09-12 00:00:00";4;7631;20;8;0;<FLG>
V6155020;V615502002;QmnJ;1;"2024-09-13 00:00:00";4;7572;20;8;0;<FLG>
V6155020;V615502002;QmnJ;1;"2024-09-14 00:00:00";4;7507;20;8;0;<FLG>
V6155020;V615502002;QmnJ;1;"2024-09-15 00:00:00";4;7442;20;8;0;<FLG>
V6155020;V615502002;QmnJ;1;"2024-09-16 00:00:00";4;7377;20;8;0;<FLG>
V6155020;V615502002;QmnJ;1;"2024-09-17 00:00:00";4;7312;20;8;0;<FLG>
V6155020;V615502002;QmnJ;1;"2024-09-18 00:00:00";4;7253;20;8;0;<FLG>
V6155020;V615502002;QmnJ;1;"2024-09-19 00:00:00";4;7193;20;8;0;<FLG>
V6155020;V615502002;QmnJ;1;"2024-09-20 00:00:00";4;7128;20;8;0;<FLG>
V6155020;V615502002;QmnJ;1;"2024-09-21 00:00:00";4;7063;20;8;0;<FLG>
V6155020;V615502002;QmnJ;1;"2024-09-22 00:00:00";4;6998;20;8;0;<FLG>
V6155020;V615502002;QmnJ;1;"2024-09-23 00:00:00";4;6934;20;8;0;<FLG>
V6155020;V615502002;QmnJ;1;"2024-09-24 00:00:00";4;6889;20;8;0;<FLG>
V6155020;V615502002;QmnJ;1;"2024-09-25 00:00:00";4;6834;20;8;0;<FLG>
V6155020;V615502002;QmnJ;1;"2024-09-26 00:00:00";4;6775;20;8;0;<FLG>
V6155020;V615502002;QmnJ;1;"2024-09-27 00:00:00";4;6715;20;8;0;<FLG>
V6155020;V615502002;QmnJ;1;"2024-09-28 00:00:00";4;6656;20;8;0;<FLG>
V6155020;V615502002;QmnJ;1;"2024-09-29 00:00:00";4;6597;20;8;0;<FLG>
V6155020;V615502002;QmnJ;1;"2024-09-30 00:00:00";4;6538;20;8;0;<FLG>
V6155020;V615502002;QmnJ;1;"2024-10-01 00:00:00";4;6479;20;8;0;<FLG>
V6155020;V615502002;QmnJ;1;"2024-10-02 00:00:00";4;6420;20;8;0;<FLG>
V6155020;V615502002;QmnJ;1;"2024-10-03 00:00:00";4;6361;20;8;0;<FLG>
V6155020;V615502002;QmnJ;1;"2024-10-04 00:00:00";4;6433;20;8;0;<FLG>
V6155020;V615502002;QmnJ;1;"2024-10-05 00:00:00";4;7078;20;8;0;<FLG>
V6155020;V615502002;QmnJ;1;"2024-10-06 00:00:00";4;7769;20;8;0;<FLG>
V6155020;V615502002;QmnJ;1;"2024-10-07 00:00:00";4;8388;20;8;0;<FLG>
V6155020;V615502002;QmnJ;1;"2024-10-08 00:00:00";4;9002;20;8;0;<FLG>
V6155020;V615502002;QmnJ;1;"2024-10-09 00:00:00";4;9615;20;8;0;<FLG>
V6155020;V615502002;QmnJ;1;"2024-10-10 00:00:00";4;10255;20;8;0;<FLG>
V6155020;V615502002;QmnJ;1;"2024-10-11 00:00:00";4;10949;20;8;0;<FLG>
V6155020;V615502002;QmnJ;1;"2024-10-12 00:00:00";4;11282;20;8;0;<FLG>
V6155020;V615502002;QmnJ;1;"2024-10-13 00:00:00";4;11572;20;8;0;<FLG>
V6155020;V615502002;QmnJ;1;"2024-10-14 00:00:00";4;11861;20;8;0;<FLG>
V6155020;V615502002;QmnJ;1;"2024-10-15 00:00:00";4;12150;20;8;0;<FLG>
V6155020;V615502002;QmnJ;1;"2024-10-16 00:00:00";4;12439;20;8;0;<FLG>
V6155020;V615502002;QmnJ;1;"2024-10-17 00:00:00";4;12720;20;8;0;<FLG>
V6155020;V615502002;QmnJ;1;"2024-10-18 00:00:00";4;13637;20;8;0;<FLG>
V6155020;V615502002;QmnJ;1;"2024-10-19 00:00:00";4;16268;20;8;0;<FLG>
V6155020;V615502002;QmnJ;1;"2024-10-20 00:00:00";4;16889;20;8;0;<FLG>
V6155020;V615502002;QmnJ;1;"2024-10-21 00:00:00";4;16304;20;8;0;<FLG>
V6155020;V615502002;QmnJ;1;"2024-10-22 00:00:00";4;15757;20;8;0;<FLG>
V6155020;V615502002;QmnJ;1;"2024-10-23 00:00:00";4;15770;20;8;0;<FLG>
V6155020;V615502002;QmnJ;1;"2024-10-24 00:00:00";4;15841;20;8;0;<FLG>
V6155020;V615502002;QmnJ;1;"2024-10-25 00:00:00";4;15913;20;8;0;<FLG>
V6155020;V615502002;QmnJ;1;"2024-10-26 00:00:00";4;15985;20;8;0;<FLG>
V6155020;V615502002;QmnJ;1;"2024-10-27 00:00:00";4;16057;20;8;0;<FLG>
V6155020;V615502002;QmnJ;1;"2024-10-28 00:00:00";4;16222;20;8;0;<FLG>
V6155020;V615502002;QmnJ;1;"2024-10-29 00:00:00";4;16677;20;8;0;<FLG>
V6155020;V615502002;QmnJ;1;"2024-10-30 00:00:00";4;16924;20;8;0;<FLG>
V6155020;V615502002;QmnJ;1;"2024-10-31 00:00:00";4;16434;20;8;0;<FLG>
V6155020;V615502002;QmnJ;1;"2024-11-01 00:00:00";4;15888;20;8;0;<FLG>
V6155020;V615502002;QmnJ;1;"2024-11-02 00:00:00";4;15343;20;8;0;<FLG>
V6155020;V615502002;QmnJ;1;"2024-11-03 00:00:00";4;14745;20;8;0;<FLG>
V6155020;V615502002;QmnJ;1;"2024-11-04 00:00:00";4;14062;20;8;0;<FLG>
V6155020;V615502002;QmnJ;1;"2024-11-05 00:00:00";4;13500;20;8;0;<FLG>
V6155020;V615502002;QmnJ;1;"2024-11-06 00:00:00";4;13586;20;8;0;<FLG>
V6155020;V615502002;QmnJ;1;"2024-11-07 00:00:00";4;13767;20;8;0;<FLG>
V6155020;V615502002;QmnJ;1;"2024-11-08 00:00:00";4;13948;20;8;0;<FLG>
V6155020;V615502002;QmnJ;1;"2024-11-09 00:00:00";4;14129;20;8;0;<FLG>
V6155020;V615502002;QmnJ;1;"2024-11-10 00:00:00";4;14310;20;8;0;<FLG>
V6155020;V615502002;QmnJ;1;"2024-11-11 00:00:00";4;14490;20;8;0;<FLG>
V6155020;V615502002;QmnJ;1;"2024-11-12 00:00:00";4;14671;20;8;0;<FLG>
V6155020;V615502002;QmnJ;1;"2024-11-13 00:00:00";4;14852;20;8;0;<FLG>
V6155020;V615502002;QmnJ;1;"2024-11-14 00:00:00";4;15024;20;8;0;<FLG>
V6155020;V615502002;QmnJ;1;"2024-11-15 00:00:00";4;15170;20;8;0;<FLG>
V6155020;V615502002;QmnJ;1;"2024-11-16 00:00:00";4;15315;20;8;0;<FLG>
V6155020;V615502002;QmnJ;1;"2024-11-17 00:00:00";4;15459;20;8;0;<FLG>
V6155020;V615502002;QmnJ;1;"2024-11-18 00:00:00";4;15603;20;8;0;<FLG>
V6155020;V615502002;QmnJ;1;"2024-11-19 00:00:00";4;15747;20;8;0;<FLG>
V6155020;V615502002;QmnJ;1;"2024-11-20 00:00:00";4;15891;20;8;0;<FLG>
V6155020;V615502002;QmnJ;1;"2024-11-21 00:00:00";4;16036;20;8;0;<FLG>
V6155020;V615502002;QmnJ;1;"2024-11-22 00:00:00";4;16180;20;8;0;<FLG>
V6155020;V615502002;QmnJ;1;"2024-11-23 00:00:00";4;16324;20;8;0;<FLG>
V6155020;V615502002;QmnJ;1;"2024-11-24 00:00:00";4;16468;20;8;0;<FLG>
V6155020;V615502002;QmnJ;1;"2024-11-25 00:00:00";4;16612;20;8;0;<FLG>
V6155020;V615502002;QmnJ;1;"2024-11-26 00:00:00";4;16757;20;8;0;<FLG>
V6155020;V615502002;QmnJ;1;"2024-11-27 00:00:00";4;16901;20;8;0;<FLG>
V6155020;V615502002;QmnJ;1;"2024-11-28 00:00:00";4;17019;20;8;0;<FLG>
V6155020;V615502002;QmnJ;1;"2024-11-29 00:00:00";4;16762;20;8;0;<FLG>
V6155020;V615502002;QmnJ;1;"2024-11-30 00:00:00";4;16380;20;8;0;<FLG>
V6155020;V615502002;QmnJ;1;"2024-12-01 00:00:00";4;15997;20;8;0;<FLG>
V6155020;V615502002;QmnJ;1;"2024-12-02 00:00:00";4;15615;20;8;0;<FLG>
V6155020;V615502002;QmnJ;1;"2024-12-03 00:00:00";4;15233;20;8;0;<FLG>
V6155020;V615502002;QmnJ;1;"2024-12-04 00:00:00";4;14813;20;8;0;<FLG>
V6155020;V615502002;QmnJ;1;"2024-12-05 00:00:00";4;14334;20;8;0;<FLG>
V6155020;V615502002;QmnJ;1;"2024-12-06 00:00:00";4;13855;20;8;0;<FLG>
V6155020;V615502002;QmnJ;1;"2024-12-07 00:00:00";4;13376;20;8;0;<FLG>
V6155020;V615502002;QmnJ;1;"2024-12-08 00:00:00";4;12950;20;8;0;<FLG>
V6155020;V615502002;QmnJ;1;"2024-12-09 00:00:00";4;12766;20;8;0;<FLG>
V6155020;V615502002;QmnJ;1;"2024-12-10 00:00:00";4;12592;20;8;0;<FLG>
V6155020;V615502002;QmnJ;1;"2024-12-11 00:00:00";4;12404;20;8;0;<FLG>
V6155020;V615502002;QmnJ;1;"2024-12-12 00:00:00";4;12216;20;8;0;<FLG>
V6155020;V615502002;QmnJ;1;"2024-12-13 00:00:00";4;12028;20;8;0;<FLG>
V6155020;V615502002;QmnJ;1;"2024-12-14 00:00:00";4;11840;20;8;0;<FLG>
V6155020;V615502002;QmnJ;1;"2024-12-15 00:00:00";4;11652;20;8;0;<FLG>
V6155020;V615502002;QmnJ;1;"2024-12-16 00:00:00";4;11464;20;8;0;<FLG>
V6155020;V615502002;QmnJ;1;"2024-12-17 00:00:00";4;11276;20;8;0;<FLG>
V6155020;V615502002;QmnJ;1;"2024-12-18 00:00:00";4;11089;20;8;0;<FLG>
V6155020;V615502002;QmnJ;1;"2024-12-19 00:00:00";4;10901;20;8;0;<FLG>
V6155020;V615502002;QmnJ;1;"2024-12-20 00:00:00";4;10713;20;8;0;<FLG>
V6155020;V615502002;QmnJ;1;"2024-12-21 00:00:00";4;10525;20;8;0;<FLG>
V6155020;V615502002;QmnJ;1;"2024-12-22 00:00:00";4;10337;20;8;0;<FLG>
V6155020;V615502002;QmnJ;1;"2024-12-23 00:00:00";4;10148;20;8;0;<FLG>
V6155020;V615502002;QmnJ;1;"2024-12-24 00:00:00";4;9945;20;8;0;<FLG>
V6155020;V615502002;QmnJ;1;"2024-12-25 00:00:00";4;9830;20;8;0;<FLG>
V6155020;V615502002;QmnJ;1;"2024-12-26 00:00:00";4;9749;20;8;0;<FLG>
V6155020;V615502002;QmnJ;1;"2024-12-27 00:00:00";4;9668;20;8;0;<FLG>
V6155020;V615502002;QmnJ;1;"2024-12-28 00:00:00";4;9587;20;8;0;<FLG>
V6155020;V615502002;QmnJ;1;"2024-12-29 00:00:00";4;9505;20;8;0;<FLG>
V6155020;V615502002;QmnJ;1;"2024-12-30 00:00:00";4;9424;20;8;0;<FLG>
V6155020;V615502002;QmnJ;1;"2024-12-31 00:00:00";4;9343;20;8;0;<FLG>
